Latitude,Longitude,Group,Year,Details,Departamento,Municipio
0.906367,-77.792505,ELN,2018,ELN,NARIÑO,CUMBAL
0.906367,-77.791505,Disidencias dispersas,2018,Disidencias dispersas,NARIÑO,CUMBAL
1.671733,-78.13765,ELN,2018,ELN,NARIÑO,BARBACOAS
1.671733,-78.13665,Disidencias dispersas,2018,Disidencias dispersas,NARIÑO,BARBACOAS
1.765633,-78.182924,ELN,2018,ELN,NARIÑO,MAGÜÍ
1.765633,-78.181924,Disidencias dispersas,2018,Disidencias dispersas,NARIÑO,MAGÜÍ
1.807399,-78.764073,ELN,2018,ELN,NARIÑO,SAN ANDRÉS DE TUMACO
1.807399,-78.763073,Disidencias dispersas,2018,Disidencias dispersas,NARIÑO,SAN ANDRÉS DE TUMACO
1.807399,-78.765073,Disidencias dispersas,2018,Disidencias dispersas,NARIÑO,SAN ANDRÉS DE TUMACO
1.807399,-78.762273,Disidencias dispersas,2018,Disidencias dispersas,NARIÑO,SAN ANDRÉS DE TUMACO
2.449653,-77.979916,ELN,2018,ELN,NARIÑO,SANTA BÁRBARA
2.449653,-77.978916,Disidencias dispersas,2018,Disidencias dispersas,NARIÑO,SANTA BÁRBARA
2.451409,-76.811911,ELN,2018,ELN,CAUCA,EL TAMBO
2.451409,-76.809211,Gentil Duarte,2018,Gentil Duarte,CAUCA,EL TAMBO
2.953017,-76.270284,ELN,2018,ELN,CAUCA,TORIBÍO
2.953017,-76.269284,Gentil Duarte,2018,Gentil Duarte,CAUCA,TORIBÍO
2.959785,-76.69357,ELN,2018,ELN,CAUCA,SUÁREZ
2.959785,-76.69257,Gentil Duarte,2018,Gentil Duarte,CAUCA,SUÁREZ
3.015382,-76.641238,ELN,2018,ELN,CAUCA,BUENOS AIRES
3.015382,-76.642238,Gentil Duarte,2018,Gentil Duarte,CAUCA,BUENOS AIRES
3.034531,-76.408941,ELN,2018,ELN,CAUCA,CALOTO
3.034531,-76.407941,Gentil Duarte,2018,Gentil Duarte,CAUCA,CALOTO
3.254651,-76.228722,ELN,2018,ELN,CAUCA,MIRANDA
3.254651,-76.227722,Gentil Duarte,2018,Gentil Duarte,CAUCA,MIRANDA
3.875708,-77.01074,ELN,2018,ELN,VALLE DEL CAUCA,BUENAVENTURA
3.875708,-77.00974,Gentil Duarte,2018,Gentil Duarte,VALLE DEL CAUCA,BUENAVENTURA
4.446352,-69.795533,ELN,2018,ELN,VICHADA,CUMARIBO
4.446352,-69.794533,Gentil Duarte,2018,Gentil Duarte,VICHADA,CUMARIBO
7.02702,-71.426733,ELN,2018,ELN,ARAUCA,ARAUQUITA
7.02702,-71.425733,Gentil Duarte,2018,Gentil Duarte,ARAUCA,ARAUQUITA
7.171629,-75.764673,ELN,2018,ELN,ANTIOQUIA,ITUANGO
7.171629,-75.763673,Gentil Duarte,2018,Gentil Duarte,ANTIOQUIA,ITUANGO
7.5975,-74.799097,ELN,2018,ELN,ANTIOQUIA,EL BAGRE
7.5975,-74.798097,Gentil Duarte,2018,Gentil Duarte,ANTIOQUIA,EL BAGRE
8.40214,-73.208622,ELN,2018,ELN,NORTE DE SANTANDER,SAN CALIXTO
8.40214,-73.207622,Gentil Duarte,2018,Gentil Duarte,NORTE DE SANTANDER,SAN CALIXTO
6.97771,-76.817485,ELN,2018,ELN,ANTIOQUIA,MURINDÓ
6.909655,-75.077501,ELN,2018,ELN,ANTIOQUIA,AMALFI
6.885175,-75.335116,ELN,2018,ELN,ANTIOQUIA,ANGOSTURA
7.074703,-75.148355,ELN,2018,ELN,ANTIOQUIA,ANORÍ
7.578366,-75.35205,ELN,2018,ELN,ANTIOQUIA,CÁCERES
6.091077,-75.633673,ELN,2018,ELN,ANTIOQUIA,CALDAS
6.979771,-75.298091,ELN,2018,ELN,ANTIOQUIA,CAMPAMENTO
7.977278,-75.197996,ELN,2018,ELN,ANTIOQUIA,CAUCASIA
7.029424,-74.698135,ELN,2018,ELN,ANTIOQUIA,REMEDIOS
7.079648,-74.701596,ELN,2018,ELN,ANTIOQUIA,SEGOVIA
7.580127,-75.401407,ELN,2018,ELN,ANTIOQUIA,TARAZÁ
7.1652,-75.439274,ELN,2018,ELN,ANTIOQUIA,VALDIVIA
7.488583,-74.867075,ELN,2018,ELN,ANTIOQUIA,ZARAGOZA
7.072726,-70.747408,ELN,2018,ELN,ARAUCA,ARAUCA
8.574281,-73.09614,ELN,2018,ELN,NORTE DE SANTANDER,EL TARRA
6.796695,-71.76877,ELN,2018,ELN,ARAUCA,FORTUL
6.953926,-71.872812,ELN,2018,ELN,ARAUCA,SARAVENA
6.453324,-71.754427,ELN,2018,ELN,ARAUCA,TAME
7.378678,-73.914605,ELN,2018,ELN,BOLÍVAR,CANTAGALLO
8.297234,-74.471176,ELN,2018,ELN,BOLÍVAR,MONTECRISTO
8.276558,-73.868172,ELN,2018,ELN,BOLÍVAR,MORALES
8.526259,-74.038003,ELN,2018,ELN,BOLÍVAR,NOROSÍ
8.58795,-73.840466,ELN,2018,ELN,BOLÍVAR,RÍO VIEJO
7.476747,-73.924602,ELN,2018,ELN,BOLÍVAR,SAN PABLO
10.444396,-75.369824,ELN,2018,ELN,BOLÍVAR,SANTA ROSA
7.963938,-74.052243,ELN,2018,ELN,BOLÍVAR,SANTA ROSA DEL SUR
7.953916,-73.947264,ELN,2018,ELN,BOLÍVAR,SIMITÍ
6.997275,-72.107939,ELN,2018,ELN,BOYACÁ,CUBARÁ
5.562687,-72.57777,ELN,2018,ELN,BOYACÁ,LABRANZAGRANDE
5.293783,-72.703231,ELN,2018,ELN,BOYACÁ,PAJARITO
5.625699,-72.423775,ELN,2018,ELN,BOYACÁ,PAYA
5.72141,-72.486023,ELN,2018,ELN,BOYACÁ,PISBA
6.127762,-72.334978,ELN,2018,ELN,CASANARE,LA SALINA
5.229181,-72.760991,ELN,2018,ELN,CASANARE,RECETOR
6.096738,-72.250157,ELN,2018,ELN,CASANARE,SÁCAMA
8.574281,-73.09514,Gentil Duarte,2018,Gentil Duarte,NORTE DE SANTANDER,EL TARRA
3.173854,-76.261866,ELN,2018,ELN,CAUCA,CORINTO
8.639891,-72.734496,ELN,2018,ELN,NORTE DE SANTANDER,TIBÚ
8.639891,-72.733496,Gentil Duarte,2018,Gentil Duarte,NORTE DE SANTANDER,TIBÚ
1.913429,-76.85607,ELN,2018,ELN,CAUCA,ALMAGUER
1.837538,-76.966215,ELN,2018,ELN,CAUCA,BOLÍVAR
1.682535,-77.072547,ELN,2018,ELN,CAUCA,FLORENCIA
2.179383,-76.763278,ELN,2018,ELN,CAUCA,LA SIERRA
2.001803,-76.778771,ELN,2018,ELN,CAUCA,LA VEGA
1.789193,-77.164319,ELN,2018,ELN,CAUCA,MERCADERES
1.11754,-76.327588,ELN,2018,ELN,CAUCA,PIAMONTE
2.260941,-76.740336,ELN,2018,ELN,CAUCA,ROSAS
1.838451,-76.769467,ELN,2018,ELN,CAUCA,SAN SEBASTIÁN
3.015008,-76.485141,ELN,2018,ELN,CAUCA,SANTANDER DE QUILICHAO
2.038237,-76.926279,ELN,2018,ELN,CAUCA,SUCRE
9.563752,-73.334143,ELN,2018,ELN,CESAR,LA JAGUA DE IBIRICO
8.306811,-73.614027,ELN,2018,ELN,CESAR,AGUACHICA
9.361058,-73.599913,ELN,2018,ELN,CESAR,CHIRIGUANÁ
9.201716,-73.540843,ELN,2018,ELN,CESAR,CURUMANÍ
6.222807,-77.401359,ELN,2018,ELN,CHOCÓ,BAHÍA SOLANO
7.158294,-76.970798,ELN,2018,ELN,CHOCÓ,CARMEN DEL DARIÉN
7.103619,-77.762751,ELN,2018,ELN,CHOCÓ,JURADÓ
7.436704,-77.113156,ELN,2018,ELN,CHOCÓ,RIOSUCIO
5.516221,-76.974373,ELN,2018,ELN,CHOCÓ,ALTO BAUDÓ
5.531419,-76.635674,ELN,2018,ELN,CHOCÓ,ATRATO
5.409681,-76.416063,ELN,2018,ELN,CHOCÓ,BAGADÓ
4.954576,-77.365717,ELN,2018,ELN,CHOCÓ,BAJO BAUDÓ
5.335321,-76.726844,ELN,2018,ELN,CHOCÓ,EL CANTÓN DEL SAN PABLO
5.153946,-76.68518,ELN,2018,ELN,CHOCÓ,ISTMINA
5.49789,-76.545147,ELN,2018,ELN,CHOCÓ,LLORÓ
5.192471,-76.950891,ELN,2018,ELN,CHOCÓ,MEDIO BAUDÓ
5.098291,-76.694409,ELN,2018,ELN,CHOCÓ,MEDIO SAN JUAN
4.956063,-76.609467,ELN,2018,ELN,CHOCÓ,NÓVITA
5.1863,-76.472925,ELN,2018,ELN,CHOCÓ,RÍO IRÓ
5.483667,-76.740684,ELN,2018,ELN,CHOCÓ,RÍO QUITO
4.896954,-76.234227,ELN,2018,ELN,CHOCÓ,SAN JOSÉ DEL PALMAR
4.65262,-76.643453,ELN,2018,ELN,CHOCÓ,SIPÍ
5.264873,-76.558571,ELN,2018,ELN,CHOCÓ,TADÓ
0.959744,-77.731589,ELN,2018,ELN,NARIÑO,GUACHUCAL
1.263276,-77.514512,ELN,2018,ELN,NARIÑO,ANCUYA
2.479688,-78.110217,ELN,2018,ELN,NARIÑO,EL CHARCO
1.129574,-77.549824,ELN,2018,ELN,NARIÑO,GUAITARILLA
1.601318,-76.970504,ELN,2018,ELN,NARIÑO,LA CRUZ
1.29753,-77.402882,ELN,2018,ELN,NARIÑO,LA FLORIDA
1.472892,-77.58091,ELN,2018,ELN,NARIÑO,LA LLANADA
1.600219,-77.131316,ELN,2018,ELN,NARIÑO,LA UNIÓN
1.494587,-77.521303,ELN,2018,ELN,NARIÑO,LOS ANDES
1.141037,-77.864549,ELN,2018,ELN,NARIÑO,MALLAMA
1.237814,-77.596794,ELN,2018,ELN,NARIÑO,PROVIDENCIA
1.212492,-77.995153,ELN,2018,ELN,NARIÑO,RICAURTE
1.335438,-77.594341,ELN,2018,ELN,NARIÑO,SAMANIEGO
1.669429,-77.013984,ELN,2018,ELN,NARIÑO,SAN PABLO
1.222589,-77.677035,ELN,2018,ELN,NARIÑO,SANTACRUZ
1.085044,-77.61672,ELN,2018,ELN,NARIÑO,TÚQUERRES
8.081616,-73.221722,ELN,2018,ELN,NORTE DE SANTANDER,ÁBREGO
7.138187,-72.665468,ELN,2018,ELN,NORTE DE SANTANDER,CHITAGÁ
8.470374,-73.3372,ELN,2018,ELN,NORTE DE SANTANDER,CONVENCIÓN
8.510579,-73.446687,ELN,2018,ELN,NORTE DE SANTANDER,EL CARMEN
8.321506,-73.145997,ELN,2018,ELN,NORTE DE SANTANDER,HACARÍ
8.438134,-73.28707,ELN,2018,ELN,NORTE DE SANTANDER,TEORAMA
7.307692,-72.481915,ELN,2018,ELN,NORTE DE SANTANDER,TOLEDO
5.297039,-75.882886,ELN,2018,ELN,RISARALDA,MISTRATÓ
7.344057,-73.899909,ELN,2018,ELN,SANTANDER,PUERTO WILCHES
7.391919,-73.49906,ELN,2018,ELN,SANTANDER,SABANA DE TORRES
6.186636,-67.487095,ELN,2018,ELN,VICHADA,PUERTO CARREÑO
2.935432,-75.277327,Gentil Duarte,2018,Gentil Duarte,HUILA,NEIVA
1.976051,-75.79525,Gentil Duarte,2018,Gentil Duarte,HUILA,SUAZA
3.382732,-74.044328,Gentil Duarte,2018,Gentil Duarte,META,MESETAS
2.177143,-73.78661,Gentil Duarte,2018,Gentil Duarte,META,LA MACARENA
3.239634,-74.351508,Gentil Duarte,2018,Gentil Duarte,META,URIBE
2.624006,-72.760209,Gentil Duarte,2018,Gentil Duarte,META,PUERTO CONCORDIA
2.939621,-73.206314,Gentil Duarte,2018,Gentil Duarte,META,PUERTO RICO
3.125579,-73.750966,Gentil Duarte,2018,Gentil Duarte,META,VISTAHERMOSA
0.505627,-76.496887,Gentil Duarte,2018,Gentil Duarte,PUTUMAYO,PUERTO ASÍS
0.34346,-76.91217,Gentil Duarte,2018,Gentil Duarte,PUTUMAYO,SAN MIGUEL
0.687784,-76.606118,Gentil Duarte,2018,Gentil Duarte,PUTUMAYO,PUERTO CAICEDO
0.962854,-76.407663,Gentil Duarte,2018,Gentil Duarte,PUTUMAYO,PUERTO GUZMÁN
2.565932,-72.639254,Gentil Duarte,2018,Gentil Duarte,GUAVIARE,SAN JOSÉ DEL GUAVIARE
1.960982,-72.655197,Gentil Duarte,2018,Gentil Duarte,GUAVIARE,CALAMAR
2.330164,-72.627304,Gentil Duarte,2018,Gentil Duarte,GUAVIARE,EL RETORNO
1.337539,-71.950416,Gentil Duarte,2018,Gentil Duarte,GUAVIARE,MIRAFLORES
1.253151,-70.232641,Gentil Duarte,2018,Gentil Duarte,VAUPÉS,MITÚ
1.016116,-71.30221,Gentil Duarte,2018,Gentil Duarte,VAUPÉS,CARURÚ
-0.564984,-69.635497,Gentil Duarte,2018,Gentil Duarte,VAUPÉS,TARAIRA
7.112803,-75.55036,Gentil Duarte,2018,Gentil Duarte,ANTIOQUIA,BRICEÑO
6.998112,-76.261614,Gentil Duarte,2018,Gentil Duarte,ANTIOQUIA,DABEIBA
6.963832,-75.418828,Gentil Duarte,2018,Gentil Duarte,ANTIOQUIA,YARUMAL
1.332371,-74.847867,Gentil Duarte,2018,Gentil Duarte,CAQUETÁ,CARTAGENA DEL CHAIRÁ
1.679951,-75.283631,Gentil Duarte,2018,Gentil Duarte,CAQUETÁ,EL DONCELLO
1.479173,-75.436408,Gentil Duarte,2018,Gentil Duarte,CAQUETÁ,LA MONTAÑITA
2.119413,-74.767894,Gentil Duarte,2018,Gentil Duarte,CAQUETÁ,SAN VICENTE DEL CAGUÁN
2.754684,-76.629106,Gentil Duarte,2018,Gentil Duarte,CAUCA,MORALES
2.846788,-77.247803,Gentil Duarte,2018,Gentil Duarte,CAUCA,LÓPEZ DE MICAY
2.257427,-77.24905,Gentil Duarte,2018,Gentil Duarte,CAUCA,ARGELIA
2.571337,-77.88797,Gentil Duarte,2018,Gentil Duarte,CAUCA,GUAPI
2.798059,-76.484319,Gentil Duarte,2018,Gentil Duarte,CAUCA,CALDONO
1.647163,-77.578616,Disidencias dispersas,2018,Disidencias dispersas,NARIÑO,CUMBITARA
2.507139,-78.452992,Disidencias dispersas,2018,Disidencias dispersas,NARIÑO,MOSQUERA
1.627196,-77.458686,Disidencias dispersas,2018,Disidencias dispersas,NARIÑO,POLICARPA
1.697492,-78.245716,Disidencias dispersas,2018,Disidencias dispersas,NARIÑO,ROBERTO PAYÁN
3.258751,-76.538472,Gentil Duarte,2018,Gentil Duarte,VALLE DEL CAUCA,JAMUNDÍ
2.521674,-75.315389,Gentil Duarte,2018,Gentil Duarte,HUILA,ALGECIRAS
3.067538,-75.138773,Gentil Duarte,2018,Gentil Duarte,HUILA,TELLO
3.376745,-74.802815,Gentil Duarte,2018,Gentil Duarte,HUILA,COLOMBIA
7.882968,-76.625029,AGC ahora EGC,2019,AGC ahora EGC,ANTIOQUIA,APARTADÓ
8.849317,-76.424708,AGC ahora EGC,2019,AGC ahora EGC,ANTIOQUIA,ARBOLETES
6.753859,-76.030478,ELN,2019,ELN,ANTIOQUIA,CAÑASGORDAS
6.753859,-76.030228,AGC ahora EGC,2019,AGC ahora EGC,ANTIOQUIA,CAÑASGORDAS
6.753859,-76.026478,Disidencias de las FARC,2019,Disidencias de las FARC,ANTIOQUIA,CAÑASGORDAS
7.755148,-76.654152,AGC ahora EGC,2019,AGC ahora EGC,ANTIOQUIA,CAREPA
7.977278,-75.199996,AGC ahora EGC,2019,AGC ahora EGC,ANTIOQUIA,CAUCASIA
7.977278,-75.198246,Otras organizaciones,2019,Otras organizaciones,ANTIOQUIA,CAUCASIA
7.666147,-76.681031,AGC ahora EGC,2019,AGC ahora EGC,ANTIOQUIA,CHIGORODÓ
6.998112,-76.261114,ELN,2019,ELN,ANTIOQUIA,DABEIBA
6.998112,-76.259614,AGC ahora EGC,2019,AGC ahora EGC,ANTIOQUIA,DABEIBA
6.998112,-76.263114,Disidencias de las FARC,2019,Disidencias de las FARC,ANTIOQUIA,DABEIBA
7.5975,-74.799847,AGC ahora EGC,2019,AGC ahora EGC,ANTIOQUIA,EL BAGRE
7.5975,-74.800847,Otras organizaciones,2019,Otras organizaciones,ANTIOQUIA,EL BAGRE
6.97771,-76.816485,AGC ahora EGC,2019,AGC ahora EGC,ANTIOQUIA,MURINDÓ
7.242875,-76.438125,AGC ahora EGC,2019,AGC ahora EGC,ANTIOQUIA,MUTATÁ
8.434526,-76.789271,AGC ahora EGC,2019,AGC ahora EGC,ANTIOQUIA,NECOCLÍ
7.021029,-75.910607,ELN,2019,ELN,ANTIOQUIA,PEQUE
7.021029,-75.911357,AGC ahora EGC,2019,AGC ahora EGC,ANTIOQUIA,PEQUE
7.021029,-75.910357,Disidencias de las FARC,2019,Disidencias de las FARC,ANTIOQUIA,PEQUE
7.029424,-74.699635,ELN,2019,ELN,ANTIOQUIA,REMEDIOS
7.029424,-74.697635,AGC ahora EGC,2019,AGC ahora EGC,ANTIOQUIA,REMEDIOS
8.758964,-76.52607,AGC ahora EGC,2019,AGC ahora EGC,ANTIOQUIA,SAN JUAN DE URABÁ
8.276884,-76.382317,AGC ahora EGC,2019,AGC ahora EGC,ANTIOQUIA,SAN PEDRO DE URABÁ
7.079648,-74.700346,ELN,2019,ELN,ANTIOQUIA,SEGOVIA
7.079648,-74.700596,AGC ahora EGC,2019,AGC ahora EGC,ANTIOQUIA,SEGOVIA
8.089929,-76.728858,AGC ahora EGC,2019,AGC ahora EGC,ANTIOQUIA,TURBO
6.898393,-76.174034,ELN,2019,ELN,ANTIOQUIA,URAMITA
6.898393,-76.174134,AGC ahora EGC,2019,AGC ahora EGC,ANTIOQUIA,URAMITA
6.898393,-76.173034,Disidencias de las FARC,2019,Disidencias de las FARC,ANTIOQUIA,URAMITA
7.1652,-75.439774,ELN,2019,ELN,ANTIOQUIA,VALDIVIA
7.1652,-75.440274,AGC ahora EGC,2019,AGC ahora EGC,ANTIOQUIA,VALDIVIA
7.1652,-75.441274,Disidencias de las FARC,2019,Disidencias de las FARC,ANTIOQUIA,VALDIVIA
6.588164,-76.898004,ELN,2019,ELN,ANTIOQUIA,VIGÍA DEL FUERTE
6.588164,-76.894504,AGC ahora EGC,2019,AGC ahora EGC,ANTIOQUIA,VIGÍA DEL FUERTE
7.488583,-74.866325,ELN,2019,ELN,ANTIOQUIA,ZARAGOZA
7.488583,-74.868825,AGC ahora EGC,2019,AGC ahora EGC,ANTIOQUIA,ZARAGOZA
7.488583,-74.867825,Otras organizaciones,2019,Otras organizaciones,ANTIOQUIA,ZARAGOZA
7.072726,-70.747908,ELN,2019,ELN,ARAUCA,ARAUCA
7.072726,-70.747808,Disidencias de las FARC,2019,Disidencias de las FARC,ARAUCA,ARAUCA
7.02702,-71.429233,ELN,2019,ELN,ARAUCA,ARAUQUITA
7.02702,-71.427483,Disidencias de las FARC,2019,Disidencias de las FARC,ARAUCA,ARAUQUITA
6.453324,-71.755677,ELN,2019,ELN,ARAUCA,TAME
6.453324,-71.755777,Disidencias de las FARC,2019,Disidencias de las FARC,ARAUCA,TAME
10.977961,-74.817046,ELN,2019,ELN,ATLÁNTICO,BARRANQUILLA
10.977961,-74.813546,AGC ahora EGC,2019,AGC ahora EGC,ATLÁNTICO,BARRANQUILLA
10.977961,-74.814046,Otras organizaciones,2019,Otras organizaciones,ATLÁNTICO,BARRANQUILLA
10.919033,-74.871385,ELN,2019,ELN,ATLÁNTICO,GALAPA
10.919033,-74.871135,AGC ahora EGC,2019,AGC ahora EGC,ATLÁNTICO,GALAPA
10.857086,-74.774673,ELN,2019,ELN,ATLÁNTICO,MALAMBO
10.857086,-74.775923,AGC ahora EGC,2019,AGC ahora EGC,ATLÁNTICO,MALAMBO
11.015322,-74.887877,ELN,2019,ELN,ATLÁNTICO,PUERTO COLOMBIA
11.015322,-74.889377,AGC ahora EGC,2019,AGC ahora EGC,ATLÁNTICO,PUERTO COLOMBIA
10.909921,-74.783804,ELN,2019,ELN,ATLÁNTICO,SOLEDAD
10.909921,-74.785804,AGC ahora EGC,2019,AGC ahora EGC,ATLÁNTICO,SOLEDAD
8.570107,-74.556426,ELN,2019,ELN,BOLÍVAR,ACHÍ
8.570107,-74.555426,AGC ahora EGC,2019,AGC ahora EGC,BOLÍVAR,ACHÍ
9.718653,-75.119428,ELN,2019,ELN,BOLÍVAR,EL CARMEN DE BOLÍVAR
9.718653,-75.123428,AGC ahora EGC,2019,AGC ahora EGC,BOLÍVAR,EL CARMEN DE BOLÍVAR
9.718653,-75.123528,Disidencias de las FARC,2019,Disidencias de las FARC,BOLÍVAR,EL CARMEN DE BOLÍVAR
9.982402,-75.299016,AGC ahora EGC,2019,AGC ahora EGC,BOLÍVAR,MARÍA LA BAJA
8.297234,-74.472426,ELN,2019,ELN,BOLÍVAR,MONTECRISTO
8.297234,-74.473176,AGC ahora EGC,2019,AGC ahora EGC,BOLÍVAR,MONTECRISTO
8.25158,-74.723156,ELN,2019,ELN,BOLÍVAR,SAN JACINTO DEL CAUCA
8.25158,-74.721906,AGC ahora EGC,2019,AGC ahora EGC,BOLÍVAR,SAN JACINTO DEL CAUCA
8.558666,-74.264422,ELN,2019,ELN,BOLÍVAR,TIQUISIO
8.558666,-74.260922,AGC ahora EGC,2019,AGC ahora EGC,BOLÍVAR,TIQUISIO
5.423673,-75.702604,ELN,2019,ELN,CALDAS,RIOSUCIO
5.423673,-75.702104,AGC ahora EGC,2019,AGC ahora EGC,CALDAS,RIOSUCIO
5.423673,-75.704604,Disidencias de las FARC,2019,Disidencias de las FARC,CALDAS,RIOSUCIO
5.446843,-75.65216,ELN,2019,ELN,CALDAS,SUPÍA
5.446843,-75.64766,AGC ahora EGC,2019,AGC ahora EGC,CALDAS,SUPÍA
1.570226,-75.325093,Disidencias de las FARC,2019,Disidencias de las FARC,CAQUETÁ,EL PAUJÍL
1.618196,-75.607331,Disidencias de las FARC,2019,Disidencias de las FARC,CAQUETÁ,FLORENCIA
1.479173,-75.435158,Disidencias de las FARC,2019,Disidencias de las FARC,CAQUETÁ,LA MONTAÑITA
1.909063,-75.156854,Disidencias de las FARC,2019,Disidencias de las FARC,CAQUETÁ,PUERTO RICO
2.119413,-74.765894,Disidencias de las FARC,2019,Disidencias de las FARC,CAQUETÁ,SAN VICENTE DEL CAGUÁN
6.154099,-71.765713,ELN,2019,ELN,CASANARE,HATO COROZAL
6.154099,-71.763213,AGC ahora EGC,2019,AGC ahora EGC,CASANARE,HATO COROZAL
5.879827,-71.892848,ELN,2019,ELN,CASANARE,PAZ DE ARIPORO
5.879827,-71.889848,AGC ahora EGC,2019,AGC ahora EGC,CASANARE,PAZ DE ARIPORO
1.913429,-76.85807,ELN,2019,ELN,CAUCA,ALMAGUER
2.257427,-77.24755,ELN,2019,ELN,CAUCA,ARGELIA
2.257427,-77.24655,Disidencias de las FARC,2019,Disidencias de las FARC,CAUCA,ARGELIA
2.040998,-77.215273,AGC ahora EGC,2019,AGC ahora EGC,CAUCA,BALBOA
2.040998,-77.217773,Disidencias de las FARC,2019,Disidencias de las FARC,CAUCA,BALBOA
2.040998,-77.217023,Otras organizaciones,2019,Otras organizaciones,CAUCA,BALBOA
1.837538,-76.965715,ELN,2019,ELN,CAUCA,BOLÍVAR
1.837538,-76.966715,Disidencias de las FARC,2019,Disidencias de las FARC,CAUCA,BOLÍVAR
3.015382,-76.642888,ELN,2019,ELN,CAUCA,BUENOS AIRES
3.015382,-76.640738,EPL,2019,EPL,CAUCA,BUENOS AIRES
3.015382,-76.642988,AGC ahora EGC,2019,AGC ahora EGC,CAUCA,BUENOS AIRES
3.015382,-76.644488,Disidencias de las FARC,2019,Disidencias de las FARC,CAUCA,BUENOS AIRES
2.623371,-76.569932,ELN,2019,ELN,CAUCA,CAJIBÍO
2.623371,-76.573182,Disidencias de las FARC,2019,Disidencias de las FARC,CAUCA,CAJIBÍO
2.798059,-76.483569,ELN,2019,ELN,CAUCA,CALDONO
2.798059,-76.485569,EPL,2019,EPL,CAUCA,CALDONO
2.798059,-76.486069,Disidencias de las FARC,2019,Disidencias de las FARC,CAUCA,CALDONO
2.798059,-76.482319,Otras organizaciones,2019,Otras organizaciones,CAUCA,CALDONO
3.034531,-76.407941,ELN,2019,ELN,CAUCA,CALOTO
3.034531,-76.411191,EPL,2019,EPL,CAUCA,CALOTO
3.034531,-76.411441,AGC ahora EGC,2019,AGC ahora EGC,CAUCA,CALOTO
3.034531,-76.410191,Disidencias de las FARC,2019,Disidencias de las FARC,CAUCA,CALOTO
3.034531,-76.410941,Otras organizaciones,2019,Otras organizaciones,CAUCA,CALOTO
3.173854,-76.261866,ELN,2019,ELN,CAUCA,CORINTO
3.173854,-76.262616,EPL,2019,EPL,CAUCA,CORINTO
3.173854,-76.263866,AGC ahora EGC,2019,AGC ahora EGC,CAUCA,CORINTO
3.173854,-76.261766,Disidencias de las FARC,2019,Disidencias de las FARC,CAUCA,CORINTO
2.451409,-76.808411,ELN,2019,ELN,CAUCA,EL TAMBO
2.451409,-76.811661,Disidencias de las FARC,2019,Disidencias de las FARC,CAUCA,EL TAMBO
1.682535,-77.072547,ELN,2019,ELN,CAUCA,FLORENCIA
3.134153,-76.392439,EPL,2019,EPL,CAUCA,GUACHENÉ
2.571337,-77.88747,ELN,2019,ELN,CAUCA,GUAPI
2.571337,-77.89047,AGC ahora EGC,2019,AGC ahora EGC,CAUCA,GUAPI
2.571337,-77.88872,Disidencias de las FARC,2019,Disidencias de las FARC,CAUCA,GUAPI
2.571337,-77.89147,Otras organizaciones,2019,Otras organizaciones,CAUCA,GUAPI
2.549183,-76.065003,ELN,2019,ELN,CAUCA,INZÁ
2.549183,-76.062003,Disidencias de las FARC,2019,Disidencias de las FARC,CAUCA,INZÁ
2.777834,-76.325877,ELN,2019,ELN,CAUCA,JAMBALÓ
2.777834,-76.325627,EPL,2019,EPL,CAUCA,JAMBALÓ
2.777834,-76.323377,Disidencias de las FARC,2019,Disidencias de las FARC,CAUCA,JAMBALÓ
2.001803,-76.777021,ELN,2019,ELN,CAUCA,LA VEGA
2.846788,-77.249053,Disidencias de las FARC,2019,Disidencias de las FARC,CAUCA,LÓPEZ DE MICAY
2.846788,-77.247803,Otras organizaciones,2019,Otras organizaciones,CAUCA,LÓPEZ DE MICAY
1.789193,-77.162569,ELN,2019,ELN,CAUCA,MERCADERES
3.254651,-76.226222,ELN,2019,ELN,CAUCA,MIRANDA
3.254651,-76.228972,Disidencias de las FARC,2019,Disidencias de las FARC,CAUCA,MIRANDA
2.754684,-76.629606,ELN,2019,ELN,CAUCA,MORALES
2.754684,-76.629356,Disidencias de las FARC,2019,Disidencias de las FARC,CAUCA,MORALES
2.645724,-75.969685,Disidencias de las FARC,2019,Disidencias de las FARC,CAUCA,PÁEZ
2.115875,-76.982825,ELN,2019,ELN,CAUCA,PATÍA
2.115875,-76.979075,Disidencias de las FARC,2019,Disidencias de las FARC,CAUCA,PATÍA
1.11754,-76.327088,ELN,2019,ELN,CAUCA,PIAMONTE
1.838451,-76.771217,ELN,2019,ELN,CAUCA,SAN SEBASTIÁN
1.700916,-76.573252,ELN,2019,ELN,CAUCA,SANTA ROSA
3.015008,-76.487141,ELN,2019,ELN,CAUCA,SANTANDER DE QUILICHAO
3.015008,-76.484141,EPL,2019,EPL,CAUCA,SANTANDER DE QUILICHAO
3.015008,-76.484891,AGC ahora EGC,2019,AGC ahora EGC,CAUCA,SANTANDER DE QUILICHAO
3.015008,-76.486141,Disidencias de las FARC,2019,Disidencias de las FARC,CAUCA,SANTANDER DE QUILICHAO
2.253156,-76.615115,ELN,2019,ELN,CAUCA,SOTARÁ - PAISPAMBA
2.959785,-76.69457,ELN,2019,ELN,CAUCA,SUÁREZ
2.959785,-76.69607,EPL,2019,EPL,CAUCA,SUÁREZ
2.959785,-76.69432,AGC ahora EGC,2019,AGC ahora EGC,CAUCA,SUÁREZ
2.959785,-76.69357,Disidencias de las FARC,2019,Disidencias de las FARC,CAUCA,SUÁREZ
2.038237,-76.928279,ELN,2019,ELN,CAUCA,SUCRE
2.038237,-76.925029,Disidencias de las FARC,2019,Disidencias de las FARC,CAUCA,SUCRE
2.349686,-76.682476,AGC ahora EGC,2019,AGC ahora EGC,CAUCA,TIMBÍO
2.777312,-77.669541,ELN,2019,ELN,CAUCA,TIMBIQUÍ
2.777312,-77.667041,AGC ahora EGC,2019,AGC ahora EGC,CAUCA,TIMBIQUÍ
2.777312,-77.665291,Disidencias de las FARC,2019,Disidencias de las FARC,CAUCA,TIMBIQUÍ
2.777312,-77.669791,Otras organizaciones,2019,Otras organizaciones,CAUCA,TIMBIQUÍ
2.953017,-76.271534,ELN,2019,ELN,CAUCA,TORIBÍO
2.953017,-76.269034,EPL,2019,EPL,CAUCA,TORIBÍO
2.953017,-76.272784,AGC ahora EGC,2019,AGC ahora EGC,CAUCA,TORIBÍO
2.953017,-76.271784,Disidencias de las FARC,2019,Disidencias de las FARC,CAUCA,TORIBÍO
2.953017,-76.270784,Otras organizaciones,2019,Otras organizaciones,CAUCA,TORIBÍO
2.510252,-76.405878,Disidencias de las FARC,2019,Disidencias de las FARC,CAUCA,TOTORÓ
3.17762,-76.460275,ELN,2019,ELN,CAUCA,VILLA RICA
7.436704,-77.113156,ELN,2019,ELN,CHOCÓ,RIOSUCIO
7.436704,-77.112906,AGC ahora EGC,2019,AGC ahora EGC,CHOCÓ,RIOSUCIO
6.222807,-77.402859,AGC ahora EGC,2019,AGC ahora EGC,CHOCÓ,BAHÍA SOLANO
4.954576,-77.367467,ELN,2019,ELN,CHOCÓ,BAJO BAUDÓ
4.954576,-77.367717,AGC ahora EGC,2019,AGC ahora EGC,CHOCÓ,BAJO BAUDÓ
6.559708,-76.888773,AGC ahora EGC,2019,AGC ahora EGC,CHOCÓ,BOJAYÁ
7.158294,-76.971548,ELN,2019,ELN,CHOCÓ,CARMEN DEL DARIÉN
7.158294,-76.971448,AGC ahora EGC,2019,AGC ahora EGC,CHOCÓ,CARMEN DEL DARIÉN
5.091003,-76.649433,AGC ahora EGC,2019,AGC ahora EGC,CHOCÓ,CONDOTO
4.259564,-77.361202,ELN,2019,ELN,CHOCÓ,EL LITORAL DEL SAN JUAN
5.153946,-76.68668,ELN,2019,ELN,CHOCÓ,ISTMINA
5.153946,-76.68678,AGC ahora EGC,2019,AGC ahora EGC,CHOCÓ,ISTMINA
7.103619,-77.764751,ELN,2019,ELN,CHOCÓ,JURADÓ
7.103619,-77.760501,AGC ahora EGC,2019,AGC ahora EGC,CHOCÓ,JURADÓ
5.49789,-76.546147,AGC ahora EGC,2019,AGC ahora EGC,CHOCÓ,LLORÓ
5.994935,-76.784792,ELN,2019,ELN,CHOCÓ,MEDIO ATRATO
5.994935,-76.783042,AGC ahora EGC,2019,AGC ahora EGC,CHOCÓ,MEDIO ATRATO
5.192471,-76.953141,AGC ahora EGC,2019,AGC ahora EGC,CHOCÓ,MEDIO BAUDÓ
5.098291,-76.695659,ELN,2019,ELN,CHOCÓ,MEDIO SAN JUAN
5.098291,-76.696409,AGC ahora EGC,2019,AGC ahora EGC,CHOCÓ,MEDIO SAN JUAN
4.956063,-76.607967,ELN,2019,ELN,CHOCÓ,NÓVITA
5.709812,-77.267007,AGC ahora EGC,2019,AGC ahora EGC,CHOCÓ,NUQUÍ
5.682166,-76.640644,AGC ahora EGC,2019,AGC ahora EGC,CHOCÓ,QUIBDÓ
5.1863,-76.473175,ELN,2019,ELN,CHOCÓ,RÍO IRÓ
5.483667,-76.739184,AGC ahora EGC,2019,AGC ahora EGC,CHOCÓ,RÍO QUITO
4.896954,-76.235727,ELN,2019,ELN,CHOCÓ,SAN JOSÉ DEL PALMAR
4.896954,-76.233977,AGC ahora EGC,2019,AGC ahora EGC,CHOCÓ,SAN JOSÉ DEL PALMAR
4.896954,-76.231727,Disidencias de las FARC,2019,Disidencias de las FARC,CHOCÓ,SAN JOSÉ DEL PALMAR
4.65262,-76.641453,ELN,2019,ELN,CHOCÓ,SIPÍ
5.264873,-76.559071,ELN,2019,ELN,CHOCÓ,TADÓ
5.264873,-76.560071,AGC ahora EGC,2019,AGC ahora EGC,CHOCÓ,TADÓ
8.313838,-75.143548,ELN,2019,ELN,CÓRDOBA,AYAPEL
8.313838,-75.147548,AGC ahora EGC,2019,AGC ahora EGC,CÓRDOBA,AYAPEL
8.313838,-75.148548,Otras organizaciones,2019,Otras organizaciones,CÓRDOBA,AYAPEL
8.221187,-75.481397,ELN,2019,ELN,CÓRDOBA,BUENAVISTA
8.221187,-75.478897,AGC ahora EGC,2019,AGC ahora EGC,CÓRDOBA,BUENAVISTA
8.221187,-75.479647,Otras organizaciones,2019,Otras organizaciones,CÓRDOBA,BUENAVISTA
8.050125,-75.336781,ELN,2019,ELN,CÓRDOBA,LA APARTADA
8.050125,-75.334281,AGC ahora EGC,2019,AGC ahora EGC,CÓRDOBA,LA APARTADA
8.050125,-75.336281,Otras organizaciones,2019,Otras organizaciones,CÓRDOBA,LA APARTADA
9.245223,-76.1301,AGC ahora EGC,2019,AGC ahora EGC,CÓRDOBA,MOÑITOS
7.973777,-75.417318,ELN,2019,ELN,CÓRDOBA,MONTELÍBANO
7.973777,-75.418068,AGC ahora EGC,2019,AGC ahora EGC,CÓRDOBA,MONTELÍBANO
7.973777,-75.416318,Disidencias de las FARC,2019,Disidencias de las FARC,CÓRDOBA,MONTELÍBANO
8.759789,-75.873596,AGC ahora EGC,2019,AGC ahora EGC,CÓRDOBA,MONTERÍA
8.4082,-75.582491,ELN,2019,ELN,CÓRDOBA,PLANETA RICA
8.4082,-75.585241,AGC ahora EGC,2019,AGC ahora EGC,CÓRDOBA,PLANETA RICA
8.4082,-75.584741,Otras organizaciones,2019,Otras organizaciones,CÓRDOBA,PLANETA RICA
7.888859,-75.671261,AGC ahora EGC,2019,AGC ahora EGC,CÓRDOBA,PUERTO LIBERTADOR
7.888859,-75.669261,Otras organizaciones,2019,Otras organizaciones,CÓRDOBA,PUERTO LIBERTADOR
7.787303,-75.533476,ELN,2019,ELN,CÓRDOBA,SAN JOSÉ DE URÉ
7.787303,-75.535226,AGC ahora EGC,2019,AGC ahora EGC,CÓRDOBA,SAN JOSÉ DE URÉ
7.787303,-75.535726,Disidencias de las FARC,2019,Disidencias de las FARC,CÓRDOBA,SAN JOSÉ DE URÉ
7.787303,-75.533976,Otras organizaciones,2019,Otras organizaciones,CÓRDOBA,SAN JOSÉ DE URÉ
8.170612,-76.061797,AGC ahora EGC,2019,AGC ahora EGC,CÓRDOBA,TIERRALTA
4.948916,-74.592705,ELN,2019,ELN,CUNDINAMARCA,CHAGUANÍ
4.948916,-74.593205,AGC ahora EGC,2019,AGC ahora EGC,CUNDINAMARCA,CHAGUANÍ
4.948916,-74.591205,Disidencias de las FARC,2019,Disidencias de las FARC,CUNDINAMARCA,CHAGUANÍ
4.948916,-74.593955,Otras organizaciones,2019,Otras organizaciones,CUNDINAMARCA,CHAGUANÍ
5.072076,-74.601402,ELN,2019,ELN,CUNDINAMARCA,GUADUAS
5.072076,-74.601152,AGC ahora EGC,2019,AGC ahora EGC,CUNDINAMARCA,GUADUAS
5.072076,-74.602402,Disidencias de las FARC,2019,Disidencias de las FARC,CUNDINAMARCA,GUADUAS
5.072076,-74.604152,Otras organizaciones,2019,Otras organizaciones,CUNDINAMARCA,GUADUAS
3.494178,-69.812816,Disidencias de las FARC,2019,Disidencias de las FARC,GUAINÍA,BARRANCOMINAS
2.265132,-69.917404,Disidencias de las FARC,2019,Disidencias de las FARC,GUAINÍA,MORICHAL
1.865668,-69.00815,Disidencias de las FARC,2019,Disidencias de las FARC,GUAINÍA,PANA PANA
2.565932,-72.640754,AGC ahora EGC,2019,AGC ahora EGC,GUAVIARE,SAN JOSÉ DEL GUAVIARE
2.565932,-72.637754,Disidencias de las FARC,2019,Disidencias de las FARC,GUAVIARE,SAN JOSÉ DEL GUAVIARE
2.565932,-72.637004,Otras organizaciones,2019,Otras organizaciones,GUAVIARE,SAN JOSÉ DEL GUAVIARE
1.960982,-72.657697,AGC ahora EGC,2019,AGC ahora EGC,GUAVIARE,CALAMAR
1.960982,-72.653697,Disidencias de las FARC,2019,Disidencias de las FARC,GUAVIARE,CALAMAR
1.960982,-72.655697,Otras organizaciones,2019,Otras organizaciones,GUAVIARE,CALAMAR
1.337539,-71.952916,Disidencias de las FARC,2019,Disidencias de las FARC,GUAVIARE,MIRAFLORES
2.330164,-72.625804,AGC ahora EGC,2019,AGC ahora EGC,GUAVIARE,EL RETORNO
2.330164,-72.629304,Disidencias de las FARC,2019,Disidencias de las FARC,GUAVIARE,EL RETORNO
2.330164,-72.627054,Otras organizaciones,2019,Otras organizaciones,GUAVIARE,EL RETORNO
2.686767,-75.326748,Disidencias de las FARC,2019,Disidencias de las FARC,HUILA,CAMPOALEGRE
2.740968,-75.567034,Disidencias de las FARC,2019,Disidencias de las FARC,HUILA,TERUEL
1.805173,-75.890956,Disidencias de las FARC,2019,Disidencias de las FARC,HUILA,ACEVEDO
2.521674,-75.317889,Disidencias de las FARC,2019,Disidencias de las FARC,HUILA,ALGECIRAS
3.152204,-75.055343,Disidencias de las FARC,2019,Disidencias de las FARC,HUILA,BARAYA
3.152204,-75.056343,Otras organizaciones,2019,Otras organizaciones,HUILA,BARAYA
2.196493,-75.627807,Disidencias de las FARC,2019,Disidencias de las FARC,HUILA,GARZÓN
2.384031,-75.548681,Disidencias de las FARC,2019,Disidencias de las FARC,HUILA,GIGANTE
2.389263,-75.889754,Disidencias de las FARC,2019,Disidencias de las FARC,HUILA,LA PLATA
2.935432,-75.279827,ELN,2019,ELN,HUILA,NEIVA
2.935432,-75.274827,Disidencias de las FARC,2019,Disidencias de las FARC,HUILA,NEIVA
2.935432,-75.279577,Otras organizaciones,2019,Otras organizaciones,HUILA,NEIVA
1.852631,-76.048691,Disidencias de las FARC,2019,Disidencias de las FARC,HUILA,PITALITO
2.939603,-75.588473,Disidencias de las FARC,2019,Disidencias de las FARC,HUILA,SANTA MARÍA
3.067538,-75.139523,AGC ahora EGC,2019,AGC ahora EGC,HUILA,TELLO
3.067538,-75.141273,Disidencias de las FARC,2019,Disidencias de las FARC,HUILA,TELLO
3.067538,-75.139423,Otras organizaciones,2019,Otras organizaciones,HUILA,TELLO
11.27155,-73.306098,Otras organizaciones,2019,Otras organizaciones,LA GUAJIRA,DIBULLA
10.886734,-72.848319,Disidencias de las FARC,2019,Disidencias de las FARC,LA GUAJIRA,FONSECA
11.378535,-72.242988,Disidencias de las FARC,2019,Disidencias de las FARC,LA GUAJIRA,MAICAO
11.528588,-72.910795,Disidencias de las FARC,2019,Disidencias de las FARC,LA GUAJIRA,RIOHACHA
11.006654,-74.240286,ELN,2019,ELN,MAGDALENA,CIÉNAGA
11.006654,-74.243036,AGC ahora EGC,2019,AGC ahora EGC,MAGDALENA,CIÉNAGA
11.006654,-74.241786,Otras organizaciones,2019,Otras organizaciones,MAGDALENA,CIÉNAGA
11.204679,-74.201079,ELN,2019,ELN,MAGDALENA,SANTA MARTA
11.204679,-74.199829,AGC ahora EGC,2019,AGC ahora EGC,MAGDALENA,SANTA MARTA
11.204679,-74.200829,Otras organizaciones,2019,Otras organizaciones,MAGDALENA,SANTA MARTA
3.990413,-73.767784,AGC ahora EGC,2019,AGC ahora EGC,META,ACACÍAS
3.990413,-73.767534,Disidencias de las FARC,2019,Disidencias de las FARC,META,ACACÍAS
3.990413,-73.764284,Otras organizaciones,2019,Otras organizaciones,META,ACACÍAS
3.547147,-73.704815,AGC ahora EGC,2019,AGC ahora EGC,META,GRANADA
3.547147,-73.705065,Disidencias de las FARC,2019,Disidencias de las FARC,META,GRANADA
3.547147,-73.707065,Otras organizaciones,2019,Otras organizaciones,META,GRANADA
2.177143,-73.78836,AGC ahora EGC,2019,AGC ahora EGC,META,LA MACARENA
2.177143,-73.78786,Otras organizaciones,2019,Otras organizaciones,META,LA MACARENA
2.896617,-72.136009,Disidencias de las FARC,2019,Disidencias de las FARC,META,MAPIRIPÁN
2.896617,-72.134759,Otras organizaciones,2019,Otras organizaciones,META,MAPIRIPÁN
3.382732,-74.042328,AGC ahora EGC,2019,AGC ahora EGC,META,MESETAS
3.382732,-74.042428,Disidencias de las FARC,2019,Disidencias de las FARC,META,MESETAS
2.624006,-72.760459,AGC ahora EGC,2019,AGC ahora EGC,META,PUERTO CONCORDIA
2.624006,-72.759459,Disidencias de las FARC,2019,Disidencias de las FARC,META,PUERTO CONCORDIA
2.624006,-72.760209,Otras organizaciones,2019,Otras organizaciones,META,PUERTO CONCORDIA
3.272117,-73.37285,AGC ahora EGC,2019,AGC ahora EGC,META,PUERTO LLERAS
3.272117,-73.3746,Disidencias de las FARC,2019,Disidencias de las FARC,META,PUERTO LLERAS
3.272117,-73.37435,Otras organizaciones,2019,Otras organizaciones,META,PUERTO LLERAS
2.939621,-73.205564,AGC ahora EGC,2019,AGC ahora EGC,META,PUERTO RICO
2.939621,-73.205314,Disidencias de las FARC,2019,Disidencias de las FARC,META,PUERTO RICO
2.939621,-73.206814,Otras organizaciones,2019,Otras organizaciones,META,PUERTO RICO
3.701899,-73.697812,AGC ahora EGC,2019,AGC ahora EGC,META,SAN MARTÍN
3.701899,-73.698062,Disidencias de las FARC,2019,Disidencias de las FARC,META,SAN MARTÍN
3.701899,-73.696812,Otras organizaciones,2019,Otras organizaciones,META,SAN MARTÍN
3.239634,-74.350758,AGC ahora EGC,2019,AGC ahora EGC,META,URIBE
3.239634,-74.350508,Disidencias de las FARC,2019,Disidencias de las FARC,META,URIBE
3.239634,-74.352508,Otras organizaciones,2019,Otras organizaciones,META,URIBE
3.125579,-73.751466,AGC ahora EGC,2019,AGC ahora EGC,META,VISTAHERMOSA
3.125579,-73.752716,Disidencias de las FARC,2019,Disidencias de las FARC,META,VISTAHERMOSA
3.125579,-73.750966,Otras organizaciones,2019,Otras organizaciones,META,VISTAHERMOSA
1.671733,-78.1394,ELN,2019,ELN,NARIÑO,BARBACOAS
1.671733,-78.13915,Disidencias de las FARC,2019,Disidencias de las FARC,NARIÑO,BARBACOAS
2.479688,-78.111717,ELN,2019,ELN,NARIÑO,EL CHARCO
2.479688,-78.108217,AGC ahora EGC,2019,AGC ahora EGC,NARIÑO,EL CHARCO
2.479688,-78.110717,Disidencias de las FARC,2019,Disidencias de las FARC,NARIÑO,EL CHARCO
2.479688,-78.111467,Otras organizaciones,2019,Otras organizaciones,NARIÑO,EL CHARCO
1.647163,-77.577616,ELN,2019,ELN,NARIÑO,CUMBITARA
1.647163,-77.580866,AGC ahora EGC,2019,AGC ahora EGC,NARIÑO,CUMBITARA
1.647163,-77.576616,Disidencias de las FARC,2019,Disidencias de las FARC,NARIÑO,CUMBITARA
1.745309,-77.33317,AGC ahora EGC,2019,AGC ahora EGC,NARIÑO,EL ROSARIO
1.745309,-77.33567,Disidencias de las FARC,2019,Disidencias de las FARC,NARIÑO,EL ROSARIO
2.449653,-77.980666,ELN,2019,ELN,NARIÑO,SANTA BÁRBARA
2.449653,-77.979916,AGC ahora EGC,2019,AGC ahora EGC,NARIÑO,SANTA BÁRBARA
2.449653,-77.979816,Disidencias de las FARC,2019,Disidencias de las FARC,NARIÑO,SANTA BÁRBARA
2.449653,-77.978416,Otras organizaciones,2019,Otras organizaciones,NARIÑO,SANTA BÁRBARA
2.398999,-78.191975,ELN,2019,ELN,NARIÑO,LA TOLA
2.398999,-78.188725,AGC ahora EGC,2019,AGC ahora EGC,NARIÑO,LA TOLA
2.398999,-78.187975,Disidencias de las FARC,2019,Disidencias de las FARC,NARIÑO,LA TOLA
2.398999,-78.187725,Otras organizaciones,2019,Otras organizaciones,NARIÑO,LA TOLA
1.934453,-77.305885,AGC ahora EGC,2019,AGC ahora EGC,NARIÑO,LEIVA
1.934453,-77.307385,Disidencias de las FARC,2019,Disidencias de las FARC,NARIÑO,LEIVA
1.765633,-78.183174,ELN,2019,ELN,NARIÑO,MAGÜÍ
1.765633,-78.185424,Disidencias de las FARC,2019,Disidencias de las FARC,NARIÑO,MAGÜÍ
2.507139,-78.453742,ELN,2019,ELN,NARIÑO,MOSQUERA
2.507139,-78.454992,AGC ahora EGC,2019,AGC ahora EGC,NARIÑO,MOSQUERA
2.507139,-78.455242,Disidencias de las FARC,2019,Disidencias de las FARC,NARIÑO,MOSQUERA
2.507139,-78.452742,Otras organizaciones,2019,Otras organizaciones,NARIÑO,MOSQUERA
2.347457,-78.324814,ELN,2019,ELN,NARIÑO,OLAYA HERRERA
2.347457,-78.323564,EPL,2019,EPL,NARIÑO,OLAYA HERRERA
2.347457,-78.324714,AGC ahora EGC,2019,AGC ahora EGC,NARIÑO,OLAYA HERRERA
2.347457,-78.326564,Disidencias de las FARC,2019,Disidencias de las FARC,NARIÑO,OLAYA HERRERA
2.347457,-78.326064,Otras organizaciones,2019,Otras organizaciones,NARIÑO,OLAYA HERRERA
1.627196,-77.459186,ELN,2019,ELN,NARIÑO,POLICARPA
1.627196,-77.457936,AGC ahora EGC,2019,AGC ahora EGC,NARIÑO,POLICARPA
1.627196,-77.457436,Disidencias de las FARC,2019,Disidencias de las FARC,NARIÑO,POLICARPA
1.212492,-77.994403,ELN,2019,ELN,NARIÑO,RICAURTE
1.212492,-77.997403,Disidencias de las FARC,2019,Disidencias de las FARC,NARIÑO,RICAURTE
1.697492,-78.244966,ELN,2019,ELN,NARIÑO,ROBERTO PAYÁN
1.697492,-78.247216,Disidencias de las FARC,2019,Disidencias de las FARC,NARIÑO,ROBERTO PAYÁN
1.697492,-78.246966,Otras organizaciones,2019,Otras organizaciones,NARIÑO,ROBERTO PAYÁN
1.335438,-77.592591,ELN,2019,ELN,NARIÑO,SAMANIEGO
1.807399,-78.763823,ELN,2019,ELN,NARIÑO,SAN ANDRÉS DE TUMACO
1.807399,-78.765323,AGC ahora EGC,2019,AGC ahora EGC,NARIÑO,SAN ANDRÉS DE TUMACO
1.807399,-78.763573,Disidencias de las FARC,2019,Disidencias de las FARC,NARIÑO,SAN ANDRÉS DE TUMACO
1.807399,-78.766573,Otras organizaciones,2019,Otras organizaciones,NARIÑO,SAN ANDRÉS DE TUMACO
1.085044,-77.61847,ELN,2019,ELN,NARIÑO,TÚQUERRES
8.470374,-73.3362,ELN,2019,ELN,NORTE DE SANTANDER,CONVENCIÓN
8.470374,-73.3392,EPL,2019,EPL,NORTE DE SANTANDER,CONVENCIÓN
8.40214,-73.210622,ELN,2019,ELN,NORTE DE SANTANDER,SAN CALIXTO
8.40214,-73.206872,EPL,2019,EPL,NORTE DE SANTANDER,SAN CALIXTO
7.905725,-72.508678,ELN,2019,ELN,NORTE DE SANTANDER,CATATUMBO
7.905725,-72.510178,EPL,2019,EPL,NORTE DE SANTANDER,CATATUMBO
7.905725,-72.505678,Disidencias de las FARC,2019,Disidencias de las FARC,NORTE DE SANTANDER,CATATUMBO
7.905725,-72.509928,ELN,2019,ELN,NORTE DE SANTANDER,SAN JOSÉ DE CÚCUTA
7.905725,-72.510678,EPL,2019,EPL,NORTE DE SANTANDER,SAN JOSÉ DE CÚCUTA
8.510579,-73.449187,ELN,2019,ELN,NORTE DE SANTANDER,EL CARMEN
8.510579,-73.444437,EPL,2019,EPL,NORTE DE SANTANDER,EL CARMEN
8.574281,-73.09539,ELN,2019,ELN,NORTE DE SANTANDER,EL TARRA
8.574281,-73.09549,EPL,2019,EPL,NORTE DE SANTANDER,EL TARRA
8.574281,-73.09629,Disidencias de las FARC,2019,Disidencias de las FARC,NORTE DE SANTANDER,EL TARRA
8.321506,-73.145997,ELN,2019,ELN,NORTE DE SANTANDER,HACARÍ
8.321506,-73.147997,EPL,2019,EPL,NORTE DE SANTANDER,HACARÍ
8.082105,-72.802077,ELN,2019,ELN,NORTE DE SANTANDER,SARDINATA
8.082105,-72.800077,EPL,2019,EPL,NORTE DE SANTANDER,SARDINATA
8.438134,-73.28832,ELN,2019,ELN,NORTE DE SANTANDER,TEORAMA
8.438134,-73.28882,EPL,2019,EPL,NORTE DE SANTANDER,TEORAMA
8.639891,-72.735996,ELN,2019,ELN,NORTE DE SANTANDER,TIBÚ
8.639891,-72.732996,EPL,2019,EPL,NORTE DE SANTANDER,TIBÚ
1.151172,-76.655988,Disidencias de las FARC,2019,Disidencias de las FARC,PUTUMAYO,MOCOA
0.663593,-76.871776,Disidencias de las FARC,2019,Disidencias de las FARC,PUTUMAYO,ORITO
0.505627,-76.498137,Disidencias de las FARC,2019,Disidencias de las FARC,PUTUMAYO,PUERTO ASÍS
0.687784,-76.605118,Disidencias de las FARC,2019,Disidencias de las FARC,PUTUMAYO,PUERTO CAICEDO
0.962854,-76.409663,Disidencias de las FARC,2019,Disidencias de las FARC,PUTUMAYO,PUERTO GUZMÁN
-0.192318,-74.783342,Disidencias de las FARC,2019,Disidencias de las FARC,PUTUMAYO,PUERTO LEGUÍZAMO
0.34346,-76.91467,AGC ahora EGC,2019,AGC ahora EGC,PUTUMAYO,SAN MIGUEL
0.34346,-76.91042,Disidencias de las FARC,2019,Disidencias de las FARC,PUTUMAYO,SAN MIGUEL
0.423506,-76.906001,AGC ahora EGC,2019,AGC ahora EGC,PUTUMAYO,VALLE DEL GUAMUEZ
0.423506,-76.908251,Disidencias de las FARC,2019,Disidencias de las FARC,PUTUMAYO,VALLE DEL GUAMUEZ
1.028821,-76.61871,Disidencias de las FARC,2019,Disidencias de las FARC,PUTUMAYO,VILLAGARZÓN
7.064857,-73.848993,AGC ahora EGC,2019,AGC ahora EGC,SANTANDER,BARRANCABERMEJA
9.736955,-75.522398,AGC ahora EGC,2019,AGC ahora EGC,SUCRE,SAN ONOFRE
4.337846,-76.181583,ELN,2019,ELN,VALLE DEL CAUCA,BOLÍVAR
4.337846,-76.181333,Otras organizaciones,2019,Otras organizaciones,VALLE DEL CAUCA,BOLÍVAR
3.875708,-77.01324,ELN,2019,ELN,VALLE DEL CAUCA,BUENAVENTURA
3.875708,-77.01049,AGC ahora EGC,2019,AGC ahora EGC,VALLE DEL CAUCA,BUENAVENTURA
3.875708,-77.00899,Disidencias de las FARC,2019,Disidencias de las FARC,VALLE DEL CAUCA,BUENAVENTURA
3.875708,-77.00849,Otras organizaciones,2019,Otras organizaciones,VALLE DEL CAUCA,BUENAVENTURA
3.413686,-76.51933,ELN,2019,ELN,VALLE DEL CAUCA,SANTIAGO DE CALI
3.413686,-76.51958,Otras organizaciones,2019,Otras organizaciones,VALLE DEL CAUCA,SANTIAGO DE CALI
3.324118,-76.233449,Disidencias de las FARC,2019,Disidencias de las FARC,VALLE DEL CAUCA,FLORIDA
3.258751,-76.538472,ELN,2019,ELN,VALLE DEL CAUCA,JAMUNDÍ
3.258751,-76.539972,EPL,2019,EPL,VALLE DEL CAUCA,JAMUNDÍ
3.258751,-76.535972,AGC ahora EGC,2019,AGC ahora EGC,VALLE DEL CAUCA,JAMUNDÍ
3.258751,-76.540222,Disidencias de las FARC,2019,Disidencias de las FARC,VALLE DEL CAUCA,JAMUNDÍ
3.258751,-76.536722,Otras organizaciones,2019,Otras organizaciones,VALLE DEL CAUCA,JAMUNDÍ
3.531544,-76.296846,Otras organizaciones,2019,Otras organizaciones,VALLE DEL CAUCA,PALMIRA
3.419793,-76.240049,Disidencias de las FARC,2019,Disidencias de las FARC,VALLE DEL CAUCA,PRADERA
4.085399,-76.200231,Disidencias de las FARC,2019,Disidencias de las FARC,VALLE DEL CAUCA,TULUÁ
4.085399,-76.198481,Otras organizaciones,2019,Otras organizaciones,VALLE DEL CAUCA,TULUÁ
1.016116,-71.30121,Disidencias de las FARC,2019,Disidencias de las FARC,VAUPÉS,CARURÚ
1.253151,-70.232641,Disidencias de las FARC,2019,Disidencias de las FARC,VAUPÉS,MITÚ
-0.564984,-69.635997,Disidencias de las FARC,2019,Disidencias de las FARC,VAUPÉS,TARAIRA
4.446352,-69.797533,Disidencias de las FARC,2019,Disidencias de las FARC,VICHADA,CUMARIBO
6.186636,-67.487845,Disidencias de las FARC,2019,Disidencias de las FARC,VICHADA,PUERTO CARREÑO
5.136393,-70.859499,Disidencias de las FARC,2019,Disidencias de las FARC,VICHADA,SANTA ROSALÍA
0.05947197,-75.06479327,SM,2022,SM,PUTUMAYO,PUERTO LEGUÍZAMO
0.05947197,-75.06379327,Gentil Duarte,2022,Gentil Duarte,PUTUMAYO,PUERTO LEGUÍZAMO
 7.3725,-76.7147,EGC,2022,EGC,CHOCÓ,NUEVO BELÉN DE BAJIRÁ
0.272449048,-76.84510459,SM,2022,SM,PUTUMAYO,SAN MIGUEL
0.272449048,-76.84410459,Gentil Duarte,2022,Gentil Duarte,PUTUMAYO,SAN MIGUEL
0.433884539,-76.52158203,SM,2022,SM,PUTUMAYO,PUERTO ASÍS
0.433884539,-76.52058203,Gentil Duarte,2022,Gentil Duarte,PUTUMAYO,PUERTO ASÍS
1.054128816,-76.4443271,Gentil Duarte,2022,Gentil Duarte,CAUCA,PIAMONTE
1.054128816,-76.4433271,SM,2022,SM,CAUCA,PIAMONTE
1.147671848,-78.05811118,SM,2022,SM,NARIÑO,RICAURTE
1.147671848,-78.05711118,ELN,2022,ELN,NARIÑO,RICAURTE
1.245254077,-77.53115777,ELN,2022,ELN,NARIÑO,ANCUYA
1.245254077,-77.53015777,EGC,2022,EGC,NARIÑO,ANCUYA
1.308465061,-74.19746971,SM,2022,SM,CAQUETÁ,SAN VICENTE DEL CAGUÁN
1.308465061,-74.19646971,Gentil Duarte,2022,Gentil Duarte,CAQUETÁ,SAN VICENTE DEL CAGUÁN
1.44563774,-78.15621072,Gentil Duarte,2022,Gentil Duarte,NARIÑO,BARBACOAS
1.44563774,-78.15521072,SM,2022,SM,NARIÑO,BARBACOAS
6.918427233,-75.6657758,SM,2022,SM,ANTIOQUIA,SAN ANDRÉS DE CUERQUÍA
6.823258913,-75.67770826,SM,2022,SM,ANTIOQUIA,SAN JOSÉ DE LA MONTAÑA
1.44563774,-78.15621072,ELN,2022,ELN,NARIÑO,BARBACOAS
1.44563774,-78.15521072,EGC,2022,EGC,NARIÑO,BARBACOAS
1.574550638,-78.61540963,SM,2022,SM,NARIÑO,SAN ANDRÉS DE TUMACO
1.574550638,-78.61440963,EGC,2022,EGC,NARIÑO,SAN ANDRÉS DE TUMACO
1.713734697,-75.26878109,SM,2022,SM,CAQUETÁ,EL DONCELLO
1.713734697,-75.26778109,Gentil Duarte,2022,Gentil Duarte,CAQUETÁ,EL DONCELLO
1.72559011,-77.59281637,Gentil Duarte,2022,Gentil Duarte,NARIÑO,CUMBITARA
1.72559011,-77.59181637,EGC,2022,EGC,NARIÑO,CUMBITARA
1.735354202,-77.48134359,Gentil Duarte,2022,Gentil Duarte,NARIÑO,POLICARPA
1.735354202,-77.48034359,EGC,2022,EGC,NARIÑO,POLICARPA
1.793825164,-77.18060381,Gentil Duarte,2022,Gentil Duarte,CAUCA,MERCADERES
1.793825164,-77.17960381,ELN,2022,ELN,CAUCA,MERCADERES
1.887689437,-77.48319589,Gentil Duarte,2022,Gentil Duarte,NARIÑO,EL ROSARIO
1.887689437,-77.48219589,EGC,2022,EGC,NARIÑO,EL ROSARIO
0.647693081,-74.27235499,Gentil Duarte,2022,Gentil Duarte,CAQUETÁ,CARTAGENA DEL CHAIRÁ
1.476630016,-75.20231825,Gentil Duarte,2022,Gentil Duarte,CAQUETÁ,EL PAUJÍL
1.302860442,-75.23572732,Gentil Duarte,2022,Gentil Duarte,CAQUETÁ,LA MONTAÑITA
1.897581156,-78.3811163,Gentil Duarte,2022,Gentil Duarte,NARIÑO,ROBERTO PAYÁN
1.897581156,-78.3801163,SM,2022,SM,NARIÑO,ROBERTO PAYÁN
1.897581156,-78.3821163,ELN,2022,ELN,NARIÑO,ROBERTO PAYÁN
5.663194953,-71.92580806,Gentil Duarte,2022,Gentil Duarte,CASANARE,PORE
1.897581156,-78.3794163,EGC,2022,EGC,NARIÑO,ROBERTO PAYÁN
1.900862361,-77.31220073,Gentil Duarte,2022,Gentil Duarte,NARIÑO,LEIVA
1.900862361,-77.31120073,EGC,2022,EGC,NARIÑO,LEIVA
1.906858429,-78.04473644,Gentil Duarte,2022,Gentil Duarte,NARIÑO,MAGÜÍ
1.906858429,-78.04373644,SM,2022,SM,NARIÑO,MAGÜÍ
1.906858429,-78.04573644,EGC,2022,EGC,NARIÑO,MAGÜÍ
2.018940891,-75.07308627,SM,2022,SM,CAQUETÁ,PUERTO RICO
2.018940891,-75.07208627,Gentil Duarte,2022,Gentil Duarte,CAQUETÁ,PUERTO RICO
2.057735184,-76.90993965,Gentil Duarte,2022,Gentil Duarte,CAUCA,SUCRE
2.057735184,-76.90893965,ELN,2022,ELN,CAUCA,SUCRE
2.084732945,-77.2088133,Gentil Duarte,2022,Gentil Duarte,CAUCA,BALBOA
2.084732945,-77.2078133,EGC,2022,EGC,CAUCA,BALBOA
2.088531925,-78.59193099,SM,2022,SM,NARIÑO,FRANCISCO PIZARRO
2.088531925,-78.59093099,EGC,2022,EGC,NARIÑO,FRANCISCO PIZARRO
2.157983906,-77.0465762,Gentil Duarte,2022,Gentil Duarte,CAUCA,PATÍA
2.157983906,-77.0455762,SM,2022,SM,CAUCA,PATÍA
2.216382295,-77.99533234,Gentil Duarte,2022,Gentil Duarte,NARIÑO,EL CHARCO
2.216382295,-77.99433234,EGC,2022,EGC,NARIÑO,EL CHARCO
2.231820541,-76.61146633,Gentil Duarte,2022,Gentil Duarte,CAUCA,SOTARÁ - PAISPAMBA
2.231820541,-76.61046633,ELN,2022,ELN,CAUCA,SOTARÁ - PAISPAMBA
2.260421954,-76.74582033,Gentil Duarte,2022,Gentil Duarte,CAUCA,ROSAS
2.643209848,-76.70138914,Gentil Duarte,2022,Gentil Duarte,CAUCA,CAJIBÍO
2.803845691,-76.42719377,Gentil Duarte,2022,Gentil Duarte,CAUCA,CALDONO
2.260421954,-76.74482033,ELN,2022,ELN,CAUCA,ROSAS
2.499058783,-76.13762531,Gentil Duarte,2022,Gentil Duarte,CAUCA,INZÁ
2.84981013,-76.31124919,Gentil Duarte,2022,Gentil Duarte,CAUCA,JAMBALÓ
2.287856547,-78.31219024,Gentil Duarte,2022,Gentil Duarte,NARIÑO,OLAYA HERRERA
2.287856547,-78.31119024,SM,2022,SM,NARIÑO,OLAYA HERRERA
3.228235212,-76.21670827,Gentil Duarte,2022,Gentil Duarte,CAUCA,MIRANDA
2.773663981,-76.74605152,Gentil Duarte,2022,Gentil Duarte,CAUCA,MORALES
2.733887702,-75.99368264,Gentil Duarte,2022,Gentil Duarte,CAUCA,PÁEZ
2.287856547,-78.31319024,EGC,2022,EGC,NARIÑO,OLAYA HERRERA
2.651291894,-76.35057356,Gentil Duarte,2022,Gentil Duarte,CAUCA,SILVIA
2.936865997,-76.7458243,Gentil Duarte,2022,Gentil Duarte,CAUCA,SUÁREZ
2.329337283,-77.26314906,Gentil Duarte,2022,Gentil Duarte,CAUCA,ARGELIA
2.369625312,-76.71051932,Gentil Duarte,2022,Gentil Duarte,CAUCA,TIMBÍO
2.475213085,-76.39675937,Gentil Duarte,2022,Gentil Duarte,CAUCA,TOTORÓ
3.180627317,-76.46445558,Gentil Duarte,2022,Gentil Duarte,CAUCA,VILLA RICA
2.329337283,-77.26214906,SM,2022,SM,CAUCA,ARGELIA
2.329337283,-77.26414906,ELN,2022,ELN,CAUCA,ARGELIA
2.41326696,-77.69047531,Gentil Duarte,2022,Gentil Duarte,CAUCA,GUAPI
2.41326696,-77.68947531,ELN,2022,ELN,CAUCA,GUAPI
3.91861924,-74.44615606,Gentil Duarte,2022,Gentil Duarte,CUNDINAMARCA,CABRERA
4.323534028,-74.38859114,SM,2022,SM,CUNDINAMARCA,FUSAGASUGÁ
4.232786985,-74.39576291,Disidencias postfarc indeterminadas,2022,Disidencias postfarc indeterminadas,CUNDINAMARCA,ARBELÁEZ
4.523484884,-74.33724619,Disidencias postfarc indeterminadas,2022,Disidencias postfarc indeterminadas,CUNDINAMARCA,GRANADA
4.180497268,-74.4711213,Disidencias postfarc indeterminadas,2022,Disidencias postfarc indeterminadas,CUNDINAMARCA,PANDI
4.293733611,-74.27396924,Disidencias postfarc indeterminadas,2022,Disidencias postfarc indeterminadas,CUNDINAMARCA,PASCA
4.140958464,-74.35397692,Disidencias postfarc indeterminadas,2022,Disidencias postfarc indeterminadas,CUNDINAMARCA,SAN BERNARDO
4.436967141,-74.37050903,Disidencias postfarc indeterminadas,2022,Disidencias postfarc indeterminadas,CUNDINAMARCA,SILVANIA
4.321357899,-74.48667274,Disidencias postfarc indeterminadas,2022,Disidencias postfarc indeterminadas,CUNDINAMARCA,TIBACUY
4.436054105,-74.48543339,Disidencias postfarc indeterminadas,2022,Disidencias postfarc indeterminadas,CUNDINAMARCA,VIOTÁ
2.312179782,-67.52060569,SM,2022,SM,GUAINÍA,SAN FELIPE
2.582829542,-68.25799033,SM,2022,SM,GUAINÍA,PUERTO COLOMBIA
3.38616245,-67.58507998,SM,2022,SM,GUAINÍA,CACAHUAL
2.484286091,-71.91916993,Gentil Duarte,2022,Gentil Duarte,GUAVIARE,SAN JOSÉ DEL GUAVIARE
1.613634284,-73.0342639,Gentil Duarte,2022,Gentil Duarte,GUAVIARE,CALAMAR
2.143447362,-72.24364869,Gentil Duarte,2022,Gentil Duarte,GUAVIARE,EL RETORNO
1.363974932,-72.01810951,Gentil Duarte,2022,Gentil Duarte,GUAVIARE,MIRAFLORES
2.993360046,-75.27236232,Gentil Duarte,2022,Gentil Duarte,HUILA,NEIVA
2.49785068,-75.29134946,Gentil Duarte,2022,Gentil Duarte,HUILA,ALGECIRAS
1.870992095,-75.80798471,Gentil Duarte,2022,Gentil Duarte,HUILA,SUAZA
2.442493698,-78.438827,Gentil Duarte,2022,Gentil Duarte,NARIÑO,MOSQUERA
3.60282633,-73.89445238,SM,2022,SM,META,EL CASTILLO
2.442493698,-78.437827,SM,2022,SM,NARIÑO,MOSQUERA
2.442493698,-78.439827,EGC,2022,EGC,NARIÑO,MOSQUERA
2.161863917,-74.09488076,Gentil Duarte,2022,Gentil Duarte,META,LA MACARENA
3.614714873,-74.09628467,SM,2022,SM,META,LEJANÍAS
2.494420411,-77.98256461,Gentil Duarte,2022,Gentil Duarte,NARIÑO,SANTA BÁRBARA
2.494420411,-77.98156461,SM,2022,SM,NARIÑO,SANTA BÁRBARA
2.494420411,-77.98356461,EGC,2022,EGC,NARIÑO,SANTA BÁRBARA
2.534488312,-77.00511207,Gentil Duarte,2022,Gentil Duarte,CAUCA,EL TAMBO
2.534488312,-77.00411207,SM,2022,SM,CAUCA,EL TAMBO
2.534488312,-77.00611207,ELN,2022,ELN,CAUCA,EL TAMBO
2.56027333,-78.23506694,Gentil Duarte,2022,Gentil Duarte,NARIÑO,LA TOLA
2.56027333,-78.23406694,SM,2022,SM,NARIÑO,LA TOLA
2.56027333,-78.23606694,EGC,2022,EGC,NARIÑO,LA TOLA
2.699475127,-77.49131577,Gentil Duarte,2022,Gentil Duarte,CAUCA,TIMBIQUÍ
2.699475127,-77.49031577,ELN,2022,ELN,CAUCA,TIMBIQUÍ
2.811616698,-73.66652234,Gentil Duarte,2022,Gentil Duarte,META,VISTAHERMOSA
2.811616698,-73.66552234,EGC,2022,EGC,META,VISTAHERMOSA
2.95819877,-77.24212158,Gentil Duarte,2022,Gentil Duarte,CAUCA,LÓPEZ DE MICAY
2.95819877,-77.24112158,ELN,2022,ELN,CAUCA,LÓPEZ DE MICAY
2.975771999,-76.20231566,Gentil Duarte,2022,Gentil Duarte,CAUCA,TORIBÍO
0.944223274,-77.95958446,SM,2022,SM,NARIÑO,CUMBAL
1.029815854,-77.55234944,SM,2022,SM,NARIÑO,OSPINA
2.975771999,-76.20331566,SM,2022,SM,CAUCA,TORIBÍO
2.984467338,-76.49873145,Gentil Duarte,2022,Gentil Duarte,CAUCA,SANTANDER DE QUILICHAO
2.984467338,-76.49773145,SM,2022,SM,CAUCA,SANTANDER DE QUILICHAO
2.984467338,-76.49973145,ELN,2022,ELN,CAUCA,SANTANDER DE QUILICHAO
2.988923885,-76.62158951,Gentil Duarte,2022,Gentil Duarte,CAUCA,BUENOS AIRES
2.988923885,-76.62058951,SM,2022,SM,CAUCA,BUENOS AIRES
7.847872195,-72.60971203,Gentil Duarte,2022,Gentil Duarte,NORTE DE SANTANDER,SAN CAYETANO
3.030611777,-75.08536553,Gentil Duarte,2022,Gentil Duarte,HUILA,TELLO
3.030611777,-75.08436553,EGC,2022,EGC,HUILA,TELLO
3.047726858,-74.43066134,Gentil Duarte,2022,Gentil Duarte,META,URIBE
3.047726858,-74.42966134,EGC,2022,EGC,META,URIBE
3.062875557,-76.32127977,Gentil Duarte,2022,Gentil Duarte,CAUCA,CALOTO
3.062875557,-76.32027977,SM,2022,SM,CAUCA,CALOTO
3.117523361,-71.93805692,Gentil Duarte,2022,Gentil Duarte,META,MAPIRIPÁN
0.673756323,-76.94313923,SM,2022,SM,PUTUMAYO,ORITO
0.70416861,-76.49864415,Gentil Duarte,2022,Gentil Duarte,PUTUMAYO,PUERTO CAICEDO
0.746432215,-75.88022979,Gentil Duarte,2022,Gentil Duarte,PUTUMAYO,PUERTO GUZMÁN
0.42012589,-76.77067026,SM,2022,SM,PUTUMAYO,VALLE DEL GUAMUEZ
3.37749064,-75.61373257,Gentil Duarte,2022,Gentil Duarte,TOLIMA,ATACO
3.743693084,-75.58986634,Gentil Duarte,2022,Gentil Duarte,TOLIMA,CHAPARRAL
4.133276369,-74.53964257,Gentil Duarte,2022,Gentil Duarte,TOLIMA,ICONONZO
3.09897343,-75.81684413,Gentil Duarte,2022,Gentil Duarte,TOLIMA,PLANADAS
3.468077548,-75.85481103,Gentil Duarte,2022,Gentil Duarte,TOLIMA,RIOBLANCO
4.153314228,-76.16063341,Gentil Duarte,2022,Gentil Duarte,VALLE DEL CAUCA,ANDALUCÍA
3.117523361,-71.93705692,EGC,2022,EGC,META,MAPIRIPÁN
3.819854318,-75.98312419,Gentil Duarte,2022,Gentil Duarte,VALLE DEL CAUCA,GUADALAJARA DE BUGA
4.196852991,-76.0896103,Gentil Duarte,2022,Gentil Duarte,VALLE DEL CAUCA,BUGALAGRANDE
3.136753606,-76.20964569,Gentil Duarte,2022,Gentil Duarte,CAUCA,CORINTO
3.304104295,-76.16477307,Gentil Duarte,2022,Gentil Duarte,VALLE DEL CAUCA,FLORIDA
3.136753606,-76.20864569,SM,2022,SM,CAUCA,CORINTO
3.694303106,-76.58989905,Gentil Duarte,2022,Gentil Duarte,VALLE DEL CAUCA,LA CUMBRE
3.558392876,-76.22779972,Gentil Duarte,2022,Gentil Duarte,VALLE DEL CAUCA,PALMIRA
3.42063665,-76.17841841,Gentil Duarte,2022,Gentil Duarte,VALLE DEL CAUCA,PRADERA
3.806494973,-76.53489853,Gentil Duarte,2022,Gentil Duarte,VALLE DEL CAUCA,RESTREPO
4.193411919,-75.88818163,Gentil Duarte,2022,Gentil Duarte,VALLE DEL CAUCA,SEVILLA
4.02840797,-76.03250379,Gentil Duarte,2022,Gentil Duarte,VALLE DEL CAUCA,TULUÁ
1.06148231,-70.46688401,Gentil Duarte,2022,Gentil Duarte,VAUPÉS,MITÚ
1.052762314,-71.33093035,Gentil Duarte,2022,Gentil Duarte,VAUPÉS,CARURÚ
-0.719822209,-69.90776202,Gentil Duarte,2022,Gentil Duarte,VAUPÉS,TARAIRA
3.154771201,-74.12454824,Gentil Duarte,2022,Gentil Duarte,META,MESETAS
3.154771201,-74.12354824,EGC,2022,EGC,META,MESETAS
3.213892389,-76.62760418,Gentil Duarte,2022,Gentil Duarte,VALLE DEL CAUCA,JAMUNDÍ
3.213892389,-76.62660418,ELN,2022,ELN,VALLE DEL CAUCA,JAMUNDÍ
3.213892389,-76.62860418,EGC,2022,EGC,VALLE DEL CAUCA,JAMUNDÍ
3.399043723,-76.57649259,Gentil Duarte,2022,Gentil Duarte,VALLE DEL CAUCA,SANTIAGO DE CALI
3.399043723,-76.57549259,ELN,2022,ELN,VALLE DEL CAUCA,SANTIAGO DE CALI
3.399043723,-76.57749259,EGC,2022,EGC,VALLE DEL CAUCA,SANTIAGO DE CALI
6.054446841,-75.62642674,ELN,2022,ELN,ANTIOQUIA,CALDAS
3.493340766,-77.11872832,Gentil Duarte,2022,Gentil Duarte,VALLE DEL CAUCA,BUENAVENTURA
3.493340766,-77.11772832,ELN,2022,ELN,VALLE DEL CAUCA,BUENAVENTURA
3.493340766,-77.11972832,EGC,2022,EGC,VALLE DEL CAUCA,BUENAVENTURA
3.649822218,-76.72039347,Gentil Duarte,2022,Gentil Duarte,VALLE DEL CAUCA,DAGUA
3.649822218,-76.71939347,ELN,2022,ELN,VALLE DEL CAUCA,DAGUA
3.649822218,-76.72139347,EGC,2022,EGC,VALLE DEL CAUCA,DAGUA
5.574444339,-75.81842575,ELN,2022,ELN,ANTIOQUIA,JARDÍN
4.005034467,-71.63157429,Gentil Duarte,2022,Gentil Duarte,META,PUERTO GAITÁN
4.005034467,-71.63057429,EGC,2022,EGC,META,PUERTO GAITÁN
4.262454746,-69.52140484,Gentil Duarte,2022,Gentil Duarte,VICHADA,CUMARIBO
4.262454746,-69.52040484,ELN,2022,ELN,VICHADA,CUMARIBO
4.272940191,-76.98785828,ELN,2022,ELN,CHOCÓ,EL LITORAL DEL SAN JUAN
4.272940191,-76.98685828,EGC,2022,EGC,CHOCÓ,EL LITORAL DEL SAN JUAN
4.492865435,-77.08271352,ELN,2022,ELN,CHOCÓ,BAJO BAUDÓ
4.492865435,-77.08171352,EGC,2022,EGC,CHOCÓ,BAJO BAUDÓ
4.586818665,-77.00090737,ELN,2022,ELN,CHOCÓ,ISTMINA
4.586818665,-76.99990737,EGC,2022,EGC,CHOCÓ,ISTMINA
4.697463691,-72.62922436,Gentil Duarte,2022,Gentil Duarte,CASANARE,TAURAMENA
4.697463691,-72.62822436,ELN,2022,ELN,CASANARE,TAURAMENA
4.853386627,-76.61823669,ELN,2022,ELN,CHOCÓ,NÓVITA
4.853386627,-76.61723669,EGC,2022,EGC,CHOCÓ,NÓVITA
4.917562873,-76.06601001,ELN,2022,ELN,VALLE DEL CAUCA,EL ÁGUILA
4.917562873,-76.06501001,EGC,2022,EGC,VALLE DEL CAUCA,EL ÁGUILA
4.958741345,-76.28002361,ELN,2022,ELN,CHOCÓ,SAN JOSÉ DEL PALMAR
4.958741345,-76.27902361,EGC,2022,EGC,CHOCÓ,SAN JOSÉ DEL PALMAR
5.070586101,-76.50701751,ELN,2022,ELN,CHOCÓ,CONDOTO
10.46920726,-75.36116053,ELN,2022,ELN,BOLÍVAR,SANTA ROSA
5.070586101,-76.50601751,EGC,2022,EGC,CHOCÓ,CONDOTO
5.126121886,-72.54821017,Gentil Duarte,2022,Gentil Duarte,CASANARE,AGUAZUL
5.126121886,-72.54721017,ELN,2022,ELN,CASANARE,AGUAZUL
5.126121886,-72.54921017,EGC,2022,EGC,CASANARE,AGUAZUL
6.353363177,-72.41923752,ELN,2022,ELN,BOYACÁ,EL COCUY
5.541378132,-72.5903846,ELN,2022,ELN,BOYACÁ,LABRANZAGRANDE
5.359661967,-76.77255624,ELN,2022,ELN,CHOCÓ,EL CANTÓN DEL SAN PABLO
5.359661967,-76.77155624,EGC,2022,EGC,CHOCÓ,EL CANTÓN DEL SAN PABLO
5.382328949,-72.69672674,Gentil Duarte,2022,Gentil Duarte,BOYACÁ,PAJARITO
5.906513772,-72.53646361,ELN,2022,ELN,BOYACÁ,SOCOTÁ
5.20029922,-75.75289078,ELN,2022,ELN,CALDAS,ANSERMA
5.492632029,-75.60209955,ELN,2022,ELN,CALDAS,MARMATO
5.442275418,-75.75220499,ELN,2022,ELN,CALDAS,RIOSUCIO
5.382328949,-72.69572674,ELN,2022,ELN,BOYACÁ,PAJARITO
1.912440521,-76.83494519,ELN,2022,ELN,CAUCA,ALMAGUER
5.389828229,-76.52264237,ELN,2022,ELN,CHOCÓ,CÉRTEGUI
1.853951938,-76.96337454,ELN,2022,ELN,CAUCA,BOLÍVAR
5.389828229,-76.52164237,EGC,2022,EGC,CHOCÓ,CÉRTEGUI
5.45295802,-75.64035705,ELN,2022,ELN,CALDAS,SUPÍA
2.187473572,-76.78228032,ELN,2022,ELN,CAUCA,LA SIERRA
2.053933426,-76.7588062,ELN,2022,ELN,CAUCA,LA VEGA
5.45295802,-75.63935705,EGC,2022,EGC,CALDAS,SUPÍA
5.517593607,-69.62044054,Gentil Duarte,2022,Gentil Duarte,VICHADA,LA PRIMAVERA
2.262153618,-76.44826938,ELN,2022,ELN,CAUCA,PURACÉ
5.517593607,-69.61944054,ELN,2022,ELN,VICHADA,LA PRIMAVERA
1.856261815,-76.71652424,ELN,2022,ELN,CAUCA,SAN SEBASTIÁN
5.525825084,-76.65064357,ELN,2022,ELN,CHOCÓ,ATRATO
5.525825084,-76.64964357,EGC,2022,EGC,CHOCÓ,ATRATO
5.567533337,-76.81157084,ELN,2022,ELN,CHOCÓ,RÍO QUITO
5.567533337,-76.81057084,EGC,2022,EGC,CHOCÓ,RÍO QUITO
5.585101179,-76.38544449,ELN,2022,ELN,CHOCÓ,LLORÓ
9.727732939,-73.25250522,ELN,2022,ELN,CESAR,BECERRIL
5.585101179,-76.38444449,EGC,2022,EGC,CHOCÓ,LLORÓ
5.591359844,-77.33057439,ELN,2022,ELN,CHOCÓ,NUQUÍ
8.588002247,-73.61602384,ELN,2022,ELN,CESAR,LA GLORIA
9.52099808,-73.32249338,ELN,2022,ELN,CESAR,LA JAGUA DE IBIRICO
5.591359844,-77.32957439,EGC,2022,EGC,CHOCÓ,NUQUÍ
5.621242742,-72.3692906,Gentil Duarte,2022,Gentil Duarte,BOYACÁ,PAYA
8.201070245,-73.48750127,ELN,2022,ELN,CESAR,RÍO DE ORO
10.24440562,-73.07824569,ELN,2022,ELN,CESAR,LA PAZ
5.636740989,-77.0842154,ELN,2022,ELN,CHOCÓ,ALTO BAUDÓ
5.621242742,-72.3682906,ELN,2022,ELN,BOYACÁ,PAYA
5.7543229,-76.65015147,ELN,2022,ELN,CHOCÓ,QUIBDÓ
5.7543229,-76.64915147,EGC,2022,EGC,CHOCÓ,QUIBDÓ
5.768131812,-72.43993232,Gentil Duarte,2022,Gentil Duarte,BOYACÁ,PISBA
5.768131812,-72.43893232,ELN,2022,ELN,BOYACÁ,PISBA
5.779915281,-70.86947037,Gentil Duarte,2022,Gentil Duarte,CASANARE,PAZ DE ARIPORO
5.779915281,-70.86847037,ELN,2022,ELN,CASANARE,PAZ DE ARIPORO
5.836529669,-68.14122234,SM,2022,SM,VICHADA,PUERTO CARREÑO
5.836529669,-68.14022234,ELN,2022,ELN,VICHADA,PUERTO CARREÑO
6.033880098,-76.6734697,ELN,2022,ELN,CHOCÓ,MEDIO ATRATO
6.033880098,-76.6724697,EGC,2022,EGC,CHOCÓ,MEDIO ATRATO
6.03948032,-71.52445752,Gentil Duarte,2022,Gentil Duarte,CASANARE,HATO COROZAL
6.03948032,-71.52345752,ELN,2022,ELN,CASANARE,HATO COROZAL
6.162762775,-77.41653534,ELN,2022,ELN,CHOCÓ,BAHÍA SOLANO
6.162762775,-77.41553534,EGC,2022,EGC,CHOCÓ,BAHÍA SOLANO
6.178282373,-72.34693377,ELN,2022,ELN,CASANARE,LA SALINA
5.190995015,-76.41996151,ELN,2022,ELN,CHOCÓ,RÍO IRÓ
6.178282373,-72.34593377,EGC,2022,EGC,CASANARE,LA SALINA
6.257590259,-75.61103107,ELN,2022,ELN,ANTIOQUIA,MEDELLÍN
6.257590259,-75.61003107,EGC,2022,EGC,ANTIOQUIA,MEDELLÍN
4.594415157,-76.54194459,ELN,2022,ELN,CHOCÓ,SIPÍ
5.26610158,-76.33109547,ELN,2022,ELN,CHOCÓ,TADÓ
6.33534134,-76.25906482,ELN,2022,ELN,ANTIOQUIA,URRAO
6.33534134,-76.25806482,EGC,2022,EGC,ANTIOQUIA,URRAO
6.358841086,-75.58973588,ELN,2022,ELN,ANTIOQUIA,BELLO
10.92505107,-72.94444027,ELN,2022,ELN,LA GUAJIRA,DISTRACCIÓN
10.63669646,-72.8858431,ELN,2022,ELN,LA GUAJIRA,EL MOLINO
6.358841086,-75.58873588,EGC,2022,EGC,ANTIOQUIA,BELLO
11.09905582,-72.73842427,ELN,2022,ELN,LA GUAJIRA,HATONUEVO
6.390650479,-71.79178647,Gentil Duarte,2022,Gentil Duarte,ARAUCA,TAME
10.81311496,-73.08659986,ELN,2022,ELN,LA GUAJIRA,SAN JUAN DEL CESAR
6.390650479,-71.79078647,ELN,2022,ELN,ARAUCA,TAME
10.4947021,-72.98623991,ELN,2022,ELN,LA GUAJIRA,URUMITA
10.58364755,-72.97520286,ELN,2022,ELN,LA GUAJIRA,VILLANUEVA
6.39654349,-70.07381197,Gentil Duarte,2022,Gentil Duarte,ARAUCA,CRAVO NORTE
6.39654349,-70.07281197,ELN,2022,ELN,ARAUCA,CRAVO NORTE
1.151366658,-77.53011336,ELN,2022,ELN,NARIÑO,GUAITARILLA
1.584175998,-76.92335262,ELN,2022,ELN,NARIÑO,LA CRUZ
1.541847847,-77.61781608,ELN,2022,ELN,NARIÑO,LA LLANADA
1.395173084,-77.52093774,ELN,2022,ELN,NARIÑO,LINARES
1.155947016,-77.84664646,ELN,2022,ELN,NARIÑO,MALLAMA
1.232864821,-77.59844212,ELN,2022,ELN,NARIÑO,PROVIDENCIA
6.411761829,-70.96678964,Gentil Duarte,2022,Gentil Duarte,ARAUCA,PUERTO RONDÓN
6.411761829,-70.96578964,ELN,2022,ELN,ARAUCA,PUERTO RONDÓN
1.430555262,-77.69179559,ELN,2022,ELN,NARIÑO,SAMANIEGO
1.681576627,-76.97527979,ELN,2022,ELN,NARIÑO,SAN PABLO
6.453351334,-76.69504802,ELN,2022,ELN,ANTIOQUIA,VIGÍA DEL FUERTE
6.453351334,-76.69404802,EGC,2022,EGC,ANTIOQUIA,VIGÍA DEL FUERTE
7.586048164,-72.91705315,ELN,2022,ELN,NORTE DE SANTANDER,ARBOLEDAS
8.079802239,-72.92919926,ELN,2022,ELN,NORTE DE SANTANDER,BUCARASICA
7.05161677,-72.52544746,ELN,2022,ELN,NORTE DE SANTANDER,CHITAGÁ
6.474666885,-77.09933025,ELN,2022,ELN,CHOCÓ,BOJAYÁ
7.502182366,-72.79703447,ELN,2022,ELN,NORTE DE SANTANDER,CUCUTILLA
8.867990035,-73.34585922,ELN,2022,ELN,NORTE DE SANTANDER,EL CARMEN
6.474666885,-77.09833025,EGC,2022,EGC,CHOCÓ,BOJAYÁ
6.691364773,-76.33199656,ELN,2022,ELN,ANTIOQUIA,FRONTINO
7.493955781,-72.49269998,ELN,2022,ELN,NORTE DE SANTANDER,HERRÁN
8.256757875,-73.18789327,ELN,2022,ELN,NORTE DE SANTANDER,LA PLAYA
6.691364773,-76.33099656,EGC,2022,EGC,ANTIOQUIA,FRONTINO
6.750907234,-71.79124241,Gentil Duarte,2022,Gentil Duarte,ARAUCA,FORTUL
7.379057623,-72.67590348,ELN,2022,ELN,NORTE DE SANTANDER,PAMPLONA
8.329138642,-72.41119066,ELN,2022,ELN,NORTE DE SANTANDER,PUERTO SANTANDER
7.595355974,-72.50756622,ELN,2022,ELN,NORTE DE SANTANDER,RAGONVALIA
7.772747824,-72.86769959,ELN,2022,ELN,NORTE DE SANTANDER,SALAZAR
6.750907234,-71.79024241,ELN,2022,ELN,ARAUCA,FORTUL
6.796280825,-70.50921153,Gentil Duarte,2022,Gentil Duarte,ARAUCA,ARAUCA
6.796280825,-70.50821153,ELN,2022,ELN,ARAUCA,ARAUCA
6.799338394,-71.29827429,Gentil Duarte,2022,Gentil Duarte,ARAUCA,ARAUQUITA
7.225864961,-72.30593418,ELN,2022,ELN,NORTE DE SANTANDER,TOLEDO
6.799338394,-71.29727429,ELN,2022,ELN,ARAUCA,ARAUQUITA
5.414078141,-75.96135387,ELN,2022,ELN,RISARALDA,MISTRATÓ
5.286295408,-76.07359421,ELN,2022,ELN,RISARALDA,PUEBLO RICO
5.323906864,-75.71339683,ELN,2022,ELN,RISARALDA,QUINCHÍA
6.828773855,-76.70861349,ELN,2022,ELN,ANTIOQUIA,MURINDÓ
6.828773855,-76.70761349,EGC,2022,EGC,ANTIOQUIA,MURINDÓ
7.079704598,-73.0679925,ELN,2022,ELN,SANTANDER,FLORIDABLANCA
6.861498764,-75.358316,SM,2022,SM,ANTIOQUIA,ANGOSTURA
7.4065422,-73.57131807,ELN,2022,ELN,SANTANDER,SABANA DE TORRES
6.861498764,-75.357316,ELN,2022,ELN,ANTIOQUIA,ANGOSTURA
3.923271619,-76.64260484,ELN,2022,ELN,VALLE DEL CAUCA,CALIMA
6.861576325,-75.22591303,SM,2022,SM,ANTIOQUIA,GUADALUPE
6.861576325,-75.22491303,ELN,2022,ELN,ANTIOQUIA,GUADALUPE
4.756063701,-76.21502826,ELN,2022,ELN,VALLE DEL CAUCA,EL CAIRO
6.886954878,-72.18156285,Gentil Duarte,2022,Gentil Duarte,BOYACÁ,CUBARÁ
6.886954878,-72.18056285,ELN,2022,ELN,BOYACÁ,CUBARÁ
6.901000506,-75.79222754,SM,2022,SM,ANTIOQUIA,SABANALARGA
6.901000506,-75.79122754,EGC,2022,EGC,ANTIOQUIA,SABANALARGA
6.906941714,-71.85070757,Gentil Duarte,2022,Gentil Duarte,ARAUCA,SARAVENA
6.906941714,-71.84970757,ELN,2022,ELN,ARAUCA,SARAVENA
6.925159318,-74.15824041,ELN,2022,ELN,ANTIOQUIA,YONDÓ
6.925159318,-74.15724041,EGC,2022,EGC,ANTIOQUIA,YONDÓ
6.977788843,-74.9812393,SM,2022,SM,ANTIOQUIA,AMALFI
6.977788843,-74.9802393,ELN,2022,ELN,ANTIOQUIA,AMALFI
6.9881309,-75.45439957,SM,2022,SM,ANTIOQUIA,YARUMAL
6.9881309,-75.45339957,ELN,2022,ELN,ANTIOQUIA,YARUMAL
5.263068507,-72.77081831,ELN,2022,ELN,CASANARE,RECETOR
6.049906435,-72.21076163,ELN,2022,ELN,CASANARE,SÁCAMA
6.9881309,-75.45539957,EGC,2022,EGC,ANTIOQUIA,YARUMAL
6.992243782,-76.31326328,SM,2022,SM,ANTIOQUIA,DABEIBA
6.992243782,-76.31526328,ELN,2022,ELN,ANTIOQUIA,DABEIBA
6.992243782,-76.31426328,EGC,2022,EGC,ANTIOQUIA,DABEIBA
6.032921994,-75.7080031,EGC,2022,EGC,ANTIOQUIA,AMAGÁ
5.604993248,-75.94128391,EGC,2022,EGC,ANTIOQUIA,ANDES
6.293546613,-75.91736927,EGC,2022,EGC,ANTIOQUIA,ANZÁ
6.997267375,-74.55865652,SM,2022,SM,ANTIOQUIA,REMEDIOS
8.611395262,-76.41478317,EGC,2022,EGC,ANTIOQUIA,ARBOLETES
5.708114524,-75.09469795,EGC,2022,EGC,ANTIOQUIA,ARGELIA
6.163683758,-75.80995528,EGC,2022,EGC,ANTIOQUIA,ARMENIA
6.997267375,-74.55765652,ELN,2022,ELN,ANTIOQUIA,REMEDIOS
6.665853953,-75.68621659,EGC,2022,EGC,ANTIOQUIA,BELMIRA
6.185783612,-75.95649246,EGC,2022,EGC,ANTIOQUIA,BETULIA
6.997267375,-74.55965652,EGC,2022,EGC,ANTIOQUIA,REMEDIOS
6.80906489,-75.91206595,EGC,2022,EGC,ANTIOQUIA,BURITICÁ
7.016397069,-75.71363382,SM,2022,SM,ANTIOQUIA,TOLEDO
6.423463639,-75.99351498,EGC,2022,EGC,ANTIOQUIA,CAICEDO
6.814950023,-76.02689632,EGC,2022,EGC,ANTIOQUIA,CAÑASGORDAS
7.757967437,-76.64374657,EGC,2022,EGC,ANTIOQUIA,CAREPA
7.016397069,-75.71263382,ELN,2022,ELN,ANTIOQUIA,TOLEDO
7.631665644,-76.63964213,EGC,2022,EGC,ANTIOQUIA,CHIGORODÓ
5.840995666,-76.01065253,EGC,2022,EGC,ANTIOQUIA,CIUDAD BOLÍVAR
8.383938499,-77.26560256,EGC,2022,EGC,CHOCÓ,ACANDÍ
6.057468678,-75.90014678,EGC,2022,EGC,ANTIOQUIA,CONCORDIA
6.492403905,-75.42227687,EGC,2022,EGC,ANTIOQUIA,DONMATÍAS
6.594656004,-75.55913083,EGC,2022,EGC,ANTIOQUIA,ENTRERRÍOS
6.154394922,-75.54686779,EGC,2022,EGC,ANTIOQUIA,ENVIGADO
7.033646541,-76.97423016,ELN,2022,ELN,CHOCÓ,CARMEN DEL DARIÉN
7.033646541,-76.97323016,EGC,2022,EGC,CHOCÓ,CARMEN DEL DARIÉN
5.940434685,-75.35429023,EGC,2022,EGC,ANTIOQUIA,LA UNIÓN
7.036017478,-75.28766178,SM,2022,SM,ANTIOQUIA,CAMPAMENTO
7.036017478,-75.28666178,ELN,2022,ELN,ANTIOQUIA,CAMPAMENTO
7.329557848,-76.4630657,EGC,2022,EGC,ANTIOQUIA,MUTATÁ
7.044180058,-75.88968843,SM,2022,SM,ANTIOQUIA,PEQUE
8.493728551,-76.67699588,EGC,2022,EGC,ANTIOQUIA,NECOCLÍ
7.044180058,-75.88868843,EGC,2022,EGC,ANTIOQUIA,PEQUE
6.481922267,-74.5287421,EGC,2022,EGC,ANTIOQUIA,PUERTO BERRÍO
7.054074558,-73.78211646,ELN,2022,ELN,SANTANDER,BARRANCABERMEJA
6.150785807,-75.41076052,EGC,2022,EGC,ANTIOQUIA,RIONEGRO
7.054074558,-73.78111646,EGC,2022,EGC,SANTANDER,BARRANCABERMEJA
5.970502334,-75.98137251,EGC,2022,EGC,ANTIOQUIA,SALGAR
6.438300409,-75.70310727,EGC,2022,EGC,ANTIOQUIA,SAN JERÓNIMO
8.707141583,-76.53248234,EGC,2022,EGC,ANTIOQUIA,SAN JUAN DE URABÁ
6.458666308,-75.5624839,EGC,2022,EGC,ANTIOQUIA,SAN PEDRO DE LOS MILAGROS
7.103338868,-77.67973662,ELN,2022,ELN,CHOCÓ,JURADÓ
6.466165211,-74.9450732,EGC,2022,EGC,ANTIOQUIA,SAN ROQUE
6.535711576,-75.90426658,EGC,2022,EGC,ANTIOQUIA,SANTA FÉ DE ANTIOQUIA
7.103338868,-77.67873662,EGC,2022,EGC,CHOCÓ,JURADÓ
7.111788462,-75.56223474,SM,2022,SM,ANTIOQUIA,BRICEÑO
8.173851745,-76.5740377,EGC,2022,EGC,ANTIOQUIA,TURBO
7.111788462,-75.56123474,EGC,2022,EGC,ANTIOQUIA,BRICEÑO
5.956576355,-75.77722423,EGC,2022,EGC,ANTIOQUIA,VENECIA
7.155833544,-73.11156997,ELN,2022,ELN,SANTANDER,BUCARAMANGA
7.155833544,-73.11056997,EGC,2022,EGC,SANTANDER,BUCARAMANGA
6.716870679,-74.75565002,EGC,2022,EGC,ANTIOQUIA,YALÍ
6.64442786,-75.02990266,EGC,2022,EGC,ANTIOQUIA,YOLOMBÓ
7.193110778,-75.10848954,SM,2022,SM,ANTIOQUIA,ANORÍ
7.193110778,-75.10748954,ELN,2022,ELN,ANTIOQUIA,ANORÍ
10.82306503,-75.07841904,EGC,2022,EGC,ATLÁNTICO,JUAN DE ACOSTA
10.89771991,-74.88708788,EGC,2022,EGC,ATLÁNTICO,GALAPA
10.74078959,-75.14366034,EGC,2022,EGC,ATLÁNTICO,PIOJÓ
10.84828864,-74.80617555,EGC,2022,EGC,ATLÁNTICO,MALAMBO
11.0044226,-74.9074058,EGC,2022,EGC,ATLÁNTICO,PUERTO COLOMBIA
10.90721938,-74.98423293,EGC,2022,EGC,ATLÁNTICO,TUBARÁ
10.9069066,-74.7784249,EGC,2022,EGC,ATLÁNTICO,SOLEDAD
4.316107698,-74.1810727,EGC,2022,EGC,"BOGOTÁ, D.C.","BOGOTÁ, D.C."
7.239229146,-74.10014043,ELN,2022,ELN,BOLÍVAR,CANTAGALLO
8.757468863,-74.19515811,EGC,2022,EGC,BOLÍVAR,ALTOS DEL ROSARIO
7.239229146,-74.09914043,EGC,2022,EGC,BOLÍVAR,CANTAGALLO
10.16422123,-75.37121788,EGC,2022,EGC,BOLÍVAR,ARJONA
7.265404213,-75.40094502,SM,2022,SM,ANTIOQUIA,VALDIVIA
7.265404213,-75.39994502,ELN,2022,ELN,ANTIOQUIA,VALDIVIA
10.46343362,-75.45889915,EGC,2022,EGC,BOLÍVAR,CARTAGENA DE INDIAS
9.699819876,-75.15793573,EGC,2022,EGC,BOLÍVAR,EL CARMEN DE BOLÍVAR
9.053135895,-74.70539318,EGC,2022,EGC,BOLÍVAR,MAGANGUÉ
9.976017168,-75.34380265,EGC,2022,EGC,BOLÍVAR,MARÍA LA BAJA
7.265404213,-75.40194502,EGC,2022,EGC,ANTIOQUIA,VALDIVIA
7.26692339,-74.62163926,SM,2022,SM,ANTIOQUIA,SEGOVIA
7.26692339,-74.62063926,ELN,2022,ELN,ANTIOQUIA,SEGOVIA
7.26692339,-74.62263926,EGC,2022,EGC,ANTIOQUIA,SEGOVIA
9.835362011,-75.10609201,EGC,2022,EGC,BOLÍVAR,SAN JACINTO
8.212463202,-74.75082,EGC,2022,EGC,BOLÍVAR,SAN JACINTO DEL CAUCA
8.816088444,-74.00599967,EGC,2022,EGC,BOLÍVAR,SAN MARTÍN DE LOBA
7.341549718,-75.67742277,SM,2022,SM,ANTIOQUIA,ITUANGO
9.142512064,-74.54519906,EGC,2022,EGC,BOLÍVAR,SANTA CRUZ DE MOMPOX
7.341549718,-75.67942277,ELN,2022,ELN,ANTIOQUIA,ITUANGO
7.341549718,-75.67842277,EGC,2022,EGC,ANTIOQUIA,ITUANGO
5.616204006,-75.4554471,EGC,2022,EGC,CALDAS,AGUADAS
7.389887937,-77.24067483,ELN,2022,ELN,CHOCÓ,RIOSUCIO
10.35310756,-75.37971541,EGC,2022,EGC,BOLÍVAR,TURBACO
7.389887937,-77.23967483,EGC,2022,EGC,CHOCÓ,RIOSUCIO
7.398198257,-73.8354696,ELN,2022,ELN,SANTANDER,PUERTO WILCHES
7.398198257,-73.8344696,EGC,2022,EGC,SANTANDER,PUERTO WILCHES
9.946391309,-73.86628815,EGC,2022,EGC,CESAR,BOSCONIA
9.510727925,-73.94214641,EGC,2022,EGC,CESAR,ASTREA
9.27797765,-73.84697903,EGC,2022,EGC,CESAR,CHIMICHAGUA
7.474004006,-74.85848326,ELN,2022,ELN,ANTIOQUIA,ZARAGOZA
7.474004006,-74.85748326,EGC,2022,EGC,ANTIOQUIA,ZARAGOZA
10.19995356,-73.91282064,EGC,2022,EGC,CESAR,EL COPEY
9.683474681,-73.73833778,EGC,2022,EGC,CESAR,EL PASO
8.337726622,-73.70649199,EGC,2022,EGC,CESAR,GAMARRA
7.488875998,-75.40189438,SM,2022,SM,ANTIOQUIA,TARAZÁ
7.488875998,-75.40089438,ELN,2022,ELN,ANTIOQUIA,TARAZÁ
8.902075012,-73.7633962,EGC,2022,EGC,CESAR,TAMALAMEQUE
7.937788454,-73.54436312,EGC,2022,EGC,CESAR,SAN MARTÍN
7.488875998,-75.40289438,EGC,2022,EGC,ANTIOQUIA,TARAZÁ
7.507922612,-74.10356977,ELN,2022,ELN,BOLÍVAR,SAN PABLO
5.503119772,-76.19796907,EGC,2022,EGC,CHOCÓ,BAGADÓ
7.507922612,-74.10256977,EGC,2022,EGC,BOLÍVAR,SAN PABLO
7.665155105,-75.22369744,SM,2022,SM,ANTIOQUIA,CÁCERES
7.665155105,-75.22269744,ELN,2022,ELN,ANTIOQUIA,CÁCERES
7.665155105,-75.22469744,EGC,2022,EGC,ANTIOQUIA,CÁCERES
7.704633351,-74.66427726,SM,2022,SM,ANTIOQUIA,EL BAGRE
5.810938364,-76.19189442,EGC,2022,EGC,CHOCÓ,EL CARMEN DE ATRATO
7.704633351,-74.66327726,ELN,2022,ELN,ANTIOQUIA,EL BAGRE
7.704633351,-74.66527726,EGC,2022,EGC,ANTIOQUIA,EL BAGRE
7.711515736,-75.77123224,SM,2022,SM,CÓRDOBA,PUERTO LIBERTADOR
7.711515736,-75.77023224,EGC,2022,EGC,CÓRDOBA,PUERTO LIBERTADOR
7.718635863,-72.48361176,ELN,2022,ELN,NORTE DE SANTANDER,VILLA DEL ROSARIO
5.110392243,-76.99593075,EGC,2022,EGC,CHOCÓ,MEDIO BAUDÓ
4.621182739,-76.80861843,EGC,2022,EGC,CHOCÓ,MEDIO SAN JUAN
7.718635863,-72.48261176,EGC,2022,EGC,NORTE DE SANTANDER,VILLA DEL ROSARIO
7.742291094,-72.52680784,ELN,2022,ELN,NORTE DE SANTANDER,LOS PATIOS
7.742291094,-72.52580784,EGC,2022,EGC,NORTE DE SANTANDER,LOS PATIOS
7.753054395,-75.5672474,SM,2022,SM,CÓRDOBA,SAN JOSÉ DE URÉ
8.265768688,-75.04868436,EGC,2022,EGC,CÓRDOBA,AYAPEL
8.7240958,-76.23779081,EGC,2022,EGC,CÓRDOBA,CANALETE
8.895667051,-75.87842391,EGC,2022,EGC,CÓRDOBA,CERETÉ
7.753054395,-75.5662474,EGC,2022,EGC,CÓRDOBA,SAN JOSÉ DE URÉ
7.772519173,-74.26272843,ELN,2022,ELN,BOLÍVAR,SANTA ROSA DEL SUR
9.053287104,-75.37387363,EGC,2022,EGC,CÓRDOBA,CHINÚ
8.841811894,-75.60779829,EGC,2022,EGC,CÓRDOBA,CIÉNAGA DE ORO
9.071460219,-75.75459276,EGC,2022,EGC,CÓRDOBA,COTORRA
8.052218422,-75.28816022,EGC,2022,EGC,CÓRDOBA,LA APARTADA
9.165034998,-75.90978124,EGC,2022,EGC,CÓRDOBA,LORICA
8.823307063,-76.3430552,EGC,2022,EGC,CÓRDOBA,LOS CÓRDOBAS
7.772519173,-74.26172843,EGC,2022,EGC,BOLÍVAR,SANTA ROSA DEL SUR
9.265461621,-75.65090876,EGC,2022,EGC,CÓRDOBA,MOMIL
7.813896829,-76.16846678,SM,2022,SM,CÓRDOBA,TIERRALTA
8.584698016,-75.95055079,EGC,2022,EGC,CÓRDOBA,MONTERÍA
9.190515343,-76.11931709,EGC,2022,EGC,CÓRDOBA,MOÑITOS
8.181108488,-75.68923803,EGC,2022,EGC,CÓRDOBA,PLANETA RICA
8.481339568,-75.40516154,EGC,2022,EGC,CÓRDOBA,PUEBLO NUEVO
7.813896829,-76.16746678,EGC,2022,EGC,CÓRDOBA,TIERRALTA
9.282386127,-75.72129392,EGC,2022,EGC,CÓRDOBA,PURÍSIMA DE LA CONCEPCIÓN
9.359667489,-75.78700252,EGC,2022,EGC,CÓRDOBA,SAN ANTERO
9.330098329,-75.97623858,EGC,2022,EGC,CÓRDOBA,SAN BERNARDO DEL VIENTO
7.851315534,-73.98371609,ELN,2022,ELN,BOLÍVAR,SIMITÍ
8.987777392,-75.90958771,EGC,2022,EGC,CÓRDOBA,SAN PELAYO
7.851315534,-73.98271609,EGC,2022,EGC,BOLÍVAR,SIMITÍ
8.219904128,-76.2213286,EGC,2022,EGC,CÓRDOBA,VALENCIA
7.86047815,-76.58236264,ELN,2022,ELN,ANTIOQUIA,APARTADÓ
4.581866267,-74.24029696,EGC,2022,EGC,CUNDINAMARCA,SOACHA
7.86047815,-76.58136264,EGC,2022,EGC,ANTIOQUIA,APARTADÓ
7.866432635,-75.87533926,SM,2022,SM,CÓRDOBA,MONTELÍBANO
7.866432635,-75.87433926,EGC,2022,EGC,CÓRDOBA,MONTELÍBANO
11.09029715,-73.43568788,EGC,2022,EGC,LA GUAJIRA,DIBULLA
7.867941792,-75.03501824,EGC,2022,EGC,ANTIOQUIA,CAUCASIA
7.867941792,-75.03401824,Caparros,2022,Caparros,ANTIOQUIA,CAUCASIA
7.983477394,-74.65844186,ELN,2022,ELN,ANTIOQUIA,NECHÍ
10.25356475,-74.10323027,EGC,2022,EGC,MAGDALENA,ALGARROBO
10.64490877,-73.87972257,EGC,2022,EGC,MAGDALENA,ARACATACA
7.983477394,-74.65744186,EGC,2022,EGC,ANTIOQUIA,NECHÍ
10.09951961,-74.52606667,EGC,2022,EGC,MAGDALENA,CHIVOLO
10.85754552,-74.02500493,EGC,2022,EGC,MAGDALENA,CIÉNAGA
9.114930635,-73.98105491,EGC,2022,EGC,MAGDALENA,EL BANCO
10.10533028,-74.2644392,EGC,2022,EGC,MAGDALENA,SABANAS DE SAN ÁNGEL
10.45937818,-73.88406518,EGC,2022,EGC,MAGDALENA,FUNDACIÓN
10.84758901,-74.36057942,EGC,2022,EGC,MAGDALENA,PUEBLOVIEJO
11.12189436,-73.88527855,EGC,2022,EGC,MAGDALENA,SANTA MARTA
10.89027616,-74.62966038,EGC,2022,EGC,MAGDALENA,SITIONUEVO
10.79634658,-74.17798317,EGC,2022,EGC,MAGDALENA,ZONA BANANERA
3.943383008,-73.57135162,EGC,2022,EGC,META,ACACÍAS
4.315244759,-72.95268896,EGC,2022,EGC,META,CABUYARO
3.441051399,-73.7611547,EGC,2022,EGC,META,GRANADA
8.01710024,-74.46342911,ELN,2022,ELN,BOLÍVAR,MONTECRISTO
8.01710024,-74.46242911,EGC,2022,EGC,BOLÍVAR,MONTECRISTO
8.019834481,-73.15850485,ELN,2022,ELN,NORTE DE SANTANDER,ÁBREGO
3.193092925,-73.23671436,EGC,2022,EGC,META,PUERTO LLERAS
4.014298921,-72.64570499,EGC,2022,EGC,META,PUERTO LÓPEZ
3.515860962,-72.65672742,EGC,2022,EGC,META,SAN MARTÍN
8.019834481,-73.15750485,EPL,2022,EPL,NORTE DE SANTANDER,ÁBREGO
4.09166877,-73.49291595,EGC,2022,EGC,META,VILLAVICENCIO
8.081200092,-72.63152118,Gentil Duarte,2022,Gentil Duarte,NORTE DE SANTANDER,EL ZULIA
8.081200092,-72.63052118,EGC,2022,EGC,NORTE DE SANTANDER,EL ZULIA
8.112041811,-72.48862641,Gentil Duarte,2022,Gentil Duarte,NORTE DE SANTANDER,SAN JOSÉ DE CÚCUTA
8.112041811,-72.48762641,ELN,2022,ELN,NORTE DE SANTANDER,SAN JOSÉ DE CÚCUTA
8.112041811,-72.48962641,EGC,2022,EGC,NORTE DE SANTANDER,SAN JOSÉ DE CÚCUTA
8.117281079,-77.10372723,ELN,2022,ELN,CHOCÓ,UNGUÍA
8.117281079,-77.10272723,EGC,2022,EGC,CHOCÓ,UNGUÍA
8.206637527,-73.33765033,Gentil Duarte,2022,Gentil Duarte,NORTE DE SANTANDER,OCAÑA
8.206637527,-73.33665033,ELN,2022,ELN,NORTE DE SANTANDER,OCAÑA
8.206637527,-73.33865033,EGC,2022,EGC,NORTE DE SANTANDER,OCAÑA
8.215080767,-72.79580961,Gentil Duarte,2022,Gentil Duarte,NORTE DE SANTANDER,SARDINATA
8.215080767,-72.79480961,ELN,2022,ELN,NORTE DE SANTANDER,SARDINATA
8.215080767,-72.79680961,EPL,2022,EPL,NORTE DE SANTANDER,SARDINATA
8.248735219,-73.6227405,ELN,2022,ELN,CESAR,AGUACHICA
8.248735219,-73.6217405,EGC,2022,EGC,CESAR,AGUACHICA
8.253700061,-73.9713459,ELN,2022,ELN,BOLÍVAR,MORALES
8.253700061,-73.9703459,EGC,2022,EGC,BOLÍVAR,MORALES
8.361831987,-73.0782633,Gentil Duarte,2022,Gentil Duarte,NORTE DE SANTANDER,HACARÍ
8.361831987,-73.0772633,ELN,2022,ELN,NORTE DE SANTANDER,HACARÍ
4.842021144,-75.66993655,EGC,2022,EGC,RISARALDA,DOSQUEBRADAS
8.362996158,-74.10301905,ELN,2022,ELN,BOLÍVAR,ARENAL
8.362996158,-74.10201905,EGC,2022,EGC,BOLÍVAR,ARENAL
9.314972282,-74.98014057,EGC,2022,EGC,SUCRE,BUENAVISTA
6.976734127,-73.205267,EGC,2022,EGC,SANTANDER,GIRÓN
8.37915695,-76.31664233,ELN,2022,ELN,ANTIOQUIA,SAN PEDRO DE URABÁ
9.135169096,-74.98134706,EGC,2022,EGC,SUCRE,GALERAS
9.160624283,-75.23858178,EGC,2022,EGC,SUCRE,COROZAL
9.394449802,-75.6574915,EGC,2022,EGC,SUCRE,COVEÑAS
8.337828523,-74.68734926,EGC,2022,EGC,SUCRE,GUARANDA
8.546148134,-74.71037883,EGC,2022,EGC,SUCRE,MAJAGUAL
9.392496685,-75.32718744,EGC,2022,EGC,SUCRE,MORROA
9.165188649,-75.36027422,EGC,2022,EGC,SUCRE,SAMPUÉS
9.396835638,-75.03741815,EGC,2022,EGC,SUCRE,SAN PEDRO
9.490297716,-75.44451115,EGC,2022,EGC,SUCRE,SAN JOSÉ DE TOLUVIEJO
8.589220102,-75.17249955,EGC,2022,EGC,SUCRE,SAN MARCOS
5.006758956,-74.84750095,EGC,2022,EGC,TOLIMA,ARMERO
5.186694812,-75.05228995,EGC,2022,EGC,TOLIMA,FRESNO
5.179416561,-74.78303094,EGC,2022,EGC,TOLIMA,HONDA
9.814599536,-75.50522919,EGC,2022,EGC,SUCRE,SAN ONOFRE
9.533810567,-75.53543469,EGC,2022,EGC,SUCRE,SANTIAGO DE TOLÚ
9.316673928,-75.43174967,EGC,2022,EGC,SUCRE,SINCELEJO
4.704287864,-76.14164999,EGC,2022,EGC,VALLE DEL CAUCA,ARGELIA
8.37915695,-76.31564233,EGC,2022,EGC,ANTIOQUIA,SAN PEDRO DE URABÁ
4.70684716,-75.91790846,EGC,2022,EGC,VALLE DEL CAUCA,CARTAGO
5.242744761,-72.25802857,EGC,2022,EGC,CASANARE,YOPAL
8.414441404,-73.2176038,Gentil Duarte,2022,Gentil Duarte,NORTE DE SANTANDER,SAN CALIXTO
4.675769488,-72.21280273,EGC,2022,EGC,CASANARE,MANÍ
4.528307719,-72.82314281,EGC,2022,EGC,CASANARE,VILLANUEVA
8.414441404,-73.2166038,ELN,2022,ELN,NORTE DE SANTANDER,SAN CALIXTO
4.539979729,-76.28762701,EGC,2022,EGC,VALLE DEL CAUCA,EL DOVIO
8.492345176,-74.29676139,ELN,2022,ELN,BOLÍVAR,TIQUISIO
8.492345176,-74.29576139,EGC,2022,EGC,BOLÍVAR,TIQUISIO
8.50613476,-74.11588912,ELN,2022,ELN,BOLÍVAR,NOROSÍ
8.50613476,-74.11488912,EGC,2022,EGC,BOLÍVAR,NOROSÍ
8.559982465,-73.90298668,ELN,2022,ELN,BOLÍVAR,RÍO VIEJO
8.559982465,-73.90198668,EGC,2022,EGC,BOLÍVAR,RÍO VIEJO
8.622943262,-74.47805945,ELN,2022,ELN,BOLÍVAR,ACHÍ
8.622943262,-74.47705945,EGC,2022,EGC,BOLÍVAR,ACHÍ
8.678263671,-73.0317597,Gentil Duarte,2022,Gentil Duarte,NORTE DE SANTANDER,EL TARRA
8.678263671,-73.0307597,ELN,2022,ELN,NORTE DE SANTANDER,EL TARRA
8.713507237,-72.79925855,Gentil Duarte,2022,Gentil Duarte,NORTE DE SANTANDER,TIBÚ
8.713507237,-72.79825855,ELN,2022,ELN,NORTE DE SANTANDER,TIBÚ
8.760013794,-73.15714097,Gentil Duarte,2022,Gentil Duarte,NORTE DE SANTANDER,TEORAMA
8.760013794,-73.15614097,ELN,2022,ELN,NORTE DE SANTANDER,TEORAMA
8.764116734,-73.63295546,ELN,2022,ELN,CESAR,PELAYA
8.764116734,-73.63195546,EGC,2022,EGC,CESAR,PELAYA
8.837077654,-74.27966531,ELN,2022,ELN,BOLÍVAR,BARRANCO DE LOBA
8.837077654,-74.27866531,EGC,2022,EGC,BOLÍVAR,BARRANCO DE LOBA
8.873159895,-73.20007769,Gentil Duarte,2022,Gentil Duarte,NORTE DE SANTANDER,CONVENCIÓN
8.873159895,-73.19907769,ELN,2022,ELN,NORTE DE SANTANDER,CONVENCIÓN
8.938916143,-73.57247213,ELN,2022,ELN,CESAR,PAILITAS
8.938916143,-73.57147213,EGC,2022,EGC,CESAR,PAILITAS
9.238771332,-73.48810861,ELN,2022,ELN,CESAR,CURUMANÍ
9.238771332,-73.48710861,EGC,2022,EGC,CESAR,CURUMANÍ
9.426648354,-73.54797894,ELN,2022,ELN,CESAR,CHIRIGUANÁ
9.426648354,-73.54697894,EGC,2022,EGC,CESAR,CHIRIGUANÁ
10.21890277,-73.45784764,ELN,2022,ELN,CESAR,VALLEDUPAR
10.21890277,-73.45684764,EGC,2022,EGC,CESAR,VALLEDUPAR
10.8283716,-72.8018178,ELN,2022,ELN,LA GUAJIRA,FONSECA
10.8283716,-72.8008178,EGC,2022,EGC,LA GUAJIRA,FONSECA
10.94871677,-72.69696879,ELN,2022,ELN,LA GUAJIRA,BARRANCAS
10.94871677,-72.69596879,EGC,2022,EGC,LA GUAJIRA,BARRANCAS
10.98152051,-74.82771544,ELN,2022,ELN,ATLÁNTICO,BARRANQUILLA
10.98152051,-74.82671544,EGC,2022,EGC,ATLÁNTICO,BARRANQUILLA
11.22869049,-72.53209657,ELN,2022,ELN,LA GUAJIRA,ALBANIA
11.22869049,-72.53109657,EGC,2022,EGC,LA GUAJIRA,ALBANIA
11.38157764,-72.29500818,ELN,2022,ELN,LA GUAJIRA,MAICAO
11.38157764,-72.29400818,EGC,2022,EGC,LA GUAJIRA,MAICAO
11.99971986,-71.74882662,ELN,2022,ELN,LA GUAJIRA,URIBIA
11.99971986,-71.74782662,EGC,2022,EGC,LA GUAJIRA,URIBIA
-0.69774,-71.75058,EMC,2025,EMC,AMAZONAS,MIRITÍ - PARANÁ
-0.81441,-71.33793,EMC,2025,EMC,AMAZONAS,MIRITÍ - PARANÁ
-1.06053,-73.93185,CN-EB,2025,CN-EB,AMAZONAS,PUERTO ALEGRÍA
-1.19866,-73.50484,EMC,2025,EMC,AMAZONAS,PUERTO ALEGRÍA
-0.89384,-73.79873,EMBF,2025,EMBF,AMAZONAS,PUERTO ALEGRÍA
-3.82517,-70.64003,CN-EB,2025,CN-EB,AMAZONAS,PUERTO NARIÑO
-0.62721,-72.39152,EMBF,2025,EMBF,AMAZONAS,PUERTO SANTANDER
-0.62032,-72.39869,EMC,2025,EMC,AMAZONAS,PUERTO SANTANDER
5.78974,-75.42801,EGC,2025,EGC,ANTIOQUIA,ABEJORRAL
7.07542,-74.95073,EGC,2025,EGC,ANTIOQUIA,AMALFI
7.0594,-74.95262,ELN,2025,ELN,ANTIOQUIA,AMALFI
7.06519,-74.93957,EMBF,2025,EMBF,ANTIOQUIA,AMALFI
5.60199,-75.8961,EGC,2025,EGC,ANTIOQUIA,ANDES
5.6441,-75.85511,EGC,2025,EGC,ANTIOQUIA,ANDES
5.64369,-75.95329,EGC,2025,EGC,ANTIOQUIA,ANDES
7.37488,-75.00706,EGC,2025,EGC,ANTIOQUIA,ANORÍ
7.3645,-74.97839,ELN,2025,ELN,ANTIOQUIA,ANORÍ
7.34407,-75.00431,EMBF,2025,EMBF,ANTIOQUIA,ANORÍ
7.27053,-74.98342,EMBF,2025,EMBF,ANTIOQUIA,ANORÍ
7.25996,-74.99962,ELN,2025,ELN,ANTIOQUIA,ANORÍ
7.28499,-74.99687,EGC,2025,EGC,ANTIOQUIA,ANORÍ
7.95562,-76.55783,EGC,2025,EGC,ANTIOQUIA,APARTADÓ
8.46875,-76.47736,EGC,2025,EGC,ANTIOQUIA,ARBOLETES
5.75392,-75.12021,EGC,2025,EGC,ANTIOQUIA,ARGELIA
6.157,-75.7894,EGC,2025,EGC,ANTIOQUIA,ARMENIA
6.47166,-75.27169,EGC,2025,EGC,ANTIOQUIA,BARBOSA
6.4243,-75.28947,EGC,2025,EGC,ANTIOQUIA,BARBOSA
6.33672,-75.55958,EGC,2025,EGC,ANTIOQUIA,BELLO
6.13499,-75.94878,EGC,2025,EGC,ANTIOQUIA,BETULIA
6.2194,-75.94944,EGC,2025,EGC,ANTIOQUIA,BETULIA
7.17367,-75.36557,EGC,2025,EGC,ANTIOQUIA,BRICEÑO
7.1581,-75.3757,ELN,2025,ELN,ANTIOQUIA,BRICEÑO
7.17888,-75.34514,EMBF,2025,EMBF,ANTIOQUIA,BRICEÑO
7.11809,-75.58086,EMBF,2025,EMBF,ANTIOQUIA,BRICEÑO
7.12183,-75.57416,EGC,2025,EGC,ANTIOQUIA,BRICEÑO
6.70011,-75.91664,EGC,2025,EGC,ANTIOQUIA,BURITICÁ
6.69359,-75.90145,EGC,2025,EGC,ANTIOQUIA,BURITICÁ
6.72108,-75.86922,EGC,2025,EGC,ANTIOQUIA,BURITICÁ
6.69383,-75.84748,EGC,2025,EGC,ANTIOQUIA,BURITICÁ
7.43577,-75.13828,EGC,2025,EGC,ANTIOQUIA,CÁCERES
7.43399,-75.13725,ELN,2025,ELN,ANTIOQUIA,CÁCERES
7.43911,-75.13824,EMBF,2025,EMBF,ANTIOQUIA,CÁCERES
7.66826,-75.28438,EGC,2025,EGC,ANTIOQUIA,CÁCERES
7.85553,-75.20806,EGC,2025,EGC,ANTIOQUIA,CÁCERES
7.75169,-75.25423,EGC,2025,EGC,ANTIOQUIA,CÁCERES
7.94482,-75.20762,EGC,2025,EGC,ANTIOQUIA,CÁCERES
6.97797,-75.29742,EMBF,2025,EMBF,ANTIOQUIA,CAMPAMENTO
6.80718,-76.11713,EGC,2025,EGC,ANTIOQUIA,CAÑASGORDAS
7.75361,-76.65474,EGC,2025,EGC,ANTIOQUIA,CAREPA
7.76725,-76.49232,EGC,2025,EGC,ANTIOQUIA,CAREPA
7.98576,-75.20733,CAPARROS,2025,CAPARROS,ANTIOQUIA,CAUCASIA
7.98087,-75.1935,EGC,2025,EGC,ANTIOQUIA,CAUCASIA
7.66287,-76.68135,EGC,2025,EGC,ANTIOQUIA,CHIGORODÓ
5.80212,-76.02789,EGC,2025,EGC,ANTIOQUIA,CIUDAD BOLÍVAR
5.89588,-75.95716,EGC,2025,EGC,ANTIOQUIA,CIUDAD BOLÍVAR
6.05694,-75.18566,EGC,2025,EGC,ANTIOQUIA,COCORNÁ
5.99119,-75.17008,EGC,2025,EGC,ANTIOQUIA,COCORNÁ
6.04352,-75.9246,EGC,2025,EGC,ANTIOQUIA,CONCORDIA
6.92371,-76.25893,EGC,2025,EGC,ANTIOQUIA,DABEIBA
7.0009,-76.26247,EGC,2025,EGC,ANTIOQUIA,DABEIBA
6.45762,-75.41359,EGC,2025,EGC,ANTIOQUIA,DONMATÍAS
7.5927,-74.79791,CAPARROS,2025,CAPARROS,ANTIOQUIA,EL BAGRE
7.50051,-74.74845,EGC,2025,EGC,ANTIOQUIA,EL BAGRE
7.47208,-74.73935,EGC,2025,EGC,ANTIOQUIA,EL BAGRE
7.43761,-74.65273,EGC,2025,EGC,ANTIOQUIA,EL BAGRE
7.42144,-74.6341,ELN,2025,ELN,ANTIOQUIA,EL BAGRE
7.45335,-74.6511,EMBF,2025,EMBF,ANTIOQUIA,EL BAGRE
7.44663,-74.68674,EGC,2025,EGC,ANTIOQUIA,EL BAGRE
7.4262,-74.68108,ELN,2025,ELN,ANTIOQUIA,EL BAGRE
7.4216,-74.70666,EMBF,2025,EMBF,ANTIOQUIA,EL BAGRE
6.59036,-75.57809,EGC,2025,EGC,ANTIOQUIA,ENTRERRÍOS
6.80313,-76.24831,EGC,2025,EGC,ANTIOQUIA,FRONTINO
6.74253,-76.36807,EGC,2025,EGC,ANTIOQUIA,FRONTINO
6.13553,-75.0683,EGC,2025,EGC,ANTIOQUIA,GRANADA
7.18883,-75.85599,EGC,2025,EGC,ANTIOQUIA,ITUANGO
7.28535,-75.72123,EGC,2025,EGC,ANTIOQUIA,ITUANGO
7.24943,-75.57247,EGC,2025,EGC,ANTIOQUIA,ITUANGO
7.20553,-75.77039,EGC,2025,EGC,ANTIOQUIA,ITUANGO
7.16348,-75.72164,ELN,2025,ELN,ANTIOQUIA,ITUANGO
7.23691,-75.58623,EMBF,2025,EMBF,ANTIOQUIA,ITUANGO
7.13831,-75.80963,EMBF,2025,EMBF,ANTIOQUIA,ITUANGO
5.79771,-75.73499,EGC,2025,EGC,ANTIOQUIA,JERICÓ
5.75675,-75.79863,EGC,2025,EGC,ANTIOQUIA,JERICÓ
5.9555,-75.37067,EGC,2025,EGC,ANTIOQUIA,LA UNIÓN
6.7519,-75.75115,EGC,2025,EGC,ANTIOQUIA,LIBORINA
6.54833,-74.78138,EGC,2025,EGC,ANTIOQUIA,MACEO
6.16787,-75.31777,EGC,2025,EGC,ANTIOQUIA,MARINILLA
6.23774,-75.57262,EGC,2025,EGC,ANTIOQUIA,MEDELLÍN
6.97706,-76.81079,EGC,2025,EGC,ANTIOQUIA,MURINDÓ
7.24405,-76.43676,EGC,2025,EGC,ANTIOQUIA,MUTATÁ
7.50788,-76.5371,EGC,2025,EGC,ANTIOQUIA,MUTATÁ
7.33536,-76.49034,EGC,2025,EGC,ANTIOQUIA,MUTATÁ
5.6342,-75.14772,EGC,2025,EGC,ANTIOQUIA,NARIÑO
7.94888,-74.86808,EGC,2025,EGC,ANTIOQUIA,NECHÍ
8.09093,-74.77964,EGC,2025,EGC,ANTIOQUIA,NECHÍ
8.63538,-76.71852,EGC,2025,EGC,ANTIOQUIA,NECOCLÍ
8.42619,-76.77956,EGC,2025,EGC,ANTIOQUIA,NECOCLÍ
6.24976,-75.26462,EGC,2025,EGC,ANTIOQUIA,PEÑOL
7.02142,-75.90881,EGC,2025,EGC,ANTIOQUIA,PEQUE
5.79656,-75.86155,EGC,2025,EGC,ANTIOQUIA,PUEBLORRICO
6.46635,-74.57259,EGC,2025,EGC,ANTIOQUIA,PUERTO BERRÍO
6.44941,-74.63033,EGC,2025,EGC,ANTIOQUIA,PUERTO BERRÍO
7.01173,-74.43045,EGC,2025,EGC,ANTIOQUIA,REMEDIOS
6.99104,-74.44624,ELN,2025,ELN,ANTIOQUIA,REMEDIOS
7.00082,-74.42963,EMBF,2025,EMBF,ANTIOQUIA,REMEDIOS
7.28643,-74.51038,EMBF,2025,EMBF,ANTIOQUIA,REMEDIOS
7.22444,-74.50282,ELN,2025,ELN,ANTIOQUIA,REMEDIOS
7.27689,-74.45917,EGC,2025,EGC,ANTIOQUIA,REMEDIOS
7.06765,-74.7225,EGC,2025,EGC,ANTIOQUIA,REMEDIOS
6.20059,-75.42698,EGC,2025,EGC,ANTIOQUIA,RIONEGRO
6.14862,-75.37349,EGC,2025,EGC,ANTIOQUIA,RIONEGRO
5.95799,-75.93353,EGC,2025,EGC,ANTIOQUIA,SALGAR
5.93388,-75.85883,EGC,2025,EGC,ANTIOQUIA,SALGAR
6.92344,-75.63254,EGC,2025,EGC,ANTIOQUIA,SAN ANDRÉS DE CUERQUÍA
6.9225,-75.68164,EGC,2025,EGC,ANTIOQUIA,SAN ANDRÉS DE CUERQUÍA
5.85859,-74.89755,EGC,2025,EGC,ANTIOQUIA,SAN FRANCISCO
6.84656,-75.72267,EGC,2025,EGC,ANTIOQUIA,SAN JOSÉ DE LA MONTAÑA
8.7466,-76.54862,EGC,2025,EGC,ANTIOQUIA,SAN JUAN DE URABÁ
6.01407,-75.02757,EGC,2025,EGC,ANTIOQUIA,SAN LUIS
5.9382,-74.98473,EGC,2025,EGC,ANTIOQUIA,SAN LUIS
6.49626,-75.566,EGC,2025,EGC,ANTIOQUIA,SAN PEDRO DE LOS MILAGROS
6.48705,-75.59364,EGC,2025,EGC,ANTIOQUIA,SAN PEDRO DE LOS MILAGROS
8.27727,-76.37956,EGC,2025,EGC,ANTIOQUIA,SAN PEDRO DE URABÁ
6.37709,-74.98206,EGC,2025,EGC,ANTIOQUIA,SAN RAFAEL
6.49294,-74.84298,EGC,2025,EGC,ANTIOQUIA,SAN ROQUE
6.51591,-74.90407,EGC,2025,EGC,ANTIOQUIA,SAN ROQUE
6.55929,-75.82553,EGC,2025,EGC,ANTIOQUIA,SANTA FÉ DE ANTIOQUIA
6.50298,-75.97141,EGC,2025,EGC,ANTIOQUIA,SANTA FÉ DE ANTIOQUIA
7.29079,-74.58112,EGC,2025,EGC,ANTIOQUIA,SEGOVIA
7.33291,-74.62143,EGC,2025,EGC,ANTIOQUIA,SEGOVIA
7.08087,-74.69829,EGC,2025,EGC,ANTIOQUIA,SEGOVIA
7.40142,-74.56215,EGC,2025,EGC,ANTIOQUIA,SEGOVIA
7.23727,-74.54182,EMBF,2025,EMBF,ANTIOQUIA,SEGOVIA
7.23851,-74.57399,ELN,2025,ELN,ANTIOQUIA,SEGOVIA
7.26507,-74.55442,EGC,2025,EGC,ANTIOQUIA,SEGOVIA
5.82079,-75.13994,EGC,2025,EGC,ANTIOQUIA,SONSÓN
7.46702,-75.29556,EGC,2025,EGC,ANTIOQUIA,TARAZÁ
7.42604,-75.31915,ELN,2025,ELN,ANTIOQUIA,TARAZÁ
7.5648,-75.5365,CAPARROS,2025,CAPARROS,ANTIOQUIA,TARAZÁ
7.57987,-75.3981,EGC,2025,EGC,ANTIOQUIA,TARAZÁ
6.08308,-75.81682,EGC,2025,EGC,ANTIOQUIA,TITIRIBÍ
6.94291,-75.73061,EGC,2025,EGC,ANTIOQUIA,TOLEDO
6.98112,-75.7239,EGC,2025,EGC,ANTIOQUIA,TOLEDO
6.98974,-75.71807,EMBF,2025,EMBF,ANTIOQUIA,TOLEDO
8.13603,-76.71476,EGC,2025,EGC,ANTIOQUIA,TURBO
8.10153,-76.88918,EGC,2025,EGC,ANTIOQUIA,TURBO
8.13953,-76.6574,EGC,2025,EGC,ANTIOQUIA,TURBO
7.65166,-76.95723,EGC,2025,EGC,ANTIOQUIA,TURBO
6.89928,-76.17379,EGC,2025,EGC,ANTIOQUIA,URAMITA
6.94408,-76.09038,EGC,2025,EGC,ANTIOQUIA,URAMITA
6.49029,-76.30712,ELN,2025,ELN,ANTIOQUIA,URRAO
6.46044,-76.3042,EGC,2025,EGC,ANTIOQUIA,URRAO
7.39115,-75.29415,EMBF,2025,EMBF,ANTIOQUIA,VALDIVIA
7.40362,-75.29175,ELN,2025,ELN,ANTIOQUIA,VALDIVIA
7.39664,-75.2881,EGC,2025,EGC,ANTIOQUIA,VALDIVIA
7.32985,-75.33593,ELN,2025,ELN,ANTIOQUIA,VALDIVIA
7.16573,-75.43874,ELN,2025,ELN,ANTIOQUIA,VALDIVIA
7.28662,-75.3167,ELN,2025,ELN,ANTIOQUIA,VALDIVIA
7.26908,-75.32477,EGC,2025,EGC,ANTIOQUIA,VALDIVIA
7.26942,-75.29936,EMBF,2025,EMBF,ANTIOQUIA,VALDIVIA
7.23669,-75.36009,EGC,2025,EGC,ANTIOQUIA,VALDIVIA
7.24764,-75.35127,ELN,2025,ELN,ANTIOQUIA,VALDIVIA
7.22627,-75.35514,EMBF,2025,EMBF,ANTIOQUIA,VALDIVIA
7.16911,-75.46775,ELN,2025,ELN,ANTIOQUIA,VALDIVIA
6.85852,-74.80193,EGC,2025,EGC,ANTIOQUIA,VEGACHÍ
7.18931,-75.35994,EGC,2025,EGC,ANTIOQUIA,YARUMAL
7.18892,-75.35649,ELN,2025,ELN,ANTIOQUIA,YARUMAL
7.18687,-75.35885,EMBF,2025,EMBF,ANTIOQUIA,YARUMAL
7.03396,-75.62066,EGC,2025,EGC,ANTIOQUIA,YARUMAL
7.0356,-75.62427,EMBF,2025,EMBF,ANTIOQUIA,YARUMAL
7.02558,-75.58765,ELN,2025,ELN,ANTIOQUIA,YARUMAL
6.97246,-75.42103,EGC,2025,EGC,ANTIOQUIA,YARUMAL
6.96292,-75.4085,ELN,2025,ELN,ANTIOQUIA,YARUMAL
6.95457,-75.41399,EMBF,2025,EMBF,ANTIOQUIA,YARUMAL
6.63622,-74.86476,EGC,2025,EGC,ANTIOQUIA,YOLOMBÓ
6.59708,-75.01112,EGC,2025,EGC,ANTIOQUIA,YOLOMBÓ
6.98618,-74.1226,EGC,2025,EGC,ANTIOQUIA,YONDÓ
7.02585,-74.11537,EGC,2025,EGC,ANTIOQUIA,YONDÓ
7.02446,-74.11528,EGC,2025,EGC,ANTIOQUIA,YONDÓ
7.00016,-74.21493,ELN,2025,ELN,ANTIOQUIA,YONDÓ
6.95494,-74.05919,EGC,2025,EGC,ANTIOQUIA,YONDÓ
7.49744,-74.92358,EGC,2025,EGC,ANTIOQUIA,ZARAGOZA
7.37287,-74.66865,EGC,2025,EGC,ANTIOQUIA,ZARAGOZA
7.59921,-74.83667,EGC,2025,EGC,ANTIOQUIA,ZARAGOZA
6.63054,-71.28442,ELN,2025,ELN,ARAUCA,ARAUQUITA
6.60476,-71.27628,ELN,2025,ELN,ARAUCA,ARAUQUITA
6.56508,-71.19574,EMC,2025,EMC,ARAUCA,ARAUQUITA
6.61749,-71.05942,ELN,2025,ELN,ARAUCA,ARAUQUITA
6.61122,-70.96727,ELN,2025,ELN,ARAUCA,ARAUQUITA
6.68209,-71.35753,ELN,2025,ELN,ARAUCA,ARAUQUITA
6.45309,-70.51205,EMC,2025,EMC,ARAUCA,CRAVO NORTE
6.80532,-71.75027,ELN,2025,ELN,ARAUCA,FORTUL
6.70305,-71.74729,ELN,2025,ELN,ARAUCA,FORTUL
6.8118,-71.71195,ELN,2025,ELN,ARAUCA,FORTUL
6.82561,-71.72189,ELN,2025,ELN,ARAUCA,FORTUL
6.3167,-70.9,ELN,2025,ELN,ARAUCA,PUERTO RONDÓN
6.31595,-70.89691,EMC,2025,EMC,ARAUCA,PUERTO RONDÓN
6.56996,-71.25791,ELN,2025,ELN,ARAUCA,PUERTO RONDÓN
6.56728,-71.24469,EMC,2025,EMC,ARAUCA,PUERTO RONDÓN
6.51975,-71.19426,ELN,2025,ELN,ARAUCA,PUERTO RONDÓN
6.52476,-71.21415,EMC,2025,EMC,ARAUCA,PUERTO RONDÓN
6.41669,-71.16661,EMC,2025,EMC,ARAUCA,PUERTO RONDÓN
6.93166,-71.84616,ELN,2025,ELN,ARAUCA,SARAVENA
6.94098,-71.77538,ELN,2025,ELN,ARAUCA,SARAVENA
6.94005,-71.9144,ELN,2025,ELN,ARAUCA,SARAVENA
6.94202,-71.69025,ELN,2025,ELN,ARAUCA,SARAVENA
6.52412,-71.36017,EMC,2025,EMC,ARAUCA,TAME
6.4516,-71.87972,ELN,2025,ELN,ARAUCA,TAME
6.45577,-71.87887,EMC,2025,EMC,ARAUCA,TAME
6.09374,-72.10125,ELN,2025,ELN,ARAUCA,TAME
6.0937,-72.1041,EMC,2025,EMC,ARAUCA,TAME
6.12681,-72.02455,ELN,2025,ELN,ARAUCA,TAME
6.12587,-72.02736,EMC,2025,EMC,ARAUCA,TAME
6.50719,-71.41831,EMC,2025,EMC,ARAUCA,TAME
6.52084,-71.43342,ELN,2025,ELN,ARAUCA,TAME
6.59676,-71.55458,EMC,2025,EMC,ARAUCA,TAME
6.60304,-71.55806,ELN,2025,ELN,ARAUCA,TAME
6.62907,-71.53792,ELN,2025,ELN,ARAUCA,TAME
6.62617,-71.53553,EMC,2025,EMC,ARAUCA,TAME
6.23423,-71.97956,EMC,2025,EMC,ARAUCA,TAME
6.20556,-71.98025,ELN,2025,ELN,ARAUCA,TAME
10.79894,-74.93589,EGC,2025,EGC,ATLÁNTICO,BARANOA
11.0041,-74.80698,EGC,2025,EGC,ATLÁNTICO,BARRANQUILLA
10.46014,-74.87238,EGC,2025,EGC,ATLÁNTICO,CANDELARIA
10.90005,-74.88614,EGC,2025,EGC,ATLÁNTICO,GALAPA
10.82909,-75.03585,EGC,2025,EGC,ATLÁNTICO,JUAN DE ACOSTA
10.57491,-75.21015,EGC,2025,EGC,ATLÁNTICO,LURUACO
10.85758,-74.77468,EGC,2025,EGC,ATLÁNTICO,MALAMBO
10.45185,-74.96593,EGC,2025,EGC,ATLÁNTICO,MANATÍ
10.74044,-74.75527,EGC,2025,EGC,ATLÁNTICO,PALMAR DE VARELA
10.74871,-75.10792,EGC,2025,EGC,ATLÁNTICO,PIOJÓ
10.6424,-74.7628,EGC,2025,EGC,ATLÁNTICO,PONEDERA
10.99506,-74.94052,EGC,2025,EGC,ATLÁNTICO,PUERTO COLOMBIA
10.49476,-75.1237,EGC,2025,EGC,ATLÁNTICO,REPELÓN
10.78977,-74.7552,EGC,2025,EGC,ATLÁNTICO,SABANAGRANDE
10.64244,-74.9383,EGC,2025,EGC,ATLÁNTICO,SABANALARGA
10.32932,-74.95578,EGC,2025,EGC,ATLÁNTICO,SANTA LUCÍA
10.76328,-74.75649,EGC,2025,EGC,ATLÁNTICO,SANTO TOMÁS
10.91711,-74.79915,EGC,2025,EGC,ATLÁNTICO,SOLEDAD
10.33711,-74.88961,EGC,2025,EGC,ATLÁNTICO,SUAN
10.87364,-74.97018,EGC,2025,EGC,ATLÁNTICO,TUBARÁ
10.74284,-74.97833,EGC,2025,EGC,ATLÁNTICO,USIACURÍ
8.56479,-74.56028,EGC,2025,EGC,BOLÍVAR,ACHÍ
8.56479,-74.55528,ELN,2025,ELN,BOLÍVAR,ACHÍ
8.75268,-74.16337,EGC,2025,EGC,BOLÍVAR,ALTOS DEL ROSARIO
8.80887,-74.21539,EGC,2025,EGC,BOLÍVAR,ALTOS DEL ROSARIO
8.36826,-74.13518,ELN,2025,ELN,BOLÍVAR,ARENAL
8.36826,-74.13018,EGC,2025,EGC,BOLÍVAR,ARENAL
10.24258,-75.35966,EGC,2025,EGC,BOLÍVAR,ARJONA
8.69191,-74.084,EGC,2025,EGC,BOLÍVAR,BARRANCO DE LOBA
8.69191,-74.089,ELN,2025,ELN,BOLÍVAR,BARRANCO DE LOBA
10.14815,-74.95504,EGC,2025,EGC,BOLÍVAR,CALAMAR
10.14815,-74.95004,EMBF,2025,EMBF,BOLÍVAR,CALAMAR
8.48624,-74.1312,EGC,2025,EGC,BOLÍVAR,CANTAGALLO
7.48559,-73.95392,ELN,2025,ELN,BOLÍVAR,CANTAGALLO
10.43574,-75.5361,EGC,2025,EGC,BOLÍVAR,CARTAGENA DE INDIAS
9.7321,-75.164981,EGC,2025,EGC,BOLÍVAR,EL CARMEN DE BOLÍVAR
9.76633,-75.21698,EGC,2025,EGC,BOLÍVAR,EL CARMEN DE BOLÍVAR
9.70143,-75.1436,EMBF,2025,EMBF,BOLÍVAR,EL CARMEN DE BOLÍVAR
8.74767,-73.9298,EGC,2025,EGC,BOLÍVAR,EL PEÑÓN
8.81575,-73.81333,ELN,2025,ELN,BOLÍVAR,EL PEÑÓN
8.96218,-74.08173,EGC,2025,EGC,BOLÍVAR,HATILLO DE LOBA
9.27884,-74.75607,EGC,2025,EGC,BOLÍVAR,MAGANGUÉ
9.98731,-75.31421,EGC,2025,EGC,BOLÍVAR,MARÍA LA BAJA
8.08634,-74.59832,ELN,2025,ELN,BOLÍVAR,MONTECRISTO
8.08634,-74.59332,EGC,2025,EGC,BOLÍVAR,MONTECRISTO
8.10039,-74.63063,ELN,2025,ELN,BOLÍVAR,MONTECRISTO
8.10039,-74.62563,EGC,2025,EGC,BOLÍVAR,MONTECRISTO
8.29546,-74.47784,EGC,2025,EGC,BOLÍVAR,MONTECRISTO
8.29546,-74.47284,EGC,2025,EGC,BOLÍVAR,MONTECRISTO
8.35606,-74.03328,EGC,2025,EGC,BOLÍVAR,MORALES
8.27573,-73.8595,ELN,2025,ELN,BOLÍVAR,MORALES
8.2722,-73.861003,EMBF,2025,EMBF,BOLÍVAR,MORALES
8.2722,-73.856003,ELN,2025,ELN,BOLÍVAR,MORALES
8.50818,-74.08148,EGC,2025,EGC,BOLÍVAR,NOROSÍ
8.50818,-74.07648,ELN,2025,ELN,BOLÍVAR,NOROSÍ
8.57438,-73.84488,EGC,2025,EGC,BOLÍVAR,RÍO VIEJO
8.57438,-73.83988,ELN,2025,ELN,BOLÍVAR,RÍO VIEJO
8.57438,-73.83488,EMBF,2025,EMBF,BOLÍVAR,RÍO VIEJO
10.3955,-75.0753,EGC,2025,EGC,BOLÍVAR,SAN CRISTÓBAL
10.3987,-75.13979,EGC,2025,EGC,BOLÍVAR,SAN ESTANISLAO
9.82205,-75.10961,EMBF,2025,EMBF,BOLÍVAR,SAN JACINTO
9.82205,-75.10461,EGC,2025,EGC,BOLÍVAR,SAN JACINTO
8.23142,-74.7337,EGC,2025,EGC,BOLÍVAR,SAN JACINTO DEL CAUCA
8.23142,-74.7287,ELN,2025,ELN,BOLÍVAR,SAN JACINTO DEL CAUCA
9.95114,-75.08382,EGC,2025,EGC,BOLÍVAR,SAN JUAN NEPOMUCENO
8.71105,-73.949,EGC,2025,EGC,BOLÍVAR,SAN MARTÍN DE LOBA
8.84631,-73.95318,EGC,2025,EGC,BOLÍVAR,SAN MARTÍN DE LOBA
8.82426,-73.9675,EGC,2025,EGC,BOLÍVAR,SAN MARTÍN DE LOBA
8.86077,-73.99121,EGC,2025,EGC,BOLÍVAR,SAN MARTÍN DE LOBA
8.94337,-74.03423,ELN,2025,ELN,BOLÍVAR,SAN MARTÍN DE LOBA
7.48627,-73.92694,EGC,2025,EGC,BOLÍVAR,SAN PABLO
7.48627,-73.92194,ELN,2025,ELN,BOLÍVAR,SAN PABLO
10.605,-75.2885,EGC,2025,EGC,BOLÍVAR,SANTA CATALINA
10.44579,-75.3685,EGC,2025,EGC,BOLÍVAR,SANTA ROSA
7.59839,-74.44728,ELN,2025,ELN,BOLÍVAR,SANTA ROSA DEL SUR
7.59839,-74.44228,EGC,2025,EGC,BOLÍVAR,SANTA ROSA DEL SUR
7.96306,-74.05097,ELN,2025,ELN,BOLÍVAR,SANTA ROSA DEL SUR
7.9628,-74.05182,EGC,2025,EGC,BOLÍVAR,SANTA ROSA DEL SUR
8.0356,-73.88339,EGC,2025,EGC,BOLÍVAR,SANTA ROSA DEL SUR
7.9168,-74.29466,EGC,2025,EGC,BOLÍVAR,SANTA ROSA DEL SUR
8.10749,-74.03113,EGC,2025,EGC,BOLÍVAR,SANTA ROSA DEL SUR
7.95715,-73.9464,ELN,2025,ELN,BOLÍVAR,SIMITÍ
7.95715,-73.9414,EGC,2025,EGC,BOLÍVAR,SIMITÍ
7.7964,-74.10612,EMBF,2025,EMBF,BOLÍVAR,SIMITÍ
7.80156,-74.11062,EGC,2025,EGC,BOLÍVAR,SIMITÍ
7.83411,-73.89909,EMBF,2025,EMBF,BOLÍVAR,SIMITÍ
7.83389,-73.89933,EGC,2025,EGC,BOLÍVAR,SIMITÍ
8.50914,-74.33758,ELN,2025,ELN,BOLÍVAR,TIQUISIO
8.4026,-74.36144,ELN,2025,ELN,BOLÍVAR,TIQUISIO
8.55558,-74.2647,ELN,2025,ELN,BOLÍVAR,TIQUISIO
8.46985,-74.296,ELN,2025,ELN,BOLÍVAR,TIQUISIO
8.59967,-74.28439,ELN,2025,ELN,BOLÍVAR,TIQUISIO
8.4201,-74.25351,ELN,2025,ELN,BOLÍVAR,TIQUISIO
8.64558,-74.21481,ELN,2025,ELN,BOLÍVAR,TIQUISIO
8.55514,-74.26553,EGC,2025,EGC,BOLÍVAR,TIQUISIO
8.49166,-74.32237,ELN,2025,ELN,BOLÍVAR,TIQUISIO
10.33463,-75.41267,EGC,2025,EGC,BOLÍVAR,TURBACO
10.44427,-75.2747,EGC,2025,EGC,BOLÍVAR,VILLANUEVA
9.74455,-74.81619,EGC,2025,EGC,BOLÍVAR,ZAMBRANO
6.1135,-72.52179,ELN,2025,ELN,BOYACÁ,CHITA
7.02192,-72.0597,ELN,2025,ELN,BOYACÁ,CUBARÁ
6.48876,-72.41356,ELN,2025,ELN,BOYACÁ,GÜICÁN DE LA SIERRA
5.46673,-72.55002,ELN,2025,ELN,BOYACÁ,LABRANZAGRANDE
6.00649,-74.31014,EGC,2025,EGC,BOYACÁ,PUERTO BOYACÁ
6.02898,-72.62142,ELN,2025,ELN,BOYACÁ,SOCOTÁ
5.1999,-75.69699,EGC,2025,EGC,CALDAS,ANSERMA
5.23414,-75.73799,EGC,2025,EGC,CALDAS,ANSERMA
5.4464,-74.68102,EGC,2025,EGC,CALDAS,LA DORADA
5.45783,-75.7652,EGC,2025,EGC,CALDAS,RIOSUCIO
5.45298,-75.64276,ELN,2025,ELN,CALDAS,SUPÍA
1.18262,-75.89058,EMBF,2025,EMBF,CAQUETÁ,ALBANIA
1.42843,-75.89872,SM,2025,SM,CAQUETÁ,BELÉN DE LOS ANDAQUÍES
0.18987,-74.30344,EMBF,2025,EMBF,CAQUETÁ,CARTAGENA DEL CHAIRÁ
0.17442,-74.30721,EMC,2025,EMC,CAQUETÁ,CARTAGENA DEL CHAIRÁ
1.03666,-74.87667,EMC,2025,EMC,CAQUETÁ,CARTAGENA DEL CHAIRÁ
1.01846,-74.8734,EMBF,2025,EMBF,CAQUETÁ,CARTAGENA DEL CHAIRÁ
0.74361,-74.43833,EMBF,2025,EMBF,CAQUETÁ,CARTAGENA DEL CHAIRÁ
0.77967,-74.69803,EMC,2025,EMC,CAQUETÁ,CARTAGENA DEL CHAIRÁ
0.56774,-74.21313,EMC,2025,EMC,CAQUETÁ,CARTAGENA DEL CHAIRÁ
0.60916667,-74.42,EMC,2025,EMC,CAQUETÁ,CARTAGENA DEL CHAIRÁ
0.6110823,-74.2366169,EMC,2025,EMC,CAQUETÁ,CARTAGENA DEL CHAIRÁ
0.32,-74.06194444,EMC,2025,EMC,CAQUETÁ,CARTAGENA DEL CHAIRÁ
0.51861,-74.08972,EMC,2025,EMC,CAQUETÁ,CARTAGENA DEL CHAIRÁ
0.36776,-74.11253,EMBF,2025,EMBF,CAQUETÁ,CARTAGENA DEL CHAIRÁ
1.08486,-75.9444,EMC,2025,EMC,CAQUETÁ,CURILLO
1.57206,-75.03445,EMBF,2025,EMBF,CAQUETÁ,EL DONCELLO
1.50265,-75.15542,EMBF,2025,EMBF,CAQUETÁ,EL PAUJÍL
1.63971,-75.58586,SM,2025,SM,CAQUETÁ,FLORENCIA
1.82244,-75.43649,EMBF,2025,EMBF,CAQUETÁ,FLORENCIA
1.7296,-75.6454,SM,2025,SM,CAQUETÁ,FLORENCIA
1.61922,-75.66638,SM,2025,SM,CAQUETÁ,FLORENCIA
1.53563,-75.7215,SM,2025,SM,CAQUETÁ,FLORENCIA
1.28287,-75.2025,EMBF,2025,EMBF,CAQUETÁ,LA MONTAÑITA
1.17238,-75.13065,EMBF,2025,EMBF,CAQUETÁ,LA MONTAÑITA
1.10343,-75.41809,EMBF,2025,EMBF,CAQUETÁ,MILÁN
2.23434,-75.11756,EMBF,2025,EMBF,CAQUETÁ,PUERTO RICO
1.34841,-76.03807,EMC,2025,EMC,CAQUETÁ,SAN JOSÉ DEL FRAGUA
1.33859,-76.03568,CN-EB,2025,CN-EB,CAQUETÁ,SAN JOSÉ DEL FRAGUA
1.13315,-76.17434,EMC,2025,EMC,CAQUETÁ,SAN JOSÉ DEL FRAGUA
1.3835,-76.01279,SM,2025,SM,CAQUETÁ,SAN JOSÉ DEL FRAGUA
2.71739,-74.92782,EMBF,2025,EMBF,CAQUETÁ,SAN VICENTE DEL CAGUÁN
2.70881,-74.91906,SM,2025,SM,CAQUETÁ,SAN VICENTE DEL CAGUÁN
2.83334,-74.80007,EMBF,2025,EMBF,CAQUETÁ,SAN VICENTE DEL CAGUÁN
2.64874,-74.77586,EMBF,2025,EMBF,CAQUETÁ,SAN VICENTE DEL CAGUÁN
2.64222,-74.76435,SM,2025,SM,CAQUETÁ,SAN VICENTE DEL CAGUÁN
2.36643,-74.93072,EMBF,2025,EMBF,CAQUETÁ,SAN VICENTE DEL CAGUÁN
2.35613,-74.9302,SM,2025,SM,CAQUETÁ,SAN VICENTE DEL CAGUÁN
2.58959,-74.69456,EMBF,2025,EMBF,CAQUETÁ,SAN VICENTE DEL CAGUÁN
2.57089,-74.69902,SM,2025,SM,CAQUETÁ,SAN VICENTE DEL CAGUÁN
2.12474,-74.92955,EMBF,2025,EMBF,CAQUETÁ,SAN VICENTE DEL CAGUÁN
2.11926,-74.93059,SM,2025,SM,CAQUETÁ,SAN VICENTE DEL CAGUÁN
2.52014,-74.75358,EMBF,2025,EMBF,CAQUETÁ,SAN VICENTE DEL CAGUÁN
-0.05773,-74.25883,EMBF,2025,EMBF,CAQUETÁ,SOLANO
-0.06905,-74.24767,EMC,2025,EMC,CAQUETÁ,SOLANO
0.72708,-72.25661,EMC,2025,EMC,CAQUETÁ,SOLANO
-0.4864,-73.53166,EMC,2025,EMC,CAQUETÁ,SOLANO
5.1558,-72.52129,EGC,2025,EGC,CASANARE,AGUAZUL
5.05414,-72.66366,EMC,2025,EMC,CASANARE,AGUAZUL
6.12539,-71.95361,EMC,2025,EMC,CASANARE,HATO COROZAL
6.12264,-72.33434,EMC,2025,EMC,CASANARE,LA SALINA
4.95887,-72.39219,ELN,2025,ELN,CASANARE,MANÍ
4.58321,-71.9864,EMC,2025,EMC,CASANARE,MANÍ
4.44446,-72.14931,EGC,2025,EGC,CASANARE,MANÍ
4.40552,-72.05864,EGC,2025,EGC,CASANARE,MANÍ
4.89182,-72.91433,EGC,2025,EGC,CASANARE,MONTERREY
4.87278,-72.77602,ELN,2025,ELN,CASANARE,MONTERREY
4.79513,-72.91164,EMC,2025,EMC,CASANARE,MONTERREY
4.77022,-71.42725,EGC,2025,EGC,CASANARE,OROCUÉ
5.03354,-71.8458,ELN,2025,ELN,CASANARE,OROCUÉ
4.68028,-71.80257,EMC,2025,EMC,CASANARE,OROCUÉ
6.19454,-70.1516,EMC,2025,EMC,CASANARE,PAZ DE ARIPORO
5.97779,-71.22711,ELN,2025,ELN,CASANARE,PAZ DE ARIPORO
6.08547,-72.10033,ELN,2025,ELN,CASANARE,SÁCAMA
6.07455,-72.10685,EMC,2025,EMC,CASANARE,SÁCAMA
6.06184,-72.15002,EMC,2025,EMC,CASANARE,SÁCAMA
6.05799,-72.14495,ELN,2025,ELN,CASANARE,SÁCAMA
6.07027,-72.10264,ELN,2025,ELN,CASANARE,SÁCAMA
5.98389,-72.24521,EMC,2025,EMC,CASANARE,TÁMARA
5.01718,-72.77384,EGC,2025,EGC,CASANARE,TAURAMENA
4.9012,-72.74092,ELN,2025,ELN,CASANARE,TAURAMENA
5.04807,-72.75053,EMC,2025,EMC,CASANARE,TAURAMENA
4.55991,-72.94048,EGC,2025,EGC,CASANARE,VILLANUEVA
4.61145,-72.8772,ELN,2025,ELN,CASANARE,VILLANUEVA
4.72369,-72.94862,EMC,2025,EMC,CASANARE,VILLANUEVA
5.00627,-72.08336,EGC,2025,EGC,CASANARE,YOPAL
5.2732,-72.43195,EMC,2025,EMC,CASANARE,YOPAL
5.26672,-72.48869,ELN,2025,ELN,CASANARE,YOPAL
5.33557,-72.39413,ELN,2025,ELN,CASANARE,YOPAL
1.91314,-76.85701,ELN,2025,ELN,CAUCA,ALMAGUER
1.91418,-76.85483,EMC,2025,EMC,CAUCA,ALMAGUER
2.44285,-77.31311,ELN,2025,ELN,CAUCA,ARGELIA
2.45177,-77.3205,EMC,2025,EMC,CAUCA,ARGELIA
2.43325,-77.31912,CN-EB,2025,CN-EB,CAUCA,ARGELIA
2.45649,-77.27537,EMC,2025,EMC,CAUCA,ARGELIA
2.4832,-77.22787,EMC,2025,EMC,CAUCA,ARGELIA
2.466,-77.27507,CN-EB,2025,CN-EB,CAUCA,ARGELIA
2.36238,-77.31246,EMC,2025,EMC,CAUCA,ARGELIA
2.36724,-77.31228,CN-EB,2025,CN-EB,CAUCA,ARGELIA
2.42496,-77.22472,EMC,2025,EMC,CAUCA,ARGELIA
2.42244,-77.22455,CN-EB,2025,CN-EB,CAUCA,ARGELIA
2.37272,-77.36874,EMC,2025,EMC,CAUCA,ARGELIA
2.37224,-77.21293,EMC,2025,EMC,CAUCA,ARGELIA
2.34071,-77.23162,EMC,2025,EMC,CAUCA,ARGELIA
2.22198,-77.31977,EMC,2025,EMC,CAUCA,ARGELIA
2.45302,-77.2268,EMC,2025,EMC,CAUCA,ARGELIA
2.27318,-77.21451,EMC,2025,EMC,CAUCA,ARGELIA
2.39065,-77.29167,EMC,2025,EMC,CAUCA,ARGELIA
2.38829,-77.29141,CN-EB,2025,CN-EB,CAUCA,ARGELIA
2.3819,-77.33686,CN-EB,2025,CN-EB,CAUCA,ARGELIA
2.38842,-77.33686,EMC,2025,EMC,CAUCA,ARGELIA
2.18037,-77.28217,EMC,2025,EMC,CAUCA,ARGELIA
2.17802,-77.28076,CN-EB,2025,CN-EB,CAUCA,ARGELIA
2.37288,-77.21292,CN-EB,2025,CN-EB,CAUCA,ARGELIA
2.2757,-77.23856,CN-EB,2025,CN-EB,CAUCA,ARGELIA
2.1083,-77.22128,CN-EB,2025,CN-EB,CAUCA,BALBOA
1.99434,-77.19954,EMC,2025,EMC,CAUCA,BALBOA
2.09435,-77.17576,EMC,2025,EMC,CAUCA,BALBOA
2.04317,-77.19924,EMC,2025,EMC,CAUCA,BALBOA
1.86239,-77.02327,ELN,2025,ELN,CAUCA,BOLÍVAR
1.97309,-76.95634,ELN,2025,ELN,CAUCA,BOLÍVAR
1.77736,-76.99318,ELN,2025,ELN,CAUCA,BOLÍVAR
3.05952,-76.66028,EMC,2025,EMC,CAUCA,BUENOS AIRES
2.99196,-76.66054,EMC,2025,EMC,CAUCA,BUENOS AIRES
3.01451,-76.64544,EMC,2025,EMC,CAUCA,BUENOS AIRES
2.73286,-76.75054,EMC,2025,EMC,CAUCA,CAJIBÍO
2.63863,-76.80373,EMC,2025,EMC,CAUCA,CAJIBÍO
2.72195,-76.80997,EMC,2025,EMC,CAUCA,CAJIBÍO
2.64831,-76.80534,EMC,2025,EMC,CAUCA,CAJIBÍO
2.71701,-76.7366,EMC,2025,EMC,CAUCA,CAJIBÍO
2.58341,-76.5166,EMC,2025,EMC,CAUCA,CAJIBÍO
2.60024,-76.50141,EMC,2025,EMC,CAUCA,CAJIBÍO
2.72779,-76.7516,EMC,2025,EMC,CAUCA,CAJIBÍO
2.75002,-76.40004,ELN,2025,ELN,CAUCA,CALDONO
2.77207,-76.50103,ELN,2025,ELN,CAUCA,CALDONO
2.81885,-76.56381,ELN,2025,ELN,CAUCA,CALDONO
2.7704,-76.50105,EMC,2025,EMC,CAUCA,CALDONO
2.79173,-76.38742,EMC,2025,EMC,CAUCA,CALDONO
2.79636,-76.53451,EMC,2025,EMC,CAUCA,CALDONO
2.80091,-76.55359,EMC,2025,EMC,CAUCA,CALDONO
2.58951,-76.58553,EMC,2025,EMC,CAUCA,CALDONO
2.81671,-76.41661,EMC,2025,EMC,CAUCA,CALDONO
3.06575,-76.35375,EMC,2025,EMC,CAUCA,CALOTO
3.05086,-76.3431,EMC,2025,EMC,CAUCA,CALOTO
3.02015,-76.29195,EMC,2025,EMC,CAUCA,CALOTO
3.03289,-76.30581,EMC,2025,EMC,CAUCA,CALOTO
3.04677,-76.29756,EMC,2025,EMC,CAUCA,CALOTO
3.04481,-76.27739,EMC,2025,EMC,CAUCA,CALOTO
3.05601,-76.31498,EMC,2025,EMC,CAUCA,CALOTO
3.15708,-76.3753,EMC,2025,EMC,CAUCA,CALOTO
3.05329,-76.29591,EMC,2025,EMC,CAUCA,CALOTO
3.0545,-76.34063,EMC,2025,EMC,CAUCA,CALOTO
3.0533,-76.32416,EMC,2025,EMC,CAUCA,CALOTO
3.17694,-76.26048,FRENTE 57,2025,FRENTE 57,CAUCA,CORINTO
3.17529,-76.25893,EMC,2025,EMC,CAUCA,CORINTO
3.14975,-76.21437,EMC,2025,EMC,CAUCA,CORINTO
3.15379,-76.22883,EMC,2025,EMC,CAUCA,CORINTO
3.12595,-76.1407,FRENTE 57,2025,FRENTE 57,CAUCA,CORINTO
3.17914,-76.19798,FRENTE 57,2025,FRENTE 57,CAUCA,CORINTO
3.1821,-76.20404,FRENTE 57,2025,FRENTE 57,CAUCA,CORINTO
3.19333,-76.21432,FRENTE 57,2025,FRENTE 57,CAUCA,CORINTO
3.20057,-76.22193,FRENTE 57,2025,FRENTE 57,CAUCA,CORINTO
3.16604,-76.20587,FRENTE 57,2025,FRENTE 57,CAUCA,CORINTO
3.18599,-76.21692,FRENTE 57,2025,FRENTE 57,CAUCA,CORINTO
3.14278,-76.17796,FRENTE 57,2025,FRENTE 57,CAUCA,CORINTO
3.13334,-76.21673,FRENTE 57,2025,FRENTE 57,CAUCA,CORINTO
3.15435,-76.2998,FRENTE 57,2025,FRENTE 57,CAUCA,CORINTO
3.14934,-76.30088,EMC,2025,EMC,CAUCA,CORINTO
3.09703,-76.26735,FRENTE 57,2025,FRENTE 57,CAUCA,CORINTO
3.09387,-76.26744,EMC,2025,EMC,CAUCA,CORINTO
3.07546,-76.21924,FRENTE 57,2025,FRENTE 57,CAUCA,CORINTO
3.21098,-76.26502,EMC,2025,EMC,CAUCA,CORINTO
2.53338,-77.21671,EMC,2025,EMC,CAUCA,EL TAMBO
2.53338,-77.08325,EMC,2025,EMC,CAUCA,EL TAMBO
2.52484,-77.2213,EMC,2025,EMC,CAUCA,EL TAMBO
2.26277,-76.90643,EMC,2025,EMC,CAUCA,EL TAMBO
2.34426,-76.88634,EMC,2025,EMC,CAUCA,EL TAMBO
2.45682,-76.73211,EMC,2025,EMC,CAUCA,EL TAMBO
1.70531,-77.11104,ELN,2025,ELN,CAUCA,FLORENCIA
3.12841,-76.4003,EMC,2025,EMC,CAUCA,GUACHENÉ
2.42009,-77.51928,EMC,2025,EMC,CAUCA,GUAPI
2.57287,-77.88893,EMC,2025,EMC,CAUCA,GUAPI
2.58186,-76.03584,EMC,2025,EMC,CAUCA,INZÁ
2.55395,-76.05133,EMC,2025,EMC,CAUCA,INZÁ
2.55301,-76.05224,ELN,2025,ELN,CAUCA,INZÁ
2.51266,-76.00358,EMC,2025,EMC,CAUCA,INZÁ
2.51223,-76.00324,ELN,2025,ELN,CAUCA,INZÁ
2.54171,-75.9989,EMC,2025,EMC,CAUCA,INZÁ
2.54129,-75.99896,ELN,2025,ELN,CAUCA,INZÁ
2.51743,-75.99874,EMC,2025,EMC,CAUCA,INZÁ
2.51576,-75.99942,ELN,2025,ELN,CAUCA,INZÁ
2.52175,-75.98713,EMC,2025,EMC,CAUCA,INZÁ
2.5214,-75.98734,ELN,2025,ELN,CAUCA,INZÁ
2.75906,-76.34598,ELN,2025,ELN,CAUCA,JAMBALÓ
2.77682,-76.32544,EMC,2025,EMC,CAUCA,JAMBALÓ
2.17499,-76.88785,EMC,2025,EMC,CAUCA,LA SIERRA
2.11824,-76.77501,ELN,2025,ELN,CAUCA,LA VEGA
2.12442,-76.77821,EMC,2025,EMC,CAUCA,LA VEGA
2.99328,-77.38853,EMC,2025,EMC,CAUCA,LÓPEZ DE MICAY
3.20054,-77.38142,EMC,2025,EMC,CAUCA,LÓPEZ DE MICAY
2.95899,-77.37548,EMC,2025,EMC,CAUCA,LÓPEZ DE MICAY
3.03334,-77.53335,EMC,2025,EMC,CAUCA,LÓPEZ DE MICAY
2.8219,-77.25172,EMC,2025,EMC,CAUCA,LÓPEZ DE MICAY
1.75055,-77.10764,ELN,2025,ELN,CAUCA,MERCADERES
1.77412,-77.12067,ELN,2025,ELN,CAUCA,MERCADERES
3.23231,-76.22047,EMC,2025,EMC,CAUCA,MIRANDA
3.23111,-76.22109,FRENTE 57,2025,FRENTE 57,CAUCA,MIRANDA
3.23333,-76.26667,FRENTE 57,2025,FRENTE 57,CAUCA,MIRANDA
3.20612,-76.10384,FRENTE 57,2025,FRENTE 57,CAUCA,MIRANDA
3.2305,-76.20138,FRENTE 57,2025,FRENTE 57,CAUCA,MIRANDA
3.22509,-76.21207,EMC,2025,EMC,CAUCA,MIRANDA
3.22453,-76.21199,FRENTE 57,2025,FRENTE 57,CAUCA,MIRANDA
3.20084,-76.20721,FRENTE 57,2025,FRENTE 57,CAUCA,MIRANDA
3.20138,-76.21587,FRENTE 57,2025,FRENTE 57,CAUCA,MIRANDA
3.19579,-76.20062,FRENTE 57,2025,FRENTE 57,CAUCA,MIRANDA
3.2102,-76.20108,FRENTE 57,2025,FRENTE 57,CAUCA,MIRANDA
3.17003,-76.12455,EMC,2025,EMC,CAUCA,MIRANDA
3.16247,-76.11561,FRENTE 57,2025,FRENTE 57,CAUCA,MIRANDA
3.1914,-76.19038,EMC,2025,EMC,CAUCA,MIRANDA
3.19168,-76.19048,FRENTE 57,2025,FRENTE 57,CAUCA,MIRANDA
3.2109,-76.22072,FRENTE 57,2025,FRENTE 57,CAUCA,MIRANDA
3.2128,-76.17036,FRENTE 57,2025,FRENTE 57,CAUCA,MIRANDA
3.22612,-76.20953,FRENTE 57,2025,FRENTE 57,CAUCA,MIRANDA
3.20693,-76.19248,FRENTE 57,2025,FRENTE 57,CAUCA,MIRANDA
3.21668,-76.19996,EMC,2025,EMC,CAUCA,MIRANDA
3.21592,-76.20008,FRENTE 57,2025,FRENTE 57,CAUCA,MIRANDA
3.21767,-76.19493,FRENTE 57,2025,FRENTE 57,CAUCA,MIRANDA
2.75002,-76.68328,EMC,2025,EMC,CAUCA,MORALES
2.7525,-76.66473,EMC,2025,EMC,CAUCA,MORALES
2.75391,-76.62811,EMC,2025,EMC,CAUCA,MORALES
2.73165,-76.66923,EMC,2025,EMC,CAUCA,MORALES
3.19341,-76.31527,EMC,2025,EMC,CAUCA,PADILLA
2.5266,-75.9608,EMC,2025,EMC,CAUCA,PÁEZ
2.52523,-75.96131,ELN,2025,ELN,CAUCA,PÁEZ
2.63653,-75.99348,ELN,2025,ELN,CAUCA,PÁEZ
2.63539,-75.99333,EMC,2025,EMC,CAUCA,PÁEZ
2.1713,-76.90057,EMC,2025,EMC,CAUCA,PATÍA
2.20088,-77.00165,EMC,2025,EMC,CAUCA,PATÍA
2.17407,-77.03751,EMC,2025,EMC,CAUCA,PATÍA
2.15662,-77.04751,EMC,2025,EMC,CAUCA,PATÍA
2.14812,-77.13316,EMC,2025,EMC,CAUCA,PATÍA
1.96499,-77.11759,EMC,2025,EMC,CAUCA,PATÍA
2.15326,-77.05818,EMC,2025,EMC,CAUCA,PATÍA
1.0329,-76.18057,CN-EB,2025,CN-EB,CAUCA,PIAMONTE
1.02432,-76.13628,EMC,2025,EMC,CAUCA,PIAMONTE
2.64344,-76.53307,EMC,2025,EMC,CAUCA,PIENDAMÓ - TUNÍA
2.67297,-76.53741,EMC,2025,EMC,CAUCA,PIENDAMÓ - TUNÍA
2.46668,-76.66664,EMC,2025,EMC,CAUCA,POPAYÁN
2.46668,-76.70001,EMC,2025,EMC,CAUCA,POPAYÁN
2.55663,-76.73417,EMC,2025,EMC,CAUCA,POPAYÁN
2.54856,-76.72251,EMC,2025,EMC,CAUCA,POPAYÁN
2.515,-76.64667,EMC,2025,EMC,CAUCA,POPAYÁN
2.5137,-76.69667,EMC,2025,EMC,CAUCA,POPAYÁN
2.52591,-76.74637,EMC,2025,EMC,CAUCA,POPAYÁN
2.48334,-76.71659,EMC,2025,EMC,CAUCA,POPAYÁN
2.5397,-76.67631,EMC,2025,EMC,CAUCA,POPAYÁN
3.22669,-76.3805,EMC,2025,EMC,CAUCA,PUERTO TEJADA
2.30154,-76.10788,EMC,2025,EMC,CAUCA,PURACÉ
2.2667,-76.74997,EMC,2025,EMC,CAUCA,ROSAS
2.23817,-76.73717,ELN,2025,ELN,CAUCA,ROSAS
1.81398,-76.78353,ELN,2025,ELN,CAUCA,SAN SEBASTIÁN
1.70087,-76.64482,ELN,2025,ELN,CAUCA,SANTA ROSA
2.90903,-76.48421,EMC,2025,EMC,CAUCA,SANTANDER DE QUILICHAO
2.89065,-76.49292,EMC,2025,EMC,CAUCA,SANTANDER DE QUILICHAO
2.97159,-76.51711,EMC,2025,EMC,CAUCA,SANTANDER DE QUILICHAO
2.94598,-76.47256,EMC,2025,EMC,CAUCA,SANTANDER DE QUILICHAO
2.95125,-76.46424,EMC,2025,EMC,CAUCA,SANTANDER DE QUILICHAO
2.97622,-76.49669,EMC,2025,EMC,CAUCA,SANTANDER DE QUILICHAO
2.95592,-76.4863,EMC,2025,EMC,CAUCA,SANTANDER DE QUILICHAO
3.00657,-76.49644,ELN,2025,ELN,CAUCA,SANTANDER DE QUILICHAO
2.7033,-76.47838,ELN,2025,ELN,CAUCA,SILVIA
2.70221,-76.47842,EMC,2025,EMC,CAUCA,SILVIA
2.66915,-76.40589,EMC,2025,EMC,CAUCA,SILVIA
2.6683,-76.40535,ELN,2025,ELN,CAUCA,SILVIA
2.67931,-76.48703,ELN,2025,ELN,CAUCA,SILVIA
2.67576,-76.48788,EMC,2025,EMC,CAUCA,SILVIA
2.62435,-76.4566,ELN,2025,ELN,CAUCA,SILVIA
2.62621,-76.46131,EMC,2025,EMC,CAUCA,SILVIA
2.64675,-76.47949,ELN,2025,ELN,CAUCA,SILVIA
2.64237,-76.47648,EMC,2025,EMC,CAUCA,SILVIA
2.7136,-76.43975,ELN,2025,ELN,CAUCA,SILVIA
2.71309,-76.43961,EMC,2025,EMC,CAUCA,SILVIA
2.94044,-76.71232,EMC,2025,EMC,CAUCA,SUÁREZ
2.02668,-76.93281,ELN,2025,ELN,CAUCA,SUCRE
2.4046,-76.69002,EMC,2025,EMC,CAUCA,TIMBÍO
2.79544,-77.6407,EMC,2025,EMC,CAUCA,TIMBIQUÍ
2.70753,-77.66416,EMC,2025,EMC,CAUCA,TIMBIQUÍ
2.82906,-77.61791,EMC,2025,EMC,CAUCA,TIMBIQUÍ
2.76203,-77.76307,EMC,2025,EMC,CAUCA,TIMBIQUÍ
3.01469,-76.27905,EMC,2025,EMC,CAUCA,TORIBÍO
3.01335,-76.27873,FRENTE 57,2025,FRENTE 57,CAUCA,TORIBÍO
2.98591,-76.26988,EMC,2025,EMC,CAUCA,TORIBÍO
2.98891,-76.26782,FRENTE 57,2025,FRENTE 57,CAUCA,TORIBÍO
3.00654,-76.24584,EMC,2025,EMC,CAUCA,TORIBÍO
3.00764,-76.24517,FRENTE 57,2025,FRENTE 57,CAUCA,TORIBÍO
2.95242,-76.26941,EMC,2025,EMC,CAUCA,TORIBÍO
2.95092,-76.27005,FRENTE 57,2025,FRENTE 57,CAUCA,TORIBÍO
2.52036,-76.31987,EMC,2025,EMC,CAUCA,TOTORÓ
2.52007,-76.31921,ELN,2025,ELN,CAUCA,TOTORÓ
3.14536,-76.45121,EMC,2025,EMC,CAUCA,VILLA RICA
8.29641,-73.60205,EGC,2025,EGC,CESAR,AGUACHICA
8.2998,-73.59312,ELN,2025,ELN,CESAR,AGUACHICA
10.03471,-73.2371,EMBF,2025,EMBF,CESAR,AGUSTÍN CODAZZI
9.49612,-73.97612,EGC,2025,EGC,CESAR,ASTREA
9.97036,-73.89053,ACSN,2025,ACSN,CESAR,BOSCONIA
9.97467,-73.86737,EGC,2025,EGC,CESAR,BOSCONIA
9.25638,-73.8212,EGC,2025,EGC,CESAR,CHIMICHAGUA
9.35634,-73.60965,EGC,2025,EGC,CESAR,CHIRIGUANÁ
9.20106,-73.54256,EMBF,2025,EMBF,CESAR,CURUMANÍ
9.20572,-73.55325,ELN,2025,ELN,CESAR,CURUMANÍ
10.14897,-73.96023,ACSN,2025,ACSN,CESAR,EL COPEY
10.15919,-73.98199,EGC,2025,EGC,CESAR,EL COPEY
9.66143,-73.74643,EGC,2025,EGC,CESAR,EL PASO
8.4491,-73.37517,EMBF,2025,EMBF,CESAR,GONZÁLEZ
8.44857,-73.3758,ELN,2025,ELN,CESAR,GONZÁLEZ
8.43383,-73.39926,ELN,2025,ELN,CESAR,GONZÁLEZ
8.43364,-73.39973,EMBF,2025,EMBF,CESAR,GONZÁLEZ
8.42969,-73.35494,ELN,2025,ELN,CESAR,GONZÁLEZ
8.43028,-73.35356,EMBF,2025,EMBF,CESAR,GONZÁLEZ
8.43177,-73.37459,ELN,2025,ELN,CESAR,GONZÁLEZ
8.43184,-73.37421,EMBF,2025,EMBF,CESAR,GONZÁLEZ
8.37958,-73.37277,ELN,2025,ELN,CESAR,GONZÁLEZ
8.37969,-73.37253,EMBF,2025,EMBF,CESAR,GONZÁLEZ
8.38976,-73.38033,ELN,2025,ELN,CESAR,GONZÁLEZ
8.38961,-73.38065,EMBF,2025,EMBF,CESAR,GONZÁLEZ
8.61669,-73.79491,ELN,2025,ELN,CESAR,LA GLORIA
9.56429,-73.33589,EGC,2025,EGC,CESAR,LA JAGUA DE IBIRICO
10.17242,-73.13755,ELN,2025,ELN,CESAR,LA PAZ
10.172,-73.14159,EMBF,2025,EMBF,CESAR,LA PAZ
10.34923,-73.04237,EMBF,2025,EMBF,CESAR,LA PAZ
10.35009,-73.04032,EGC,2025,EGC,CESAR,LA PAZ
10.25901,-73.06825,ELN,2025,ELN,CESAR,LA PAZ
10.25964,-73.06848,EMBF,2025,EMBF,CESAR,LA PAZ
9.90131,-73.64505,ELN,2025,ELN,CESAR,LA PAZ
9.90154,-73.64447,EMBF,2025,EMBF,CESAR,LA PAZ
10.37755,-73.02891,ELN,2025,ELN,CESAR,MANAURE BALCÓN DEL CESAR
10.37696,-73.02955,EMBF,2025,EMBF,CESAR,MANAURE BALCÓN DEL CESAR
10.40798,-73.01975,EMBF,2025,EMBF,CESAR,MANAURE BALCÓN DEL CESAR
10.40798,-73.01475,EGC,2025,EGC,CESAR,MANAURE BALCÓN DEL CESAR
8.96059,-73.6303,ELN,2025,ELN,CESAR,PAILITAS
8.95966,-73.62626,EMBF,2025,EMBF,CESAR,PAILITAS
8.95966,-73.62901,EGC,2025,EGC,CESAR,PAILITAS
8.68675,-73.65603,ELN,2025,ELN,CESAR,PELAYA
8.68395,-73.6556,EGC,2025,EGC,CESAR,PELAYA
10.41641,-73.59569,ACSN,2025,ACSN,CESAR,PUEBLO BELLO
10.40873,-73.59139,EMBF,2025,EMBF,CESAR,PUEBLO BELLO
10.40999,-73.59629,ELN,2025,ELN,CESAR,PUEBLO BELLO
8.09849,-73.51039,ACSN,2025,ACSN,CESAR,RÍO DE ORO
8.0987,-73.50905,EMBF,2025,EMBF,CESAR,RÍO DE ORO
8.09579,-73.50928,EGC,2025,EGC,CESAR,RÍO DE ORO
8.29427,-73.38412,ELN,2025,ELN,CESAR,RÍO DE ORO
7.76366,-73.39321,EMBF,2025,EMBF,CESAR,SAN ALBERTO
7.76502,-73.3333,EGC,2025,EGC,CESAR,SAN ALBERTO
7.79111,-73.40158,EGC,2025,EGC,CESAR,SAN ALBERTO
7.79101,-73.40154,EMBF,2025,EMBF,CESAR,SAN ALBERTO
10.27067,-73.13143,ELN,2025,ELN,CESAR,SAN DIEGO
10.27162,-73.13122,EMBF,2025,EMBF,CESAR,SAN DIEGO
10.24519,-73.14363,ELN,2025,ELN,CESAR,SAN DIEGO
10.24614,-73.1403,EMBF,2025,EMBF,CESAR,SAN DIEGO
10.22369,-73.16388,EMBF,2025,EMBF,CESAR,SAN DIEGO
10.22374,-73.16356,ELN,2025,ELN,CESAR,SAN DIEGO
10.33499,-73.18149,EGC,2025,EGC,CESAR,SAN DIEGO
8.78541,-73.56836,EGC,2025,EGC,CESAR,SAN MARTÍN
8.86174,-73.81075,EGC,2025,EGC,CESAR,TAMALAMEQUE
10.47424,-73.24363,ACSN,2025,ACSN,CESAR,VALLEDUPAR
8.52284,-77.28074,EGC,2025,EGC,CHOCÓ,ACANDÍ
5.52281,-76.9794,ELN,2025,ELN,CHOCÓ,ALTO BAUDÓ
5.5225,-76.98163,EGC,2025,EGC,CHOCÓ,ALTO BAUDÓ
5.54842,-76.64878,ELN,2025,ELN,CHOCÓ,ATRATO
5.54666,-76.64844,EGC,2025,EGC,CHOCÓ,ATRATO
6.10908,-77.42449,ELN,2025,ELN,CHOCÓ,BAHÍA SOLANO
6.36149,-77.35552,EGC,2025,EGC,CHOCÓ,BAHÍA SOLANO
6.29628,-77.37868,EGC,2025,EGC,CHOCÓ,BAHÍA SOLANO
6.3295,-77.34042,EGC,2025,EGC,CHOCÓ,BAHÍA SOLANO
6.70442,-77.47289,EGC,2025,EGC,CHOCÓ,BAHÍA SOLANO
6.27531,-77.4672,EGC,2025,EGC,CHOCÓ,BAHÍA SOLANO
4.97034,-77.27869,ELN,2025,ELN,CHOCÓ,BAJO BAUDÓ
4.98114,-77.26382,ELN,2025,ELN,CHOCÓ,BAJO BAUDÓ
5.40475,-77.40045,EGC,2025,EGC,CHOCÓ,BAJO BAUDÓ
6.51792,-76.84745,ELN,2025,ELN,CHOCÓ,BOJAYÁ
6.40057,-76.80694,EGC,2025,EGC,CHOCÓ,BOJAYÁ
6.37307,-77.18834,EGC,2025,EGC,CHOCÓ,BOJAYÁ
6.39166,-77.20757,EGC,2025,EGC,CHOCÓ,BOJAYÁ
6.33681,-77.0741,EGC,2025,EGC,CHOCÓ,BOJAYÁ
6.32624,-77.06424,EGC,2025,EGC,CHOCÓ,BOJAYÁ
6.23189,-77.08476,EGC,2025,EGC,CHOCÓ,BOJAYÁ
7.07951,-76.93249,ELN,2025,ELN,CHOCÓ,CARMEN DEL DARIÉN
7.15547,-77.01371,EGC,2025,EGC,CHOCÓ,CARMEN DEL DARIÉN
5.39681,-76.58451,ELN,2025,ELN,CHOCÓ,CÉRTEGUI
5.39946,-76.58837,EGC,2025,EGC,CHOCÓ,CÉRTEGUI
5.06025,-76.68341,ELN,2025,ELN,CHOCÓ,CONDOTO
5.04469,-76.6744,EGC,2025,EGC,CHOCÓ,CONDOTO
5.30275,-76.75453,ELN,2025,ELN,CHOCÓ,EL CANTÓN DEL SAN PABLO
5.37138,-76.74203,EGC,2025,EGC,CHOCÓ,EL CANTÓN DEL SAN PABLO
5.8498,-76.22699,ELN,2025,ELN,CHOCÓ,EL CARMEN DE ATRATO
5.87001,-76.14177,EGC,2025,EGC,CHOCÓ,EL CARMEN DE ATRATO
4.20631,-77.02426,ELN,2025,ELN,CHOCÓ,EL LITORAL DEL SAN JUAN
4.22215,-76.99623,ELN,2025,ELN,CHOCÓ,EL LITORAL DEL SAN JUAN
4.46277,-77.01099,ELN,2025,ELN,CHOCÓ,EL LITORAL DEL SAN JUAN
4.30459,-77.01182,ELN,2025,ELN,CHOCÓ,EL LITORAL DEL SAN JUAN
4.3027,-76.98624,EGC,2025,EGC,CHOCÓ,EL LITORAL DEL SAN JUAN
4.70526,-76.87732,ELN,2025,ELN,CHOCÓ,ISTMINA
4.74929,-76.86837,ELN,2025,ELN,CHOCÓ,ISTMINA
4.70967,-76.87151,EGC,2025,EGC,CHOCÓ,ISTMINA
6.8771,-77.67385,EGC,2025,EGC,CHOCÓ,JURADÓ
6.88439,-77.69726,EGC,2025,EGC,CHOCÓ,JURADÓ
7.05164,-77.70476,EGC,2025,EGC,CHOCÓ,JURADÓ
7.15095,-77.80644,EGC,2025,EGC,CHOCÓ,JURADÓ
6.9695,-77.65553,EGC,2025,EGC,CHOCÓ,JURADÓ
6.93167,-77.65046,EGC,2025,EGC,CHOCÓ,JURADÓ
6.90698,-77.60121,EGC,2025,EGC,CHOCÓ,JURADÓ
7.13614,-77.65672,ELN,2025,ELN,CHOCÓ,JURADÓ
7.10262,-77.76204,EGC,2025,EGC,CHOCÓ,JURADÓ
5.57761,-76.47351,ELN,2025,ELN,CHOCÓ,LLORÓ
5.57761,-76.46851,ELN,2025,ELN,CHOCÓ,LLORÓ
5.59025,-76.47076,EGC,2025,EGC,CHOCÓ,LLORÓ
5.13891,-76.98549,ELN,2025,ELN,CHOCÓ,MEDIO BAUDÓ
5.15481,-77.00793,EGC,2025,EGC,CHOCÓ,MEDIO BAUDÓ
5.18968,-77.00356,EGC,2025,EGC,CHOCÓ,MEDIO BAUDÓ
4.69121,-76.91566,ELN,2025,ELN,CHOCÓ,MEDIO SAN JUAN
4.69121,-76.91066,ELN,2025,ELN,CHOCÓ,MEDIO SAN JUAN
4.69121,-76.90566,ELN,2025,ELN,CHOCÓ,MEDIO SAN JUAN
4.69395,-76.90122,EGC,2025,EGC,CHOCÓ,MEDIO SAN JUAN
4.61508,-76.91718,ELN,2025,ELN,CHOCÓ,MEDIO SAN JUAN
4.61131,-76.91426,EGC,2025,EGC,CHOCÓ,MEDIO SAN JUAN
4.93416,-76.81564,EGC,2025,EGC,CHOCÓ,MEDIO SAN JUAN
4.87425,-76.85913,EGC,2025,EGC,CHOCÓ,MEDIO SAN JUAN
4.80301,-76.8709,EGC,2025,EGC,CHOCÓ,MEDIO SAN JUAN
4.91945,-76.81907,ELN,2025,ELN,CHOCÓ,MEDIO SAN JUAN
4.86149,-76.85467,ELN,2025,ELN,CHOCÓ,MEDIO SAN JUAN
4.79951,-76.85433,ELN,2025,ELN,CHOCÓ,MEDIO SAN JUAN
4.9883,-76.56586,ELN,2025,ELN,CHOCÓ,NÓVITA
4.98649,-76.56787,ELN,2025,ELN,CHOCÓ,NÓVITA
4.9841,-76.56298,EGC,2025,EGC,CHOCÓ,NÓVITA
7.36531,-76.75651,EGC,2025,EGC,CHOCÓ,NUEVO BELÉN DE BAJIRÁ
7.36531,-76.75641,ELN,2025,ELN,CHOCÓ,NUEVO BELÉN DE BAJIRÁ
5.69393,-77.26956,ELN,2025,ELN,CHOCÓ,NUQUÍ
5.66534,-77.30441,EGC,2025,EGC,CHOCÓ,NUQUÍ
5.6077,-77.3612,EGC,2025,EGC,CHOCÓ,NUQUÍ
5.59709,-77.45767,EGC,2025,EGC,CHOCÓ,NUQUÍ
5.61525,-77.38242,EGC,2025,EGC,CHOCÓ,NUQUÍ
5.76698,-77.24954,EGC,2025,EGC,CHOCÓ,NUQUÍ
5.59477,-77.47577,EGC,2025,EGC,CHOCÓ,NUQUÍ
5.60575,-77.4421,EGC,2025,EGC,CHOCÓ,NUQUÍ
5.84396,-77.277,EGC,2025,EGC,CHOCÓ,NUQUÍ
5.71667,-76.60003,ELN,2025,ELN,CHOCÓ,QUIBDÓ
5.69144,-76.65267,EGC,2025,EGC,CHOCÓ,QUIBDÓ
5.70706,-76.60633,EGC,2025,EGC,CHOCÓ,QUIBDÓ
5.12352,-76.61605,ELN,2025,ELN,CHOCÓ,RÍO IRÓ
5.11862,-76.61032,EGC,2025,EGC,CHOCÓ,RÍO IRÓ
5.53774,-76.77466,ELN,2025,ELN,CHOCÓ,RÍO QUITO
5.63124,-76.75391,EGC,2025,EGC,CHOCÓ,RÍO QUITO
7.43536,-77.11126,ELN,2025,ELN,CHOCÓ,RIOSUCIO
7.55499,-77.14369,EGC,2025,EGC,CHOCÓ,RIOSUCIO
7.515,-77.15442,EGC,2025,EGC,CHOCÓ,RIOSUCIO
7.6234,-77.13134,EGC,2025,EGC,CHOCÓ,RIOSUCIO
4.91664,-76.36666,ELN,2025,ELN,CHOCÓ,SAN JOSÉ DEL PALMAR
4.91565,-76.28962,ELN,2025,ELN,CHOCÓ,SAN JOSÉ DEL PALMAR
4.91911,-76.31295,EGC,2025,EGC,CHOCÓ,SAN JOSÉ DEL PALMAR
4.91415,-76.2832,EGC,2025,EGC,CHOCÓ,SAN JOSÉ DEL PALMAR
4.75063,-76.8181,ELN,2025,ELN,CHOCÓ,SIPÍ
4.74447,-76.81453,EGC,2025,EGC,CHOCÓ,SIPÍ
5.29942,-76.35881,ELN,2025,ELN,CHOCÓ,TADÓ
5.31583,-76.30868,ELN,2025,ELN,CHOCÓ,TADÓ
5.30746,-76.32722,ELN,2025,ELN,CHOCÓ,TADÓ
5.23755,-76.58409,EGC,2025,EGC,CHOCÓ,TADÓ
8.05705,-77.1054,EGC,2025,EGC,CHOCÓ,UNGUÍA
5.3105,-76.65109,ELN,2025,ELN,CHOCÓ,UNIÓN PANAMERICANA
5.3383,-76.64517,EGC,2025,EGC,CHOCÓ,UNIÓN PANAMERICANA
8.30928,-75.14026,EGC,2025,EGC,CÓRDOBA,AYAPEL
8.22294,-75.48309,EGC,2025,EGC,CÓRDOBA,BUENAVISTA
8.78816,-76.24038,EGC,2025,EGC,CÓRDOBA,CANALETE
8.88892,-75.78958,EGC,2025,EGC,CÓRDOBA,CERETÉ
9.04692,-75.62958,EGC,2025,EGC,CÓRDOBA,CHIMÁ
9.07567,-75.64262,EGC,2025,EGC,CÓRDOBA,CHIMÁ
9.10224,-75.62567,EGC,2025,EGC,CÓRDOBA,CHIMÁ
9.16407,-75.58938,EGC,2025,EGC,CÓRDOBA,CHIMÁ
9.01749,-75.7206,EGC,2025,EGC,CÓRDOBA,CHIMÁ
9.03334,-75.6667,EGC,2025,EGC,CÓRDOBA,CHIMÁ
9.12189,-75.43729,EGC,2025,EGC,CÓRDOBA,CHINÚ
9.0995,-75.45423,EGC,2025,EGC,CÓRDOBA,CHINÚ
9.02186,-75.54269,EGC,2025,EGC,CÓRDOBA,CHINÚ
9.0131,-75.51379,EGC,2025,EGC,CÓRDOBA,CHINÚ
8.98218,-75.21003,EGC,2025,EGC,CÓRDOBA,CHINÚ
8.95978,-75.23503,EGC,2025,EGC,CÓRDOBA,CHINÚ
9.0474,-75.37591,EGC,2025,EGC,CÓRDOBA,CHINÚ
9.00507,-75.33826,EGC,2025,EGC,CÓRDOBA,CHINÚ
8.99041,-75.36627,EGC,2025,EGC,CÓRDOBA,CHINÚ
8.97711,-75.37493,EGC,2025,EGC,CÓRDOBA,CHINÚ
8.96428,-75.29217,EGC,2025,EGC,CÓRDOBA,CHINÚ
9.0327,-75.23929,EGC,2025,EGC,CÓRDOBA,CHINÚ
9.03334,-75.2833,EGC,2025,EGC,CÓRDOBA,CHINÚ
8.6248,-75.54588,EGC,2025,EGC,CÓRDOBA,CIÉNAGA DE ORO
8.68098,-75.53562,EGC,2025,EGC,CÓRDOBA,CIÉNAGA DE ORO
8.77087,-75.58716,EGC,2025,EGC,CÓRDOBA,CIÉNAGA DE ORO
8.79584,-75.53968,EGC,2025,EGC,CÓRDOBA,CIÉNAGA DE ORO
8.82768,-75.64909,EGC,2025,EGC,CÓRDOBA,CIÉNAGA DE ORO
8.94107,-75.5613,EGC,2025,EGC,CÓRDOBA,CIÉNAGA DE ORO
9.01646,-75.61002,EGC,2025,EGC,CÓRDOBA,CIÉNAGA DE ORO
8.96665,-75.63334,EGC,2025,EGC,CÓRDOBA,CIÉNAGA DE ORO
8.94258,-75.69334,EGC,2025,EGC,CÓRDOBA,CIÉNAGA DE ORO
8.8756,-75.70795,EGC,2025,EGC,CÓRDOBA,CIÉNAGA DE ORO
9.13696,-75.83898,EGC,2025,EGC,CÓRDOBA,COTORRA
8.04804,-75.3341,EGC,2025,EGC,CÓRDOBA,LA APARTADA
9.23763,-75.81362,EGC,2025,EGC,CÓRDOBA,LORICA
8.89508,-76.35459,EGC,2025,EGC,CÓRDOBA,LOS CÓRDOBAS
9.23938,-75.67653,EGC,2025,EGC,CÓRDOBA,MOMIL
9.24612,-76.13169,EGC,2025,EGC,CÓRDOBA,MOÑITOS
7.98132,-75.41145,ELN,2025,ELN,CÓRDOBA,MONTELÍBANO
7.97987,-75.4173,EGC,2025,EGC,CÓRDOBA,MONTELÍBANO
8.75098,-75.87853,EGC,2025,EGC,CÓRDOBA,MONTERÍA
8.41274,-75.58404,EGC,2025,EGC,CÓRDOBA,PLANETA RICA
8.50317,-75.50752,EGC,2025,EGC,CÓRDOBA,PUEBLO NUEVO
8.99368,-76.20155,EGC,2025,EGC,CÓRDOBA,PUERTO ESCONDIDO
8.77225,-75.86869,EGC,2025,EGC,CÓRDOBA,PUERTO LIBERTADOR
9.23681,-75.72353,EGC,2025,EGC,CÓRDOBA,PURÍSIMA DE LA CONCEPCIÓN
8.95064,-75.446,EGC,2025,EGC,CÓRDOBA,SAHAGÚN
9.22952,-75.48173,EGC,2025,EGC,CÓRDOBA,SAN ANDRÉS DE SOTAVENTO
9.21159,-75.48723,EGC,2025,EGC,CÓRDOBA,SAN ANDRÉS DE SOTAVENTO
9.197,-75.49056,EGC,2025,EGC,CÓRDOBA,SAN ANDRÉS DE SOTAVENTO
8.29463,-75.5205,EGC,2025,EGC,CÓRDOBA,SAN ANDRÉS DE SOTAVENTO
9.26317,-75.529,EGC,2025,EGC,CÓRDOBA,SAN ANDRÉS DE SOTAVENTO
9.10396,-75.53491,EGC,2025,EGC,CÓRDOBA,SAN ANDRÉS DE SOTAVENTO
9.09948,-75.57872,EGC,2025,EGC,CÓRDOBA,SAN ANDRÉS DE SOTAVENTO
9.05857,-75.57142,EGC,2025,EGC,CÓRDOBA,SAN ANDRÉS DE SOTAVENTO
9.03094,-75.56443,EGC,2025,EGC,CÓRDOBA,SAN ANDRÉS DE SOTAVENTO
9.37464,-75.75851,EGC,2025,EGC,CÓRDOBA,SAN ANTERO
9.35258,-75.95358,EGC,2025,EGC,CÓRDOBA,SAN BERNARDO DEL VIENTO
8.66808,-75.66764,EGC,2025,EGC,CÓRDOBA,SAN CARLOS
8.68273,-75.75158,EGC,2025,EGC,CÓRDOBA,SAN CARLOS
8.63946,-75.73554,EGC,2025,EGC,CÓRDOBA,SAN CARLOS
8.78863,-75.73502,EGC,2025,EGC,CÓRDOBA,SAN CARLOS
8.55299,-75.67113,EGC,2025,EGC,CÓRDOBA,SAN CARLOS
8.71991,-75.65194,EGC,2025,EGC,CÓRDOBA,SAN CARLOS
8.74804,-75.62645,EGC,2025,EGC,CÓRDOBA,SAN CARLOS
7.78731,-75.5359,EGC,2025,EGC,CÓRDOBA,SAN JOSÉ DE URÉ
8.95819,-75.83816,EGC,2025,EGC,CÓRDOBA,SAN PELAYO
8.17157,-76.06231,EGC,2025,EGC,CÓRDOBA,TIERRALTA
9.2292,-75.60853,EGC,2025,EGC,CÓRDOBA,TUCHÍN
9.24652,-75.53502,EGC,2025,EGC,CÓRDOBA,TUCHÍN
9.49772,-74.97464,EGC,2025,EGC,CÓRDOBA,TUCHÍN
9.24368,-75.57478,EGC,2025,EGC,CÓRDOBA,TUCHÍN
8.36669,-75.56671,EGC,2025,EGC,CÓRDOBA,TUCHÍN
8.48322,-75.46956,EGC,2025,EGC,CÓRDOBA,TUCHÍN
9.23321,-75.53049,EGC,2025,EGC,CÓRDOBA,TUCHÍN
9.26946,-75.49993,EGC,2025,EGC,CÓRDOBA,TUCHÍN
9.21583,-75.49985,EGC,2025,EGC,CÓRDOBA,TUCHÍN
8.25865,-76.14948,EGC,2025,EGC,CÓRDOBA,VALENCIA
4.37469,-73.21208,EGC,2025,EGC,CUNDINAMARCA,PARATEBUENO
4.579268,-74.215463,EGC,2025,EGC,CUNDINAMARCA,SOACHA
3.48659,-69.81225,EMC,2025,EMC,GUAINÍA,BARRANCOMINAS
3.5281,-67.4109,ELN,2025,ELN,GUAINÍA,CACAHUAL
3.8784,-67.67354,ELN,2025,ELN,GUAINÍA,INÍRIDA
3.90836,-67.90337,EMC,2025,EMC,GUAINÍA,INÍRIDA
1.36425,-67.07248,ELN,2025,ELN,GUAINÍA,LA GUADALUPE
2.4942,-69.94319,EMC,2025,EMC,GUAINÍA,MORICHAL
1.84474,-68.99942,EMC,2025,EMC,GUAINÍA,PANA PANA
2.71966,-67.56528,ELN,2025,ELN,GUAINÍA,PUERTO COLOMBIA
2.26388,-68.54328,EMC,2025,EMC,GUAINÍA,PUERTO COLOMBIA
2.56393,-68.21257,SM,2025,SM,GUAINÍA,PUERTO COLOMBIA
1.91086,-67.06517,ELN,2025,ELN,GUAINÍA,SAN FELIPE
2.06011,-72.87426,EMC,2025,EMC,GUAVIARE,CALAMAR
2.18662,-72.87348,EMC,2025,EMC,GUAVIARE,CALAMAR
2.09539,-72.9517,EMC,2025,EMC,GUAVIARE,CALAMAR
2.07447,-72.95513,EMBF,2025,EMBF,GUAVIARE,CALAMAR
2.13686,-73.22398,EMBF,2025,EMBF,GUAVIARE,CALAMAR
1.32769,-71.95799,EMC,2025,EMC,GUAVIARE,MIRAFLORES
2.55721,-72.01573,EMBF,2025,EMBF,GUAVIARE,SAN JOSÉ DEL GUAVIARE
2.21407,-71.92844,EMC,2025,EMC,GUAVIARE,SAN JOSÉ DEL GUAVIARE
2.20583,-71.9135,EMBF,2025,EMBF,GUAVIARE,SAN JOSÉ DEL GUAVIARE
1.66675,-76.10243,SM,2025,SM,HUILA,ACEVEDO
2.25945,-75.76399,EMBF,2025,EMBF,HUILA,AGRADO
3.21254,-75.23878,EMBF,2025,EMBF,HUILA,AIPE
2.63753,-75.20784,EMC,2025,EMC,HUILA,ALGECIRAS
2.60845,-75.20858,EMBF,2025,EMBF,HUILA,ALGECIRAS
3.26637,-74.9592,EMBF,2025,EMBF,HUILA,BARAYA
3.09709,-74.91828,EMBF,2025,EMBF,HUILA,BARAYA
3.00351,-74.90417,EMBF,2025,EMBF,HUILA,BARAYA
3.60547,-74.56963,EMBF,2025,EMBF,HUILA,COLOMBIA
3.50207,-74.71594,EMBF,2025,EMBF,HUILA,COLOMBIA
2.0626,-75.60702,EMBF,2025,EMBF,HUILA,GARZÓN
2.15006,-75.51667,EMBF,2025,EMBF,HUILA,GARZÓN
2.25644,-75.60032,EMBF,2025,EMBF,HUILA,GARZÓN
2.10483,-75.63399,EMBF,2025,EMBF,HUILA,GARZÓN
2.18504,-75.52928,EMBF,2025,EMBF,HUILA,GARZÓN
2.21273,-75.50639,EMBF,2025,EMBF,HUILA,GARZÓN
2.29751,-75.5087,EMBF,2025,EMBF,HUILA,GIGANTE
2.46711,-75.48781,EMBF,2025,EMBF,HUILA,GIGANTE
2.42966,-75.46741,EMBF,2025,EMBF,HUILA,GIGANTE
2.32203,-75.60912,EMBF,2025,EMBF,HUILA,GIGANTE
2.37837,-75.48432,EMBF,2025,EMBF,HUILA,GIGANTE
2.38369,-75.54596,EMBF,2025,EMBF,HUILA,GIGANTE
2.02845,-75.63634,EMBF,2025,EMBF,HUILA,GUADALUPE
2.02479,-75.75529,EMBF,2025,EMBF,HUILA,GUADALUPE
1.98505,-75.63409,EMBF,2025,EMBF,HUILA,GUADALUPE
2.68891,-75.751,EMC,2025,EMC,HUILA,ÍQUIRA
1.90224,-76.19402,EMBF,2025,EMBF,HUILA,ISNOS
2.00603,-76.16571,EMC,2025,EMC,HUILA,ISNOS
2.21392,-75.97329,EMC,2025,EMC,HUILA,LA ARGENTINA
2.26312,-75.96976,EMC,2025,EMC,HUILA,LA PLATA
2.38377,-75.84293,EMC,2025,EMC,HUILA,LA PLATA
2.26504,-76.00025,EMC,2025,EMC,HUILA,LA PLATA
2.28484,-76.03506,EMC,2025,EMC,HUILA,LA PLATA
2.25576,-76.04728,EMC,2025,EMC,HUILA,LA PLATA
2.30048,-75.99626,EMC,2025,EMC,HUILA,LA PLATA
2.29315,-76.01436,EMC,2025,EMC,HUILA,LA PLATA
2.3165,-76.01175,EMC,2025,EMC,HUILA,LA PLATA
2.26091,-76.08099,EMC,2025,EMC,HUILA,LA PLATA
2.54369,-75.80957,EMC,2025,EMC,HUILA,NÁTAGA
2.94733,-75.04088,EMBF,2025,EMBF,HUILA,NEIVA
2.89464,-75.15858,EMBF,2025,EMBF,HUILA,NEIVA
3.03723,-75.25082,EMBF,2025,EMBF,HUILA,NEIVA
3.05632,-75.49406,EMC,2025,EMC,HUILA,NEIVA
3.08967,-75.6007,EMC,2025,EMC,HUILA,NEIVA
3.08252,-75.48474,EMC,2025,EMC,HUILA,NEIVA
2.02591,-75.99496,EMC,2025,EMC,HUILA,OPORAPA
2.47119,-75.82486,EMC,2025,EMC,HUILA,PAICOL
1.72582,-76.08582,EMBF,2025,EMBF,HUILA,PALESTINA
1.69873,-76.11061,SM,2025,SM,HUILA,PALESTINA
2.31419,-75.80026,EMC,2025,EMC,HUILA,PITAL
1.84291,-76.12719,EMC,2025,EMC,HUILA,PITALITO
1.83899,-75.99436,EMBF,2025,EMBF,HUILA,PITALITO
1.98638,-76.05216,EMC,2025,EMC,HUILA,SALADOBLANCO
1.91378,-76.35636,EMC,2025,EMC,HUILA,SAN AGUSTÍN
1.83453,-76.25114,EMBF,2025,EMBF,HUILA,SAN AGUSTÍN
1.88622,-75.90731,EMBF,2025,EMBF,HUILA,SUAZA
1.83469,-75.79274,EMBF,2025,EMBF,HUILA,SUAZA
3.04706,-75.01743,EMBF,2025,EMBF,HUILA,TELLO
2.99848,-75.07454,EMBF,2025,EMBF,HUILA,TELLO
3.02662,-75.08959,EMBF,2025,EMBF,HUILA,TELLO
3.01669,-75.03327,EMBF,2025,EMBF,HUILA,TELLO
2.60615,-75.6952,EMC,2025,EMC,HUILA,TESALIA
11.16051,-72.59162,EGC,2025,EGC,LA GUAJIRA,ALBANIA
11.16051,-72.58662,ELN,2025,ELN,LA GUAJIRA,ALBANIA
10.94891,-72.74108,EGC,2025,EGC,LA GUAJIRA,BARRANCAS
10.94907,-72.74081,ACSN,2025,ACSN,LA GUAJIRA,BARRANCAS
10.96359,-72.81871,ELN,2025,ELN,LA GUAJIRA,BARRANCAS
11.21719,-73.39833,ACSN,2025,ACSN,LA GUAJIRA,DIBULLA
11.21469,-73.39815,EGC,2025,EGC,LA GUAJIRA,DIBULLA
11.04718,-73.46249,EGC,2025,EGC,LA GUAJIRA,DISTRACCIÓN
10.65243,-72.92118,EGC,2025,EGC,LA GUAJIRA,EL MOLINO
11.39442,-72.26747,ELN,2025,ELN,LA GUAJIRA,MAICAO
11.43943,-72.27163,ACSN,2025,ACSN,LA GUAJIRA,MAICAO
11.43648,-72.26991,EGC,2025,EGC,LA GUAJIRA,MAICAO
11.11733,-73.00353,ACSN,2025,ACSN,LA GUAJIRA,RIOHACHA
11.11582,-73.00567,EGC,2025,EGC,LA GUAJIRA,RIOHACHA
10.66668,-73.03334,EGC,2025,EGC,LA GUAJIRA,SAN JUAN DEL CESAR
10.83832,-73.03543,ACSN,2025,ACSN,LA GUAJIRA,SAN JUAN DEL CESAR
11.60708,-72.27264,ACSN,2025,ACSN,LA GUAJIRA,URIBIA
11.60405,-72.27281,EGC,2025,EGC,LA GUAJIRA,URIBIA
10.29797,-74.03917,EGC,2025,EGC,MAGDALENA,ALGARROBO
10.29766,-74.04105,ACSN,2025,ACSN,MAGDALENA,ALGARROBO
10.59273,-73.60344,EGC,2025,EGC,MAGDALENA,ARACATACA
10.59156,-73.60412,ACSN,2025,ACSN,MAGDALENA,ARACATACA
9.83101,-74.07701,EGC,2025,EGC,MAGDALENA,ARIGUANÍ
10.02786,-74.61364,EGC,2025,EGC,MAGDALENA,CHIVOLO
10.77042,-74.02143,ACSN,2025,ACSN,MAGDALENA,CIÉNAGA
10.7701,-74.02104,EGC,2025,EGC,MAGDALENA,CIÉNAGA
10.25825,-74.83279,EGC,2025,EGC,MAGDALENA,CONCORDIA
9.05329,-74.02909,EGC,2025,EGC,MAGDALENA,EL BANCO
10.40517,-74.81939,EGC,2025,EGC,MAGDALENA,EL PIÑÓN
10.61293,-74.27573,EGC,2025,EGC,MAGDALENA,EL RETÉN
10.61145,-74.2747,ACSN,2025,ACSN,MAGDALENA,EL RETÉN
10.517,-74.17524,EGC,2025,EGC,MAGDALENA,FUNDACIÓN
9.14774,-74.21015,EGC,2025,EGC,MAGDALENA,GUAMAL
9.80386,-74.37921,EGC,2025,EGC,MAGDALENA,NUEVA GRANADA
10.1888,-74.91576,EGC,2025,EGC,MAGDALENA,PEDRAZA
10.47037,-74.61049,EGC,2025,EGC,MAGDALENA,PIVIJAY
9.79382,-74.7827,EGC,2025,EGC,MAGDALENA,PLATO
10.73027,-74.28707,ACSN,2025,ACSN,MAGDALENA,PUEBLOVIEJO
10.72689,-74.279,EGC,2025,EGC,MAGDALENA,PUEBLOVIEJO
10.02976,-74.21531,EGC,2025,EGC,MAGDALENA,SABANAS DE SAN ÁNGEL
10.02946,-74.21517,ACSN,2025,ACSN,MAGDALENA,SABANAS DE SAN ÁNGEL
10.4911,-74.79452,EGC,2025,EGC,MAGDALENA,SALAMINA
9.23892,-74.35001,EGC,2025,EGC,MAGDALENA,SAN SEBASTIÁN DE BUENAVISTA
9.24067,-74.50181,EGC,2025,EGC,MAGDALENA,SAN ZENÓN
9.43234,-74.70493,EGC,2025,EGC,MAGDALENA,SANTA BÁRBARA DE PINTO
9.3497,-74.49818,EGC,2025,EGC,MAGDALENA,SANTA MARTA
9.34997,-74.49993,ACSN,2025,ACSN,MAGDALENA,SANTA MARTA
10.7766,-74.7209,EGC,2025,EGC,MAGDALENA,SITIONUEVO
9.89841,-74.85842,EGC,2025,EGC,MAGDALENA,TENERIFE
10.1734,-74.7212,EGC,2025,EGC,MAGDALENA,ZAPAYÁN
10.78415,-74.17413,EGC,2025,EGC,MAGDALENA,ZONA BANANERA
10.79224,-74.17097,ACSN,2025,ACSN,MAGDALENA,ZONA BANANERA
3.92637,-73.49626,EGC,2025,EGC,META,ACACÍAS
4.37972,-72.9313,EGC,2025,EGC,META,BARRANCA DE UPÍA
4.27546,-72.82916,EGC,2025,EGC,META,CABUYARO
4.22947,-73.09641,EGC,2025,EGC,META,CUMARAL
3.53365,-73.79566,SM,2025,SM,META,EL CASTILLO
3.43279,-73.82091,EMBF,2025,EMBF,META,GRANADA
3.91502,-73.87394,EGC,2025,EGC,META,GUAMAL
2.40657,-73.97077,EMC,2025,EMC,META,LA MACARENA
2.38598,-74.59285,SM,2025,SM,META,LA MACARENA
2.00287,-74.23133,EMBF,2025,EMBF,META,LA MACARENA
2.13714,-73.76441,EMBF,2025,EMBF,META,LA MACARENA
1.98801,-73.9956,EMBF,2025,EMBF,META,LA MACARENA
3.48213,-73.91213,EMBF,2025,EMBF,META,LEJANÍAS
3.42087,-74.11629,EMC,2025,EMC,META,LEJANÍAS
2.89377,-71.743,EMC,2025,EMC,META,MAPIRIPÁN
2.89377,-71.74837,EMC,2025,EMC,META,MAPIRIPÁN
3.19865,-72.68392,EGC,2025,EGC,META,MAPIRIPÁN
3.30978,-71.87826,ELN,2025,ELN,META,MAPIRIPÁN
2.74227,-72.43563,EMC,2025,EMC,META,MAPIRIPÁN
3.2833,-74.1039,EMBF,2025,EMBF,META,MESETAS
3.38325,-74.04412,EMBF,2025,EMBF,META,MESETAS
3.45592,-74.14138,EMC,2025,EMC,META,MESETAS
3.19258,-74.08865,EMC,2025,EMC,META,MESETAS
3.19392,-74.08823,EMBF,2025,EMBF,META,MESETAS
3.35491,-73.87035,EMBF,2025,EMBF,META,MESETAS
3.39395,-73.84055,EMC,2025,EMC,META,MESETAS
3.35302,-74.23683,EMC,2025,EMC,META,MESETAS
3.37843,-74.03976,EMC,2025,EMC,META,MESETAS
2.68719,-72.82045,EMBF,2025,EMBF,META,PUERTO CONCORDIA
2.83675,-72.91402,ELN,2025,ELN,META,PUERTO CONCORDIA
2.58873,-72.85998,EMBF,2025,EMBF,META,PUERTO CONCORDIA
2.60746,-72.78527,EMBF,2025,EMBF,META,PUERTO CONCORDIA
4.36304,-72.07753,EGC,2025,EGC,META,PUERTO GAITÁN
4.23984,-72.08485,EMC,2025,EMC,META,PUERTO GAITÁN
3.01693,-73.2852,SM,2025,SM,META,PUERTO LLERAS
3.14681,-73.36362,EMBF,2025,EMBF,META,PUERTO LLERAS
3.14561,-73.34096,EMC,2025,EMC,META,PUERTO LLERAS
3.08959,-73.22532,EMBF,2025,EMBF,META,PUERTO LLERAS
4.10694,-72.91083,EGC,2025,EGC,META,PUERTO LÓPEZ
2.9668,-73.24402,EMC,2025,EMC,META,PUERTO RICO
2.92709,-73.27288,SM,2025,SM,META,PUERTO RICO
2.7166,-73.12529,EMBF,2025,EMBF,META,PUERTO RICO
2.87612,-73.22521,EMBF,2025,EMBF,META,PUERTO RICO
2.76596,-73.12465,EMBF,2025,EMBF,META,PUERTO RICO
2.6327,-72.9547,EMBF,2025,EMBF,META,PUERTO RICO
2.68221,-72.93337,EMBF,2025,EMBF,META,PUERTO RICO
3.70627,-73.68053,EGC,2025,EGC,META,SAN MARTÍN
3.59194,-74.28954,SM,2025,SM,META,URIBE
2.58685,-74.20469,EMBF,2025,EMBF,META,URIBE
2.78488,-74.2739,EMBF,2025,EMBF,META,URIBE
3.20705,-74.3498,EMBF,2025,EMBF,META,URIBE
3.19027,-74.30465,EMBF,2025,EMBF,META,URIBE
4.1976,-73.72189,EMC,2025,EMC,META,VILLAVICENCIO
3.04721,-73.62781,SM,2025,SM,META,VISTAHERMOSA
2.88204,-73.579,EMBF,2025,EMBF,META,VISTAHERMOSA
2.92636,-73.62967,EMBF,2025,EMBF,META,VISTAHERMOSA
2.81185,-73.62532,EMBF,2025,EMBF,META,VISTAHERMOSA
1.66541,-78.14937,CDS,2025,CDS,NARIÑO,BARBACOAS
1.21164,-78.47787,CN-EB,2025,CN-EB,NARIÑO,BARBACOAS
1.69928,-77.92242,CN-EB,2025,CN-EB,NARIÑO,BARBACOAS
1.61267,-78.08499,CN-EB,2025,CN-EB,NARIÑO,BARBACOAS
0.81111,-77.8638,CDS,2025,CDS,NARIÑO,CUMBAL
0.90017,-78.05377,EMC,2025,EMC,NARIÑO,CUMBAL
1.66417,-77.60207,EMC,2025,EMC,NARIÑO,CUMBITARA
1.78789,-77.62702,EMC,2025,EMC,NARIÑO,CUMBITARA
1.66258,-77.60041,CDS,2025,CDS,NARIÑO,CUMBITARA
1.74489,-77.63541,CDS,2025,CDS,NARIÑO,CUMBITARA
1.76266,-77.62096,CN-EB,2025,CN-EB,NARIÑO,CUMBITARA
1.74332,-77.63439,AUN,2025,AUN,NARIÑO,CUMBITARA
1.814,-77.63288,AUN,2025,AUN,NARIÑO,CUMBITARA
1.86564,-77.39012,EMC,2025,EMC,NARIÑO,EL ROSARIO
1.8672,-77.38729,AUN,2025,AUN,NARIÑO,EL ROSARIO
0.93969,-77.71939,CDS,2025,CDS,NARIÑO,GUACHUCAL
0.46701,-77.1057,CN-EB,2025,CN-EB,NARIÑO,IPIALES
0.38982,-77.25941,CN-EB,2025,CN-EB,NARIÑO,IPIALES
0.46156,-77.10671,EMC,2025,EMC,NARIÑO,IPIALES
1.61804,-77.85991,EMC,2025,EMC,NARIÑO,LA LLANADA
1.5604,-77.79577,CDS,2025,CDS,NARIÑO,LA LLANADA
1.56572,-77.75964,AUN,2025,AUN,NARIÑO,LA LLANADA
1.9328,-77.34568,AUN,2025,AUN,NARIÑO,LEIVA
1.48741,-77.51873,CDS,2025,CDS,NARIÑO,LOS ANDES
1.55835,-77.57075,EMC,2025,EMC,NARIÑO,LOS ANDES
1.4815,-77.54356,EMC,2025,EMC,NARIÑO,LOS ANDES
1.48086,-77.54451,AUN,2025,AUN,NARIÑO,LOS ANDES
1.776,-77.97449,CN-EB,2025,CN-EB,NARIÑO,MAGÜÍ
1.14152,-77.85904,CDS,2025,CDS,NARIÑO,MALLAMA
2.2767,-78.35466,EMC,2025,EMC,NARIÑO,OLAYA HERRERA
2.35032,-78.27863,EMC,2025,EMC,NARIÑO,OLAYA HERRERA
1.85414,-77.55975,EMC,2025,EMC,NARIÑO,POLICARPA
1.71606,-77.51563,EMC,2025,EMC,NARIÑO,POLICARPA
1.75447,-77.43997,CN-EB,2025,CN-EB,NARIÑO,POLICARPA
1.62867,-77.47051,EMC,2025,EMC,NARIÑO,POLICARPA
1.75791,-77.59115,AUN,2025,AUN,NARIÑO,POLICARPA
1.61374,-77.44049,EMC,2025,EMC,NARIÑO,POLICARPA
1.25242,-77.58878,CDS,2025,CDS,NARIÑO,PROVIDENCIA
1.05978,-78.16745,CDS,2025,CDS,NARIÑO,RICAURTE
1.22485,-78.05397,CN-EB,2025,CN-EB,NARIÑO,RICAURTE
1.22391,-78.08065,CN-EB,2025,CN-EB,NARIÑO,RICAURTE
2.01354,-78.43637,CN-EB,2025,CN-EB,NARIÑO,ROBERTO PAYÁN
1.48056,-77.74943,CDS,2025,CDS,NARIÑO,SAMANIEGO
1.37164,-78.61144,CN-EB,2025,CN-EB,NARIÑO,SAN ANDRÉS DE TUMACO
1.38777,-78.55856,CN-EB,2025,CN-EB,NARIÑO,SAN ANDRÉS DE TUMACO
1.4055,-78.51731,CN-EB,2025,CN-EB,NARIÑO,SAN ANDRÉS DE TUMACO
1.36385,-78.64724,CN-EB,2025,CN-EB,NARIÑO,SAN ANDRÉS DE TUMACO
1.33609,-77.79467,CDS,2025,CDS,NARIÑO,SANTACRUZ
8.09109,-73.30639,EPL,2025,EPL,NORTE DE SANTANDER,ÁBREGO
8.07347,-73.30273,ELN,2025,ELN,NORTE DE SANTANDER,ÁBREGO
8.06489,-73.3023,EMBF,2025,EMBF,NORTE DE SANTANDER,ÁBREGO
8.18066,-72.9851,ELN,2025,ELN,NORTE DE SANTANDER,ÁBREGO
7.94685,-73.17436,ELN,2025,ELN,NORTE DE SANTANDER,ÁBREGO
8.09354,-73.2755,ELN,2025,ELN,NORTE DE SANTANDER,ÁBREGO
7.99775,-73.13265,EGC,2025,EGC,NORTE DE SANTANDER,ÁBREGO
7.70004,-72.73336,ELN,2025,ELN,NORTE DE SANTANDER,ARBOLEDAS
7.74657,-72.59763,ELN,2025,ELN,NORTE DE SANTANDER,BOCHALEMA
8.04075,-72.86794,ELN,2025,ELN,NORTE DE SANTANDER,BUCARASICA
8.06663,-72.89546,EMBF,2025,EMBF,NORTE DE SANTANDER,BUCARASICA
7.60843,-72.59545,ELN,2025,ELN,NORTE DE SANTANDER,CHINÁCOTA
8.43565,-73.33951,EMBF,2025,EMBF,NORTE DE SANTANDER,CONVENCIÓN
8.60287,-73.33057,ELN,2025,ELN,NORTE DE SANTANDER,CONVENCIÓN
8.60798,-73.30456,ELN,2025,ELN,NORTE DE SANTANDER,CONVENCIÓN
8.47726,-73.32225,ELN,2025,ELN,NORTE DE SANTANDER,CONVENCIÓN
8.48597,-73.33566,ELN,2025,ELN,NORTE DE SANTANDER,CONVENCIÓN
8.70237,-73.29458,ELN,2025,ELN,NORTE DE SANTANDER,CONVENCIÓN
8.56581,-73.46726,ELN,2025,ELN,NORTE DE SANTANDER,EL CARMEN
8.56105,-73.46331,EPL,2025,EPL,NORTE DE SANTANDER,EL CARMEN
8.60464,-73.51602,ELN,2025,ELN,NORTE DE SANTANDER,EL CARMEN
8.52825,-73.43768,ELN,2025,ELN,NORTE DE SANTANDER,EL CARMEN
8.47239,-73.42821,EMBF,2025,EMBF,NORTE DE SANTANDER,EL CARMEN
8.59572,-73.13691,ELN,2025,ELN,NORTE DE SANTANDER,EL TARRA
8.63954,-72.91606,ELN,2025,ELN,NORTE DE SANTANDER,EL TARRA
8.64035,-72.91354,EMBF,2025,EMBF,NORTE DE SANTANDER,EL TARRA
8.65311,-72.91853,ELN,2025,ELN,NORTE DE SANTANDER,EL TARRA
8.64857,-72.91521,EMBF,2025,EMBF,NORTE DE SANTANDER,EL TARRA
8.63491,-72.94119,ELN,2025,ELN,NORTE DE SANTANDER,EL TARRA
8.63056,-72.94445,EMBF,2025,EMBF,NORTE DE SANTANDER,EL TARRA
8.66257,-72.93421,ELN,2025,ELN,NORTE DE SANTANDER,EL TARRA
8.6751,-72.93216,EMBF,2025,EMBF,NORTE DE SANTANDER,EL TARRA
8.6128,-72.91238,EMBF,2025,EMBF,NORTE DE SANTANDER,EL TARRA
8.61832,-72.91478,ELN,2025,ELN,NORTE DE SANTANDER,EL TARRA
8.67228,-72.95806,ELN,2025,ELN,NORTE DE SANTANDER,EL TARRA
8.6657,-72.96772,EMBF,2025,EMBF,NORTE DE SANTANDER,EL TARRA
8.55573,-73.12656,EMBF,2025,EMBF,NORTE DE SANTANDER,EL TARRA
8.24902,-72.55662,ELN,2025,ELN,NORTE DE SANTANDER,EL ZULIA
8.19779,-72.58053,ELN,2025,ELN,NORTE DE SANTANDER,EL ZULIA
7.97278,-72.73706,ELN,2025,ELN,NORTE DE SANTANDER,EL ZULIA
8.07252,-72.61088,EMBF,2025,EMBF,NORTE DE SANTANDER,EL ZULIA
7.89786,-72.80312,ELN,2025,ELN,NORTE DE SANTANDER,GRAMALOTE
7.94589,-72.8532,EMBF,2025,EMBF,NORTE DE SANTANDER,GRAMALOTE
8.32183,-73.1344,EPL,2025,EPL,NORTE DE SANTANDER,HACARÍ
8.33555,-73.13755,ELN,2025,ELN,NORTE DE SANTANDER,HACARÍ
8.32509,-73.16674,EMBF,2025,EMBF,NORTE DE SANTANDER,HACARÍ
7.49131,-72.50408,ELN,2025,ELN,NORTE DE SANTANDER,HERRÁN
7.661,-73.45902,EGC,2025,EGC,NORTE DE SANTANDER,LA ESPERANZA
7.74726,-73.33612,EMBF,2025,EMBF,NORTE DE SANTANDER,LA ESPERANZA
7.63957,-73.32753,EMBF,2025,EMBF,NORTE DE SANTANDER,LA ESPERANZA
8.21174,-73.23398,EPL,2025,EPL,NORTE DE SANTANDER,LA PLAYA
8.28129,-73.19555,EPL,2025,EPL,NORTE DE SANTANDER,LA PLAYA
8.25847,-73.15756,ELN,2025,ELN,NORTE DE SANTANDER,LA PLAYA
8.2564,-73.19387,EMBF,2025,EMBF,NORTE DE SANTANDER,LA PLAYA
7.32781,-72.512,ELN,2025,ELN,NORTE DE SANTANDER,LABATECA
7.66712,-72.56185,ELN,2025,ELN,NORTE DE SANTANDER,LOS PATIOS
7.70388,-72.5593,ELN,2025,ELN,NORTE DE SANTANDER,LOS PATIOS
7.66812,-72.56195,EMBF,2025,EMBF,NORTE DE SANTANDER,LOS PATIOS
7.66612,-72.56175,EGC,2025,EGC,NORTE DE SANTANDER,LOS PATIOS
7.99693,-72.8405,ELN,2025,ELN,NORTE DE SANTANDER,LOURDES
8.02337,-72.85472,ELN,2025,ELN,NORTE DE SANTANDER,LOURDES
8.13332,-73.30001,ELN,2025,ELN,NORTE DE SANTANDER,OCAÑA
8.07296,-73.32717,ELN,2025,ELN,NORTE DE SANTANDER,OCAÑA
8.05964,-73.33396,ELN,2025,ELN,NORTE DE SANTANDER,OCAÑA
8.05839,-73.33366,EMBF,2025,EMBF,NORTE DE SANTANDER,OCAÑA
8.08309,-73.344,ELN,2025,ELN,NORTE DE SANTANDER,OCAÑA
8.08428,-73.35628,EMBF,2025,EMBF,NORTE DE SANTANDER,OCAÑA
8.05253,-73.3318,ELN,2025,ELN,NORTE DE SANTANDER,OCAÑA
8.30138,-73.32973,ELN,2025,ELN,NORTE DE SANTANDER,OCAÑA
8.055,-73.33225,EMBF,2025,EMBF,NORTE DE SANTANDER,OCAÑA
8.35178,-73.32701,EMBF,2025,EMBF,NORTE DE SANTANDER,OCAÑA
8.35764,-73.33179,ELN,2025,ELN,NORTE DE SANTANDER,OCAÑA
8.376,-73.29602,ELN,2025,ELN,NORTE DE SANTANDER,OCAÑA
8.36826,-73.3,EMBF,2025,EMBF,NORTE DE SANTANDER,OCAÑA
8.13332,-73.30001,ACSN,2025,ACSN,NORTE DE SANTANDER,OCAÑA
8.36263,-72.42154,ELN,2025,ELN,NORTE DE SANTANDER,PUERTO SANTANDER
8.36363,-72.42164,EMBF,2025,EMBF,NORTE DE SANTANDER,PUERTO SANTANDER
8.36163,-72.42144,EGC,2025,EGC,NORTE DE SANTANDER,PUERTO SANTANDER
7.7748,-72.80515,ELN,2025,ELN,NORTE DE SANTANDER,SALAZAR
8.37235,-73.22048,EMBF,2025,EMBF,NORTE DE SANTANDER,SAN CALIXTO
8.48283,-72.63016,ELN,2025,ELN,NORTE DE SANTANDER,SAN CALIXTO
8.40215,-73.20756,ELN,2025,ELN,NORTE DE SANTANDER,SAN CALIXTO
7.80004,-72.58332,ELN,2025,ELN,NORTE DE SANTANDER,SAN CAYETANO
7.88392,-72.62845,ELN,2025,ELN,NORTE DE SANTANDER,SAN CAYETANO
7.80004,-72.58232,EMBF,2025,EMBF,NORTE DE SANTANDER,SAN CAYETANO
8.17084,-72.39747,ELN,2025,ELN,NORTE DE SANTANDER,SAN JOSÉ DE CÚCUTA
7.98909,-72.50867,EGC,2025,EGC,NORTE DE SANTANDER,SAN JOSÉ DE CÚCUTA
8.19276,-72.47303,ELN,2025,ELN,NORTE DE SANTANDER,SAN JOSÉ DE CÚCUTA
8.10029,-72.43998,ELN,2025,ELN,NORTE DE SANTANDER,SAN JOSÉ DE CÚCUTA
7.9472,-72.49078,ELN,2025,ELN,NORTE DE SANTANDER,SAN JOSÉ DE CÚCUTA
8.13797,-72.51676,ELN,2025,ELN,NORTE DE SANTANDER,SAN JOSÉ DE CÚCUTA
7.81647,-72.52454,ELN,2025,ELN,NORTE DE SANTANDER,SAN JOSÉ DE CÚCUTA
7.94274,-72.50571,EMBF,2025,EMBF,NORTE DE SANTANDER,SAN JOSÉ DE CÚCUTA
7.90142,-72.5062,ELN,2025,ELN,NORTE DE SANTANDER,SAN JOSÉ DE CÚCUTA
8.23431,-72.42662,ELN,2025,ELN,NORTE DE SANTANDER,SAN JOSÉ DE CÚCUTA
8.06373,-72.40697,ELN,2025,ELN,NORTE DE SANTANDER,SAN JOSÉ DE CÚCUTA
8.15846,-72.46082,ELN,2025,ELN,NORTE DE SANTANDER,SAN JOSÉ DE CÚCUTA
7.85577,-72.73582,ELN,2025,ELN,NORTE DE SANTANDER,SANTIAGO
7.93108,-72.71366,EMBF,2025,EMBF,NORTE DE SANTANDER,SANTIAGO
8.25442,-72.83854,ELN,2025,ELN,NORTE DE SANTANDER,SARDINATA
8.36832,-72.70168,ELN,2025,ELN,NORTE DE SANTANDER,SARDINATA
8.35103,-72.68021,EMBF,2025,EMBF,NORTE DE SANTANDER,SARDINATA
8.08509,-72.79993,EPL,2025,EPL,NORTE DE SANTANDER,SARDINATA
8.56211,-73.19632,ELN,2025,ELN,NORTE DE SANTANDER,TEORAMA
8.62735,-73.25351,ELN,2025,ELN,NORTE DE SANTANDER,TEORAMA
8.62197,-73.23048,ELN,2025,ELN,NORTE DE SANTANDER,TEORAMA
8.6015,-73.22978,ELN,2025,ELN,NORTE DE SANTANDER,TEORAMA
8.60427,-73.24367,EMBF,2025,EMBF,NORTE DE SANTANDER,TEORAMA
8.59723,-73.28028,ELN,2025,ELN,NORTE DE SANTANDER,TEORAMA
8.55354,-73.2373,ELN,2025,ELN,NORTE DE SANTANDER,TEORAMA
8.5503,-73.25719,EMBF,2025,EMBF,NORTE DE SANTANDER,TEORAMA
8.48496,-73.27609,ELN,2025,ELN,NORTE DE SANTANDER,TEORAMA
8.70359,-73.13082,ELN,2025,ELN,NORTE DE SANTANDER,TEORAMA
8.70719,-73.12736,EMBF,2025,EMBF,NORTE DE SANTANDER,TEORAMA
8.65678,-73.16805,ELN,2025,ELN,NORTE DE SANTANDER,TEORAMA
8.6626,-73.16742,EMBF,2025,EMBF,NORTE DE SANTANDER,TEORAMA
8.43389,-73.26757,ELN,2025,ELN,NORTE DE SANTANDER,TEORAMA
8.43426,-73.27113,EMBF,2025,EMBF,NORTE DE SANTANDER,TEORAMA
8.66288,-72.76522,ELN,2025,ELN,NORTE DE SANTANDER,TIBÚ
8.67081,-72.76797,EMBF,2025,EMBF,NORTE DE SANTANDER,TIBÚ
8.60849,-72.77467,ELN,2025,ELN,NORTE DE SANTANDER,TIBÚ
8.61103,-72.77052,EMBF,2025,EMBF,NORTE DE SANTANDER,TIBÚ
8.92965,-72.73112,ELN,2025,ELN,NORTE DE SANTANDER,TIBÚ
8.69118,-72.81829,ELN,2025,ELN,NORTE DE SANTANDER,TIBÚ
8.73286,-72.93026,ELN,2025,ELN,NORTE DE SANTANDER,TIBÚ
8.65856,-72.87801,ELN,2025,ELN,NORTE DE SANTANDER,TIBÚ
8.66645,-72.87401,EMBF,2025,EMBF,NORTE DE SANTANDER,TIBÚ
8.62767,-72.81441,ELN,2025,ELN,NORTE DE SANTANDER,TIBÚ
8.62298,-72.81328,EMBF,2025,EMBF,NORTE DE SANTANDER,TIBÚ
8.63551,-72.86998,ELN,2025,ELN,NORTE DE SANTANDER,TIBÚ
8.63748,-72.86898,EMBF,2025,EMBF,NORTE DE SANTANDER,TIBÚ
8.37421,-72.57714,ELN,2025,ELN,NORTE DE SANTANDER,TIBÚ
9.07417,-72.84169,ELN,2025,ELN,NORTE DE SANTANDER,TIBÚ
8.9828,-72.90562,ELN,2025,ELN,NORTE DE SANTANDER,TIBÚ
8.97638,-72.91097,EMBF,2025,EMBF,NORTE DE SANTANDER,TIBÚ
8.91543,-72.84754,ELN,2025,ELN,NORTE DE SANTANDER,TIBÚ
8.55139,-72.73578,ELN,2025,ELN,NORTE DE SANTANDER,TIBÚ
9.05847,-72.77402,EMBF,2025,EMBF,NORTE DE SANTANDER,TIBÚ
8.8776,-72.74289,EMBF,2025,EMBF,NORTE DE SANTANDER,TIBÚ
8.82829,-72.71995,EMBF,2025,EMBF,NORTE DE SANTANDER,TIBÚ
8.90839,-72.74224,ELN,2025,ELN,NORTE DE SANTANDER,TIBÚ
7.351,-72.49093,ELN,2025,ELN,NORTE DE SANTANDER,TOLEDO
7.351,-72.49083,EMBF,2025,EMBF,NORTE DE SANTANDER,TOLEDO
7.91546,-72.96466,ELN,2025,ELN,NORTE DE SANTANDER,VILLA CARO
7.82839,-72.45269,EGC,2025,EGC,NORTE DE SANTANDER,VILLA DEL ROSARIO
7.82272,-72.45739,ELN,2025,ELN,NORTE DE SANTANDER,VILLA DEL ROSARIO
7.82839,-72.45289,EMBF,2025,EMBF,NORTE DE SANTANDER,VILLA DEL ROSARIO
0.51571,-76.99063,CN-EB,2025,CN-EB,PUTUMAYO,ORITO
0.65732,-77.11192,CN-EB,2025,CN-EB,PUTUMAYO,ORITO
0.77305,-76.74714,CN-EB,2025,CN-EB,PUTUMAYO,ORITO
0.66934,-76.72936,CN-EB,2025,CN-EB,PUTUMAYO,ORITO
0.36607,-76.43134,CN-EB,2025,CN-EB,PUTUMAYO,PUERTO ASÍS
0.4988,-76.53419,CN-EB,2025,CN-EB,PUTUMAYO,PUERTO ASÍS
0.4725,-76.55636,CN-EB,2025,CN-EB,PUTUMAYO,PUERTO ASÍS
0.38026,-76.13831,EMBF,2025,EMBF,PUTUMAYO,PUERTO ASÍS
0.83503,-76.4959,CN-EB,2025,CN-EB,PUTUMAYO,PUERTO CAICEDO
0.75756,-76.58744,CN-EB,2025,CN-EB,PUTUMAYO,PUERTO CAICEDO
0.69638,-76.26915,CN-EB,2025,CN-EB,PUTUMAYO,PUERTO CAICEDO
0.72864,-76.39803,EMBF,2025,EMBF,PUTUMAYO,PUERTO CAICEDO
0.72846,-76.39609,EMC,2025,EMC,PUTUMAYO,PUERTO CAICEDO
0.78226,-76.49347,CN-EB,2025,CN-EB,PUTUMAYO,PUERTO CAICEDO
0.81788,-76.04972,CN-EB,2025,CN-EB,PUTUMAYO,PUERTO GUZMÁN
0.89092,-76.17617,CN-EB,2025,CN-EB,PUTUMAYO,PUERTO GUZMÁN
0.72866,-76.22842,CN-EB,2025,CN-EB,PUTUMAYO,PUERTO GUZMÁN
0.77325,-76.22944,CN-EB,2025,CN-EB,PUTUMAYO,PUERTO GUZMÁN
0.88329,-76.27378,CN-EB,2025,CN-EB,PUTUMAYO,PUERTO GUZMÁN
0.93007,-75.89374,CN-EB,2025,CN-EB,PUTUMAYO,PUERTO GUZMÁN
0.92489,-75.88618,EMC,2025,EMC,PUTUMAYO,PUERTO GUZMÁN
0.92995,-75.88759,EMBF,2025,EMBF,PUTUMAYO,PUERTO GUZMÁN
0.85845,-75.66189,CN-EB,2025,CN-EB,PUTUMAYO,PUERTO GUZMÁN
0.85765,-75.66239,EMBF,2025,EMBF,PUTUMAYO,PUERTO GUZMÁN
0.85652,-75.66191,EMC,2025,EMC,PUTUMAYO,PUERTO GUZMÁN
0.9539,-76.32818,CN-EB,2025,CN-EB,PUTUMAYO,PUERTO GUZMÁN
0.74148,-75.83123,EMC,2025,EMC,PUTUMAYO,PUERTO GUZMÁN
0.74156,-75.83883,EMBF,2025,EMBF,PUTUMAYO,PUERTO GUZMÁN
0.80329,-76.17343,EMC,2025,EMC,PUTUMAYO,PUERTO GUZMÁN
0.86254,-76.33683,EMC,2025,EMC,PUTUMAYO,PUERTO GUZMÁN
0.95013,-76.20867,EMC,2025,EMC,PUTUMAYO,PUERTO GUZMÁN
0.04169,-75.5805,CN-EB,2025,CN-EB,PUTUMAYO,PUERTO LEGUÍZAMO
0.19764,-75.22096,CN-EB,2025,CN-EB,PUTUMAYO,PUERTO LEGUÍZAMO
0.62321,-75.22501,EMBF,2025,EMBF,PUTUMAYO,PUERTO LEGUÍZAMO
0.14067,-75.8596,EMC,2025,EMC,PUTUMAYO,PUERTO LEGUÍZAMO
0.50434,-75.20086,EMBF,2025,EMBF,PUTUMAYO,PUERTO LEGUÍZAMO
-0.01958,-75.43442,EMC,2025,EMC,PUTUMAYO,PUERTO LEGUÍZAMO
-0.1666,-74.53331,EMBF,2025,EMBF,PUTUMAYO,PUERTO LEGUÍZAMO
0.29889,-75.00733,EMC,2025,EMC,PUTUMAYO,PUERTO LEGUÍZAMO
-0.25682,-74.26662,EMC,2025,EMC,PUTUMAYO,PUERTO LEGUÍZAMO
-0.174,-74.51936,EMC,2025,EMC,PUTUMAYO,PUERTO LEGUÍZAMO
0.38332,-76.04994,CN-EB,2025,CN-EB,PUTUMAYO,PUERTO LEGUÍZAMO
0.20001,-75.91667,CN-EB,2025,CN-EB,PUTUMAYO,PUERTO LEGUÍZAMO
0.44597,-75.16838,CN-EB,2025,CN-EB,PUTUMAYO,PUERTO LEGUÍZAMO
0.27266,-76.92648,CN-EB,2025,CN-EB,PUTUMAYO,SAN MIGUEL
0.32256,-77.02668,CN-EB,2025,CN-EB,PUTUMAYO,VALLE DEL GUAMUEZ
0.41147,-76.98105,CN-EB,2025,CN-EB,PUTUMAYO,VALLE DEL GUAMUEZ
0.39454,-76.87906,CN-EB,2025,CN-EB,PUTUMAYO,VALLE DEL GUAMUEZ
0.85811,-76.57801,CN-EB,2025,CN-EB,PUTUMAYO,VILLAGARZÓN
4.19609,-75.80284,FRENTE 57,2025,FRENTE 57,QUINDÍO,GÉNOVA
4.98347,-75.94389,ELN,2025,ELN,RISARALDA,BALBOA
5.20593,-75.88212,EGC,2025,EGC,RISARALDA,BELÉN DE UMBRÍA
5.416065,-75.904106,EGC,2025,EGC,RISARALDA,MISTRATÓ
5.274968,-75.901377,EGC,2025,EGC,RISARALDA,MISTRATÓ
5.348525,-76.124134,ELN,2025,ELN,RISARALDA,PUEBLO RICO
6.93452,-73.75107,EMBF,2025,EMBF,SANTANDER,BARRANCABERMEJA
6.91513,-73.89335,ELN,2025,ELN,SANTANDER,BARRANCABERMEJA
7.03827,-73.85777,EGC,2025,EGC,SANTANDER,BARRANCABERMEJA
7.01,-73.46177,EGC,2025,EGC,SANTANDER,BETULIA
7.10406,-73.1123,EGC,2025,EGC,SANTANDER,BUCARAMANGA
6.47259,-74.39728,EGC,2025,EGC,SANTANDER,CIMITARRA
6.17893,-73.59003,EMBF,2025,EMBF,SANTANDER,LA PAZ
7.34836,-73.90299,EGC,2025,EGC,SANTANDER,PUERTO WILCHES
7.24707,-73.78525,EMBF,2025,EMBF,SANTANDER,PUERTO WILCHES
7.41343,-73.88918,ELN,2025,ELN,SANTANDER,PUERTO WILCHES
7.43611,-73.52206,EGC,2025,EGC,SANTANDER,SABANA DE TORRES
7.2517,-73.43773,EGC,2025,EGC,SANTANDER,SABANA DE TORRES
7.3315,-73.538,EMBF,2025,EMBF,SANTANDER,SABANA DE TORRES
6.81792,-73.70158,EGC,2025,EGC,SANTANDER,SAN VICENTE DE CHUCURÍ
9.54504,-75.31223,EGC,2025,EGC,SUCRE,CHALÁN
9.49406,-75.35309,EGC,2025,EGC,SUCRE,COLOSÓ
9.32342,-75.2949,EGC,2025,EGC,SUCRE,COROZAL
9.40343,-75.68008,EGC,2025,EGC,SUCRE,COVEÑAS
9.10819,-75.18691,EGC,2025,EGC,SUCRE,EL ROBLE
8.46493,-74.5444,EGC,2025,EGC,SUCRE,GUARANDA
9.33636,-75.53807,EGC,2025,EGC,SUCRE,LOS PALMITOS
9.34163,-75.31489,EGC,2025,EGC,SUCRE,MORROA
9.52595,-75.22349,EGC,2025,EGC,SUCRE,OVEJAS
9.177,-75.37533,EGC,2025,EGC,SUCRE,SAMPUÉS
8.93532,-75.02871,EGC,2025,EGC,SUCRE,SAN BENITO ABAD
9.4564,-75.42857,EGC,2025,EGC,SUCRE,SAN JOSÉ DE TOLUVIEJO
9.24499,-75.14822,EGC,2025,EGC,SUCRE,SAN LUIS DE SINCÉ
8.67436,-75.12844,EGC,2025,EGC,SUCRE,SAN MARCOS
9.90006,-75.58839,EGC,2025,EGC,SUCRE,SAN ONOFRE
9.29813,-75.36358,EGC,2025,EGC,SUCRE,SINCELEJO
3.38799,-74.9349,EMBF,2025,EMBF,TOLIMA,ALPUJARRA
4.7915,-74.79947,EGC,2025,EGC,TOLIMA,AMBALEMA
5.00504,-74.89616,EGC,2025,EGC,TOLIMA,ARMERO
3.35306,-75.58288,EMC,2025,EMC,TOLIMA,ATACO
3.61731,-75.45988,EMC,2025,EMC,TOLIMA,ATACO
4.43308,-75.42143,EMBF,2025,EMBF,TOLIMA,CAJAMARCA
3.72555,-75.59649,EMC,2025,EMC,TOLIMA,CHAPARRAL
3.65553,-75.62079,EMC,2025,EMC,TOLIMA,CHAPARRAL
3.72213,-75.62428,EMC,2025,EMC,TOLIMA,CHAPARRAL
3.93036,-75.64885,EMC,2025,EMC,TOLIMA,CHAPARRAL
3.77747,-75.46809,EMBF,2025,EMBF,TOLIMA,CHAPARRAL
3.65959,-74.7287,EMBF,2025,EMBF,TOLIMA,DOLORES
3.62543,-74.7297,EMBF,2025,EMBF,TOLIMA,DOLORES
4.17222,-75.03688,EGC,2025,EGC,TOLIMA,GUAMO
4.0263,-74.86925,EGC,2025,EGC,TOLIMA,GUAMO
4.40559,-75.29704,EMBF,2025,EMBF,TOLIMA,IBAGUÉ
4.32165,-75.21026,EMBF,2025,EMBF,TOLIMA,IBAGUÉ
4.5406,-75.07656,EMBF,2025,EMBF,TOLIMA,IBAGUÉ
4.13309,-74.58867,EMC,2025,EMC,TOLIMA,ICONONZO
4.16144,-74.55003,EMBF,2025,EMBF,TOLIMA,ICONONZO
4.82009,-74.93208,EGC,2025,EGC,TOLIMA,LÉRIDA
4.8295,-74.9077,EMC,2025,EMC,TOLIMA,LÉRIDA
3.61334,-75.11364,EMBF,2025,EMBF,TOLIMA,NATAGAIMA
3.97515,-75.26642,EMBF,2025,EMBF,TOLIMA,ORTEGA
3.27624,-75.74804,EMC,2025,EMC,TOLIMA,PLANADAS
3.19724,-75.64381,EMC,2025,EMC,TOLIMA,PLANADAS
3.58493,-75.76011,EMC,2025,EMC,TOLIMA,RIOBLANCO
3.53007,-75.64367,EMC,2025,EMC,TOLIMA,RIOBLANCO
3.59726,-75.73179,EMC,2025,EMC,TOLIMA,RIOBLANCO
4.01288,-75.62285,EMC,2025,EMC,TOLIMA,RONCESVALLES
4.13923,-75.42878,EMBF,2025,EMBF,TOLIMA,RONCESVALLES
4.12079,-75.42035,EMBF,2025,EMBF,TOLIMA,RONCESVALLES
4.1833,-75.54998,EMBF,2025,EMBF,TOLIMA,RONCESVALLES
4.07642,-75.53095,EMBF,2025,EMBF,TOLIMA,RONCESVALLES
4.15076,-75.5633,EMBF,2025,EMBF,TOLIMA,RONCESVALLES
4.10127,-75.63894,EMBF,2025,EMBF,TOLIMA,RONCESVALLES
4.11179,-75.45963,EMBF,2025,EMBF,TOLIMA,RONCESVALLES
4.09224,-75.70748,FRENTE 57,2025,FRENTE 57,TOLIMA,RONCESVALLES
4.20802,-75.47584,EMBF,2025,EMBF,TOLIMA,ROVIRA
4.26756,-75.42399,EMBF,2025,EMBF,TOLIMA,ROVIRA
4.05534,-75.41243,EMBF,2025,EMBF,TOLIMA,SAN ANTONIO
4.20657,-75.4167,EMBF,2025,EMBF,TOLIMA,SAN ANTONIO
3.86149,-75.50395,EMC,2025,EMC,TOLIMA,SAN ANTONIO
4.09981,-75.12644,EGC,2025,EGC,TOLIMA,SAN LUIS
5.22325,-74.88145,EGC,2025,EGC,TOLIMA,SAN SEBASTIÁN DE MARIQUITA
4.16952,-75.11303,EGC,2025,EGC,TOLIMA,VALLE DE SAN JUAN
4.73809,-74.9252,EGC,2025,EGC,TOLIMA,VENADILLO
4.1121,-76.10116,EMC,2025,EMC,VALLE DEL CAUCA,ANDALUCÍA
4.10422,-76.09919,EMC,2025,EMC,VALLE DEL CAUCA,ANDALUCÍA
4.10269,-76.09092,FRENTE 57,2025,FRENTE 57,VALLE DEL CAUCA,ANDALUCÍA
4.37973,-76.28492,EGC,2025,EGC,VALLE DEL CAUCA,BOLÍVAR
4.0328,-77.01465,EGC,2025,EGC,VALLE DEL CAUCA,BUENAVENTURA
3.2148,-77.36641,EMC,2025,EMC,VALLE DEL CAUCA,BUENAVENTURA
3.26232,-77.08802,EMC,2025,EMC,VALLE DEL CAUCA,BUENAVENTURA
3.28054,-77.23125,EMC,2025,EMC,VALLE DEL CAUCA,BUENAVENTURA
3.15162,-77.24735,EMC,2025,EMC,VALLE DEL CAUCA,BUENAVENTURA
3.73997,-77.04537,EMC,2025,EMC,VALLE DEL CAUCA,BUENAVENTURA
3.76225,-77.05704,ELN,2025,ELN,VALLE DEL CAUCA,BUENAVENTURA
4.1387,-76.02748,EMC,2025,EMC,VALLE DEL CAUCA,BUGALAGRANDE
4.13219,-76.00946,EMC,2025,EMC,VALLE DEL CAUCA,BUGALAGRANDE
4.14957,-76.03821,FRENTE 57,2025,FRENTE 57,VALLE DEL CAUCA,BUGALAGRANDE
4.21027,-76.17366,EGC,2025,EGC,VALLE DEL CAUCA,BUGALAGRANDE
4.25506,-75.83883,EMC,2025,EMC,VALLE DEL CAUCA,CAICEDONIA
4.23965,-75.85909,EMC,2025,EMC,VALLE DEL CAUCA,CAICEDONIA
4.23536,-75.8433,FRENTE 57,2025,FRENTE 57,VALLE DEL CAUCA,CAICEDONIA
3.91926,-76.59505,ELN,2025,ELN,VALLE DEL CAUCA,CALIMA
3.63298,-76.715,EMC,2025,EMC,VALLE DEL CAUCA,DAGUA
3.68982,-76.73255,EMC,2025,EMC,VALLE DEL CAUCA,DAGUA
3.61411,-76.1391,EMC,2025,EMC,VALLE DEL CAUCA,EL CERRITO
3.72747,-76.0797,EMC,2025,EMC,VALLE DEL CAUCA,EL CERRITO
3.69945,-76.06986,EMC,2025,EMC,VALLE DEL CAUCA,EL CERRITO
3.62274,-76.08843,EMC,2025,EMC,VALLE DEL CAUCA,EL CERRITO
3.65725,-76.09028,EMC,2025,EMC,VALLE DEL CAUCA,EL CERRITO
3.61862,-76.1089,EMC,2025,EMC,VALLE DEL CAUCA,EL CERRITO
3.62023,-76.0953,EMC,2025,EMC,VALLE DEL CAUCA,EL CERRITO
3.62075,-76.10028,FRENTE 57,2025,FRENTE 57,VALLE DEL CAUCA,EL CERRITO
4.51302,-76.35207,EGC,2025,EGC,VALLE DEL CAUCA,EL DOVIO
3.26687,-76.18322,FRENTE 57,2025,FRENTE 57,VALLE DEL CAUCA,FLORIDA
3.2651,-76.18419,EMC,2025,EMC,VALLE DEL CAUCA,FLORIDA
3.33332,-76.18331,FRENTE 57,2025,FRENTE 57,VALLE DEL CAUCA,FLORIDA
3.3312,-76.18521,EMC,2025,EMC,VALLE DEL CAUCA,FLORIDA
3.28361,-76.22566,FRENTE 57,2025,FRENTE 57,VALLE DEL CAUCA,FLORIDA
3.2812,-76.22497,EMC,2025,EMC,VALLE DEL CAUCA,FLORIDA
3.2288,-76.19,FRENTE 57,2025,FRENTE 57,VALLE DEL CAUCA,FLORIDA
3.2297,-76.18902,EMC,2025,EMC,VALLE DEL CAUCA,FLORIDA
3.27302,-76.22019,FRENTE 57,2025,FRENTE 57,VALLE DEL CAUCA,FLORIDA
3.27183,-76.21927,EMC,2025,EMC,VALLE DEL CAUCA,FLORIDA
3.27258,-76.215,FRENTE 57,2025,FRENTE 57,VALLE DEL CAUCA,FLORIDA
3.27327,-76.21612,EMC,2025,EMC,VALLE DEL CAUCA,FLORIDA
3.31666,-76.26667,FRENTE 57,2025,FRENTE 57,VALLE DEL CAUCA,FLORIDA
3.3108,-76.2631,EMC,2025,EMC,VALLE DEL CAUCA,FLORIDA
3.74811,-76.23363,EMC,2025,EMC,VALLE DEL CAUCA,GINEBRA
3.77003,-76.16444,EMC,2025,EMC,VALLE DEL CAUCA,GINEBRA
3.75685,-76.22641,EMC,2025,EMC,VALLE DEL CAUCA,GINEBRA
3.75136,-76.22161,FRENTE 57,2025,FRENTE 57,VALLE DEL CAUCA,GINEBRA
3.81827,-76.24099,EMC,2025,EMC,VALLE DEL CAUCA,GUACARÍ
3.76684,-76.23061,EMC,2025,EMC,VALLE DEL CAUCA,GUACARÍ
3.795,-76.3319,EMC,2025,EMC,VALLE DEL CAUCA,GUACARÍ
3.80108,-76.22721,FRENTE 57,2025,FRENTE 57,VALLE DEL CAUCA,GUACARÍ
3.83663,-76.22711,EMC,2025,EMC,VALLE DEL CAUCA,GUACARÍ
3.77983,-76.22758,EMC,2025,EMC,VALLE DEL CAUCA,GUACARÍ
3.87941,-76.19214,EMC,2025,EMC,VALLE DEL CAUCA,GUADALAJARA DE BUGA
3.90606,-76.2072,EMC,2025,EMC,VALLE DEL CAUCA,GUADALAJARA DE BUGA
3.85028,-76.25584,EMC,2025,EMC,VALLE DEL CAUCA,GUADALAJARA DE BUGA
3.85251,-76.20864,EMC,2025,EMC,VALLE DEL CAUCA,GUADALAJARA DE BUGA
3.91373,-76.11656,EMC,2025,EMC,VALLE DEL CAUCA,GUADALAJARA DE BUGA
3.88032,-76.10026,EMC,2025,EMC,VALLE DEL CAUCA,GUADALAJARA DE BUGA
3.84453,-75.95192,EMC,2025,EMC,VALLE DEL CAUCA,GUADALAJARA DE BUGA
3.8223,-76.0466,EMC,2025,EMC,VALLE DEL CAUCA,GUADALAJARA DE BUGA
3.90699,-76.09174,EMC,2025,EMC,VALLE DEL CAUCA,GUADALAJARA DE BUGA
3.90564,-75.97723,EMC,2025,EMC,VALLE DEL CAUCA,GUADALAJARA DE BUGA
3.87441,-75.94877,EMC,2025,EMC,VALLE DEL CAUCA,GUADALAJARA DE BUGA
3.89783,-76.0344,EMC,2025,EMC,VALLE DEL CAUCA,GUADALAJARA DE BUGA
3.84191,-75.93206,FRENTE 57,2025,FRENTE 57,VALLE DEL CAUCA,GUADALAJARA DE BUGA
3.85458,-75.93962,EMC,2025,EMC,VALLE DEL CAUCA,GUADALAJARA DE BUGA
3.15015,-76.63453,EMC,2025,EMC,VALLE DEL CAUCA,JAMUNDÍ
3.18812,-76.63234,EMC,2025,EMC,VALLE DEL CAUCA,JAMUNDÍ
3.20861,-76.65333,EMC,2025,EMC,VALLE DEL CAUCA,JAMUNDÍ
3.12546,-76.59387,EMC,2025,EMC,VALLE DEL CAUCA,JAMUNDÍ
3.22826,-76.58298,EMC,2025,EMC,VALLE DEL CAUCA,JAMUNDÍ
3.62058,-76.08417,EMC,2025,EMC,VALLE DEL CAUCA,PALMIRA
3.69724,-76.02891,EMC,2025,EMC,VALLE DEL CAUCA,PALMIRA
3.55472,-76.19991,EMC,2025,EMC,VALLE DEL CAUCA,PALMIRA
3.52112,-76.17144,EMC,2025,EMC,VALLE DEL CAUCA,PALMIRA
3.54395,-76.18718,EMC,2025,EMC,VALLE DEL CAUCA,PALMIRA
3.5733,-76.185,EMC,2025,EMC,VALLE DEL CAUCA,PALMIRA
3.57395,-76.22254,EMC,2025,EMC,VALLE DEL CAUCA,PALMIRA
3.60304,-76.19429,EMC,2025,EMC,VALLE DEL CAUCA,PALMIRA
3.61948,-76.22555,EMC,2025,EMC,VALLE DEL CAUCA,PALMIRA
3.53696,-76.1477,EMC,2025,EMC,VALLE DEL CAUCA,PALMIRA
3.51058,-76.14942,FRENTE 57,2025,FRENTE 57,VALLE DEL CAUCA,PALMIRA
3.45651,-76.08916,FRENTE 57,2025,FRENTE 57,VALLE DEL CAUCA,PRADERA
3.45425,-76.10198,EMC,2025,EMC,VALLE DEL CAUCA,PRADERA
3.45005,-76.04994,FRENTE 57,2025,FRENTE 57,VALLE DEL CAUCA,PRADERA
3.43814,-76.05322,EMC,2025,EMC,VALLE DEL CAUCA,PRADERA
3.3839,-76.19722,FRENTE 57,2025,FRENTE 57,VALLE DEL CAUCA,PRADERA
3.38213,-76.19775,EMC,2025,EMC,VALLE DEL CAUCA,PRADERA
3.47593,-76.15495,FRENTE 57,2025,FRENTE 57,VALLE DEL CAUCA,PRADERA
3.47269,-76.14663,EMC,2025,EMC,VALLE DEL CAUCA,PRADERA
3.44346,-76.14127,FRENTE 57,2025,FRENTE 57,VALLE DEL CAUCA,PRADERA
3.43939,-76.13578,EMC,2025,EMC,VALLE DEL CAUCA,PRADERA
3.39786,-76.20288,FRENTE 57,2025,FRENTE 57,VALLE DEL CAUCA,PRADERA
3.39521,-76.20048,EMC,2025,EMC,VALLE DEL CAUCA,PRADERA
3.40724,-76.15663,FRENTE 57,2025,FRENTE 57,VALLE DEL CAUCA,PRADERA
3.40042,-76.15159,EMC,2025,EMC,VALLE DEL CAUCA,PRADERA
3.41364,-76.0794,FRENTE 57,2025,FRENTE 57,VALLE DEL CAUCA,PRADERA
3.41994,-76.07199,EMC,2025,EMC,VALLE DEL CAUCA,PRADERA
3.42868,-76.14454,FRENTE 57,2025,FRENTE 57,VALLE DEL CAUCA,PRADERA
3.43209,-76.14012,EMC,2025,EMC,VALLE DEL CAUCA,PRADERA
3.3931,-76.18501,FRENTE 57,2025,FRENTE 57,VALLE DEL CAUCA,PRADERA
3.38865,-76.18563,EMC,2025,EMC,VALLE DEL CAUCA,PRADERA
3.43938,-76.16257,FRENTE 57,2025,FRENTE 57,VALLE DEL CAUCA,PRADERA
3.44682,-76.16331,EMC,2025,EMC,VALLE DEL CAUCA,PRADERA
3.40266,-76.31904,FRENTE 57,2025,FRENTE 57,VALLE DEL CAUCA,PRADERA
3.4009,-76.3182,EMC,2025,EMC,VALLE DEL CAUCA,PRADERA
3.45539,-76.176,FRENTE 57,2025,FRENTE 57,VALLE DEL CAUCA,PRADERA
3.45136,-76.17338,EMC,2025,EMC,VALLE DEL CAUCA,PRADERA
3.42323,-76.1835,FRENTE 57,2025,FRENTE 57,VALLE DEL CAUCA,PRADERA
3.42375,-76.18055,EMC,2025,EMC,VALLE DEL CAUCA,PRADERA
3.39997,-76.17706,FRENTE 57,2025,FRENTE 57,VALLE DEL CAUCA,PRADERA
3.40012,-76.17559,EMC,2025,EMC,VALLE DEL CAUCA,PRADERA
3.40359,-76.2336,FRENTE 57,2025,FRENTE 57,VALLE DEL CAUCA,PRADERA
3.3991,-76.22976,EMC,2025,EMC,VALLE DEL CAUCA,PRADERA
3.35914,-76.20108,EMC,2025,EMC,VALLE DEL CAUCA,PRADERA
3.36085,-76.20343,FRENTE 57,2025,FRENTE 57,VALLE DEL CAUCA,PRADERA
4.0803,-76.42664,EGC,2025,EGC,VALLE DEL CAUCA,RIOFRÍO
4.41672,-76.21132,EGC,2025,EGC,VALLE DEL CAUCA,ROLDANILLO
3.93288,-76.14908,EMC,2025,EMC,VALLE DEL CAUCA,SAN PEDRO
3.95192,-76.12547,EMC,2025,EMC,VALLE DEL CAUCA,SAN PEDRO
3.96493,-76.15895,EMC,2025,EMC,VALLE DEL CAUCA,SAN PEDRO
4.01055,-76.23492,EMC,2025,EMC,VALLE DEL CAUCA,SAN PEDRO
3.92886,-76.17383,EMC,2025,EMC,VALLE DEL CAUCA,SAN PEDRO
3.94669,-76.1478,EMC,2025,EMC,VALLE DEL CAUCA,SAN PEDRO
3.96588,-76.13167,EMC,2025,EMC,VALLE DEL CAUCA,SAN PEDRO
3.94041,-76.15821,FRENTE 57,2025,FRENTE 57,VALLE DEL CAUCA,SAN PEDRO
3.45164,-76.53198,EGC,2025,EGC,VALLE DEL CAUCA,SANTIAGO DE CALI
3.38277,-76.54467,EMC,2025,EMC,VALLE DEL CAUCA,SANTIAGO DE CALI
3.47591,-76.48656,ELN,2025,ELN,VALLE DEL CAUCA,SANTIAGO DE CALI
4.22847,-75.89686,EMC,2025,EMC,VALLE DEL CAUCA,SEVILLA
4.20912,-75.88536,EMC,2025,EMC,VALLE DEL CAUCA,SEVILLA
4.20467,-75.86459,FRENTE 57,2025,FRENTE 57,VALLE DEL CAUCA,SEVILLA
4.19489,-75.82933,FRENTE 57,2025,FRENTE 57,VALLE DEL CAUCA,SEVILLA
4.27352,-76.3719,EGC,2025,EGC,VALLE DEL CAUCA,TRUJILLO
4.1369,-75.96166,EMC,2025,EMC,VALLE DEL CAUCA,TULUÁ
4.15635,-75.95278,FRENTE 57,2025,FRENTE 57,VALLE DEL CAUCA,TULUÁ
3.96465,-76.06045,EMC,2025,EMC,VALLE DEL CAUCA,TULUÁ
1.01263,-71.29651,EMC,2025,EMC,VAUPÉS,CARURÚ
4.46648,-71.0291,EGC,2025,EGC,VICHADA,CUMARIBO
3.60234,-69.74467,EMC,2025,EMC,VICHADA,CUMARIBO
5.29244,-67.87024,ELN,2025,ELN,VICHADA,CUMARIBO
5.34012,-67.84998,SM,2025,SM,VICHADA,CUMARIBO
5.32285,-67.85101,SM,2025,SM,VICHADA,CUMARIBO
3.82322,-70.58846,EMC,2025,EMC,VICHADA,CUMARIBO
3.62079,-70.32325,EMC,2025,EMC,VICHADA,CUMARIBO
4.06742,-70.22185,EMC,2025,EMC,VICHADA,CUMARIBO
5.905,-67.92596,SM,2025,SM,VICHADA,CUMARIBO
5.95418,-68.30224,SM,2025,SM,VICHADA,CUMARIBO
4.63526,-69.10834,ELN,2025,ELN,VICHADA,CUMARIBO
2.66575,-72.81856,EMC,2025,EMC,META,PUERTO CONCORDIA
