eleccion,anio,corporacion,cod_divipola,opcion,votos
c2022_CAMARA,2022,CAMARA,41001,COALICIÓN CENTRO ESPERANZA,2490
c2022_CAMARA,2022,CAMARA,41001,MOVIMIENTO DE SALVACIÓN NACIONAL,501
c2022_CAMARA,2022,CAMARA,41001,PACTO HISTÓRICO,35502
c2022_CAMARA,2022,CAMARA,41001,PARTIDO CAMBIO RADICAL,32163
c2022_CAMARA,2022,CAMARA,41001,PARTIDO CENTRO DEMOCRÁTICO,8975
c2022_CAMARA,2022,CAMARA,41001,PARTIDO CONSERVADOR COLOMBIANO,13579
c2022_CAMARA,2022,CAMARA,41001,PARTIDO LIBERAL COLOMBIANO,16487
c2022_CAMARA,2022,CAMARA,41001,PARTIDO NUEVO LIBERALISMO,1917
c2022_CAMARA,2022,CAMARA,41001,PARTIDO POLÍTICO MIRA,5491
c2022_CAMARA,2022,CAMARA,41001,__BLANCO__,10605
c2022_CAMARA,2022,CAMARA,41001,__NO_MARCADOS__,1797
c2022_CAMARA,2022,CAMARA,41001,__NULOS__,6292
c2022_CAMARA,2022,CAMARA,41006,COALICIÓN CENTRO ESPERANZA,74
c2022_CAMARA,2022,CAMARA,41006,MOVIMIENTO DE SALVACIÓN NACIONAL,75
c2022_CAMARA,2022,CAMARA,41006,PACTO HISTÓRICO,604
c2022_CAMARA,2022,CAMARA,41006,PARTIDO CAMBIO RADICAL,1754
c2022_CAMARA,2022,CAMARA,41006,PARTIDO CENTRO DEMOCRÁTICO,862
c2022_CAMARA,2022,CAMARA,41006,PARTIDO CONSERVADOR COLOMBIANO,822
c2022_CAMARA,2022,CAMARA,41006,PARTIDO LIBERAL COLOMBIANO,1439
c2022_CAMARA,2022,CAMARA,41006,PARTIDO NUEVO LIBERALISMO,92
c2022_CAMARA,2022,CAMARA,41006,PARTIDO POLÍTICO MIRA,109
c2022_CAMARA,2022,CAMARA,41006,__BLANCO__,500
c2022_CAMARA,2022,CAMARA,41006,__NO_MARCADOS__,218
c2022_CAMARA,2022,CAMARA,41006,__NULOS__,477
c2022_CAMARA,2022,CAMARA,41013,COALICIÓN CENTRO ESPERANZA,22
c2022_CAMARA,2022,CAMARA,41013,MOVIMIENTO DE SALVACIÓN NACIONAL,7
c2022_CAMARA,2022,CAMARA,41013,PACTO HISTÓRICO,380
c2022_CAMARA,2022,CAMARA,41013,PARTIDO CAMBIO RADICAL,718
c2022_CAMARA,2022,CAMARA,41013,PARTIDO CENTRO DEMOCRÁTICO,266
c2022_CAMARA,2022,CAMARA,41013,PARTIDO CONSERVADOR COLOMBIANO,1072
c2022_CAMARA,2022,CAMARA,41013,PARTIDO LIBERAL COLOMBIANO,648
c2022_CAMARA,2022,CAMARA,41013,PARTIDO NUEVO LIBERALISMO,16
c2022_CAMARA,2022,CAMARA,41013,PARTIDO POLÍTICO MIRA,78
c2022_CAMARA,2022,CAMARA,41013,__BLANCO__,159
c2022_CAMARA,2022,CAMARA,41013,__NO_MARCADOS__,68
c2022_CAMARA,2022,CAMARA,41013,__NULOS__,179
c2022_CAMARA,2022,CAMARA,41016,COALICIÓN CENTRO ESPERANZA,56
c2022_CAMARA,2022,CAMARA,41016,MOVIMIENTO DE SALVACIÓN NACIONAL,7
c2022_CAMARA,2022,CAMARA,41016,PACTO HISTÓRICO,975
c2022_CAMARA,2022,CAMARA,41016,PARTIDO CAMBIO RADICAL,1830
c2022_CAMARA,2022,CAMARA,41016,PARTIDO CENTRO DEMOCRÁTICO,260
c2022_CAMARA,2022,CAMARA,41016,PARTIDO CONSERVADOR COLOMBIANO,842
c2022_CAMARA,2022,CAMARA,41016,PARTIDO LIBERAL COLOMBIANO,1470
c2022_CAMARA,2022,CAMARA,41016,PARTIDO NUEVO LIBERALISMO,133
c2022_CAMARA,2022,CAMARA,41016,PARTIDO POLÍTICO MIRA,204
c2022_CAMARA,2022,CAMARA,41016,__BLANCO__,406
c2022_CAMARA,2022,CAMARA,41016,__NO_MARCADOS__,157
c2022_CAMARA,2022,CAMARA,41016,__NULOS__,395
c2022_CAMARA,2022,CAMARA,41020,COALICIÓN CENTRO ESPERANZA,54
c2022_CAMARA,2022,CAMARA,41020,MOVIMIENTO DE SALVACIÓN NACIONAL,4
c2022_CAMARA,2022,CAMARA,41020,PACTO HISTÓRICO,878
c2022_CAMARA,2022,CAMARA,41020,PARTIDO CAMBIO RADICAL,2342
c2022_CAMARA,2022,CAMARA,41020,PARTIDO CENTRO DEMOCRÁTICO,157
c2022_CAMARA,2022,CAMARA,41020,PARTIDO CONSERVADOR COLOMBIANO,276
c2022_CAMARA,2022,CAMARA,41020,PARTIDO LIBERAL COLOMBIANO,1041
c2022_CAMARA,2022,CAMARA,41020,PARTIDO NUEVO LIBERALISMO,42
c2022_CAMARA,2022,CAMARA,41020,PARTIDO POLÍTICO MIRA,407
c2022_CAMARA,2022,CAMARA,41020,__BLANCO__,259
c2022_CAMARA,2022,CAMARA,41020,__NO_MARCADOS__,205
c2022_CAMARA,2022,CAMARA,41020,__NULOS__,297
c2022_CAMARA,2022,CAMARA,41026,COALICIÓN CENTRO ESPERANZA,9
c2022_CAMARA,2022,CAMARA,41026,MOVIMIENTO DE SALVACIÓN NACIONAL,16
c2022_CAMARA,2022,CAMARA,41026,PACTO HISTÓRICO,247
c2022_CAMARA,2022,CAMARA,41026,PARTIDO CAMBIO RADICAL,269
c2022_CAMARA,2022,CAMARA,41026,PARTIDO CENTRO DEMOCRÁTICO,85
c2022_CAMARA,2022,CAMARA,41026,PARTIDO CONSERVADOR COLOMBIANO,301
c2022_CAMARA,2022,CAMARA,41026,PARTIDO LIBERAL COLOMBIANO,356
c2022_CAMARA,2022,CAMARA,41026,PARTIDO NUEVO LIBERALISMO,42
c2022_CAMARA,2022,CAMARA,41026,PARTIDO POLÍTICO MIRA,6
c2022_CAMARA,2022,CAMARA,41026,__BLANCO__,98
c2022_CAMARA,2022,CAMARA,41026,__NO_MARCADOS__,29
c2022_CAMARA,2022,CAMARA,41026,__NULOS__,65
c2022_CAMARA,2022,CAMARA,41078,COALICIÓN CENTRO ESPERANZA,15
c2022_CAMARA,2022,CAMARA,41078,MOVIMIENTO DE SALVACIÓN NACIONAL,1
c2022_CAMARA,2022,CAMARA,41078,PACTO HISTÓRICO,315
c2022_CAMARA,2022,CAMARA,41078,PARTIDO CAMBIO RADICAL,1496
c2022_CAMARA,2022,CAMARA,41078,PARTIDO CENTRO DEMOCRÁTICO,121
c2022_CAMARA,2022,CAMARA,41078,PARTIDO CONSERVADOR COLOMBIANO,191
c2022_CAMARA,2022,CAMARA,41078,PARTIDO LIBERAL COLOMBIANO,169
c2022_CAMARA,2022,CAMARA,41078,PARTIDO NUEVO LIBERALISMO,7
c2022_CAMARA,2022,CAMARA,41078,PARTIDO POLÍTICO MIRA,98
c2022_CAMARA,2022,CAMARA,41078,__BLANCO__,92
c2022_CAMARA,2022,CAMARA,41078,__NO_MARCADOS__,51
c2022_CAMARA,2022,CAMARA,41078,__NULOS__,140
c2022_CAMARA,2022,CAMARA,41132,COALICIÓN CENTRO ESPERANZA,123
c2022_CAMARA,2022,CAMARA,41132,MOVIMIENTO DE SALVACIÓN NACIONAL,23
c2022_CAMARA,2022,CAMARA,41132,PACTO HISTÓRICO,1690
c2022_CAMARA,2022,CAMARA,41132,PARTIDO CAMBIO RADICAL,2438
c2022_CAMARA,2022,CAMARA,41132,PARTIDO CENTRO DEMOCRÁTICO,538
c2022_CAMARA,2022,CAMARA,41132,PARTIDO CONSERVADOR COLOMBIANO,995
c2022_CAMARA,2022,CAMARA,41132,PARTIDO LIBERAL COLOMBIANO,3243
c2022_CAMARA,2022,CAMARA,41132,PARTIDO NUEVO LIBERALISMO,237
c2022_CAMARA,2022,CAMARA,41132,PARTIDO POLÍTICO MIRA,635
c2022_CAMARA,2022,CAMARA,41132,__BLANCO__,892
c2022_CAMARA,2022,CAMARA,41132,__NO_MARCADOS__,295
c2022_CAMARA,2022,CAMARA,41132,__NULOS__,974
c2022_CAMARA,2022,CAMARA,41206,COALICIÓN CENTRO ESPERANZA,29
c2022_CAMARA,2022,CAMARA,41206,MOVIMIENTO DE SALVACIÓN NACIONAL,2
c2022_CAMARA,2022,CAMARA,41206,PACTO HISTÓRICO,144
c2022_CAMARA,2022,CAMARA,41206,PARTIDO CAMBIO RADICAL,1073
c2022_CAMARA,2022,CAMARA,41206,PARTIDO CENTRO DEMOCRÁTICO,173
c2022_CAMARA,2022,CAMARA,41206,PARTIDO CONSERVADOR COLOMBIANO,715
c2022_CAMARA,2022,CAMARA,41206,PARTIDO LIBERAL COLOMBIANO,750
c2022_CAMARA,2022,CAMARA,41206,PARTIDO NUEVO LIBERALISMO,9
c2022_CAMARA,2022,CAMARA,41206,PARTIDO POLÍTICO MIRA,17
c2022_CAMARA,2022,CAMARA,41206,__BLANCO__,91
c2022_CAMARA,2022,CAMARA,41206,__NO_MARCADOS__,92
c2022_CAMARA,2022,CAMARA,41206,__NULOS__,198
c2022_CAMARA,2022,CAMARA,41244,COALICIÓN CENTRO ESPERANZA,13
c2022_CAMARA,2022,CAMARA,41244,MOVIMIENTO DE SALVACIÓN NACIONAL,11
c2022_CAMARA,2022,CAMARA,41244,PACTO HISTÓRICO,142
c2022_CAMARA,2022,CAMARA,41244,PARTIDO CAMBIO RADICAL,459
c2022_CAMARA,2022,CAMARA,41244,PARTIDO CENTRO DEMOCRÁTICO,273
c2022_CAMARA,2022,CAMARA,41244,PARTIDO CONSERVADOR COLOMBIANO,115
c2022_CAMARA,2022,CAMARA,41244,PARTIDO LIBERAL COLOMBIANO,422
c2022_CAMARA,2022,CAMARA,41244,PARTIDO NUEVO LIBERALISMO,7
c2022_CAMARA,2022,CAMARA,41244,PARTIDO POLÍTICO MIRA,53
c2022_CAMARA,2022,CAMARA,41244,__BLANCO__,66
c2022_CAMARA,2022,CAMARA,41244,__NO_MARCADOS__,45
c2022_CAMARA,2022,CAMARA,41244,__NULOS__,83
c2022_CAMARA,2022,CAMARA,41298,COALICIÓN CENTRO ESPERANZA,315
c2022_CAMARA,2022,CAMARA,41298,MOVIMIENTO DE SALVACIÓN NACIONAL,73
c2022_CAMARA,2022,CAMARA,41298,PACTO HISTÓRICO,3207
c2022_CAMARA,2022,CAMARA,41298,PARTIDO CAMBIO RADICAL,7193
c2022_CAMARA,2022,CAMARA,41298,PARTIDO CENTRO DEMOCRÁTICO,2603
c2022_CAMARA,2022,CAMARA,41298,PARTIDO CONSERVADOR COLOMBIANO,2044
c2022_CAMARA,2022,CAMARA,41298,PARTIDO LIBERAL COLOMBIANO,3820
c2022_CAMARA,2022,CAMARA,41298,PARTIDO NUEVO LIBERALISMO,448
c2022_CAMARA,2022,CAMARA,41298,PARTIDO POLÍTICO MIRA,388
c2022_CAMARA,2022,CAMARA,41298,__BLANCO__,2152
c2022_CAMARA,2022,CAMARA,41298,__NO_MARCADOS__,603
c2022_CAMARA,2022,CAMARA,41298,__NULOS__,1494
c2022_CAMARA,2022,CAMARA,41306,COALICIÓN CENTRO ESPERANZA,95
c2022_CAMARA,2022,CAMARA,41306,MOVIMIENTO DE SALVACIÓN NACIONAL,18
c2022_CAMARA,2022,CAMARA,41306,PACTO HISTÓRICO,1024
c2022_CAMARA,2022,CAMARA,41306,PARTIDO CAMBIO RADICAL,2989
c2022_CAMARA,2022,CAMARA,41306,PARTIDO CENTRO DEMOCRÁTICO,551
c2022_CAMARA,2022,CAMARA,41306,PARTIDO CONSERVADOR COLOMBIANO,496
c2022_CAMARA,2022,CAMARA,41306,PARTIDO LIBERAL COLOMBIANO,1574
c2022_CAMARA,2022,CAMARA,41306,PARTIDO NUEVO LIBERALISMO,74
c2022_CAMARA,2022,CAMARA,41306,PARTIDO POLÍTICO MIRA,366
c2022_CAMARA,2022,CAMARA,41306,__BLANCO__,540
c2022_CAMARA,2022,CAMARA,41306,__NO_MARCADOS__,196
c2022_CAMARA,2022,CAMARA,41306,__NULOS__,554
c2022_CAMARA,2022,CAMARA,41319,COALICIÓN CENTRO ESPERANZA,56
c2022_CAMARA,2022,CAMARA,41319,MOVIMIENTO DE SALVACIÓN NACIONAL,18
c2022_CAMARA,2022,CAMARA,41319,PACTO HISTÓRICO,658
c2022_CAMARA,2022,CAMARA,41319,PARTIDO CAMBIO RADICAL,1631
c2022_CAMARA,2022,CAMARA,41319,PARTIDO CENTRO DEMOCRÁTICO,303
c2022_CAMARA,2022,CAMARA,41319,PARTIDO CONSERVADOR COLOMBIANO,377
c2022_CAMARA,2022,CAMARA,41319,PARTIDO LIBERAL COLOMBIANO,1126
c2022_CAMARA,2022,CAMARA,41319,PARTIDO NUEVO LIBERALISMO,34
c2022_CAMARA,2022,CAMARA,41319,PARTIDO POLÍTICO MIRA,109
c2022_CAMARA,2022,CAMARA,41319,__BLANCO__,383
c2022_CAMARA,2022,CAMARA,41319,__NO_MARCADOS__,130
c2022_CAMARA,2022,CAMARA,41319,__NULOS__,400
c2022_CAMARA,2022,CAMARA,41349,COALICIÓN CENTRO ESPERANZA,55
c2022_CAMARA,2022,CAMARA,41349,MOVIMIENTO DE SALVACIÓN NACIONAL,4
c2022_CAMARA,2022,CAMARA,41349,PACTO HISTÓRICO,297
c2022_CAMARA,2022,CAMARA,41349,PARTIDO CAMBIO RADICAL,1163
c2022_CAMARA,2022,CAMARA,41349,PARTIDO CENTRO DEMOCRÁTICO,166
c2022_CAMARA,2022,CAMARA,41349,PARTIDO CONSERVADOR COLOMBIANO,105
c2022_CAMARA,2022,CAMARA,41349,PARTIDO LIBERAL COLOMBIANO,508
c2022_CAMARA,2022,CAMARA,41349,PARTIDO NUEVO LIBERALISMO,20
c2022_CAMARA,2022,CAMARA,41349,PARTIDO POLÍTICO MIRA,77
c2022_CAMARA,2022,CAMARA,41349,__BLANCO__,141
c2022_CAMARA,2022,CAMARA,41349,__NO_MARCADOS__,71
c2022_CAMARA,2022,CAMARA,41349,__NULOS__,166
c2022_CAMARA,2022,CAMARA,41357,COALICIÓN CENTRO ESPERANZA,30
c2022_CAMARA,2022,CAMARA,41357,MOVIMIENTO DE SALVACIÓN NACIONAL,6
c2022_CAMARA,2022,CAMARA,41357,PACTO HISTÓRICO,272
c2022_CAMARA,2022,CAMARA,41357,PARTIDO CAMBIO RADICAL,564
c2022_CAMARA,2022,CAMARA,41357,PARTIDO CENTRO DEMOCRÁTICO,179
c2022_CAMARA,2022,CAMARA,41357,PARTIDO CONSERVADOR COLOMBIANO,687
c2022_CAMARA,2022,CAMARA,41357,PARTIDO LIBERAL COLOMBIANO,1159
c2022_CAMARA,2022,CAMARA,41357,PARTIDO NUEVO LIBERALISMO,18
c2022_CAMARA,2022,CAMARA,41357,PARTIDO POLÍTICO MIRA,52
c2022_CAMARA,2022,CAMARA,41357,__BLANCO__,161
c2022_CAMARA,2022,CAMARA,41357,__NO_MARCADOS__,51
c2022_CAMARA,2022,CAMARA,41357,__NULOS__,177
c2022_CAMARA,2022,CAMARA,41359,COALICIÓN CENTRO ESPERANZA,78
c2022_CAMARA,2022,CAMARA,41359,MOVIMIENTO DE SALVACIÓN NACIONAL,65
c2022_CAMARA,2022,CAMARA,41359,PACTO HISTÓRICO,1335
c2022_CAMARA,2022,CAMARA,41359,PARTIDO CAMBIO RADICAL,1515
c2022_CAMARA,2022,CAMARA,41359,PARTIDO CENTRO DEMOCRÁTICO,4205
c2022_CAMARA,2022,CAMARA,41359,PARTIDO CONSERVADOR COLOMBIANO,477
c2022_CAMARA,2022,CAMARA,41359,PARTIDO LIBERAL COLOMBIANO,1152
c2022_CAMARA,2022,CAMARA,41359,PARTIDO NUEVO LIBERALISMO,55
c2022_CAMARA,2022,CAMARA,41359,PARTIDO POLÍTICO MIRA,130
c2022_CAMARA,2022,CAMARA,41359,__BLANCO__,399
c2022_CAMARA,2022,CAMARA,41359,__NO_MARCADOS__,188
c2022_CAMARA,2022,CAMARA,41359,__NULOS__,591
c2022_CAMARA,2022,CAMARA,41378,COALICIÓN CENTRO ESPERANZA,23
c2022_CAMARA,2022,CAMARA,41378,MOVIMIENTO DE SALVACIÓN NACIONAL,19
c2022_CAMARA,2022,CAMARA,41378,PACTO HISTÓRICO,582
c2022_CAMARA,2022,CAMARA,41378,PARTIDO CAMBIO RADICAL,1448
c2022_CAMARA,2022,CAMARA,41378,PARTIDO CENTRO DEMOCRÁTICO,341
c2022_CAMARA,2022,CAMARA,41378,PARTIDO CONSERVADOR COLOMBIANO,828
c2022_CAMARA,2022,CAMARA,41378,PARTIDO LIBERAL COLOMBIANO,1351
c2022_CAMARA,2022,CAMARA,41378,PARTIDO NUEVO LIBERALISMO,21
c2022_CAMARA,2022,CAMARA,41378,PARTIDO POLÍTICO MIRA,38
c2022_CAMARA,2022,CAMARA,41378,__BLANCO__,244
c2022_CAMARA,2022,CAMARA,41378,__NO_MARCADOS__,98
c2022_CAMARA,2022,CAMARA,41378,__NULOS__,220
c2022_CAMARA,2022,CAMARA,41396,COALICIÓN CENTRO ESPERANZA,207
c2022_CAMARA,2022,CAMARA,41396,MOVIMIENTO DE SALVACIÓN NACIONAL,39
c2022_CAMARA,2022,CAMARA,41396,PACTO HISTÓRICO,2573
c2022_CAMARA,2022,CAMARA,41396,PARTIDO CAMBIO RADICAL,5098
c2022_CAMARA,2022,CAMARA,41396,PARTIDO CENTRO DEMOCRÁTICO,1463
c2022_CAMARA,2022,CAMARA,41396,PARTIDO CONSERVADOR COLOMBIANO,2237
c2022_CAMARA,2022,CAMARA,41396,PARTIDO LIBERAL COLOMBIANO,3216
c2022_CAMARA,2022,CAMARA,41396,PARTIDO NUEVO LIBERALISMO,99
c2022_CAMARA,2022,CAMARA,41396,PARTIDO POLÍTICO MIRA,333
c2022_CAMARA,2022,CAMARA,41396,__BLANCO__,1391
c2022_CAMARA,2022,CAMARA,41396,__NO_MARCADOS__,495
c2022_CAMARA,2022,CAMARA,41396,__NULOS__,1064
c2022_CAMARA,2022,CAMARA,41483,COALICIÓN CENTRO ESPERANZA,15
c2022_CAMARA,2022,CAMARA,41483,PACTO HISTÓRICO,170
c2022_CAMARA,2022,CAMARA,41483,PARTIDO CAMBIO RADICAL,633
c2022_CAMARA,2022,CAMARA,41483,PARTIDO CENTRO DEMOCRÁTICO,119
c2022_CAMARA,2022,CAMARA,41483,PARTIDO CONSERVADOR COLOMBIANO,354
c2022_CAMARA,2022,CAMARA,41483,PARTIDO LIBERAL COLOMBIANO,577
c2022_CAMARA,2022,CAMARA,41483,PARTIDO NUEVO LIBERALISMO,5
c2022_CAMARA,2022,CAMARA,41483,PARTIDO POLÍTICO MIRA,13
c2022_CAMARA,2022,CAMARA,41483,__BLANCO__,131
c2022_CAMARA,2022,CAMARA,41483,__NO_MARCADOS__,51
c2022_CAMARA,2022,CAMARA,41483,__NULOS__,153
c2022_CAMARA,2022,CAMARA,41503,COALICIÓN CENTRO ESPERANZA,28
c2022_CAMARA,2022,CAMARA,41503,MOVIMIENTO DE SALVACIÓN NACIONAL,8
c2022_CAMARA,2022,CAMARA,41503,PACTO HISTÓRICO,191
c2022_CAMARA,2022,CAMARA,41503,PARTIDO CAMBIO RADICAL,689
c2022_CAMARA,2022,CAMARA,41503,PARTIDO CENTRO DEMOCRÁTICO,479
c2022_CAMARA,2022,CAMARA,41503,PARTIDO CONSERVADOR COLOMBIANO,624
c2022_CAMARA,2022,CAMARA,41503,PARTIDO LIBERAL COLOMBIANO,1474
c2022_CAMARA,2022,CAMARA,41503,PARTIDO NUEVO LIBERALISMO,14
c2022_CAMARA,2022,CAMARA,41503,PARTIDO POLÍTICO MIRA,5
c2022_CAMARA,2022,CAMARA,41503,__BLANCO__,199
c2022_CAMARA,2022,CAMARA,41503,__NO_MARCADOS__,57
c2022_CAMARA,2022,CAMARA,41503,__NULOS__,193
c2022_CAMARA,2022,CAMARA,41518,COALICIÓN CENTRO ESPERANZA,39
c2022_CAMARA,2022,CAMARA,41518,MOVIMIENTO DE SALVACIÓN NACIONAL,2
c2022_CAMARA,2022,CAMARA,41518,PACTO HISTÓRICO,196
c2022_CAMARA,2022,CAMARA,41518,PARTIDO CAMBIO RADICAL,1129
c2022_CAMARA,2022,CAMARA,41518,PARTIDO CENTRO DEMOCRÁTICO,240
c2022_CAMARA,2022,CAMARA,41518,PARTIDO CONSERVADOR COLOMBIANO,548
c2022_CAMARA,2022,CAMARA,41518,PARTIDO LIBERAL COLOMBIANO,406
c2022_CAMARA,2022,CAMARA,41518,PARTIDO NUEVO LIBERALISMO,8
c2022_CAMARA,2022,CAMARA,41518,PARTIDO POLÍTICO MIRA,17
c2022_CAMARA,2022,CAMARA,41518,__BLANCO__,120
c2022_CAMARA,2022,CAMARA,41518,__NO_MARCADOS__,55
c2022_CAMARA,2022,CAMARA,41518,__NULOS__,86
c2022_CAMARA,2022,CAMARA,41524,COALICIÓN CENTRO ESPERANZA,99
c2022_CAMARA,2022,CAMARA,41524,MOVIMIENTO DE SALVACIÓN NACIONAL,22
c2022_CAMARA,2022,CAMARA,41524,PACTO HISTÓRICO,1390
c2022_CAMARA,2022,CAMARA,41524,PARTIDO CAMBIO RADICAL,2699
c2022_CAMARA,2022,CAMARA,41524,PARTIDO CENTRO DEMOCRÁTICO,422
c2022_CAMARA,2022,CAMARA,41524,PARTIDO CONSERVADOR COLOMBIANO,1680
c2022_CAMARA,2022,CAMARA,41524,PARTIDO LIBERAL COLOMBIANO,1912
c2022_CAMARA,2022,CAMARA,41524,PARTIDO NUEVO LIBERALISMO,72
c2022_CAMARA,2022,CAMARA,41524,PARTIDO POLÍTICO MIRA,361
c2022_CAMARA,2022,CAMARA,41524,__BLANCO__,646
c2022_CAMARA,2022,CAMARA,41524,__NO_MARCADOS__,197
c2022_CAMARA,2022,CAMARA,41524,__NULOS__,608
c2022_CAMARA,2022,CAMARA,41530,COALICIÓN CENTRO ESPERANZA,27
c2022_CAMARA,2022,CAMARA,41530,MOVIMIENTO DE SALVACIÓN NACIONAL,45
c2022_CAMARA,2022,CAMARA,41530,PACTO HISTÓRICO,394
c2022_CAMARA,2022,CAMARA,41530,PARTIDO CAMBIO RADICAL,628
c2022_CAMARA,2022,CAMARA,41530,PARTIDO CENTRO DEMOCRÁTICO,258
c2022_CAMARA,2022,CAMARA,41530,PARTIDO CONSERVADOR COLOMBIANO,614
c2022_CAMARA,2022,CAMARA,41530,PARTIDO LIBERAL COLOMBIANO,1252
c2022_CAMARA,2022,CAMARA,41530,PARTIDO NUEVO LIBERALISMO,14
c2022_CAMARA,2022,CAMARA,41530,PARTIDO POLÍTICO MIRA,26
c2022_CAMARA,2022,CAMARA,41530,__BLANCO__,237
c2022_CAMARA,2022,CAMARA,41530,__NO_MARCADOS__,111
c2022_CAMARA,2022,CAMARA,41530,__NULOS__,349
c2022_CAMARA,2022,CAMARA,41548,COALICIÓN CENTRO ESPERANZA,17
c2022_CAMARA,2022,CAMARA,41548,MOVIMIENTO DE SALVACIÓN NACIONAL,5
c2022_CAMARA,2022,CAMARA,41548,PACTO HISTÓRICO,427
c2022_CAMARA,2022,CAMARA,41548,PARTIDO CAMBIO RADICAL,622
c2022_CAMARA,2022,CAMARA,41548,PARTIDO CENTRO DEMOCRÁTICO,351
c2022_CAMARA,2022,CAMARA,41548,PARTIDO CONSERVADOR COLOMBIANO,1360
c2022_CAMARA,2022,CAMARA,41548,PARTIDO LIBERAL COLOMBIANO,1060
c2022_CAMARA,2022,CAMARA,41548,PARTIDO NUEVO LIBERALISMO,17
c2022_CAMARA,2022,CAMARA,41548,PARTIDO POLÍTICO MIRA,13
c2022_CAMARA,2022,CAMARA,41548,__BLANCO__,205
c2022_CAMARA,2022,CAMARA,41548,__NO_MARCADOS__,82
c2022_CAMARA,2022,CAMARA,41548,__NULOS__,213
c2022_CAMARA,2022,CAMARA,41551,COALICIÓN CENTRO ESPERANZA,402
c2022_CAMARA,2022,CAMARA,41551,MOVIMIENTO DE SALVACIÓN NACIONAL,1172
c2022_CAMARA,2022,CAMARA,41551,PACTO HISTÓRICO,7928
c2022_CAMARA,2022,CAMARA,41551,PARTIDO CAMBIO RADICAL,6707
c2022_CAMARA,2022,CAMARA,41551,PARTIDO CENTRO DEMOCRÁTICO,4302
c2022_CAMARA,2022,CAMARA,41551,PARTIDO CONSERVADOR COLOMBIANO,3507
c2022_CAMARA,2022,CAMARA,41551,PARTIDO LIBERAL COLOMBIANO,8662
c2022_CAMARA,2022,CAMARA,41551,PARTIDO NUEVO LIBERALISMO,335
c2022_CAMARA,2022,CAMARA,41551,PARTIDO POLÍTICO MIRA,861
c2022_CAMARA,2022,CAMARA,41551,__BLANCO__,3021
c2022_CAMARA,2022,CAMARA,41551,__NO_MARCADOS__,802
c2022_CAMARA,2022,CAMARA,41551,__NULOS__,2053
c2022_CAMARA,2022,CAMARA,41615,COALICIÓN CENTRO ESPERANZA,88
c2022_CAMARA,2022,CAMARA,41615,MOVIMIENTO DE SALVACIÓN NACIONAL,14
c2022_CAMARA,2022,CAMARA,41615,PACTO HISTÓRICO,1340
c2022_CAMARA,2022,CAMARA,41615,PARTIDO CAMBIO RADICAL,2758
c2022_CAMARA,2022,CAMARA,41615,PARTIDO CENTRO DEMOCRÁTICO,389
c2022_CAMARA,2022,CAMARA,41615,PARTIDO CONSERVADOR COLOMBIANO,1118
c2022_CAMARA,2022,CAMARA,41615,PARTIDO LIBERAL COLOMBIANO,1453
c2022_CAMARA,2022,CAMARA,41615,PARTIDO NUEVO LIBERALISMO,85
c2022_CAMARA,2022,CAMARA,41615,PARTIDO POLÍTICO MIRA,386
c2022_CAMARA,2022,CAMARA,41615,__BLANCO__,493
c2022_CAMARA,2022,CAMARA,41615,__NO_MARCADOS__,163
c2022_CAMARA,2022,CAMARA,41615,__NULOS__,482
c2022_CAMARA,2022,CAMARA,41660,COALICIÓN CENTRO ESPERANZA,28
c2022_CAMARA,2022,CAMARA,41660,MOVIMIENTO DE SALVACIÓN NACIONAL,39
c2022_CAMARA,2022,CAMARA,41660,PACTO HISTÓRICO,324
c2022_CAMARA,2022,CAMARA,41660,PARTIDO CAMBIO RADICAL,1232
c2022_CAMARA,2022,CAMARA,41660,PARTIDO CENTRO DEMOCRÁTICO,524
c2022_CAMARA,2022,CAMARA,41660,PARTIDO CONSERVADOR COLOMBIANO,793
c2022_CAMARA,2022,CAMARA,41660,PARTIDO LIBERAL COLOMBIANO,823
c2022_CAMARA,2022,CAMARA,41660,PARTIDO NUEVO LIBERALISMO,8
c2022_CAMARA,2022,CAMARA,41660,PARTIDO POLÍTICO MIRA,26
c2022_CAMARA,2022,CAMARA,41660,__BLANCO__,119
c2022_CAMARA,2022,CAMARA,41660,__NO_MARCADOS__,90
c2022_CAMARA,2022,CAMARA,41660,__NULOS__,228
c2022_CAMARA,2022,CAMARA,41668,COALICIÓN CENTRO ESPERANZA,77
c2022_CAMARA,2022,CAMARA,41668,MOVIMIENTO DE SALVACIÓN NACIONAL,110
c2022_CAMARA,2022,CAMARA,41668,PACTO HISTÓRICO,1668
c2022_CAMARA,2022,CAMARA,41668,PARTIDO CAMBIO RADICAL,3070
c2022_CAMARA,2022,CAMARA,41668,PARTIDO CENTRO DEMOCRÁTICO,1335
c2022_CAMARA,2022,CAMARA,41668,PARTIDO CONSERVADOR COLOMBIANO,1006
c2022_CAMARA,2022,CAMARA,41668,PARTIDO LIBERAL COLOMBIANO,1665
c2022_CAMARA,2022,CAMARA,41668,PARTIDO NUEVO LIBERALISMO,96
c2022_CAMARA,2022,CAMARA,41668,PARTIDO POLÍTICO MIRA,157
c2022_CAMARA,2022,CAMARA,41668,__BLANCO__,780
c2022_CAMARA,2022,CAMARA,41668,__NO_MARCADOS__,340
c2022_CAMARA,2022,CAMARA,41668,__NULOS__,593
c2022_CAMARA,2022,CAMARA,41676,COALICIÓN CENTRO ESPERANZA,49
c2022_CAMARA,2022,CAMARA,41676,MOVIMIENTO DE SALVACIÓN NACIONAL,7
c2022_CAMARA,2022,CAMARA,41676,PACTO HISTÓRICO,411
c2022_CAMARA,2022,CAMARA,41676,PARTIDO CAMBIO RADICAL,948
c2022_CAMARA,2022,CAMARA,41676,PARTIDO CENTRO DEMOCRÁTICO,199
c2022_CAMARA,2022,CAMARA,41676,PARTIDO CONSERVADOR COLOMBIANO,605
c2022_CAMARA,2022,CAMARA,41676,PARTIDO LIBERAL COLOMBIANO,669
c2022_CAMARA,2022,CAMARA,41676,PARTIDO NUEVO LIBERALISMO,25
c2022_CAMARA,2022,CAMARA,41676,PARTIDO POLÍTICO MIRA,31
c2022_CAMARA,2022,CAMARA,41676,__BLANCO__,205
c2022_CAMARA,2022,CAMARA,41676,__NO_MARCADOS__,70
c2022_CAMARA,2022,CAMARA,41676,__NULOS__,194
c2022_CAMARA,2022,CAMARA,41770,COALICIÓN CENTRO ESPERANZA,92
c2022_CAMARA,2022,CAMARA,41770,MOVIMIENTO DE SALVACIÓN NACIONAL,31
c2022_CAMARA,2022,CAMARA,41770,PACTO HISTÓRICO,711
c2022_CAMARA,2022,CAMARA,41770,PARTIDO CAMBIO RADICAL,1254
c2022_CAMARA,2022,CAMARA,41770,PARTIDO CENTRO DEMOCRÁTICO,552
c2022_CAMARA,2022,CAMARA,41770,PARTIDO CONSERVADOR COLOMBIANO,395
c2022_CAMARA,2022,CAMARA,41770,PARTIDO LIBERAL COLOMBIANO,1103
c2022_CAMARA,2022,CAMARA,41770,PARTIDO NUEVO LIBERALISMO,54
c2022_CAMARA,2022,CAMARA,41770,PARTIDO POLÍTICO MIRA,110
c2022_CAMARA,2022,CAMARA,41770,__BLANCO__,336
c2022_CAMARA,2022,CAMARA,41770,__NO_MARCADOS__,187
c2022_CAMARA,2022,CAMARA,41770,__NULOS__,304
c2022_CAMARA,2022,CAMARA,41791,COALICIÓN CENTRO ESPERANZA,30
c2022_CAMARA,2022,CAMARA,41791,MOVIMIENTO DE SALVACIÓN NACIONAL,6
c2022_CAMARA,2022,CAMARA,41791,PACTO HISTÓRICO,416
c2022_CAMARA,2022,CAMARA,41791,PARTIDO CAMBIO RADICAL,3118
c2022_CAMARA,2022,CAMARA,41791,PARTIDO CENTRO DEMOCRÁTICO,347
c2022_CAMARA,2022,CAMARA,41791,PARTIDO CONSERVADOR COLOMBIANO,820
c2022_CAMARA,2022,CAMARA,41791,PARTIDO LIBERAL COLOMBIANO,908
c2022_CAMARA,2022,CAMARA,41791,PARTIDO NUEVO LIBERALISMO,20
c2022_CAMARA,2022,CAMARA,41791,PARTIDO POLÍTICO MIRA,43
c2022_CAMARA,2022,CAMARA,41791,__BLANCO__,370
c2022_CAMARA,2022,CAMARA,41791,__NO_MARCADOS__,147
c2022_CAMARA,2022,CAMARA,41791,__NULOS__,331
c2022_CAMARA,2022,CAMARA,41797,COALICIÓN CENTRO ESPERANZA,49
c2022_CAMARA,2022,CAMARA,41797,MOVIMIENTO DE SALVACIÓN NACIONAL,9
c2022_CAMARA,2022,CAMARA,41797,PACTO HISTÓRICO,435
c2022_CAMARA,2022,CAMARA,41797,PARTIDO CAMBIO RADICAL,1181
c2022_CAMARA,2022,CAMARA,41797,PARTIDO CENTRO DEMOCRÁTICO,301
c2022_CAMARA,2022,CAMARA,41797,PARTIDO CONSERVADOR COLOMBIANO,812
c2022_CAMARA,2022,CAMARA,41797,PARTIDO LIBERAL COLOMBIANO,400
c2022_CAMARA,2022,CAMARA,41797,PARTIDO NUEVO LIBERALISMO,14
c2022_CAMARA,2022,CAMARA,41797,PARTIDO POLÍTICO MIRA,33
c2022_CAMARA,2022,CAMARA,41797,__BLANCO__,354
c2022_CAMARA,2022,CAMARA,41797,__NO_MARCADOS__,114
c2022_CAMARA,2022,CAMARA,41797,__NULOS__,237
c2022_CAMARA,2022,CAMARA,41799,COALICIÓN CENTRO ESPERANZA,25
c2022_CAMARA,2022,CAMARA,41799,MOVIMIENTO DE SALVACIÓN NACIONAL,2
c2022_CAMARA,2022,CAMARA,41799,PACTO HISTÓRICO,408
c2022_CAMARA,2022,CAMARA,41799,PARTIDO CAMBIO RADICAL,1256
c2022_CAMARA,2022,CAMARA,41799,PARTIDO CENTRO DEMOCRÁTICO,141
c2022_CAMARA,2022,CAMARA,41799,PARTIDO CONSERVADOR COLOMBIANO,491
c2022_CAMARA,2022,CAMARA,41799,PARTIDO LIBERAL COLOMBIANO,909
c2022_CAMARA,2022,CAMARA,41799,PARTIDO NUEVO LIBERALISMO,23
c2022_CAMARA,2022,CAMARA,41799,PARTIDO POLÍTICO MIRA,237
c2022_CAMARA,2022,CAMARA,41799,__BLANCO__,159
c2022_CAMARA,2022,CAMARA,41799,__NO_MARCADOS__,71
c2022_CAMARA,2022,CAMARA,41799,__NULOS__,226
c2022_CAMARA,2022,CAMARA,41801,COALICIÓN CENTRO ESPERANZA,27
c2022_CAMARA,2022,CAMARA,41801,MOVIMIENTO DE SALVACIÓN NACIONAL,3
c2022_CAMARA,2022,CAMARA,41801,PACTO HISTÓRICO,209
c2022_CAMARA,2022,CAMARA,41801,PARTIDO CAMBIO RADICAL,893
c2022_CAMARA,2022,CAMARA,41801,PARTIDO CENTRO DEMOCRÁTICO,101
c2022_CAMARA,2022,CAMARA,41801,PARTIDO CONSERVADOR COLOMBIANO,1170
c2022_CAMARA,2022,CAMARA,41801,PARTIDO LIBERAL COLOMBIANO,538
c2022_CAMARA,2022,CAMARA,41801,PARTIDO NUEVO LIBERALISMO,11
c2022_CAMARA,2022,CAMARA,41801,PARTIDO POLÍTICO MIRA,126
c2022_CAMARA,2022,CAMARA,41801,__BLANCO__,135
c2022_CAMARA,2022,CAMARA,41801,__NO_MARCADOS__,58
c2022_CAMARA,2022,CAMARA,41801,__NULOS__,143
c2022_CAMARA,2022,CAMARA,41807,COALICIÓN CENTRO ESPERANZA,97
c2022_CAMARA,2022,CAMARA,41807,MOVIMIENTO DE SALVACIÓN NACIONAL,109
c2022_CAMARA,2022,CAMARA,41807,PACTO HISTÓRICO,591
c2022_CAMARA,2022,CAMARA,41807,PARTIDO CAMBIO RADICAL,1404
c2022_CAMARA,2022,CAMARA,41807,PARTIDO CENTRO DEMOCRÁTICO,1571
c2022_CAMARA,2022,CAMARA,41807,PARTIDO CONSERVADOR COLOMBIANO,675
c2022_CAMARA,2022,CAMARA,41807,PARTIDO LIBERAL COLOMBIANO,1270
c2022_CAMARA,2022,CAMARA,41807,PARTIDO NUEVO LIBERALISMO,68
c2022_CAMARA,2022,CAMARA,41807,PARTIDO POLÍTICO MIRA,153
c2022_CAMARA,2022,CAMARA,41807,__BLANCO__,560
c2022_CAMARA,2022,CAMARA,41807,__NO_MARCADOS__,160
c2022_CAMARA,2022,CAMARA,41807,__NULOS__,442
c2022_CAMARA,2022,CAMARA,41872,COALICIÓN CENTRO ESPERANZA,76
c2022_CAMARA,2022,CAMARA,41872,MOVIMIENTO DE SALVACIÓN NACIONAL,2
c2022_CAMARA,2022,CAMARA,41872,PACTO HISTÓRICO,317
c2022_CAMARA,2022,CAMARA,41872,PARTIDO CAMBIO RADICAL,1502
c2022_CAMARA,2022,CAMARA,41872,PARTIDO CENTRO DEMOCRÁTICO,232
c2022_CAMARA,2022,CAMARA,41872,PARTIDO CONSERVADOR COLOMBIANO,357
c2022_CAMARA,2022,CAMARA,41872,PARTIDO LIBERAL COLOMBIANO,631
c2022_CAMARA,2022,CAMARA,41872,PARTIDO NUEVO LIBERALISMO,13
c2022_CAMARA,2022,CAMARA,41872,PARTIDO POLÍTICO MIRA,21
c2022_CAMARA,2022,CAMARA,41872,__BLANCO__,118
c2022_CAMARA,2022,CAMARA,41872,__NO_MARCADOS__,75
c2022_CAMARA,2022,CAMARA,41872,__NULOS__,171
c2022_CAMARA,2022,CAMARA,41885,COALICIÓN CENTRO ESPERANZA,49
c2022_CAMARA,2022,CAMARA,41885,MOVIMIENTO DE SALVACIÓN NACIONAL,9
c2022_CAMARA,2022,CAMARA,41885,PACTO HISTÓRICO,528
c2022_CAMARA,2022,CAMARA,41885,PARTIDO CAMBIO RADICAL,1578
c2022_CAMARA,2022,CAMARA,41885,PARTIDO CENTRO DEMOCRÁTICO,173
c2022_CAMARA,2022,CAMARA,41885,PARTIDO CONSERVADOR COLOMBIANO,482
c2022_CAMARA,2022,CAMARA,41885,PARTIDO LIBERAL COLOMBIANO,456
c2022_CAMARA,2022,CAMARA,41885,PARTIDO NUEVO LIBERALISMO,27
c2022_CAMARA,2022,CAMARA,41885,PARTIDO POLÍTICO MIRA,30
c2022_CAMARA,2022,CAMARA,41885,__BLANCO__,244
c2022_CAMARA,2022,CAMARA,41885,__NO_MARCADOS__,51
c2022_CAMARA,2022,CAMARA,41885,__NULOS__,154
c2022_SENADO,2022,SENADO,41001,COALICIÓN ALIANZA VERDE Y CENTRO ESPERANZA,13793
c2022_SENADO,2022,SENADO,41001,COALICIÓN MIRA -  COLOMBIA JUSTA LIBRES,7146
c2022_SENADO,2022,SENADO,41001,ESTAMOS LISTAS COLOMBIA,700
c2022_SENADO,2022,SENADO,41001,FUERZA CIUDADANA LA FUERZA DEL CAMBIO,3031
c2022_SENADO,2022,SENADO,41001,MOVIMIENTO DE SALVACIÓN NACIONAL,243
c2022_SENADO,2022,SENADO,41001,MOVIMIENTO GENTE NUEVA,182
c2022_SENADO,2022,SENADO,41001,MOVIMIENTO NACIONAL SECTOR ORGANIZADO DE LA SALUD SOS COLOMBIA,509
c2022_SENADO,2022,SENADO,41001,MOVIMIENTO UNITARIO METAPOLITICO,30
c2022_SENADO,2022,SENADO,41001,PACTO HISTÓRICO,28886
c2022_SENADO,2022,SENADO,41001,PARTIDO CAMBIO RADICAL,22021
c2022_SENADO,2022,SENADO,41001,PARTIDO CENTRO DEMOCRÁTICO,12502
c2022_SENADO,2022,SENADO,41001,PARTIDO COMUNES,200
c2022_SENADO,2022,SENADO,41001,PARTIDO CONSERVADOR COLOMBIANO,11808
c2022_SENADO,2022,SENADO,41001,"PARTIDO DE LA UNIÓN POR LA GENTE ""PARTIDO DE LA U""",6064
c2022_SENADO,2022,SENADO,41001,PARTIDO LIBERAL COLOMBIANO,7846
c2022_SENADO,2022,SENADO,41001,PARTIDO NUEVO LIBERALISMO,2207
c2022_SENADO,2022,SENADO,41001,__BLANCO__,11765
c2022_SENADO,2022,SENADO,41001,__NO_MARCADOS__,3115
c2022_SENADO,2022,SENADO,41001,__NULOS__,6572
c2022_SENADO,2022,SENADO,41006,COALICIÓN ALIANZA VERDE Y CENTRO ESPERANZA,219
c2022_SENADO,2022,SENADO,41006,COALICIÓN MIRA -  COLOMBIA JUSTA LIBRES,126
c2022_SENADO,2022,SENADO,41006,ESTAMOS LISTAS COLOMBIA,4
c2022_SENADO,2022,SENADO,41006,FUERZA CIUDADANA LA FUERZA DEL CAMBIO,88
c2022_SENADO,2022,SENADO,41006,MOVIMIENTO DE SALVACIÓN NACIONAL,37
c2022_SENADO,2022,SENADO,41006,MOVIMIENTO GENTE NUEVA,9
c2022_SENADO,2022,SENADO,41006,MOVIMIENTO NACIONAL SECTOR ORGANIZADO DE LA SALUD SOS COLOMBIA,10
c2022_SENADO,2022,SENADO,41006,MOVIMIENTO UNITARIO METAPOLITICO,3
c2022_SENADO,2022,SENADO,41006,PACTO HISTÓRICO,501
c2022_SENADO,2022,SENADO,41006,PARTIDO CAMBIO RADICAL,1058
c2022_SENADO,2022,SENADO,41006,PARTIDO CENTRO DEMOCRÁTICO,694
c2022_SENADO,2022,SENADO,41006,PARTIDO COMUNES,4
c2022_SENADO,2022,SENADO,41006,PARTIDO CONSERVADOR COLOMBIANO,1708
c2022_SENADO,2022,SENADO,41006,"PARTIDO DE LA UNIÓN POR LA GENTE ""PARTIDO DE LA U""",499
c2022_SENADO,2022,SENADO,41006,PARTIDO LIBERAL COLOMBIANO,627
c2022_SENADO,2022,SENADO,41006,PARTIDO NUEVO LIBERALISMO,98
c2022_SENADO,2022,SENADO,41006,__BLANCO__,544
c2022_SENADO,2022,SENADO,41006,__NO_MARCADOS__,334
c2022_SENADO,2022,SENADO,41006,__NULOS__,352
c2022_SENADO,2022,SENADO,41013,COALICIÓN ALIANZA VERDE Y CENTRO ESPERANZA,111
c2022_SENADO,2022,SENADO,41013,COALICIÓN MIRA -  COLOMBIA JUSTA LIBRES,142
c2022_SENADO,2022,SENADO,41013,ESTAMOS LISTAS COLOMBIA,7
c2022_SENADO,2022,SENADO,41013,FUERZA CIUDADANA LA FUERZA DEL CAMBIO,10
c2022_SENADO,2022,SENADO,41013,MOVIMIENTO DE SALVACIÓN NACIONAL,5
c2022_SENADO,2022,SENADO,41013,MOVIMIENTO GENTE NUEVA,1
c2022_SENADO,2022,SENADO,41013,MOVIMIENTO NACIONAL SECTOR ORGANIZADO DE LA SALUD SOS COLOMBIA,3
c2022_SENADO,2022,SENADO,41013,MOVIMIENTO UNITARIO METAPOLITICO,1
c2022_SENADO,2022,SENADO,41013,PACTO HISTÓRICO,325
c2022_SENADO,2022,SENADO,41013,PARTIDO CAMBIO RADICAL,754
c2022_SENADO,2022,SENADO,41013,PARTIDO CENTRO DEMOCRÁTICO,301
c2022_SENADO,2022,SENADO,41013,PARTIDO COMUNES,1
c2022_SENADO,2022,SENADO,41013,PARTIDO CONSERVADOR COLOMBIANO,1134
c2022_SENADO,2022,SENADO,41013,"PARTIDO DE LA UNIÓN POR LA GENTE ""PARTIDO DE LA U""",104
c2022_SENADO,2022,SENADO,41013,PARTIDO LIBERAL COLOMBIANO,339
c2022_SENADO,2022,SENADO,41013,PARTIDO NUEVO LIBERALISMO,11
c2022_SENADO,2022,SENADO,41013,__BLANCO__,153
c2022_SENADO,2022,SENADO,41013,__NO_MARCADOS__,145
c2022_SENADO,2022,SENADO,41013,__NULOS__,112
c2022_SENADO,2022,SENADO,41016,COALICIÓN ALIANZA VERDE Y CENTRO ESPERANZA,379
c2022_SENADO,2022,SENADO,41016,COALICIÓN MIRA -  COLOMBIA JUSTA LIBRES,260
c2022_SENADO,2022,SENADO,41016,ESTAMOS LISTAS COLOMBIA,5
c2022_SENADO,2022,SENADO,41016,FUERZA CIUDADANA LA FUERZA DEL CAMBIO,92
c2022_SENADO,2022,SENADO,41016,MOVIMIENTO DE SALVACIÓN NACIONAL,2
c2022_SENADO,2022,SENADO,41016,MOVIMIENTO GENTE NUEVA,1
c2022_SENADO,2022,SENADO,41016,MOVIMIENTO NACIONAL SECTOR ORGANIZADO DE LA SALUD SOS COLOMBIA,6
c2022_SENADO,2022,SENADO,41016,MOVIMIENTO UNITARIO METAPOLITICO,3
c2022_SENADO,2022,SENADO,41016,PACTO HISTÓRICO,724
c2022_SENADO,2022,SENADO,41016,PARTIDO CAMBIO RADICAL,1296
c2022_SENADO,2022,SENADO,41016,PARTIDO CENTRO DEMOCRÁTICO,381
c2022_SENADO,2022,SENADO,41016,PARTIDO COMUNES,3
c2022_SENADO,2022,SENADO,41016,PARTIDO CONSERVADOR COLOMBIANO,1020
c2022_SENADO,2022,SENADO,41016,"PARTIDO DE LA UNIÓN POR LA GENTE ""PARTIDO DE LA U""",847
c2022_SENADO,2022,SENADO,41016,PARTIDO LIBERAL COLOMBIANO,574
c2022_SENADO,2022,SENADO,41016,PARTIDO NUEVO LIBERALISMO,122
c2022_SENADO,2022,SENADO,41016,__BLANCO__,421
c2022_SENADO,2022,SENADO,41016,__NO_MARCADOS__,258
c2022_SENADO,2022,SENADO,41016,__NULOS__,382
c2022_SENADO,2022,SENADO,41020,COALICIÓN ALIANZA VERDE Y CENTRO ESPERANZA,269
c2022_SENADO,2022,SENADO,41020,COALICIÓN MIRA -  COLOMBIA JUSTA LIBRES,564
c2022_SENADO,2022,SENADO,41020,ESTAMOS LISTAS COLOMBIA,5
c2022_SENADO,2022,SENADO,41020,FUERZA CIUDADANA LA FUERZA DEL CAMBIO,53
c2022_SENADO,2022,SENADO,41020,MOVIMIENTO DE SALVACIÓN NACIONAL,4
c2022_SENADO,2022,SENADO,41020,MOVIMIENTO GENTE NUEVA,4
c2022_SENADO,2022,SENADO,41020,MOVIMIENTO NACIONAL SECTOR ORGANIZADO DE LA SALUD SOS COLOMBIA,2
c2022_SENADO,2022,SENADO,41020,PACTO HISTÓRICO,781
c2022_SENADO,2022,SENADO,41020,PARTIDO CAMBIO RADICAL,2224
c2022_SENADO,2022,SENADO,41020,PARTIDO CENTRO DEMOCRÁTICO,278
c2022_SENADO,2022,SENADO,41020,PARTIDO COMUNES,26
c2022_SENADO,2022,SENADO,41020,PARTIDO CONSERVADOR COLOMBIANO,270
c2022_SENADO,2022,SENADO,41020,"PARTIDO DE LA UNIÓN POR LA GENTE ""PARTIDO DE LA U""",112
c2022_SENADO,2022,SENADO,41020,PARTIDO LIBERAL COLOMBIANO,365
c2022_SENADO,2022,SENADO,41020,PARTIDO NUEVO LIBERALISMO,59
c2022_SENADO,2022,SENADO,41020,__BLANCO__,334
c2022_SENADO,2022,SENADO,41020,__NO_MARCADOS__,408
c2022_SENADO,2022,SENADO,41020,__NULOS__,264
c2022_SENADO,2022,SENADO,41026,COALICIÓN ALIANZA VERDE Y CENTRO ESPERANZA,78
c2022_SENADO,2022,SENADO,41026,COALICIÓN MIRA -  COLOMBIA JUSTA LIBRES,49
c2022_SENADO,2022,SENADO,41026,ESTAMOS LISTAS COLOMBIA,4
c2022_SENADO,2022,SENADO,41026,FUERZA CIUDADANA LA FUERZA DEL CAMBIO,17
c2022_SENADO,2022,SENADO,41026,MOVIMIENTO DE SALVACIÓN NACIONAL,5
c2022_SENADO,2022,SENADO,41026,MOVIMIENTO GENTE NUEVA,2
c2022_SENADO,2022,SENADO,41026,MOVIMIENTO NACIONAL SECTOR ORGANIZADO DE LA SALUD SOS COLOMBIA,5
c2022_SENADO,2022,SENADO,41026,PACTO HISTÓRICO,243
c2022_SENADO,2022,SENADO,41026,PARTIDO CAMBIO RADICAL,251
c2022_SENADO,2022,SENADO,41026,PARTIDO CENTRO DEMOCRÁTICO,72
c2022_SENADO,2022,SENADO,41026,PARTIDO CONSERVADOR COLOMBIANO,342
c2022_SENADO,2022,SENADO,41026,"PARTIDO DE LA UNIÓN POR LA GENTE ""PARTIDO DE LA U""",171
c2022_SENADO,2022,SENADO,41026,PARTIDO LIBERAL COLOMBIANO,76
c2022_SENADO,2022,SENADO,41026,PARTIDO NUEVO LIBERALISMO,19
c2022_SENADO,2022,SENADO,41026,__BLANCO__,99
c2022_SENADO,2022,SENADO,41026,__NO_MARCADOS__,50
c2022_SENADO,2022,SENADO,41026,__NULOS__,58
c2022_SENADO,2022,SENADO,41078,COALICIÓN ALIANZA VERDE Y CENTRO ESPERANZA,162
c2022_SENADO,2022,SENADO,41078,COALICIÓN MIRA -  COLOMBIA JUSTA LIBRES,102
c2022_SENADO,2022,SENADO,41078,ESTAMOS LISTAS COLOMBIA,3
c2022_SENADO,2022,SENADO,41078,FUERZA CIUDADANA LA FUERZA DEL CAMBIO,26
c2022_SENADO,2022,SENADO,41078,MOVIMIENTO GENTE NUEVA,4
c2022_SENADO,2022,SENADO,41078,MOVIMIENTO NACIONAL SECTOR ORGANIZADO DE LA SALUD SOS COLOMBIA,4
c2022_SENADO,2022,SENADO,41078,MOVIMIENTO UNITARIO METAPOLITICO,1
c2022_SENADO,2022,SENADO,41078,PACTO HISTÓRICO,284
c2022_SENADO,2022,SENADO,41078,PARTIDO CAMBIO RADICAL,1269
c2022_SENADO,2022,SENADO,41078,PARTIDO CENTRO DEMOCRÁTICO,132
c2022_SENADO,2022,SENADO,41078,PARTIDO COMUNES,3
c2022_SENADO,2022,SENADO,41078,PARTIDO CONSERVADOR COLOMBIANO,75
c2022_SENADO,2022,SENADO,41078,"PARTIDO DE LA UNIÓN POR LA GENTE ""PARTIDO DE LA U""",170
c2022_SENADO,2022,SENADO,41078,PARTIDO LIBERAL COLOMBIANO,78
c2022_SENADO,2022,SENADO,41078,PARTIDO NUEVO LIBERALISMO,11
c2022_SENADO,2022,SENADO,41078,__BLANCO__,102
c2022_SENADO,2022,SENADO,41078,__NO_MARCADOS__,140
c2022_SENADO,2022,SENADO,41078,__NULOS__,128
c2022_SENADO,2022,SENADO,41132,COALICIÓN ALIANZA VERDE Y CENTRO ESPERANZA,804
c2022_SENADO,2022,SENADO,41132,COALICIÓN MIRA -  COLOMBIA JUSTA LIBRES,667
c2022_SENADO,2022,SENADO,41132,ESTAMOS LISTAS COLOMBIA,15
c2022_SENADO,2022,SENADO,41132,FUERZA CIUDADANA LA FUERZA DEL CAMBIO,88
c2022_SENADO,2022,SENADO,41132,MOVIMIENTO DE SALVACIÓN NACIONAL,17
c2022_SENADO,2022,SENADO,41132,MOVIMIENTO GENTE NUEVA,21
c2022_SENADO,2022,SENADO,41132,MOVIMIENTO NACIONAL SECTOR ORGANIZADO DE LA SALUD SOS COLOMBIA,16
c2022_SENADO,2022,SENADO,41132,MOVIMIENTO UNITARIO METAPOLITICO,9
c2022_SENADO,2022,SENADO,41132,PACTO HISTÓRICO,1544
c2022_SENADO,2022,SENADO,41132,PARTIDO CAMBIO RADICAL,2662
c2022_SENADO,2022,SENADO,41132,PARTIDO CENTRO DEMOCRÁTICO,694
c2022_SENADO,2022,SENADO,41132,PARTIDO COMUNES,13
c2022_SENADO,2022,SENADO,41132,PARTIDO CONSERVADOR COLOMBIANO,1116
c2022_SENADO,2022,SENADO,41132,"PARTIDO DE LA UNIÓN POR LA GENTE ""PARTIDO DE LA U""",328
c2022_SENADO,2022,SENADO,41132,PARTIDO LIBERAL COLOMBIANO,1478
c2022_SENADO,2022,SENADO,41132,PARTIDO NUEVO LIBERALISMO,387
c2022_SENADO,2022,SENADO,41132,__BLANCO__,941
c2022_SENADO,2022,SENADO,41132,__NO_MARCADOS__,515
c2022_SENADO,2022,SENADO,41132,__NULOS__,832
c2022_SENADO,2022,SENADO,41206,COALICIÓN ALIANZA VERDE Y CENTRO ESPERANZA,64
c2022_SENADO,2022,SENADO,41206,COALICIÓN MIRA -  COLOMBIA JUSTA LIBRES,22
c2022_SENADO,2022,SENADO,41206,FUERZA CIUDADANA LA FUERZA DEL CAMBIO,23
c2022_SENADO,2022,SENADO,41206,MOVIMIENTO GENTE NUEVA,1
c2022_SENADO,2022,SENADO,41206,MOVIMIENTO NACIONAL SECTOR ORGANIZADO DE LA SALUD SOS COLOMBIA,2
c2022_SENADO,2022,SENADO,41206,MOVIMIENTO UNITARIO METAPOLITICO,4
c2022_SENADO,2022,SENADO,41206,PACTO HISTÓRICO,141
c2022_SENADO,2022,SENADO,41206,PARTIDO CAMBIO RADICAL,1139
c2022_SENADO,2022,SENADO,41206,PARTIDO CENTRO DEMOCRÁTICO,280
c2022_SENADO,2022,SENADO,41206,PARTIDO COMUNES,3
c2022_SENADO,2022,SENADO,41206,PARTIDO CONSERVADOR COLOMBIANO,770
c2022_SENADO,2022,SENADO,41206,"PARTIDO DE LA UNIÓN POR LA GENTE ""PARTIDO DE LA U""",114
c2022_SENADO,2022,SENADO,41206,PARTIDO LIBERAL COLOMBIANO,221
c2022_SENADO,2022,SENADO,41206,PARTIDO NUEVO LIBERALISMO,14
c2022_SENADO,2022,SENADO,41206,__BLANCO__,137
c2022_SENADO,2022,SENADO,41206,__NO_MARCADOS__,221
c2022_SENADO,2022,SENADO,41206,__NULOS__,144
c2022_SENADO,2022,SENADO,41244,COALICIÓN ALIANZA VERDE Y CENTRO ESPERANZA,74
c2022_SENADO,2022,SENADO,41244,COALICIÓN MIRA -  COLOMBIA JUSTA LIBRES,59
c2022_SENADO,2022,SENADO,41244,ESTAMOS LISTAS COLOMBIA,1
c2022_SENADO,2022,SENADO,41244,FUERZA CIUDADANA LA FUERZA DEL CAMBIO,9
c2022_SENADO,2022,SENADO,41244,MOVIMIENTO DE SALVACIÓN NACIONAL,10
c2022_SENADO,2022,SENADO,41244,MOVIMIENTO NACIONAL SECTOR ORGANIZADO DE LA SALUD SOS COLOMBIA,1
c2022_SENADO,2022,SENADO,41244,MOVIMIENTO UNITARIO METAPOLITICO,1
c2022_SENADO,2022,SENADO,41244,PACTO HISTÓRICO,124
c2022_SENADO,2022,SENADO,41244,PARTIDO CAMBIO RADICAL,719
c2022_SENADO,2022,SENADO,41244,PARTIDO CENTRO DEMOCRÁTICO,156
c2022_SENADO,2022,SENADO,41244,PARTIDO CONSERVADOR COLOMBIANO,132
c2022_SENADO,2022,SENADO,41244,"PARTIDO DE LA UNIÓN POR LA GENTE ""PARTIDO DE LA U""",33
c2022_SENADO,2022,SENADO,41244,PARTIDO LIBERAL COLOMBIANO,130
c2022_SENADO,2022,SENADO,41244,PARTIDO NUEVO LIBERALISMO,8
c2022_SENADO,2022,SENADO,41244,__BLANCO__,79
c2022_SENADO,2022,SENADO,41244,__NO_MARCADOS__,93
c2022_SENADO,2022,SENADO,41244,__NULOS__,65
c2022_SENADO,2022,SENADO,41298,COALICIÓN ALIANZA VERDE Y CENTRO ESPERANZA,1164
c2022_SENADO,2022,SENADO,41298,COALICIÓN MIRA -  COLOMBIA JUSTA LIBRES,783
c2022_SENADO,2022,SENADO,41298,ESTAMOS LISTAS COLOMBIA,58
c2022_SENADO,2022,SENADO,41298,FUERZA CIUDADANA LA FUERZA DEL CAMBIO,273
c2022_SENADO,2022,SENADO,41298,MOVIMIENTO DE SALVACIÓN NACIONAL,39
c2022_SENADO,2022,SENADO,41298,MOVIMIENTO GENTE NUEVA,45
c2022_SENADO,2022,SENADO,41298,MOVIMIENTO NACIONAL SECTOR ORGANIZADO DE LA SALUD SOS COLOMBIA,32
c2022_SENADO,2022,SENADO,41298,MOVIMIENTO UNITARIO METAPOLITICO,13
c2022_SENADO,2022,SENADO,41298,PACTO HISTÓRICO,2747
c2022_SENADO,2022,SENADO,41298,PARTIDO CAMBIO RADICAL,8059
c2022_SENADO,2022,SENADO,41298,PARTIDO CENTRO DEMOCRÁTICO,2766
c2022_SENADO,2022,SENADO,41298,PARTIDO COMUNES,10
c2022_SENADO,2022,SENADO,41298,PARTIDO CONSERVADOR COLOMBIANO,1669
c2022_SENADO,2022,SENADO,41298,"PARTIDO DE LA UNIÓN POR LA GENTE ""PARTIDO DE LA U""",662
c2022_SENADO,2022,SENADO,41298,PARTIDO LIBERAL COLOMBIANO,1581
c2022_SENADO,2022,SENADO,41298,PARTIDO NUEVO LIBERALISMO,293
c2022_SENADO,2022,SENADO,41298,__BLANCO__,2299
c2022_SENADO,2022,SENADO,41298,__NO_MARCADOS__,931
c2022_SENADO,2022,SENADO,41298,__NULOS__,1397
c2022_SENADO,2022,SENADO,41306,COALICIÓN ALIANZA VERDE Y CENTRO ESPERANZA,460
c2022_SENADO,2022,SENADO,41306,COALICIÓN MIRA -  COLOMBIA JUSTA LIBRES,549
c2022_SENADO,2022,SENADO,41306,ESTAMOS LISTAS COLOMBIA,17
c2022_SENADO,2022,SENADO,41306,FUERZA CIUDADANA LA FUERZA DEL CAMBIO,107
c2022_SENADO,2022,SENADO,41306,MOVIMIENTO DE SALVACIÓN NACIONAL,9
c2022_SENADO,2022,SENADO,41306,MOVIMIENTO GENTE NUEVA,6
c2022_SENADO,2022,SENADO,41306,MOVIMIENTO NACIONAL SECTOR ORGANIZADO DE LA SALUD SOS COLOMBIA,6
c2022_SENADO,2022,SENADO,41306,MOVIMIENTO UNITARIO METAPOLITICO,2
c2022_SENADO,2022,SENADO,41306,PACTO HISTÓRICO,896
c2022_SENADO,2022,SENADO,41306,PARTIDO CAMBIO RADICAL,2652
c2022_SENADO,2022,SENADO,41306,PARTIDO CENTRO DEMOCRÁTICO,940
c2022_SENADO,2022,SENADO,41306,PARTIDO COMUNES,4
c2022_SENADO,2022,SENADO,41306,PARTIDO CONSERVADOR COLOMBIANO,501
c2022_SENADO,2022,SENADO,41306,"PARTIDO DE LA UNIÓN POR LA GENTE ""PARTIDO DE LA U""",297
c2022_SENADO,2022,SENADO,41306,PARTIDO LIBERAL COLOMBIANO,425
c2022_SENADO,2022,SENADO,41306,PARTIDO NUEVO LIBERALISMO,86
c2022_SENADO,2022,SENADO,41306,__BLANCO__,625
c2022_SENADO,2022,SENADO,41306,__NO_MARCADOS__,431
c2022_SENADO,2022,SENADO,41306,__NULOS__,494
c2022_SENADO,2022,SENADO,41319,COALICIÓN ALIANZA VERDE Y CENTRO ESPERANZA,307
c2022_SENADO,2022,SENADO,41319,COALICIÓN MIRA -  COLOMBIA JUSTA LIBRES,135
c2022_SENADO,2022,SENADO,41319,ESTAMOS LISTAS COLOMBIA,7
c2022_SENADO,2022,SENADO,41319,FUERZA CIUDADANA LA FUERZA DEL CAMBIO,32
c2022_SENADO,2022,SENADO,41319,MOVIMIENTO DE SALVACIÓN NACIONAL,12
c2022_SENADO,2022,SENADO,41319,MOVIMIENTO GENTE NUEVA,8
c2022_SENADO,2022,SENADO,41319,MOVIMIENTO NACIONAL SECTOR ORGANIZADO DE LA SALUD SOS COLOMBIA,11
c2022_SENADO,2022,SENADO,41319,MOVIMIENTO UNITARIO METAPOLITICO,5
c2022_SENADO,2022,SENADO,41319,PACTO HISTÓRICO,562
c2022_SENADO,2022,SENADO,41319,PARTIDO CAMBIO RADICAL,1323
c2022_SENADO,2022,SENADO,41319,PARTIDO CENTRO DEMOCRÁTICO,280
c2022_SENADO,2022,SENADO,41319,PARTIDO COMUNES,3
c2022_SENADO,2022,SENADO,41319,PARTIDO CONSERVADOR COLOMBIANO,744
c2022_SENADO,2022,SENADO,41319,"PARTIDO DE LA UNIÓN POR LA GENTE ""PARTIDO DE LA U""",362
c2022_SENADO,2022,SENADO,41319,PARTIDO LIBERAL COLOMBIANO,278
c2022_SENADO,2022,SENADO,41319,PARTIDO NUEVO LIBERALISMO,40
c2022_SENADO,2022,SENADO,41319,__BLANCO__,498
c2022_SENADO,2022,SENADO,41319,__NO_MARCADOS__,312
c2022_SENADO,2022,SENADO,41319,__NULOS__,332
c2022_SENADO,2022,SENADO,41349,COALICIÓN ALIANZA VERDE Y CENTRO ESPERANZA,160
c2022_SENADO,2022,SENADO,41349,COALICIÓN MIRA -  COLOMBIA JUSTA LIBRES,147
c2022_SENADO,2022,SENADO,41349,ESTAMOS LISTAS COLOMBIA,4
c2022_SENADO,2022,SENADO,41349,FUERZA CIUDADANA LA FUERZA DEL CAMBIO,31
c2022_SENADO,2022,SENADO,41349,MOVIMIENTO DE SALVACIÓN NACIONAL,2
c2022_SENADO,2022,SENADO,41349,MOVIMIENTO GENTE NUEVA,1
c2022_SENADO,2022,SENADO,41349,MOVIMIENTO NACIONAL SECTOR ORGANIZADO DE LA SALUD SOS COLOMBIA,3
c2022_SENADO,2022,SENADO,41349,PACTO HISTÓRICO,249
c2022_SENADO,2022,SENADO,41349,PARTIDO CAMBIO RADICAL,936
c2022_SENADO,2022,SENADO,41349,PARTIDO CENTRO DEMOCRÁTICO,268
c2022_SENADO,2022,SENADO,41349,PARTIDO COMUNES,1
c2022_SENADO,2022,SENADO,41349,PARTIDO CONSERVADOR COLOMBIANO,117
c2022_SENADO,2022,SENADO,41349,"PARTIDO DE LA UNIÓN POR LA GENTE ""PARTIDO DE LA U""",72
c2022_SENADO,2022,SENADO,41349,PARTIDO LIBERAL COLOMBIANO,375
c2022_SENADO,2022,SENADO,41349,PARTIDO NUEVO LIBERALISMO,17
c2022_SENADO,2022,SENADO,41349,__BLANCO__,125
c2022_SENADO,2022,SENADO,41349,__NO_MARCADOS__,111
c2022_SENADO,2022,SENADO,41349,__NULOS__,165
c2022_SENADO,2022,SENADO,41357,COALICIÓN ALIANZA VERDE Y CENTRO ESPERANZA,174
c2022_SENADO,2022,SENADO,41357,COALICIÓN MIRA -  COLOMBIA JUSTA LIBRES,66
c2022_SENADO,2022,SENADO,41357,ESTAMOS LISTAS COLOMBIA,4
c2022_SENADO,2022,SENADO,41357,FUERZA CIUDADANA LA FUERZA DEL CAMBIO,24
c2022_SENADO,2022,SENADO,41357,MOVIMIENTO DE SALVACIÓN NACIONAL,4
c2022_SENADO,2022,SENADO,41357,MOVIMIENTO NACIONAL SECTOR ORGANIZADO DE LA SALUD SOS COLOMBIA,8
c2022_SENADO,2022,SENADO,41357,PACTO HISTÓRICO,231
c2022_SENADO,2022,SENADO,41357,PARTIDO CAMBIO RADICAL,534
c2022_SENADO,2022,SENADO,41357,PARTIDO CENTRO DEMOCRÁTICO,179
c2022_SENADO,2022,SENADO,41357,PARTIDO COMUNES,6
c2022_SENADO,2022,SENADO,41357,PARTIDO CONSERVADOR COLOMBIANO,849
c2022_SENADO,2022,SENADO,41357,"PARTIDO DE LA UNIÓN POR LA GENTE ""PARTIDO DE LA U""",255
c2022_SENADO,2022,SENADO,41357,PARTIDO LIBERAL COLOMBIANO,228
c2022_SENADO,2022,SENADO,41357,PARTIDO NUEVO LIBERALISMO,35
c2022_SENADO,2022,SENADO,41357,__BLANCO__,197
c2022_SENADO,2022,SENADO,41357,__NO_MARCADOS__,155
c2022_SENADO,2022,SENADO,41357,__NULOS__,127
c2022_SENADO,2022,SENADO,41359,COALICIÓN ALIANZA VERDE Y CENTRO ESPERANZA,740
c2022_SENADO,2022,SENADO,41359,COALICIÓN MIRA -  COLOMBIA JUSTA LIBRES,210
c2022_SENADO,2022,SENADO,41359,ESTAMOS LISTAS COLOMBIA,15
c2022_SENADO,2022,SENADO,41359,FUERZA CIUDADANA LA FUERZA DEL CAMBIO,67
c2022_SENADO,2022,SENADO,41359,MOVIMIENTO DE SALVACIÓN NACIONAL,34
c2022_SENADO,2022,SENADO,41359,MOVIMIENTO GENTE NUEVA,8
c2022_SENADO,2022,SENADO,41359,MOVIMIENTO NACIONAL SECTOR ORGANIZADO DE LA SALUD SOS COLOMBIA,16
c2022_SENADO,2022,SENADO,41359,MOVIMIENTO UNITARIO METAPOLITICO,11
c2022_SENADO,2022,SENADO,41359,PACTO HISTÓRICO,1455
c2022_SENADO,2022,SENADO,41359,PARTIDO CAMBIO RADICAL,1898
c2022_SENADO,2022,SENADO,41359,PARTIDO CENTRO DEMOCRÁTICO,1143
c2022_SENADO,2022,SENADO,41359,PARTIDO COMUNES,12
c2022_SENADO,2022,SENADO,41359,PARTIDO CONSERVADOR COLOMBIANO,839
c2022_SENADO,2022,SENADO,41359,"PARTIDO DE LA UNIÓN POR LA GENTE ""PARTIDO DE LA U""",601
c2022_SENADO,2022,SENADO,41359,PARTIDO LIBERAL COLOMBIANO,527
c2022_SENADO,2022,SENADO,41359,PARTIDO NUEVO LIBERALISMO,110
c2022_SENADO,2022,SENADO,41359,__BLANCO__,949
c2022_SENADO,2022,SENADO,41359,__NO_MARCADOS__,928
c2022_SENADO,2022,SENADO,41359,__NULOS__,555
c2022_SENADO,2022,SENADO,41378,COALICIÓN ALIANZA VERDE Y CENTRO ESPERANZA,152
c2022_SENADO,2022,SENADO,41378,COALICIÓN MIRA -  COLOMBIA JUSTA LIBRES,57
c2022_SENADO,2022,SENADO,41378,ESTAMOS LISTAS COLOMBIA,6
c2022_SENADO,2022,SENADO,41378,FUERZA CIUDADANA LA FUERZA DEL CAMBIO,24
c2022_SENADO,2022,SENADO,41378,MOVIMIENTO DE SALVACIÓN NACIONAL,1
c2022_SENADO,2022,SENADO,41378,MOVIMIENTO GENTE NUEVA,1
c2022_SENADO,2022,SENADO,41378,MOVIMIENTO NACIONAL SECTOR ORGANIZADO DE LA SALUD SOS COLOMBIA,3
c2022_SENADO,2022,SENADO,41378,MOVIMIENTO UNITARIO METAPOLITICO,1
c2022_SENADO,2022,SENADO,41378,PACTO HISTÓRICO,618
c2022_SENADO,2022,SENADO,41378,PARTIDO CAMBIO RADICAL,1393
c2022_SENADO,2022,SENADO,41378,PARTIDO CENTRO DEMOCRÁTICO,309
c2022_SENADO,2022,SENADO,41378,PARTIDO COMUNES,2
c2022_SENADO,2022,SENADO,41378,PARTIDO CONSERVADOR COLOMBIANO,997
c2022_SENADO,2022,SENADO,41378,"PARTIDO DE LA UNIÓN POR LA GENTE ""PARTIDO DE LA U""",74
c2022_SENADO,2022,SENADO,41378,PARTIDO LIBERAL COLOMBIANO,804
c2022_SENADO,2022,SENADO,41378,PARTIDO NUEVO LIBERALISMO,16
c2022_SENADO,2022,SENADO,41378,__BLANCO__,342
c2022_SENADO,2022,SENADO,41378,__NO_MARCADOS__,286
c2022_SENADO,2022,SENADO,41378,__NULOS__,145
c2022_SENADO,2022,SENADO,41396,COALICIÓN ALIANZA VERDE Y CENTRO ESPERANZA,844
c2022_SENADO,2022,SENADO,41396,COALICIÓN MIRA -  COLOMBIA JUSTA LIBRES,405
c2022_SENADO,2022,SENADO,41396,ESTAMOS LISTAS COLOMBIA,26
c2022_SENADO,2022,SENADO,41396,FUERZA CIUDADANA LA FUERZA DEL CAMBIO,167
c2022_SENADO,2022,SENADO,41396,MOVIMIENTO DE SALVACIÓN NACIONAL,21
c2022_SENADO,2022,SENADO,41396,MOVIMIENTO GENTE NUEVA,17
c2022_SENADO,2022,SENADO,41396,MOVIMIENTO NACIONAL SECTOR ORGANIZADO DE LA SALUD SOS COLOMBIA,27
c2022_SENADO,2022,SENADO,41396,MOVIMIENTO UNITARIO METAPOLITICO,2
c2022_SENADO,2022,SENADO,41396,PACTO HISTÓRICO,2365
c2022_SENADO,2022,SENADO,41396,PARTIDO CAMBIO RADICAL,4255
c2022_SENADO,2022,SENADO,41396,PARTIDO CENTRO DEMOCRÁTICO,1774
c2022_SENADO,2022,SENADO,41396,PARTIDO COMUNES,12
c2022_SENADO,2022,SENADO,41396,PARTIDO CONSERVADOR COLOMBIANO,2812
c2022_SENADO,2022,SENADO,41396,"PARTIDO DE LA UNIÓN POR LA GENTE ""PARTIDO DE LA U""",605
c2022_SENADO,2022,SENADO,41396,PARTIDO LIBERAL COLOMBIANO,1625
c2022_SENADO,2022,SENADO,41396,PARTIDO NUEVO LIBERALISMO,107
c2022_SENADO,2022,SENADO,41396,__BLANCO__,1489
c2022_SENADO,2022,SENADO,41396,__NO_MARCADOS__,866
c2022_SENADO,2022,SENADO,41396,__NULOS__,904
c2022_SENADO,2022,SENADO,41483,COALICIÓN ALIANZA VERDE Y CENTRO ESPERANZA,73
c2022_SENADO,2022,SENADO,41483,COALICIÓN MIRA -  COLOMBIA JUSTA LIBRES,25
c2022_SENADO,2022,SENADO,41483,FUERZA CIUDADANA LA FUERZA DEL CAMBIO,6
c2022_SENADO,2022,SENADO,41483,MOVIMIENTO DE SALVACIÓN NACIONAL,2
c2022_SENADO,2022,SENADO,41483,MOVIMIENTO GENTE NUEVA,1
c2022_SENADO,2022,SENADO,41483,MOVIMIENTO NACIONAL SECTOR ORGANIZADO DE LA SALUD SOS COLOMBIA,4
c2022_SENADO,2022,SENADO,41483,PACTO HISTÓRICO,162
c2022_SENADO,2022,SENADO,41483,PARTIDO CAMBIO RADICAL,741
c2022_SENADO,2022,SENADO,41483,PARTIDO CENTRO DEMOCRÁTICO,119
c2022_SENADO,2022,SENADO,41483,PARTIDO CONSERVADOR COLOMBIANO,488
c2022_SENADO,2022,SENADO,41483,"PARTIDO DE LA UNIÓN POR LA GENTE ""PARTIDO DE LA U""",33
c2022_SENADO,2022,SENADO,41483,PARTIDO LIBERAL COLOMBIANO,215
c2022_SENADO,2022,SENADO,41483,PARTIDO NUEVO LIBERALISMO,10
c2022_SENADO,2022,SENADO,41483,__BLANCO__,140
c2022_SENADO,2022,SENADO,41483,__NO_MARCADOS__,92
c2022_SENADO,2022,SENADO,41483,__NULOS__,125
c2022_SENADO,2022,SENADO,41503,COALICIÓN ALIANZA VERDE Y CENTRO ESPERANZA,144
c2022_SENADO,2022,SENADO,41503,COALICIÓN MIRA -  COLOMBIA JUSTA LIBRES,20
c2022_SENADO,2022,SENADO,41503,ESTAMOS LISTAS COLOMBIA,4
c2022_SENADO,2022,SENADO,41503,FUERZA CIUDADANA LA FUERZA DEL CAMBIO,20
c2022_SENADO,2022,SENADO,41503,MOVIMIENTO DE SALVACIÓN NACIONAL,6
c2022_SENADO,2022,SENADO,41503,MOVIMIENTO GENTE NUEVA,5
c2022_SENADO,2022,SENADO,41503,MOVIMIENTO NACIONAL SECTOR ORGANIZADO DE LA SALUD SOS COLOMBIA,2
c2022_SENADO,2022,SENADO,41503,MOVIMIENTO UNITARIO METAPOLITICO,1
c2022_SENADO,2022,SENADO,41503,PACTO HISTÓRICO,187
c2022_SENADO,2022,SENADO,41503,PARTIDO CAMBIO RADICAL,444
c2022_SENADO,2022,SENADO,41503,PARTIDO CENTRO DEMOCRÁTICO,401
c2022_SENADO,2022,SENADO,41503,PARTIDO COMUNES,1
c2022_SENADO,2022,SENADO,41503,PARTIDO CONSERVADOR COLOMBIANO,888
c2022_SENADO,2022,SENADO,41503,"PARTIDO DE LA UNIÓN POR LA GENTE ""PARTIDO DE LA U""",367
c2022_SENADO,2022,SENADO,41503,PARTIDO LIBERAL COLOMBIANO,382
c2022_SENADO,2022,SENADO,41503,PARTIDO NUEVO LIBERALISMO,22
c2022_SENADO,2022,SENADO,41503,__BLANCO__,386
c2022_SENADO,2022,SENADO,41503,__NO_MARCADOS__,364
c2022_SENADO,2022,SENADO,41503,__NULOS__,185
c2022_SENADO,2022,SENADO,41518,COALICIÓN ALIANZA VERDE Y CENTRO ESPERANZA,522
c2022_SENADO,2022,SENADO,41518,COALICIÓN MIRA -  COLOMBIA JUSTA LIBRES,24
c2022_SENADO,2022,SENADO,41518,ESTAMOS LISTAS COLOMBIA,5
c2022_SENADO,2022,SENADO,41518,FUERZA CIUDADANA LA FUERZA DEL CAMBIO,17
c2022_SENADO,2022,SENADO,41518,MOVIMIENTO DE SALVACIÓN NACIONAL,1
c2022_SENADO,2022,SENADO,41518,MOVIMIENTO GENTE NUEVA,4
c2022_SENADO,2022,SENADO,41518,MOVIMIENTO NACIONAL SECTOR ORGANIZADO DE LA SALUD SOS COLOMBIA,2
c2022_SENADO,2022,SENADO,41518,MOVIMIENTO UNITARIO METAPOLITICO,1
c2022_SENADO,2022,SENADO,41518,PACTO HISTÓRICO,172
c2022_SENADO,2022,SENADO,41518,PARTIDO CAMBIO RADICAL,382
c2022_SENADO,2022,SENADO,41518,PARTIDO CENTRO DEMOCRÁTICO,339
c2022_SENADO,2022,SENADO,41518,PARTIDO COMUNES,1
c2022_SENADO,2022,SENADO,41518,PARTIDO CONSERVADOR COLOMBIANO,661
c2022_SENADO,2022,SENADO,41518,"PARTIDO DE LA UNIÓN POR LA GENTE ""PARTIDO DE LA U""",197
c2022_SENADO,2022,SENADO,41518,PARTIDO LIBERAL COLOMBIANO,201
c2022_SENADO,2022,SENADO,41518,PARTIDO NUEVO LIBERALISMO,9
c2022_SENADO,2022,SENADO,41518,__BLANCO__,109
c2022_SENADO,2022,SENADO,41518,__NO_MARCADOS__,78
c2022_SENADO,2022,SENADO,41518,__NULOS__,84
c2022_SENADO,2022,SENADO,41524,COALICIÓN ALIANZA VERDE Y CENTRO ESPERANZA,566
c2022_SENADO,2022,SENADO,41524,COALICIÓN MIRA -  COLOMBIA JUSTA LIBRES,443
c2022_SENADO,2022,SENADO,41524,ESTAMOS LISTAS COLOMBIA,12
c2022_SENADO,2022,SENADO,41524,FUERZA CIUDADANA LA FUERZA DEL CAMBIO,76
c2022_SENADO,2022,SENADO,41524,MOVIMIENTO DE SALVACIÓN NACIONAL,7
c2022_SENADO,2022,SENADO,41524,MOVIMIENTO GENTE NUEVA,25
c2022_SENADO,2022,SENADO,41524,MOVIMIENTO NACIONAL SECTOR ORGANIZADO DE LA SALUD SOS COLOMBIA,18
c2022_SENADO,2022,SENADO,41524,MOVIMIENTO UNITARIO METAPOLITICO,2
c2022_SENADO,2022,SENADO,41524,PACTO HISTÓRICO,1253
c2022_SENADO,2022,SENADO,41524,PARTIDO CAMBIO RADICAL,2555
c2022_SENADO,2022,SENADO,41524,PARTIDO CENTRO DEMOCRÁTICO,721
c2022_SENADO,2022,SENADO,41524,PARTIDO COMUNES,8
c2022_SENADO,2022,SENADO,41524,PARTIDO CONSERVADOR COLOMBIANO,1756
c2022_SENADO,2022,SENADO,41524,"PARTIDO DE LA UNIÓN POR LA GENTE ""PARTIDO DE LA U""",403
c2022_SENADO,2022,SENADO,41524,PARTIDO LIBERAL COLOMBIANO,453
c2022_SENADO,2022,SENADO,41524,PARTIDO NUEVO LIBERALISMO,83
c2022_SENADO,2022,SENADO,41524,__BLANCO__,748
c2022_SENADO,2022,SENADO,41524,__NO_MARCADOS__,464
c2022_SENADO,2022,SENADO,41524,__NULOS__,540
c2022_SENADO,2022,SENADO,41530,COALICIÓN ALIANZA VERDE Y CENTRO ESPERANZA,176
c2022_SENADO,2022,SENADO,41530,COALICIÓN MIRA -  COLOMBIA JUSTA LIBRES,49
c2022_SENADO,2022,SENADO,41530,ESTAMOS LISTAS COLOMBIA,4
c2022_SENADO,2022,SENADO,41530,FUERZA CIUDADANA LA FUERZA DEL CAMBIO,27
c2022_SENADO,2022,SENADO,41530,MOVIMIENTO DE SALVACIÓN NACIONAL,26
c2022_SENADO,2022,SENADO,41530,MOVIMIENTO GENTE NUEVA,3
c2022_SENADO,2022,SENADO,41530,MOVIMIENTO NACIONAL SECTOR ORGANIZADO DE LA SALUD SOS COLOMBIA,2
c2022_SENADO,2022,SENADO,41530,MOVIMIENTO UNITARIO METAPOLITICO,1
c2022_SENADO,2022,SENADO,41530,PACTO HISTÓRICO,333
c2022_SENADO,2022,SENADO,41530,PARTIDO CAMBIO RADICAL,1445
c2022_SENADO,2022,SENADO,41530,PARTIDO CENTRO DEMOCRÁTICO,256
c2022_SENADO,2022,SENADO,41530,PARTIDO COMUNES,1
c2022_SENADO,2022,SENADO,41530,PARTIDO CONSERVADOR COLOMBIANO,625
c2022_SENADO,2022,SENADO,41530,"PARTIDO DE LA UNIÓN POR LA GENTE ""PARTIDO DE LA U""",66
c2022_SENADO,2022,SENADO,41530,PARTIDO LIBERAL COLOMBIANO,204
c2022_SENADO,2022,SENADO,41530,PARTIDO NUEVO LIBERALISMO,17
c2022_SENADO,2022,SENADO,41530,__BLANCO__,271
c2022_SENADO,2022,SENADO,41530,__NO_MARCADOS__,208
c2022_SENADO,2022,SENADO,41530,__NULOS__,269
c2022_SENADO,2022,SENADO,41548,COALICIÓN ALIANZA VERDE Y CENTRO ESPERANZA,191
c2022_SENADO,2022,SENADO,41548,COALICIÓN MIRA -  COLOMBIA JUSTA LIBRES,38
c2022_SENADO,2022,SENADO,41548,ESTAMOS LISTAS COLOMBIA,4
c2022_SENADO,2022,SENADO,41548,FUERZA CIUDADANA LA FUERZA DEL CAMBIO,24
c2022_SENADO,2022,SENADO,41548,MOVIMIENTO DE SALVACIÓN NACIONAL,4
c2022_SENADO,2022,SENADO,41548,MOVIMIENTO GENTE NUEVA,3
c2022_SENADO,2022,SENADO,41548,MOVIMIENTO NACIONAL SECTOR ORGANIZADO DE LA SALUD SOS COLOMBIA,3
c2022_SENADO,2022,SENADO,41548,MOVIMIENTO UNITARIO METAPOLITICO,1
c2022_SENADO,2022,SENADO,41548,PACTO HISTÓRICO,417
c2022_SENADO,2022,SENADO,41548,PARTIDO CAMBIO RADICAL,773
c2022_SENADO,2022,SENADO,41548,PARTIDO CENTRO DEMOCRÁTICO,430
c2022_SENADO,2022,SENADO,41548,PARTIDO COMUNES,1
c2022_SENADO,2022,SENADO,41548,PARTIDO CONSERVADOR COLOMBIANO,938
c2022_SENADO,2022,SENADO,41548,"PARTIDO DE LA UNIÓN POR LA GENTE ""PARTIDO DE LA U""",103
c2022_SENADO,2022,SENADO,41548,PARTIDO LIBERAL COLOMBIANO,650
c2022_SENADO,2022,SENADO,41548,PARTIDO NUEVO LIBERALISMO,26
c2022_SENADO,2022,SENADO,41548,__BLANCO__,345
c2022_SENADO,2022,SENADO,41548,__NO_MARCADOS__,251
c2022_SENADO,2022,SENADO,41548,__NULOS__,187
c2022_SENADO,2022,SENADO,41551,COALICIÓN ALIANZA VERDE Y CENTRO ESPERANZA,2185
c2022_SENADO,2022,SENADO,41551,COALICIÓN MIRA -  COLOMBIA JUSTA LIBRES,1447
c2022_SENADO,2022,SENADO,41551,ESTAMOS LISTAS COLOMBIA,83
c2022_SENADO,2022,SENADO,41551,FUERZA CIUDADANA LA FUERZA DEL CAMBIO,575
c2022_SENADO,2022,SENADO,41551,MOVIMIENTO DE SALVACIÓN NACIONAL,428
c2022_SENADO,2022,SENADO,41551,MOVIMIENTO GENTE NUEVA,54
c2022_SENADO,2022,SENADO,41551,MOVIMIENTO NACIONAL SECTOR ORGANIZADO DE LA SALUD SOS COLOMBIA,79
c2022_SENADO,2022,SENADO,41551,MOVIMIENTO UNITARIO METAPOLITICO,13
c2022_SENADO,2022,SENADO,41551,PACTO HISTÓRICO,7058
c2022_SENADO,2022,SENADO,41551,PARTIDO CAMBIO RADICAL,6823
c2022_SENADO,2022,SENADO,41551,PARTIDO CENTRO DEMOCRÁTICO,3379
c2022_SENADO,2022,SENADO,41551,PARTIDO COMUNES,38
c2022_SENADO,2022,SENADO,41551,PARTIDO CONSERVADOR COLOMBIANO,6093
c2022_SENADO,2022,SENADO,41551,"PARTIDO DE LA UNIÓN POR LA GENTE ""PARTIDO DE LA U""",1349
c2022_SENADO,2022,SENADO,41551,PARTIDO LIBERAL COLOMBIANO,2306
c2022_SENADO,2022,SENADO,41551,PARTIDO NUEVO LIBERALISMO,474
c2022_SENADO,2022,SENADO,41551,__BLANCO__,3933
c2022_SENADO,2022,SENADO,41551,__NO_MARCADOS__,1608
c2022_SENADO,2022,SENADO,41551,__NULOS__,1918
c2022_SENADO,2022,SENADO,41615,COALICIÓN ALIANZA VERDE Y CENTRO ESPERANZA,674
c2022_SENADO,2022,SENADO,41615,COALICIÓN MIRA -  COLOMBIA JUSTA LIBRES,540
c2022_SENADO,2022,SENADO,41615,ESTAMOS LISTAS COLOMBIA,22
c2022_SENADO,2022,SENADO,41615,FUERZA CIUDADANA LA FUERZA DEL CAMBIO,132
c2022_SENADO,2022,SENADO,41615,MOVIMIENTO DE SALVACIÓN NACIONAL,4
c2022_SENADO,2022,SENADO,41615,MOVIMIENTO GENTE NUEVA,15
c2022_SENADO,2022,SENADO,41615,MOVIMIENTO NACIONAL SECTOR ORGANIZADO DE LA SALUD SOS COLOMBIA,11
c2022_SENADO,2022,SENADO,41615,MOVIMIENTO UNITARIO METAPOLITICO,2
c2022_SENADO,2022,SENADO,41615,PACTO HISTÓRICO,1198
c2022_SENADO,2022,SENADO,41615,PARTIDO CAMBIO RADICAL,2260
c2022_SENADO,2022,SENADO,41615,PARTIDO CENTRO DEMOCRÁTICO,777
c2022_SENADO,2022,SENADO,41615,PARTIDO COMUNES,4
c2022_SENADO,2022,SENADO,41615,PARTIDO CONSERVADOR COLOMBIANO,1250
c2022_SENADO,2022,SENADO,41615,"PARTIDO DE LA UNIÓN POR LA GENTE ""PARTIDO DE LA U""",185
c2022_SENADO,2022,SENADO,41615,PARTIDO LIBERAL COLOMBIANO,367
c2022_SENADO,2022,SENADO,41615,PARTIDO NUEVO LIBERALISMO,92
c2022_SENADO,2022,SENADO,41615,__BLANCO__,567
c2022_SENADO,2022,SENADO,41615,__NO_MARCADOS__,357
c2022_SENADO,2022,SENADO,41615,__NULOS__,497
c2022_SENADO,2022,SENADO,41660,COALICIÓN ALIANZA VERDE Y CENTRO ESPERANZA,148
c2022_SENADO,2022,SENADO,41660,COALICIÓN MIRA -  COLOMBIA JUSTA LIBRES,53
c2022_SENADO,2022,SENADO,41660,ESTAMOS LISTAS COLOMBIA,1
c2022_SENADO,2022,SENADO,41660,FUERZA CIUDADANA LA FUERZA DEL CAMBIO,21
c2022_SENADO,2022,SENADO,41660,MOVIMIENTO DE SALVACIÓN NACIONAL,20
c2022_SENADO,2022,SENADO,41660,MOVIMIENTO GENTE NUEVA,1
c2022_SENADO,2022,SENADO,41660,MOVIMIENTO NACIONAL SECTOR ORGANIZADO DE LA SALUD SOS COLOMBIA,1
c2022_SENADO,2022,SENADO,41660,MOVIMIENTO UNITARIO METAPOLITICO,2
c2022_SENADO,2022,SENADO,41660,PACTO HISTÓRICO,294
c2022_SENADO,2022,SENADO,41660,PARTIDO CAMBIO RADICAL,1581
c2022_SENADO,2022,SENADO,41660,PARTIDO CENTRO DEMOCRÁTICO,382
c2022_SENADO,2022,SENADO,41660,PARTIDO CONSERVADOR COLOMBIANO,910
c2022_SENADO,2022,SENADO,41660,"PARTIDO DE LA UNIÓN POR LA GENTE ""PARTIDO DE LA U""",86
c2022_SENADO,2022,SENADO,41660,PARTIDO LIBERAL COLOMBIANO,224
c2022_SENADO,2022,SENADO,41660,PARTIDO NUEVO LIBERALISMO,11
c2022_SENADO,2022,SENADO,41660,__BLANCO__,174
c2022_SENADO,2022,SENADO,41660,__NO_MARCADOS__,203
c2022_SENADO,2022,SENADO,41660,__NULOS__,125
c2022_SENADO,2022,SENADO,41668,COALICIÓN ALIANZA VERDE Y CENTRO ESPERANZA,383
c2022_SENADO,2022,SENADO,41668,COALICIÓN MIRA -  COLOMBIA JUSTA LIBRES,226
c2022_SENADO,2022,SENADO,41668,ESTAMOS LISTAS COLOMBIA,12
c2022_SENADO,2022,SENADO,41668,FUERZA CIUDADANA LA FUERZA DEL CAMBIO,92
c2022_SENADO,2022,SENADO,41668,MOVIMIENTO DE SALVACIÓN NACIONAL,27
c2022_SENADO,2022,SENADO,41668,MOVIMIENTO GENTE NUEVA,18
c2022_SENADO,2022,SENADO,41668,MOVIMIENTO NACIONAL SECTOR ORGANIZADO DE LA SALUD SOS COLOMBIA,12
c2022_SENADO,2022,SENADO,41668,PACTO HISTÓRICO,1479
c2022_SENADO,2022,SENADO,41668,PARTIDO CAMBIO RADICAL,2798
c2022_SENADO,2022,SENADO,41668,PARTIDO CENTRO DEMOCRÁTICO,782
c2022_SENADO,2022,SENADO,41668,PARTIDO COMUNES,10
c2022_SENADO,2022,SENADO,41668,PARTIDO CONSERVADOR COLOMBIANO,1720
c2022_SENADO,2022,SENADO,41668,"PARTIDO DE LA UNIÓN POR LA GENTE ""PARTIDO DE LA U""",682
c2022_SENADO,2022,SENADO,41668,PARTIDO LIBERAL COLOMBIANO,465
c2022_SENADO,2022,SENADO,41668,PARTIDO NUEVO LIBERALISMO,145
c2022_SENADO,2022,SENADO,41668,__BLANCO__,940
c2022_SENADO,2022,SENADO,41668,__NO_MARCADOS__,665
c2022_SENADO,2022,SENADO,41668,__NULOS__,467
c2022_SENADO,2022,SENADO,41676,COALICIÓN ALIANZA VERDE Y CENTRO ESPERANZA,425
c2022_SENADO,2022,SENADO,41676,COALICIÓN MIRA -  COLOMBIA JUSTA LIBRES,33
c2022_SENADO,2022,SENADO,41676,ESTAMOS LISTAS COLOMBIA,4
c2022_SENADO,2022,SENADO,41676,FUERZA CIUDADANA LA FUERZA DEL CAMBIO,22
c2022_SENADO,2022,SENADO,41676,MOVIMIENTO DE SALVACIÓN NACIONAL,2
c2022_SENADO,2022,SENADO,41676,MOVIMIENTO GENTE NUEVA,7
c2022_SENADO,2022,SENADO,41676,MOVIMIENTO NACIONAL SECTOR ORGANIZADO DE LA SALUD SOS COLOMBIA,7
c2022_SENADO,2022,SENADO,41676,MOVIMIENTO UNITARIO METAPOLITICO,1
c2022_SENADO,2022,SENADO,41676,PACTO HISTÓRICO,370
c2022_SENADO,2022,SENADO,41676,PARTIDO CAMBIO RADICAL,754
c2022_SENADO,2022,SENADO,41676,PARTIDO CENTRO DEMOCRÁTICO,240
c2022_SENADO,2022,SENADO,41676,PARTIDO COMUNES,1
c2022_SENADO,2022,SENADO,41676,PARTIDO CONSERVADOR COLOMBIANO,880
c2022_SENADO,2022,SENADO,41676,"PARTIDO DE LA UNIÓN POR LA GENTE ""PARTIDO DE LA U""",40
c2022_SENADO,2022,SENADO,41676,PARTIDO LIBERAL COLOMBIANO,100
c2022_SENADO,2022,SENADO,41676,PARTIDO NUEVO LIBERALISMO,21
c2022_SENADO,2022,SENADO,41676,__BLANCO__,262
c2022_SENADO,2022,SENADO,41676,__NO_MARCADOS__,142
c2022_SENADO,2022,SENADO,41676,__NULOS__,156
c2022_SENADO,2022,SENADO,41770,COALICIÓN ALIANZA VERDE Y CENTRO ESPERANZA,278
c2022_SENADO,2022,SENADO,41770,COALICIÓN MIRA -  COLOMBIA JUSTA LIBRES,97
c2022_SENADO,2022,SENADO,41770,ESTAMOS LISTAS COLOMBIA,10
c2022_SENADO,2022,SENADO,41770,FUERZA CIUDADANA LA FUERZA DEL CAMBIO,73
c2022_SENADO,2022,SENADO,41770,MOVIMIENTO DE SALVACIÓN NACIONAL,9
c2022_SENADO,2022,SENADO,41770,MOVIMIENTO GENTE NUEVA,7
c2022_SENADO,2022,SENADO,41770,MOVIMIENTO NACIONAL SECTOR ORGANIZADO DE LA SALUD SOS COLOMBIA,4
c2022_SENADO,2022,SENADO,41770,MOVIMIENTO UNITARIO METAPOLITICO,2
c2022_SENADO,2022,SENADO,41770,PACTO HISTÓRICO,662
c2022_SENADO,2022,SENADO,41770,PARTIDO CAMBIO RADICAL,1002
c2022_SENADO,2022,SENADO,41770,PARTIDO CENTRO DEMOCRÁTICO,604
c2022_SENADO,2022,SENADO,41770,PARTIDO COMUNES,3
c2022_SENADO,2022,SENADO,41770,PARTIDO CONSERVADOR COLOMBIANO,555
c2022_SENADO,2022,SENADO,41770,"PARTIDO DE LA UNIÓN POR LA GENTE ""PARTIDO DE LA U""",523
c2022_SENADO,2022,SENADO,41770,PARTIDO LIBERAL COLOMBIANO,332
c2022_SENADO,2022,SENADO,41770,PARTIDO NUEVO LIBERALISMO,45
c2022_SENADO,2022,SENADO,41770,__BLANCO__,347
c2022_SENADO,2022,SENADO,41770,__NO_MARCADOS__,329
c2022_SENADO,2022,SENADO,41770,__NULOS__,248
c2022_SENADO,2022,SENADO,41791,COALICIÓN ALIANZA VERDE Y CENTRO ESPERANZA,220
c2022_SENADO,2022,SENADO,41791,COALICIÓN MIRA -  COLOMBIA JUSTA LIBRES,81
c2022_SENADO,2022,SENADO,41791,ESTAMOS LISTAS COLOMBIA,3
c2022_SENADO,2022,SENADO,41791,FUERZA CIUDADANA LA FUERZA DEL CAMBIO,34
c2022_SENADO,2022,SENADO,41791,MOVIMIENTO DE SALVACIÓN NACIONAL,6
c2022_SENADO,2022,SENADO,41791,MOVIMIENTO GENTE NUEVA,7
c2022_SENADO,2022,SENADO,41791,MOVIMIENTO NACIONAL SECTOR ORGANIZADO DE LA SALUD SOS COLOMBIA,4
c2022_SENADO,2022,SENADO,41791,MOVIMIENTO UNITARIO METAPOLITICO,2
c2022_SENADO,2022,SENADO,41791,PACTO HISTÓRICO,444
c2022_SENADO,2022,SENADO,41791,PARTIDO CAMBIO RADICAL,2360
c2022_SENADO,2022,SENADO,41791,PARTIDO CENTRO DEMOCRÁTICO,339
c2022_SENADO,2022,SENADO,41791,PARTIDO COMUNES,18
c2022_SENADO,2022,SENADO,41791,PARTIDO CONSERVADOR COLOMBIANO,947
c2022_SENADO,2022,SENADO,41791,"PARTIDO DE LA UNIÓN POR LA GENTE ""PARTIDO DE LA U""",367
c2022_SENADO,2022,SENADO,41791,PARTIDO LIBERAL COLOMBIANO,473
c2022_SENADO,2022,SENADO,41791,PARTIDO NUEVO LIBERALISMO,25
c2022_SENADO,2022,SENADO,41791,__BLANCO__,427
c2022_SENADO,2022,SENADO,41791,__NO_MARCADOS__,398
c2022_SENADO,2022,SENADO,41791,__NULOS__,273
c2022_SENADO,2022,SENADO,41797,COALICIÓN ALIANZA VERDE Y CENTRO ESPERANZA,244
c2022_SENADO,2022,SENADO,41797,COALICIÓN MIRA -  COLOMBIA JUSTA LIBRES,35
c2022_SENADO,2022,SENADO,41797,ESTAMOS LISTAS COLOMBIA,3
c2022_SENADO,2022,SENADO,41797,FUERZA CIUDADANA LA FUERZA DEL CAMBIO,53
c2022_SENADO,2022,SENADO,41797,MOVIMIENTO DE SALVACIÓN NACIONAL,3
c2022_SENADO,2022,SENADO,41797,MOVIMIENTO GENTE NUEVA,14
c2022_SENADO,2022,SENADO,41797,MOVIMIENTO NACIONAL SECTOR ORGANIZADO DE LA SALUD SOS COLOMBIA,6
c2022_SENADO,2022,SENADO,41797,PACTO HISTÓRICO,376
c2022_SENADO,2022,SENADO,41797,PARTIDO CAMBIO RADICAL,610
c2022_SENADO,2022,SENADO,41797,PARTIDO CENTRO DEMOCRÁTICO,392
c2022_SENADO,2022,SENADO,41797,PARTIDO COMUNES,1
c2022_SENADO,2022,SENADO,41797,PARTIDO CONSERVADOR COLOMBIANO,852
c2022_SENADO,2022,SENADO,41797,"PARTIDO DE LA UNIÓN POR LA GENTE ""PARTIDO DE LA U""",513
c2022_SENADO,2022,SENADO,41797,PARTIDO LIBERAL COLOMBIANO,100
c2022_SENADO,2022,SENADO,41797,PARTIDO NUEVO LIBERALISMO,24
c2022_SENADO,2022,SENADO,41797,__BLANCO__,352
c2022_SENADO,2022,SENADO,41797,__NO_MARCADOS__,168
c2022_SENADO,2022,SENADO,41797,__NULOS__,234
c2022_SENADO,2022,SENADO,41799,COALICIÓN ALIANZA VERDE Y CENTRO ESPERANZA,140
c2022_SENADO,2022,SENADO,41799,COALICIÓN MIRA -  COLOMBIA JUSTA LIBRES,317
c2022_SENADO,2022,SENADO,41799,ESTAMOS LISTAS COLOMBIA,5
c2022_SENADO,2022,SENADO,41799,FUERZA CIUDADANA LA FUERZA DEL CAMBIO,34
c2022_SENADO,2022,SENADO,41799,MOVIMIENTO GENTE NUEVA,3
c2022_SENADO,2022,SENADO,41799,MOVIMIENTO NACIONAL SECTOR ORGANIZADO DE LA SALUD SOS COLOMBIA,3
c2022_SENADO,2022,SENADO,41799,MOVIMIENTO UNITARIO METAPOLITICO,2
c2022_SENADO,2022,SENADO,41799,PACTO HISTÓRICO,404
c2022_SENADO,2022,SENADO,41799,PARTIDO CAMBIO RADICAL,1414
c2022_SENADO,2022,SENADO,41799,PARTIDO CENTRO DEMOCRÁTICO,203
c2022_SENADO,2022,SENADO,41799,PARTIDO COMUNES,1
c2022_SENADO,2022,SENADO,41799,PARTIDO CONSERVADOR COLOMBIANO,257
c2022_SENADO,2022,SENADO,41799,"PARTIDO DE LA UNIÓN POR LA GENTE ""PARTIDO DE LA U""",186
c2022_SENADO,2022,SENADO,41799,PARTIDO LIBERAL COLOMBIANO,308
c2022_SENADO,2022,SENADO,41799,PARTIDO NUEVO LIBERALISMO,40
c2022_SENADO,2022,SENADO,41799,__BLANCO__,205
c2022_SENADO,2022,SENADO,41799,__NO_MARCADOS__,205
c2022_SENADO,2022,SENADO,41799,__NULOS__,171
c2022_SENADO,2022,SENADO,41801,COALICIÓN ALIANZA VERDE Y CENTRO ESPERANZA,536
c2022_SENADO,2022,SENADO,41801,COALICIÓN MIRA -  COLOMBIA JUSTA LIBRES,123
c2022_SENADO,2022,SENADO,41801,ESTAMOS LISTAS COLOMBIA,1
c2022_SENADO,2022,SENADO,41801,FUERZA CIUDADANA LA FUERZA DEL CAMBIO,22
c2022_SENADO,2022,SENADO,41801,MOVIMIENTO DE SALVACIÓN NACIONAL,4
c2022_SENADO,2022,SENADO,41801,MOVIMIENTO GENTE NUEVA,3
c2022_SENADO,2022,SENADO,41801,MOVIMIENTO NACIONAL SECTOR ORGANIZADO DE LA SALUD SOS COLOMBIA,1
c2022_SENADO,2022,SENADO,41801,PACTO HISTÓRICO,186
c2022_SENADO,2022,SENADO,41801,PARTIDO CAMBIO RADICAL,750
c2022_SENADO,2022,SENADO,41801,PARTIDO CENTRO DEMOCRÁTICO,321
c2022_SENADO,2022,SENADO,41801,PARTIDO CONSERVADOR COLOMBIANO,671
c2022_SENADO,2022,SENADO,41801,"PARTIDO DE LA UNIÓN POR LA GENTE ""PARTIDO DE LA U""",57
c2022_SENADO,2022,SENADO,41801,PARTIDO LIBERAL COLOMBIANO,197
c2022_SENADO,2022,SENADO,41801,PARTIDO NUEVO LIBERALISMO,21
c2022_SENADO,2022,SENADO,41801,__BLANCO__,203
c2022_SENADO,2022,SENADO,41801,__NO_MARCADOS__,170
c2022_SENADO,2022,SENADO,41801,__NULOS__,138
c2022_SENADO,2022,SENADO,41807,COALICIÓN ALIANZA VERDE Y CENTRO ESPERANZA,206
c2022_SENADO,2022,SENADO,41807,COALICIÓN MIRA -  COLOMBIA JUSTA LIBRES,186
c2022_SENADO,2022,SENADO,41807,ESTAMOS LISTAS COLOMBIA,9
c2022_SENADO,2022,SENADO,41807,FUERZA CIUDADANA LA FUERZA DEL CAMBIO,40
c2022_SENADO,2022,SENADO,41807,MOVIMIENTO DE SALVACIÓN NACIONAL,53
c2022_SENADO,2022,SENADO,41807,MOVIMIENTO GENTE NUEVA,10
c2022_SENADO,2022,SENADO,41807,MOVIMIENTO NACIONAL SECTOR ORGANIZADO DE LA SALUD SOS COLOMBIA,12
c2022_SENADO,2022,SENADO,41807,MOVIMIENTO UNITARIO METAPOLITICO,1
c2022_SENADO,2022,SENADO,41807,PACTO HISTÓRICO,497
c2022_SENADO,2022,SENADO,41807,PARTIDO CAMBIO RADICAL,1742
c2022_SENADO,2022,SENADO,41807,PARTIDO CENTRO DEMOCRÁTICO,1356
c2022_SENADO,2022,SENADO,41807,PARTIDO COMUNES,12
c2022_SENADO,2022,SENADO,41807,PARTIDO CONSERVADOR COLOMBIANO,789
c2022_SENADO,2022,SENADO,41807,"PARTIDO DE LA UNIÓN POR LA GENTE ""PARTIDO DE LA U""",326
c2022_SENADO,2022,SENADO,41807,PARTIDO LIBERAL COLOMBIANO,485
c2022_SENADO,2022,SENADO,41807,PARTIDO NUEVO LIBERALISMO,63
c2022_SENADO,2022,SENADO,41807,__BLANCO__,633
c2022_SENADO,2022,SENADO,41807,__NO_MARCADOS__,342
c2022_SENADO,2022,SENADO,41807,__NULOS__,340
c2022_SENADO,2022,SENADO,41872,COALICIÓN ALIANZA VERDE Y CENTRO ESPERANZA,103
c2022_SENADO,2022,SENADO,41872,COALICIÓN MIRA -  COLOMBIA JUSTA LIBRES,27
c2022_SENADO,2022,SENADO,41872,ESTAMOS LISTAS COLOMBIA,1
c2022_SENADO,2022,SENADO,41872,FUERZA CIUDADANA LA FUERZA DEL CAMBIO,26
c2022_SENADO,2022,SENADO,41872,MOVIMIENTO GENTE NUEVA,2
c2022_SENADO,2022,SENADO,41872,MOVIMIENTO NACIONAL SECTOR ORGANIZADO DE LA SALUD SOS COLOMBIA,1
c2022_SENADO,2022,SENADO,41872,MOVIMIENTO UNITARIO METAPOLITICO,1
c2022_SENADO,2022,SENADO,41872,PACTO HISTÓRICO,335
c2022_SENADO,2022,SENADO,41872,PARTIDO CAMBIO RADICAL,1082
c2022_SENADO,2022,SENADO,41872,PARTIDO CENTRO DEMOCRÁTICO,321
c2022_SENADO,2022,SENADO,41872,PARTIDO COMUNES,5
c2022_SENADO,2022,SENADO,41872,PARTIDO CONSERVADOR COLOMBIANO,612
c2022_SENADO,2022,SENADO,41872,"PARTIDO DE LA UNIÓN POR LA GENTE ""PARTIDO DE LA U""",149
c2022_SENADO,2022,SENADO,41872,PARTIDO LIBERAL COLOMBIANO,391
c2022_SENADO,2022,SENADO,41872,PARTIDO NUEVO LIBERALISMO,16
c2022_SENADO,2022,SENADO,41872,__BLANCO__,149
c2022_SENADO,2022,SENADO,41872,__NO_MARCADOS__,154
c2022_SENADO,2022,SENADO,41872,__NULOS__,154
c2022_SENADO,2022,SENADO,41885,COALICIÓN ALIANZA VERDE Y CENTRO ESPERANZA,192
c2022_SENADO,2022,SENADO,41885,COALICIÓN MIRA -  COLOMBIA JUSTA LIBRES,41
c2022_SENADO,2022,SENADO,41885,ESTAMOS LISTAS COLOMBIA,3
c2022_SENADO,2022,SENADO,41885,FUERZA CIUDADANA LA FUERZA DEL CAMBIO,35
c2022_SENADO,2022,SENADO,41885,MOVIMIENTO DE SALVACIÓN NACIONAL,2
c2022_SENADO,2022,SENADO,41885,MOVIMIENTO GENTE NUEVA,22
c2022_SENADO,2022,SENADO,41885,MOVIMIENTO NACIONAL SECTOR ORGANIZADO DE LA SALUD SOS COLOMBIA,2
c2022_SENADO,2022,SENADO,41885,PACTO HISTÓRICO,437
c2022_SENADO,2022,SENADO,41885,PARTIDO CAMBIO RADICAL,1540
c2022_SENADO,2022,SENADO,41885,PARTIDO CENTRO DEMOCRÁTICO,264
c2022_SENADO,2022,SENADO,41885,PARTIDO COMUNES,3
c2022_SENADO,2022,SENADO,41885,PARTIDO CONSERVADOR COLOMBIANO,429
c2022_SENADO,2022,SENADO,41885,"PARTIDO DE LA UNIÓN POR LA GENTE ""PARTIDO DE LA U""",145
c2022_SENADO,2022,SENADO,41885,PARTIDO LIBERAL COLOMBIANO,173
c2022_SENADO,2022,SENADO,41885,PARTIDO NUEVO LIBERALISMO,37
c2022_SENADO,2022,SENADO,41885,__BLANCO__,253
c2022_SENADO,2022,SENADO,41885,__NO_MARCADOS__,107
c2022_SENADO,2022,SENADO,41885,__NULOS__,135
p2022_1v,2022,PRESIDENTE 1V,41001,ENRIQUE GÓMEZ MARTÍNEZ|PARTIDO MOVIMIENTO DE SALVACION NACIONAL,308
p2022_1v,2022,PRESIDENTE 1V,41001,FEDERICO GUTIÉRREZ|COALICION EQUIPO POR COLOMBIA,36642
p2022_1v,2022,PRESIDENTE 1V,41001,GUSTAVO PETRO|COALICION PACTO HISTÓRICO,68729
p2022_1v,2022,PRESIDENTE 1V,41001,INGRID BETANCOURT|PARTIDO VERDE OXIGENO,71
p2022_1v,2022,PRESIDENTE 1V,41001,JOHN MILTON RODRÍGUEZ|COLOMBIA JUSTA LIBRES,2586
p2022_1v,2022,PRESIDENTE 1V,41001,LUIS PÉREZ|COLOMBIA PIENSA EN GRANDE,59
p2022_1v,2022,PRESIDENTE 1V,41001,RODOLFO HERNÁNDEZ|LIGA DE GOBERNANTES ANTICORRUPCION,56352
p2022_1v,2022,PRESIDENTE 1V,41001,SERGIO FAJARDO|COALICION CENTRO ESPERANZA,4560
p2022_1v,2022,PRESIDENTE 1V,41001,__BLANCO__,2686
p2022_1v,2022,PRESIDENTE 1V,41001,__NO_MARCADOS__,109
p2022_1v,2022,PRESIDENTE 1V,41001,__NULOS__,1812
p2022_1v,2022,PRESIDENTE 1V,41006,ENRIQUE GÓMEZ MARTÍNEZ|PARTIDO MOVIMIENTO DE SALVACION NACIONAL,20
p2022_1v,2022,PRESIDENTE 1V,41006,FEDERICO GUTIÉRREZ|COALICION EQUIPO POR COLOMBIA,1551
p2022_1v,2022,PRESIDENTE 1V,41006,GUSTAVO PETRO|COALICION PACTO HISTÓRICO,1686
p2022_1v,2022,PRESIDENTE 1V,41006,INGRID BETANCOURT|PARTIDO VERDE OXIGENO,8
p2022_1v,2022,PRESIDENTE 1V,41006,JOHN MILTON RODRÍGUEZ|COLOMBIA JUSTA LIBRES,153
p2022_1v,2022,PRESIDENTE 1V,41006,LUIS PÉREZ|COLOMBIA PIENSA EN GRANDE,2
p2022_1v,2022,PRESIDENTE 1V,41006,RODOLFO HERNÁNDEZ|LIGA DE GOBERNANTES ANTICORRUPCION,7908
p2022_1v,2022,PRESIDENTE 1V,41006,SERGIO FAJARDO|COALICION CENTRO ESPERANZA,106
p2022_1v,2022,PRESIDENTE 1V,41006,__BLANCO__,107
p2022_1v,2022,PRESIDENTE 1V,41006,__NO_MARCADOS__,12
p2022_1v,2022,PRESIDENTE 1V,41006,__NULOS__,82
p2022_1v,2022,PRESIDENTE 1V,41013,ENRIQUE GÓMEZ MARTÍNEZ|PARTIDO MOVIMIENTO DE SALVACION NACIONAL,6
p2022_1v,2022,PRESIDENTE 1V,41013,FEDERICO GUTIÉRREZ|COALICION EQUIPO POR COLOMBIA,1139
p2022_1v,2022,PRESIDENTE 1V,41013,GUSTAVO PETRO|COALICION PACTO HISTÓRICO,998
p2022_1v,2022,PRESIDENTE 1V,41013,INGRID BETANCOURT|PARTIDO VERDE OXIGENO,1
p2022_1v,2022,PRESIDENTE 1V,41013,JOHN MILTON RODRÍGUEZ|COLOMBIA JUSTA LIBRES,88
p2022_1v,2022,PRESIDENTE 1V,41013,LUIS PÉREZ|COLOMBIA PIENSA EN GRANDE,1
p2022_1v,2022,PRESIDENTE 1V,41013,RODOLFO HERNÁNDEZ|LIGA DE GOBERNANTES ANTICORRUPCION,2229
p2022_1v,2022,PRESIDENTE 1V,41013,SERGIO FAJARDO|COALICION CENTRO ESPERANZA,52
p2022_1v,2022,PRESIDENTE 1V,41013,__BLANCO__,56
p2022_1v,2022,PRESIDENTE 1V,41013,__NO_MARCADOS__,4
p2022_1v,2022,PRESIDENTE 1V,41013,__NULOS__,34
p2022_1v,2022,PRESIDENTE 1V,41016,ENRIQUE GÓMEZ MARTÍNEZ|PARTIDO MOVIMIENTO DE SALVACION NACIONAL,8
p2022_1v,2022,PRESIDENTE 1V,41016,FEDERICO GUTIÉRREZ|COALICION EQUIPO POR COLOMBIA,1595
p2022_1v,2022,PRESIDENTE 1V,41016,GUSTAVO PETRO|COALICION PACTO HISTÓRICO,2326
p2022_1v,2022,PRESIDENTE 1V,41016,INGRID BETANCOURT|PARTIDO VERDE OXIGENO,6
p2022_1v,2022,PRESIDENTE 1V,41016,JOHN MILTON RODRÍGUEZ|COLOMBIA JUSTA LIBRES,64
p2022_1v,2022,PRESIDENTE 1V,41016,LUIS PÉREZ|COLOMBIA PIENSA EN GRANDE,2
p2022_1v,2022,PRESIDENTE 1V,41016,RODOLFO HERNÁNDEZ|LIGA DE GOBERNANTES ANTICORRUPCION,4603
p2022_1v,2022,PRESIDENTE 1V,41016,SERGIO FAJARDO|COALICION CENTRO ESPERANZA,141
p2022_1v,2022,PRESIDENTE 1V,41016,__BLANCO__,85
p2022_1v,2022,PRESIDENTE 1V,41016,__NO_MARCADOS__,10
p2022_1v,2022,PRESIDENTE 1V,41016,__NULOS__,74
p2022_1v,2022,PRESIDENTE 1V,41020,ENRIQUE GÓMEZ MARTÍNEZ|PARTIDO MOVIMIENTO DE SALVACION NACIONAL,13
p2022_1v,2022,PRESIDENTE 1V,41020,FEDERICO GUTIÉRREZ|COALICION EQUIPO POR COLOMBIA,1062
p2022_1v,2022,PRESIDENTE 1V,41020,GUSTAVO PETRO|COALICION PACTO HISTÓRICO,2738
p2022_1v,2022,PRESIDENTE 1V,41020,INGRID BETANCOURT|PARTIDO VERDE OXIGENO,9
p2022_1v,2022,PRESIDENTE 1V,41020,JOHN MILTON RODRÍGUEZ|COLOMBIA JUSTA LIBRES,411
p2022_1v,2022,PRESIDENTE 1V,41020,LUIS PÉREZ|COLOMBIA PIENSA EN GRANDE,2
p2022_1v,2022,PRESIDENTE 1V,41020,RODOLFO HERNÁNDEZ|LIGA DE GOBERNANTES ANTICORRUPCION,3725
p2022_1v,2022,PRESIDENTE 1V,41020,SERGIO FAJARDO|COALICION CENTRO ESPERANZA,114
p2022_1v,2022,PRESIDENTE 1V,41020,__BLANCO__,117
p2022_1v,2022,PRESIDENTE 1V,41020,__NO_MARCADOS__,23
p2022_1v,2022,PRESIDENTE 1V,41020,__NULOS__,112
p2022_1v,2022,PRESIDENTE 1V,41026,ENRIQUE GÓMEZ MARTÍNEZ|PARTIDO MOVIMIENTO DE SALVACION NACIONAL,3
p2022_1v,2022,PRESIDENTE 1V,41026,FEDERICO GUTIÉRREZ|COALICION EQUIPO POR COLOMBIA,305
p2022_1v,2022,PRESIDENTE 1V,41026,GUSTAVO PETRO|COALICION PACTO HISTÓRICO,767
p2022_1v,2022,PRESIDENTE 1V,41026,INGRID BETANCOURT|PARTIDO VERDE OXIGENO,1
p2022_1v,2022,PRESIDENTE 1V,41026,JOHN MILTON RODRÍGUEZ|COLOMBIA JUSTA LIBRES,17
p2022_1v,2022,PRESIDENTE 1V,41026,RODOLFO HERNÁNDEZ|LIGA DE GOBERNANTES ANTICORRUPCION,737
p2022_1v,2022,PRESIDENTE 1V,41026,SERGIO FAJARDO|COALICION CENTRO ESPERANZA,30
p2022_1v,2022,PRESIDENTE 1V,41026,__BLANCO__,32
p2022_1v,2022,PRESIDENTE 1V,41026,__NO_MARCADOS__,6
p2022_1v,2022,PRESIDENTE 1V,41026,__NULOS__,11
p2022_1v,2022,PRESIDENTE 1V,41078,ENRIQUE GÓMEZ MARTÍNEZ|PARTIDO MOVIMIENTO DE SALVACION NACIONAL,6
p2022_1v,2022,PRESIDENTE 1V,41078,FEDERICO GUTIÉRREZ|COALICION EQUIPO POR COLOMBIA,859
p2022_1v,2022,PRESIDENTE 1V,41078,GUSTAVO PETRO|COALICION PACTO HISTÓRICO,922
p2022_1v,2022,PRESIDENTE 1V,41078,JOHN MILTON RODRÍGUEZ|COLOMBIA JUSTA LIBRES,28
p2022_1v,2022,PRESIDENTE 1V,41078,RODOLFO HERNÁNDEZ|LIGA DE GOBERNANTES ANTICORRUPCION,1178
p2022_1v,2022,PRESIDENTE 1V,41078,SERGIO FAJARDO|COALICION CENTRO ESPERANZA,55
p2022_1v,2022,PRESIDENTE 1V,41078,__BLANCO__,35
p2022_1v,2022,PRESIDENTE 1V,41078,__NO_MARCADOS__,6
p2022_1v,2022,PRESIDENTE 1V,41078,__NULOS__,34
p2022_1v,2022,PRESIDENTE 1V,41132,ENRIQUE GÓMEZ MARTÍNEZ|PARTIDO MOVIMIENTO DE SALVACION NACIONAL,26
p2022_1v,2022,PRESIDENTE 1V,41132,FEDERICO GUTIÉRREZ|COALICION EQUIPO POR COLOMBIA,2108
p2022_1v,2022,PRESIDENTE 1V,41132,GUSTAVO PETRO|COALICION PACTO HISTÓRICO,4741
p2022_1v,2022,PRESIDENTE 1V,41132,INGRID BETANCOURT|PARTIDO VERDE OXIGENO,6
p2022_1v,2022,PRESIDENTE 1V,41132,JOHN MILTON RODRÍGUEZ|COLOMBIA JUSTA LIBRES,216
p2022_1v,2022,PRESIDENTE 1V,41132,LUIS PÉREZ|COLOMBIA PIENSA EN GRANDE,4
p2022_1v,2022,PRESIDENTE 1V,41132,RODOLFO HERNÁNDEZ|LIGA DE GOBERNANTES ANTICORRUPCION,6724
p2022_1v,2022,PRESIDENTE 1V,41132,SERGIO FAJARDO|COALICION CENTRO ESPERANZA,180
p2022_1v,2022,PRESIDENTE 1V,41132,__BLANCO__,228
p2022_1v,2022,PRESIDENTE 1V,41132,__NO_MARCADOS__,19
p2022_1v,2022,PRESIDENTE 1V,41132,__NULOS__,288
p2022_1v,2022,PRESIDENTE 1V,41206,ENRIQUE GÓMEZ MARTÍNEZ|PARTIDO MOVIMIENTO DE SALVACION NACIONAL,8
p2022_1v,2022,PRESIDENTE 1V,41206,FEDERICO GUTIÉRREZ|COALICION EQUIPO POR COLOMBIA,733
p2022_1v,2022,PRESIDENTE 1V,41206,GUSTAVO PETRO|COALICION PACTO HISTÓRICO,549
p2022_1v,2022,PRESIDENTE 1V,41206,INGRID BETANCOURT|PARTIDO VERDE OXIGENO,1
p2022_1v,2022,PRESIDENTE 1V,41206,JOHN MILTON RODRÍGUEZ|COLOMBIA JUSTA LIBRES,14
p2022_1v,2022,PRESIDENTE 1V,41206,LUIS PÉREZ|COLOMBIA PIENSA EN GRANDE,2
p2022_1v,2022,PRESIDENTE 1V,41206,RODOLFO HERNÁNDEZ|LIGA DE GOBERNANTES ANTICORRUPCION,2048
p2022_1v,2022,PRESIDENTE 1V,41206,SERGIO FAJARDO|COALICION CENTRO ESPERANZA,44
p2022_1v,2022,PRESIDENTE 1V,41206,__BLANCO__,24
p2022_1v,2022,PRESIDENTE 1V,41206,__NO_MARCADOS__,2
p2022_1v,2022,PRESIDENTE 1V,41206,__NULOS__,31
p2022_1v,2022,PRESIDENTE 1V,41244,ENRIQUE GÓMEZ MARTÍNEZ|PARTIDO MOVIMIENTO DE SALVACION NACIONAL,4
p2022_1v,2022,PRESIDENTE 1V,41244,FEDERICO GUTIÉRREZ|COALICION EQUIPO POR COLOMBIA,281
p2022_1v,2022,PRESIDENTE 1V,41244,GUSTAVO PETRO|COALICION PACTO HISTÓRICO,459
p2022_1v,2022,PRESIDENTE 1V,41244,INGRID BETANCOURT|PARTIDO VERDE OXIGENO,1
p2022_1v,2022,PRESIDENTE 1V,41244,JOHN MILTON RODRÍGUEZ|COLOMBIA JUSTA LIBRES,14
p2022_1v,2022,PRESIDENTE 1V,41244,RODOLFO HERNÁNDEZ|LIGA DE GOBERNANTES ANTICORRUPCION,1273
p2022_1v,2022,PRESIDENTE 1V,41244,SERGIO FAJARDO|COALICION CENTRO ESPERANZA,29
p2022_1v,2022,PRESIDENTE 1V,41244,__BLANCO__,23
p2022_1v,2022,PRESIDENTE 1V,41244,__NO_MARCADOS__,2
p2022_1v,2022,PRESIDENTE 1V,41244,__NULOS__,17
p2022_1v,2022,PRESIDENTE 1V,41298,ENRIQUE GÓMEZ MARTÍNEZ|PARTIDO MOVIMIENTO DE SALVACION NACIONAL,66
p2022_1v,2022,PRESIDENTE 1V,41298,FEDERICO GUTIÉRREZ|COALICION EQUIPO POR COLOMBIA,5301
p2022_1v,2022,PRESIDENTE 1V,41298,GUSTAVO PETRO|COALICION PACTO HISTÓRICO,8534
p2022_1v,2022,PRESIDENTE 1V,41298,INGRID BETANCOURT|PARTIDO VERDE OXIGENO,21
p2022_1v,2022,PRESIDENTE 1V,41298,JOHN MILTON RODRÍGUEZ|COLOMBIA JUSTA LIBRES,511
p2022_1v,2022,PRESIDENTE 1V,41298,LUIS PÉREZ|COLOMBIA PIENSA EN GRANDE,12
p2022_1v,2022,PRESIDENTE 1V,41298,RODOLFO HERNÁNDEZ|LIGA DE GOBERNANTES ANTICORRUPCION,15861
p2022_1v,2022,PRESIDENTE 1V,41298,SERGIO FAJARDO|COALICION CENTRO ESPERANZA,691
p2022_1v,2022,PRESIDENTE 1V,41298,__BLANCO__,472
p2022_1v,2022,PRESIDENTE 1V,41298,__NO_MARCADOS__,46
p2022_1v,2022,PRESIDENTE 1V,41298,__NULOS__,348
p2022_1v,2022,PRESIDENTE 1V,41306,ENRIQUE GÓMEZ MARTÍNEZ|PARTIDO MOVIMIENTO DE SALVACION NACIONAL,16
p2022_1v,2022,PRESIDENTE 1V,41306,FEDERICO GUTIÉRREZ|COALICION EQUIPO POR COLOMBIA,1876
p2022_1v,2022,PRESIDENTE 1V,41306,GUSTAVO PETRO|COALICION PACTO HISTÓRICO,2787
p2022_1v,2022,PRESIDENTE 1V,41306,INGRID BETANCOURT|PARTIDO VERDE OXIGENO,4
p2022_1v,2022,PRESIDENTE 1V,41306,JOHN MILTON RODRÍGUEZ|COLOMBIA JUSTA LIBRES,456
p2022_1v,2022,PRESIDENTE 1V,41306,LUIS PÉREZ|COLOMBIA PIENSA EN GRANDE,4
p2022_1v,2022,PRESIDENTE 1V,41306,RODOLFO HERNÁNDEZ|LIGA DE GOBERNANTES ANTICORRUPCION,5056
p2022_1v,2022,PRESIDENTE 1V,41306,SERGIO FAJARDO|COALICION CENTRO ESPERANZA,157
p2022_1v,2022,PRESIDENTE 1V,41306,__BLANCO__,170
p2022_1v,2022,PRESIDENTE 1V,41306,__NO_MARCADOS__,14
p2022_1v,2022,PRESIDENTE 1V,41306,__NULOS__,136
p2022_1v,2022,PRESIDENTE 1V,41319,ENRIQUE GÓMEZ MARTÍNEZ|PARTIDO MOVIMIENTO DE SALVACION NACIONAL,8
p2022_1v,2022,PRESIDENTE 1V,41319,FEDERICO GUTIÉRREZ|COALICION EQUIPO POR COLOMBIA,826
p2022_1v,2022,PRESIDENTE 1V,41319,GUSTAVO PETRO|COALICION PACTO HISTÓRICO,1988
p2022_1v,2022,PRESIDENTE 1V,41319,INGRID BETANCOURT|PARTIDO VERDE OXIGENO,5
p2022_1v,2022,PRESIDENTE 1V,41319,JOHN MILTON RODRÍGUEZ|COLOMBIA JUSTA LIBRES,50
p2022_1v,2022,PRESIDENTE 1V,41319,LUIS PÉREZ|COLOMBIA PIENSA EN GRANDE,3
p2022_1v,2022,PRESIDENTE 1V,41319,RODOLFO HERNÁNDEZ|LIGA DE GOBERNANTES ANTICORRUPCION,4327
p2022_1v,2022,PRESIDENTE 1V,41319,SERGIO FAJARDO|COALICION CENTRO ESPERANZA,104
p2022_1v,2022,PRESIDENTE 1V,41319,__BLANCO__,100
p2022_1v,2022,PRESIDENTE 1V,41319,__NO_MARCADOS__,12
p2022_1v,2022,PRESIDENTE 1V,41319,__NULOS__,96
p2022_1v,2022,PRESIDENTE 1V,41349,ENRIQUE GÓMEZ MARTÍNEZ|PARTIDO MOVIMIENTO DE SALVACION NACIONAL,1
p2022_1v,2022,PRESIDENTE 1V,41349,FEDERICO GUTIÉRREZ|COALICION EQUIPO POR COLOMBIA,385
p2022_1v,2022,PRESIDENTE 1V,41349,GUSTAVO PETRO|COALICION PACTO HISTÓRICO,983
p2022_1v,2022,PRESIDENTE 1V,41349,JOHN MILTON RODRÍGUEZ|COLOMBIA JUSTA LIBRES,90
p2022_1v,2022,PRESIDENTE 1V,41349,RODOLFO HERNÁNDEZ|LIGA DE GOBERNANTES ANTICORRUPCION,1826
p2022_1v,2022,PRESIDENTE 1V,41349,SERGIO FAJARDO|COALICION CENTRO ESPERANZA,24
p2022_1v,2022,PRESIDENTE 1V,41349,__BLANCO__,36
p2022_1v,2022,PRESIDENTE 1V,41349,__NO_MARCADOS__,4
p2022_1v,2022,PRESIDENTE 1V,41349,__NULOS__,36
p2022_1v,2022,PRESIDENTE 1V,41357,ENRIQUE GÓMEZ MARTÍNEZ|PARTIDO MOVIMIENTO DE SALVACION NACIONAL,12
p2022_1v,2022,PRESIDENTE 1V,41357,FEDERICO GUTIÉRREZ|COALICION EQUIPO POR COLOMBIA,857
p2022_1v,2022,PRESIDENTE 1V,41357,GUSTAVO PETRO|COALICION PACTO HISTÓRICO,1584
p2022_1v,2022,PRESIDENTE 1V,41357,INGRID BETANCOURT|PARTIDO VERDE OXIGENO,3
p2022_1v,2022,PRESIDENTE 1V,41357,JOHN MILTON RODRÍGUEZ|COLOMBIA JUSTA LIBRES,47
p2022_1v,2022,PRESIDENTE 1V,41357,LUIS PÉREZ|COLOMBIA PIENSA EN GRANDE,1
p2022_1v,2022,PRESIDENTE 1V,41357,RODOLFO HERNÁNDEZ|LIGA DE GOBERNANTES ANTICORRUPCION,1518
p2022_1v,2022,PRESIDENTE 1V,41357,SERGIO FAJARDO|COALICION CENTRO ESPERANZA,91
p2022_1v,2022,PRESIDENTE 1V,41357,__BLANCO__,52
p2022_1v,2022,PRESIDENTE 1V,41357,__NO_MARCADOS__,10
p2022_1v,2022,PRESIDENTE 1V,41357,__NULOS__,54
p2022_1v,2022,PRESIDENTE 1V,41359,ENRIQUE GÓMEZ MARTÍNEZ|PARTIDO MOVIMIENTO DE SALVACION NACIONAL,17
p2022_1v,2022,PRESIDENTE 1V,41359,FEDERICO GUTIÉRREZ|COALICION EQUIPO POR COLOMBIA,720
p2022_1v,2022,PRESIDENTE 1V,41359,GUSTAVO PETRO|COALICION PACTO HISTÓRICO,4478
p2022_1v,2022,PRESIDENTE 1V,41359,INGRID BETANCOURT|PARTIDO VERDE OXIGENO,9
p2022_1v,2022,PRESIDENTE 1V,41359,JOHN MILTON RODRÍGUEZ|COLOMBIA JUSTA LIBRES,77
p2022_1v,2022,PRESIDENTE 1V,41359,LUIS PÉREZ|COLOMBIA PIENSA EN GRANDE,2
p2022_1v,2022,PRESIDENTE 1V,41359,RODOLFO HERNÁNDEZ|LIGA DE GOBERNANTES ANTICORRUPCION,6795
p2022_1v,2022,PRESIDENTE 1V,41359,SERGIO FAJARDO|COALICION CENTRO ESPERANZA,131
p2022_1v,2022,PRESIDENTE 1V,41359,__BLANCO__,195
p2022_1v,2022,PRESIDENTE 1V,41359,__NO_MARCADOS__,24
p2022_1v,2022,PRESIDENTE 1V,41359,__NULOS__,149
p2022_1v,2022,PRESIDENTE 1V,41378,ENRIQUE GÓMEZ MARTÍNEZ|PARTIDO MOVIMIENTO DE SALVACION NACIONAL,3
p2022_1v,2022,PRESIDENTE 1V,41378,FEDERICO GUTIÉRREZ|COALICION EQUIPO POR COLOMBIA,989
p2022_1v,2022,PRESIDENTE 1V,41378,GUSTAVO PETRO|COALICION PACTO HISTÓRICO,2268
p2022_1v,2022,PRESIDENTE 1V,41378,INGRID BETANCOURT|PARTIDO VERDE OXIGENO,1
p2022_1v,2022,PRESIDENTE 1V,41378,JOHN MILTON RODRÍGUEZ|COLOMBIA JUSTA LIBRES,21
p2022_1v,2022,PRESIDENTE 1V,41378,RODOLFO HERNÁNDEZ|LIGA DE GOBERNANTES ANTICORRUPCION,2580
p2022_1v,2022,PRESIDENTE 1V,41378,SERGIO FAJARDO|COALICION CENTRO ESPERANZA,56
p2022_1v,2022,PRESIDENTE 1V,41378,__BLANCO__,177
p2022_1v,2022,PRESIDENTE 1V,41378,__NO_MARCADOS__,21
p2022_1v,2022,PRESIDENTE 1V,41378,__NULOS__,77
p2022_1v,2022,PRESIDENTE 1V,41396,ENRIQUE GÓMEZ MARTÍNEZ|PARTIDO MOVIMIENTO DE SALVACION NACIONAL,33
p2022_1v,2022,PRESIDENTE 1V,41396,FEDERICO GUTIÉRREZ|COALICION EQUIPO POR COLOMBIA,4182
p2022_1v,2022,PRESIDENTE 1V,41396,GUSTAVO PETRO|COALICION PACTO HISTÓRICO,7025
p2022_1v,2022,PRESIDENTE 1V,41396,INGRID BETANCOURT|PARTIDO VERDE OXIGENO,9
p2022_1v,2022,PRESIDENTE 1V,41396,JOHN MILTON RODRÍGUEZ|COLOMBIA JUSTA LIBRES,183
p2022_1v,2022,PRESIDENTE 1V,41396,LUIS PÉREZ|COLOMBIA PIENSA EN GRANDE,7
p2022_1v,2022,PRESIDENTE 1V,41396,RODOLFO HERNÁNDEZ|LIGA DE GOBERNANTES ANTICORRUPCION,10615
p2022_1v,2022,PRESIDENTE 1V,41396,SERGIO FAJARDO|COALICION CENTRO ESPERANZA,402
p2022_1v,2022,PRESIDENTE 1V,41396,__BLANCO__,384
p2022_1v,2022,PRESIDENTE 1V,41396,__NO_MARCADOS__,46
p2022_1v,2022,PRESIDENTE 1V,41396,__NULOS__,285
p2022_1v,2022,PRESIDENTE 1V,41483,FEDERICO GUTIÉRREZ|COALICION EQUIPO POR COLOMBIA,633
p2022_1v,2022,PRESIDENTE 1V,41483,GUSTAVO PETRO|COALICION PACTO HISTÓRICO,765
p2022_1v,2022,PRESIDENTE 1V,41483,INGRID BETANCOURT|PARTIDO VERDE OXIGENO,3
p2022_1v,2022,PRESIDENTE 1V,41483,JOHN MILTON RODRÍGUEZ|COLOMBIA JUSTA LIBRES,9
p2022_1v,2022,PRESIDENTE 1V,41483,RODOLFO HERNÁNDEZ|LIGA DE GOBERNANTES ANTICORRUPCION,1101
p2022_1v,2022,PRESIDENTE 1V,41483,SERGIO FAJARDO|COALICION CENTRO ESPERANZA,40
p2022_1v,2022,PRESIDENTE 1V,41483,__BLANCO__,50
p2022_1v,2022,PRESIDENTE 1V,41483,__NO_MARCADOS__,6
p2022_1v,2022,PRESIDENTE 1V,41483,__NULOS__,39
p2022_1v,2022,PRESIDENTE 1V,41503,ENRIQUE GÓMEZ MARTÍNEZ|PARTIDO MOVIMIENTO DE SALVACION NACIONAL,12
p2022_1v,2022,PRESIDENTE 1V,41503,FEDERICO GUTIÉRREZ|COALICION EQUIPO POR COLOMBIA,806
p2022_1v,2022,PRESIDENTE 1V,41503,GUSTAVO PETRO|COALICION PACTO HISTÓRICO,667
p2022_1v,2022,PRESIDENTE 1V,41503,INGRID BETANCOURT|PARTIDO VERDE OXIGENO,5
p2022_1v,2022,PRESIDENTE 1V,41503,JOHN MILTON RODRÍGUEZ|COLOMBIA JUSTA LIBRES,12
p2022_1v,2022,PRESIDENTE 1V,41503,LUIS PÉREZ|COLOMBIA PIENSA EN GRANDE,2
p2022_1v,2022,PRESIDENTE 1V,41503,RODOLFO HERNÁNDEZ|LIGA DE GOBERNANTES ANTICORRUPCION,3378
p2022_1v,2022,PRESIDENTE 1V,41503,SERGIO FAJARDO|COALICION CENTRO ESPERANZA,72
p2022_1v,2022,PRESIDENTE 1V,41503,__BLANCO__,50
p2022_1v,2022,PRESIDENTE 1V,41503,__NO_MARCADOS__,4
p2022_1v,2022,PRESIDENTE 1V,41503,__NULOS__,41
p2022_1v,2022,PRESIDENTE 1V,41518,ENRIQUE GÓMEZ MARTÍNEZ|PARTIDO MOVIMIENTO DE SALVACION NACIONAL,2
p2022_1v,2022,PRESIDENTE 1V,41518,FEDERICO GUTIÉRREZ|COALICION EQUIPO POR COLOMBIA,693
p2022_1v,2022,PRESIDENTE 1V,41518,GUSTAVO PETRO|COALICION PACTO HISTÓRICO,559
p2022_1v,2022,PRESIDENTE 1V,41518,JOHN MILTON RODRÍGUEZ|COLOMBIA JUSTA LIBRES,11
p2022_1v,2022,PRESIDENTE 1V,41518,RODOLFO HERNÁNDEZ|LIGA DE GOBERNANTES ANTICORRUPCION,1887
p2022_1v,2022,PRESIDENTE 1V,41518,SERGIO FAJARDO|COALICION CENTRO ESPERANZA,58
p2022_1v,2022,PRESIDENTE 1V,41518,__BLANCO__,36
p2022_1v,2022,PRESIDENTE 1V,41518,__NO_MARCADOS__,1
p2022_1v,2022,PRESIDENTE 1V,41518,__NULOS__,15
p2022_1v,2022,PRESIDENTE 1V,41524,ENRIQUE GÓMEZ MARTÍNEZ|PARTIDO MOVIMIENTO DE SALVACION NACIONAL,19
p2022_1v,2022,PRESIDENTE 1V,41524,FEDERICO GUTIÉRREZ|COALICION EQUIPO POR COLOMBIA,2168
p2022_1v,2022,PRESIDENTE 1V,41524,GUSTAVO PETRO|COALICION PACTO HISTÓRICO,3401
p2022_1v,2022,PRESIDENTE 1V,41524,INGRID BETANCOURT|PARTIDO VERDE OXIGENO,3
p2022_1v,2022,PRESIDENTE 1V,41524,JOHN MILTON RODRÍGUEZ|COLOMBIA JUSTA LIBRES,92
p2022_1v,2022,PRESIDENTE 1V,41524,LUIS PÉREZ|COLOMBIA PIENSA EN GRANDE,1
p2022_1v,2022,PRESIDENTE 1V,41524,RODOLFO HERNÁNDEZ|LIGA DE GOBERNANTES ANTICORRUPCION,6009
p2022_1v,2022,PRESIDENTE 1V,41524,SERGIO FAJARDO|COALICION CENTRO ESPERANZA,171
p2022_1v,2022,PRESIDENTE 1V,41524,__BLANCO__,137
p2022_1v,2022,PRESIDENTE 1V,41524,__NO_MARCADOS__,8
p2022_1v,2022,PRESIDENTE 1V,41524,__NULOS__,89
p2022_1v,2022,PRESIDENTE 1V,41530,ENRIQUE GÓMEZ MARTÍNEZ|PARTIDO MOVIMIENTO DE SALVACION NACIONAL,9
p2022_1v,2022,PRESIDENTE 1V,41530,FEDERICO GUTIÉRREZ|COALICION EQUIPO POR COLOMBIA,690
p2022_1v,2022,PRESIDENTE 1V,41530,GUSTAVO PETRO|COALICION PACTO HISTÓRICO,1364
p2022_1v,2022,PRESIDENTE 1V,41530,INGRID BETANCOURT|PARTIDO VERDE OXIGENO,6
p2022_1v,2022,PRESIDENTE 1V,41530,JOHN MILTON RODRÍGUEZ|COLOMBIA JUSTA LIBRES,25
p2022_1v,2022,PRESIDENTE 1V,41530,LUIS PÉREZ|COLOMBIA PIENSA EN GRANDE,3
p2022_1v,2022,PRESIDENTE 1V,41530,RODOLFO HERNÁNDEZ|LIGA DE GOBERNANTES ANTICORRUPCION,3137
p2022_1v,2022,PRESIDENTE 1V,41530,SERGIO FAJARDO|COALICION CENTRO ESPERANZA,55
p2022_1v,2022,PRESIDENTE 1V,41530,__BLANCO__,69
p2022_1v,2022,PRESIDENTE 1V,41530,__NO_MARCADOS__,13
p2022_1v,2022,PRESIDENTE 1V,41530,__NULOS__,59
p2022_1v,2022,PRESIDENTE 1V,41548,ENRIQUE GÓMEZ MARTÍNEZ|PARTIDO MOVIMIENTO DE SALVACION NACIONAL,6
p2022_1v,2022,PRESIDENTE 1V,41548,FEDERICO GUTIÉRREZ|COALICION EQUIPO POR COLOMBIA,944
p2022_1v,2022,PRESIDENTE 1V,41548,GUSTAVO PETRO|COALICION PACTO HISTÓRICO,1294
p2022_1v,2022,PRESIDENTE 1V,41548,INGRID BETANCOURT|PARTIDO VERDE OXIGENO,3
p2022_1v,2022,PRESIDENTE 1V,41548,JOHN MILTON RODRÍGUEZ|COLOMBIA JUSTA LIBRES,21
p2022_1v,2022,PRESIDENTE 1V,41548,LUIS PÉREZ|COLOMBIA PIENSA EN GRANDE,2
p2022_1v,2022,PRESIDENTE 1V,41548,RODOLFO HERNÁNDEZ|LIGA DE GOBERNANTES ANTICORRUPCION,3517
p2022_1v,2022,PRESIDENTE 1V,41548,SERGIO FAJARDO|COALICION CENTRO ESPERANZA,68
p2022_1v,2022,PRESIDENTE 1V,41548,__BLANCO__,57
p2022_1v,2022,PRESIDENTE 1V,41548,__NO_MARCADOS__,8
p2022_1v,2022,PRESIDENTE 1V,41548,__NULOS__,22
p2022_1v,2022,PRESIDENTE 1V,41551,ENRIQUE GÓMEZ MARTÍNEZ|PARTIDO MOVIMIENTO DE SALVACION NACIONAL,104
p2022_1v,2022,PRESIDENTE 1V,41551,FEDERICO GUTIÉRREZ|COALICION EQUIPO POR COLOMBIA,7493
p2022_1v,2022,PRESIDENTE 1V,41551,GUSTAVO PETRO|COALICION PACTO HISTÓRICO,19211
p2022_1v,2022,PRESIDENTE 1V,41551,INGRID BETANCOURT|PARTIDO VERDE OXIGENO,35
p2022_1v,2022,PRESIDENTE 1V,41551,JOHN MILTON RODRÍGUEZ|COLOMBIA JUSTA LIBRES,928
p2022_1v,2022,PRESIDENTE 1V,41551,LUIS PÉREZ|COLOMBIA PIENSA EN GRANDE,23
p2022_1v,2022,PRESIDENTE 1V,41551,RODOLFO HERNÁNDEZ|LIGA DE GOBERNANTES ANTICORRUPCION,27133
p2022_1v,2022,PRESIDENTE 1V,41551,SERGIO FAJARDO|COALICION CENTRO ESPERANZA,1009
p2022_1v,2022,PRESIDENTE 1V,41551,__BLANCO__,882
p2022_1v,2022,PRESIDENTE 1V,41551,__NO_MARCADOS__,63
p2022_1v,2022,PRESIDENTE 1V,41551,__NULOS__,580
p2022_1v,2022,PRESIDENTE 1V,41615,ENRIQUE GÓMEZ MARTÍNEZ|PARTIDO MOVIMIENTO DE SALVACION NACIONAL,15
p2022_1v,2022,PRESIDENTE 1V,41615,FEDERICO GUTIÉRREZ|COALICION EQUIPO POR COLOMBIA,1935
p2022_1v,2022,PRESIDENTE 1V,41615,GUSTAVO PETRO|COALICION PACTO HISTÓRICO,3879
p2022_1v,2022,PRESIDENTE 1V,41615,INGRID BETANCOURT|PARTIDO VERDE OXIGENO,4
p2022_1v,2022,PRESIDENTE 1V,41615,JOHN MILTON RODRÍGUEZ|COLOMBIA JUSTA LIBRES,241
p2022_1v,2022,PRESIDENTE 1V,41615,LUIS PÉREZ|COLOMBIA PIENSA EN GRANDE,1
p2022_1v,2022,PRESIDENTE 1V,41615,RODOLFO HERNÁNDEZ|LIGA DE GOBERNANTES ANTICORRUPCION,4213
p2022_1v,2022,PRESIDENTE 1V,41615,SERGIO FAJARDO|COALICION CENTRO ESPERANZA,213
p2022_1v,2022,PRESIDENTE 1V,41615,__BLANCO__,155
p2022_1v,2022,PRESIDENTE 1V,41615,__NO_MARCADOS__,13
p2022_1v,2022,PRESIDENTE 1V,41615,__NULOS__,150
p2022_1v,2022,PRESIDENTE 1V,41660,ENRIQUE GÓMEZ MARTÍNEZ|PARTIDO MOVIMIENTO DE SALVACION NACIONAL,10
p2022_1v,2022,PRESIDENTE 1V,41660,FEDERICO GUTIÉRREZ|COALICION EQUIPO POR COLOMBIA,956
p2022_1v,2022,PRESIDENTE 1V,41660,GUSTAVO PETRO|COALICION PACTO HISTÓRICO,823
p2022_1v,2022,PRESIDENTE 1V,41660,INGRID BETANCOURT|PARTIDO VERDE OXIGENO,2
p2022_1v,2022,PRESIDENTE 1V,41660,JOHN MILTON RODRÍGUEZ|COLOMBIA JUSTA LIBRES,27
p2022_1v,2022,PRESIDENTE 1V,41660,LUIS PÉREZ|COLOMBIA PIENSA EN GRANDE,1
p2022_1v,2022,PRESIDENTE 1V,41660,RODOLFO HERNÁNDEZ|LIGA DE GOBERNANTES ANTICORRUPCION,3726
p2022_1v,2022,PRESIDENTE 1V,41660,SERGIO FAJARDO|COALICION CENTRO ESPERANZA,64
p2022_1v,2022,PRESIDENTE 1V,41660,__BLANCO__,50
p2022_1v,2022,PRESIDENTE 1V,41660,__NO_MARCADOS__,9
p2022_1v,2022,PRESIDENTE 1V,41660,__NULOS__,28
p2022_1v,2022,PRESIDENTE 1V,41668,ENRIQUE GÓMEZ MARTÍNEZ|PARTIDO MOVIMIENTO DE SALVACION NACIONAL,25
p2022_1v,2022,PRESIDENTE 1V,41668,FEDERICO GUTIÉRREZ|COALICION EQUIPO POR COLOMBIA,1473
p2022_1v,2022,PRESIDENTE 1V,41668,GUSTAVO PETRO|COALICION PACTO HISTÓRICO,4597
p2022_1v,2022,PRESIDENTE 1V,41668,INGRID BETANCOURT|PARTIDO VERDE OXIGENO,11
p2022_1v,2022,PRESIDENTE 1V,41668,JOHN MILTON RODRÍGUEZ|COLOMBIA JUSTA LIBRES,186
p2022_1v,2022,PRESIDENTE 1V,41668,LUIS PÉREZ|COLOMBIA PIENSA EN GRANDE,8
p2022_1v,2022,PRESIDENTE 1V,41668,RODOLFO HERNÁNDEZ|LIGA DE GOBERNANTES ANTICORRUPCION,7172
p2022_1v,2022,PRESIDENTE 1V,41668,SERGIO FAJARDO|COALICION CENTRO ESPERANZA,207
p2022_1v,2022,PRESIDENTE 1V,41668,__BLANCO__,289
p2022_1v,2022,PRESIDENTE 1V,41668,__NO_MARCADOS__,25
p2022_1v,2022,PRESIDENTE 1V,41668,__NULOS__,142
p2022_1v,2022,PRESIDENTE 1V,41676,ENRIQUE GÓMEZ MARTÍNEZ|PARTIDO MOVIMIENTO DE SALVACION NACIONAL,9
p2022_1v,2022,PRESIDENTE 1V,41676,FEDERICO GUTIÉRREZ|COALICION EQUIPO POR COLOMBIA,862
p2022_1v,2022,PRESIDENTE 1V,41676,GUSTAVO PETRO|COALICION PACTO HISTÓRICO,856
p2022_1v,2022,PRESIDENTE 1V,41676,INGRID BETANCOURT|PARTIDO VERDE OXIGENO,2
p2022_1v,2022,PRESIDENTE 1V,41676,JOHN MILTON RODRÍGUEZ|COLOMBIA JUSTA LIBRES,23
p2022_1v,2022,PRESIDENTE 1V,41676,LUIS PÉREZ|COLOMBIA PIENSA EN GRANDE,1
p2022_1v,2022,PRESIDENTE 1V,41676,RODOLFO HERNÁNDEZ|LIGA DE GOBERNANTES ANTICORRUPCION,3151
p2022_1v,2022,PRESIDENTE 1V,41676,SERGIO FAJARDO|COALICION CENTRO ESPERANZA,93
p2022_1v,2022,PRESIDENTE 1V,41676,__BLANCO__,49
p2022_1v,2022,PRESIDENTE 1V,41676,__NO_MARCADOS__,5
p2022_1v,2022,PRESIDENTE 1V,41676,__NULOS__,35
p2022_1v,2022,PRESIDENTE 1V,41770,ENRIQUE GÓMEZ MARTÍNEZ|PARTIDO MOVIMIENTO DE SALVACION NACIONAL,9
p2022_1v,2022,PRESIDENTE 1V,41770,FEDERICO GUTIÉRREZ|COALICION EQUIPO POR COLOMBIA,630
p2022_1v,2022,PRESIDENTE 1V,41770,GUSTAVO PETRO|COALICION PACTO HISTÓRICO,2126
p2022_1v,2022,PRESIDENTE 1V,41770,INGRID BETANCOURT|PARTIDO VERDE OXIGENO,3
p2022_1v,2022,PRESIDENTE 1V,41770,JOHN MILTON RODRÍGUEZ|COLOMBIA JUSTA LIBRES,60
p2022_1v,2022,PRESIDENTE 1V,41770,LUIS PÉREZ|COLOMBIA PIENSA EN GRANDE,3
p2022_1v,2022,PRESIDENTE 1V,41770,RODOLFO HERNÁNDEZ|LIGA DE GOBERNANTES ANTICORRUPCION,4903
p2022_1v,2022,PRESIDENTE 1V,41770,SERGIO FAJARDO|COALICION CENTRO ESPERANZA,76
p2022_1v,2022,PRESIDENTE 1V,41770,__BLANCO__,102
p2022_1v,2022,PRESIDENTE 1V,41770,__NO_MARCADOS__,21
p2022_1v,2022,PRESIDENTE 1V,41770,__NULOS__,69
p2022_1v,2022,PRESIDENTE 1V,41791,ENRIQUE GÓMEZ MARTÍNEZ|PARTIDO MOVIMIENTO DE SALVACION NACIONAL,9
p2022_1v,2022,PRESIDENTE 1V,41791,FEDERICO GUTIÉRREZ|COALICION EQUIPO POR COLOMBIA,1160
p2022_1v,2022,PRESIDENTE 1V,41791,GUSTAVO PETRO|COALICION PACTO HISTÓRICO,1751
p2022_1v,2022,PRESIDENTE 1V,41791,INGRID BETANCOURT|PARTIDO VERDE OXIGENO,1
p2022_1v,2022,PRESIDENTE 1V,41791,JOHN MILTON RODRÍGUEZ|COLOMBIA JUSTA LIBRES,23
p2022_1v,2022,PRESIDENTE 1V,41791,LUIS PÉREZ|COLOMBIA PIENSA EN GRANDE,1
p2022_1v,2022,PRESIDENTE 1V,41791,RODOLFO HERNÁNDEZ|LIGA DE GOBERNANTES ANTICORRUPCION,4025
p2022_1v,2022,PRESIDENTE 1V,41791,SERGIO FAJARDO|COALICION CENTRO ESPERANZA,63
p2022_1v,2022,PRESIDENTE 1V,41791,__BLANCO__,77
p2022_1v,2022,PRESIDENTE 1V,41791,__NO_MARCADOS__,10
p2022_1v,2022,PRESIDENTE 1V,41791,__NULOS__,50
p2022_1v,2022,PRESIDENTE 1V,41797,ENRIQUE GÓMEZ MARTÍNEZ|PARTIDO MOVIMIENTO DE SALVACION NACIONAL,1
p2022_1v,2022,PRESIDENTE 1V,41797,FEDERICO GUTIÉRREZ|COALICION EQUIPO POR COLOMBIA,989
p2022_1v,2022,PRESIDENTE 1V,41797,GUSTAVO PETRO|COALICION PACTO HISTÓRICO,1070
p2022_1v,2022,PRESIDENTE 1V,41797,INGRID BETANCOURT|PARTIDO VERDE OXIGENO,3
p2022_1v,2022,PRESIDENTE 1V,41797,JOHN MILTON RODRÍGUEZ|COLOMBIA JUSTA LIBRES,12
p2022_1v,2022,PRESIDENTE 1V,41797,LUIS PÉREZ|COLOMBIA PIENSA EN GRANDE,2
p2022_1v,2022,PRESIDENTE 1V,41797,RODOLFO HERNÁNDEZ|LIGA DE GOBERNANTES ANTICORRUPCION,2775
p2022_1v,2022,PRESIDENTE 1V,41797,SERGIO FAJARDO|COALICION CENTRO ESPERANZA,53
p2022_1v,2022,PRESIDENTE 1V,41797,__BLANCO__,64
p2022_1v,2022,PRESIDENTE 1V,41797,__NO_MARCADOS__,5
p2022_1v,2022,PRESIDENTE 1V,41797,__NULOS__,64
p2022_1v,2022,PRESIDENTE 1V,41799,ENRIQUE GÓMEZ MARTÍNEZ|PARTIDO MOVIMIENTO DE SALVACION NACIONAL,13
p2022_1v,2022,PRESIDENTE 1V,41799,FEDERICO GUTIÉRREZ|COALICION EQUIPO POR COLOMBIA,1314
p2022_1v,2022,PRESIDENTE 1V,41799,GUSTAVO PETRO|COALICION PACTO HISTÓRICO,1261
p2022_1v,2022,PRESIDENTE 1V,41799,INGRID BETANCOURT|PARTIDO VERDE OXIGENO,3
p2022_1v,2022,PRESIDENTE 1V,41799,JOHN MILTON RODRÍGUEZ|COLOMBIA JUSTA LIBRES,158
p2022_1v,2022,PRESIDENTE 1V,41799,RODOLFO HERNÁNDEZ|LIGA DE GOBERNANTES ANTICORRUPCION,2534
p2022_1v,2022,PRESIDENTE 1V,41799,SERGIO FAJARDO|COALICION CENTRO ESPERANZA,75
p2022_1v,2022,PRESIDENTE 1V,41799,__BLANCO__,56
p2022_1v,2022,PRESIDENTE 1V,41799,__NO_MARCADOS__,12
p2022_1v,2022,PRESIDENTE 1V,41799,__NULOS__,41
p2022_1v,2022,PRESIDENTE 1V,41801,ENRIQUE GÓMEZ MARTÍNEZ|PARTIDO MOVIMIENTO DE SALVACION NACIONAL,3
p2022_1v,2022,PRESIDENTE 1V,41801,FEDERICO GUTIÉRREZ|COALICION EQUIPO POR COLOMBIA,1199
p2022_1v,2022,PRESIDENTE 1V,41801,GUSTAVO PETRO|COALICION PACTO HISTÓRICO,611
p2022_1v,2022,PRESIDENTE 1V,41801,INGRID BETANCOURT|PARTIDO VERDE OXIGENO,1
p2022_1v,2022,PRESIDENTE 1V,41801,JOHN MILTON RODRÍGUEZ|COLOMBIA JUSTA LIBRES,9
p2022_1v,2022,PRESIDENTE 1V,41801,RODOLFO HERNÁNDEZ|LIGA DE GOBERNANTES ANTICORRUPCION,1729
p2022_1v,2022,PRESIDENTE 1V,41801,SERGIO FAJARDO|COALICION CENTRO ESPERANZA,41
p2022_1v,2022,PRESIDENTE 1V,41801,__BLANCO__,40
p2022_1v,2022,PRESIDENTE 1V,41801,__NO_MARCADOS__,4
p2022_1v,2022,PRESIDENTE 1V,41801,__NULOS__,19
p2022_1v,2022,PRESIDENTE 1V,41807,ENRIQUE GÓMEZ MARTÍNEZ|PARTIDO MOVIMIENTO DE SALVACION NACIONAL,10
p2022_1v,2022,PRESIDENTE 1V,41807,FEDERICO GUTIÉRREZ|COALICION EQUIPO POR COLOMBIA,1599
p2022_1v,2022,PRESIDENTE 1V,41807,GUSTAVO PETRO|COALICION PACTO HISTÓRICO,1912
p2022_1v,2022,PRESIDENTE 1V,41807,INGRID BETANCOURT|PARTIDO VERDE OXIGENO,6
p2022_1v,2022,PRESIDENTE 1V,41807,JOHN MILTON RODRÍGUEZ|COLOMBIA JUSTA LIBRES,103
p2022_1v,2022,PRESIDENTE 1V,41807,LUIS PÉREZ|COLOMBIA PIENSA EN GRANDE,1
p2022_1v,2022,PRESIDENTE 1V,41807,RODOLFO HERNÁNDEZ|LIGA DE GOBERNANTES ANTICORRUPCION,6042
p2022_1v,2022,PRESIDENTE 1V,41807,SERGIO FAJARDO|COALICION CENTRO ESPERANZA,136
p2022_1v,2022,PRESIDENTE 1V,41807,__BLANCO__,142
p2022_1v,2022,PRESIDENTE 1V,41807,__NO_MARCADOS__,16
p2022_1v,2022,PRESIDENTE 1V,41807,__NULOS__,81
p2022_1v,2022,PRESIDENTE 1V,41872,ENRIQUE GÓMEZ MARTÍNEZ|PARTIDO MOVIMIENTO DE SALVACION NACIONAL,6
p2022_1v,2022,PRESIDENTE 1V,41872,FEDERICO GUTIÉRREZ|COALICION EQUIPO POR COLOMBIA,729
p2022_1v,2022,PRESIDENTE 1V,41872,GUSTAVO PETRO|COALICION PACTO HISTÓRICO,1730
p2022_1v,2022,PRESIDENTE 1V,41872,INGRID BETANCOURT|PARTIDO VERDE OXIGENO,3
p2022_1v,2022,PRESIDENTE 1V,41872,JOHN MILTON RODRÍGUEZ|COLOMBIA JUSTA LIBRES,16
p2022_1v,2022,PRESIDENTE 1V,41872,RODOLFO HERNÁNDEZ|LIGA DE GOBERNANTES ANTICORRUPCION,1223
p2022_1v,2022,PRESIDENTE 1V,41872,SERGIO FAJARDO|COALICION CENTRO ESPERANZA,48
p2022_1v,2022,PRESIDENTE 1V,41872,__BLANCO__,38
p2022_1v,2022,PRESIDENTE 1V,41872,__NO_MARCADOS__,8
p2022_1v,2022,PRESIDENTE 1V,41872,__NULOS__,54
p2022_1v,2022,PRESIDENTE 1V,41885,ENRIQUE GÓMEZ MARTÍNEZ|PARTIDO MOVIMIENTO DE SALVACION NACIONAL,6
p2022_1v,2022,PRESIDENTE 1V,41885,FEDERICO GUTIÉRREZ|COALICION EQUIPO POR COLOMBIA,667
p2022_1v,2022,PRESIDENTE 1V,41885,GUSTAVO PETRO|COALICION PACTO HISTÓRICO,1377
p2022_1v,2022,PRESIDENTE 1V,41885,JOHN MILTON RODRÍGUEZ|COLOMBIA JUSTA LIBRES,25
p2022_1v,2022,PRESIDENTE 1V,41885,LUIS PÉREZ|COLOMBIA PIENSA EN GRANDE,1
p2022_1v,2022,PRESIDENTE 1V,41885,RODOLFO HERNÁNDEZ|LIGA DE GOBERNANTES ANTICORRUPCION,2126
p2022_1v,2022,PRESIDENTE 1V,41885,SERGIO FAJARDO|COALICION CENTRO ESPERANZA,77
p2022_1v,2022,PRESIDENTE 1V,41885,__BLANCO__,87
p2022_1v,2022,PRESIDENTE 1V,41885,__NO_MARCADOS__,5
p2022_1v,2022,PRESIDENTE 1V,41885,__NULOS__,72
p2022_2v,2022,PRESIDENTE 2V,41001,GUSTAVO PETRO|COALICIÓN PACTO HISTÓRICO,87684
p2022_2v,2022,PRESIDENTE 2V,41001,RODOLFO HERNÁNDEZ|LIGA DE GOBERNANTES ANTICORRUPCIÓN,85113
p2022_2v,2022,PRESIDENTE 2V,41001,__BLANCO__,3603
p2022_2v,2022,PRESIDENTE 2V,41001,__NO_MARCADOS__,99
p2022_2v,2022,PRESIDENTE 2V,41001,__NULOS__,2263
p2022_2v,2022,PRESIDENTE 2V,41006,GUSTAVO PETRO|COALICIÓN PACTO HISTÓRICO,2460
p2022_2v,2022,PRESIDENTE 2V,41006,RODOLFO HERNÁNDEZ|LIGA DE GOBERNANTES ANTICORRUPCIÓN,10284
p2022_2v,2022,PRESIDENTE 2V,41006,__BLANCO__,149
p2022_2v,2022,PRESIDENTE 2V,41006,__NO_MARCADOS__,9
p2022_2v,2022,PRESIDENTE 2V,41006,__NULOS__,86
p2022_2v,2022,PRESIDENTE 2V,41013,GUSTAVO PETRO|COALICIÓN PACTO HISTÓRICO,1411
p2022_2v,2022,PRESIDENTE 2V,41013,RODOLFO HERNÁNDEZ|LIGA DE GOBERNANTES ANTICORRUPCIÓN,3330
p2022_2v,2022,PRESIDENTE 2V,41013,__BLANCO__,63
p2022_2v,2022,PRESIDENTE 2V,41013,__NO_MARCADOS__,3
p2022_2v,2022,PRESIDENTE 2V,41013,__NULOS__,53
p2022_2v,2022,PRESIDENTE 2V,41016,GUSTAVO PETRO|COALICIÓN PACTO HISTÓRICO,3097
p2022_2v,2022,PRESIDENTE 2V,41016,RODOLFO HERNÁNDEZ|LIGA DE GOBERNANTES ANTICORRUPCIÓN,6127
p2022_2v,2022,PRESIDENTE 2V,41016,__BLANCO__,102
p2022_2v,2022,PRESIDENTE 2V,41016,__NO_MARCADOS__,6
p2022_2v,2022,PRESIDENTE 2V,41016,__NULOS__,77
p2022_2v,2022,PRESIDENTE 2V,41020,GUSTAVO PETRO|COALICIÓN PACTO HISTÓRICO,3670
p2022_2v,2022,PRESIDENTE 2V,41020,RODOLFO HERNÁNDEZ|LIGA DE GOBERNANTES ANTICORRUPCIÓN,5269
p2022_2v,2022,PRESIDENTE 2V,41020,__BLANCO__,149
p2022_2v,2022,PRESIDENTE 2V,41020,__NO_MARCADOS__,21
p2022_2v,2022,PRESIDENTE 2V,41020,__NULOS__,96
p2022_2v,2022,PRESIDENTE 2V,41026,GUSTAVO PETRO|COALICIÓN PACTO HISTÓRICO,987
p2022_2v,2022,PRESIDENTE 2V,41026,RODOLFO HERNÁNDEZ|LIGA DE GOBERNANTES ANTICORRUPCIÓN,1035
p2022_2v,2022,PRESIDENTE 2V,41026,__BLANCO__,33
p2022_2v,2022,PRESIDENTE 2V,41026,__NO_MARCADOS__,1
p2022_2v,2022,PRESIDENTE 2V,41026,__NULOS__,24
p2022_2v,2022,PRESIDENTE 2V,41078,GUSTAVO PETRO|COALICIÓN PACTO HISTÓRICO,1172
p2022_2v,2022,PRESIDENTE 2V,41078,RODOLFO HERNÁNDEZ|LIGA DE GOBERNANTES ANTICORRUPCIÓN,2115
p2022_2v,2022,PRESIDENTE 2V,41078,__BLANCO__,43
p2022_2v,2022,PRESIDENTE 2V,41078,__NO_MARCADOS__,5
p2022_2v,2022,PRESIDENTE 2V,41078,__NULOS__,35
p2022_2v,2022,PRESIDENTE 2V,41132,GUSTAVO PETRO|COALICIÓN PACTO HISTÓRICO,6397
p2022_2v,2022,PRESIDENTE 2V,41132,RODOLFO HERNÁNDEZ|LIGA DE GOBERNANTES ANTICORRUPCIÓN,8394
p2022_2v,2022,PRESIDENTE 2V,41132,__BLANCO__,268
p2022_2v,2022,PRESIDENTE 2V,41132,__NO_MARCADOS__,10
p2022_2v,2022,PRESIDENTE 2V,41132,__NULOS__,326
p2022_2v,2022,PRESIDENTE 2V,41206,GUSTAVO PETRO|COALICIÓN PACTO HISTÓRICO,808
p2022_2v,2022,PRESIDENTE 2V,41206,RODOLFO HERNÁNDEZ|LIGA DE GOBERNANTES ANTICORRUPCIÓN,3112
p2022_2v,2022,PRESIDENTE 2V,41206,__BLANCO__,32
p2022_2v,2022,PRESIDENTE 2V,41206,__NO_MARCADOS__,3
p2022_2v,2022,PRESIDENTE 2V,41206,__NULOS__,26
p2022_2v,2022,PRESIDENTE 2V,41244,GUSTAVO PETRO|COALICIÓN PACTO HISTÓRICO,650
p2022_2v,2022,PRESIDENTE 2V,41244,RODOLFO HERNÁNDEZ|LIGA DE GOBERNANTES ANTICORRUPCIÓN,1632
p2022_2v,2022,PRESIDENTE 2V,41244,__BLANCO__,30
p2022_2v,2022,PRESIDENTE 2V,41244,__NO_MARCADOS__,1
p2022_2v,2022,PRESIDENTE 2V,41244,__NULOS__,21
p2022_2v,2022,PRESIDENTE 2V,41298,GUSTAVO PETRO|COALICIÓN PACTO HISTÓRICO,11646
p2022_2v,2022,PRESIDENTE 2V,41298,RODOLFO HERNÁNDEZ|LIGA DE GOBERNANTES ANTICORRUPCIÓN,21173
p2022_2v,2022,PRESIDENTE 2V,41298,__BLANCO__,717
p2022_2v,2022,PRESIDENTE 2V,41298,__NO_MARCADOS__,32
p2022_2v,2022,PRESIDENTE 2V,41298,__NULOS__,427
p2022_2v,2022,PRESIDENTE 2V,41306,GUSTAVO PETRO|COALICIÓN PACTO HISTÓRICO,3796
p2022_2v,2022,PRESIDENTE 2V,41306,RODOLFO HERNÁNDEZ|LIGA DE GOBERNANTES ANTICORRUPCIÓN,7221
p2022_2v,2022,PRESIDENTE 2V,41306,__BLANCO__,237
p2022_2v,2022,PRESIDENTE 2V,41306,__NO_MARCADOS__,12
p2022_2v,2022,PRESIDENTE 2V,41306,__NULOS__,152
p2022_2v,2022,PRESIDENTE 2V,41319,GUSTAVO PETRO|COALICIÓN PACTO HISTÓRICO,2773
p2022_2v,2022,PRESIDENTE 2V,41319,RODOLFO HERNÁNDEZ|LIGA DE GOBERNANTES ANTICORRUPCIÓN,5142
p2022_2v,2022,PRESIDENTE 2V,41319,__BLANCO__,128
p2022_2v,2022,PRESIDENTE 2V,41319,__NO_MARCADOS__,9
p2022_2v,2022,PRESIDENTE 2V,41319,__NULOS__,109
p2022_2v,2022,PRESIDENTE 2V,41349,GUSTAVO PETRO|COALICIÓN PACTO HISTÓRICO,1311
p2022_2v,2022,PRESIDENTE 2V,41349,RODOLFO HERNÁNDEZ|LIGA DE GOBERNANTES ANTICORRUPCIÓN,2300
p2022_2v,2022,PRESIDENTE 2V,41349,__BLANCO__,56
p2022_2v,2022,PRESIDENTE 2V,41349,__NO_MARCADOS__,4
p2022_2v,2022,PRESIDENTE 2V,41349,__NULOS__,40
p2022_2v,2022,PRESIDENTE 2V,41357,GUSTAVO PETRO|COALICIÓN PACTO HISTÓRICO,2044
p2022_2v,2022,PRESIDENTE 2V,41357,RODOLFO HERNÁNDEZ|LIGA DE GOBERNANTES ANTICORRUPCIÓN,2564
p2022_2v,2022,PRESIDENTE 2V,41357,__BLANCO__,68
p2022_2v,2022,PRESIDENTE 2V,41357,__NO_MARCADOS__,6
p2022_2v,2022,PRESIDENTE 2V,41357,__NULOS__,47
p2022_2v,2022,PRESIDENTE 2V,41359,GUSTAVO PETRO|COALICIÓN PACTO HISTÓRICO,6420
p2022_2v,2022,PRESIDENTE 2V,41359,RODOLFO HERNÁNDEZ|LIGA DE GOBERNANTES ANTICORRUPCIÓN,6542
p2022_2v,2022,PRESIDENTE 2V,41359,__BLANCO__,328
p2022_2v,2022,PRESIDENTE 2V,41359,__NO_MARCADOS__,20
p2022_2v,2022,PRESIDENTE 2V,41359,__NULOS__,213
p2022_2v,2022,PRESIDENTE 2V,41378,GUSTAVO PETRO|COALICIÓN PACTO HISTÓRICO,3240
p2022_2v,2022,PRESIDENTE 2V,41378,RODOLFO HERNÁNDEZ|LIGA DE GOBERNANTES ANTICORRUPCIÓN,3513
p2022_2v,2022,PRESIDENTE 2V,41378,__BLANCO__,207
p2022_2v,2022,PRESIDENTE 2V,41378,__NO_MARCADOS__,9
p2022_2v,2022,PRESIDENTE 2V,41378,__NULOS__,90
p2022_2v,2022,PRESIDENTE 2V,41396,GUSTAVO PETRO|COALICIÓN PACTO HISTÓRICO,9578
p2022_2v,2022,PRESIDENTE 2V,41396,RODOLFO HERNÁNDEZ|LIGA DE GOBERNANTES ANTICORRUPCIÓN,14638
p2022_2v,2022,PRESIDENTE 2V,41396,__BLANCO__,499
p2022_2v,2022,PRESIDENTE 2V,41396,__NO_MARCADOS__,33
p2022_2v,2022,PRESIDENTE 2V,41396,__NULOS__,328
p2022_2v,2022,PRESIDENTE 2V,41483,GUSTAVO PETRO|COALICIÓN PACTO HISTÓRICO,1098
p2022_2v,2022,PRESIDENTE 2V,41483,RODOLFO HERNÁNDEZ|LIGA DE GOBERNANTES ANTICORRUPCIÓN,1890
p2022_2v,2022,PRESIDENTE 2V,41483,__BLANCO__,58
p2022_2v,2022,PRESIDENTE 2V,41483,__NO_MARCADOS__,4
p2022_2v,2022,PRESIDENTE 2V,41483,__NULOS__,40
p2022_2v,2022,PRESIDENTE 2V,41503,GUSTAVO PETRO|COALICIÓN PACTO HISTÓRICO,980
p2022_2v,2022,PRESIDENTE 2V,41503,RODOLFO HERNÁNDEZ|LIGA DE GOBERNANTES ANTICORRUPCIÓN,4505
p2022_2v,2022,PRESIDENTE 2V,41503,__BLANCO__,84
p2022_2v,2022,PRESIDENTE 2V,41503,__NO_MARCADOS__,6
p2022_2v,2022,PRESIDENTE 2V,41503,__NULOS__,45
p2022_2v,2022,PRESIDENTE 2V,41518,GUSTAVO PETRO|COALICIÓN PACTO HISTÓRICO,788
p2022_2v,2022,PRESIDENTE 2V,41518,RODOLFO HERNÁNDEZ|LIGA DE GOBERNANTES ANTICORRUPCIÓN,2675
p2022_2v,2022,PRESIDENTE 2V,41518,__BLANCO__,59
p2022_2v,2022,PRESIDENTE 2V,41518,__NO_MARCADOS__,5
p2022_2v,2022,PRESIDENTE 2V,41518,__NULOS__,29
p2022_2v,2022,PRESIDENTE 2V,41524,GUSTAVO PETRO|COALICIÓN PACTO HISTÓRICO,4439
p2022_2v,2022,PRESIDENTE 2V,41524,RODOLFO HERNÁNDEZ|LIGA DE GOBERNANTES ANTICORRUPCIÓN,8186
p2022_2v,2022,PRESIDENTE 2V,41524,__BLANCO__,203
p2022_2v,2022,PRESIDENTE 2V,41524,__NO_MARCADOS__,9
p2022_2v,2022,PRESIDENTE 2V,41524,__NULOS__,94
p2022_2v,2022,PRESIDENTE 2V,41530,GUSTAVO PETRO|COALICIÓN PACTO HISTÓRICO,1940
p2022_2v,2022,PRESIDENTE 2V,41530,RODOLFO HERNÁNDEZ|LIGA DE GOBERNANTES ANTICORRUPCIÓN,3919
p2022_2v,2022,PRESIDENTE 2V,41530,__BLANCO__,91
p2022_2v,2022,PRESIDENTE 2V,41530,__NO_MARCADOS__,7
p2022_2v,2022,PRESIDENTE 2V,41530,__NULOS__,74
p2022_2v,2022,PRESIDENTE 2V,41548,GUSTAVO PETRO|COALICIÓN PACTO HISTÓRICO,1763
p2022_2v,2022,PRESIDENTE 2V,41548,RODOLFO HERNÁNDEZ|LIGA DE GOBERNANTES ANTICORRUPCIÓN,4444
p2022_2v,2022,PRESIDENTE 2V,41548,__BLANCO__,84
p2022_2v,2022,PRESIDENTE 2V,41548,__NO_MARCADOS__,4
p2022_2v,2022,PRESIDENTE 2V,41548,__NULOS__,38
p2022_2v,2022,PRESIDENTE 2V,41551,GUSTAVO PETRO|COALICIÓN PACTO HISTÓRICO,26136
p2022_2v,2022,PRESIDENTE 2V,41551,RODOLFO HERNÁNDEZ|LIGA DE GOBERNANTES ANTICORRUPCIÓN,33163
p2022_2v,2022,PRESIDENTE 2V,41551,__BLANCO__,1249
p2022_2v,2022,PRESIDENTE 2V,41551,__NO_MARCADOS__,53
p2022_2v,2022,PRESIDENTE 2V,41551,__NULOS__,697
p2022_2v,2022,PRESIDENTE 2V,41615,GUSTAVO PETRO|COALICIÓN PACTO HISTÓRICO,5234
p2022_2v,2022,PRESIDENTE 2V,41615,RODOLFO HERNÁNDEZ|LIGA DE GOBERNANTES ANTICORRUPCIÓN,6074
p2022_2v,2022,PRESIDENTE 2V,41615,__BLANCO__,227
p2022_2v,2022,PRESIDENTE 2V,41615,__NO_MARCADOS__,14
p2022_2v,2022,PRESIDENTE 2V,41615,__NULOS__,161
p2022_2v,2022,PRESIDENTE 2V,41660,GUSTAVO PETRO|COALICIÓN PACTO HISTÓRICO,1130
p2022_2v,2022,PRESIDENTE 2V,41660,RODOLFO HERNÁNDEZ|LIGA DE GOBERNANTES ANTICORRUPCIÓN,5211
p2022_2v,2022,PRESIDENTE 2V,41660,__BLANCO__,55
p2022_2v,2022,PRESIDENTE 2V,41660,__NO_MARCADOS__,8
p2022_2v,2022,PRESIDENTE 2V,41660,__NULOS__,22
p2022_2v,2022,PRESIDENTE 2V,41668,GUSTAVO PETRO|COALICIÓN PACTO HISTÓRICO,6506
p2022_2v,2022,PRESIDENTE 2V,41668,RODOLFO HERNÁNDEZ|LIGA DE GOBERNANTES ANTICORRUPCIÓN,8684
p2022_2v,2022,PRESIDENTE 2V,41668,__BLANCO__,353
p2022_2v,2022,PRESIDENTE 2V,41668,__NO_MARCADOS__,37
p2022_2v,2022,PRESIDENTE 2V,41668,__NULOS__,167
p2022_2v,2022,PRESIDENTE 2V,41676,GUSTAVO PETRO|COALICIÓN PACTO HISTÓRICO,1146
p2022_2v,2022,PRESIDENTE 2V,41676,RODOLFO HERNÁNDEZ|LIGA DE GOBERNANTES ANTICORRUPCIÓN,4115
p2022_2v,2022,PRESIDENTE 2V,41676,__BLANCO__,78
p2022_2v,2022,PRESIDENTE 2V,41676,__NO_MARCADOS__,6
p2022_2v,2022,PRESIDENTE 2V,41676,__NULOS__,30
p2022_2v,2022,PRESIDENTE 2V,41770,GUSTAVO PETRO|COALICIÓN PACTO HISTÓRICO,2999
p2022_2v,2022,PRESIDENTE 2V,41770,RODOLFO HERNÁNDEZ|LIGA DE GOBERNANTES ANTICORRUPCIÓN,5502
p2022_2v,2022,PRESIDENTE 2V,41770,__BLANCO__,131
p2022_2v,2022,PRESIDENTE 2V,41770,__NO_MARCADOS__,12
p2022_2v,2022,PRESIDENTE 2V,41770,__NULOS__,82
p2022_2v,2022,PRESIDENTE 2V,41791,GUSTAVO PETRO|COALICIÓN PACTO HISTÓRICO,2413
p2022_2v,2022,PRESIDENTE 2V,41791,RODOLFO HERNÁNDEZ|LIGA DE GOBERNANTES ANTICORRUPCIÓN,5465
p2022_2v,2022,PRESIDENTE 2V,41791,__BLANCO__,94
p2022_2v,2022,PRESIDENTE 2V,41791,__NO_MARCADOS__,7
p2022_2v,2022,PRESIDENTE 2V,41791,__NULOS__,53
p2022_2v,2022,PRESIDENTE 2V,41797,GUSTAVO PETRO|COALICIÓN PACTO HISTÓRICO,1453
p2022_2v,2022,PRESIDENTE 2V,41797,RODOLFO HERNÁNDEZ|LIGA DE GOBERNANTES ANTICORRUPCIÓN,3549
p2022_2v,2022,PRESIDENTE 2V,41797,__BLANCO__,86
p2022_2v,2022,PRESIDENTE 2V,41797,__NO_MARCADOS__,6
p2022_2v,2022,PRESIDENTE 2V,41797,__NULOS__,77
p2022_2v,2022,PRESIDENTE 2V,41799,GUSTAVO PETRO|COALICIÓN PACTO HISTÓRICO,1678
p2022_2v,2022,PRESIDENTE 2V,41799,RODOLFO HERNÁNDEZ|LIGA DE GOBERNANTES ANTICORRUPCIÓN,4189
p2022_2v,2022,PRESIDENTE 2V,41799,__BLANCO__,57
p2022_2v,2022,PRESIDENTE 2V,41799,__NO_MARCADOS__,6
p2022_2v,2022,PRESIDENTE 2V,41799,__NULOS__,48
p2022_2v,2022,PRESIDENTE 2V,41801,GUSTAVO PETRO|COALICIÓN PACTO HISTÓRICO,908
p2022_2v,2022,PRESIDENTE 2V,41801,RODOLFO HERNÁNDEZ|LIGA DE GOBERNANTES ANTICORRUPCIÓN,3093
p2022_2v,2022,PRESIDENTE 2V,41801,__BLANCO__,37
p2022_2v,2022,PRESIDENTE 2V,41801,__NO_MARCADOS__,4
p2022_2v,2022,PRESIDENTE 2V,41801,__NULOS__,31
p2022_2v,2022,PRESIDENTE 2V,41807,GUSTAVO PETRO|COALICIÓN PACTO HISTÓRICO,2643
p2022_2v,2022,PRESIDENTE 2V,41807,RODOLFO HERNÁNDEZ|LIGA DE GOBERNANTES ANTICORRUPCIÓN,7642
p2022_2v,2022,PRESIDENTE 2V,41807,__BLANCO__,183
p2022_2v,2022,PRESIDENTE 2V,41807,__NO_MARCADOS__,10
p2022_2v,2022,PRESIDENTE 2V,41807,__NULOS__,99
p2022_2v,2022,PRESIDENTE 2V,41872,GUSTAVO PETRO|COALICIÓN PACTO HISTÓRICO,2295
p2022_2v,2022,PRESIDENTE 2V,41872,RODOLFO HERNÁNDEZ|LIGA DE GOBERNANTES ANTICORRUPCIÓN,1923
p2022_2v,2022,PRESIDENTE 2V,41872,__BLANCO__,54
p2022_2v,2022,PRESIDENTE 2V,41872,__NO_MARCADOS__,4
p2022_2v,2022,PRESIDENTE 2V,41872,__NULOS__,60
p2022_2v,2022,PRESIDENTE 2V,41885,GUSTAVO PETRO|COALICIÓN PACTO HISTÓRICO,1833
p2022_2v,2022,PRESIDENTE 2V,41885,RODOLFO HERNÁNDEZ|LIGA DE GOBERNANTES ANTICORRUPCIÓN,2763
p2022_2v,2022,PRESIDENTE 2V,41885,__BLANCO__,83
p2022_2v,2022,PRESIDENTE 2V,41885,__NO_MARCADOS__,1
p2022_2v,2022,PRESIDENTE 2V,41885,__NULOS__,59
p2026_1v,2026,PRESIDENTE 1V,41001,ABELARDO DE LA ESPRIELLA|DEFENSORES DE LA PATRIA,85848
p2026_1v,2026,PRESIDENTE 1V,41001,CARLOS EDUARDO CAICEDO OMAR|CAICEDO,0
p2026_1v,2026,PRESIDENTE 1V,41001,CLAUDIA LÓPEZ|CON CLAUDIA IMPARABLES,1436
p2026_1v,2026,PRESIDENTE 1V,41001,GUSTAVO MATAMOROS CAMACHO|PARTIDO ECOLOGISTA COLOMBIANO,32
p2026_1v,2026,PRESIDENTE 1V,41001,IVÁN CEPEDA CASTRO|MOVIMIENTO POLÍTICO PACTO HISTÓRICO,71472
p2026_1v,2026,PRESIDENTE 1V,41001,LUIS GILBERTO MURILLO URRUTIA|LA OPORTUNIDAD ES COLOMBIA,0
p2026_1v,2026,PRESIDENTE 1V,41001,MIGUEL URIBE LONDOÑO|PARTIDO DEMÓCRATA COLOMBIANO,160
p2026_1v,2026,PRESIDENTE 1V,41001,PALOMA VALENCIA LASERNA|PARTIDO CENTRO DEMOCRÁTICO,11543
p2026_1v,2026,PRESIDENTE 1V,41001,RAÚL SANTIAGO BOTERO JARAMILLO|ROMPER EL SISTEMA,1945
p2026_1v,2026,PRESIDENTE 1V,41001,ROY LEONARDO BARRERAS MONTEALEGRE|PARTIDO POLÍTICO LA FUERZA,162
p2026_1v,2026,PRESIDENTE 1V,41001,SERGIO FAJARDO VALDERRAMA|PARTIDO POLÍTICO DIGNIDAD & COMPROMISO,7156
p2026_1v,2026,PRESIDENTE 1V,41001,"SONDRA MACOLLINS GARVIN PINTO|SONDRA MACOLLINS, LA ABOGADA DE HIERRO",140
p2026_1v,2026,PRESIDENTE 1V,41001,__BLANCO__,3101
p2026_1v,2026,PRESIDENTE 1V,41001,__NO_MARCADOS__,369
p2026_1v,2026,PRESIDENTE 1V,41001,__NULOS__,1916
p2026_1v,2026,PRESIDENTE 1V,41001,ÓSCAR MAURICIO LIZCANO ARANGO|COALICIÓN F.A.M.I.L.I.A,410
p2026_1v,2026,PRESIDENTE 1V,41006,ABELARDO DE LA ESPRIELLA|DEFENSORES DE LA PATRIA,8820
p2026_1v,2026,PRESIDENTE 1V,41006,CARLOS EDUARDO CAICEDO OMAR|CAICEDO,0
p2026_1v,2026,PRESIDENTE 1V,41006,CLAUDIA LÓPEZ|CON CLAUDIA IMPARABLES,43
p2026_1v,2026,PRESIDENTE 1V,41006,GUSTAVO MATAMOROS CAMACHO|PARTIDO ECOLOGISTA COLOMBIANO,3
p2026_1v,2026,PRESIDENTE 1V,41006,IVÁN CEPEDA CASTRO|MOVIMIENTO POLÍTICO PACTO HISTÓRICO,2115
p2026_1v,2026,PRESIDENTE 1V,41006,LUIS GILBERTO MURILLO URRUTIA|LA OPORTUNIDAD ES COLOMBIA,0
p2026_1v,2026,PRESIDENTE 1V,41006,MIGUEL URIBE LONDOÑO|PARTIDO DEMÓCRATA COLOMBIANO,35
p2026_1v,2026,PRESIDENTE 1V,41006,PALOMA VALENCIA LASERNA|PARTIDO CENTRO DEMOCRÁTICO,1145
p2026_1v,2026,PRESIDENTE 1V,41006,RAÚL SANTIAGO BOTERO JARAMILLO|ROMPER EL SISTEMA,146
p2026_1v,2026,PRESIDENTE 1V,41006,ROY LEONARDO BARRERAS MONTEALEGRE|PARTIDO POLÍTICO LA FUERZA,14
p2026_1v,2026,PRESIDENTE 1V,41006,SERGIO FAJARDO VALDERRAMA|PARTIDO POLÍTICO DIGNIDAD & COMPROMISO,199
p2026_1v,2026,PRESIDENTE 1V,41006,"SONDRA MACOLLINS GARVIN PINTO|SONDRA MACOLLINS, LA ABOGADA DE HIERRO",21
p2026_1v,2026,PRESIDENTE 1V,41006,__BLANCO__,188
p2026_1v,2026,PRESIDENTE 1V,41006,__NO_MARCADOS__,43
p2026_1v,2026,PRESIDENTE 1V,41006,__NULOS__,114
p2026_1v,2026,PRESIDENTE 1V,41006,ÓSCAR MAURICIO LIZCANO ARANGO|COALICIÓN F.A.M.I.L.I.A,17
p2026_1v,2026,PRESIDENTE 1V,41013,ABELARDO DE LA ESPRIELLA|DEFENSORES DE LA PATRIA,3153
p2026_1v,2026,PRESIDENTE 1V,41013,CARLOS EDUARDO CAICEDO OMAR|CAICEDO,0
p2026_1v,2026,PRESIDENTE 1V,41013,CLAUDIA LÓPEZ|CON CLAUDIA IMPARABLES,20
p2026_1v,2026,PRESIDENTE 1V,41013,GUSTAVO MATAMOROS CAMACHO|PARTIDO ECOLOGISTA COLOMBIANO,0
p2026_1v,2026,PRESIDENTE 1V,41013,IVÁN CEPEDA CASTRO|MOVIMIENTO POLÍTICO PACTO HISTÓRICO,1087
p2026_1v,2026,PRESIDENTE 1V,41013,LUIS GILBERTO MURILLO URRUTIA|LA OPORTUNIDAD ES COLOMBIA,0
p2026_1v,2026,PRESIDENTE 1V,41013,MIGUEL URIBE LONDOÑO|PARTIDO DEMÓCRATA COLOMBIANO,9
p2026_1v,2026,PRESIDENTE 1V,41013,PALOMA VALENCIA LASERNA|PARTIDO CENTRO DEMOCRÁTICO,238
p2026_1v,2026,PRESIDENTE 1V,41013,RAÚL SANTIAGO BOTERO JARAMILLO|ROMPER EL SISTEMA,69
p2026_1v,2026,PRESIDENTE 1V,41013,ROY LEONARDO BARRERAS MONTEALEGRE|PARTIDO POLÍTICO LA FUERZA,1
p2026_1v,2026,PRESIDENTE 1V,41013,SERGIO FAJARDO VALDERRAMA|PARTIDO POLÍTICO DIGNIDAD & COMPROMISO,80
p2026_1v,2026,PRESIDENTE 1V,41013,"SONDRA MACOLLINS GARVIN PINTO|SONDRA MACOLLINS, LA ABOGADA DE HIERRO",2
p2026_1v,2026,PRESIDENTE 1V,41013,__BLANCO__,73
p2026_1v,2026,PRESIDENTE 1V,41013,__NO_MARCADOS__,14
p2026_1v,2026,PRESIDENTE 1V,41013,__NULOS__,46
p2026_1v,2026,PRESIDENTE 1V,41013,ÓSCAR MAURICIO LIZCANO ARANGO|COALICIÓN F.A.M.I.L.I.A,4
p2026_1v,2026,PRESIDENTE 1V,41016,ABELARDO DE LA ESPRIELLA|DEFENSORES DE LA PATRIA,4851
p2026_1v,2026,PRESIDENTE 1V,41016,CARLOS EDUARDO CAICEDO OMAR|CAICEDO,0
p2026_1v,2026,PRESIDENTE 1V,41016,CLAUDIA LÓPEZ|CON CLAUDIA IMPARABLES,59
p2026_1v,2026,PRESIDENTE 1V,41016,GUSTAVO MATAMOROS CAMACHO|PARTIDO ECOLOGISTA COLOMBIANO,1
p2026_1v,2026,PRESIDENTE 1V,41016,IVÁN CEPEDA CASTRO|MOVIMIENTO POLÍTICO PACTO HISTÓRICO,3058
p2026_1v,2026,PRESIDENTE 1V,41016,LUIS GILBERTO MURILLO URRUTIA|LA OPORTUNIDAD ES COLOMBIA,0
p2026_1v,2026,PRESIDENTE 1V,41016,MIGUEL URIBE LONDOÑO|PARTIDO DEMÓCRATA COLOMBIANO,11
p2026_1v,2026,PRESIDENTE 1V,41016,PALOMA VALENCIA LASERNA|PARTIDO CENTRO DEMOCRÁTICO,690
p2026_1v,2026,PRESIDENTE 1V,41016,RAÚL SANTIAGO BOTERO JARAMILLO|ROMPER EL SISTEMA,146
p2026_1v,2026,PRESIDENTE 1V,41016,ROY LEONARDO BARRERAS MONTEALEGRE|PARTIDO POLÍTICO LA FUERZA,3
p2026_1v,2026,PRESIDENTE 1V,41016,SERGIO FAJARDO VALDERRAMA|PARTIDO POLÍTICO DIGNIDAD & COMPROMISO,158
p2026_1v,2026,PRESIDENTE 1V,41016,"SONDRA MACOLLINS GARVIN PINTO|SONDRA MACOLLINS, LA ABOGADA DE HIERRO",14
p2026_1v,2026,PRESIDENTE 1V,41016,__BLANCO__,158
p2026_1v,2026,PRESIDENTE 1V,41016,__NO_MARCADOS__,21
p2026_1v,2026,PRESIDENTE 1V,41016,__NULOS__,88
p2026_1v,2026,PRESIDENTE 1V,41016,ÓSCAR MAURICIO LIZCANO ARANGO|COALICIÓN F.A.M.I.L.I.A,16
p2026_1v,2026,PRESIDENTE 1V,41020,ABELARDO DE LA ESPRIELLA|DEFENSORES DE LA PATRIA,5258
p2026_1v,2026,PRESIDENTE 1V,41020,CARLOS EDUARDO CAICEDO OMAR|CAICEDO,0
p2026_1v,2026,PRESIDENTE 1V,41020,CLAUDIA LÓPEZ|CON CLAUDIA IMPARABLES,87
p2026_1v,2026,PRESIDENTE 1V,41020,GUSTAVO MATAMOROS CAMACHO|PARTIDO ECOLOGISTA COLOMBIANO,2
p2026_1v,2026,PRESIDENTE 1V,41020,IVÁN CEPEDA CASTRO|MOVIMIENTO POLÍTICO PACTO HISTÓRICO,2710
p2026_1v,2026,PRESIDENTE 1V,41020,LUIS GILBERTO MURILLO URRUTIA|LA OPORTUNIDAD ES COLOMBIA,0
p2026_1v,2026,PRESIDENTE 1V,41020,MIGUEL URIBE LONDOÑO|PARTIDO DEMÓCRATA COLOMBIANO,36
p2026_1v,2026,PRESIDENTE 1V,41020,PALOMA VALENCIA LASERNA|PARTIDO CENTRO DEMOCRÁTICO,748
p2026_1v,2026,PRESIDENTE 1V,41020,RAÚL SANTIAGO BOTERO JARAMILLO|ROMPER EL SISTEMA,133
p2026_1v,2026,PRESIDENTE 1V,41020,ROY LEONARDO BARRERAS MONTEALEGRE|PARTIDO POLÍTICO LA FUERZA,22
p2026_1v,2026,PRESIDENTE 1V,41020,SERGIO FAJARDO VALDERRAMA|PARTIDO POLÍTICO DIGNIDAD & COMPROMISO,140
p2026_1v,2026,PRESIDENTE 1V,41020,"SONDRA MACOLLINS GARVIN PINTO|SONDRA MACOLLINS, LA ABOGADA DE HIERRO",26
p2026_1v,2026,PRESIDENTE 1V,41020,__BLANCO__,233
p2026_1v,2026,PRESIDENTE 1V,41020,__NO_MARCADOS__,73
p2026_1v,2026,PRESIDENTE 1V,41020,__NULOS__,153
p2026_1v,2026,PRESIDENTE 1V,41020,ÓSCAR MAURICIO LIZCANO ARANGO|COALICIÓN F.A.M.I.L.I.A,25
p2026_1v,2026,PRESIDENTE 1V,41026,ABELARDO DE LA ESPRIELLA|DEFENSORES DE LA PATRIA,1075
p2026_1v,2026,PRESIDENTE 1V,41026,CARLOS EDUARDO CAICEDO OMAR|CAICEDO,0
p2026_1v,2026,PRESIDENTE 1V,41026,CLAUDIA LÓPEZ|CON CLAUDIA IMPARABLES,10
p2026_1v,2026,PRESIDENTE 1V,41026,GUSTAVO MATAMOROS CAMACHO|PARTIDO ECOLOGISTA COLOMBIANO,0
p2026_1v,2026,PRESIDENTE 1V,41026,IVÁN CEPEDA CASTRO|MOVIMIENTO POLÍTICO PACTO HISTÓRICO,772
p2026_1v,2026,PRESIDENTE 1V,41026,LUIS GILBERTO MURILLO URRUTIA|LA OPORTUNIDAD ES COLOMBIA,0
p2026_1v,2026,PRESIDENTE 1V,41026,MIGUEL URIBE LONDOÑO|PARTIDO DEMÓCRATA COLOMBIANO,3
p2026_1v,2026,PRESIDENTE 1V,41026,PALOMA VALENCIA LASERNA|PARTIDO CENTRO DEMOCRÁTICO,55
p2026_1v,2026,PRESIDENTE 1V,41026,RAÚL SANTIAGO BOTERO JARAMILLO|ROMPER EL SISTEMA,18
p2026_1v,2026,PRESIDENTE 1V,41026,ROY LEONARDO BARRERAS MONTEALEGRE|PARTIDO POLÍTICO LA FUERZA,0
p2026_1v,2026,PRESIDENTE 1V,41026,SERGIO FAJARDO VALDERRAMA|PARTIDO POLÍTICO DIGNIDAD & COMPROMISO,37
p2026_1v,2026,PRESIDENTE 1V,41026,"SONDRA MACOLLINS GARVIN PINTO|SONDRA MACOLLINS, LA ABOGADA DE HIERRO",1
p2026_1v,2026,PRESIDENTE 1V,41026,__BLANCO__,33
p2026_1v,2026,PRESIDENTE 1V,41026,__NO_MARCADOS__,3
p2026_1v,2026,PRESIDENTE 1V,41026,__NULOS__,12
p2026_1v,2026,PRESIDENTE 1V,41026,ÓSCAR MAURICIO LIZCANO ARANGO|COALICIÓN F.A.M.I.L.I.A,1
p2026_1v,2026,PRESIDENTE 1V,41078,ABELARDO DE LA ESPRIELLA|DEFENSORES DE LA PATRIA,2084
p2026_1v,2026,PRESIDENTE 1V,41078,CARLOS EDUARDO CAICEDO OMAR|CAICEDO,0
p2026_1v,2026,PRESIDENTE 1V,41078,CLAUDIA LÓPEZ|CON CLAUDIA IMPARABLES,15
p2026_1v,2026,PRESIDENTE 1V,41078,GUSTAVO MATAMOROS CAMACHO|PARTIDO ECOLOGISTA COLOMBIANO,1
p2026_1v,2026,PRESIDENTE 1V,41078,IVÁN CEPEDA CASTRO|MOVIMIENTO POLÍTICO PACTO HISTÓRICO,802
p2026_1v,2026,PRESIDENTE 1V,41078,LUIS GILBERTO MURILLO URRUTIA|LA OPORTUNIDAD ES COLOMBIA,0
p2026_1v,2026,PRESIDENTE 1V,41078,MIGUEL URIBE LONDOÑO|PARTIDO DEMÓCRATA COLOMBIANO,7
p2026_1v,2026,PRESIDENTE 1V,41078,PALOMA VALENCIA LASERNA|PARTIDO CENTRO DEMOCRÁTICO,232
p2026_1v,2026,PRESIDENTE 1V,41078,RAÚL SANTIAGO BOTERO JARAMILLO|ROMPER EL SISTEMA,47
p2026_1v,2026,PRESIDENTE 1V,41078,ROY LEONARDO BARRERAS MONTEALEGRE|PARTIDO POLÍTICO LA FUERZA,2
p2026_1v,2026,PRESIDENTE 1V,41078,SERGIO FAJARDO VALDERRAMA|PARTIDO POLÍTICO DIGNIDAD & COMPROMISO,38
p2026_1v,2026,PRESIDENTE 1V,41078,"SONDRA MACOLLINS GARVIN PINTO|SONDRA MACOLLINS, LA ABOGADA DE HIERRO",2
p2026_1v,2026,PRESIDENTE 1V,41078,__BLANCO__,38
p2026_1v,2026,PRESIDENTE 1V,41078,__NO_MARCADOS__,22
p2026_1v,2026,PRESIDENTE 1V,41078,__NULOS__,32
p2026_1v,2026,PRESIDENTE 1V,41078,ÓSCAR MAURICIO LIZCANO ARANGO|COALICIÓN F.A.M.I.L.I.A,3
p2026_1v,2026,PRESIDENTE 1V,41132,ABELARDO DE LA ESPRIELLA|DEFENSORES DE LA PATRIA,7645
p2026_1v,2026,PRESIDENTE 1V,41132,CARLOS EDUARDO CAICEDO OMAR|CAICEDO,0
p2026_1v,2026,PRESIDENTE 1V,41132,CLAUDIA LÓPEZ|CON CLAUDIA IMPARABLES,79
p2026_1v,2026,PRESIDENTE 1V,41132,GUSTAVO MATAMOROS CAMACHO|PARTIDO ECOLOGISTA COLOMBIANO,2
p2026_1v,2026,PRESIDENTE 1V,41132,IVÁN CEPEDA CASTRO|MOVIMIENTO POLÍTICO PACTO HISTÓRICO,5665
p2026_1v,2026,PRESIDENTE 1V,41132,LUIS GILBERTO MURILLO URRUTIA|LA OPORTUNIDAD ES COLOMBIA,0
p2026_1v,2026,PRESIDENTE 1V,41132,MIGUEL URIBE LONDOÑO|PARTIDO DEMÓCRATA COLOMBIANO,26
p2026_1v,2026,PRESIDENTE 1V,41132,PALOMA VALENCIA LASERNA|PARTIDO CENTRO DEMOCRÁTICO,899
p2026_1v,2026,PRESIDENTE 1V,41132,RAÚL SANTIAGO BOTERO JARAMILLO|ROMPER EL SISTEMA,199
p2026_1v,2026,PRESIDENTE 1V,41132,ROY LEONARDO BARRERAS MONTEALEGRE|PARTIDO POLÍTICO LA FUERZA,11
p2026_1v,2026,PRESIDENTE 1V,41132,SERGIO FAJARDO VALDERRAMA|PARTIDO POLÍTICO DIGNIDAD & COMPROMISO,261
p2026_1v,2026,PRESIDENTE 1V,41132,"SONDRA MACOLLINS GARVIN PINTO|SONDRA MACOLLINS, LA ABOGADA DE HIERRO",15
p2026_1v,2026,PRESIDENTE 1V,41132,__BLANCO__,341
p2026_1v,2026,PRESIDENTE 1V,41132,__NO_MARCADOS__,57
p2026_1v,2026,PRESIDENTE 1V,41132,__NULOS__,336
p2026_1v,2026,PRESIDENTE 1V,41132,ÓSCAR MAURICIO LIZCANO ARANGO|COALICIÓN F.A.M.I.L.I.A,36
p2026_1v,2026,PRESIDENTE 1V,41206,ABELARDO DE LA ESPRIELLA|DEFENSORES DE LA PATRIA,2382
p2026_1v,2026,PRESIDENTE 1V,41206,CARLOS EDUARDO CAICEDO OMAR|CAICEDO,0
p2026_1v,2026,PRESIDENTE 1V,41206,CLAUDIA LÓPEZ|CON CLAUDIA IMPARABLES,13
p2026_1v,2026,PRESIDENTE 1V,41206,GUSTAVO MATAMOROS CAMACHO|PARTIDO ECOLOGISTA COLOMBIANO,0
p2026_1v,2026,PRESIDENTE 1V,41206,IVÁN CEPEDA CASTRO|MOVIMIENTO POLÍTICO PACTO HISTÓRICO,604
p2026_1v,2026,PRESIDENTE 1V,41206,LUIS GILBERTO MURILLO URRUTIA|LA OPORTUNIDAD ES COLOMBIA,0
p2026_1v,2026,PRESIDENTE 1V,41206,MIGUEL URIBE LONDOÑO|PARTIDO DEMÓCRATA COLOMBIANO,7
p2026_1v,2026,PRESIDENTE 1V,41206,PALOMA VALENCIA LASERNA|PARTIDO CENTRO DEMOCRÁTICO,361
p2026_1v,2026,PRESIDENTE 1V,41206,RAÚL SANTIAGO BOTERO JARAMILLO|ROMPER EL SISTEMA,43
p2026_1v,2026,PRESIDENTE 1V,41206,ROY LEONARDO BARRERAS MONTEALEGRE|PARTIDO POLÍTICO LA FUERZA,3
p2026_1v,2026,PRESIDENTE 1V,41206,SERGIO FAJARDO VALDERRAMA|PARTIDO POLÍTICO DIGNIDAD & COMPROMISO,50
p2026_1v,2026,PRESIDENTE 1V,41206,"SONDRA MACOLLINS GARVIN PINTO|SONDRA MACOLLINS, LA ABOGADA DE HIERRO",3
p2026_1v,2026,PRESIDENTE 1V,41206,__BLANCO__,50
p2026_1v,2026,PRESIDENTE 1V,41206,__NO_MARCADOS__,12
p2026_1v,2026,PRESIDENTE 1V,41206,__NULOS__,13
p2026_1v,2026,PRESIDENTE 1V,41206,ÓSCAR MAURICIO LIZCANO ARANGO|COALICIÓN F.A.M.I.L.I.A,4
p2026_1v,2026,PRESIDENTE 1V,41244,ABELARDO DE LA ESPRIELLA|DEFENSORES DE LA PATRIA,1482
p2026_1v,2026,PRESIDENTE 1V,41244,CARLOS EDUARDO CAICEDO OMAR|CAICEDO,0
p2026_1v,2026,PRESIDENTE 1V,41244,CLAUDIA LÓPEZ|CON CLAUDIA IMPARABLES,11
p2026_1v,2026,PRESIDENTE 1V,41244,GUSTAVO MATAMOROS CAMACHO|PARTIDO ECOLOGISTA COLOMBIANO,1
p2026_1v,2026,PRESIDENTE 1V,41244,IVÁN CEPEDA CASTRO|MOVIMIENTO POLÍTICO PACTO HISTÓRICO,508
p2026_1v,2026,PRESIDENTE 1V,41244,LUIS GILBERTO MURILLO URRUTIA|LA OPORTUNIDAD ES COLOMBIA,0
p2026_1v,2026,PRESIDENTE 1V,41244,MIGUEL URIBE LONDOÑO|PARTIDO DEMÓCRATA COLOMBIANO,2
p2026_1v,2026,PRESIDENTE 1V,41244,PALOMA VALENCIA LASERNA|PARTIDO CENTRO DEMOCRÁTICO,162
p2026_1v,2026,PRESIDENTE 1V,41244,RAÚL SANTIAGO BOTERO JARAMILLO|ROMPER EL SISTEMA,24
p2026_1v,2026,PRESIDENTE 1V,41244,ROY LEONARDO BARRERAS MONTEALEGRE|PARTIDO POLÍTICO LA FUERZA,2
p2026_1v,2026,PRESIDENTE 1V,41244,SERGIO FAJARDO VALDERRAMA|PARTIDO POLÍTICO DIGNIDAD & COMPROMISO,48
p2026_1v,2026,PRESIDENTE 1V,41244,"SONDRA MACOLLINS GARVIN PINTO|SONDRA MACOLLINS, LA ABOGADA DE HIERRO",5
p2026_1v,2026,PRESIDENTE 1V,41244,__BLANCO__,34
p2026_1v,2026,PRESIDENTE 1V,41244,__NO_MARCADOS__,10
p2026_1v,2026,PRESIDENTE 1V,41244,__NULOS__,15
p2026_1v,2026,PRESIDENTE 1V,41244,ÓSCAR MAURICIO LIZCANO ARANGO|COALICIÓN F.A.M.I.L.I.A,6
p2026_1v,2026,PRESIDENTE 1V,41298,ABELARDO DE LA ESPRIELLA|DEFENSORES DE LA PATRIA,21751
p2026_1v,2026,PRESIDENTE 1V,41298,CARLOS EDUARDO CAICEDO OMAR|CAICEDO,0
p2026_1v,2026,PRESIDENTE 1V,41298,CLAUDIA LÓPEZ|CON CLAUDIA IMPARABLES,210
p2026_1v,2026,PRESIDENTE 1V,41298,GUSTAVO MATAMOROS CAMACHO|PARTIDO ECOLOGISTA COLOMBIANO,8
p2026_1v,2026,PRESIDENTE 1V,41298,IVÁN CEPEDA CASTRO|MOVIMIENTO POLÍTICO PACTO HISTÓRICO,10018
p2026_1v,2026,PRESIDENTE 1V,41298,LUIS GILBERTO MURILLO URRUTIA|LA OPORTUNIDAD ES COLOMBIA,0
p2026_1v,2026,PRESIDENTE 1V,41298,MIGUEL URIBE LONDOÑO|PARTIDO DEMÓCRATA COLOMBIANO,40
p2026_1v,2026,PRESIDENTE 1V,41298,PALOMA VALENCIA LASERNA|PARTIDO CENTRO DEMOCRÁTICO,2275
p2026_1v,2026,PRESIDENTE 1V,41298,RAÚL SANTIAGO BOTERO JARAMILLO|ROMPER EL SISTEMA,428
p2026_1v,2026,PRESIDENTE 1V,41298,ROY LEONARDO BARRERAS MONTEALEGRE|PARTIDO POLÍTICO LA FUERZA,30
p2026_1v,2026,PRESIDENTE 1V,41298,SERGIO FAJARDO VALDERRAMA|PARTIDO POLÍTICO DIGNIDAD & COMPROMISO,935
p2026_1v,2026,PRESIDENTE 1V,41298,"SONDRA MACOLLINS GARVIN PINTO|SONDRA MACOLLINS, LA ABOGADA DE HIERRO",45
p2026_1v,2026,PRESIDENTE 1V,41298,__BLANCO__,688
p2026_1v,2026,PRESIDENTE 1V,41298,__NO_MARCADOS__,118
p2026_1v,2026,PRESIDENTE 1V,41298,__NULOS__,414
p2026_1v,2026,PRESIDENTE 1V,41298,ÓSCAR MAURICIO LIZCANO ARANGO|COALICIÓN F.A.M.I.L.I.A,63
p2026_1v,2026,PRESIDENTE 1V,41306,ABELARDO DE LA ESPRIELLA|DEFENSORES DE LA PATRIA,7006
p2026_1v,2026,PRESIDENTE 1V,41306,CARLOS EDUARDO CAICEDO OMAR|CAICEDO,0
p2026_1v,2026,PRESIDENTE 1V,41306,CLAUDIA LÓPEZ|CON CLAUDIA IMPARABLES,86
p2026_1v,2026,PRESIDENTE 1V,41306,GUSTAVO MATAMOROS CAMACHO|PARTIDO ECOLOGISTA COLOMBIANO,2
p2026_1v,2026,PRESIDENTE 1V,41306,IVÁN CEPEDA CASTRO|MOVIMIENTO POLÍTICO PACTO HISTÓRICO,3264
p2026_1v,2026,PRESIDENTE 1V,41306,LUIS GILBERTO MURILLO URRUTIA|LA OPORTUNIDAD ES COLOMBIA,0
p2026_1v,2026,PRESIDENTE 1V,41306,MIGUEL URIBE LONDOÑO|PARTIDO DEMÓCRATA COLOMBIANO,11
p2026_1v,2026,PRESIDENTE 1V,41306,PALOMA VALENCIA LASERNA|PARTIDO CENTRO DEMOCRÁTICO,837
p2026_1v,2026,PRESIDENTE 1V,41306,RAÚL SANTIAGO BOTERO JARAMILLO|ROMPER EL SISTEMA,178
p2026_1v,2026,PRESIDENTE 1V,41306,ROY LEONARDO BARRERAS MONTEALEGRE|PARTIDO POLÍTICO LA FUERZA,12
p2026_1v,2026,PRESIDENTE 1V,41306,SERGIO FAJARDO VALDERRAMA|PARTIDO POLÍTICO DIGNIDAD & COMPROMISO,220
p2026_1v,2026,PRESIDENTE 1V,41306,"SONDRA MACOLLINS GARVIN PINTO|SONDRA MACOLLINS, LA ABOGADA DE HIERRO",15
p2026_1v,2026,PRESIDENTE 1V,41306,__BLANCO__,194
p2026_1v,2026,PRESIDENTE 1V,41306,__NO_MARCADOS__,36
p2026_1v,2026,PRESIDENTE 1V,41306,__NULOS__,144
p2026_1v,2026,PRESIDENTE 1V,41306,ÓSCAR MAURICIO LIZCANO ARANGO|COALICIÓN F.A.M.I.L.I.A,16
p2026_1v,2026,PRESIDENTE 1V,41319,ABELARDO DE LA ESPRIELLA|DEFENSORES DE LA PATRIA,5302
p2026_1v,2026,PRESIDENTE 1V,41319,CARLOS EDUARDO CAICEDO OMAR|CAICEDO,0
p2026_1v,2026,PRESIDENTE 1V,41319,CLAUDIA LÓPEZ|CON CLAUDIA IMPARABLES,46
p2026_1v,2026,PRESIDENTE 1V,41319,GUSTAVO MATAMOROS CAMACHO|PARTIDO ECOLOGISTA COLOMBIANO,1
p2026_1v,2026,PRESIDENTE 1V,41319,IVÁN CEPEDA CASTRO|MOVIMIENTO POLÍTICO PACTO HISTÓRICO,1650
p2026_1v,2026,PRESIDENTE 1V,41319,LUIS GILBERTO MURILLO URRUTIA|LA OPORTUNIDAD ES COLOMBIA,0
p2026_1v,2026,PRESIDENTE 1V,41319,MIGUEL URIBE LONDOÑO|PARTIDO DEMÓCRATA COLOMBIANO,22
p2026_1v,2026,PRESIDENTE 1V,41319,PALOMA VALENCIA LASERNA|PARTIDO CENTRO DEMOCRÁTICO,501
p2026_1v,2026,PRESIDENTE 1V,41319,RAÚL SANTIAGO BOTERO JARAMILLO|ROMPER EL SISTEMA,139
p2026_1v,2026,PRESIDENTE 1V,41319,ROY LEONARDO BARRERAS MONTEALEGRE|PARTIDO POLÍTICO LA FUERZA,8
p2026_1v,2026,PRESIDENTE 1V,41319,SERGIO FAJARDO VALDERRAMA|PARTIDO POLÍTICO DIGNIDAD & COMPROMISO,195
p2026_1v,2026,PRESIDENTE 1V,41319,"SONDRA MACOLLINS GARVIN PINTO|SONDRA MACOLLINS, LA ABOGADA DE HIERRO",11
p2026_1v,2026,PRESIDENTE 1V,41319,__BLANCO__,153
p2026_1v,2026,PRESIDENTE 1V,41319,__NO_MARCADOS__,25
p2026_1v,2026,PRESIDENTE 1V,41319,__NULOS__,90
p2026_1v,2026,PRESIDENTE 1V,41319,ÓSCAR MAURICIO LIZCANO ARANGO|COALICIÓN F.A.M.I.L.I.A,13
p2026_1v,2026,PRESIDENTE 1V,41349,ABELARDO DE LA ESPRIELLA|DEFENSORES DE LA PATRIA,1901
p2026_1v,2026,PRESIDENTE 1V,41349,CARLOS EDUARDO CAICEDO OMAR|CAICEDO,0
p2026_1v,2026,PRESIDENTE 1V,41349,CLAUDIA LÓPEZ|CON CLAUDIA IMPARABLES,23
p2026_1v,2026,PRESIDENTE 1V,41349,GUSTAVO MATAMOROS CAMACHO|PARTIDO ECOLOGISTA COLOMBIANO,1
p2026_1v,2026,PRESIDENTE 1V,41349,IVÁN CEPEDA CASTRO|MOVIMIENTO POLÍTICO PACTO HISTÓRICO,1153
p2026_1v,2026,PRESIDENTE 1V,41349,LUIS GILBERTO MURILLO URRUTIA|LA OPORTUNIDAD ES COLOMBIA,0
p2026_1v,2026,PRESIDENTE 1V,41349,MIGUEL URIBE LONDOÑO|PARTIDO DEMÓCRATA COLOMBIANO,2
p2026_1v,2026,PRESIDENTE 1V,41349,PALOMA VALENCIA LASERNA|PARTIDO CENTRO DEMOCRÁTICO,202
p2026_1v,2026,PRESIDENTE 1V,41349,RAÚL SANTIAGO BOTERO JARAMILLO|ROMPER EL SISTEMA,97
p2026_1v,2026,PRESIDENTE 1V,41349,ROY LEONARDO BARRERAS MONTEALEGRE|PARTIDO POLÍTICO LA FUERZA,3
p2026_1v,2026,PRESIDENTE 1V,41349,SERGIO FAJARDO VALDERRAMA|PARTIDO POLÍTICO DIGNIDAD & COMPROMISO,43
p2026_1v,2026,PRESIDENTE 1V,41349,"SONDRA MACOLLINS GARVIN PINTO|SONDRA MACOLLINS, LA ABOGADA DE HIERRO",4
p2026_1v,2026,PRESIDENTE 1V,41349,__BLANCO__,74
p2026_1v,2026,PRESIDENTE 1V,41349,__NO_MARCADOS__,14
p2026_1v,2026,PRESIDENTE 1V,41349,__NULOS__,47
p2026_1v,2026,PRESIDENTE 1V,41349,ÓSCAR MAURICIO LIZCANO ARANGO|COALICIÓN F.A.M.I.L.I.A,8
p2026_1v,2026,PRESIDENTE 1V,41357,ABELARDO DE LA ESPRIELLA|DEFENSORES DE LA PATRIA,2119
p2026_1v,2026,PRESIDENTE 1V,41357,CARLOS EDUARDO CAICEDO OMAR|CAICEDO,0
p2026_1v,2026,PRESIDENTE 1V,41357,CLAUDIA LÓPEZ|CON CLAUDIA IMPARABLES,20
p2026_1v,2026,PRESIDENTE 1V,41357,GUSTAVO MATAMOROS CAMACHO|PARTIDO ECOLOGISTA COLOMBIANO,0
p2026_1v,2026,PRESIDENTE 1V,41357,IVÁN CEPEDA CASTRO|MOVIMIENTO POLÍTICO PACTO HISTÓRICO,1937
p2026_1v,2026,PRESIDENTE 1V,41357,LUIS GILBERTO MURILLO URRUTIA|LA OPORTUNIDAD ES COLOMBIA,0
p2026_1v,2026,PRESIDENTE 1V,41357,MIGUEL URIBE LONDOÑO|PARTIDO DEMÓCRATA COLOMBIANO,16
p2026_1v,2026,PRESIDENTE 1V,41357,PALOMA VALENCIA LASERNA|PARTIDO CENTRO DEMOCRÁTICO,373
p2026_1v,2026,PRESIDENTE 1V,41357,RAÚL SANTIAGO BOTERO JARAMILLO|ROMPER EL SISTEMA,60
p2026_1v,2026,PRESIDENTE 1V,41357,ROY LEONARDO BARRERAS MONTEALEGRE|PARTIDO POLÍTICO LA FUERZA,4
p2026_1v,2026,PRESIDENTE 1V,41357,SERGIO FAJARDO VALDERRAMA|PARTIDO POLÍTICO DIGNIDAD & COMPROMISO,54
p2026_1v,2026,PRESIDENTE 1V,41357,"SONDRA MACOLLINS GARVIN PINTO|SONDRA MACOLLINS, LA ABOGADA DE HIERRO",6
p2026_1v,2026,PRESIDENTE 1V,41357,__BLANCO__,82
p2026_1v,2026,PRESIDENTE 1V,41357,__NO_MARCADOS__,15
p2026_1v,2026,PRESIDENTE 1V,41357,__NULOS__,52
p2026_1v,2026,PRESIDENTE 1V,41357,ÓSCAR MAURICIO LIZCANO ARANGO|COALICIÓN F.A.M.I.L.I.A,6
p2026_1v,2026,PRESIDENTE 1V,41359,ABELARDO DE LA ESPRIELLA|DEFENSORES DE LA PATRIA,6223
p2026_1v,2026,PRESIDENTE 1V,41359,CARLOS EDUARDO CAICEDO OMAR|CAICEDO,0
p2026_1v,2026,PRESIDENTE 1V,41359,CLAUDIA LÓPEZ|CON CLAUDIA IMPARABLES,66
p2026_1v,2026,PRESIDENTE 1V,41359,GUSTAVO MATAMOROS CAMACHO|PARTIDO ECOLOGISTA COLOMBIANO,5
p2026_1v,2026,PRESIDENTE 1V,41359,IVÁN CEPEDA CASTRO|MOVIMIENTO POLÍTICO PACTO HISTÓRICO,5078
p2026_1v,2026,PRESIDENTE 1V,41359,LUIS GILBERTO MURILLO URRUTIA|LA OPORTUNIDAD ES COLOMBIA,0
p2026_1v,2026,PRESIDENTE 1V,41359,MIGUEL URIBE LONDOÑO|PARTIDO DEMÓCRATA COLOMBIANO,33
p2026_1v,2026,PRESIDENTE 1V,41359,PALOMA VALENCIA LASERNA|PARTIDO CENTRO DEMOCRÁTICO,839
p2026_1v,2026,PRESIDENTE 1V,41359,RAÚL SANTIAGO BOTERO JARAMILLO|ROMPER EL SISTEMA,234
p2026_1v,2026,PRESIDENTE 1V,41359,ROY LEONARDO BARRERAS MONTEALEGRE|PARTIDO POLÍTICO LA FUERZA,9
p2026_1v,2026,PRESIDENTE 1V,41359,SERGIO FAJARDO VALDERRAMA|PARTIDO POLÍTICO DIGNIDAD & COMPROMISO,245
p2026_1v,2026,PRESIDENTE 1V,41359,"SONDRA MACOLLINS GARVIN PINTO|SONDRA MACOLLINS, LA ABOGADA DE HIERRO",22
p2026_1v,2026,PRESIDENTE 1V,41359,__BLANCO__,356
p2026_1v,2026,PRESIDENTE 1V,41359,__NO_MARCADOS__,83
p2026_1v,2026,PRESIDENTE 1V,41359,__NULOS__,204
p2026_1v,2026,PRESIDENTE 1V,41359,ÓSCAR MAURICIO LIZCANO ARANGO|COALICIÓN F.A.M.I.L.I.A,36
p2026_1v,2026,PRESIDENTE 1V,41378,ABELARDO DE LA ESPRIELLA|DEFENSORES DE LA PATRIA,3918
p2026_1v,2026,PRESIDENTE 1V,41378,CARLOS EDUARDO CAICEDO OMAR|CAICEDO,0
p2026_1v,2026,PRESIDENTE 1V,41378,CLAUDIA LÓPEZ|CON CLAUDIA IMPARABLES,26
p2026_1v,2026,PRESIDENTE 1V,41378,GUSTAVO MATAMOROS CAMACHO|PARTIDO ECOLOGISTA COLOMBIANO,1
p2026_1v,2026,PRESIDENTE 1V,41378,IVÁN CEPEDA CASTRO|MOVIMIENTO POLÍTICO PACTO HISTÓRICO,2210
p2026_1v,2026,PRESIDENTE 1V,41378,LUIS GILBERTO MURILLO URRUTIA|LA OPORTUNIDAD ES COLOMBIA,0
p2026_1v,2026,PRESIDENTE 1V,41378,MIGUEL URIBE LONDOÑO|PARTIDO DEMÓCRATA COLOMBIANO,10
p2026_1v,2026,PRESIDENTE 1V,41378,PALOMA VALENCIA LASERNA|PARTIDO CENTRO DEMOCRÁTICO,332
p2026_1v,2026,PRESIDENTE 1V,41378,RAÚL SANTIAGO BOTERO JARAMILLO|ROMPER EL SISTEMA,54
p2026_1v,2026,PRESIDENTE 1V,41378,ROY LEONARDO BARRERAS MONTEALEGRE|PARTIDO POLÍTICO LA FUERZA,9
p2026_1v,2026,PRESIDENTE 1V,41378,SERGIO FAJARDO VALDERRAMA|PARTIDO POLÍTICO DIGNIDAD & COMPROMISO,98
p2026_1v,2026,PRESIDENTE 1V,41378,"SONDRA MACOLLINS GARVIN PINTO|SONDRA MACOLLINS, LA ABOGADA DE HIERRO",9
p2026_1v,2026,PRESIDENTE 1V,41378,__BLANCO__,184
p2026_1v,2026,PRESIDENTE 1V,41378,__NO_MARCADOS__,34
p2026_1v,2026,PRESIDENTE 1V,41378,__NULOS__,82
p2026_1v,2026,PRESIDENTE 1V,41378,ÓSCAR MAURICIO LIZCANO ARANGO|COALICIÓN F.A.M.I.L.I.A,8
p2026_1v,2026,PRESIDENTE 1V,41396,ABELARDO DE LA ESPRIELLA|DEFENSORES DE LA PATRIA,14670
p2026_1v,2026,PRESIDENTE 1V,41396,CARLOS EDUARDO CAICEDO OMAR|CAICEDO,0
p2026_1v,2026,PRESIDENTE 1V,41396,CLAUDIA LÓPEZ|CON CLAUDIA IMPARABLES,160
p2026_1v,2026,PRESIDENTE 1V,41396,GUSTAVO MATAMOROS CAMACHO|PARTIDO ECOLOGISTA COLOMBIANO,3
p2026_1v,2026,PRESIDENTE 1V,41396,IVÁN CEPEDA CASTRO|MOVIMIENTO POLÍTICO PACTO HISTÓRICO,7828
p2026_1v,2026,PRESIDENTE 1V,41396,LUIS GILBERTO MURILLO URRUTIA|LA OPORTUNIDAD ES COLOMBIA,0
p2026_1v,2026,PRESIDENTE 1V,41396,MIGUEL URIBE LONDOÑO|PARTIDO DEMÓCRATA COLOMBIANO,60
p2026_1v,2026,PRESIDENTE 1V,41396,PALOMA VALENCIA LASERNA|PARTIDO CENTRO DEMOCRÁTICO,2122
p2026_1v,2026,PRESIDENTE 1V,41396,RAÚL SANTIAGO BOTERO JARAMILLO|ROMPER EL SISTEMA,366
p2026_1v,2026,PRESIDENTE 1V,41396,ROY LEONARDO BARRERAS MONTEALEGRE|PARTIDO POLÍTICO LA FUERZA,26
p2026_1v,2026,PRESIDENTE 1V,41396,SERGIO FAJARDO VALDERRAMA|PARTIDO POLÍTICO DIGNIDAD & COMPROMISO,524
p2026_1v,2026,PRESIDENTE 1V,41396,"SONDRA MACOLLINS GARVIN PINTO|SONDRA MACOLLINS, LA ABOGADA DE HIERRO",40
p2026_1v,2026,PRESIDENTE 1V,41396,__BLANCO__,554
p2026_1v,2026,PRESIDENTE 1V,41396,__NO_MARCADOS__,137
p2026_1v,2026,PRESIDENTE 1V,41396,__NULOS__,344
p2026_1v,2026,PRESIDENTE 1V,41396,ÓSCAR MAURICIO LIZCANO ARANGO|COALICIÓN F.A.M.I.L.I.A,50
p2026_1v,2026,PRESIDENTE 1V,41483,ABELARDO DE LA ESPRIELLA|DEFENSORES DE LA PATRIA,1268
p2026_1v,2026,PRESIDENTE 1V,41483,CARLOS EDUARDO CAICEDO OMAR|CAICEDO,0
p2026_1v,2026,PRESIDENTE 1V,41483,CLAUDIA LÓPEZ|CON CLAUDIA IMPARABLES,26
p2026_1v,2026,PRESIDENTE 1V,41483,GUSTAVO MATAMOROS CAMACHO|PARTIDO ECOLOGISTA COLOMBIANO,1
p2026_1v,2026,PRESIDENTE 1V,41483,IVÁN CEPEDA CASTRO|MOVIMIENTO POLÍTICO PACTO HISTÓRICO,899
p2026_1v,2026,PRESIDENTE 1V,41483,LUIS GILBERTO MURILLO URRUTIA|LA OPORTUNIDAD ES COLOMBIA,0
p2026_1v,2026,PRESIDENTE 1V,41483,MIGUEL URIBE LONDOÑO|PARTIDO DEMÓCRATA COLOMBIANO,13
p2026_1v,2026,PRESIDENTE 1V,41483,PALOMA VALENCIA LASERNA|PARTIDO CENTRO DEMOCRÁTICO,446
p2026_1v,2026,PRESIDENTE 1V,41483,RAÚL SANTIAGO BOTERO JARAMILLO|ROMPER EL SISTEMA,40
p2026_1v,2026,PRESIDENTE 1V,41483,ROY LEONARDO BARRERAS MONTEALEGRE|PARTIDO POLÍTICO LA FUERZA,4
p2026_1v,2026,PRESIDENTE 1V,41483,SERGIO FAJARDO VALDERRAMA|PARTIDO POLÍTICO DIGNIDAD & COMPROMISO,30
p2026_1v,2026,PRESIDENTE 1V,41483,"SONDRA MACOLLINS GARVIN PINTO|SONDRA MACOLLINS, LA ABOGADA DE HIERRO",5
p2026_1v,2026,PRESIDENTE 1V,41483,__BLANCO__,79
p2026_1v,2026,PRESIDENTE 1V,41483,__NO_MARCADOS__,17
p2026_1v,2026,PRESIDENTE 1V,41483,__NULOS__,41
p2026_1v,2026,PRESIDENTE 1V,41483,ÓSCAR MAURICIO LIZCANO ARANGO|COALICIÓN F.A.M.I.L.I.A,9
p2026_1v,2026,PRESIDENTE 1V,41503,ABELARDO DE LA ESPRIELLA|DEFENSORES DE LA PATRIA,3870
p2026_1v,2026,PRESIDENTE 1V,41503,CARLOS EDUARDO CAICEDO OMAR|CAICEDO,0
p2026_1v,2026,PRESIDENTE 1V,41503,CLAUDIA LÓPEZ|CON CLAUDIA IMPARABLES,14
p2026_1v,2026,PRESIDENTE 1V,41503,GUSTAVO MATAMOROS CAMACHO|PARTIDO ECOLOGISTA COLOMBIANO,2
p2026_1v,2026,PRESIDENTE 1V,41503,IVÁN CEPEDA CASTRO|MOVIMIENTO POLÍTICO PACTO HISTÓRICO,808
p2026_1v,2026,PRESIDENTE 1V,41503,LUIS GILBERTO MURILLO URRUTIA|LA OPORTUNIDAD ES COLOMBIA,0
p2026_1v,2026,PRESIDENTE 1V,41503,MIGUEL URIBE LONDOÑO|PARTIDO DEMÓCRATA COLOMBIANO,9
p2026_1v,2026,PRESIDENTE 1V,41503,PALOMA VALENCIA LASERNA|PARTIDO CENTRO DEMOCRÁTICO,462
p2026_1v,2026,PRESIDENTE 1V,41503,RAÚL SANTIAGO BOTERO JARAMILLO|ROMPER EL SISTEMA,73
p2026_1v,2026,PRESIDENTE 1V,41503,ROY LEONARDO BARRERAS MONTEALEGRE|PARTIDO POLÍTICO LA FUERZA,2
p2026_1v,2026,PRESIDENTE 1V,41503,SERGIO FAJARDO VALDERRAMA|PARTIDO POLÍTICO DIGNIDAD & COMPROMISO,114
p2026_1v,2026,PRESIDENTE 1V,41503,"SONDRA MACOLLINS GARVIN PINTO|SONDRA MACOLLINS, LA ABOGADA DE HIERRO",7
p2026_1v,2026,PRESIDENTE 1V,41503,__BLANCO__,96
p2026_1v,2026,PRESIDENTE 1V,41503,__NO_MARCADOS__,15
p2026_1v,2026,PRESIDENTE 1V,41503,__NULOS__,30
p2026_1v,2026,PRESIDENTE 1V,41503,ÓSCAR MAURICIO LIZCANO ARANGO|COALICIÓN F.A.M.I.L.I.A,2
p2026_1v,2026,PRESIDENTE 1V,41518,ABELARDO DE LA ESPRIELLA|DEFENSORES DE LA PATRIA,2560
p2026_1v,2026,PRESIDENTE 1V,41518,CARLOS EDUARDO CAICEDO OMAR|CAICEDO,0
p2026_1v,2026,PRESIDENTE 1V,41518,CLAUDIA LÓPEZ|CON CLAUDIA IMPARABLES,9
p2026_1v,2026,PRESIDENTE 1V,41518,GUSTAVO MATAMOROS CAMACHO|PARTIDO ECOLOGISTA COLOMBIANO,0
p2026_1v,2026,PRESIDENTE 1V,41518,IVÁN CEPEDA CASTRO|MOVIMIENTO POLÍTICO PACTO HISTÓRICO,569
p2026_1v,2026,PRESIDENTE 1V,41518,LUIS GILBERTO MURILLO URRUTIA|LA OPORTUNIDAD ES COLOMBIA,0
p2026_1v,2026,PRESIDENTE 1V,41518,MIGUEL URIBE LONDOÑO|PARTIDO DEMÓCRATA COLOMBIANO,2
p2026_1v,2026,PRESIDENTE 1V,41518,PALOMA VALENCIA LASERNA|PARTIDO CENTRO DEMOCRÁTICO,215
p2026_1v,2026,PRESIDENTE 1V,41518,RAÚL SANTIAGO BOTERO JARAMILLO|ROMPER EL SISTEMA,35
p2026_1v,2026,PRESIDENTE 1V,41518,ROY LEONARDO BARRERAS MONTEALEGRE|PARTIDO POLÍTICO LA FUERZA,0
p2026_1v,2026,PRESIDENTE 1V,41518,SERGIO FAJARDO VALDERRAMA|PARTIDO POLÍTICO DIGNIDAD & COMPROMISO,50
p2026_1v,2026,PRESIDENTE 1V,41518,"SONDRA MACOLLINS GARVIN PINTO|SONDRA MACOLLINS, LA ABOGADA DE HIERRO",1
p2026_1v,2026,PRESIDENTE 1V,41518,__BLANCO__,40
p2026_1v,2026,PRESIDENTE 1V,41518,__NO_MARCADOS__,13
p2026_1v,2026,PRESIDENTE 1V,41518,__NULOS__,18
p2026_1v,2026,PRESIDENTE 1V,41518,ÓSCAR MAURICIO LIZCANO ARANGO|COALICIÓN F.A.M.I.L.I.A,5
p2026_1v,2026,PRESIDENTE 1V,41524,ABELARDO DE LA ESPRIELLA|DEFENSORES DE LA PATRIA,7265
p2026_1v,2026,PRESIDENTE 1V,41524,CARLOS EDUARDO CAICEDO OMAR|CAICEDO,0
p2026_1v,2026,PRESIDENTE 1V,41524,CLAUDIA LÓPEZ|CON CLAUDIA IMPARABLES,57
p2026_1v,2026,PRESIDENTE 1V,41524,GUSTAVO MATAMOROS CAMACHO|PARTIDO ECOLOGISTA COLOMBIANO,1
p2026_1v,2026,PRESIDENTE 1V,41524,IVÁN CEPEDA CASTRO|MOVIMIENTO POLÍTICO PACTO HISTÓRICO,4008
p2026_1v,2026,PRESIDENTE 1V,41524,LUIS GILBERTO MURILLO URRUTIA|LA OPORTUNIDAD ES COLOMBIA,0
p2026_1v,2026,PRESIDENTE 1V,41524,MIGUEL URIBE LONDOÑO|PARTIDO DEMÓCRATA COLOMBIANO,22
p2026_1v,2026,PRESIDENTE 1V,41524,PALOMA VALENCIA LASERNA|PARTIDO CENTRO DEMOCRÁTICO,806
p2026_1v,2026,PRESIDENTE 1V,41524,RAÚL SANTIAGO BOTERO JARAMILLO|ROMPER EL SISTEMA,167
p2026_1v,2026,PRESIDENTE 1V,41524,ROY LEONARDO BARRERAS MONTEALEGRE|PARTIDO POLÍTICO LA FUERZA,9
p2026_1v,2026,PRESIDENTE 1V,41524,SERGIO FAJARDO VALDERRAMA|PARTIDO POLÍTICO DIGNIDAD & COMPROMISO,268
p2026_1v,2026,PRESIDENTE 1V,41524,"SONDRA MACOLLINS GARVIN PINTO|SONDRA MACOLLINS, LA ABOGADA DE HIERRO",11
p2026_1v,2026,PRESIDENTE 1V,41524,__BLANCO__,218
p2026_1v,2026,PRESIDENTE 1V,41524,__NO_MARCADOS__,34
p2026_1v,2026,PRESIDENTE 1V,41524,__NULOS__,128
p2026_1v,2026,PRESIDENTE 1V,41524,ÓSCAR MAURICIO LIZCANO ARANGO|COALICIÓN F.A.M.I.L.I.A,20
p2026_1v,2026,PRESIDENTE 1V,41530,ABELARDO DE LA ESPRIELLA|DEFENSORES DE LA PATRIA,3491
p2026_1v,2026,PRESIDENTE 1V,41530,CARLOS EDUARDO CAICEDO OMAR|CAICEDO,0
p2026_1v,2026,PRESIDENTE 1V,41530,CLAUDIA LÓPEZ|CON CLAUDIA IMPARABLES,28
p2026_1v,2026,PRESIDENTE 1V,41530,GUSTAVO MATAMOROS CAMACHO|PARTIDO ECOLOGISTA COLOMBIANO,2
p2026_1v,2026,PRESIDENTE 1V,41530,IVÁN CEPEDA CASTRO|MOVIMIENTO POLÍTICO PACTO HISTÓRICO,1583
p2026_1v,2026,PRESIDENTE 1V,41530,LUIS GILBERTO MURILLO URRUTIA|LA OPORTUNIDAD ES COLOMBIA,0
p2026_1v,2026,PRESIDENTE 1V,41530,MIGUEL URIBE LONDOÑO|PARTIDO DEMÓCRATA COLOMBIANO,7
p2026_1v,2026,PRESIDENTE 1V,41530,PALOMA VALENCIA LASERNA|PARTIDO CENTRO DEMOCRÁTICO,446
p2026_1v,2026,PRESIDENTE 1V,41530,RAÚL SANTIAGO BOTERO JARAMILLO|ROMPER EL SISTEMA,87
p2026_1v,2026,PRESIDENTE 1V,41530,ROY LEONARDO BARRERAS MONTEALEGRE|PARTIDO POLÍTICO LA FUERZA,6
p2026_1v,2026,PRESIDENTE 1V,41530,SERGIO FAJARDO VALDERRAMA|PARTIDO POLÍTICO DIGNIDAD & COMPROMISO,85
p2026_1v,2026,PRESIDENTE 1V,41530,"SONDRA MACOLLINS GARVIN PINTO|SONDRA MACOLLINS, LA ABOGADA DE HIERRO",14
p2026_1v,2026,PRESIDENTE 1V,41530,__BLANCO__,147
p2026_1v,2026,PRESIDENTE 1V,41530,__NO_MARCADOS__,31
p2026_1v,2026,PRESIDENTE 1V,41530,__NULOS__,66
p2026_1v,2026,PRESIDENTE 1V,41530,ÓSCAR MAURICIO LIZCANO ARANGO|COALICIÓN F.A.M.I.L.I.A,8
p2026_1v,2026,PRESIDENTE 1V,41548,ABELARDO DE LA ESPRIELLA|DEFENSORES DE LA PATRIA,4096
p2026_1v,2026,PRESIDENTE 1V,41548,CARLOS EDUARDO CAICEDO OMAR|CAICEDO,0
p2026_1v,2026,PRESIDENTE 1V,41548,CLAUDIA LÓPEZ|CON CLAUDIA IMPARABLES,23
p2026_1v,2026,PRESIDENTE 1V,41548,GUSTAVO MATAMOROS CAMACHO|PARTIDO ECOLOGISTA COLOMBIANO,1
p2026_1v,2026,PRESIDENTE 1V,41548,IVÁN CEPEDA CASTRO|MOVIMIENTO POLÍTICO PACTO HISTÓRICO,1380
p2026_1v,2026,PRESIDENTE 1V,41548,LUIS GILBERTO MURILLO URRUTIA|LA OPORTUNIDAD ES COLOMBIA,0
p2026_1v,2026,PRESIDENTE 1V,41548,MIGUEL URIBE LONDOÑO|PARTIDO DEMÓCRATA COLOMBIANO,14
p2026_1v,2026,PRESIDENTE 1V,41548,PALOMA VALENCIA LASERNA|PARTIDO CENTRO DEMOCRÁTICO,326
p2026_1v,2026,PRESIDENTE 1V,41548,RAÚL SANTIAGO BOTERO JARAMILLO|ROMPER EL SISTEMA,82
p2026_1v,2026,PRESIDENTE 1V,41548,ROY LEONARDO BARRERAS MONTEALEGRE|PARTIDO POLÍTICO LA FUERZA,6
p2026_1v,2026,PRESIDENTE 1V,41548,SERGIO FAJARDO VALDERRAMA|PARTIDO POLÍTICO DIGNIDAD & COMPROMISO,122
p2026_1v,2026,PRESIDENTE 1V,41548,"SONDRA MACOLLINS GARVIN PINTO|SONDRA MACOLLINS, LA ABOGADA DE HIERRO",5
p2026_1v,2026,PRESIDENTE 1V,41548,__BLANCO__,83
p2026_1v,2026,PRESIDENTE 1V,41548,__NO_MARCADOS__,17
p2026_1v,2026,PRESIDENTE 1V,41548,__NULOS__,39
p2026_1v,2026,PRESIDENTE 1V,41548,ÓSCAR MAURICIO LIZCANO ARANGO|COALICIÓN F.A.M.I.L.I.A,10
p2026_1v,2026,PRESIDENTE 1V,41551,ABELARDO DE LA ESPRIELLA|DEFENSORES DE LA PATRIA,34495
p2026_1v,2026,PRESIDENTE 1V,41551,CARLOS EDUARDO CAICEDO OMAR|CAICEDO,0
p2026_1v,2026,PRESIDENTE 1V,41551,CLAUDIA LÓPEZ|CON CLAUDIA IMPARABLES,321
p2026_1v,2026,PRESIDENTE 1V,41551,GUSTAVO MATAMOROS CAMACHO|PARTIDO ECOLOGISTA COLOMBIANO,19
p2026_1v,2026,PRESIDENTE 1V,41551,IVÁN CEPEDA CASTRO|MOVIMIENTO POLÍTICO PACTO HISTÓRICO,21917
p2026_1v,2026,PRESIDENTE 1V,41551,LUIS GILBERTO MURILLO URRUTIA|LA OPORTUNIDAD ES COLOMBIA,0
p2026_1v,2026,PRESIDENTE 1V,41551,MIGUEL URIBE LONDOÑO|PARTIDO DEMÓCRATA COLOMBIANO,102
p2026_1v,2026,PRESIDENTE 1V,41551,PALOMA VALENCIA LASERNA|PARTIDO CENTRO DEMOCRÁTICO,3611
p2026_1v,2026,PRESIDENTE 1V,41551,RAÚL SANTIAGO BOTERO JARAMILLO|ROMPER EL SISTEMA,824
p2026_1v,2026,PRESIDENTE 1V,41551,ROY LEONARDO BARRERAS MONTEALEGRE|PARTIDO POLÍTICO LA FUERZA,27
p2026_1v,2026,PRESIDENTE 1V,41551,SERGIO FAJARDO VALDERRAMA|PARTIDO POLÍTICO DIGNIDAD & COMPROMISO,1893
p2026_1v,2026,PRESIDENTE 1V,41551,"SONDRA MACOLLINS GARVIN PINTO|SONDRA MACOLLINS, LA ABOGADA DE HIERRO",85
p2026_1v,2026,PRESIDENTE 1V,41551,__BLANCO__,1266
p2026_1v,2026,PRESIDENTE 1V,41551,__NO_MARCADOS__,177
p2026_1v,2026,PRESIDENTE 1V,41551,__NULOS__,629
p2026_1v,2026,PRESIDENTE 1V,41551,ÓSCAR MAURICIO LIZCANO ARANGO|COALICIÓN F.A.M.I.L.I.A,94
p2026_1v,2026,PRESIDENTE 1V,41615,ABELARDO DE LA ESPRIELLA|DEFENSORES DE LA PATRIA,6179
p2026_1v,2026,PRESIDENTE 1V,41615,CARLOS EDUARDO CAICEDO OMAR|CAICEDO,0
p2026_1v,2026,PRESIDENTE 1V,41615,CLAUDIA LÓPEZ|CON CLAUDIA IMPARABLES,69
p2026_1v,2026,PRESIDENTE 1V,41615,GUSTAVO MATAMOROS CAMACHO|PARTIDO ECOLOGISTA COLOMBIANO,4
p2026_1v,2026,PRESIDENTE 1V,41615,IVÁN CEPEDA CASTRO|MOVIMIENTO POLÍTICO PACTO HISTÓRICO,4709
p2026_1v,2026,PRESIDENTE 1V,41615,LUIS GILBERTO MURILLO URRUTIA|LA OPORTUNIDAD ES COLOMBIA,0
p2026_1v,2026,PRESIDENTE 1V,41615,MIGUEL URIBE LONDOÑO|PARTIDO DEMÓCRATA COLOMBIANO,15
p2026_1v,2026,PRESIDENTE 1V,41615,PALOMA VALENCIA LASERNA|PARTIDO CENTRO DEMOCRÁTICO,726
p2026_1v,2026,PRESIDENTE 1V,41615,RAÚL SANTIAGO BOTERO JARAMILLO|ROMPER EL SISTEMA,116
p2026_1v,2026,PRESIDENTE 1V,41615,ROY LEONARDO BARRERAS MONTEALEGRE|PARTIDO POLÍTICO LA FUERZA,23
p2026_1v,2026,PRESIDENTE 1V,41615,SERGIO FAJARDO VALDERRAMA|PARTIDO POLÍTICO DIGNIDAD & COMPROMISO,298
p2026_1v,2026,PRESIDENTE 1V,41615,"SONDRA MACOLLINS GARVIN PINTO|SONDRA MACOLLINS, LA ABOGADA DE HIERRO",14
p2026_1v,2026,PRESIDENTE 1V,41615,__BLANCO__,228
p2026_1v,2026,PRESIDENTE 1V,41615,__NO_MARCADOS__,24
p2026_1v,2026,PRESIDENTE 1V,41615,__NULOS__,174
p2026_1v,2026,PRESIDENTE 1V,41615,ÓSCAR MAURICIO LIZCANO ARANGO|COALICIÓN F.A.M.I.L.I.A,16
p2026_1v,2026,PRESIDENTE 1V,41660,ABELARDO DE LA ESPRIELLA|DEFENSORES DE LA PATRIA,4678
p2026_1v,2026,PRESIDENTE 1V,41660,CARLOS EDUARDO CAICEDO OMAR|CAICEDO,0
p2026_1v,2026,PRESIDENTE 1V,41660,CLAUDIA LÓPEZ|CON CLAUDIA IMPARABLES,19
p2026_1v,2026,PRESIDENTE 1V,41660,GUSTAVO MATAMOROS CAMACHO|PARTIDO ECOLOGISTA COLOMBIANO,3
p2026_1v,2026,PRESIDENTE 1V,41660,IVÁN CEPEDA CASTRO|MOVIMIENTO POLÍTICO PACTO HISTÓRICO,1028
p2026_1v,2026,PRESIDENTE 1V,41660,LUIS GILBERTO MURILLO URRUTIA|LA OPORTUNIDAD ES COLOMBIA,0
p2026_1v,2026,PRESIDENTE 1V,41660,MIGUEL URIBE LONDOÑO|PARTIDO DEMÓCRATA COLOMBIANO,10
p2026_1v,2026,PRESIDENTE 1V,41660,PALOMA VALENCIA LASERNA|PARTIDO CENTRO DEMOCRÁTICO,307
p2026_1v,2026,PRESIDENTE 1V,41660,RAÚL SANTIAGO BOTERO JARAMILLO|ROMPER EL SISTEMA,56
p2026_1v,2026,PRESIDENTE 1V,41660,ROY LEONARDO BARRERAS MONTEALEGRE|PARTIDO POLÍTICO LA FUERZA,4
p2026_1v,2026,PRESIDENTE 1V,41660,SERGIO FAJARDO VALDERRAMA|PARTIDO POLÍTICO DIGNIDAD & COMPROMISO,61
p2026_1v,2026,PRESIDENTE 1V,41660,"SONDRA MACOLLINS GARVIN PINTO|SONDRA MACOLLINS, LA ABOGADA DE HIERRO",9
p2026_1v,2026,PRESIDENTE 1V,41660,__BLANCO__,89
p2026_1v,2026,PRESIDENTE 1V,41660,__NO_MARCADOS__,34
p2026_1v,2026,PRESIDENTE 1V,41660,__NULOS__,37
p2026_1v,2026,PRESIDENTE 1V,41660,ÓSCAR MAURICIO LIZCANO ARANGO|COALICIÓN F.A.M.I.L.I.A,17
p2026_1v,2026,PRESIDENTE 1V,41668,ABELARDO DE LA ESPRIELLA|DEFENSORES DE LA PATRIA,8484
p2026_1v,2026,PRESIDENTE 1V,41668,CARLOS EDUARDO CAICEDO OMAR|CAICEDO,0
p2026_1v,2026,PRESIDENTE 1V,41668,CLAUDIA LÓPEZ|CON CLAUDIA IMPARABLES,108
p2026_1v,2026,PRESIDENTE 1V,41668,GUSTAVO MATAMOROS CAMACHO|PARTIDO ECOLOGISTA COLOMBIANO,4
p2026_1v,2026,PRESIDENTE 1V,41668,IVÁN CEPEDA CASTRO|MOVIMIENTO POLÍTICO PACTO HISTÓRICO,5218
p2026_1v,2026,PRESIDENTE 1V,41668,LUIS GILBERTO MURILLO URRUTIA|LA OPORTUNIDAD ES COLOMBIA,0
p2026_1v,2026,PRESIDENTE 1V,41668,MIGUEL URIBE LONDOÑO|PARTIDO DEMÓCRATA COLOMBIANO,38
p2026_1v,2026,PRESIDENTE 1V,41668,PALOMA VALENCIA LASERNA|PARTIDO CENTRO DEMOCRÁTICO,996
p2026_1v,2026,PRESIDENTE 1V,41668,RAÚL SANTIAGO BOTERO JARAMILLO|ROMPER EL SISTEMA,144
p2026_1v,2026,PRESIDENTE 1V,41668,ROY LEONARDO BARRERAS MONTEALEGRE|PARTIDO POLÍTICO LA FUERZA,15
p2026_1v,2026,PRESIDENTE 1V,41668,SERGIO FAJARDO VALDERRAMA|PARTIDO POLÍTICO DIGNIDAD & COMPROMISO,240
p2026_1v,2026,PRESIDENTE 1V,41668,"SONDRA MACOLLINS GARVIN PINTO|SONDRA MACOLLINS, LA ABOGADA DE HIERRO",31
p2026_1v,2026,PRESIDENTE 1V,41668,__BLANCO__,295
p2026_1v,2026,PRESIDENTE 1V,41668,__NO_MARCADOS__,66
p2026_1v,2026,PRESIDENTE 1V,41668,__NULOS__,135
p2026_1v,2026,PRESIDENTE 1V,41668,ÓSCAR MAURICIO LIZCANO ARANGO|COALICIÓN F.A.M.I.L.I.A,18
p2026_1v,2026,PRESIDENTE 1V,41676,ABELARDO DE LA ESPRIELLA|DEFENSORES DE LA PATRIA,3457
p2026_1v,2026,PRESIDENTE 1V,41676,CARLOS EDUARDO CAICEDO OMAR|CAICEDO,0
p2026_1v,2026,PRESIDENTE 1V,41676,CLAUDIA LÓPEZ|CON CLAUDIA IMPARABLES,23
p2026_1v,2026,PRESIDENTE 1V,41676,GUSTAVO MATAMOROS CAMACHO|PARTIDO ECOLOGISTA COLOMBIANO,1
p2026_1v,2026,PRESIDENTE 1V,41676,IVÁN CEPEDA CASTRO|MOVIMIENTO POLÍTICO PACTO HISTÓRICO,824
p2026_1v,2026,PRESIDENTE 1V,41676,LUIS GILBERTO MURILLO URRUTIA|LA OPORTUNIDAD ES COLOMBIA,0
p2026_1v,2026,PRESIDENTE 1V,41676,MIGUEL URIBE LONDOÑO|PARTIDO DEMÓCRATA COLOMBIANO,17
p2026_1v,2026,PRESIDENTE 1V,41676,PALOMA VALENCIA LASERNA|PARTIDO CENTRO DEMOCRÁTICO,586
p2026_1v,2026,PRESIDENTE 1V,41676,RAÚL SANTIAGO BOTERO JARAMILLO|ROMPER EL SISTEMA,55
p2026_1v,2026,PRESIDENTE 1V,41676,ROY LEONARDO BARRERAS MONTEALEGRE|PARTIDO POLÍTICO LA FUERZA,7
p2026_1v,2026,PRESIDENTE 1V,41676,SERGIO FAJARDO VALDERRAMA|PARTIDO POLÍTICO DIGNIDAD & COMPROMISO,104
p2026_1v,2026,PRESIDENTE 1V,41676,"SONDRA MACOLLINS GARVIN PINTO|SONDRA MACOLLINS, LA ABOGADA DE HIERRO",9
p2026_1v,2026,PRESIDENTE 1V,41676,__BLANCO__,70
p2026_1v,2026,PRESIDENTE 1V,41676,__NO_MARCADOS__,18
p2026_1v,2026,PRESIDENTE 1V,41676,__NULOS__,39
p2026_1v,2026,PRESIDENTE 1V,41676,ÓSCAR MAURICIO LIZCANO ARANGO|COALICIÓN F.A.M.I.L.I.A,11
p2026_1v,2026,PRESIDENTE 1V,41770,ABELARDO DE LA ESPRIELLA|DEFENSORES DE LA PATRIA,6145
p2026_1v,2026,PRESIDENTE 1V,41770,CARLOS EDUARDO CAICEDO OMAR|CAICEDO,0
p2026_1v,2026,PRESIDENTE 1V,41770,CLAUDIA LÓPEZ|CON CLAUDIA IMPARABLES,30
p2026_1v,2026,PRESIDENTE 1V,41770,GUSTAVO MATAMOROS CAMACHO|PARTIDO ECOLOGISTA COLOMBIANO,1
p2026_1v,2026,PRESIDENTE 1V,41770,IVÁN CEPEDA CASTRO|MOVIMIENTO POLÍTICO PACTO HISTÓRICO,2001
p2026_1v,2026,PRESIDENTE 1V,41770,LUIS GILBERTO MURILLO URRUTIA|LA OPORTUNIDAD ES COLOMBIA,0
p2026_1v,2026,PRESIDENTE 1V,41770,MIGUEL URIBE LONDOÑO|PARTIDO DEMÓCRATA COLOMBIANO,18
p2026_1v,2026,PRESIDENTE 1V,41770,PALOMA VALENCIA LASERNA|PARTIDO CENTRO DEMOCRÁTICO,395
p2026_1v,2026,PRESIDENTE 1V,41770,RAÚL SANTIAGO BOTERO JARAMILLO|ROMPER EL SISTEMA,163
p2026_1v,2026,PRESIDENTE 1V,41770,ROY LEONARDO BARRERAS MONTEALEGRE|PARTIDO POLÍTICO LA FUERZA,9
p2026_1v,2026,PRESIDENTE 1V,41770,SERGIO FAJARDO VALDERRAMA|PARTIDO POLÍTICO DIGNIDAD & COMPROMISO,142
p2026_1v,2026,PRESIDENTE 1V,41770,"SONDRA MACOLLINS GARVIN PINTO|SONDRA MACOLLINS, LA ABOGADA DE HIERRO",7
p2026_1v,2026,PRESIDENTE 1V,41770,__BLANCO__,140
p2026_1v,2026,PRESIDENTE 1V,41770,__NO_MARCADOS__,28
p2026_1v,2026,PRESIDENTE 1V,41770,__NULOS__,85
p2026_1v,2026,PRESIDENTE 1V,41770,ÓSCAR MAURICIO LIZCANO ARANGO|COALICIÓN F.A.M.I.L.I.A,14
p2026_1v,2026,PRESIDENTE 1V,41791,ABELARDO DE LA ESPRIELLA|DEFENSORES DE LA PATRIA,5038
p2026_1v,2026,PRESIDENTE 1V,41791,CARLOS EDUARDO CAICEDO OMAR|CAICEDO,0
p2026_1v,2026,PRESIDENTE 1V,41791,CLAUDIA LÓPEZ|CON CLAUDIA IMPARABLES,23
p2026_1v,2026,PRESIDENTE 1V,41791,GUSTAVO MATAMOROS CAMACHO|PARTIDO ECOLOGISTA COLOMBIANO,0
p2026_1v,2026,PRESIDENTE 1V,41791,IVÁN CEPEDA CASTRO|MOVIMIENTO POLÍTICO PACTO HISTÓRICO,1693
p2026_1v,2026,PRESIDENTE 1V,41791,LUIS GILBERTO MURILLO URRUTIA|LA OPORTUNIDAD ES COLOMBIA,0
p2026_1v,2026,PRESIDENTE 1V,41791,MIGUEL URIBE LONDOÑO|PARTIDO DEMÓCRATA COLOMBIANO,9
p2026_1v,2026,PRESIDENTE 1V,41791,PALOMA VALENCIA LASERNA|PARTIDO CENTRO DEMOCRÁTICO,465
p2026_1v,2026,PRESIDENTE 1V,41791,RAÚL SANTIAGO BOTERO JARAMILLO|ROMPER EL SISTEMA,62
p2026_1v,2026,PRESIDENTE 1V,41791,ROY LEONARDO BARRERAS MONTEALEGRE|PARTIDO POLÍTICO LA FUERZA,8
p2026_1v,2026,PRESIDENTE 1V,41791,SERGIO FAJARDO VALDERRAMA|PARTIDO POLÍTICO DIGNIDAD & COMPROMISO,131
p2026_1v,2026,PRESIDENTE 1V,41791,"SONDRA MACOLLINS GARVIN PINTO|SONDRA MACOLLINS, LA ABOGADA DE HIERRO",4
p2026_1v,2026,PRESIDENTE 1V,41791,__BLANCO__,143
p2026_1v,2026,PRESIDENTE 1V,41791,__NO_MARCADOS__,23
p2026_1v,2026,PRESIDENTE 1V,41791,__NULOS__,57
p2026_1v,2026,PRESIDENTE 1V,41791,ÓSCAR MAURICIO LIZCANO ARANGO|COALICIÓN F.A.M.I.L.I.A,15
p2026_1v,2026,PRESIDENTE 1V,41797,ABELARDO DE LA ESPRIELLA|DEFENSORES DE LA PATRIA,3825
p2026_1v,2026,PRESIDENTE 1V,41797,CARLOS EDUARDO CAICEDO OMAR|CAICEDO,0
p2026_1v,2026,PRESIDENTE 1V,41797,CLAUDIA LÓPEZ|CON CLAUDIA IMPARABLES,36
p2026_1v,2026,PRESIDENTE 1V,41797,GUSTAVO MATAMOROS CAMACHO|PARTIDO ECOLOGISTA COLOMBIANO,2
p2026_1v,2026,PRESIDENTE 1V,41797,IVÁN CEPEDA CASTRO|MOVIMIENTO POLÍTICO PACTO HISTÓRICO,968
p2026_1v,2026,PRESIDENTE 1V,41797,LUIS GILBERTO MURILLO URRUTIA|LA OPORTUNIDAD ES COLOMBIA,0
p2026_1v,2026,PRESIDENTE 1V,41797,MIGUEL URIBE LONDOÑO|PARTIDO DEMÓCRATA COLOMBIANO,7
p2026_1v,2026,PRESIDENTE 1V,41797,PALOMA VALENCIA LASERNA|PARTIDO CENTRO DEMOCRÁTICO,330
p2026_1v,2026,PRESIDENTE 1V,41797,RAÚL SANTIAGO BOTERO JARAMILLO|ROMPER EL SISTEMA,64
p2026_1v,2026,PRESIDENTE 1V,41797,ROY LEONARDO BARRERAS MONTEALEGRE|PARTIDO POLÍTICO LA FUERZA,3
p2026_1v,2026,PRESIDENTE 1V,41797,SERGIO FAJARDO VALDERRAMA|PARTIDO POLÍTICO DIGNIDAD & COMPROMISO,107
p2026_1v,2026,PRESIDENTE 1V,41797,"SONDRA MACOLLINS GARVIN PINTO|SONDRA MACOLLINS, LA ABOGADA DE HIERRO",2
p2026_1v,2026,PRESIDENTE 1V,41797,__BLANCO__,99
p2026_1v,2026,PRESIDENTE 1V,41797,__NO_MARCADOS__,19
p2026_1v,2026,PRESIDENTE 1V,41797,__NULOS__,79
p2026_1v,2026,PRESIDENTE 1V,41797,ÓSCAR MAURICIO LIZCANO ARANGO|COALICIÓN F.A.M.I.L.I.A,5
p2026_1v,2026,PRESIDENTE 1V,41799,ABELARDO DE LA ESPRIELLA|DEFENSORES DE LA PATRIA,3536
p2026_1v,2026,PRESIDENTE 1V,41799,CARLOS EDUARDO CAICEDO OMAR|CAICEDO,0
p2026_1v,2026,PRESIDENTE 1V,41799,CLAUDIA LÓPEZ|CON CLAUDIA IMPARABLES,30
p2026_1v,2026,PRESIDENTE 1V,41799,GUSTAVO MATAMOROS CAMACHO|PARTIDO ECOLOGISTA COLOMBIANO,0
p2026_1v,2026,PRESIDENTE 1V,41799,IVÁN CEPEDA CASTRO|MOVIMIENTO POLÍTICO PACTO HISTÓRICO,1432
p2026_1v,2026,PRESIDENTE 1V,41799,LUIS GILBERTO MURILLO URRUTIA|LA OPORTUNIDAD ES COLOMBIA,0
p2026_1v,2026,PRESIDENTE 1V,41799,MIGUEL URIBE LONDOÑO|PARTIDO DEMÓCRATA COLOMBIANO,16
p2026_1v,2026,PRESIDENTE 1V,41799,PALOMA VALENCIA LASERNA|PARTIDO CENTRO DEMOCRÁTICO,440
p2026_1v,2026,PRESIDENTE 1V,41799,RAÚL SANTIAGO BOTERO JARAMILLO|ROMPER EL SISTEMA,70
p2026_1v,2026,PRESIDENTE 1V,41799,ROY LEONARDO BARRERAS MONTEALEGRE|PARTIDO POLÍTICO LA FUERZA,4
p2026_1v,2026,PRESIDENTE 1V,41799,SERGIO FAJARDO VALDERRAMA|PARTIDO POLÍTICO DIGNIDAD & COMPROMISO,71
p2026_1v,2026,PRESIDENTE 1V,41799,"SONDRA MACOLLINS GARVIN PINTO|SONDRA MACOLLINS, LA ABOGADA DE HIERRO",10
p2026_1v,2026,PRESIDENTE 1V,41799,__BLANCO__,112
p2026_1v,2026,PRESIDENTE 1V,41799,__NO_MARCADOS__,22
p2026_1v,2026,PRESIDENTE 1V,41799,__NULOS__,66
p2026_1v,2026,PRESIDENTE 1V,41799,ÓSCAR MAURICIO LIZCANO ARANGO|COALICIÓN F.A.M.I.L.I.A,15
p2026_1v,2026,PRESIDENTE 1V,41801,ABELARDO DE LA ESPRIELLA|DEFENSORES DE LA PATRIA,2566
p2026_1v,2026,PRESIDENTE 1V,41801,CARLOS EDUARDO CAICEDO OMAR|CAICEDO,0
p2026_1v,2026,PRESIDENTE 1V,41801,CLAUDIA LÓPEZ|CON CLAUDIA IMPARABLES,15
p2026_1v,2026,PRESIDENTE 1V,41801,GUSTAVO MATAMOROS CAMACHO|PARTIDO ECOLOGISTA COLOMBIANO,1
p2026_1v,2026,PRESIDENTE 1V,41801,IVÁN CEPEDA CASTRO|MOVIMIENTO POLÍTICO PACTO HISTÓRICO,648
p2026_1v,2026,PRESIDENTE 1V,41801,LUIS GILBERTO MURILLO URRUTIA|LA OPORTUNIDAD ES COLOMBIA,0
p2026_1v,2026,PRESIDENTE 1V,41801,MIGUEL URIBE LONDOÑO|PARTIDO DEMÓCRATA COLOMBIANO,10
p2026_1v,2026,PRESIDENTE 1V,41801,PALOMA VALENCIA LASERNA|PARTIDO CENTRO DEMOCRÁTICO,420
p2026_1v,2026,PRESIDENTE 1V,41801,RAÚL SANTIAGO BOTERO JARAMILLO|ROMPER EL SISTEMA,43
p2026_1v,2026,PRESIDENTE 1V,41801,ROY LEONARDO BARRERAS MONTEALEGRE|PARTIDO POLÍTICO LA FUERZA,3
p2026_1v,2026,PRESIDENTE 1V,41801,SERGIO FAJARDO VALDERRAMA|PARTIDO POLÍTICO DIGNIDAD & COMPROMISO,53
p2026_1v,2026,PRESIDENTE 1V,41801,"SONDRA MACOLLINS GARVIN PINTO|SONDRA MACOLLINS, LA ABOGADA DE HIERRO",6
p2026_1v,2026,PRESIDENTE 1V,41801,__BLANCO__,55
p2026_1v,2026,PRESIDENTE 1V,41801,__NO_MARCADOS__,13
p2026_1v,2026,PRESIDENTE 1V,41801,__NULOS__,27
p2026_1v,2026,PRESIDENTE 1V,41801,ÓSCAR MAURICIO LIZCANO ARANGO|COALICIÓN F.A.M.I.L.I.A,4
p2026_1v,2026,PRESIDENTE 1V,41807,ABELARDO DE LA ESPRIELLA|DEFENSORES DE LA PATRIA,6361
p2026_1v,2026,PRESIDENTE 1V,41807,CARLOS EDUARDO CAICEDO OMAR|CAICEDO,0
p2026_1v,2026,PRESIDENTE 1V,41807,CLAUDIA LÓPEZ|CON CLAUDIA IMPARABLES,63
p2026_1v,2026,PRESIDENTE 1V,41807,GUSTAVO MATAMOROS CAMACHO|PARTIDO ECOLOGISTA COLOMBIANO,2
p2026_1v,2026,PRESIDENTE 1V,41807,IVÁN CEPEDA CASTRO|MOVIMIENTO POLÍTICO PACTO HISTÓRICO,1979
p2026_1v,2026,PRESIDENTE 1V,41807,LUIS GILBERTO MURILLO URRUTIA|LA OPORTUNIDAD ES COLOMBIA,0
p2026_1v,2026,PRESIDENTE 1V,41807,MIGUEL URIBE LONDOÑO|PARTIDO DEMÓCRATA COLOMBIANO,21
p2026_1v,2026,PRESIDENTE 1V,41807,PALOMA VALENCIA LASERNA|PARTIDO CENTRO DEMOCRÁTICO,939
p2026_1v,2026,PRESIDENTE 1V,41807,RAÚL SANTIAGO BOTERO JARAMILLO|ROMPER EL SISTEMA,108
p2026_1v,2026,PRESIDENTE 1V,41807,ROY LEONARDO BARRERAS MONTEALEGRE|PARTIDO POLÍTICO LA FUERZA,7
p2026_1v,2026,PRESIDENTE 1V,41807,SERGIO FAJARDO VALDERRAMA|PARTIDO POLÍTICO DIGNIDAD & COMPROMISO,231
p2026_1v,2026,PRESIDENTE 1V,41807,"SONDRA MACOLLINS GARVIN PINTO|SONDRA MACOLLINS, LA ABOGADA DE HIERRO",19
p2026_1v,2026,PRESIDENTE 1V,41807,__BLANCO__,170
p2026_1v,2026,PRESIDENTE 1V,41807,__NO_MARCADOS__,37
p2026_1v,2026,PRESIDENTE 1V,41807,__NULOS__,87
p2026_1v,2026,PRESIDENTE 1V,41807,ÓSCAR MAURICIO LIZCANO ARANGO|COALICIÓN F.A.M.I.L.I.A,17
p2026_1v,2026,PRESIDENTE 1V,41872,ABELARDO DE LA ESPRIELLA|DEFENSORES DE LA PATRIA,1951
p2026_1v,2026,PRESIDENTE 1V,41872,CARLOS EDUARDO CAICEDO OMAR|CAICEDO,0
p2026_1v,2026,PRESIDENTE 1V,41872,CLAUDIA LÓPEZ|CON CLAUDIA IMPARABLES,21
p2026_1v,2026,PRESIDENTE 1V,41872,GUSTAVO MATAMOROS CAMACHO|PARTIDO ECOLOGISTA COLOMBIANO,0
p2026_1v,2026,PRESIDENTE 1V,41872,IVÁN CEPEDA CASTRO|MOVIMIENTO POLÍTICO PACTO HISTÓRICO,1608
p2026_1v,2026,PRESIDENTE 1V,41872,LUIS GILBERTO MURILLO URRUTIA|LA OPORTUNIDAD ES COLOMBIA,0
p2026_1v,2026,PRESIDENTE 1V,41872,MIGUEL URIBE LONDOÑO|PARTIDO DEMÓCRATA COLOMBIANO,8
p2026_1v,2026,PRESIDENTE 1V,41872,PALOMA VALENCIA LASERNA|PARTIDO CENTRO DEMOCRÁTICO,182
p2026_1v,2026,PRESIDENTE 1V,41872,RAÚL SANTIAGO BOTERO JARAMILLO|ROMPER EL SISTEMA,43
p2026_1v,2026,PRESIDENTE 1V,41872,ROY LEONARDO BARRERAS MONTEALEGRE|PARTIDO POLÍTICO LA FUERZA,1
p2026_1v,2026,PRESIDENTE 1V,41872,SERGIO FAJARDO VALDERRAMA|PARTIDO POLÍTICO DIGNIDAD & COMPROMISO,47
p2026_1v,2026,PRESIDENTE 1V,41872,"SONDRA MACOLLINS GARVIN PINTO|SONDRA MACOLLINS, LA ABOGADA DE HIERRO",4
p2026_1v,2026,PRESIDENTE 1V,41872,__BLANCO__,59
p2026_1v,2026,PRESIDENTE 1V,41872,__NO_MARCADOS__,18
p2026_1v,2026,PRESIDENTE 1V,41872,__NULOS__,43
p2026_1v,2026,PRESIDENTE 1V,41872,ÓSCAR MAURICIO LIZCANO ARANGO|COALICIÓN F.A.M.I.L.I.A,2
p2026_1v,2026,PRESIDENTE 1V,41885,ABELARDO DE LA ESPRIELLA|DEFENSORES DE LA PATRIA,2862
p2026_1v,2026,PRESIDENTE 1V,41885,CARLOS EDUARDO CAICEDO OMAR|CAICEDO,0
p2026_1v,2026,PRESIDENTE 1V,41885,CLAUDIA LÓPEZ|CON CLAUDIA IMPARABLES,20
p2026_1v,2026,PRESIDENTE 1V,41885,GUSTAVO MATAMOROS CAMACHO|PARTIDO ECOLOGISTA COLOMBIANO,2
p2026_1v,2026,PRESIDENTE 1V,41885,IVÁN CEPEDA CASTRO|MOVIMIENTO POLÍTICO PACTO HISTÓRICO,1427
p2026_1v,2026,PRESIDENTE 1V,41885,LUIS GILBERTO MURILLO URRUTIA|LA OPORTUNIDAD ES COLOMBIA,0
p2026_1v,2026,PRESIDENTE 1V,41885,MIGUEL URIBE LONDOÑO|PARTIDO DEMÓCRATA COLOMBIANO,2
p2026_1v,2026,PRESIDENTE 1V,41885,PALOMA VALENCIA LASERNA|PARTIDO CENTRO DEMOCRÁTICO,192
p2026_1v,2026,PRESIDENTE 1V,41885,RAÚL SANTIAGO BOTERO JARAMILLO|ROMPER EL SISTEMA,39
p2026_1v,2026,PRESIDENTE 1V,41885,ROY LEONARDO BARRERAS MONTEALEGRE|PARTIDO POLÍTICO LA FUERZA,2
p2026_1v,2026,PRESIDENTE 1V,41885,SERGIO FAJARDO VALDERRAMA|PARTIDO POLÍTICO DIGNIDAD & COMPROMISO,119
p2026_1v,2026,PRESIDENTE 1V,41885,"SONDRA MACOLLINS GARVIN PINTO|SONDRA MACOLLINS, LA ABOGADA DE HIERRO",8
p2026_1v,2026,PRESIDENTE 1V,41885,__BLANCO__,78
p2026_1v,2026,PRESIDENTE 1V,41885,__NO_MARCADOS__,11
p2026_1v,2026,PRESIDENTE 1V,41885,__NULOS__,58
p2026_1v,2026,PRESIDENTE 1V,41885,ÓSCAR MAURICIO LIZCANO ARANGO|COALICIÓN F.A.M.I.L.I.A,10
p2026_2v,2026,PRESIDENTE 2V,41001,ABELARDO DE LA ESPRIELLA|DEFENSORES DE LA PATRIA,103554
p2026_2v,2026,PRESIDENTE 2V,41001,IVÁN CEPEDA CASTRO|MOVIMIENTO POLÍTICO PACTO HISTÓRICO,91108
p2026_2v,2026,PRESIDENTE 2V,41001,__BLANCO__,3025
p2026_2v,2026,PRESIDENTE 2V,41001,__NO_MARCADOS__,152
p2026_2v,2026,PRESIDENTE 2V,41001,__NULOS__,1789
p2026_2v,2026,PRESIDENTE 2V,41006,ABELARDO DE LA ESPRIELLA|DEFENSORES DE LA PATRIA,11759
p2026_2v,2026,PRESIDENTE 2V,41006,IVÁN CEPEDA CASTRO|MOVIMIENTO POLÍTICO PACTO HISTÓRICO,2963
p2026_2v,2026,PRESIDENTE 2V,41006,__BLANCO__,198
p2026_2v,2026,PRESIDENTE 2V,41006,__NO_MARCADOS__,16
p2026_2v,2026,PRESIDENTE 2V,41006,__NULOS__,95
p2026_2v,2026,PRESIDENTE 2V,41013,ABELARDO DE LA ESPRIELLA|DEFENSORES DE LA PATRIA,3941
p2026_2v,2026,PRESIDENTE 2V,41013,IVÁN CEPEDA CASTRO|MOVIMIENTO POLÍTICO PACTO HISTÓRICO,1419
p2026_2v,2026,PRESIDENTE 2V,41013,__BLANCO__,67
p2026_2v,2026,PRESIDENTE 2V,41013,__NO_MARCADOS__,3
p2026_2v,2026,PRESIDENTE 2V,41013,__NULOS__,35
p2026_2v,2026,PRESIDENTE 2V,41016,ABELARDO DE LA ESPRIELLA|DEFENSORES DE LA PATRIA,6346
p2026_2v,2026,PRESIDENTE 2V,41016,IVÁN CEPEDA CASTRO|MOVIMIENTO POLÍTICO PACTO HISTÓRICO,3794
p2026_2v,2026,PRESIDENTE 2V,41016,__BLANCO__,137
p2026_2v,2026,PRESIDENTE 2V,41016,__NO_MARCADOS__,19
p2026_2v,2026,PRESIDENTE 2V,41016,__NULOS__,93
p2026_2v,2026,PRESIDENTE 2V,41020,ABELARDO DE LA ESPRIELLA|DEFENSORES DE LA PATRIA,8319
p2026_2v,2026,PRESIDENTE 2V,41020,IVÁN CEPEDA CASTRO|MOVIMIENTO POLÍTICO PACTO HISTÓRICO,4749
p2026_2v,2026,PRESIDENTE 2V,41020,__BLANCO__,508
p2026_2v,2026,PRESIDENTE 2V,41020,__NO_MARCADOS__,95
p2026_2v,2026,PRESIDENTE 2V,41020,__NULOS__,320
p2026_2v,2026,PRESIDENTE 2V,41026,ABELARDO DE LA ESPRIELLA|DEFENSORES DE LA PATRIA,1343
p2026_2v,2026,PRESIDENTE 2V,41026,IVÁN CEPEDA CASTRO|MOVIMIENTO POLÍTICO PACTO HISTÓRICO,949
p2026_2v,2026,PRESIDENTE 2V,41026,__BLANCO__,33
p2026_2v,2026,PRESIDENTE 2V,41026,__NO_MARCADOS__,1
p2026_2v,2026,PRESIDENTE 2V,41026,__NULOS__,11
p2026_2v,2026,PRESIDENTE 2V,41078,ABELARDO DE LA ESPRIELLA|DEFENSORES DE LA PATRIA,2818
p2026_2v,2026,PRESIDENTE 2V,41078,IVÁN CEPEDA CASTRO|MOVIMIENTO POLÍTICO PACTO HISTÓRICO,1231
p2026_2v,2026,PRESIDENTE 2V,41078,__BLANCO__,57
p2026_2v,2026,PRESIDENTE 2V,41078,__NO_MARCADOS__,14
p2026_2v,2026,PRESIDENTE 2V,41078,__NULOS__,47
p2026_2v,2026,PRESIDENTE 2V,41132,ABELARDO DE LA ESPRIELLA|DEFENSORES DE LA PATRIA,9747
p2026_2v,2026,PRESIDENTE 2V,41132,IVÁN CEPEDA CASTRO|MOVIMIENTO POLÍTICO PACTO HISTÓRICO,7282
p2026_2v,2026,PRESIDENTE 2V,41132,__BLANCO__,270
p2026_2v,2026,PRESIDENTE 2V,41132,__NO_MARCADOS__,21
p2026_2v,2026,PRESIDENTE 2V,41132,__NULOS__,299
p2026_2v,2026,PRESIDENTE 2V,41206,ABELARDO DE LA ESPRIELLA|DEFENSORES DE LA PATRIA,3354
p2026_2v,2026,PRESIDENTE 2V,41206,IVÁN CEPEDA CASTRO|MOVIMIENTO POLÍTICO PACTO HISTÓRICO,871
p2026_2v,2026,PRESIDENTE 2V,41206,__BLANCO__,42
p2026_2v,2026,PRESIDENTE 2V,41206,__NO_MARCADOS__,5
p2026_2v,2026,PRESIDENTE 2V,41206,__NULOS__,18
p2026_2v,2026,PRESIDENTE 2V,41244,ABELARDO DE LA ESPRIELLA|DEFENSORES DE LA PATRIA,1927
p2026_2v,2026,PRESIDENTE 2V,41244,IVÁN CEPEDA CASTRO|MOVIMIENTO POLÍTICO PACTO HISTÓRICO,665
p2026_2v,2026,PRESIDENTE 2V,41244,__BLANCO__,34
p2026_2v,2026,PRESIDENTE 2V,41244,__NO_MARCADOS__,6
p2026_2v,2026,PRESIDENTE 2V,41244,__NULOS__,11
p2026_2v,2026,PRESIDENTE 2V,41298,ABELARDO DE LA ESPRIELLA|DEFENSORES DE LA PATRIA,26314
p2026_2v,2026,PRESIDENTE 2V,41298,IVÁN CEPEDA CASTRO|MOVIMIENTO POLÍTICO PACTO HISTÓRICO,13153
p2026_2v,2026,PRESIDENTE 2V,41298,__BLANCO__,657
p2026_2v,2026,PRESIDENTE 2V,41298,__NO_MARCADOS__,46
p2026_2v,2026,PRESIDENTE 2V,41298,__NULOS__,396
p2026_2v,2026,PRESIDENTE 2V,41306,ABELARDO DE LA ESPRIELLA|DEFENSORES DE LA PATRIA,9221
p2026_2v,2026,PRESIDENTE 2V,41306,IVÁN CEPEDA CASTRO|MOVIMIENTO POLÍTICO PACTO HISTÓRICO,4054
p2026_2v,2026,PRESIDENTE 2V,41306,__BLANCO__,184
p2026_2v,2026,PRESIDENTE 2V,41306,__NO_MARCADOS__,22
p2026_2v,2026,PRESIDENTE 2V,41306,__NULOS__,136
p2026_2v,2026,PRESIDENTE 2V,41319,ABELARDO DE LA ESPRIELLA|DEFENSORES DE LA PATRIA,6670
p2026_2v,2026,PRESIDENTE 2V,41319,IVÁN CEPEDA CASTRO|MOVIMIENTO POLÍTICO PACTO HISTÓRICO,2401
p2026_2v,2026,PRESIDENTE 2V,41319,__BLANCO__,149
p2026_2v,2026,PRESIDENTE 2V,41319,__NO_MARCADOS__,29
p2026_2v,2026,PRESIDENTE 2V,41319,__NULOS__,101
p2026_2v,2026,PRESIDENTE 2V,41349,ABELARDO DE LA ESPRIELLA|DEFENSORES DE LA PATRIA,2568
p2026_2v,2026,PRESIDENTE 2V,41349,IVÁN CEPEDA CASTRO|MOVIMIENTO POLÍTICO PACTO HISTÓRICO,1568
p2026_2v,2026,PRESIDENTE 2V,41349,__BLANCO__,78
p2026_2v,2026,PRESIDENTE 2V,41349,__NO_MARCADOS__,9
p2026_2v,2026,PRESIDENTE 2V,41349,__NULOS__,49
p2026_2v,2026,PRESIDENTE 2V,41357,ABELARDO DE LA ESPRIELLA|DEFENSORES DE LA PATRIA,2922
p2026_2v,2026,PRESIDENTE 2V,41357,IVÁN CEPEDA CASTRO|MOVIMIENTO POLÍTICO PACTO HISTÓRICO,2340
p2026_2v,2026,PRESIDENTE 2V,41357,__BLANCO__,55
p2026_2v,2026,PRESIDENTE 2V,41357,__NO_MARCADOS__,12
p2026_2v,2026,PRESIDENTE 2V,41357,__NULOS__,32
p2026_2v,2026,PRESIDENTE 2V,41359,ABELARDO DE LA ESPRIELLA|DEFENSORES DE LA PATRIA,8340
p2026_2v,2026,PRESIDENTE 2V,41359,IVÁN CEPEDA CASTRO|MOVIMIENTO POLÍTICO PACTO HISTÓRICO,6396
p2026_2v,2026,PRESIDENTE 2V,41359,__BLANCO__,272
p2026_2v,2026,PRESIDENTE 2V,41359,__NO_MARCADOS__,36
p2026_2v,2026,PRESIDENTE 2V,41359,__NULOS__,184
p2026_2v,2026,PRESIDENTE 2V,41378,ABELARDO DE LA ESPRIELLA|DEFENSORES DE LA PATRIA,4925
p2026_2v,2026,PRESIDENTE 2V,41378,IVÁN CEPEDA CASTRO|MOVIMIENTO POLÍTICO PACTO HISTÓRICO,2769
p2026_2v,2026,PRESIDENTE 2V,41378,__BLANCO__,136
p2026_2v,2026,PRESIDENTE 2V,41378,__NO_MARCADOS__,16
p2026_2v,2026,PRESIDENTE 2V,41378,__NULOS__,68
p2026_2v,2026,PRESIDENTE 2V,41396,ABELARDO DE LA ESPRIELLA|DEFENSORES DE LA PATRIA,18722
p2026_2v,2026,PRESIDENTE 2V,41396,IVÁN CEPEDA CASTRO|MOVIMIENTO POLÍTICO PACTO HISTÓRICO,10036
p2026_2v,2026,PRESIDENTE 2V,41396,__BLANCO__,483
p2026_2v,2026,PRESIDENTE 2V,41396,__NO_MARCADOS__,84
p2026_2v,2026,PRESIDENTE 2V,41396,__NULOS__,269
p2026_2v,2026,PRESIDENTE 2V,41483,ABELARDO DE LA ESPRIELLA|DEFENSORES DE LA PATRIA,1988
p2026_2v,2026,PRESIDENTE 2V,41483,IVÁN CEPEDA CASTRO|MOVIMIENTO POLÍTICO PACTO HISTÓRICO,1272
p2026_2v,2026,PRESIDENTE 2V,41483,__BLANCO__,51
p2026_2v,2026,PRESIDENTE 2V,41483,__NO_MARCADOS__,10
p2026_2v,2026,PRESIDENTE 2V,41483,__NULOS__,36
p2026_2v,2026,PRESIDENTE 2V,41503,ABELARDO DE LA ESPRIELLA|DEFENSORES DE LA PATRIA,5101
p2026_2v,2026,PRESIDENTE 2V,41503,IVÁN CEPEDA CASTRO|MOVIMIENTO POLÍTICO PACTO HISTÓRICO,1073
p2026_2v,2026,PRESIDENTE 2V,41503,__BLANCO__,98
p2026_2v,2026,PRESIDENTE 2V,41503,__NO_MARCADOS__,9
p2026_2v,2026,PRESIDENTE 2V,41503,__NULOS__,33
p2026_2v,2026,PRESIDENTE 2V,41518,ABELARDO DE LA ESPRIELLA|DEFENSORES DE LA PATRIA,3109
p2026_2v,2026,PRESIDENTE 2V,41518,IVÁN CEPEDA CASTRO|MOVIMIENTO POLÍTICO PACTO HISTÓRICO,692
p2026_2v,2026,PRESIDENTE 2V,41518,__BLANCO__,44
p2026_2v,2026,PRESIDENTE 2V,41518,__NO_MARCADOS__,3
p2026_2v,2026,PRESIDENTE 2V,41518,__NULOS__,18
p2026_2v,2026,PRESIDENTE 2V,41524,ABELARDO DE LA ESPRIELLA|DEFENSORES DE LA PATRIA,8949
p2026_2v,2026,PRESIDENTE 2V,41524,IVÁN CEPEDA CASTRO|MOVIMIENTO POLÍTICO PACTO HISTÓRICO,5053
p2026_2v,2026,PRESIDENTE 2V,41524,__BLANCO__,178
p2026_2v,2026,PRESIDENTE 2V,41524,__NO_MARCADOS__,15
p2026_2v,2026,PRESIDENTE 2V,41524,__NULOS__,135
p2026_2v,2026,PRESIDENTE 2V,41530,ABELARDO DE LA ESPRIELLA|DEFENSORES DE LA PATRIA,4770
p2026_2v,2026,PRESIDENTE 2V,41530,IVÁN CEPEDA CASTRO|MOVIMIENTO POLÍTICO PACTO HISTÓRICO,1944
p2026_2v,2026,PRESIDENTE 2V,41530,__BLANCO__,134
p2026_2v,2026,PRESIDENTE 2V,41530,__NO_MARCADOS__,14
p2026_2v,2026,PRESIDENTE 2V,41530,__NULOS__,95
p2026_2v,2026,PRESIDENTE 2V,41548,ABELARDO DE LA ESPRIELLA|DEFENSORES DE LA PATRIA,5037
p2026_2v,2026,PRESIDENTE 2V,41548,IVÁN CEPEDA CASTRO|MOVIMIENTO POLÍTICO PACTO HISTÓRICO,1829
p2026_2v,2026,PRESIDENTE 2V,41548,__BLANCO__,98
p2026_2v,2026,PRESIDENTE 2V,41548,__NO_MARCADOS__,10
p2026_2v,2026,PRESIDENTE 2V,41548,__NULOS__,52
p2026_2v,2026,PRESIDENTE 2V,41551,ABELARDO DE LA ESPRIELLA|DEFENSORES DE LA PATRIA,42899
p2026_2v,2026,PRESIDENTE 2V,41551,IVÁN CEPEDA CASTRO|MOVIMIENTO POLÍTICO PACTO HISTÓRICO,28484
p2026_2v,2026,PRESIDENTE 2V,41551,__BLANCO__,1069
p2026_2v,2026,PRESIDENTE 2V,41551,__NO_MARCADOS__,93
p2026_2v,2026,PRESIDENTE 2V,41551,__NULOS__,595
p2026_2v,2026,PRESIDENTE 2V,41615,ABELARDO DE LA ESPRIELLA|DEFENSORES DE LA PATRIA,7728
p2026_2v,2026,PRESIDENTE 2V,41615,IVÁN CEPEDA CASTRO|MOVIMIENTO POLÍTICO PACTO HISTÓRICO,6018
p2026_2v,2026,PRESIDENTE 2V,41615,__BLANCO__,192
p2026_2v,2026,PRESIDENTE 2V,41615,__NO_MARCADOS__,12
p2026_2v,2026,PRESIDENTE 2V,41615,__NULOS__,136
p2026_2v,2026,PRESIDENTE 2V,41660,ABELARDO DE LA ESPRIELLA|DEFENSORES DE LA PATRIA,5776
p2026_2v,2026,PRESIDENTE 2V,41660,IVÁN CEPEDA CASTRO|MOVIMIENTO POLÍTICO PACTO HISTÓRICO,1377
p2026_2v,2026,PRESIDENTE 2V,41660,__BLANCO__,89
p2026_2v,2026,PRESIDENTE 2V,41660,__NO_MARCADOS__,6
p2026_2v,2026,PRESIDENTE 2V,41660,__NULOS__,24
p2026_2v,2026,PRESIDENTE 2V,41668,ABELARDO DE LA ESPRIELLA|DEFENSORES DE LA PATRIA,11190
p2026_2v,2026,PRESIDENTE 2V,41668,IVÁN CEPEDA CASTRO|MOVIMIENTO POLÍTICO PACTO HISTÓRICO,6483
p2026_2v,2026,PRESIDENTE 2V,41668,__BLANCO__,266
p2026_2v,2026,PRESIDENTE 2V,41668,__NO_MARCADOS__,46
p2026_2v,2026,PRESIDENTE 2V,41668,__NULOS__,123
p2026_2v,2026,PRESIDENTE 2V,41676,ABELARDO DE LA ESPRIELLA|DEFENSORES DE LA PATRIA,4592
p2026_2v,2026,PRESIDENTE 2V,41676,IVÁN CEPEDA CASTRO|MOVIMIENTO POLÍTICO PACTO HISTÓRICO,1101
p2026_2v,2026,PRESIDENTE 2V,41676,__BLANCO__,89
p2026_2v,2026,PRESIDENTE 2V,41676,__NO_MARCADOS__,2
p2026_2v,2026,PRESIDENTE 2V,41676,__NULOS__,26
p2026_2v,2026,PRESIDENTE 2V,41770,ABELARDO DE LA ESPRIELLA|DEFENSORES DE LA PATRIA,7711
p2026_2v,2026,PRESIDENTE 2V,41770,IVÁN CEPEDA CASTRO|MOVIMIENTO POLÍTICO PACTO HISTÓRICO,2768
p2026_2v,2026,PRESIDENTE 2V,41770,__BLANCO__,141
p2026_2v,2026,PRESIDENTE 2V,41770,__NO_MARCADOS__,32
p2026_2v,2026,PRESIDENTE 2V,41770,__NULOS__,99
p2026_2v,2026,PRESIDENTE 2V,41791,ABELARDO DE LA ESPRIELLA|DEFENSORES DE LA PATRIA,6424
p2026_2v,2026,PRESIDENTE 2V,41791,IVÁN CEPEDA CASTRO|MOVIMIENTO POLÍTICO PACTO HISTÓRICO,2171
p2026_2v,2026,PRESIDENTE 2V,41791,__BLANCO__,134
p2026_2v,2026,PRESIDENTE 2V,41791,__NO_MARCADOS__,8
p2026_2v,2026,PRESIDENTE 2V,41791,__NULOS__,54
p2026_2v,2026,PRESIDENTE 2V,41797,ABELARDO DE LA ESPRIELLA|DEFENSORES DE LA PATRIA,4512
p2026_2v,2026,PRESIDENTE 2V,41797,IVÁN CEPEDA CASTRO|MOVIMIENTO POLÍTICO PACTO HISTÓRICO,1349
p2026_2v,2026,PRESIDENTE 2V,41797,__BLANCO__,71
p2026_2v,2026,PRESIDENTE 2V,41797,__NO_MARCADOS__,10
p2026_2v,2026,PRESIDENTE 2V,41797,__NULOS__,58
p2026_2v,2026,PRESIDENTE 2V,41799,ABELARDO DE LA ESPRIELLA|DEFENSORES DE LA PATRIA,4983
p2026_2v,2026,PRESIDENTE 2V,41799,IVÁN CEPEDA CASTRO|MOVIMIENTO POLÍTICO PACTO HISTÓRICO,2309
p2026_2v,2026,PRESIDENTE 2V,41799,__BLANCO__,128
p2026_2v,2026,PRESIDENTE 2V,41799,__NO_MARCADOS__,25
p2026_2v,2026,PRESIDENTE 2V,41799,__NULOS__,111
p2026_2v,2026,PRESIDENTE 2V,41801,ABELARDO DE LA ESPRIELLA|DEFENSORES DE LA PATRIA,3377
p2026_2v,2026,PRESIDENTE 2V,41801,IVÁN CEPEDA CASTRO|MOVIMIENTO POLÍTICO PACTO HISTÓRICO,894
p2026_2v,2026,PRESIDENTE 2V,41801,__BLANCO__,42
p2026_2v,2026,PRESIDENTE 2V,41801,__NO_MARCADOS__,7
p2026_2v,2026,PRESIDENTE 2V,41801,__NULOS__,23
p2026_2v,2026,PRESIDENTE 2V,41807,ABELARDO DE LA ESPRIELLA|DEFENSORES DE LA PATRIA,8437
p2026_2v,2026,PRESIDENTE 2V,41807,IVÁN CEPEDA CASTRO|MOVIMIENTO POLÍTICO PACTO HISTÓRICO,2662
p2026_2v,2026,PRESIDENTE 2V,41807,__BLANCO__,151
p2026_2v,2026,PRESIDENTE 2V,41807,__NO_MARCADOS__,13
p2026_2v,2026,PRESIDENTE 2V,41807,__NULOS__,84
p2026_2v,2026,PRESIDENTE 2V,41872,ABELARDO DE LA ESPRIELLA|DEFENSORES DE LA PATRIA,2394
p2026_2v,2026,PRESIDENTE 2V,41872,IVÁN CEPEDA CASTRO|MOVIMIENTO POLÍTICO PACTO HISTÓRICO,2034
p2026_2v,2026,PRESIDENTE 2V,41872,__BLANCO__,44
p2026_2v,2026,PRESIDENTE 2V,41872,__NO_MARCADOS__,9
p2026_2v,2026,PRESIDENTE 2V,41872,__NULOS__,33
p2026_2v,2026,PRESIDENTE 2V,41885,ABELARDO DE LA ESPRIELLA|DEFENSORES DE LA PATRIA,3301
p2026_2v,2026,PRESIDENTE 2V,41885,IVÁN CEPEDA CASTRO|MOVIMIENTO POLÍTICO PACTO HISTÓRICO,1761
p2026_2v,2026,PRESIDENTE 2V,41885,__BLANCO__,73
p2026_2v,2026,PRESIDENTE 2V,41885,__NO_MARCADOS__,6
p2026_2v,2026,PRESIDENTE 2V,41885,__NULOS__,53
t2015_ALCALDE,2015,ALCALDE,41001,GERMAN ALBERTO BAHAMON JARAMILLO|CAMBIO RADICAL - CENTRO DEMOCRÁTICO,15985
t2015_ALCALDE,2015,ALCALDE,41001,GORKY MUÑOZ CALDERON|PARTIDO LIBERAL COLOMBIANO,54480
t2015_ALCALDE,2015,ALCALDE,41001,RODRIGO ARMANDO LARA SANCHEZ|PARTIDO ALIANZA VERDE,74184
t2015_ALCALDE,2015,ALCALDE,41001,__BLANCO__,5774
t2015_ALCALDE,2015,ALCALDE,41001,__NO_MARCADOS__,5116
t2015_ALCALDE,2015,ALCALDE,41001,__NULOS__,2897
t2015_ALCALDE,2015,ALCALDE,41006,GENTIL TAPIERO BUITRAGO|PARTIDO OPCIÓN CIUDADANA,4345
t2015_ALCALDE,2015,ALCALDE,41006,HILARIA TRIANA OTALORA|MOV. AUTORIDADES INDÍGENAS DE COLOMBIA AICO - PARTIDO LI,915
t2015_ALCALDE,2015,ALCALDE,41006,LEIDY GOMEZ BENITEZ|PARTIDO DE LA U - PARTIDO CAMBIO RADICAL,604
t2015_ALCALDE,2015,ALCALDE,41006,LUZDEY ARTUNDUAGA CASTRO|PARTIDO CONSERVADOR COLOMBIANO - PARTIDO CENTRO DEMOCRÁTIC,4559
t2015_ALCALDE,2015,ALCALDE,41006,NACIANCENO ORTIZ MONROY|PARTIDO ALIANZA VERDE,1903
t2015_ALCALDE,2015,ALCALDE,41006,__BLANCO__,55
t2015_ALCALDE,2015,ALCALDE,41006,__NO_MARCADOS__,159
t2015_ALCALDE,2015,ALCALDE,41006,__NULOS__,158
t2015_ALCALDE,2015,ALCALDE,41013,ADOLFO CHAVARRO CARVAJAL|PARTIDO CENTRO DEMOCRÁTICO,128
t2015_ALCALDE,2015,ALCALDE,41013,EDSON JOHAN SANCHEZ ESPAÑA|PARTIDO LIBERAL COLOMBIANO - PARTIDO CAMBIO RADICAL,2061
t2015_ALCALDE,2015,ALCALDE,41013,ORLANDO VALENCIA CEDIEL|PARTIDO ALIANZA VERDE,316
t2015_ALCALDE,2015,ALCALDE,41013,WALDINA LOSADA VEGA|PARTIDO CONSERVADOR COLOMBIANO,2554
t2015_ALCALDE,2015,ALCALDE,41013,__BLANCO__,44
t2015_ALCALDE,2015,ALCALDE,41013,__NO_MARCADOS__,50
t2015_ALCALDE,2015,ALCALDE,41013,__NULOS__,35
t2015_ALCALDE,2015,ALCALDE,41016,CARLOS ARTURO ROJAS CHARRY|PARTIDO OPCIÓN CIUDADANA,575
t2015_ALCALDE,2015,ALCALDE,41016,JOSE SEVEL CASTRO TOVAR|PARTIDO LIBERAL COLOMBIANO,4010
t2015_ALCALDE,2015,ALCALDE,41016,LUIS ANGEL RAMIREZ VARGAS|PARTIDO CAMBIO RADICAL,1503
t2015_ALCALDE,2015,ALCALDE,41016,OCTAVIO CONDE LASSO|PARTIDO ALIANZA SOCIAL INDEPENDIENTE,2868
t2015_ALCALDE,2015,ALCALDE,41016,WILLIAM TOVAR|PARTIDO DE LA U,759
t2015_ALCALDE,2015,ALCALDE,41016,__BLANCO__,124
t2015_ALCALDE,2015,ALCALDE,41016,__NO_MARCADOS__,160
t2015_ALCALDE,2015,ALCALDE,41016,__NULOS__,82
t2015_ALCALDE,2015,ALCALDE,41020,JAVIER RIVERA CORTES|COALICIÓN PROGR. Y POL. PARTIDO CAMBIO RADICAL - PARTIDO D,4580
t2015_ALCALDE,2015,ALCALDE,41020,LIBARDO PINTO LISCANO|PARTIDO LIBERAL COLOMBIANO,4396
t2015_ALCALDE,2015,ALCALDE,41020,WILKER ESNEIDER BAUTISTA MACIAS|PARTIDO ALIANZA VERDE,458
t2015_ALCALDE,2015,ALCALDE,41020,__BLANCO__,45
t2015_ALCALDE,2015,ALCALDE,41020,__NO_MARCADOS__,128
t2015_ALCALDE,2015,ALCALDE,41020,__NULOS__,97
t2015_ALCALDE,2015,ALCALDE,41026,EFRAIN CALDERON LONDOÑO|PARTIDO CONSERVADOR COLOMBIANO,994
t2015_ALCALDE,2015,ALCALDE,41026,YECID RODRIGUEZ TOVAR|PARTIDO LIBERAL COLOMBIANO,1124
t2015_ALCALDE,2015,ALCALDE,41026,__BLANCO__,24
t2015_ALCALDE,2015,ALCALDE,41026,__NO_MARCADOS__,14
t2015_ALCALDE,2015,ALCALDE,41026,__NULOS__,13
t2015_ALCALDE,2015,ALCALDE,41078,AFFIF CAMPOS SEFAIR|PARTIDO CONSERVADOR COLOMBIANO,137
t2015_ALCALDE,2015,ALCALDE,41078,EDUARDO AVILES RIVERA|MOVIMIENTO ALTERNATIVO INDÍGENA Y SOCIAL MAIS,178
t2015_ALCALDE,2015,ALCALDE,41078,ENRIQUE HERRERA LUCUARA|PARTIDO DE LA U,560
t2015_ALCALDE,2015,ALCALDE,41078,JOSE ARBEY ORTIZ VALENCIA|MOVIMIENTO AUTORIDADES INDÍGENAS DE COLOMBIA,77
t2015_ALCALDE,2015,ALCALDE,41078,LUIS ENRIQUE CARDOSO TOVAR|PARTIDO CAMBIO RADICAL,1764
t2015_ALCALDE,2015,ALCALDE,41078,SANDRA PATRICIA SILVA SOTO|PARTIDO ALIANZA VERDE,417
t2015_ALCALDE,2015,ALCALDE,41078,SANDRO GEIRLER ALVARADO SERRATO|PARTIDO LIBERAL COLOMBIANO,816
t2015_ALCALDE,2015,ALCALDE,41078,__BLANCO__,25
t2015_ALCALDE,2015,ALCALDE,41078,__NO_MARCADOS__,70
t2015_ALCALDE,2015,ALCALDE,41078,__NULOS__,46
t2015_ALCALDE,2015,ALCALDE,41132,ALDEMAR GUTIERREZ MUÑOZ|COALICIÓN PAR. CAMBIO RADICAL Y PART. ALIANZA SOCIAL INDEP,5426
t2015_ALCALDE,2015,ALCALDE,41132,ALDEMAR QUESADA LOSADA|PARTIDO DE LA U,2253
t2015_ALCALDE,2015,ALCALDE,41132,ELIZABETH MOTTA ALVAREZ|PARTIDO LIBERAL COLOMBIANO,3922
t2015_ALCALDE,2015,ALCALDE,41132,LEONOR MERCEDES OTERO LISCANO|PARTIDO ALIANZA VERDE,527
t2015_ALCALDE,2015,ALCALDE,41132,NELSON LEONARDO FIERRO GONZALEZ|PARTIDO CENTRO DEMOCRÁTICO,3120
t2015_ALCALDE,2015,ALCALDE,41132,YONY RODRIGUEZ DIAZ|PARTIDO POLO DEMOCRÁTICO ALTERNATIVO,132
t2015_ALCALDE,2015,ALCALDE,41132,__BLANCO__,162
t2015_ALCALDE,2015,ALCALDE,41132,__NO_MARCADOS__,285
t2015_ALCALDE,2015,ALCALDE,41132,__NULOS__,344
t2015_ALCALDE,2015,ALCALDE,41206,ADELIA GUZMAN GARCIA|PARTIDO LIBERAL COLOMBIANO,1848
t2015_ALCALDE,2015,ALCALDE,41206,HERNAN TORRES PEÑA|PARTIDO ALIANZA VERDE,795
t2015_ALCALDE,2015,ALCALDE,41206,ISAURO LOZANO DIAZ|PARTIDO CAMBIO RADICAL,1708
t2015_ALCALDE,2015,ALCALDE,41206,JOSE ARMIN LOZANO CAVIEDES|PARTIDO CENTRO DEMOCRÁTICO,9
t2015_ALCALDE,2015,ALCALDE,41206,REVOCADO (A)|PARTIDO DE LA U,1
t2015_ALCALDE,2015,ALCALDE,41206,YAMIN CASTAÑEDA ACEVEDO|PARTIDO CONSERVADOR COLOMBIANO,140
t2015_ALCALDE,2015,ALCALDE,41206,__BLANCO__,24
t2015_ALCALDE,2015,ALCALDE,41206,__NO_MARCADOS__,84
t2015_ALCALDE,2015,ALCALDE,41206,__NULOS__,71
t2015_ALCALDE,2015,ALCALDE,41244,JUAN DIEGO TRUJILLO ARTUNDUAGA|PARTIDO CAMBIO RADICAL,1469
t2015_ALCALDE,2015,ALCALDE,41244,TERESA DE JESUS ROJAS VARGAS|PARTIDO CONSERVADOR COLOMBIANO,1003
t2015_ALCALDE,2015,ALCALDE,41244,__BLANCO__,13
t2015_ALCALDE,2015,ALCALDE,41244,__NO_MARCADOS__,9
t2015_ALCALDE,2015,ALCALDE,41244,__NULOS__,11
t2015_ALCALDE,2015,ALCALDE,41298,EDGAR BONILLA RAMIREZ|PARTIDO ALIANZA VERDE,9123
t2015_ALCALDE,2015,ALCALDE,41298,FABIO ARMANDO ORTIZ REYES|MOVIMIENTO AUTORIDADES INDÍGENAS DE COLOMBIA,237
t2015_ALCALDE,2015,ALCALDE,41298,GUILLERMO MANRIQUE BONILLA|PARTIDO DE LA U,993
t2015_ALCALDE,2015,ALCALDE,41298,JORGE HUMBERTO GONZALEZ BAHAMON|PARTIDO CAMBIO RADICAL,3266
t2015_ALCALDE,2015,ALCALDE,41298,LEONARDO VALENZUELA RAMIREZ|PARTIDO CENTRO DEMOCRÁTICO,7886
t2015_ALCALDE,2015,ALCALDE,41298,SERGIO ANDRES LOSADA CERQUERA|PARTIDO CONSERVADOR COLOMBIANO,6183
t2015_ALCALDE,2015,ALCALDE,41298,__BLANCO__,1211
t2015_ALCALDE,2015,ALCALDE,41298,__NO_MARCADOS__,1096
t2015_ALCALDE,2015,ALCALDE,41298,__NULOS__,680
t2015_ALCALDE,2015,ALCALDE,41306,CESAR GERMAN ROA TRUJILLO|PARTIDO DE LA U,3513
t2015_ALCALDE,2015,ALCALDE,41306,GILBERTO MONTEALEGRE QUINTERO|PARTIDO ALIANZA VERDE,590
t2015_ALCALDE,2015,ALCALDE,41306,JAIRO SANCHEZ BARRIOS|PARTIDO LIBERAL COLOMBIANO,1380
t2015_ALCALDE,2015,ALCALDE,41306,JOSUE MANRIQUE MURCIA|PARTIDO CAMBIO RADICAL,4859
t2015_ALCALDE,2015,ALCALDE,41306,NORMA CONSTANZA AMAYA ANGARITA|PARTIDO CENTRO DEMOCRÁTICO,967
t2015_ALCALDE,2015,ALCALDE,41306,__BLANCO__,157
t2015_ALCALDE,2015,ALCALDE,41306,__NO_MARCADOS__,278
t2015_ALCALDE,2015,ALCALDE,41306,__NULOS__,168
t2015_ALCALDE,2015,ALCALDE,41319,ISAIAS TRUJILLO SOTO|PARTIDO CENTRO DEMOCRÁTICO,112
t2015_ALCALDE,2015,ALCALDE,41319,JESUS HERNAN RIVERA GARZON|PARTIDO CAMBIO RADICAL - ASI - PARTIDO LIBERAL,2896
t2015_ALCALDE,2015,ALCALDE,41319,MARIA DEL SOCORRO DIAZ MOTTA|PARTIDO DE LA U,3946
t2015_ALCALDE,2015,ALCALDE,41319,ORLANDO CUELLAR GONZALEZ|PARTIDO CONSERVADOR COLOMBIANO,1260
t2015_ALCALDE,2015,ALCALDE,41319,__BLANCO__,50
t2015_ALCALDE,2015,ALCALDE,41319,__NO_MARCADOS__,112
t2015_ALCALDE,2015,ALCALDE,41319,__NULOS__,80
t2015_ALCALDE,2015,ALCALDE,41349,CARLOS ALBERTO TOVAR BAUTISTA|PARTIDO LIBERAL COLOMBIANO,2099
t2015_ALCALDE,2015,ALCALDE,41349,JUAN CARLOS PERDOMO RIVAS|MEJORES TIEMPOS PARA HOBO,1768
t2015_ALCALDE,2015,ALCALDE,41349,ORLANDO BAUTISTA TOVAR|PARTIDO OPCIÓN CIUDADANA,128
t2015_ALCALDE,2015,ALCALDE,41349,__BLANCO__,21
t2015_ALCALDE,2015,ALCALDE,41349,__NO_MARCADOS__,41
t2015_ALCALDE,2015,ALCALDE,41349,__NULOS__,14
t2015_ALCALDE,2015,ALCALDE,41357,ALBERTO YUSTRES BARRERA|PARTIDO CONSERVADOR COLOMBIANO,1626
t2015_ALCALDE,2015,ALCALDE,41357,JAIME HUMBERTO TORO VALLEJO|PARTIDO DE LA U,912
t2015_ALCALDE,2015,ALCALDE,41357,JAVIER VELASQUEZ ANDRADE|PARTIDO CAMBIO RADICAL,1488
t2015_ALCALDE,2015,ALCALDE,41357,YADNOLVER CORREA TAMAYO|PARTIDO ALIANZA SOCIAL INDEPENDIENTE,894
t2015_ALCALDE,2015,ALCALDE,41357,__BLANCO__,11
t2015_ALCALDE,2015,ALCALDE,41357,__NO_MARCADOS__,50
t2015_ALCALDE,2015,ALCALDE,41357,__NULOS__,39
t2015_ALCALDE,2015,ALCALDE,41359,ABEL CLAVIJO HERNANDEZ|PARTIDO CONSERVADOR COLOMBIANO,387
t2015_ALCALDE,2015,ALCALDE,41359,ADER EFREN BOLAÑOS GOMEZ|PARTIDO CAMBIO RADICAL,2267
t2015_ALCALDE,2015,ALCALDE,41359,DINA MARIA ZUÑIGA RAMOS|PARTIDO OPCIÓN CIUDADANA,392
t2015_ALCALDE,2015,ALCALDE,41359,EDER OME MUÑOZ|PARTIDO ALIANZA VERDE,12
t2015_ALCALDE,2015,ALCALDE,41359,GABY ANGELITA ÑAÑEZ RODRIGUEZ|PARTIDO LIBERAL COLOMBIANO,3225
t2015_ALCALDE,2015,ALCALDE,41359,OSWALDO IBARRA MUÑOZ|PARTIDO DE LA U,1843
t2015_ALCALDE,2015,ALCALDE,41359,RIGOBERTO ROSERO GOMEZ|PARTIDO CENTRO DEMOCRÁTICO,4460
t2015_ALCALDE,2015,ALCALDE,41359,__BLANCO__,95
t2015_ALCALDE,2015,ALCALDE,41359,__NO_MARCADOS__,210
t2015_ALCALDE,2015,ALCALDE,41359,__NULOS__,190
t2015_ALCALDE,2015,ALCALDE,41378,ALBERTO RODRIGUEZ ROJAS|MOVIMIENTO ALTERNATIVO INDÍGENA Y SOCIAL MAIS,1578
t2015_ALCALDE,2015,ALCALDE,41378,ANTONIO PUENTES TRUJILLO|PARTIDO CONSERVADOR COLOMBIANO,2438
t2015_ALCALDE,2015,ALCALDE,41378,EDWIN HARVEY BARAJAS HERNANDEZ|PARTIDO CAMBIO RADICAL,2609
t2015_ALCALDE,2015,ALCALDE,41378,__BLANCO__,52
t2015_ALCALDE,2015,ALCALDE,41378,__NO_MARCADOS__,64
t2015_ALCALDE,2015,ALCALDE,41378,__NULOS__,46
t2015_ALCALDE,2015,ALCALDE,41396,ADRIANA MARCELA VALENCIA CARDONA|COALICIÓN PROGRAMÁTICA Y POLÍTICA ENTRE EL PAR. LIBERAL CO,3771
t2015_ALCALDE,2015,ALCALDE,41396,EDUARDO MUÑOZ COLLAZOS|PARTIDO CONSERVADOR COLOMBIANO,4407
t2015_ALCALDE,2015,ALCALDE,41396,LUIS ALFREDO GOMEZ CLAVIJO|PARTIDO CENTRO DEMOCRÁTICO,3837
t2015_ALCALDE,2015,ALCALDE,41396,LUIS ARMANDO RICARDO CASTILLO|CAMBIO RADICAL - PARTIDO DE LA U,11181
t2015_ALCALDE,2015,ALCALDE,41396,__BLANCO__,246
t2015_ALCALDE,2015,ALCALDE,41396,__NO_MARCADOS__,552
t2015_ALCALDE,2015,ALCALDE,41396,__NULOS__,425
t2015_ALCALDE,2015,ALCALDE,41483,EDNA MAGALY ALVAREZ SERRATO|PARTIDO CONSERVADOR COLOMBIANO,1659
t2015_ALCALDE,2015,ALCALDE,41483,TEOFANES VARGAS NASAYO|PARTIDO DE LA U,1657
t2015_ALCALDE,2015,ALCALDE,41483,__BLANCO__,14
t2015_ALCALDE,2015,ALCALDE,41483,__NO_MARCADOS__,24
t2015_ALCALDE,2015,ALCALDE,41483,__NULOS__,20
t2015_ALCALDE,2015,ALCALDE,41503,JOHN FAIVER TRUJILLO VALENZUELA|PARTIDO OPCIÓN CIUDADANA,278
t2015_ALCALDE,2015,ALCALDE,41503,MARCO ANTONIO MOLINA MAZABEL|PARTIDO CONSERVADOR COLOMBIANO,2075
t2015_ALCALDE,2015,ALCALDE,41503,NOEMI NORIEGA PARRA|PARTIDO CENTRO DEMOCRÁTICO,38
t2015_ALCALDE,2015,ALCALDE,41503,PABLO JOHN TRUJILLO MOTTA|PARTIDO CAMBIO RADICAL,2591
t2015_ALCALDE,2015,ALCALDE,41503,WILINGTON CABRERA SALAZAR|PARTIDO ALIANZA SOCIAL INDEPENDIENTE,400
t2015_ALCALDE,2015,ALCALDE,41503,YESID MOTTA TRUJILLO|PARTIDO DE LA U,154
t2015_ALCALDE,2015,ALCALDE,41503,__BLANCO__,31
t2015_ALCALDE,2015,ALCALDE,41503,__NO_MARCADOS__,45
t2015_ALCALDE,2015,ALCALDE,41503,__NULOS__,34
t2015_ALCALDE,2015,ALCALDE,41518,HENRY DURAN DURAN|SI PODEMOS,1582
t2015_ALCALDE,2015,ALCALDE,41518,JONH JAIRO PERDOMO GONZALEZ|PARTIDO CAMBIO RADICAL,942
t2015_ALCALDE,2015,ALCALDE,41518,MAURICIO DURAN DURAN|PARTIDO CONSERVADOR COALICIÓN CENTRO DEMOCRÁTICO,1180
t2015_ALCALDE,2015,ALCALDE,41518,__BLANCO__,12
t2015_ALCALDE,2015,ALCALDE,41518,__NO_MARCADOS__,22
t2015_ALCALDE,2015,ALCALDE,41518,__NULOS__,19
t2015_ALCALDE,2015,ALCALDE,41524,ALENXANDRO SALAZAR LLANOS|PARTIDO CAMBIO RADICAL,29
t2015_ALCALDE,2015,ALCALDE,41524,ENDER SMITH LAVAO SOLORZANO|PARTIDO CENTRO DEMOCRÁTICO,1231
t2015_ALCALDE,2015,ALCALDE,41524,GILBERTO ROJAS TRUJILLO|PARTIDO POLO DEMOCRÁTICO ALTERNATIVO,1607
t2015_ALCALDE,2015,ALCALDE,41524,JOSE REYNALDO ORTIZ MENDOZA|PARTIDO OPCIÓN CIUDADANA,460
t2015_ALCALDE,2015,ALCALDE,41524,RAFAEL LEANDRO SOLANO SOLORZANO|PARTIDO ALIANZA VERDE,2427
t2015_ALCALDE,2015,ALCALDE,41524,ROCIO DEL PILAR MEDINA RAMIREZ|PARTIDO DE LA U,1476
t2015_ALCALDE,2015,ALCALDE,41524,VICTOR ERNESTO POLANIA VANEGAS|PARTIDO CONSERVADOR COLOMBIANO,5639
t2015_ALCALDE,2015,ALCALDE,41524,VLADIMIR CABALLERO MEDINA|PARTIDO ALIANZA SOCIAL INDEPENDIENTE,1033
t2015_ALCALDE,2015,ALCALDE,41524,__BLANCO__,211
t2015_ALCALDE,2015,ALCALDE,41524,__NO_MARCADOS__,192
t2015_ALCALDE,2015,ALCALDE,41524,__NULOS__,151
t2015_ALCALDE,2015,ALCALDE,41530,ALBEIRO NIETO CALDERON|PARTIDO ALIANZA VERDE,2255
t2015_ALCALDE,2015,ALCALDE,41530,CARLOS ELIECER MOTTA PARDO|PARTIDO LIBERAL COLOMBIANO,2927
t2015_ALCALDE,2015,ALCALDE,41530,MARLENY ANACONA MAMIAN|PARTIDO CAMBIO RADICAL,271
t2015_ALCALDE,2015,ALCALDE,41530,STELLA VARGAS VALDERRAMA|PARTIDO CENTRO DEMOCRÁTICO,328
t2015_ALCALDE,2015,ALCALDE,41530,__BLANCO__,62
t2015_ALCALDE,2015,ALCALDE,41530,__NO_MARCADOS__,102
t2015_ALCALDE,2015,ALCALDE,41530,__NULOS__,58
t2015_ALCALDE,2015,ALCALDE,41548,EMILIO LEIVA LEAL|PARTIDO LIBERAL COLOMBIANO,2917
t2015_ALCALDE,2015,ALCALDE,41548,HUGO FERNEY CASANOVA NIPI|PARTIDO CONSERVADOR COLOMBIANO,2444
t2015_ALCALDE,2015,ALCALDE,41548,IVAN CONDE MEDINA|MOVIMIENTO ALTERNATIVO INDÍGENA Y SOCIAL MAIS,422
t2015_ALCALDE,2015,ALCALDE,41548,LUIS FRANCISCO ROJAS CASTILLO|PARTIDO ALIANZA VERDE,418
t2015_ALCALDE,2015,ALCALDE,41548,__BLANCO__,43
t2015_ALCALDE,2015,ALCALDE,41548,__NO_MARCADOS__,59
t2015_ALCALDE,2015,ALCALDE,41548,__NULOS__,48
t2015_ALCALDE,2015,ALCALDE,41551,CARLOS AUGUSTO ROJAS ORTIZ|PARTIDO CONSERVADOR COLOMBIANO,284
t2015_ALCALDE,2015,ALCALDE,41551,CESAR MAURICIO SIERRA VALENCIA|PARTIDO OPCIÓN CIUDADANA,1734
t2015_ALCALDE,2015,ALCALDE,41551,EDGAR MUÑOZ TORRES|PARTIDO ALIANZA SOCIAL INDEPENDIENTE,13536
t2015_ALCALDE,2015,ALCALDE,41551,EDNA ROCIO PLAZAS RAMIREZ|PARTIDO POLO DEMOCRÁTICO ALTERNATIVO,1075
t2015_ALCALDE,2015,ALCALDE,41551,GENARO LOZADA MENDIETA|PARTIDO LIBERAL COLOMBIANO,9436
t2015_ALCALDE,2015,ALCALDE,41551,JORGE IVAN COCUNUBO CASTELLANOS|PARTIDO ALIANZA VERDE,835
t2015_ALCALDE,2015,ALCALDE,41551,MIGUEL ANTONIO RICO RINCON|GRAN ALIANZA POR PITALITO,17852
t2015_ALCALDE,2015,ALCALDE,41551,SILVIO GOMEZ CLAROS|PARTIDO CENTRO DEMOCRÁTICO,3728
t2015_ALCALDE,2015,ALCALDE,41551,YOBANY OROZCO VALENCIANO|MOVIMIENTO ALTERNATIVO INDÍGENA Y SOCIAL MAIS,47
t2015_ALCALDE,2015,ALCALDE,41551,__BLANCO__,1306
t2015_ALCALDE,2015,ALCALDE,41551,__NO_MARCADOS__,1255
t2015_ALCALDE,2015,ALCALDE,41551,__NULOS__,1255
t2015_ALCALDE,2015,ALCALDE,41615,JOHN JAIRO YEPES PERDOMO|POLO DEMOCRÁTICO ALTERNATIVO - ALIANZA SOCIAL INDEPENDIENT,2853
t2015_ALCALDE,2015,ALCALDE,41615,LINA MARCELA RINCON ANDRADE|PARTIDO CENTRO DEMOCRÁTICO,351
t2015_ALCALDE,2015,ALCALDE,41615,MILENA OLIVEROS CRESPO|PARTIDO LIBERAL COLOMBIANO,3505
t2015_ALCALDE,2015,ALCALDE,41615,NESTOR RAMIRO BARREIRO ANDRADE|CON LA GENTE,4107
t2015_ALCALDE,2015,ALCALDE,41615,__BLANCO__,122
t2015_ALCALDE,2015,ALCALDE,41615,__NO_MARCADOS__,134
t2015_ALCALDE,2015,ALCALDE,41615,__NULOS__,79
t2015_ALCALDE,2015,ALCALDE,41660,LUIS ANTONIO BAMBAGUE ORDOÑEZ|PARTIDO CONSERVADOR COLOMBIANO,349
t2015_ALCALDE,2015,ALCALDE,41660,PEDRO MARIA CORREA GUAÑARITA|PARTIDO CENTRO DEMOCRÁTICO,16
t2015_ALCALDE,2015,ALCALDE,41660,ZULEIMA PATRICIA PEÑA VALENZUELA|PARTIDO CAMBIO RADICAL - PARTIDO DE LA U,1061
t2015_ALCALDE,2015,ALCALDE,41660,__BLANCO__,10
t2015_ALCALDE,2015,ALCALDE,41660,__NO_MARCADOS__,15
t2015_ALCALDE,2015,ALCALDE,41660,__NULOS__,13
t2015_ALCALDE,2015,ALCALDE,41668,ALBERTO CERON URBANO|PARTIDO ALIANZA VERDE,47
t2015_ALCALDE,2015,ALCALDE,41668,BERNARDO URBANO BOLAÑOS|PARTIDO ALIANZA SOCIAL INDEPENDIENTE,446
t2015_ALCALDE,2015,ALCALDE,41668,EVER BOLAÑOS JOJOA|PARTIDO DE LA U,5534
t2015_ALCALDE,2015,ALCALDE,41668,GERMAN ALBERTO ORTEGA|PARTIDO LIBERAL COLOMBIANO,3143
t2015_ALCALDE,2015,ALCALDE,41668,JOSE ANTONIO MUÑOZ PAZ|PARTIDO CAMBIO RADICAL,4706
t2015_ALCALDE,2015,ALCALDE,41668,LILIANA MUÑOZ MENESES|PARTIDO CENTRO DEMOCRÁTICO,497
t2015_ALCALDE,2015,ALCALDE,41668,YONKELLY BARRERA BENAVIDES|PARTIDO OPCIÓN CIUDADANA,10
t2015_ALCALDE,2015,ALCALDE,41668,__BLANCO__,207
t2015_ALCALDE,2015,ALCALDE,41668,__NO_MARCADOS__,382
t2015_ALCALDE,2015,ALCALDE,41668,__NULOS__,270
t2015_ALCALDE,2015,ALCALDE,41676,CARMEN BARRAGAN CAVIEDES|PARTIDO CENTRO DEMOCRÁTICO,286
t2015_ALCALDE,2015,ALCALDE,41676,JULIO CESAR PERALTA ARDILA|PARTIDO ALIANZA SOCIAL INDEPENDIENTE,1386
t2015_ALCALDE,2015,ALCALDE,41676,NOLBERTO CASTRO TRUJILLO|PARTIDO CONSERVADOR COLOMBIANO,2909
t2015_ALCALDE,2015,ALCALDE,41676,PEDRO YINER SALAZAR PRECIADO|PARTIDO OPCIÓN CIUDADANA,694
t2015_ALCALDE,2015,ALCALDE,41676,__BLANCO__,58
t2015_ALCALDE,2015,ALCALDE,41676,__NO_MARCADOS__,80
t2015_ALCALDE,2015,ALCALDE,41676,__NULOS__,59
t2015_ALCALDE,2015,ALCALDE,41770,FROILAN HERNANDO CABRERA CAMPO|PARTIDO CAMBIO RADICAL,4021
t2015_ALCALDE,2015,ALCALDE,41770,JOSE RICARDO CABRERA ARTUNDUAGA|PARTIDO CONSERVADOR COLOMBIANO - CENTRO DEMOCRÁTICO,4326
t2015_ALCALDE,2015,ALCALDE,41770,__BLANCO__,61
t2015_ALCALDE,2015,ALCALDE,41770,__NO_MARCADOS__,168
t2015_ALCALDE,2015,ALCALDE,41770,__NULOS__,66
t2015_ALCALDE,2015,ALCALDE,41791,ALVARO TRUJILLO HERNANDEZ|PROGRAMÁTICA Y POLÍTICA ENTRE EL PART. LIBERAL COL. - PART,3806
t2015_ALCALDE,2015,ALCALDE,41791,CESAR AUGUSTO ALVARADO OSORIO|PARTIDO CONSERVADOR COLOMBIANO,4675
t2015_ALCALDE,2015,ALCALDE,41791,FENY TRUJILLO VALENZUELA|PARTIDO CENTRO DEMOCRÁTICO,73
t2015_ALCALDE,2015,ALCALDE,41791,FRANCY ELENA OSORIO CRIOLLO|PARTIDO DE LA U,57
t2015_ALCALDE,2015,ALCALDE,41791,__BLANCO__,58
t2015_ALCALDE,2015,ALCALDE,41791,__NO_MARCADOS__,57
t2015_ALCALDE,2015,ALCALDE,41791,__NULOS__,56
t2015_ALCALDE,2015,ALCALDE,41797,CARLOS HUMBERTO PERDOMO ZUÑIGA|PARTIDO CONSERVADOR COLOMBIANO,1901
t2015_ALCALDE,2015,ALCALDE,41797,ERNESTO PERDOMO PERDOMO|PARTIDO ALIANZA VERDE,203
t2015_ALCALDE,2015,ALCALDE,41797,FABIO RAMIREZ|PARTIDO DE LA U,1953
t2015_ALCALDE,2015,ALCALDE,41797,JORGE MARIO VIEDA MEDINA|PARTIDO CENTRO DEMOCRÁTICO,241
t2015_ALCALDE,2015,ALCALDE,41797,OLMER GUSTAVO RAMOS CUENCA|PARTIDO CAMBIO RADICAL,1160
t2015_ALCALDE,2015,ALCALDE,41797,__BLANCO__,52
t2015_ALCALDE,2015,ALCALDE,41797,__NO_MARCADOS__,59
t2015_ALCALDE,2015,ALCALDE,41797,__NULOS__,49
t2015_ALCALDE,2015,ALCALDE,41799,DIEGO ANDRES MANRIQUE BARRETO|PARTIDO DE LA U - PARTIDO CAMBIO RADICAL,3381
t2015_ALCALDE,2015,ALCALDE,41799,EDUER HOLGUIN LOPEZ|PARTIDO LIBERAL COLOMBIANO,3477
t2015_ALCALDE,2015,ALCALDE,41799,HECTOR ARIEL MACIAS TAMAYO|PARTIDO ALIANZA VERDE,192
t2015_ALCALDE,2015,ALCALDE,41799,ROBINSON GOMEZ CORTES|PARTIDO CENTRO DEMOCRÁTICO,79
t2015_ALCALDE,2015,ALCALDE,41799,__BLANCO__,48
t2015_ALCALDE,2015,ALCALDE,41799,__NO_MARCADOS__,111
t2015_ALCALDE,2015,ALCALDE,41799,__NULOS__,82
t2015_ALCALDE,2015,ALCALDE,41801,ALBERTO CALDERON RAMIREZ|PARTIDO ALIANZA VERDE,1883
t2015_ALCALDE,2015,ALCALDE,41801,DAGOBERTO BARRIOS ORTEGA|PARTIDO OPCIÓN CIUDADANA,610
t2015_ALCALDE,2015,ALCALDE,41801,GILBERTO SILVA IPUS|PARTIDO ALIANZA SOCIAL INDEPENDIENTE,211
t2015_ALCALDE,2015,ALCALDE,41801,ISABEL CRISTINA VARGAS PEREZ|PARTIDO CENTRO DEMOCRÁTICO,381
t2015_ALCALDE,2015,ALCALDE,41801,YELITSA FIERRO LAGUNA|PARTIDO CONSERVADOR COLOMBIANO,1615
t2015_ALCALDE,2015,ALCALDE,41801,__BLANCO__,24
t2015_ALCALDE,2015,ALCALDE,41801,__NO_MARCADOS__,36
t2015_ALCALDE,2015,ALCALDE,41801,__NULOS__,37
t2015_ALCALDE,2015,ALCALDE,41807,ALEXIS BELTRAN CAMACHO|PARTIDO LIBERAL COLOMBIANO,2257
t2015_ALCALDE,2015,ALCALDE,41807,CANTALICIO CARDENAS CALDERON|MOVIMIENTO AUTORIDADES INDÍGENAS DE COLOMBIA,13
t2015_ALCALDE,2015,ALCALDE,41807,JUAN BAUTISTA ROJAS PARRA|PARTIDO OPCIÓN CIUDADANA,2546
t2015_ALCALDE,2015,ALCALDE,41807,MARCO ADRIAN ARTUNDUAGA GOMEZ|PARTIDO CENTRO DEMOCRÁTICO,1084
t2015_ALCALDE,2015,ALCALDE,41807,RODRIGO HERNANDEZ ROJAS|PARTIDO CAMBIO RADICAL,1153
t2015_ALCALDE,2015,ALCALDE,41807,WILSON BETHO CALDERON HEREDIA|PARTIDO DE LA U,2537
t2015_ALCALDE,2015,ALCALDE,41807,__BLANCO__,148
t2015_ALCALDE,2015,ALCALDE,41807,__NO_MARCADOS__,312
t2015_ALCALDE,2015,ALCALDE,41807,__NULOS__,130
t2015_ALCALDE,2015,ALCALDE,41872,EFRAIN VANEGAS RUIZ|PARTIDO CONSERVADOR COLOMBIANO,1509
t2015_ALCALDE,2015,ALCALDE,41872,GUSTAVO CRUZ ACOSTA|PARTIDO LIBERAL COLOMBIANO,264
t2015_ALCALDE,2015,ALCALDE,41872,YORDAN ARIS PACHECO TONCON|PARTIDO DE LA U,3188
t2015_ALCALDE,2015,ALCALDE,41872,__BLANCO__,31
t2015_ALCALDE,2015,ALCALDE,41872,__NO_MARCADOS__,36
t2015_ALCALDE,2015,ALCALDE,41872,__NULOS__,42
t2015_ALCALDE,2015,ALCALDE,41885,DIEGO EDUARDO CUENCA CABRERA|PARTIDO CONSERVADOR COLOMBIANO,34
t2015_ALCALDE,2015,ALCALDE,41885,JUAN CARLOS CASALLAS RIVAS|PARTIDO CAMBIO RADICAL,1695
t2015_ALCALDE,2015,ALCALDE,41885,LENIN ALBERTO TRUJILLO GONZALEZ|PARTIDO DE LA U,2
t2015_ALCALDE,2015,ALCALDE,41885,LUIS ERNESTO GARCIA POLANIA|PARTIDO ALIANZA VERDE,121
t2015_ALCALDE,2015,ALCALDE,41885,RAFAEL RAMIREZ GONZALEZ|PARTIDO ALIANZA SOCIAL INDEPENDIENTE,2117
t2015_ALCALDE,2015,ALCALDE,41885,RAMIRO TAMAYO TAMAYO|PARTIDO CENTRO DEMOCRÁTICO,1319
t2015_ALCALDE,2015,ALCALDE,41885,__BLANCO__,27
t2015_ALCALDE,2015,ALCALDE,41885,__NO_MARCADOS__,21
t2015_ALCALDE,2015,ALCALDE,41885,__NULOS__,34
t2015_ASAMBLEA,2015,ASAMBLEA,41001,MOVIMIENTO MIRA,6219
t2015_ASAMBLEA,2015,ASAMBLEA,41001,PARTIDO ALIANZA VERDE,20337
t2015_ASAMBLEA,2015,ASAMBLEA,41001,PARTIDO CAMBIO RADICAL,20506
t2015_ASAMBLEA,2015,ASAMBLEA,41001,PARTIDO CENTRO DEMOCRÁTICO,9142
t2015_ASAMBLEA,2015,ASAMBLEA,41001,PARTIDO CONSERVADOR COLOMBIANO,13503
t2015_ASAMBLEA,2015,ASAMBLEA,41001,PARTIDO DE LA U,22866
t2015_ASAMBLEA,2015,ASAMBLEA,41001,PARTIDO LIBERAL COLOMBIANO,18597
t2015_ASAMBLEA,2015,ASAMBLEA,41001,PARTIDO OPCIÓN CIUDADANA,961
t2015_ASAMBLEA,2015,ASAMBLEA,41001,PARTIDO POLO DEMOCRÁTICO ALTERNATIVO,5351
t2015_ASAMBLEA,2015,ASAMBLEA,41001,__BLANCO__,21506
t2015_ASAMBLEA,2015,ASAMBLEA,41001,__NO_MARCADOS__,10111
t2015_ASAMBLEA,2015,ASAMBLEA,41001,__NULOS__,8179
t2015_ASAMBLEA,2015,ASAMBLEA,41006,MOVIMIENTO MIRA,72
t2015_ASAMBLEA,2015,ASAMBLEA,41006,PARTIDO ALIANZA VERDE,1787
t2015_ASAMBLEA,2015,ASAMBLEA,41006,PARTIDO CAMBIO RADICAL,615
t2015_ASAMBLEA,2015,ASAMBLEA,41006,PARTIDO CENTRO DEMOCRÁTICO,873
t2015_ASAMBLEA,2015,ASAMBLEA,41006,PARTIDO CONSERVADOR COLOMBIANO,2980
t2015_ASAMBLEA,2015,ASAMBLEA,41006,PARTIDO DE LA U,1072
t2015_ASAMBLEA,2015,ASAMBLEA,41006,PARTIDO LIBERAL COLOMBIANO,909
t2015_ASAMBLEA,2015,ASAMBLEA,41006,PARTIDO OPCIÓN CIUDADANA,275
t2015_ASAMBLEA,2015,ASAMBLEA,41006,PARTIDO POLO DEMOCRÁTICO ALTERNATIVO,152
t2015_ASAMBLEA,2015,ASAMBLEA,41006,__BLANCO__,953
t2015_ASAMBLEA,2015,ASAMBLEA,41006,__NO_MARCADOS__,2304
t2015_ASAMBLEA,2015,ASAMBLEA,41006,__NULOS__,599
t2015_ASAMBLEA,2015,ASAMBLEA,41013,MOVIMIENTO MIRA,137
t2015_ASAMBLEA,2015,ASAMBLEA,41013,PARTIDO ALIANZA VERDE,702
t2015_ASAMBLEA,2015,ASAMBLEA,41013,PARTIDO CAMBIO RADICAL,282
t2015_ASAMBLEA,2015,ASAMBLEA,41013,PARTIDO CENTRO DEMOCRÁTICO,189
t2015_ASAMBLEA,2015,ASAMBLEA,41013,PARTIDO CONSERVADOR COLOMBIANO,714
t2015_ASAMBLEA,2015,ASAMBLEA,41013,PARTIDO DE LA U,920
t2015_ASAMBLEA,2015,ASAMBLEA,41013,PARTIDO LIBERAL COLOMBIANO,687
t2015_ASAMBLEA,2015,ASAMBLEA,41013,PARTIDO OPCIÓN CIUDADANA,11
t2015_ASAMBLEA,2015,ASAMBLEA,41013,PARTIDO POLO DEMOCRÁTICO ALTERNATIVO,267
t2015_ASAMBLEA,2015,ASAMBLEA,41013,__BLANCO__,351
t2015_ASAMBLEA,2015,ASAMBLEA,41013,__NO_MARCADOS__,747
t2015_ASAMBLEA,2015,ASAMBLEA,41013,__NULOS__,149
t2015_ASAMBLEA,2015,ASAMBLEA,41016,MOVIMIENTO MIRA,168
t2015_ASAMBLEA,2015,ASAMBLEA,41016,PARTIDO ALIANZA VERDE,387
t2015_ASAMBLEA,2015,ASAMBLEA,41016,PARTIDO CAMBIO RADICAL,2543
t2015_ASAMBLEA,2015,ASAMBLEA,41016,PARTIDO CENTRO DEMOCRÁTICO,230
t2015_ASAMBLEA,2015,ASAMBLEA,41016,PARTIDO CONSERVADOR COLOMBIANO,341
t2015_ASAMBLEA,2015,ASAMBLEA,41016,PARTIDO DE LA U,1729
t2015_ASAMBLEA,2015,ASAMBLEA,41016,PARTIDO LIBERAL COLOMBIANO,2027
t2015_ASAMBLEA,2015,ASAMBLEA,41016,PARTIDO OPCIÓN CIUDADANA,44
t2015_ASAMBLEA,2015,ASAMBLEA,41016,PARTIDO POLO DEMOCRÁTICO ALTERNATIVO,112
t2015_ASAMBLEA,2015,ASAMBLEA,41016,__BLANCO__,592
t2015_ASAMBLEA,2015,ASAMBLEA,41016,__NO_MARCADOS__,1423
t2015_ASAMBLEA,2015,ASAMBLEA,41016,__NULOS__,427
t2015_ASAMBLEA,2015,ASAMBLEA,41020,MOVIMIENTO MIRA,160
t2015_ASAMBLEA,2015,ASAMBLEA,41020,PARTIDO ALIANZA VERDE,403
t2015_ASAMBLEA,2015,ASAMBLEA,41020,PARTIDO CAMBIO RADICAL,917
t2015_ASAMBLEA,2015,ASAMBLEA,41020,PARTIDO CENTRO DEMOCRÁTICO,249
t2015_ASAMBLEA,2015,ASAMBLEA,41020,PARTIDO CONSERVADOR COLOMBIANO,155
t2015_ASAMBLEA,2015,ASAMBLEA,41020,PARTIDO DE LA U,1210
t2015_ASAMBLEA,2015,ASAMBLEA,41020,PARTIDO LIBERAL COLOMBIANO,853
t2015_ASAMBLEA,2015,ASAMBLEA,41020,PARTIDO OPCIÓN CIUDADANA,3
t2015_ASAMBLEA,2015,ASAMBLEA,41020,PARTIDO POLO DEMOCRÁTICO ALTERNATIVO,3227
t2015_ASAMBLEA,2015,ASAMBLEA,41020,__BLANCO__,290
t2015_ASAMBLEA,2015,ASAMBLEA,41020,__NO_MARCADOS__,1686
t2015_ASAMBLEA,2015,ASAMBLEA,41020,__NULOS__,482
t2015_ASAMBLEA,2015,ASAMBLEA,41026,MOVIMIENTO MIRA,13
t2015_ASAMBLEA,2015,ASAMBLEA,41026,PARTIDO ALIANZA VERDE,352
t2015_ASAMBLEA,2015,ASAMBLEA,41026,PARTIDO CAMBIO RADICAL,75
t2015_ASAMBLEA,2015,ASAMBLEA,41026,PARTIDO CENTRO DEMOCRÁTICO,64
t2015_ASAMBLEA,2015,ASAMBLEA,41026,PARTIDO CONSERVADOR COLOMBIANO,523
t2015_ASAMBLEA,2015,ASAMBLEA,41026,PARTIDO DE LA U,184
t2015_ASAMBLEA,2015,ASAMBLEA,41026,PARTIDO LIBERAL COLOMBIANO,342
t2015_ASAMBLEA,2015,ASAMBLEA,41026,PARTIDO OPCIÓN CIUDADANA,49
t2015_ASAMBLEA,2015,ASAMBLEA,41026,PARTIDO POLO DEMOCRÁTICO ALTERNATIVO,75
t2015_ASAMBLEA,2015,ASAMBLEA,41026,__BLANCO__,176
t2015_ASAMBLEA,2015,ASAMBLEA,41026,__NO_MARCADOS__,218
t2015_ASAMBLEA,2015,ASAMBLEA,41026,__NULOS__,80
t2015_ASAMBLEA,2015,ASAMBLEA,41078,MOVIMIENTO MIRA,146
t2015_ASAMBLEA,2015,ASAMBLEA,41078,PARTIDO ALIANZA VERDE,978
t2015_ASAMBLEA,2015,ASAMBLEA,41078,PARTIDO CAMBIO RADICAL,708
t2015_ASAMBLEA,2015,ASAMBLEA,41078,PARTIDO CENTRO DEMOCRÁTICO,72
t2015_ASAMBLEA,2015,ASAMBLEA,41078,PARTIDO CONSERVADOR COLOMBIANO,128
t2015_ASAMBLEA,2015,ASAMBLEA,41078,PARTIDO DE LA U,624
t2015_ASAMBLEA,2015,ASAMBLEA,41078,PARTIDO LIBERAL COLOMBIANO,382
t2015_ASAMBLEA,2015,ASAMBLEA,41078,PARTIDO OPCIÓN CIUDADANA,33
t2015_ASAMBLEA,2015,ASAMBLEA,41078,PARTIDO POLO DEMOCRÁTICO ALTERNATIVO,81
t2015_ASAMBLEA,2015,ASAMBLEA,41078,__BLANCO__,180
t2015_ASAMBLEA,2015,ASAMBLEA,41078,__NO_MARCADOS__,570
t2015_ASAMBLEA,2015,ASAMBLEA,41078,__NULOS__,160
t2015_ASAMBLEA,2015,ASAMBLEA,41132,MOVIMIENTO MIRA,1033
t2015_ASAMBLEA,2015,ASAMBLEA,41132,PARTIDO ALIANZA VERDE,1203
t2015_ASAMBLEA,2015,ASAMBLEA,41132,PARTIDO CAMBIO RADICAL,1205
t2015_ASAMBLEA,2015,ASAMBLEA,41132,PARTIDO CENTRO DEMOCRÁTICO,1296
t2015_ASAMBLEA,2015,ASAMBLEA,41132,PARTIDO CONSERVADOR COLOMBIANO,526
t2015_ASAMBLEA,2015,ASAMBLEA,41132,PARTIDO DE LA U,3517
t2015_ASAMBLEA,2015,ASAMBLEA,41132,PARTIDO LIBERAL COLOMBIANO,2360
t2015_ASAMBLEA,2015,ASAMBLEA,41132,PARTIDO OPCIÓN CIUDADANA,242
t2015_ASAMBLEA,2015,ASAMBLEA,41132,PARTIDO POLO DEMOCRÁTICO ALTERNATIVO,376
t2015_ASAMBLEA,2015,ASAMBLEA,41132,__BLANCO__,1448
t2015_ASAMBLEA,2015,ASAMBLEA,41132,__NO_MARCADOS__,1802
t2015_ASAMBLEA,2015,ASAMBLEA,41132,__NULOS__,1072
t2015_ASAMBLEA,2015,ASAMBLEA,41206,MOVIMIENTO MIRA,19
t2015_ASAMBLEA,2015,ASAMBLEA,41206,PARTIDO ALIANZA VERDE,220
t2015_ASAMBLEA,2015,ASAMBLEA,41206,PARTIDO CAMBIO RADICAL,594
t2015_ASAMBLEA,2015,ASAMBLEA,41206,PARTIDO CENTRO DEMOCRÁTICO,110
t2015_ASAMBLEA,2015,ASAMBLEA,41206,PARTIDO CONSERVADOR COLOMBIANO,528
t2015_ASAMBLEA,2015,ASAMBLEA,41206,PARTIDO DE LA U,334
t2015_ASAMBLEA,2015,ASAMBLEA,41206,PARTIDO LIBERAL COLOMBIANO,1729
t2015_ASAMBLEA,2015,ASAMBLEA,41206,PARTIDO OPCIÓN CIUDADANA,4
t2015_ASAMBLEA,2015,ASAMBLEA,41206,PARTIDO POLO DEMOCRÁTICO ALTERNATIVO,28
t2015_ASAMBLEA,2015,ASAMBLEA,41206,__BLANCO__,187
t2015_ASAMBLEA,2015,ASAMBLEA,41206,__NO_MARCADOS__,679
t2015_ASAMBLEA,2015,ASAMBLEA,41206,__NULOS__,244
t2015_ASAMBLEA,2015,ASAMBLEA,41244,MOVIMIENTO MIRA,45
t2015_ASAMBLEA,2015,ASAMBLEA,41244,PARTIDO ALIANZA VERDE,721
t2015_ASAMBLEA,2015,ASAMBLEA,41244,PARTIDO CAMBIO RADICAL,203
t2015_ASAMBLEA,2015,ASAMBLEA,41244,PARTIDO CENTRO DEMOCRÁTICO,60
t2015_ASAMBLEA,2015,ASAMBLEA,41244,PARTIDO CONSERVADOR COLOMBIANO,582
t2015_ASAMBLEA,2015,ASAMBLEA,41244,PARTIDO DE LA U,82
t2015_ASAMBLEA,2015,ASAMBLEA,41244,PARTIDO LIBERAL COLOMBIANO,209
t2015_ASAMBLEA,2015,ASAMBLEA,41244,PARTIDO OPCIÓN CIUDADANA,5
t2015_ASAMBLEA,2015,ASAMBLEA,41244,PARTIDO POLO DEMOCRÁTICO ALTERNATIVO,23
t2015_ASAMBLEA,2015,ASAMBLEA,41244,__BLANCO__,94
t2015_ASAMBLEA,2015,ASAMBLEA,41244,__NO_MARCADOS__,367
t2015_ASAMBLEA,2015,ASAMBLEA,41244,__NULOS__,94
t2015_ASAMBLEA,2015,ASAMBLEA,41298,MOVIMIENTO MIRA,434
t2015_ASAMBLEA,2015,ASAMBLEA,41298,PARTIDO ALIANZA VERDE,7555
t2015_ASAMBLEA,2015,ASAMBLEA,41298,PARTIDO CAMBIO RADICAL,1425
t2015_ASAMBLEA,2015,ASAMBLEA,41298,PARTIDO CENTRO DEMOCRÁTICO,2337
t2015_ASAMBLEA,2015,ASAMBLEA,41298,PARTIDO CONSERVADOR COLOMBIANO,4092
t2015_ASAMBLEA,2015,ASAMBLEA,41298,PARTIDO DE LA U,4820
t2015_ASAMBLEA,2015,ASAMBLEA,41298,PARTIDO LIBERAL COLOMBIANO,2132
t2015_ASAMBLEA,2015,ASAMBLEA,41298,PARTIDO OPCIÓN CIUDADANA,93
t2015_ASAMBLEA,2015,ASAMBLEA,41298,PARTIDO POLO DEMOCRÁTICO ALTERNATIVO,513
t2015_ASAMBLEA,2015,ASAMBLEA,41298,__BLANCO__,3215
t2015_ASAMBLEA,2015,ASAMBLEA,41298,__NO_MARCADOS__,2350
t2015_ASAMBLEA,2015,ASAMBLEA,41298,__NULOS__,1706
t2015_ASAMBLEA,2015,ASAMBLEA,41306,MOVIMIENTO MIRA,408
t2015_ASAMBLEA,2015,ASAMBLEA,41306,PARTIDO ALIANZA VERDE,2089
t2015_ASAMBLEA,2015,ASAMBLEA,41306,PARTIDO CAMBIO RADICAL,1122
t2015_ASAMBLEA,2015,ASAMBLEA,41306,PARTIDO CENTRO DEMOCRÁTICO,793
t2015_ASAMBLEA,2015,ASAMBLEA,41306,PARTIDO CONSERVADOR COLOMBIANO,463
t2015_ASAMBLEA,2015,ASAMBLEA,41306,PARTIDO DE LA U,2793
t2015_ASAMBLEA,2015,ASAMBLEA,41306,PARTIDO LIBERAL COLOMBIANO,1146
t2015_ASAMBLEA,2015,ASAMBLEA,41306,PARTIDO OPCIÓN CIUDADANA,43
t2015_ASAMBLEA,2015,ASAMBLEA,41306,PARTIDO POLO DEMOCRÁTICO ALTERNATIVO,151
t2015_ASAMBLEA,2015,ASAMBLEA,41306,__BLANCO__,914
t2015_ASAMBLEA,2015,ASAMBLEA,41306,__NO_MARCADOS__,1365
t2015_ASAMBLEA,2015,ASAMBLEA,41306,__NULOS__,617
t2015_ASAMBLEA,2015,ASAMBLEA,41319,MOVIMIENTO MIRA,111
t2015_ASAMBLEA,2015,ASAMBLEA,41319,PARTIDO ALIANZA VERDE,3295
t2015_ASAMBLEA,2015,ASAMBLEA,41319,PARTIDO CAMBIO RADICAL,376
t2015_ASAMBLEA,2015,ASAMBLEA,41319,PARTIDO CENTRO DEMOCRÁTICO,153
t2015_ASAMBLEA,2015,ASAMBLEA,41319,PARTIDO CONSERVADOR COLOMBIANO,696
t2015_ASAMBLEA,2015,ASAMBLEA,41319,PARTIDO DE LA U,1326
t2015_ASAMBLEA,2015,ASAMBLEA,41319,PARTIDO LIBERAL COLOMBIANO,468
t2015_ASAMBLEA,2015,ASAMBLEA,41319,PARTIDO OPCIÓN CIUDADANA,7
t2015_ASAMBLEA,2015,ASAMBLEA,41319,PARTIDO POLO DEMOCRÁTICO ALTERNATIVO,220
t2015_ASAMBLEA,2015,ASAMBLEA,41319,__BLANCO__,440
t2015_ASAMBLEA,2015,ASAMBLEA,41319,__NO_MARCADOS__,982
t2015_ASAMBLEA,2015,ASAMBLEA,41319,__NULOS__,376
t2015_ASAMBLEA,2015,ASAMBLEA,41349,MOVIMIENTO MIRA,138
t2015_ASAMBLEA,2015,ASAMBLEA,41349,PARTIDO ALIANZA VERDE,631
t2015_ASAMBLEA,2015,ASAMBLEA,41349,PARTIDO CAMBIO RADICAL,248
t2015_ASAMBLEA,2015,ASAMBLEA,41349,PARTIDO CENTRO DEMOCRÁTICO,180
t2015_ASAMBLEA,2015,ASAMBLEA,41349,PARTIDO CONSERVADOR COLOMBIANO,177
t2015_ASAMBLEA,2015,ASAMBLEA,41349,PARTIDO DE LA U,700
t2015_ASAMBLEA,2015,ASAMBLEA,41349,PARTIDO LIBERAL COLOMBIANO,797
t2015_ASAMBLEA,2015,ASAMBLEA,41349,PARTIDO OPCIÓN CIUDADANA,27
t2015_ASAMBLEA,2015,ASAMBLEA,41349,PARTIDO POLO DEMOCRÁTICO ALTERNATIVO,81
t2015_ASAMBLEA,2015,ASAMBLEA,41349,__BLANCO__,286
t2015_ASAMBLEA,2015,ASAMBLEA,41349,__NO_MARCADOS__,636
t2015_ASAMBLEA,2015,ASAMBLEA,41349,__NULOS__,159
t2015_ASAMBLEA,2015,ASAMBLEA,41357,MOVIMIENTO MIRA,70
t2015_ASAMBLEA,2015,ASAMBLEA,41357,PARTIDO ALIANZA VERDE,468
t2015_ASAMBLEA,2015,ASAMBLEA,41357,PARTIDO CAMBIO RADICAL,742
t2015_ASAMBLEA,2015,ASAMBLEA,41357,PARTIDO CENTRO DEMOCRÁTICO,182
t2015_ASAMBLEA,2015,ASAMBLEA,41357,PARTIDO CONSERVADOR COLOMBIANO,860
t2015_ASAMBLEA,2015,ASAMBLEA,41357,PARTIDO DE LA U,643
t2015_ASAMBLEA,2015,ASAMBLEA,41357,PARTIDO LIBERAL COLOMBIANO,608
t2015_ASAMBLEA,2015,ASAMBLEA,41357,PARTIDO OPCIÓN CIUDADANA,22
t2015_ASAMBLEA,2015,ASAMBLEA,41357,PARTIDO POLO DEMOCRÁTICO ALTERNATIVO,129
t2015_ASAMBLEA,2015,ASAMBLEA,41357,__BLANCO__,254
t2015_ASAMBLEA,2015,ASAMBLEA,41357,__NO_MARCADOS__,742
t2015_ASAMBLEA,2015,ASAMBLEA,41357,__NULOS__,214
t2015_ASAMBLEA,2015,ASAMBLEA,41359,MOVIMIENTO MIRA,298
t2015_ASAMBLEA,2015,ASAMBLEA,41359,PARTIDO ALIANZA VERDE,720
t2015_ASAMBLEA,2015,ASAMBLEA,41359,PARTIDO CAMBIO RADICAL,2910
t2015_ASAMBLEA,2015,ASAMBLEA,41359,PARTIDO CENTRO DEMOCRÁTICO,1485
t2015_ASAMBLEA,2015,ASAMBLEA,41359,PARTIDO CONSERVADOR COLOMBIANO,935
t2015_ASAMBLEA,2015,ASAMBLEA,41359,PARTIDO DE LA U,1326
t2015_ASAMBLEA,2015,ASAMBLEA,41359,PARTIDO LIBERAL COLOMBIANO,1386
t2015_ASAMBLEA,2015,ASAMBLEA,41359,PARTIDO OPCIÓN CIUDADANA,36
t2015_ASAMBLEA,2015,ASAMBLEA,41359,PARTIDO POLO DEMOCRÁTICO ALTERNATIVO,242
t2015_ASAMBLEA,2015,ASAMBLEA,41359,__BLANCO__,979
t2015_ASAMBLEA,2015,ASAMBLEA,41359,__NO_MARCADOS__,2240
t2015_ASAMBLEA,2015,ASAMBLEA,41359,__NULOS__,516
t2015_ASAMBLEA,2015,ASAMBLEA,41378,MOVIMIENTO MIRA,35
t2015_ASAMBLEA,2015,ASAMBLEA,41378,PARTIDO ALIANZA VERDE,2952
t2015_ASAMBLEA,2015,ASAMBLEA,41378,PARTIDO CAMBIO RADICAL,567
t2015_ASAMBLEA,2015,ASAMBLEA,41378,PARTIDO CENTRO DEMOCRÁTICO,121
t2015_ASAMBLEA,2015,ASAMBLEA,41378,PARTIDO CONSERVADOR COLOMBIANO,800
t2015_ASAMBLEA,2015,ASAMBLEA,41378,PARTIDO DE LA U,696
t2015_ASAMBLEA,2015,ASAMBLEA,41378,PARTIDO LIBERAL COLOMBIANO,152
t2015_ASAMBLEA,2015,ASAMBLEA,41378,PARTIDO OPCIÓN CIUDADANA,11
t2015_ASAMBLEA,2015,ASAMBLEA,41378,PARTIDO POLO DEMOCRÁTICO ALTERNATIVO,54
t2015_ASAMBLEA,2015,ASAMBLEA,41378,__BLANCO__,240
t2015_ASAMBLEA,2015,ASAMBLEA,41378,__NO_MARCADOS__,874
t2015_ASAMBLEA,2015,ASAMBLEA,41378,__NULOS__,267
t2015_ASAMBLEA,2015,ASAMBLEA,41396,MOVIMIENTO MIRA,250
t2015_ASAMBLEA,2015,ASAMBLEA,41396,PARTIDO ALIANZA VERDE,2040
t2015_ASAMBLEA,2015,ASAMBLEA,41396,PARTIDO CAMBIO RADICAL,1657
t2015_ASAMBLEA,2015,ASAMBLEA,41396,PARTIDO CENTRO DEMOCRÁTICO,1357
t2015_ASAMBLEA,2015,ASAMBLEA,41396,PARTIDO CONSERVADOR COLOMBIANO,2703
t2015_ASAMBLEA,2015,ASAMBLEA,41396,PARTIDO DE LA U,5368
t2015_ASAMBLEA,2015,ASAMBLEA,41396,PARTIDO LIBERAL COLOMBIANO,3972
t2015_ASAMBLEA,2015,ASAMBLEA,41396,PARTIDO OPCIÓN CIUDADANA,22
t2015_ASAMBLEA,2015,ASAMBLEA,41396,PARTIDO POLO DEMOCRÁTICO ALTERNATIVO,326
t2015_ASAMBLEA,2015,ASAMBLEA,41396,__BLANCO__,1891
t2015_ASAMBLEA,2015,ASAMBLEA,41396,__NO_MARCADOS__,3570
t2015_ASAMBLEA,2015,ASAMBLEA,41396,__NULOS__,1191
t2015_ASAMBLEA,2015,ASAMBLEA,41483,MOVIMIENTO MIRA,5
t2015_ASAMBLEA,2015,ASAMBLEA,41483,PARTIDO ALIANZA VERDE,136
t2015_ASAMBLEA,2015,ASAMBLEA,41483,PARTIDO CAMBIO RADICAL,736
t2015_ASAMBLEA,2015,ASAMBLEA,41483,PARTIDO CENTRO DEMOCRÁTICO,93
t2015_ASAMBLEA,2015,ASAMBLEA,41483,PARTIDO CONSERVADOR COLOMBIANO,852
t2015_ASAMBLEA,2015,ASAMBLEA,41483,PARTIDO DE LA U,333
t2015_ASAMBLEA,2015,ASAMBLEA,41483,PARTIDO LIBERAL COLOMBIANO,375
t2015_ASAMBLEA,2015,ASAMBLEA,41483,PARTIDO OPCIÓN CIUDADANA,1
t2015_ASAMBLEA,2015,ASAMBLEA,41483,PARTIDO POLO DEMOCRÁTICO ALTERNATIVO,41
t2015_ASAMBLEA,2015,ASAMBLEA,41483,__BLANCO__,124
t2015_ASAMBLEA,2015,ASAMBLEA,41483,__NO_MARCADOS__,574
t2015_ASAMBLEA,2015,ASAMBLEA,41483,__NULOS__,104
t2015_ASAMBLEA,2015,ASAMBLEA,41503,MOVIMIENTO MIRA,9
t2015_ASAMBLEA,2015,ASAMBLEA,41503,PARTIDO ALIANZA VERDE,1612
t2015_ASAMBLEA,2015,ASAMBLEA,41503,PARTIDO CAMBIO RADICAL,315
t2015_ASAMBLEA,2015,ASAMBLEA,41503,PARTIDO CENTRO DEMOCRÁTICO,144
t2015_ASAMBLEA,2015,ASAMBLEA,41503,PARTIDO CONSERVADOR COLOMBIANO,1307
t2015_ASAMBLEA,2015,ASAMBLEA,41503,PARTIDO DE LA U,319
t2015_ASAMBLEA,2015,ASAMBLEA,41503,PARTIDO LIBERAL COLOMBIANO,406
t2015_ASAMBLEA,2015,ASAMBLEA,41503,PARTIDO OPCIÓN CIUDADANA,37
t2015_ASAMBLEA,2015,ASAMBLEA,41503,PARTIDO POLO DEMOCRÁTICO ALTERNATIVO,105
t2015_ASAMBLEA,2015,ASAMBLEA,41503,__BLANCO__,292
t2015_ASAMBLEA,2015,ASAMBLEA,41503,__NO_MARCADOS__,855
t2015_ASAMBLEA,2015,ASAMBLEA,41503,__NULOS__,245
t2015_ASAMBLEA,2015,ASAMBLEA,41518,MOVIMIENTO MIRA,29
t2015_ASAMBLEA,2015,ASAMBLEA,41518,PARTIDO ALIANZA VERDE,534
t2015_ASAMBLEA,2015,ASAMBLEA,41518,PARTIDO CAMBIO RADICAL,555
t2015_ASAMBLEA,2015,ASAMBLEA,41518,PARTIDO CENTRO DEMOCRÁTICO,126
t2015_ASAMBLEA,2015,ASAMBLEA,41518,PARTIDO CONSERVADOR COLOMBIANO,972
t2015_ASAMBLEA,2015,ASAMBLEA,41518,PARTIDO DE LA U,400
t2015_ASAMBLEA,2015,ASAMBLEA,41518,PARTIDO LIBERAL COLOMBIANO,360
t2015_ASAMBLEA,2015,ASAMBLEA,41518,PARTIDO OPCIÓN CIUDADANA,3
t2015_ASAMBLEA,2015,ASAMBLEA,41518,PARTIDO POLO DEMOCRÁTICO ALTERNATIVO,99
t2015_ASAMBLEA,2015,ASAMBLEA,41518,__BLANCO__,174
t2015_ASAMBLEA,2015,ASAMBLEA,41518,__NO_MARCADOS__,421
t2015_ASAMBLEA,2015,ASAMBLEA,41518,__NULOS__,84
t2015_ASAMBLEA,2015,ASAMBLEA,41524,MOVIMIENTO MIRA,332
t2015_ASAMBLEA,2015,ASAMBLEA,41524,PARTIDO ALIANZA VERDE,1129
t2015_ASAMBLEA,2015,ASAMBLEA,41524,PARTIDO CAMBIO RADICAL,2623
t2015_ASAMBLEA,2015,ASAMBLEA,41524,PARTIDO CENTRO DEMOCRÁTICO,736
t2015_ASAMBLEA,2015,ASAMBLEA,41524,PARTIDO CONSERVADOR COLOMBIANO,2769
t2015_ASAMBLEA,2015,ASAMBLEA,41524,PARTIDO DE LA U,1028
t2015_ASAMBLEA,2015,ASAMBLEA,41524,PARTIDO LIBERAL COLOMBIANO,826
t2015_ASAMBLEA,2015,ASAMBLEA,41524,PARTIDO OPCIÓN CIUDADANA,44
t2015_ASAMBLEA,2015,ASAMBLEA,41524,PARTIDO POLO DEMOCRÁTICO ALTERNATIVO,1511
t2015_ASAMBLEA,2015,ASAMBLEA,41524,__BLANCO__,1059
t2015_ASAMBLEA,2015,ASAMBLEA,41524,__NO_MARCADOS__,1689
t2015_ASAMBLEA,2015,ASAMBLEA,41524,__NULOS__,573
t2015_ASAMBLEA,2015,ASAMBLEA,41530,MOVIMIENTO MIRA,40
t2015_ASAMBLEA,2015,ASAMBLEA,41530,PARTIDO ALIANZA VERDE,522
t2015_ASAMBLEA,2015,ASAMBLEA,41530,PARTIDO CAMBIO RADICAL,434
t2015_ASAMBLEA,2015,ASAMBLEA,41530,PARTIDO CENTRO DEMOCRÁTICO,386
t2015_ASAMBLEA,2015,ASAMBLEA,41530,PARTIDO CONSERVADOR COLOMBIANO,676
t2015_ASAMBLEA,2015,ASAMBLEA,41530,PARTIDO DE LA U,756
t2015_ASAMBLEA,2015,ASAMBLEA,41530,PARTIDO LIBERAL COLOMBIANO,1142
t2015_ASAMBLEA,2015,ASAMBLEA,41530,PARTIDO OPCIÓN CIUDADANA,50
t2015_ASAMBLEA,2015,ASAMBLEA,41530,PARTIDO POLO DEMOCRÁTICO ALTERNATIVO,56
t2015_ASAMBLEA,2015,ASAMBLEA,41530,__BLANCO__,533
t2015_ASAMBLEA,2015,ASAMBLEA,41530,__NO_MARCADOS__,1065
t2015_ASAMBLEA,2015,ASAMBLEA,41530,__NULOS__,319
t2015_ASAMBLEA,2015,ASAMBLEA,41548,MOVIMIENTO MIRA,16
t2015_ASAMBLEA,2015,ASAMBLEA,41548,PARTIDO ALIANZA VERDE,522
t2015_ASAMBLEA,2015,ASAMBLEA,41548,PARTIDO CAMBIO RADICAL,106
t2015_ASAMBLEA,2015,ASAMBLEA,41548,PARTIDO CENTRO DEMOCRÁTICO,86
t2015_ASAMBLEA,2015,ASAMBLEA,41548,PARTIDO CONSERVADOR COLOMBIANO,695
t2015_ASAMBLEA,2015,ASAMBLEA,41548,PARTIDO DE LA U,1624
t2015_ASAMBLEA,2015,ASAMBLEA,41548,PARTIDO LIBERAL COLOMBIANO,457
t2015_ASAMBLEA,2015,ASAMBLEA,41548,PARTIDO OPCIÓN CIUDADANA,13
t2015_ASAMBLEA,2015,ASAMBLEA,41548,PARTIDO POLO DEMOCRÁTICO ALTERNATIVO,2012
t2015_ASAMBLEA,2015,ASAMBLEA,41548,__BLANCO__,193
t2015_ASAMBLEA,2015,ASAMBLEA,41548,__NO_MARCADOS__,459
t2015_ASAMBLEA,2015,ASAMBLEA,41548,__NULOS__,167
t2015_ASAMBLEA,2015,ASAMBLEA,41551,MOVIMIENTO MIRA,1041
t2015_ASAMBLEA,2015,ASAMBLEA,41551,PARTIDO ALIANZA VERDE,3183
t2015_ASAMBLEA,2015,ASAMBLEA,41551,PARTIDO CAMBIO RADICAL,3117
t2015_ASAMBLEA,2015,ASAMBLEA,41551,PARTIDO CENTRO DEMOCRÁTICO,5688
t2015_ASAMBLEA,2015,ASAMBLEA,41551,PARTIDO CONSERVADOR COLOMBIANO,8195
t2015_ASAMBLEA,2015,ASAMBLEA,41551,PARTIDO DE LA U,6775
t2015_ASAMBLEA,2015,ASAMBLEA,41551,PARTIDO LIBERAL COLOMBIANO,6208
t2015_ASAMBLEA,2015,ASAMBLEA,41551,PARTIDO OPCIÓN CIUDADANA,643
t2015_ASAMBLEA,2015,ASAMBLEA,41551,PARTIDO POLO DEMOCRÁTICO ALTERNATIVO,918
t2015_ASAMBLEA,2015,ASAMBLEA,41551,__BLANCO__,6624
t2015_ASAMBLEA,2015,ASAMBLEA,41551,__NO_MARCADOS__,6896
t2015_ASAMBLEA,2015,ASAMBLEA,41551,__NULOS__,2816
t2015_ASAMBLEA,2015,ASAMBLEA,41615,MOVIMIENTO MIRA,294
t2015_ASAMBLEA,2015,ASAMBLEA,41615,PARTIDO ALIANZA VERDE,1028
t2015_ASAMBLEA,2015,ASAMBLEA,41615,PARTIDO CAMBIO RADICAL,1096
t2015_ASAMBLEA,2015,ASAMBLEA,41615,PARTIDO CENTRO DEMOCRÁTICO,497
t2015_ASAMBLEA,2015,ASAMBLEA,41615,PARTIDO CONSERVADOR COLOMBIANO,1029
t2015_ASAMBLEA,2015,ASAMBLEA,41615,PARTIDO DE LA U,1474
t2015_ASAMBLEA,2015,ASAMBLEA,41615,PARTIDO LIBERAL COLOMBIANO,1587
t2015_ASAMBLEA,2015,ASAMBLEA,41615,PARTIDO OPCIÓN CIUDADANA,74
t2015_ASAMBLEA,2015,ASAMBLEA,41615,PARTIDO POLO DEMOCRÁTICO ALTERNATIVO,1129
t2015_ASAMBLEA,2015,ASAMBLEA,41615,__BLANCO__,965
t2015_ASAMBLEA,2015,ASAMBLEA,41615,__NO_MARCADOS__,1514
t2015_ASAMBLEA,2015,ASAMBLEA,41615,__NULOS__,425
t2015_ASAMBLEA,2015,ASAMBLEA,41660,MOVIMIENTO MIRA,1
t2015_ASAMBLEA,2015,ASAMBLEA,41660,PARTIDO ALIANZA VERDE,160
t2015_ASAMBLEA,2015,ASAMBLEA,41660,PARTIDO CAMBIO RADICAL,374
t2015_ASAMBLEA,2015,ASAMBLEA,41660,PARTIDO CENTRO DEMOCRÁTICO,34
t2015_ASAMBLEA,2015,ASAMBLEA,41660,PARTIDO CONSERVADOR COLOMBIANO,309
t2015_ASAMBLEA,2015,ASAMBLEA,41660,PARTIDO DE LA U,58
t2015_ASAMBLEA,2015,ASAMBLEA,41660,PARTIDO LIBERAL COLOMBIANO,93
t2015_ASAMBLEA,2015,ASAMBLEA,41660,PARTIDO OPCIÓN CIUDADANA,1
t2015_ASAMBLEA,2015,ASAMBLEA,41660,PARTIDO POLO DEMOCRÁTICO ALTERNATIVO,42
t2015_ASAMBLEA,2015,ASAMBLEA,41660,__BLANCO__,56
t2015_ASAMBLEA,2015,ASAMBLEA,41660,__NO_MARCADOS__,288
t2015_ASAMBLEA,2015,ASAMBLEA,41660,__NULOS__,48
t2015_ASAMBLEA,2015,ASAMBLEA,41668,MOVIMIENTO MIRA,143
t2015_ASAMBLEA,2015,ASAMBLEA,41668,PARTIDO ALIANZA VERDE,1890
t2015_ASAMBLEA,2015,ASAMBLEA,41668,PARTIDO CAMBIO RADICAL,1087
t2015_ASAMBLEA,2015,ASAMBLEA,41668,PARTIDO CENTRO DEMOCRÁTICO,444
t2015_ASAMBLEA,2015,ASAMBLEA,41668,PARTIDO CONSERVADOR COLOMBIANO,923
t2015_ASAMBLEA,2015,ASAMBLEA,41668,PARTIDO DE LA U,1357
t2015_ASAMBLEA,2015,ASAMBLEA,41668,PARTIDO LIBERAL COLOMBIANO,1525
t2015_ASAMBLEA,2015,ASAMBLEA,41668,PARTIDO OPCIÓN CIUDADANA,38
t2015_ASAMBLEA,2015,ASAMBLEA,41668,PARTIDO POLO DEMOCRÁTICO ALTERNATIVO,3450
t2015_ASAMBLEA,2015,ASAMBLEA,41668,__BLANCO__,1023
t2015_ASAMBLEA,2015,ASAMBLEA,41668,__NO_MARCADOS__,2707
t2015_ASAMBLEA,2015,ASAMBLEA,41668,__NULOS__,626
t2015_ASAMBLEA,2015,ASAMBLEA,41676,MOVIMIENTO MIRA,23
t2015_ASAMBLEA,2015,ASAMBLEA,41676,PARTIDO ALIANZA VERDE,575
t2015_ASAMBLEA,2015,ASAMBLEA,41676,PARTIDO CAMBIO RADICAL,640
t2015_ASAMBLEA,2015,ASAMBLEA,41676,PARTIDO CENTRO DEMOCRÁTICO,607
t2015_ASAMBLEA,2015,ASAMBLEA,41676,PARTIDO CONSERVADOR COLOMBIANO,866
t2015_ASAMBLEA,2015,ASAMBLEA,41676,PARTIDO DE LA U,529
t2015_ASAMBLEA,2015,ASAMBLEA,41676,PARTIDO LIBERAL COLOMBIANO,593
t2015_ASAMBLEA,2015,ASAMBLEA,41676,PARTIDO OPCIÓN CIUDADANA,65
t2015_ASAMBLEA,2015,ASAMBLEA,41676,PARTIDO POLO DEMOCRÁTICO ALTERNATIVO,275
t2015_ASAMBLEA,2015,ASAMBLEA,41676,__BLANCO__,336
t2015_ASAMBLEA,2015,ASAMBLEA,41676,__NO_MARCADOS__,761
t2015_ASAMBLEA,2015,ASAMBLEA,41676,__NULOS__,195
t2015_ASAMBLEA,2015,ASAMBLEA,41770,MOVIMIENTO MIRA,192
t2015_ASAMBLEA,2015,ASAMBLEA,41770,PARTIDO ALIANZA VERDE,2197
t2015_ASAMBLEA,2015,ASAMBLEA,41770,PARTIDO CAMBIO RADICAL,674
t2015_ASAMBLEA,2015,ASAMBLEA,41770,PARTIDO CENTRO DEMOCRÁTICO,240
t2015_ASAMBLEA,2015,ASAMBLEA,41770,PARTIDO CONSERVADOR COLOMBIANO,716
t2015_ASAMBLEA,2015,ASAMBLEA,41770,PARTIDO DE LA U,901
t2015_ASAMBLEA,2015,ASAMBLEA,41770,PARTIDO LIBERAL COLOMBIANO,896
t2015_ASAMBLEA,2015,ASAMBLEA,41770,PARTIDO OPCIÓN CIUDADANA,34
t2015_ASAMBLEA,2015,ASAMBLEA,41770,PARTIDO POLO DEMOCRÁTICO ALTERNATIVO,41
t2015_ASAMBLEA,2015,ASAMBLEA,41770,__BLANCO__,567
t2015_ASAMBLEA,2015,ASAMBLEA,41770,__NO_MARCADOS__,1758
t2015_ASAMBLEA,2015,ASAMBLEA,41770,__NULOS__,357
t2015_ASAMBLEA,2015,ASAMBLEA,41791,MOVIMIENTO MIRA,44
t2015_ASAMBLEA,2015,ASAMBLEA,41791,PARTIDO ALIANZA VERDE,3776
t2015_ASAMBLEA,2015,ASAMBLEA,41791,PARTIDO CAMBIO RADICAL,430
t2015_ASAMBLEA,2015,ASAMBLEA,41791,PARTIDO CENTRO DEMOCRÁTICO,277
t2015_ASAMBLEA,2015,ASAMBLEA,41791,PARTIDO CONSERVADOR COLOMBIANO,1435
t2015_ASAMBLEA,2015,ASAMBLEA,41791,PARTIDO DE LA U,803
t2015_ASAMBLEA,2015,ASAMBLEA,41791,PARTIDO LIBERAL COLOMBIANO,412
t2015_ASAMBLEA,2015,ASAMBLEA,41791,PARTIDO OPCIÓN CIUDADANA,22
t2015_ASAMBLEA,2015,ASAMBLEA,41791,PARTIDO POLO DEMOCRÁTICO ALTERNATIVO,96
t2015_ASAMBLEA,2015,ASAMBLEA,41791,__BLANCO__,493
t2015_ASAMBLEA,2015,ASAMBLEA,41791,__NO_MARCADOS__,719
t2015_ASAMBLEA,2015,ASAMBLEA,41791,__NULOS__,239
t2015_ASAMBLEA,2015,ASAMBLEA,41797,MOVIMIENTO MIRA,26
t2015_ASAMBLEA,2015,ASAMBLEA,41797,PARTIDO ALIANZA VERDE,317
t2015_ASAMBLEA,2015,ASAMBLEA,41797,PARTIDO CAMBIO RADICAL,768
t2015_ASAMBLEA,2015,ASAMBLEA,41797,PARTIDO CENTRO DEMOCRÁTICO,386
t2015_ASAMBLEA,2015,ASAMBLEA,41797,PARTIDO CONSERVADOR COLOMBIANO,1575
t2015_ASAMBLEA,2015,ASAMBLEA,41797,PARTIDO DE LA U,886
t2015_ASAMBLEA,2015,ASAMBLEA,41797,PARTIDO LIBERAL COLOMBIANO,315
t2015_ASAMBLEA,2015,ASAMBLEA,41797,PARTIDO OPCIÓN CIUDADANA,3
t2015_ASAMBLEA,2015,ASAMBLEA,41797,PARTIDO POLO DEMOCRÁTICO ALTERNATIVO,55
t2015_ASAMBLEA,2015,ASAMBLEA,41797,__BLANCO__,386
t2015_ASAMBLEA,2015,ASAMBLEA,41797,__NO_MARCADOS__,629
t2015_ASAMBLEA,2015,ASAMBLEA,41797,__NULOS__,248
t2015_ASAMBLEA,2015,ASAMBLEA,41799,MOVIMIENTO MIRA,479
t2015_ASAMBLEA,2015,ASAMBLEA,41799,PARTIDO ALIANZA VERDE,462
t2015_ASAMBLEA,2015,ASAMBLEA,41799,PARTIDO CAMBIO RADICAL,1659
t2015_ASAMBLEA,2015,ASAMBLEA,41799,PARTIDO CENTRO DEMOCRÁTICO,143
t2015_ASAMBLEA,2015,ASAMBLEA,41799,PARTIDO CONSERVADOR COLOMBIANO,347
t2015_ASAMBLEA,2015,ASAMBLEA,41799,PARTIDO DE LA U,724
t2015_ASAMBLEA,2015,ASAMBLEA,41799,PARTIDO LIBERAL COLOMBIANO,1664
t2015_ASAMBLEA,2015,ASAMBLEA,41799,PARTIDO OPCIÓN CIUDADANA,47
t2015_ASAMBLEA,2015,ASAMBLEA,41799,PARTIDO POLO DEMOCRÁTICO ALTERNATIVO,190
t2015_ASAMBLEA,2015,ASAMBLEA,41799,__BLANCO__,337
t2015_ASAMBLEA,2015,ASAMBLEA,41799,__NO_MARCADOS__,930
t2015_ASAMBLEA,2015,ASAMBLEA,41799,__NULOS__,351
t2015_ASAMBLEA,2015,ASAMBLEA,41801,MOVIMIENTO MIRA,226
t2015_ASAMBLEA,2015,ASAMBLEA,41801,PARTIDO ALIANZA VERDE,576
t2015_ASAMBLEA,2015,ASAMBLEA,41801,PARTIDO CAMBIO RADICAL,269
t2015_ASAMBLEA,2015,ASAMBLEA,41801,PARTIDO CENTRO DEMOCRÁTICO,360
t2015_ASAMBLEA,2015,ASAMBLEA,41801,PARTIDO CONSERVADOR COLOMBIANO,1187
t2015_ASAMBLEA,2015,ASAMBLEA,41801,PARTIDO DE LA U,621
t2015_ASAMBLEA,2015,ASAMBLEA,41801,PARTIDO LIBERAL COLOMBIANO,373
t2015_ASAMBLEA,2015,ASAMBLEA,41801,PARTIDO OPCIÓN CIUDADANA,39
t2015_ASAMBLEA,2015,ASAMBLEA,41801,PARTIDO POLO DEMOCRÁTICO ALTERNATIVO,50
t2015_ASAMBLEA,2015,ASAMBLEA,41801,__BLANCO__,261
t2015_ASAMBLEA,2015,ASAMBLEA,41801,__NO_MARCADOS__,676
t2015_ASAMBLEA,2015,ASAMBLEA,41801,__NULOS__,145
t2015_ASAMBLEA,2015,ASAMBLEA,41807,MOVIMIENTO MIRA,190
t2015_ASAMBLEA,2015,ASAMBLEA,41807,PARTIDO ALIANZA VERDE,565
t2015_ASAMBLEA,2015,ASAMBLEA,41807,PARTIDO CAMBIO RADICAL,2958
t2015_ASAMBLEA,2015,ASAMBLEA,41807,PARTIDO CENTRO DEMOCRÁTICO,496
t2015_ASAMBLEA,2015,ASAMBLEA,41807,PARTIDO CONSERVADOR COLOMBIANO,1296
t2015_ASAMBLEA,2015,ASAMBLEA,41807,PARTIDO DE LA U,953
t2015_ASAMBLEA,2015,ASAMBLEA,41807,PARTIDO LIBERAL COLOMBIANO,807
t2015_ASAMBLEA,2015,ASAMBLEA,41807,PARTIDO OPCIÓN CIUDADANA,66
t2015_ASAMBLEA,2015,ASAMBLEA,41807,PARTIDO POLO DEMOCRÁTICO ALTERNATIVO,87
t2015_ASAMBLEA,2015,ASAMBLEA,41807,__BLANCO__,825
t2015_ASAMBLEA,2015,ASAMBLEA,41807,__NO_MARCADOS__,1444
t2015_ASAMBLEA,2015,ASAMBLEA,41807,__NULOS__,462
t2015_ASAMBLEA,2015,ASAMBLEA,41872,MOVIMIENTO MIRA,19
t2015_ASAMBLEA,2015,ASAMBLEA,41872,PARTIDO ALIANZA VERDE,532
t2015_ASAMBLEA,2015,ASAMBLEA,41872,PARTIDO CAMBIO RADICAL,468
t2015_ASAMBLEA,2015,ASAMBLEA,41872,PARTIDO CENTRO DEMOCRÁTICO,78
t2015_ASAMBLEA,2015,ASAMBLEA,41872,PARTIDO CONSERVADOR COLOMBIANO,338
t2015_ASAMBLEA,2015,ASAMBLEA,41872,PARTIDO DE LA U,822
t2015_ASAMBLEA,2015,ASAMBLEA,41872,PARTIDO LIBERAL COLOMBIANO,1458
t2015_ASAMBLEA,2015,ASAMBLEA,41872,PARTIDO OPCIÓN CIUDADANA,22
t2015_ASAMBLEA,2015,ASAMBLEA,41872,PARTIDO POLO DEMOCRÁTICO ALTERNATIVO,50
t2015_ASAMBLEA,2015,ASAMBLEA,41872,__BLANCO__,305
t2015_ASAMBLEA,2015,ASAMBLEA,41872,__NO_MARCADOS__,651
t2015_ASAMBLEA,2015,ASAMBLEA,41872,__NULOS__,265
t2015_ASAMBLEA,2015,ASAMBLEA,41885,MOVIMIENTO MIRA,22
t2015_ASAMBLEA,2015,ASAMBLEA,41885,PARTIDO ALIANZA VERDE,222
t2015_ASAMBLEA,2015,ASAMBLEA,41885,PARTIDO CAMBIO RADICAL,598
t2015_ASAMBLEA,2015,ASAMBLEA,41885,PARTIDO CENTRO DEMOCRÁTICO,516
t2015_ASAMBLEA,2015,ASAMBLEA,41885,PARTIDO CONSERVADOR COLOMBIANO,499
t2015_ASAMBLEA,2015,ASAMBLEA,41885,PARTIDO DE LA U,749
t2015_ASAMBLEA,2015,ASAMBLEA,41885,PARTIDO LIBERAL COLOMBIANO,803
t2015_ASAMBLEA,2015,ASAMBLEA,41885,PARTIDO OPCIÓN CIUDADANA,142
t2015_ASAMBLEA,2015,ASAMBLEA,41885,PARTIDO POLO DEMOCRÁTICO ALTERNATIVO,174
t2015_ASAMBLEA,2015,ASAMBLEA,41885,__BLANCO__,548
t2015_ASAMBLEA,2015,ASAMBLEA,41885,__NO_MARCADOS__,779
t2015_ASAMBLEA,2015,ASAMBLEA,41885,__NULOS__,272
t2015_CONCEJO,2015,CONCEJO,41001,MOVIMIENTO ALTERNATIVO INDÍGENA Y SOCIAL MAIS,7358
t2015_CONCEJO,2015,CONCEJO,41001,MOVIMIENTO AUTORIDADES INDÍGENAS DE COLOMBIA,3018
t2015_CONCEJO,2015,CONCEJO,41001,MOVIMIENTO MIRA,4720
t2015_CONCEJO,2015,CONCEJO,41001,PARTIDO ALIANZA SOCIAL INDEPENDIENTE,6252
t2015_CONCEJO,2015,CONCEJO,41001,PARTIDO ALIANZA VERDE,21489
t2015_CONCEJO,2015,CONCEJO,41001,PARTIDO CAMBIO RADICAL,16477
t2015_CONCEJO,2015,CONCEJO,41001,PARTIDO CENTRO DEMOCRÁTICO,4907
t2015_CONCEJO,2015,CONCEJO,41001,PARTIDO CONSERVADOR COLOMBIANO,14042
t2015_CONCEJO,2015,CONCEJO,41001,PARTIDO DE LA U,15105
t2015_CONCEJO,2015,CONCEJO,41001,PARTIDO LIBERAL COLOMBIANO,17913
t2015_CONCEJO,2015,CONCEJO,41001,PARTIDO OPCIÓN CIUDADANA,14745
t2015_CONCEJO,2015,CONCEJO,41001,PARTIDO POLO DEMOCRÁTICO ALTERNATIVO,8018
t2015_CONCEJO,2015,CONCEJO,41001,PARTIDO UNIÓN PATRIÓTICA,1444
t2015_CONCEJO,2015,CONCEJO,41001,__BLANCO__,9093
t2015_CONCEJO,2015,CONCEJO,41001,__NO_MARCADOS__,5199
t2015_CONCEJO,2015,CONCEJO,41001,__NULOS__,7862
t2015_CONCEJO,2015,CONCEJO,41006,MOVIMIENTO AUTORIDADES INDÍGENAS DE COLOMBIA,586
t2015_CONCEJO,2015,CONCEJO,41006,PARTIDO ALIANZA SOCIAL INDEPENDIENTE,2023
t2015_CONCEJO,2015,CONCEJO,41006,PARTIDO ALIANZA VERDE,1531
t2015_CONCEJO,2015,CONCEJO,41006,PARTIDO CAMBIO RADICAL,548
t2015_CONCEJO,2015,CONCEJO,41006,PARTIDO CENTRO DEMOCRÁTICO,226
t2015_CONCEJO,2015,CONCEJO,41006,PARTIDO CONSERVADOR COLOMBIANO,2701
t2015_CONCEJO,2015,CONCEJO,41006,PARTIDO DE LA U,1147
t2015_CONCEJO,2015,CONCEJO,41006,PARTIDO OPCIÓN CIUDADANA,2293
t2015_CONCEJO,2015,CONCEJO,41006,__BLANCO__,201
t2015_CONCEJO,2015,CONCEJO,41006,__NO_MARCADOS__,682
t2015_CONCEJO,2015,CONCEJO,41006,__NULOS__,627
t2015_CONCEJO,2015,CONCEJO,41013,PARTIDO ALIANZA VERDE,268
t2015_CONCEJO,2015,CONCEJO,41013,PARTIDO CAMBIO RADICAL,1092
t2015_CONCEJO,2015,CONCEJO,41013,PARTIDO CENTRO DEMOCRÁTICO,193
t2015_CONCEJO,2015,CONCEJO,41013,PARTIDO CONSERVADOR COLOMBIANO,1400
t2015_CONCEJO,2015,CONCEJO,41013,PARTIDO DE LA U,663
t2015_CONCEJO,2015,CONCEJO,41013,PARTIDO LIBERAL COLOMBIANO,957
t2015_CONCEJO,2015,CONCEJO,41013,PARTIDO OPCIÓN CIUDADANA,276
t2015_CONCEJO,2015,CONCEJO,41013,__BLANCO__,69
t2015_CONCEJO,2015,CONCEJO,41013,__NO_MARCADOS__,162
t2015_CONCEJO,2015,CONCEJO,41013,__NULOS__,98
t2015_CONCEJO,2015,CONCEJO,41016,MOVIMIENTO MIRA,195
t2015_CONCEJO,2015,CONCEJO,41016,PARTIDO ALIANZA SOCIAL INDEPENDIENTE,1919
t2015_CONCEJO,2015,CONCEJO,41016,PARTIDO ALIANZA VERDE,817
t2015_CONCEJO,2015,CONCEJO,41016,PARTIDO CAMBIO RADICAL,1309
t2015_CONCEJO,2015,CONCEJO,41016,PARTIDO CENTRO DEMOCRÁTICO,77
t2015_CONCEJO,2015,CONCEJO,41016,PARTIDO DE LA U,1730
t2015_CONCEJO,2015,CONCEJO,41016,PARTIDO LIBERAL COLOMBIANO,2401
t2015_CONCEJO,2015,CONCEJO,41016,PARTIDO OPCIÓN CIUDADANA,679
t2015_CONCEJO,2015,CONCEJO,41016,__BLANCO__,205
t2015_CONCEJO,2015,CONCEJO,41016,__NO_MARCADOS__,345
t2015_CONCEJO,2015,CONCEJO,41016,__NULOS__,344
t2015_CONCEJO,2015,CONCEJO,41020,MOVIMIENTO AUTORIDADES INDÍGENAS DE COLOMBIA,67
t2015_CONCEJO,2015,CONCEJO,41020,MOVIMIENTO MIRA,171
t2015_CONCEJO,2015,CONCEJO,41020,PARTIDO ALIANZA SOCIAL INDEPENDIENTE,268
t2015_CONCEJO,2015,CONCEJO,41020,PARTIDO ALIANZA VERDE,578
t2015_CONCEJO,2015,CONCEJO,41020,PARTIDO CAMBIO RADICAL,2048
t2015_CONCEJO,2015,CONCEJO,41020,PARTIDO CENTRO DEMOCRÁTICO,152
t2015_CONCEJO,2015,CONCEJO,41020,PARTIDO DE LA U,1045
t2015_CONCEJO,2015,CONCEJO,41020,PARTIDO LIBERAL COLOMBIANO,2898
t2015_CONCEJO,2015,CONCEJO,41020,PARTIDO POLO DEMOCRÁTICO ALTERNATIVO,956
t2015_CONCEJO,2015,CONCEJO,41020,__BLANCO__,123
t2015_CONCEJO,2015,CONCEJO,41020,__NO_MARCADOS__,786
t2015_CONCEJO,2015,CONCEJO,41020,__NULOS__,459
t2015_CONCEJO,2015,CONCEJO,41026,PARTIDO ALIANZA VERDE,263
t2015_CONCEJO,2015,CONCEJO,41026,PARTIDO CONSERVADOR COLOMBIANO,742
t2015_CONCEJO,2015,CONCEJO,41026,PARTIDO DE LA U,199
t2015_CONCEJO,2015,CONCEJO,41026,PARTIDO LIBERAL COLOMBIANO,544
t2015_CONCEJO,2015,CONCEJO,41026,PARTIDO OPCIÓN CIUDADANA,107
t2015_CONCEJO,2015,CONCEJO,41026,PARTIDO POLO DEMOCRÁTICO ALTERNATIVO,158
t2015_CONCEJO,2015,CONCEJO,41026,__BLANCO__,40
t2015_CONCEJO,2015,CONCEJO,41026,__NO_MARCADOS__,52
t2015_CONCEJO,2015,CONCEJO,41026,__NULOS__,41
t2015_CONCEJO,2015,CONCEJO,41078,MOVIMIENTO ALTERNATIVO INDÍGENA Y SOCIAL MAIS,291
t2015_CONCEJO,2015,CONCEJO,41078,MOVIMIENTO AUTORIDADES INDÍGENAS DE COLOMBIA,65
t2015_CONCEJO,2015,CONCEJO,41078,MOVIMIENTO MIRA,130
t2015_CONCEJO,2015,CONCEJO,41078,PARTIDO ALIANZA VERDE,496
t2015_CONCEJO,2015,CONCEJO,41078,PARTIDO CAMBIO RADICAL,443
t2015_CONCEJO,2015,CONCEJO,41078,PARTIDO CENTRO DEMOCRÁTICO,7
t2015_CONCEJO,2015,CONCEJO,41078,PARTIDO CONSERVADOR COLOMBIANO,144
t2015_CONCEJO,2015,CONCEJO,41078,PARTIDO DE LA U,741
t2015_CONCEJO,2015,CONCEJO,41078,PARTIDO LIBERAL COLOMBIANO,775
t2015_CONCEJO,2015,CONCEJO,41078,PARTIDO OPCIÓN CIUDADANA,504
t2015_CONCEJO,2015,CONCEJO,41078,PARTIDO POLO DEMOCRÁTICO ALTERNATIVO,64
t2015_CONCEJO,2015,CONCEJO,41078,__BLANCO__,58
t2015_CONCEJO,2015,CONCEJO,41078,__NO_MARCADOS__,218
t2015_CONCEJO,2015,CONCEJO,41078,__NULOS__,148
t2015_CONCEJO,2015,CONCEJO,41132,MOVIMIENTO AUTORIDADES INDÍGENAS DE COLOMBIA,1182
t2015_CONCEJO,2015,CONCEJO,41132,MOVIMIENTO MIRA,765
t2015_CONCEJO,2015,CONCEJO,41132,PARTIDO ALIANZA SOCIAL INDEPENDIENTE,667
t2015_CONCEJO,2015,CONCEJO,41132,PARTIDO ALIANZA VERDE,1278
t2015_CONCEJO,2015,CONCEJO,41132,PARTIDO CAMBIO RADICAL,1934
t2015_CONCEJO,2015,CONCEJO,41132,PARTIDO CENTRO DEMOCRÁTICO,1412
t2015_CONCEJO,2015,CONCEJO,41132,PARTIDO CONSERVADOR COLOMBIANO,733
t2015_CONCEJO,2015,CONCEJO,41132,PARTIDO DE LA U,2005
t2015_CONCEJO,2015,CONCEJO,41132,PARTIDO LIBERAL COLOMBIANO,2680
t2015_CONCEJO,2015,CONCEJO,41132,PARTIDO OPCIÓN CIUDADANA,770
t2015_CONCEJO,2015,CONCEJO,41132,PARTIDO POLO DEMOCRÁTICO ALTERNATIVO,762
t2015_CONCEJO,2015,CONCEJO,41132,__BLANCO__,462
t2015_CONCEJO,2015,CONCEJO,41132,__NO_MARCADOS__,791
t2015_CONCEJO,2015,CONCEJO,41132,__NULOS__,677
t2015_CONCEJO,2015,CONCEJO,41206,PARTIDO CAMBIO RADICAL,783
t2015_CONCEJO,2015,CONCEJO,41206,PARTIDO CENTRO DEMOCRÁTICO,50
t2015_CONCEJO,2015,CONCEJO,41206,PARTIDO CONSERVADOR COLOMBIANO,967
t2015_CONCEJO,2015,CONCEJO,41206,PARTIDO DE LA U,592
t2015_CONCEJO,2015,CONCEJO,41206,PARTIDO LIBERAL COLOMBIANO,1761
t2015_CONCEJO,2015,CONCEJO,41206,PARTIDO OPCIÓN CIUDADANA,184
t2015_CONCEJO,2015,CONCEJO,41206,__BLANCO__,41
t2015_CONCEJO,2015,CONCEJO,41206,__NO_MARCADOS__,173
t2015_CONCEJO,2015,CONCEJO,41206,__NULOS__,126
t2015_CONCEJO,2015,CONCEJO,41244,MOVIMIENTO MIRA,67
t2015_CONCEJO,2015,CONCEJO,41244,PARTIDO ALIANZA VERDE,1250
t2015_CONCEJO,2015,CONCEJO,41244,PARTIDO CENTRO DEMOCRÁTICO,39
t2015_CONCEJO,2015,CONCEJO,41244,PARTIDO CONSERVADOR COLOMBIANO,994
t2015_CONCEJO,2015,CONCEJO,41244,__BLANCO__,21
t2015_CONCEJO,2015,CONCEJO,41244,__NO_MARCADOS__,88
t2015_CONCEJO,2015,CONCEJO,41244,__NULOS__,39
t2015_CONCEJO,2015,CONCEJO,41298,MOVIMIENTO ALTERNATIVO INDÍGENA Y SOCIAL MAIS,1972
t2015_CONCEJO,2015,CONCEJO,41298,MOVIMIENTO MIRA,357
t2015_CONCEJO,2015,CONCEJO,41298,PARTIDO ALIANZA VERDE,5414
t2015_CONCEJO,2015,CONCEJO,41298,PARTIDO CAMBIO RADICAL,2862
t2015_CONCEJO,2015,CONCEJO,41298,PARTIDO CENTRO DEMOCRÁTICO,1894
t2015_CONCEJO,2015,CONCEJO,41298,PARTIDO CONSERVADOR COLOMBIANO,5290
t2015_CONCEJO,2015,CONCEJO,41298,PARTIDO DE LA U,2845
t2015_CONCEJO,2015,CONCEJO,41298,PARTIDO LIBERAL COLOMBIANO,3166
t2015_CONCEJO,2015,CONCEJO,41298,PARTIDO OPCIÓN CIUDADANA,1927
t2015_CONCEJO,2015,CONCEJO,41298,PARTIDO POLO DEMOCRÁTICO ALTERNATIVO,1526
t2015_CONCEJO,2015,CONCEJO,41298,__BLANCO__,1229
t2015_CONCEJO,2015,CONCEJO,41298,__NO_MARCADOS__,1075
t2015_CONCEJO,2015,CONCEJO,41298,__NULOS__,1114
t2015_CONCEJO,2015,CONCEJO,41306,MOVIMIENTO ALTERNATIVO INDÍGENA Y SOCIAL MAIS,717
t2015_CONCEJO,2015,CONCEJO,41306,MOVIMIENTO MIRA,381
t2015_CONCEJO,2015,CONCEJO,41306,PARTIDO ALIANZA SOCIAL INDEPENDIENTE,937
t2015_CONCEJO,2015,CONCEJO,41306,PARTIDO ALIANZA VERDE,1043
t2015_CONCEJO,2015,CONCEJO,41306,PARTIDO CAMBIO RADICAL,1851
t2015_CONCEJO,2015,CONCEJO,41306,PARTIDO CENTRO DEMOCRÁTICO,418
t2015_CONCEJO,2015,CONCEJO,41306,PARTIDO CONSERVADOR COLOMBIANO,573
t2015_CONCEJO,2015,CONCEJO,41306,PARTIDO DE LA U,1981
t2015_CONCEJO,2015,CONCEJO,41306,PARTIDO LIBERAL COLOMBIANO,1965
t2015_CONCEJO,2015,CONCEJO,41306,PARTIDO OPCIÓN CIUDADANA,852
t2015_CONCEJO,2015,CONCEJO,41306,__BLANCO__,255
t2015_CONCEJO,2015,CONCEJO,41306,__NO_MARCADOS__,482
t2015_CONCEJO,2015,CONCEJO,41306,__NULOS__,456
t2015_CONCEJO,2015,CONCEJO,41319,PARTIDO ALIANZA SOCIAL INDEPENDIENTE,999
t2015_CONCEJO,2015,CONCEJO,41319,PARTIDO ALIANZA VERDE,1334
t2015_CONCEJO,2015,CONCEJO,41319,PARTIDO CAMBIO RADICAL,1595
t2015_CONCEJO,2015,CONCEJO,41319,PARTIDO CENTRO DEMOCRÁTICO,72
t2015_CONCEJO,2015,CONCEJO,41319,PARTIDO CONSERVADOR COLOMBIANO,782
t2015_CONCEJO,2015,CONCEJO,41319,PARTIDO DE LA U,1851
t2015_CONCEJO,2015,CONCEJO,41319,PARTIDO LIBERAL COLOMBIANO,628
t2015_CONCEJO,2015,CONCEJO,41319,PARTIDO POLO DEMOCRÁTICO ALTERNATIVO,436
t2015_CONCEJO,2015,CONCEJO,41319,__BLANCO__,139
t2015_CONCEJO,2015,CONCEJO,41319,__NO_MARCADOS__,326
t2015_CONCEJO,2015,CONCEJO,41319,__NULOS__,289
t2015_CONCEJO,2015,CONCEJO,41349,MOVIMIENTO AUTORIDADES INDÍGENAS DE COLOMBIA,595
t2015_CONCEJO,2015,CONCEJO,41349,PARTIDO ALIANZA SOCIAL INDEPENDIENTE,140
t2015_CONCEJO,2015,CONCEJO,41349,PARTIDO ALIANZA VERDE,960
t2015_CONCEJO,2015,CONCEJO,41349,PARTIDO CAMBIO RADICAL,431
t2015_CONCEJO,2015,CONCEJO,41349,PARTIDO CENTRO DEMOCRÁTICO,97
t2015_CONCEJO,2015,CONCEJO,41349,PARTIDO DE LA U,551
t2015_CONCEJO,2015,CONCEJO,41349,PARTIDO LIBERAL COLOMBIANO,756
t2015_CONCEJO,2015,CONCEJO,41349,PARTIDO OPCIÓN CIUDADANA,220
t2015_CONCEJO,2015,CONCEJO,41349,__BLANCO__,49
t2015_CONCEJO,2015,CONCEJO,41349,__NO_MARCADOS__,152
t2015_CONCEJO,2015,CONCEJO,41349,__NULOS__,116
t2015_CONCEJO,2015,CONCEJO,41357,MOVIMIENTO ALTERNATIVO INDÍGENA Y SOCIAL MAIS,322
t2015_CONCEJO,2015,CONCEJO,41357,PARTIDO ALIANZA SOCIAL INDEPENDIENTE,256
t2015_CONCEJO,2015,CONCEJO,41357,PARTIDO ALIANZA VERDE,768
t2015_CONCEJO,2015,CONCEJO,41357,PARTIDO CAMBIO RADICAL,692
t2015_CONCEJO,2015,CONCEJO,41357,PARTIDO CONSERVADOR COLOMBIANO,971
t2015_CONCEJO,2015,CONCEJO,41357,PARTIDO DE LA U,451
t2015_CONCEJO,2015,CONCEJO,41357,PARTIDO LIBERAL COLOMBIANO,489
t2015_CONCEJO,2015,CONCEJO,41357,PARTIDO OPCIÓN CIUDADANA,272
t2015_CONCEJO,2015,CONCEJO,41357,PARTIDO POLO DEMOCRÁTICO ALTERNATIVO,374
t2015_CONCEJO,2015,CONCEJO,41357,__BLANCO__,35
t2015_CONCEJO,2015,CONCEJO,41357,__NO_MARCADOS__,149
t2015_CONCEJO,2015,CONCEJO,41357,__NULOS__,200
t2015_CONCEJO,2015,CONCEJO,41359,MOVIMIENTO ALTERNATIVO INDÍGENA Y SOCIAL MAIS,469
t2015_CONCEJO,2015,CONCEJO,41359,MOVIMIENTO AUTORIDADES INDÍGENAS DE COLOMBIA,974
t2015_CONCEJO,2015,CONCEJO,41359,MOVIMIENTO MIRA,419
t2015_CONCEJO,2015,CONCEJO,41359,PARTIDO ALIANZA VERDE,560
t2015_CONCEJO,2015,CONCEJO,41359,PARTIDO CAMBIO RADICAL,1754
t2015_CONCEJO,2015,CONCEJO,41359,PARTIDO CENTRO DEMOCRÁTICO,852
t2015_CONCEJO,2015,CONCEJO,41359,PARTIDO CONSERVADOR COLOMBIANO,1132
t2015_CONCEJO,2015,CONCEJO,41359,PARTIDO DE LA U,2192
t2015_CONCEJO,2015,CONCEJO,41359,PARTIDO LIBERAL COLOMBIANO,1847
t2015_CONCEJO,2015,CONCEJO,41359,PARTIDO OPCIÓN CIUDADANA,214
t2015_CONCEJO,2015,CONCEJO,41359,PARTIDO POLO DEMOCRÁTICO ALTERNATIVO,1232
t2015_CONCEJO,2015,CONCEJO,41359,__BLANCO__,179
t2015_CONCEJO,2015,CONCEJO,41359,__NO_MARCADOS__,654
t2015_CONCEJO,2015,CONCEJO,41359,__NULOS__,581
t2015_CONCEJO,2015,CONCEJO,41378,MOVIMIENTO ALTERNATIVO INDÍGENA Y SOCIAL MAIS,742
t2015_CONCEJO,2015,CONCEJO,41378,PARTIDO ALIANZA SOCIAL INDEPENDIENTE,650
t2015_CONCEJO,2015,CONCEJO,41378,PARTIDO ALIANZA VERDE,212
t2015_CONCEJO,2015,CONCEJO,41378,PARTIDO CAMBIO RADICAL,1197
t2015_CONCEJO,2015,CONCEJO,41378,PARTIDO CENTRO DEMOCRÁTICO,124
t2015_CONCEJO,2015,CONCEJO,41378,PARTIDO CONSERVADOR COLOMBIANO,1146
t2015_CONCEJO,2015,CONCEJO,41378,PARTIDO DE LA U,1479
t2015_CONCEJO,2015,CONCEJO,41378,PARTIDO LIBERAL COLOMBIANO,497
t2015_CONCEJO,2015,CONCEJO,41378,__BLANCO__,101
t2015_CONCEJO,2015,CONCEJO,41378,__NO_MARCADOS__,331
t2015_CONCEJO,2015,CONCEJO,41378,__NULOS__,226
t2015_CONCEJO,2015,CONCEJO,41396,MOVIMIENTO ALTERNATIVO INDÍGENA Y SOCIAL MAIS,287
t2015_CONCEJO,2015,CONCEJO,41396,MOVIMIENTO MIRA,250
t2015_CONCEJO,2015,CONCEJO,41396,PARTIDO ALIANZA SOCIAL INDEPENDIENTE,773
t2015_CONCEJO,2015,CONCEJO,41396,PARTIDO ALIANZA VERDE,2860
t2015_CONCEJO,2015,CONCEJO,41396,PARTIDO CAMBIO RADICAL,4350
t2015_CONCEJO,2015,CONCEJO,41396,PARTIDO CENTRO DEMOCRÁTICO,2225
t2015_CONCEJO,2015,CONCEJO,41396,PARTIDO CONSERVADOR COLOMBIANO,3006
t2015_CONCEJO,2015,CONCEJO,41396,PARTIDO DE LA U,3501
t2015_CONCEJO,2015,CONCEJO,41396,PARTIDO LIBERAL COLOMBIANO,3065
t2015_CONCEJO,2015,CONCEJO,41396,PARTIDO UNIÓN PATRIÓTICA,303
t2015_CONCEJO,2015,CONCEJO,41396,__BLANCO__,841
t2015_CONCEJO,2015,CONCEJO,41396,__NO_MARCADOS__,1829
t2015_CONCEJO,2015,CONCEJO,41396,__NULOS__,931
t2015_CONCEJO,2015,CONCEJO,41483,PARTIDO CAMBIO RADICAL,1428
t2015_CONCEJO,2015,CONCEJO,41483,PARTIDO CENTRO DEMOCRÁTICO,52
t2015_CONCEJO,2015,CONCEJO,41483,PARTIDO CONSERVADOR COLOMBIANO,1121
t2015_CONCEJO,2015,CONCEJO,41483,PARTIDO LIBERAL COLOMBIANO,520
t2015_CONCEJO,2015,CONCEJO,41483,__BLANCO__,36
t2015_CONCEJO,2015,CONCEJO,41483,__NO_MARCADOS__,140
t2015_CONCEJO,2015,CONCEJO,41483,__NULOS__,77
t2015_CONCEJO,2015,CONCEJO,41503,MOVIMIENTO ALTERNATIVO INDÍGENA Y SOCIAL MAIS,222
t2015_CONCEJO,2015,CONCEJO,41503,MOVIMIENTO AUTORIDADES INDÍGENAS DE COLOMBIA,517
t2015_CONCEJO,2015,CONCEJO,41503,PARTIDO ALIANZA SOCIAL INDEPENDIENTE,311
t2015_CONCEJO,2015,CONCEJO,41503,PARTIDO ALIANZA VERDE,1169
t2015_CONCEJO,2015,CONCEJO,41503,PARTIDO CAMBIO RADICAL,1034
t2015_CONCEJO,2015,CONCEJO,41503,PARTIDO CENTRO DEMOCRÁTICO,28
t2015_CONCEJO,2015,CONCEJO,41503,PARTIDO CONSERVADOR COLOMBIANO,914
t2015_CONCEJO,2015,CONCEJO,41503,PARTIDO DE LA U,227
t2015_CONCEJO,2015,CONCEJO,41503,PARTIDO LIBERAL COLOMBIANO,518
t2015_CONCEJO,2015,CONCEJO,41503,PARTIDO OPCIÓN CIUDADANA,369
t2015_CONCEJO,2015,CONCEJO,41503,__BLANCO__,45
t2015_CONCEJO,2015,CONCEJO,41503,__NO_MARCADOS__,152
t2015_CONCEJO,2015,CONCEJO,41503,__NULOS__,140
t2015_CONCEJO,2015,CONCEJO,41518,PARTIDO ALIANZA VERDE,774
t2015_CONCEJO,2015,CONCEJO,41518,PARTIDO CAMBIO RADICAL,875
t2015_CONCEJO,2015,CONCEJO,41518,PARTIDO CENTRO DEMOCRÁTICO,71
t2015_CONCEJO,2015,CONCEJO,41518,PARTIDO CONSERVADOR COLOMBIANO,954
t2015_CONCEJO,2015,CONCEJO,41518,PARTIDO DE LA U,583
t2015_CONCEJO,2015,CONCEJO,41518,PARTIDO LIBERAL COLOMBIANO,337
t2015_CONCEJO,2015,CONCEJO,41518,__BLANCO__,32
t2015_CONCEJO,2015,CONCEJO,41518,__NO_MARCADOS__,75
t2015_CONCEJO,2015,CONCEJO,41518,__NULOS__,56
t2015_CONCEJO,2015,CONCEJO,41524,MOVIMIENTO MIRA,258
t2015_CONCEJO,2015,CONCEJO,41524,PARTIDO ALIANZA SOCIAL INDEPENDIENTE,1099
t2015_CONCEJO,2015,CONCEJO,41524,PARTIDO ALIANZA VERDE,1899
t2015_CONCEJO,2015,CONCEJO,41524,PARTIDO CAMBIO RADICAL,388
t2015_CONCEJO,2015,CONCEJO,41524,PARTIDO CENTRO DEMOCRÁTICO,436
t2015_CONCEJO,2015,CONCEJO,41524,PARTIDO CONSERVADOR COLOMBIANO,3833
t2015_CONCEJO,2015,CONCEJO,41524,PARTIDO DE LA U,994
t2015_CONCEJO,2015,CONCEJO,41524,PARTIDO LIBERAL COLOMBIANO,2021
t2015_CONCEJO,2015,CONCEJO,41524,PARTIDO OPCIÓN CIUDADANA,275
t2015_CONCEJO,2015,CONCEJO,41524,PARTIDO POLO DEMOCRÁTICO ALTERNATIVO,1952
t2015_CONCEJO,2015,CONCEJO,41524,__BLANCO__,354
t2015_CONCEJO,2015,CONCEJO,41524,__NO_MARCADOS__,482
t2015_CONCEJO,2015,CONCEJO,41524,__NULOS__,412
t2015_CONCEJO,2015,CONCEJO,41530,MOVIMIENTO AUTORIDADES INDÍGENAS DE COLOMBIA,554
t2015_CONCEJO,2015,CONCEJO,41530,PARTIDO ALIANZA SOCIAL INDEPENDIENTE,433
t2015_CONCEJO,2015,CONCEJO,41530,PARTIDO ALIANZA VERDE,597
t2015_CONCEJO,2015,CONCEJO,41530,PARTIDO CAMBIO RADICAL,452
t2015_CONCEJO,2015,CONCEJO,41530,PARTIDO CENTRO DEMOCRÁTICO,173
t2015_CONCEJO,2015,CONCEJO,41530,PARTIDO CONSERVADOR COLOMBIANO,807
t2015_CONCEJO,2015,CONCEJO,41530,PARTIDO DE LA U,682
t2015_CONCEJO,2015,CONCEJO,41530,PARTIDO LIBERAL COLOMBIANO,1007
t2015_CONCEJO,2015,CONCEJO,41530,PARTIDO OPCIÓN CIUDADANA,739
t2015_CONCEJO,2015,CONCEJO,41530,__BLANCO__,96
t2015_CONCEJO,2015,CONCEJO,41530,__NO_MARCADOS__,206
t2015_CONCEJO,2015,CONCEJO,41530,__NULOS__,241
t2015_CONCEJO,2015,CONCEJO,41548,MOVIMIENTO ALTERNATIVO INDÍGENA Y SOCIAL MAIS,338
t2015_CONCEJO,2015,CONCEJO,41548,PARTIDO ALIANZA SOCIAL INDEPENDIENTE,325
t2015_CONCEJO,2015,CONCEJO,41548,PARTIDO ALIANZA VERDE,981
t2015_CONCEJO,2015,CONCEJO,41548,PARTIDO CAMBIO RADICAL,223
t2015_CONCEJO,2015,CONCEJO,41548,PARTIDO CENTRO DEMOCRÁTICO,130
t2015_CONCEJO,2015,CONCEJO,41548,PARTIDO CONSERVADOR COLOMBIANO,1355
t2015_CONCEJO,2015,CONCEJO,41548,PARTIDO DE LA U,557
t2015_CONCEJO,2015,CONCEJO,41548,PARTIDO LIBERAL COLOMBIANO,973
t2015_CONCEJO,2015,CONCEJO,41548,PARTIDO OPCIÓN CIUDADANA,515
t2015_CONCEJO,2015,CONCEJO,41548,PARTIDO POLO DEMOCRÁTICO ALTERNATIVO,560
t2015_CONCEJO,2015,CONCEJO,41548,__BLANCO__,81
t2015_CONCEJO,2015,CONCEJO,41548,__NO_MARCADOS__,189
t2015_CONCEJO,2015,CONCEJO,41548,__NULOS__,121
t2015_CONCEJO,2015,CONCEJO,41551,MOVIMIENTO ALTERNATIVO INDÍGENA Y SOCIAL MAIS,241
t2015_CONCEJO,2015,CONCEJO,41551,MOVIMIENTO AUTORIDADES INDÍGENAS DE COLOMBIA,4376
t2015_CONCEJO,2015,CONCEJO,41551,MOVIMIENTO MIRA,753
t2015_CONCEJO,2015,CONCEJO,41551,PARTIDO ALIANZA SOCIAL INDEPENDIENTE,5283
t2015_CONCEJO,2015,CONCEJO,41551,PARTIDO ALIANZA VERDE,3788
t2015_CONCEJO,2015,CONCEJO,41551,PARTIDO CAMBIO RADICAL,3728
t2015_CONCEJO,2015,CONCEJO,41551,PARTIDO CENTRO DEMOCRÁTICO,3118
t2015_CONCEJO,2015,CONCEJO,41551,PARTIDO CONSERVADOR COLOMBIANO,7708
t2015_CONCEJO,2015,CONCEJO,41551,PARTIDO DE LA U,7499
t2015_CONCEJO,2015,CONCEJO,41551,PARTIDO LIBERAL COLOMBIANO,7503
t2015_CONCEJO,2015,CONCEJO,41551,PARTIDO OPCIÓN CIUDADANA,1118
t2015_CONCEJO,2015,CONCEJO,41551,PARTIDO POLO DEMOCRÁTICO ALTERNATIVO,904
t2015_CONCEJO,2015,CONCEJO,41551,__BLANCO__,1804
t2015_CONCEJO,2015,CONCEJO,41551,__NO_MARCADOS__,2088
t2015_CONCEJO,2015,CONCEJO,41551,__NULOS__,2214
t2015_CONCEJO,2015,CONCEJO,41615,MOVIMIENTO MIRA,199
t2015_CONCEJO,2015,CONCEJO,41615,PARTIDO ALIANZA SOCIAL INDEPENDIENTE,1535
t2015_CONCEJO,2015,CONCEJO,41615,PARTIDO ALIANZA VERDE,1561
t2015_CONCEJO,2015,CONCEJO,41615,PARTIDO CAMBIO RADICAL,870
t2015_CONCEJO,2015,CONCEJO,41615,PARTIDO CENTRO DEMOCRÁTICO,187
t2015_CONCEJO,2015,CONCEJO,41615,PARTIDO CONSERVADOR COLOMBIANO,1385
t2015_CONCEJO,2015,CONCEJO,41615,PARTIDO DE LA U,1322
t2015_CONCEJO,2015,CONCEJO,41615,PARTIDO LIBERAL COLOMBIANO,1829
t2015_CONCEJO,2015,CONCEJO,41615,PARTIDO OPCIÓN CIUDADANA,1234
t2015_CONCEJO,2015,CONCEJO,41615,PARTIDO POLO DEMOCRÁTICO ALTERNATIVO,160
t2015_CONCEJO,2015,CONCEJO,41615,__BLANCO__,233
t2015_CONCEJO,2015,CONCEJO,41615,__NO_MARCADOS__,356
t2015_CONCEJO,2015,CONCEJO,41615,__NULOS__,275
t2015_CONCEJO,2015,CONCEJO,41660,PARTIDO ALIANZA VERDE,170
t2015_CONCEJO,2015,CONCEJO,41660,PARTIDO CAMBIO RADICAL,634
t2015_CONCEJO,2015,CONCEJO,41660,PARTIDO CENTRO DEMOCRÁTICO,11
t2015_CONCEJO,2015,CONCEJO,41660,PARTIDO CONSERVADOR COLOMBIANO,324
t2015_CONCEJO,2015,CONCEJO,41660,PARTIDO DE LA U,49
t2015_CONCEJO,2015,CONCEJO,41660,PARTIDO LIBERAL COLOMBIANO,171
t2015_CONCEJO,2015,CONCEJO,41660,__BLANCO__,11
t2015_CONCEJO,2015,CONCEJO,41660,__NO_MARCADOS__,62
t2015_CONCEJO,2015,CONCEJO,41660,__NULOS__,31
t2015_CONCEJO,2015,CONCEJO,41668,MOVIMIENTO AUTORIDADES INDÍGENAS DE COLOMBIA,635
t2015_CONCEJO,2015,CONCEJO,41668,MOVIMIENTO MIRA,119
t2015_CONCEJO,2015,CONCEJO,41668,PARTIDO ALIANZA SOCIAL INDEPENDIENTE,746
t2015_CONCEJO,2015,CONCEJO,41668,PARTIDO ALIANZA VERDE,2570
t2015_CONCEJO,2015,CONCEJO,41668,PARTIDO CAMBIO RADICAL,2233
t2015_CONCEJO,2015,CONCEJO,41668,PARTIDO CENTRO DEMOCRÁTICO,554
t2015_CONCEJO,2015,CONCEJO,41668,PARTIDO CONSERVADOR COLOMBIANO,1425
t2015_CONCEJO,2015,CONCEJO,41668,PARTIDO DE LA U,2105
t2015_CONCEJO,2015,CONCEJO,41668,PARTIDO LIBERAL COLOMBIANO,1932
t2015_CONCEJO,2015,CONCEJO,41668,PARTIDO OPCIÓN CIUDADANA,381
t2015_CONCEJO,2015,CONCEJO,41668,PARTIDO POLO DEMOCRÁTICO ALTERNATIVO,629
t2015_CONCEJO,2015,CONCEJO,41668,__BLANCO__,355
t2015_CONCEJO,2015,CONCEJO,41668,__NO_MARCADOS__,943
t2015_CONCEJO,2015,CONCEJO,41668,__NULOS__,599
t2015_CONCEJO,2015,CONCEJO,41676,PARTIDO ALIANZA SOCIAL INDEPENDIENTE,1239
t2015_CONCEJO,2015,CONCEJO,41676,PARTIDO ALIANZA VERDE,2334
t2015_CONCEJO,2015,CONCEJO,41676,PARTIDO CENTRO DEMOCRÁTICO,301
t2015_CONCEJO,2015,CONCEJO,41676,PARTIDO OPCIÓN CIUDADANA,865
t2015_CONCEJO,2015,CONCEJO,41676,PARTIDO POLO DEMOCRÁTICO ALTERNATIVO,325
t2015_CONCEJO,2015,CONCEJO,41676,__BLANCO__,67
t2015_CONCEJO,2015,CONCEJO,41676,__NO_MARCADOS__,202
t2015_CONCEJO,2015,CONCEJO,41676,__NULOS__,138
t2015_CONCEJO,2015,CONCEJO,41770,PARTIDO ALIANZA VERDE,944
t2015_CONCEJO,2015,CONCEJO,41770,PARTIDO CAMBIO RADICAL,900
t2015_CONCEJO,2015,CONCEJO,41770,PARTIDO CENTRO DEMOCRÁTICO,898
t2015_CONCEJO,2015,CONCEJO,41770,PARTIDO CONSERVADOR COLOMBIANO,1195
t2015_CONCEJO,2015,CONCEJO,41770,PARTIDO DE LA U,1594
t2015_CONCEJO,2015,CONCEJO,41770,PARTIDO LIBERAL COLOMBIANO,1500
t2015_CONCEJO,2015,CONCEJO,41770,PARTIDO OPCIÓN CIUDADANA,676
t2015_CONCEJO,2015,CONCEJO,41770,__BLANCO__,102
t2015_CONCEJO,2015,CONCEJO,41770,__NO_MARCADOS__,463
t2015_CONCEJO,2015,CONCEJO,41770,__NULOS__,311
t2015_CONCEJO,2015,CONCEJO,41791,MOVIMIENTO ALTERNATIVO INDÍGENA Y SOCIAL MAIS,1140
t2015_CONCEJO,2015,CONCEJO,41791,PARTIDO ALIANZA VERDE,924
t2015_CONCEJO,2015,CONCEJO,41791,PARTIDO CAMBIO RADICAL,569
t2015_CONCEJO,2015,CONCEJO,41791,PARTIDO CENTRO DEMOCRÁTICO,162
t2015_CONCEJO,2015,CONCEJO,41791,PARTIDO CONSERVADOR COLOMBIANO,1994
t2015_CONCEJO,2015,CONCEJO,41791,PARTIDO DE LA U,808
t2015_CONCEJO,2015,CONCEJO,41791,PARTIDO LIBERAL COLOMBIANO,1166
t2015_CONCEJO,2015,CONCEJO,41791,PARTIDO OPCIÓN CIUDADANA,995
t2015_CONCEJO,2015,CONCEJO,41791,PARTIDO POLO DEMOCRÁTICO ALTERNATIVO,443
t2015_CONCEJO,2015,CONCEJO,41791,__BLANCO__,106
t2015_CONCEJO,2015,CONCEJO,41791,__NO_MARCADOS__,207
t2015_CONCEJO,2015,CONCEJO,41791,__NULOS__,185
t2015_CONCEJO,2015,CONCEJO,41797,MOVIMIENTO ALTERNATIVO INDÍGENA Y SOCIAL MAIS,692
t2015_CONCEJO,2015,CONCEJO,41797,PARTIDO ALIANZA VERDE,211
t2015_CONCEJO,2015,CONCEJO,41797,PARTIDO CAMBIO RADICAL,1093
t2015_CONCEJO,2015,CONCEJO,41797,PARTIDO CENTRO DEMOCRÁTICO,243
t2015_CONCEJO,2015,CONCEJO,41797,PARTIDO CONSERVADOR COLOMBIANO,1349
t2015_CONCEJO,2015,CONCEJO,41797,PARTIDO DE LA U,1579
t2015_CONCEJO,2015,CONCEJO,41797,__BLANCO__,109
t2015_CONCEJO,2015,CONCEJO,41797,__NO_MARCADOS__,173
t2015_CONCEJO,2015,CONCEJO,41797,__NULOS__,166
t2015_CONCEJO,2015,CONCEJO,41799,MOVIMIENTO MIRA,216
t2015_CONCEJO,2015,CONCEJO,41799,PARTIDO ALIANZA VERDE,504
t2015_CONCEJO,2015,CONCEJO,41799,PARTIDO CAMBIO RADICAL,1136
t2015_CONCEJO,2015,CONCEJO,41799,PARTIDO CENTRO DEMOCRÁTICO,139
t2015_CONCEJO,2015,CONCEJO,41799,PARTIDO CONSERVADOR COLOMBIANO,396
t2015_CONCEJO,2015,CONCEJO,41799,PARTIDO DE LA U,920
t2015_CONCEJO,2015,CONCEJO,41799,PARTIDO LIBERAL COLOMBIANO,2191
t2015_CONCEJO,2015,CONCEJO,41799,PARTIDO OPCIÓN CIUDADANA,728
t2015_CONCEJO,2015,CONCEJO,41799,PARTIDO POLO DEMOCRÁTICO ALTERNATIVO,406
t2015_CONCEJO,2015,CONCEJO,41799,__BLANCO__,100
t2015_CONCEJO,2015,CONCEJO,41799,__NO_MARCADOS__,315
t2015_CONCEJO,2015,CONCEJO,41799,__NULOS__,292
t2015_CONCEJO,2015,CONCEJO,41801,MOVIMIENTO ALTERNATIVO INDÍGENA Y SOCIAL MAIS,271
t2015_CONCEJO,2015,CONCEJO,41801,PARTIDO ALIANZA SOCIAL INDEPENDIENTE,296
t2015_CONCEJO,2015,CONCEJO,41801,PARTIDO ALIANZA VERDE,989
t2015_CONCEJO,2015,CONCEJO,41801,PARTIDO CENTRO DEMOCRÁTICO,248
t2015_CONCEJO,2015,CONCEJO,41801,PARTIDO CONSERVADOR COLOMBIANO,998
t2015_CONCEJO,2015,CONCEJO,41801,PARTIDO DE LA U,676
t2015_CONCEJO,2015,CONCEJO,41801,PARTIDO LIBERAL COLOMBIANO,505
t2015_CONCEJO,2015,CONCEJO,41801,PARTIDO OPCIÓN CIUDADANA,461
t2015_CONCEJO,2015,CONCEJO,41801,__BLANCO__,52
t2015_CONCEJO,2015,CONCEJO,41801,__NO_MARCADOS__,173
t2015_CONCEJO,2015,CONCEJO,41801,__NULOS__,121
t2015_CONCEJO,2015,CONCEJO,41807,MOVIMIENTO ALTERNATIVO INDÍGENA Y SOCIAL MAIS,216
t2015_CONCEJO,2015,CONCEJO,41807,MOVIMIENTO AUTORIDADES INDÍGENAS DE COLOMBIA,332
t2015_CONCEJO,2015,CONCEJO,41807,MOVIMIENTO MIRA,80
t2015_CONCEJO,2015,CONCEJO,41807,PARTIDO ALIANZA SOCIAL INDEPENDIENTE,397
t2015_CONCEJO,2015,CONCEJO,41807,PARTIDO ALIANZA VERDE,1751
t2015_CONCEJO,2015,CONCEJO,41807,PARTIDO CAMBIO RADICAL,1069
t2015_CONCEJO,2015,CONCEJO,41807,PARTIDO CENTRO DEMOCRÁTICO,327
t2015_CONCEJO,2015,CONCEJO,41807,PARTIDO CONSERVADOR COLOMBIANO,1099
t2015_CONCEJO,2015,CONCEJO,41807,PARTIDO DE LA U,1514
t2015_CONCEJO,2015,CONCEJO,41807,PARTIDO LIBERAL COLOMBIANO,1163
t2015_CONCEJO,2015,CONCEJO,41807,PARTIDO OPCIÓN CIUDADANA,1029
t2015_CONCEJO,2015,CONCEJO,41807,PARTIDO POLO DEMOCRÁTICO ALTERNATIVO,64
t2015_CONCEJO,2015,CONCEJO,41807,__BLANCO__,211
t2015_CONCEJO,2015,CONCEJO,41807,__NO_MARCADOS__,493
t2015_CONCEJO,2015,CONCEJO,41807,__NULOS__,432
t2015_CONCEJO,2015,CONCEJO,41872,PARTIDO ALIANZA VERDE,349
t2015_CONCEJO,2015,CONCEJO,41872,PARTIDO CAMBIO RADICAL,960
t2015_CONCEJO,2015,CONCEJO,41872,PARTIDO CONSERVADOR COLOMBIANO,1017
t2015_CONCEJO,2015,CONCEJO,41872,PARTIDO DE LA U,1035
t2015_CONCEJO,2015,CONCEJO,41872,PARTIDO LIBERAL COLOMBIANO,689
t2015_CONCEJO,2015,CONCEJO,41872,PARTIDO OPCIÓN CIUDADANA,664
t2015_CONCEJO,2015,CONCEJO,41872,PARTIDO POLO DEMOCRÁTICO ALTERNATIVO,63
t2015_CONCEJO,2015,CONCEJO,41872,__BLANCO__,55
t2015_CONCEJO,2015,CONCEJO,41872,__NO_MARCADOS__,69
t2015_CONCEJO,2015,CONCEJO,41872,__NULOS__,128
t2015_CONCEJO,2015,CONCEJO,41885,MOVIMIENTO AUTORIDADES INDÍGENAS DE COLOMBIA,627
t2015_CONCEJO,2015,CONCEJO,41885,PARTIDO ALIANZA SOCIAL INDEPENDIENTE,1006
t2015_CONCEJO,2015,CONCEJO,41885,PARTIDO ALIANZA VERDE,407
t2015_CONCEJO,2015,CONCEJO,41885,PARTIDO CAMBIO RADICAL,1109
t2015_CONCEJO,2015,CONCEJO,41885,PARTIDO CENTRO DEMOCRÁTICO,326
t2015_CONCEJO,2015,CONCEJO,41885,PARTIDO CONSERVADOR COLOMBIANO,77
t2015_CONCEJO,2015,CONCEJO,41885,PARTIDO DE LA U,516
t2015_CONCEJO,2015,CONCEJO,41885,PARTIDO LIBERAL COLOMBIANO,113
t2015_CONCEJO,2015,CONCEJO,41885,PARTIDO OPCIÓN CIUDADANA,307
t2015_CONCEJO,2015,CONCEJO,41885,PARTIDO POLO DEMOCRÁTICO ALTERNATIVO,524
t2015_CONCEJO,2015,CONCEJO,41885,__BLANCO__,87
t2015_CONCEJO,2015,CONCEJO,41885,__NO_MARCADOS__,153
t2015_CONCEJO,2015,CONCEJO,41885,__NULOS__,113
t2015_GOBERNADOR,2015,GOBERNADOR,41001,CARLOS JULIO GONZALEZ VILLA|CAMBIO RADICAL - ALIANZA SOCIAL INDEPENDIENTE ASI,60182
t2015_GOBERNADOR,2015,GOBERNADOR,41001,CARLOS RAMIRO CHAVARRO CUELLAR|PARTIDO CONSERVADOR COLOMBIANO - PARTIDO LIBERAL COLOMBIAN,39746
t2015_GOBERNADOR,2015,GOBERNADOR,41001,ESPERANZA ANDRADE DE OSSO|MOVIMIENTO AUTORIDADES INDÍGENAS DE COLOMBIA,12868
t2015_GOBERNADOR,2015,GOBERNADOR,41001,GUSTAVO BRIÑEZ VILLA|PARTIDO UNIÓN PATRIÓTICA,4485
t2015_GOBERNADOR,2015,GOBERNADOR,41001,RIGOBERTO CICERI ARRIGUI|PARTIDO CENTRO DEMOCRÁTICO,14564
t2015_GOBERNADOR,2015,GOBERNADOR,41001,WILFRAND CUENCA ZULETA|MOVIMIENTO ALTERNATIVO INDÍGENA Y SOCIAL MAIS,1728
t2015_GOBERNADOR,2015,GOBERNADOR,41001,__BLANCO__,12573
t2015_GOBERNADOR,2015,GOBERNADOR,41001,__NO_MARCADOS__,7864
t2015_GOBERNADOR,2015,GOBERNADOR,41001,__NULOS__,4267
t2015_GOBERNADOR,2015,GOBERNADOR,41006,CARLOS JULIO GONZALEZ VILLA|CAMBIO RADICAL - ALIANZA SOCIAL INDEPENDIENTE ASI,5071
t2015_GOBERNADOR,2015,GOBERNADOR,41006,CARLOS RAMIRO CHAVARRO CUELLAR|PARTIDO CONSERVADOR COLOMBIANO - PARTIDO LIBERAL COLOMBIAN,3350
t2015_GOBERNADOR,2015,GOBERNADOR,41006,ESPERANZA ANDRADE DE OSSO|MOVIMIENTO AUTORIDADES INDÍGENAS DE COLOMBIA,850
t2015_GOBERNADOR,2015,GOBERNADOR,41006,GUSTAVO BRIÑEZ VILLA|PARTIDO UNIÓN PATRIÓTICA,58
t2015_GOBERNADOR,2015,GOBERNADOR,41006,RIGOBERTO CICERI ARRIGUI|PARTIDO CENTRO DEMOCRÁTICO,1277
t2015_GOBERNADOR,2015,GOBERNADOR,41006,WILFRAND CUENCA ZULETA|MOVIMIENTO ALTERNATIVO INDÍGENA Y SOCIAL MAIS,44
t2015_GOBERNADOR,2015,GOBERNADOR,41006,__BLANCO__,385
t2015_GOBERNADOR,2015,GOBERNADOR,41006,__NO_MARCADOS__,1507
t2015_GOBERNADOR,2015,GOBERNADOR,41006,__NULOS__,162
t2015_GOBERNADOR,2015,GOBERNADOR,41013,CARLOS JULIO GONZALEZ VILLA|CAMBIO RADICAL - ALIANZA SOCIAL INDEPENDIENTE ASI,2228
t2015_GOBERNADOR,2015,GOBERNADOR,41013,CARLOS RAMIRO CHAVARRO CUELLAR|PARTIDO CONSERVADOR COLOMBIANO - PARTIDO LIBERAL COLOMBIAN,1789
t2015_GOBERNADOR,2015,GOBERNADOR,41013,ESPERANZA ANDRADE DE OSSO|MOVIMIENTO AUTORIDADES INDÍGENAS DE COLOMBIA,135
t2015_GOBERNADOR,2015,GOBERNADOR,41013,GUSTAVO BRIÑEZ VILLA|PARTIDO UNIÓN PATRIÓTICA,20
t2015_GOBERNADOR,2015,GOBERNADOR,41013,RIGOBERTO CICERI ARRIGUI|PARTIDO CENTRO DEMOCRÁTICO,203
t2015_GOBERNADOR,2015,GOBERNADOR,41013,WILFRAND CUENCA ZULETA|MOVIMIENTO ALTERNATIVO INDÍGENA Y SOCIAL MAIS,6
t2015_GOBERNADOR,2015,GOBERNADOR,41013,__BLANCO__,234
t2015_GOBERNADOR,2015,GOBERNADOR,41013,__NO_MARCADOS__,502
t2015_GOBERNADOR,2015,GOBERNADOR,41013,__NULOS__,54
t2015_GOBERNADOR,2015,GOBERNADOR,41016,CARLOS JULIO GONZALEZ VILLA|CAMBIO RADICAL - ALIANZA SOCIAL INDEPENDIENTE ASI,5206
t2015_GOBERNADOR,2015,GOBERNADOR,41016,CARLOS RAMIRO CHAVARRO CUELLAR|PARTIDO CONSERVADOR COLOMBIANO - PARTIDO LIBERAL COLOMBIAN,2861
t2015_GOBERNADOR,2015,GOBERNADOR,41016,ESPERANZA ANDRADE DE OSSO|MOVIMIENTO AUTORIDADES INDÍGENAS DE COLOMBIA,123
t2015_GOBERNADOR,2015,GOBERNADOR,41016,GUSTAVO BRIÑEZ VILLA|PARTIDO UNIÓN PATRIÓTICA,56
t2015_GOBERNADOR,2015,GOBERNADOR,41016,RIGOBERTO CICERI ARRIGUI|PARTIDO CENTRO DEMOCRÁTICO,297
t2015_GOBERNADOR,2015,GOBERNADOR,41016,WILFRAND CUENCA ZULETA|MOVIMIENTO ALTERNATIVO INDÍGENA Y SOCIAL MAIS,29
t2015_GOBERNADOR,2015,GOBERNADOR,41016,__BLANCO__,458
t2015_GOBERNADOR,2015,GOBERNADOR,41016,__NO_MARCADOS__,917
t2015_GOBERNADOR,2015,GOBERNADOR,41016,__NULOS__,113
t2015_GOBERNADOR,2015,GOBERNADOR,41020,CARLOS JULIO GONZALEZ VILLA|CAMBIO RADICAL - ALIANZA SOCIAL INDEPENDIENTE ASI,4186
t2015_GOBERNADOR,2015,GOBERNADOR,41020,CARLOS RAMIRO CHAVARRO CUELLAR|PARTIDO CONSERVADOR COLOMBIANO - PARTIDO LIBERAL COLOMBIAN,3473
t2015_GOBERNADOR,2015,GOBERNADOR,41020,ESPERANZA ANDRADE DE OSSO|MOVIMIENTO AUTORIDADES INDÍGENAS DE COLOMBIA,114
t2015_GOBERNADOR,2015,GOBERNADOR,41020,GUSTAVO BRIÑEZ VILLA|PARTIDO UNIÓN PATRIÓTICA,116
t2015_GOBERNADOR,2015,GOBERNADOR,41020,RIGOBERTO CICERI ARRIGUI|PARTIDO CENTRO DEMOCRÁTICO,438
t2015_GOBERNADOR,2015,GOBERNADOR,41020,WILFRAND CUENCA ZULETA|MOVIMIENTO ALTERNATIVO INDÍGENA Y SOCIAL MAIS,24
t2015_GOBERNADOR,2015,GOBERNADOR,41020,__BLANCO__,193
t2015_GOBERNADOR,2015,GOBERNADOR,41020,__NO_MARCADOS__,1051
t2015_GOBERNADOR,2015,GOBERNADOR,41020,__NULOS__,103
t2015_GOBERNADOR,2015,GOBERNADOR,41026,CARLOS JULIO GONZALEZ VILLA|CAMBIO RADICAL - ALIANZA SOCIAL INDEPENDIENTE ASI,847
t2015_GOBERNADOR,2015,GOBERNADOR,41026,CARLOS RAMIRO CHAVARRO CUELLAR|PARTIDO CONSERVADOR COLOMBIANO - PARTIDO LIBERAL COLOMBIAN,798
t2015_GOBERNADOR,2015,GOBERNADOR,41026,ESPERANZA ANDRADE DE OSSO|MOVIMIENTO AUTORIDADES INDÍGENAS DE COLOMBIA,111
t2015_GOBERNADOR,2015,GOBERNADOR,41026,GUSTAVO BRIÑEZ VILLA|PARTIDO UNIÓN PATRIÓTICA,20
t2015_GOBERNADOR,2015,GOBERNADOR,41026,RIGOBERTO CICERI ARRIGUI|PARTIDO CENTRO DEMOCRÁTICO,89
t2015_GOBERNADOR,2015,GOBERNADOR,41026,WILFRAND CUENCA ZULETA|MOVIMIENTO ALTERNATIVO INDÍGENA Y SOCIAL MAIS,4
t2015_GOBERNADOR,2015,GOBERNADOR,41026,__BLANCO__,104
t2015_GOBERNADOR,2015,GOBERNADOR,41026,__NO_MARCADOS__,158
t2015_GOBERNADOR,2015,GOBERNADOR,41026,__NULOS__,36
t2015_GOBERNADOR,2015,GOBERNADOR,41078,CARLOS JULIO GONZALEZ VILLA|CAMBIO RADICAL - ALIANZA SOCIAL INDEPENDIENTE ASI,2095
t2015_GOBERNADOR,2015,GOBERNADOR,41078,CARLOS RAMIRO CHAVARRO CUELLAR|PARTIDO CONSERVADOR COLOMBIANO - PARTIDO LIBERAL COLOMBIAN,1021
t2015_GOBERNADOR,2015,GOBERNADOR,41078,ESPERANZA ANDRADE DE OSSO|MOVIMIENTO AUTORIDADES INDÍGENAS DE COLOMBIA,154
t2015_GOBERNADOR,2015,GOBERNADOR,41078,GUSTAVO BRIÑEZ VILLA|PARTIDO UNIÓN PATRIÓTICA,86
t2015_GOBERNADOR,2015,GOBERNADOR,41078,RIGOBERTO CICERI ARRIGUI|PARTIDO CENTRO DEMOCRÁTICO,188
t2015_GOBERNADOR,2015,GOBERNADOR,41078,WILFRAND CUENCA ZULETA|MOVIMIENTO ALTERNATIVO INDÍGENA Y SOCIAL MAIS,33
t2015_GOBERNADOR,2015,GOBERNADOR,41078,__BLANCO__,97
t2015_GOBERNADOR,2015,GOBERNADOR,41078,__NO_MARCADOS__,351
t2015_GOBERNADOR,2015,GOBERNADOR,41078,__NULOS__,61
t2015_GOBERNADOR,2015,GOBERNADOR,41132,CARLOS JULIO GONZALEZ VILLA|CAMBIO RADICAL - ALIANZA SOCIAL INDEPENDIENTE ASI,6975
t2015_GOBERNADOR,2015,GOBERNADOR,41132,CARLOS RAMIRO CHAVARRO CUELLAR|PARTIDO CONSERVADOR COLOMBIANO - PARTIDO LIBERAL COLOMBIAN,4312
t2015_GOBERNADOR,2015,GOBERNADOR,41132,ESPERANZA ANDRADE DE OSSO|MOVIMIENTO AUTORIDADES INDÍGENAS DE COLOMBIA,442
t2015_GOBERNADOR,2015,GOBERNADOR,41132,GUSTAVO BRIÑEZ VILLA|PARTIDO UNIÓN PATRIÓTICA,218
t2015_GOBERNADOR,2015,GOBERNADOR,41132,RIGOBERTO CICERI ARRIGUI|PARTIDO CENTRO DEMOCRÁTICO,1531
t2015_GOBERNADOR,2015,GOBERNADOR,41132,WILFRAND CUENCA ZULETA|MOVIMIENTO ALTERNATIVO INDÍGENA Y SOCIAL MAIS,77
t2015_GOBERNADOR,2015,GOBERNADOR,41132,__BLANCO__,707
t2015_GOBERNADOR,2015,GOBERNADOR,41132,__NO_MARCADOS__,1374
t2015_GOBERNADOR,2015,GOBERNADOR,41132,__NULOS__,520
t2015_GOBERNADOR,2015,GOBERNADOR,41206,CARLOS JULIO GONZALEZ VILLA|CAMBIO RADICAL - ALIANZA SOCIAL INDEPENDIENTE ASI,1606
t2015_GOBERNADOR,2015,GOBERNADOR,41206,CARLOS RAMIRO CHAVARRO CUELLAR|PARTIDO CONSERVADOR COLOMBIANO - PARTIDO LIBERAL COLOMBIAN,1856
t2015_GOBERNADOR,2015,GOBERNADOR,41206,ESPERANZA ANDRADE DE OSSO|MOVIMIENTO AUTORIDADES INDÍGENAS DE COLOMBIA,277
t2015_GOBERNADOR,2015,GOBERNADOR,41206,GUSTAVO BRIÑEZ VILLA|PARTIDO UNIÓN PATRIÓTICA,15
t2015_GOBERNADOR,2015,GOBERNADOR,41206,RIGOBERTO CICERI ARRIGUI|PARTIDO CENTRO DEMOCRÁTICO,305
t2015_GOBERNADOR,2015,GOBERNADOR,41206,WILFRAND CUENCA ZULETA|MOVIMIENTO ALTERNATIVO INDÍGENA Y SOCIAL MAIS,14
t2015_GOBERNADOR,2015,GOBERNADOR,41206,__BLANCO__,92
t2015_GOBERNADOR,2015,GOBERNADOR,41206,__NO_MARCADOS__,472
t2015_GOBERNADOR,2015,GOBERNADOR,41206,__NULOS__,43
t2015_GOBERNADOR,2015,GOBERNADOR,41244,CARLOS JULIO GONZALEZ VILLA|CAMBIO RADICAL - ALIANZA SOCIAL INDEPENDIENTE ASI,1402
t2015_GOBERNADOR,2015,GOBERNADOR,41244,CARLOS RAMIRO CHAVARRO CUELLAR|PARTIDO CONSERVADOR COLOMBIANO - PARTIDO LIBERAL COLOMBIAN,849
t2015_GOBERNADOR,2015,GOBERNADOR,41244,ESPERANZA ANDRADE DE OSSO|MOVIMIENTO AUTORIDADES INDÍGENAS DE COLOMBIA,22
t2015_GOBERNADOR,2015,GOBERNADOR,41244,GUSTAVO BRIÑEZ VILLA|PARTIDO UNIÓN PATRIÓTICA,13
t2015_GOBERNADOR,2015,GOBERNADOR,41244,RIGOBERTO CICERI ARRIGUI|PARTIDO CENTRO DEMOCRÁTICO,41
t2015_GOBERNADOR,2015,GOBERNADOR,41244,WILFRAND CUENCA ZULETA|MOVIMIENTO ALTERNATIVO INDÍGENA Y SOCIAL MAIS,4
t2015_GOBERNADOR,2015,GOBERNADOR,41244,__BLANCO__,42
t2015_GOBERNADOR,2015,GOBERNADOR,41244,__NO_MARCADOS__,117
t2015_GOBERNADOR,2015,GOBERNADOR,41244,__NULOS__,18
t2015_GOBERNADOR,2015,GOBERNADOR,41298,CARLOS JULIO GONZALEZ VILLA|CAMBIO RADICAL - ALIANZA SOCIAL INDEPENDIENTE ASI,11447
t2015_GOBERNADOR,2015,GOBERNADOR,41298,CARLOS RAMIRO CHAVARRO CUELLAR|PARTIDO CONSERVADOR COLOMBIANO - PARTIDO LIBERAL COLOMBIAN,9909
t2015_GOBERNADOR,2015,GOBERNADOR,41298,ESPERANZA ANDRADE DE OSSO|MOVIMIENTO AUTORIDADES INDÍGENAS DE COLOMBIA,1289
t2015_GOBERNADOR,2015,GOBERNADOR,41298,GUSTAVO BRIÑEZ VILLA|PARTIDO UNIÓN PATRIÓTICA,174
t2015_GOBERNADOR,2015,GOBERNADOR,41298,RIGOBERTO CICERI ARRIGUI|PARTIDO CENTRO DEMOCRÁTICO,3162
t2015_GOBERNADOR,2015,GOBERNADOR,41298,WILFRAND CUENCA ZULETA|MOVIMIENTO ALTERNATIVO INDÍGENA Y SOCIAL MAIS,166
t2015_GOBERNADOR,2015,GOBERNADOR,41298,__BLANCO__,1894
t2015_GOBERNADOR,2015,GOBERNADOR,41298,__NO_MARCADOS__,1852
t2015_GOBERNADOR,2015,GOBERNADOR,41298,__NULOS__,778
t2015_GOBERNADOR,2015,GOBERNADOR,41306,CARLOS JULIO GONZALEZ VILLA|CAMBIO RADICAL - ALIANZA SOCIAL INDEPENDIENTE ASI,4884
t2015_GOBERNADOR,2015,GOBERNADOR,41306,CARLOS RAMIRO CHAVARRO CUELLAR|PARTIDO CONSERVADOR COLOMBIANO - PARTIDO LIBERAL COLOMBIAN,3242
t2015_GOBERNADOR,2015,GOBERNADOR,41306,ESPERANZA ANDRADE DE OSSO|MOVIMIENTO AUTORIDADES INDÍGENAS DE COLOMBIA,202
t2015_GOBERNADOR,2015,GOBERNADOR,41306,GUSTAVO BRIÑEZ VILLA|PARTIDO UNIÓN PATRIÓTICA,90
t2015_GOBERNADOR,2015,GOBERNADOR,41306,RIGOBERTO CICERI ARRIGUI|PARTIDO CENTRO DEMOCRÁTICO,1679
t2015_GOBERNADOR,2015,GOBERNADOR,41306,WILFRAND CUENCA ZULETA|MOVIMIENTO ALTERNATIVO INDÍGENA Y SOCIAL MAIS,67
t2015_GOBERNADOR,2015,GOBERNADOR,41306,__BLANCO__,519
t2015_GOBERNADOR,2015,GOBERNADOR,41306,__NO_MARCADOS__,1017
t2015_GOBERNADOR,2015,GOBERNADOR,41306,__NULOS__,206
t2015_GOBERNADOR,2015,GOBERNADOR,41319,CARLOS JULIO GONZALEZ VILLA|CAMBIO RADICAL - ALIANZA SOCIAL INDEPENDIENTE ASI,4578
t2015_GOBERNADOR,2015,GOBERNADOR,41319,CARLOS RAMIRO CHAVARRO CUELLAR|PARTIDO CONSERVADOR COLOMBIANO - PARTIDO LIBERAL COLOMBIAN,2096
t2015_GOBERNADOR,2015,GOBERNADOR,41319,ESPERANZA ANDRADE DE OSSO|MOVIMIENTO AUTORIDADES INDÍGENAS DE COLOMBIA,293
t2015_GOBERNADOR,2015,GOBERNADOR,41319,GUSTAVO BRIÑEZ VILLA|PARTIDO UNIÓN PATRIÓTICA,32
t2015_GOBERNADOR,2015,GOBERNADOR,41319,RIGOBERTO CICERI ARRIGUI|PARTIDO CENTRO DEMOCRÁTICO,270
t2015_GOBERNADOR,2015,GOBERNADOR,41319,WILFRAND CUENCA ZULETA|MOVIMIENTO ALTERNATIVO INDÍGENA Y SOCIAL MAIS,30
t2015_GOBERNADOR,2015,GOBERNADOR,41319,__BLANCO__,245
t2015_GOBERNADOR,2015,GOBERNADOR,41319,__NO_MARCADOS__,825
t2015_GOBERNADOR,2015,GOBERNADOR,41319,__NULOS__,84
t2015_GOBERNADOR,2015,GOBERNADOR,41349,CARLOS JULIO GONZALEZ VILLA|CAMBIO RADICAL - ALIANZA SOCIAL INDEPENDIENTE ASI,1904
t2015_GOBERNADOR,2015,GOBERNADOR,41349,CARLOS RAMIRO CHAVARRO CUELLAR|PARTIDO CONSERVADOR COLOMBIANO - PARTIDO LIBERAL COLOMBIAN,1076
t2015_GOBERNADOR,2015,GOBERNADOR,41349,ESPERANZA ANDRADE DE OSSO|MOVIMIENTO AUTORIDADES INDÍGENAS DE COLOMBIA,222
t2015_GOBERNADOR,2015,GOBERNADOR,41349,GUSTAVO BRIÑEZ VILLA|PARTIDO UNIÓN PATRIÓTICA,39
t2015_GOBERNADOR,2015,GOBERNADOR,41349,RIGOBERTO CICERI ARRIGUI|PARTIDO CENTRO DEMOCRÁTICO,248
t2015_GOBERNADOR,2015,GOBERNADOR,41349,WILFRAND CUENCA ZULETA|MOVIMIENTO ALTERNATIVO INDÍGENA Y SOCIAL MAIS,17
t2015_GOBERNADOR,2015,GOBERNADOR,41349,__BLANCO__,136
t2015_GOBERNADOR,2015,GOBERNADOR,41349,__NO_MARCADOS__,395
t2015_GOBERNADOR,2015,GOBERNADOR,41349,__NULOS__,35
t2015_GOBERNADOR,2015,GOBERNADOR,41357,CARLOS JULIO GONZALEZ VILLA|CAMBIO RADICAL - ALIANZA SOCIAL INDEPENDIENTE ASI,2460
t2015_GOBERNADOR,2015,GOBERNADOR,41357,CARLOS RAMIRO CHAVARRO CUELLAR|PARTIDO CONSERVADOR COLOMBIANO - PARTIDO LIBERAL COLOMBIAN,1306
t2015_GOBERNADOR,2015,GOBERNADOR,41357,ESPERANZA ANDRADE DE OSSO|MOVIMIENTO AUTORIDADES INDÍGENAS DE COLOMBIA,57
t2015_GOBERNADOR,2015,GOBERNADOR,41357,GUSTAVO BRIÑEZ VILLA|PARTIDO UNIÓN PATRIÓTICA,57
t2015_GOBERNADOR,2015,GOBERNADOR,41357,RIGOBERTO CICERI ARRIGUI|PARTIDO CENTRO DEMOCRÁTICO,301
t2015_GOBERNADOR,2015,GOBERNADOR,41357,WILFRAND CUENCA ZULETA|MOVIMIENTO ALTERNATIVO INDÍGENA Y SOCIAL MAIS,326
t2015_GOBERNADOR,2015,GOBERNADOR,41357,__BLANCO__,91
t2015_GOBERNADOR,2015,GOBERNADOR,41357,__NO_MARCADOS__,313
t2015_GOBERNADOR,2015,GOBERNADOR,41357,__NULOS__,83
t2015_GOBERNADOR,2015,GOBERNADOR,41359,CARLOS JULIO GONZALEZ VILLA|CAMBIO RADICAL - ALIANZA SOCIAL INDEPENDIENTE ASI,5345
t2015_GOBERNADOR,2015,GOBERNADOR,41359,CARLOS RAMIRO CHAVARRO CUELLAR|PARTIDO CONSERVADOR COLOMBIANO - PARTIDO LIBERAL COLOMBIAN,2373
t2015_GOBERNADOR,2015,GOBERNADOR,41359,ESPERANZA ANDRADE DE OSSO|MOVIMIENTO AUTORIDADES INDÍGENAS DE COLOMBIA,554
t2015_GOBERNADOR,2015,GOBERNADOR,41359,GUSTAVO BRIÑEZ VILLA|PARTIDO UNIÓN PATRIÓTICA,133
t2015_GOBERNADOR,2015,GOBERNADOR,41359,RIGOBERTO CICERI ARRIGUI|PARTIDO CENTRO DEMOCRÁTICO,2091
t2015_GOBERNADOR,2015,GOBERNADOR,41359,WILFRAND CUENCA ZULETA|MOVIMIENTO ALTERNATIVO INDÍGENA Y SOCIAL MAIS,74
t2015_GOBERNADOR,2015,GOBERNADOR,41359,__BLANCO__,685
t2015_GOBERNADOR,2015,GOBERNADOR,41359,__NO_MARCADOS__,1647
t2015_GOBERNADOR,2015,GOBERNADOR,41359,__NULOS__,181
t2015_GOBERNADOR,2015,GOBERNADOR,41378,CARLOS JULIO GONZALEZ VILLA|CAMBIO RADICAL - ALIANZA SOCIAL INDEPENDIENTE ASI,2849
t2015_GOBERNADOR,2015,GOBERNADOR,41378,CARLOS RAMIRO CHAVARRO CUELLAR|PARTIDO CONSERVADOR COLOMBIANO - PARTIDO LIBERAL COLOMBIAN,2758
t2015_GOBERNADOR,2015,GOBERNADOR,41378,ESPERANZA ANDRADE DE OSSO|MOVIMIENTO AUTORIDADES INDÍGENAS DE COLOMBIA,226
t2015_GOBERNADOR,2015,GOBERNADOR,41378,GUSTAVO BRIÑEZ VILLA|PARTIDO UNIÓN PATRIÓTICA,42
t2015_GOBERNADOR,2015,GOBERNADOR,41378,RIGOBERTO CICERI ARRIGUI|PARTIDO CENTRO DEMOCRÁTICO,214
t2015_GOBERNADOR,2015,GOBERNADOR,41378,WILFRAND CUENCA ZULETA|MOVIMIENTO ALTERNATIVO INDÍGENA Y SOCIAL MAIS,104
t2015_GOBERNADOR,2015,GOBERNADOR,41378,__BLANCO__,165
t2015_GOBERNADOR,2015,GOBERNADOR,41378,__NO_MARCADOS__,348
t2015_GOBERNADOR,2015,GOBERNADOR,41378,__NULOS__,83
t2015_GOBERNADOR,2015,GOBERNADOR,41396,CARLOS JULIO GONZALEZ VILLA|CAMBIO RADICAL - ALIANZA SOCIAL INDEPENDIENTE ASI,11699
t2015_GOBERNADOR,2015,GOBERNADOR,41396,CARLOS RAMIRO CHAVARRO CUELLAR|PARTIDO CONSERVADOR COLOMBIANO - PARTIDO LIBERAL COLOMBIAN,5761
t2015_GOBERNADOR,2015,GOBERNADOR,41396,ESPERANZA ANDRADE DE OSSO|MOVIMIENTO AUTORIDADES INDÍGENAS DE COLOMBIA,782
t2015_GOBERNADOR,2015,GOBERNADOR,41396,GUSTAVO BRIÑEZ VILLA|PARTIDO UNIÓN PATRIÓTICA,408
t2015_GOBERNADOR,2015,GOBERNADOR,41396,RIGOBERTO CICERI ARRIGUI|PARTIDO CENTRO DEMOCRÁTICO,2180
t2015_GOBERNADOR,2015,GOBERNADOR,41396,WILFRAND CUENCA ZULETA|MOVIMIENTO ALTERNATIVO INDÍGENA Y SOCIAL MAIS,204
t2015_GOBERNADOR,2015,GOBERNADOR,41396,__BLANCO__,838
t2015_GOBERNADOR,2015,GOBERNADOR,41396,__NO_MARCADOS__,2056
t2015_GOBERNADOR,2015,GOBERNADOR,41396,__NULOS__,453
t2015_GOBERNADOR,2015,GOBERNADOR,41483,CARLOS JULIO GONZALEZ VILLA|CAMBIO RADICAL - ALIANZA SOCIAL INDEPENDIENTE ASI,1543
t2015_GOBERNADOR,2015,GOBERNADOR,41483,CARLOS RAMIRO CHAVARRO CUELLAR|PARTIDO CONSERVADOR COLOMBIANO - PARTIDO LIBERAL COLOMBIAN,986
t2015_GOBERNADOR,2015,GOBERNADOR,41483,ESPERANZA ANDRADE DE OSSO|MOVIMIENTO AUTORIDADES INDÍGENAS DE COLOMBIA,219
t2015_GOBERNADOR,2015,GOBERNADOR,41483,GUSTAVO BRIÑEZ VILLA|PARTIDO UNIÓN PATRIÓTICA,8
t2015_GOBERNADOR,2015,GOBERNADOR,41483,RIGOBERTO CICERI ARRIGUI|PARTIDO CENTRO DEMOCRÁTICO,152
t2015_GOBERNADOR,2015,GOBERNADOR,41483,WILFRAND CUENCA ZULETA|MOVIMIENTO ALTERNATIVO INDÍGENA Y SOCIAL MAIS,114
t2015_GOBERNADOR,2015,GOBERNADOR,41483,__BLANCO__,60
t2015_GOBERNADOR,2015,GOBERNADOR,41483,__NO_MARCADOS__,266
t2015_GOBERNADOR,2015,GOBERNADOR,41483,__NULOS__,25
t2015_GOBERNADOR,2015,GOBERNADOR,41503,CARLOS JULIO GONZALEZ VILLA|CAMBIO RADICAL - ALIANZA SOCIAL INDEPENDIENTE ASI,2916
t2015_GOBERNADOR,2015,GOBERNADOR,41503,CARLOS RAMIRO CHAVARRO CUELLAR|PARTIDO CONSERVADOR COLOMBIANO - PARTIDO LIBERAL COLOMBIAN,1619
t2015_GOBERNADOR,2015,GOBERNADOR,41503,ESPERANZA ANDRADE DE OSSO|MOVIMIENTO AUTORIDADES INDÍGENAS DE COLOMBIA,375
t2015_GOBERNADOR,2015,GOBERNADOR,41503,GUSTAVO BRIÑEZ VILLA|PARTIDO UNIÓN PATRIÓTICA,13
t2015_GOBERNADOR,2015,GOBERNADOR,41503,RIGOBERTO CICERI ARRIGUI|PARTIDO CENTRO DEMOCRÁTICO,119
t2015_GOBERNADOR,2015,GOBERNADOR,41503,WILFRAND CUENCA ZULETA|MOVIMIENTO ALTERNATIVO INDÍGENA Y SOCIAL MAIS,43
t2015_GOBERNADOR,2015,GOBERNADOR,41503,__BLANCO__,136
t2015_GOBERNADOR,2015,GOBERNADOR,41503,__NO_MARCADOS__,343
t2015_GOBERNADOR,2015,GOBERNADOR,41503,__NULOS__,80
t2015_GOBERNADOR,2015,GOBERNADOR,41518,CARLOS JULIO GONZALEZ VILLA|CAMBIO RADICAL - ALIANZA SOCIAL INDEPENDIENTE ASI,1482
t2015_GOBERNADOR,2015,GOBERNADOR,41518,CARLOS RAMIRO CHAVARRO CUELLAR|PARTIDO CONSERVADOR COLOMBIANO - PARTIDO LIBERAL COLOMBIAN,1312
t2015_GOBERNADOR,2015,GOBERNADOR,41518,ESPERANZA ANDRADE DE OSSO|MOVIMIENTO AUTORIDADES INDÍGENAS DE COLOMBIA,444
t2015_GOBERNADOR,2015,GOBERNADOR,41518,GUSTAVO BRIÑEZ VILLA|PARTIDO UNIÓN PATRIÓTICA,16
t2015_GOBERNADOR,2015,GOBERNADOR,41518,RIGOBERTO CICERI ARRIGUI|PARTIDO CENTRO DEMOCRÁTICO,209
t2015_GOBERNADOR,2015,GOBERNADOR,41518,WILFRAND CUENCA ZULETA|MOVIMIENTO ALTERNATIVO INDÍGENA Y SOCIAL MAIS,11
t2015_GOBERNADOR,2015,GOBERNADOR,41518,__BLANCO__,74
t2015_GOBERNADOR,2015,GOBERNADOR,41518,__NO_MARCADOS__,185
t2015_GOBERNADOR,2015,GOBERNADOR,41518,__NULOS__,25
t2015_GOBERNADOR,2015,GOBERNADOR,41524,CARLOS JULIO GONZALEZ VILLA|CAMBIO RADICAL - ALIANZA SOCIAL INDEPENDIENTE ASI,5766
t2015_GOBERNADOR,2015,GOBERNADOR,41524,CARLOS RAMIRO CHAVARRO CUELLAR|PARTIDO CONSERVADOR COLOMBIANO - PARTIDO LIBERAL COLOMBIAN,4047
t2015_GOBERNADOR,2015,GOBERNADOR,41524,ESPERANZA ANDRADE DE OSSO|MOVIMIENTO AUTORIDADES INDÍGENAS DE COLOMBIA,788
t2015_GOBERNADOR,2015,GOBERNADOR,41524,GUSTAVO BRIÑEZ VILLA|PARTIDO UNIÓN PATRIÓTICA,162
t2015_GOBERNADOR,2015,GOBERNADOR,41524,RIGOBERTO CICERI ARRIGUI|PARTIDO CENTRO DEMOCRÁTICO,1461
t2015_GOBERNADOR,2015,GOBERNADOR,41524,WILFRAND CUENCA ZULETA|MOVIMIENTO ALTERNATIVO INDÍGENA Y SOCIAL MAIS,85
t2015_GOBERNADOR,2015,GOBERNADOR,41524,__BLANCO__,626
t2015_GOBERNADOR,2015,GOBERNADOR,41524,__NO_MARCADOS__,1209
t2015_GOBERNADOR,2015,GOBERNADOR,41524,__NULOS__,269
t2015_GOBERNADOR,2015,GOBERNADOR,41530,CARLOS JULIO GONZALEZ VILLA|CAMBIO RADICAL - ALIANZA SOCIAL INDEPENDIENTE ASI,2751
t2015_GOBERNADOR,2015,GOBERNADOR,41530,CARLOS RAMIRO CHAVARRO CUELLAR|PARTIDO CONSERVADOR COLOMBIANO - PARTIDO LIBERAL COLOMBIAN,1418
t2015_GOBERNADOR,2015,GOBERNADOR,41530,ESPERANZA ANDRADE DE OSSO|MOVIMIENTO AUTORIDADES INDÍGENAS DE COLOMBIA,457
t2015_GOBERNADOR,2015,GOBERNADOR,41530,GUSTAVO BRIÑEZ VILLA|PARTIDO UNIÓN PATRIÓTICA,40
t2015_GOBERNADOR,2015,GOBERNADOR,41530,RIGOBERTO CICERI ARRIGUI|PARTIDO CENTRO DEMOCRÁTICO,444
t2015_GOBERNADOR,2015,GOBERNADOR,41530,WILFRAND CUENCA ZULETA|MOVIMIENTO ALTERNATIVO INDÍGENA Y SOCIAL MAIS,15
t2015_GOBERNADOR,2015,GOBERNADOR,41530,__BLANCO__,230
t2015_GOBERNADOR,2015,GOBERNADOR,41530,__NO_MARCADOS__,580
t2015_GOBERNADOR,2015,GOBERNADOR,41530,__NULOS__,64
t2015_GOBERNADOR,2015,GOBERNADOR,41548,CARLOS JULIO GONZALEZ VILLA|CAMBIO RADICAL - ALIANZA SOCIAL INDEPENDIENTE ASI,3393
t2015_GOBERNADOR,2015,GOBERNADOR,41548,CARLOS RAMIRO CHAVARRO CUELLAR|PARTIDO CONSERVADOR COLOMBIANO - PARTIDO LIBERAL COLOMBIAN,2107
t2015_GOBERNADOR,2015,GOBERNADOR,41548,ESPERANZA ANDRADE DE OSSO|MOVIMIENTO AUTORIDADES INDÍGENAS DE COLOMBIA,137
t2015_GOBERNADOR,2015,GOBERNADOR,41548,GUSTAVO BRIÑEZ VILLA|PARTIDO UNIÓN PATRIÓTICA,37
t2015_GOBERNADOR,2015,GOBERNADOR,41548,RIGOBERTO CICERI ARRIGUI|PARTIDO CENTRO DEMOCRÁTICO,138
t2015_GOBERNADOR,2015,GOBERNADOR,41548,WILFRAND CUENCA ZULETA|MOVIMIENTO ALTERNATIVO INDÍGENA Y SOCIAL MAIS,39
t2015_GOBERNADOR,2015,GOBERNADOR,41548,__BLANCO__,140
t2015_GOBERNADOR,2015,GOBERNADOR,41548,__NO_MARCADOS__,309
t2015_GOBERNADOR,2015,GOBERNADOR,41548,__NULOS__,51
t2015_GOBERNADOR,2015,GOBERNADOR,41551,CARLOS JULIO GONZALEZ VILLA|CAMBIO RADICAL - ALIANZA SOCIAL INDEPENDIENTE ASI,22778
t2015_GOBERNADOR,2015,GOBERNADOR,41551,CARLOS RAMIRO CHAVARRO CUELLAR|PARTIDO CONSERVADOR COLOMBIANO - PARTIDO LIBERAL COLOMBIAN,10775
t2015_GOBERNADOR,2015,GOBERNADOR,41551,ESPERANZA ANDRADE DE OSSO|MOVIMIENTO AUTORIDADES INDÍGENAS DE COLOMBIA,3437
t2015_GOBERNADOR,2015,GOBERNADOR,41551,GUSTAVO BRIÑEZ VILLA|PARTIDO UNIÓN PATRIÓTICA,503
t2015_GOBERNADOR,2015,GOBERNADOR,41551,RIGOBERTO CICERI ARRIGUI|PARTIDO CENTRO DEMOCRÁTICO,5061
t2015_GOBERNADOR,2015,GOBERNADOR,41551,WILFRAND CUENCA ZULETA|MOVIMIENTO ALTERNATIVO INDÍGENA Y SOCIAL MAIS,292
t2015_GOBERNADOR,2015,GOBERNADOR,41551,__BLANCO__,3459
t2015_GOBERNADOR,2015,GOBERNADOR,41551,__NO_MARCADOS__,4797
t2015_GOBERNADOR,2015,GOBERNADOR,41551,__NULOS__,1116
t2015_GOBERNADOR,2015,GOBERNADOR,41615,CARLOS JULIO GONZALEZ VILLA|CAMBIO RADICAL - ALIANZA SOCIAL INDEPENDIENTE ASI,4406
t2015_GOBERNADOR,2015,GOBERNADOR,41615,CARLOS RAMIRO CHAVARRO CUELLAR|PARTIDO CONSERVADOR COLOMBIANO - PARTIDO LIBERAL COLOMBIAN,3622
t2015_GOBERNADOR,2015,GOBERNADOR,41615,ESPERANZA ANDRADE DE OSSO|MOVIMIENTO AUTORIDADES INDÍGENAS DE COLOMBIA,476
t2015_GOBERNADOR,2015,GOBERNADOR,41615,GUSTAVO BRIÑEZ VILLA|PARTIDO UNIÓN PATRIÓTICA,177
t2015_GOBERNADOR,2015,GOBERNADOR,41615,RIGOBERTO CICERI ARRIGUI|PARTIDO CENTRO DEMOCRÁTICO,887
t2015_GOBERNADOR,2015,GOBERNADOR,41615,WILFRAND CUENCA ZULETA|MOVIMIENTO ALTERNATIVO INDÍGENA Y SOCIAL MAIS,33
t2015_GOBERNADOR,2015,GOBERNADOR,41615,__BLANCO__,512
t2015_GOBERNADOR,2015,GOBERNADOR,41615,__NO_MARCADOS__,850
t2015_GOBERNADOR,2015,GOBERNADOR,41615,__NULOS__,183
t2015_GOBERNADOR,2015,GOBERNADOR,41660,CARLOS JULIO GONZALEZ VILLA|CAMBIO RADICAL - ALIANZA SOCIAL INDEPENDIENTE ASI,1036
t2015_GOBERNADOR,2015,GOBERNADOR,41660,CARLOS RAMIRO CHAVARRO CUELLAR|PARTIDO CONSERVADOR COLOMBIANO - PARTIDO LIBERAL COLOMBIAN,302
t2015_GOBERNADOR,2015,GOBERNADOR,41660,ESPERANZA ANDRADE DE OSSO|MOVIMIENTO AUTORIDADES INDÍGENAS DE COLOMBIA,17
t2015_GOBERNADOR,2015,GOBERNADOR,41660,GUSTAVO BRIÑEZ VILLA|PARTIDO UNIÓN PATRIÓTICA,2
t2015_GOBERNADOR,2015,GOBERNADOR,41660,RIGOBERTO CICERI ARRIGUI|PARTIDO CENTRO DEMOCRÁTICO,20
t2015_GOBERNADOR,2015,GOBERNADOR,41660,__BLANCO__,12
t2015_GOBERNADOR,2015,GOBERNADOR,41660,__NO_MARCADOS__,56
t2015_GOBERNADOR,2015,GOBERNADOR,41660,__NULOS__,19
t2015_GOBERNADOR,2015,GOBERNADOR,41668,CARLOS JULIO GONZALEZ VILLA|CAMBIO RADICAL - ALIANZA SOCIAL INDEPENDIENTE ASI,7417
t2015_GOBERNADOR,2015,GOBERNADOR,41668,CARLOS RAMIRO CHAVARRO CUELLAR|PARTIDO CONSERVADOR COLOMBIANO - PARTIDO LIBERAL COLOMBIAN,2453
t2015_GOBERNADOR,2015,GOBERNADOR,41668,ESPERANZA ANDRADE DE OSSO|MOVIMIENTO AUTORIDADES INDÍGENAS DE COLOMBIA,1100
t2015_GOBERNADOR,2015,GOBERNADOR,41668,GUSTAVO BRIÑEZ VILLA|PARTIDO UNIÓN PATRIÓTICA,206
t2015_GOBERNADOR,2015,GOBERNADOR,41668,RIGOBERTO CICERI ARRIGUI|PARTIDO CENTRO DEMOCRÁTICO,529
t2015_GOBERNADOR,2015,GOBERNADOR,41668,WILFRAND CUENCA ZULETA|MOVIMIENTO ALTERNATIVO INDÍGENA Y SOCIAL MAIS,122
t2015_GOBERNADOR,2015,GOBERNADOR,41668,__BLANCO__,862
t2015_GOBERNADOR,2015,GOBERNADOR,41668,__NO_MARCADOS__,2183
t2015_GOBERNADOR,2015,GOBERNADOR,41668,__NULOS__,338
t2015_GOBERNADOR,2015,GOBERNADOR,41676,CARLOS JULIO GONZALEZ VILLA|CAMBIO RADICAL - ALIANZA SOCIAL INDEPENDIENTE ASI,1575
t2015_GOBERNADOR,2015,GOBERNADOR,41676,CARLOS RAMIRO CHAVARRO CUELLAR|PARTIDO CONSERVADOR COLOMBIANO - PARTIDO LIBERAL COLOMBIAN,1565
t2015_GOBERNADOR,2015,GOBERNADOR,41676,ESPERANZA ANDRADE DE OSSO|MOVIMIENTO AUTORIDADES INDÍGENAS DE COLOMBIA,501
t2015_GOBERNADOR,2015,GOBERNADOR,41676,GUSTAVO BRIÑEZ VILLA|PARTIDO UNIÓN PATRIÓTICA,39
t2015_GOBERNADOR,2015,GOBERNADOR,41676,RIGOBERTO CICERI ARRIGUI|PARTIDO CENTRO DEMOCRÁTICO,1131
t2015_GOBERNADOR,2015,GOBERNADOR,41676,WILFRAND CUENCA ZULETA|MOVIMIENTO ALTERNATIVO INDÍGENA Y SOCIAL MAIS,13
t2015_GOBERNADOR,2015,GOBERNADOR,41676,__BLANCO__,143
t2015_GOBERNADOR,2015,GOBERNADOR,41676,__NO_MARCADOS__,437
t2015_GOBERNADOR,2015,GOBERNADOR,41676,__NULOS__,67
t2015_GOBERNADOR,2015,GOBERNADOR,41770,CARLOS JULIO GONZALEZ VILLA|CAMBIO RADICAL - ALIANZA SOCIAL INDEPENDIENTE ASI,3826
t2015_GOBERNADOR,2015,GOBERNADOR,41770,CARLOS RAMIRO CHAVARRO CUELLAR|PARTIDO CONSERVADOR COLOMBIANO - PARTIDO LIBERAL COLOMBIAN,3409
t2015_GOBERNADOR,2015,GOBERNADOR,41770,ESPERANZA ANDRADE DE OSSO|MOVIMIENTO AUTORIDADES INDÍGENAS DE COLOMBIA,105
t2015_GOBERNADOR,2015,GOBERNADOR,41770,GUSTAVO BRIÑEZ VILLA|PARTIDO UNIÓN PATRIÓTICA,38
t2015_GOBERNADOR,2015,GOBERNADOR,41770,RIGOBERTO CICERI ARRIGUI|PARTIDO CENTRO DEMOCRÁTICO,183
t2015_GOBERNADOR,2015,GOBERNADOR,41770,WILFRAND CUENCA ZULETA|MOVIMIENTO ALTERNATIVO INDÍGENA Y SOCIAL MAIS,16
t2015_GOBERNADOR,2015,GOBERNADOR,41770,__BLANCO__,170
t2015_GOBERNADOR,2015,GOBERNADOR,41770,__NO_MARCADOS__,779
t2015_GOBERNADOR,2015,GOBERNADOR,41770,__NULOS__,95
t2015_GOBERNADOR,2015,GOBERNADOR,41791,CARLOS JULIO GONZALEZ VILLA|CAMBIO RADICAL - ALIANZA SOCIAL INDEPENDIENTE ASI,3935
t2015_GOBERNADOR,2015,GOBERNADOR,41791,CARLOS RAMIRO CHAVARRO CUELLAR|PARTIDO CONSERVADOR COLOMBIANO - PARTIDO LIBERAL COLOMBIAN,3632
t2015_GOBERNADOR,2015,GOBERNADOR,41791,ESPERANZA ANDRADE DE OSSO|MOVIMIENTO AUTORIDADES INDÍGENAS DE COLOMBIA,269
t2015_GOBERNADOR,2015,GOBERNADOR,41791,GUSTAVO BRIÑEZ VILLA|PARTIDO UNIÓN PATRIÓTICA,21
t2015_GOBERNADOR,2015,GOBERNADOR,41791,RIGOBERTO CICERI ARRIGUI|PARTIDO CENTRO DEMOCRÁTICO,203
t2015_GOBERNADOR,2015,GOBERNADOR,41791,WILFRAND CUENCA ZULETA|MOVIMIENTO ALTERNATIVO INDÍGENA Y SOCIAL MAIS,19
t2015_GOBERNADOR,2015,GOBERNADOR,41791,__BLANCO__,221
t2015_GOBERNADOR,2015,GOBERNADOR,41791,__NO_MARCADOS__,392
t2015_GOBERNADOR,2015,GOBERNADOR,41791,__NULOS__,74
t2015_GOBERNADOR,2015,GOBERNADOR,41797,CARLOS JULIO GONZALEZ VILLA|CAMBIO RADICAL - ALIANZA SOCIAL INDEPENDIENTE ASI,2361
t2015_GOBERNADOR,2015,GOBERNADOR,41797,CARLOS RAMIRO CHAVARRO CUELLAR|PARTIDO CONSERVADOR COLOMBIANO - PARTIDO LIBERAL COLOMBIAN,1654
t2015_GOBERNADOR,2015,GOBERNADOR,41797,ESPERANZA ANDRADE DE OSSO|MOVIMIENTO AUTORIDADES INDÍGENAS DE COLOMBIA,381
t2015_GOBERNADOR,2015,GOBERNADOR,41797,GUSTAVO BRIÑEZ VILLA|PARTIDO UNIÓN PATRIÓTICA,49
t2015_GOBERNADOR,2015,GOBERNADOR,41797,RIGOBERTO CICERI ARRIGUI|PARTIDO CENTRO DEMOCRÁTICO,518
t2015_GOBERNADOR,2015,GOBERNADOR,41797,WILFRAND CUENCA ZULETA|MOVIMIENTO ALTERNATIVO INDÍGENA Y SOCIAL MAIS,58
t2015_GOBERNADOR,2015,GOBERNADOR,41797,__BLANCO__,183
t2015_GOBERNADOR,2015,GOBERNADOR,41797,__NO_MARCADOS__,321
t2015_GOBERNADOR,2015,GOBERNADOR,41797,__NULOS__,93
t2015_GOBERNADOR,2015,GOBERNADOR,41799,CARLOS JULIO GONZALEZ VILLA|CAMBIO RADICAL - ALIANZA SOCIAL INDEPENDIENTE ASI,3060
t2015_GOBERNADOR,2015,GOBERNADOR,41799,CARLOS RAMIRO CHAVARRO CUELLAR|PARTIDO CONSERVADOR COLOMBIANO - PARTIDO LIBERAL COLOMBIAN,3075
t2015_GOBERNADOR,2015,GOBERNADOR,41799,ESPERANZA ANDRADE DE OSSO|MOVIMIENTO AUTORIDADES INDÍGENAS DE COLOMBIA,96
t2015_GOBERNADOR,2015,GOBERNADOR,41799,GUSTAVO BRIÑEZ VILLA|PARTIDO UNIÓN PATRIÓTICA,62
t2015_GOBERNADOR,2015,GOBERNADOR,41799,RIGOBERTO CICERI ARRIGUI|PARTIDO CENTRO DEMOCRÁTICO,283
t2015_GOBERNADOR,2015,GOBERNADOR,41799,WILFRAND CUENCA ZULETA|MOVIMIENTO ALTERNATIVO INDÍGENA Y SOCIAL MAIS,40
t2015_GOBERNADOR,2015,GOBERNADOR,41799,__BLANCO__,146
t2015_GOBERNADOR,2015,GOBERNADOR,41799,__NO_MARCADOS__,501
t2015_GOBERNADOR,2015,GOBERNADOR,41799,__NULOS__,104
t2015_GOBERNADOR,2015,GOBERNADOR,41801,CARLOS JULIO GONZALEZ VILLA|CAMBIO RADICAL - ALIANZA SOCIAL INDEPENDIENTE ASI,1649
t2015_GOBERNADOR,2015,GOBERNADOR,41801,CARLOS RAMIRO CHAVARRO CUELLAR|PARTIDO CONSERVADOR COLOMBIANO - PARTIDO LIBERAL COLOMBIAN,1749
t2015_GOBERNADOR,2015,GOBERNADOR,41801,ESPERANZA ANDRADE DE OSSO|MOVIMIENTO AUTORIDADES INDÍGENAS DE COLOMBIA,418
t2015_GOBERNADOR,2015,GOBERNADOR,41801,GUSTAVO BRIÑEZ VILLA|PARTIDO UNIÓN PATRIÓTICA,21
t2015_GOBERNADOR,2015,GOBERNADOR,41801,RIGOBERTO CICERI ARRIGUI|PARTIDO CENTRO DEMOCRÁTICO,540
t2015_GOBERNADOR,2015,GOBERNADOR,41801,WILFRAND CUENCA ZULETA|MOVIMIENTO ALTERNATIVO INDÍGENA Y SOCIAL MAIS,13
t2015_GOBERNADOR,2015,GOBERNADOR,41801,__BLANCO__,101
t2015_GOBERNADOR,2015,GOBERNADOR,41801,__NO_MARCADOS__,260
t2015_GOBERNADOR,2015,GOBERNADOR,41801,__NULOS__,40
t2015_GOBERNADOR,2015,GOBERNADOR,41807,CARLOS JULIO GONZALEZ VILLA|CAMBIO RADICAL - ALIANZA SOCIAL INDEPENDIENTE ASI,4533
t2015_GOBERNADOR,2015,GOBERNADOR,41807,CARLOS RAMIRO CHAVARRO CUELLAR|PARTIDO CONSERVADOR COLOMBIANO - PARTIDO LIBERAL COLOMBIAN,2450
t2015_GOBERNADOR,2015,GOBERNADOR,41807,ESPERANZA ANDRADE DE OSSO|MOVIMIENTO AUTORIDADES INDÍGENAS DE COLOMBIA,343
t2015_GOBERNADOR,2015,GOBERNADOR,41807,GUSTAVO BRIÑEZ VILLA|PARTIDO UNIÓN PATRIÓTICA,82
t2015_GOBERNADOR,2015,GOBERNADOR,41807,RIGOBERTO CICERI ARRIGUI|PARTIDO CENTRO DEMOCRÁTICO,687
t2015_GOBERNADOR,2015,GOBERNADOR,41807,WILFRAND CUENCA ZULETA|MOVIMIENTO ALTERNATIVO INDÍGENA Y SOCIAL MAIS,69
t2015_GOBERNADOR,2015,GOBERNADOR,41807,__BLANCO__,532
t2015_GOBERNADOR,2015,GOBERNADOR,41807,__NO_MARCADOS__,1297
t2015_GOBERNADOR,2015,GOBERNADOR,41807,__NULOS__,160
t2015_GOBERNADOR,2015,GOBERNADOR,41872,CARLOS JULIO GONZALEZ VILLA|CAMBIO RADICAL - ALIANZA SOCIAL INDEPENDIENTE ASI,2606
t2015_GOBERNADOR,2015,GOBERNADOR,41872,CARLOS RAMIRO CHAVARRO CUELLAR|PARTIDO CONSERVADOR COLOMBIANO - PARTIDO LIBERAL COLOMBIAN,1231
t2015_GOBERNADOR,2015,GOBERNADOR,41872,ESPERANZA ANDRADE DE OSSO|MOVIMIENTO AUTORIDADES INDÍGENAS DE COLOMBIA,210
t2015_GOBERNADOR,2015,GOBERNADOR,41872,GUSTAVO BRIÑEZ VILLA|PARTIDO UNIÓN PATRIÓTICA,36
t2015_GOBERNADOR,2015,GOBERNADOR,41872,RIGOBERTO CICERI ARRIGUI|PARTIDO CENTRO DEMOCRÁTICO,133
t2015_GOBERNADOR,2015,GOBERNADOR,41872,WILFRAND CUENCA ZULETA|MOVIMIENTO ALTERNATIVO INDÍGENA Y SOCIAL MAIS,15
t2015_GOBERNADOR,2015,GOBERNADOR,41872,__BLANCO__,222
t2015_GOBERNADOR,2015,GOBERNADOR,41872,__NO_MARCADOS__,513
t2015_GOBERNADOR,2015,GOBERNADOR,41872,__NULOS__,70
t2015_GOBERNADOR,2015,GOBERNADOR,41885,CARLOS JULIO GONZALEZ VILLA|CAMBIO RADICAL - ALIANZA SOCIAL INDEPENDIENTE ASI,2137
t2015_GOBERNADOR,2015,GOBERNADOR,41885,CARLOS RAMIRO CHAVARRO CUELLAR|PARTIDO CONSERVADOR COLOMBIANO - PARTIDO LIBERAL COLOMBIAN,1618
t2015_GOBERNADOR,2015,GOBERNADOR,41885,ESPERANZA ANDRADE DE OSSO|MOVIMIENTO AUTORIDADES INDÍGENAS DE COLOMBIA,203
t2015_GOBERNADOR,2015,GOBERNADOR,41885,GUSTAVO BRIÑEZ VILLA|PARTIDO UNIÓN PATRIÓTICA,37
t2015_GOBERNADOR,2015,GOBERNADOR,41885,RIGOBERTO CICERI ARRIGUI|PARTIDO CENTRO DEMOCRÁTICO,694
t2015_GOBERNADOR,2015,GOBERNADOR,41885,WILFRAND CUENCA ZULETA|MOVIMIENTO ALTERNATIVO INDÍGENA Y SOCIAL MAIS,6
t2015_GOBERNADOR,2015,GOBERNADOR,41885,__BLANCO__,214
t2015_GOBERNADOR,2015,GOBERNADOR,41885,__NO_MARCADOS__,335
t2015_GOBERNADOR,2015,GOBERNADOR,41885,__NULOS__,100
t2019_ALCALDE,2019,ALCALDE,41001,ALEXANDER SANCHEZ HERNANDEZ|PARTIDO COLOMBIA JUSTA LIBRES,2941
t2019_ALCALDE,2019,ALCALDE,41001,ANDRES MAURICIO MUÑOZ LEGUIZAMO|UNIDOS POR NEIVA,2181
t2019_ALCALDE,2019,ALCALDE,41001,CIELO ORTIZ SERRATO|PARTIDO CENTRO DEMOCRATICO,18678
t2019_ALCALDE,2019,ALCALDE,41001,DILBERTO TRUJILLO DUSSAN|TODOS DEL MISMO LADO,11872
t2019_ALCALDE,2019,ALCALDE,41001,GERMAN CASAGUA BONILLA|ACCIONES POR NEIVA,39974
t2019_ALCALDE,2019,ALCALDE,41001,GORKY MUÑOZ CALDERON|POR NEIVA,63231
t2019_ALCALDE,2019,ALCALDE,41001,JOSE FERNEY DUCUARA CASTRO|PARTIDO CONSERVADOR COLOMBIANO,6279
t2019_ALCALDE,2019,ALCALDE,41001,RAUL RIVERA CORTES|MOVIMIENTO ALTERNATIVO INDIGENA Y SOCIAL MAIS,1236
t2019_ALCALDE,2019,ALCALDE,41001,__BLANCO__,13806
t2019_ALCALDE,2019,ALCALDE,41001,__NO_MARCADOS__,4930
t2019_ALCALDE,2019,ALCALDE,41001,__NULOS__,4342
t2019_ALCALDE,2019,ALCALDE,41006,EDGAR PRADA STERLING|MOVIMIENTO ALTERNATIVO INDIGENA Y SOCIAL MAIS,3352
t2019_ALCALDE,2019,ALCALDE,41006,GENTIL TAPIERO BUITRAGO|SIGAMOS AVANZADO Y UNIDOS POR ACEVEDO,5264
t2019_ALCALDE,2019,ALCALDE,41006,HILARIA TRIANA OTALORA|MOVIMIENTO AUTORIDADES INDIGENAS DE COLOMBIA Y PARTIDO LIBERAL,3316
t2019_ALCALDE,2019,ALCALDE,41006,NACIANCENO ORTIZ MONROY|PARTIDO CONSERVADOR COLOMBIANO - ALIANZA VERDE,762
t2019_ALCALDE,2019,ALCALDE,41006,ROGERT TORO MUÑOZ|PARTIDO CENTRO DEMOCRATICO,713
t2019_ALCALDE,2019,ALCALDE,41006,__BLANCO__,130
t2019_ALCALDE,2019,ALCALDE,41006,__NO_MARCADOS__,134
t2019_ALCALDE,2019,ALCALDE,41006,__NULOS__,160
t2019_ALCALDE,2019,ALCALDE,41013,CARLOS ALBERTO MURCIA MENDEZ|PARTIDO CONSERVADOR COLOMBIANO,2740
t2019_ALCALDE,2019,ALCALDE,41013,EDSON JOHAN SANCHEZ ESPAÑA|JUNTOS CRECEMOS,2579
t2019_ALCALDE,2019,ALCALDE,41013,JAIRO EPIFANIO SUAREZ LOSADA|PARTIDO CENTRO DEMOCRATICO,355
t2019_ALCALDE,2019,ALCALDE,41013,ROBERTO RODRIGUEZ SILVA|PARTIDO COLOMBIA RENACIENTE,49
t2019_ALCALDE,2019,ALCALDE,41013,__BLANCO__,42
t2019_ALCALDE,2019,ALCALDE,41013,__NO_MARCADOS__,44
t2019_ALCALDE,2019,ALCALDE,41013,__NULOS__,29
t2019_ALCALDE,2019,ALCALDE,41016,ANGEL ROA CELIS|PARTIDO LIBERAL COLOMBIANO,10
t2019_ALCALDE,2019,ALCALDE,41016,LUIS ANGEL RAMIREZ VARGAS|PARTIDO CAMBIO RADICAL,3715
t2019_ALCALDE,2019,ALCALDE,41016,LUIS FELIPE CELIS TOVAR|AIPE ALTERNATIVO,115
t2019_ALCALDE,2019,ALCALDE,41016,MARIA ANGELICA GUTIERREZ BONILLA|PARTIDO CONSERVADOR COLOMBIANO,2466
t2019_ALCALDE,2019,ALCALDE,41016,OCTAVIO CONDE LASSO|PARTIDO SOCIAL DE UNIDAD NACIONAL  PARTIDO DE LA U,4786
t2019_ALCALDE,2019,ALCALDE,41016,__BLANCO__,121
t2019_ALCALDE,2019,ALCALDE,41016,__NO_MARCADOS__,97
t2019_ALCALDE,2019,ALCALDE,41016,__NULOS__,82
t2019_ALCALDE,2019,ALCALDE,41020,ALEXANDER MARTINEZ BALLESTEROS|PARTIDO LIBERAL COLOMBIANO,4100
t2019_ALCALDE,2019,ALCALDE,41020,LIBARDO PINTO LISCANO|ALCALDIA ALGECIRAS HUILA,7172
t2019_ALCALDE,2019,ALCALDE,41020,OMAR JAVIER CAMERO MURCIA|MOVIMIENTO ALTERNATIVO INDIGENA Y SOCIAL MAIS,56
t2019_ALCALDE,2019,ALCALDE,41020,__BLANCO__,72
t2019_ALCALDE,2019,ALCALDE,41020,__NO_MARCADOS__,185
t2019_ALCALDE,2019,ALCALDE,41020,__NULOS__,110
t2019_ALCALDE,2019,ALCALDE,41026,ALFONSO LIZCANO MENDEZ|LIBERALES CON LA U,1044
t2019_ALCALDE,2019,ALCALDE,41026,EFRAIN CALDERON LONDOÑO|COALICION PARTIDO CONSERVADOR - CAMBIO RADICAL - ALIANZA VERDE,1266
t2019_ALCALDE,2019,ALCALDE,41026,FRANCISCO JAVIER NARVAEZ CANO|PARTIDO ALIANZA SOCIAL INDEPENDIENTE ASI,199
t2019_ALCALDE,2019,ALCALDE,41026,JORGE ALBINO SANCHEZ|PARTIDO CENTRO DEMOCRATICO,18
t2019_ALCALDE,2019,ALCALDE,41026,__BLANCO__,27
t2019_ALCALDE,2019,ALCALDE,41026,__NO_MARCADOS__,17
t2019_ALCALDE,2019,ALCALDE,41026,__NULOS__,15
t2019_ALCALDE,2019,ALCALDE,41078,ALEXANDER HERRERA ORTIZ|PARTIDO COLOMBIA JUSTA LIBRES,86
t2019_ALCALDE,2019,ALCALDE,41078,ENRIQUE HERRERA LUCUARA|PARTIDO CONSERVADOR COLOMBIANO,539
t2019_ALCALDE,2019,ALCALDE,41078,HECTOR IVAN VILLANEDA MENDEZ|PARTIDO ALIANZA VERDE,980
t2019_ALCALDE,2019,ALCALDE,41078,JOAQUIN EMILIO VARGAS RAMIREZ|PARTIDO ALIANZA SOCIAL INDEPENDIENTE ASI,104
t2019_ALCALDE,2019,ALCALDE,41078,LUZ MARINA CARDOSO HERRERA|MOVIMIENTO ALTERNATIVO INDIGENA Y SOCIAL MAIS,1
t2019_ALCALDE,2019,ALCALDE,41078,MILTON EDUARDO PINEDA MORALES|PARTIDO CAMBIO RADICAL,1408
t2019_ALCALDE,2019,ALCALDE,41078,SANDRO GEIRLER ALVARADO SERRATO|PARTIDO LIBERAL COLOMBIANO,1032
t2019_ALCALDE,2019,ALCALDE,41078,__BLANCO__,39
t2019_ALCALDE,2019,ALCALDE,41078,__NO_MARCADOS__,51
t2019_ALCALDE,2019,ALCALDE,41078,__NULOS__,44
t2019_ALCALDE,2019,ALCALDE,41132,ALVARO PEREZ CASTRO|PARTIDO CENTRO DEMOCRATICO,378
t2019_ALCALDE,2019,ALCALDE,41132,ARTURO CULMA MEDINA|PARTIDO CAMBIO RADICAL,1146
t2019_ALCALDE,2019,ALCALDE,41132,ELIZABETH MOTTA ALVAREZ|RECUPEREMOS CAMPOALEGRE,6406
t2019_ALCALDE,2019,ALCALDE,41132,FRANK YULL FIERRO MAYORGA|RENOVACION,5672
t2019_ALCALDE,2019,ALCALDE,41132,LIBARDO CARVAJAL OLAYA|PARTIDO CONSERVADOR COLOMBIANO,1296
t2019_ALCALDE,2019,ALCALDE,41132,NEYLA TRIVIÑO ROJAS|COALICION ALCALDIA DE CAMPOALEGRE,1352
t2019_ALCALDE,2019,ALCALDE,41132,__BLANCO__,340
t2019_ALCALDE,2019,ALCALDE,41132,__NO_MARCADOS__,240
t2019_ALCALDE,2019,ALCALDE,41132,__NULOS__,309
t2019_ALCALDE,2019,ALCALDE,41206,ARBEY VARGAS MANGUERA|PARTIDO LIBERAL COLOMBIANO,1606
t2019_ALCALDE,2019,ALCALDE,41206,ISAURO LOZANO DIAZ|UNIDOS POR TI COLOMBIA,3118
t2019_ALCALDE,2019,ALCALDE,41206,__BLANCO__,44
t2019_ALCALDE,2019,ALCALDE,41206,__NO_MARCADOS__,43
t2019_ALCALDE,2019,ALCALDE,41206,__NULOS__,24
t2019_ALCALDE,2019,ALCALDE,41244,JORGE ENRIQUE PARRA BERMEO|PARTIDO CENTRO DEMOCRATICO,858
t2019_ALCALDE,2019,ALCALDE,41244,JUAN CARLOS LOSADA MENDIETA|PARTIDO ALIANZA VERDE,963
t2019_ALCALDE,2019,ALCALDE,41244,MARCO ANTONIO VARGAS SALAS|PARTIDO CONSERVADOR COLOMBIANO,743
t2019_ALCALDE,2019,ALCALDE,41244,__BLANCO__,23
t2019_ALCALDE,2019,ALCALDE,41244,__NO_MARCADOS__,21
t2019_ALCALDE,2019,ALCALDE,41244,__NULOS__,8
t2019_ALCALDE,2019,ALCALDE,41298,DELIO GONZALEZ CARVAJAL|PARTIDO SOCIAL DE UNIDAD NACIONAL  PARTIDO DE LA U,1775
t2019_ALCALDE,2019,ALCALDE,41298,FRANCISCO ENRIQUE CALDERON FERIZ|PARTIDO ALIANZA VERDE,9178
t2019_ALCALDE,2019,ALCALDE,41298,JOSE GABRIEL CALDERON ESPAÑA|PARTIDO ADA,79
t2019_ALCALDE,2019,ALCALDE,41298,LEONARDO VALENZUELA RAMIREZ|PARTIDO CENTRO DEMOCRATICO,14095
t2019_ALCALDE,2019,ALCALDE,41298,ORLANDO SIERRA CHAVARRO|MOVIMIENTO ALTERNATIVO INDIGENA Y SOCIAL MAIS,279
t2019_ALCALDE,2019,ALCALDE,41298,SANDRA BEATRIZ ALVARADO ROJAS|MOVIMIENTO AUTORIDADES INDIGENAS DE COLOMBIA AICO,5465
t2019_ALCALDE,2019,ALCALDE,41298,__BLANCO__,1088
t2019_ALCALDE,2019,ALCALDE,41298,__NO_MARCADOS__,927
t2019_ALCALDE,2019,ALCALDE,41298,__NULOS__,525
t2019_ALCALDE,2019,ALCALDE,41306,CESAR GERMAN ROA TRUJILLO|PARTIDO ALIANZA VERDE,4432
t2019_ALCALDE,2019,ALCALDE,41306,FARLEY ANDRES SALDAÑA ORTIZ|PARTIDO COLOMBIA RENACIENTE,634
t2019_ALCALDE,2019,ALCALDE,41306,GLADYS PERDOMO MOSQUERA|PARTIDO CAMBIO RADICAL,3172
t2019_ALCALDE,2019,ALCALDE,41306,IVAN LUNA ORTIZ|PARTIDO LIBERAL COLOMBIANO,1808
t2019_ALCALDE,2019,ALCALDE,41306,LUCY ARTUNDUAGA VEGA|UNIDOS POR GIGANTE,1770
t2019_ALCALDE,2019,ALCALDE,41306,__BLANCO__,215
t2019_ALCALDE,2019,ALCALDE,41306,__NO_MARCADOS__,256
t2019_ALCALDE,2019,ALCALDE,41306,__NULOS__,144
t2019_ALCALDE,2019,ALCALDE,41319,CHARLES BARRERA ZUÑIGA|PARTIDO LIBERAL COLOMBIANO,3391
t2019_ALCALDE,2019,ALCALDE,41319,MARCO ANTONIO CERRA MOLINA|GUADALUPE PRODUCTIVO Y EMPRENDEDOR,2854
t2019_ALCALDE,2019,ALCALDE,41319,NILSON TRUJILLO VARGAS|PARTIDO ALIANZA VERDE,194
t2019_ALCALDE,2019,ALCALDE,41319,OSCAR FERNANDO ESPAÑA ALGECIRA|PARTIDO CONSERVADOR COLOMBIANO,2071
t2019_ALCALDE,2019,ALCALDE,41319,OSCAR ORLANDO RAMIREZ FLOREZ|MOVIMIENTO ALTERNATIVO INDIGENA Y SOCIAL MAIS,275
t2019_ALCALDE,2019,ALCALDE,41319,__BLANCO__,102
t2019_ALCALDE,2019,ALCALDE,41319,__NO_MARCADOS__,138
t2019_ALCALDE,2019,ALCALDE,41319,__NULOS__,96
t2019_ALCALDE,2019,ALCALDE,41349,ISMAEL MARTINEZ POLANIA|PARTIDO LIBERAL COLOMBIANO,1026
t2019_ALCALDE,2019,ALCALDE,41349,JUAN CARLOS PERDOMO RIVAS|MEJORES TIEMPOS PARA HOBO,1929
t2019_ALCALDE,2019,ALCALDE,41349,MARCO TULIO PEÑA SAENZ|COLOMBIA HUMANA - UNION PATRIOTICA,23
t2019_ALCALDE,2019,ALCALDE,41349,YHON ALBER MORA LIZCANO|PARTIDO CENTRO DEMOCRATICO,1395
t2019_ALCALDE,2019,ALCALDE,41349,__BLANCO__,30
t2019_ALCALDE,2019,ALCALDE,41349,__NO_MARCADOS__,43
t2019_ALCALDE,2019,ALCALDE,41349,__NULOS__,30
t2019_ALCALDE,2019,ALCALDE,41357,DIEGO OMAR QUINTERO YUSTRES|PARTIDO CONSERVADOR COLOMBIANO,1074
t2019_ALCALDE,2019,ALCALDE,41357,JAVIER VELASQUEZ ANDRADE|PARTIDO CAMBIO RADICAL,1818
t2019_ALCALDE,2019,ALCALDE,41357,JESUS YAMIN PERDOMO LEIVA|PARTIDO CENTRO DEMOCRATICO,13
t2019_ALCALDE,2019,ALCALDE,41357,VICTOR CAPAZ PACHO|MOVIMIENTO ALTERNATIVO INDIGENA Y SOCIAL MAIS,851
t2019_ALCALDE,2019,ALCALDE,41357,YADNOLVER CORREA TAMAYO|IQUIRA AVANZA,1865
t2019_ALCALDE,2019,ALCALDE,41357,__BLANCO__,29
t2019_ALCALDE,2019,ALCALDE,41357,__NO_MARCADOS__,47
t2019_ALCALDE,2019,ALCALDE,41357,__NULOS__,36
t2019_ALCALDE,2019,ALCALDE,41359,EDIER ENRIQUE ROSERO LOPEZ|UNIDOS POR ISNOS PODEMOS,4004
t2019_ALCALDE,2019,ALCALDE,41359,EDUARDO BURBANO RODRIGUEZ|PARTIDO CENTRO DEMOCRATICO,985
t2019_ALCALDE,2019,ALCALDE,41359,GABY ANGELITA ÑAÑEZ RODRIGUEZ|PARTIDO LIBERAL COLOMBIANO,5724
t2019_ALCALDE,2019,ALCALDE,41359,JOSE ALFREDO MUÑOZ MUÑOZ|PARTIDO ALIANZA VERDE,1381
t2019_ALCALDE,2019,ALCALDE,41359,WILSON FERNANDO BOLAÑOS CLAROS|PARTIDO CAMBIO RADICAL,1587
t2019_ALCALDE,2019,ALCALDE,41359,__BLANCO__,133
t2019_ALCALDE,2019,ALCALDE,41359,__NO_MARCADOS__,203
t2019_ALCALDE,2019,ALCALDE,41359,__NULOS__,187
t2019_ALCALDE,2019,ALCALDE,41378,FREDY CRUZ CHAVARRO|PARTIDO CAMBIO RADICAL,1178
t2019_ALCALDE,2019,ALCALDE,41378,JAVIER HERNAN RINCON SILVA|PARTIDO CONSERVADOR COLOMBIANO,3870
t2019_ALCALDE,2019,ALCALDE,41378,JHON FAVER SANCHEZ JIMENEZ|PARTIDO LIBERAL COLOMBIANO,2368
t2019_ALCALDE,2019,ALCALDE,41378,__BLANCO__,79
t2019_ALCALDE,2019,ALCALDE,41378,__NO_MARCADOS__,82
t2019_ALCALDE,2019,ALCALDE,41378,__NULOS__,48
t2019_ALCALDE,2019,ALCALDE,41396,GLORIA FANNY CAUPAZ FLOREZ|PARTIDO CONSERVADOR COLOMBIANO  - ALIANZA VERDE,7207
t2019_ALCALDE,2019,ALCALDE,41396,JOSE OVIDIO CHAVARRO MEDINA|PARTIDO LIBERAL COLOMBIANO,2399
t2019_ALCALDE,2019,ALCALDE,41396,JUSTINIANO MIRANDA SOLORZANO|PARTIDO CENTRO DEMOCRATICO,1128
t2019_ALCALDE,2019,ALCALDE,41396,LUIS CARLOS ANAYA TORO|EXPERIENCIA GESTION Y RESULTADOS,11201
t2019_ALCALDE,2019,ALCALDE,41396,__BLANCO__,796
t2019_ALCALDE,2019,ALCALDE,41396,__NO_MARCADOS__,719
t2019_ALCALDE,2019,ALCALDE,41396,__NULOS__,447
t2019_ALCALDE,2019,ALCALDE,41483,HECTOR ANGEL AMEZQUITA PERDOMO|NATAGA PARA TODOS,1694
t2019_ALCALDE,2019,ALCALDE,41483,JOSE ADELMO LIEVANO YUCUMA|PARTIDO CAMBIO RADICAL,966
t2019_ALCALDE,2019,ALCALDE,41483,LUBIN PAJOY TRUJILLO|PARTIDO CONSERVADOR COLOMBIANO,1044
t2019_ALCALDE,2019,ALCALDE,41483,__BLANCO__,28
t2019_ALCALDE,2019,ALCALDE,41483,__NO_MARCADOS__,24
t2019_ALCALDE,2019,ALCALDE,41483,__NULOS__,23
t2019_ALCALDE,2019,ALCALDE,41503,JUAN CARLOS RUALES ORDOÑEZ|AMOR POR OPORAPA,3186
t2019_ALCALDE,2019,ALCALDE,41503,MARCO ANTONIO MOLINA MAZABEL|PARTIDO CONSERVADOR COLOMBIANO,2888
t2019_ALCALDE,2019,ALCALDE,41503,__BLANCO__,50
t2019_ALCALDE,2019,ALCALDE,41503,__NO_MARCADOS__,32
t2019_ALCALDE,2019,ALCALDE,41503,__NULOS__,21
t2019_ALCALDE,2019,ALCALDE,41518,ANIBAL CHAVARRO CHANTRE|PARTIDO CONSERVADOR COLOMBIANO,803
t2019_ALCALDE,2019,ALCALDE,41518,ISABEL CUELLAR SERRATO|PARTIDO CENTRO DEMOCRATICO,1205
t2019_ALCALDE,2019,ALCALDE,41518,JONH JAIRO PERDOMO GONZALEZ|PARTIDO CAMBIO RADICAL,1917
t2019_ALCALDE,2019,ALCALDE,41518,__BLANCO__,38
t2019_ALCALDE,2019,ALCALDE,41518,__NO_MARCADOS__,27
t2019_ALCALDE,2019,ALCALDE,41518,__NULOS__,16
t2019_ALCALDE,2019,ALCALDE,41524,JESUS HORACIO LOSADA GONZALEZ|MOVIMIENTO ALTERNATIVO INDIGENA Y SOCIAL MAIS,191
t2019_ALCALDE,2019,ALCALDE,41524,MARIO HERNAN TRUJILLO MUÑOZ|PARTIDO COLOMBIA RENACIENTE,7
t2019_ALCALDE,2019,ALCALDE,41524,NATALIA CAVIEDES CHINCHILLA|ES AHORA O NUNCA,9755
t2019_ALCALDE,2019,ALCALDE,41524,SILVIA ALEXANDRA CASTAÑEDA PERDOMO|PARTIDO CONSERVADOR COLOMBIANO,5084
t2019_ALCALDE,2019,ALCALDE,41524,__BLANCO__,218
t2019_ALCALDE,2019,ALCALDE,41524,__NO_MARCADOS__,111
t2019_ALCALDE,2019,ALCALDE,41524,__NULOS__,97
t2019_ALCALDE,2019,ALCALDE,41530,ALBEIRO NIETO CALDERON|PARTIDO CAMBIO RADICAL,491
t2019_ALCALDE,2019,ALCALDE,41530,LUIS ALEJANDRO PIÑARTE BARRERA|PARTIDO LIBERAL COLOMBIANO,1813
t2019_ALCALDE,2019,ALCALDE,41530,LUIS HERNAN CASTILLO BOHORQUEZ|PARTIDO ALIANZA SOCIAL INDEPENDIENTE ASI,477
t2019_ALCALDE,2019,ALCALDE,41530,RAMON EMILIO GOMEZ AVILA|UNIDOS POR PALESTINA,1792
t2019_ALCALDE,2019,ALCALDE,41530,WILSON JESUS CASTILLO ORTIZ|PARTIDO CONSERVADOR COLOMBIANO,1990
t2019_ALCALDE,2019,ALCALDE,41530,__BLANCO__,84
t2019_ALCALDE,2019,ALCALDE,41530,__NO_MARCADOS__,62
t2019_ALCALDE,2019,ALCALDE,41530,__NULOS__,62
t2019_ALCALDE,2019,ALCALDE,41548,CARLOS ALBERTO RODRIGUEZ MONTEALEGRE|PARTIDO CAMBIO RADICAL,1474
t2019_ALCALDE,2019,ALCALDE,41548,DIEGO FERNANDO RAMIREZ URQUINA|PARTIDO CENTRO DEMOCRATICO,741
t2019_ALCALDE,2019,ALCALDE,41548,HUGO FERNEY CASANOVA NIPI|PARTIDO CONSERVADOR COLOMBIANO,2657
t2019_ALCALDE,2019,ALCALDE,41548,OMAR GAITAN PASCUAS|PARTIDO LIBERAL COLOMBIANO,1936
t2019_ALCALDE,2019,ALCALDE,41548,__BLANCO__,56
t2019_ALCALDE,2019,ALCALDE,41548,__NO_MARCADOS__,44
t2019_ALCALDE,2019,ALCALDE,41548,__NULOS__,33
t2019_ALCALDE,2019,ALCALDE,41551,EDGAR MUÑOZ TORRES|PARTIDO CONSERVADOR COLOMBIANO  - PARTIDO DE LA U - ASI,23172
t2019_ALCALDE,2019,ALCALDE,41551,FRANKY ALEXANDER VEGA MURCIA|MOVIMIENTO ALTERNATIVO INDIGENA Y SOCIAL MAIS,16651
t2019_ALCALDE,2019,ALCALDE,41551,JAVIER VALDERRAMA YAGUE|PARTIDO CENTRO DEMOCRATICO,2060
t2019_ALCALDE,2019,ALCALDE,41551,YIDER LUNA JOVEN|POR PITALITO UNIDOS,12029
t2019_ALCALDE,2019,ALCALDE,41551,YOBANY OROZCO VALENCIANO|PARTIDO ADA,96
t2019_ALCALDE,2019,ALCALDE,41551,__BLANCO__,1966
t2019_ALCALDE,2019,ALCALDE,41551,__NO_MARCADOS__,1503
t2019_ALCALDE,2019,ALCALDE,41551,__NULOS__,888
t2019_ALCALDE,2019,ALCALDE,41615,ALVARO AGUIRRE|PARTIDO COLOMBIA RENACIENTE,10
t2019_ALCALDE,2019,ALCALDE,41615,"ERASMO CRUZ CRUZ|PARTIDO DE REIVINDICACION ETNICA ""PRE""",45
t2019_ALCALDE,2019,ALCALDE,41615,JOHN JAIRO YEPES PERDOMO|RIVERA PARA TODOS,6582
t2019_ALCALDE,2019,ALCALDE,41615,JOSE LUIS BAHAMON MONTEALEGRE|RIVERA SII,4434
t2019_ALCALDE,2019,ALCALDE,41615,JUSTO GERMAN TOLEDO|PARTIDO CENTRO DEMOCRATICO,55
t2019_ALCALDE,2019,ALCALDE,41615,ORLANDO RODRIGUEZ COLLAZOS|PARTIDO ALIANZA SOCIAL INDEPENDIENTE ASI,704
t2019_ALCALDE,2019,ALCALDE,41615,__BLANCO__,240
t2019_ALCALDE,2019,ALCALDE,41615,__NO_MARCADOS__,118
t2019_ALCALDE,2019,ALCALDE,41615,__NULOS__,120
t2019_ALCALDE,2019,ALCALDE,41660,BARAON JOSE BUITRAGO CHAUX|SALADOBLANCO SOMOS TODOS,2625
t2019_ALCALDE,2019,ALCALDE,41660,HENRY CARVAJAL OLAYA|UNIDOS SOMOS MAS,3
t2019_ALCALDE,2019,ALCALDE,41660,JOSE FERNANDO ROJAS QUINAYAS|MOVIMIENTO AUTORIDADES INDIGENAS DE COLOMBIA AICO,27
t2019_ALCALDE,2019,ALCALDE,41660,LUIS ANTONIO BAMBAGUE ORDOÑEZ|PARTIDO CONSERVADOR COLOMBIANO,3372
t2019_ALCALDE,2019,ALCALDE,41660,VIDAL VARGAS LOMELIN|MOVIMIENTO ALTERNATIVO INDIGENA Y SOCIAL MAIS,77
t2019_ALCALDE,2019,ALCALDE,41660,YULDOR PARRA PARRA|PARTIDO SOCIAL DE UNIDAD NACIONAL  PARTIDO DE LA U,947
t2019_ALCALDE,2019,ALCALDE,41660,__BLANCO__,57
t2019_ALCALDE,2019,ALCALDE,41660,__NO_MARCADOS__,76
t2019_ALCALDE,2019,ALCALDE,41660,__NULOS__,38
t2019_ALCALDE,2019,ALCALDE,41668,BERNARDO URBANO BOLAÑOS|PARTIDO ALIANZA SOCIAL INDEPENDIENTE ASI,802
t2019_ALCALDE,2019,ALCALDE,41668,CAMILO ERNESTO GARCIA QUINTERO|PARTIDO CONSERVADOR COLOMBIANO - CAMBIO RADICAL,4099
t2019_ALCALDE,2019,ALCALDE,41668,HEBER MUÑOZ ESPAÑA|PARTIDO CENTRO DEMOCRATICO,327
t2019_ALCALDE,2019,ALCALDE,41668,HEBER NEL MUÑOZ YASNO|PARTIDO COLOMBIA RENACIENTE,3939
t2019_ALCALDE,2019,ALCALDE,41668,LUIS FERNANDO LLANOS PABON|PARTIDO LIBERAL COLOMBIANO,5317
t2019_ALCALDE,2019,ALCALDE,41668,YANETH CECILIA MENESES HOYOS|COALICIONPARTIDO SOCIAL DE LA  UNIDAD -MOVIMIENTO ALTERNATIVO INDIGENA SOCIAL,1324
t2019_ALCALDE,2019,ALCALDE,41668,__BLANCO__,228
t2019_ALCALDE,2019,ALCALDE,41668,__NO_MARCADOS__,373
t2019_ALCALDE,2019,ALCALDE,41668,__NULOS__,211
t2019_ALCALDE,2019,ALCALDE,41676,JULIO CESAR PERALTA ARDILA|EMPRENDIMIENTO SAMARIO,2081
t2019_ALCALDE,2019,ALCALDE,41676,PEDRO YINER SALAZAR PRECIADO|PARTIDO CONSERVADOR COLOMBIANO,55
t2019_ALCALDE,2019,ALCALDE,41676,RICARDO ALBEIRO CASTAÑO CASTRO|PARTIDO ALIANZA VERDE,1586
t2019_ALCALDE,2019,ALCALDE,41676,VIANCY CAROLINA GARCIA|PARTIDO CENTRO DEMOCRATICO,2062
t2019_ALCALDE,2019,ALCALDE,41676,__BLANCO__,47
t2019_ALCALDE,2019,ALCALDE,41676,__NO_MARCADOS__,37
t2019_ALCALDE,2019,ALCALDE,41676,__NULOS__,58
t2019_ALCALDE,2019,ALCALDE,41770,FROILAN HERNANDO CABRERA CAMPO|PARTIDO CAMBIO RADICAL,2330
t2019_ALCALDE,2019,ALCALDE,41770,MAGDA LIZETH ORTIZ SILVA|MOVIMIENTO ALTERNATIVO INDIGENA Y SOCIAL MAIS,179
t2019_ALCALDE,2019,ALCALDE,41770,MILTON MUÑOZ CORTES|PARTIDO LIBERAL COLOMBIANO,1166
t2019_ALCALDE,2019,ALCALDE,41770,MOISES ORTIZ ALARCON|PARTIDO ALIANZA VERDE,3470
t2019_ALCALDE,2019,ALCALDE,41770,RAMON ALFONSO DUARTE BAUTISTA|PARTIDO SOCIAL DE LA UNIDAD NACIONAL - PARTIDO CENTRO DEMOCRATICO,2739
t2019_ALCALDE,2019,ALCALDE,41770,__BLANCO__,57
t2019_ALCALDE,2019,ALCALDE,41770,__NO_MARCADOS__,146
t2019_ALCALDE,2019,ALCALDE,41770,__NULOS__,85
t2019_ALCALDE,2019,ALCALDE,41791,ALVARO TRUJILLO HERNANDEZ|TODOS POR TARQUI,3336
t2019_ALCALDE,2019,ALCALDE,41791,CARLOS ANTONIO TOLE CALDERON|PARTIDO CENTRO DEMOCRATICO,1466
t2019_ALCALDE,2019,ALCALDE,41791,DORA LILIANA TRUJILLO PAVA|TARQUI NOS UNE,3362
t2019_ALCALDE,2019,ALCALDE,41791,ERIC RENE MORERA TOVAR|PARTIDO ALIANZA VERDE,842
t2019_ALCALDE,2019,ALCALDE,41791,__BLANCO__,97
t2019_ALCALDE,2019,ALCALDE,41791,__NO_MARCADOS__,58
t2019_ALCALDE,2019,ALCALDE,41791,__NULOS__,68
t2019_ALCALDE,2019,ALCALDE,41797,CARLOS HUMBERTO PERDOMO ZUÑIGA|PARTIDO CONSERVADOR COLOMBIANO,2284
t2019_ALCALDE,2019,ALCALDE,41797,DIVIER YUCUMA CHIMBACO|PARTIDO LIBERAL COLOMBIANO,265
t2019_ALCALDE,2019,ALCALDE,41797,LUCENY VALENZUELA MAYORCA|VAMOS TODOS,1100
t2019_ALCALDE,2019,ALCALDE,41797,OLMER GUSTAVO RAMOS CUENCA|PARTIDO CAMBIO RADICAL,1133
t2019_ALCALDE,2019,ALCALDE,41797,ORMALIA VARGAS MONTERO|TESALIA PROGRESA DE VERDAD,857
t2019_ALCALDE,2019,ALCALDE,41797,__BLANCO__,80
t2019_ALCALDE,2019,ALCALDE,41797,__NO_MARCADOS__,44
t2019_ALCALDE,2019,ALCALDE,41797,__NULOS__,58
t2019_ALCALDE,2019,ALCALDE,41799,FERNANDO ALIPIO SOLANO GOMEZ|ALIANZA ESTRATEGICA TELLO MERECE MAS,3485
t2019_ALCALDE,2019,ALCALDE,41799,JOSE MANUEL CORDOBA TRUJILLO|PARTIDO LIBERAL COLOMBIANO,4041
t2019_ALCALDE,2019,ALCALDE,41799,__BLANCO__,49
t2019_ALCALDE,2019,ALCALDE,41799,__NO_MARCADOS__,59
t2019_ALCALDE,2019,ALCALDE,41799,__NULOS__,50
t2019_ALCALDE,2019,ALCALDE,41801,ALEXANDER TRUJILLO ZULETA|MOVIMIENTO AUTORIDADES INDIGENAS DE COLOMBIA AICO,4
t2019_ALCALDE,2019,ALCALDE,41801,FABIO NELSON SABOGAL CUENCA|LIDERAZGO Y GESTION,387
t2019_ALCALDE,2019,ALCALDE,41801,GERMAN MORALES OLIVEROS|PARTIDO CENTRO DEMOCRATICO,1961
t2019_ALCALDE,2019,ALCALDE,41801,JACQUELINE VARGAS PASTRANA|PARTIDO POLO DEMOCRATICO ALTERNATIVO,110
t2019_ALCALDE,2019,ALCALDE,41801,YELITSA FIERRO LAGUNA|PARTIDO CONSERVADOR COLOMBIANO  - CAMBIO RADICAL,2568
t2019_ALCALDE,2019,ALCALDE,41801,__BLANCO__,30
t2019_ALCALDE,2019,ALCALDE,41801,__NO_MARCADOS__,19
t2019_ALCALDE,2019,ALCALDE,41801,__NULOS__,23
t2019_ALCALDE,2019,ALCALDE,41807,MARCO ADRIAN ARTUNDUAGA GOMEZ|PARTIDO CENTRO DEMOCRATICO,3164
t2019_ALCALDE,2019,ALCALDE,41807,MARIA ANTONIA ESTUPIÑAN TELLEZ|PARTIDO ALIANZA SOCIAL INDEPENDIENTE ASI,844
t2019_ALCALDE,2019,ALCALDE,41807,NELSON RAMIREZ ALVAREZ|PARTIDO CONSERVADOR COLOMBIANO,3032
t2019_ALCALDE,2019,ALCALDE,41807,NESTOR NUÑEZ ROMERO|PARTIDO COLOMBIA JUSTA LIBRES,134
t2019_ALCALDE,2019,ALCALDE,41807,OLIVER SAPUY CORREA|PARTIDO SOCIAL DE UNIDAD NACIONAL  PARTIDO DE LA U,857
t2019_ALCALDE,2019,ALCALDE,41807,PEDRO NEL JIMENEZ STERLING|PARTIDO COLOMBIA RENACIENTE,88
t2019_ALCALDE,2019,ALCALDE,41807,RODRIGO HERNANDEZ ROJAS|PARTIDO CAMBIO RADICAL,16
t2019_ALCALDE,2019,ALCALDE,41807,WILSON BETHO CALDERON HEREDIA|ALIANZA POR TIMANA,2768
t2019_ALCALDE,2019,ALCALDE,41807,__BLANCO__,94
t2019_ALCALDE,2019,ALCALDE,41807,__NO_MARCADOS__,167
t2019_ALCALDE,2019,ALCALDE,41807,__NULOS__,112
t2019_ALCALDE,2019,ALCALDE,41872,ALFONSO CRUZ ACOSTA|PARTIDO SOCIAL DE UNIDAD NACIONAL  PARTIDO DE LA U,750
t2019_ALCALDE,2019,ALCALDE,41872,ALVARO ANDRES CHARRY PERDOMO|PARTIDO CENTRO DEMOCRATICO,1812
t2019_ALCALDE,2019,ALCALDE,41872,CARLOS ALFONSO CORREDOR QUEZADA|PARTIDO CONSERVADOR COLOMBIANO,466
t2019_ALCALDE,2019,ALCALDE,41872,EFRAIN VANEGAS RUIZ|UNIDOS POR VILLAVIEJA,1556
t2019_ALCALDE,2019,ALCALDE,41872,LUIS ALFONSO SANCHEZ LOZANO|NUEVA VILLAVIEJA,677
t2019_ALCALDE,2019,ALCALDE,41872,NEWTON FLOREZ LINARES|PARTIDO COLOMBIA JUSTA LIBRES,15
t2019_ALCALDE,2019,ALCALDE,41872,__BLANCO__,26
t2019_ALCALDE,2019,ALCALDE,41872,__NO_MARCADOS__,35
t2019_ALCALDE,2019,ALCALDE,41872,__NULOS__,18
t2019_ALCALDE,2019,ALCALDE,41885,ALDEMAR RAMIREZ FALLA|MOVIMIENTO ALTERNATIVO INDIGENA Y SOCIAL MAIS,59
t2019_ALCALDE,2019,ALCALDE,41885,CARLOS JAVIER SUAREZ MONSALVE|PARTIDO CENTRO DEMOCRATICO,427
t2019_ALCALDE,2019,ALCALDE,41885,CRISTIAN SAUL ENDO PEREZ|MOVIMIENTO AUTORIDADES INDIGENAS DE COLOMBIA AICO,153
t2019_ALCALDE,2019,ALCALDE,41885,FABIO ENRIQUE PARRA FIERRO|YAGUARA CONSTRUYENDO YAGUARA,196
t2019_ALCALDE,2019,ALCALDE,41885,JUAN CARLOS CASALLAS RIVAS|PARTIDO CAMBIO RADICAL,1952
t2019_ALCALDE,2019,ALCALDE,41885,LENIN ALBERTO TRUJILLO GONZALEZ|TODOS JUNTOS PODEMOS,395
t2019_ALCALDE,2019,ALCALDE,41885,NANCY TRUJILLO MONJE|PARTIDO CONSERVADOR COLOMBIANO,1016
t2019_ALCALDE,2019,ALCALDE,41885,REYNALDO CASTILLO TAMAYO|PARTIDO ALIANZA SOCIAL INDEPENDIENTE ASI,961
t2019_ALCALDE,2019,ALCALDE,41885,__BLANCO__,93
t2019_ALCALDE,2019,ALCALDE,41885,__NO_MARCADOS__,35
t2019_ALCALDE,2019,ALCALDE,41885,__NULOS__,54
t2019_ASAMBLEA,2019,ASAMBLEA,41001,JUNTOS,13398
t2019_ASAMBLEA,2019,ASAMBLEA,41001,PARTIDO ALIANZA VERDE,14094
t2019_ASAMBLEA,2019,ASAMBLEA,41001,PARTIDO CAMBIO RADICAL,21084
t2019_ASAMBLEA,2019,ASAMBLEA,41001,PARTIDO CENTRO DEMOCRATICO,11587
t2019_ASAMBLEA,2019,ASAMBLEA,41001,PARTIDO COLOMBIA JUSTA LIBRES,3999
t2019_ASAMBLEA,2019,ASAMBLEA,41001,PARTIDO CONSERVADOR COLOMBIANO,18331
t2019_ASAMBLEA,2019,ASAMBLEA,41001,PARTIDO LIBERAL COLOMBIANO,19190
t2019_ASAMBLEA,2019,ASAMBLEA,41001,PARTIDO POLITICO  MIRA,7094
t2019_ASAMBLEA,2019,ASAMBLEA,41001,PARTIDO SOCIAL DE UNIDAD NACIONAL  PARTIDO DE LA U,13141
t2019_ASAMBLEA,2019,ASAMBLEA,41001,__BLANCO__,28635
t2019_ASAMBLEA,2019,ASAMBLEA,41001,__NO_MARCADOS__,10809
t2019_ASAMBLEA,2019,ASAMBLEA,41001,__NULOS__,7360
t2019_ASAMBLEA,2019,ASAMBLEA,41006,JUNTOS,95
t2019_ASAMBLEA,2019,ASAMBLEA,41006,PARTIDO ALIANZA VERDE,821
t2019_ASAMBLEA,2019,ASAMBLEA,41006,PARTIDO CAMBIO RADICAL,1731
t2019_ASAMBLEA,2019,ASAMBLEA,41006,PARTIDO CENTRO DEMOCRATICO,1121
t2019_ASAMBLEA,2019,ASAMBLEA,41006,PARTIDO COLOMBIA JUSTA LIBRES,192
t2019_ASAMBLEA,2019,ASAMBLEA,41006,PARTIDO CONSERVADOR COLOMBIANO,2809
t2019_ASAMBLEA,2019,ASAMBLEA,41006,PARTIDO LIBERAL COLOMBIANO,2638
t2019_ASAMBLEA,2019,ASAMBLEA,41006,PARTIDO POLITICO  MIRA,161
t2019_ASAMBLEA,2019,ASAMBLEA,41006,PARTIDO SOCIAL DE UNIDAD NACIONAL  PARTIDO DE LA U,516
t2019_ASAMBLEA,2019,ASAMBLEA,41006,__BLANCO__,968
t2019_ASAMBLEA,2019,ASAMBLEA,41006,__NO_MARCADOS__,2278
t2019_ASAMBLEA,2019,ASAMBLEA,41006,__NULOS__,346
t2019_ASAMBLEA,2019,ASAMBLEA,41013,JUNTOS,98
t2019_ASAMBLEA,2019,ASAMBLEA,41013,PARTIDO ALIANZA VERDE,527
t2019_ASAMBLEA,2019,ASAMBLEA,41013,PARTIDO CAMBIO RADICAL,671
t2019_ASAMBLEA,2019,ASAMBLEA,41013,PARTIDO CENTRO DEMOCRATICO,547
t2019_ASAMBLEA,2019,ASAMBLEA,41013,PARTIDO COLOMBIA JUSTA LIBRES,119
t2019_ASAMBLEA,2019,ASAMBLEA,41013,PARTIDO CONSERVADOR COLOMBIANO,1121
t2019_ASAMBLEA,2019,ASAMBLEA,41013,PARTIDO LIBERAL COLOMBIANO,1111
t2019_ASAMBLEA,2019,ASAMBLEA,41013,PARTIDO POLITICO  MIRA,92
t2019_ASAMBLEA,2019,ASAMBLEA,41013,PARTIDO SOCIAL DE UNIDAD NACIONAL  PARTIDO DE LA U,183
t2019_ASAMBLEA,2019,ASAMBLEA,41013,__BLANCO__,306
t2019_ASAMBLEA,2019,ASAMBLEA,41013,__NO_MARCADOS__,624
t2019_ASAMBLEA,2019,ASAMBLEA,41013,__NULOS__,159
t2019_ASAMBLEA,2019,ASAMBLEA,41016,JUNTOS,536
t2019_ASAMBLEA,2019,ASAMBLEA,41016,PARTIDO ALIANZA VERDE,502
t2019_ASAMBLEA,2019,ASAMBLEA,41016,PARTIDO CAMBIO RADICAL,1663
t2019_ASAMBLEA,2019,ASAMBLEA,41016,PARTIDO CENTRO DEMOCRATICO,514
t2019_ASAMBLEA,2019,ASAMBLEA,41016,PARTIDO COLOMBIA JUSTA LIBRES,71
t2019_ASAMBLEA,2019,ASAMBLEA,41016,PARTIDO CONSERVADOR COLOMBIANO,1353
t2019_ASAMBLEA,2019,ASAMBLEA,41016,PARTIDO LIBERAL COLOMBIANO,820
t2019_ASAMBLEA,2019,ASAMBLEA,41016,PARTIDO POLITICO  MIRA,296
t2019_ASAMBLEA,2019,ASAMBLEA,41016,PARTIDO SOCIAL DE UNIDAD NACIONAL  PARTIDO DE LA U,2551
t2019_ASAMBLEA,2019,ASAMBLEA,41016,__BLANCO__,982
t2019_ASAMBLEA,2019,ASAMBLEA,41016,__NO_MARCADOS__,1654
t2019_ASAMBLEA,2019,ASAMBLEA,41016,__NULOS__,415
t2019_ASAMBLEA,2019,ASAMBLEA,41020,JUNTOS,1511
t2019_ASAMBLEA,2019,ASAMBLEA,41020,PARTIDO ALIANZA VERDE,414
t2019_ASAMBLEA,2019,ASAMBLEA,41020,PARTIDO CAMBIO RADICAL,501
t2019_ASAMBLEA,2019,ASAMBLEA,41020,PARTIDO CENTRO DEMOCRATICO,2736
t2019_ASAMBLEA,2019,ASAMBLEA,41020,PARTIDO COLOMBIA JUSTA LIBRES,910
t2019_ASAMBLEA,2019,ASAMBLEA,41020,PARTIDO CONSERVADOR COLOMBIANO,640
t2019_ASAMBLEA,2019,ASAMBLEA,41020,PARTIDO LIBERAL COLOMBIANO,1800
t2019_ASAMBLEA,2019,ASAMBLEA,41020,PARTIDO POLITICO  MIRA,509
t2019_ASAMBLEA,2019,ASAMBLEA,41020,PARTIDO SOCIAL DE UNIDAD NACIONAL  PARTIDO DE LA U,385
t2019_ASAMBLEA,2019,ASAMBLEA,41020,__BLANCO__,352
t2019_ASAMBLEA,2019,ASAMBLEA,41020,__NO_MARCADOS__,1345
t2019_ASAMBLEA,2019,ASAMBLEA,41020,__NULOS__,490
t2019_ASAMBLEA,2019,ASAMBLEA,41026,JUNTOS,84
t2019_ASAMBLEA,2019,ASAMBLEA,41026,PARTIDO ALIANZA VERDE,394
t2019_ASAMBLEA,2019,ASAMBLEA,41026,PARTIDO CAMBIO RADICAL,322
t2019_ASAMBLEA,2019,ASAMBLEA,41026,PARTIDO CENTRO DEMOCRATICO,158
t2019_ASAMBLEA,2019,ASAMBLEA,41026,PARTIDO COLOMBIA JUSTA LIBRES,9
t2019_ASAMBLEA,2019,ASAMBLEA,41026,PARTIDO CONSERVADOR COLOMBIANO,595
t2019_ASAMBLEA,2019,ASAMBLEA,41026,PARTIDO LIBERAL COLOMBIANO,186
t2019_ASAMBLEA,2019,ASAMBLEA,41026,PARTIDO POLITICO  MIRA,26
t2019_ASAMBLEA,2019,ASAMBLEA,41026,PARTIDO SOCIAL DE UNIDAD NACIONAL  PARTIDO DE LA U,175
t2019_ASAMBLEA,2019,ASAMBLEA,41026,__BLANCO__,240
t2019_ASAMBLEA,2019,ASAMBLEA,41026,__NO_MARCADOS__,295
t2019_ASAMBLEA,2019,ASAMBLEA,41026,__NULOS__,69
t2019_ASAMBLEA,2019,ASAMBLEA,41078,JUNTOS,321
t2019_ASAMBLEA,2019,ASAMBLEA,41078,PARTIDO ALIANZA VERDE,1203
t2019_ASAMBLEA,2019,ASAMBLEA,41078,PARTIDO CAMBIO RADICAL,709
t2019_ASAMBLEA,2019,ASAMBLEA,41078,PARTIDO CENTRO DEMOCRATICO,163
t2019_ASAMBLEA,2019,ASAMBLEA,41078,PARTIDO COLOMBIA JUSTA LIBRES,60
t2019_ASAMBLEA,2019,ASAMBLEA,41078,PARTIDO CONSERVADOR COLOMBIANO,228
t2019_ASAMBLEA,2019,ASAMBLEA,41078,PARTIDO LIBERAL COLOMBIANO,440
t2019_ASAMBLEA,2019,ASAMBLEA,41078,PARTIDO POLITICO  MIRA,119
t2019_ASAMBLEA,2019,ASAMBLEA,41078,PARTIDO SOCIAL DE UNIDAD NACIONAL  PARTIDO DE LA U,192
t2019_ASAMBLEA,2019,ASAMBLEA,41078,__BLANCO__,174
t2019_ASAMBLEA,2019,ASAMBLEA,41078,__NO_MARCADOS__,551
t2019_ASAMBLEA,2019,ASAMBLEA,41078,__NULOS__,129
t2019_ASAMBLEA,2019,ASAMBLEA,41132,JUNTOS,1483
t2019_ASAMBLEA,2019,ASAMBLEA,41132,PARTIDO ALIANZA VERDE,893
t2019_ASAMBLEA,2019,ASAMBLEA,41132,PARTIDO CAMBIO RADICAL,1365
t2019_ASAMBLEA,2019,ASAMBLEA,41132,PARTIDO CENTRO DEMOCRATICO,856
t2019_ASAMBLEA,2019,ASAMBLEA,41132,PARTIDO COLOMBIA JUSTA LIBRES,439
t2019_ASAMBLEA,2019,ASAMBLEA,41132,PARTIDO CONSERVADOR COLOMBIANO,1078
t2019_ASAMBLEA,2019,ASAMBLEA,41132,PARTIDO LIBERAL COLOMBIANO,4537
t2019_ASAMBLEA,2019,ASAMBLEA,41132,PARTIDO POLITICO  MIRA,1332
t2019_ASAMBLEA,2019,ASAMBLEA,41132,PARTIDO SOCIAL DE UNIDAD NACIONAL  PARTIDO DE LA U,623
t2019_ASAMBLEA,2019,ASAMBLEA,41132,__BLANCO__,1803
t2019_ASAMBLEA,2019,ASAMBLEA,41132,__NO_MARCADOS__,1796
t2019_ASAMBLEA,2019,ASAMBLEA,41132,__NULOS__,830
t2019_ASAMBLEA,2019,ASAMBLEA,41206,JUNTOS,66
t2019_ASAMBLEA,2019,ASAMBLEA,41206,PARTIDO ALIANZA VERDE,290
t2019_ASAMBLEA,2019,ASAMBLEA,41206,PARTIDO CAMBIO RADICAL,866
t2019_ASAMBLEA,2019,ASAMBLEA,41206,PARTIDO CENTRO DEMOCRATICO,152
t2019_ASAMBLEA,2019,ASAMBLEA,41206,PARTIDO COLOMBIA JUSTA LIBRES,16
t2019_ASAMBLEA,2019,ASAMBLEA,41206,PARTIDO CONSERVADOR COLOMBIANO,647
t2019_ASAMBLEA,2019,ASAMBLEA,41206,PARTIDO LIBERAL COLOMBIANO,1811
t2019_ASAMBLEA,2019,ASAMBLEA,41206,PARTIDO POLITICO  MIRA,12
t2019_ASAMBLEA,2019,ASAMBLEA,41206,PARTIDO SOCIAL DE UNIDAD NACIONAL  PARTIDO DE LA U,81
t2019_ASAMBLEA,2019,ASAMBLEA,41206,__BLANCO__,166
t2019_ASAMBLEA,2019,ASAMBLEA,41206,__NO_MARCADOS__,563
t2019_ASAMBLEA,2019,ASAMBLEA,41206,__NULOS__,111
t2019_ASAMBLEA,2019,ASAMBLEA,41244,JUNTOS,33
t2019_ASAMBLEA,2019,ASAMBLEA,41244,PARTIDO ALIANZA VERDE,535
t2019_ASAMBLEA,2019,ASAMBLEA,41244,PARTIDO CAMBIO RADICAL,135
t2019_ASAMBLEA,2019,ASAMBLEA,41244,PARTIDO CENTRO DEMOCRATICO,367
t2019_ASAMBLEA,2019,ASAMBLEA,41244,PARTIDO COLOMBIA JUSTA LIBRES,13
t2019_ASAMBLEA,2019,ASAMBLEA,41244,PARTIDO CONSERVADOR COLOMBIANO,619
t2019_ASAMBLEA,2019,ASAMBLEA,41244,PARTIDO LIBERAL COLOMBIANO,280
t2019_ASAMBLEA,2019,ASAMBLEA,41244,PARTIDO POLITICO  MIRA,66
t2019_ASAMBLEA,2019,ASAMBLEA,41244,PARTIDO SOCIAL DE UNIDAD NACIONAL  PARTIDO DE LA U,21
t2019_ASAMBLEA,2019,ASAMBLEA,41244,__BLANCO__,110
t2019_ASAMBLEA,2019,ASAMBLEA,41244,__NO_MARCADOS__,399
t2019_ASAMBLEA,2019,ASAMBLEA,41244,__NULOS__,39
t2019_ASAMBLEA,2019,ASAMBLEA,41298,JUNTOS,560
t2019_ASAMBLEA,2019,ASAMBLEA,41298,PARTIDO ALIANZA VERDE,5774
t2019_ASAMBLEA,2019,ASAMBLEA,41298,PARTIDO CAMBIO RADICAL,7256
t2019_ASAMBLEA,2019,ASAMBLEA,41298,PARTIDO CENTRO DEMOCRATICO,5459
t2019_ASAMBLEA,2019,ASAMBLEA,41298,PARTIDO COLOMBIA JUSTA LIBRES,328
t2019_ASAMBLEA,2019,ASAMBLEA,41298,PARTIDO CONSERVADOR COLOMBIANO,2615
t2019_ASAMBLEA,2019,ASAMBLEA,41298,PARTIDO LIBERAL COLOMBIANO,1544
t2019_ASAMBLEA,2019,ASAMBLEA,41298,PARTIDO POLITICO  MIRA,461
t2019_ASAMBLEA,2019,ASAMBLEA,41298,PARTIDO SOCIAL DE UNIDAD NACIONAL  PARTIDO DE LA U,648
t2019_ASAMBLEA,2019,ASAMBLEA,41298,__BLANCO__,4082
t2019_ASAMBLEA,2019,ASAMBLEA,41298,__NO_MARCADOS__,3094
t2019_ASAMBLEA,2019,ASAMBLEA,41298,__NULOS__,1383
t2019_ASAMBLEA,2019,ASAMBLEA,41306,JUNTOS,432
t2019_ASAMBLEA,2019,ASAMBLEA,41306,PARTIDO ALIANZA VERDE,2273
t2019_ASAMBLEA,2019,ASAMBLEA,41306,PARTIDO CAMBIO RADICAL,1862
t2019_ASAMBLEA,2019,ASAMBLEA,41306,PARTIDO CENTRO DEMOCRATICO,849
t2019_ASAMBLEA,2019,ASAMBLEA,41306,PARTIDO COLOMBIA JUSTA LIBRES,275
t2019_ASAMBLEA,2019,ASAMBLEA,41306,PARTIDO CONSERVADOR COLOMBIANO,918
t2019_ASAMBLEA,2019,ASAMBLEA,41306,PARTIDO LIBERAL COLOMBIANO,1309
t2019_ASAMBLEA,2019,ASAMBLEA,41306,PARTIDO POLITICO  MIRA,568
t2019_ASAMBLEA,2019,ASAMBLEA,41306,PARTIDO SOCIAL DE UNIDAD NACIONAL  PARTIDO DE LA U,642
t2019_ASAMBLEA,2019,ASAMBLEA,41306,__BLANCO__,1205
t2019_ASAMBLEA,2019,ASAMBLEA,41306,__NO_MARCADOS__,1589
t2019_ASAMBLEA,2019,ASAMBLEA,41306,__NULOS__,479
t2019_ASAMBLEA,2019,ASAMBLEA,41319,JUNTOS,99
t2019_ASAMBLEA,2019,ASAMBLEA,41319,PARTIDO ALIANZA VERDE,2204
t2019_ASAMBLEA,2019,ASAMBLEA,41319,PARTIDO CAMBIO RADICAL,915
t2019_ASAMBLEA,2019,ASAMBLEA,41319,PARTIDO CENTRO DEMOCRATICO,397
t2019_ASAMBLEA,2019,ASAMBLEA,41319,PARTIDO COLOMBIA JUSTA LIBRES,113
t2019_ASAMBLEA,2019,ASAMBLEA,41319,PARTIDO CONSERVADOR COLOMBIANO,1400
t2019_ASAMBLEA,2019,ASAMBLEA,41319,PARTIDO LIBERAL COLOMBIANO,1133
t2019_ASAMBLEA,2019,ASAMBLEA,41319,PARTIDO POLITICO  MIRA,240
t2019_ASAMBLEA,2019,ASAMBLEA,41319,PARTIDO SOCIAL DE UNIDAD NACIONAL  PARTIDO DE LA U,258
t2019_ASAMBLEA,2019,ASAMBLEA,41319,__BLANCO__,639
t2019_ASAMBLEA,2019,ASAMBLEA,41319,__NO_MARCADOS__,1310
t2019_ASAMBLEA,2019,ASAMBLEA,41319,__NULOS__,279
t2019_ASAMBLEA,2019,ASAMBLEA,41349,JUNTOS,180
t2019_ASAMBLEA,2019,ASAMBLEA,41349,PARTIDO ALIANZA VERDE,490
t2019_ASAMBLEA,2019,ASAMBLEA,41349,PARTIDO CAMBIO RADICAL,381
t2019_ASAMBLEA,2019,ASAMBLEA,41349,PARTIDO CENTRO DEMOCRATICO,558
t2019_ASAMBLEA,2019,ASAMBLEA,41349,PARTIDO COLOMBIA JUSTA LIBRES,239
t2019_ASAMBLEA,2019,ASAMBLEA,41349,PARTIDO CONSERVADOR COLOMBIANO,369
t2019_ASAMBLEA,2019,ASAMBLEA,41349,PARTIDO LIBERAL COLOMBIANO,837
t2019_ASAMBLEA,2019,ASAMBLEA,41349,PARTIDO POLITICO  MIRA,106
t2019_ASAMBLEA,2019,ASAMBLEA,41349,PARTIDO SOCIAL DE UNIDAD NACIONAL  PARTIDO DE LA U,234
t2019_ASAMBLEA,2019,ASAMBLEA,41349,__BLANCO__,275
t2019_ASAMBLEA,2019,ASAMBLEA,41349,__NO_MARCADOS__,691
t2019_ASAMBLEA,2019,ASAMBLEA,41349,__NULOS__,123
t2019_ASAMBLEA,2019,ASAMBLEA,41357,JUNTOS,766
t2019_ASAMBLEA,2019,ASAMBLEA,41357,PARTIDO ALIANZA VERDE,414
t2019_ASAMBLEA,2019,ASAMBLEA,41357,PARTIDO CAMBIO RADICAL,746
t2019_ASAMBLEA,2019,ASAMBLEA,41357,PARTIDO CENTRO DEMOCRATICO,267
t2019_ASAMBLEA,2019,ASAMBLEA,41357,PARTIDO COLOMBIA JUSTA LIBRES,37
t2019_ASAMBLEA,2019,ASAMBLEA,41357,PARTIDO CONSERVADOR COLOMBIANO,925
t2019_ASAMBLEA,2019,ASAMBLEA,41357,PARTIDO LIBERAL COLOMBIANO,1199
t2019_ASAMBLEA,2019,ASAMBLEA,41357,PARTIDO POLITICO  MIRA,86
t2019_ASAMBLEA,2019,ASAMBLEA,41357,PARTIDO SOCIAL DE UNIDAD NACIONAL  PARTIDO DE LA U,111
t2019_ASAMBLEA,2019,ASAMBLEA,41357,__BLANCO__,285
t2019_ASAMBLEA,2019,ASAMBLEA,41357,__NO_MARCADOS__,779
t2019_ASAMBLEA,2019,ASAMBLEA,41357,__NULOS__,114
t2019_ASAMBLEA,2019,ASAMBLEA,41359,JUNTOS,246
t2019_ASAMBLEA,2019,ASAMBLEA,41359,PARTIDO ALIANZA VERDE,1307
t2019_ASAMBLEA,2019,ASAMBLEA,41359,PARTIDO CAMBIO RADICAL,648
t2019_ASAMBLEA,2019,ASAMBLEA,41359,PARTIDO CENTRO DEMOCRATICO,833
t2019_ASAMBLEA,2019,ASAMBLEA,41359,PARTIDO COLOMBIA JUSTA LIBRES,122
t2019_ASAMBLEA,2019,ASAMBLEA,41359,PARTIDO CONSERVADOR COLOMBIANO,1374
t2019_ASAMBLEA,2019,ASAMBLEA,41359,PARTIDO LIBERAL COLOMBIANO,3823
t2019_ASAMBLEA,2019,ASAMBLEA,41359,PARTIDO POLITICO  MIRA,237
t2019_ASAMBLEA,2019,ASAMBLEA,41359,PARTIDO SOCIAL DE UNIDAD NACIONAL  PARTIDO DE LA U,696
t2019_ASAMBLEA,2019,ASAMBLEA,41359,__BLANCO__,1549
t2019_ASAMBLEA,2019,ASAMBLEA,41359,__NO_MARCADOS__,2882
t2019_ASAMBLEA,2019,ASAMBLEA,41359,__NULOS__,476
t2019_ASAMBLEA,2019,ASAMBLEA,41378,JUNTOS,333
t2019_ASAMBLEA,2019,ASAMBLEA,41378,PARTIDO ALIANZA VERDE,569
t2019_ASAMBLEA,2019,ASAMBLEA,41378,PARTIDO CAMBIO RADICAL,551
t2019_ASAMBLEA,2019,ASAMBLEA,41378,PARTIDO CENTRO DEMOCRATICO,755
t2019_ASAMBLEA,2019,ASAMBLEA,41378,PARTIDO COLOMBIA JUSTA LIBRES,30
t2019_ASAMBLEA,2019,ASAMBLEA,41378,PARTIDO CONSERVADOR COLOMBIANO,2130
t2019_ASAMBLEA,2019,ASAMBLEA,41378,PARTIDO LIBERAL COLOMBIANO,945
t2019_ASAMBLEA,2019,ASAMBLEA,41378,PARTIDO POLITICO  MIRA,100
t2019_ASAMBLEA,2019,ASAMBLEA,41378,PARTIDO SOCIAL DE UNIDAD NACIONAL  PARTIDO DE LA U,321
t2019_ASAMBLEA,2019,ASAMBLEA,41378,__BLANCO__,474
t2019_ASAMBLEA,2019,ASAMBLEA,41378,__NO_MARCADOS__,1246
t2019_ASAMBLEA,2019,ASAMBLEA,41378,__NULOS__,171
t2019_ASAMBLEA,2019,ASAMBLEA,41396,JUNTOS,481
t2019_ASAMBLEA,2019,ASAMBLEA,41396,PARTIDO ALIANZA VERDE,3032
t2019_ASAMBLEA,2019,ASAMBLEA,41396,PARTIDO CAMBIO RADICAL,1497
t2019_ASAMBLEA,2019,ASAMBLEA,41396,PARTIDO CENTRO DEMOCRATICO,1344
t2019_ASAMBLEA,2019,ASAMBLEA,41396,PARTIDO COLOMBIA JUSTA LIBRES,151
t2019_ASAMBLEA,2019,ASAMBLEA,41396,PARTIDO CONSERVADOR COLOMBIANO,7155
t2019_ASAMBLEA,2019,ASAMBLEA,41396,PARTIDO LIBERAL COLOMBIANO,3883
t2019_ASAMBLEA,2019,ASAMBLEA,41396,PARTIDO POLITICO  MIRA,313
t2019_ASAMBLEA,2019,ASAMBLEA,41396,PARTIDO SOCIAL DE UNIDAD NACIONAL  PARTIDO DE LA U,693
t2019_ASAMBLEA,2019,ASAMBLEA,41396,__BLANCO__,2168
t2019_ASAMBLEA,2019,ASAMBLEA,41396,__NO_MARCADOS__,2414
t2019_ASAMBLEA,2019,ASAMBLEA,41396,__NULOS__,925
t2019_ASAMBLEA,2019,ASAMBLEA,41483,JUNTOS,224
t2019_ASAMBLEA,2019,ASAMBLEA,41483,PARTIDO ALIANZA VERDE,153
t2019_ASAMBLEA,2019,ASAMBLEA,41483,PARTIDO CAMBIO RADICAL,696
t2019_ASAMBLEA,2019,ASAMBLEA,41483,PARTIDO CENTRO DEMOCRATICO,189
t2019_ASAMBLEA,2019,ASAMBLEA,41483,PARTIDO COLOMBIA JUSTA LIBRES,7
t2019_ASAMBLEA,2019,ASAMBLEA,41483,PARTIDO CONSERVADOR COLOMBIANO,976
t2019_ASAMBLEA,2019,ASAMBLEA,41483,PARTIDO LIBERAL COLOMBIANO,423
t2019_ASAMBLEA,2019,ASAMBLEA,41483,PARTIDO POLITICO  MIRA,20
t2019_ASAMBLEA,2019,ASAMBLEA,41483,PARTIDO SOCIAL DE UNIDAD NACIONAL  PARTIDO DE LA U,261
t2019_ASAMBLEA,2019,ASAMBLEA,41483,__BLANCO__,164
t2019_ASAMBLEA,2019,ASAMBLEA,41483,__NO_MARCADOS__,550
t2019_ASAMBLEA,2019,ASAMBLEA,41483,__NULOS__,65
t2019_ASAMBLEA,2019,ASAMBLEA,41503,JUNTOS,77
t2019_ASAMBLEA,2019,ASAMBLEA,41503,PARTIDO ALIANZA VERDE,473
t2019_ASAMBLEA,2019,ASAMBLEA,41503,PARTIDO CAMBIO RADICAL,356
t2019_ASAMBLEA,2019,ASAMBLEA,41503,PARTIDO CENTRO DEMOCRATICO,786
t2019_ASAMBLEA,2019,ASAMBLEA,41503,PARTIDO COLOMBIA JUSTA LIBRES,21
t2019_ASAMBLEA,2019,ASAMBLEA,41503,PARTIDO CONSERVADOR COLOMBIANO,2603
t2019_ASAMBLEA,2019,ASAMBLEA,41503,PARTIDO LIBERAL COLOMBIANO,349
t2019_ASAMBLEA,2019,ASAMBLEA,41503,PARTIDO POLITICO  MIRA,30
t2019_ASAMBLEA,2019,ASAMBLEA,41503,PARTIDO SOCIAL DE UNIDAD NACIONAL  PARTIDO DE LA U,50
t2019_ASAMBLEA,2019,ASAMBLEA,41503,__BLANCO__,410
t2019_ASAMBLEA,2019,ASAMBLEA,41503,__NO_MARCADOS__,857
t2019_ASAMBLEA,2019,ASAMBLEA,41503,__NULOS__,150
t2019_ASAMBLEA,2019,ASAMBLEA,41518,JUNTOS,47
t2019_ASAMBLEA,2019,ASAMBLEA,41518,PARTIDO ALIANZA VERDE,332
t2019_ASAMBLEA,2019,ASAMBLEA,41518,PARTIDO CAMBIO RADICAL,454
t2019_ASAMBLEA,2019,ASAMBLEA,41518,PARTIDO CENTRO DEMOCRATICO,413
t2019_ASAMBLEA,2019,ASAMBLEA,41518,PARTIDO COLOMBIA JUSTA LIBRES,39
t2019_ASAMBLEA,2019,ASAMBLEA,41518,PARTIDO CONSERVADOR COLOMBIANO,1616
t2019_ASAMBLEA,2019,ASAMBLEA,41518,PARTIDO LIBERAL COLOMBIANO,231
t2019_ASAMBLEA,2019,ASAMBLEA,41518,PARTIDO POLITICO  MIRA,21
t2019_ASAMBLEA,2019,ASAMBLEA,41518,PARTIDO SOCIAL DE UNIDAD NACIONAL  PARTIDO DE LA U,97
t2019_ASAMBLEA,2019,ASAMBLEA,41518,__BLANCO__,228
t2019_ASAMBLEA,2019,ASAMBLEA,41518,__NO_MARCADOS__,357
t2019_ASAMBLEA,2019,ASAMBLEA,41518,__NULOS__,96
t2019_ASAMBLEA,2019,ASAMBLEA,41524,JUNTOS,1571
t2019_ASAMBLEA,2019,ASAMBLEA,41524,PARTIDO ALIANZA VERDE,1601
t2019_ASAMBLEA,2019,ASAMBLEA,41524,PARTIDO CAMBIO RADICAL,1200
t2019_ASAMBLEA,2019,ASAMBLEA,41524,PARTIDO CENTRO DEMOCRATICO,709
t2019_ASAMBLEA,2019,ASAMBLEA,41524,PARTIDO COLOMBIA JUSTA LIBRES,148
t2019_ASAMBLEA,2019,ASAMBLEA,41524,PARTIDO CONSERVADOR COLOMBIANO,3556
t2019_ASAMBLEA,2019,ASAMBLEA,41524,PARTIDO LIBERAL COLOMBIANO,750
t2019_ASAMBLEA,2019,ASAMBLEA,41524,PARTIDO POLITICO  MIRA,675
t2019_ASAMBLEA,2019,ASAMBLEA,41524,PARTIDO SOCIAL DE UNIDAD NACIONAL  PARTIDO DE LA U,1170
t2019_ASAMBLEA,2019,ASAMBLEA,41524,__BLANCO__,1372
t2019_ASAMBLEA,2019,ASAMBLEA,41524,__NO_MARCADOS__,2001
t2019_ASAMBLEA,2019,ASAMBLEA,41524,__NULOS__,573
t2019_ASAMBLEA,2019,ASAMBLEA,41530,JUNTOS,88
t2019_ASAMBLEA,2019,ASAMBLEA,41530,PARTIDO ALIANZA VERDE,331
t2019_ASAMBLEA,2019,ASAMBLEA,41530,PARTIDO CAMBIO RADICAL,515
t2019_ASAMBLEA,2019,ASAMBLEA,41530,PARTIDO CENTRO DEMOCRATICO,481
t2019_ASAMBLEA,2019,ASAMBLEA,41530,PARTIDO COLOMBIA JUSTA LIBRES,26
t2019_ASAMBLEA,2019,ASAMBLEA,41530,PARTIDO CONSERVADOR COLOMBIANO,1420
t2019_ASAMBLEA,2019,ASAMBLEA,41530,PARTIDO LIBERAL COLOMBIANO,1894
t2019_ASAMBLEA,2019,ASAMBLEA,41530,PARTIDO POLITICO  MIRA,30
t2019_ASAMBLEA,2019,ASAMBLEA,41530,PARTIDO SOCIAL DE UNIDAD NACIONAL  PARTIDO DE LA U,243
t2019_ASAMBLEA,2019,ASAMBLEA,41530,__BLANCO__,509
t2019_ASAMBLEA,2019,ASAMBLEA,41530,__NO_MARCADOS__,1042
t2019_ASAMBLEA,2019,ASAMBLEA,41530,__NULOS__,185
t2019_ASAMBLEA,2019,ASAMBLEA,41548,JUNTOS,88
t2019_ASAMBLEA,2019,ASAMBLEA,41548,PARTIDO ALIANZA VERDE,657
t2019_ASAMBLEA,2019,ASAMBLEA,41548,PARTIDO CAMBIO RADICAL,430
t2019_ASAMBLEA,2019,ASAMBLEA,41548,PARTIDO CENTRO DEMOCRATICO,435
t2019_ASAMBLEA,2019,ASAMBLEA,41548,PARTIDO COLOMBIA JUSTA LIBRES,20
t2019_ASAMBLEA,2019,ASAMBLEA,41548,PARTIDO CONSERVADOR COLOMBIANO,1663
t2019_ASAMBLEA,2019,ASAMBLEA,41548,PARTIDO LIBERAL COLOMBIANO,1257
t2019_ASAMBLEA,2019,ASAMBLEA,41548,PARTIDO POLITICO  MIRA,68
t2019_ASAMBLEA,2019,ASAMBLEA,41548,PARTIDO SOCIAL DE UNIDAD NACIONAL  PARTIDO DE LA U,776
t2019_ASAMBLEA,2019,ASAMBLEA,41548,__BLANCO__,422
t2019_ASAMBLEA,2019,ASAMBLEA,41548,__NO_MARCADOS__,748
t2019_ASAMBLEA,2019,ASAMBLEA,41548,__NULOS__,156
t2019_ASAMBLEA,2019,ASAMBLEA,41551,JUNTOS,1061
t2019_ASAMBLEA,2019,ASAMBLEA,41551,PARTIDO ALIANZA VERDE,2532
t2019_ASAMBLEA,2019,ASAMBLEA,41551,PARTIDO CAMBIO RADICAL,8462
t2019_ASAMBLEA,2019,ASAMBLEA,41551,PARTIDO CENTRO DEMOCRATICO,4191
t2019_ASAMBLEA,2019,ASAMBLEA,41551,PARTIDO COLOMBIA JUSTA LIBRES,1205
t2019_ASAMBLEA,2019,ASAMBLEA,41551,PARTIDO CONSERVADOR COLOMBIANO,12970
t2019_ASAMBLEA,2019,ASAMBLEA,41551,PARTIDO LIBERAL COLOMBIANO,7295
t2019_ASAMBLEA,2019,ASAMBLEA,41551,PARTIDO POLITICO  MIRA,986
t2019_ASAMBLEA,2019,ASAMBLEA,41551,PARTIDO SOCIAL DE UNIDAD NACIONAL  PARTIDO DE LA U,2084
t2019_ASAMBLEA,2019,ASAMBLEA,41551,__BLANCO__,8780
t2019_ASAMBLEA,2019,ASAMBLEA,41551,__NO_MARCADOS__,6282
t2019_ASAMBLEA,2019,ASAMBLEA,41551,__NULOS__,2186
t2019_ASAMBLEA,2019,ASAMBLEA,41615,JUNTOS,796
t2019_ASAMBLEA,2019,ASAMBLEA,41615,PARTIDO ALIANZA VERDE,1202
t2019_ASAMBLEA,2019,ASAMBLEA,41615,PARTIDO CAMBIO RADICAL,1249
t2019_ASAMBLEA,2019,ASAMBLEA,41615,PARTIDO CENTRO DEMOCRATICO,1212
t2019_ASAMBLEA,2019,ASAMBLEA,41615,PARTIDO COLOMBIA JUSTA LIBRES,179
t2019_ASAMBLEA,2019,ASAMBLEA,41615,PARTIDO CONSERVADOR COLOMBIANO,1331
t2019_ASAMBLEA,2019,ASAMBLEA,41615,PARTIDO LIBERAL COLOMBIANO,1958
t2019_ASAMBLEA,2019,ASAMBLEA,41615,PARTIDO POLITICO  MIRA,335
t2019_ASAMBLEA,2019,ASAMBLEA,41615,PARTIDO SOCIAL DE UNIDAD NACIONAL  PARTIDO DE LA U,854
t2019_ASAMBLEA,2019,ASAMBLEA,41615,__BLANCO__,1305
t2019_ASAMBLEA,2019,ASAMBLEA,41615,__NO_MARCADOS__,1376
t2019_ASAMBLEA,2019,ASAMBLEA,41615,__NULOS__,492
t2019_ASAMBLEA,2019,ASAMBLEA,41660,JUNTOS,98
t2019_ASAMBLEA,2019,ASAMBLEA,41660,PARTIDO ALIANZA VERDE,1011
t2019_ASAMBLEA,2019,ASAMBLEA,41660,PARTIDO CAMBIO RADICAL,476
t2019_ASAMBLEA,2019,ASAMBLEA,41660,PARTIDO CENTRO DEMOCRATICO,399
t2019_ASAMBLEA,2019,ASAMBLEA,41660,PARTIDO COLOMBIA JUSTA LIBRES,27
t2019_ASAMBLEA,2019,ASAMBLEA,41660,PARTIDO CONSERVADOR COLOMBIANO,2480
t2019_ASAMBLEA,2019,ASAMBLEA,41660,PARTIDO LIBERAL COLOMBIANO,457
t2019_ASAMBLEA,2019,ASAMBLEA,41660,PARTIDO POLITICO  MIRA,24
t2019_ASAMBLEA,2019,ASAMBLEA,41660,PARTIDO SOCIAL DE UNIDAD NACIONAL  PARTIDO DE LA U,303
t2019_ASAMBLEA,2019,ASAMBLEA,41660,__BLANCO__,366
t2019_ASAMBLEA,2019,ASAMBLEA,41660,__NO_MARCADOS__,1388
t2019_ASAMBLEA,2019,ASAMBLEA,41660,__NULOS__,166
t2019_ASAMBLEA,2019,ASAMBLEA,41668,JUNTOS,241
t2019_ASAMBLEA,2019,ASAMBLEA,41668,PARTIDO ALIANZA VERDE,4792
t2019_ASAMBLEA,2019,ASAMBLEA,41668,PARTIDO CAMBIO RADICAL,1235
t2019_ASAMBLEA,2019,ASAMBLEA,41668,PARTIDO CENTRO DEMOCRATICO,390
t2019_ASAMBLEA,2019,ASAMBLEA,41668,PARTIDO COLOMBIA JUSTA LIBRES,265
t2019_ASAMBLEA,2019,ASAMBLEA,41668,PARTIDO CONSERVADOR COLOMBIANO,1556
t2019_ASAMBLEA,2019,ASAMBLEA,41668,PARTIDO LIBERAL COLOMBIANO,3069
t2019_ASAMBLEA,2019,ASAMBLEA,41668,PARTIDO POLITICO  MIRA,202
t2019_ASAMBLEA,2019,ASAMBLEA,41668,PARTIDO SOCIAL DE UNIDAD NACIONAL  PARTIDO DE LA U,418
t2019_ASAMBLEA,2019,ASAMBLEA,41668,__BLANCO__,1279
t2019_ASAMBLEA,2019,ASAMBLEA,41668,__NO_MARCADOS__,2554
t2019_ASAMBLEA,2019,ASAMBLEA,41668,__NULOS__,528
t2019_ASAMBLEA,2019,ASAMBLEA,41676,JUNTOS,267
t2019_ASAMBLEA,2019,ASAMBLEA,41676,PARTIDO ALIANZA VERDE,880
t2019_ASAMBLEA,2019,ASAMBLEA,41676,PARTIDO CAMBIO RADICAL,605
t2019_ASAMBLEA,2019,ASAMBLEA,41676,PARTIDO CENTRO DEMOCRATICO,911
t2019_ASAMBLEA,2019,ASAMBLEA,41676,PARTIDO COLOMBIA JUSTA LIBRES,40
t2019_ASAMBLEA,2019,ASAMBLEA,41676,PARTIDO CONSERVADOR COLOMBIANO,1109
t2019_ASAMBLEA,2019,ASAMBLEA,41676,PARTIDO LIBERAL COLOMBIANO,321
t2019_ASAMBLEA,2019,ASAMBLEA,41676,PARTIDO POLITICO  MIRA,273
t2019_ASAMBLEA,2019,ASAMBLEA,41676,PARTIDO SOCIAL DE UNIDAD NACIONAL  PARTIDO DE LA U,123
t2019_ASAMBLEA,2019,ASAMBLEA,41676,__BLANCO__,408
t2019_ASAMBLEA,2019,ASAMBLEA,41676,__NO_MARCADOS__,927
t2019_ASAMBLEA,2019,ASAMBLEA,41676,__NULOS__,121
t2019_ASAMBLEA,2019,ASAMBLEA,41770,JUNTOS,158
t2019_ASAMBLEA,2019,ASAMBLEA,41770,PARTIDO ALIANZA VERDE,1947
t2019_ASAMBLEA,2019,ASAMBLEA,41770,PARTIDO CAMBIO RADICAL,1015
t2019_ASAMBLEA,2019,ASAMBLEA,41770,PARTIDO CENTRO DEMOCRATICO,688
t2019_ASAMBLEA,2019,ASAMBLEA,41770,PARTIDO COLOMBIA JUSTA LIBRES,370
t2019_ASAMBLEA,2019,ASAMBLEA,41770,PARTIDO CONSERVADOR COLOMBIANO,972
t2019_ASAMBLEA,2019,ASAMBLEA,41770,PARTIDO LIBERAL COLOMBIANO,1271
t2019_ASAMBLEA,2019,ASAMBLEA,41770,PARTIDO POLITICO  MIRA,209
t2019_ASAMBLEA,2019,ASAMBLEA,41770,PARTIDO SOCIAL DE UNIDAD NACIONAL  PARTIDO DE LA U,563
t2019_ASAMBLEA,2019,ASAMBLEA,41770,__BLANCO__,755
t2019_ASAMBLEA,2019,ASAMBLEA,41770,__NO_MARCADOS__,1859
t2019_ASAMBLEA,2019,ASAMBLEA,41770,__NULOS__,282
t2019_ASAMBLEA,2019,ASAMBLEA,41791,JUNTOS,103
t2019_ASAMBLEA,2019,ASAMBLEA,41791,PARTIDO ALIANZA VERDE,1337
t2019_ASAMBLEA,2019,ASAMBLEA,41791,PARTIDO CAMBIO RADICAL,466
t2019_ASAMBLEA,2019,ASAMBLEA,41791,PARTIDO CENTRO DEMOCRATICO,491
t2019_ASAMBLEA,2019,ASAMBLEA,41791,PARTIDO COLOMBIA JUSTA LIBRES,16
t2019_ASAMBLEA,2019,ASAMBLEA,41791,PARTIDO CONSERVADOR COLOMBIANO,1675
t2019_ASAMBLEA,2019,ASAMBLEA,41791,PARTIDO LIBERAL COLOMBIANO,3014
t2019_ASAMBLEA,2019,ASAMBLEA,41791,PARTIDO POLITICO  MIRA,167
t2019_ASAMBLEA,2019,ASAMBLEA,41791,PARTIDO SOCIAL DE UNIDAD NACIONAL  PARTIDO DE LA U,170
t2019_ASAMBLEA,2019,ASAMBLEA,41791,__BLANCO__,664
t2019_ASAMBLEA,2019,ASAMBLEA,41791,__NO_MARCADOS__,880
t2019_ASAMBLEA,2019,ASAMBLEA,41791,__NULOS__,243
t2019_ASAMBLEA,2019,ASAMBLEA,41797,JUNTOS,118
t2019_ASAMBLEA,2019,ASAMBLEA,41797,PARTIDO ALIANZA VERDE,1000
t2019_ASAMBLEA,2019,ASAMBLEA,41797,PARTIDO CAMBIO RADICAL,739
t2019_ASAMBLEA,2019,ASAMBLEA,41797,PARTIDO CENTRO DEMOCRATICO,397
t2019_ASAMBLEA,2019,ASAMBLEA,41797,PARTIDO COLOMBIA JUSTA LIBRES,15
t2019_ASAMBLEA,2019,ASAMBLEA,41797,PARTIDO CONSERVADOR COLOMBIANO,1748
t2019_ASAMBLEA,2019,ASAMBLEA,41797,PARTIDO LIBERAL COLOMBIANO,260
t2019_ASAMBLEA,2019,ASAMBLEA,41797,PARTIDO POLITICO  MIRA,54
t2019_ASAMBLEA,2019,ASAMBLEA,41797,PARTIDO SOCIAL DE UNIDAD NACIONAL  PARTIDO DE LA U,267
t2019_ASAMBLEA,2019,ASAMBLEA,41797,__BLANCO__,418
t2019_ASAMBLEA,2019,ASAMBLEA,41797,__NO_MARCADOS__,607
t2019_ASAMBLEA,2019,ASAMBLEA,41797,__NULOS__,189
t2019_ASAMBLEA,2019,ASAMBLEA,41799,JUNTOS,200
t2019_ASAMBLEA,2019,ASAMBLEA,41799,PARTIDO ALIANZA VERDE,388
t2019_ASAMBLEA,2019,ASAMBLEA,41799,PARTIDO CAMBIO RADICAL,1689
t2019_ASAMBLEA,2019,ASAMBLEA,41799,PARTIDO CENTRO DEMOCRATICO,373
t2019_ASAMBLEA,2019,ASAMBLEA,41799,PARTIDO COLOMBIA JUSTA LIBRES,178
t2019_ASAMBLEA,2019,ASAMBLEA,41799,PARTIDO CONSERVADOR COLOMBIANO,788
t2019_ASAMBLEA,2019,ASAMBLEA,41799,PARTIDO LIBERAL COLOMBIANO,1680
t2019_ASAMBLEA,2019,ASAMBLEA,41799,PARTIDO POLITICO  MIRA,304
t2019_ASAMBLEA,2019,ASAMBLEA,41799,PARTIDO SOCIAL DE UNIDAD NACIONAL  PARTIDO DE LA U,391
t2019_ASAMBLEA,2019,ASAMBLEA,41799,__BLANCO__,402
t2019_ASAMBLEA,2019,ASAMBLEA,41799,__NO_MARCADOS__,826
t2019_ASAMBLEA,2019,ASAMBLEA,41799,__NULOS__,271
t2019_ASAMBLEA,2019,ASAMBLEA,41801,JUNTOS,258
t2019_ASAMBLEA,2019,ASAMBLEA,41801,PARTIDO ALIANZA VERDE,344
t2019_ASAMBLEA,2019,ASAMBLEA,41801,PARTIDO CAMBIO RADICAL,359
t2019_ASAMBLEA,2019,ASAMBLEA,41801,PARTIDO CENTRO DEMOCRATICO,328
t2019_ASAMBLEA,2019,ASAMBLEA,41801,PARTIDO COLOMBIA JUSTA LIBRES,10
t2019_ASAMBLEA,2019,ASAMBLEA,41801,PARTIDO CONSERVADOR COLOMBIANO,1815
t2019_ASAMBLEA,2019,ASAMBLEA,41801,PARTIDO LIBERAL COLOMBIANO,463
t2019_ASAMBLEA,2019,ASAMBLEA,41801,PARTIDO POLITICO  MIRA,147
t2019_ASAMBLEA,2019,ASAMBLEA,41801,PARTIDO SOCIAL DE UNIDAD NACIONAL  PARTIDO DE LA U,190
t2019_ASAMBLEA,2019,ASAMBLEA,41801,__BLANCO__,353
t2019_ASAMBLEA,2019,ASAMBLEA,41801,__NO_MARCADOS__,621
t2019_ASAMBLEA,2019,ASAMBLEA,41801,__NULOS__,82
t2019_ASAMBLEA,2019,ASAMBLEA,41807,JUNTOS,251
t2019_ASAMBLEA,2019,ASAMBLEA,41807,PARTIDO ALIANZA VERDE,697
t2019_ASAMBLEA,2019,ASAMBLEA,41807,PARTIDO CAMBIO RADICAL,628
t2019_ASAMBLEA,2019,ASAMBLEA,41807,PARTIDO CENTRO DEMOCRATICO,856
t2019_ASAMBLEA,2019,ASAMBLEA,41807,PARTIDO COLOMBIA JUSTA LIBRES,77
t2019_ASAMBLEA,2019,ASAMBLEA,41807,PARTIDO CONSERVADOR COLOMBIANO,3436
t2019_ASAMBLEA,2019,ASAMBLEA,41807,PARTIDO LIBERAL COLOMBIANO,1381
t2019_ASAMBLEA,2019,ASAMBLEA,41807,PARTIDO POLITICO  MIRA,187
t2019_ASAMBLEA,2019,ASAMBLEA,41807,PARTIDO SOCIAL DE UNIDAD NACIONAL  PARTIDO DE LA U,235
t2019_ASAMBLEA,2019,ASAMBLEA,41807,__BLANCO__,1185
t2019_ASAMBLEA,2019,ASAMBLEA,41807,__NO_MARCADOS__,1913
t2019_ASAMBLEA,2019,ASAMBLEA,41807,__NULOS__,400
t2019_ASAMBLEA,2019,ASAMBLEA,41872,JUNTOS,250
t2019_ASAMBLEA,2019,ASAMBLEA,41872,PARTIDO ALIANZA VERDE,373
t2019_ASAMBLEA,2019,ASAMBLEA,41872,PARTIDO CAMBIO RADICAL,383
t2019_ASAMBLEA,2019,ASAMBLEA,41872,PARTIDO CENTRO DEMOCRATICO,1194
t2019_ASAMBLEA,2019,ASAMBLEA,41872,PARTIDO COLOMBIA JUSTA LIBRES,30
t2019_ASAMBLEA,2019,ASAMBLEA,41872,PARTIDO CONSERVADOR COLOMBIANO,757
t2019_ASAMBLEA,2019,ASAMBLEA,41872,PARTIDO LIBERAL COLOMBIANO,389
t2019_ASAMBLEA,2019,ASAMBLEA,41872,PARTIDO POLITICO  MIRA,60
t2019_ASAMBLEA,2019,ASAMBLEA,41872,PARTIDO SOCIAL DE UNIDAD NACIONAL  PARTIDO DE LA U,224
t2019_ASAMBLEA,2019,ASAMBLEA,41872,__BLANCO__,433
t2019_ASAMBLEA,2019,ASAMBLEA,41872,__NO_MARCADOS__,804
t2019_ASAMBLEA,2019,ASAMBLEA,41872,__NULOS__,229
t2019_ASAMBLEA,2019,ASAMBLEA,41885,JUNTOS,247
t2019_ASAMBLEA,2019,ASAMBLEA,41885,PARTIDO ALIANZA VERDE,472
t2019_ASAMBLEA,2019,ASAMBLEA,41885,PARTIDO CAMBIO RADICAL,715
t2019_ASAMBLEA,2019,ASAMBLEA,41885,PARTIDO CENTRO DEMOCRATICO,374
t2019_ASAMBLEA,2019,ASAMBLEA,41885,PARTIDO COLOMBIA JUSTA LIBRES,41
t2019_ASAMBLEA,2019,ASAMBLEA,41885,PARTIDO CONSERVADOR COLOMBIANO,845
t2019_ASAMBLEA,2019,ASAMBLEA,41885,PARTIDO LIBERAL COLOMBIANO,618
t2019_ASAMBLEA,2019,ASAMBLEA,41885,PARTIDO POLITICO  MIRA,59
t2019_ASAMBLEA,2019,ASAMBLEA,41885,PARTIDO SOCIAL DE UNIDAD NACIONAL  PARTIDO DE LA U,239
t2019_ASAMBLEA,2019,ASAMBLEA,41885,__BLANCO__,701
t2019_ASAMBLEA,2019,ASAMBLEA,41885,__NO_MARCADOS__,785
t2019_ASAMBLEA,2019,ASAMBLEA,41885,__NULOS__,226
t2019_CONCEJO,2019,CONCEJO,41001,FUERZA CIUDADANA NEIVA,7794
t2019_CONCEJO,2019,CONCEJO,41001,MOVIMIENTO ALTERNATIVO INDIGENA Y SOCIAL MAIS,6144
t2019_CONCEJO,2019,CONCEJO,41001,NEIVA HUMANA Y ALTERNATIVA,10923
t2019_CONCEJO,2019,CONCEJO,41001,NEIVA PRIMERO,15107
t2019_CONCEJO,2019,CONCEJO,41001,PARTIDO ALIANZA SOCIAL INDEPENDIENTE ASI,9573
t2019_CONCEJO,2019,CONCEJO,41001,PARTIDO ALIANZA VERDE,14898
t2019_CONCEJO,2019,CONCEJO,41001,PARTIDO CAMBIO RADICAL,13404
t2019_CONCEJO,2019,CONCEJO,41001,PARTIDO CENTRO DEMOCRATICO,9035
t2019_CONCEJO,2019,CONCEJO,41001,PARTIDO COLOMBIA JUSTA LIBRES,2470
t2019_CONCEJO,2019,CONCEJO,41001,PARTIDO COLOMBIA RENACIENTE,2226
t2019_CONCEJO,2019,CONCEJO,41001,PARTIDO CONSERVADOR  -  PARTIDO POLITICO MIRA,17351
t2019_CONCEJO,2019,CONCEJO,41001,PARTIDO LIBERAL COLOMBIANO,10917
t2019_CONCEJO,2019,CONCEJO,41001,PARTIDO SOCIAL DE UNIDAD NACIONAL  PARTIDO DE LA U,14967
t2019_CONCEJO,2019,CONCEJO,41001,TRANSFORMEMOS NEIVA,8219
t2019_CONCEJO,2019,CONCEJO,41001,__BLANCO__,14463
t2019_CONCEJO,2019,CONCEJO,41001,__NO_MARCADOS__,6103
t2019_CONCEJO,2019,CONCEJO,41001,__NULOS__,5282
t2019_CONCEJO,2019,CONCEJO,41006,MOVIMIENTO ALTERNATIVO INDIGENA Y SOCIAL MAIS,1139
t2019_CONCEJO,2019,CONCEJO,41006,MOVIMIENTO AUTORIDADES INDIGENAS DE COLOMBIA AICO,1018
t2019_CONCEJO,2019,CONCEJO,41006,PARTIDO ALIANZA SOCIAL INDEPENDIENTE ASI,2738
t2019_CONCEJO,2019,CONCEJO,41006,PARTIDO ALIANZA VERDE,1440
t2019_CONCEJO,2019,CONCEJO,41006,PARTIDO CAMBIO RADICAL,2647
t2019_CONCEJO,2019,CONCEJO,41006,PARTIDO CENTRO DEMOCRATICO,706
t2019_CONCEJO,2019,CONCEJO,41006,PARTIDO COLOMBIA JUSTA LIBRES,168
t2019_CONCEJO,2019,CONCEJO,41006,PARTIDO CONSERVADOR COLOMBIANO,1796
t2019_CONCEJO,2019,CONCEJO,41006,PARTIDO LIBERAL COLOMBIANO,379
t2019_CONCEJO,2019,CONCEJO,41006,__BLANCO__,349
t2019_CONCEJO,2019,CONCEJO,41006,__NO_MARCADOS__,791
t2019_CONCEJO,2019,CONCEJO,41006,__NULOS__,480
t2019_CONCEJO,2019,CONCEJO,41013,PARTIDO CAMBIO RADICAL,934
t2019_CONCEJO,2019,CONCEJO,41013,PARTIDO CENTRO DEMOCRATICO,386
t2019_CONCEJO,2019,CONCEJO,41013,PARTIDO COLOMBIA JUSTA LIBRES,93
t2019_CONCEJO,2019,CONCEJO,41013,PARTIDO COLOMBIA RENACIENTE,175
t2019_CONCEJO,2019,CONCEJO,41013,PARTIDO CONSERVADOR COLOMBIANO,1540
t2019_CONCEJO,2019,CONCEJO,41013,PARTIDO LIBERAL COLOMBIANO,1239
t2019_CONCEJO,2019,CONCEJO,41013,PARTIDO POLITICO  MIRA,125
t2019_CONCEJO,2019,CONCEJO,41013,PARTIDO SOCIAL DE UNIDAD NACIONAL  PARTIDO DE LA U,936
t2019_CONCEJO,2019,CONCEJO,41013,__BLANCO__,66
t2019_CONCEJO,2019,CONCEJO,41013,__NO_MARCADOS__,170
t2019_CONCEJO,2019,CONCEJO,41013,__NULOS__,60
t2019_CONCEJO,2019,CONCEJO,41016,JUNTOS POR AIPE,354
t2019_CONCEJO,2019,CONCEJO,41016,PARTIDO ALIANZA SOCIAL INDEPENDIENTE ASI,1136
t2019_CONCEJO,2019,CONCEJO,41016,PARTIDO ALIANZA VERDE,889
t2019_CONCEJO,2019,CONCEJO,41016,PARTIDO CAMBIO RADICAL,2081
t2019_CONCEJO,2019,CONCEJO,41016,PARTIDO CENTRO DEMOCRATICO,66
t2019_CONCEJO,2019,CONCEJO,41016,PARTIDO CONSERVADOR COLOMBIANO,2020
t2019_CONCEJO,2019,CONCEJO,41016,PARTIDO LIBERAL COLOMBIANO,830
t2019_CONCEJO,2019,CONCEJO,41016,PARTIDO POLITICO  MIRA,302
t2019_CONCEJO,2019,CONCEJO,41016,PARTIDO SOCIAL DE UNIDAD NACIONAL  PARTIDO DE LA U,2885
t2019_CONCEJO,2019,CONCEJO,41016,__BLANCO__,221
t2019_CONCEJO,2019,CONCEJO,41016,__NO_MARCADOS__,315
t2019_CONCEJO,2019,CONCEJO,41016,__NULOS__,275
t2019_CONCEJO,2019,CONCEJO,41020,MOVIMIENTO ALTERNATIVO INDIGENA Y SOCIAL MAIS,75
t2019_CONCEJO,2019,CONCEJO,41020,PARTIDO ALIANZA VERDE,624
t2019_CONCEJO,2019,CONCEJO,41020,PARTIDO CAMBIO RADICAL,1151
t2019_CONCEJO,2019,CONCEJO,41020,PARTIDO CENTRO DEMOCRATICO,284
t2019_CONCEJO,2019,CONCEJO,41020,PARTIDO COLOMBIA JUSTA LIBRES,1247
t2019_CONCEJO,2019,CONCEJO,41020,PARTIDO CONSERVADOR  -  PARTIDO POLITICO MIRA,1680
t2019_CONCEJO,2019,CONCEJO,41020,PARTIDO FUERZA ALTERNATIVA REVOLUCIONARIA DEL COMUN FARC,47
t2019_CONCEJO,2019,CONCEJO,41020,PARTIDO LIBERAL COLOMBIANO,2822
t2019_CONCEJO,2019,CONCEJO,41020,PARTIDO SOCIAL DE UNIDAD NACIONAL  PARTIDO DE LA U,1585
t2019_CONCEJO,2019,CONCEJO,41020,UNIDAD POR ALGECIRAS,710
t2019_CONCEJO,2019,CONCEJO,41020,__BLANCO__,138
t2019_CONCEJO,2019,CONCEJO,41020,__NO_MARCADOS__,754
t2019_CONCEJO,2019,CONCEJO,41020,__NULOS__,503
t2019_CONCEJO,2019,CONCEJO,41026,MOVIMIENTO ALTERNATIVO INDIGENA Y SOCIAL MAIS,62
t2019_CONCEJO,2019,CONCEJO,41026,PARTIDO ALIANZA SOCIAL INDEPENDIENTE ASI,278
t2019_CONCEJO,2019,CONCEJO,41026,PARTIDO ALIANZA VERDE,411
t2019_CONCEJO,2019,CONCEJO,41026,PARTIDO CENTRO DEMOCRATICO,39
t2019_CONCEJO,2019,CONCEJO,41026,PARTIDO COLOMBIA RENACIENTE,223
t2019_CONCEJO,2019,CONCEJO,41026,PARTIDO CONSERVADOR COLOMBIANO,545
t2019_CONCEJO,2019,CONCEJO,41026,PARTIDO LIBERAL COLOMBIANO,331
t2019_CONCEJO,2019,CONCEJO,41026,PARTIDO SOCIAL DE UNIDAD NACIONAL  PARTIDO DE LA U,525
t2019_CONCEJO,2019,CONCEJO,41026,__BLANCO__,46
t2019_CONCEJO,2019,CONCEJO,41026,__NO_MARCADOS__,69
t2019_CONCEJO,2019,CONCEJO,41026,__NULOS__,53
t2019_CONCEJO,2019,CONCEJO,41078,MOVIMIENTO ALTERNATIVO INDIGENA Y SOCIAL MAIS,248
t2019_CONCEJO,2019,CONCEJO,41078,PARTIDO ALIANZA SOCIAL INDEPENDIENTE ASI,119
t2019_CONCEJO,2019,CONCEJO,41078,PARTIDO ALIANZA VERDE,686
t2019_CONCEJO,2019,CONCEJO,41078,PARTIDO CAMBIO RADICAL,944
t2019_CONCEJO,2019,CONCEJO,41078,PARTIDO CENTRO DEMOCRATICO,214
t2019_CONCEJO,2019,CONCEJO,41078,PARTIDO CONSERVADOR  -  PARTIDO POLITICO MIRA,444
t2019_CONCEJO,2019,CONCEJO,41078,PARTIDO LIBERAL COLOMBIANO,491
t2019_CONCEJO,2019,CONCEJO,41078,PARTIDO POLO DEMOCRATICO ALTERNATIVO,274
t2019_CONCEJO,2019,CONCEJO,41078,PARTIDO SOCIAL DE UNIDAD NACIONAL  PARTIDO DE LA U,519
t2019_CONCEJO,2019,CONCEJO,41078,__BLANCO__,58
t2019_CONCEJO,2019,CONCEJO,41078,__NO_MARCADOS__,171
t2019_CONCEJO,2019,CONCEJO,41078,__NULOS__,106
t2019_CONCEJO,2019,CONCEJO,41132,CAMPOALEGRE HUMANO Y SOLIDARIO,971
t2019_CONCEJO,2019,CONCEJO,41132,MOVIMIENTO AUTORIDADES INDIGENAS DE COLOMBIA AICO,1599
t2019_CONCEJO,2019,CONCEJO,41132,PARTIDO ADA,956
t2019_CONCEJO,2019,CONCEJO,41132,PARTIDO ALIANZA SOCIAL INDEPENDIENTE ASI,757
t2019_CONCEJO,2019,CONCEJO,41132,PARTIDO ALIANZA VERDE,991
t2019_CONCEJO,2019,CONCEJO,41132,PARTIDO CAMBIO RADICAL,1666
t2019_CONCEJO,2019,CONCEJO,41132,PARTIDO CENTRO DEMOCRATICO,588
t2019_CONCEJO,2019,CONCEJO,41132,PARTIDO COLOMBIA JUSTA LIBRES,364
t2019_CONCEJO,2019,CONCEJO,41132,PARTIDO COLOMBIA RENACIENTE,1047
t2019_CONCEJO,2019,CONCEJO,41132,PARTIDO CONSERVADOR  -  PARTIDO POLITICO MIRA,1663
t2019_CONCEJO,2019,CONCEJO,41132,PARTIDO LIBERAL COLOMBIANO,3239
t2019_CONCEJO,2019,CONCEJO,41132,PARTIDO POLO DEMOCRATICO ALTERNATIVO,1027
t2019_CONCEJO,2019,CONCEJO,41132,PARTIDO SOCIAL DE UNIDAD NACIONAL  PARTIDO DE LA U,469
t2019_CONCEJO,2019,CONCEJO,41132,__BLANCO__,534
t2019_CONCEJO,2019,CONCEJO,41132,__NO_MARCADOS__,587
t2019_CONCEJO,2019,CONCEJO,41132,__NULOS__,615
t2019_CONCEJO,2019,CONCEJO,41206,PARTIDO CAMBIO RADICAL,1704
t2019_CONCEJO,2019,CONCEJO,41206,PARTIDO CONSERVADOR COLOMBIANO,1138
t2019_CONCEJO,2019,CONCEJO,41206,PARTIDO LIBERAL COLOMBIANO,1224
t2019_CONCEJO,2019,CONCEJO,41206,PARTIDO SOCIAL DE UNIDAD NACIONAL  PARTIDO DE LA U,498
t2019_CONCEJO,2019,CONCEJO,41206,__BLANCO__,33
t2019_CONCEJO,2019,CONCEJO,41206,__NO_MARCADOS__,148
t2019_CONCEJO,2019,CONCEJO,41206,__NULOS__,88
t2019_CONCEJO,2019,CONCEJO,41244,PARTIDO ALIANZA VERDE,945
t2019_CONCEJO,2019,CONCEJO,41244,PARTIDO CENTRO DEMOCRATICO,692
t2019_CONCEJO,2019,CONCEJO,41244,PARTIDO CONSERVADOR COLOMBIANO,658
t2019_CONCEJO,2019,CONCEJO,41244,PARTIDO POLITICO  MIRA,39
t2019_CONCEJO,2019,CONCEJO,41244,PARTIDO SOCIAL DE UNIDAD NACIONAL  PARTIDO DE LA U,95
t2019_CONCEJO,2019,CONCEJO,41244,__BLANCO__,38
t2019_CONCEJO,2019,CONCEJO,41244,__NO_MARCADOS__,91
t2019_CONCEJO,2019,CONCEJO,41244,__NULOS__,22
t2019_CONCEJO,2019,CONCEJO,41298,MOVIMIENTO ALTERNATIVO INDIGENA Y SOCIAL MAIS,663
t2019_CONCEJO,2019,CONCEJO,41298,MOVIMIENTO AUTORIDADES INDIGENAS DE COLOMBIA AICO,1626
t2019_CONCEJO,2019,CONCEJO,41298,PARTIDO ALIANZA SOCIAL INDEPENDIENTE ASI,1322
t2019_CONCEJO,2019,CONCEJO,41298,PARTIDO ALIANZA VERDE,4829
t2019_CONCEJO,2019,CONCEJO,41298,PARTIDO CAMBIO RADICAL,3671
t2019_CONCEJO,2019,CONCEJO,41298,PARTIDO CENTRO DEMOCRATICO,4338
t2019_CONCEJO,2019,CONCEJO,41298,PARTIDO CONSERVADOR COLOMBIANO,5179
t2019_CONCEJO,2019,CONCEJO,41298,PARTIDO LIBERAL COLOMBIANO,3956
t2019_CONCEJO,2019,CONCEJO,41298,PARTIDO POLITICO  MIRA,412
t2019_CONCEJO,2019,CONCEJO,41298,PARTIDO SOCIAL DE UNIDAD NACIONAL  PARTIDO DE LA U,1872
t2019_CONCEJO,2019,CONCEJO,41298,"SIEMPRE, UNIDOS POR GARZON",666
t2019_CONCEJO,2019,CONCEJO,41298,UNIDAD POR GARZON,644
t2019_CONCEJO,2019,CONCEJO,41298,__BLANCO__,1748
t2019_CONCEJO,2019,CONCEJO,41298,__NO_MARCADOS__,1214
t2019_CONCEJO,2019,CONCEJO,41298,__NULOS__,1109
t2019_CONCEJO,2019,CONCEJO,41306,MOVIMIENTO ALTERNATIVO INDIGENA Y SOCIAL MAIS,805
t2019_CONCEJO,2019,CONCEJO,41306,MOVIMIENTO AUTORIDADES INDIGENAS DE COLOMBIA AICO,678
t2019_CONCEJO,2019,CONCEJO,41306,PARTIDO ALIANZA SOCIAL INDEPENDIENTE ASI,707
t2019_CONCEJO,2019,CONCEJO,41306,PARTIDO ALIANZA VERDE,1826
t2019_CONCEJO,2019,CONCEJO,41306,PARTIDO CAMBIO RADICAL,1586
t2019_CONCEJO,2019,CONCEJO,41306,PARTIDO CENTRO DEMOCRATICO,1136
t2019_CONCEJO,2019,CONCEJO,41306,PARTIDO COLOMBIA JUSTA LIBRES,140
t2019_CONCEJO,2019,CONCEJO,41306,PARTIDO COLOMBIA RENACIENTE,214
t2019_CONCEJO,2019,CONCEJO,41306,PARTIDO CONSERVADOR  -  PARTIDO POLITICO MIRA,1322
t2019_CONCEJO,2019,CONCEJO,41306,PARTIDO LIBERAL COLOMBIANO,1427
t2019_CONCEJO,2019,CONCEJO,41306,PARTIDO SOCIAL DE UNIDAD NACIONAL  PARTIDO DE LA U,1259
t2019_CONCEJO,2019,CONCEJO,41306,__BLANCO__,406
t2019_CONCEJO,2019,CONCEJO,41306,__NO_MARCADOS__,563
t2019_CONCEJO,2019,CONCEJO,41306,__NULOS__,351
t2019_CONCEJO,2019,CONCEJO,41319,MOVIMIENTO ALTERNATIVO INDIGENA Y SOCIAL MAIS,115
t2019_CONCEJO,2019,CONCEJO,41319,PARTIDO ALIANZA SOCIAL INDEPENDIENTE ASI,983
t2019_CONCEJO,2019,CONCEJO,41319,PARTIDO ALIANZA VERDE,612
t2019_CONCEJO,2019,CONCEJO,41319,PARTIDO CAMBIO RADICAL,1319
t2019_CONCEJO,2019,CONCEJO,41319,PARTIDO CENTRO DEMOCRATICO,696
t2019_CONCEJO,2019,CONCEJO,41319,PARTIDO CONSERVADOR COLOMBIANO,1156
t2019_CONCEJO,2019,CONCEJO,41319,PARTIDO LIBERAL COLOMBIANO,1756
t2019_CONCEJO,2019,CONCEJO,41319,PARTIDO POLITICO  MIRA,120
t2019_CONCEJO,2019,CONCEJO,41319,PARTIDO SOCIAL DE UNIDAD NACIONAL  PARTIDO DE LA U,1515
t2019_CONCEJO,2019,CONCEJO,41319,__BLANCO__,173
t2019_CONCEJO,2019,CONCEJO,41319,__NO_MARCADOS__,347
t2019_CONCEJO,2019,CONCEJO,41319,__NULOS__,304
t2019_CONCEJO,2019,CONCEJO,41349,MOVIMIENTO AUTORIDADES INDIGENAS DE COLOMBIA AICO,469
t2019_CONCEJO,2019,CONCEJO,41349,PARTIDO ALIANZA VERDE,720
t2019_CONCEJO,2019,CONCEJO,41349,PARTIDO CAMBIO RADICAL,449
t2019_CONCEJO,2019,CONCEJO,41349,PARTIDO CENTRO DEMOCRATICO,533
t2019_CONCEJO,2019,CONCEJO,41349,PARTIDO COLOMBIA JUSTA LIBRES,178
t2019_CONCEJO,2019,CONCEJO,41349,PARTIDO CONSERVADOR COLOMBIANO,384
t2019_CONCEJO,2019,CONCEJO,41349,PARTIDO LIBERAL COLOMBIANO,886
t2019_CONCEJO,2019,CONCEJO,41349,PARTIDO SOCIAL DE UNIDAD NACIONAL  PARTIDO DE LA U,485
t2019_CONCEJO,2019,CONCEJO,41349,__BLANCO__,58
t2019_CONCEJO,2019,CONCEJO,41349,__NO_MARCADOS__,180
t2019_CONCEJO,2019,CONCEJO,41349,__NULOS__,107
t2019_CONCEJO,2019,CONCEJO,41357,MOVIMIENTO ALTERNATIVO INDIGENA Y SOCIAL MAIS,710
t2019_CONCEJO,2019,CONCEJO,41357,PARTIDO ALIANZA VERDE,678
t2019_CONCEJO,2019,CONCEJO,41357,PARTIDO CAMBIO RADICAL,883
t2019_CONCEJO,2019,CONCEJO,41357,PARTIDO CENTRO DEMOCRATICO,41
t2019_CONCEJO,2019,CONCEJO,41357,PARTIDO COLOMBIA RENACIENTE,815
t2019_CONCEJO,2019,CONCEJO,41357,PARTIDO CONSERVADOR COLOMBIANO,960
t2019_CONCEJO,2019,CONCEJO,41357,PARTIDO LIBERAL COLOMBIANO,693
t2019_CONCEJO,2019,CONCEJO,41357,PARTIDO POLO DEMOCRATICO ALTERNATIVO,297
t2019_CONCEJO,2019,CONCEJO,41357,PARTIDO SOCIAL DE UNIDAD NACIONAL  PARTIDO DE LA U,214
t2019_CONCEJO,2019,CONCEJO,41357,__BLANCO__,68
t2019_CONCEJO,2019,CONCEJO,41357,__NO_MARCADOS__,183
t2019_CONCEJO,2019,CONCEJO,41357,__NULOS__,119
t2019_CONCEJO,2019,CONCEJO,41359,ALIANZA INDEPENDIENTE,969
t2019_CONCEJO,2019,CONCEJO,41359,MOVIMIENTO ALTERNATIVO INDIGENA Y SOCIAL MAIS,1628
t2019_CONCEJO,2019,CONCEJO,41359,MOVIMIENTO AUTORIDADES INDIGENAS DE COLOMBIA AICO,619
t2019_CONCEJO,2019,CONCEJO,41359,PARTIDO ALIANZA SOCIAL INDEPENDIENTE ASI,1645
t2019_CONCEJO,2019,CONCEJO,41359,PARTIDO ALIANZA VERDE,779
t2019_CONCEJO,2019,CONCEJO,41359,PARTIDO CAMBIO RADICAL,922
t2019_CONCEJO,2019,CONCEJO,41359,PARTIDO CENTRO DEMOCRATICO,1408
t2019_CONCEJO,2019,CONCEJO,41359,PARTIDO LIBERAL COLOMBIANO,2752
t2019_CONCEJO,2019,CONCEJO,41359,PARTIDO POLITICO MIRA Y PARTIDO CONSERVADOR COLOMBIANO,1453
t2019_CONCEJO,2019,CONCEJO,41359,PARTIDO SOCIAL DE UNIDAD NACIONAL  PARTIDO DE LA U,659
t2019_CONCEJO,2019,CONCEJO,41359,__BLANCO__,310
t2019_CONCEJO,2019,CONCEJO,41359,__NO_MARCADOS__,725
t2019_CONCEJO,2019,CONCEJO,41359,__NULOS__,316
t2019_CONCEJO,2019,CONCEJO,41378,MOVIMIENTO ALTERNATIVO INDIGENA Y SOCIAL MAIS,455
t2019_CONCEJO,2019,CONCEJO,41378,PARTIDO ALIANZA SOCIAL INDEPENDIENTE ASI,208
t2019_CONCEJO,2019,CONCEJO,41378,PARTIDO CAMBIO RADICAL,931
t2019_CONCEJO,2019,CONCEJO,41378,PARTIDO CENTRO DEMOCRATICO,785
t2019_CONCEJO,2019,CONCEJO,41378,PARTIDO CONSERVADOR COLOMBIANO,1750
t2019_CONCEJO,2019,CONCEJO,41378,PARTIDO LIBERAL COLOMBIANO,1740
t2019_CONCEJO,2019,CONCEJO,41378,PARTIDO POLITICO  MIRA,186
t2019_CONCEJO,2019,CONCEJO,41378,PARTIDO SOCIAL DE UNIDAD NACIONAL  PARTIDO DE LA U,904
t2019_CONCEJO,2019,CONCEJO,41378,__BLANCO__,148
t2019_CONCEJO,2019,CONCEJO,41378,__NO_MARCADOS__,373
t2019_CONCEJO,2019,CONCEJO,41378,__NULOS__,144
t2019_CONCEJO,2019,CONCEJO,41396,PARTIDO ALIANZA VERDE,3188
t2019_CONCEJO,2019,CONCEJO,41396,PARTIDO CAMBIO RADICAL,4170
t2019_CONCEJO,2019,CONCEJO,41396,PARTIDO CENTRO DEMOCRATICO,2553
t2019_CONCEJO,2019,CONCEJO,41396,PARTIDO CONSERVADOR COLOMBIANO,3893
t2019_CONCEJO,2019,CONCEJO,41396,PARTIDO LIBERAL COLOMBIANO,4218
t2019_CONCEJO,2019,CONCEJO,41396,PARTIDO POLITICO  MIRA,446
t2019_CONCEJO,2019,CONCEJO,41396,PARTIDO SOCIAL DE UNIDAD NACIONAL  PARTIDO DE LA U,1323
t2019_CONCEJO,2019,CONCEJO,41396,UNIDAD POR LA PLATA,1048
t2019_CONCEJO,2019,CONCEJO,41396,__BLANCO__,1113
t2019_CONCEJO,2019,CONCEJO,41396,__NO_MARCADOS__,1175
t2019_CONCEJO,2019,CONCEJO,41396,__NULOS__,814
t2019_CONCEJO,2019,CONCEJO,41483,MOVIMIENTO ALTERNATIVO INDIGENA Y SOCIAL MAIS,243
t2019_CONCEJO,2019,CONCEJO,41483,PARTIDO CAMBIO RADICAL,1108
t2019_CONCEJO,2019,CONCEJO,41483,PARTIDO CENTRO DEMOCRATICO,857
t2019_CONCEJO,2019,CONCEJO,41483,PARTIDO CONSERVADOR COLOMBIANO,924
t2019_CONCEJO,2019,CONCEJO,41483,PARTIDO LIBERAL COLOMBIANO,344
t2019_CONCEJO,2019,CONCEJO,41483,__BLANCO__,67
t2019_CONCEJO,2019,CONCEJO,41483,__NO_MARCADOS__,167
t2019_CONCEJO,2019,CONCEJO,41483,__NULOS__,58
t2019_CONCEJO,2019,CONCEJO,41503,MOVIMIENTO AUTORIDADES INDIGENAS DE COLOMBIA AICO,892
t2019_CONCEJO,2019,CONCEJO,41503,PARTIDO ALIANZA VERDE,831
t2019_CONCEJO,2019,CONCEJO,41503,PARTIDO CAMBIO RADICAL,694
t2019_CONCEJO,2019,CONCEJO,41503,PARTIDO CENTRO DEMOCRATICO,1266
t2019_CONCEJO,2019,CONCEJO,41503,PARTIDO CONSERVADOR COLOMBIANO,1518
t2019_CONCEJO,2019,CONCEJO,41503,PARTIDO LIBERAL COLOMBIANO,552
t2019_CONCEJO,2019,CONCEJO,41503,__BLANCO__,55
t2019_CONCEJO,2019,CONCEJO,41503,__NO_MARCADOS__,144
t2019_CONCEJO,2019,CONCEJO,41503,__NULOS__,143
t2019_CONCEJO,2019,CONCEJO,41518,PARTIDO ALIANZA SOCIAL INDEPENDIENTE ASI,885
t2019_CONCEJO,2019,CONCEJO,41518,PARTIDO ALIANZA VERDE,377
t2019_CONCEJO,2019,CONCEJO,41518,PARTIDO CAMBIO RADICAL,938
t2019_CONCEJO,2019,CONCEJO,41518,PARTIDO CENTRO DEMOCRATICO,523
t2019_CONCEJO,2019,CONCEJO,41518,PARTIDO CONSERVADOR COLOMBIANO,608
t2019_CONCEJO,2019,CONCEJO,41518,PARTIDO LIBERAL COLOMBIANO,265
t2019_CONCEJO,2019,CONCEJO,41518,PARTIDO SOCIAL DE UNIDAD NACIONAL  PARTIDO DE LA U,116
t2019_CONCEJO,2019,CONCEJO,41518,__BLANCO__,35
t2019_CONCEJO,2019,CONCEJO,41518,__NO_MARCADOS__,101
t2019_CONCEJO,2019,CONCEJO,41518,__NULOS__,54
t2019_CONCEJO,2019,CONCEJO,41524,MOVIMIENTO ALTERNATIVO INDIGENA Y SOCIAL MAIS,238
t2019_CONCEJO,2019,CONCEJO,41524,MOVIMIENTO AUTORIDADES INDIGENAS DE COLOMBIA AICO,993
t2019_CONCEJO,2019,CONCEJO,41524,PARTIDO ALIANZA SOCIAL INDEPENDIENTE ASI,641
t2019_CONCEJO,2019,CONCEJO,41524,PARTIDO ALIANZA VERDE,3924
t2019_CONCEJO,2019,CONCEJO,41524,PARTIDO CAMBIO RADICAL,2180
t2019_CONCEJO,2019,CONCEJO,41524,PARTIDO CENTRO DEMOCRATICO,1079
t2019_CONCEJO,2019,CONCEJO,41524,PARTIDO CONSERVADOR COLOMBIANO,3399
t2019_CONCEJO,2019,CONCEJO,41524,PARTIDO LIBERAL COLOMBIANO,1531
t2019_CONCEJO,2019,CONCEJO,41524,__BLANCO__,456
t2019_CONCEJO,2019,CONCEJO,41524,__NO_MARCADOS__,544
t2019_CONCEJO,2019,CONCEJO,41524,__NULOS__,393
t2019_CONCEJO,2019,CONCEJO,41530,MOVIMIENTO ALTERNATIVO INDIGENA Y SOCIAL MAIS,967
t2019_CONCEJO,2019,CONCEJO,41530,MOVIMIENTO AUTORIDADES INDIGENAS DE COLOMBIA AICO,599
t2019_CONCEJO,2019,CONCEJO,41530,PARTIDO ALIANZA SOCIAL INDEPENDIENTE ASI,581
t2019_CONCEJO,2019,CONCEJO,41530,PARTIDO ALIANZA VERDE,634
t2019_CONCEJO,2019,CONCEJO,41530,PARTIDO CAMBIO RADICAL,628
t2019_CONCEJO,2019,CONCEJO,41530,PARTIDO CENTRO DEMOCRATICO,451
t2019_CONCEJO,2019,CONCEJO,41530,PARTIDO COLOMBIA RENACIENTE,576
t2019_CONCEJO,2019,CONCEJO,41530,PARTIDO CONSERVADOR COLOMBIANO,814
t2019_CONCEJO,2019,CONCEJO,41530,PARTIDO LIBERAL COLOMBIANO,586
t2019_CONCEJO,2019,CONCEJO,41530,PARTIDO SOCIAL DE UNIDAD NACIONAL  PARTIDO DE LA U,375
t2019_CONCEJO,2019,CONCEJO,41530,__BLANCO__,125
t2019_CONCEJO,2019,CONCEJO,41530,__NO_MARCADOS__,279
t2019_CONCEJO,2019,CONCEJO,41530,__NULOS__,116
t2019_CONCEJO,2019,CONCEJO,41548,MOVIMIENTO ALTERNATIVO INDIGENA Y SOCIAL MAIS,358
t2019_CONCEJO,2019,CONCEJO,41548,MOVIMIENTO AUTORIDADES INDIGENAS DE COLOMBIA AICO,695
t2019_CONCEJO,2019,CONCEJO,41548,PARTIDO ALIANZA SOCIAL INDEPENDIENTE ASI,654
t2019_CONCEJO,2019,CONCEJO,41548,PARTIDO ALIANZA VERDE,493
t2019_CONCEJO,2019,CONCEJO,41548,PARTIDO CAMBIO RADICAL,268
t2019_CONCEJO,2019,CONCEJO,41548,PARTIDO CENTRO DEMOCRATICO,641
t2019_CONCEJO,2019,CONCEJO,41548,PARTIDO CONSERVADOR COLOMBIANO,1817
t2019_CONCEJO,2019,CONCEJO,41548,PARTIDO LIBERAL COLOMBIANO,980
t2019_CONCEJO,2019,CONCEJO,41548,PARTIDO SOCIAL DE UNIDAD NACIONAL  PARTIDO DE LA U,394
t2019_CONCEJO,2019,CONCEJO,41548,__BLANCO__,120
t2019_CONCEJO,2019,CONCEJO,41548,__NO_MARCADOS__,271
t2019_CONCEJO,2019,CONCEJO,41548,__NULOS__,132
t2019_CONCEJO,2019,CONCEJO,41551,COLOMBIA HUMANA - UNION PATRIOTICA,227
t2019_CONCEJO,2019,CONCEJO,41551,MOVIMIENTO ALTERNATIVO INDIGENA Y SOCIAL MAIS,3877
t2019_CONCEJO,2019,CONCEJO,41551,MOVIMIENTO AUTORIDADES INDIGENAS DE COLOMBIA AICO,1517
t2019_CONCEJO,2019,CONCEJO,41551,PARTIDO ALIANZA SOCIAL INDEPENDIENTE ASI,5022
t2019_CONCEJO,2019,CONCEJO,41551,PARTIDO ALIANZA VERDE,6661
t2019_CONCEJO,2019,CONCEJO,41551,PARTIDO CAMBIO RADICAL,6087
t2019_CONCEJO,2019,CONCEJO,41551,PARTIDO CENTRO DEMOCRATICO,3754
t2019_CONCEJO,2019,CONCEJO,41551,PARTIDO COLOMBIA JUSTA LIBRES,888
t2019_CONCEJO,2019,CONCEJO,41551,PARTIDO CONSERVADOR COLOMBIANO,11525
t2019_CONCEJO,2019,CONCEJO,41551,PARTIDO LIBERAL COLOMBIANO,5858
t2019_CONCEJO,2019,CONCEJO,41551,PARTIDO POLITICO  MIRA,814
t2019_CONCEJO,2019,CONCEJO,41551,PARTIDO SOCIAL DE UNIDAD NACIONAL  PARTIDO DE LA U,5000
t2019_CONCEJO,2019,CONCEJO,41551,__BLANCO__,2954
t2019_CONCEJO,2019,CONCEJO,41551,__NO_MARCADOS__,2203
t2019_CONCEJO,2019,CONCEJO,41551,__NULOS__,1685
t2019_CONCEJO,2019,CONCEJO,41615,DECENTES,516
t2019_CONCEJO,2019,CONCEJO,41615,MOVIMIENTO AUTORIDADES INDIGENAS DE COLOMBIA AICO,1026
t2019_CONCEJO,2019,CONCEJO,41615,PARTIDO ALIANZA SOCIAL INDEPENDIENTE ASI,867
t2019_CONCEJO,2019,CONCEJO,41615,PARTIDO ALIANZA VERDE,2144
t2019_CONCEJO,2019,CONCEJO,41615,PARTIDO CAMBIO RADICAL,1993
t2019_CONCEJO,2019,CONCEJO,41615,PARTIDO CENTRO DEMOCRATICO,1022
t2019_CONCEJO,2019,CONCEJO,41615,PARTIDO CONSERVADOR COLOMBIANO,1020
t2019_CONCEJO,2019,CONCEJO,41615,PARTIDO LIBERAL COLOMBIANO,1589
t2019_CONCEJO,2019,CONCEJO,41615,PARTIDO POLITICO  MIRA,278
t2019_CONCEJO,2019,CONCEJO,41615,PARTIDO SOCIAL DE UNIDAD NACIONAL  PARTIDO DE LA U,877
t2019_CONCEJO,2019,CONCEJO,41615,__BLANCO__,336
t2019_CONCEJO,2019,CONCEJO,41615,__NO_MARCADOS__,337
t2019_CONCEJO,2019,CONCEJO,41615,__NULOS__,291
t2019_CONCEJO,2019,CONCEJO,41660,MOVIMIENTO ALTERNATIVO INDIGENA Y SOCIAL MAIS,102
t2019_CONCEJO,2019,CONCEJO,41660,MOVIMIENTO AUTORIDADES INDIGENAS DE COLOMBIA AICO,115
t2019_CONCEJO,2019,CONCEJO,41660,PARTIDO ALIANZA SOCIAL INDEPENDIENTE ASI,83
t2019_CONCEJO,2019,CONCEJO,41660,PARTIDO ALIANZA VERDE,1463
t2019_CONCEJO,2019,CONCEJO,41660,PARTIDO CAMBIO RADICAL,917
t2019_CONCEJO,2019,CONCEJO,41660,PARTIDO CENTRO DEMOCRATICO,544
t2019_CONCEJO,2019,CONCEJO,41660,PARTIDO CONSERVADOR COLOMBIANO,2426
t2019_CONCEJO,2019,CONCEJO,41660,PARTIDO LIBERAL COLOMBIANO,165
t2019_CONCEJO,2019,CONCEJO,41660,PARTIDO SOCIAL DE UNIDAD NACIONAL  PARTIDO DE LA U,748
t2019_CONCEJO,2019,CONCEJO,41660,__BLANCO__,100
t2019_CONCEJO,2019,CONCEJO,41660,__NO_MARCADOS__,378
t2019_CONCEJO,2019,CONCEJO,41660,__NULOS__,175
t2019_CONCEJO,2019,CONCEJO,41668,PARTIDO ALIANZA SOCIAL INDEPENDIENTE ASI,1568
t2019_CONCEJO,2019,CONCEJO,41668,PARTIDO ALIANZA VERDE,1902
t2019_CONCEJO,2019,CONCEJO,41668,PARTIDO CAMBIO RADICAL,2145
t2019_CONCEJO,2019,CONCEJO,41668,PARTIDO CENTRO DEMOCRATICO,310
t2019_CONCEJO,2019,CONCEJO,41668,PARTIDO COLOMBIA JUSTA LIBRES,208
t2019_CONCEJO,2019,CONCEJO,41668,PARTIDO COLOMBIA RENACIENTE,1123
t2019_CONCEJO,2019,CONCEJO,41668,PARTIDO CONSERVADOR COLOMBIANO,2351
t2019_CONCEJO,2019,CONCEJO,41668,PARTIDO LIBERAL COLOMBIANO,3951
t2019_CONCEJO,2019,CONCEJO,41668,PARTIDO POLITICO  MIRA,239
t2019_CONCEJO,2019,CONCEJO,41668,PARTIDO SOCIAL DE UNIDAD NACIONAL  PARTIDO DE LA U,900
t2019_CONCEJO,2019,CONCEJO,41668,__BLANCO__,549
t2019_CONCEJO,2019,CONCEJO,41668,__NO_MARCADOS__,885
t2019_CONCEJO,2019,CONCEJO,41668,__NULOS__,420
t2019_CONCEJO,2019,CONCEJO,41676,MOVIMIENTO ALTERNATIVO INDIGENA Y SOCIAL MAIS,202
t2019_CONCEJO,2019,CONCEJO,41676,PARTIDO ALIANZA SOCIAL INDEPENDIENTE ASI,1494
t2019_CONCEJO,2019,CONCEJO,41676,PARTIDO ALIANZA VERDE,1952
t2019_CONCEJO,2019,CONCEJO,41676,PARTIDO CENTRO DEMOCRATICO,1324
t2019_CONCEJO,2019,CONCEJO,41676,PARTIDO CONSERVADOR COLOMBIANO,612
t2019_CONCEJO,2019,CONCEJO,41676,__BLANCO__,94
t2019_CONCEJO,2019,CONCEJO,41676,__NO_MARCADOS__,199
t2019_CONCEJO,2019,CONCEJO,41676,__NULOS__,102
t2019_CONCEJO,2019,CONCEJO,41770,MOVIMIENTO ALTERNATIVO INDIGENA Y SOCIAL MAIS,230
t2019_CONCEJO,2019,CONCEJO,41770,PARTIDO ALIANZA SOCIAL INDEPENDIENTE ASI,145
t2019_CONCEJO,2019,CONCEJO,41770,PARTIDO ALIANZA VERDE,1302
t2019_CONCEJO,2019,CONCEJO,41770,PARTIDO CAMBIO RADICAL,1783
t2019_CONCEJO,2019,CONCEJO,41770,PARTIDO CENTRO DEMOCRATICO,1269
t2019_CONCEJO,2019,CONCEJO,41770,PARTIDO COLOMBIA JUSTA LIBRES,309
t2019_CONCEJO,2019,CONCEJO,41770,PARTIDO COLOMBIA RENACIENTE,267
t2019_CONCEJO,2019,CONCEJO,41770,PARTIDO CONSERVADOR COLOMBIANO,1360
t2019_CONCEJO,2019,CONCEJO,41770,PARTIDO LIBERAL COLOMBIANO,1166
t2019_CONCEJO,2019,CONCEJO,41770,PARTIDO SOCIAL DE UNIDAD NACIONAL  PARTIDO DE LA U,1346
t2019_CONCEJO,2019,CONCEJO,41770,__BLANCO__,166
t2019_CONCEJO,2019,CONCEJO,41770,__NO_MARCADOS__,513
t2019_CONCEJO,2019,CONCEJO,41770,__NULOS__,249
t2019_CONCEJO,2019,CONCEJO,41791,MOVIMIENTO ALTERNATIVO INDIGENA Y SOCIAL MAIS,978
t2019_CONCEJO,2019,CONCEJO,41791,MOVIMIENTO AUTORIDADES INDIGENAS DE COLOMBIA AICO,649
t2019_CONCEJO,2019,CONCEJO,41791,PARTIDO ALIANZA VERDE,652
t2019_CONCEJO,2019,CONCEJO,41791,PARTIDO CAMBIO RADICAL,1172
t2019_CONCEJO,2019,CONCEJO,41791,PARTIDO CENTRO DEMOCRATICO,497
t2019_CONCEJO,2019,CONCEJO,41791,PARTIDO COLOMBIA RENACIENTE,1191
t2019_CONCEJO,2019,CONCEJO,41791,PARTIDO CONSERVADOR COLOMBIANO,1738
t2019_CONCEJO,2019,CONCEJO,41791,PARTIDO LIBERAL COLOMBIANO,998
t2019_CONCEJO,2019,CONCEJO,41791,PARTIDO SOCIAL DE UNIDAD NACIONAL  PARTIDO DE LA U,681
t2019_CONCEJO,2019,CONCEJO,41791,__BLANCO__,174
t2019_CONCEJO,2019,CONCEJO,41791,__NO_MARCADOS__,260
t2019_CONCEJO,2019,CONCEJO,41791,__NULOS__,222
t2019_CONCEJO,2019,CONCEJO,41797,MOVIMIENTO ALTERNATIVO INDIGENA Y SOCIAL MAIS,939
t2019_CONCEJO,2019,CONCEJO,41797,PARTIDO CAMBIO RADICAL,928
t2019_CONCEJO,2019,CONCEJO,41797,PARTIDO CENTRO DEMOCRATICO,415
t2019_CONCEJO,2019,CONCEJO,41797,PARTIDO CONSERVADOR COLOMBIANO,1475
t2019_CONCEJO,2019,CONCEJO,41797,PARTIDO LIBERAL COLOMBIANO,331
t2019_CONCEJO,2019,CONCEJO,41797,PARTIDO SOCIAL DE UNIDAD NACIONAL  PARTIDO DE LA U,700
t2019_CONCEJO,2019,CONCEJO,41797,TESALIA PROGRESA DE VERDAD,455
t2019_CONCEJO,2019,CONCEJO,41797,__BLANCO__,192
t2019_CONCEJO,2019,CONCEJO,41797,__NO_MARCADOS__,203
t2019_CONCEJO,2019,CONCEJO,41797,__NULOS__,186
t2019_CONCEJO,2019,CONCEJO,41799,MOVIMIENTO ALTERNATIVO INDIGENA Y SOCIAL MAIS,939
t2019_CONCEJO,2019,CONCEJO,41799,PARTIDO ALIANZA VERDE,728
t2019_CONCEJO,2019,CONCEJO,41799,PARTIDO CAMBIO RADICAL,418
t2019_CONCEJO,2019,CONCEJO,41799,PARTIDO CENTRO DEMOCRATICO,298
t2019_CONCEJO,2019,CONCEJO,41799,PARTIDO CONSERVADOR  -  PARTIDO POLITICO MIRA,1389
t2019_CONCEJO,2019,CONCEJO,41799,PARTIDO LIBERAL COLOMBIANO,1695
t2019_CONCEJO,2019,CONCEJO,41799,PARTIDO SOCIAL DE UNIDAD NACIONAL  PARTIDO DE LA U,1556
t2019_CONCEJO,2019,CONCEJO,41799,__BLANCO__,124
t2019_CONCEJO,2019,CONCEJO,41799,__NO_MARCADOS__,268
t2019_CONCEJO,2019,CONCEJO,41799,__NULOS__,255
t2019_CONCEJO,2019,CONCEJO,41801,PARTIDO ALIANZA SOCIAL INDEPENDIENTE ASI,800
t2019_CONCEJO,2019,CONCEJO,41801,PARTIDO ALIANZA VERDE,565
t2019_CONCEJO,2019,CONCEJO,41801,PARTIDO CENTRO DEMOCRATICO,737
t2019_CONCEJO,2019,CONCEJO,41801,PARTIDO CONSERVADOR COLOMBIANO,1324
t2019_CONCEJO,2019,CONCEJO,41801,PARTIDO LIBERAL COLOMBIANO,612
t2019_CONCEJO,2019,CONCEJO,41801,PARTIDO POLITICO  MIRA,193
t2019_CONCEJO,2019,CONCEJO,41801,PARTIDO POLO DEMOCRATICO ALTERNATIVO,104
t2019_CONCEJO,2019,CONCEJO,41801,PARTIDO SOCIAL DE UNIDAD NACIONAL  PARTIDO DE LA U,441
t2019_CONCEJO,2019,CONCEJO,41801,__BLANCO__,72
t2019_CONCEJO,2019,CONCEJO,41801,__NO_MARCADOS__,151
t2019_CONCEJO,2019,CONCEJO,41801,__NULOS__,64
t2019_CONCEJO,2019,CONCEJO,41807,MOVIMIENTO ALTERNATIVO INDIGENA Y SOCIAL MAIS,596
t2019_CONCEJO,2019,CONCEJO,41807,PARTIDO ADA,226
t2019_CONCEJO,2019,CONCEJO,41807,PARTIDO ALIANZA SOCIAL INDEPENDIENTE ASI,505
t2019_CONCEJO,2019,CONCEJO,41807,PARTIDO ALIANZA VERDE,1313
t2019_CONCEJO,2019,CONCEJO,41807,PARTIDO CAMBIO RADICAL,1103
t2019_CONCEJO,2019,CONCEJO,41807,PARTIDO CENTRO DEMOCRATICO,1461
t2019_CONCEJO,2019,CONCEJO,41807,PARTIDO COLOMBIA RENACIENTE,55
t2019_CONCEJO,2019,CONCEJO,41807,PARTIDO CONSERVADOR COLOMBIANO,2246
t2019_CONCEJO,2019,CONCEJO,41807,PARTIDO LIBERAL COLOMBIANO,1524
t2019_CONCEJO,2019,CONCEJO,41807,PARTIDO POLITICO  MIRA,217
t2019_CONCEJO,2019,CONCEJO,41807,PARTIDO SOCIAL DE UNIDAD NACIONAL  PARTIDO DE LA U,1126
t2019_CONCEJO,2019,CONCEJO,41807,__BLANCO__,229
t2019_CONCEJO,2019,CONCEJO,41807,__NO_MARCADOS__,403
t2019_CONCEJO,2019,CONCEJO,41807,__NULOS__,274
t2019_CONCEJO,2019,CONCEJO,41872,COLOMBIA HUMANA - UNION PATRIOTICA,440
t2019_CONCEJO,2019,CONCEJO,41872,MOVIMIENTO AUTORIDADES INDIGENAS DE COLOMBIA AICO,445
t2019_CONCEJO,2019,CONCEJO,41872,PARTIDO ALIANZA SOCIAL INDEPENDIENTE ASI,373
t2019_CONCEJO,2019,CONCEJO,41872,PARTIDO ALIANZA VERDE,709
t2019_CONCEJO,2019,CONCEJO,41872,PARTIDO CAMBIO RADICAL,738
t2019_CONCEJO,2019,CONCEJO,41872,PARTIDO CENTRO DEMOCRATICO,568
t2019_CONCEJO,2019,CONCEJO,41872,PARTIDO CONSERVADOR COLOMBIANO,1147
t2019_CONCEJO,2019,CONCEJO,41872,PARTIDO LIBERAL COLOMBIANO,432
t2019_CONCEJO,2019,CONCEJO,41872,PARTIDO SOCIAL DE UNIDAD NACIONAL  PARTIDO DE LA U,158
t2019_CONCEJO,2019,CONCEJO,41872,__BLANCO__,79
t2019_CONCEJO,2019,CONCEJO,41872,__NO_MARCADOS__,135
t2019_CONCEJO,2019,CONCEJO,41872,__NULOS__,115
t2019_CONCEJO,2019,CONCEJO,41885,MOVIMIENTO ALTERNATIVO INDIGENA Y SOCIAL MAIS,72
t2019_CONCEJO,2019,CONCEJO,41885,MOVIMIENTO AUTORIDADES INDIGENAS DE COLOMBIA AICO,575
t2019_CONCEJO,2019,CONCEJO,41885,PARTIDO ADA,402
t2019_CONCEJO,2019,CONCEJO,41885,PARTIDO ALIANZA SOCIAL INDEPENDIENTE ASI,769
t2019_CONCEJO,2019,CONCEJO,41885,PARTIDO CAMBIO RADICAL,1023
t2019_CONCEJO,2019,CONCEJO,41885,PARTIDO CENTRO DEMOCRATICO,425
t2019_CONCEJO,2019,CONCEJO,41885,PARTIDO COLOMBIA RENACIENTE,283
t2019_CONCEJO,2019,CONCEJO,41885,PARTIDO CONSERVADOR COLOMBIANO,772
t2019_CONCEJO,2019,CONCEJO,41885,PARTIDO LIBERAL COLOMBIANO,544
t2019_CONCEJO,2019,CONCEJO,41885,__BLANCO__,166
t2019_CONCEJO,2019,CONCEJO,41885,__NO_MARCADOS__,199
t2019_CONCEJO,2019,CONCEJO,41885,__NULOS__,97
t2019_GOBERNADOR,2019,GOBERNADOR,41001,ARMANDO SAAVEDRA PERDOMO|PARTIDO COLOMBIA RENACIENTE,5703
t2019_GOBERNADOR,2019,GOBERNADOR,41001,CARLOS RAMIRO CHAVARRO CUELLAR|PARTIDO CONSERVADOR COLOMBIANO - CAMBIO RADICAL - ASI,43672
t2019_GOBERNADOR,2019,GOBERNADOR,41001,LUIS ENRIQUE DUSSAN LOPEZ|HUILA CRECE,69637
t2019_GOBERNADOR,2019,GOBERNADOR,41001,MANUEL ANTONIO MACIAS ARANGO|PARTIDO CENTRO DEMOCRATICO,12900
t2019_GOBERNADOR,2019,GOBERNADOR,41001,WILFRAND CUENCA ZULETA|PARTIDO ADA,627
t2019_GOBERNADOR,2019,GOBERNADOR,41001,WILLIAM DAVID ZAMBRANO NAVARRETE|PARTIDO COLOMBIA JUSTA LIBRES,4420
t2019_GOBERNADOR,2019,GOBERNADOR,41001,__BLANCO__,19000
t2019_GOBERNADOR,2019,GOBERNADOR,41001,__NO_MARCADOS__,8557
t2019_GOBERNADOR,2019,GOBERNADOR,41001,__NULOS__,5005
t2019_GOBERNADOR,2019,GOBERNADOR,41006,ARMANDO SAAVEDRA PERDOMO|PARTIDO COLOMBIA RENACIENTE,47
t2019_GOBERNADOR,2019,GOBERNADOR,41006,CARLOS RAMIRO CHAVARRO CUELLAR|PARTIDO CONSERVADOR COLOMBIANO - CAMBIO RADICAL - ASI,4698
t2019_GOBERNADOR,2019,GOBERNADOR,41006,LUIS ENRIQUE DUSSAN LOPEZ|HUILA CRECE,5857
t2019_GOBERNADOR,2019,GOBERNADOR,41006,MANUEL ANTONIO MACIAS ARANGO|PARTIDO CENTRO DEMOCRATICO,759
t2019_GOBERNADOR,2019,GOBERNADOR,41006,WILFRAND CUENCA ZULETA|PARTIDO ADA,55
t2019_GOBERNADOR,2019,GOBERNADOR,41006,WILLIAM DAVID ZAMBRANO NAVARRETE|PARTIDO COLOMBIA JUSTA LIBRES,262
t2019_GOBERNADOR,2019,GOBERNADOR,41006,__BLANCO__,660
t2019_GOBERNADOR,2019,GOBERNADOR,41006,__NO_MARCADOS__,1330
t2019_GOBERNADOR,2019,GOBERNADOR,41006,__NULOS__,162
t2019_GOBERNADOR,2019,GOBERNADOR,41013,ARMANDO SAAVEDRA PERDOMO|PARTIDO COLOMBIA RENACIENTE,45
t2019_GOBERNADOR,2019,GOBERNADOR,41013,CARLOS RAMIRO CHAVARRO CUELLAR|PARTIDO CONSERVADOR COLOMBIANO - CAMBIO RADICAL - ASI,2369
t2019_GOBERNADOR,2019,GOBERNADOR,41013,LUIS ENRIQUE DUSSAN LOPEZ|HUILA CRECE,2499
t2019_GOBERNADOR,2019,GOBERNADOR,41013,MANUEL ANTONIO MACIAS ARANGO|PARTIDO CENTRO DEMOCRATICO,314
t2019_GOBERNADOR,2019,GOBERNADOR,41013,WILFRAND CUENCA ZULETA|PARTIDO ADA,3
t2019_GOBERNADOR,2019,GOBERNADOR,41013,WILLIAM DAVID ZAMBRANO NAVARRETE|PARTIDO COLOMBIA JUSTA LIBRES,93
t2019_GOBERNADOR,2019,GOBERNADOR,41013,__BLANCO__,178
t2019_GOBERNADOR,2019,GOBERNADOR,41013,__NO_MARCADOS__,284
t2019_GOBERNADOR,2019,GOBERNADOR,41013,__NULOS__,47
t2019_GOBERNADOR,2019,GOBERNADOR,41016,ARMANDO SAAVEDRA PERDOMO|PARTIDO COLOMBIA RENACIENTE,82
t2019_GOBERNADOR,2019,GOBERNADOR,41016,CARLOS RAMIRO CHAVARRO CUELLAR|PARTIDO CONSERVADOR COLOMBIANO - CAMBIO RADICAL - ASI,4037
t2019_GOBERNADOR,2019,GOBERNADOR,41016,LUIS ENRIQUE DUSSAN LOPEZ|HUILA CRECE,4708
t2019_GOBERNADOR,2019,GOBERNADOR,41016,MANUEL ANTONIO MACIAS ARANGO|PARTIDO CENTRO DEMOCRATICO,481
t2019_GOBERNADOR,2019,GOBERNADOR,41016,WILFRAND CUENCA ZULETA|PARTIDO ADA,20
t2019_GOBERNADOR,2019,GOBERNADOR,41016,WILLIAM DAVID ZAMBRANO NAVARRETE|PARTIDO COLOMBIA JUSTA LIBRES,87
t2019_GOBERNADOR,2019,GOBERNADOR,41016,__BLANCO__,689
t2019_GOBERNADOR,2019,GOBERNADOR,41016,__NO_MARCADOS__,1126
t2019_GOBERNADOR,2019,GOBERNADOR,41016,__NULOS__,164
t2019_GOBERNADOR,2019,GOBERNADOR,41020,ARMANDO SAAVEDRA PERDOMO|PARTIDO COLOMBIA RENACIENTE,48
t2019_GOBERNADOR,2019,GOBERNADOR,41020,CARLOS RAMIRO CHAVARRO CUELLAR|PARTIDO CONSERVADOR COLOMBIANO - CAMBIO RADICAL - ASI,5038
t2019_GOBERNADOR,2019,GOBERNADOR,41020,LUIS ENRIQUE DUSSAN LOPEZ|HUILA CRECE,3917
t2019_GOBERNADOR,2019,GOBERNADOR,41020,MANUEL ANTONIO MACIAS ARANGO|PARTIDO CENTRO DEMOCRATICO,331
t2019_GOBERNADOR,2019,GOBERNADOR,41020,WILFRAND CUENCA ZULETA|PARTIDO ADA,18
t2019_GOBERNADOR,2019,GOBERNADOR,41020,WILLIAM DAVID ZAMBRANO NAVARRETE|PARTIDO COLOMBIA JUSTA LIBRES,823
t2019_GOBERNADOR,2019,GOBERNADOR,41020,__BLANCO__,249
t2019_GOBERNADOR,2019,GOBERNADOR,41020,__NO_MARCADOS__,1015
t2019_GOBERNADOR,2019,GOBERNADOR,41020,__NULOS__,238
t2019_GOBERNADOR,2019,GOBERNADOR,41026,ARMANDO SAAVEDRA PERDOMO|PARTIDO COLOMBIA RENACIENTE,20
t2019_GOBERNADOR,2019,GOBERNADOR,41026,CARLOS RAMIRO CHAVARRO CUELLAR|PARTIDO CONSERVADOR COLOMBIANO - CAMBIO RADICAL - ASI,665
t2019_GOBERNADOR,2019,GOBERNADOR,41026,LUIS ENRIQUE DUSSAN LOPEZ|HUILA CRECE,1408
t2019_GOBERNADOR,2019,GOBERNADOR,41026,MANUEL ANTONIO MACIAS ARANGO|PARTIDO CENTRO DEMOCRATICO,107
t2019_GOBERNADOR,2019,GOBERNADOR,41026,WILFRAND CUENCA ZULETA|PARTIDO ADA,6
t2019_GOBERNADOR,2019,GOBERNADOR,41026,WILLIAM DAVID ZAMBRANO NAVARRETE|PARTIDO COLOMBIA JUSTA LIBRES,28
t2019_GOBERNADOR,2019,GOBERNADOR,41026,__BLANCO__,164
t2019_GOBERNADOR,2019,GOBERNADOR,41026,__NO_MARCADOS__,144
t2019_GOBERNADOR,2019,GOBERNADOR,41026,__NULOS__,40
t2019_GOBERNADOR,2019,GOBERNADOR,41078,ARMANDO SAAVEDRA PERDOMO|PARTIDO COLOMBIA RENACIENTE,30
t2019_GOBERNADOR,2019,GOBERNADOR,41078,CARLOS RAMIRO CHAVARRO CUELLAR|PARTIDO CONSERVADOR COLOMBIANO - CAMBIO RADICAL - ASI,1666
t2019_GOBERNADOR,2019,GOBERNADOR,41078,LUIS ENRIQUE DUSSAN LOPEZ|HUILA CRECE,1580
t2019_GOBERNADOR,2019,GOBERNADOR,41078,MANUEL ANTONIO MACIAS ARANGO|PARTIDO CENTRO DEMOCRATICO,292
t2019_GOBERNADOR,2019,GOBERNADOR,41078,WILFRAND CUENCA ZULETA|PARTIDO ADA,8
t2019_GOBERNADOR,2019,GOBERNADOR,41078,WILLIAM DAVID ZAMBRANO NAVARRETE|PARTIDO COLOMBIA JUSTA LIBRES,87
t2019_GOBERNADOR,2019,GOBERNADOR,41078,__BLANCO__,176
t2019_GOBERNADOR,2019,GOBERNADOR,41078,__NO_MARCADOS__,408
t2019_GOBERNADOR,2019,GOBERNADOR,41078,__NULOS__,41
t2019_GOBERNADOR,2019,GOBERNADOR,41132,ARMANDO SAAVEDRA PERDOMO|PARTIDO COLOMBIA RENACIENTE,155
t2019_GOBERNADOR,2019,GOBERNADOR,41132,CARLOS RAMIRO CHAVARRO CUELLAR|PARTIDO CONSERVADOR COLOMBIANO - CAMBIO RADICAL - ASI,2786
t2019_GOBERNADOR,2019,GOBERNADOR,41132,LUIS ENRIQUE DUSSAN LOPEZ|HUILA CRECE,10137
t2019_GOBERNADOR,2019,GOBERNADOR,41132,MANUEL ANTONIO MACIAS ARANGO|PARTIDO CENTRO DEMOCRATICO,1163
t2019_GOBERNADOR,2019,GOBERNADOR,41132,WILFRAND CUENCA ZULETA|PARTIDO ADA,63
t2019_GOBERNADOR,2019,GOBERNADOR,41132,WILLIAM DAVID ZAMBRANO NAVARRETE|PARTIDO COLOMBIA JUSTA LIBRES,386
t2019_GOBERNADOR,2019,GOBERNADOR,41132,__BLANCO__,862
t2019_GOBERNADOR,2019,GOBERNADOR,41132,__NO_MARCADOS__,1147
t2019_GOBERNADOR,2019,GOBERNADOR,41132,__NULOS__,433
t2019_GOBERNADOR,2019,GOBERNADOR,41206,ARMANDO SAAVEDRA PERDOMO|PARTIDO COLOMBIA RENACIENTE,21
t2019_GOBERNADOR,2019,GOBERNADOR,41206,CARLOS RAMIRO CHAVARRO CUELLAR|PARTIDO CONSERVADOR COLOMBIANO - CAMBIO RADICAL - ASI,2415
t2019_GOBERNADOR,2019,GOBERNADOR,41206,LUIS ENRIQUE DUSSAN LOPEZ|HUILA CRECE,1490
t2019_GOBERNADOR,2019,GOBERNADOR,41206,MANUEL ANTONIO MACIAS ARANGO|PARTIDO CENTRO DEMOCRATICO,405
t2019_GOBERNADOR,2019,GOBERNADOR,41206,WILFRAND CUENCA ZULETA|PARTIDO ADA,7
t2019_GOBERNADOR,2019,GOBERNADOR,41206,WILLIAM DAVID ZAMBRANO NAVARRETE|PARTIDO COLOMBIA JUSTA LIBRES,26
t2019_GOBERNADOR,2019,GOBERNADOR,41206,__BLANCO__,105
t2019_GOBERNADOR,2019,GOBERNADOR,41206,__NO_MARCADOS__,345
t2019_GOBERNADOR,2019,GOBERNADOR,41206,__NULOS__,23
t2019_GOBERNADOR,2019,GOBERNADOR,41244,ARMANDO SAAVEDRA PERDOMO|PARTIDO COLOMBIA RENACIENTE,17
t2019_GOBERNADOR,2019,GOBERNADOR,41244,CARLOS RAMIRO CHAVARRO CUELLAR|PARTIDO CONSERVADOR COLOMBIANO - CAMBIO RADICAL - ASI,510
t2019_GOBERNADOR,2019,GOBERNADOR,41244,LUIS ENRIQUE DUSSAN LOPEZ|HUILA CRECE,1095
t2019_GOBERNADOR,2019,GOBERNADOR,41244,MANUEL ANTONIO MACIAS ARANGO|PARTIDO CENTRO DEMOCRATICO,597
t2019_GOBERNADOR,2019,GOBERNADOR,41244,WILFRAND CUENCA ZULETA|PARTIDO ADA,8
t2019_GOBERNADOR,2019,GOBERNADOR,41244,WILLIAM DAVID ZAMBRANO NAVARRETE|PARTIDO COLOMBIA JUSTA LIBRES,21
t2019_GOBERNADOR,2019,GOBERNADOR,41244,__BLANCO__,89
t2019_GOBERNADOR,2019,GOBERNADOR,41244,__NO_MARCADOS__,269
t2019_GOBERNADOR,2019,GOBERNADOR,41244,__NULOS__,13
t2019_GOBERNADOR,2019,GOBERNADOR,41298,ARMANDO SAAVEDRA PERDOMO|PARTIDO COLOMBIA RENACIENTE,193
t2019_GOBERNADOR,2019,GOBERNADOR,41298,CARLOS RAMIRO CHAVARRO CUELLAR|PARTIDO CONSERVADOR COLOMBIANO - CAMBIO RADICAL - ASI,11107
t2019_GOBERNADOR,2019,GOBERNADOR,41298,LUIS ENRIQUE DUSSAN LOPEZ|HUILA CRECE,12598
t2019_GOBERNADOR,2019,GOBERNADOR,41298,MANUEL ANTONIO MACIAS ARANGO|PARTIDO CENTRO DEMOCRATICO,2840
t2019_GOBERNADOR,2019,GOBERNADOR,41298,WILFRAND CUENCA ZULETA|PARTIDO ADA,114
t2019_GOBERNADOR,2019,GOBERNADOR,41298,WILLIAM DAVID ZAMBRANO NAVARRETE|PARTIDO COLOMBIA JUSTA LIBRES,576
t2019_GOBERNADOR,2019,GOBERNADOR,41298,__BLANCO__,2874
t2019_GOBERNADOR,2019,GOBERNADOR,41298,__NO_MARCADOS__,2223
t2019_GOBERNADOR,2019,GOBERNADOR,41298,__NULOS__,863
t2019_GOBERNADOR,2019,GOBERNADOR,41306,ARMANDO SAAVEDRA PERDOMO|PARTIDO COLOMBIA RENACIENTE,119
t2019_GOBERNADOR,2019,GOBERNADOR,41306,CARLOS RAMIRO CHAVARRO CUELLAR|PARTIDO CONSERVADOR COLOMBIANO - CAMBIO RADICAL - ASI,3249
t2019_GOBERNADOR,2019,GOBERNADOR,41306,LUIS ENRIQUE DUSSAN LOPEZ|HUILA CRECE,5571
t2019_GOBERNADOR,2019,GOBERNADOR,41306,MANUEL ANTONIO MACIAS ARANGO|PARTIDO CENTRO DEMOCRATICO,627
t2019_GOBERNADOR,2019,GOBERNADOR,41306,WILFRAND CUENCA ZULETA|PARTIDO ADA,26
t2019_GOBERNADOR,2019,GOBERNADOR,41306,WILLIAM DAVID ZAMBRANO NAVARRETE|PARTIDO COLOMBIA JUSTA LIBRES,351
t2019_GOBERNADOR,2019,GOBERNADOR,41306,__BLANCO__,957
t2019_GOBERNADOR,2019,GOBERNADOR,41306,__NO_MARCADOS__,1279
t2019_GOBERNADOR,2019,GOBERNADOR,41306,__NULOS__,245
t2019_GOBERNADOR,2019,GOBERNADOR,41319,ARMANDO SAAVEDRA PERDOMO|PARTIDO COLOMBIA RENACIENTE,46
t2019_GOBERNADOR,2019,GOBERNADOR,41319,CARLOS RAMIRO CHAVARRO CUELLAR|PARTIDO CONSERVADOR COLOMBIANO - CAMBIO RADICAL - ASI,3268
t2019_GOBERNADOR,2019,GOBERNADOR,41319,LUIS ENRIQUE DUSSAN LOPEZ|HUILA CRECE,4238
t2019_GOBERNADOR,2019,GOBERNADOR,41319,MANUEL ANTONIO MACIAS ARANGO|PARTIDO CENTRO DEMOCRATICO,215
t2019_GOBERNADOR,2019,GOBERNADOR,41319,WILFRAND CUENCA ZULETA|PARTIDO ADA,31
t2019_GOBERNADOR,2019,GOBERNADOR,41319,WILLIAM DAVID ZAMBRANO NAVARRETE|PARTIDO COLOMBIA JUSTA LIBRES,90
t2019_GOBERNADOR,2019,GOBERNADOR,41319,__BLANCO__,380
t2019_GOBERNADOR,2019,GOBERNADOR,41319,__NO_MARCADOS__,740
t2019_GOBERNADOR,2019,GOBERNADOR,41319,__NULOS__,116
t2019_GOBERNADOR,2019,GOBERNADOR,41349,ARMANDO SAAVEDRA PERDOMO|PARTIDO COLOMBIA RENACIENTE,23
t2019_GOBERNADOR,2019,GOBERNADOR,41349,CARLOS RAMIRO CHAVARRO CUELLAR|PARTIDO CONSERVADOR COLOMBIANO - CAMBIO RADICAL - ASI,1415
t2019_GOBERNADOR,2019,GOBERNADOR,41349,LUIS ENRIQUE DUSSAN LOPEZ|HUILA CRECE,1610
t2019_GOBERNADOR,2019,GOBERNADOR,41349,MANUEL ANTONIO MACIAS ARANGO|PARTIDO CENTRO DEMOCRATICO,622
t2019_GOBERNADOR,2019,GOBERNADOR,41349,WILFRAND CUENCA ZULETA|PARTIDO ADA,7
t2019_GOBERNADOR,2019,GOBERNADOR,41349,WILLIAM DAVID ZAMBRANO NAVARRETE|PARTIDO COLOMBIA JUSTA LIBRES,190
t2019_GOBERNADOR,2019,GOBERNADOR,41349,__BLANCO__,181
t2019_GOBERNADOR,2019,GOBERNADOR,41349,__NO_MARCADOS__,379
t2019_GOBERNADOR,2019,GOBERNADOR,41349,__NULOS__,45
t2019_GOBERNADOR,2019,GOBERNADOR,41357,ARMANDO SAAVEDRA PERDOMO|PARTIDO COLOMBIA RENACIENTE,186
t2019_GOBERNADOR,2019,GOBERNADOR,41357,CARLOS RAMIRO CHAVARRO CUELLAR|PARTIDO CONSERVADOR COLOMBIANO - CAMBIO RADICAL - ASI,1220
t2019_GOBERNADOR,2019,GOBERNADOR,41357,LUIS ENRIQUE DUSSAN LOPEZ|HUILA CRECE,3238
t2019_GOBERNADOR,2019,GOBERNADOR,41357,MANUEL ANTONIO MACIAS ARANGO|PARTIDO CENTRO DEMOCRATICO,240
t2019_GOBERNADOR,2019,GOBERNADOR,41357,WILFRAND CUENCA ZULETA|PARTIDO ADA,7
t2019_GOBERNADOR,2019,GOBERNADOR,41357,WILLIAM DAVID ZAMBRANO NAVARRETE|PARTIDO COLOMBIA JUSTA LIBRES,49
t2019_GOBERNADOR,2019,GOBERNADOR,41357,__BLANCO__,220
t2019_GOBERNADOR,2019,GOBERNADOR,41357,__NO_MARCADOS__,522
t2019_GOBERNADOR,2019,GOBERNADOR,41357,__NULOS__,50
t2019_GOBERNADOR,2019,GOBERNADOR,41359,ARMANDO SAAVEDRA PERDOMO|PARTIDO COLOMBIA RENACIENTE,297
t2019_GOBERNADOR,2019,GOBERNADOR,41359,CARLOS RAMIRO CHAVARRO CUELLAR|PARTIDO CONSERVADOR COLOMBIANO - CAMBIO RADICAL - ASI,1570
t2019_GOBERNADOR,2019,GOBERNADOR,41359,LUIS ENRIQUE DUSSAN LOPEZ|HUILA CRECE,7877
t2019_GOBERNADOR,2019,GOBERNADOR,41359,MANUEL ANTONIO MACIAS ARANGO|PARTIDO CENTRO DEMOCRATICO,1113
t2019_GOBERNADOR,2019,GOBERNADOR,41359,WILFRAND CUENCA ZULETA|PARTIDO ADA,69
t2019_GOBERNADOR,2019,GOBERNADOR,41359,WILLIAM DAVID ZAMBRANO NAVARRETE|PARTIDO COLOMBIA JUSTA LIBRES,185
t2019_GOBERNADOR,2019,GOBERNADOR,41359,__BLANCO__,1017
t2019_GOBERNADOR,2019,GOBERNADOR,41359,__NO_MARCADOS__,1823
t2019_GOBERNADOR,2019,GOBERNADOR,41359,__NULOS__,249
t2019_GOBERNADOR,2019,GOBERNADOR,41378,ARMANDO SAAVEDRA PERDOMO|PARTIDO COLOMBIA RENACIENTE,43
t2019_GOBERNADOR,2019,GOBERNADOR,41378,CARLOS RAMIRO CHAVARRO CUELLAR|PARTIDO CONSERVADOR COLOMBIANO - CAMBIO RADICAL - ASI,2851
t2019_GOBERNADOR,2019,GOBERNADOR,41378,LUIS ENRIQUE DUSSAN LOPEZ|HUILA CRECE,2883
t2019_GOBERNADOR,2019,GOBERNADOR,41378,MANUEL ANTONIO MACIAS ARANGO|PARTIDO CENTRO DEMOCRATICO,958
t2019_GOBERNADOR,2019,GOBERNADOR,41378,WILFRAND CUENCA ZULETA|PARTIDO ADA,8
t2019_GOBERNADOR,2019,GOBERNADOR,41378,WILLIAM DAVID ZAMBRANO NAVARRETE|PARTIDO COLOMBIA JUSTA LIBRES,32
t2019_GOBERNADOR,2019,GOBERNADOR,41378,__BLANCO__,266
t2019_GOBERNADOR,2019,GOBERNADOR,41378,__NO_MARCADOS__,500
t2019_GOBERNADOR,2019,GOBERNADOR,41378,__NULOS__,71
t2019_GOBERNADOR,2019,GOBERNADOR,41396,ARMANDO SAAVEDRA PERDOMO|PARTIDO COLOMBIA RENACIENTE,356
t2019_GOBERNADOR,2019,GOBERNADOR,41396,CARLOS RAMIRO CHAVARRO CUELLAR|PARTIDO CONSERVADOR COLOMBIANO - CAMBIO RADICAL - ASI,6866
t2019_GOBERNADOR,2019,GOBERNADOR,41396,LUIS ENRIQUE DUSSAN LOPEZ|HUILA CRECE,9534
t2019_GOBERNADOR,2019,GOBERNADOR,41396,MANUEL ANTONIO MACIAS ARANGO|PARTIDO CENTRO DEMOCRATICO,2262
t2019_GOBERNADOR,2019,GOBERNADOR,41396,WILFRAND CUENCA ZULETA|PARTIDO ADA,43
t2019_GOBERNADOR,2019,GOBERNADOR,41396,WILLIAM DAVID ZAMBRANO NAVARRETE|PARTIDO COLOMBIA JUSTA LIBRES,279
t2019_GOBERNADOR,2019,GOBERNADOR,41396,__BLANCO__,1841
t2019_GOBERNADOR,2019,GOBERNADOR,41396,__NO_MARCADOS__,2225
t2019_GOBERNADOR,2019,GOBERNADOR,41396,__NULOS__,472
t2019_GOBERNADOR,2019,GOBERNADOR,41483,ARMANDO SAAVEDRA PERDOMO|PARTIDO COLOMBIA RENACIENTE,22
t2019_GOBERNADOR,2019,GOBERNADOR,41483,CARLOS RAMIRO CHAVARRO CUELLAR|PARTIDO CONSERVADOR COLOMBIANO - CAMBIO RADICAL - ASI,1094
t2019_GOBERNADOR,2019,GOBERNADOR,41483,LUIS ENRIQUE DUSSAN LOPEZ|HUILA CRECE,1995
t2019_GOBERNADOR,2019,GOBERNADOR,41483,MANUEL ANTONIO MACIAS ARANGO|PARTIDO CENTRO DEMOCRATICO,157
t2019_GOBERNADOR,2019,GOBERNADOR,41483,WILFRAND CUENCA ZULETA|PARTIDO ADA,6
t2019_GOBERNADOR,2019,GOBERNADOR,41483,WILLIAM DAVID ZAMBRANO NAVARRETE|PARTIDO COLOMBIA JUSTA LIBRES,12
t2019_GOBERNADOR,2019,GOBERNADOR,41483,__BLANCO__,122
t2019_GOBERNADOR,2019,GOBERNADOR,41483,__NO_MARCADOS__,349
t2019_GOBERNADOR,2019,GOBERNADOR,41483,__NULOS__,25
t2019_GOBERNADOR,2019,GOBERNADOR,41503,ARMANDO SAAVEDRA PERDOMO|PARTIDO COLOMBIA RENACIENTE,54
t2019_GOBERNADOR,2019,GOBERNADOR,41503,CARLOS RAMIRO CHAVARRO CUELLAR|PARTIDO CONSERVADOR COLOMBIANO - CAMBIO RADICAL - ASI,2289
t2019_GOBERNADOR,2019,GOBERNADOR,41503,LUIS ENRIQUE DUSSAN LOPEZ|HUILA CRECE,2440
t2019_GOBERNADOR,2019,GOBERNADOR,41503,MANUEL ANTONIO MACIAS ARANGO|PARTIDO CENTRO DEMOCRATICO,681
t2019_GOBERNADOR,2019,GOBERNADOR,41503,WILFRAND CUENCA ZULETA|PARTIDO ADA,6
t2019_GOBERNADOR,2019,GOBERNADOR,41503,WILLIAM DAVID ZAMBRANO NAVARRETE|PARTIDO COLOMBIA JUSTA LIBRES,31
t2019_GOBERNADOR,2019,GOBERNADOR,41503,__BLANCO__,240
t2019_GOBERNADOR,2019,GOBERNADOR,41503,__NO_MARCADOS__,392
t2019_GOBERNADOR,2019,GOBERNADOR,41503,__NULOS__,49
t2019_GOBERNADOR,2019,GOBERNADOR,41518,ARMANDO SAAVEDRA PERDOMO|PARTIDO COLOMBIA RENACIENTE,112
t2019_GOBERNADOR,2019,GOBERNADOR,41518,CARLOS RAMIRO CHAVARRO CUELLAR|PARTIDO CONSERVADOR COLOMBIANO - CAMBIO RADICAL - ASI,1882
t2019_GOBERNADOR,2019,GOBERNADOR,41518,LUIS ENRIQUE DUSSAN LOPEZ|HUILA CRECE,825
t2019_GOBERNADOR,2019,GOBERNADOR,41518,MANUEL ANTONIO MACIAS ARANGO|PARTIDO CENTRO DEMOCRATICO,654
t2019_GOBERNADOR,2019,GOBERNADOR,41518,WILFRAND CUENCA ZULETA|PARTIDO ADA,11
t2019_GOBERNADOR,2019,GOBERNADOR,41518,WILLIAM DAVID ZAMBRANO NAVARRETE|PARTIDO COLOMBIA JUSTA LIBRES,58
t2019_GOBERNADOR,2019,GOBERNADOR,41518,__BLANCO__,195
t2019_GOBERNADOR,2019,GOBERNADOR,41518,__NO_MARCADOS__,216
t2019_GOBERNADOR,2019,GOBERNADOR,41518,__NULOS__,48
t2019_GOBERNADOR,2019,GOBERNADOR,41524,ARMANDO SAAVEDRA PERDOMO|PARTIDO COLOMBIA RENACIENTE,376
t2019_GOBERNADOR,2019,GOBERNADOR,41524,CARLOS RAMIRO CHAVARRO CUELLAR|PARTIDO CONSERVADOR COLOMBIANO - CAMBIO RADICAL - ASI,3928
t2019_GOBERNADOR,2019,GOBERNADOR,41524,LUIS ENRIQUE DUSSAN LOPEZ|HUILA CRECE,6847
t2019_GOBERNADOR,2019,GOBERNADOR,41524,MANUEL ANTONIO MACIAS ARANGO|PARTIDO CENTRO DEMOCRATICO,1227
t2019_GOBERNADOR,2019,GOBERNADOR,41524,WILFRAND CUENCA ZULETA|PARTIDO ADA,47
t2019_GOBERNADOR,2019,GOBERNADOR,41524,WILLIAM DAVID ZAMBRANO NAVARRETE|PARTIDO COLOMBIA JUSTA LIBRES,186
t2019_GOBERNADOR,2019,GOBERNADOR,41524,__BLANCO__,1047
t2019_GOBERNADOR,2019,GOBERNADOR,41524,__NO_MARCADOS__,1508
t2019_GOBERNADOR,2019,GOBERNADOR,41524,__NULOS__,279
t2019_GOBERNADOR,2019,GOBERNADOR,41530,ARMANDO SAAVEDRA PERDOMO|PARTIDO COLOMBIA RENACIENTE,86
t2019_GOBERNADOR,2019,GOBERNADOR,41530,CARLOS RAMIRO CHAVARRO CUELLAR|PARTIDO CONSERVADOR COLOMBIANO - CAMBIO RADICAL - ASI,2245
t2019_GOBERNADOR,2019,GOBERNADOR,41530,LUIS ENRIQUE DUSSAN LOPEZ|HUILA CRECE,2190
t2019_GOBERNADOR,2019,GOBERNADOR,41530,MANUEL ANTONIO MACIAS ARANGO|PARTIDO CENTRO DEMOCRATICO,1196
t2019_GOBERNADOR,2019,GOBERNADOR,41530,WILFRAND CUENCA ZULETA|PARTIDO ADA,80
t2019_GOBERNADOR,2019,GOBERNADOR,41530,WILLIAM DAVID ZAMBRANO NAVARRETE|PARTIDO COLOMBIA JUSTA LIBRES,65
t2019_GOBERNADOR,2019,GOBERNADOR,41530,__BLANCO__,353
t2019_GOBERNADOR,2019,GOBERNADOR,41530,__NO_MARCADOS__,479
t2019_GOBERNADOR,2019,GOBERNADOR,41530,__NULOS__,80
t2019_GOBERNADOR,2019,GOBERNADOR,41548,ARMANDO SAAVEDRA PERDOMO|PARTIDO COLOMBIA RENACIENTE,50
t2019_GOBERNADOR,2019,GOBERNADOR,41548,CARLOS RAMIRO CHAVARRO CUELLAR|PARTIDO CONSERVADOR COLOMBIANO - CAMBIO RADICAL - ASI,2644
t2019_GOBERNADOR,2019,GOBERNADOR,41548,LUIS ENRIQUE DUSSAN LOPEZ|HUILA CRECE,2880
t2019_GOBERNADOR,2019,GOBERNADOR,41548,MANUEL ANTONIO MACIAS ARANGO|PARTIDO CENTRO DEMOCRATICO,596
t2019_GOBERNADOR,2019,GOBERNADOR,41548,WILFRAND CUENCA ZULETA|PARTIDO ADA,14
t2019_GOBERNADOR,2019,GOBERNADOR,41548,WILLIAM DAVID ZAMBRANO NAVARRETE|PARTIDO COLOMBIA JUSTA LIBRES,32
t2019_GOBERNADOR,2019,GOBERNADOR,41548,__BLANCO__,281
t2019_GOBERNADOR,2019,GOBERNADOR,41548,__NO_MARCADOS__,365
t2019_GOBERNADOR,2019,GOBERNADOR,41548,__NULOS__,62
t2019_GOBERNADOR,2019,GOBERNADOR,41551,ARMANDO SAAVEDRA PERDOMO|PARTIDO COLOMBIA RENACIENTE,676
t2019_GOBERNADOR,2019,GOBERNADOR,41551,CARLOS RAMIRO CHAVARRO CUELLAR|PARTIDO CONSERVADOR COLOMBIANO - CAMBIO RADICAL - ASI,15326
t2019_GOBERNADOR,2019,GOBERNADOR,41551,LUIS ENRIQUE DUSSAN LOPEZ|HUILA CRECE,24445
t2019_GOBERNADOR,2019,GOBERNADOR,41551,MANUEL ANTONIO MACIAS ARANGO|PARTIDO CENTRO DEMOCRATICO,3591
t2019_GOBERNADOR,2019,GOBERNADOR,41551,WILFRAND CUENCA ZULETA|PARTIDO ADA,231
t2019_GOBERNADOR,2019,GOBERNADOR,41551,WILLIAM DAVID ZAMBRANO NAVARRETE|PARTIDO COLOMBIA JUSTA LIBRES,1601
t2019_GOBERNADOR,2019,GOBERNADOR,41551,__BLANCO__,6065
t2019_GOBERNADOR,2019,GOBERNADOR,41551,__NO_MARCADOS__,4942
t2019_GOBERNADOR,2019,GOBERNADOR,41551,__NULOS__,1394
t2019_GOBERNADOR,2019,GOBERNADOR,41615,ARMANDO SAAVEDRA PERDOMO|PARTIDO COLOMBIA RENACIENTE,221
t2019_GOBERNADOR,2019,GOBERNADOR,41615,CARLOS RAMIRO CHAVARRO CUELLAR|PARTIDO CONSERVADOR COLOMBIANO - CAMBIO RADICAL - ASI,2970
t2019_GOBERNADOR,2019,GOBERNADOR,41615,LUIS ENRIQUE DUSSAN LOPEZ|HUILA CRECE,5344
t2019_GOBERNADOR,2019,GOBERNADOR,41615,MANUEL ANTONIO MACIAS ARANGO|PARTIDO CENTRO DEMOCRATICO,1343
t2019_GOBERNADOR,2019,GOBERNADOR,41615,WILFRAND CUENCA ZULETA|PARTIDO ADA,35
t2019_GOBERNADOR,2019,GOBERNADOR,41615,WILLIAM DAVID ZAMBRANO NAVARRETE|PARTIDO COLOMBIA JUSTA LIBRES,296
t2019_GOBERNADOR,2019,GOBERNADOR,41615,__BLANCO__,863
t2019_GOBERNADOR,2019,GOBERNADOR,41615,__NO_MARCADOS__,933
t2019_GOBERNADOR,2019,GOBERNADOR,41615,__NULOS__,299
t2019_GOBERNADOR,2019,GOBERNADOR,41660,ARMANDO SAAVEDRA PERDOMO|PARTIDO COLOMBIA RENACIENTE,19
t2019_GOBERNADOR,2019,GOBERNADOR,41660,CARLOS RAMIRO CHAVARRO CUELLAR|PARTIDO CONSERVADOR COLOMBIANO - CAMBIO RADICAL - ASI,3082
t2019_GOBERNADOR,2019,GOBERNADOR,41660,LUIS ENRIQUE DUSSAN LOPEZ|HUILA CRECE,2889
t2019_GOBERNADOR,2019,GOBERNADOR,41660,MANUEL ANTONIO MACIAS ARANGO|PARTIDO CENTRO DEMOCRATICO,331
t2019_GOBERNADOR,2019,GOBERNADOR,41660,WILFRAND CUENCA ZULETA|PARTIDO ADA,15
t2019_GOBERNADOR,2019,GOBERNADOR,41660,WILLIAM DAVID ZAMBRANO NAVARRETE|PARTIDO COLOMBIA JUSTA LIBRES,41
t2019_GOBERNADOR,2019,GOBERNADOR,41660,__BLANCO__,209
t2019_GOBERNADOR,2019,GOBERNADOR,41660,__NO_MARCADOS__,587
t2019_GOBERNADOR,2019,GOBERNADOR,41660,__NULOS__,55
t2019_GOBERNADOR,2019,GOBERNADOR,41668,ARMANDO SAAVEDRA PERDOMO|PARTIDO COLOMBIA RENACIENTE,401
t2019_GOBERNADOR,2019,GOBERNADOR,41668,CARLOS RAMIRO CHAVARRO CUELLAR|PARTIDO CONSERVADOR COLOMBIANO - CAMBIO RADICAL - ASI,3078
t2019_GOBERNADOR,2019,GOBERNADOR,41668,LUIS ENRIQUE DUSSAN LOPEZ|HUILA CRECE,8454
t2019_GOBERNADOR,2019,GOBERNADOR,41668,MANUEL ANTONIO MACIAS ARANGO|PARTIDO CENTRO DEMOCRATICO,521
t2019_GOBERNADOR,2019,GOBERNADOR,41668,WILFRAND CUENCA ZULETA|PARTIDO ADA,45
t2019_GOBERNADOR,2019,GOBERNADOR,41668,WILLIAM DAVID ZAMBRANO NAVARRETE|PARTIDO COLOMBIA JUSTA LIBRES,355
t2019_GOBERNADOR,2019,GOBERNADOR,41668,__BLANCO__,1210
t2019_GOBERNADOR,2019,GOBERNADOR,41668,__NO_MARCADOS__,2150
t2019_GOBERNADOR,2019,GOBERNADOR,41668,__NULOS__,277
t2019_GOBERNADOR,2019,GOBERNADOR,41676,ARMANDO SAAVEDRA PERDOMO|PARTIDO COLOMBIA RENACIENTE,140
t2019_GOBERNADOR,2019,GOBERNADOR,41676,CARLOS RAMIRO CHAVARRO CUELLAR|PARTIDO CONSERVADOR COLOMBIANO - CAMBIO RADICAL - ASI,1552
t2019_GOBERNADOR,2019,GOBERNADOR,41676,LUIS ENRIQUE DUSSAN LOPEZ|HUILA CRECE,2132
t2019_GOBERNADOR,2019,GOBERNADOR,41676,MANUEL ANTONIO MACIAS ARANGO|PARTIDO CENTRO DEMOCRATICO,1273
t2019_GOBERNADOR,2019,GOBERNADOR,41676,WILFRAND CUENCA ZULETA|PARTIDO ADA,15
t2019_GOBERNADOR,2019,GOBERNADOR,41676,WILLIAM DAVID ZAMBRANO NAVARRETE|PARTIDO COLOMBIA JUSTA LIBRES,53
t2019_GOBERNADOR,2019,GOBERNADOR,41676,__BLANCO__,239
t2019_GOBERNADOR,2019,GOBERNADOR,41676,__NO_MARCADOS__,537
t2019_GOBERNADOR,2019,GOBERNADOR,41676,__NULOS__,48
t2019_GOBERNADOR,2019,GOBERNADOR,41770,ARMANDO SAAVEDRA PERDOMO|PARTIDO COLOMBIA RENACIENTE,73
t2019_GOBERNADOR,2019,GOBERNADOR,41770,CARLOS RAMIRO CHAVARRO CUELLAR|PARTIDO CONSERVADOR COLOMBIANO - CAMBIO RADICAL - ASI,2496
t2019_GOBERNADOR,2019,GOBERNADOR,41770,LUIS ENRIQUE DUSSAN LOPEZ|HUILA CRECE,5524
t2019_GOBERNADOR,2019,GOBERNADOR,41770,MANUEL ANTONIO MACIAS ARANGO|PARTIDO CENTRO DEMOCRATICO,291
t2019_GOBERNADOR,2019,GOBERNADOR,41770,WILFRAND CUENCA ZULETA|PARTIDO ADA,29
t2019_GOBERNADOR,2019,GOBERNADOR,41770,WILLIAM DAVID ZAMBRANO NAVARRETE|PARTIDO COLOMBIA JUSTA LIBRES,192
t2019_GOBERNADOR,2019,GOBERNADOR,41770,__BLANCO__,395
t2019_GOBERNADOR,2019,GOBERNADOR,41770,__NO_MARCADOS__,1037
t2019_GOBERNADOR,2019,GOBERNADOR,41770,__NULOS__,94
t2019_GOBERNADOR,2019,GOBERNADOR,41791,ARMANDO SAAVEDRA PERDOMO|PARTIDO COLOMBIA RENACIENTE,55
t2019_GOBERNADOR,2019,GOBERNADOR,41791,CARLOS RAMIRO CHAVARRO CUELLAR|PARTIDO CONSERVADOR COLOMBIANO - CAMBIO RADICAL - ASI,3559
t2019_GOBERNADOR,2019,GOBERNADOR,41791,LUIS ENRIQUE DUSSAN LOPEZ|HUILA CRECE,4229
t2019_GOBERNADOR,2019,GOBERNADOR,41791,MANUEL ANTONIO MACIAS ARANGO|PARTIDO CENTRO DEMOCRATICO,365
t2019_GOBERNADOR,2019,GOBERNADOR,41791,WILFRAND CUENCA ZULETA|PARTIDO ADA,8
t2019_GOBERNADOR,2019,GOBERNADOR,41791,WILLIAM DAVID ZAMBRANO NAVARRETE|PARTIDO COLOMBIA JUSTA LIBRES,42
t2019_GOBERNADOR,2019,GOBERNADOR,41791,__BLANCO__,447
t2019_GOBERNADOR,2019,GOBERNADOR,41791,__NO_MARCADOS__,454
t2019_GOBERNADOR,2019,GOBERNADOR,41791,__NULOS__,119
t2019_GOBERNADOR,2019,GOBERNADOR,41797,ARMANDO SAAVEDRA PERDOMO|PARTIDO COLOMBIA RENACIENTE,92
t2019_GOBERNADOR,2019,GOBERNADOR,41797,CARLOS RAMIRO CHAVARRO CUELLAR|PARTIDO CONSERVADOR COLOMBIANO - CAMBIO RADICAL - ASI,1880
t2019_GOBERNADOR,2019,GOBERNADOR,41797,LUIS ENRIQUE DUSSAN LOPEZ|HUILA CRECE,2242
t2019_GOBERNADOR,2019,GOBERNADOR,41797,MANUEL ANTONIO MACIAS ARANGO|PARTIDO CENTRO DEMOCRATICO,721
t2019_GOBERNADOR,2019,GOBERNADOR,41797,WILFRAND CUENCA ZULETA|PARTIDO ADA,8
t2019_GOBERNADOR,2019,GOBERNADOR,41797,WILLIAM DAVID ZAMBRANO NAVARRETE|PARTIDO COLOMBIA JUSTA LIBRES,40
t2019_GOBERNADOR,2019,GOBERNADOR,41797,__BLANCO__,369
t2019_GOBERNADOR,2019,GOBERNADOR,41797,__NO_MARCADOS__,336
t2019_GOBERNADOR,2019,GOBERNADOR,41797,__NULOS__,137
t2019_GOBERNADOR,2019,GOBERNADOR,41799,ARMANDO SAAVEDRA PERDOMO|PARTIDO COLOMBIA RENACIENTE,28
t2019_GOBERNADOR,2019,GOBERNADOR,41799,CARLOS RAMIRO CHAVARRO CUELLAR|PARTIDO CONSERVADOR COLOMBIANO - CAMBIO RADICAL - ASI,2774
t2019_GOBERNADOR,2019,GOBERNADOR,41799,LUIS ENRIQUE DUSSAN LOPEZ|HUILA CRECE,3787
t2019_GOBERNADOR,2019,GOBERNADOR,41799,MANUEL ANTONIO MACIAS ARANGO|PARTIDO CENTRO DEMOCRATICO,242
t2019_GOBERNADOR,2019,GOBERNADOR,41799,WILFRAND CUENCA ZULETA|PARTIDO ADA,12
t2019_GOBERNADOR,2019,GOBERNADOR,41799,WILLIAM DAVID ZAMBRANO NAVARRETE|PARTIDO COLOMBIA JUSTA LIBRES,135
t2019_GOBERNADOR,2019,GOBERNADOR,41799,__BLANCO__,183
t2019_GOBERNADOR,2019,GOBERNADOR,41799,__NO_MARCADOS__,428
t2019_GOBERNADOR,2019,GOBERNADOR,41799,__NULOS__,85
t2019_GOBERNADOR,2019,GOBERNADOR,41801,ARMANDO SAAVEDRA PERDOMO|PARTIDO COLOMBIA RENACIENTE,18
t2019_GOBERNADOR,2019,GOBERNADOR,41801,CARLOS RAMIRO CHAVARRO CUELLAR|PARTIDO CONSERVADOR COLOMBIANO - CAMBIO RADICAL - ASI,1872
t2019_GOBERNADOR,2019,GOBERNADOR,41801,LUIS ENRIQUE DUSSAN LOPEZ|HUILA CRECE,2375
t2019_GOBERNADOR,2019,GOBERNADOR,41801,MANUEL ANTONIO MACIAS ARANGO|PARTIDO CENTRO DEMOCRATICO,275
t2019_GOBERNADOR,2019,GOBERNADOR,41801,WILFRAND CUENCA ZULETA|PARTIDO ADA,8
t2019_GOBERNADOR,2019,GOBERNADOR,41801,WILLIAM DAVID ZAMBRANO NAVARRETE|PARTIDO COLOMBIA JUSTA LIBRES,20
t2019_GOBERNADOR,2019,GOBERNADOR,41801,__BLANCO__,163
t2019_GOBERNADOR,2019,GOBERNADOR,41801,__NO_MARCADOS__,273
t2019_GOBERNADOR,2019,GOBERNADOR,41801,__NULOS__,45
t2019_GOBERNADOR,2019,GOBERNADOR,41807,ARMANDO SAAVEDRA PERDOMO|PARTIDO COLOMBIA RENACIENTE,227
t2019_GOBERNADOR,2019,GOBERNADOR,41807,CARLOS RAMIRO CHAVARRO CUELLAR|PARTIDO CONSERVADOR COLOMBIANO - CAMBIO RADICAL - ASI,3072
t2019_GOBERNADOR,2019,GOBERNADOR,41807,LUIS ENRIQUE DUSSAN LOPEZ|HUILA CRECE,4585
t2019_GOBERNADOR,2019,GOBERNADOR,41807,MANUEL ANTONIO MACIAS ARANGO|PARTIDO CENTRO DEMOCRATICO,935
t2019_GOBERNADOR,2019,GOBERNADOR,41807,WILFRAND CUENCA ZULETA|PARTIDO ADA,38
t2019_GOBERNADOR,2019,GOBERNADOR,41807,WILLIAM DAVID ZAMBRANO NAVARRETE|PARTIDO COLOMBIA JUSTA LIBRES,171
t2019_GOBERNADOR,2019,GOBERNADOR,41807,__BLANCO__,790
t2019_GOBERNADOR,2019,GOBERNADOR,41807,__NO_MARCADOS__,1276
t2019_GOBERNADOR,2019,GOBERNADOR,41807,__NULOS__,177
t2019_GOBERNADOR,2019,GOBERNADOR,41872,ARMANDO SAAVEDRA PERDOMO|PARTIDO COLOMBIA RENACIENTE,66
t2019_GOBERNADOR,2019,GOBERNADOR,41872,CARLOS RAMIRO CHAVARRO CUELLAR|PARTIDO CONSERVADOR COLOMBIANO - CAMBIO RADICAL - ASI,1285
t2019_GOBERNADOR,2019,GOBERNADOR,41872,LUIS ENRIQUE DUSSAN LOPEZ|HUILA CRECE,1972
t2019_GOBERNADOR,2019,GOBERNADOR,41872,MANUEL ANTONIO MACIAS ARANGO|PARTIDO CENTRO DEMOCRATICO,707
t2019_GOBERNADOR,2019,GOBERNADOR,41872,WILFRAND CUENCA ZULETA|PARTIDO ADA,13
t2019_GOBERNADOR,2019,GOBERNADOR,41872,WILLIAM DAVID ZAMBRANO NAVARRETE|PARTIDO COLOMBIA JUSTA LIBRES,57
t2019_GOBERNADOR,2019,GOBERNADOR,41872,__BLANCO__,337
t2019_GOBERNADOR,2019,GOBERNADOR,41872,__NO_MARCADOS__,604
t2019_GOBERNADOR,2019,GOBERNADOR,41872,__NULOS__,139
t2019_GOBERNADOR,2019,GOBERNADOR,41885,ARMANDO SAAVEDRA PERDOMO|PARTIDO COLOMBIA RENACIENTE,58
t2019_GOBERNADOR,2019,GOBERNADOR,41885,CARLOS RAMIRO CHAVARRO CUELLAR|PARTIDO CONSERVADOR COLOMBIANO - CAMBIO RADICAL - ASI,1311
t2019_GOBERNADOR,2019,GOBERNADOR,41885,LUIS ENRIQUE DUSSAN LOPEZ|HUILA CRECE,2354
t2019_GOBERNADOR,2019,GOBERNADOR,41885,MANUEL ANTONIO MACIAS ARANGO|PARTIDO CENTRO DEMOCRATICO,412
t2019_GOBERNADOR,2019,GOBERNADOR,41885,WILFRAND CUENCA ZULETA|PARTIDO ADA,19
t2019_GOBERNADOR,2019,GOBERNADOR,41885,WILLIAM DAVID ZAMBRANO NAVARRETE|PARTIDO COLOMBIA JUSTA LIBRES,75
t2019_GOBERNADOR,2019,GOBERNADOR,41885,__BLANCO__,465
t2019_GOBERNADOR,2019,GOBERNADOR,41885,__NO_MARCADOS__,477
t2019_GOBERNADOR,2019,GOBERNADOR,41885,__NULOS__,147
t2023_ALCALDE,2023,ALCALDE,41001,DAGOBERTO MARIN FERNANDEZ|PARTIDO LIGA GOBERNANTES ANTICORRUPCIÓN - LIGA,889
t2023_ALCALDE,2023,ALCALDE,41001,"EDINSON AMIN LOSADA PERDOMO|PARTIDO ALIANZA SOCIAL INDEPENDIENTE ""ASI""",12111
t2023_ALCALDE,2023,ALCALDE,41001,GERMAN CASAGUA BONILLA|ACCIONES POR NEIVA,57058
t2023_ALCALDE,2023,ALCALDE,41001,GERMAN DARIO RODRIGUEZ PARRA|CHICHO AVANZANDO ANDO,12081
t2023_ALCALDE,2023,ALCALDE,41001,HECTOR JAVIER OSORIO BOTELLO|PARTIDO NUEVO LIBERALISMO,18556
t2023_ALCALDE,2023,ALCALDE,41001,JORGE ANDRES GECHEM ARTUNDUAGA|ES ENTRE TODOS,14453
t2023_ALCALDE,2023,ALCALDE,41001,WILKER ESNEIDER BAUTISTA MACIAS|POR LA VIDA EN NEIVA,13176
t2023_ALCALDE,2023,ALCALDE,41001,WILMAR ELI CHARRY RUIZ|PARTIDO ECOLOGISTA COLOMBIANO,642
t2023_ALCALDE,2023,ALCALDE,41001,YILBER LEANDRO SAAVEDRA|TRANSFORMEMOS,12722
t2023_ALCALDE,2023,ALCALDE,41001,__BLANCO__,14801
t2023_ALCALDE,2023,ALCALDE,41001,__NO_MARCADOS__,5070
t2023_ALCALDE,2023,ALCALDE,41001,__NULOS__,4794
t2023_ALCALDE,2023,ALCALDE,41006,EDGAR PRADA STERLING|CONSTRUYAMOS EL ACEVEDO DE TODOS,4950
t2023_ALCALDE,2023,ALCALDE,41006,HILARIA TRIANA OTALORA|COALICION PROGRAMATICA Y POLITICA,4183
t2023_ALCALDE,2023,ALCALDE,41006,JOSE LUCIANO MARTINEZ USECHE|PARTIDO NUEVO LIBERALISMO,135
t2023_ALCALDE,2023,ALCALDE,41006,LORENZO YUSTRES JOVEN|MOVIMIENTO POLITICO FUERZA CIUDADANA,9
t2023_ALCALDE,2023,ALCALDE,41006,MIGUEL PATIÑO CHARRY|RETOMAR LA CONFIANZA,2082
t2023_ALCALDE,2023,ALCALDE,41006,NORYI ALEXANDRA AGUDELO ALMARIO|PARTIDO CAMBIO RADICAL,1882
t2023_ALCALDE,2023,ALCALDE,41006,__BLANCO__,165
t2023_ALCALDE,2023,ALCALDE,41006,__NO_MARCADOS__,136
t2023_ALCALDE,2023,ALCALDE,41006,__NULOS__,149
t2023_ALCALDE,2023,ALCALDE,41013,JUAN CARLOS CHAVARRO CARVAJAL|UNIDOS POR EL CAMBIO,117
t2023_ALCALDE,2023,ALCALDE,41013,MARIA NELFFY RINCON MENDEZ|PARTIDO LIBERAL COLOMBIANO,2863
t2023_ALCALDE,2023,ALCALDE,41013,VICTOR JADIR PEREZ MENDEZ|PARTIDO CAMBIO RADICAL,348
t2023_ALCALDE,2023,ALCALDE,41013,WALDINA LOSADA VEGA|PARTIDO CONSERVADOR COLOMBIANO,2613
t2023_ALCALDE,2023,ALCALDE,41013,__BLANCO__,31
t2023_ALCALDE,2023,ALCALDE,41013,__NO_MARCADOS__,26
t2023_ALCALDE,2023,ALCALDE,41013,__NULOS__,35
t2023_ALCALDE,2023,ALCALDE,41016,DIDIER GUSTAVO RAMIREZ RIOS|PARTIDO VERDE OXÍGENO,168
t2023_ALCALDE,2023,ALCALDE,41016,JHON JAIRO CHARRY DIAZ|PARTIDO NUEVO LIBERALISMO,393
t2023_ALCALDE,2023,ALCALDE,41016,JOSE SEVEL CASTRO TOVAR|GESTION Y OPORTUNIDAD PARA TODOS,3094
t2023_ALCALDE,2023,ALCALDE,41016,LUIS ANGEL RAMIREZ VARGAS|PARTIDO CAMBIO RADICAL,4007
t2023_ALCALDE,2023,ALCALDE,41016,MARIA ANGELICA GUTIERREZ BONILLA|AGRUPACIÓN POLÍTICA EN MARCHA,3860
t2023_ALCALDE,2023,ALCALDE,41016,__BLANCO__,90
t2023_ALCALDE,2023,ALCALDE,41016,__NO_MARCADOS__,106
t2023_ALCALDE,2023,ALCALDE,41016,__NULOS__,91
t2023_ALCALDE,2023,ALCALDE,41020,ALEXANDER MARTINEZ BALLESTEROS|PARTIDO LIBERAL COLOMBIANO,5597
t2023_ALCALDE,2023,ALCALDE,41020,DANIEL ORLANDO ACOSTA MUÑOZ|PARTIDO NUEVO LIBERALISMO,33
t2023_ALCALDE,2023,ALCALDE,41020,JOSE ALEXANDER MORENO CORDOBA|ALGECIRAS NOS UNE,4836
t2023_ALCALDE,2023,ALCALDE,41020,PABLO RIOS VERA|MOVIMIENTO POLÍTICO COLOMBIA HUMANA,435
t2023_ALCALDE,2023,ALCALDE,41020,__BLANCO__,139
t2023_ALCALDE,2023,ALCALDE,41020,__NO_MARCADOS__,200
t2023_ALCALDE,2023,ALCALDE,41020,__NULOS__,191
t2023_ALCALDE,2023,ALCALDE,41026,"ALFONSO LIZCANO MENDEZ|PARTIDO DE LA U, PARTIDO LA FUERZA DE LA PAZ Y EL PARTIDO ALIANZA SOCIAL INDEPENDIENTE -ASI",884
t2023_ALCALDE,2023,ALCALDE,41026,BERNARDO ANDRES VARGAS TAVERA|PARTIDO COLOMBIA RENACIENTE,162
t2023_ALCALDE,2023,ALCALDE,41026,JAVIER ALBERTO PEREZ ROJAS|PARTIDO CAMBIO RADICAL,431
t2023_ALCALDE,2023,ALCALDE,41026,SAMUEL SILVA CANO|MOVIMIENTO SALVACIÓN NACIONAL,36
t2023_ALCALDE,2023,ALCALDE,41026,YECID RODRIGUEZ TOVAR|PARTIDO LIBERAL COLOMBIANO,1079
t2023_ALCALDE,2023,ALCALDE,41026,__BLANCO__,25
t2023_ALCALDE,2023,ALCALDE,41026,__NO_MARCADOS__,15
t2023_ALCALDE,2023,ALCALDE,41026,__NULOS__,15
t2023_ALCALDE,2023,ALCALDE,41078,EULALIA TAFUR HERRERA|PARTIDO POLÍTICO DIGNIDAD & COMPROMISO,1797
t2023_ALCALDE,2023,ALCALDE,41078,HECTOR IVAN VILLANEDA MENDEZ|PARTIDO NUEVO LIBERALISMO,368
t2023_ALCALDE,2023,ALCALDE,41078,HELMUT FALLA OSORIO|PARTIDO LIBERAL COLOMBIANO,7
t2023_ALCALDE,2023,ALCALDE,41078,IGNACIO GONZALEZ PERDOMO|MOVIMIENTO POLÍTICO COLOMBIA HUMANA,29
t2023_ALCALDE,2023,ALCALDE,41078,LUIS ENRIQUE CARDOSO TOVAR|PARTIDO CAMBIO RADICAL,2080
t2023_ALCALDE,2023,ALCALDE,41078,__BLANCO__,35
t2023_ALCALDE,2023,ALCALDE,41078,__NO_MARCADOS__,44
t2023_ALCALDE,2023,ALCALDE,41078,__NULOS__,30
t2023_ALCALDE,2023,ALCALDE,41132,ABSALON CALVO TORRES|MOVIMIENTO POLITICO FUERZA CIUDADANA,15
t2023_ALCALDE,2023,ALCALDE,41132,ARTURO CULMA MEDINA|PARTIDO CAMBIO RADICAL,984
t2023_ALCALDE,2023,ALCALDE,41132,CARLOS ALBERTO CUELLAR MEDINA|PARTIDO LIBERAL COLOMBIANO,3450
t2023_ALCALDE,2023,ALCALDE,41132,EDGAR PUENTES LLANOS|PARTIDO POLÍTICO DIGNIDAD & COMPROMISO,223
t2023_ALCALDE,2023,ALCALDE,41132,FRANCY NARDELLY RODRIGUEZ REYES|YO AMO CAMPOALEGRE,517
t2023_ALCALDE,2023,ALCALDE,41132,JAMES PARRA DURAN|CAMPOALEGRE RENACE,750
t2023_ALCALDE,2023,ALCALDE,41132,"NIKOL YAIR POLANIA LASSO|PARTIDO UNIÓN PATRIÓTICA ""UP""",8
t2023_ALCALDE,2023,ALCALDE,41132,RODRIGO LIZCANO QUINTERO|MOVIMIENTO ALIANZA DEMOCRÁTICA AMPLIA - Res. 2049 de 2021,3694
t2023_ALCALDE,2023,ALCALDE,41132,VICTOR RAMON VARGAS SALAZAR|CHATOS,6316
t2023_ALCALDE,2023,ALCALDE,41132,YONY RODRIGUEZ DIAZ|PARTIDO POLO DEMOCRÁTICO ALTERNATIVO,49
t2023_ALCALDE,2023,ALCALDE,41132,__BLANCO__,345
t2023_ALCALDE,2023,ALCALDE,41132,__NO_MARCADOS__,254
t2023_ALCALDE,2023,ALCALDE,41132,__NULOS__,394
t2023_ALCALDE,2023,ALCALDE,41206,ARBEY VARGAS MANGUERA|PARTIDO LIBERAL COLOMBIANO,1853
t2023_ALCALDE,2023,ALCALDE,41206,CRISTIAN FABIAN RAMIREZ TRIANA|PARTIDO CONSERVADOR COLOMBIANO,1194
t2023_ALCALDE,2023,ALCALDE,41206,CRISTIAN RONNEY REYES MORALES|PARTIDO ALIANZA VERDE,35
t2023_ALCALDE,2023,ALCALDE,41206,DIDIER ARMANDO GUZMAN GONZALEZ|PORQUE COLOMBIA ES DE TODOS,862
t2023_ALCALDE,2023,ALCALDE,41206,DIEGO FERNANDO GAITAN ARDILA|MOVIMIENTO POLÍTICO COLOMBIA HUMANA,99
t2023_ALCALDE,2023,ALCALDE,41206,ROBINSON HERNANDEZ MURCIA|PARTIDO CAMBIO RADICAL,781
t2023_ALCALDE,2023,ALCALDE,41206,WILLIAMS JAVIER CARDOZO GALINDO|PARTIDO VERDE OXÍGENO,30
t2023_ALCALDE,2023,ALCALDE,41206,__BLANCO__,28
t2023_ALCALDE,2023,ALCALDE,41206,__NO_MARCADOS__,63
t2023_ALCALDE,2023,ALCALDE,41206,__NULOS__,30
t2023_ALCALDE,2023,ALCALDE,41244,HELMAN RICAUTE VARGAS SALAS|PARTIDO LIBERAL COLOMBIANO,2196
t2023_ALCALDE,2023,ALCALDE,41244,JESUS ANDRES CUELLAR PARRA|INDEPENDIENTES,605
t2023_ALCALDE,2023,ALCALDE,41244,"JORGE ENRIQUE PARRA BERMEO|PARTIDO ALIANZA SOCIAL INDEPENDIENTE ""ASI""",106
t2023_ALCALDE,2023,ALCALDE,41244,__BLANCO__,22
t2023_ALCALDE,2023,ALCALDE,41244,__NO_MARCADOS__,10
t2023_ALCALDE,2023,ALCALDE,41244,__NULOS__,11
t2023_ALCALDE,2023,ALCALDE,41298,CRISTINA VASQUEZ ROJAS|MOVIMIENTO POLÍTICO COLOMBIA HUMANA,707
t2023_ALCALDE,2023,ALCALDE,41298,DIANA LUCIA MONTES CABRERA|LIDERAZGO PARA AVANZAR,3497
t2023_ALCALDE,2023,ALCALDE,41298,FRANCISCO ENRIQUE CALDERON FERIZ|PARTIDO LIBERAL COLOMBIANO,9208
t2023_ALCALDE,2023,ALCALDE,41298,FREDY ALEXANDER MURCIA TORRES|INDEPENDIENTES,1242
t2023_ALCALDE,2023,ALCALDE,41298,KRISTIAN ALEJANDRO POVEDA CONDE|PARTIDO VERDE OXÍGENO,282
t2023_ALCALDE,2023,ALCALDE,41298,LUIS EDUARDO MOSQUERA GARCIA|PARTIDO POLÍTICO DIGNIDAD & COMPROMISO,663
t2023_ALCALDE,2023,ALCALDE,41298,MARIO ENRIQUE RIVERA GARZON|PARTIDO POLÍTICO GENTE EN MOVIMIENTO,3367
t2023_ALCALDE,2023,ALCALDE,41298,"RODRIGO AMAYA CULMA|RENOVACIÓN ALTERNATIVA CIUDADANA ""RAC""",4767
t2023_ALCALDE,2023,ALCALDE,41298,SANDRA BEATRIZ ALVARADO ROJAS|PARTIDO ALIANZA VERDE,577
t2023_ALCALDE,2023,ALCALDE,41298,"SERGIO ANDRES LOSADA CERQUERA|PARTIDO ALIANZA SOCIAL INDEPENDIENTE ""ASI""",8682
t2023_ALCALDE,2023,ALCALDE,41298,__BLANCO__,883
t2023_ALCALDE,2023,ALCALDE,41298,__NO_MARCADOS__,649
t2023_ALCALDE,2023,ALCALDE,41298,__NULOS__,588
t2023_ALCALDE,2023,ALCALDE,41306,BENJAMIN ANDRES ROMERO SANMIGUEL|INDEPENDIENTES,2618
t2023_ALCALDE,2023,ALCALDE,41306,GERMAN ARTURO MOJICA GOMEZ|MOVIMIENTO SALVACIÓN NACIONAL,214
t2023_ALCALDE,2023,ALCALDE,41306,JOSE DAVID MENDEZ MARTINEZ|GIGANTE AVANZA,975
t2023_ALCALDE,2023,ALCALDE,41306,JOSUE MANRIQUE MURCIA|GIGANTE AMABLE 2033,5628
t2023_ALCALDE,2023,ALCALDE,41306,KEVIN DAVID ARRIGUI VARGAS|COALICION DIGNIDAD Y COMPROMISO GIGANTE,14
t2023_ALCALDE,2023,ALCALDE,41306,"NESTOR JAVIER CELADA CICERI|!VIVE Y CONSTRUYE GIGANTE, LA CASA DE TODOS!",3270
t2023_ALCALDE,2023,ALCALDE,41306,WILLIAM HERNANDO CALDERON VARGAS|PACTO HISTORICO COLOMBIA PUEDE,169
t2023_ALCALDE,2023,ALCALDE,41306,__BLANCO__,148
t2023_ALCALDE,2023,ALCALDE,41306,__NO_MARCADOS__,143
t2023_ALCALDE,2023,ALCALDE,41306,__NULOS__,166
t2023_ALCALDE,2023,ALCALDE,41319,"ALBERTO TOLEDO RAMOS|PARTIDO ALIANZA SOCIAL INDEPENDIENTE ""ASI""",3662
t2023_ALCALDE,2023,ALCALDE,41319,ANTONIO SANCHEZ TRUJILLO|PARTIDO ECOLOGISTA COLOMBIANO,235
t2023_ALCALDE,2023,ALCALDE,41319,DIRLEY LOSADA PROAÑOS|PARTIDO ALIANZA VERDE,480
t2023_ALCALDE,2023,ALCALDE,41319,ORLANDO LOSADA GOMEZ|TODO POR UN GUADALUPE MEJOR,1306
t2023_ALCALDE,2023,ALCALDE,41319,OSCAR FERNANDO ESPAÑA ALGECIRA|SEMBREMOS EL CAMBIO,3011
t2023_ALCALDE,2023,ALCALDE,41319,__BLANCO__,120
t2023_ALCALDE,2023,ALCALDE,41319,__NO_MARCADOS__,109
t2023_ALCALDE,2023,ALCALDE,41319,__NULOS__,101
t2023_ALCALDE,2023,ALCALDE,41349,FREDY ANDRADE BETANCUR|PARTIDO CAMBIO RADICAL,198
t2023_ALCALDE,2023,ALCALDE,41349,ISMAEL MARTINEZ POLANIA|PARTIDO LIBERAL COLOMBIANO,1791
t2023_ALCALDE,2023,ALCALDE,41349,JOSE HUMBERTO PASTRANA CHARRY|PARTIDO DE LA UNIÓN POR LA GENTE - PARTIDO DE LA U,363
t2023_ALCALDE,2023,ALCALDE,41349,JULIE PAULINE SUAREZ QUIMBAYA|PARTIDO DEL TRABAJO DE COLOMBIA,8
t2023_ALCALDE,2023,ALCALDE,41349,MARCO TULIO PEÑA SAENZ|MOVIMIENTO POLÍTICO COLOMBIA HUMANA,28
t2023_ALCALDE,2023,ALCALDE,41349,YHON ALBER MORA LIZCANO|PARTIDO VERDE OXÍGENO,2047
t2023_ALCALDE,2023,ALCALDE,41349,__BLANCO__,36
t2023_ALCALDE,2023,ALCALDE,41349,__NO_MARCADOS__,27
t2023_ALCALDE,2023,ALCALDE,41349,__NULOS__,33
t2023_ALCALDE,2023,ALCALDE,41357,DARWIN HERNAN LEIVA GAITAN|ES EL MOMENTO DE RECONSTRUIR,650
t2023_ALCALDE,2023,ALCALDE,41357,ELUZ YANID VARGAS ROA|PARTIDO CONSERVADOR COLOMBIANO,463
t2023_ALCALDE,2023,ALCALDE,41357,JAIME HUMBERTO TORO VALLEJO|PARTIDO COLOMBIA RENACIENTE,1493
t2023_ALCALDE,2023,ALCALDE,41357,RUBEN DARIO CASTRO ANDRADE|ÍQUIRA MÁS FUTURO,1510
t2023_ALCALDE,2023,ALCALDE,41357,"YILANDER CHANTRE RIASCOS|MOVIMIENTO ALTERNATIVO INDÍGENA Y SOCIAL ""MAIS""",1409
t2023_ALCALDE,2023,ALCALDE,41357,__BLANCO__,42
t2023_ALCALDE,2023,ALCALDE,41357,__NO_MARCADOS__,69
t2023_ALCALDE,2023,ALCALDE,41357,__NULOS__,51
t2023_ALCALDE,2023,ALCALDE,41359,"AYDA NURY PLAZA QUINAYAS|MOVIMIENTO AUTORIDADES INDÍGENAS DE COLOMBIA ""AICO""",275
t2023_ALCALDE,2023,ALCALDE,41359,JHON FREDY REALPE FERNANDEZ|PARTIDO POLÍTICO LA FUERZA DE LA PAZ,115
t2023_ALCALDE,2023,ALCALDE,41359,JOAN STEVEN ZUÑIGA PACHECO|PARTIDO VERDE OXÍGENO,73
t2023_ALCALDE,2023,ALCALDE,41359,JOSE ALFREDO MUÑOZ MUÑOZ|PARTIDO ALIANZA VERDE,3534
t2023_ALCALDE,2023,ALCALDE,41359,JUAN CARLOS TORRES IMBACHI|COMPROMETIDOS POR EL DESARROLLO DE ISNOS,2264
t2023_ALCALDE,2023,ALCALDE,41359,MANUEL SEBASTIAN CAICEDO CERON|INDEPENDIENTES,3215
t2023_ALCALDE,2023,ALCALDE,41359,RIGOBERTO ROSERO GOMEZ|PARTIDO CENTRO DEMOCRÁTICO,2053
t2023_ALCALDE,2023,ALCALDE,41359,SILVIO CERON SAMBONI|PARTIDO POLO DEMOCRÁTICO ALTERNATIVO,173
t2023_ALCALDE,2023,ALCALDE,41359,WILSON FERNANDO BOLAÑOS CLAROS|COLOMBIA HUMANA-MAIS,2747
t2023_ALCALDE,2023,ALCALDE,41359,YIMI LEODIXON SAMBONI CHILITO|PARTIDO POLÍTICO DIGNIDAD & COMPROMISO,157
t2023_ALCALDE,2023,ALCALDE,41359,__BLANCO__,197
t2023_ALCALDE,2023,ALCALDE,41359,__NO_MARCADOS__,191
t2023_ALCALDE,2023,ALCALDE,41359,__NULOS__,171
t2023_ALCALDE,2023,ALCALDE,41378,FABIAN ERNESTO RINCON CHAVEZ|CONECTADO CON EL PUEBLO,3251
t2023_ALCALDE,2023,ALCALDE,41378,JHON FAVER SANCHEZ JIMENEZ|PARTIDO LIBERAL COLOMBIANO,2116
t2023_ALCALDE,2023,ALCALDE,41378,JOSE ALBEIRO CHAVEZ IBAGON|PASIÓN POR LA VIDA GESTIÓN POR MI GENTE,2193
t2023_ALCALDE,2023,ALCALDE,41378,NESTOR FABIAN BOLAÑOS GARCIA|PARTIDO POLÍTICO DIGNIDAD & COMPROMISO,118
t2023_ALCALDE,2023,ALCALDE,41378,__BLANCO__,125
t2023_ALCALDE,2023,ALCALDE,41378,__NO_MARCADOS__,94
t2023_ALCALDE,2023,ALCALDE,41378,__NULOS__,46
t2023_ALCALDE,2023,ALCALDE,41396,CAMILO OSPINA MARTINEZ|PARTIDO CONSERVADOR COLOMBIANO,11772
t2023_ALCALDE,2023,ALCALDE,41396,DIEGO ALEXANDER MOMPOTES BECERRA|GOBERNEMOS JUNTOS,6223
t2023_ALCALDE,2023,ALCALDE,41396,JESUS ANTONIO ALVAREZ MORA|MOVIMIENTO POLITICO FUERZA CIUDADANA,102
t2023_ALCALDE,2023,ALCALDE,41396,JORGE GARCIA QUIROGA|LA TRANSFORMACION ES AHORA,6147
t2023_ALCALDE,2023,ALCALDE,41396,LUIS EMIRO PAJOY TRUJILLO|PARTIDO COLOMBIA RENACIENTE,109
t2023_ALCALDE,2023,ALCALDE,41396,__BLANCO__,584
t2023_ALCALDE,2023,ALCALDE,41396,__NO_MARCADOS__,547
t2023_ALCALDE,2023,ALCALDE,41396,__NULOS__,417
t2023_ALCALDE,2023,ALCALDE,41483,JEISSON FERNANDO CAMPOS LIZCANO|PARTIDO DE LA UNIÓN POR LA GENTE - PARTIDO DE LA U,742
t2023_ALCALDE,2023,ALCALDE,41483,JOSE ADELMO LIEVANO YUCUMA|PARTIDO CAMBIO RADICAL,1828
t2023_ALCALDE,2023,ALCALDE,41483,LINA MARCELA ALVAREZ AUDOR|PARTIDO NUEVO LIBERALISMO,345
t2023_ALCALDE,2023,ALCALDE,41483,LUBIN PAJOY TRUJILLO|PARTIDO CONSERVADOR COLOMBIANO,487
t2023_ALCALDE,2023,ALCALDE,41483,"MARIO MESA CHINDICUE|MOVIMIENTO ALTERNATIVO INDÍGENA Y SOCIAL ""MAIS""",329
t2023_ALCALDE,2023,ALCALDE,41483,__BLANCO__,33
t2023_ALCALDE,2023,ALCALDE,41483,__NO_MARCADOS__,33
t2023_ALCALDE,2023,ALCALDE,41483,__NULOS__,34
t2023_ALCALDE,2023,ALCALDE,41503,ALEXANDER CHAVARRO MENDOZA|COALICION CON VISION DE PROGRESO Y DESARROLLO POR OPORAPA,1401
t2023_ALCALDE,2023,ALCALDE,41503,HAROL HUMBERTO HORTA MOTTA|MOVIMIENTO POLITICO FUERZA CIUDADANA,76
t2023_ALCALDE,2023,ALCALDE,41503,JOAN MANUEL MUÑOZ MOTTA|PARTIDO ALIANZA VERDE,1020
t2023_ALCALDE,2023,ALCALDE,41503,JOHN FREDY PERDOMO MOLINA|PARTIDO DE LA UNIÓN POR LA GENTE - PARTIDO DE LA U,7
t2023_ALCALDE,2023,ALCALDE,41503,MARCO ANTONIO MOLINA MAZABEL|PARTIDO CONSERVADOR COLOMBIANO,3039
t2023_ALCALDE,2023,ALCALDE,41503,ROBINSO SANCHEZ MOTTA|MOVIMIENTO ALIANZA DEMOCRÁTICA AMPLIA - Res. 2049 de 2021,359
t2023_ALCALDE,2023,ALCALDE,41503,WILMER CASTILLO CRUZ|OPORAPA PARTICIPATIVA,680
t2023_ALCALDE,2023,ALCALDE,41503,__BLANCO__,64
t2023_ALCALDE,2023,ALCALDE,41503,__NO_MARCADOS__,32
t2023_ALCALDE,2023,ALCALDE,41503,__NULOS__,36
t2023_ALCALDE,2023,ALCALDE,41518,ANIBAL CHAVARRO CHANTRE|PRIMERO LA GENTE,1422
t2023_ALCALDE,2023,ALCALDE,41518,ARMANDO CABRERA SALAZAR|PARTIDO CONSERVADOR COLOMBIANO,850
t2023_ALCALDE,2023,ALCALDE,41518,ISABEL CUELLAR SERRATO|AHORA SI,1210
t2023_ALCALDE,2023,ALCALDE,41518,"JOSE JULIAN PERDOMO CUELLAR|PARTIDO ALIANZA SOCIAL INDEPENDIENTE ""ASI""",600
t2023_ALCALDE,2023,ALCALDE,41518,__BLANCO__,33
t2023_ALCALDE,2023,ALCALDE,41518,__NO_MARCADOS__,19
t2023_ALCALDE,2023,ALCALDE,41518,__NULOS__,23
t2023_ALCALDE,2023,ALCALDE,41524,CARLOS ALFREDO MOSQUERA CORTES|PARTIDO POLÍTICO LA FUERZA DE LA PAZ,3185
t2023_ALCALDE,2023,ALCALDE,41524,JOSE REYNALDO ORTIZ MENDOZA|PACTO HISTORICO,249
t2023_ALCALDE,2023,ALCALDE,41524,KLEYVER LAUREANO OVIEDO FARFAN|SALVEMOS PALERMO,6827
t2023_ALCALDE,2023,ALCALDE,41524,MARIO FERNANDO SAAVEDRA PINZON|MOVIMIENTO SALVACIÓN NACIONAL,1505
t2023_ALCALDE,2023,ALCALDE,41524,"ROBERT CERQUERA LOSADA|PARTIDO ALIANZA SOCIAL INDEPENDIENTE ""ASI""",2495
t2023_ALCALDE,2023,ALCALDE,41524,ROGERS ALONSO ROJAS RAMIREZ|PARTIDO VERDE OXÍGENO,145
t2023_ALCALDE,2023,ALCALDE,41524,__BLANCO__,332
t2023_ALCALDE,2023,ALCALDE,41524,__NO_MARCADOS__,188
t2023_ALCALDE,2023,ALCALDE,41524,__NULOS__,203
t2023_ALCALDE,2023,ALCALDE,41530,HUMBERTO ANACONA PALADINES|PARTIDO POLÍTICO DIGNIDAD & COMPROMISO,4
t2023_ALCALDE,2023,ALCALDE,41530,JAIME NUÑEZ ESCUDERO|PARTIDO POLÍTICO LA FUERZA DE LA PAZ,48
t2023_ALCALDE,2023,ALCALDE,41530,JUAN DIEGO PINEDA RODRIGUEZ|PALESTINA COMPROMISO DE TODOS,2360
t2023_ALCALDE,2023,ALCALDE,41530,JUAN JOSE MOTTA QUINTERO|MOVIMIENTO POLÍTICO COLOMBIA HUMANA,1246
t2023_ALCALDE,2023,ALCALDE,41530,LEIDY JOHANA PEREZ COY|UNIDOS POR EL PROGRESO,2157
t2023_ALCALDE,2023,ALCALDE,41530,NARDY ULE CHAVARRO|PARTIDO CONSERVADOR COLOMBIANO,1036
t2023_ALCALDE,2023,ALCALDE,41530,__BLANCO__,59
t2023_ALCALDE,2023,ALCALDE,41530,__NO_MARCADOS__,54
t2023_ALCALDE,2023,ALCALDE,41530,__NULOS__,66
t2023_ALCALDE,2023,ALCALDE,41548,CARLOS ALBERTO RODRIGUEZ MONTEALEGRE|PARTIDO CAMBIO RADICAL,2101
t2023_ALCALDE,2023,ALCALDE,41548,CRISTIAN MELO VARGAS|EL PITAL NOS UNE,670
t2023_ALCALDE,2023,ALCALDE,41548,EDWIN FERNANDO PISSO ESCALANTE|PARTIDO POLÍTICO DIGNIDAD & COMPROMISO,252
t2023_ALCALDE,2023,ALCALDE,41548,LUIS CARLOS OCAMPO CAMPOS|PARTIDO CONSERVADOR COLOMBIANO,1159
t2023_ALCALDE,2023,ALCALDE,41548,OMAR GAITAN PASCUAS|COALICION UNIDOS CONSTRUIREMOS UN PITAL MEJOR PARA TODOS,1989
t2023_ALCALDE,2023,ALCALDE,41548,YUDI LORENA MEDINA GIRALDO|PARTIDO COLOMBIA RENACIENTE,1120
t2023_ALCALDE,2023,ALCALDE,41548,__BLANCO__,42
t2023_ALCALDE,2023,ALCALDE,41548,__NO_MARCADOS__,45
t2023_ALCALDE,2023,ALCALDE,41548,__NULOS__,30
t2023_ALCALDE,2023,ALCALDE,41551,FRANKY ALEXANDER VEGA MURCIA|COMPROMETIDOS CON PITALITO,22887
t2023_ALCALDE,2023,ALCALDE,41551,JESUS ESCOBAR SERRATO|PARTIDO POLÍTICO DIGNIDAD & COMPROMISO,361
t2023_ALCALDE,2023,ALCALDE,41551,MARIA EUGENIA HERRERA GUTIERREZ|PARTIDO NUEVO LIBERALISMO,845
t2023_ALCALDE,2023,ALCALDE,41551,SERGIO MAURICIO ZUÑIGA RAMIREZ|COALICION POR UN PITALITO PARA TODOS,239
t2023_ALCALDE,2023,ALCALDE,41551,YIDER LUNA JOVEN|PARTIDO CAMBIO RADICAL,29298
t2023_ALCALDE,2023,ALCALDE,41551,__BLANCO__,1952
t2023_ALCALDE,2023,ALCALDE,41551,__NO_MARCADOS__,1243
t2023_ALCALDE,2023,ALCALDE,41551,__NULOS__,931
t2023_ALCALDE,2023,ALCALDE,41615,HEDIMERS ANDELSO VIDAL TOVAR|RIVERA PIENSA EN GRANDE,1855
t2023_ALCALDE,2023,ALCALDE,41615,JOSE LUIS BAHAMON MONTEALEGRE|RIVERA SI,4314
t2023_ALCALDE,2023,ALCALDE,41615,LUIS HUMBERTO ALVARADO GUZMAN|EN EQUIPO POR RIVERA,5204
t2023_ALCALDE,2023,ALCALDE,41615,MANUEL DARIO GUTIERREZ LOSADA|MOVIMIENTO POLÍTICO COLOMBIA HUMANA,449
t2023_ALCALDE,2023,ALCALDE,41615,NELSON ENRIQUE CASTRO PERDOMO|PARTIDO CONSERVADOR COLOMBIANO,1409
t2023_ALCALDE,2023,ALCALDE,41615,__BLANCO__,211
t2023_ALCALDE,2023,ALCALDE,41615,__NO_MARCADOS__,114
t2023_ALCALDE,2023,ALCALDE,41615,__NULOS__,122
t2023_ALCALDE,2023,ALCALDE,41660,BARAON JOSE BUITRAGO CHAUX|PARTIDO ALIANZA VERDE,3376
t2023_ALCALDE,2023,ALCALDE,41660,EDGAR JAVIER BAMBAGUE BARRIOS|PARTIDO DE LA U-PARTIDO LIBERAL-PARTIDO CONSERVADOR,3589
t2023_ALCALDE,2023,ALCALDE,41660,EFRAIN SALGADO GARZON|DE FRENTE CON LA GENTE,47
t2023_ALCALDE,2023,ALCALDE,41660,HERMENSON ROJAS CLAROS|PARTIDO CAMBIO RADICAL,551
t2023_ALCALDE,2023,ALCALDE,41660,YULDOR PARRA PARRA|PARTIDO VERDE OXÍGENO,10
t2023_ALCALDE,2023,ALCALDE,41660,__BLANCO__,65
t2023_ALCALDE,2023,ALCALDE,41660,__NO_MARCADOS__,39
t2023_ALCALDE,2023,ALCALDE,41660,__NULOS__,51
t2023_ALCALDE,2023,ALCALDE,41668,BERNARDO URBANO BOLAÑOS|PARTIDO POLO DEMOCRÁTICO ALTERNATIVO,260
t2023_ALCALDE,2023,ALCALDE,41668,DIEGO FERNANDO FACUNDO|PARTIDO ALIANZA VERDE,3954
t2023_ALCALDE,2023,ALCALDE,41668,"EDGAR MARTIN LARA|RESULTADOS, EXPERIENCIA Y GESTION POR SAN AGUSTIN",2110
t2023_ALCALDE,2023,ALCALDE,41668,FENER JULIAN GARCIA|MOVIMIENTO POLÍTICO COLOMBIA HUMANA,214
t2023_ALCALDE,2023,ALCALDE,41668,FERNANDO BURBANO SAMBONI|PARTIDO POLÍTICO TODOS SOMOS COLOMBIA,1009
t2023_ALCALDE,2023,ALCALDE,41668,GERMAN DARIO DELGADO BOLAÑOS|PARTIDO LIBERAL COLOMBIANO,1331
t2023_ALCALDE,2023,ALCALDE,41668,HEBER NEL MUÑOZ YASNO|PARTIDO COLOMBIA RENACIENTE,4731
t2023_ALCALDE,2023,ALCALDE,41668,"WILLIAM ARVEY GOMEZ ORTIZ|MOVIMIENTO ALTERNATIVO INDÍGENA Y SOCIAL ""MAIS""",2084
t2023_ALCALDE,2023,ALCALDE,41668,__BLANCO__,234
t2023_ALCALDE,2023,ALCALDE,41668,__NO_MARCADOS__,273
t2023_ALCALDE,2023,ALCALDE,41668,__NULOS__,192
t2023_ALCALDE,2023,ALCALDE,41676,"ALFONSO BORBON GARZON|PARTIDO ALIANZA SOCIAL INDEPENDIENTE ""ASI""",782
t2023_ALCALDE,2023,ALCALDE,41676,DIEGO LEANDRO FARFAN GUILLOMBO|SANTAMARIA PROGRESA,1621
t2023_ALCALDE,2023,ALCALDE,41676,VIANCY CAROLINA GARCIA|CON LA FUERZA DEL PUEBLO,3623
t2023_ALCALDE,2023,ALCALDE,41676,__BLANCO__,49
t2023_ALCALDE,2023,ALCALDE,41676,__NO_MARCADOS__,63
t2023_ALCALDE,2023,ALCALDE,41676,__NULOS__,26
t2023_ALCALDE,2023,ALCALDE,41770,FRANCISCO CUELLAR CALDERON|SEGUIREMOS EL CAMBIO,5878
t2023_ALCALDE,2023,ALCALDE,41770,JULIO CESAR DUARTE BAUTISTA|PARTIDO DE LA UNIÓN POR LA GENTE - PARTIDO DE LA U,4969
t2023_ALCALDE,2023,ALCALDE,41770,__BLANCO__,86
t2023_ALCALDE,2023,ALCALDE,41770,__NO_MARCADOS__,172
t2023_ALCALDE,2023,ALCALDE,41770,__NULOS__,67
t2023_ALCALDE,2023,ALCALDE,41791,CARLOS ANTONIO TOLE CALDERON|DE CORAZON POR TARQUI,4100
t2023_ALCALDE,2023,ALCALDE,41791,CONSTANTINO TRUJILLO HERNANDEZ|PARTIDO ALIANZA VERDE,612
t2023_ALCALDE,2023,ALCALDE,41791,DANIEL OCTAVIO TRUJILLO TORRES|MOVIMIENTO POLITICO FUERZA CIUDADANA,241
t2023_ALCALDE,2023,ALCALDE,41791,EDNA MARGARITA PARRA BUENDIA|PARTIDO CONSERVADOR COLOMBIANO,2874
t2023_ALCALDE,2023,ALCALDE,41791,VICTOR FELIX TOVAR CHAVARRO|COMPROMISO POR TARQUI,1521
t2023_ALCALDE,2023,ALCALDE,41791,__BLANCO__,128
t2023_ALCALDE,2023,ALCALDE,41791,__NO_MARCADOS__,55
t2023_ALCALDE,2023,ALCALDE,41791,__NULOS__,68
t2023_ALCALDE,2023,ALCALDE,41797,ALEXANDER VILLEGAS CASTRO|PARTIDO CONSERVADOR COLOMBIANO,1791
t2023_ALCALDE,2023,ALCALDE,41797,DAIRO YUCO RIVAS|PARTIDO VERDE OXÍGENO,302
t2023_ALCALDE,2023,ALCALDE,41797,OLMER GUSTAVO RAMOS CUENCA|PARTIDO ALIANZA VERDE,2111
t2023_ALCALDE,2023,ALCALDE,41797,ORMALIA VARGAS MONTERO|UNIDOS POR TESALIA,1859
t2023_ALCALDE,2023,ALCALDE,41797,__BLANCO__,47
t2023_ALCALDE,2023,ALCALDE,41797,__NO_MARCADOS__,31
t2023_ALCALDE,2023,ALCALDE,41797,__NULOS__,53
t2023_ALCALDE,2023,ALCALDE,41799,FERNANDO ALIPIO SOLANO GOMEZ|TELLO MERECE MAS,4577
t2023_ALCALDE,2023,ALCALDE,41799,JOSE ALFREDO GUTIERREZ VILLARREAL|PARTIDO LIBERAL COLOMBIANO,2812
t2023_ALCALDE,2023,ALCALDE,41799,__BLANCO__,53
t2023_ALCALDE,2023,ALCALDE,41799,__NO_MARCADOS__,45
t2023_ALCALDE,2023,ALCALDE,41799,__NULOS__,51
t2023_ALCALDE,2023,ALCALDE,41801,ALBERTO CALDERON RAMIREZ|PARTIDO ALIANZA VERDE,930
t2023_ALCALDE,2023,ALCALDE,41801,GERMAN MORALES OLIVEROS|PARTIDO VERDE OXÍGENO,2965
t2023_ALCALDE,2023,ALCALDE,41801,"YEISON JAVIER HERRERA LEGUIZAMO|PARTIDO ALIANZA SOCIAL INDEPENDIENTE ""ASI""",828
t2023_ALCALDE,2023,ALCALDE,41801,__BLANCO__,58
t2023_ALCALDE,2023,ALCALDE,41801,__NO_MARCADOS__,30
t2023_ALCALDE,2023,ALCALDE,41801,__NULOS__,31
t2023_ALCALDE,2023,ALCALDE,41807,ALEXIS BELTRAN CAMACHO|ACUERDO DE COALICION POLITICA Y PROGRAMATICA ENTRE EL PARTIDO DE LA U Y EL PARTIDO FUERZA DE LA PAZ,996
t2023_ALCALDE,2023,ALCALDE,41807,CARLOS ANDRES STERLING CURACA|MOVIMIENTO SALVACIÓN NACIONAL,482
t2023_ALCALDE,2023,ALCALDE,41807,CARLOS DANIEL MAZABEL CORDOBA|COALICION POR EL PROGRESO,2147
t2023_ALCALDE,2023,ALCALDE,41807,EDWIN ANDRES CARDENAS GASCA|PARTIDO ALIANZA VERDE,3462
t2023_ALCALDE,2023,ALCALDE,41807,NELSON RAMIREZ ALVAREZ|PARTIDO CONSERVADOR COLOMBIANO,3298
t2023_ALCALDE,2023,ALCALDE,41807,"WILSON BETHO CALDERON HEREDIA|MOVIMIENTO ALTERNATIVO INDÍGENA Y SOCIAL ""MAIS""",341
t2023_ALCALDE,2023,ALCALDE,41807,__BLANCO__,184
t2023_ALCALDE,2023,ALCALDE,41807,__NO_MARCADOS__,181
t2023_ALCALDE,2023,ALCALDE,41807,__NULOS__,116
t2023_ALCALDE,2023,ALCALDE,41872,ANDRES FELIPE QUESADA GOMEZ|PARTIDO ECOLOGISTA COLOMBIANO,9
t2023_ALCALDE,2023,ALCALDE,41872,CARLOS ALBERTO CORTES HERNANDEZ|PARTIDO CONSERVADOR COLOMBIANO,807
t2023_ALCALDE,2023,ALCALDE,41872,FERNEY ROJAS CHARRY|UN COMPROMISO DE CORAZON,147
t2023_ALCALDE,2023,ALCALDE,41872,JOSE OMAR SOACHE HERNANDEZ|PARTIDO COLOMBIA RENACIENTE,2
t2023_ALCALDE,2023,ALCALDE,41872,LIBER BUSTOS CORDOBA|PARTIDO CENTRO DEMOCRÁTICO,31
t2023_ALCALDE,2023,ALCALDE,41872,LISETH VALDES GARCIA|PARTIDO POLO DEMOCRÁTICO ALTERNATIVO,76
t2023_ALCALDE,2023,ALCALDE,41872,LUIS ALFONSO SANCHEZ LOZANO|PARTIDO LIBERAL COLOMBIANO,1387
t2023_ALCALDE,2023,ALCALDE,41872,NELSON AUGUSTO CALDERON CUELLAR|INDEPENDIENTES,24
t2023_ALCALDE,2023,ALCALDE,41872,RAUL ARTURO RAMIREZ OLAYA|VILLAVIEJA TIENE FUTURO,1375
t2023_ALCALDE,2023,ALCALDE,41872,YORDAN ARIS PACHECO TONCON|PARTIDO DE LA UNIÓN POR LA GENTE - PARTIDO DE LA U,1618
t2023_ALCALDE,2023,ALCALDE,41872,__BLANCO__,33
t2023_ALCALDE,2023,ALCALDE,41872,__NO_MARCADOS__,27
t2023_ALCALDE,2023,ALCALDE,41872,__NULOS__,37
t2023_ALCALDE,2023,ALCALDE,41885,DIEGO ARMANDO GONZALEZ POLANCO|MOVIMIENTO POLITICO FUERZA CIUDADANA,1163
t2023_ALCALDE,2023,ALCALDE,41885,DIEGO EDUARDO CUENCA CABRERA|MOVIMIENTO SALVACIÓN NACIONAL,45
t2023_ALCALDE,2023,ALCALDE,41885,GINA KATHERINE GARCIA RAMIREZ|PARTIDO POLÍTICO GENTE EN MOVIMIENTO,50
t2023_ALCALDE,2023,ALCALDE,41885,JESUS HERNAN FERNANDEZ MONJE|MOVIMIENTO POLÍTICO COLOMBIA HUMANA,27
t2023_ALCALDE,2023,ALCALDE,41885,LENIN ALBERTO TRUJILLO GONZALEZ|YAGUARÁ PARA TODOS,2257
t2023_ALCALDE,2023,ALCALDE,41885,LUIS ERNESTO GARCIA POLANIA|PARTIDO NUEVO LIBERALISMO,122
t2023_ALCALDE,2023,ALCALDE,41885,NANCY TRUJILLO MONJE|PARTIDO CONSERVADOR COLOMBIANO,1624
t2023_ALCALDE,2023,ALCALDE,41885,__BLANCO__,34
t2023_ALCALDE,2023,ALCALDE,41885,__NO_MARCADOS__,26
t2023_ALCALDE,2023,ALCALDE,41885,__NULOS__,30
t2023_ASAMBLEA,2023,ASAMBLEA,41001,ALMA DEL HUILA,6110
t2023_ASAMBLEA,2023,ASAMBLEA,41001,COAL. PARTIDO CENTRO DEMOCRATICO Y PARTIDO LIGA,9921
t2023_ASAMBLEA,2023,ASAMBLEA,41001,COALICIÓN PARTIDO DE LA U Y PARTIDO POLITICO MIRA,11279
t2023_ASAMBLEA,2023,ASAMBLEA,41001,HUILA EMPRENDE,11352
t2023_ASAMBLEA,2023,ASAMBLEA,41001,PACTOHISTORICO,16654
t2023_ASAMBLEA,2023,ASAMBLEA,41001,PARTIDO ALIANZA VERDE,18358
t2023_ASAMBLEA,2023,ASAMBLEA,41001,PARTIDO CONSERVADOR COLOMBIANO,14625
t2023_ASAMBLEA,2023,ASAMBLEA,41001,PARTIDO LIBERAL COLOMBIANO,28818
t2023_ASAMBLEA,2023,ASAMBLEA,41001,__BLANCO__,29114
t2023_ASAMBLEA,2023,ASAMBLEA,41001,__NO_MARCADOS__,11880
t2023_ASAMBLEA,2023,ASAMBLEA,41001,__NULOS__,7038
t2023_ASAMBLEA,2023,ASAMBLEA,41006,ALMA DEL HUILA,277
t2023_ASAMBLEA,2023,ASAMBLEA,41006,COAL. PARTIDO CENTRO DEMOCRATICO Y PARTIDO LIGA,672
t2023_ASAMBLEA,2023,ASAMBLEA,41006,COALICIÓN PARTIDO DE LA U Y PARTIDO POLITICO MIRA,859
t2023_ASAMBLEA,2023,ASAMBLEA,41006,HUILA EMPRENDE,998
t2023_ASAMBLEA,2023,ASAMBLEA,41006,PACTOHISTORICO,446
t2023_ASAMBLEA,2023,ASAMBLEA,41006,PARTIDO ALIANZA VERDE,1550
t2023_ASAMBLEA,2023,ASAMBLEA,41006,PARTIDO CONSERVADOR COLOMBIANO,2575
t2023_ASAMBLEA,2023,ASAMBLEA,41006,PARTIDO LIBERAL COLOMBIANO,1108
t2023_ASAMBLEA,2023,ASAMBLEA,41006,__BLANCO__,1660
t2023_ASAMBLEA,2023,ASAMBLEA,41006,__NO_MARCADOS__,3139
t2023_ASAMBLEA,2023,ASAMBLEA,41006,__NULOS__,377
t2023_ASAMBLEA,2023,ASAMBLEA,41013,ALMA DEL HUILA,31
t2023_ASAMBLEA,2023,ASAMBLEA,41013,COAL. PARTIDO CENTRO DEMOCRATICO Y PARTIDO LIGA,154
t2023_ASAMBLEA,2023,ASAMBLEA,41013,COALICIÓN PARTIDO DE LA U Y PARTIDO POLITICO MIRA,399
t2023_ASAMBLEA,2023,ASAMBLEA,41013,HUILA EMPRENDE,417
t2023_ASAMBLEA,2023,ASAMBLEA,41013,PACTOHISTORICO,150
t2023_ASAMBLEA,2023,ASAMBLEA,41013,PARTIDO ALIANZA VERDE,503
t2023_ASAMBLEA,2023,ASAMBLEA,41013,PARTIDO CONSERVADOR COLOMBIANO,1346
t2023_ASAMBLEA,2023,ASAMBLEA,41013,PARTIDO LIBERAL COLOMBIANO,1392
t2023_ASAMBLEA,2023,ASAMBLEA,41013,__BLANCO__,541
t2023_ASAMBLEA,2023,ASAMBLEA,41013,__NO_MARCADOS__,939
t2023_ASAMBLEA,2023,ASAMBLEA,41013,__NULOS__,164
t2023_ASAMBLEA,2023,ASAMBLEA,41016,ALMA DEL HUILA,188
t2023_ASAMBLEA,2023,ASAMBLEA,41016,COAL. PARTIDO CENTRO DEMOCRATICO Y PARTIDO LIGA,300
t2023_ASAMBLEA,2023,ASAMBLEA,41016,COALICIÓN PARTIDO DE LA U Y PARTIDO POLITICO MIRA,2142
t2023_ASAMBLEA,2023,ASAMBLEA,41016,HUILA EMPRENDE,1158
t2023_ASAMBLEA,2023,ASAMBLEA,41016,PACTOHISTORICO,498
t2023_ASAMBLEA,2023,ASAMBLEA,41016,PARTIDO ALIANZA VERDE,899
t2023_ASAMBLEA,2023,ASAMBLEA,41016,PARTIDO CONSERVADOR COLOMBIANO,1269
t2023_ASAMBLEA,2023,ASAMBLEA,41016,PARTIDO LIBERAL COLOMBIANO,1605
t2023_ASAMBLEA,2023,ASAMBLEA,41016,__BLANCO__,1216
t2023_ASAMBLEA,2023,ASAMBLEA,41016,__NO_MARCADOS__,2125
t2023_ASAMBLEA,2023,ASAMBLEA,41016,__NULOS__,318
t2023_ASAMBLEA,2023,ASAMBLEA,41020,ALMA DEL HUILA,184
t2023_ASAMBLEA,2023,ASAMBLEA,41020,COAL. PARTIDO CENTRO DEMOCRATICO Y PARTIDO LIGA,231
t2023_ASAMBLEA,2023,ASAMBLEA,41020,COALICIÓN PARTIDO DE LA U Y PARTIDO POLITICO MIRA,2975
t2023_ASAMBLEA,2023,ASAMBLEA,41020,HUILA EMPRENDE,463
t2023_ASAMBLEA,2023,ASAMBLEA,41020,PACTOHISTORICO,450
t2023_ASAMBLEA,2023,ASAMBLEA,41020,PARTIDO ALIANZA VERDE,882
t2023_ASAMBLEA,2023,ASAMBLEA,41020,PARTIDO CONSERVADOR COLOMBIANO,255
t2023_ASAMBLEA,2023,ASAMBLEA,41020,PARTIDO LIBERAL COLOMBIANO,2100
t2023_ASAMBLEA,2023,ASAMBLEA,41020,__BLANCO__,920
t2023_ASAMBLEA,2023,ASAMBLEA,41020,__NO_MARCADOS__,2750
t2023_ASAMBLEA,2023,ASAMBLEA,41020,__NULOS__,213
t2023_ASAMBLEA,2023,ASAMBLEA,41026,ALMA DEL HUILA,62
t2023_ASAMBLEA,2023,ASAMBLEA,41026,COAL. PARTIDO CENTRO DEMOCRATICO Y PARTIDO LIGA,89
t2023_ASAMBLEA,2023,ASAMBLEA,41026,COALICIÓN PARTIDO DE LA U Y PARTIDO POLITICO MIRA,220
t2023_ASAMBLEA,2023,ASAMBLEA,41026,HUILA EMPRENDE,202
t2023_ASAMBLEA,2023,ASAMBLEA,41026,PACTOHISTORICO,216
t2023_ASAMBLEA,2023,ASAMBLEA,41026,PARTIDO ALIANZA VERDE,406
t2023_ASAMBLEA,2023,ASAMBLEA,41026,PARTIDO CONSERVADOR COLOMBIANO,247
t2023_ASAMBLEA,2023,ASAMBLEA,41026,PARTIDO LIBERAL COLOMBIANO,399
t2023_ASAMBLEA,2023,ASAMBLEA,41026,__BLANCO__,334
t2023_ASAMBLEA,2023,ASAMBLEA,41026,__NO_MARCADOS__,385
t2023_ASAMBLEA,2023,ASAMBLEA,41026,__NULOS__,84
t2023_ASAMBLEA,2023,ASAMBLEA,41078,ALMA DEL HUILA,74
t2023_ASAMBLEA,2023,ASAMBLEA,41078,COAL. PARTIDO CENTRO DEMOCRATICO Y PARTIDO LIGA,70
t2023_ASAMBLEA,2023,ASAMBLEA,41078,COALICIÓN PARTIDO DE LA U Y PARTIDO POLITICO MIRA,203
t2023_ASAMBLEA,2023,ASAMBLEA,41078,HUILA EMPRENDE,177
t2023_ASAMBLEA,2023,ASAMBLEA,41078,PACTOHISTORICO,120
t2023_ASAMBLEA,2023,ASAMBLEA,41078,PARTIDO ALIANZA VERDE,1619
t2023_ASAMBLEA,2023,ASAMBLEA,41078,PARTIDO CONSERVADOR COLOMBIANO,111
t2023_ASAMBLEA,2023,ASAMBLEA,41078,PARTIDO LIBERAL COLOMBIANO,1135
t2023_ASAMBLEA,2023,ASAMBLEA,41078,__BLANCO__,200
t2023_ASAMBLEA,2023,ASAMBLEA,41078,__NO_MARCADOS__,591
t2023_ASAMBLEA,2023,ASAMBLEA,41078,__NULOS__,81
t2023_ASAMBLEA,2023,ASAMBLEA,41132,ALMA DEL HUILA,408
t2023_ASAMBLEA,2023,ASAMBLEA,41132,COAL. PARTIDO CENTRO DEMOCRATICO Y PARTIDO LIGA,461
t2023_ASAMBLEA,2023,ASAMBLEA,41132,COALICIÓN PARTIDO DE LA U Y PARTIDO POLITICO MIRA,355
t2023_ASAMBLEA,2023,ASAMBLEA,41132,HUILA EMPRENDE,878
t2023_ASAMBLEA,2023,ASAMBLEA,41132,PACTOHISTORICO,2256
t2023_ASAMBLEA,2023,ASAMBLEA,41132,PARTIDO ALIANZA VERDE,1201
t2023_ASAMBLEA,2023,ASAMBLEA,41132,PARTIDO CONSERVADOR COLOMBIANO,681
t2023_ASAMBLEA,2023,ASAMBLEA,41132,PARTIDO LIBERAL COLOMBIANO,5243
t2023_ASAMBLEA,2023,ASAMBLEA,41132,__BLANCO__,2162
t2023_ASAMBLEA,2023,ASAMBLEA,41132,__NO_MARCADOS__,2265
t2023_ASAMBLEA,2023,ASAMBLEA,41132,__NULOS__,1015
t2023_ASAMBLEA,2023,ASAMBLEA,41206,ALMA DEL HUILA,283
t2023_ASAMBLEA,2023,ASAMBLEA,41206,COAL. PARTIDO CENTRO DEMOCRATICO Y PARTIDO LIGA,145
t2023_ASAMBLEA,2023,ASAMBLEA,41206,COALICIÓN PARTIDO DE LA U Y PARTIDO POLITICO MIRA,226
t2023_ASAMBLEA,2023,ASAMBLEA,41206,HUILA EMPRENDE,356
t2023_ASAMBLEA,2023,ASAMBLEA,41206,PACTOHISTORICO,116
t2023_ASAMBLEA,2023,ASAMBLEA,41206,PARTIDO ALIANZA VERDE,295
t2023_ASAMBLEA,2023,ASAMBLEA,41206,PARTIDO CONSERVADOR COLOMBIANO,412
t2023_ASAMBLEA,2023,ASAMBLEA,41206,PARTIDO LIBERAL COLOMBIANO,1761
t2023_ASAMBLEA,2023,ASAMBLEA,41206,__BLANCO__,282
t2023_ASAMBLEA,2023,ASAMBLEA,41206,__NO_MARCADOS__,998
t2023_ASAMBLEA,2023,ASAMBLEA,41206,__NULOS__,100
t2023_ASAMBLEA,2023,ASAMBLEA,41244,ALMA DEL HUILA,580
t2023_ASAMBLEA,2023,ASAMBLEA,41244,COAL. PARTIDO CENTRO DEMOCRATICO Y PARTIDO LIGA,311
t2023_ASAMBLEA,2023,ASAMBLEA,41244,COALICIÓN PARTIDO DE LA U Y PARTIDO POLITICO MIRA,87
t2023_ASAMBLEA,2023,ASAMBLEA,41244,HUILA EMPRENDE,225
t2023_ASAMBLEA,2023,ASAMBLEA,41244,PACTOHISTORICO,80
t2023_ASAMBLEA,2023,ASAMBLEA,41244,PARTIDO ALIANZA VERDE,282
t2023_ASAMBLEA,2023,ASAMBLEA,41244,PARTIDO CONSERVADOR COLOMBIANO,105
t2023_ASAMBLEA,2023,ASAMBLEA,41244,PARTIDO LIBERAL COLOMBIANO,582
t2023_ASAMBLEA,2023,ASAMBLEA,41244,__BLANCO__,164
t2023_ASAMBLEA,2023,ASAMBLEA,41244,__NO_MARCADOS__,468
t2023_ASAMBLEA,2023,ASAMBLEA,41244,__NULOS__,62
t2023_ASAMBLEA,2023,ASAMBLEA,41298,ALMA DEL HUILA,730
t2023_ASAMBLEA,2023,ASAMBLEA,41298,COAL. PARTIDO CENTRO DEMOCRATICO Y PARTIDO LIGA,1582
t2023_ASAMBLEA,2023,ASAMBLEA,41298,COALICIÓN PARTIDO DE LA U Y PARTIDO POLITICO MIRA,5778
t2023_ASAMBLEA,2023,ASAMBLEA,41298,HUILA EMPRENDE,4106
t2023_ASAMBLEA,2023,ASAMBLEA,41298,PACTOHISTORICO,1417
t2023_ASAMBLEA,2023,ASAMBLEA,41298,PARTIDO ALIANZA VERDE,5199
t2023_ASAMBLEA,2023,ASAMBLEA,41298,PARTIDO CONSERVADOR COLOMBIANO,1961
t2023_ASAMBLEA,2023,ASAMBLEA,41298,PARTIDO LIBERAL COLOMBIANO,3826
t2023_ASAMBLEA,2023,ASAMBLEA,41298,__BLANCO__,5027
t2023_ASAMBLEA,2023,ASAMBLEA,41298,__NO_MARCADOS__,3993
t2023_ASAMBLEA,2023,ASAMBLEA,41298,__NULOS__,1423
t2023_ASAMBLEA,2023,ASAMBLEA,41306,ALMA DEL HUILA,308
t2023_ASAMBLEA,2023,ASAMBLEA,41306,COAL. PARTIDO CENTRO DEMOCRATICO Y PARTIDO LIGA,510
t2023_ASAMBLEA,2023,ASAMBLEA,41306,COALICIÓN PARTIDO DE LA U Y PARTIDO POLITICO MIRA,556
t2023_ASAMBLEA,2023,ASAMBLEA,41306,HUILA EMPRENDE,1333
t2023_ASAMBLEA,2023,ASAMBLEA,41306,PACTOHISTORICO,851
t2023_ASAMBLEA,2023,ASAMBLEA,41306,PARTIDO ALIANZA VERDE,2069
t2023_ASAMBLEA,2023,ASAMBLEA,41306,PARTIDO CONSERVADOR COLOMBIANO,320
t2023_ASAMBLEA,2023,ASAMBLEA,41306,PARTIDO LIBERAL COLOMBIANO,3074
t2023_ASAMBLEA,2023,ASAMBLEA,41306,__BLANCO__,1791
t2023_ASAMBLEA,2023,ASAMBLEA,41306,__NO_MARCADOS__,2014
t2023_ASAMBLEA,2023,ASAMBLEA,41306,__NULOS__,513
t2023_ASAMBLEA,2023,ASAMBLEA,41319,ALMA DEL HUILA,233
t2023_ASAMBLEA,2023,ASAMBLEA,41319,COAL. PARTIDO CENTRO DEMOCRATICO Y PARTIDO LIGA,318
t2023_ASAMBLEA,2023,ASAMBLEA,41319,COALICIÓN PARTIDO DE LA U Y PARTIDO POLITICO MIRA,285
t2023_ASAMBLEA,2023,ASAMBLEA,41319,HUILA EMPRENDE,625
t2023_ASAMBLEA,2023,ASAMBLEA,41319,PACTOHISTORICO,270
t2023_ASAMBLEA,2023,ASAMBLEA,41319,PARTIDO ALIANZA VERDE,1820
t2023_ASAMBLEA,2023,ASAMBLEA,41319,PARTIDO CONSERVADOR COLOMBIANO,455
t2023_ASAMBLEA,2023,ASAMBLEA,41319,PARTIDO LIBERAL COLOMBIANO,1808
t2023_ASAMBLEA,2023,ASAMBLEA,41319,__BLANCO__,1181
t2023_ASAMBLEA,2023,ASAMBLEA,41319,__NO_MARCADOS__,1760
t2023_ASAMBLEA,2023,ASAMBLEA,41319,__NULOS__,267
t2023_ASAMBLEA,2023,ASAMBLEA,41349,ALMA DEL HUILA,60
t2023_ASAMBLEA,2023,ASAMBLEA,41349,COAL. PARTIDO CENTRO DEMOCRATICO Y PARTIDO LIGA,117
t2023_ASAMBLEA,2023,ASAMBLEA,41349,COALICIÓN PARTIDO DE LA U Y PARTIDO POLITICO MIRA,312
t2023_ASAMBLEA,2023,ASAMBLEA,41349,HUILA EMPRENDE,315
t2023_ASAMBLEA,2023,ASAMBLEA,41349,PACTOHISTORICO,139
t2023_ASAMBLEA,2023,ASAMBLEA,41349,PARTIDO ALIANZA VERDE,559
t2023_ASAMBLEA,2023,ASAMBLEA,41349,PARTIDO CONSERVADOR COLOMBIANO,207
t2023_ASAMBLEA,2023,ASAMBLEA,41349,PARTIDO LIBERAL COLOMBIANO,1195
t2023_ASAMBLEA,2023,ASAMBLEA,41349,__BLANCO__,492
t2023_ASAMBLEA,2023,ASAMBLEA,41349,__NO_MARCADOS__,990
t2023_ASAMBLEA,2023,ASAMBLEA,41349,__NULOS__,136
t2023_ASAMBLEA,2023,ASAMBLEA,41357,ALMA DEL HUILA,98
t2023_ASAMBLEA,2023,ASAMBLEA,41357,COAL. PARTIDO CENTRO DEMOCRATICO Y PARTIDO LIGA,97
t2023_ASAMBLEA,2023,ASAMBLEA,41357,COALICIÓN PARTIDO DE LA U Y PARTIDO POLITICO MIRA,174
t2023_ASAMBLEA,2023,ASAMBLEA,41357,HUILA EMPRENDE,331
t2023_ASAMBLEA,2023,ASAMBLEA,41357,PACTOHISTORICO,481
t2023_ASAMBLEA,2023,ASAMBLEA,41357,PARTIDO ALIANZA VERDE,695
t2023_ASAMBLEA,2023,ASAMBLEA,41357,PARTIDO CONSERVADOR COLOMBIANO,583
t2023_ASAMBLEA,2023,ASAMBLEA,41357,PARTIDO LIBERAL COLOMBIANO,1721
t2023_ASAMBLEA,2023,ASAMBLEA,41357,__BLANCO__,393
t2023_ASAMBLEA,2023,ASAMBLEA,41357,__NO_MARCADOS__,993
t2023_ASAMBLEA,2023,ASAMBLEA,41357,__NULOS__,112
t2023_ASAMBLEA,2023,ASAMBLEA,41359,ALMA DEL HUILA,127
t2023_ASAMBLEA,2023,ASAMBLEA,41359,COAL. PARTIDO CENTRO DEMOCRATICO Y PARTIDO LIGA,186
t2023_ASAMBLEA,2023,ASAMBLEA,41359,COALICIÓN PARTIDO DE LA U Y PARTIDO POLITICO MIRA,151
t2023_ASAMBLEA,2023,ASAMBLEA,41359,HUILA EMPRENDE,404
t2023_ASAMBLEA,2023,ASAMBLEA,41359,PACTOHISTORICO,401
t2023_ASAMBLEA,2023,ASAMBLEA,41359,PARTIDO ALIANZA VERDE,543
t2023_ASAMBLEA,2023,ASAMBLEA,41359,PARTIDO CONSERVADOR COLOMBIANO,9683
t2023_ASAMBLEA,2023,ASAMBLEA,41359,PARTIDO LIBERAL COLOMBIANO,977
t2023_ASAMBLEA,2023,ASAMBLEA,41359,__BLANCO__,678
t2023_ASAMBLEA,2023,ASAMBLEA,41359,__NO_MARCADOS__,1687
t2023_ASAMBLEA,2023,ASAMBLEA,41359,__NULOS__,305
t2023_ASAMBLEA,2023,ASAMBLEA,41378,ALMA DEL HUILA,224
t2023_ASAMBLEA,2023,ASAMBLEA,41378,COAL. PARTIDO CENTRO DEMOCRATICO Y PARTIDO LIGA,172
t2023_ASAMBLEA,2023,ASAMBLEA,41378,COALICIÓN PARTIDO DE LA U Y PARTIDO POLITICO MIRA,326
t2023_ASAMBLEA,2023,ASAMBLEA,41378,HUILA EMPRENDE,3894
t2023_ASAMBLEA,2023,ASAMBLEA,41378,PACTOHISTORICO,821
t2023_ASAMBLEA,2023,ASAMBLEA,41378,PARTIDO ALIANZA VERDE,293
t2023_ASAMBLEA,2023,ASAMBLEA,41378,PARTIDO CONSERVADOR COLOMBIANO,198
t2023_ASAMBLEA,2023,ASAMBLEA,41378,PARTIDO LIBERAL COLOMBIANO,581
t2023_ASAMBLEA,2023,ASAMBLEA,41378,__BLANCO__,400
t2023_ASAMBLEA,2023,ASAMBLEA,41378,__NO_MARCADOS__,882
t2023_ASAMBLEA,2023,ASAMBLEA,41378,__NULOS__,149
t2023_ASAMBLEA,2023,ASAMBLEA,41396,ALMA DEL HUILA,355
t2023_ASAMBLEA,2023,ASAMBLEA,41396,COAL. PARTIDO CENTRO DEMOCRATICO Y PARTIDO LIGA,953
t2023_ASAMBLEA,2023,ASAMBLEA,41396,COALICIÓN PARTIDO DE LA U Y PARTIDO POLITICO MIRA,852
t2023_ASAMBLEA,2023,ASAMBLEA,41396,HUILA EMPRENDE,7500
t2023_ASAMBLEA,2023,ASAMBLEA,41396,PACTOHISTORICO,2057
t2023_ASAMBLEA,2023,ASAMBLEA,41396,PARTIDO ALIANZA VERDE,1676
t2023_ASAMBLEA,2023,ASAMBLEA,41396,PARTIDO CONSERVADOR COLOMBIANO,1666
t2023_ASAMBLEA,2023,ASAMBLEA,41396,PARTIDO LIBERAL COLOMBIANO,4126
t2023_ASAMBLEA,2023,ASAMBLEA,41396,__BLANCO__,2611
t2023_ASAMBLEA,2023,ASAMBLEA,41396,__NO_MARCADOS__,3319
t2023_ASAMBLEA,2023,ASAMBLEA,41396,__NULOS__,744
t2023_ASAMBLEA,2023,ASAMBLEA,41483,ALMA DEL HUILA,134
t2023_ASAMBLEA,2023,ASAMBLEA,41483,COAL. PARTIDO CENTRO DEMOCRATICO Y PARTIDO LIGA,73
t2023_ASAMBLEA,2023,ASAMBLEA,41483,COALICIÓN PARTIDO DE LA U Y PARTIDO POLITICO MIRA,253
t2023_ASAMBLEA,2023,ASAMBLEA,41483,HUILA EMPRENDE,1166
t2023_ASAMBLEA,2023,ASAMBLEA,41483,PACTOHISTORICO,355
t2023_ASAMBLEA,2023,ASAMBLEA,41483,PARTIDO ALIANZA VERDE,46
t2023_ASAMBLEA,2023,ASAMBLEA,41483,PARTIDO CONSERVADOR COLOMBIANO,315
t2023_ASAMBLEA,2023,ASAMBLEA,41483,PARTIDO LIBERAL COLOMBIANO,580
t2023_ASAMBLEA,2023,ASAMBLEA,41483,__BLANCO__,199
t2023_ASAMBLEA,2023,ASAMBLEA,41483,__NO_MARCADOS__,640
t2023_ASAMBLEA,2023,ASAMBLEA,41483,__NULOS__,69
t2023_ASAMBLEA,2023,ASAMBLEA,41503,ALMA DEL HUILA,117
t2023_ASAMBLEA,2023,ASAMBLEA,41503,COAL. PARTIDO CENTRO DEMOCRATICO Y PARTIDO LIGA,380
t2023_ASAMBLEA,2023,ASAMBLEA,41503,COALICIÓN PARTIDO DE LA U Y PARTIDO POLITICO MIRA,48
t2023_ASAMBLEA,2023,ASAMBLEA,41503,HUILA EMPRENDE,736
t2023_ASAMBLEA,2023,ASAMBLEA,41503,PACTOHISTORICO,119
t2023_ASAMBLEA,2023,ASAMBLEA,41503,PARTIDO ALIANZA VERDE,793
t2023_ASAMBLEA,2023,ASAMBLEA,41503,PARTIDO CONSERVADOR COLOMBIANO,813
t2023_ASAMBLEA,2023,ASAMBLEA,41503,PARTIDO LIBERAL COLOMBIANO,1617
t2023_ASAMBLEA,2023,ASAMBLEA,41503,__BLANCO__,573
t2023_ASAMBLEA,2023,ASAMBLEA,41503,__NO_MARCADOS__,1390
t2023_ASAMBLEA,2023,ASAMBLEA,41503,__NULOS__,114
t2023_ASAMBLEA,2023,ASAMBLEA,41518,ALMA DEL HUILA,175
t2023_ASAMBLEA,2023,ASAMBLEA,41518,COAL. PARTIDO CENTRO DEMOCRATICO Y PARTIDO LIGA,182
t2023_ASAMBLEA,2023,ASAMBLEA,41518,COALICIÓN PARTIDO DE LA U Y PARTIDO POLITICO MIRA,184
t2023_ASAMBLEA,2023,ASAMBLEA,41518,HUILA EMPRENDE,579
t2023_ASAMBLEA,2023,ASAMBLEA,41518,PACTOHISTORICO,117
t2023_ASAMBLEA,2023,ASAMBLEA,41518,PARTIDO ALIANZA VERDE,667
t2023_ASAMBLEA,2023,ASAMBLEA,41518,PARTIDO CONSERVADOR COLOMBIANO,380
t2023_ASAMBLEA,2023,ASAMBLEA,41518,PARTIDO LIBERAL COLOMBIANO,1026
t2023_ASAMBLEA,2023,ASAMBLEA,41518,__BLANCO__,338
t2023_ASAMBLEA,2023,ASAMBLEA,41518,__NO_MARCADOS__,458
t2023_ASAMBLEA,2023,ASAMBLEA,41518,__NULOS__,56
t2023_ASAMBLEA,2023,ASAMBLEA,41524,ALMA DEL HUILA,1077
t2023_ASAMBLEA,2023,ASAMBLEA,41524,COAL. PARTIDO CENTRO DEMOCRATICO Y PARTIDO LIGA,575
t2023_ASAMBLEA,2023,ASAMBLEA,41524,COALICIÓN PARTIDO DE LA U Y PARTIDO POLITICO MIRA,608
t2023_ASAMBLEA,2023,ASAMBLEA,41524,HUILA EMPRENDE,936
t2023_ASAMBLEA,2023,ASAMBLEA,41524,PACTOHISTORICO,565
t2023_ASAMBLEA,2023,ASAMBLEA,41524,PARTIDO ALIANZA VERDE,1895
t2023_ASAMBLEA,2023,ASAMBLEA,41524,PARTIDO CONSERVADOR COLOMBIANO,2219
t2023_ASAMBLEA,2023,ASAMBLEA,41524,PARTIDO LIBERAL COLOMBIANO,2614
t2023_ASAMBLEA,2023,ASAMBLEA,41524,__BLANCO__,1708
t2023_ASAMBLEA,2023,ASAMBLEA,41524,__NO_MARCADOS__,2232
t2023_ASAMBLEA,2023,ASAMBLEA,41524,__NULOS__,619
t2023_ASAMBLEA,2023,ASAMBLEA,41530,ALMA DEL HUILA,331
t2023_ASAMBLEA,2023,ASAMBLEA,41530,COAL. PARTIDO CENTRO DEMOCRATICO Y PARTIDO LIGA,175
t2023_ASAMBLEA,2023,ASAMBLEA,41530,COALICIÓN PARTIDO DE LA U Y PARTIDO POLITICO MIRA,43
t2023_ASAMBLEA,2023,ASAMBLEA,41530,HUILA EMPRENDE,501
t2023_ASAMBLEA,2023,ASAMBLEA,41530,PACTOHISTORICO,855
t2023_ASAMBLEA,2023,ASAMBLEA,41530,PARTIDO ALIANZA VERDE,474
t2023_ASAMBLEA,2023,ASAMBLEA,41530,PARTIDO CONSERVADOR COLOMBIANO,688
t2023_ASAMBLEA,2023,ASAMBLEA,41530,PARTIDO LIBERAL COLOMBIANO,1554
t2023_ASAMBLEA,2023,ASAMBLEA,41530,__BLANCO__,789
t2023_ASAMBLEA,2023,ASAMBLEA,41530,__NO_MARCADOS__,1430
t2023_ASAMBLEA,2023,ASAMBLEA,41530,__NULOS__,186
t2023_ASAMBLEA,2023,ASAMBLEA,41548,ALMA DEL HUILA,233
t2023_ASAMBLEA,2023,ASAMBLEA,41548,COAL. PARTIDO CENTRO DEMOCRATICO Y PARTIDO LIGA,183
t2023_ASAMBLEA,2023,ASAMBLEA,41548,COALICIÓN PARTIDO DE LA U Y PARTIDO POLITICO MIRA,2002
t2023_ASAMBLEA,2023,ASAMBLEA,41548,HUILA EMPRENDE,1086
t2023_ASAMBLEA,2023,ASAMBLEA,41548,PACTOHISTORICO,205
t2023_ASAMBLEA,2023,ASAMBLEA,41548,PARTIDO ALIANZA VERDE,683
t2023_ASAMBLEA,2023,ASAMBLEA,41548,PARTIDO CONSERVADOR COLOMBIANO,527
t2023_ASAMBLEA,2023,ASAMBLEA,41548,PARTIDO LIBERAL COLOMBIANO,851
t2023_ASAMBLEA,2023,ASAMBLEA,41548,__BLANCO__,486
t2023_ASAMBLEA,2023,ASAMBLEA,41548,__NO_MARCADOS__,1004
t2023_ASAMBLEA,2023,ASAMBLEA,41548,__NULOS__,132
t2023_ASAMBLEA,2023,ASAMBLEA,41551,ALMA DEL HUILA,1968
t2023_ASAMBLEA,2023,ASAMBLEA,41551,COAL. PARTIDO CENTRO DEMOCRATICO Y PARTIDO LIGA,3237
t2023_ASAMBLEA,2023,ASAMBLEA,41551,COALICIÓN PARTIDO DE LA U Y PARTIDO POLITICO MIRA,747
t2023_ASAMBLEA,2023,ASAMBLEA,41551,HUILA EMPRENDE,10571
t2023_ASAMBLEA,2023,ASAMBLEA,41551,PACTOHISTORICO,3495
t2023_ASAMBLEA,2023,ASAMBLEA,41551,PARTIDO ALIANZA VERDE,3358
t2023_ASAMBLEA,2023,ASAMBLEA,41551,PARTIDO CONSERVADOR COLOMBIANO,6614
t2023_ASAMBLEA,2023,ASAMBLEA,41551,PARTIDO LIBERAL COLOMBIANO,6253
t2023_ASAMBLEA,2023,ASAMBLEA,41551,__BLANCO__,10779
t2023_ASAMBLEA,2023,ASAMBLEA,41551,__NO_MARCADOS__,8675
t2023_ASAMBLEA,2023,ASAMBLEA,41551,__NULOS__,1816
t2023_ASAMBLEA,2023,ASAMBLEA,41615,ALMA DEL HUILA,405
t2023_ASAMBLEA,2023,ASAMBLEA,41615,COAL. PARTIDO CENTRO DEMOCRATICO Y PARTIDO LIGA,1562
t2023_ASAMBLEA,2023,ASAMBLEA,41615,COALICIÓN PARTIDO DE LA U Y PARTIDO POLITICO MIRA,709
t2023_ASAMBLEA,2023,ASAMBLEA,41615,HUILA EMPRENDE,731
t2023_ASAMBLEA,2023,ASAMBLEA,41615,PACTOHISTORICO,978
t2023_ASAMBLEA,2023,ASAMBLEA,41615,PARTIDO ALIANZA VERDE,1553
t2023_ASAMBLEA,2023,ASAMBLEA,41615,PARTIDO CONSERVADOR COLOMBIANO,1137
t2023_ASAMBLEA,2023,ASAMBLEA,41615,PARTIDO LIBERAL COLOMBIANO,2495
t2023_ASAMBLEA,2023,ASAMBLEA,41615,__BLANCO__,1701
t2023_ASAMBLEA,2023,ASAMBLEA,41615,__NO_MARCADOS__,1825
t2023_ASAMBLEA,2023,ASAMBLEA,41615,__NULOS__,514
t2023_ASAMBLEA,2023,ASAMBLEA,41660,ALMA DEL HUILA,43
t2023_ASAMBLEA,2023,ASAMBLEA,41660,COAL. PARTIDO CENTRO DEMOCRATICO Y PARTIDO LIGA,150
t2023_ASAMBLEA,2023,ASAMBLEA,41660,COALICIÓN PARTIDO DE LA U Y PARTIDO POLITICO MIRA,109
t2023_ASAMBLEA,2023,ASAMBLEA,41660,HUILA EMPRENDE,399
t2023_ASAMBLEA,2023,ASAMBLEA,41660,PACTOHISTORICO,201
t2023_ASAMBLEA,2023,ASAMBLEA,41660,PARTIDO ALIANZA VERDE,1265
t2023_ASAMBLEA,2023,ASAMBLEA,41660,PARTIDO CONSERVADOR COLOMBIANO,447
t2023_ASAMBLEA,2023,ASAMBLEA,41660,PARTIDO LIBERAL COLOMBIANO,3420
t2023_ASAMBLEA,2023,ASAMBLEA,41660,__BLANCO__,332
t2023_ASAMBLEA,2023,ASAMBLEA,41660,__NO_MARCADOS__,1262
t2023_ASAMBLEA,2023,ASAMBLEA,41660,__NULOS__,93
t2023_ASAMBLEA,2023,ASAMBLEA,41668,ALMA DEL HUILA,266
t2023_ASAMBLEA,2023,ASAMBLEA,41668,COAL. PARTIDO CENTRO DEMOCRATICO Y PARTIDO LIGA,185
t2023_ASAMBLEA,2023,ASAMBLEA,41668,COALICIÓN PARTIDO DE LA U Y PARTIDO POLITICO MIRA,239
t2023_ASAMBLEA,2023,ASAMBLEA,41668,HUILA EMPRENDE,727
t2023_ASAMBLEA,2023,ASAMBLEA,41668,PACTOHISTORICO,721
t2023_ASAMBLEA,2023,ASAMBLEA,41668,PARTIDO ALIANZA VERDE,747
t2023_ASAMBLEA,2023,ASAMBLEA,41668,PARTIDO CONSERVADOR COLOMBIANO,726
t2023_ASAMBLEA,2023,ASAMBLEA,41668,PARTIDO LIBERAL COLOMBIANO,8883
t2023_ASAMBLEA,2023,ASAMBLEA,41668,__BLANCO__,1110
t2023_ASAMBLEA,2023,ASAMBLEA,41668,__NO_MARCADOS__,2418
t2023_ASAMBLEA,2023,ASAMBLEA,41668,__NULOS__,315
t2023_ASAMBLEA,2023,ASAMBLEA,41676,ALMA DEL HUILA,205
t2023_ASAMBLEA,2023,ASAMBLEA,41676,COAL. PARTIDO CENTRO DEMOCRATICO Y PARTIDO LIGA,530
t2023_ASAMBLEA,2023,ASAMBLEA,41676,COALICIÓN PARTIDO DE LA U Y PARTIDO POLITICO MIRA,135
t2023_ASAMBLEA,2023,ASAMBLEA,41676,HUILA EMPRENDE,772
t2023_ASAMBLEA,2023,ASAMBLEA,41676,PACTOHISTORICO,203
t2023_ASAMBLEA,2023,ASAMBLEA,41676,PARTIDO ALIANZA VERDE,892
t2023_ASAMBLEA,2023,ASAMBLEA,41676,PARTIDO CONSERVADOR COLOMBIANO,882
t2023_ASAMBLEA,2023,ASAMBLEA,41676,PARTIDO LIBERAL COLOMBIANO,538
t2023_ASAMBLEA,2023,ASAMBLEA,41676,__BLANCO__,587
t2023_ASAMBLEA,2023,ASAMBLEA,41676,__NO_MARCADOS__,1308
t2023_ASAMBLEA,2023,ASAMBLEA,41676,__NULOS__,110
t2023_ASAMBLEA,2023,ASAMBLEA,41770,ALMA DEL HUILA,821
t2023_ASAMBLEA,2023,ASAMBLEA,41770,COAL. PARTIDO CENTRO DEMOCRATICO Y PARTIDO LIGA,298
t2023_ASAMBLEA,2023,ASAMBLEA,41770,COALICIÓN PARTIDO DE LA U Y PARTIDO POLITICO MIRA,447
t2023_ASAMBLEA,2023,ASAMBLEA,41770,HUILA EMPRENDE,403
t2023_ASAMBLEA,2023,ASAMBLEA,41770,PACTOHISTORICO,310
t2023_ASAMBLEA,2023,ASAMBLEA,41770,PARTIDO ALIANZA VERDE,1765
t2023_ASAMBLEA,2023,ASAMBLEA,41770,PARTIDO CONSERVADOR COLOMBIANO,1093
t2023_ASAMBLEA,2023,ASAMBLEA,41770,PARTIDO LIBERAL COLOMBIANO,1971
t2023_ASAMBLEA,2023,ASAMBLEA,41770,__BLANCO__,1033
t2023_ASAMBLEA,2023,ASAMBLEA,41770,__NO_MARCADOS__,2725
t2023_ASAMBLEA,2023,ASAMBLEA,41770,__NULOS__,211
t2023_ASAMBLEA,2023,ASAMBLEA,41791,ALMA DEL HUILA,286
t2023_ASAMBLEA,2023,ASAMBLEA,41791,COAL. PARTIDO CENTRO DEMOCRATICO Y PARTIDO LIGA,274
t2023_ASAMBLEA,2023,ASAMBLEA,41791,COALICIÓN PARTIDO DE LA U Y PARTIDO POLITICO MIRA,329
t2023_ASAMBLEA,2023,ASAMBLEA,41791,HUILA EMPRENDE,1733
t2023_ASAMBLEA,2023,ASAMBLEA,41791,PACTOHISTORICO,248
t2023_ASAMBLEA,2023,ASAMBLEA,41791,PARTIDO ALIANZA VERDE,1072
t2023_ASAMBLEA,2023,ASAMBLEA,41791,PARTIDO CONSERVADOR COLOMBIANO,2205
t2023_ASAMBLEA,2023,ASAMBLEA,41791,PARTIDO LIBERAL COLOMBIANO,992
t2023_ASAMBLEA,2023,ASAMBLEA,41791,__BLANCO__,1003
t2023_ASAMBLEA,2023,ASAMBLEA,41791,__NO_MARCADOS__,1196
t2023_ASAMBLEA,2023,ASAMBLEA,41791,__NULOS__,253
t2023_ASAMBLEA,2023,ASAMBLEA,41797,ALMA DEL HUILA,332
t2023_ASAMBLEA,2023,ASAMBLEA,41797,COAL. PARTIDO CENTRO DEMOCRATICO Y PARTIDO LIGA,217
t2023_ASAMBLEA,2023,ASAMBLEA,41797,COALICIÓN PARTIDO DE LA U Y PARTIDO POLITICO MIRA,1651
t2023_ASAMBLEA,2023,ASAMBLEA,41797,HUILA EMPRENDE,431
t2023_ASAMBLEA,2023,ASAMBLEA,41797,PACTOHISTORICO,129
t2023_ASAMBLEA,2023,ASAMBLEA,41797,PARTIDO ALIANZA VERDE,543
t2023_ASAMBLEA,2023,ASAMBLEA,41797,PARTIDO CONSERVADOR COLOMBIANO,726
t2023_ASAMBLEA,2023,ASAMBLEA,41797,PARTIDO LIBERAL COLOMBIANO,703
t2023_ASAMBLEA,2023,ASAMBLEA,41797,__BLANCO__,547
t2023_ASAMBLEA,2023,ASAMBLEA,41797,__NO_MARCADOS__,715
t2023_ASAMBLEA,2023,ASAMBLEA,41797,__NULOS__,204
t2023_ASAMBLEA,2023,ASAMBLEA,41799,ALMA DEL HUILA,238
t2023_ASAMBLEA,2023,ASAMBLEA,41799,COAL. PARTIDO CENTRO DEMOCRATICO Y PARTIDO LIGA,165
t2023_ASAMBLEA,2023,ASAMBLEA,41799,COALICIÓN PARTIDO DE LA U Y PARTIDO POLITICO MIRA,801
t2023_ASAMBLEA,2023,ASAMBLEA,41799,HUILA EMPRENDE,487
t2023_ASAMBLEA,2023,ASAMBLEA,41799,PACTOHISTORICO,300
t2023_ASAMBLEA,2023,ASAMBLEA,41799,PARTIDO ALIANZA VERDE,1365
t2023_ASAMBLEA,2023,ASAMBLEA,41799,PARTIDO CONSERVADOR COLOMBIANO,378
t2023_ASAMBLEA,2023,ASAMBLEA,41799,PARTIDO LIBERAL COLOMBIANO,1665
t2023_ASAMBLEA,2023,ASAMBLEA,41799,__BLANCO__,571
t2023_ASAMBLEA,2023,ASAMBLEA,41799,__NO_MARCADOS__,1224
t2023_ASAMBLEA,2023,ASAMBLEA,41799,__NULOS__,196
t2023_ASAMBLEA,2023,ASAMBLEA,41801,ALMA DEL HUILA,300
t2023_ASAMBLEA,2023,ASAMBLEA,41801,COAL. PARTIDO CENTRO DEMOCRATICO Y PARTIDO LIGA,86
t2023_ASAMBLEA,2023,ASAMBLEA,41801,COALICIÓN PARTIDO DE LA U Y PARTIDO POLITICO MIRA,90
t2023_ASAMBLEA,2023,ASAMBLEA,41801,HUILA EMPRENDE,670
t2023_ASAMBLEA,2023,ASAMBLEA,41801,PACTOHISTORICO,81
t2023_ASAMBLEA,2023,ASAMBLEA,41801,PARTIDO ALIANZA VERDE,544
t2023_ASAMBLEA,2023,ASAMBLEA,41801,PARTIDO CONSERVADOR COLOMBIANO,922
t2023_ASAMBLEA,2023,ASAMBLEA,41801,PARTIDO LIBERAL COLOMBIANO,1125
t2023_ASAMBLEA,2023,ASAMBLEA,41801,__BLANCO__,333
t2023_ASAMBLEA,2023,ASAMBLEA,41801,__NO_MARCADOS__,582
t2023_ASAMBLEA,2023,ASAMBLEA,41801,__NULOS__,83
t2023_ASAMBLEA,2023,ASAMBLEA,41807,ALMA DEL HUILA,1051
t2023_ASAMBLEA,2023,ASAMBLEA,41807,COAL. PARTIDO CENTRO DEMOCRATICO Y PARTIDO LIGA,452
t2023_ASAMBLEA,2023,ASAMBLEA,41807,COALICIÓN PARTIDO DE LA U Y PARTIDO POLITICO MIRA,203
t2023_ASAMBLEA,2023,ASAMBLEA,41807,HUILA EMPRENDE,633
t2023_ASAMBLEA,2023,ASAMBLEA,41807,PACTOHISTORICO,252
t2023_ASAMBLEA,2023,ASAMBLEA,41807,PARTIDO ALIANZA VERDE,2109
t2023_ASAMBLEA,2023,ASAMBLEA,41807,PARTIDO CONSERVADOR COLOMBIANO,1239
t2023_ASAMBLEA,2023,ASAMBLEA,41807,PARTIDO LIBERAL COLOMBIANO,1441
t2023_ASAMBLEA,2023,ASAMBLEA,41807,__BLANCO__,1297
t2023_ASAMBLEA,2023,ASAMBLEA,41807,__NO_MARCADOS__,2188
t2023_ASAMBLEA,2023,ASAMBLEA,41807,__NULOS__,325
t2023_ASAMBLEA,2023,ASAMBLEA,41872,ALMA DEL HUILA,95
t2023_ASAMBLEA,2023,ASAMBLEA,41872,COAL. PARTIDO CENTRO DEMOCRATICO Y PARTIDO LIGA,123
t2023_ASAMBLEA,2023,ASAMBLEA,41872,COALICIÓN PARTIDO DE LA U Y PARTIDO POLITICO MIRA,369
t2023_ASAMBLEA,2023,ASAMBLEA,41872,HUILA EMPRENDE,304
t2023_ASAMBLEA,2023,ASAMBLEA,41872,PACTOHISTORICO,1571
t2023_ASAMBLEA,2023,ASAMBLEA,41872,PARTIDO ALIANZA VERDE,518
t2023_ASAMBLEA,2023,ASAMBLEA,41872,PARTIDO CONSERVADOR COLOMBIANO,296
t2023_ASAMBLEA,2023,ASAMBLEA,41872,PARTIDO LIBERAL COLOMBIANO,783
t2023_ASAMBLEA,2023,ASAMBLEA,41872,__BLANCO__,432
t2023_ASAMBLEA,2023,ASAMBLEA,41872,__NO_MARCADOS__,896
t2023_ASAMBLEA,2023,ASAMBLEA,41872,__NULOS__,177
t2023_ASAMBLEA,2023,ASAMBLEA,41885,ALMA DEL HUILA,138
t2023_ASAMBLEA,2023,ASAMBLEA,41885,COAL. PARTIDO CENTRO DEMOCRATICO Y PARTIDO LIGA,198
t2023_ASAMBLEA,2023,ASAMBLEA,41885,COALICIÓN PARTIDO DE LA U Y PARTIDO POLITICO MIRA,344
t2023_ASAMBLEA,2023,ASAMBLEA,41885,HUILA EMPRENDE,615
t2023_ASAMBLEA,2023,ASAMBLEA,41885,PACTOHISTORICO,201
t2023_ASAMBLEA,2023,ASAMBLEA,41885,PARTIDO ALIANZA VERDE,580
t2023_ASAMBLEA,2023,ASAMBLEA,41885,PARTIDO CONSERVADOR COLOMBIANO,862
t2023_ASAMBLEA,2023,ASAMBLEA,41885,PARTIDO LIBERAL COLOMBIANO,812
t2023_ASAMBLEA,2023,ASAMBLEA,41885,__BLANCO__,628
t2023_ASAMBLEA,2023,ASAMBLEA,41885,__NO_MARCADOS__,762
t2023_ASAMBLEA,2023,ASAMBLEA,41885,__NULOS__,184
t2023_CONCEJO,2023,CONCEJO,41001,DESDE ABAJO CONSTRUIREMOS EMPODERAMIENTO POPULAR,954
t2023_CONCEJO,2023,CONCEJO,41001,INDEPENDIENTES,7812
t2023_CONCEJO,2023,CONCEJO,41001,"MOVIMIENTO ALTERNATIVO INDÍGENA Y SOCIAL ""MAIS""",7792
t2023_CONCEJO,2023,CONCEJO,41001,"MOVIMIENTO AUTORIDADES INDÍGENAS DE COLOMBIA ""AICO""",2123
t2023_CONCEJO,2023,CONCEJO,41001,MOVIMIENTO POLITICO FUERZA CIUDADANA,10286
t2023_CONCEJO,2023,CONCEJO,41001,NEIVA CON SEGURIDAD,3180
t2023_CONCEJO,2023,CONCEJO,41001,NEIVA EN ACCIÓN,14711
t2023_CONCEJO,2023,CONCEJO,41001,NEIVA GANA,4506
t2023_CONCEJO,2023,CONCEJO,41001,PACTO HISTORICO COLOMBIA PUEDE,12169
t2023_CONCEJO,2023,CONCEJO,41001,"PARTIDO ALIANZA SOCIAL INDEPENDIENTE ""ASI""",9270
t2023_CONCEJO,2023,CONCEJO,41001,PARTIDO ALIANZA VERDE,12633
t2023_CONCEJO,2023,CONCEJO,41001,PARTIDO CENTRO DEMOCRÁTICO,12052
t2023_CONCEJO,2023,CONCEJO,41001,PARTIDO DE LA U Y EL PARTIDO POLITICO MIRA,8335
t2023_CONCEJO,2023,CONCEJO,41001,PARTIDO LIBERAL COLOMBIANO,16958
t2023_CONCEJO,2023,CONCEJO,41001,PARTIDO LIGA GOBERNANTES ANTICORRUPCIÓN - LIGA,364
t2023_CONCEJO,2023,CONCEJO,41001,PARTIDO POLÍTICO TODOS SOMOS COLOMBIA,13124
t2023_CONCEJO,2023,CONCEJO,41001,UNIDOS POR NEIVA,6419
t2023_CONCEJO,2023,CONCEJO,41001,__BLANCO__,12908
t2023_CONCEJO,2023,CONCEJO,41001,__NO_MARCADOS__,5666
t2023_CONCEJO,2023,CONCEJO,41001,__NULOS__,4787
t2023_CONCEJO,2023,CONCEJO,41006,"MOVIMIENTO ALTERNATIVO INDÍGENA Y SOCIAL ""MAIS""",1957
t2023_CONCEJO,2023,CONCEJO,41006,"MOVIMIENTO AUTORIDADES INDÍGENAS DE COLOMBIA ""AICO""",550
t2023_CONCEJO,2023,CONCEJO,41006,MOVIMIENTO POLITICO FUERZA CIUDADANA,138
t2023_CONCEJO,2023,CONCEJO,41006,MOVIMIENTO POLÍTICO COLOMBIA HUMANA,117
t2023_CONCEJO,2023,CONCEJO,41006,"PARTIDO ALIANZA SOCIAL INDEPENDIENTE ""ASI""",2048
t2023_CONCEJO,2023,CONCEJO,41006,PARTIDO ALIANZA VERDE,2196
t2023_CONCEJO,2023,CONCEJO,41006,PARTIDO CAMBIO RADICAL,1385
t2023_CONCEJO,2023,CONCEJO,41006,PARTIDO CENTRO DEMOCRÁTICO,393
t2023_CONCEJO,2023,CONCEJO,41006,PARTIDO CONSERVADOR COLOMBIANO,1330
t2023_CONCEJO,2023,CONCEJO,41006,PARTIDO LIBERAL COLOMBIANO,907
t2023_CONCEJO,2023,CONCEJO,41006,PARTIDO NUEVO LIBERALISMO,50
t2023_CONCEJO,2023,CONCEJO,41006,PARTIDO POLÍTICO LA FUERZA DE LA PAZ,824
t2023_CONCEJO,2023,CONCEJO,41006,__BLANCO__,461
t2023_CONCEJO,2023,CONCEJO,41006,__NO_MARCADOS__,1022
t2023_CONCEJO,2023,CONCEJO,41006,__NULOS__,301
t2023_CONCEJO,2023,CONCEJO,41013,PARTIDO CAMBIO RADICAL,818
t2023_CONCEJO,2023,CONCEJO,41013,PARTIDO CONSERVADOR COLOMBIANO,1582
t2023_CONCEJO,2023,CONCEJO,41013,PARTIDO DE LA UNIÓN POR LA GENTE - PARTIDO DE LA U,1217
t2023_CONCEJO,2023,CONCEJO,41013,PARTIDO LIBERAL COLOMBIANO,1637
t2023_CONCEJO,2023,CONCEJO,41013,PARTIDO LIGA GOBERNANTES ANTICORRUPCIÓN - LIGA,198
t2023_CONCEJO,2023,CONCEJO,41013,__BLANCO__,158
t2023_CONCEJO,2023,CONCEJO,41013,__NO_MARCADOS__,235
t2023_CONCEJO,2023,CONCEJO,41013,__NULOS__,189
t2023_CONCEJO,2023,CONCEJO,41016,HAGAMOSLO YA POR AIPE,1602
t2023_CONCEJO,2023,CONCEJO,41016,PARTIDO ALIANZA VERDE,846
t2023_CONCEJO,2023,CONCEJO,41016,PARTIDO CAMBIO RADICAL,2702
t2023_CONCEJO,2023,CONCEJO,41016,PARTIDO CENTRO DEMOCRÁTICO,89
t2023_CONCEJO,2023,CONCEJO,41016,PARTIDO CONSERVADOR COLOMBIANO,721
t2023_CONCEJO,2023,CONCEJO,41016,PARTIDO DE LA UNIÓN POR LA GENTE - PARTIDO DE LA U,1341
t2023_CONCEJO,2023,CONCEJO,41016,PARTIDO LIBERAL COLOMBIANO,1154
t2023_CONCEJO,2023,CONCEJO,41016,PARTIDO NUEVO LIBERALISMO,449
t2023_CONCEJO,2023,CONCEJO,41016,PARTIDO POLÍTICO LA FUERZA DE LA PAZ,1630
t2023_CONCEJO,2023,CONCEJO,41016,PARTIDO VERDE OXÍGENO,245
t2023_CONCEJO,2023,CONCEJO,41016,__BLANCO__,308
t2023_CONCEJO,2023,CONCEJO,41016,__NO_MARCADOS__,509
t2023_CONCEJO,2023,CONCEJO,41016,__NULOS__,215
t2023_CONCEJO,2023,CONCEJO,41020,COAL. COLOMBIA JUSTA LIBRES Y ALIANZA DEMOCRÁTICA AMPLIA ADA,1414
t2023_CONCEJO,2023,CONCEJO,41020,COALICION PARTIDOS ASI Y MIRA,1206
t2023_CONCEJO,2023,CONCEJO,41020,COALICIÓN PACTO HISTÓRICO COLOMBIA PUEDE,751
t2023_CONCEJO,2023,CONCEJO,41020,PARTIDO ALIANZA VERDE,1125
t2023_CONCEJO,2023,CONCEJO,41020,PARTIDO CAMBIO RADICAL,998
t2023_CONCEJO,2023,CONCEJO,41020,PARTIDO DE LA UNIÓN POR LA GENTE - PARTIDO DE LA U,1305
t2023_CONCEJO,2023,CONCEJO,41020,PARTIDO LIBERAL COLOMBIANO,2682
t2023_CONCEJO,2023,CONCEJO,41020,PARTIDO NUEVO LIBERALISMO,19
t2023_CONCEJO,2023,CONCEJO,41020,PARTIDO POLÍTICO LA FUERZA DE LA PAZ,160
t2023_CONCEJO,2023,CONCEJO,41020,__BLANCO__,310
t2023_CONCEJO,2023,CONCEJO,41020,__NO_MARCADOS__,1228
t2023_CONCEJO,2023,CONCEJO,41020,__NULOS__,237
t2023_CONCEJO,2023,CONCEJO,41026,MOVIMIENTO SALVACIÓN NACIONAL,79
t2023_CONCEJO,2023,CONCEJO,41026,PACTO HISTORICO,200
t2023_CONCEJO,2023,CONCEJO,41026,"PARTIDO ALIANZA SOCIAL INDEPENDIENTE ""ASI""",153
t2023_CONCEJO,2023,CONCEJO,41026,PARTIDO ALIANZA VERDE,235
t2023_CONCEJO,2023,CONCEJO,41026,PARTIDO CAMBIO RADICAL,334
t2023_CONCEJO,2023,CONCEJO,41026,PARTIDO COLOMBIA RENACIENTE,67
t2023_CONCEJO,2023,CONCEJO,41026,PARTIDO CONSERVADOR COLOMBIANO,334
t2023_CONCEJO,2023,CONCEJO,41026,PARTIDO DE LA UNIÓN POR LA GENTE - PARTIDO DE LA U,509
t2023_CONCEJO,2023,CONCEJO,41026,PARTIDO LIBERAL COLOMBIANO,562
t2023_CONCEJO,2023,CONCEJO,41026,__BLANCO__,39
t2023_CONCEJO,2023,CONCEJO,41026,__NO_MARCADOS__,90
t2023_CONCEJO,2023,CONCEJO,41026,__NULOS__,31
t2023_CONCEJO,2023,CONCEJO,41078,MOVIMIENTO ALIANZA DEMOCRÁTICA AMPLIA - Res. 2049 de 2021,455
t2023_CONCEJO,2023,CONCEJO,41078,MOVIMIENTO SALVACION NACIONAL - PARTIDO VERDE OXIGENO,404
t2023_CONCEJO,2023,CONCEJO,41078,NUEVO LIBERALISMO - MIRA,579
t2023_CONCEJO,2023,CONCEJO,41078,PACTO HISTORICO,87
t2023_CONCEJO,2023,CONCEJO,41078,PARTIDO ALIANZA VERDE,782
t2023_CONCEJO,2023,CONCEJO,41078,PARTIDO CAMBIO RADICAL,840
t2023_CONCEJO,2023,CONCEJO,41078,PARTIDO DE LA UNIÓN POR LA GENTE - PARTIDO DE LA U,164
t2023_CONCEJO,2023,CONCEJO,41078,PARTIDO LIBERAL COLOMBIANO,590
t2023_CONCEJO,2023,CONCEJO,41078,PARTIDO POLÍTICO DIGNIDAD & COMPROMISO,177
t2023_CONCEJO,2023,CONCEJO,41078,__BLANCO__,62
t2023_CONCEJO,2023,CONCEJO,41078,__NO_MARCADOS__,184
t2023_CONCEJO,2023,CONCEJO,41078,__NULOS__,70
t2023_CONCEJO,2023,CONCEJO,41132,ADA - CONSERVADOR,1894
t2023_CONCEJO,2023,CONCEJO,41132,AICO - MAIS,598
t2023_CONCEJO,2023,CONCEJO,41132,INDEPENDIENTES,1226
t2023_CONCEJO,2023,CONCEJO,41132,MOVIMIENTO POLITICO FUERZA CIUDADANA,512
t2023_CONCEJO,2023,CONCEJO,41132,MOVIMIENTO POLÍTICO COLOMBIA HUMANA,269
t2023_CONCEJO,2023,CONCEJO,41132,MOVIMIENTO SALVACIÓN NACIONAL,302
t2023_CONCEJO,2023,CONCEJO,41132,"PARTIDO ALIANZA SOCIAL INDEPENDIENTE ""ASI""",2027
t2023_CONCEJO,2023,CONCEJO,41132,PARTIDO ALIANZA VERDE,1429
t2023_CONCEJO,2023,CONCEJO,41132,PARTIDO CAMBIO RADICAL,1042
t2023_CONCEJO,2023,CONCEJO,41132,PARTIDO COLOMBIA RENACIENTE,776
t2023_CONCEJO,2023,CONCEJO,41132,PARTIDO DE LA U - MIRA,592
t2023_CONCEJO,2023,CONCEJO,41132,PARTIDO LIBERAL COLOMBIANO,2694
t2023_CONCEJO,2023,CONCEJO,41132,PARTIDO NUEVO LIBERALISMO,231
t2023_CONCEJO,2023,CONCEJO,41132,PARTIDO POLÍTICO DIGNIDAD & COMPROMISO,337
t2023_CONCEJO,2023,CONCEJO,41132,PARTIDO POLÍTICO LA FUERZA DE LA PAZ,1070
t2023_CONCEJO,2023,CONCEJO,41132,__BLANCO__,658
t2023_CONCEJO,2023,CONCEJO,41132,__NO_MARCADOS__,760
t2023_CONCEJO,2023,CONCEJO,41132,__NULOS__,528
t2023_CONCEJO,2023,CONCEJO,41206,PACTO HISTORICO COLOMBIA PUEDE,74
t2023_CONCEJO,2023,CONCEJO,41206,"PARTIDO ALIANZA SOCIAL INDEPENDIENTE ""ASI""",430
t2023_CONCEJO,2023,CONCEJO,41206,PARTIDO ALIANZA VERDE,422
t2023_CONCEJO,2023,CONCEJO,41206,PARTIDO CAMBIO RADICAL,1137
t2023_CONCEJO,2023,CONCEJO,41206,PARTIDO CONSERVADOR COLOMBIANO,732
t2023_CONCEJO,2023,CONCEJO,41206,PARTIDO LIBERAL COLOMBIANO,1760
t2023_CONCEJO,2023,CONCEJO,41206,__BLANCO__,56
t2023_CONCEJO,2023,CONCEJO,41206,__NO_MARCADOS__,262
t2023_CONCEJO,2023,CONCEJO,41206,__NULOS__,74
t2023_CONCEJO,2023,CONCEJO,41244,INDEPENDIENTES,846
t2023_CONCEJO,2023,CONCEJO,41244,"PARTIDO ALIANZA SOCIAL INDEPENDIENTE ""ASI""",270
t2023_CONCEJO,2023,CONCEJO,41244,PARTIDO LIBERAL COLOMBIANO,1652
t2023_CONCEJO,2023,CONCEJO,41244,__BLANCO__,48
t2023_CONCEJO,2023,CONCEJO,41244,__NO_MARCADOS__,83
t2023_CONCEJO,2023,CONCEJO,41244,__NULOS__,49
t2023_CONCEJO,2023,CONCEJO,41298,INDEPENDIENTES,601
t2023_CONCEJO,2023,CONCEJO,41298,"MOVIMIENTO AUTORIDADES INDÍGENAS DE COLOMBIA ""AICO""",750
t2023_CONCEJO,2023,CONCEJO,41298,MOVIMIENTO POLITICO FUERZA CIUDADANA,840
t2023_CONCEJO,2023,CONCEJO,41298,MOVIMIENTO SALVACIÓN NACIONAL,1566
t2023_CONCEJO,2023,CONCEJO,41298,NUEVA FUERZA DEMOCRÁTICA,1019
t2023_CONCEJO,2023,CONCEJO,41298,NUEVO LIBERALISMO - CAMBIO RADICAL,2542
t2023_CONCEJO,2023,CONCEJO,41298,PACTO HISTORICO COLOMBIA PUEDE,955
t2023_CONCEJO,2023,CONCEJO,41298,PARTIDO ALIANZA VERDE,5170
t2023_CONCEJO,2023,CONCEJO,41298,PARTIDO ASI- PARTIDO POLITICO MIRA,3156
t2023_CONCEJO,2023,CONCEJO,41298,PARTIDO CENTRO DEMOCRÁTICO,3778
t2023_CONCEJO,2023,CONCEJO,41298,PARTIDO CONSERVADOR COLOMBIANO,3118
t2023_CONCEJO,2023,CONCEJO,41298,PARTIDO DE LA UNIÓN POR LA GENTE - PARTIDO DE LA U,1416
t2023_CONCEJO,2023,CONCEJO,41298,PARTIDO LIBERAL COLOMBIANO,2709
t2023_CONCEJO,2023,CONCEJO,41298,PARTIDO LIGA GOBERNANTES ANTICORRUPCIÓN - LIGA,1095
t2023_CONCEJO,2023,CONCEJO,41298,PARTIDO POLÍTICO DIGNIDAD & COMPROMISO,529
t2023_CONCEJO,2023,CONCEJO,41298,PARTIDO POLÍTICO GENTE EN MOVIMIENTO,1359
t2023_CONCEJO,2023,CONCEJO,41298,__BLANCO__,1966
t2023_CONCEJO,2023,CONCEJO,41298,__NO_MARCADOS__,1659
t2023_CONCEJO,2023,CONCEJO,41298,__NULOS__,818
t2023_CONCEJO,2023,CONCEJO,41306,GIGANTE AVANZA,973
t2023_CONCEJO,2023,CONCEJO,41306,INDEPENDIENTES,643
t2023_CONCEJO,2023,CONCEJO,41306,"MOVIMIENTO ALTERNATIVO INDÍGENA Y SOCIAL ""MAIS""",556
t2023_CONCEJO,2023,CONCEJO,41306,"MOVIMIENTO AUTORIDADES INDÍGENAS DE COLOMBIA ""AICO""",1309
t2023_CONCEJO,2023,CONCEJO,41306,MOVIMIENTO SALVACIÓN NACIONAL,157
t2023_CONCEJO,2023,CONCEJO,41306,PARTIDO ALIANZA VERDE,899
t2023_CONCEJO,2023,CONCEJO,41306,PARTIDO CAMBIO RADICAL,3556
t2023_CONCEJO,2023,CONCEJO,41306,PARTIDO CENTRO DEMOCRÁTICO,354
t2023_CONCEJO,2023,CONCEJO,41306,PARTIDO LIBERAL COLOMBIANO,1957
t2023_CONCEJO,2023,CONCEJO,41306,PARTIDO POLÍTICO DIGNIDAD & COMPROMISO,228
t2023_CONCEJO,2023,CONCEJO,41306,UNION POR EL DESARROLLO DE GIGANTE,1064
t2023_CONCEJO,2023,CONCEJO,41306,__BLANCO__,586
t2023_CONCEJO,2023,CONCEJO,41306,__NO_MARCADOS__,757
t2023_CONCEJO,2023,CONCEJO,41306,__NULOS__,309
t2023_CONCEJO,2023,CONCEJO,41319,NUEVA FUERZA DEMOCRÁTICA,1190
t2023_CONCEJO,2023,CONCEJO,41319,"PARTIDO ALIANZA SOCIAL INDEPENDIENTE ""ASI""",1275
t2023_CONCEJO,2023,CONCEJO,41319,PARTIDO ALIANZA VERDE,540
t2023_CONCEJO,2023,CONCEJO,41319,PARTIDO CAMBIO RADICAL,1718
t2023_CONCEJO,2023,CONCEJO,41319,PARTIDO CENTRO DEMOCRÁTICO,223
t2023_CONCEJO,2023,CONCEJO,41319,PARTIDO CONSERVADOR COLOMBIANO,1130
t2023_CONCEJO,2023,CONCEJO,41319,PARTIDO LIBERAL COLOMBIANO,855
t2023_CONCEJO,2023,CONCEJO,41319,PARTIDOS POLITICOS LA FUERA DE LA PAZ -  MIRA,1096
t2023_CONCEJO,2023,CONCEJO,41319,__BLANCO__,337
t2023_CONCEJO,2023,CONCEJO,41319,__NO_MARCADOS__,451
t2023_CONCEJO,2023,CONCEJO,41319,__NULOS__,206
t2023_CONCEJO,2023,CONCEJO,41349,MOVIMIENTO ALIANZA DEMOCRÁTICA AMPLIA - Res. 2049 de 2021,480
t2023_CONCEJO,2023,CONCEJO,41349,MOVIMIENTO POLITICO FUERZA CIUDADANA,97
t2023_CONCEJO,2023,CONCEJO,41349,PARTIDO ALIANZA VERDE,817
t2023_CONCEJO,2023,CONCEJO,41349,PARTIDO CAMBIO RADICAL,554
t2023_CONCEJO,2023,CONCEJO,41349,PARTIDO CENTRO DEMOCRÁTICO,55
t2023_CONCEJO,2023,CONCEJO,41349,PARTIDO CONSERVADOR COLOMBIANO,311
t2023_CONCEJO,2023,CONCEJO,41349,PARTIDO DE LA UNIÓN POR LA GENTE - PARTIDO DE LA U,434
t2023_CONCEJO,2023,CONCEJO,41349,PARTIDO DEL TRABAJO DE COLOMBIA,69
t2023_CONCEJO,2023,CONCEJO,41349,PARTIDO LIBERAL COLOMBIANO,587
t2023_CONCEJO,2023,CONCEJO,41349,PARTIDO POLÍTICO LA FUERZA DE LA PAZ,285
t2023_CONCEJO,2023,CONCEJO,41349,PARTIDO VERDE OXÍGENO,432
t2023_CONCEJO,2023,CONCEJO,41349,__BLANCO__,105
t2023_CONCEJO,2023,CONCEJO,41349,__NO_MARCADOS__,204
t2023_CONCEJO,2023,CONCEJO,41349,__NULOS__,96
t2023_CONCEJO,2023,CONCEJO,41357,"MOVIMIENTO ALTERNATIVO INDÍGENA Y SOCIAL ""MAIS""",1041
t2023_CONCEJO,2023,CONCEJO,41357,"MOVIMIENTO AUTORIDADES INDÍGENAS DE COLOMBIA ""AICO""",119
t2023_CONCEJO,2023,CONCEJO,41357,PARTIDO ALIANZA VERDE,796
t2023_CONCEJO,2023,CONCEJO,41357,PARTIDO CAMBIO RADICAL,303
t2023_CONCEJO,2023,CONCEJO,41357,PARTIDO COLOMBIA RENACIENTE,506
t2023_CONCEJO,2023,CONCEJO,41357,PARTIDO CONSERVADOR COLOMBIANO,822
t2023_CONCEJO,2023,CONCEJO,41357,PARTIDO DE LA UNIÓN POR LA GENTE - PARTIDO DE LA U,446
t2023_CONCEJO,2023,CONCEJO,41357,PARTIDO LIBERAL COLOMBIANO,1204
t2023_CONCEJO,2023,CONCEJO,41357,__BLANCO__,79
t2023_CONCEJO,2023,CONCEJO,41357,__NO_MARCADOS__,276
t2023_CONCEJO,2023,CONCEJO,41357,__NULOS__,95
t2023_CONCEJO,2023,CONCEJO,41359,AGRUPACIÓN POLÍTICA EN MARCHA,1245
t2023_CONCEJO,2023,CONCEJO,41359,INDEPENDIENTES,1374
t2023_CONCEJO,2023,CONCEJO,41359,"MOVIMIENTO ALTERNATIVO INDÍGENA Y SOCIAL ""MAIS""",1137
t2023_CONCEJO,2023,CONCEJO,41359,"MOVIMIENTO AUTORIDADES INDÍGENAS DE COLOMBIA ""AICO""",67
t2023_CONCEJO,2023,CONCEJO,41359,MOVIMIENTO POLÍTICO COLOMBIA HUMANA,81
t2023_CONCEJO,2023,CONCEJO,41359,"PARTIDO ALIANZA SOCIAL INDEPENDIENTE ""ASI""",1884
t2023_CONCEJO,2023,CONCEJO,41359,PARTIDO ALIANZA VERDE,2047
t2023_CONCEJO,2023,CONCEJO,41359,PARTIDO CENTRO DEMOCRÁTICO,237
t2023_CONCEJO,2023,CONCEJO,41359,PARTIDO CONSERVADOR COLOMBIANO,1644
t2023_CONCEJO,2023,CONCEJO,41359,PARTIDO DE LA UNIÓN POR LA GENTE - PARTIDO DE LA U,341
t2023_CONCEJO,2023,CONCEJO,41359,PARTIDO LIBERAL COLOMBIANO,2243
t2023_CONCEJO,2023,CONCEJO,41359,PARTIDO LIGA GOBERNANTES ANTICORRUPCIÓN - LIGA,402
t2023_CONCEJO,2023,CONCEJO,41359,"PARTIDO UNIÓN PATRIÓTICA ""UP""",169
t2023_CONCEJO,2023,CONCEJO,41359,PDO POLIT. DIGNIDAD Y COMPROMISO-VERDE OXIGENO-MIRA,621
t2023_CONCEJO,2023,CONCEJO,41359,__BLANCO__,461
t2023_CONCEJO,2023,CONCEJO,41359,__NO_MARCADOS__,899
t2023_CONCEJO,2023,CONCEJO,41359,__NULOS__,301
t2023_CONCEJO,2023,CONCEJO,41378,"MOVIMIENTO ALTERNATIVO INDÍGENA Y SOCIAL ""MAIS""",920
t2023_CONCEJO,2023,CONCEJO,41378,PARTIDO ALIANZA VERDE,714
t2023_CONCEJO,2023,CONCEJO,41378,PARTIDO ASI Y EL PARTIDO POLÍTICO MIRA,422
t2023_CONCEJO,2023,CONCEJO,41378,PARTIDO CAMBIO RADICAL,963
t2023_CONCEJO,2023,CONCEJO,41378,PARTIDO CONSERVADOR COLOMBIANO,997
t2023_CONCEJO,2023,CONCEJO,41378,PARTIDO DE LA UNIÓN POR LA GENTE - PARTIDO DE LA U,1134
t2023_CONCEJO,2023,CONCEJO,41378,PARTIDO LIBERAL COLOMBIANO,1955
t2023_CONCEJO,2023,CONCEJO,41378,__BLANCO__,260
t2023_CONCEJO,2023,CONCEJO,41378,__NO_MARCADOS__,458
t2023_CONCEJO,2023,CONCEJO,41378,__NULOS__,125
t2023_CONCEJO,2023,CONCEJO,41396,"MOVIMIENTO ALTERNATIVO INDÍGENA Y SOCIAL ""MAIS""",2034
t2023_CONCEJO,2023,CONCEJO,41396,PACTO HISTORICO COLOMBIA PUEDE,745
t2023_CONCEJO,2023,CONCEJO,41396,PARTIDO ALIANZA VERDE,2993
t2023_CONCEJO,2023,CONCEJO,41396,PARTIDO CAMBIO RADICAL,3815
t2023_CONCEJO,2023,CONCEJO,41396,PARTIDO CENTRO DEMOCRÁTICO,2483
t2023_CONCEJO,2023,CONCEJO,41396,PARTIDO CONSERVADOR COLOMBIANO,5029
t2023_CONCEJO,2023,CONCEJO,41396,PARTIDO DE LA UNIÓN POR LA GENTE - PARTIDO DE LA U,1252
t2023_CONCEJO,2023,CONCEJO,41396,PARTIDO LIBERAL COLOMBIANO,4336
t2023_CONCEJO,2023,CONCEJO,41396,__BLANCO__,1101
t2023_CONCEJO,2023,CONCEJO,41396,__NO_MARCADOS__,1406
t2023_CONCEJO,2023,CONCEJO,41396,__NULOS__,661
t2023_CONCEJO,2023,CONCEJO,41483,"MOVIMIENTO ALTERNATIVO INDÍGENA Y SOCIAL ""MAIS""",340
t2023_CONCEJO,2023,CONCEJO,41483,PARTIDO CAMBIO RADICAL,1298
t2023_CONCEJO,2023,CONCEJO,41483,PARTIDO CONSERVADOR COLOMBIANO,500
t2023_CONCEJO,2023,CONCEJO,41483,PARTIDO DE LA UNIÓN POR LA GENTE - PARTIDO DE LA U,714
t2023_CONCEJO,2023,CONCEJO,41483,PARTIDO LIBERAL COLOMBIANO,564
t2023_CONCEJO,2023,CONCEJO,41483,PARTIDO NUEVO LIBERALISMO,107
t2023_CONCEJO,2023,CONCEJO,41483,__BLANCO__,58
t2023_CONCEJO,2023,CONCEJO,41483,__NO_MARCADOS__,204
t2023_CONCEJO,2023,CONCEJO,41483,__NULOS__,47
t2023_CONCEJO,2023,CONCEJO,41503,MOVIMIENTO ALIANZA DEMOCRÁTICA AMPLIA - Res. 2049 de 2021,180
t2023_CONCEJO,2023,CONCEJO,41503,"MOVIMIENTO AUTORIDADES INDÍGENAS DE COLOMBIA ""AICO""",804
t2023_CONCEJO,2023,CONCEJO,41503,MOVIMIENTO POLITICO FUERZA CIUDADANA,70
t2023_CONCEJO,2023,CONCEJO,41503,MOVIMIENTO SALVACIÓN NACIONAL,251
t2023_CONCEJO,2023,CONCEJO,41503,PARTIDO ALIANZA VERDE,924
t2023_CONCEJO,2023,CONCEJO,41503,PARTIDO CAMBIO RADICAL,1184
t2023_CONCEJO,2023,CONCEJO,41503,PARTIDO CENTRO DEMOCRÁTICO,792
t2023_CONCEJO,2023,CONCEJO,41503,PARTIDO CONSERVADOR COLOMBIANO,1312
t2023_CONCEJO,2023,CONCEJO,41503,PARTIDO DE LA UNIÓN POR LA GENTE - PARTIDO DE LA U,34
t2023_CONCEJO,2023,CONCEJO,41503,PARTIDO LIBERAL COLOMBIANO,740
t2023_CONCEJO,2023,CONCEJO,41503,__BLANCO__,100
t2023_CONCEJO,2023,CONCEJO,41503,__NO_MARCADOS__,233
t2023_CONCEJO,2023,CONCEJO,41503,__NULOS__,79
t2023_CONCEJO,2023,CONCEJO,41518,AGRUPACIÓN POLÍTICA EN MARCHA,287
t2023_CONCEJO,2023,CONCEJO,41518,"PARTIDO ALIANZA SOCIAL INDEPENDIENTE ""ASI""",639
t2023_CONCEJO,2023,CONCEJO,41518,PARTIDO ALIANZA VERDE,645
t2023_CONCEJO,2023,CONCEJO,41518,PARTIDO CAMBIO RADICAL,717
t2023_CONCEJO,2023,CONCEJO,41518,PARTIDO CENTRO DEMOCRÁTICO,420
t2023_CONCEJO,2023,CONCEJO,41518,PARTIDO CONSERVADOR COLOMBIANO,466
t2023_CONCEJO,2023,CONCEJO,41518,PARTIDO LIBERAL COLOMBIANO,522
t2023_CONCEJO,2023,CONCEJO,41518,PARTIDO POLÍTICO GENTE EN MOVIMIENTO,243
t2023_CONCEJO,2023,CONCEJO,41518,__BLANCO__,68
t2023_CONCEJO,2023,CONCEJO,41518,__NO_MARCADOS__,101
t2023_CONCEJO,2023,CONCEJO,41518,__NULOS__,50
t2023_CONCEJO,2023,CONCEJO,41524,COALICION MOVIMIENTO FUERZA CIUDADANA Y PARTIDOPOLÍTICO MIRA,1055
t2023_CONCEJO,2023,CONCEJO,41524,MOVIMIENTO SALVACIÓN NACIONAL,1107
t2023_CONCEJO,2023,CONCEJO,41524,PACTO HISTORICO,160
t2023_CONCEJO,2023,CONCEJO,41524,"PARTIDO ALIANZA SOCIAL INDEPENDIENTE ""ASI""",847
t2023_CONCEJO,2023,CONCEJO,41524,PARTIDO ALIANZA VERDE,1982
t2023_CONCEJO,2023,CONCEJO,41524,PARTIDO CAMBIO RADICAL,497
t2023_CONCEJO,2023,CONCEJO,41524,PARTIDO CENTRO DEMOCRÁTICO,1129
t2023_CONCEJO,2023,CONCEJO,41524,PARTIDO CONSERVADOR COLOMBIANO,1254
t2023_CONCEJO,2023,CONCEJO,41524,PARTIDO LIBERAL COLOMBIANO,3104
t2023_CONCEJO,2023,CONCEJO,41524,PARTIDO POLÍTICO GENTE EN MOVIMIENTO,439
t2023_CONCEJO,2023,CONCEJO,41524,PARTIDO POLÍTICO LA FUERZA DE LA PAZ,1903
t2023_CONCEJO,2023,CONCEJO,41524,PARTIDO VERDE OXÍGENO,69
t2023_CONCEJO,2023,CONCEJO,41524,__BLANCO__,558
t2023_CONCEJO,2023,CONCEJO,41524,__NO_MARCADOS__,622
t2023_CONCEJO,2023,CONCEJO,41524,__NULOS__,395
t2023_CONCEJO,2023,CONCEJO,41530,INDEPENDIENTES,176
t2023_CONCEJO,2023,CONCEJO,41530,MOVIMIENTO ALIANZA DEMOCRÁTICA AMPLIA - Res. 2049 de 2021,575
t2023_CONCEJO,2023,CONCEJO,41530,"MOVIMIENTO ALTERNATIVO INDÍGENA Y SOCIAL ""MAIS""",364
t2023_CONCEJO,2023,CONCEJO,41530,"MOVIMIENTO AUTORIDADES INDÍGENAS DE COLOMBIA ""AICO""",578
t2023_CONCEJO,2023,CONCEJO,41530,MOVIMIENTO SALVACIÓN NACIONAL,53
t2023_CONCEJO,2023,CONCEJO,41530,PARTIDO ALIANZA VERDE,605
t2023_CONCEJO,2023,CONCEJO,41530,PARTIDO CAMBIO RADICAL,647
t2023_CONCEJO,2023,CONCEJO,41530,PARTIDO COLOMBIA RENACIENTE,421
t2023_CONCEJO,2023,CONCEJO,41530,PARTIDO CONSERVADOR COLOMBIANO,815
t2023_CONCEJO,2023,CONCEJO,41530,PARTIDO LIBERAL COLOMBIANO,1453
t2023_CONCEJO,2023,CONCEJO,41530,PARTIDO POLÍTICO GENTE EN MOVIMIENTO,417
t2023_CONCEJO,2023,CONCEJO,41530,"PARTIDO UNIÓN PATRIÓTICA ""UP""",230
t2023_CONCEJO,2023,CONCEJO,41530,__BLANCO__,172
t2023_CONCEJO,2023,CONCEJO,41530,__NO_MARCADOS__,408
t2023_CONCEJO,2023,CONCEJO,41530,__NULOS__,107
t2023_CONCEJO,2023,CONCEJO,41548,MOVIMIENTO ALIANZA DEMOCRÁTICA AMPLIA - Res. 2049 de 2021,465
t2023_CONCEJO,2023,CONCEJO,41548,MOVIMIENTO POLÍTICO COLOMBIA HUMANA,58
t2023_CONCEJO,2023,CONCEJO,41548,"PARTIDO ALIANZA SOCIAL INDEPENDIENTE ""ASI""",634
t2023_CONCEJO,2023,CONCEJO,41548,PARTIDO ALIANZA VERDE,623
t2023_CONCEJO,2023,CONCEJO,41548,PARTIDO CAMBIO RADICAL,850
t2023_CONCEJO,2023,CONCEJO,41548,PARTIDO CENTRO DEMOCRÁTICO,344
t2023_CONCEJO,2023,CONCEJO,41548,PARTIDO COLOMBIA RENACIENTE,727
t2023_CONCEJO,2023,CONCEJO,41548,PARTIDO CONSERVADOR COLOMBIANO,1273
t2023_CONCEJO,2023,CONCEJO,41548,PARTIDO DE LA UNIÓN POR LA GENTE - PARTIDO DE LA U,357
t2023_CONCEJO,2023,CONCEJO,41548,PARTIDO LIBERAL COLOMBIANO,1105
t2023_CONCEJO,2023,CONCEJO,41548,PARTIDO NUEVO LIBERALISMO,329
t2023_CONCEJO,2023,CONCEJO,41548,__BLANCO__,162
t2023_CONCEJO,2023,CONCEJO,41548,__NO_MARCADOS__,370
t2023_CONCEJO,2023,CONCEJO,41548,__NULOS__,105
t2023_CONCEJO,2023,CONCEJO,41551,AMOR POR PITALITO,6637
t2023_CONCEJO,2023,CONCEJO,41551,COMPROMISO POR PITALITO,10251
t2023_CONCEJO,2023,CONCEJO,41551,INDEPENDIENTES,5496
t2023_CONCEJO,2023,CONCEJO,41551,MAIS - ADA,2401
t2023_CONCEJO,2023,CONCEJO,41551,"PARTIDO ALIANZA SOCIAL INDEPENDIENTE ""ASI""",4658
t2023_CONCEJO,2023,CONCEJO,41551,PARTIDO ALIANZA VERDE,2810
t2023_CONCEJO,2023,CONCEJO,41551,PARTIDO CENTRO DEMOCRÁTICO,1264
t2023_CONCEJO,2023,CONCEJO,41551,PARTIDO CONSERVADOR COLOMBIANO,5614
t2023_CONCEJO,2023,CONCEJO,41551,PARTIDO LIBERAL COLOMBIANO,6350
t2023_CONCEJO,2023,CONCEJO,41551,PARTIDO NUEVO LIBERALISMO,340
t2023_CONCEJO,2023,CONCEJO,41551,PARTIDO POLÍTICO CREEMOS,717
t2023_CONCEJO,2023,CONCEJO,41551,UNIDOS POR PITALITO,2809
t2023_CONCEJO,2023,CONCEJO,41551,__BLANCO__,3870
t2023_CONCEJO,2023,CONCEJO,41551,__NO_MARCADOS__,3240
t2023_CONCEJO,2023,CONCEJO,41551,__NULOS__,1271
t2023_CONCEJO,2023,CONCEJO,41615,MOVIMIENTO ALIANZA DEMOCRÁTICA AMPLIA - Res. 2049 de 2021,733
t2023_CONCEJO,2023,CONCEJO,41615,MOVIMIENTO SALVACIÓN NACIONAL,24
t2023_CONCEJO,2023,CONCEJO,41615,PACTO HISTORICO COLOMBIA PUEDE,304
t2023_CONCEJO,2023,CONCEJO,41615,"PARTIDO ALIANZA SOCIAL INDEPENDIENTE ""ASI""",1826
t2023_CONCEJO,2023,CONCEJO,41615,PARTIDO ALIANZA VERDE,1691
t2023_CONCEJO,2023,CONCEJO,41615,PARTIDO CAMBIO RADICAL,809
t2023_CONCEJO,2023,CONCEJO,41615,PARTIDO CENTRO DEMOCRÁTICO,595
t2023_CONCEJO,2023,CONCEJO,41615,PARTIDO CONSERVADOR COLOMBIANO,797
t2023_CONCEJO,2023,CONCEJO,41615,PARTIDO DE LA UNIÓN POR LA GENTE - PARTIDO DE LA U,1606
t2023_CONCEJO,2023,CONCEJO,41615,PARTIDO LIBERAL COLOMBIANO,2702
t2023_CONCEJO,2023,CONCEJO,41615,PARTIDO LIGA GOBERNANTES ANTICORRUPCIÓN - LIGA,857
t2023_CONCEJO,2023,CONCEJO,41615,PARTIDO NUEVO LIBERALISMO,329
t2023_CONCEJO,2023,CONCEJO,41615,PARTIDO VERDE OXÍGENO,199
t2023_CONCEJO,2023,CONCEJO,41615,__BLANCO__,464
t2023_CONCEJO,2023,CONCEJO,41615,__NO_MARCADOS__,479
t2023_CONCEJO,2023,CONCEJO,41615,__NULOS__,265
t2023_CONCEJO,2023,CONCEJO,41660,"MOVIMIENTO ALTERNATIVO INDÍGENA Y SOCIAL ""MAIS""",97
t2023_CONCEJO,2023,CONCEJO,41660,MOVIMIENTO POLÍTICO COLOMBIA HUMANA,151
t2023_CONCEJO,2023,CONCEJO,41660,MOVIMIENTO SALVACIÓN NACIONAL,143
t2023_CONCEJO,2023,CONCEJO,41660,PARTIDO ALIANZA VERDE,1440
t2023_CONCEJO,2023,CONCEJO,41660,PARTIDO CAMBIO RADICAL,942
t2023_CONCEJO,2023,CONCEJO,41660,PARTIDO CENTRO DEMOCRÁTICO,113
t2023_CONCEJO,2023,CONCEJO,41660,PARTIDO CONSERVADOR COLOMBIANO,1881
t2023_CONCEJO,2023,CONCEJO,41660,PARTIDO DE LA UNIÓN POR LA GENTE - PARTIDO DE LA U,2194
t2023_CONCEJO,2023,CONCEJO,41660,PARTIDO POLÍTICO DIGNIDAD & COMPROMISO,181
t2023_CONCEJO,2023,CONCEJO,41660,__BLANCO__,109
t2023_CONCEJO,2023,CONCEJO,41660,__NO_MARCADOS__,386
t2023_CONCEJO,2023,CONCEJO,41660,__NULOS__,88
t2023_CONCEJO,2023,CONCEJO,41668,"MOVIMIENTO ALTERNATIVO INDÍGENA Y SOCIAL ""MAIS""",1503
t2023_CONCEJO,2023,CONCEJO,41668,MOVIMIENTO POLITICO FUERZA CIUDADANA,157
t2023_CONCEJO,2023,CONCEJO,41668,MOVIMIENTO POLÍTICO COLOMBIA HUMANA,144
t2023_CONCEJO,2023,CONCEJO,41668,MOVIMIENTO SALVACIÓN NACIONAL,738
t2023_CONCEJO,2023,CONCEJO,41668,PARTIDO ALIANZA VERDE,2244
t2023_CONCEJO,2023,CONCEJO,41668,PARTIDO CAMBIO RADICAL,1837
t2023_CONCEJO,2023,CONCEJO,41668,PARTIDO COLOMBIA RENACIENTE,2471
t2023_CONCEJO,2023,CONCEJO,41668,PARTIDO CONSERVADOR COLOMBIANO,251
t2023_CONCEJO,2023,CONCEJO,41668,PARTIDO DE LA UNIÓN POR LA GENTE - PARTIDO DE LA U,446
t2023_CONCEJO,2023,CONCEJO,41668,PARTIDO LIBERAL COLOMBIANO,3666
t2023_CONCEJO,2023,CONCEJO,41668,PARTIDO POLO DEMOCRÁTICO ALTERNATIVO,111
t2023_CONCEJO,2023,CONCEJO,41668,PARTIDO POLÍTICO TODOS SOMOS COLOMBIA,571
t2023_CONCEJO,2023,CONCEJO,41668,"PARTIDOS LA FUERZA DE LA PAZ, ASI Y PARTIDO POLITICO MIRA",247
t2023_CONCEJO,2023,CONCEJO,41668,__BLANCO__,579
t2023_CONCEJO,2023,CONCEJO,41668,__NO_MARCADOS__,1079
t2023_CONCEJO,2023,CONCEJO,41668,__NULOS__,311
t2023_CONCEJO,2023,CONCEJO,41676,INDEPENDIENTES,244
t2023_CONCEJO,2023,CONCEJO,41676,"PARTIDO ALIANZA SOCIAL INDEPENDIENTE ""ASI""",1097
t2023_CONCEJO,2023,CONCEJO,41676,PARTIDO ALIANZA VERDE,1003
t2023_CONCEJO,2023,CONCEJO,41676,PARTIDO CAMBIO RADICAL,1244
t2023_CONCEJO,2023,CONCEJO,41676,PARTIDO CENTRO DEMOCRÁTICO,1491
t2023_CONCEJO,2023,CONCEJO,41676,PARTIDO CONSERVADOR COLOMBIANO,547
t2023_CONCEJO,2023,CONCEJO,41676,__BLANCO__,120
t2023_CONCEJO,2023,CONCEJO,41676,__NO_MARCADOS__,280
t2023_CONCEJO,2023,CONCEJO,41676,__NULOS__,99
t2023_CONCEJO,2023,CONCEJO,41770,PARTIDO ALIANZA VERDE,2070
t2023_CONCEJO,2023,CONCEJO,41770,PARTIDO CAMBIO RADICAL,1499
t2023_CONCEJO,2023,CONCEJO,41770,PARTIDO CENTRO DEMOCRÁTICO,677
t2023_CONCEJO,2023,CONCEJO,41770,PARTIDO CONSERVADOR COLOMBIANO,1843
t2023_CONCEJO,2023,CONCEJO,41770,PARTIDO DE LA UNIÓN POR LA GENTE - PARTIDO DE LA U,2114
t2023_CONCEJO,2023,CONCEJO,41770,PARTIDO LIBERAL COLOMBIANO,1684
t2023_CONCEJO,2023,CONCEJO,41770,__BLANCO__,276
t2023_CONCEJO,2023,CONCEJO,41770,__NO_MARCADOS__,778
t2023_CONCEJO,2023,CONCEJO,41770,__NULOS__,228
t2023_CONCEJO,2023,CONCEJO,41791,MOVIMIENTO POLITICO FUERZA CIUDADANA,447
t2023_CONCEJO,2023,CONCEJO,41791,MOVIMIENTO POLÍTICO COLOMBIA HUMANA,99
t2023_CONCEJO,2023,CONCEJO,41791,MOVIMIENTO SALVACIÓN NACIONAL,1299
t2023_CONCEJO,2023,CONCEJO,41791,PARTIDO ALIANZA VERDE,440
t2023_CONCEJO,2023,CONCEJO,41791,PARTIDO CAMBIO RADICAL,813
t2023_CONCEJO,2023,CONCEJO,41791,PARTIDO COLOMBIA RENACIENTE,1723
t2023_CONCEJO,2023,CONCEJO,41791,PARTIDO CONSERVADOR COLOMBIANO,1480
t2023_CONCEJO,2023,CONCEJO,41791,PARTIDO DE LA UNIÓN POR LA GENTE - PARTIDO DE LA U,628
t2023_CONCEJO,2023,CONCEJO,41791,PARTIDO LIBERAL COLOMBIANO,1956
t2023_CONCEJO,2023,CONCEJO,41791,__BLANCO__,260
t2023_CONCEJO,2023,CONCEJO,41791,__NO_MARCADOS__,326
t2023_CONCEJO,2023,CONCEJO,41791,__NULOS__,128
t2023_CONCEJO,2023,CONCEJO,41797,"MOVIMIENTO ALTERNATIVO INDÍGENA Y SOCIAL ""MAIS""",673
t2023_CONCEJO,2023,CONCEJO,41797,NUEVA FUERZA DEMOCRÁTICA,141
t2023_CONCEJO,2023,CONCEJO,41797,PARTIDO ALIANZA VERDE,674
t2023_CONCEJO,2023,CONCEJO,41797,PARTIDO CAMBIO RADICAL,621
t2023_CONCEJO,2023,CONCEJO,41797,PARTIDO CENTRO DEMOCRÁTICO,237
t2023_CONCEJO,2023,CONCEJO,41797,PARTIDO CONSERVADOR COLOMBIANO,767
t2023_CONCEJO,2023,CONCEJO,41797,PARTIDO DE LA UNIÓN POR LA GENTE - PARTIDO DE LA U,955
t2023_CONCEJO,2023,CONCEJO,41797,PARTIDO LIBERAL COLOMBIANO,433
t2023_CONCEJO,2023,CONCEJO,41797,PARTIDO VERDE OXÍGENO,85
t2023_CONCEJO,2023,CONCEJO,41797,UNIDOS POR TESALIA,1007
t2023_CONCEJO,2023,CONCEJO,41797,__BLANCO__,210
t2023_CONCEJO,2023,CONCEJO,41797,__NO_MARCADOS__,244
t2023_CONCEJO,2023,CONCEJO,41797,__NULOS__,150
t2023_CONCEJO,2023,CONCEJO,41799,CAMBIO RADICAL MIRA,1632
t2023_CONCEJO,2023,CONCEJO,41799,"MOVIMIENTO ALTERNATIVO INDÍGENA Y SOCIAL ""MAIS""",539
t2023_CONCEJO,2023,CONCEJO,41799,PARTIDO ALIANZA VERDE,749
t2023_CONCEJO,2023,CONCEJO,41799,PARTIDO DE LA UNIÓN POR LA GENTE - PARTIDO DE LA U,2254
t2023_CONCEJO,2023,CONCEJO,41799,PARTIDO LIBERAL COLOMBIANO,1778
t2023_CONCEJO,2023,CONCEJO,41799,__BLANCO__,130
t2023_CONCEJO,2023,CONCEJO,41799,__NO_MARCADOS__,276
t2023_CONCEJO,2023,CONCEJO,41799,__NULOS__,160
t2023_CONCEJO,2023,CONCEJO,41801,ALIANZA POR TERUEL,634
t2023_CONCEJO,2023,CONCEJO,41801,MOVIMIENTO POLÍTICO COLOMBIA HUMANA,43
t2023_CONCEJO,2023,CONCEJO,41801,MOVIMIENTO SALVACIÓN NACIONAL,1113
t2023_CONCEJO,2023,CONCEJO,41801,"PARTIDO ALIANZA SOCIAL INDEPENDIENTE ""ASI""",621
t2023_CONCEJO,2023,CONCEJO,41801,PARTIDO ALIANZA VERDE,915
t2023_CONCEJO,2023,CONCEJO,41801,PARTIDO CONSERVADOR COLOMBIANO,117
t2023_CONCEJO,2023,CONCEJO,41801,PARTIDO VERDE OXIGENO - PARTIDO POLITICO MIRA,1089
t2023_CONCEJO,2023,CONCEJO,41801,__BLANCO__,76
t2023_CONCEJO,2023,CONCEJO,41801,__NO_MARCADOS__,137
t2023_CONCEJO,2023,CONCEJO,41801,__NULOS__,80
t2023_CONCEJO,2023,CONCEJO,41807,COALICION ENTRE TODOS SOMOS COLOMBIA Y EL PARTIDO MIRA,249
t2023_CONCEJO,2023,CONCEJO,41807,MOVIMIENTO ALIANZA DEMOCRÁTICA AMPLIA - Res. 2049 de 2021,823
t2023_CONCEJO,2023,CONCEJO,41807,"MOVIMIENTO ALTERNATIVO INDÍGENA Y SOCIAL ""MAIS""",194
t2023_CONCEJO,2023,CONCEJO,41807,MOVIMIENTO SALVACIÓN NACIONAL,286
t2023_CONCEJO,2023,CONCEJO,41807,PARTIDO ALIANZA VERDE,1526
t2023_CONCEJO,2023,CONCEJO,41807,PARTIDO CAMBIO RADICAL,896
t2023_CONCEJO,2023,CONCEJO,41807,PARTIDO CENTRO DEMOCRÁTICO,1432
t2023_CONCEJO,2023,CONCEJO,41807,PARTIDO CONSERVADOR COLOMBIANO,1271
t2023_CONCEJO,2023,CONCEJO,41807,PARTIDO DE LA UNIÓN POR LA GENTE - PARTIDO DE LA U,289
t2023_CONCEJO,2023,CONCEJO,41807,PARTIDO LIBERAL COLOMBIANO,1742
t2023_CONCEJO,2023,CONCEJO,41807,PARTIDO POLÍTICO GENTE EN MOVIMIENTO,1140
t2023_CONCEJO,2023,CONCEJO,41807,PARTIDO POLÍTICO LA FUERZA DE LA PAZ,363
t2023_CONCEJO,2023,CONCEJO,41807,__BLANCO__,293
t2023_CONCEJO,2023,CONCEJO,41807,__NO_MARCADOS__,503
t2023_CONCEJO,2023,CONCEJO,41807,__NULOS__,199
t2023_CONCEJO,2023,CONCEJO,41872,INDEPENDIENTES,117
t2023_CONCEJO,2023,CONCEJO,41872,"MOVIMIENTO AUTORIDADES INDÍGENAS DE COLOMBIA ""AICO""",298
t2023_CONCEJO,2023,CONCEJO,41872,MOVIMIENTO SALVACIÓN NACIONAL,54
t2023_CONCEJO,2023,CONCEJO,41872,PACTO HISTORICO,255
t2023_CONCEJO,2023,CONCEJO,41872,"PARTIDO ALIANZA SOCIAL INDEPENDIENTE ""ASI""",186
t2023_CONCEJO,2023,CONCEJO,41872,PARTIDO ALIANZA VERDE,848
t2023_CONCEJO,2023,CONCEJO,41872,PARTIDO CAMBIO RADICAL,884
t2023_CONCEJO,2023,CONCEJO,41872,PARTIDO CENTRO DEMOCRÁTICO,76
t2023_CONCEJO,2023,CONCEJO,41872,PARTIDO CONSERVADOR COLOMBIANO,364
t2023_CONCEJO,2023,CONCEJO,41872,PARTIDO DE LA UNIÓN POR LA GENTE - PARTIDO DE LA U,1010
t2023_CONCEJO,2023,CONCEJO,41872,PARTIDO LIBERAL COLOMBIANO,988
t2023_CONCEJO,2023,CONCEJO,41872,PARTIDO POLÍTICO LA FUERZA DE LA PAZ,215
t2023_CONCEJO,2023,CONCEJO,41872,__BLANCO__,61
t2023_CONCEJO,2023,CONCEJO,41872,__NO_MARCADOS__,147
t2023_CONCEJO,2023,CONCEJO,41872,__NULOS__,64
t2023_CONCEJO,2023,CONCEJO,41885,MOVIMIENTO ALIANZA DEMOCRÁTICA AMPLIA - Res. 2049 de 2021,153
t2023_CONCEJO,2023,CONCEJO,41885,MOVIMIENTO POLITICO FUERZA CIUDADANA,621
t2023_CONCEJO,2023,CONCEJO,41885,MOVIMIENTO SALVACIÓN NACIONAL,100
t2023_CONCEJO,2023,CONCEJO,41885,PARTIDO CAMBIO RADICAL,573
t2023_CONCEJO,2023,CONCEJO,41885,PARTIDO CONSERVADOR COLOMBIANO,1102
t2023_CONCEJO,2023,CONCEJO,41885,PARTIDO DE LA UNIÓN POR LA GENTE - PARTIDO DE LA U,662
t2023_CONCEJO,2023,CONCEJO,41885,PARTIDO LIBERAL COLOMBIANO,1142
t2023_CONCEJO,2023,CONCEJO,41885,PARTIDO NUEVO LIBERALISMO,349
t2023_CONCEJO,2023,CONCEJO,41885,PARTIDO POLÍTICO GENTE EN MOVIMIENTO,138
t2023_CONCEJO,2023,CONCEJO,41885,"PARTIDO UNIÓN PATRIÓTICA ""UP""",122
t2023_CONCEJO,2023,CONCEJO,41885,__BLANCO__,140
t2023_CONCEJO,2023,CONCEJO,41885,__NO_MARCADOS__,188
t2023_CONCEJO,2023,CONCEJO,41885,__NULOS__,84
t2023_GOBERNADOR,2023,GOBERNADOR,41001,ALBERTO CASTILLO LOSADA|MOVIMIENTO POLÍTICO COLOMBIA HUMANA,1216
t2023_GOBERNADOR,2023,GOBERNADOR,41001,EDWIN RENIER VALENCIA RODRIGUEZ|ES EL MOMENTO DEL HUILA,1923
t2023_GOBERNADOR,2023,GOBERNADOR,41001,JESUS MENDEZ ARTUNDUAGA|PARTIDO COLOMBIA RENACIENTE,620
t2023_GOBERNADOR,2023,GOBERNADOR,41001,JUAN CARLOS GONZALEZ MEJIA|PARTIDO ECOLOGISTA COLOMBIANO,2857
t2023_GOBERNADOR,2023,GOBERNADOR,41001,"JUAN DE JESUS CARDENAS CHAVEZ|MOVIMIENTO AUTORIDADES INDÍGENAS DE COLOMBIA ""AICO""",0
t2023_GOBERNADOR,2023,GOBERNADOR,41001,PAULINO GALINDO YUSTRES|PACTO HISTORICO COLOMBIA PUEDE,6507
t2023_GOBERNADOR,2023,GOBERNADOR,41001,RODRIGO ARMANDO LARA SANCHEZ|CONSTRUYAMOS UN HUILA PARA TODOS,67349
t2023_GOBERNADOR,2023,GOBERNADOR,41001,RODRIGO VILLALBA MOSQUERA|POR UN HUILA GRANDE,45433
t2023_GOBERNADOR,2023,GOBERNADOR,41001,SANDRA MILENA HERNANDEZ RINCON|PARTIDO CONSERVADOR COLOMBIANO,13018
t2023_GOBERNADOR,2023,GOBERNADOR,41001,VICTOR HUGO SANTOFIMIO OSORIO|PARTIDO DEMÓCRATA COLOMBIANO,176
t2023_GOBERNADOR,2023,GOBERNADOR,41001,__BLANCO__,14659
t2023_GOBERNADOR,2023,GOBERNADOR,41001,__NO_MARCADOS__,7271
t2023_GOBERNADOR,2023,GOBERNADOR,41001,__NULOS__,4914
t2023_GOBERNADOR,2023,GOBERNADOR,41006,ALBERTO CASTILLO LOSADA|MOVIMIENTO POLÍTICO COLOMBIA HUMANA,54
t2023_GOBERNADOR,2023,GOBERNADOR,41006,EDWIN RENIER VALENCIA RODRIGUEZ|ES EL MOMENTO DEL HUILA,245
t2023_GOBERNADOR,2023,GOBERNADOR,41006,JESUS MENDEZ ARTUNDUAGA|PARTIDO COLOMBIA RENACIENTE,40
t2023_GOBERNADOR,2023,GOBERNADOR,41006,JUAN CARLOS GONZALEZ MEJIA|PARTIDO ECOLOGISTA COLOMBIANO,81
t2023_GOBERNADOR,2023,GOBERNADOR,41006,"JUAN DE JESUS CARDENAS CHAVEZ|MOVIMIENTO AUTORIDADES INDÍGENAS DE COLOMBIA ""AICO""",0
t2023_GOBERNADOR,2023,GOBERNADOR,41006,PAULINO GALINDO YUSTRES|PACTO HISTORICO COLOMBIA PUEDE,104
t2023_GOBERNADOR,2023,GOBERNADOR,41006,RODRIGO ARMANDO LARA SANCHEZ|CONSTRUYAMOS UN HUILA PARA TODOS,1679
t2023_GOBERNADOR,2023,GOBERNADOR,41006,RODRIGO VILLALBA MOSQUERA|POR UN HUILA GRANDE,4997
t2023_GOBERNADOR,2023,GOBERNADOR,41006,SANDRA MILENA HERNANDEZ RINCON|PARTIDO CONSERVADOR COLOMBIANO,3922
t2023_GOBERNADOR,2023,GOBERNADOR,41006,VICTOR HUGO SANTOFIMIO OSORIO|PARTIDO DEMÓCRATA COLOMBIANO,8
t2023_GOBERNADOR,2023,GOBERNADOR,41006,__BLANCO__,751
t2023_GOBERNADOR,2023,GOBERNADOR,41006,__NO_MARCADOS__,1585
t2023_GOBERNADOR,2023,GOBERNADOR,41006,__NULOS__,208
t2023_GOBERNADOR,2023,GOBERNADOR,41013,ALBERTO CASTILLO LOSADA|MOVIMIENTO POLÍTICO COLOMBIA HUMANA,31
t2023_GOBERNADOR,2023,GOBERNADOR,41013,EDWIN RENIER VALENCIA RODRIGUEZ|ES EL MOMENTO DEL HUILA,26
t2023_GOBERNADOR,2023,GOBERNADOR,41013,JESUS MENDEZ ARTUNDUAGA|PARTIDO COLOMBIA RENACIENTE,16
t2023_GOBERNADOR,2023,GOBERNADOR,41013,JUAN CARLOS GONZALEZ MEJIA|PARTIDO ECOLOGISTA COLOMBIANO,26
t2023_GOBERNADOR,2023,GOBERNADOR,41013,"JUAN DE JESUS CARDENAS CHAVEZ|MOVIMIENTO AUTORIDADES INDÍGENAS DE COLOMBIA ""AICO""",0
t2023_GOBERNADOR,2023,GOBERNADOR,41013,PAULINO GALINDO YUSTRES|PACTO HISTORICO COLOMBIA PUEDE,32
t2023_GOBERNADOR,2023,GOBERNADOR,41013,RODRIGO ARMANDO LARA SANCHEZ|CONSTRUYAMOS UN HUILA PARA TODOS,2518
t2023_GOBERNADOR,2023,GOBERNADOR,41013,RODRIGO VILLALBA MOSQUERA|POR UN HUILA GRANDE,2581
t2023_GOBERNADOR,2023,GOBERNADOR,41013,SANDRA MILENA HERNANDEZ RINCON|PARTIDO CONSERVADOR COLOMBIANO,133
t2023_GOBERNADOR,2023,GOBERNADOR,41013,VICTOR HUGO SANTOFIMIO OSORIO|PARTIDO DEMÓCRATA COLOMBIANO,4
t2023_GOBERNADOR,2023,GOBERNADOR,41013,__BLANCO__,249
t2023_GOBERNADOR,2023,GOBERNADOR,41013,__NO_MARCADOS__,351
t2023_GOBERNADOR,2023,GOBERNADOR,41013,__NULOS__,61
t2023_GOBERNADOR,2023,GOBERNADOR,41016,ALBERTO CASTILLO LOSADA|MOVIMIENTO POLÍTICO COLOMBIA HUMANA,38
t2023_GOBERNADOR,2023,GOBERNADOR,41016,EDWIN RENIER VALENCIA RODRIGUEZ|ES EL MOMENTO DEL HUILA,77
t2023_GOBERNADOR,2023,GOBERNADOR,41016,JESUS MENDEZ ARTUNDUAGA|PARTIDO COLOMBIA RENACIENTE,32
t2023_GOBERNADOR,2023,GOBERNADOR,41016,JUAN CARLOS GONZALEZ MEJIA|PARTIDO ECOLOGISTA COLOMBIANO,93
t2023_GOBERNADOR,2023,GOBERNADOR,41016,"JUAN DE JESUS CARDENAS CHAVEZ|MOVIMIENTO AUTORIDADES INDÍGENAS DE COLOMBIA ""AICO""",0
t2023_GOBERNADOR,2023,GOBERNADOR,41016,PAULINO GALINDO YUSTRES|PACTO HISTORICO COLOMBIA PUEDE,135
t2023_GOBERNADOR,2023,GOBERNADOR,41016,RODRIGO ARMANDO LARA SANCHEZ|CONSTRUYAMOS UN HUILA PARA TODOS,3626
t2023_GOBERNADOR,2023,GOBERNADOR,41016,RODRIGO VILLALBA MOSQUERA|POR UN HUILA GRANDE,5158
t2023_GOBERNADOR,2023,GOBERNADOR,41016,SANDRA MILENA HERNANDEZ RINCON|PARTIDO CONSERVADOR COLOMBIANO,581
t2023_GOBERNADOR,2023,GOBERNADOR,41016,VICTOR HUGO SANTOFIMIO OSORIO|PARTIDO DEMÓCRATA COLOMBIANO,2
t2023_GOBERNADOR,2023,GOBERNADOR,41016,__BLANCO__,729
t2023_GOBERNADOR,2023,GOBERNADOR,41016,__NO_MARCADOS__,1073
t2023_GOBERNADOR,2023,GOBERNADOR,41016,__NULOS__,218
t2023_GOBERNADOR,2023,GOBERNADOR,41020,ALBERTO CASTILLO LOSADA|MOVIMIENTO POLÍTICO COLOMBIA HUMANA,63
t2023_GOBERNADOR,2023,GOBERNADOR,41020,EDWIN RENIER VALENCIA RODRIGUEZ|ES EL MOMENTO DEL HUILA,110
t2023_GOBERNADOR,2023,GOBERNADOR,41020,JESUS MENDEZ ARTUNDUAGA|PARTIDO COLOMBIA RENACIENTE,29
t2023_GOBERNADOR,2023,GOBERNADOR,41020,JUAN CARLOS GONZALEZ MEJIA|PARTIDO ECOLOGISTA COLOMBIANO,187
t2023_GOBERNADOR,2023,GOBERNADOR,41020,"JUAN DE JESUS CARDENAS CHAVEZ|MOVIMIENTO AUTORIDADES INDÍGENAS DE COLOMBIA ""AICO""",0
t2023_GOBERNADOR,2023,GOBERNADOR,41020,PAULINO GALINDO YUSTRES|PACTO HISTORICO COLOMBIA PUEDE,215
t2023_GOBERNADOR,2023,GOBERNADOR,41020,RODRIGO ARMANDO LARA SANCHEZ|CONSTRUYAMOS UN HUILA PARA TODOS,1705
t2023_GOBERNADOR,2023,GOBERNADOR,41020,RODRIGO VILLALBA MOSQUERA|POR UN HUILA GRANDE,6020
t2023_GOBERNADOR,2023,GOBERNADOR,41020,SANDRA MILENA HERNANDEZ RINCON|PARTIDO CONSERVADOR COLOMBIANO,243
t2023_GOBERNADOR,2023,GOBERNADOR,41020,VICTOR HUGO SANTOFIMIO OSORIO|PARTIDO DEMÓCRATA COLOMBIANO,7
t2023_GOBERNADOR,2023,GOBERNADOR,41020,__BLANCO__,712
t2023_GOBERNADOR,2023,GOBERNADOR,41020,__NO_MARCADOS__,1977
t2023_GOBERNADOR,2023,GOBERNADOR,41020,__NULOS__,156
t2023_GOBERNADOR,2023,GOBERNADOR,41026,ALBERTO CASTILLO LOSADA|MOVIMIENTO POLÍTICO COLOMBIA HUMANA,7
t2023_GOBERNADOR,2023,GOBERNADOR,41026,EDWIN RENIER VALENCIA RODRIGUEZ|ES EL MOMENTO DEL HUILA,13
t2023_GOBERNADOR,2023,GOBERNADOR,41026,JESUS MENDEZ ARTUNDUAGA|PARTIDO COLOMBIA RENACIENTE,7
t2023_GOBERNADOR,2023,GOBERNADOR,41026,JUAN CARLOS GONZALEZ MEJIA|PARTIDO ECOLOGISTA COLOMBIANO,16
t2023_GOBERNADOR,2023,GOBERNADOR,41026,"JUAN DE JESUS CARDENAS CHAVEZ|MOVIMIENTO AUTORIDADES INDÍGENAS DE COLOMBIA ""AICO""",0
t2023_GOBERNADOR,2023,GOBERNADOR,41026,PAULINO GALINDO YUSTRES|PACTO HISTORICO COLOMBIA PUEDE,114
t2023_GOBERNADOR,2023,GOBERNADOR,41026,RODRIGO ARMANDO LARA SANCHEZ|CONSTRUYAMOS UN HUILA PARA TODOS,701
t2023_GOBERNADOR,2023,GOBERNADOR,41026,RODRIGO VILLALBA MOSQUERA|POR UN HUILA GRANDE,1298
t2023_GOBERNADOR,2023,GOBERNADOR,41026,SANDRA MILENA HERNANDEZ RINCON|PARTIDO CONSERVADOR COLOMBIANO,76
t2023_GOBERNADOR,2023,GOBERNADOR,41026,VICTOR HUGO SANTOFIMIO OSORIO|PARTIDO DEMÓCRATA COLOMBIANO,2
t2023_GOBERNADOR,2023,GOBERNADOR,41026,__BLANCO__,169
t2023_GOBERNADOR,2023,GOBERNADOR,41026,__NO_MARCADOS__,208
t2023_GOBERNADOR,2023,GOBERNADOR,41026,__NULOS__,31
t2023_GOBERNADOR,2023,GOBERNADOR,41078,ALBERTO CASTILLO LOSADA|MOVIMIENTO POLÍTICO COLOMBIA HUMANA,16
t2023_GOBERNADOR,2023,GOBERNADOR,41078,EDWIN RENIER VALENCIA RODRIGUEZ|ES EL MOMENTO DEL HUILA,19
t2023_GOBERNADOR,2023,GOBERNADOR,41078,JESUS MENDEZ ARTUNDUAGA|PARTIDO COLOMBIA RENACIENTE,9
t2023_GOBERNADOR,2023,GOBERNADOR,41078,JUAN CARLOS GONZALEZ MEJIA|PARTIDO ECOLOGISTA COLOMBIANO,11
t2023_GOBERNADOR,2023,GOBERNADOR,41078,"JUAN DE JESUS CARDENAS CHAVEZ|MOVIMIENTO AUTORIDADES INDÍGENAS DE COLOMBIA ""AICO""",0
t2023_GOBERNADOR,2023,GOBERNADOR,41078,PAULINO GALINDO YUSTRES|PACTO HISTORICO COLOMBIA PUEDE,69
t2023_GOBERNADOR,2023,GOBERNADOR,41078,RODRIGO ARMANDO LARA SANCHEZ|CONSTRUYAMOS UN HUILA PARA TODOS,1329
t2023_GOBERNADOR,2023,GOBERNADOR,41078,RODRIGO VILLALBA MOSQUERA|POR UN HUILA GRANDE,2264
t2023_GOBERNADOR,2023,GOBERNADOR,41078,SANDRA MILENA HERNANDEZ RINCON|PARTIDO CONSERVADOR COLOMBIANO,86
t2023_GOBERNADOR,2023,GOBERNADOR,41078,VICTOR HUGO SANTOFIMIO OSORIO|PARTIDO DEMÓCRATA COLOMBIANO,1
t2023_GOBERNADOR,2023,GOBERNADOR,41078,__BLANCO__,139
t2023_GOBERNADOR,2023,GOBERNADOR,41078,__NO_MARCADOS__,389
t2023_GOBERNADOR,2023,GOBERNADOR,41078,__NULOS__,59
t2023_GOBERNADOR,2023,GOBERNADOR,41132,ALBERTO CASTILLO LOSADA|MOVIMIENTO POLÍTICO COLOMBIA HUMANA,140
t2023_GOBERNADOR,2023,GOBERNADOR,41132,EDWIN RENIER VALENCIA RODRIGUEZ|ES EL MOMENTO DEL HUILA,201
t2023_GOBERNADOR,2023,GOBERNADOR,41132,JESUS MENDEZ ARTUNDUAGA|PARTIDO COLOMBIA RENACIENTE,231
t2023_GOBERNADOR,2023,GOBERNADOR,41132,JUAN CARLOS GONZALEZ MEJIA|PARTIDO ECOLOGISTA COLOMBIANO,147
t2023_GOBERNADOR,2023,GOBERNADOR,41132,"JUAN DE JESUS CARDENAS CHAVEZ|MOVIMIENTO AUTORIDADES INDÍGENAS DE COLOMBIA ""AICO""",0
t2023_GOBERNADOR,2023,GOBERNADOR,41132,PAULINO GALINDO YUSTRES|PACTO HISTORICO COLOMBIA PUEDE,353
t2023_GOBERNADOR,2023,GOBERNADOR,41132,RODRIGO ARMANDO LARA SANCHEZ|CONSTRUYAMOS UN HUILA PARA TODOS,5012
t2023_GOBERNADOR,2023,GOBERNADOR,41132,RODRIGO VILLALBA MOSQUERA|POR UN HUILA GRANDE,6172
t2023_GOBERNADOR,2023,GOBERNADOR,41132,SANDRA MILENA HERNANDEZ RINCON|PARTIDO CONSERVADOR COLOMBIANO,480
t2023_GOBERNADOR,2023,GOBERNADOR,41132,VICTOR HUGO SANTOFIMIO OSORIO|PARTIDO DEMÓCRATA COLOMBIANO,13
t2023_GOBERNADOR,2023,GOBERNADOR,41132,__BLANCO__,1651
t2023_GOBERNADOR,2023,GOBERNADOR,41132,__NO_MARCADOS__,1743
t2023_GOBERNADOR,2023,GOBERNADOR,41132,__NULOS__,817
t2023_GOBERNADOR,2023,GOBERNADOR,41206,ALBERTO CASTILLO LOSADA|MOVIMIENTO POLÍTICO COLOMBIA HUMANA,13
t2023_GOBERNADOR,2023,GOBERNADOR,41206,EDWIN RENIER VALENCIA RODRIGUEZ|ES EL MOMENTO DEL HUILA,30
t2023_GOBERNADOR,2023,GOBERNADOR,41206,JESUS MENDEZ ARTUNDUAGA|PARTIDO COLOMBIA RENACIENTE,8
t2023_GOBERNADOR,2023,GOBERNADOR,41206,JUAN CARLOS GONZALEZ MEJIA|PARTIDO ECOLOGISTA COLOMBIANO,34
t2023_GOBERNADOR,2023,GOBERNADOR,41206,"JUAN DE JESUS CARDENAS CHAVEZ|MOVIMIENTO AUTORIDADES INDÍGENAS DE COLOMBIA ""AICO""",0
t2023_GOBERNADOR,2023,GOBERNADOR,41206,PAULINO GALINDO YUSTRES|PACTO HISTORICO COLOMBIA PUEDE,48
t2023_GOBERNADOR,2023,GOBERNADOR,41206,RODRIGO ARMANDO LARA SANCHEZ|CONSTRUYAMOS UN HUILA PARA TODOS,1011
t2023_GOBERNADOR,2023,GOBERNADOR,41206,RODRIGO VILLALBA MOSQUERA|POR UN HUILA GRANDE,2777
t2023_GOBERNADOR,2023,GOBERNADOR,41206,SANDRA MILENA HERNANDEZ RINCON|PARTIDO CONSERVADOR COLOMBIANO,359
t2023_GOBERNADOR,2023,GOBERNADOR,41206,VICTOR HUGO SANTOFIMIO OSORIO|PARTIDO DEMÓCRATA COLOMBIANO,3
t2023_GOBERNADOR,2023,GOBERNADOR,41206,__BLANCO__,136
t2023_GOBERNADOR,2023,GOBERNADOR,41206,__NO_MARCADOS__,517
t2023_GOBERNADOR,2023,GOBERNADOR,41206,__NULOS__,40
t2023_GOBERNADOR,2023,GOBERNADOR,41244,ALBERTO CASTILLO LOSADA|MOVIMIENTO POLÍTICO COLOMBIA HUMANA,17
t2023_GOBERNADOR,2023,GOBERNADOR,41244,EDWIN RENIER VALENCIA RODRIGUEZ|ES EL MOMENTO DEL HUILA,30
t2023_GOBERNADOR,2023,GOBERNADOR,41244,JESUS MENDEZ ARTUNDUAGA|PARTIDO COLOMBIA RENACIENTE,11
t2023_GOBERNADOR,2023,GOBERNADOR,41244,JUAN CARLOS GONZALEZ MEJIA|PARTIDO ECOLOGISTA COLOMBIANO,23
t2023_GOBERNADOR,2023,GOBERNADOR,41244,PAULINO GALINDO YUSTRES|PACTO HISTORICO COLOMBIA PUEDE,23
t2023_GOBERNADOR,2023,GOBERNADOR,41244,RODRIGO ARMANDO LARA SANCHEZ|CONSTRUYAMOS UN HUILA PARA TODOS,559
t2023_GOBERNADOR,2023,GOBERNADOR,41244,RODRIGO VILLALBA MOSQUERA|POR UN HUILA GRANDE,1766
t2023_GOBERNADOR,2023,GOBERNADOR,41244,SANDRA MILENA HERNANDEZ RINCON|PARTIDO CONSERVADOR COLOMBIANO,133
t2023_GOBERNADOR,2023,GOBERNADOR,41244,VICTOR HUGO SANTOFIMIO OSORIO|PARTIDO DEMÓCRATA COLOMBIANO,1
t2023_GOBERNADOR,2023,GOBERNADOR,41244,__BLANCO__,103
t2023_GOBERNADOR,2023,GOBERNADOR,41244,__NO_MARCADOS__,258
t2023_GOBERNADOR,2023,GOBERNADOR,41244,__NULOS__,22
t2023_GOBERNADOR,2023,GOBERNADOR,41298,ALBERTO CASTILLO LOSADA|MOVIMIENTO POLÍTICO COLOMBIA HUMANA,234
t2023_GOBERNADOR,2023,GOBERNADOR,41298,EDWIN RENIER VALENCIA RODRIGUEZ|ES EL MOMENTO DEL HUILA,639
t2023_GOBERNADOR,2023,GOBERNADOR,41298,JESUS MENDEZ ARTUNDUAGA|PARTIDO COLOMBIA RENACIENTE,193
t2023_GOBERNADOR,2023,GOBERNADOR,41298,JUAN CARLOS GONZALEZ MEJIA|PARTIDO ECOLOGISTA COLOMBIANO,296
t2023_GOBERNADOR,2023,GOBERNADOR,41298,"JUAN DE JESUS CARDENAS CHAVEZ|MOVIMIENTO AUTORIDADES INDÍGENAS DE COLOMBIA ""AICO""",0
t2023_GOBERNADOR,2023,GOBERNADOR,41298,PAULINO GALINDO YUSTRES|PACTO HISTORICO COLOMBIA PUEDE,643
t2023_GOBERNADOR,2023,GOBERNADOR,41298,RODRIGO ARMANDO LARA SANCHEZ|CONSTRUYAMOS UN HUILA PARA TODOS,10927
t2023_GOBERNADOR,2023,GOBERNADOR,41298,RODRIGO VILLALBA MOSQUERA|POR UN HUILA GRANDE,13153
t2023_GOBERNADOR,2023,GOBERNADOR,41298,SANDRA MILENA HERNANDEZ RINCON|PARTIDO CONSERVADOR COLOMBIANO,1429
t2023_GOBERNADOR,2023,GOBERNADOR,41298,VICTOR HUGO SANTOFIMIO OSORIO|PARTIDO DEMÓCRATA COLOMBIANO,30
t2023_GOBERNADOR,2023,GOBERNADOR,41298,__BLANCO__,3570
t2023_GOBERNADOR,2023,GOBERNADOR,41298,__NO_MARCADOS__,2984
t2023_GOBERNADOR,2023,GOBERNADOR,41298,__NULOS__,974
t2023_GOBERNADOR,2023,GOBERNADOR,41306,ALBERTO CASTILLO LOSADA|MOVIMIENTO POLÍTICO COLOMBIA HUMANA,64
t2023_GOBERNADOR,2023,GOBERNADOR,41306,EDWIN RENIER VALENCIA RODRIGUEZ|ES EL MOMENTO DEL HUILA,199
t2023_GOBERNADOR,2023,GOBERNADOR,41306,JESUS MENDEZ ARTUNDUAGA|PARTIDO COLOMBIA RENACIENTE,52
t2023_GOBERNADOR,2023,GOBERNADOR,41306,JUAN CARLOS GONZALEZ MEJIA|PARTIDO ECOLOGISTA COLOMBIANO,67
t2023_GOBERNADOR,2023,GOBERNADOR,41306,"JUAN DE JESUS CARDENAS CHAVEZ|MOVIMIENTO AUTORIDADES INDÍGENAS DE COLOMBIA ""AICO""",0
t2023_GOBERNADOR,2023,GOBERNADOR,41306,PAULINO GALINDO YUSTRES|PACTO HISTORICO COLOMBIA PUEDE,207
t2023_GOBERNADOR,2023,GOBERNADOR,41306,RODRIGO ARMANDO LARA SANCHEZ|CONSTRUYAMOS UN HUILA PARA TODOS,3747
t2023_GOBERNADOR,2023,GOBERNADOR,41306,RODRIGO VILLALBA MOSQUERA|POR UN HUILA GRANDE,5287
t2023_GOBERNADOR,2023,GOBERNADOR,41306,SANDRA MILENA HERNANDEZ RINCON|PARTIDO CONSERVADOR COLOMBIANO,675
t2023_GOBERNADOR,2023,GOBERNADOR,41306,VICTOR HUGO SANTOFIMIO OSORIO|PARTIDO DEMÓCRATA COLOMBIANO,17
t2023_GOBERNADOR,2023,GOBERNADOR,41306,__BLANCO__,1255
t2023_GOBERNADOR,2023,GOBERNADOR,41306,__NO_MARCADOS__,1452
t2023_GOBERNADOR,2023,GOBERNADOR,41306,__NULOS__,317
t2023_GOBERNADOR,2023,GOBERNADOR,41319,ALBERTO CASTILLO LOSADA|MOVIMIENTO POLÍTICO COLOMBIA HUMANA,56
t2023_GOBERNADOR,2023,GOBERNADOR,41319,EDWIN RENIER VALENCIA RODRIGUEZ|ES EL MOMENTO DEL HUILA,70
t2023_GOBERNADOR,2023,GOBERNADOR,41319,JESUS MENDEZ ARTUNDUAGA|PARTIDO COLOMBIA RENACIENTE,27
t2023_GOBERNADOR,2023,GOBERNADOR,41319,JUAN CARLOS GONZALEZ MEJIA|PARTIDO ECOLOGISTA COLOMBIANO,58
t2023_GOBERNADOR,2023,GOBERNADOR,41319,"JUAN DE JESUS CARDENAS CHAVEZ|MOVIMIENTO AUTORIDADES INDÍGENAS DE COLOMBIA ""AICO""",0
t2023_GOBERNADOR,2023,GOBERNADOR,41319,PAULINO GALINDO YUSTRES|PACTO HISTORICO COLOMBIA PUEDE,97
t2023_GOBERNADOR,2023,GOBERNADOR,41319,RODRIGO ARMANDO LARA SANCHEZ|CONSTRUYAMOS UN HUILA PARA TODOS,1658
t2023_GOBERNADOR,2023,GOBERNADOR,41319,RODRIGO VILLALBA MOSQUERA|POR UN HUILA GRANDE,5130
t2023_GOBERNADOR,2023,GOBERNADOR,41319,SANDRA MILENA HERNANDEZ RINCON|PARTIDO CONSERVADOR COLOMBIANO,215
t2023_GOBERNADOR,2023,GOBERNADOR,41319,VICTOR HUGO SANTOFIMIO OSORIO|PARTIDO DEMÓCRATA COLOMBIANO,8
t2023_GOBERNADOR,2023,GOBERNADOR,41319,__BLANCO__,587
t2023_GOBERNADOR,2023,GOBERNADOR,41319,__NO_MARCADOS__,940
t2023_GOBERNADOR,2023,GOBERNADOR,41319,__NULOS__,156
t2023_GOBERNADOR,2023,GOBERNADOR,41349,ALBERTO CASTILLO LOSADA|MOVIMIENTO POLÍTICO COLOMBIA HUMANA,20
t2023_GOBERNADOR,2023,GOBERNADOR,41349,EDWIN RENIER VALENCIA RODRIGUEZ|ES EL MOMENTO DEL HUILA,16
t2023_GOBERNADOR,2023,GOBERNADOR,41349,JESUS MENDEZ ARTUNDUAGA|PARTIDO COLOMBIA RENACIENTE,2
t2023_GOBERNADOR,2023,GOBERNADOR,41349,JUAN CARLOS GONZALEZ MEJIA|PARTIDO ECOLOGISTA COLOMBIANO,15
t2023_GOBERNADOR,2023,GOBERNADOR,41349,PAULINO GALINDO YUSTRES|PACTO HISTORICO COLOMBIA PUEDE,51
t2023_GOBERNADOR,2023,GOBERNADOR,41349,RODRIGO ARMANDO LARA SANCHEZ|CONSTRUYAMOS UN HUILA PARA TODOS,1326
t2023_GOBERNADOR,2023,GOBERNADOR,41349,RODRIGO VILLALBA MOSQUERA|POR UN HUILA GRANDE,2087
t2023_GOBERNADOR,2023,GOBERNADOR,41349,SANDRA MILENA HERNANDEZ RINCON|PARTIDO CONSERVADOR COLOMBIANO,129
t2023_GOBERNADOR,2023,GOBERNADOR,41349,VICTOR HUGO SANTOFIMIO OSORIO|PARTIDO DEMÓCRATA COLOMBIANO,3
t2023_GOBERNADOR,2023,GOBERNADOR,41349,__BLANCO__,249
t2023_GOBERNADOR,2023,GOBERNADOR,41349,__NO_MARCADOS__,576
t2023_GOBERNADOR,2023,GOBERNADOR,41349,__NULOS__,48
t2023_GOBERNADOR,2023,GOBERNADOR,41357,ALBERTO CASTILLO LOSADA|MOVIMIENTO POLÍTICO COLOMBIA HUMANA,31
t2023_GOBERNADOR,2023,GOBERNADOR,41357,EDWIN RENIER VALENCIA RODRIGUEZ|ES EL MOMENTO DEL HUILA,22
t2023_GOBERNADOR,2023,GOBERNADOR,41357,JESUS MENDEZ ARTUNDUAGA|PARTIDO COLOMBIA RENACIENTE,19
t2023_GOBERNADOR,2023,GOBERNADOR,41357,JUAN CARLOS GONZALEZ MEJIA|PARTIDO ECOLOGISTA COLOMBIANO,23
t2023_GOBERNADOR,2023,GOBERNADOR,41357,"JUAN DE JESUS CARDENAS CHAVEZ|MOVIMIENTO AUTORIDADES INDÍGENAS DE COLOMBIA ""AICO""",0
t2023_GOBERNADOR,2023,GOBERNADOR,41357,PAULINO GALINDO YUSTRES|PACTO HISTORICO COLOMBIA PUEDE,116
t2023_GOBERNADOR,2023,GOBERNADOR,41357,RODRIGO ARMANDO LARA SANCHEZ|CONSTRUYAMOS UN HUILA PARA TODOS,1387
t2023_GOBERNADOR,2023,GOBERNADOR,41357,RODRIGO VILLALBA MOSQUERA|POR UN HUILA GRANDE,2822
t2023_GOBERNADOR,2023,GOBERNADOR,41357,SANDRA MILENA HERNANDEZ RINCON|PARTIDO CONSERVADOR COLOMBIANO,426
t2023_GOBERNADOR,2023,GOBERNADOR,41357,VICTOR HUGO SANTOFIMIO OSORIO|PARTIDO DEMÓCRATA COLOMBIANO,6
t2023_GOBERNADOR,2023,GOBERNADOR,41357,__BLANCO__,212
t2023_GOBERNADOR,2023,GOBERNADOR,41357,__NO_MARCADOS__,562
t2023_GOBERNADOR,2023,GOBERNADOR,41357,__NULOS__,61
t2023_GOBERNADOR,2023,GOBERNADOR,41359,ALBERTO CASTILLO LOSADA|MOVIMIENTO POLÍTICO COLOMBIA HUMANA,76
t2023_GOBERNADOR,2023,GOBERNADOR,41359,EDWIN RENIER VALENCIA RODRIGUEZ|ES EL MOMENTO DEL HUILA,237
t2023_GOBERNADOR,2023,GOBERNADOR,41359,JESUS MENDEZ ARTUNDUAGA|PARTIDO COLOMBIA RENACIENTE,123
t2023_GOBERNADOR,2023,GOBERNADOR,41359,JUAN CARLOS GONZALEZ MEJIA|PARTIDO ECOLOGISTA COLOMBIANO,89
t2023_GOBERNADOR,2023,GOBERNADOR,41359,"JUAN DE JESUS CARDENAS CHAVEZ|MOVIMIENTO AUTORIDADES INDÍGENAS DE COLOMBIA ""AICO""",0
t2023_GOBERNADOR,2023,GOBERNADOR,41359,PAULINO GALINDO YUSTRES|PACTO HISTORICO COLOMBIA PUEDE,277
t2023_GOBERNADOR,2023,GOBERNADOR,41359,RODRIGO ARMANDO LARA SANCHEZ|CONSTRUYAMOS UN HUILA PARA TODOS,2501
t2023_GOBERNADOR,2023,GOBERNADOR,41359,RODRIGO VILLALBA MOSQUERA|POR UN HUILA GRANDE,6078
t2023_GOBERNADOR,2023,GOBERNADOR,41359,SANDRA MILENA HERNANDEZ RINCON|PARTIDO CONSERVADOR COLOMBIANO,1760
t2023_GOBERNADOR,2023,GOBERNADOR,41359,VICTOR HUGO SANTOFIMIO OSORIO|PARTIDO DEMÓCRATA COLOMBIANO,9
t2023_GOBERNADOR,2023,GOBERNADOR,41359,__BLANCO__,1448
t2023_GOBERNADOR,2023,GOBERNADOR,41359,__NO_MARCADOS__,2174
t2023_GOBERNADOR,2023,GOBERNADOR,41359,__NULOS__,354
t2023_GOBERNADOR,2023,GOBERNADOR,41378,ALBERTO CASTILLO LOSADA|MOVIMIENTO POLÍTICO COLOMBIA HUMANA,17
t2023_GOBERNADOR,2023,GOBERNADOR,41378,EDWIN RENIER VALENCIA RODRIGUEZ|ES EL MOMENTO DEL HUILA,28
t2023_GOBERNADOR,2023,GOBERNADOR,41378,JESUS MENDEZ ARTUNDUAGA|PARTIDO COLOMBIA RENACIENTE,9
t2023_GOBERNADOR,2023,GOBERNADOR,41378,JUAN CARLOS GONZALEZ MEJIA|PARTIDO ECOLOGISTA COLOMBIANO,19
t2023_GOBERNADOR,2023,GOBERNADOR,41378,"JUAN DE JESUS CARDENAS CHAVEZ|MOVIMIENTO AUTORIDADES INDÍGENAS DE COLOMBIA ""AICO""",0
t2023_GOBERNADOR,2023,GOBERNADOR,41378,PAULINO GALINDO YUSTRES|PACTO HISTORICO COLOMBIA PUEDE,219
t2023_GOBERNADOR,2023,GOBERNADOR,41378,RODRIGO ARMANDO LARA SANCHEZ|CONSTRUYAMOS UN HUILA PARA TODOS,1550
t2023_GOBERNADOR,2023,GOBERNADOR,41378,RODRIGO VILLALBA MOSQUERA|POR UN HUILA GRANDE,4923
t2023_GOBERNADOR,2023,GOBERNADOR,41378,SANDRA MILENA HERNANDEZ RINCON|PARTIDO CONSERVADOR COLOMBIANO,130
t2023_GOBERNADOR,2023,GOBERNADOR,41378,VICTOR HUGO SANTOFIMIO OSORIO|PARTIDO DEMÓCRATA COLOMBIANO,2
t2023_GOBERNADOR,2023,GOBERNADOR,41378,__BLANCO__,332
t2023_GOBERNADOR,2023,GOBERNADOR,41378,__NO_MARCADOS__,653
t2023_GOBERNADOR,2023,GOBERNADOR,41378,__NULOS__,67
t2023_GOBERNADOR,2023,GOBERNADOR,41396,ALBERTO CASTILLO LOSADA|MOVIMIENTO POLÍTICO COLOMBIA HUMANA,55
t2023_GOBERNADOR,2023,GOBERNADOR,41396,EDWIN RENIER VALENCIA RODRIGUEZ|ES EL MOMENTO DEL HUILA,369
t2023_GOBERNADOR,2023,GOBERNADOR,41396,JESUS MENDEZ ARTUNDUAGA|PARTIDO COLOMBIA RENACIENTE,111
t2023_GOBERNADOR,2023,GOBERNADOR,41396,JUAN CARLOS GONZALEZ MEJIA|PARTIDO ECOLOGISTA COLOMBIANO,188
t2023_GOBERNADOR,2023,GOBERNADOR,41396,"JUAN DE JESUS CARDENAS CHAVEZ|MOVIMIENTO AUTORIDADES INDÍGENAS DE COLOMBIA ""AICO""",0
t2023_GOBERNADOR,2023,GOBERNADOR,41396,PAULINO GALINDO YUSTRES|PACTO HISTORICO COLOMBIA PUEDE,790
t2023_GOBERNADOR,2023,GOBERNADOR,41396,RODRIGO ARMANDO LARA SANCHEZ|CONSTRUYAMOS UN HUILA PARA TODOS,8165
t2023_GOBERNADOR,2023,GOBERNADOR,41396,RODRIGO VILLALBA MOSQUERA|POR UN HUILA GRANDE,9408
t2023_GOBERNADOR,2023,GOBERNADOR,41396,SANDRA MILENA HERNANDEZ RINCON|PARTIDO CONSERVADOR COLOMBIANO,1551
t2023_GOBERNADOR,2023,GOBERNADOR,41396,VICTOR HUGO SANTOFIMIO OSORIO|PARTIDO DEMÓCRATA COLOMBIANO,40
t2023_GOBERNADOR,2023,GOBERNADOR,41396,__BLANCO__,2000
t2023_GOBERNADOR,2023,GOBERNADOR,41396,__NO_MARCADOS__,2732
t2023_GOBERNADOR,2023,GOBERNADOR,41396,__NULOS__,490
t2023_GOBERNADOR,2023,GOBERNADOR,41483,ALBERTO CASTILLO LOSADA|MOVIMIENTO POLÍTICO COLOMBIA HUMANA,3
t2023_GOBERNADOR,2023,GOBERNADOR,41483,EDWIN RENIER VALENCIA RODRIGUEZ|ES EL MOMENTO DEL HUILA,22
t2023_GOBERNADOR,2023,GOBERNADOR,41483,JESUS MENDEZ ARTUNDUAGA|PARTIDO COLOMBIA RENACIENTE,4
t2023_GOBERNADOR,2023,GOBERNADOR,41483,JUAN CARLOS GONZALEZ MEJIA|PARTIDO ECOLOGISTA COLOMBIANO,3
t2023_GOBERNADOR,2023,GOBERNADOR,41483,"JUAN DE JESUS CARDENAS CHAVEZ|MOVIMIENTO AUTORIDADES INDÍGENAS DE COLOMBIA ""AICO""",0
t2023_GOBERNADOR,2023,GOBERNADOR,41483,PAULINO GALINDO YUSTRES|PACTO HISTORICO COLOMBIA PUEDE,151
t2023_GOBERNADOR,2023,GOBERNADOR,41483,RODRIGO ARMANDO LARA SANCHEZ|CONSTRUYAMOS UN HUILA PARA TODOS,368
t2023_GOBERNADOR,2023,GOBERNADOR,41483,RODRIGO VILLALBA MOSQUERA|POR UN HUILA GRANDE,2432
t2023_GOBERNADOR,2023,GOBERNADOR,41483,SANDRA MILENA HERNANDEZ RINCON|PARTIDO CONSERVADOR COLOMBIANO,318
t2023_GOBERNADOR,2023,GOBERNADOR,41483,VICTOR HUGO SANTOFIMIO OSORIO|PARTIDO DEMÓCRATA COLOMBIANO,1
t2023_GOBERNADOR,2023,GOBERNADOR,41483,__BLANCO__,130
t2023_GOBERNADOR,2023,GOBERNADOR,41483,__NO_MARCADOS__,363
t2023_GOBERNADOR,2023,GOBERNADOR,41483,__NULOS__,36
t2023_GOBERNADOR,2023,GOBERNADOR,41503,ALBERTO CASTILLO LOSADA|MOVIMIENTO POLÍTICO COLOMBIA HUMANA,15
t2023_GOBERNADOR,2023,GOBERNADOR,41503,EDWIN RENIER VALENCIA RODRIGUEZ|ES EL MOMENTO DEL HUILA,41
t2023_GOBERNADOR,2023,GOBERNADOR,41503,JESUS MENDEZ ARTUNDUAGA|PARTIDO COLOMBIA RENACIENTE,17
t2023_GOBERNADOR,2023,GOBERNADOR,41503,JUAN CARLOS GONZALEZ MEJIA|PARTIDO ECOLOGISTA COLOMBIANO,98
t2023_GOBERNADOR,2023,GOBERNADOR,41503,"JUAN DE JESUS CARDENAS CHAVEZ|MOVIMIENTO AUTORIDADES INDÍGENAS DE COLOMBIA ""AICO""",0
t2023_GOBERNADOR,2023,GOBERNADOR,41503,PAULINO GALINDO YUSTRES|PACTO HISTORICO COLOMBIA PUEDE,30
t2023_GOBERNADOR,2023,GOBERNADOR,41503,RODRIGO ARMANDO LARA SANCHEZ|CONSTRUYAMOS UN HUILA PARA TODOS,981
t2023_GOBERNADOR,2023,GOBERNADOR,41503,RODRIGO VILLALBA MOSQUERA|POR UN HUILA GRANDE,3011
t2023_GOBERNADOR,2023,GOBERNADOR,41503,SANDRA MILENA HERNANDEZ RINCON|PARTIDO CONSERVADOR COLOMBIANO,1525
t2023_GOBERNADOR,2023,GOBERNADOR,41503,VICTOR HUGO SANTOFIMIO OSORIO|PARTIDO DEMÓCRATA COLOMBIANO,2
t2023_GOBERNADOR,2023,GOBERNADOR,41503,__BLANCO__,266
t2023_GOBERNADOR,2023,GOBERNADOR,41503,__NO_MARCADOS__,646
t2023_GOBERNADOR,2023,GOBERNADOR,41503,__NULOS__,64
t2023_GOBERNADOR,2023,GOBERNADOR,41518,ALBERTO CASTILLO LOSADA|MOVIMIENTO POLÍTICO COLOMBIA HUMANA,7
t2023_GOBERNADOR,2023,GOBERNADOR,41518,EDWIN RENIER VALENCIA RODRIGUEZ|ES EL MOMENTO DEL HUILA,45
t2023_GOBERNADOR,2023,GOBERNADOR,41518,JESUS MENDEZ ARTUNDUAGA|PARTIDO COLOMBIA RENACIENTE,12
t2023_GOBERNADOR,2023,GOBERNADOR,41518,JUAN CARLOS GONZALEZ MEJIA|PARTIDO ECOLOGISTA COLOMBIANO,10
t2023_GOBERNADOR,2023,GOBERNADOR,41518,"JUAN DE JESUS CARDENAS CHAVEZ|MOVIMIENTO AUTORIDADES INDÍGENAS DE COLOMBIA ""AICO""",0
t2023_GOBERNADOR,2023,GOBERNADOR,41518,PAULINO GALINDO YUSTRES|PACTO HISTORICO COLOMBIA PUEDE,41
t2023_GOBERNADOR,2023,GOBERNADOR,41518,RODRIGO ARMANDO LARA SANCHEZ|CONSTRUYAMOS UN HUILA PARA TODOS,952
t2023_GOBERNADOR,2023,GOBERNADOR,41518,RODRIGO VILLALBA MOSQUERA|POR UN HUILA GRANDE,2161
t2023_GOBERNADOR,2023,GOBERNADOR,41518,SANDRA MILENA HERNANDEZ RINCON|PARTIDO CONSERVADOR COLOMBIANO,515
t2023_GOBERNADOR,2023,GOBERNADOR,41518,VICTOR HUGO SANTOFIMIO OSORIO|PARTIDO DEMÓCRATA COLOMBIANO,2
t2023_GOBERNADOR,2023,GOBERNADOR,41518,__BLANCO__,163
t2023_GOBERNADOR,2023,GOBERNADOR,41518,__NO_MARCADOS__,224
t2023_GOBERNADOR,2023,GOBERNADOR,41518,__NULOS__,31
t2023_GOBERNADOR,2023,GOBERNADOR,41524,ALBERTO CASTILLO LOSADA|MOVIMIENTO POLÍTICO COLOMBIA HUMANA,64
t2023_GOBERNADOR,2023,GOBERNADOR,41524,EDWIN RENIER VALENCIA RODRIGUEZ|ES EL MOMENTO DEL HUILA,142
t2023_GOBERNADOR,2023,GOBERNADOR,41524,JESUS MENDEZ ARTUNDUAGA|PARTIDO COLOMBIA RENACIENTE,29
t2023_GOBERNADOR,2023,GOBERNADOR,41524,JUAN CARLOS GONZALEZ MEJIA|PARTIDO ECOLOGISTA COLOMBIANO,95
t2023_GOBERNADOR,2023,GOBERNADOR,41524,"JUAN DE JESUS CARDENAS CHAVEZ|MOVIMIENTO AUTORIDADES INDÍGENAS DE COLOMBIA ""AICO""",0
t2023_GOBERNADOR,2023,GOBERNADOR,41524,PAULINO GALINDO YUSTRES|PACTO HISTORICO COLOMBIA PUEDE,317
t2023_GOBERNADOR,2023,GOBERNADOR,41524,RODRIGO ARMANDO LARA SANCHEZ|CONSTRUYAMOS UN HUILA PARA TODOS,5203
t2023_GOBERNADOR,2023,GOBERNADOR,41524,RODRIGO VILLALBA MOSQUERA|POR UN HUILA GRANDE,5199
t2023_GOBERNADOR,2023,GOBERNADOR,41524,SANDRA MILENA HERNANDEZ RINCON|PARTIDO CONSERVADOR COLOMBIANO,808
t2023_GOBERNADOR,2023,GOBERNADOR,41524,VICTOR HUGO SANTOFIMIO OSORIO|PARTIDO DEMÓCRATA COLOMBIANO,10
t2023_GOBERNADOR,2023,GOBERNADOR,41524,__BLANCO__,1116
t2023_GOBERNADOR,2023,GOBERNADOR,41524,__NO_MARCADOS__,1632
t2023_GOBERNADOR,2023,GOBERNADOR,41524,__NULOS__,377
t2023_GOBERNADOR,2023,GOBERNADOR,41530,ALBERTO CASTILLO LOSADA|MOVIMIENTO POLÍTICO COLOMBIA HUMANA,49
t2023_GOBERNADOR,2023,GOBERNADOR,41530,EDWIN RENIER VALENCIA RODRIGUEZ|ES EL MOMENTO DEL HUILA,55
t2023_GOBERNADOR,2023,GOBERNADOR,41530,JESUS MENDEZ ARTUNDUAGA|PARTIDO COLOMBIA RENACIENTE,19
t2023_GOBERNADOR,2023,GOBERNADOR,41530,JUAN CARLOS GONZALEZ MEJIA|PARTIDO ECOLOGISTA COLOMBIANO,33
t2023_GOBERNADOR,2023,GOBERNADOR,41530,"JUAN DE JESUS CARDENAS CHAVEZ|MOVIMIENTO AUTORIDADES INDÍGENAS DE COLOMBIA ""AICO""",0
t2023_GOBERNADOR,2023,GOBERNADOR,41530,PAULINO GALINDO YUSTRES|PACTO HISTORICO COLOMBIA PUEDE,161
t2023_GOBERNADOR,2023,GOBERNADOR,41530,RODRIGO ARMANDO LARA SANCHEZ|CONSTRUYAMOS UN HUILA PARA TODOS,834
t2023_GOBERNADOR,2023,GOBERNADOR,41530,RODRIGO VILLALBA MOSQUERA|POR UN HUILA GRANDE,4078
t2023_GOBERNADOR,2023,GOBERNADOR,41530,SANDRA MILENA HERNANDEZ RINCON|PARTIDO CONSERVADOR COLOMBIANO,595
t2023_GOBERNADOR,2023,GOBERNADOR,41530,VICTOR HUGO SANTOFIMIO OSORIO|PARTIDO DEMÓCRATA COLOMBIANO,4
t2023_GOBERNADOR,2023,GOBERNADOR,41530,__BLANCO__,377
t2023_GOBERNADOR,2023,GOBERNADOR,41530,__NO_MARCADOS__,738
t2023_GOBERNADOR,2023,GOBERNADOR,41530,__NULOS__,82
t2023_GOBERNADOR,2023,GOBERNADOR,41548,ALBERTO CASTILLO LOSADA|MOVIMIENTO POLÍTICO COLOMBIA HUMANA,36
t2023_GOBERNADOR,2023,GOBERNADOR,41548,EDWIN RENIER VALENCIA RODRIGUEZ|ES EL MOMENTO DEL HUILA,51
t2023_GOBERNADOR,2023,GOBERNADOR,41548,JESUS MENDEZ ARTUNDUAGA|PARTIDO COLOMBIA RENACIENTE,37
t2023_GOBERNADOR,2023,GOBERNADOR,41548,JUAN CARLOS GONZALEZ MEJIA|PARTIDO ECOLOGISTA COLOMBIANO,22
t2023_GOBERNADOR,2023,GOBERNADOR,41548,"JUAN DE JESUS CARDENAS CHAVEZ|MOVIMIENTO AUTORIDADES INDÍGENAS DE COLOMBIA ""AICO""",0
t2023_GOBERNADOR,2023,GOBERNADOR,41548,PAULINO GALINDO YUSTRES|PACTO HISTORICO COLOMBIA PUEDE,48
t2023_GOBERNADOR,2023,GOBERNADOR,41548,RODRIGO ARMANDO LARA SANCHEZ|CONSTRUYAMOS UN HUILA PARA TODOS,2845
t2023_GOBERNADOR,2023,GOBERNADOR,41548,RODRIGO VILLALBA MOSQUERA|POR UN HUILA GRANDE,3097
t2023_GOBERNADOR,2023,GOBERNADOR,41548,SANDRA MILENA HERNANDEZ RINCON|PARTIDO CONSERVADOR COLOMBIANO,282
t2023_GOBERNADOR,2023,GOBERNADOR,41548,VICTOR HUGO SANTOFIMIO OSORIO|PARTIDO DEMÓCRATA COLOMBIANO,4
t2023_GOBERNADOR,2023,GOBERNADOR,41548,__BLANCO__,283
t2023_GOBERNADOR,2023,GOBERNADOR,41548,__NO_MARCADOS__,622
t2023_GOBERNADOR,2023,GOBERNADOR,41548,__NULOS__,78
t2023_GOBERNADOR,2023,GOBERNADOR,41551,ALBERTO CASTILLO LOSADA|MOVIMIENTO POLÍTICO COLOMBIA HUMANA,351
t2023_GOBERNADOR,2023,GOBERNADOR,41551,EDWIN RENIER VALENCIA RODRIGUEZ|ES EL MOMENTO DEL HUILA,967
t2023_GOBERNADOR,2023,GOBERNADOR,41551,JESUS MENDEZ ARTUNDUAGA|PARTIDO COLOMBIA RENACIENTE,246
t2023_GOBERNADOR,2023,GOBERNADOR,41551,JUAN CARLOS GONZALEZ MEJIA|PARTIDO ECOLOGISTA COLOMBIANO,263
t2023_GOBERNADOR,2023,GOBERNADOR,41551,"JUAN DE JESUS CARDENAS CHAVEZ|MOVIMIENTO AUTORIDADES INDÍGENAS DE COLOMBIA ""AICO""",0
t2023_GOBERNADOR,2023,GOBERNADOR,41551,PAULINO GALINDO YUSTRES|PACTO HISTORICO COLOMBIA PUEDE,1177
t2023_GOBERNADOR,2023,GOBERNADOR,41551,RODRIGO ARMANDO LARA SANCHEZ|CONSTRUYAMOS UN HUILA PARA TODOS,8737
t2023_GOBERNADOR,2023,GOBERNADOR,41551,RODRIGO VILLALBA MOSQUERA|POR UN HUILA GRANDE,20018
t2023_GOBERNADOR,2023,GOBERNADOR,41551,SANDRA MILENA HERNANDEZ RINCON|PARTIDO CONSERVADOR COLOMBIANO,14143
t2023_GOBERNADOR,2023,GOBERNADOR,41551,VICTOR HUGO SANTOFIMIO OSORIO|PARTIDO DEMÓCRATA COLOMBIANO,32
t2023_GOBERNADOR,2023,GOBERNADOR,41551,__BLANCO__,5693
t2023_GOBERNADOR,2023,GOBERNADOR,41551,__NO_MARCADOS__,4828
t2023_GOBERNADOR,2023,GOBERNADOR,41551,__NULOS__,1165
t2023_GOBERNADOR,2023,GOBERNADOR,41615,ALBERTO CASTILLO LOSADA|MOVIMIENTO POLÍTICO COLOMBIA HUMANA,68
t2023_GOBERNADOR,2023,GOBERNADOR,41615,EDWIN RENIER VALENCIA RODRIGUEZ|ES EL MOMENTO DEL HUILA,101
t2023_GOBERNADOR,2023,GOBERNADOR,41615,JESUS MENDEZ ARTUNDUAGA|PARTIDO COLOMBIA RENACIENTE,33
t2023_GOBERNADOR,2023,GOBERNADOR,41615,JUAN CARLOS GONZALEZ MEJIA|PARTIDO ECOLOGISTA COLOMBIANO,56
t2023_GOBERNADOR,2023,GOBERNADOR,41615,"JUAN DE JESUS CARDENAS CHAVEZ|MOVIMIENTO AUTORIDADES INDÍGENAS DE COLOMBIA ""AICO""",0
t2023_GOBERNADOR,2023,GOBERNADOR,41615,PAULINO GALINDO YUSTRES|PACTO HISTORICO COLOMBIA PUEDE,322
t2023_GOBERNADOR,2023,GOBERNADOR,41615,RODRIGO ARMANDO LARA SANCHEZ|CONSTRUYAMOS UN HUILA PARA TODOS,4040
t2023_GOBERNADOR,2023,GOBERNADOR,41615,RODRIGO VILLALBA MOSQUERA|POR UN HUILA GRANDE,6669
t2023_GOBERNADOR,2023,GOBERNADOR,41615,SANDRA MILENA HERNANDEZ RINCON|PARTIDO CONSERVADOR COLOMBIANO,633
t2023_GOBERNADOR,2023,GOBERNADOR,41615,VICTOR HUGO SANTOFIMIO OSORIO|PARTIDO DEMÓCRATA COLOMBIANO,12
t2023_GOBERNADOR,2023,GOBERNADOR,41615,__BLANCO__,728
t2023_GOBERNADOR,2023,GOBERNADOR,41615,__NO_MARCADOS__,737
t2023_GOBERNADOR,2023,GOBERNADOR,41615,__NULOS__,240
t2023_GOBERNADOR,2023,GOBERNADOR,41660,ALBERTO CASTILLO LOSADA|MOVIMIENTO POLÍTICO COLOMBIA HUMANA,26
t2023_GOBERNADOR,2023,GOBERNADOR,41660,EDWIN RENIER VALENCIA RODRIGUEZ|ES EL MOMENTO DEL HUILA,92
t2023_GOBERNADOR,2023,GOBERNADOR,41660,JESUS MENDEZ ARTUNDUAGA|PARTIDO COLOMBIA RENACIENTE,13
t2023_GOBERNADOR,2023,GOBERNADOR,41660,JUAN CARLOS GONZALEZ MEJIA|PARTIDO ECOLOGISTA COLOMBIANO,9
t2023_GOBERNADOR,2023,GOBERNADOR,41660,"JUAN DE JESUS CARDENAS CHAVEZ|MOVIMIENTO AUTORIDADES INDÍGENAS DE COLOMBIA ""AICO""",0
t2023_GOBERNADOR,2023,GOBERNADOR,41660,PAULINO GALINDO YUSTRES|PACTO HISTORICO COLOMBIA PUEDE,45
t2023_GOBERNADOR,2023,GOBERNADOR,41660,RODRIGO ARMANDO LARA SANCHEZ|CONSTRUYAMOS UN HUILA PARA TODOS,1296
t2023_GOBERNADOR,2023,GOBERNADOR,41660,RODRIGO VILLALBA MOSQUERA|POR UN HUILA GRANDE,4814
t2023_GOBERNADOR,2023,GOBERNADOR,41660,SANDRA MILENA HERNANDEZ RINCON|PARTIDO CONSERVADOR COLOMBIANO,309
t2023_GOBERNADOR,2023,GOBERNADOR,41660,__BLANCO__,228
t2023_GOBERNADOR,2023,GOBERNADOR,41660,__NO_MARCADOS__,851
t2023_GOBERNADOR,2023,GOBERNADOR,41660,__NULOS__,43
t2023_GOBERNADOR,2023,GOBERNADOR,41668,ALBERTO CASTILLO LOSADA|MOVIMIENTO POLÍTICO COLOMBIA HUMANA,75
t2023_GOBERNADOR,2023,GOBERNADOR,41668,EDWIN RENIER VALENCIA RODRIGUEZ|ES EL MOMENTO DEL HUILA,174
t2023_GOBERNADOR,2023,GOBERNADOR,41668,JESUS MENDEZ ARTUNDUAGA|PARTIDO COLOMBIA RENACIENTE,100
t2023_GOBERNADOR,2023,GOBERNADOR,41668,JUAN CARLOS GONZALEZ MEJIA|PARTIDO ECOLOGISTA COLOMBIANO,83
t2023_GOBERNADOR,2023,GOBERNADOR,41668,"JUAN DE JESUS CARDENAS CHAVEZ|MOVIMIENTO AUTORIDADES INDÍGENAS DE COLOMBIA ""AICO""",0
t2023_GOBERNADOR,2023,GOBERNADOR,41668,PAULINO GALINDO YUSTRES|PACTO HISTORICO COLOMBIA PUEDE,258
t2023_GOBERNADOR,2023,GOBERNADOR,41668,RODRIGO ARMANDO LARA SANCHEZ|CONSTRUYAMOS UN HUILA PARA TODOS,3124
t2023_GOBERNADOR,2023,GOBERNADOR,41668,RODRIGO VILLALBA MOSQUERA|POR UN HUILA GRANDE,6581
t2023_GOBERNADOR,2023,GOBERNADOR,41668,SANDRA MILENA HERNANDEZ RINCON|PARTIDO CONSERVADOR COLOMBIANO,1906
t2023_GOBERNADOR,2023,GOBERNADOR,41668,VICTOR HUGO SANTOFIMIO OSORIO|PARTIDO DEMÓCRATA COLOMBIANO,6
t2023_GOBERNADOR,2023,GOBERNADOR,41668,__BLANCO__,1424
t2023_GOBERNADOR,2023,GOBERNADOR,41668,__NO_MARCADOS__,2351
t2023_GOBERNADOR,2023,GOBERNADOR,41668,__NULOS__,263
t2023_GOBERNADOR,2023,GOBERNADOR,41676,ALBERTO CASTILLO LOSADA|MOVIMIENTO POLÍTICO COLOMBIA HUMANA,25
t2023_GOBERNADOR,2023,GOBERNADOR,41676,EDWIN RENIER VALENCIA RODRIGUEZ|ES EL MOMENTO DEL HUILA,87
t2023_GOBERNADOR,2023,GOBERNADOR,41676,JESUS MENDEZ ARTUNDUAGA|PARTIDO COLOMBIA RENACIENTE,9
t2023_GOBERNADOR,2023,GOBERNADOR,41676,JUAN CARLOS GONZALEZ MEJIA|PARTIDO ECOLOGISTA COLOMBIANO,40
t2023_GOBERNADOR,2023,GOBERNADOR,41676,"JUAN DE JESUS CARDENAS CHAVEZ|MOVIMIENTO AUTORIDADES INDÍGENAS DE COLOMBIA ""AICO""",0
t2023_GOBERNADOR,2023,GOBERNADOR,41676,PAULINO GALINDO YUSTRES|PACTO HISTORICO COLOMBIA PUEDE,30
t2023_GOBERNADOR,2023,GOBERNADOR,41676,RODRIGO ARMANDO LARA SANCHEZ|CONSTRUYAMOS UN HUILA PARA TODOS,1988
t2023_GOBERNADOR,2023,GOBERNADOR,41676,RODRIGO VILLALBA MOSQUERA|POR UN HUILA GRANDE,2778
t2023_GOBERNADOR,2023,GOBERNADOR,41676,SANDRA MILENA HERNANDEZ RINCON|PARTIDO CONSERVADOR COLOMBIANO,301
t2023_GOBERNADOR,2023,GOBERNADOR,41676,VICTOR HUGO SANTOFIMIO OSORIO|PARTIDO DEMÓCRATA COLOMBIANO,4
t2023_GOBERNADOR,2023,GOBERNADOR,41676,__BLANCO__,244
t2023_GOBERNADOR,2023,GOBERNADOR,41676,__NO_MARCADOS__,596
t2023_GOBERNADOR,2023,GOBERNADOR,41676,__NULOS__,60
t2023_GOBERNADOR,2023,GOBERNADOR,41770,ALBERTO CASTILLO LOSADA|MOVIMIENTO POLÍTICO COLOMBIA HUMANA,63
t2023_GOBERNADOR,2023,GOBERNADOR,41770,EDWIN RENIER VALENCIA RODRIGUEZ|ES EL MOMENTO DEL HUILA,137
t2023_GOBERNADOR,2023,GOBERNADOR,41770,JESUS MENDEZ ARTUNDUAGA|PARTIDO COLOMBIA RENACIENTE,27
t2023_GOBERNADOR,2023,GOBERNADOR,41770,JUAN CARLOS GONZALEZ MEJIA|PARTIDO ECOLOGISTA COLOMBIANO,87
t2023_GOBERNADOR,2023,GOBERNADOR,41770,"JUAN DE JESUS CARDENAS CHAVEZ|MOVIMIENTO AUTORIDADES INDÍGENAS DE COLOMBIA ""AICO""",0
t2023_GOBERNADOR,2023,GOBERNADOR,41770,PAULINO GALINDO YUSTRES|PACTO HISTORICO COLOMBIA PUEDE,123
t2023_GOBERNADOR,2023,GOBERNADOR,41770,RODRIGO ARMANDO LARA SANCHEZ|CONSTRUYAMOS UN HUILA PARA TODOS,1954
t2023_GOBERNADOR,2023,GOBERNADOR,41770,RODRIGO VILLALBA MOSQUERA|POR UN HUILA GRANDE,5756
t2023_GOBERNADOR,2023,GOBERNADOR,41770,SANDRA MILENA HERNANDEZ RINCON|PARTIDO CONSERVADOR COLOMBIANO,427
t2023_GOBERNADOR,2023,GOBERNADOR,41770,VICTOR HUGO SANTOFIMIO OSORIO|PARTIDO DEMÓCRATA COLOMBIANO,9
t2023_GOBERNADOR,2023,GOBERNADOR,41770,__BLANCO__,681
t2023_GOBERNADOR,2023,GOBERNADOR,41770,__NO_MARCADOS__,1706
t2023_GOBERNADOR,2023,GOBERNADOR,41770,__NULOS__,108
t2023_GOBERNADOR,2023,GOBERNADOR,41791,ALBERTO CASTILLO LOSADA|MOVIMIENTO POLÍTICO COLOMBIA HUMANA,36
t2023_GOBERNADOR,2023,GOBERNADOR,41791,EDWIN RENIER VALENCIA RODRIGUEZ|ES EL MOMENTO DEL HUILA,50
t2023_GOBERNADOR,2023,GOBERNADOR,41791,JESUS MENDEZ ARTUNDUAGA|PARTIDO COLOMBIA RENACIENTE,41
t2023_GOBERNADOR,2023,GOBERNADOR,41791,JUAN CARLOS GONZALEZ MEJIA|PARTIDO ECOLOGISTA COLOMBIANO,36
t2023_GOBERNADOR,2023,GOBERNADOR,41791,"JUAN DE JESUS CARDENAS CHAVEZ|MOVIMIENTO AUTORIDADES INDÍGENAS DE COLOMBIA ""AICO""",0
t2023_GOBERNADOR,2023,GOBERNADOR,41791,PAULINO GALINDO YUSTRES|PACTO HISTORICO COLOMBIA PUEDE,56
t2023_GOBERNADOR,2023,GOBERNADOR,41791,RODRIGO ARMANDO LARA SANCHEZ|CONSTRUYAMOS UN HUILA PARA TODOS,1899
t2023_GOBERNADOR,2023,GOBERNADOR,41791,RODRIGO VILLALBA MOSQUERA|POR UN HUILA GRANDE,5064
t2023_GOBERNADOR,2023,GOBERNADOR,41791,SANDRA MILENA HERNANDEZ RINCON|PARTIDO CONSERVADOR COLOMBIANO,1043
t2023_GOBERNADOR,2023,GOBERNADOR,41791,VICTOR HUGO SANTOFIMIO OSORIO|PARTIDO DEMÓCRATA COLOMBIANO,89
t2023_GOBERNADOR,2023,GOBERNADOR,41791,__BLANCO__,582
t2023_GOBERNADOR,2023,GOBERNADOR,41791,__NO_MARCADOS__,577
t2023_GOBERNADOR,2023,GOBERNADOR,41791,__NULOS__,118
t2023_GOBERNADOR,2023,GOBERNADOR,41797,ALBERTO CASTILLO LOSADA|MOVIMIENTO POLÍTICO COLOMBIA HUMANA,16
t2023_GOBERNADOR,2023,GOBERNADOR,41797,EDWIN RENIER VALENCIA RODRIGUEZ|ES EL MOMENTO DEL HUILA,51
t2023_GOBERNADOR,2023,GOBERNADOR,41797,JESUS MENDEZ ARTUNDUAGA|PARTIDO COLOMBIA RENACIENTE,18
t2023_GOBERNADOR,2023,GOBERNADOR,41797,JUAN CARLOS GONZALEZ MEJIA|PARTIDO ECOLOGISTA COLOMBIANO,41
t2023_GOBERNADOR,2023,GOBERNADOR,41797,"JUAN DE JESUS CARDENAS CHAVEZ|MOVIMIENTO AUTORIDADES INDÍGENAS DE COLOMBIA ""AICO""",0
t2023_GOBERNADOR,2023,GOBERNADOR,41797,PAULINO GALINDO YUSTRES|PACTO HISTORICO COLOMBIA PUEDE,73
t2023_GOBERNADOR,2023,GOBERNADOR,41797,RODRIGO ARMANDO LARA SANCHEZ|CONSTRUYAMOS UN HUILA PARA TODOS,1876
t2023_GOBERNADOR,2023,GOBERNADOR,41797,RODRIGO VILLALBA MOSQUERA|POR UN HUILA GRANDE,2488
t2023_GOBERNADOR,2023,GOBERNADOR,41797,SANDRA MILENA HERNANDEZ RINCON|PARTIDO CONSERVADOR COLOMBIANO,787
t2023_GOBERNADOR,2023,GOBERNADOR,41797,VICTOR HUGO SANTOFIMIO OSORIO|PARTIDO DEMÓCRATA COLOMBIANO,5
t2023_GOBERNADOR,2023,GOBERNADOR,41797,__BLANCO__,330
t2023_GOBERNADOR,2023,GOBERNADOR,41797,__NO_MARCADOS__,395
t2023_GOBERNADOR,2023,GOBERNADOR,41797,__NULOS__,119
t2023_GOBERNADOR,2023,GOBERNADOR,41799,ALBERTO CASTILLO LOSADA|MOVIMIENTO POLÍTICO COLOMBIA HUMANA,26
t2023_GOBERNADOR,2023,GOBERNADOR,41799,EDWIN RENIER VALENCIA RODRIGUEZ|ES EL MOMENTO DEL HUILA,30
t2023_GOBERNADOR,2023,GOBERNADOR,41799,JESUS MENDEZ ARTUNDUAGA|PARTIDO COLOMBIA RENACIENTE,16
t2023_GOBERNADOR,2023,GOBERNADOR,41799,JUAN CARLOS GONZALEZ MEJIA|PARTIDO ECOLOGISTA COLOMBIANO,45
t2023_GOBERNADOR,2023,GOBERNADOR,41799,"JUAN DE JESUS CARDENAS CHAVEZ|MOVIMIENTO AUTORIDADES INDÍGENAS DE COLOMBIA ""AICO""",0
t2023_GOBERNADOR,2023,GOBERNADOR,41799,PAULINO GALINDO YUSTRES|PACTO HISTORICO COLOMBIA PUEDE,67
t2023_GOBERNADOR,2023,GOBERNADOR,41799,RODRIGO ARMANDO LARA SANCHEZ|CONSTRUYAMOS UN HUILA PARA TODOS,1219
t2023_GOBERNADOR,2023,GOBERNADOR,41799,RODRIGO VILLALBA MOSQUERA|POR UN HUILA GRANDE,4992
t2023_GOBERNADOR,2023,GOBERNADOR,41799,SANDRA MILENA HERNANDEZ RINCON|PARTIDO CONSERVADOR COLOMBIANO,126
t2023_GOBERNADOR,2023,GOBERNADOR,41799,VICTOR HUGO SANTOFIMIO OSORIO|PARTIDO DEMÓCRATA COLOMBIANO,8
t2023_GOBERNADOR,2023,GOBERNADOR,41799,__BLANCO__,318
t2023_GOBERNADOR,2023,GOBERNADOR,41799,__NO_MARCADOS__,593
t2023_GOBERNADOR,2023,GOBERNADOR,41799,__NULOS__,74
t2023_GOBERNADOR,2023,GOBERNADOR,41801,ALBERTO CASTILLO LOSADA|MOVIMIENTO POLÍTICO COLOMBIA HUMANA,21
t2023_GOBERNADOR,2023,GOBERNADOR,41801,EDWIN RENIER VALENCIA RODRIGUEZ|ES EL MOMENTO DEL HUILA,22
t2023_GOBERNADOR,2023,GOBERNADOR,41801,JESUS MENDEZ ARTUNDUAGA|PARTIDO COLOMBIA RENACIENTE,8
t2023_GOBERNADOR,2023,GOBERNADOR,41801,JUAN CARLOS GONZALEZ MEJIA|PARTIDO ECOLOGISTA COLOMBIANO,17
t2023_GOBERNADOR,2023,GOBERNADOR,41801,"JUAN DE JESUS CARDENAS CHAVEZ|MOVIMIENTO AUTORIDADES INDÍGENAS DE COLOMBIA ""AICO""",0
t2023_GOBERNADOR,2023,GOBERNADOR,41801,PAULINO GALINDO YUSTRES|PACTO HISTORICO COLOMBIA PUEDE,33
t2023_GOBERNADOR,2023,GOBERNADOR,41801,RODRIGO ARMANDO LARA SANCHEZ|CONSTRUYAMOS UN HUILA PARA TODOS,1346
t2023_GOBERNADOR,2023,GOBERNADOR,41801,RODRIGO VILLALBA MOSQUERA|POR UN HUILA GRANDE,2744
t2023_GOBERNADOR,2023,GOBERNADOR,41801,SANDRA MILENA HERNANDEZ RINCON|PARTIDO CONSERVADOR COLOMBIANO,101
t2023_GOBERNADOR,2023,GOBERNADOR,41801,VICTOR HUGO SANTOFIMIO OSORIO|PARTIDO DEMÓCRATA COLOMBIANO,1
t2023_GOBERNADOR,2023,GOBERNADOR,41801,__BLANCO__,171
t2023_GOBERNADOR,2023,GOBERNADOR,41801,__NO_MARCADOS__,326
t2023_GOBERNADOR,2023,GOBERNADOR,41801,__NULOS__,48
t2023_GOBERNADOR,2023,GOBERNADOR,41807,ALBERTO CASTILLO LOSADA|MOVIMIENTO POLÍTICO COLOMBIA HUMANA,58
t2023_GOBERNADOR,2023,GOBERNADOR,41807,EDWIN RENIER VALENCIA RODRIGUEZ|ES EL MOMENTO DEL HUILA,173
t2023_GOBERNADOR,2023,GOBERNADOR,41807,JESUS MENDEZ ARTUNDUAGA|PARTIDO COLOMBIA RENACIENTE,306
t2023_GOBERNADOR,2023,GOBERNADOR,41807,JUAN CARLOS GONZALEZ MEJIA|PARTIDO ECOLOGISTA COLOMBIANO,54
t2023_GOBERNADOR,2023,GOBERNADOR,41807,PAULINO GALINDO YUSTRES|PACTO HISTORICO COLOMBIA PUEDE,104
t2023_GOBERNADOR,2023,GOBERNADOR,41807,RODRIGO ARMANDO LARA SANCHEZ|CONSTRUYAMOS UN HUILA PARA TODOS,3015
t2023_GOBERNADOR,2023,GOBERNADOR,41807,RODRIGO VILLALBA MOSQUERA|POR UN HUILA GRANDE,3806
t2023_GOBERNADOR,2023,GOBERNADOR,41807,SANDRA MILENA HERNANDEZ RINCON|PARTIDO CONSERVADOR COLOMBIANO,1380
t2023_GOBERNADOR,2023,GOBERNADOR,41807,VICTOR HUGO SANTOFIMIO OSORIO|PARTIDO DEMÓCRATA COLOMBIANO,14
t2023_GOBERNADOR,2023,GOBERNADOR,41807,__BLANCO__,790
t2023_GOBERNADOR,2023,GOBERNADOR,41807,__NO_MARCADOS__,1309
t2023_GOBERNADOR,2023,GOBERNADOR,41807,__NULOS__,189
t2023_GOBERNADOR,2023,GOBERNADOR,41872,ALBERTO CASTILLO LOSADA|MOVIMIENTO POLÍTICO COLOMBIA HUMANA,13
t2023_GOBERNADOR,2023,GOBERNADOR,41872,EDWIN RENIER VALENCIA RODRIGUEZ|ES EL MOMENTO DEL HUILA,26
t2023_GOBERNADOR,2023,GOBERNADOR,41872,JESUS MENDEZ ARTUNDUAGA|PARTIDO COLOMBIA RENACIENTE,13
t2023_GOBERNADOR,2023,GOBERNADOR,41872,JUAN CARLOS GONZALEZ MEJIA|PARTIDO ECOLOGISTA COLOMBIANO,81
t2023_GOBERNADOR,2023,GOBERNADOR,41872,"JUAN DE JESUS CARDENAS CHAVEZ|MOVIMIENTO AUTORIDADES INDÍGENAS DE COLOMBIA ""AICO""",0
t2023_GOBERNADOR,2023,GOBERNADOR,41872,PAULINO GALINDO YUSTRES|PACTO HISTORICO COLOMBIA PUEDE,105
t2023_GOBERNADOR,2023,GOBERNADOR,41872,RODRIGO ARMANDO LARA SANCHEZ|CONSTRUYAMOS UN HUILA PARA TODOS,1253
t2023_GOBERNADOR,2023,GOBERNADOR,41872,RODRIGO VILLALBA MOSQUERA|POR UN HUILA GRANDE,2978
t2023_GOBERNADOR,2023,GOBERNADOR,41872,SANDRA MILENA HERNANDEZ RINCON|PARTIDO CONSERVADOR COLOMBIANO,204
t2023_GOBERNADOR,2023,GOBERNADOR,41872,VICTOR HUGO SANTOFIMIO OSORIO|PARTIDO DEMÓCRATA COLOMBIANO,2
t2023_GOBERNADOR,2023,GOBERNADOR,41872,__BLANCO__,238
t2023_GOBERNADOR,2023,GOBERNADOR,41872,__NO_MARCADOS__,564
t2023_GOBERNADOR,2023,GOBERNADOR,41872,__NULOS__,87
t2023_GOBERNADOR,2023,GOBERNADOR,41885,ALBERTO CASTILLO LOSADA|MOVIMIENTO POLÍTICO COLOMBIA HUMANA,11
t2023_GOBERNADOR,2023,GOBERNADOR,41885,EDWIN RENIER VALENCIA RODRIGUEZ|ES EL MOMENTO DEL HUILA,22
t2023_GOBERNADOR,2023,GOBERNADOR,41885,JESUS MENDEZ ARTUNDUAGA|PARTIDO COLOMBIA RENACIENTE,9
t2023_GOBERNADOR,2023,GOBERNADOR,41885,JUAN CARLOS GONZALEZ MEJIA|PARTIDO ECOLOGISTA COLOMBIANO,11
t2023_GOBERNADOR,2023,GOBERNADOR,41885,"JUAN DE JESUS CARDENAS CHAVEZ|MOVIMIENTO AUTORIDADES INDÍGENAS DE COLOMBIA ""AICO""",0
t2023_GOBERNADOR,2023,GOBERNADOR,41885,PAULINO GALINDO YUSTRES|PACTO HISTORICO COLOMBIA PUEDE,163
t2023_GOBERNADOR,2023,GOBERNADOR,41885,RODRIGO ARMANDO LARA SANCHEZ|CONSTRUYAMOS UN HUILA PARA TODOS,1537
t2023_GOBERNADOR,2023,GOBERNADOR,41885,RODRIGO VILLALBA MOSQUERA|POR UN HUILA GRANDE,1813
t2023_GOBERNADOR,2023,GOBERNADOR,41885,SANDRA MILENA HERNANDEZ RINCON|PARTIDO CONSERVADOR COLOMBIANO,1084
t2023_GOBERNADOR,2023,GOBERNADOR,41885,__BLANCO__,252
t2023_GOBERNADOR,2023,GOBERNADOR,41885,__NO_MARCADOS__,348
t2023_GOBERNADOR,2023,GOBERNADOR,41885,__NULOS__,91
