anio,corporacion,cod_divipola,municipio,cod_partido,partido,cod_candidato,candidato,votos
2023,ALCALDE,41001,NEIVA,00000,,00996,VOTOS EN BLANCO,14801
2023,ALCALDE,41001,NEIVA,00000,,00997,VOTOS NULOS,4794
2023,ALCALDE,41001,NEIVA,00000,,00998,VOTOS NO MARCADOS,5070
2023,ALCALDE,41001,NEIVA,00006,"PARTIDO ALIANZA SOCIAL INDEPENDIENTE ""ASI""",00002,EDINSON AMIN LOSADA PERDOMO,12111
2023,ALCALDE,41001,NEIVA,00019,PARTIDO NUEVO LIBERALISMO,00001,HECTOR JAVIER OSORIO BOTELLO,18556
2023,ALCALDE,41001,NEIVA,00023,PARTIDO LIGA GOBERNANTES ANTICORRUPCIÓN - LIGA,00003,DAGOBERTO MARIN FERNANDEZ,889
2023,ALCALDE,41001,NEIVA,00025,PARTIDO ECOLOGISTA COLOMBIANO,00005,WILMAR ELI CHARRY RUIZ,642
2023,ALCALDE,41001,NEIVA,02360,TRANSFORMEMOS,00004,YILBER LEANDRO SAAVEDRA,12722
2023,ALCALDE,41001,NEIVA,05121,POR LA VIDA EN NEIVA,00006,WILKER ESNEIDER BAUTISTA MACIAS,13176
2023,ALCALDE,41001,NEIVA,06397,ES ENTRE TODOS,00008,JORGE ANDRES GECHEM ARTUNDUAGA,14453
2023,ALCALDE,41001,NEIVA,06971,CHICHO AVANZANDO ANDO,00009,GERMAN DARIO RODRIGUEZ PARRA,12081
2023,ALCALDE,41001,NEIVA,07048,ACCIONES POR NEIVA,00007,GERMAN CASAGUA BONILLA,57058
2023,ALCALDE,41006,ACEVEDO,00000,,00996,VOTOS EN BLANCO,165
2023,ALCALDE,41006,ACEVEDO,00000,,00997,VOTOS NULOS,149
2023,ALCALDE,41006,ACEVEDO,00000,,00998,VOTOS NO MARCADOS,136
2023,ALCALDE,41006,ACEVEDO,00003,PARTIDO CAMBIO RADICAL,00003,NORYI ALEXANDRA AGUDELO ALMARIO,1882
2023,ALCALDE,41006,ACEVEDO,00019,PARTIDO NUEVO LIBERALISMO,00005,JOSE LUCIANO MARTINEZ USECHE,135
2023,ALCALDE,41006,ACEVEDO,00037,MOVIMIENTO POLITICO FUERZA CIUDADANA,00006,LORENZO YUSTRES JOVEN,9
2023,ALCALDE,41006,ACEVEDO,07177,RETOMAR LA CONFIANZA,00002,MIGUEL PATIÑO CHARRY,2082
2023,ALCALDE,41006,ACEVEDO,07555,COALICION PROGRAMATICA Y POLITICA,00001,HILARIA TRIANA OTALORA,4183
2023,ALCALDE,41006,ACEVEDO,07673,CONSTRUYAMOS EL ACEVEDO DE TODOS,00004,EDGAR PRADA STERLING,4950
2023,ALCALDE,41013,AGRADO,00000,,00996,VOTOS EN BLANCO,31
2023,ALCALDE,41013,AGRADO,00000,,00997,VOTOS NULOS,35
2023,ALCALDE,41013,AGRADO,00000,,00998,VOTOS NO MARCADOS,26
2023,ALCALDE,41013,AGRADO,00001,PARTIDO LIBERAL COLOMBIANO,00004,MARIA NELFFY RINCON MENDEZ,2863
2023,ALCALDE,41013,AGRADO,00002,PARTIDO CONSERVADOR COLOMBIANO,00002,WALDINA LOSADA VEGA,2613
2023,ALCALDE,41013,AGRADO,00003,PARTIDO CAMBIO RADICAL,00003,VICTOR JADIR PEREZ MENDEZ,348
2023,ALCALDE,41013,AGRADO,06601,UNIDOS POR EL CAMBIO,00001,JUAN CARLOS CHAVARRO CARVAJAL,117
2023,ALCALDE,41016,AIPE,00000,,00996,VOTOS EN BLANCO,90
2023,ALCALDE,41016,AIPE,00000,,00997,VOTOS NULOS,91
2023,ALCALDE,41016,AIPE,00000,,00998,VOTOS NO MARCADOS,106
2023,ALCALDE,41016,AIPE,00003,PARTIDO CAMBIO RADICAL,00003,LUIS ANGEL RAMIREZ VARGAS,4007
2023,ALCALDE,41016,AIPE,00019,PARTIDO NUEVO LIBERALISMO,00005,JHON JAIRO CHARRY DIAZ,393
2023,ALCALDE,41016,AIPE,00021,PARTIDO VERDE OXÍGENO,00001,DIDIER GUSTAVO RAMIREZ RIOS,168
2023,ALCALDE,41016,AIPE,00028,AGRUPACIÓN POLÍTICA EN MARCHA,00004,MARIA ANGELICA GUTIERREZ BONILLA,3860
2023,ALCALDE,41016,AIPE,01742,GESTION Y OPORTUNIDAD PARA TODOS,00002,JOSE SEVEL CASTRO TOVAR,3094
2023,ALCALDE,41020,ALGECIRAS,00000,,00996,VOTOS EN BLANCO,139
2023,ALCALDE,41020,ALGECIRAS,00000,,00997,VOTOS NULOS,191
2023,ALCALDE,41020,ALGECIRAS,00000,,00998,VOTOS NO MARCADOS,200
2023,ALCALDE,41020,ALGECIRAS,00001,PARTIDO LIBERAL COLOMBIANO,00004,ALEXANDER MARTINEZ BALLESTEROS,5597
2023,ALCALDE,41020,ALGECIRAS,00018,MOVIMIENTO POLÍTICO COLOMBIA HUMANA,00001,PABLO RIOS VERA,435
2023,ALCALDE,41020,ALGECIRAS,00019,PARTIDO NUEVO LIBERALISMO,00002,DANIEL ORLANDO ACOSTA MUÑOZ,33
2023,ALCALDE,41020,ALGECIRAS,05786,ALGECIRAS NOS UNE,00003,JOSE ALEXANDER MORENO CORDOBA,4836
2023,ALCALDE,41026,ALTAMIRA,00000,,00996,VOTOS EN BLANCO,25
2023,ALCALDE,41026,ALTAMIRA,00000,,00997,VOTOS NULOS,15
2023,ALCALDE,41026,ALTAMIRA,00000,,00998,VOTOS NO MARCADOS,15
2023,ALCALDE,41026,ALTAMIRA,00001,PARTIDO LIBERAL COLOMBIANO,00005,YECID RODRIGUEZ TOVAR,1079
2023,ALCALDE,41026,ALTAMIRA,00003,PARTIDO CAMBIO RADICAL,00004,JAVIER ALBERTO PEREZ ROJAS,431
2023,ALCALDE,41026,ALTAMIRA,00015,PARTIDO COLOMBIA RENACIENTE,00001,BERNARDO ANDRES VARGAS TAVERA,162
2023,ALCALDE,41026,ALTAMIRA,00020,MOVIMIENTO SALVACIÓN NACIONAL,00003,SAMUEL SILVA CANO,36
2023,ALCALDE,41026,ALTAMIRA,06047,"PARTIDO DE LA U, PARTIDO LA FUERZA DE LA PAZ Y EL PARTIDO ALIANZA SOCIAL INDEPENDIENTE -ASI",00002,ALFONSO LIZCANO MENDEZ,884
2023,ALCALDE,41078,BARAYA,00000,,00996,VOTOS EN BLANCO,35
2023,ALCALDE,41078,BARAYA,00000,,00997,VOTOS NULOS,30
2023,ALCALDE,41078,BARAYA,00000,,00998,VOTOS NO MARCADOS,44
2023,ALCALDE,41078,BARAYA,00001,PARTIDO LIBERAL COLOMBIANO,00002,HELMUT FALLA OSORIO,7
2023,ALCALDE,41078,BARAYA,00003,PARTIDO CAMBIO RADICAL,00005,LUIS ENRIQUE CARDOSO TOVAR,2080
2023,ALCALDE,41078,BARAYA,00017,PARTIDO POLÍTICO DIGNIDAD & COMPROMISO,00004,EULALIA TAFUR HERRERA,1797
2023,ALCALDE,41078,BARAYA,00018,MOVIMIENTO POLÍTICO COLOMBIA HUMANA,00003,IGNACIO GONZALEZ PERDOMO,29
2023,ALCALDE,41078,BARAYA,00019,PARTIDO NUEVO LIBERALISMO,00001,HECTOR IVAN VILLANEDA MENDEZ,368
2023,ALCALDE,41132,CAMPOALEGRE,00000,,00996,VOTOS EN BLANCO,345
2023,ALCALDE,41132,CAMPOALEGRE,00000,,00997,VOTOS NULOS,394
2023,ALCALDE,41132,CAMPOALEGRE,00000,,00998,VOTOS NO MARCADOS,254
2023,ALCALDE,41132,CAMPOALEGRE,00001,PARTIDO LIBERAL COLOMBIANO,00007,CARLOS ALBERTO CUELLAR MEDINA,3450
2023,ALCALDE,41132,CAMPOALEGRE,00003,PARTIDO CAMBIO RADICAL,00004,ARTURO CULMA MEDINA,984
2023,ALCALDE,41132,CAMPOALEGRE,00009,PARTIDO POLO DEMOCRÁTICO ALTERNATIVO,00010,YONY RODRIGUEZ DIAZ,49
2023,ALCALDE,41132,CAMPOALEGRE,00010,"PARTIDO UNIÓN PATRIÓTICA ""UP""",00002,NIKOL YAIR POLANIA LASSO,8
2023,ALCALDE,41132,CAMPOALEGRE,00016,MOVIMIENTO ALIANZA DEMOCRÁTICA AMPLIA - Res. 2049 de 2021,00003,RODRIGO LIZCANO QUINTERO,3694
2023,ALCALDE,41132,CAMPOALEGRE,00017,PARTIDO POLÍTICO DIGNIDAD & COMPROMISO,00001,EDGAR PUENTES LLANOS,223
2023,ALCALDE,41132,CAMPOALEGRE,00037,MOVIMIENTO POLITICO FUERZA CIUDADANA,00006,ABSALON CALVO TORRES,15
2023,ALCALDE,41132,CAMPOALEGRE,06040,CHATOS,00005,VICTOR RAMON VARGAS SALAZAR,6316
2023,ALCALDE,41132,CAMPOALEGRE,06776,CAMPOALEGRE RENACE,00008,JAMES PARRA DURAN,750
2023,ALCALDE,41132,CAMPOALEGRE,08441,YO AMO CAMPOALEGRE,00009,FRANCY NARDELLY RODRIGUEZ REYES,517
2023,ALCALDE,41206,COLOMBIA,00000,,00996,VOTOS EN BLANCO,28
2023,ALCALDE,41206,COLOMBIA,00000,,00997,VOTOS NULOS,30
2023,ALCALDE,41206,COLOMBIA,00000,,00998,VOTOS NO MARCADOS,63
2023,ALCALDE,41206,COLOMBIA,00001,PARTIDO LIBERAL COLOMBIANO,00001,ARBEY VARGAS MANGUERA,1853
2023,ALCALDE,41206,COLOMBIA,00002,PARTIDO CONSERVADOR COLOMBIANO,00002,CRISTIAN FABIAN RAMIREZ TRIANA,1194
2023,ALCALDE,41206,COLOMBIA,00003,PARTIDO CAMBIO RADICAL,00006,ROBINSON HERNANDEZ MURCIA,781
2023,ALCALDE,41206,COLOMBIA,00004,PARTIDO ALIANZA VERDE,00004,CRISTIAN RONNEY REYES MORALES,35
2023,ALCALDE,41206,COLOMBIA,00018,MOVIMIENTO POLÍTICO COLOMBIA HUMANA,00005,DIEGO FERNANDO GAITAN ARDILA,99
2023,ALCALDE,41206,COLOMBIA,00021,PARTIDO VERDE OXÍGENO,00003,WILLIAMS JAVIER CARDOZO GALINDO,30
2023,ALCALDE,41206,COLOMBIA,08702,PORQUE COLOMBIA ES DE TODOS,00007,DIDIER ARMANDO GUZMAN GONZALEZ,862
2023,ALCALDE,41244,ELÍAS,00000,,00996,VOTOS EN BLANCO,22
2023,ALCALDE,41244,ELÍAS,00000,,00997,VOTOS NULOS,11
2023,ALCALDE,41244,ELÍAS,00000,,00998,VOTOS NO MARCADOS,10
2023,ALCALDE,41244,ELÍAS,00001,PARTIDO LIBERAL COLOMBIANO,00001,HELMAN RICAUTE VARGAS SALAS,2196
2023,ALCALDE,41244,ELÍAS,00006,"PARTIDO ALIANZA SOCIAL INDEPENDIENTE ""ASI""",00003,JORGE ENRIQUE PARRA BERMEO,106
2023,ALCALDE,41244,ELÍAS,00031,INDEPENDIENTES,00002,JESUS ANDRES CUELLAR PARRA,605
2023,ALCALDE,41298,GARZÓN,00000,,00996,VOTOS EN BLANCO,883
2023,ALCALDE,41298,GARZÓN,00000,,00997,VOTOS NULOS,588
2023,ALCALDE,41298,GARZÓN,00000,,00998,VOTOS NO MARCADOS,649
2023,ALCALDE,41298,GARZÓN,00001,PARTIDO LIBERAL COLOMBIANO,00003,FRANCISCO ENRIQUE CALDERON FERIZ,9208
2023,ALCALDE,41298,GARZÓN,00004,PARTIDO ALIANZA VERDE,00007,SANDRA BEATRIZ ALVARADO ROJAS,577
2023,ALCALDE,41298,GARZÓN,00006,"PARTIDO ALIANZA SOCIAL INDEPENDIENTE ""ASI""",00002,SERGIO ANDRES LOSADA CERQUERA,8682
2023,ALCALDE,41298,GARZÓN,00017,PARTIDO POLÍTICO DIGNIDAD & COMPROMISO,00006,LUIS EDUARDO MOSQUERA GARCIA,663
2023,ALCALDE,41298,GARZÓN,00018,MOVIMIENTO POLÍTICO COLOMBIA HUMANA,00009,CRISTINA VASQUEZ ROJAS,707
2023,ALCALDE,41298,GARZÓN,00021,PARTIDO VERDE OXÍGENO,00008,KRISTIAN ALEJANDRO POVEDA CONDE,282
2023,ALCALDE,41298,GARZÓN,00031,INDEPENDIENTES,00001,FREDY ALEXANDER MURCIA TORRES,1242
2023,ALCALDE,41298,GARZÓN,00036,PARTIDO POLÍTICO GENTE EN MOVIMIENTO,00005,MARIO ENRIQUE RIVERA GARZON,3367
2023,ALCALDE,41298,GARZÓN,01355,LIDERAZGO PARA AVANZAR,00010,DIANA LUCIA MONTES CABRERA,3497
2023,ALCALDE,41298,GARZÓN,01444,"RENOVACIÓN ALTERNATIVA CIUDADANA ""RAC""",00004,RODRIGO AMAYA CULMA,4767
2023,ALCALDE,41306,GIGANTE,00000,,00996,VOTOS EN BLANCO,148
2023,ALCALDE,41306,GIGANTE,00000,,00997,VOTOS NULOS,166
2023,ALCALDE,41306,GIGANTE,00000,,00998,VOTOS NO MARCADOS,143
2023,ALCALDE,41306,GIGANTE,00020,MOVIMIENTO SALVACIÓN NACIONAL,00005,GERMAN ARTURO MOJICA GOMEZ,214
2023,ALCALDE,41306,GIGANTE,00031,INDEPENDIENTES,00004,BENJAMIN ANDRES ROMERO SANMIGUEL,2618
2023,ALCALDE,41306,GIGANTE,01352,"!VIVE Y CONSTRUYE GIGANTE, LA CASA DE TODOS!",00007,NESTOR JAVIER CELADA CICERI,3270
2023,ALCALDE,41306,GIGANTE,05215,GIGANTE AMABLE 2033,00003,JOSUE MANRIQUE MURCIA,5628
2023,ALCALDE,41306,GIGANTE,07366,GIGANTE AVANZA,00002,JOSE DAVID MENDEZ MARTINEZ,975
2023,ALCALDE,41306,GIGANTE,08256,COALICION DIGNIDAD Y COMPROMISO GIGANTE,00001,KEVIN DAVID ARRIGUI VARGAS,14
2023,ALCALDE,41306,GIGANTE,08382,PACTO HISTORICO COLOMBIA PUEDE,00006,WILLIAM HERNANDO CALDERON VARGAS,169
2023,ALCALDE,41319,GUADALUPE,00000,,00996,VOTOS EN BLANCO,120
2023,ALCALDE,41319,GUADALUPE,00000,,00997,VOTOS NULOS,101
2023,ALCALDE,41319,GUADALUPE,00000,,00998,VOTOS NO MARCADOS,109
2023,ALCALDE,41319,GUADALUPE,00004,PARTIDO ALIANZA VERDE,00003,DIRLEY LOSADA PROAÑOS,480
2023,ALCALDE,41319,GUADALUPE,00006,"PARTIDO ALIANZA SOCIAL INDEPENDIENTE ""ASI""",00001,ALBERTO TOLEDO RAMOS,3662
2023,ALCALDE,41319,GUADALUPE,00025,PARTIDO ECOLOGISTA COLOMBIANO,00002,ANTONIO SANCHEZ TRUJILLO,235
2023,ALCALDE,41319,GUADALUPE,01267,TODO POR UN GUADALUPE MEJOR,00004,ORLANDO LOSADA GOMEZ,1306
2023,ALCALDE,41319,GUADALUPE,05246,SEMBREMOS EL CAMBIO,00005,OSCAR FERNANDO ESPAÑA ALGECIRA,3011
2023,ALCALDE,41349,HOBO,00000,,00996,VOTOS EN BLANCO,36
2023,ALCALDE,41349,HOBO,00000,,00997,VOTOS NULOS,33
2023,ALCALDE,41349,HOBO,00000,,00998,VOTOS NO MARCADOS,27
2023,ALCALDE,41349,HOBO,00001,PARTIDO LIBERAL COLOMBIANO,00004,ISMAEL MARTINEZ POLANIA,1791
2023,ALCALDE,41349,HOBO,00003,PARTIDO CAMBIO RADICAL,00005,FREDY ANDRADE BETANCUR,198
2023,ALCALDE,41349,HOBO,00008,PARTIDO DE LA UNIÓN POR LA GENTE - PARTIDO DE LA U,00003,JOSE HUMBERTO PASTRANA CHARRY,363
2023,ALCALDE,41349,HOBO,00018,MOVIMIENTO POLÍTICO COLOMBIA HUMANA,00002,MARCO TULIO PEÑA SAENZ,28
2023,ALCALDE,41349,HOBO,00021,PARTIDO VERDE OXÍGENO,00006,YHON ALBER MORA LIZCANO,2047
2023,ALCALDE,41349,HOBO,00035,PARTIDO DEL TRABAJO DE COLOMBIA,00001,JULIE PAULINE SUAREZ QUIMBAYA,8
2023,ALCALDE,41357,ÍQUIRA,00000,,00996,VOTOS EN BLANCO,42
2023,ALCALDE,41357,ÍQUIRA,00000,,00997,VOTOS NULOS,51
2023,ALCALDE,41357,ÍQUIRA,00000,,00998,VOTOS NO MARCADOS,69
2023,ALCALDE,41357,ÍQUIRA,00002,PARTIDO CONSERVADOR COLOMBIANO,00003,ELUZ YANID VARGAS ROA,463
2023,ALCALDE,41357,ÍQUIRA,00012,"MOVIMIENTO ALTERNATIVO INDÍGENA Y SOCIAL ""MAIS""",00005,YILANDER CHANTRE RIASCOS,1409
2023,ALCALDE,41357,ÍQUIRA,00015,PARTIDO COLOMBIA RENACIENTE,00001,JAIME HUMBERTO TORO VALLEJO,1493
2023,ALCALDE,41357,ÍQUIRA,06160,ÍQUIRA MÁS FUTURO,00002,RUBEN DARIO CASTRO ANDRADE,1510
2023,ALCALDE,41357,ÍQUIRA,07124,ES EL MOMENTO DE RECONSTRUIR,00004,DARWIN HERNAN LEIVA GAITAN,650
2023,ALCALDE,41359,ISNOS,00000,,00996,VOTOS EN BLANCO,197
2023,ALCALDE,41359,ISNOS,00000,,00997,VOTOS NULOS,171
2023,ALCALDE,41359,ISNOS,00000,,00998,VOTOS NO MARCADOS,191
2023,ALCALDE,41359,ISNOS,00004,PARTIDO ALIANZA VERDE,00007,JOSE ALFREDO MUÑOZ MUÑOZ,3534
2023,ALCALDE,41359,ISNOS,00005,"MOVIMIENTO AUTORIDADES INDÍGENAS DE COLOMBIA ""AICO""",00009,AYDA NURY PLAZA QUINAYAS,275
2023,ALCALDE,41359,ISNOS,00009,PARTIDO POLO DEMOCRÁTICO ALTERNATIVO,00004,SILVIO CERON SAMBONI,173
2023,ALCALDE,41359,ISNOS,00011,PARTIDO CENTRO DEMOCRÁTICO,00001,RIGOBERTO ROSERO GOMEZ,2053
2023,ALCALDE,41359,ISNOS,00017,PARTIDO POLÍTICO DIGNIDAD & COMPROMISO,00006,YIMI LEODIXON SAMBONI CHILITO,157
2023,ALCALDE,41359,ISNOS,00021,PARTIDO VERDE OXÍGENO,00010,JOAN STEVEN ZUÑIGA PACHECO,73
2023,ALCALDE,41359,ISNOS,00026,PARTIDO POLÍTICO LA FUERZA DE LA PAZ,00005,JHON FREDY REALPE FERNANDEZ,115
2023,ALCALDE,41359,ISNOS,00031,INDEPENDIENTES,00008,MANUEL SEBASTIAN CAICEDO CERON,3215
2023,ALCALDE,41359,ISNOS,00810,COLOMBIA HUMANA-MAIS,00003,WILSON FERNANDO BOLAÑOS CLAROS,2747
2023,ALCALDE,41359,ISNOS,07996,COMPROMETIDOS POR EL DESARROLLO DE ISNOS,00002,JUAN CARLOS TORRES IMBACHI,2264
2023,ALCALDE,41378,LA ARGENTINA,00000,,00996,VOTOS EN BLANCO,125
2023,ALCALDE,41378,LA ARGENTINA,00000,,00997,VOTOS NULOS,46
2023,ALCALDE,41378,LA ARGENTINA,00000,,00998,VOTOS NO MARCADOS,94
2023,ALCALDE,41378,LA ARGENTINA,00001,PARTIDO LIBERAL COLOMBIANO,00002,JHON FAVER SANCHEZ JIMENEZ,2116
2023,ALCALDE,41378,LA ARGENTINA,00017,PARTIDO POLÍTICO DIGNIDAD & COMPROMISO,00004,NESTOR FABIAN BOLAÑOS GARCIA,118
2023,ALCALDE,41378,LA ARGENTINA,01399,PASIÓN POR LA VIDA GESTIÓN POR MI GENTE,00003,JOSE ALBEIRO CHAVEZ IBAGON,2193
2023,ALCALDE,41378,LA ARGENTINA,06311,CONECTADO CON EL PUEBLO,00001,FABIAN ERNESTO RINCON CHAVEZ,3251
2023,ALCALDE,41396,LA PLATA,00000,,00996,VOTOS EN BLANCO,584
2023,ALCALDE,41396,LA PLATA,00000,,00997,VOTOS NULOS,417
2023,ALCALDE,41396,LA PLATA,00000,,00998,VOTOS NO MARCADOS,547
2023,ALCALDE,41396,LA PLATA,00002,PARTIDO CONSERVADOR COLOMBIANO,00004,CAMILO OSPINA MARTINEZ,11772
2023,ALCALDE,41396,LA PLATA,00015,PARTIDO COLOMBIA RENACIENTE,00005,LUIS EMIRO PAJOY TRUJILLO,109
2023,ALCALDE,41396,LA PLATA,00037,MOVIMIENTO POLITICO FUERZA CIUDADANA,00002,JESUS ANTONIO ALVAREZ MORA,102
2023,ALCALDE,41396,LA PLATA,08322,LA TRANSFORMACION ES AHORA,00003,JORGE GARCIA QUIROGA,6147
2023,ALCALDE,41396,LA PLATA,08698,GOBERNEMOS JUNTOS,00001,DIEGO ALEXANDER MOMPOTES BECERRA,6223
2023,ALCALDE,41483,NÁTAGA,00000,,00996,VOTOS EN BLANCO,33
2023,ALCALDE,41483,NÁTAGA,00000,,00997,VOTOS NULOS,34
2023,ALCALDE,41483,NÁTAGA,00000,,00998,VOTOS NO MARCADOS,33
2023,ALCALDE,41483,NÁTAGA,00002,PARTIDO CONSERVADOR COLOMBIANO,00002,LUBIN PAJOY TRUJILLO,487
2023,ALCALDE,41483,NÁTAGA,00003,PARTIDO CAMBIO RADICAL,00004,JOSE ADELMO LIEVANO YUCUMA,1828
2023,ALCALDE,41483,NÁTAGA,00008,PARTIDO DE LA UNIÓN POR LA GENTE - PARTIDO DE LA U,00005,JEISSON FERNANDO CAMPOS LIZCANO,742
2023,ALCALDE,41483,NÁTAGA,00012,"MOVIMIENTO ALTERNATIVO INDÍGENA Y SOCIAL ""MAIS""",00001,MARIO MESA CHINDICUE,329
2023,ALCALDE,41483,NÁTAGA,00019,PARTIDO NUEVO LIBERALISMO,00003,LINA MARCELA ALVAREZ AUDOR,345
2023,ALCALDE,41503,OPORAPA,00000,,00996,VOTOS EN BLANCO,64
2023,ALCALDE,41503,OPORAPA,00000,,00997,VOTOS NULOS,36
2023,ALCALDE,41503,OPORAPA,00000,,00998,VOTOS NO MARCADOS,32
2023,ALCALDE,41503,OPORAPA,00002,PARTIDO CONSERVADOR COLOMBIANO,00002,MARCO ANTONIO MOLINA MAZABEL,3039
2023,ALCALDE,41503,OPORAPA,00004,PARTIDO ALIANZA VERDE,00004,JOAN MANUEL MUÑOZ MOTTA,1020
2023,ALCALDE,41503,OPORAPA,00008,PARTIDO DE LA UNIÓN POR LA GENTE - PARTIDO DE LA U,00001,JOHN FREDY PERDOMO MOLINA,7
2023,ALCALDE,41503,OPORAPA,00016,MOVIMIENTO ALIANZA DEMOCRÁTICA AMPLIA - Res. 2049 de 2021,00006,ROBINSO SANCHEZ MOTTA,359
2023,ALCALDE,41503,OPORAPA,00037,MOVIMIENTO POLITICO FUERZA CIUDADANA,00007,HAROL HUMBERTO HORTA MOTTA,76
2023,ALCALDE,41503,OPORAPA,05065,OPORAPA PARTICIPATIVA,00003,WILMER CASTILLO CRUZ,680
2023,ALCALDE,41503,OPORAPA,07885,COALICION CON VISION DE PROGRESO Y DESARROLLO POR OPORAPA,00005,ALEXANDER CHAVARRO MENDOZA,1401
2023,ALCALDE,41518,PAICOL,00000,,00996,VOTOS EN BLANCO,33
2023,ALCALDE,41518,PAICOL,00000,,00997,VOTOS NULOS,23
2023,ALCALDE,41518,PAICOL,00000,,00998,VOTOS NO MARCADOS,19
2023,ALCALDE,41518,PAICOL,00002,PARTIDO CONSERVADOR COLOMBIANO,00001,ARMANDO CABRERA SALAZAR,850
2023,ALCALDE,41518,PAICOL,00006,"PARTIDO ALIANZA SOCIAL INDEPENDIENTE ""ASI""",00003,JOSE JULIAN PERDOMO CUELLAR,600
2023,ALCALDE,41518,PAICOL,02353,PRIMERO LA GENTE,00004,ANIBAL CHAVARRO CHANTRE,1422
2023,ALCALDE,41518,PAICOL,05297,AHORA SI,00002,ISABEL CUELLAR SERRATO,1210
2023,ALCALDE,41524,PALERMO,00000,,00996,VOTOS EN BLANCO,332
2023,ALCALDE,41524,PALERMO,00000,,00997,VOTOS NULOS,203
2023,ALCALDE,41524,PALERMO,00000,,00998,VOTOS NO MARCADOS,188
2023,ALCALDE,41524,PALERMO,00006,"PARTIDO ALIANZA SOCIAL INDEPENDIENTE ""ASI""",00004,ROBERT CERQUERA LOSADA,2495
2023,ALCALDE,41524,PALERMO,00020,MOVIMIENTO SALVACIÓN NACIONAL,00001,MARIO FERNANDO SAAVEDRA PINZON,1505
2023,ALCALDE,41524,PALERMO,00021,PARTIDO VERDE OXÍGENO,00003,ROGERS ALONSO ROJAS RAMIREZ,145
2023,ALCALDE,41524,PALERMO,00026,PARTIDO POLÍTICO LA FUERZA DE LA PAZ,00006,CARLOS ALFREDO MOSQUERA CORTES,3185
2023,ALCALDE,41524,PALERMO,05357,SALVEMOS PALERMO,00005,KLEYVER LAUREANO OVIEDO FARFAN,6827
2023,ALCALDE,41524,PALERMO,07985,PACTO HISTORICO,00002,JOSE REYNALDO ORTIZ MENDOZA,249
2023,ALCALDE,41530,PALESTINA,00000,,00996,VOTOS EN BLANCO,59
2023,ALCALDE,41530,PALESTINA,00000,,00997,VOTOS NULOS,66
2023,ALCALDE,41530,PALESTINA,00000,,00998,VOTOS NO MARCADOS,54
2023,ALCALDE,41530,PALESTINA,00002,PARTIDO CONSERVADOR COLOMBIANO,00002,NARDY ULE CHAVARRO,1036
2023,ALCALDE,41530,PALESTINA,00017,PARTIDO POLÍTICO DIGNIDAD & COMPROMISO,00003,HUMBERTO ANACONA PALADINES,4
2023,ALCALDE,41530,PALESTINA,00018,MOVIMIENTO POLÍTICO COLOMBIA HUMANA,00005,JUAN JOSE MOTTA QUINTERO,1246
2023,ALCALDE,41530,PALESTINA,00026,PARTIDO POLÍTICO LA FUERZA DE LA PAZ,00006,JAIME NUÑEZ ESCUDERO,48
2023,ALCALDE,41530,PALESTINA,06746,UNIDOS POR EL PROGRESO,00004,LEIDY JOHANA PEREZ COY,2157
2023,ALCALDE,41530,PALESTINA,07535,PALESTINA COMPROMISO DE TODOS,00001,JUAN DIEGO PINEDA RODRIGUEZ,2360
2023,ALCALDE,41548,PITAL,00000,,00996,VOTOS EN BLANCO,42
2023,ALCALDE,41548,PITAL,00000,,00997,VOTOS NULOS,30
2023,ALCALDE,41548,PITAL,00000,,00998,VOTOS NO MARCADOS,45
2023,ALCALDE,41548,PITAL,00002,PARTIDO CONSERVADOR COLOMBIANO,00004,LUIS CARLOS OCAMPO CAMPOS,1159
2023,ALCALDE,41548,PITAL,00003,PARTIDO CAMBIO RADICAL,00002,CARLOS ALBERTO RODRIGUEZ MONTEALEGRE,2101
2023,ALCALDE,41548,PITAL,00015,PARTIDO COLOMBIA RENACIENTE,00005,YUDI LORENA MEDINA GIRALDO,1120
2023,ALCALDE,41548,PITAL,00017,PARTIDO POLÍTICO DIGNIDAD & COMPROMISO,00003,EDWIN FERNANDO PISSO ESCALANTE,252
2023,ALCALDE,41548,PITAL,01373,EL PITAL NOS UNE,00006,CRISTIAN MELO VARGAS,670
2023,ALCALDE,41548,PITAL,06152,COALICION UNIDOS CONSTRUIREMOS UN PITAL MEJOR PARA TODOS,00001,OMAR GAITAN PASCUAS,1989
2023,ALCALDE,41551,PITALITO,00000,,00996,VOTOS EN BLANCO,1952
2023,ALCALDE,41551,PITALITO,00000,,00997,VOTOS NULOS,931
2023,ALCALDE,41551,PITALITO,00000,,00998,VOTOS NO MARCADOS,1243
2023,ALCALDE,41551,PITALITO,00003,PARTIDO CAMBIO RADICAL,00004,YIDER LUNA JOVEN,29298
2023,ALCALDE,41551,PITALITO,00017,PARTIDO POLÍTICO DIGNIDAD & COMPROMISO,00005,JESUS ESCOBAR SERRATO,361
2023,ALCALDE,41551,PITALITO,00019,PARTIDO NUEVO LIBERALISMO,00003,MARIA EUGENIA HERRERA GUTIERREZ,845
2023,ALCALDE,41551,PITALITO,01346,COMPROMETIDOS CON PITALITO,00001,FRANKY ALEXANDER VEGA MURCIA,22887
2023,ALCALDE,41551,PITALITO,06563,COALICION POR UN PITALITO PARA TODOS,00002,SERGIO MAURICIO ZUÑIGA RAMIREZ,239
2023,ALCALDE,41615,RIVERA,00000,,00996,VOTOS EN BLANCO,211
2023,ALCALDE,41615,RIVERA,00000,,00997,VOTOS NULOS,122
2023,ALCALDE,41615,RIVERA,00000,,00998,VOTOS NO MARCADOS,114
2023,ALCALDE,41615,RIVERA,00002,PARTIDO CONSERVADOR COLOMBIANO,00002,NELSON ENRIQUE CASTRO PERDOMO,1409
2023,ALCALDE,41615,RIVERA,00018,MOVIMIENTO POLÍTICO COLOMBIA HUMANA,00003,MANUEL DARIO GUTIERREZ LOSADA,449
2023,ALCALDE,41615,RIVERA,01567,RIVERA PIENSA EN GRANDE,00001,HEDIMERS ANDELSO VIDAL TOVAR,1855
2023,ALCALDE,41615,RIVERA,06162,EN EQUIPO POR RIVERA,00005,LUIS HUMBERTO ALVARADO GUZMAN,5204
2023,ALCALDE,41615,RIVERA,07262,RIVERA SI,00004,JOSE LUIS BAHAMON MONTEALEGRE,4314
2023,ALCALDE,41660,SALADOBLANCO,00000,,00996,VOTOS EN BLANCO,65
2023,ALCALDE,41660,SALADOBLANCO,00000,,00997,VOTOS NULOS,51
2023,ALCALDE,41660,SALADOBLANCO,00000,,00998,VOTOS NO MARCADOS,39
2023,ALCALDE,41660,SALADOBLANCO,00003,PARTIDO CAMBIO RADICAL,00005,HERMENSON ROJAS CLAROS,551
2023,ALCALDE,41660,SALADOBLANCO,00004,PARTIDO ALIANZA VERDE,00004,BARAON JOSE BUITRAGO CHAUX,3376
2023,ALCALDE,41660,SALADOBLANCO,00021,PARTIDO VERDE OXÍGENO,00003,YULDOR PARRA PARRA,10
2023,ALCALDE,41660,SALADOBLANCO,07607,PARTIDO DE LA U-PARTIDO LIBERAL-PARTIDO CONSERVADOR,00002,EDGAR JAVIER BAMBAGUE BARRIOS,3589
2023,ALCALDE,41660,SALADOBLANCO,07863,DE FRENTE CON LA GENTE,00001,EFRAIN SALGADO GARZON,47
2023,ALCALDE,41668,SAN AGUSTÍN,00000,,00996,VOTOS EN BLANCO,234
2023,ALCALDE,41668,SAN AGUSTÍN,00000,,00997,VOTOS NULOS,192
2023,ALCALDE,41668,SAN AGUSTÍN,00000,,00998,VOTOS NO MARCADOS,273
2023,ALCALDE,41668,SAN AGUSTÍN,00001,PARTIDO LIBERAL COLOMBIANO,00001,GERMAN DARIO DELGADO BOLAÑOS,1331
2023,ALCALDE,41668,SAN AGUSTÍN,00004,PARTIDO ALIANZA VERDE,00007,DIEGO FERNANDO FACUNDO,3954
2023,ALCALDE,41668,SAN AGUSTÍN,00009,PARTIDO POLO DEMOCRÁTICO ALTERNATIVO,00002,BERNARDO URBANO BOLAÑOS,260
2023,ALCALDE,41668,SAN AGUSTÍN,00012,"MOVIMIENTO ALTERNATIVO INDÍGENA Y SOCIAL ""MAIS""",00004,WILLIAM ARVEY GOMEZ ORTIZ,2084
2023,ALCALDE,41668,SAN AGUSTÍN,00015,PARTIDO COLOMBIA RENACIENTE,00003,HEBER NEL MUÑOZ YASNO,4731
2023,ALCALDE,41668,SAN AGUSTÍN,00018,MOVIMIENTO POLÍTICO COLOMBIA HUMANA,00008,FENER JULIAN GARCIA,214
2023,ALCALDE,41668,SAN AGUSTÍN,00032,PARTIDO POLÍTICO TODOS SOMOS COLOMBIA,00005,FERNANDO BURBANO SAMBONI,1009
2023,ALCALDE,41668,SAN AGUSTÍN,05034,"RESULTADOS, EXPERIENCIA Y GESTION POR SAN AGUSTIN",00006,EDGAR MARTIN LARA,2110
2023,ALCALDE,41676,SANTA MARÍA,00000,,00996,VOTOS EN BLANCO,49
2023,ALCALDE,41676,SANTA MARÍA,00000,,00997,VOTOS NULOS,26
2023,ALCALDE,41676,SANTA MARÍA,00000,,00998,VOTOS NO MARCADOS,63
2023,ALCALDE,41676,SANTA MARÍA,00006,"PARTIDO ALIANZA SOCIAL INDEPENDIENTE ""ASI""",00003,ALFONSO BORBON GARZON,782
2023,ALCALDE,41676,SANTA MARÍA,01167,CON LA FUERZA DEL PUEBLO,00001,VIANCY CAROLINA GARCIA,3623
2023,ALCALDE,41676,SANTA MARÍA,01250,SANTAMARIA PROGRESA,00002,DIEGO LEANDRO FARFAN GUILLOMBO,1621
2023,ALCALDE,41770,SUAZA,00000,,00996,VOTOS EN BLANCO,86
2023,ALCALDE,41770,SUAZA,00000,,00997,VOTOS NULOS,67
2023,ALCALDE,41770,SUAZA,00000,,00998,VOTOS NO MARCADOS,172
2023,ALCALDE,41770,SUAZA,00008,PARTIDO DE LA UNIÓN POR LA GENTE - PARTIDO DE LA U,00001,JULIO CESAR DUARTE BAUTISTA,4969
2023,ALCALDE,41770,SUAZA,05360,SEGUIREMOS EL CAMBIO,00002,FRANCISCO CUELLAR CALDERON,5878
2023,ALCALDE,41791,TARQUI,00000,,00996,VOTOS EN BLANCO,128
2023,ALCALDE,41791,TARQUI,00000,,00997,VOTOS NULOS,68
2023,ALCALDE,41791,TARQUI,00000,,00998,VOTOS NO MARCADOS,55
2023,ALCALDE,41791,TARQUI,00002,PARTIDO CONSERVADOR COLOMBIANO,00003,EDNA MARGARITA PARRA BUENDIA,2874
2023,ALCALDE,41791,TARQUI,00004,PARTIDO ALIANZA VERDE,00004,CONSTANTINO TRUJILLO HERNANDEZ,612
2023,ALCALDE,41791,TARQUI,00037,MOVIMIENTO POLITICO FUERZA CIUDADANA,00002,DANIEL OCTAVIO TRUJILLO TORRES,241
2023,ALCALDE,41791,TARQUI,05589,COMPROMISO POR TARQUI,00001,VICTOR FELIX TOVAR CHAVARRO,1521
2023,ALCALDE,41791,TARQUI,06582,DE CORAZON POR TARQUI,00005,CARLOS ANTONIO TOLE CALDERON,4100
2023,ALCALDE,41797,TESALIA,00000,,00996,VOTOS EN BLANCO,47
2023,ALCALDE,41797,TESALIA,00000,,00997,VOTOS NULOS,53
2023,ALCALDE,41797,TESALIA,00000,,00998,VOTOS NO MARCADOS,31
2023,ALCALDE,41797,TESALIA,00002,PARTIDO CONSERVADOR COLOMBIANO,00004,ALEXANDER VILLEGAS CASTRO,1791
2023,ALCALDE,41797,TESALIA,00004,PARTIDO ALIANZA VERDE,00003,OLMER GUSTAVO RAMOS CUENCA,2111
2023,ALCALDE,41797,TESALIA,00021,PARTIDO VERDE OXÍGENO,00001,DAIRO YUCO RIVAS,302
2023,ALCALDE,41797,TESALIA,02317,UNIDOS POR TESALIA,00002,ORMALIA VARGAS MONTERO,1859
2023,ALCALDE,41799,TELLO,00000,,00996,VOTOS EN BLANCO,53
2023,ALCALDE,41799,TELLO,00000,,00997,VOTOS NULOS,51
2023,ALCALDE,41799,TELLO,00000,,00998,VOTOS NO MARCADOS,45
2023,ALCALDE,41799,TELLO,00001,PARTIDO LIBERAL COLOMBIANO,00002,JOSE ALFREDO GUTIERREZ VILLARREAL,2812
2023,ALCALDE,41799,TELLO,06417,TELLO MERECE MAS,00001,FERNANDO ALIPIO SOLANO GOMEZ,4577
2023,ALCALDE,41801,TERUEL,00000,,00996,VOTOS EN BLANCO,58
2023,ALCALDE,41801,TERUEL,00000,,00997,VOTOS NULOS,31
2023,ALCALDE,41801,TERUEL,00000,,00998,VOTOS NO MARCADOS,30
2023,ALCALDE,41801,TERUEL,00004,PARTIDO ALIANZA VERDE,00003,ALBERTO CALDERON RAMIREZ,930
2023,ALCALDE,41801,TERUEL,00006,"PARTIDO ALIANZA SOCIAL INDEPENDIENTE ""ASI""",00002,YEISON JAVIER HERRERA LEGUIZAMO,828
2023,ALCALDE,41801,TERUEL,00021,PARTIDO VERDE OXÍGENO,00001,GERMAN MORALES OLIVEROS,2965
2023,ALCALDE,41807,TIMANÁ,00000,,00996,VOTOS EN BLANCO,184
2023,ALCALDE,41807,TIMANÁ,00000,,00997,VOTOS NULOS,116
2023,ALCALDE,41807,TIMANÁ,00000,,00998,VOTOS NO MARCADOS,181
2023,ALCALDE,41807,TIMANÁ,00002,PARTIDO CONSERVADOR COLOMBIANO,00003,NELSON RAMIREZ ALVAREZ,3298
2023,ALCALDE,41807,TIMANÁ,00004,PARTIDO ALIANZA VERDE,00001,EDWIN ANDRES CARDENAS GASCA,3462
2023,ALCALDE,41807,TIMANÁ,00012,"MOVIMIENTO ALTERNATIVO INDÍGENA Y SOCIAL ""MAIS""",00005,WILSON BETHO CALDERON HEREDIA,341
2023,ALCALDE,41807,TIMANÁ,00020,MOVIMIENTO SALVACIÓN NACIONAL,00002,CARLOS ANDRES STERLING CURACA,482
2023,ALCALDE,41807,TIMANÁ,06213,COALICION POR EL PROGRESO,00004,CARLOS DANIEL MAZABEL CORDOBA,2147
2023,ALCALDE,41807,TIMANÁ,07379,ACUERDO DE COALICION POLITICA Y PROGRAMATICA ENTRE EL PARTIDO DE LA U Y EL PARTIDO FUERZA DE LA PAZ,00006,ALEXIS BELTRAN CAMACHO,996
2023,ALCALDE,41872,VILLAVIEJA,00000,,00996,VOTOS EN BLANCO,33
2023,ALCALDE,41872,VILLAVIEJA,00000,,00997,VOTOS NULOS,37
2023,ALCALDE,41872,VILLAVIEJA,00000,,00998,VOTOS NO MARCADOS,27
2023,ALCALDE,41872,VILLAVIEJA,00001,PARTIDO LIBERAL COLOMBIANO,00007,LUIS ALFONSO SANCHEZ LOZANO,1387
2023,ALCALDE,41872,VILLAVIEJA,00002,PARTIDO CONSERVADOR COLOMBIANO,00002,CARLOS ALBERTO CORTES HERNANDEZ,807
2023,ALCALDE,41872,VILLAVIEJA,00008,PARTIDO DE LA UNIÓN POR LA GENTE - PARTIDO DE LA U,00008,YORDAN ARIS PACHECO TONCON,1618
2023,ALCALDE,41872,VILLAVIEJA,00009,PARTIDO POLO DEMOCRÁTICO ALTERNATIVO,00001,LISETH VALDES GARCIA,76
2023,ALCALDE,41872,VILLAVIEJA,00011,PARTIDO CENTRO DEMOCRÁTICO,00010,LIBER BUSTOS CORDOBA,31
2023,ALCALDE,41872,VILLAVIEJA,00015,PARTIDO COLOMBIA RENACIENTE,00003,JOSE OMAR SOACHE HERNANDEZ,2
2023,ALCALDE,41872,VILLAVIEJA,00025,PARTIDO ECOLOGISTA COLOMBIANO,00004,ANDRES FELIPE QUESADA GOMEZ,9
2023,ALCALDE,41872,VILLAVIEJA,00031,INDEPENDIENTES,00009,NELSON AUGUSTO CALDERON CUELLAR,24
2023,ALCALDE,41872,VILLAVIEJA,05992,UN COMPROMISO DE CORAZON,00005,FERNEY ROJAS CHARRY,147
2023,ALCALDE,41872,VILLAVIEJA,08389,VILLAVIEJA TIENE FUTURO,00006,RAUL ARTURO RAMIREZ OLAYA,1375
2023,ALCALDE,41885,YAGUARÁ,00000,,00996,VOTOS EN BLANCO,34
2023,ALCALDE,41885,YAGUARÁ,00000,,00997,VOTOS NULOS,30
2023,ALCALDE,41885,YAGUARÁ,00000,,00998,VOTOS NO MARCADOS,26
2023,ALCALDE,41885,YAGUARÁ,00002,PARTIDO CONSERVADOR COLOMBIANO,00004,NANCY TRUJILLO MONJE,1624
2023,ALCALDE,41885,YAGUARÁ,00018,MOVIMIENTO POLÍTICO COLOMBIA HUMANA,00006,JESUS HERNAN FERNANDEZ MONJE,27
2023,ALCALDE,41885,YAGUARÁ,00019,PARTIDO NUEVO LIBERALISMO,00001,LUIS ERNESTO GARCIA POLANIA,122
2023,ALCALDE,41885,YAGUARÁ,00020,MOVIMIENTO SALVACIÓN NACIONAL,00007,DIEGO EDUARDO CUENCA CABRERA,45
2023,ALCALDE,41885,YAGUARÁ,00036,PARTIDO POLÍTICO GENTE EN MOVIMIENTO,00005,GINA KATHERINE GARCIA RAMIREZ,50
2023,ALCALDE,41885,YAGUARÁ,00037,MOVIMIENTO POLITICO FUERZA CIUDADANA,00002,DIEGO ARMANDO GONZALEZ POLANCO,1163
2023,ALCALDE,41885,YAGUARÁ,06297,YAGUARÁ PARA TODOS,00003,LENIN ALBERTO TRUJILLO GONZALEZ,2257
2023,ASAMBLEA,41001,NEIVA,00000,,00996,VOTOS EN BLANCO,29114
2023,ASAMBLEA,41001,NEIVA,00000,,00997,VOTOS NULOS,7038
2023,ASAMBLEA,41001,NEIVA,00000,,00998,VOTOS NO MARCADOS,11880
2023,ASAMBLEA,41001,NEIVA,00001,PARTIDO LIBERAL COLOMBIANO,00000,PARTIDO LIBERAL COLOMBIANO,1497
2023,ASAMBLEA,41001,NEIVA,00001,PARTIDO LIBERAL COLOMBIANO,00051,ALFADIL ORTIGOZA,6210
2023,ASAMBLEA,41001,NEIVA,00001,PARTIDO LIBERAL COLOMBIANO,00052,MILTON GERARDO CORTES CUELLAR,1438
2023,ASAMBLEA,41001,NEIVA,00001,PARTIDO LIBERAL COLOMBIANO,00053,ORLANDO IBAGON SANCHEZ,3196
2023,ASAMBLEA,41001,NEIVA,00001,PARTIDO LIBERAL COLOMBIANO,00054,RAMIRO ADOLFO MUÑOZ CALDERON,1490
2023,ASAMBLEA,41001,NEIVA,00001,PARTIDO LIBERAL COLOMBIANO,00055,VICTORIA EUGENIA CASTRO SILVA,4056
2023,ASAMBLEA,41001,NEIVA,00001,PARTIDO LIBERAL COLOMBIANO,00056,OSCAR URIEL BRAVO DIAZ,2037
2023,ASAMBLEA,41001,NEIVA,00001,PARTIDO LIBERAL COLOMBIANO,00057,CARLOS EDILSON POSADA MAYA,1953
2023,ASAMBLEA,41001,NEIVA,00001,PARTIDO LIBERAL COLOMBIANO,00058,FABIO ARMANDO ORTIZ REYES,367
2023,ASAMBLEA,41001,NEIVA,00001,PARTIDO LIBERAL COLOMBIANO,00059,CLAUDIA PATRICIA CONDE VILLANEDA,270
2023,ASAMBLEA,41001,NEIVA,00001,PARTIDO LIBERAL COLOMBIANO,00060,ALEIDA SALINAS CAMPOS,620
2023,ASAMBLEA,41001,NEIVA,00001,PARTIDO LIBERAL COLOMBIANO,00061,ARELIS VARGAS ALVAREZ,442
2023,ASAMBLEA,41001,NEIVA,00001,PARTIDO LIBERAL COLOMBIANO,00062,SERGIO ANDRES TRUJILLO PERDOMO,5242
2023,ASAMBLEA,41001,NEIVA,00002,PARTIDO CONSERVADOR COLOMBIANO,00000,PARTIDO CONSERVADOR COLOMBIANO,535
2023,ASAMBLEA,41001,NEIVA,00002,PARTIDO CONSERVADOR COLOMBIANO,00051,OMAR ALVARO ALEXIS DIAZ CUELLAR,4358
2023,ASAMBLEA,41001,NEIVA,00002,PARTIDO CONSERVADOR COLOMBIANO,00052,NELSON JESUS MURCIA OME,548
2023,ASAMBLEA,41001,NEIVA,00002,PARTIDO CONSERVADOR COLOMBIANO,00053,MAURICIO CIFUENTES VELASQUEZ,180
2023,ASAMBLEA,41001,NEIVA,00002,PARTIDO CONSERVADOR COLOMBIANO,00054,NATALIA CASALLAS VANEGAS,143
2023,ASAMBLEA,41001,NEIVA,00002,PARTIDO CONSERVADOR COLOMBIANO,00055,ALENXANDRO SALAZAR LLANOS,1360
2023,ASAMBLEA,41001,NEIVA,00002,PARTIDO CONSERVADOR COLOMBIANO,00056,SILVIO DANIEL VASQUEZ CORONADO,683
2023,ASAMBLEA,41001,NEIVA,00002,PARTIDO CONSERVADOR COLOMBIANO,00057,NORBERTO ANTONIO CASTAÑO BUITRAGO,3996
2023,ASAMBLEA,41001,NEIVA,00002,PARTIDO CONSERVADOR COLOMBIANO,00058,DANIELA CHARRY MOSCOSO,290
2023,ASAMBLEA,41001,NEIVA,00002,PARTIDO CONSERVADOR COLOMBIANO,00059,CIELO ROCIO COLLAZOS CUTIVA,83
2023,ASAMBLEA,41001,NEIVA,00002,PARTIDO CONSERVADOR COLOMBIANO,00060,ANYELO SANDOVAL PEÑA,267
2023,ASAMBLEA,41001,NEIVA,00002,PARTIDO CONSERVADOR COLOMBIANO,00061,PAULA MELISSA TRUJILLO PEDROZA,179
2023,ASAMBLEA,41001,NEIVA,00002,PARTIDO CONSERVADOR COLOMBIANO,00062,WILMER EDUARDO ALVARADO MUÑOZ,2003
2023,ASAMBLEA,41001,NEIVA,00004,PARTIDO ALIANZA VERDE,00000,PARTIDO ALIANZA VERDE,1330
2023,ASAMBLEA,41001,NEIVA,00004,PARTIDO ALIANZA VERDE,00051,DIANA LORENA MONJE ALBARRACIN,4946
2023,ASAMBLEA,41001,NEIVA,00004,PARTIDO ALIANZA VERDE,00052,OSCAR FERNANDO RAMIREZ PRADA,894
2023,ASAMBLEA,41001,NEIVA,00004,PARTIDO ALIANZA VERDE,00053,JUAN CAMILO FORERO CARDENAS,838
2023,ASAMBLEA,41001,NEIVA,00004,PARTIDO ALIANZA VERDE,00054,BLANCA EDITH MEDINA BOTACHE,348
2023,ASAMBLEA,41001,NEIVA,00004,PARTIDO ALIANZA VERDE,00055,VIRGILIO HUERGO GOMEZ,4851
2023,ASAMBLEA,41001,NEIVA,00004,PARTIDO ALIANZA VERDE,00056,OSCAR IVAN LLANOS RODRIGUEZ,704
2023,ASAMBLEA,41001,NEIVA,00004,PARTIDO ALIANZA VERDE,00060,SHIRLEY ROCIO QUINTERO SANCHEZ,397
2023,ASAMBLEA,41001,NEIVA,00004,PARTIDO ALIANZA VERDE,00061,JOSE ARMANDO ACUÑA MOLINA,1766
2023,ASAMBLEA,41001,NEIVA,00004,PARTIDO ALIANZA VERDE,00062,DIEGO FERNANDO PASCUAS ARIAS,2284
2023,ASAMBLEA,41001,NEIVA,07099,HUILA EMPRENDE,00000,HUILA EMPRENDE,441
2023,ASAMBLEA,41001,NEIVA,07099,HUILA EMPRENDE,00051,CARLOS ARLEY STERLING CARDOZO,3424
2023,ASAMBLEA,41001,NEIVA,07099,HUILA EMPRENDE,00052,YERALDYN SAENZ MUÑOZ,247
2023,ASAMBLEA,41001,NEIVA,07099,HUILA EMPRENDE,00053,MICHELL ALEJANDRA GONZALEZ OSPINA,132
2023,ASAMBLEA,41001,NEIVA,07099,HUILA EMPRENDE,00054,CECILIA CUELLAR LEDESMA,105
2023,ASAMBLEA,41001,NEIVA,07099,HUILA EMPRENDE,00055,WILFRED TRUJILLO TRUJILLO,1239
2023,ASAMBLEA,41001,NEIVA,07099,HUILA EMPRENDE,00056,BENSAIR SILVA BERNAL,423
2023,ASAMBLEA,41001,NEIVA,07099,HUILA EMPRENDE,00057,EDGAR BONILLA RAMIREZ,1071
2023,ASAMBLEA,41001,NEIVA,07099,HUILA EMPRENDE,00058,DARBINSON ANDRES GOMEZ CABRERA,1824
2023,ASAMBLEA,41001,NEIVA,07099,HUILA EMPRENDE,00059,DORIAN CORTES CALDERON,83
2023,ASAMBLEA,41001,NEIVA,07099,HUILA EMPRENDE,00060,EDWIN HARVEY BARAJAS HERNANDEZ,737
2023,ASAMBLEA,41001,NEIVA,07099,HUILA EMPRENDE,00061,OCTAVIO CABRERA CANTE,1430
2023,ASAMBLEA,41001,NEIVA,07099,HUILA EMPRENDE,00062,MAIRA JULIETH ORTIZ CRUZ,196
2023,ASAMBLEA,41001,NEIVA,07892,ALMA DEL HUILA,00000,ALMA DEL HUILA,346
2023,ASAMBLEA,41001,NEIVA,07892,ALMA DEL HUILA,00051,JOHN ALEXANDER TRUJILLO NINCO,786
2023,ASAMBLEA,41001,NEIVA,07892,ALMA DEL HUILA,00052,ADAN ROJAS BARRETO,361
2023,ASAMBLEA,41001,NEIVA,07892,ALMA DEL HUILA,00053,WILLIAM GONZALEZ HENAO,217
2023,ASAMBLEA,41001,NEIVA,07892,ALMA DEL HUILA,00054,PEDRO NEL JIMENEZ STERLING,99
2023,ASAMBLEA,41001,NEIVA,07892,ALMA DEL HUILA,00055,YENIFER GOMEZ QUINTERO,135
2023,ASAMBLEA,41001,NEIVA,07892,ALMA DEL HUILA,00056,SINDAY CAMACHO TRUJILLO,168
2023,ASAMBLEA,41001,NEIVA,07892,ALMA DEL HUILA,00057,YILEIDI CUBILLOS HERMIDA,166
2023,ASAMBLEA,41001,NEIVA,07892,ALMA DEL HUILA,00058,KELLY YULIETH CASTAÑEDA GALINDO,69
2023,ASAMBLEA,41001,NEIVA,07892,ALMA DEL HUILA,00059,DANIEL LEONARDO SANZ PERDOMO,684
2023,ASAMBLEA,41001,NEIVA,07892,ALMA DEL HUILA,00060,IVAN ALFREDO CANGREJO TORRES,2605
2023,ASAMBLEA,41001,NEIVA,07892,ALMA DEL HUILA,00061,IVAN CORTES LOSADA,317
2023,ASAMBLEA,41001,NEIVA,07892,ALMA DEL HUILA,00062,OMAR ORTIZ SEPULVEDA,157
2023,ASAMBLEA,41001,NEIVA,08399,COAL. PARTIDO CENTRO DEMOCRATICO Y PARTIDO LIGA,00000,COAL. PARTIDO CENTRO DEMOCRATICO Y PARTIDO LIGA,1322
2023,ASAMBLEA,41001,NEIVA,08399,COAL. PARTIDO CENTRO DEMOCRATICO Y PARTIDO LIGA,00051,TATIANA SOLANO CABALLERO,3144
2023,ASAMBLEA,41001,NEIVA,08399,COAL. PARTIDO CENTRO DEMOCRATICO Y PARTIDO LIGA,00052,CARLOS ANDRES MOLINA OSORIO,625
2023,ASAMBLEA,41001,NEIVA,08399,COAL. PARTIDO CENTRO DEMOCRATICO Y PARTIDO LIGA,00054,FRANKEL HERRERA DUSSAN,301
2023,ASAMBLEA,41001,NEIVA,08399,COAL. PARTIDO CENTRO DEMOCRATICO Y PARTIDO LIGA,00055,TATIANA PATRICIA MENDEZ RAMOS,937
2023,ASAMBLEA,41001,NEIVA,08399,COAL. PARTIDO CENTRO DEMOCRATICO Y PARTIDO LIGA,00056,ANDRES GARCIA MONTEALEGRE,502
2023,ASAMBLEA,41001,NEIVA,08399,COAL. PARTIDO CENTRO DEMOCRATICO Y PARTIDO LIGA,00057,SONIA DEL PILAR CUELLAR CASTRO,857
2023,ASAMBLEA,41001,NEIVA,08399,COAL. PARTIDO CENTRO DEMOCRATICO Y PARTIDO LIGA,00058,JHON HAROL SANCHEZ DELGADO,416
2023,ASAMBLEA,41001,NEIVA,08399,COAL. PARTIDO CENTRO DEMOCRATICO Y PARTIDO LIGA,00059,MISAEL POBLADOR PEREZ,310
2023,ASAMBLEA,41001,NEIVA,08399,COAL. PARTIDO CENTRO DEMOCRATICO Y PARTIDO LIGA,00060,SORLY ARIAS SANCHEZ,328
2023,ASAMBLEA,41001,NEIVA,08399,COAL. PARTIDO CENTRO DEMOCRATICO Y PARTIDO LIGA,00061,JOSE FRANKLIN LOSADA CERQUERA,497
2023,ASAMBLEA,41001,NEIVA,08399,COAL. PARTIDO CENTRO DEMOCRATICO Y PARTIDO LIGA,00062,YANDRY MILENA DIAZ CARVAJAL,682
2023,ASAMBLEA,41001,NEIVA,08404,PACTOHISTORICO,00000,PACTOHISTORICO,2196
2023,ASAMBLEA,41001,NEIVA,08404,PACTOHISTORICO,00051,LUIS EDGAR GUTIERREZ GUTIERREZ,2542
2023,ASAMBLEA,41001,NEIVA,08404,PACTOHISTORICO,00052,LEONARDO VERA YARA,2081
2023,ASAMBLEA,41001,NEIVA,08404,PACTOHISTORICO,00053,JOSE IGNACIO MARROQUIN SANCHEZ,1124
2023,ASAMBLEA,41001,NEIVA,08404,PACTOHISTORICO,00054,LINDA PAOLA MEDINA CHARRY,649
2023,ASAMBLEA,41001,NEIVA,08404,PACTOHISTORICO,00055,JUAN BAUTISTA MORERA MEDINA,1174
2023,ASAMBLEA,41001,NEIVA,08404,PACTOHISTORICO,00056,FRANK YULL FIERRO MAYORGA,1503
2023,ASAMBLEA,41001,NEIVA,08404,PACTOHISTORICO,00057,YESID CAMPOS SOTELO,673
2023,ASAMBLEA,41001,NEIVA,08404,PACTOHISTORICO,00058,MERCEDES SANTOS POLANCO,693
2023,ASAMBLEA,41001,NEIVA,08404,PACTOHISTORICO,00059,MARIA NELLY PULIDO HERNANDEZ,708
2023,ASAMBLEA,41001,NEIVA,08404,PACTOHISTORICO,00060,FRANCISCO ISMAEL OLAYA OLAYA,2421
2023,ASAMBLEA,41001,NEIVA,08404,PACTOHISTORICO,00061,LEIDY TATIANA JAIMES HERNANDEZ,493
2023,ASAMBLEA,41001,NEIVA,08404,PACTOHISTORICO,00062,ROBERTO CARLOS TOMBE TUNUBALA,397
2023,ASAMBLEA,41001,NEIVA,08416,COALICIÓN PARTIDO DE LA U Y PARTIDO POLITICO MIRA,00000,COALICIÓN PARTIDO DE LA U Y PARTIDO POLITICO MIRA,635
2023,ASAMBLEA,41001,NEIVA,08416,COALICIÓN PARTIDO DE LA U Y PARTIDO POLITICO MIRA,00051,JOSE LUIS CHAUX JOVEN,854
2023,ASAMBLEA,41001,NEIVA,08416,COALICIÓN PARTIDO DE LA U Y PARTIDO POLITICO MIRA,00052,TANIA ANDREA NINCO ZUÑIGA,482
2023,ASAMBLEA,41001,NEIVA,08416,COALICIÓN PARTIDO DE LA U Y PARTIDO POLITICO MIRA,00055,LUIS GUILLERMO CARDOZO,405
2023,ASAMBLEA,41001,NEIVA,08416,COALICIÓN PARTIDO DE LA U Y PARTIDO POLITICO MIRA,00056,PATRICIA LUGO AVENDAÑO,184
2023,ASAMBLEA,41001,NEIVA,08416,COALICIÓN PARTIDO DE LA U Y PARTIDO POLITICO MIRA,00059,ALVARO HERNANDO AMAYA VALENCIA,516
2023,ASAMBLEA,41001,NEIVA,08416,COALICIÓN PARTIDO DE LA U Y PARTIDO POLITICO MIRA,00060,GRACE FERNANDA RADA RICO,346
2023,ASAMBLEA,41001,NEIVA,08416,COALICIÓN PARTIDO DE LA U Y PARTIDO POLITICO MIRA,00061,EDISSON ANDRES PALMA CHAVEZ,1867
2023,ASAMBLEA,41001,NEIVA,08416,COALICIÓN PARTIDO DE LA U Y PARTIDO POLITICO MIRA,00062,NESTOR IVAN RODRIGUEZ ANDRADE,5990
2023,ASAMBLEA,41006,ACEVEDO,00000,,00996,VOTOS EN BLANCO,1660
2023,ASAMBLEA,41006,ACEVEDO,00000,,00997,VOTOS NULOS,377
2023,ASAMBLEA,41006,ACEVEDO,00000,,00998,VOTOS NO MARCADOS,3139
2023,ASAMBLEA,41006,ACEVEDO,00001,PARTIDO LIBERAL COLOMBIANO,00000,PARTIDO LIBERAL COLOMBIANO,124
2023,ASAMBLEA,41006,ACEVEDO,00001,PARTIDO LIBERAL COLOMBIANO,00051,ALFADIL ORTIGOZA,193
2023,ASAMBLEA,41006,ACEVEDO,00001,PARTIDO LIBERAL COLOMBIANO,00052,MILTON GERARDO CORTES CUELLAR,48
2023,ASAMBLEA,41006,ACEVEDO,00001,PARTIDO LIBERAL COLOMBIANO,00053,ORLANDO IBAGON SANCHEZ,79
2023,ASAMBLEA,41006,ACEVEDO,00001,PARTIDO LIBERAL COLOMBIANO,00054,RAMIRO ADOLFO MUÑOZ CALDERON,52
2023,ASAMBLEA,41006,ACEVEDO,00001,PARTIDO LIBERAL COLOMBIANO,00055,VICTORIA EUGENIA CASTRO SILVA,130
2023,ASAMBLEA,41006,ACEVEDO,00001,PARTIDO LIBERAL COLOMBIANO,00056,OSCAR URIEL BRAVO DIAZ,231
2023,ASAMBLEA,41006,ACEVEDO,00001,PARTIDO LIBERAL COLOMBIANO,00057,CARLOS EDILSON POSADA MAYA,38
2023,ASAMBLEA,41006,ACEVEDO,00001,PARTIDO LIBERAL COLOMBIANO,00058,FABIO ARMANDO ORTIZ REYES,6
2023,ASAMBLEA,41006,ACEVEDO,00001,PARTIDO LIBERAL COLOMBIANO,00059,CLAUDIA PATRICIA CONDE VILLANEDA,2
2023,ASAMBLEA,41006,ACEVEDO,00001,PARTIDO LIBERAL COLOMBIANO,00060,ALEIDA SALINAS CAMPOS,47
2023,ASAMBLEA,41006,ACEVEDO,00001,PARTIDO LIBERAL COLOMBIANO,00061,ARELIS VARGAS ALVAREZ,24
2023,ASAMBLEA,41006,ACEVEDO,00001,PARTIDO LIBERAL COLOMBIANO,00062,SERGIO ANDRES TRUJILLO PERDOMO,134
2023,ASAMBLEA,41006,ACEVEDO,00002,PARTIDO CONSERVADOR COLOMBIANO,00000,PARTIDO CONSERVADOR COLOMBIANO,139
2023,ASAMBLEA,41006,ACEVEDO,00002,PARTIDO CONSERVADOR COLOMBIANO,00051,OMAR ALVARO ALEXIS DIAZ CUELLAR,154
2023,ASAMBLEA,41006,ACEVEDO,00002,PARTIDO CONSERVADOR COLOMBIANO,00052,NELSON JESUS MURCIA OME,121
2023,ASAMBLEA,41006,ACEVEDO,00002,PARTIDO CONSERVADOR COLOMBIANO,00053,MAURICIO CIFUENTES VELASQUEZ,10
2023,ASAMBLEA,41006,ACEVEDO,00002,PARTIDO CONSERVADOR COLOMBIANO,00054,NATALIA CASALLAS VANEGAS,14
2023,ASAMBLEA,41006,ACEVEDO,00002,PARTIDO CONSERVADOR COLOMBIANO,00055,ALENXANDRO SALAZAR LLANOS,56
2023,ASAMBLEA,41006,ACEVEDO,00002,PARTIDO CONSERVADOR COLOMBIANO,00056,SILVIO DANIEL VASQUEZ CORONADO,67
2023,ASAMBLEA,41006,ACEVEDO,00002,PARTIDO CONSERVADOR COLOMBIANO,00057,NORBERTO ANTONIO CASTAÑO BUITRAGO,49
2023,ASAMBLEA,41006,ACEVEDO,00002,PARTIDO CONSERVADOR COLOMBIANO,00058,DANIELA CHARRY MOSCOSO,12
2023,ASAMBLEA,41006,ACEVEDO,00002,PARTIDO CONSERVADOR COLOMBIANO,00059,CIELO ROCIO COLLAZOS CUTIVA,11
2023,ASAMBLEA,41006,ACEVEDO,00002,PARTIDO CONSERVADOR COLOMBIANO,00060,ANYELO SANDOVAL PEÑA,1861
2023,ASAMBLEA,41006,ACEVEDO,00002,PARTIDO CONSERVADOR COLOMBIANO,00061,PAULA MELISSA TRUJILLO PEDROZA,45
2023,ASAMBLEA,41006,ACEVEDO,00002,PARTIDO CONSERVADOR COLOMBIANO,00062,WILMER EDUARDO ALVARADO MUÑOZ,36
2023,ASAMBLEA,41006,ACEVEDO,00004,PARTIDO ALIANZA VERDE,00000,PARTIDO ALIANZA VERDE,186
2023,ASAMBLEA,41006,ACEVEDO,00004,PARTIDO ALIANZA VERDE,00051,DIANA LORENA MONJE ALBARRACIN,145
2023,ASAMBLEA,41006,ACEVEDO,00004,PARTIDO ALIANZA VERDE,00052,OSCAR FERNANDO RAMIREZ PRADA,46
2023,ASAMBLEA,41006,ACEVEDO,00004,PARTIDO ALIANZA VERDE,00053,JUAN CAMILO FORERO CARDENAS,55
2023,ASAMBLEA,41006,ACEVEDO,00004,PARTIDO ALIANZA VERDE,00054,BLANCA EDITH MEDINA BOTACHE,27
2023,ASAMBLEA,41006,ACEVEDO,00004,PARTIDO ALIANZA VERDE,00055,VIRGILIO HUERGO GOMEZ,171
2023,ASAMBLEA,41006,ACEVEDO,00004,PARTIDO ALIANZA VERDE,00056,OSCAR IVAN LLANOS RODRIGUEZ,47
2023,ASAMBLEA,41006,ACEVEDO,00004,PARTIDO ALIANZA VERDE,00060,SHIRLEY ROCIO QUINTERO SANCHEZ,93
2023,ASAMBLEA,41006,ACEVEDO,00004,PARTIDO ALIANZA VERDE,00061,JOSE ARMANDO ACUÑA MOLINA,714
2023,ASAMBLEA,41006,ACEVEDO,00004,PARTIDO ALIANZA VERDE,00062,DIEGO FERNANDO PASCUAS ARIAS,66
2023,ASAMBLEA,41006,ACEVEDO,07099,HUILA EMPRENDE,00000,HUILA EMPRENDE,58
2023,ASAMBLEA,41006,ACEVEDO,07099,HUILA EMPRENDE,00051,CARLOS ARLEY STERLING CARDOZO,219
2023,ASAMBLEA,41006,ACEVEDO,07099,HUILA EMPRENDE,00052,YERALDYN SAENZ MUÑOZ,25
2023,ASAMBLEA,41006,ACEVEDO,07099,HUILA EMPRENDE,00053,MICHELL ALEJANDRA GONZALEZ OSPINA,20
2023,ASAMBLEA,41006,ACEVEDO,07099,HUILA EMPRENDE,00054,CECILIA CUELLAR LEDESMA,15
2023,ASAMBLEA,41006,ACEVEDO,07099,HUILA EMPRENDE,00055,WILFRED TRUJILLO TRUJILLO,238
2023,ASAMBLEA,41006,ACEVEDO,07099,HUILA EMPRENDE,00056,BENSAIR SILVA BERNAL,33
2023,ASAMBLEA,41006,ACEVEDO,07099,HUILA EMPRENDE,00057,EDGAR BONILLA RAMIREZ,268
2023,ASAMBLEA,41006,ACEVEDO,07099,HUILA EMPRENDE,00058,DARBINSON ANDRES GOMEZ CABRERA,7
2023,ASAMBLEA,41006,ACEVEDO,07099,HUILA EMPRENDE,00059,DORIAN CORTES CALDERON,3
2023,ASAMBLEA,41006,ACEVEDO,07099,HUILA EMPRENDE,00060,EDWIN HARVEY BARAJAS HERNANDEZ,47
2023,ASAMBLEA,41006,ACEVEDO,07099,HUILA EMPRENDE,00061,OCTAVIO CABRERA CANTE,54
2023,ASAMBLEA,41006,ACEVEDO,07099,HUILA EMPRENDE,00062,MAIRA JULIETH ORTIZ CRUZ,11
2023,ASAMBLEA,41006,ACEVEDO,07892,ALMA DEL HUILA,00000,ALMA DEL HUILA,24
2023,ASAMBLEA,41006,ACEVEDO,07892,ALMA DEL HUILA,00051,JOHN ALEXANDER TRUJILLO NINCO,18
2023,ASAMBLEA,41006,ACEVEDO,07892,ALMA DEL HUILA,00052,ADAN ROJAS BARRETO,15
2023,ASAMBLEA,41006,ACEVEDO,07892,ALMA DEL HUILA,00053,WILLIAM GONZALEZ HENAO,87
2023,ASAMBLEA,41006,ACEVEDO,07892,ALMA DEL HUILA,00054,PEDRO NEL JIMENEZ STERLING,7
2023,ASAMBLEA,41006,ACEVEDO,07892,ALMA DEL HUILA,00055,YENIFER GOMEZ QUINTERO,16
2023,ASAMBLEA,41006,ACEVEDO,07892,ALMA DEL HUILA,00056,SINDAY CAMACHO TRUJILLO,19
2023,ASAMBLEA,41006,ACEVEDO,07892,ALMA DEL HUILA,00057,YILEIDI CUBILLOS HERMIDA,8
2023,ASAMBLEA,41006,ACEVEDO,07892,ALMA DEL HUILA,00058,KELLY YULIETH CASTAÑEDA GALINDO,6
2023,ASAMBLEA,41006,ACEVEDO,07892,ALMA DEL HUILA,00059,DANIEL LEONARDO SANZ PERDOMO,24
2023,ASAMBLEA,41006,ACEVEDO,07892,ALMA DEL HUILA,00060,IVAN ALFREDO CANGREJO TORRES,32
2023,ASAMBLEA,41006,ACEVEDO,07892,ALMA DEL HUILA,00061,IVAN CORTES LOSADA,6
2023,ASAMBLEA,41006,ACEVEDO,07892,ALMA DEL HUILA,00062,OMAR ORTIZ SEPULVEDA,15
2023,ASAMBLEA,41006,ACEVEDO,08399,COAL. PARTIDO CENTRO DEMOCRATICO Y PARTIDO LIGA,00000,COAL. PARTIDO CENTRO DEMOCRATICO Y PARTIDO LIGA,110
2023,ASAMBLEA,41006,ACEVEDO,08399,COAL. PARTIDO CENTRO DEMOCRATICO Y PARTIDO LIGA,00051,TATIANA SOLANO CABALLERO,88
2023,ASAMBLEA,41006,ACEVEDO,08399,COAL. PARTIDO CENTRO DEMOCRATICO Y PARTIDO LIGA,00052,CARLOS ANDRES MOLINA OSORIO,42
2023,ASAMBLEA,41006,ACEVEDO,08399,COAL. PARTIDO CENTRO DEMOCRATICO Y PARTIDO LIGA,00054,FRANKEL HERRERA DUSSAN,12
2023,ASAMBLEA,41006,ACEVEDO,08399,COAL. PARTIDO CENTRO DEMOCRATICO Y PARTIDO LIGA,00055,TATIANA PATRICIA MENDEZ RAMOS,164
2023,ASAMBLEA,41006,ACEVEDO,08399,COAL. PARTIDO CENTRO DEMOCRATICO Y PARTIDO LIGA,00056,ANDRES GARCIA MONTEALEGRE,47
2023,ASAMBLEA,41006,ACEVEDO,08399,COAL. PARTIDO CENTRO DEMOCRATICO Y PARTIDO LIGA,00057,SONIA DEL PILAR CUELLAR CASTRO,106
2023,ASAMBLEA,41006,ACEVEDO,08399,COAL. PARTIDO CENTRO DEMOCRATICO Y PARTIDO LIGA,00058,JHON HAROL SANCHEZ DELGADO,16
2023,ASAMBLEA,41006,ACEVEDO,08399,COAL. PARTIDO CENTRO DEMOCRATICO Y PARTIDO LIGA,00059,MISAEL POBLADOR PEREZ,5
2023,ASAMBLEA,41006,ACEVEDO,08399,COAL. PARTIDO CENTRO DEMOCRATICO Y PARTIDO LIGA,00060,SORLY ARIAS SANCHEZ,34
2023,ASAMBLEA,41006,ACEVEDO,08399,COAL. PARTIDO CENTRO DEMOCRATICO Y PARTIDO LIGA,00061,JOSE FRANKLIN LOSADA CERQUERA,19
2023,ASAMBLEA,41006,ACEVEDO,08399,COAL. PARTIDO CENTRO DEMOCRATICO Y PARTIDO LIGA,00062,YANDRY MILENA DIAZ CARVAJAL,29
2023,ASAMBLEA,41006,ACEVEDO,08404,PACTOHISTORICO,00000,PACTOHISTORICO,37
2023,ASAMBLEA,41006,ACEVEDO,08404,PACTOHISTORICO,00051,LUIS EDGAR GUTIERREZ GUTIERREZ,48
2023,ASAMBLEA,41006,ACEVEDO,08404,PACTOHISTORICO,00052,LEONARDO VERA YARA,25
2023,ASAMBLEA,41006,ACEVEDO,08404,PACTOHISTORICO,00053,JOSE IGNACIO MARROQUIN SANCHEZ,130
2023,ASAMBLEA,41006,ACEVEDO,08404,PACTOHISTORICO,00054,LINDA PAOLA MEDINA CHARRY,11
2023,ASAMBLEA,41006,ACEVEDO,08404,PACTOHISTORICO,00055,JUAN BAUTISTA MORERA MEDINA,21
2023,ASAMBLEA,41006,ACEVEDO,08404,PACTOHISTORICO,00056,FRANK YULL FIERRO MAYORGA,23
2023,ASAMBLEA,41006,ACEVEDO,08404,PACTOHISTORICO,00057,YESID CAMPOS SOTELO,11
2023,ASAMBLEA,41006,ACEVEDO,08404,PACTOHISTORICO,00058,MERCEDES SANTOS POLANCO,4
2023,ASAMBLEA,41006,ACEVEDO,08404,PACTOHISTORICO,00059,MARIA NELLY PULIDO HERNANDEZ,55
2023,ASAMBLEA,41006,ACEVEDO,08404,PACTOHISTORICO,00060,FRANCISCO ISMAEL OLAYA OLAYA,21
2023,ASAMBLEA,41006,ACEVEDO,08404,PACTOHISTORICO,00061,LEIDY TATIANA JAIMES HERNANDEZ,17
2023,ASAMBLEA,41006,ACEVEDO,08404,PACTOHISTORICO,00062,ROBERTO CARLOS TOMBE TUNUBALA,43
2023,ASAMBLEA,41006,ACEVEDO,08416,COALICIÓN PARTIDO DE LA U Y PARTIDO POLITICO MIRA,00000,COALICIÓN PARTIDO DE LA U Y PARTIDO POLITICO MIRA,34
2023,ASAMBLEA,41006,ACEVEDO,08416,COALICIÓN PARTIDO DE LA U Y PARTIDO POLITICO MIRA,00051,JOSE LUIS CHAUX JOVEN,25
2023,ASAMBLEA,41006,ACEVEDO,08416,COALICIÓN PARTIDO DE LA U Y PARTIDO POLITICO MIRA,00052,TANIA ANDREA NINCO ZUÑIGA,19
2023,ASAMBLEA,41006,ACEVEDO,08416,COALICIÓN PARTIDO DE LA U Y PARTIDO POLITICO MIRA,00055,LUIS GUILLERMO CARDOZO,10
2023,ASAMBLEA,41006,ACEVEDO,08416,COALICIÓN PARTIDO DE LA U Y PARTIDO POLITICO MIRA,00056,PATRICIA LUGO AVENDAÑO,12
2023,ASAMBLEA,41006,ACEVEDO,08416,COALICIÓN PARTIDO DE LA U Y PARTIDO POLITICO MIRA,00059,ALVARO HERNANDO AMAYA VALENCIA,6
2023,ASAMBLEA,41006,ACEVEDO,08416,COALICIÓN PARTIDO DE LA U Y PARTIDO POLITICO MIRA,00060,GRACE FERNANDA RADA RICO,373
2023,ASAMBLEA,41006,ACEVEDO,08416,COALICIÓN PARTIDO DE LA U Y PARTIDO POLITICO MIRA,00061,EDISSON ANDRES PALMA CHAVEZ,148
2023,ASAMBLEA,41006,ACEVEDO,08416,COALICIÓN PARTIDO DE LA U Y PARTIDO POLITICO MIRA,00062,NESTOR IVAN RODRIGUEZ ANDRADE,232
2023,ASAMBLEA,41013,AGRADO,00000,,00996,VOTOS EN BLANCO,541
2023,ASAMBLEA,41013,AGRADO,00000,,00997,VOTOS NULOS,164
2023,ASAMBLEA,41013,AGRADO,00000,,00998,VOTOS NO MARCADOS,939
2023,ASAMBLEA,41013,AGRADO,00001,PARTIDO LIBERAL COLOMBIANO,00000,PARTIDO LIBERAL COLOMBIANO,123
2023,ASAMBLEA,41013,AGRADO,00001,PARTIDO LIBERAL COLOMBIANO,00051,ALFADIL ORTIGOZA,239
2023,ASAMBLEA,41013,AGRADO,00001,PARTIDO LIBERAL COLOMBIANO,00052,MILTON GERARDO CORTES CUELLAR,76
2023,ASAMBLEA,41013,AGRADO,00001,PARTIDO LIBERAL COLOMBIANO,00053,ORLANDO IBAGON SANCHEZ,20
2023,ASAMBLEA,41013,AGRADO,00001,PARTIDO LIBERAL COLOMBIANO,00054,RAMIRO ADOLFO MUÑOZ CALDERON,17
2023,ASAMBLEA,41013,AGRADO,00001,PARTIDO LIBERAL COLOMBIANO,00055,VICTORIA EUGENIA CASTRO SILVA,141
2023,ASAMBLEA,41013,AGRADO,00001,PARTIDO LIBERAL COLOMBIANO,00056,OSCAR URIEL BRAVO DIAZ,207
2023,ASAMBLEA,41013,AGRADO,00001,PARTIDO LIBERAL COLOMBIANO,00057,CARLOS EDILSON POSADA MAYA,62
2023,ASAMBLEA,41013,AGRADO,00001,PARTIDO LIBERAL COLOMBIANO,00058,FABIO ARMANDO ORTIZ REYES,28
2023,ASAMBLEA,41013,AGRADO,00001,PARTIDO LIBERAL COLOMBIANO,00059,CLAUDIA PATRICIA CONDE VILLANEDA,19
2023,ASAMBLEA,41013,AGRADO,00001,PARTIDO LIBERAL COLOMBIANO,00060,ALEIDA SALINAS CAMPOS,14
2023,ASAMBLEA,41013,AGRADO,00001,PARTIDO LIBERAL COLOMBIANO,00061,ARELIS VARGAS ALVAREZ,20
2023,ASAMBLEA,41013,AGRADO,00001,PARTIDO LIBERAL COLOMBIANO,00062,SERGIO ANDRES TRUJILLO PERDOMO,426
2023,ASAMBLEA,41013,AGRADO,00002,PARTIDO CONSERVADOR COLOMBIANO,00000,PARTIDO CONSERVADOR COLOMBIANO,75
2023,ASAMBLEA,41013,AGRADO,00002,PARTIDO CONSERVADOR COLOMBIANO,00051,OMAR ALVARO ALEXIS DIAZ CUELLAR,235
2023,ASAMBLEA,41013,AGRADO,00002,PARTIDO CONSERVADOR COLOMBIANO,00052,NELSON JESUS MURCIA OME,97
2023,ASAMBLEA,41013,AGRADO,00002,PARTIDO CONSERVADOR COLOMBIANO,00053,MAURICIO CIFUENTES VELASQUEZ,15
2023,ASAMBLEA,41013,AGRADO,00002,PARTIDO CONSERVADOR COLOMBIANO,00054,NATALIA CASALLAS VANEGAS,9
2023,ASAMBLEA,41013,AGRADO,00002,PARTIDO CONSERVADOR COLOMBIANO,00055,ALENXANDRO SALAZAR LLANOS,24
2023,ASAMBLEA,41013,AGRADO,00002,PARTIDO CONSERVADOR COLOMBIANO,00056,SILVIO DANIEL VASQUEZ CORONADO,74
2023,ASAMBLEA,41013,AGRADO,00002,PARTIDO CONSERVADOR COLOMBIANO,00057,NORBERTO ANTONIO CASTAÑO BUITRAGO,30
2023,ASAMBLEA,41013,AGRADO,00002,PARTIDO CONSERVADOR COLOMBIANO,00058,DANIELA CHARRY MOSCOSO,10
2023,ASAMBLEA,41013,AGRADO,00002,PARTIDO CONSERVADOR COLOMBIANO,00059,CIELO ROCIO COLLAZOS CUTIVA,11
2023,ASAMBLEA,41013,AGRADO,00002,PARTIDO CONSERVADOR COLOMBIANO,00060,ANYELO SANDOVAL PEÑA,37
2023,ASAMBLEA,41013,AGRADO,00002,PARTIDO CONSERVADOR COLOMBIANO,00061,PAULA MELISSA TRUJILLO PEDROZA,30
2023,ASAMBLEA,41013,AGRADO,00002,PARTIDO CONSERVADOR COLOMBIANO,00062,WILMER EDUARDO ALVARADO MUÑOZ,699
2023,ASAMBLEA,41013,AGRADO,00004,PARTIDO ALIANZA VERDE,00000,PARTIDO ALIANZA VERDE,23
2023,ASAMBLEA,41013,AGRADO,00004,PARTIDO ALIANZA VERDE,00051,DIANA LORENA MONJE ALBARRACIN,139
2023,ASAMBLEA,41013,AGRADO,00004,PARTIDO ALIANZA VERDE,00052,OSCAR FERNANDO RAMIREZ PRADA,17
2023,ASAMBLEA,41013,AGRADO,00004,PARTIDO ALIANZA VERDE,00053,JUAN CAMILO FORERO CARDENAS,48
2023,ASAMBLEA,41013,AGRADO,00004,PARTIDO ALIANZA VERDE,00054,BLANCA EDITH MEDINA BOTACHE,2
2023,ASAMBLEA,41013,AGRADO,00004,PARTIDO ALIANZA VERDE,00055,VIRGILIO HUERGO GOMEZ,47
2023,ASAMBLEA,41013,AGRADO,00004,PARTIDO ALIANZA VERDE,00056,OSCAR IVAN LLANOS RODRIGUEZ,27
2023,ASAMBLEA,41013,AGRADO,00004,PARTIDO ALIANZA VERDE,00060,SHIRLEY ROCIO QUINTERO SANCHEZ,10
2023,ASAMBLEA,41013,AGRADO,00004,PARTIDO ALIANZA VERDE,00061,JOSE ARMANDO ACUÑA MOLINA,161
2023,ASAMBLEA,41013,AGRADO,00004,PARTIDO ALIANZA VERDE,00062,DIEGO FERNANDO PASCUAS ARIAS,29
2023,ASAMBLEA,41013,AGRADO,07099,HUILA EMPRENDE,00000,HUILA EMPRENDE,5
2023,ASAMBLEA,41013,AGRADO,07099,HUILA EMPRENDE,00051,CARLOS ARLEY STERLING CARDOZO,43
2023,ASAMBLEA,41013,AGRADO,07099,HUILA EMPRENDE,00052,YERALDYN SAENZ MUÑOZ,9
2023,ASAMBLEA,41013,AGRADO,07099,HUILA EMPRENDE,00053,MICHELL ALEJANDRA GONZALEZ OSPINA,1
2023,ASAMBLEA,41013,AGRADO,07099,HUILA EMPRENDE,00054,CECILIA CUELLAR LEDESMA,3
2023,ASAMBLEA,41013,AGRADO,07099,HUILA EMPRENDE,00055,WILFRED TRUJILLO TRUJILLO,59
2023,ASAMBLEA,41013,AGRADO,07099,HUILA EMPRENDE,00056,BENSAIR SILVA BERNAL,9
2023,ASAMBLEA,41013,AGRADO,07099,HUILA EMPRENDE,00057,EDGAR BONILLA RAMIREZ,165
2023,ASAMBLEA,41013,AGRADO,07099,HUILA EMPRENDE,00058,DARBINSON ANDRES GOMEZ CABRERA,28
2023,ASAMBLEA,41013,AGRADO,07099,HUILA EMPRENDE,00059,DORIAN CORTES CALDERON,5
2023,ASAMBLEA,41013,AGRADO,07099,HUILA EMPRENDE,00060,EDWIN HARVEY BARAJAS HERNANDEZ,67
2023,ASAMBLEA,41013,AGRADO,07099,HUILA EMPRENDE,00061,OCTAVIO CABRERA CANTE,10
2023,ASAMBLEA,41013,AGRADO,07099,HUILA EMPRENDE,00062,MAIRA JULIETH ORTIZ CRUZ,13
2023,ASAMBLEA,41013,AGRADO,07892,ALMA DEL HUILA,00000,ALMA DEL HUILA,4
2023,ASAMBLEA,41013,AGRADO,07892,ALMA DEL HUILA,00051,JOHN ALEXANDER TRUJILLO NINCO,1
2023,ASAMBLEA,41013,AGRADO,07892,ALMA DEL HUILA,00052,ADAN ROJAS BARRETO,4
2023,ASAMBLEA,41013,AGRADO,07892,ALMA DEL HUILA,00054,PEDRO NEL JIMENEZ STERLING,1
2023,ASAMBLEA,41013,AGRADO,07892,ALMA DEL HUILA,00056,SINDAY CAMACHO TRUJILLO,1
2023,ASAMBLEA,41013,AGRADO,07892,ALMA DEL HUILA,00057,YILEIDI CUBILLOS HERMIDA,1
2023,ASAMBLEA,41013,AGRADO,07892,ALMA DEL HUILA,00058,KELLY YULIETH CASTAÑEDA GALINDO,2
2023,ASAMBLEA,41013,AGRADO,07892,ALMA DEL HUILA,00059,DANIEL LEONARDO SANZ PERDOMO,4
2023,ASAMBLEA,41013,AGRADO,07892,ALMA DEL HUILA,00060,IVAN ALFREDO CANGREJO TORRES,10
2023,ASAMBLEA,41013,AGRADO,07892,ALMA DEL HUILA,00061,IVAN CORTES LOSADA,1
2023,ASAMBLEA,41013,AGRADO,07892,ALMA DEL HUILA,00062,OMAR ORTIZ SEPULVEDA,2
2023,ASAMBLEA,41013,AGRADO,08399,COAL. PARTIDO CENTRO DEMOCRATICO Y PARTIDO LIGA,00000,COAL. PARTIDO CENTRO DEMOCRATICO Y PARTIDO LIGA,13
2023,ASAMBLEA,41013,AGRADO,08399,COAL. PARTIDO CENTRO DEMOCRATICO Y PARTIDO LIGA,00051,TATIANA SOLANO CABALLERO,21
2023,ASAMBLEA,41013,AGRADO,08399,COAL. PARTIDO CENTRO DEMOCRATICO Y PARTIDO LIGA,00052,CARLOS ANDRES MOLINA OSORIO,9
2023,ASAMBLEA,41013,AGRADO,08399,COAL. PARTIDO CENTRO DEMOCRATICO Y PARTIDO LIGA,00054,FRANKEL HERRERA DUSSAN,1
2023,ASAMBLEA,41013,AGRADO,08399,COAL. PARTIDO CENTRO DEMOCRATICO Y PARTIDO LIGA,00055,TATIANA PATRICIA MENDEZ RAMOS,20
2023,ASAMBLEA,41013,AGRADO,08399,COAL. PARTIDO CENTRO DEMOCRATICO Y PARTIDO LIGA,00056,ANDRES GARCIA MONTEALEGRE,15
2023,ASAMBLEA,41013,AGRADO,08399,COAL. PARTIDO CENTRO DEMOCRATICO Y PARTIDO LIGA,00057,SONIA DEL PILAR CUELLAR CASTRO,12
2023,ASAMBLEA,41013,AGRADO,08399,COAL. PARTIDO CENTRO DEMOCRATICO Y PARTIDO LIGA,00058,JHON HAROL SANCHEZ DELGADO,3
2023,ASAMBLEA,41013,AGRADO,08399,COAL. PARTIDO CENTRO DEMOCRATICO Y PARTIDO LIGA,00059,MISAEL POBLADOR PEREZ,7
2023,ASAMBLEA,41013,AGRADO,08399,COAL. PARTIDO CENTRO DEMOCRATICO Y PARTIDO LIGA,00060,SORLY ARIAS SANCHEZ,2
2023,ASAMBLEA,41013,AGRADO,08399,COAL. PARTIDO CENTRO DEMOCRATICO Y PARTIDO LIGA,00061,JOSE FRANKLIN LOSADA CERQUERA,6
2023,ASAMBLEA,41013,AGRADO,08399,COAL. PARTIDO CENTRO DEMOCRATICO Y PARTIDO LIGA,00062,YANDRY MILENA DIAZ CARVAJAL,45
2023,ASAMBLEA,41013,AGRADO,08404,PACTOHISTORICO,00000,PACTOHISTORICO,9
2023,ASAMBLEA,41013,AGRADO,08404,PACTOHISTORICO,00051,LUIS EDGAR GUTIERREZ GUTIERREZ,29
2023,ASAMBLEA,41013,AGRADO,08404,PACTOHISTORICO,00052,LEONARDO VERA YARA,10
2023,ASAMBLEA,41013,AGRADO,08404,PACTOHISTORICO,00053,JOSE IGNACIO MARROQUIN SANCHEZ,20
2023,ASAMBLEA,41013,AGRADO,08404,PACTOHISTORICO,00054,LINDA PAOLA MEDINA CHARRY,2
2023,ASAMBLEA,41013,AGRADO,08404,PACTOHISTORICO,00055,JUAN BAUTISTA MORERA MEDINA,9
2023,ASAMBLEA,41013,AGRADO,08404,PACTOHISTORICO,00056,FRANK YULL FIERRO MAYORGA,8
2023,ASAMBLEA,41013,AGRADO,08404,PACTOHISTORICO,00057,YESID CAMPOS SOTELO,5
2023,ASAMBLEA,41013,AGRADO,08404,PACTOHISTORICO,00058,MERCEDES SANTOS POLANCO,1
2023,ASAMBLEA,41013,AGRADO,08404,PACTOHISTORICO,00059,MARIA NELLY PULIDO HERNANDEZ,4
2023,ASAMBLEA,41013,AGRADO,08404,PACTOHISTORICO,00060,FRANCISCO ISMAEL OLAYA OLAYA,37
2023,ASAMBLEA,41013,AGRADO,08404,PACTOHISTORICO,00061,LEIDY TATIANA JAIMES HERNANDEZ,5
2023,ASAMBLEA,41013,AGRADO,08404,PACTOHISTORICO,00062,ROBERTO CARLOS TOMBE TUNUBALA,11
2023,ASAMBLEA,41013,AGRADO,08416,COALICIÓN PARTIDO DE LA U Y PARTIDO POLITICO MIRA,00000,COALICIÓN PARTIDO DE LA U Y PARTIDO POLITICO MIRA,9
2023,ASAMBLEA,41013,AGRADO,08416,COALICIÓN PARTIDO DE LA U Y PARTIDO POLITICO MIRA,00051,JOSE LUIS CHAUX JOVEN,201
2023,ASAMBLEA,41013,AGRADO,08416,COALICIÓN PARTIDO DE LA U Y PARTIDO POLITICO MIRA,00052,TANIA ANDREA NINCO ZUÑIGA,14
2023,ASAMBLEA,41013,AGRADO,08416,COALICIÓN PARTIDO DE LA U Y PARTIDO POLITICO MIRA,00055,LUIS GUILLERMO CARDOZO,8
2023,ASAMBLEA,41013,AGRADO,08416,COALICIÓN PARTIDO DE LA U Y PARTIDO POLITICO MIRA,00056,PATRICIA LUGO AVENDAÑO,10
2023,ASAMBLEA,41013,AGRADO,08416,COALICIÓN PARTIDO DE LA U Y PARTIDO POLITICO MIRA,00059,ALVARO HERNANDO AMAYA VALENCIA,9
2023,ASAMBLEA,41013,AGRADO,08416,COALICIÓN PARTIDO DE LA U Y PARTIDO POLITICO MIRA,00060,GRACE FERNANDA RADA RICO,7
2023,ASAMBLEA,41013,AGRADO,08416,COALICIÓN PARTIDO DE LA U Y PARTIDO POLITICO MIRA,00061,EDISSON ANDRES PALMA CHAVEZ,15
2023,ASAMBLEA,41013,AGRADO,08416,COALICIÓN PARTIDO DE LA U Y PARTIDO POLITICO MIRA,00062,NESTOR IVAN RODRIGUEZ ANDRADE,126
2023,ASAMBLEA,41016,AIPE,00000,,00996,VOTOS EN BLANCO,1216
2023,ASAMBLEA,41016,AIPE,00000,,00997,VOTOS NULOS,318
2023,ASAMBLEA,41016,AIPE,00000,,00998,VOTOS NO MARCADOS,2125
2023,ASAMBLEA,41016,AIPE,00001,PARTIDO LIBERAL COLOMBIANO,00000,PARTIDO LIBERAL COLOMBIANO,97
2023,ASAMBLEA,41016,AIPE,00001,PARTIDO LIBERAL COLOMBIANO,00051,ALFADIL ORTIGOZA,567
2023,ASAMBLEA,41016,AIPE,00001,PARTIDO LIBERAL COLOMBIANO,00052,MILTON GERARDO CORTES CUELLAR,73
2023,ASAMBLEA,41016,AIPE,00001,PARTIDO LIBERAL COLOMBIANO,00053,ORLANDO IBAGON SANCHEZ,33
2023,ASAMBLEA,41016,AIPE,00001,PARTIDO LIBERAL COLOMBIANO,00054,RAMIRO ADOLFO MUÑOZ CALDERON,31
2023,ASAMBLEA,41016,AIPE,00001,PARTIDO LIBERAL COLOMBIANO,00055,VICTORIA EUGENIA CASTRO SILVA,232
2023,ASAMBLEA,41016,AIPE,00001,PARTIDO LIBERAL COLOMBIANO,00056,OSCAR URIEL BRAVO DIAZ,57
2023,ASAMBLEA,41016,AIPE,00001,PARTIDO LIBERAL COLOMBIANO,00057,CARLOS EDILSON POSADA MAYA,232
2023,ASAMBLEA,41016,AIPE,00001,PARTIDO LIBERAL COLOMBIANO,00058,FABIO ARMANDO ORTIZ REYES,15
2023,ASAMBLEA,41016,AIPE,00001,PARTIDO LIBERAL COLOMBIANO,00059,CLAUDIA PATRICIA CONDE VILLANEDA,26
2023,ASAMBLEA,41016,AIPE,00001,PARTIDO LIBERAL COLOMBIANO,00060,ALEIDA SALINAS CAMPOS,24
2023,ASAMBLEA,41016,AIPE,00001,PARTIDO LIBERAL COLOMBIANO,00061,ARELIS VARGAS ALVAREZ,19
2023,ASAMBLEA,41016,AIPE,00001,PARTIDO LIBERAL COLOMBIANO,00062,SERGIO ANDRES TRUJILLO PERDOMO,199
2023,ASAMBLEA,41016,AIPE,00002,PARTIDO CONSERVADOR COLOMBIANO,00000,PARTIDO CONSERVADOR COLOMBIANO,53
2023,ASAMBLEA,41016,AIPE,00002,PARTIDO CONSERVADOR COLOMBIANO,00051,OMAR ALVARO ALEXIS DIAZ CUELLAR,257
2023,ASAMBLEA,41016,AIPE,00002,PARTIDO CONSERVADOR COLOMBIANO,00052,NELSON JESUS MURCIA OME,55
2023,ASAMBLEA,41016,AIPE,00002,PARTIDO CONSERVADOR COLOMBIANO,00053,MAURICIO CIFUENTES VELASQUEZ,10
2023,ASAMBLEA,41016,AIPE,00002,PARTIDO CONSERVADOR COLOMBIANO,00054,NATALIA CASALLAS VANEGAS,10
2023,ASAMBLEA,41016,AIPE,00002,PARTIDO CONSERVADOR COLOMBIANO,00055,ALENXANDRO SALAZAR LLANOS,54
2023,ASAMBLEA,41016,AIPE,00002,PARTIDO CONSERVADOR COLOMBIANO,00056,SILVIO DANIEL VASQUEZ CORONADO,36
2023,ASAMBLEA,41016,AIPE,00002,PARTIDO CONSERVADOR COLOMBIANO,00057,NORBERTO ANTONIO CASTAÑO BUITRAGO,327
2023,ASAMBLEA,41016,AIPE,00002,PARTIDO CONSERVADOR COLOMBIANO,00058,DANIELA CHARRY MOSCOSO,5
2023,ASAMBLEA,41016,AIPE,00002,PARTIDO CONSERVADOR COLOMBIANO,00059,CIELO ROCIO COLLAZOS CUTIVA,14
2023,ASAMBLEA,41016,AIPE,00002,PARTIDO CONSERVADOR COLOMBIANO,00060,ANYELO SANDOVAL PEÑA,19
2023,ASAMBLEA,41016,AIPE,00002,PARTIDO CONSERVADOR COLOMBIANO,00061,PAULA MELISSA TRUJILLO PEDROZA,19
2023,ASAMBLEA,41016,AIPE,00002,PARTIDO CONSERVADOR COLOMBIANO,00062,WILMER EDUARDO ALVARADO MUÑOZ,410
2023,ASAMBLEA,41016,AIPE,00004,PARTIDO ALIANZA VERDE,00000,PARTIDO ALIANZA VERDE,63
2023,ASAMBLEA,41016,AIPE,00004,PARTIDO ALIANZA VERDE,00051,DIANA LORENA MONJE ALBARRACIN,142
2023,ASAMBLEA,41016,AIPE,00004,PARTIDO ALIANZA VERDE,00052,OSCAR FERNANDO RAMIREZ PRADA,87
2023,ASAMBLEA,41016,AIPE,00004,PARTIDO ALIANZA VERDE,00053,JUAN CAMILO FORERO CARDENAS,16
2023,ASAMBLEA,41016,AIPE,00004,PARTIDO ALIANZA VERDE,00054,BLANCA EDITH MEDINA BOTACHE,14
2023,ASAMBLEA,41016,AIPE,00004,PARTIDO ALIANZA VERDE,00055,VIRGILIO HUERGO GOMEZ,279
2023,ASAMBLEA,41016,AIPE,00004,PARTIDO ALIANZA VERDE,00056,OSCAR IVAN LLANOS RODRIGUEZ,38
2023,ASAMBLEA,41016,AIPE,00004,PARTIDO ALIANZA VERDE,00060,SHIRLEY ROCIO QUINTERO SANCHEZ,16
2023,ASAMBLEA,41016,AIPE,00004,PARTIDO ALIANZA VERDE,00061,JOSE ARMANDO ACUÑA MOLINA,115
2023,ASAMBLEA,41016,AIPE,00004,PARTIDO ALIANZA VERDE,00062,DIEGO FERNANDO PASCUAS ARIAS,129
2023,ASAMBLEA,41016,AIPE,07099,HUILA EMPRENDE,00000,HUILA EMPRENDE,45
2023,ASAMBLEA,41016,AIPE,07099,HUILA EMPRENDE,00051,CARLOS ARLEY STERLING CARDOZO,434
2023,ASAMBLEA,41016,AIPE,07099,HUILA EMPRENDE,00052,YERALDYN SAENZ MUÑOZ,54
2023,ASAMBLEA,41016,AIPE,07099,HUILA EMPRENDE,00053,MICHELL ALEJANDRA GONZALEZ OSPINA,11
2023,ASAMBLEA,41016,AIPE,07099,HUILA EMPRENDE,00054,CECILIA CUELLAR LEDESMA,36
2023,ASAMBLEA,41016,AIPE,07099,HUILA EMPRENDE,00055,WILFRED TRUJILLO TRUJILLO,246
2023,ASAMBLEA,41016,AIPE,07099,HUILA EMPRENDE,00056,BENSAIR SILVA BERNAL,41
2023,ASAMBLEA,41016,AIPE,07099,HUILA EMPRENDE,00057,EDGAR BONILLA RAMIREZ,100
2023,ASAMBLEA,41016,AIPE,07099,HUILA EMPRENDE,00058,DARBINSON ANDRES GOMEZ CABRERA,21
2023,ASAMBLEA,41016,AIPE,07099,HUILA EMPRENDE,00059,DORIAN CORTES CALDERON,29
2023,ASAMBLEA,41016,AIPE,07099,HUILA EMPRENDE,00060,EDWIN HARVEY BARAJAS HERNANDEZ,38
2023,ASAMBLEA,41016,AIPE,07099,HUILA EMPRENDE,00061,OCTAVIO CABRERA CANTE,58
2023,ASAMBLEA,41016,AIPE,07099,HUILA EMPRENDE,00062,MAIRA JULIETH ORTIZ CRUZ,45
2023,ASAMBLEA,41016,AIPE,07892,ALMA DEL HUILA,00000,ALMA DEL HUILA,15
2023,ASAMBLEA,41016,AIPE,07892,ALMA DEL HUILA,00051,JOHN ALEXANDER TRUJILLO NINCO,20
2023,ASAMBLEA,41016,AIPE,07892,ALMA DEL HUILA,00052,ADAN ROJAS BARRETO,13
2023,ASAMBLEA,41016,AIPE,07892,ALMA DEL HUILA,00053,WILLIAM GONZALEZ HENAO,6
2023,ASAMBLEA,41016,AIPE,07892,ALMA DEL HUILA,00054,PEDRO NEL JIMENEZ STERLING,2
2023,ASAMBLEA,41016,AIPE,07892,ALMA DEL HUILA,00055,YENIFER GOMEZ QUINTERO,7
2023,ASAMBLEA,41016,AIPE,07892,ALMA DEL HUILA,00056,SINDAY CAMACHO TRUJILLO,5
2023,ASAMBLEA,41016,AIPE,07892,ALMA DEL HUILA,00057,YILEIDI CUBILLOS HERMIDA,10
2023,ASAMBLEA,41016,AIPE,07892,ALMA DEL HUILA,00058,KELLY YULIETH CASTAÑEDA GALINDO,1
2023,ASAMBLEA,41016,AIPE,07892,ALMA DEL HUILA,00059,DANIEL LEONARDO SANZ PERDOMO,10
2023,ASAMBLEA,41016,AIPE,07892,ALMA DEL HUILA,00060,IVAN ALFREDO CANGREJO TORRES,76
2023,ASAMBLEA,41016,AIPE,07892,ALMA DEL HUILA,00061,IVAN CORTES LOSADA,8
2023,ASAMBLEA,41016,AIPE,07892,ALMA DEL HUILA,00062,OMAR ORTIZ SEPULVEDA,15
2023,ASAMBLEA,41016,AIPE,08399,COAL. PARTIDO CENTRO DEMOCRATICO Y PARTIDO LIGA,00000,COAL. PARTIDO CENTRO DEMOCRATICO Y PARTIDO LIGA,47
2023,ASAMBLEA,41016,AIPE,08399,COAL. PARTIDO CENTRO DEMOCRATICO Y PARTIDO LIGA,00051,TATIANA SOLANO CABALLERO,56
2023,ASAMBLEA,41016,AIPE,08399,COAL. PARTIDO CENTRO DEMOCRATICO Y PARTIDO LIGA,00052,CARLOS ANDRES MOLINA OSORIO,22
2023,ASAMBLEA,41016,AIPE,08399,COAL. PARTIDO CENTRO DEMOCRATICO Y PARTIDO LIGA,00054,FRANKEL HERRERA DUSSAN,5
2023,ASAMBLEA,41016,AIPE,08399,COAL. PARTIDO CENTRO DEMOCRATICO Y PARTIDO LIGA,00055,TATIANA PATRICIA MENDEZ RAMOS,91
2023,ASAMBLEA,41016,AIPE,08399,COAL. PARTIDO CENTRO DEMOCRATICO Y PARTIDO LIGA,00056,ANDRES GARCIA MONTEALEGRE,15
2023,ASAMBLEA,41016,AIPE,08399,COAL. PARTIDO CENTRO DEMOCRATICO Y PARTIDO LIGA,00057,SONIA DEL PILAR CUELLAR CASTRO,32
2023,ASAMBLEA,41016,AIPE,08399,COAL. PARTIDO CENTRO DEMOCRATICO Y PARTIDO LIGA,00058,JHON HAROL SANCHEZ DELGADO,5
2023,ASAMBLEA,41016,AIPE,08399,COAL. PARTIDO CENTRO DEMOCRATICO Y PARTIDO LIGA,00059,MISAEL POBLADOR PEREZ,7
2023,ASAMBLEA,41016,AIPE,08399,COAL. PARTIDO CENTRO DEMOCRATICO Y PARTIDO LIGA,00060,SORLY ARIAS SANCHEZ,7
2023,ASAMBLEA,41016,AIPE,08399,COAL. PARTIDO CENTRO DEMOCRATICO Y PARTIDO LIGA,00061,JOSE FRANKLIN LOSADA CERQUERA,2
2023,ASAMBLEA,41016,AIPE,08399,COAL. PARTIDO CENTRO DEMOCRATICO Y PARTIDO LIGA,00062,YANDRY MILENA DIAZ CARVAJAL,11
2023,ASAMBLEA,41016,AIPE,08404,PACTOHISTORICO,00000,PACTOHISTORICO,45
2023,ASAMBLEA,41016,AIPE,08404,PACTOHISTORICO,00051,LUIS EDGAR GUTIERREZ GUTIERREZ,52
2023,ASAMBLEA,41016,AIPE,08404,PACTOHISTORICO,00052,LEONARDO VERA YARA,157
2023,ASAMBLEA,41016,AIPE,08404,PACTOHISTORICO,00053,JOSE IGNACIO MARROQUIN SANCHEZ,33
2023,ASAMBLEA,41016,AIPE,08404,PACTOHISTORICO,00054,LINDA PAOLA MEDINA CHARRY,16
2023,ASAMBLEA,41016,AIPE,08404,PACTOHISTORICO,00055,JUAN BAUTISTA MORERA MEDINA,24
2023,ASAMBLEA,41016,AIPE,08404,PACTOHISTORICO,00056,FRANK YULL FIERRO MAYORGA,75
2023,ASAMBLEA,41016,AIPE,08404,PACTOHISTORICO,00057,YESID CAMPOS SOTELO,15
2023,ASAMBLEA,41016,AIPE,08404,PACTOHISTORICO,00058,MERCEDES SANTOS POLANCO,12
2023,ASAMBLEA,41016,AIPE,08404,PACTOHISTORICO,00059,MARIA NELLY PULIDO HERNANDEZ,28
2023,ASAMBLEA,41016,AIPE,08404,PACTOHISTORICO,00060,FRANCISCO ISMAEL OLAYA OLAYA,22
2023,ASAMBLEA,41016,AIPE,08404,PACTOHISTORICO,00061,LEIDY TATIANA JAIMES HERNANDEZ,8
2023,ASAMBLEA,41016,AIPE,08404,PACTOHISTORICO,00062,ROBERTO CARLOS TOMBE TUNUBALA,11
2023,ASAMBLEA,41016,AIPE,08416,COALICIÓN PARTIDO DE LA U Y PARTIDO POLITICO MIRA,00000,COALICIÓN PARTIDO DE LA U Y PARTIDO POLITICO MIRA,52
2023,ASAMBLEA,41016,AIPE,08416,COALICIÓN PARTIDO DE LA U Y PARTIDO POLITICO MIRA,00051,JOSE LUIS CHAUX JOVEN,190
2023,ASAMBLEA,41016,AIPE,08416,COALICIÓN PARTIDO DE LA U Y PARTIDO POLITICO MIRA,00052,TANIA ANDREA NINCO ZUÑIGA,76
2023,ASAMBLEA,41016,AIPE,08416,COALICIÓN PARTIDO DE LA U Y PARTIDO POLITICO MIRA,00055,LUIS GUILLERMO CARDOZO,92
2023,ASAMBLEA,41016,AIPE,08416,COALICIÓN PARTIDO DE LA U Y PARTIDO POLITICO MIRA,00056,PATRICIA LUGO AVENDAÑO,37
2023,ASAMBLEA,41016,AIPE,08416,COALICIÓN PARTIDO DE LA U Y PARTIDO POLITICO MIRA,00059,ALVARO HERNANDO AMAYA VALENCIA,1091
2023,ASAMBLEA,41016,AIPE,08416,COALICIÓN PARTIDO DE LA U Y PARTIDO POLITICO MIRA,00060,GRACE FERNANDA RADA RICO,17
2023,ASAMBLEA,41016,AIPE,08416,COALICIÓN PARTIDO DE LA U Y PARTIDO POLITICO MIRA,00061,EDISSON ANDRES PALMA CHAVEZ,100
2023,ASAMBLEA,41016,AIPE,08416,COALICIÓN PARTIDO DE LA U Y PARTIDO POLITICO MIRA,00062,NESTOR IVAN RODRIGUEZ ANDRADE,487
2023,ASAMBLEA,41020,ALGECIRAS,00000,,00996,VOTOS EN BLANCO,920
2023,ASAMBLEA,41020,ALGECIRAS,00000,,00997,VOTOS NULOS,213
2023,ASAMBLEA,41020,ALGECIRAS,00000,,00998,VOTOS NO MARCADOS,2750
2023,ASAMBLEA,41020,ALGECIRAS,00001,PARTIDO LIBERAL COLOMBIANO,00000,PARTIDO LIBERAL COLOMBIANO,284
2023,ASAMBLEA,41020,ALGECIRAS,00001,PARTIDO LIBERAL COLOMBIANO,00051,ALFADIL ORTIGOZA,202
2023,ASAMBLEA,41020,ALGECIRAS,00001,PARTIDO LIBERAL COLOMBIANO,00052,MILTON GERARDO CORTES CUELLAR,101
2023,ASAMBLEA,41020,ALGECIRAS,00001,PARTIDO LIBERAL COLOMBIANO,00053,ORLANDO IBAGON SANCHEZ,111
2023,ASAMBLEA,41020,ALGECIRAS,00001,PARTIDO LIBERAL COLOMBIANO,00054,RAMIRO ADOLFO MUÑOZ CALDERON,39
2023,ASAMBLEA,41020,ALGECIRAS,00001,PARTIDO LIBERAL COLOMBIANO,00055,VICTORIA EUGENIA CASTRO SILVA,912
2023,ASAMBLEA,41020,ALGECIRAS,00001,PARTIDO LIBERAL COLOMBIANO,00056,OSCAR URIEL BRAVO DIAZ,156
2023,ASAMBLEA,41020,ALGECIRAS,00001,PARTIDO LIBERAL COLOMBIANO,00057,CARLOS EDILSON POSADA MAYA,79
2023,ASAMBLEA,41020,ALGECIRAS,00001,PARTIDO LIBERAL COLOMBIANO,00058,FABIO ARMANDO ORTIZ REYES,18
2023,ASAMBLEA,41020,ALGECIRAS,00001,PARTIDO LIBERAL COLOMBIANO,00059,CLAUDIA PATRICIA CONDE VILLANEDA,19
2023,ASAMBLEA,41020,ALGECIRAS,00001,PARTIDO LIBERAL COLOMBIANO,00060,ALEIDA SALINAS CAMPOS,23
2023,ASAMBLEA,41020,ALGECIRAS,00001,PARTIDO LIBERAL COLOMBIANO,00061,ARELIS VARGAS ALVAREZ,23
2023,ASAMBLEA,41020,ALGECIRAS,00001,PARTIDO LIBERAL COLOMBIANO,00062,SERGIO ANDRES TRUJILLO PERDOMO,133
2023,ASAMBLEA,41020,ALGECIRAS,00002,PARTIDO CONSERVADOR COLOMBIANO,00000,PARTIDO CONSERVADOR COLOMBIANO,9
2023,ASAMBLEA,41020,ALGECIRAS,00002,PARTIDO CONSERVADOR COLOMBIANO,00051,OMAR ALVARO ALEXIS DIAZ CUELLAR,25
2023,ASAMBLEA,41020,ALGECIRAS,00002,PARTIDO CONSERVADOR COLOMBIANO,00052,NELSON JESUS MURCIA OME,13
2023,ASAMBLEA,41020,ALGECIRAS,00002,PARTIDO CONSERVADOR COLOMBIANO,00053,MAURICIO CIFUENTES VELASQUEZ,8
2023,ASAMBLEA,41020,ALGECIRAS,00002,PARTIDO CONSERVADOR COLOMBIANO,00054,NATALIA CASALLAS VANEGAS,7
2023,ASAMBLEA,41020,ALGECIRAS,00002,PARTIDO CONSERVADOR COLOMBIANO,00055,ALENXANDRO SALAZAR LLANOS,15
2023,ASAMBLEA,41020,ALGECIRAS,00002,PARTIDO CONSERVADOR COLOMBIANO,00056,SILVIO DANIEL VASQUEZ CORONADO,28
2023,ASAMBLEA,41020,ALGECIRAS,00002,PARTIDO CONSERVADOR COLOMBIANO,00057,NORBERTO ANTONIO CASTAÑO BUITRAGO,130
2023,ASAMBLEA,41020,ALGECIRAS,00002,PARTIDO CONSERVADOR COLOMBIANO,00058,DANIELA CHARRY MOSCOSO,4
2023,ASAMBLEA,41020,ALGECIRAS,00002,PARTIDO CONSERVADOR COLOMBIANO,00059,CIELO ROCIO COLLAZOS CUTIVA,4
2023,ASAMBLEA,41020,ALGECIRAS,00002,PARTIDO CONSERVADOR COLOMBIANO,00060,ANYELO SANDOVAL PEÑA,3
2023,ASAMBLEA,41020,ALGECIRAS,00002,PARTIDO CONSERVADOR COLOMBIANO,00061,PAULA MELISSA TRUJILLO PEDROZA,3
2023,ASAMBLEA,41020,ALGECIRAS,00002,PARTIDO CONSERVADOR COLOMBIANO,00062,WILMER EDUARDO ALVARADO MUÑOZ,6
2023,ASAMBLEA,41020,ALGECIRAS,00004,PARTIDO ALIANZA VERDE,00000,PARTIDO ALIANZA VERDE,82
2023,ASAMBLEA,41020,ALGECIRAS,00004,PARTIDO ALIANZA VERDE,00051,DIANA LORENA MONJE ALBARRACIN,169
2023,ASAMBLEA,41020,ALGECIRAS,00004,PARTIDO ALIANZA VERDE,00052,OSCAR FERNANDO RAMIREZ PRADA,36
2023,ASAMBLEA,41020,ALGECIRAS,00004,PARTIDO ALIANZA VERDE,00053,JUAN CAMILO FORERO CARDENAS,53
2023,ASAMBLEA,41020,ALGECIRAS,00004,PARTIDO ALIANZA VERDE,00054,BLANCA EDITH MEDINA BOTACHE,20
2023,ASAMBLEA,41020,ALGECIRAS,00004,PARTIDO ALIANZA VERDE,00055,VIRGILIO HUERGO GOMEZ,312
2023,ASAMBLEA,41020,ALGECIRAS,00004,PARTIDO ALIANZA VERDE,00056,OSCAR IVAN LLANOS RODRIGUEZ,61
2023,ASAMBLEA,41020,ALGECIRAS,00004,PARTIDO ALIANZA VERDE,00060,SHIRLEY ROCIO QUINTERO SANCHEZ,10
2023,ASAMBLEA,41020,ALGECIRAS,00004,PARTIDO ALIANZA VERDE,00061,JOSE ARMANDO ACUÑA MOLINA,90
2023,ASAMBLEA,41020,ALGECIRAS,00004,PARTIDO ALIANZA VERDE,00062,DIEGO FERNANDO PASCUAS ARIAS,49
2023,ASAMBLEA,41020,ALGECIRAS,07099,HUILA EMPRENDE,00000,HUILA EMPRENDE,23
2023,ASAMBLEA,41020,ALGECIRAS,07099,HUILA EMPRENDE,00051,CARLOS ARLEY STERLING CARDOZO,114
2023,ASAMBLEA,41020,ALGECIRAS,07099,HUILA EMPRENDE,00052,YERALDYN SAENZ MUÑOZ,35
2023,ASAMBLEA,41020,ALGECIRAS,07099,HUILA EMPRENDE,00053,MICHELL ALEJANDRA GONZALEZ OSPINA,8
2023,ASAMBLEA,41020,ALGECIRAS,07099,HUILA EMPRENDE,00054,CECILIA CUELLAR LEDESMA,7
2023,ASAMBLEA,41020,ALGECIRAS,07099,HUILA EMPRENDE,00055,WILFRED TRUJILLO TRUJILLO,67
2023,ASAMBLEA,41020,ALGECIRAS,07099,HUILA EMPRENDE,00056,BENSAIR SILVA BERNAL,112
2023,ASAMBLEA,41020,ALGECIRAS,07099,HUILA EMPRENDE,00057,EDGAR BONILLA RAMIREZ,41
2023,ASAMBLEA,41020,ALGECIRAS,07099,HUILA EMPRENDE,00058,DARBINSON ANDRES GOMEZ CABRERA,26
2023,ASAMBLEA,41020,ALGECIRAS,07099,HUILA EMPRENDE,00059,DORIAN CORTES CALDERON,8
2023,ASAMBLEA,41020,ALGECIRAS,07099,HUILA EMPRENDE,00060,EDWIN HARVEY BARAJAS HERNANDEZ,9
2023,ASAMBLEA,41020,ALGECIRAS,07099,HUILA EMPRENDE,00061,OCTAVIO CABRERA CANTE,9
2023,ASAMBLEA,41020,ALGECIRAS,07099,HUILA EMPRENDE,00062,MAIRA JULIETH ORTIZ CRUZ,4
2023,ASAMBLEA,41020,ALGECIRAS,07892,ALMA DEL HUILA,00000,ALMA DEL HUILA,18
2023,ASAMBLEA,41020,ALGECIRAS,07892,ALMA DEL HUILA,00051,JOHN ALEXANDER TRUJILLO NINCO,11
2023,ASAMBLEA,41020,ALGECIRAS,07892,ALMA DEL HUILA,00052,ADAN ROJAS BARRETO,4
2023,ASAMBLEA,41020,ALGECIRAS,07892,ALMA DEL HUILA,00053,WILLIAM GONZALEZ HENAO,5
2023,ASAMBLEA,41020,ALGECIRAS,07892,ALMA DEL HUILA,00054,PEDRO NEL JIMENEZ STERLING,2
2023,ASAMBLEA,41020,ALGECIRAS,07892,ALMA DEL HUILA,00055,YENIFER GOMEZ QUINTERO,14
2023,ASAMBLEA,41020,ALGECIRAS,07892,ALMA DEL HUILA,00056,SINDAY CAMACHO TRUJILLO,12
2023,ASAMBLEA,41020,ALGECIRAS,07892,ALMA DEL HUILA,00057,YILEIDI CUBILLOS HERMIDA,4
2023,ASAMBLEA,41020,ALGECIRAS,07892,ALMA DEL HUILA,00058,KELLY YULIETH CASTAÑEDA GALINDO,3
2023,ASAMBLEA,41020,ALGECIRAS,07892,ALMA DEL HUILA,00059,DANIEL LEONARDO SANZ PERDOMO,20
2023,ASAMBLEA,41020,ALGECIRAS,07892,ALMA DEL HUILA,00060,IVAN ALFREDO CANGREJO TORRES,83
2023,ASAMBLEA,41020,ALGECIRAS,07892,ALMA DEL HUILA,00061,IVAN CORTES LOSADA,4
2023,ASAMBLEA,41020,ALGECIRAS,07892,ALMA DEL HUILA,00062,OMAR ORTIZ SEPULVEDA,4
2023,ASAMBLEA,41020,ALGECIRAS,08399,COAL. PARTIDO CENTRO DEMOCRATICO Y PARTIDO LIGA,00000,COAL. PARTIDO CENTRO DEMOCRATICO Y PARTIDO LIGA,50
2023,ASAMBLEA,41020,ALGECIRAS,08399,COAL. PARTIDO CENTRO DEMOCRATICO Y PARTIDO LIGA,00051,TATIANA SOLANO CABALLERO,38
2023,ASAMBLEA,41020,ALGECIRAS,08399,COAL. PARTIDO CENTRO DEMOCRATICO Y PARTIDO LIGA,00052,CARLOS ANDRES MOLINA OSORIO,11
2023,ASAMBLEA,41020,ALGECIRAS,08399,COAL. PARTIDO CENTRO DEMOCRATICO Y PARTIDO LIGA,00054,FRANKEL HERRERA DUSSAN,4
2023,ASAMBLEA,41020,ALGECIRAS,08399,COAL. PARTIDO CENTRO DEMOCRATICO Y PARTIDO LIGA,00055,TATIANA PATRICIA MENDEZ RAMOS,31
2023,ASAMBLEA,41020,ALGECIRAS,08399,COAL. PARTIDO CENTRO DEMOCRATICO Y PARTIDO LIGA,00056,ANDRES GARCIA MONTEALEGRE,36
2023,ASAMBLEA,41020,ALGECIRAS,08399,COAL. PARTIDO CENTRO DEMOCRATICO Y PARTIDO LIGA,00057,SONIA DEL PILAR CUELLAR CASTRO,33
2023,ASAMBLEA,41020,ALGECIRAS,08399,COAL. PARTIDO CENTRO DEMOCRATICO Y PARTIDO LIGA,00058,JHON HAROL SANCHEZ DELGADO,13
2023,ASAMBLEA,41020,ALGECIRAS,08399,COAL. PARTIDO CENTRO DEMOCRATICO Y PARTIDO LIGA,00059,MISAEL POBLADOR PEREZ,4
2023,ASAMBLEA,41020,ALGECIRAS,08399,COAL. PARTIDO CENTRO DEMOCRATICO Y PARTIDO LIGA,00060,SORLY ARIAS SANCHEZ,3
2023,ASAMBLEA,41020,ALGECIRAS,08399,COAL. PARTIDO CENTRO DEMOCRATICO Y PARTIDO LIGA,00061,JOSE FRANKLIN LOSADA CERQUERA,6
2023,ASAMBLEA,41020,ALGECIRAS,08399,COAL. PARTIDO CENTRO DEMOCRATICO Y PARTIDO LIGA,00062,YANDRY MILENA DIAZ CARVAJAL,2
2023,ASAMBLEA,41020,ALGECIRAS,08404,PACTOHISTORICO,00000,PACTOHISTORICO,52
2023,ASAMBLEA,41020,ALGECIRAS,08404,PACTOHISTORICO,00051,LUIS EDGAR GUTIERREZ GUTIERREZ,65
2023,ASAMBLEA,41020,ALGECIRAS,08404,PACTOHISTORICO,00052,LEONARDO VERA YARA,83
2023,ASAMBLEA,41020,ALGECIRAS,08404,PACTOHISTORICO,00053,JOSE IGNACIO MARROQUIN SANCHEZ,10
2023,ASAMBLEA,41020,ALGECIRAS,08404,PACTOHISTORICO,00054,LINDA PAOLA MEDINA CHARRY,36
2023,ASAMBLEA,41020,ALGECIRAS,08404,PACTOHISTORICO,00055,JUAN BAUTISTA MORERA MEDINA,30
2023,ASAMBLEA,41020,ALGECIRAS,08404,PACTOHISTORICO,00056,FRANK YULL FIERRO MAYORGA,99
2023,ASAMBLEA,41020,ALGECIRAS,08404,PACTOHISTORICO,00057,YESID CAMPOS SOTELO,17
2023,ASAMBLEA,41020,ALGECIRAS,08404,PACTOHISTORICO,00058,MERCEDES SANTOS POLANCO,12
2023,ASAMBLEA,41020,ALGECIRAS,08404,PACTOHISTORICO,00059,MARIA NELLY PULIDO HERNANDEZ,8
2023,ASAMBLEA,41020,ALGECIRAS,08404,PACTOHISTORICO,00060,FRANCISCO ISMAEL OLAYA OLAYA,33
2023,ASAMBLEA,41020,ALGECIRAS,08404,PACTOHISTORICO,00061,LEIDY TATIANA JAIMES HERNANDEZ,5
2023,ASAMBLEA,41020,ALGECIRAS,08416,COALICIÓN PARTIDO DE LA U Y PARTIDO POLITICO MIRA,00000,COALICIÓN PARTIDO DE LA U Y PARTIDO POLITICO MIRA,93
2023,ASAMBLEA,41020,ALGECIRAS,08416,COALICIÓN PARTIDO DE LA U Y PARTIDO POLITICO MIRA,00051,JOSE LUIS CHAUX JOVEN,90
2023,ASAMBLEA,41020,ALGECIRAS,08416,COALICIÓN PARTIDO DE LA U Y PARTIDO POLITICO MIRA,00052,TANIA ANDREA NINCO ZUÑIGA,62
2023,ASAMBLEA,41020,ALGECIRAS,08416,COALICIÓN PARTIDO DE LA U Y PARTIDO POLITICO MIRA,00055,LUIS GUILLERMO CARDOZO,73
2023,ASAMBLEA,41020,ALGECIRAS,08416,COALICIÓN PARTIDO DE LA U Y PARTIDO POLITICO MIRA,00056,PATRICIA LUGO AVENDAÑO,2535
2023,ASAMBLEA,41020,ALGECIRAS,08416,COALICIÓN PARTIDO DE LA U Y PARTIDO POLITICO MIRA,00059,ALVARO HERNANDO AMAYA VALENCIA,28
2023,ASAMBLEA,41020,ALGECIRAS,08416,COALICIÓN PARTIDO DE LA U Y PARTIDO POLITICO MIRA,00060,GRACE FERNANDA RADA RICO,9
2023,ASAMBLEA,41020,ALGECIRAS,08416,COALICIÓN PARTIDO DE LA U Y PARTIDO POLITICO MIRA,00061,EDISSON ANDRES PALMA CHAVEZ,42
2023,ASAMBLEA,41020,ALGECIRAS,08416,COALICIÓN PARTIDO DE LA U Y PARTIDO POLITICO MIRA,00062,NESTOR IVAN RODRIGUEZ ANDRADE,43
2023,ASAMBLEA,41026,ALTAMIRA,00000,,00996,VOTOS EN BLANCO,334
2023,ASAMBLEA,41026,ALTAMIRA,00000,,00997,VOTOS NULOS,84
2023,ASAMBLEA,41026,ALTAMIRA,00000,,00998,VOTOS NO MARCADOS,385
2023,ASAMBLEA,41026,ALTAMIRA,00001,PARTIDO LIBERAL COLOMBIANO,00000,PARTIDO LIBERAL COLOMBIANO,25
2023,ASAMBLEA,41026,ALTAMIRA,00001,PARTIDO LIBERAL COLOMBIANO,00051,ALFADIL ORTIGOZA,60
2023,ASAMBLEA,41026,ALTAMIRA,00001,PARTIDO LIBERAL COLOMBIANO,00052,MILTON GERARDO CORTES CUELLAR,32
2023,ASAMBLEA,41026,ALTAMIRA,00001,PARTIDO LIBERAL COLOMBIANO,00053,ORLANDO IBAGON SANCHEZ,11
2023,ASAMBLEA,41026,ALTAMIRA,00001,PARTIDO LIBERAL COLOMBIANO,00054,RAMIRO ADOLFO MUÑOZ CALDERON,8
2023,ASAMBLEA,41026,ALTAMIRA,00001,PARTIDO LIBERAL COLOMBIANO,00055,VICTORIA EUGENIA CASTRO SILVA,41
2023,ASAMBLEA,41026,ALTAMIRA,00001,PARTIDO LIBERAL COLOMBIANO,00056,OSCAR URIEL BRAVO DIAZ,28
2023,ASAMBLEA,41026,ALTAMIRA,00001,PARTIDO LIBERAL COLOMBIANO,00057,CARLOS EDILSON POSADA MAYA,17
2023,ASAMBLEA,41026,ALTAMIRA,00001,PARTIDO LIBERAL COLOMBIANO,00058,FABIO ARMANDO ORTIZ REYES,8
2023,ASAMBLEA,41026,ALTAMIRA,00001,PARTIDO LIBERAL COLOMBIANO,00059,CLAUDIA PATRICIA CONDE VILLANEDA,4
2023,ASAMBLEA,41026,ALTAMIRA,00001,PARTIDO LIBERAL COLOMBIANO,00060,ALEIDA SALINAS CAMPOS,3
2023,ASAMBLEA,41026,ALTAMIRA,00001,PARTIDO LIBERAL COLOMBIANO,00061,ARELIS VARGAS ALVAREZ,10
2023,ASAMBLEA,41026,ALTAMIRA,00001,PARTIDO LIBERAL COLOMBIANO,00062,SERGIO ANDRES TRUJILLO PERDOMO,152
2023,ASAMBLEA,41026,ALTAMIRA,00002,PARTIDO CONSERVADOR COLOMBIANO,00000,PARTIDO CONSERVADOR COLOMBIANO,22
2023,ASAMBLEA,41026,ALTAMIRA,00002,PARTIDO CONSERVADOR COLOMBIANO,00051,OMAR ALVARO ALEXIS DIAZ CUELLAR,40
2023,ASAMBLEA,41026,ALTAMIRA,00002,PARTIDO CONSERVADOR COLOMBIANO,00052,NELSON JESUS MURCIA OME,20
2023,ASAMBLEA,41026,ALTAMIRA,00002,PARTIDO CONSERVADOR COLOMBIANO,00053,MAURICIO CIFUENTES VELASQUEZ,1
2023,ASAMBLEA,41026,ALTAMIRA,00002,PARTIDO CONSERVADOR COLOMBIANO,00054,NATALIA CASALLAS VANEGAS,6
2023,ASAMBLEA,41026,ALTAMIRA,00002,PARTIDO CONSERVADOR COLOMBIANO,00055,ALENXANDRO SALAZAR LLANOS,8
2023,ASAMBLEA,41026,ALTAMIRA,00002,PARTIDO CONSERVADOR COLOMBIANO,00056,SILVIO DANIEL VASQUEZ CORONADO,8
2023,ASAMBLEA,41026,ALTAMIRA,00002,PARTIDO CONSERVADOR COLOMBIANO,00057,NORBERTO ANTONIO CASTAÑO BUITRAGO,10
2023,ASAMBLEA,41026,ALTAMIRA,00002,PARTIDO CONSERVADOR COLOMBIANO,00058,DANIELA CHARRY MOSCOSO,3
2023,ASAMBLEA,41026,ALTAMIRA,00002,PARTIDO CONSERVADOR COLOMBIANO,00059,CIELO ROCIO COLLAZOS CUTIVA,1
2023,ASAMBLEA,41026,ALTAMIRA,00002,PARTIDO CONSERVADOR COLOMBIANO,00060,ANYELO SANDOVAL PEÑA,6
2023,ASAMBLEA,41026,ALTAMIRA,00002,PARTIDO CONSERVADOR COLOMBIANO,00061,PAULA MELISSA TRUJILLO PEDROZA,6
2023,ASAMBLEA,41026,ALTAMIRA,00002,PARTIDO CONSERVADOR COLOMBIANO,00062,WILMER EDUARDO ALVARADO MUÑOZ,116
2023,ASAMBLEA,41026,ALTAMIRA,00004,PARTIDO ALIANZA VERDE,00000,PARTIDO ALIANZA VERDE,18
2023,ASAMBLEA,41026,ALTAMIRA,00004,PARTIDO ALIANZA VERDE,00051,DIANA LORENA MONJE ALBARRACIN,116
2023,ASAMBLEA,41026,ALTAMIRA,00004,PARTIDO ALIANZA VERDE,00052,OSCAR FERNANDO RAMIREZ PRADA,12
2023,ASAMBLEA,41026,ALTAMIRA,00004,PARTIDO ALIANZA VERDE,00053,JUAN CAMILO FORERO CARDENAS,18
2023,ASAMBLEA,41026,ALTAMIRA,00004,PARTIDO ALIANZA VERDE,00054,BLANCA EDITH MEDINA BOTACHE,6
2023,ASAMBLEA,41026,ALTAMIRA,00004,PARTIDO ALIANZA VERDE,00055,VIRGILIO HUERGO GOMEZ,55
2023,ASAMBLEA,41026,ALTAMIRA,00004,PARTIDO ALIANZA VERDE,00056,OSCAR IVAN LLANOS RODRIGUEZ,4
2023,ASAMBLEA,41026,ALTAMIRA,00004,PARTIDO ALIANZA VERDE,00060,SHIRLEY ROCIO QUINTERO SANCHEZ,3
2023,ASAMBLEA,41026,ALTAMIRA,00004,PARTIDO ALIANZA VERDE,00061,JOSE ARMANDO ACUÑA MOLINA,156
2023,ASAMBLEA,41026,ALTAMIRA,00004,PARTIDO ALIANZA VERDE,00062,DIEGO FERNANDO PASCUAS ARIAS,18
2023,ASAMBLEA,41026,ALTAMIRA,07099,HUILA EMPRENDE,00000,HUILA EMPRENDE,8
2023,ASAMBLEA,41026,ALTAMIRA,07099,HUILA EMPRENDE,00051,CARLOS ARLEY STERLING CARDOZO,41
2023,ASAMBLEA,41026,ALTAMIRA,07099,HUILA EMPRENDE,00052,YERALDYN SAENZ MUÑOZ,9
2023,ASAMBLEA,41026,ALTAMIRA,07099,HUILA EMPRENDE,00053,MICHELL ALEJANDRA GONZALEZ OSPINA,2
2023,ASAMBLEA,41026,ALTAMIRA,07099,HUILA EMPRENDE,00054,CECILIA CUELLAR LEDESMA,1
2023,ASAMBLEA,41026,ALTAMIRA,07099,HUILA EMPRENDE,00055,WILFRED TRUJILLO TRUJILLO,21
2023,ASAMBLEA,41026,ALTAMIRA,07099,HUILA EMPRENDE,00056,BENSAIR SILVA BERNAL,6
2023,ASAMBLEA,41026,ALTAMIRA,07099,HUILA EMPRENDE,00057,EDGAR BONILLA RAMIREZ,43
2023,ASAMBLEA,41026,ALTAMIRA,07099,HUILA EMPRENDE,00059,DORIAN CORTES CALDERON,2
2023,ASAMBLEA,41026,ALTAMIRA,07099,HUILA EMPRENDE,00060,EDWIN HARVEY BARAJAS HERNANDEZ,52
2023,ASAMBLEA,41026,ALTAMIRA,07099,HUILA EMPRENDE,00061,OCTAVIO CABRERA CANTE,8
2023,ASAMBLEA,41026,ALTAMIRA,07099,HUILA EMPRENDE,00062,MAIRA JULIETH ORTIZ CRUZ,9
2023,ASAMBLEA,41026,ALTAMIRA,07892,ALMA DEL HUILA,00000,ALMA DEL HUILA,6
2023,ASAMBLEA,41026,ALTAMIRA,07892,ALMA DEL HUILA,00051,JOHN ALEXANDER TRUJILLO NINCO,2
2023,ASAMBLEA,41026,ALTAMIRA,07892,ALMA DEL HUILA,00052,ADAN ROJAS BARRETO,1
2023,ASAMBLEA,41026,ALTAMIRA,07892,ALMA DEL HUILA,00053,WILLIAM GONZALEZ HENAO,3
2023,ASAMBLEA,41026,ALTAMIRA,07892,ALMA DEL HUILA,00054,PEDRO NEL JIMENEZ STERLING,2
2023,ASAMBLEA,41026,ALTAMIRA,07892,ALMA DEL HUILA,00055,YENIFER GOMEZ QUINTERO,2
2023,ASAMBLEA,41026,ALTAMIRA,07892,ALMA DEL HUILA,00056,SINDAY CAMACHO TRUJILLO,4
2023,ASAMBLEA,41026,ALTAMIRA,07892,ALMA DEL HUILA,00057,YILEIDI CUBILLOS HERMIDA,4
2023,ASAMBLEA,41026,ALTAMIRA,07892,ALMA DEL HUILA,00059,DANIEL LEONARDO SANZ PERDOMO,1
2023,ASAMBLEA,41026,ALTAMIRA,07892,ALMA DEL HUILA,00060,IVAN ALFREDO CANGREJO TORRES,23
2023,ASAMBLEA,41026,ALTAMIRA,07892,ALMA DEL HUILA,00061,IVAN CORTES LOSADA,2
2023,ASAMBLEA,41026,ALTAMIRA,07892,ALMA DEL HUILA,00062,OMAR ORTIZ SEPULVEDA,12
2023,ASAMBLEA,41026,ALTAMIRA,08399,COAL. PARTIDO CENTRO DEMOCRATICO Y PARTIDO LIGA,00000,COAL. PARTIDO CENTRO DEMOCRATICO Y PARTIDO LIGA,6
2023,ASAMBLEA,41026,ALTAMIRA,08399,COAL. PARTIDO CENTRO DEMOCRATICO Y PARTIDO LIGA,00051,TATIANA SOLANO CABALLERO,10
2023,ASAMBLEA,41026,ALTAMIRA,08399,COAL. PARTIDO CENTRO DEMOCRATICO Y PARTIDO LIGA,00052,CARLOS ANDRES MOLINA OSORIO,1
2023,ASAMBLEA,41026,ALTAMIRA,08399,COAL. PARTIDO CENTRO DEMOCRATICO Y PARTIDO LIGA,00054,FRANKEL HERRERA DUSSAN,1
2023,ASAMBLEA,41026,ALTAMIRA,08399,COAL. PARTIDO CENTRO DEMOCRATICO Y PARTIDO LIGA,00055,TATIANA PATRICIA MENDEZ RAMOS,48
2023,ASAMBLEA,41026,ALTAMIRA,08399,COAL. PARTIDO CENTRO DEMOCRATICO Y PARTIDO LIGA,00056,ANDRES GARCIA MONTEALEGRE,3
2023,ASAMBLEA,41026,ALTAMIRA,08399,COAL. PARTIDO CENTRO DEMOCRATICO Y PARTIDO LIGA,00057,SONIA DEL PILAR CUELLAR CASTRO,13
2023,ASAMBLEA,41026,ALTAMIRA,08399,COAL. PARTIDO CENTRO DEMOCRATICO Y PARTIDO LIGA,00058,JHON HAROL SANCHEZ DELGADO,1
2023,ASAMBLEA,41026,ALTAMIRA,08399,COAL. PARTIDO CENTRO DEMOCRATICO Y PARTIDO LIGA,00059,MISAEL POBLADOR PEREZ,1
2023,ASAMBLEA,41026,ALTAMIRA,08399,COAL. PARTIDO CENTRO DEMOCRATICO Y PARTIDO LIGA,00060,SORLY ARIAS SANCHEZ,1
2023,ASAMBLEA,41026,ALTAMIRA,08399,COAL. PARTIDO CENTRO DEMOCRATICO Y PARTIDO LIGA,00061,JOSE FRANKLIN LOSADA CERQUERA,3
2023,ASAMBLEA,41026,ALTAMIRA,08399,COAL. PARTIDO CENTRO DEMOCRATICO Y PARTIDO LIGA,00062,YANDRY MILENA DIAZ CARVAJAL,1
2023,ASAMBLEA,41026,ALTAMIRA,08404,PACTOHISTORICO,00000,PACTOHISTORICO,50
2023,ASAMBLEA,41026,ALTAMIRA,08404,PACTOHISTORICO,00051,LUIS EDGAR GUTIERREZ GUTIERREZ,23
2023,ASAMBLEA,41026,ALTAMIRA,08404,PACTOHISTORICO,00052,LEONARDO VERA YARA,14
2023,ASAMBLEA,41026,ALTAMIRA,08404,PACTOHISTORICO,00053,JOSE IGNACIO MARROQUIN SANCHEZ,24
2023,ASAMBLEA,41026,ALTAMIRA,08404,PACTOHISTORICO,00054,LINDA PAOLA MEDINA CHARRY,8
2023,ASAMBLEA,41026,ALTAMIRA,08404,PACTOHISTORICO,00055,JUAN BAUTISTA MORERA MEDINA,5
2023,ASAMBLEA,41026,ALTAMIRA,08404,PACTOHISTORICO,00056,FRANK YULL FIERRO MAYORGA,18
2023,ASAMBLEA,41026,ALTAMIRA,08404,PACTOHISTORICO,00057,YESID CAMPOS SOTELO,12
2023,ASAMBLEA,41026,ALTAMIRA,08404,PACTOHISTORICO,00058,MERCEDES SANTOS POLANCO,2
2023,ASAMBLEA,41026,ALTAMIRA,08404,PACTOHISTORICO,00059,MARIA NELLY PULIDO HERNANDEZ,8
2023,ASAMBLEA,41026,ALTAMIRA,08404,PACTOHISTORICO,00060,FRANCISCO ISMAEL OLAYA OLAYA,41
2023,ASAMBLEA,41026,ALTAMIRA,08404,PACTOHISTORICO,00061,LEIDY TATIANA JAIMES HERNANDEZ,7
2023,ASAMBLEA,41026,ALTAMIRA,08404,PACTOHISTORICO,00062,ROBERTO CARLOS TOMBE TUNUBALA,4
2023,ASAMBLEA,41026,ALTAMIRA,08416,COALICIÓN PARTIDO DE LA U Y PARTIDO POLITICO MIRA,00000,COALICIÓN PARTIDO DE LA U Y PARTIDO POLITICO MIRA,9
2023,ASAMBLEA,41026,ALTAMIRA,08416,COALICIÓN PARTIDO DE LA U Y PARTIDO POLITICO MIRA,00051,JOSE LUIS CHAUX JOVEN,79
2023,ASAMBLEA,41026,ALTAMIRA,08416,COALICIÓN PARTIDO DE LA U Y PARTIDO POLITICO MIRA,00052,TANIA ANDREA NINCO ZUÑIGA,7
2023,ASAMBLEA,41026,ALTAMIRA,08416,COALICIÓN PARTIDO DE LA U Y PARTIDO POLITICO MIRA,00055,LUIS GUILLERMO CARDOZO,4
2023,ASAMBLEA,41026,ALTAMIRA,08416,COALICIÓN PARTIDO DE LA U Y PARTIDO POLITICO MIRA,00056,PATRICIA LUGO AVENDAÑO,3
2023,ASAMBLEA,41026,ALTAMIRA,08416,COALICIÓN PARTIDO DE LA U Y PARTIDO POLITICO MIRA,00059,ALVARO HERNANDO AMAYA VALENCIA,3
2023,ASAMBLEA,41026,ALTAMIRA,08416,COALICIÓN PARTIDO DE LA U Y PARTIDO POLITICO MIRA,00060,GRACE FERNANDA RADA RICO,7
2023,ASAMBLEA,41026,ALTAMIRA,08416,COALICIÓN PARTIDO DE LA U Y PARTIDO POLITICO MIRA,00061,EDISSON ANDRES PALMA CHAVEZ,38
2023,ASAMBLEA,41026,ALTAMIRA,08416,COALICIÓN PARTIDO DE LA U Y PARTIDO POLITICO MIRA,00062,NESTOR IVAN RODRIGUEZ ANDRADE,70
2023,ASAMBLEA,41078,BARAYA,00000,,00996,VOTOS EN BLANCO,200
2023,ASAMBLEA,41078,BARAYA,00000,,00997,VOTOS NULOS,81
2023,ASAMBLEA,41078,BARAYA,00000,,00998,VOTOS NO MARCADOS,591
2023,ASAMBLEA,41078,BARAYA,00001,PARTIDO LIBERAL COLOMBIANO,00000,PARTIDO LIBERAL COLOMBIANO,36
2023,ASAMBLEA,41078,BARAYA,00001,PARTIDO LIBERAL COLOMBIANO,00051,ALFADIL ORTIGOZA,137
2023,ASAMBLEA,41078,BARAYA,00001,PARTIDO LIBERAL COLOMBIANO,00052,MILTON GERARDO CORTES CUELLAR,43
2023,ASAMBLEA,41078,BARAYA,00001,PARTIDO LIBERAL COLOMBIANO,00053,ORLANDO IBAGON SANCHEZ,82
2023,ASAMBLEA,41078,BARAYA,00001,PARTIDO LIBERAL COLOMBIANO,00054,RAMIRO ADOLFO MUÑOZ CALDERON,9
2023,ASAMBLEA,41078,BARAYA,00001,PARTIDO LIBERAL COLOMBIANO,00055,VICTORIA EUGENIA CASTRO SILVA,733
2023,ASAMBLEA,41078,BARAYA,00001,PARTIDO LIBERAL COLOMBIANO,00056,OSCAR URIEL BRAVO DIAZ,16
2023,ASAMBLEA,41078,BARAYA,00001,PARTIDO LIBERAL COLOMBIANO,00057,CARLOS EDILSON POSADA MAYA,22
2023,ASAMBLEA,41078,BARAYA,00001,PARTIDO LIBERAL COLOMBIANO,00058,FABIO ARMANDO ORTIZ REYES,6
2023,ASAMBLEA,41078,BARAYA,00001,PARTIDO LIBERAL COLOMBIANO,00059,CLAUDIA PATRICIA CONDE VILLANEDA,5
2023,ASAMBLEA,41078,BARAYA,00001,PARTIDO LIBERAL COLOMBIANO,00061,ARELIS VARGAS ALVAREZ,3
2023,ASAMBLEA,41078,BARAYA,00001,PARTIDO LIBERAL COLOMBIANO,00062,SERGIO ANDRES TRUJILLO PERDOMO,43
2023,ASAMBLEA,41078,BARAYA,00002,PARTIDO CONSERVADOR COLOMBIANO,00000,PARTIDO CONSERVADOR COLOMBIANO,3
2023,ASAMBLEA,41078,BARAYA,00002,PARTIDO CONSERVADOR COLOMBIANO,00051,OMAR ALVARO ALEXIS DIAZ CUELLAR,30
2023,ASAMBLEA,41078,BARAYA,00002,PARTIDO CONSERVADOR COLOMBIANO,00052,NELSON JESUS MURCIA OME,1
2023,ASAMBLEA,41078,BARAYA,00002,PARTIDO CONSERVADOR COLOMBIANO,00055,ALENXANDRO SALAZAR LLANOS,28
2023,ASAMBLEA,41078,BARAYA,00002,PARTIDO CONSERVADOR COLOMBIANO,00056,SILVIO DANIEL VASQUEZ CORONADO,6
2023,ASAMBLEA,41078,BARAYA,00002,PARTIDO CONSERVADOR COLOMBIANO,00057,NORBERTO ANTONIO CASTAÑO BUITRAGO,40
2023,ASAMBLEA,41078,BARAYA,00002,PARTIDO CONSERVADOR COLOMBIANO,00059,CIELO ROCIO COLLAZOS CUTIVA,1
2023,ASAMBLEA,41078,BARAYA,00002,PARTIDO CONSERVADOR COLOMBIANO,00060,ANYELO SANDOVAL PEÑA,1
2023,ASAMBLEA,41078,BARAYA,00002,PARTIDO CONSERVADOR COLOMBIANO,00062,WILMER EDUARDO ALVARADO MUÑOZ,1
2023,ASAMBLEA,41078,BARAYA,00004,PARTIDO ALIANZA VERDE,00000,PARTIDO ALIANZA VERDE,47
2023,ASAMBLEA,41078,BARAYA,00004,PARTIDO ALIANZA VERDE,00051,DIANA LORENA MONJE ALBARRACIN,104
2023,ASAMBLEA,41078,BARAYA,00004,PARTIDO ALIANZA VERDE,00052,OSCAR FERNANDO RAMIREZ PRADA,14
2023,ASAMBLEA,41078,BARAYA,00004,PARTIDO ALIANZA VERDE,00053,JUAN CAMILO FORERO CARDENAS,6
2023,ASAMBLEA,41078,BARAYA,00004,PARTIDO ALIANZA VERDE,00054,BLANCA EDITH MEDINA BOTACHE,5
2023,ASAMBLEA,41078,BARAYA,00004,PARTIDO ALIANZA VERDE,00055,VIRGILIO HUERGO GOMEZ,1402
2023,ASAMBLEA,41078,BARAYA,00004,PARTIDO ALIANZA VERDE,00056,OSCAR IVAN LLANOS RODRIGUEZ,14
2023,ASAMBLEA,41078,BARAYA,00004,PARTIDO ALIANZA VERDE,00060,SHIRLEY ROCIO QUINTERO SANCHEZ,5
2023,ASAMBLEA,41078,BARAYA,00004,PARTIDO ALIANZA VERDE,00061,JOSE ARMANDO ACUÑA MOLINA,9
2023,ASAMBLEA,41078,BARAYA,00004,PARTIDO ALIANZA VERDE,00062,DIEGO FERNANDO PASCUAS ARIAS,13
2023,ASAMBLEA,41078,BARAYA,07099,HUILA EMPRENDE,00000,HUILA EMPRENDE,14
2023,ASAMBLEA,41078,BARAYA,07099,HUILA EMPRENDE,00051,CARLOS ARLEY STERLING CARDOZO,56
2023,ASAMBLEA,41078,BARAYA,07099,HUILA EMPRENDE,00052,YERALDYN SAENZ MUÑOZ,4
2023,ASAMBLEA,41078,BARAYA,07099,HUILA EMPRENDE,00053,MICHELL ALEJANDRA GONZALEZ OSPINA,4
2023,ASAMBLEA,41078,BARAYA,07099,HUILA EMPRENDE,00054,CECILIA CUELLAR LEDESMA,2
2023,ASAMBLEA,41078,BARAYA,07099,HUILA EMPRENDE,00055,WILFRED TRUJILLO TRUJILLO,40
2023,ASAMBLEA,41078,BARAYA,07099,HUILA EMPRENDE,00056,BENSAIR SILVA BERNAL,10
2023,ASAMBLEA,41078,BARAYA,07099,HUILA EMPRENDE,00057,EDGAR BONILLA RAMIREZ,27
2023,ASAMBLEA,41078,BARAYA,07099,HUILA EMPRENDE,00058,DARBINSON ANDRES GOMEZ CABRERA,6
2023,ASAMBLEA,41078,BARAYA,07099,HUILA EMPRENDE,00060,EDWIN HARVEY BARAJAS HERNANDEZ,7
2023,ASAMBLEA,41078,BARAYA,07099,HUILA EMPRENDE,00061,OCTAVIO CABRERA CANTE,7
2023,ASAMBLEA,41078,BARAYA,07892,ALMA DEL HUILA,00000,ALMA DEL HUILA,4
2023,ASAMBLEA,41078,BARAYA,07892,ALMA DEL HUILA,00051,JOHN ALEXANDER TRUJILLO NINCO,2
2023,ASAMBLEA,41078,BARAYA,07892,ALMA DEL HUILA,00052,ADAN ROJAS BARRETO,2
2023,ASAMBLEA,41078,BARAYA,07892,ALMA DEL HUILA,00055,YENIFER GOMEZ QUINTERO,10
2023,ASAMBLEA,41078,BARAYA,07892,ALMA DEL HUILA,00056,SINDAY CAMACHO TRUJILLO,1
2023,ASAMBLEA,41078,BARAYA,07892,ALMA DEL HUILA,00058,KELLY YULIETH CASTAÑEDA GALINDO,1
2023,ASAMBLEA,41078,BARAYA,07892,ALMA DEL HUILA,00060,IVAN ALFREDO CANGREJO TORRES,49
2023,ASAMBLEA,41078,BARAYA,07892,ALMA DEL HUILA,00061,IVAN CORTES LOSADA,5
2023,ASAMBLEA,41078,BARAYA,08399,COAL. PARTIDO CENTRO DEMOCRATICO Y PARTIDO LIGA,00000,COAL. PARTIDO CENTRO DEMOCRATICO Y PARTIDO LIGA,13
2023,ASAMBLEA,41078,BARAYA,08399,COAL. PARTIDO CENTRO DEMOCRATICO Y PARTIDO LIGA,00051,TATIANA SOLANO CABALLERO,9
2023,ASAMBLEA,41078,BARAYA,08399,COAL. PARTIDO CENTRO DEMOCRATICO Y PARTIDO LIGA,00052,CARLOS ANDRES MOLINA OSORIO,3
2023,ASAMBLEA,41078,BARAYA,08399,COAL. PARTIDO CENTRO DEMOCRATICO Y PARTIDO LIGA,00054,FRANKEL HERRERA DUSSAN,1
2023,ASAMBLEA,41078,BARAYA,08399,COAL. PARTIDO CENTRO DEMOCRATICO Y PARTIDO LIGA,00055,TATIANA PATRICIA MENDEZ RAMOS,31
2023,ASAMBLEA,41078,BARAYA,08399,COAL. PARTIDO CENTRO DEMOCRATICO Y PARTIDO LIGA,00056,ANDRES GARCIA MONTEALEGRE,2
2023,ASAMBLEA,41078,BARAYA,08399,COAL. PARTIDO CENTRO DEMOCRATICO Y PARTIDO LIGA,00057,SONIA DEL PILAR CUELLAR CASTRO,3
2023,ASAMBLEA,41078,BARAYA,08399,COAL. PARTIDO CENTRO DEMOCRATICO Y PARTIDO LIGA,00058,JHON HAROL SANCHEZ DELGADO,5
2023,ASAMBLEA,41078,BARAYA,08399,COAL. PARTIDO CENTRO DEMOCRATICO Y PARTIDO LIGA,00060,SORLY ARIAS SANCHEZ,2
2023,ASAMBLEA,41078,BARAYA,08399,COAL. PARTIDO CENTRO DEMOCRATICO Y PARTIDO LIGA,00062,YANDRY MILENA DIAZ CARVAJAL,1
2023,ASAMBLEA,41078,BARAYA,08404,PACTOHISTORICO,00000,PACTOHISTORICO,30
2023,ASAMBLEA,41078,BARAYA,08404,PACTOHISTORICO,00051,LUIS EDGAR GUTIERREZ GUTIERREZ,9
2023,ASAMBLEA,41078,BARAYA,08404,PACTOHISTORICO,00052,LEONARDO VERA YARA,11
2023,ASAMBLEA,41078,BARAYA,08404,PACTOHISTORICO,00053,JOSE IGNACIO MARROQUIN SANCHEZ,6
2023,ASAMBLEA,41078,BARAYA,08404,PACTOHISTORICO,00054,LINDA PAOLA MEDINA CHARRY,8
2023,ASAMBLEA,41078,BARAYA,08404,PACTOHISTORICO,00055,JUAN BAUTISTA MORERA MEDINA,17
2023,ASAMBLEA,41078,BARAYA,08404,PACTOHISTORICO,00056,FRANK YULL FIERRO MAYORGA,11
2023,ASAMBLEA,41078,BARAYA,08404,PACTOHISTORICO,00057,YESID CAMPOS SOTELO,2
2023,ASAMBLEA,41078,BARAYA,08404,PACTOHISTORICO,00058,MERCEDES SANTOS POLANCO,4
2023,ASAMBLEA,41078,BARAYA,08404,PACTOHISTORICO,00059,MARIA NELLY PULIDO HERNANDEZ,4
2023,ASAMBLEA,41078,BARAYA,08404,PACTOHISTORICO,00060,FRANCISCO ISMAEL OLAYA OLAYA,15
2023,ASAMBLEA,41078,BARAYA,08404,PACTOHISTORICO,00061,LEIDY TATIANA JAIMES HERNANDEZ,3
2023,ASAMBLEA,41078,BARAYA,08416,COALICIÓN PARTIDO DE LA U Y PARTIDO POLITICO MIRA,00000,COALICIÓN PARTIDO DE LA U Y PARTIDO POLITICO MIRA,8
2023,ASAMBLEA,41078,BARAYA,08416,COALICIÓN PARTIDO DE LA U Y PARTIDO POLITICO MIRA,00051,JOSE LUIS CHAUX JOVEN,9
2023,ASAMBLEA,41078,BARAYA,08416,COALICIÓN PARTIDO DE LA U Y PARTIDO POLITICO MIRA,00052,TANIA ANDREA NINCO ZUÑIGA,7
2023,ASAMBLEA,41078,BARAYA,08416,COALICIÓN PARTIDO DE LA U Y PARTIDO POLITICO MIRA,00055,LUIS GUILLERMO CARDOZO,91
2023,ASAMBLEA,41078,BARAYA,08416,COALICIÓN PARTIDO DE LA U Y PARTIDO POLITICO MIRA,00056,PATRICIA LUGO AVENDAÑO,5
2023,ASAMBLEA,41078,BARAYA,08416,COALICIÓN PARTIDO DE LA U Y PARTIDO POLITICO MIRA,00060,GRACE FERNANDA RADA RICO,4
2023,ASAMBLEA,41078,BARAYA,08416,COALICIÓN PARTIDO DE LA U Y PARTIDO POLITICO MIRA,00061,EDISSON ANDRES PALMA CHAVEZ,19
2023,ASAMBLEA,41078,BARAYA,08416,COALICIÓN PARTIDO DE LA U Y PARTIDO POLITICO MIRA,00062,NESTOR IVAN RODRIGUEZ ANDRADE,60
2023,ASAMBLEA,41132,CAMPOALEGRE,00000,,00996,VOTOS EN BLANCO,2162
2023,ASAMBLEA,41132,CAMPOALEGRE,00000,,00997,VOTOS NULOS,1015
2023,ASAMBLEA,41132,CAMPOALEGRE,00000,,00998,VOTOS NO MARCADOS,2265
2023,ASAMBLEA,41132,CAMPOALEGRE,00001,PARTIDO LIBERAL COLOMBIANO,00000,PARTIDO LIBERAL COLOMBIANO,321
2023,ASAMBLEA,41132,CAMPOALEGRE,00001,PARTIDO LIBERAL COLOMBIANO,00051,ALFADIL ORTIGOZA,431
2023,ASAMBLEA,41132,CAMPOALEGRE,00001,PARTIDO LIBERAL COLOMBIANO,00052,MILTON GERARDO CORTES CUELLAR,1646
2023,ASAMBLEA,41132,CAMPOALEGRE,00001,PARTIDO LIBERAL COLOMBIANO,00053,ORLANDO IBAGON SANCHEZ,973
2023,ASAMBLEA,41132,CAMPOALEGRE,00001,PARTIDO LIBERAL COLOMBIANO,00054,RAMIRO ADOLFO MUÑOZ CALDERON,51
2023,ASAMBLEA,41132,CAMPOALEGRE,00001,PARTIDO LIBERAL COLOMBIANO,00055,VICTORIA EUGENIA CASTRO SILVA,362
2023,ASAMBLEA,41132,CAMPOALEGRE,00001,PARTIDO LIBERAL COLOMBIANO,00056,OSCAR URIEL BRAVO DIAZ,254
2023,ASAMBLEA,41132,CAMPOALEGRE,00001,PARTIDO LIBERAL COLOMBIANO,00057,CARLOS EDILSON POSADA MAYA,721
2023,ASAMBLEA,41132,CAMPOALEGRE,00001,PARTIDO LIBERAL COLOMBIANO,00058,FABIO ARMANDO ORTIZ REYES,35
2023,ASAMBLEA,41132,CAMPOALEGRE,00001,PARTIDO LIBERAL COLOMBIANO,00059,CLAUDIA PATRICIA CONDE VILLANEDA,30
2023,ASAMBLEA,41132,CAMPOALEGRE,00001,PARTIDO LIBERAL COLOMBIANO,00060,ALEIDA SALINAS CAMPOS,23
2023,ASAMBLEA,41132,CAMPOALEGRE,00001,PARTIDO LIBERAL COLOMBIANO,00061,ARELIS VARGAS ALVAREZ,16
2023,ASAMBLEA,41132,CAMPOALEGRE,00001,PARTIDO LIBERAL COLOMBIANO,00062,SERGIO ANDRES TRUJILLO PERDOMO,380
2023,ASAMBLEA,41132,CAMPOALEGRE,00002,PARTIDO CONSERVADOR COLOMBIANO,00000,PARTIDO CONSERVADOR COLOMBIANO,48
2023,ASAMBLEA,41132,CAMPOALEGRE,00002,PARTIDO CONSERVADOR COLOMBIANO,00051,OMAR ALVARO ALEXIS DIAZ CUELLAR,162
2023,ASAMBLEA,41132,CAMPOALEGRE,00002,PARTIDO CONSERVADOR COLOMBIANO,00052,NELSON JESUS MURCIA OME,45
2023,ASAMBLEA,41132,CAMPOALEGRE,00002,PARTIDO CONSERVADOR COLOMBIANO,00053,MAURICIO CIFUENTES VELASQUEZ,12
2023,ASAMBLEA,41132,CAMPOALEGRE,00002,PARTIDO CONSERVADOR COLOMBIANO,00054,NATALIA CASALLAS VANEGAS,6
2023,ASAMBLEA,41132,CAMPOALEGRE,00002,PARTIDO CONSERVADOR COLOMBIANO,00055,ALENXANDRO SALAZAR LLANOS,27
2023,ASAMBLEA,41132,CAMPOALEGRE,00002,PARTIDO CONSERVADOR COLOMBIANO,00056,SILVIO DANIEL VASQUEZ CORONADO,29
2023,ASAMBLEA,41132,CAMPOALEGRE,00002,PARTIDO CONSERVADOR COLOMBIANO,00057,NORBERTO ANTONIO CASTAÑO BUITRAGO,106
2023,ASAMBLEA,41132,CAMPOALEGRE,00002,PARTIDO CONSERVADOR COLOMBIANO,00058,DANIELA CHARRY MOSCOSO,7
2023,ASAMBLEA,41132,CAMPOALEGRE,00002,PARTIDO CONSERVADOR COLOMBIANO,00059,CIELO ROCIO COLLAZOS CUTIVA,6
2023,ASAMBLEA,41132,CAMPOALEGRE,00002,PARTIDO CONSERVADOR COLOMBIANO,00060,ANYELO SANDOVAL PEÑA,4
2023,ASAMBLEA,41132,CAMPOALEGRE,00002,PARTIDO CONSERVADOR COLOMBIANO,00061,PAULA MELISSA TRUJILLO PEDROZA,8
2023,ASAMBLEA,41132,CAMPOALEGRE,00002,PARTIDO CONSERVADOR COLOMBIANO,00062,WILMER EDUARDO ALVARADO MUÑOZ,221
2023,ASAMBLEA,41132,CAMPOALEGRE,00004,PARTIDO ALIANZA VERDE,00000,PARTIDO ALIANZA VERDE,141
2023,ASAMBLEA,41132,CAMPOALEGRE,00004,PARTIDO ALIANZA VERDE,00051,DIANA LORENA MONJE ALBARRACIN,320
2023,ASAMBLEA,41132,CAMPOALEGRE,00004,PARTIDO ALIANZA VERDE,00052,OSCAR FERNANDO RAMIREZ PRADA,85
2023,ASAMBLEA,41132,CAMPOALEGRE,00004,PARTIDO ALIANZA VERDE,00053,JUAN CAMILO FORERO CARDENAS,52
2023,ASAMBLEA,41132,CAMPOALEGRE,00004,PARTIDO ALIANZA VERDE,00054,BLANCA EDITH MEDINA BOTACHE,19
2023,ASAMBLEA,41132,CAMPOALEGRE,00004,PARTIDO ALIANZA VERDE,00055,VIRGILIO HUERGO GOMEZ,260
2023,ASAMBLEA,41132,CAMPOALEGRE,00004,PARTIDO ALIANZA VERDE,00056,OSCAR IVAN LLANOS RODRIGUEZ,57
2023,ASAMBLEA,41132,CAMPOALEGRE,00004,PARTIDO ALIANZA VERDE,00060,SHIRLEY ROCIO QUINTERO SANCHEZ,35
2023,ASAMBLEA,41132,CAMPOALEGRE,00004,PARTIDO ALIANZA VERDE,00061,JOSE ARMANDO ACUÑA MOLINA,127
2023,ASAMBLEA,41132,CAMPOALEGRE,00004,PARTIDO ALIANZA VERDE,00062,DIEGO FERNANDO PASCUAS ARIAS,105
2023,ASAMBLEA,41132,CAMPOALEGRE,07099,HUILA EMPRENDE,00000,HUILA EMPRENDE,63
2023,ASAMBLEA,41132,CAMPOALEGRE,07099,HUILA EMPRENDE,00051,CARLOS ARLEY STERLING CARDOZO,316
2023,ASAMBLEA,41132,CAMPOALEGRE,07099,HUILA EMPRENDE,00052,YERALDYN SAENZ MUÑOZ,41
2023,ASAMBLEA,41132,CAMPOALEGRE,07099,HUILA EMPRENDE,00053,MICHELL ALEJANDRA GONZALEZ OSPINA,22
2023,ASAMBLEA,41132,CAMPOALEGRE,07099,HUILA EMPRENDE,00054,CECILIA CUELLAR LEDESMA,3
2023,ASAMBLEA,41132,CAMPOALEGRE,07099,HUILA EMPRENDE,00055,WILFRED TRUJILLO TRUJILLO,81
2023,ASAMBLEA,41132,CAMPOALEGRE,07099,HUILA EMPRENDE,00056,BENSAIR SILVA BERNAL,48
2023,ASAMBLEA,41132,CAMPOALEGRE,07099,HUILA EMPRENDE,00057,EDGAR BONILLA RAMIREZ,108
2023,ASAMBLEA,41132,CAMPOALEGRE,07099,HUILA EMPRENDE,00058,DARBINSON ANDRES GOMEZ CABRERA,66
2023,ASAMBLEA,41132,CAMPOALEGRE,07099,HUILA EMPRENDE,00059,DORIAN CORTES CALDERON,16
2023,ASAMBLEA,41132,CAMPOALEGRE,07099,HUILA EMPRENDE,00060,EDWIN HARVEY BARAJAS HERNANDEZ,75
2023,ASAMBLEA,41132,CAMPOALEGRE,07099,HUILA EMPRENDE,00061,OCTAVIO CABRERA CANTE,33
2023,ASAMBLEA,41132,CAMPOALEGRE,07099,HUILA EMPRENDE,00062,MAIRA JULIETH ORTIZ CRUZ,6
2023,ASAMBLEA,41132,CAMPOALEGRE,07892,ALMA DEL HUILA,00000,ALMA DEL HUILA,31
2023,ASAMBLEA,41132,CAMPOALEGRE,07892,ALMA DEL HUILA,00051,JOHN ALEXANDER TRUJILLO NINCO,29
2023,ASAMBLEA,41132,CAMPOALEGRE,07892,ALMA DEL HUILA,00052,ADAN ROJAS BARRETO,25
2023,ASAMBLEA,41132,CAMPOALEGRE,07892,ALMA DEL HUILA,00053,WILLIAM GONZALEZ HENAO,20
2023,ASAMBLEA,41132,CAMPOALEGRE,07892,ALMA DEL HUILA,00054,PEDRO NEL JIMENEZ STERLING,6
2023,ASAMBLEA,41132,CAMPOALEGRE,07892,ALMA DEL HUILA,00055,YENIFER GOMEZ QUINTERO,10
2023,ASAMBLEA,41132,CAMPOALEGRE,07892,ALMA DEL HUILA,00056,SINDAY CAMACHO TRUJILLO,14
2023,ASAMBLEA,41132,CAMPOALEGRE,07892,ALMA DEL HUILA,00057,YILEIDI CUBILLOS HERMIDA,8
2023,ASAMBLEA,41132,CAMPOALEGRE,07892,ALMA DEL HUILA,00058,KELLY YULIETH CASTAÑEDA GALINDO,2
2023,ASAMBLEA,41132,CAMPOALEGRE,07892,ALMA DEL HUILA,00059,DANIEL LEONARDO SANZ PERDOMO,46
2023,ASAMBLEA,41132,CAMPOALEGRE,07892,ALMA DEL HUILA,00060,IVAN ALFREDO CANGREJO TORRES,197
2023,ASAMBLEA,41132,CAMPOALEGRE,07892,ALMA DEL HUILA,00061,IVAN CORTES LOSADA,9
2023,ASAMBLEA,41132,CAMPOALEGRE,07892,ALMA DEL HUILA,00062,OMAR ORTIZ SEPULVEDA,11
2023,ASAMBLEA,41132,CAMPOALEGRE,08399,COAL. PARTIDO CENTRO DEMOCRATICO Y PARTIDO LIGA,00000,COAL. PARTIDO CENTRO DEMOCRATICO Y PARTIDO LIGA,83
2023,ASAMBLEA,41132,CAMPOALEGRE,08399,COAL. PARTIDO CENTRO DEMOCRATICO Y PARTIDO LIGA,00051,TATIANA SOLANO CABALLERO,80
2023,ASAMBLEA,41132,CAMPOALEGRE,08399,COAL. PARTIDO CENTRO DEMOCRATICO Y PARTIDO LIGA,00052,CARLOS ANDRES MOLINA OSORIO,27
2023,ASAMBLEA,41132,CAMPOALEGRE,08399,COAL. PARTIDO CENTRO DEMOCRATICO Y PARTIDO LIGA,00054,FRANKEL HERRERA DUSSAN,4
2023,ASAMBLEA,41132,CAMPOALEGRE,08399,COAL. PARTIDO CENTRO DEMOCRATICO Y PARTIDO LIGA,00055,TATIANA PATRICIA MENDEZ RAMOS,17
2023,ASAMBLEA,41132,CAMPOALEGRE,08399,COAL. PARTIDO CENTRO DEMOCRATICO Y PARTIDO LIGA,00056,ANDRES GARCIA MONTEALEGRE,48
2023,ASAMBLEA,41132,CAMPOALEGRE,08399,COAL. PARTIDO CENTRO DEMOCRATICO Y PARTIDO LIGA,00057,SONIA DEL PILAR CUELLAR CASTRO,50
2023,ASAMBLEA,41132,CAMPOALEGRE,08399,COAL. PARTIDO CENTRO DEMOCRATICO Y PARTIDO LIGA,00058,JHON HAROL SANCHEZ DELGADO,11
2023,ASAMBLEA,41132,CAMPOALEGRE,08399,COAL. PARTIDO CENTRO DEMOCRATICO Y PARTIDO LIGA,00059,MISAEL POBLADOR PEREZ,42
2023,ASAMBLEA,41132,CAMPOALEGRE,08399,COAL. PARTIDO CENTRO DEMOCRATICO Y PARTIDO LIGA,00060,SORLY ARIAS SANCHEZ,9
2023,ASAMBLEA,41132,CAMPOALEGRE,08399,COAL. PARTIDO CENTRO DEMOCRATICO Y PARTIDO LIGA,00061,JOSE FRANKLIN LOSADA CERQUERA,6
2023,ASAMBLEA,41132,CAMPOALEGRE,08399,COAL. PARTIDO CENTRO DEMOCRATICO Y PARTIDO LIGA,00062,YANDRY MILENA DIAZ CARVAJAL,84
2023,ASAMBLEA,41132,CAMPOALEGRE,08404,PACTOHISTORICO,00000,PACTOHISTORICO,108
2023,ASAMBLEA,41132,CAMPOALEGRE,08404,PACTOHISTORICO,00051,LUIS EDGAR GUTIERREZ GUTIERREZ,108
2023,ASAMBLEA,41132,CAMPOALEGRE,08404,PACTOHISTORICO,00052,LEONARDO VERA YARA,132
2023,ASAMBLEA,41132,CAMPOALEGRE,08404,PACTOHISTORICO,00053,JOSE IGNACIO MARROQUIN SANCHEZ,42
2023,ASAMBLEA,41132,CAMPOALEGRE,08404,PACTOHISTORICO,00054,LINDA PAOLA MEDINA CHARRY,39
2023,ASAMBLEA,41132,CAMPOALEGRE,08404,PACTOHISTORICO,00055,JUAN BAUTISTA MORERA MEDINA,96
2023,ASAMBLEA,41132,CAMPOALEGRE,08404,PACTOHISTORICO,00056,FRANK YULL FIERRO MAYORGA,1541
2023,ASAMBLEA,41132,CAMPOALEGRE,08404,PACTOHISTORICO,00057,YESID CAMPOS SOTELO,69
2023,ASAMBLEA,41132,CAMPOALEGRE,08404,PACTOHISTORICO,00058,MERCEDES SANTOS POLANCO,28
2023,ASAMBLEA,41132,CAMPOALEGRE,08404,PACTOHISTORICO,00059,MARIA NELLY PULIDO HERNANDEZ,28
2023,ASAMBLEA,41132,CAMPOALEGRE,08404,PACTOHISTORICO,00060,FRANCISCO ISMAEL OLAYA OLAYA,37
2023,ASAMBLEA,41132,CAMPOALEGRE,08404,PACTOHISTORICO,00061,LEIDY TATIANA JAIMES HERNANDEZ,18
2023,ASAMBLEA,41132,CAMPOALEGRE,08404,PACTOHISTORICO,00062,ROBERTO CARLOS TOMBE TUNUBALA,10
2023,ASAMBLEA,41132,CAMPOALEGRE,08416,COALICIÓN PARTIDO DE LA U Y PARTIDO POLITICO MIRA,00000,COALICIÓN PARTIDO DE LA U Y PARTIDO POLITICO MIRA,36
2023,ASAMBLEA,41132,CAMPOALEGRE,08416,COALICIÓN PARTIDO DE LA U Y PARTIDO POLITICO MIRA,00051,JOSE LUIS CHAUX JOVEN,43
2023,ASAMBLEA,41132,CAMPOALEGRE,08416,COALICIÓN PARTIDO DE LA U Y PARTIDO POLITICO MIRA,00052,TANIA ANDREA NINCO ZUÑIGA,34
2023,ASAMBLEA,41132,CAMPOALEGRE,08416,COALICIÓN PARTIDO DE LA U Y PARTIDO POLITICO MIRA,00055,LUIS GUILLERMO CARDOZO,37
2023,ASAMBLEA,41132,CAMPOALEGRE,08416,COALICIÓN PARTIDO DE LA U Y PARTIDO POLITICO MIRA,00056,PATRICIA LUGO AVENDAÑO,12
2023,ASAMBLEA,41132,CAMPOALEGRE,08416,COALICIÓN PARTIDO DE LA U Y PARTIDO POLITICO MIRA,00059,ALVARO HERNANDO AMAYA VALENCIA,14
2023,ASAMBLEA,41132,CAMPOALEGRE,08416,COALICIÓN PARTIDO DE LA U Y PARTIDO POLITICO MIRA,00060,GRACE FERNANDA RADA RICO,13
2023,ASAMBLEA,41132,CAMPOALEGRE,08416,COALICIÓN PARTIDO DE LA U Y PARTIDO POLITICO MIRA,00061,EDISSON ANDRES PALMA CHAVEZ,18
2023,ASAMBLEA,41132,CAMPOALEGRE,08416,COALICIÓN PARTIDO DE LA U Y PARTIDO POLITICO MIRA,00062,NESTOR IVAN RODRIGUEZ ANDRADE,148
2023,ASAMBLEA,41206,COLOMBIA,00000,,00996,VOTOS EN BLANCO,282
2023,ASAMBLEA,41206,COLOMBIA,00000,,00997,VOTOS NULOS,100
2023,ASAMBLEA,41206,COLOMBIA,00000,,00998,VOTOS NO MARCADOS,998
2023,ASAMBLEA,41206,COLOMBIA,00001,PARTIDO LIBERAL COLOMBIANO,00000,PARTIDO LIBERAL COLOMBIANO,93
2023,ASAMBLEA,41206,COLOMBIA,00001,PARTIDO LIBERAL COLOMBIANO,00051,ALFADIL ORTIGOZA,679
2023,ASAMBLEA,41206,COLOMBIA,00001,PARTIDO LIBERAL COLOMBIANO,00052,MILTON GERARDO CORTES CUELLAR,49
2023,ASAMBLEA,41206,COLOMBIA,00001,PARTIDO LIBERAL COLOMBIANO,00053,ORLANDO IBAGON SANCHEZ,49
2023,ASAMBLEA,41206,COLOMBIA,00001,PARTIDO LIBERAL COLOMBIANO,00054,RAMIRO ADOLFO MUÑOZ CALDERON,4
2023,ASAMBLEA,41206,COLOMBIA,00001,PARTIDO LIBERAL COLOMBIANO,00055,VICTORIA EUGENIA CASTRO SILVA,113
2023,ASAMBLEA,41206,COLOMBIA,00001,PARTIDO LIBERAL COLOMBIANO,00056,OSCAR URIEL BRAVO DIAZ,39
2023,ASAMBLEA,41206,COLOMBIA,00001,PARTIDO LIBERAL COLOMBIANO,00057,CARLOS EDILSON POSADA MAYA,66
2023,ASAMBLEA,41206,COLOMBIA,00001,PARTIDO LIBERAL COLOMBIANO,00058,FABIO ARMANDO ORTIZ REYES,12
2023,ASAMBLEA,41206,COLOMBIA,00001,PARTIDO LIBERAL COLOMBIANO,00059,CLAUDIA PATRICIA CONDE VILLANEDA,7
2023,ASAMBLEA,41206,COLOMBIA,00001,PARTIDO LIBERAL COLOMBIANO,00060,ALEIDA SALINAS CAMPOS,19
2023,ASAMBLEA,41206,COLOMBIA,00001,PARTIDO LIBERAL COLOMBIANO,00061,ARELIS VARGAS ALVAREZ,20
2023,ASAMBLEA,41206,COLOMBIA,00001,PARTIDO LIBERAL COLOMBIANO,00062,SERGIO ANDRES TRUJILLO PERDOMO,611
2023,ASAMBLEA,41206,COLOMBIA,00002,PARTIDO CONSERVADOR COLOMBIANO,00000,PARTIDO CONSERVADOR COLOMBIANO,67
2023,ASAMBLEA,41206,COLOMBIA,00002,PARTIDO CONSERVADOR COLOMBIANO,00051,OMAR ALVARO ALEXIS DIAZ CUELLAR,77
2023,ASAMBLEA,41206,COLOMBIA,00002,PARTIDO CONSERVADOR COLOMBIANO,00052,NELSON JESUS MURCIA OME,16
2023,ASAMBLEA,41206,COLOMBIA,00002,PARTIDO CONSERVADOR COLOMBIANO,00053,MAURICIO CIFUENTES VELASQUEZ,7
2023,ASAMBLEA,41206,COLOMBIA,00002,PARTIDO CONSERVADOR COLOMBIANO,00054,NATALIA CASALLAS VANEGAS,2
2023,ASAMBLEA,41206,COLOMBIA,00002,PARTIDO CONSERVADOR COLOMBIANO,00055,ALENXANDRO SALAZAR LLANOS,21
2023,ASAMBLEA,41206,COLOMBIA,00002,PARTIDO CONSERVADOR COLOMBIANO,00056,SILVIO DANIEL VASQUEZ CORONADO,10
2023,ASAMBLEA,41206,COLOMBIA,00002,PARTIDO CONSERVADOR COLOMBIANO,00057,NORBERTO ANTONIO CASTAÑO BUITRAGO,52
2023,ASAMBLEA,41206,COLOMBIA,00002,PARTIDO CONSERVADOR COLOMBIANO,00058,DANIELA CHARRY MOSCOSO,3
2023,ASAMBLEA,41206,COLOMBIA,00002,PARTIDO CONSERVADOR COLOMBIANO,00059,CIELO ROCIO COLLAZOS CUTIVA,2
2023,ASAMBLEA,41206,COLOMBIA,00002,PARTIDO CONSERVADOR COLOMBIANO,00060,ANYELO SANDOVAL PEÑA,14
2023,ASAMBLEA,41206,COLOMBIA,00002,PARTIDO CONSERVADOR COLOMBIANO,00061,PAULA MELISSA TRUJILLO PEDROZA,11
2023,ASAMBLEA,41206,COLOMBIA,00002,PARTIDO CONSERVADOR COLOMBIANO,00062,WILMER EDUARDO ALVARADO MUÑOZ,130
2023,ASAMBLEA,41206,COLOMBIA,00004,PARTIDO ALIANZA VERDE,00000,PARTIDO ALIANZA VERDE,28
2023,ASAMBLEA,41206,COLOMBIA,00004,PARTIDO ALIANZA VERDE,00051,DIANA LORENA MONJE ALBARRACIN,42
2023,ASAMBLEA,41206,COLOMBIA,00004,PARTIDO ALIANZA VERDE,00052,OSCAR FERNANDO RAMIREZ PRADA,10
2023,ASAMBLEA,41206,COLOMBIA,00004,PARTIDO ALIANZA VERDE,00053,JUAN CAMILO FORERO CARDENAS,1
2023,ASAMBLEA,41206,COLOMBIA,00004,PARTIDO ALIANZA VERDE,00054,BLANCA EDITH MEDINA BOTACHE,4
2023,ASAMBLEA,41206,COLOMBIA,00004,PARTIDO ALIANZA VERDE,00055,VIRGILIO HUERGO GOMEZ,104
2023,ASAMBLEA,41206,COLOMBIA,00004,PARTIDO ALIANZA VERDE,00056,OSCAR IVAN LLANOS RODRIGUEZ,3
2023,ASAMBLEA,41206,COLOMBIA,00004,PARTIDO ALIANZA VERDE,00060,SHIRLEY ROCIO QUINTERO SANCHEZ,2
2023,ASAMBLEA,41206,COLOMBIA,00004,PARTIDO ALIANZA VERDE,00061,JOSE ARMANDO ACUÑA MOLINA,76
2023,ASAMBLEA,41206,COLOMBIA,00004,PARTIDO ALIANZA VERDE,00062,DIEGO FERNANDO PASCUAS ARIAS,25
2023,ASAMBLEA,41206,COLOMBIA,07099,HUILA EMPRENDE,00000,HUILA EMPRENDE,22
2023,ASAMBLEA,41206,COLOMBIA,07099,HUILA EMPRENDE,00051,CARLOS ARLEY STERLING CARDOZO,109
2023,ASAMBLEA,41206,COLOMBIA,07099,HUILA EMPRENDE,00052,YERALDYN SAENZ MUÑOZ,10
2023,ASAMBLEA,41206,COLOMBIA,07099,HUILA EMPRENDE,00053,MICHELL ALEJANDRA GONZALEZ OSPINA,4
2023,ASAMBLEA,41206,COLOMBIA,07099,HUILA EMPRENDE,00054,CECILIA CUELLAR LEDESMA,1
2023,ASAMBLEA,41206,COLOMBIA,07099,HUILA EMPRENDE,00055,WILFRED TRUJILLO TRUJILLO,165
2023,ASAMBLEA,41206,COLOMBIA,07099,HUILA EMPRENDE,00056,BENSAIR SILVA BERNAL,4
2023,ASAMBLEA,41206,COLOMBIA,07099,HUILA EMPRENDE,00057,EDGAR BONILLA RAMIREZ,15
2023,ASAMBLEA,41206,COLOMBIA,07099,HUILA EMPRENDE,00058,DARBINSON ANDRES GOMEZ CABRERA,2
2023,ASAMBLEA,41206,COLOMBIA,07099,HUILA EMPRENDE,00059,DORIAN CORTES CALDERON,4
2023,ASAMBLEA,41206,COLOMBIA,07099,HUILA EMPRENDE,00060,EDWIN HARVEY BARAJAS HERNANDEZ,8
2023,ASAMBLEA,41206,COLOMBIA,07099,HUILA EMPRENDE,00061,OCTAVIO CABRERA CANTE,3
2023,ASAMBLEA,41206,COLOMBIA,07099,HUILA EMPRENDE,00062,MAIRA JULIETH ORTIZ CRUZ,9
2023,ASAMBLEA,41206,COLOMBIA,07892,ALMA DEL HUILA,00000,ALMA DEL HUILA,13
2023,ASAMBLEA,41206,COLOMBIA,07892,ALMA DEL HUILA,00051,JOHN ALEXANDER TRUJILLO NINCO,13
2023,ASAMBLEA,41206,COLOMBIA,07892,ALMA DEL HUILA,00052,ADAN ROJAS BARRETO,7
2023,ASAMBLEA,41206,COLOMBIA,07892,ALMA DEL HUILA,00053,WILLIAM GONZALEZ HENAO,7
2023,ASAMBLEA,41206,COLOMBIA,07892,ALMA DEL HUILA,00055,YENIFER GOMEZ QUINTERO,3
2023,ASAMBLEA,41206,COLOMBIA,07892,ALMA DEL HUILA,00056,SINDAY CAMACHO TRUJILLO,1
2023,ASAMBLEA,41206,COLOMBIA,07892,ALMA DEL HUILA,00058,KELLY YULIETH CASTAÑEDA GALINDO,2
2023,ASAMBLEA,41206,COLOMBIA,07892,ALMA DEL HUILA,00060,IVAN ALFREDO CANGREJO TORRES,218
2023,ASAMBLEA,41206,COLOMBIA,07892,ALMA DEL HUILA,00061,IVAN CORTES LOSADA,5
2023,ASAMBLEA,41206,COLOMBIA,07892,ALMA DEL HUILA,00062,OMAR ORTIZ SEPULVEDA,14
2023,ASAMBLEA,41206,COLOMBIA,08399,COAL. PARTIDO CENTRO DEMOCRATICO Y PARTIDO LIGA,00000,COAL. PARTIDO CENTRO DEMOCRATICO Y PARTIDO LIGA,10
2023,ASAMBLEA,41206,COLOMBIA,08399,COAL. PARTIDO CENTRO DEMOCRATICO Y PARTIDO LIGA,00051,TATIANA SOLANO CABALLERO,31
2023,ASAMBLEA,41206,COLOMBIA,08399,COAL. PARTIDO CENTRO DEMOCRATICO Y PARTIDO LIGA,00052,CARLOS ANDRES MOLINA OSORIO,3
2023,ASAMBLEA,41206,COLOMBIA,08399,COAL. PARTIDO CENTRO DEMOCRATICO Y PARTIDO LIGA,00054,FRANKEL HERRERA DUSSAN,1
2023,ASAMBLEA,41206,COLOMBIA,08399,COAL. PARTIDO CENTRO DEMOCRATICO Y PARTIDO LIGA,00055,TATIANA PATRICIA MENDEZ RAMOS,8
2023,ASAMBLEA,41206,COLOMBIA,08399,COAL. PARTIDO CENTRO DEMOCRATICO Y PARTIDO LIGA,00056,ANDRES GARCIA MONTEALEGRE,5
2023,ASAMBLEA,41206,COLOMBIA,08399,COAL. PARTIDO CENTRO DEMOCRATICO Y PARTIDO LIGA,00057,SONIA DEL PILAR CUELLAR CASTRO,4
2023,ASAMBLEA,41206,COLOMBIA,08399,COAL. PARTIDO CENTRO DEMOCRATICO Y PARTIDO LIGA,00059,MISAEL POBLADOR PEREZ,1
2023,ASAMBLEA,41206,COLOMBIA,08399,COAL. PARTIDO CENTRO DEMOCRATICO Y PARTIDO LIGA,00060,SORLY ARIAS SANCHEZ,6
2023,ASAMBLEA,41206,COLOMBIA,08399,COAL. PARTIDO CENTRO DEMOCRATICO Y PARTIDO LIGA,00062,YANDRY MILENA DIAZ CARVAJAL,76
2023,ASAMBLEA,41206,COLOMBIA,08404,PACTOHISTORICO,00000,PACTOHISTORICO,24
2023,ASAMBLEA,41206,COLOMBIA,08404,PACTOHISTORICO,00051,LUIS EDGAR GUTIERREZ GUTIERREZ,11
2023,ASAMBLEA,41206,COLOMBIA,08404,PACTOHISTORICO,00052,LEONARDO VERA YARA,8
2023,ASAMBLEA,41206,COLOMBIA,08404,PACTOHISTORICO,00053,JOSE IGNACIO MARROQUIN SANCHEZ,22
2023,ASAMBLEA,41206,COLOMBIA,08404,PACTOHISTORICO,00054,LINDA PAOLA MEDINA CHARRY,1
2023,ASAMBLEA,41206,COLOMBIA,08404,PACTOHISTORICO,00055,JUAN BAUTISTA MORERA MEDINA,5
2023,ASAMBLEA,41206,COLOMBIA,08404,PACTOHISTORICO,00056,FRANK YULL FIERRO MAYORGA,18
2023,ASAMBLEA,41206,COLOMBIA,08404,PACTOHISTORICO,00057,YESID CAMPOS SOTELO,3
2023,ASAMBLEA,41206,COLOMBIA,08404,PACTOHISTORICO,00058,MERCEDES SANTOS POLANCO,1
2023,ASAMBLEA,41206,COLOMBIA,08404,PACTOHISTORICO,00059,MARIA NELLY PULIDO HERNANDEZ,1
2023,ASAMBLEA,41206,COLOMBIA,08404,PACTOHISTORICO,00060,FRANCISCO ISMAEL OLAYA OLAYA,8
2023,ASAMBLEA,41206,COLOMBIA,08404,PACTOHISTORICO,00061,LEIDY TATIANA JAIMES HERNANDEZ,2
2023,ASAMBLEA,41206,COLOMBIA,08404,PACTOHISTORICO,00062,ROBERTO CARLOS TOMBE TUNUBALA,12
2023,ASAMBLEA,41206,COLOMBIA,08416,COALICIÓN PARTIDO DE LA U Y PARTIDO POLITICO MIRA,00000,COALICIÓN PARTIDO DE LA U Y PARTIDO POLITICO MIRA,8
2023,ASAMBLEA,41206,COLOMBIA,08416,COALICIÓN PARTIDO DE LA U Y PARTIDO POLITICO MIRA,00051,JOSE LUIS CHAUX JOVEN,8
2023,ASAMBLEA,41206,COLOMBIA,08416,COALICIÓN PARTIDO DE LA U Y PARTIDO POLITICO MIRA,00052,TANIA ANDREA NINCO ZUÑIGA,5
2023,ASAMBLEA,41206,COLOMBIA,08416,COALICIÓN PARTIDO DE LA U Y PARTIDO POLITICO MIRA,00055,LUIS GUILLERMO CARDOZO,10
2023,ASAMBLEA,41206,COLOMBIA,08416,COALICIÓN PARTIDO DE LA U Y PARTIDO POLITICO MIRA,00056,PATRICIA LUGO AVENDAÑO,1
2023,ASAMBLEA,41206,COLOMBIA,08416,COALICIÓN PARTIDO DE LA U Y PARTIDO POLITICO MIRA,00059,ALVARO HERNANDO AMAYA VALENCIA,5
2023,ASAMBLEA,41206,COLOMBIA,08416,COALICIÓN PARTIDO DE LA U Y PARTIDO POLITICO MIRA,00060,GRACE FERNANDA RADA RICO,2
2023,ASAMBLEA,41206,COLOMBIA,08416,COALICIÓN PARTIDO DE LA U Y PARTIDO POLITICO MIRA,00061,EDISSON ANDRES PALMA CHAVEZ,45
2023,ASAMBLEA,41206,COLOMBIA,08416,COALICIÓN PARTIDO DE LA U Y PARTIDO POLITICO MIRA,00062,NESTOR IVAN RODRIGUEZ ANDRADE,142
2023,ASAMBLEA,41244,ELÍAS,00000,,00996,VOTOS EN BLANCO,164
2023,ASAMBLEA,41244,ELÍAS,00000,,00997,VOTOS NULOS,62
2023,ASAMBLEA,41244,ELÍAS,00000,,00998,VOTOS NO MARCADOS,468
2023,ASAMBLEA,41244,ELÍAS,00001,PARTIDO LIBERAL COLOMBIANO,00000,PARTIDO LIBERAL COLOMBIANO,54
2023,ASAMBLEA,41244,ELÍAS,00001,PARTIDO LIBERAL COLOMBIANO,00051,ALFADIL ORTIGOZA,23
2023,ASAMBLEA,41244,ELÍAS,00001,PARTIDO LIBERAL COLOMBIANO,00052,MILTON GERARDO CORTES CUELLAR,33
2023,ASAMBLEA,41244,ELÍAS,00001,PARTIDO LIBERAL COLOMBIANO,00053,ORLANDO IBAGON SANCHEZ,29
2023,ASAMBLEA,41244,ELÍAS,00001,PARTIDO LIBERAL COLOMBIANO,00054,RAMIRO ADOLFO MUÑOZ CALDERON,8
2023,ASAMBLEA,41244,ELÍAS,00001,PARTIDO LIBERAL COLOMBIANO,00055,VICTORIA EUGENIA CASTRO SILVA,142
2023,ASAMBLEA,41244,ELÍAS,00001,PARTIDO LIBERAL COLOMBIANO,00056,OSCAR URIEL BRAVO DIAZ,54
2023,ASAMBLEA,41244,ELÍAS,00001,PARTIDO LIBERAL COLOMBIANO,00057,CARLOS EDILSON POSADA MAYA,37
2023,ASAMBLEA,41244,ELÍAS,00001,PARTIDO LIBERAL COLOMBIANO,00058,FABIO ARMANDO ORTIZ REYES,2
2023,ASAMBLEA,41244,ELÍAS,00001,PARTIDO LIBERAL COLOMBIANO,00059,CLAUDIA PATRICIA CONDE VILLANEDA,2
2023,ASAMBLEA,41244,ELÍAS,00001,PARTIDO LIBERAL COLOMBIANO,00060,ALEIDA SALINAS CAMPOS,56
2023,ASAMBLEA,41244,ELÍAS,00001,PARTIDO LIBERAL COLOMBIANO,00061,ARELIS VARGAS ALVAREZ,4
2023,ASAMBLEA,41244,ELÍAS,00001,PARTIDO LIBERAL COLOMBIANO,00062,SERGIO ANDRES TRUJILLO PERDOMO,138
2023,ASAMBLEA,41244,ELÍAS,00002,PARTIDO CONSERVADOR COLOMBIANO,00000,PARTIDO CONSERVADOR COLOMBIANO,3
2023,ASAMBLEA,41244,ELÍAS,00002,PARTIDO CONSERVADOR COLOMBIANO,00051,OMAR ALVARO ALEXIS DIAZ CUELLAR,12
2023,ASAMBLEA,41244,ELÍAS,00002,PARTIDO CONSERVADOR COLOMBIANO,00052,NELSON JESUS MURCIA OME,6
2023,ASAMBLEA,41244,ELÍAS,00002,PARTIDO CONSERVADOR COLOMBIANO,00053,MAURICIO CIFUENTES VELASQUEZ,1
2023,ASAMBLEA,41244,ELÍAS,00002,PARTIDO CONSERVADOR COLOMBIANO,00055,ALENXANDRO SALAZAR LLANOS,14
2023,ASAMBLEA,41244,ELÍAS,00002,PARTIDO CONSERVADOR COLOMBIANO,00056,SILVIO DANIEL VASQUEZ CORONADO,5
2023,ASAMBLEA,41244,ELÍAS,00002,PARTIDO CONSERVADOR COLOMBIANO,00057,NORBERTO ANTONIO CASTAÑO BUITRAGO,16
2023,ASAMBLEA,41244,ELÍAS,00002,PARTIDO CONSERVADOR COLOMBIANO,00058,DANIELA CHARRY MOSCOSO,3
2023,ASAMBLEA,41244,ELÍAS,00002,PARTIDO CONSERVADOR COLOMBIANO,00060,ANYELO SANDOVAL PEÑA,13
2023,ASAMBLEA,41244,ELÍAS,00002,PARTIDO CONSERVADOR COLOMBIANO,00061,PAULA MELISSA TRUJILLO PEDROZA,2
2023,ASAMBLEA,41244,ELÍAS,00002,PARTIDO CONSERVADOR COLOMBIANO,00062,WILMER EDUARDO ALVARADO MUÑOZ,30
2023,ASAMBLEA,41244,ELÍAS,00004,PARTIDO ALIANZA VERDE,00000,PARTIDO ALIANZA VERDE,12
2023,ASAMBLEA,41244,ELÍAS,00004,PARTIDO ALIANZA VERDE,00051,DIANA LORENA MONJE ALBARRACIN,28
2023,ASAMBLEA,41244,ELÍAS,00004,PARTIDO ALIANZA VERDE,00052,OSCAR FERNANDO RAMIREZ PRADA,7
2023,ASAMBLEA,41244,ELÍAS,00004,PARTIDO ALIANZA VERDE,00053,JUAN CAMILO FORERO CARDENAS,27
2023,ASAMBLEA,41244,ELÍAS,00004,PARTIDO ALIANZA VERDE,00054,BLANCA EDITH MEDINA BOTACHE,3
2023,ASAMBLEA,41244,ELÍAS,00004,PARTIDO ALIANZA VERDE,00055,VIRGILIO HUERGO GOMEZ,120
2023,ASAMBLEA,41244,ELÍAS,00004,PARTIDO ALIANZA VERDE,00056,OSCAR IVAN LLANOS RODRIGUEZ,11
2023,ASAMBLEA,41244,ELÍAS,00004,PARTIDO ALIANZA VERDE,00060,SHIRLEY ROCIO QUINTERO SANCHEZ,8
2023,ASAMBLEA,41244,ELÍAS,00004,PARTIDO ALIANZA VERDE,00061,JOSE ARMANDO ACUÑA MOLINA,52
2023,ASAMBLEA,41244,ELÍAS,00004,PARTIDO ALIANZA VERDE,00062,DIEGO FERNANDO PASCUAS ARIAS,14
2023,ASAMBLEA,41244,ELÍAS,07099,HUILA EMPRENDE,00000,HUILA EMPRENDE,2
2023,ASAMBLEA,41244,ELÍAS,07099,HUILA EMPRENDE,00051,CARLOS ARLEY STERLING CARDOZO,15
2023,ASAMBLEA,41244,ELÍAS,07099,HUILA EMPRENDE,00052,YERALDYN SAENZ MUÑOZ,3
2023,ASAMBLEA,41244,ELÍAS,07099,HUILA EMPRENDE,00053,MICHELL ALEJANDRA GONZALEZ OSPINA,1
2023,ASAMBLEA,41244,ELÍAS,07099,HUILA EMPRENDE,00054,CECILIA CUELLAR LEDESMA,4
2023,ASAMBLEA,41244,ELÍAS,07099,HUILA EMPRENDE,00055,WILFRED TRUJILLO TRUJILLO,64
2023,ASAMBLEA,41244,ELÍAS,07099,HUILA EMPRENDE,00056,BENSAIR SILVA BERNAL,5
2023,ASAMBLEA,41244,ELÍAS,07099,HUILA EMPRENDE,00057,EDGAR BONILLA RAMIREZ,103
2023,ASAMBLEA,41244,ELÍAS,07099,HUILA EMPRENDE,00058,DARBINSON ANDRES GOMEZ CABRERA,2
2023,ASAMBLEA,41244,ELÍAS,07099,HUILA EMPRENDE,00060,EDWIN HARVEY BARAJAS HERNANDEZ,15
2023,ASAMBLEA,41244,ELÍAS,07099,HUILA EMPRENDE,00061,OCTAVIO CABRERA CANTE,10
2023,ASAMBLEA,41244,ELÍAS,07099,HUILA EMPRENDE,00062,MAIRA JULIETH ORTIZ CRUZ,1
2023,ASAMBLEA,41244,ELÍAS,07892,ALMA DEL HUILA,00000,ALMA DEL HUILA,18
2023,ASAMBLEA,41244,ELÍAS,07892,ALMA DEL HUILA,00051,JOHN ALEXANDER TRUJILLO NINCO,6
2023,ASAMBLEA,41244,ELÍAS,07892,ALMA DEL HUILA,00052,ADAN ROJAS BARRETO,4
2023,ASAMBLEA,41244,ELÍAS,07892,ALMA DEL HUILA,00053,WILLIAM GONZALEZ HENAO,30
2023,ASAMBLEA,41244,ELÍAS,07892,ALMA DEL HUILA,00054,PEDRO NEL JIMENEZ STERLING,31
2023,ASAMBLEA,41244,ELÍAS,07892,ALMA DEL HUILA,00055,YENIFER GOMEZ QUINTERO,12
2023,ASAMBLEA,41244,ELÍAS,07892,ALMA DEL HUILA,00056,SINDAY CAMACHO TRUJILLO,5
2023,ASAMBLEA,41244,ELÍAS,07892,ALMA DEL HUILA,00057,YILEIDI CUBILLOS HERMIDA,20
2023,ASAMBLEA,41244,ELÍAS,07892,ALMA DEL HUILA,00058,KELLY YULIETH CASTAÑEDA GALINDO,2
2023,ASAMBLEA,41244,ELÍAS,07892,ALMA DEL HUILA,00059,DANIEL LEONARDO SANZ PERDOMO,4
2023,ASAMBLEA,41244,ELÍAS,07892,ALMA DEL HUILA,00060,IVAN ALFREDO CANGREJO TORRES,441
2023,ASAMBLEA,41244,ELÍAS,07892,ALMA DEL HUILA,00061,IVAN CORTES LOSADA,2
2023,ASAMBLEA,41244,ELÍAS,07892,ALMA DEL HUILA,00062,OMAR ORTIZ SEPULVEDA,5
2023,ASAMBLEA,41244,ELÍAS,08399,COAL. PARTIDO CENTRO DEMOCRATICO Y PARTIDO LIGA,00000,COAL. PARTIDO CENTRO DEMOCRATICO Y PARTIDO LIGA,7
2023,ASAMBLEA,41244,ELÍAS,08399,COAL. PARTIDO CENTRO DEMOCRATICO Y PARTIDO LIGA,00051,TATIANA SOLANO CABALLERO,13
2023,ASAMBLEA,41244,ELÍAS,08399,COAL. PARTIDO CENTRO DEMOCRATICO Y PARTIDO LIGA,00052,CARLOS ANDRES MOLINA OSORIO,2
2023,ASAMBLEA,41244,ELÍAS,08399,COAL. PARTIDO CENTRO DEMOCRATICO Y PARTIDO LIGA,00054,FRANKEL HERRERA DUSSAN,3
2023,ASAMBLEA,41244,ELÍAS,08399,COAL. PARTIDO CENTRO DEMOCRATICO Y PARTIDO LIGA,00055,TATIANA PATRICIA MENDEZ RAMOS,48
2023,ASAMBLEA,41244,ELÍAS,08399,COAL. PARTIDO CENTRO DEMOCRATICO Y PARTIDO LIGA,00056,ANDRES GARCIA MONTEALEGRE,8
2023,ASAMBLEA,41244,ELÍAS,08399,COAL. PARTIDO CENTRO DEMOCRATICO Y PARTIDO LIGA,00057,SONIA DEL PILAR CUELLAR CASTRO,210
2023,ASAMBLEA,41244,ELÍAS,08399,COAL. PARTIDO CENTRO DEMOCRATICO Y PARTIDO LIGA,00058,JHON HAROL SANCHEZ DELGADO,2
2023,ASAMBLEA,41244,ELÍAS,08399,COAL. PARTIDO CENTRO DEMOCRATICO Y PARTIDO LIGA,00059,MISAEL POBLADOR PEREZ,2
2023,ASAMBLEA,41244,ELÍAS,08399,COAL. PARTIDO CENTRO DEMOCRATICO Y PARTIDO LIGA,00060,SORLY ARIAS SANCHEZ,9
2023,ASAMBLEA,41244,ELÍAS,08399,COAL. PARTIDO CENTRO DEMOCRATICO Y PARTIDO LIGA,00061,JOSE FRANKLIN LOSADA CERQUERA,4
2023,ASAMBLEA,41244,ELÍAS,08399,COAL. PARTIDO CENTRO DEMOCRATICO Y PARTIDO LIGA,00062,YANDRY MILENA DIAZ CARVAJAL,3
2023,ASAMBLEA,41244,ELÍAS,08404,PACTOHISTORICO,00000,PACTOHISTORICO,6
2023,ASAMBLEA,41244,ELÍAS,08404,PACTOHISTORICO,00051,LUIS EDGAR GUTIERREZ GUTIERREZ,2
2023,ASAMBLEA,41244,ELÍAS,08404,PACTOHISTORICO,00052,LEONARDO VERA YARA,6
2023,ASAMBLEA,41244,ELÍAS,08404,PACTOHISTORICO,00053,JOSE IGNACIO MARROQUIN SANCHEZ,13
2023,ASAMBLEA,41244,ELÍAS,08404,PACTOHISTORICO,00054,LINDA PAOLA MEDINA CHARRY,3
2023,ASAMBLEA,41244,ELÍAS,08404,PACTOHISTORICO,00055,JUAN BAUTISTA MORERA MEDINA,1
2023,ASAMBLEA,41244,ELÍAS,08404,PACTOHISTORICO,00056,FRANK YULL FIERRO MAYORGA,14
2023,ASAMBLEA,41244,ELÍAS,08404,PACTOHISTORICO,00057,YESID CAMPOS SOTELO,8
2023,ASAMBLEA,41244,ELÍAS,08404,PACTOHISTORICO,00058,MERCEDES SANTOS POLANCO,1
2023,ASAMBLEA,41244,ELÍAS,08404,PACTOHISTORICO,00060,FRANCISCO ISMAEL OLAYA OLAYA,6
2023,ASAMBLEA,41244,ELÍAS,08404,PACTOHISTORICO,00061,LEIDY TATIANA JAIMES HERNANDEZ,16
2023,ASAMBLEA,41244,ELÍAS,08404,PACTOHISTORICO,00062,ROBERTO CARLOS TOMBE TUNUBALA,4
2023,ASAMBLEA,41244,ELÍAS,08416,COALICIÓN PARTIDO DE LA U Y PARTIDO POLITICO MIRA,00000,COALICIÓN PARTIDO DE LA U Y PARTIDO POLITICO MIRA,5
2023,ASAMBLEA,41244,ELÍAS,08416,COALICIÓN PARTIDO DE LA U Y PARTIDO POLITICO MIRA,00051,JOSE LUIS CHAUX JOVEN,1
2023,ASAMBLEA,41244,ELÍAS,08416,COALICIÓN PARTIDO DE LA U Y PARTIDO POLITICO MIRA,00052,TANIA ANDREA NINCO ZUÑIGA,4
2023,ASAMBLEA,41244,ELÍAS,08416,COALICIÓN PARTIDO DE LA U Y PARTIDO POLITICO MIRA,00055,LUIS GUILLERMO CARDOZO,2
2023,ASAMBLEA,41244,ELÍAS,08416,COALICIÓN PARTIDO DE LA U Y PARTIDO POLITICO MIRA,00056,PATRICIA LUGO AVENDAÑO,1
2023,ASAMBLEA,41244,ELÍAS,08416,COALICIÓN PARTIDO DE LA U Y PARTIDO POLITICO MIRA,00059,ALVARO HERNANDO AMAYA VALENCIA,1
2023,ASAMBLEA,41244,ELÍAS,08416,COALICIÓN PARTIDO DE LA U Y PARTIDO POLITICO MIRA,00060,GRACE FERNANDA RADA RICO,1
2023,ASAMBLEA,41244,ELÍAS,08416,COALICIÓN PARTIDO DE LA U Y PARTIDO POLITICO MIRA,00062,NESTOR IVAN RODRIGUEZ ANDRADE,72
2023,ASAMBLEA,41298,GARZÓN,00000,,00996,VOTOS EN BLANCO,5027
2023,ASAMBLEA,41298,GARZÓN,00000,,00997,VOTOS NULOS,1423
2023,ASAMBLEA,41298,GARZÓN,00000,,00998,VOTOS NO MARCADOS,3993
2023,ASAMBLEA,41298,GARZÓN,00001,PARTIDO LIBERAL COLOMBIANO,00000,PARTIDO LIBERAL COLOMBIANO,281
2023,ASAMBLEA,41298,GARZÓN,00001,PARTIDO LIBERAL COLOMBIANO,00051,ALFADIL ORTIGOZA,568
2023,ASAMBLEA,41298,GARZÓN,00001,PARTIDO LIBERAL COLOMBIANO,00052,MILTON GERARDO CORTES CUELLAR,137
2023,ASAMBLEA,41298,GARZÓN,00001,PARTIDO LIBERAL COLOMBIANO,00053,ORLANDO IBAGON SANCHEZ,106
2023,ASAMBLEA,41298,GARZÓN,00001,PARTIDO LIBERAL COLOMBIANO,00054,RAMIRO ADOLFO MUÑOZ CALDERON,105
2023,ASAMBLEA,41298,GARZÓN,00001,PARTIDO LIBERAL COLOMBIANO,00055,VICTORIA EUGENIA CASTRO SILVA,586
2023,ASAMBLEA,41298,GARZÓN,00001,PARTIDO LIBERAL COLOMBIANO,00056,OSCAR URIEL BRAVO DIAZ,204
2023,ASAMBLEA,41298,GARZÓN,00001,PARTIDO LIBERAL COLOMBIANO,00057,CARLOS EDILSON POSADA MAYA,509
2023,ASAMBLEA,41298,GARZÓN,00001,PARTIDO LIBERAL COLOMBIANO,00058,FABIO ARMANDO ORTIZ REYES,532
2023,ASAMBLEA,41298,GARZÓN,00001,PARTIDO LIBERAL COLOMBIANO,00059,CLAUDIA PATRICIA CONDE VILLANEDA,32
2023,ASAMBLEA,41298,GARZÓN,00001,PARTIDO LIBERAL COLOMBIANO,00060,ALEIDA SALINAS CAMPOS,33
2023,ASAMBLEA,41298,GARZÓN,00001,PARTIDO LIBERAL COLOMBIANO,00061,ARELIS VARGAS ALVAREZ,67
2023,ASAMBLEA,41298,GARZÓN,00001,PARTIDO LIBERAL COLOMBIANO,00062,SERGIO ANDRES TRUJILLO PERDOMO,666
2023,ASAMBLEA,41298,GARZÓN,00002,PARTIDO CONSERVADOR COLOMBIANO,00000,PARTIDO CONSERVADOR COLOMBIANO,254
2023,ASAMBLEA,41298,GARZÓN,00002,PARTIDO CONSERVADOR COLOMBIANO,00051,OMAR ALVARO ALEXIS DIAZ CUELLAR,645
2023,ASAMBLEA,41298,GARZÓN,00002,PARTIDO CONSERVADOR COLOMBIANO,00052,NELSON JESUS MURCIA OME,162
2023,ASAMBLEA,41298,GARZÓN,00002,PARTIDO CONSERVADOR COLOMBIANO,00053,MAURICIO CIFUENTES VELASQUEZ,24
2023,ASAMBLEA,41298,GARZÓN,00002,PARTIDO CONSERVADOR COLOMBIANO,00054,NATALIA CASALLAS VANEGAS,29
2023,ASAMBLEA,41298,GARZÓN,00002,PARTIDO CONSERVADOR COLOMBIANO,00055,ALENXANDRO SALAZAR LLANOS,56
2023,ASAMBLEA,41298,GARZÓN,00002,PARTIDO CONSERVADOR COLOMBIANO,00056,SILVIO DANIEL VASQUEZ CORONADO,66
2023,ASAMBLEA,41298,GARZÓN,00002,PARTIDO CONSERVADOR COLOMBIANO,00057,NORBERTO ANTONIO CASTAÑO BUITRAGO,156
2023,ASAMBLEA,41298,GARZÓN,00002,PARTIDO CONSERVADOR COLOMBIANO,00058,DANIELA CHARRY MOSCOSO,23
2023,ASAMBLEA,41298,GARZÓN,00002,PARTIDO CONSERVADOR COLOMBIANO,00059,CIELO ROCIO COLLAZOS CUTIVA,18
2023,ASAMBLEA,41298,GARZÓN,00002,PARTIDO CONSERVADOR COLOMBIANO,00060,ANYELO SANDOVAL PEÑA,106
2023,ASAMBLEA,41298,GARZÓN,00002,PARTIDO CONSERVADOR COLOMBIANO,00061,PAULA MELISSA TRUJILLO PEDROZA,68
2023,ASAMBLEA,41298,GARZÓN,00002,PARTIDO CONSERVADOR COLOMBIANO,00062,WILMER EDUARDO ALVARADO MUÑOZ,354
2023,ASAMBLEA,41298,GARZÓN,00004,PARTIDO ALIANZA VERDE,00000,PARTIDO ALIANZA VERDE,490
2023,ASAMBLEA,41298,GARZÓN,00004,PARTIDO ALIANZA VERDE,00051,DIANA LORENA MONJE ALBARRACIN,789
2023,ASAMBLEA,41298,GARZÓN,00004,PARTIDO ALIANZA VERDE,00052,OSCAR FERNANDO RAMIREZ PRADA,168
2023,ASAMBLEA,41298,GARZÓN,00004,PARTIDO ALIANZA VERDE,00053,JUAN CAMILO FORERO CARDENAS,379
2023,ASAMBLEA,41298,GARZÓN,00004,PARTIDO ALIANZA VERDE,00054,BLANCA EDITH MEDINA BOTACHE,94
2023,ASAMBLEA,41298,GARZÓN,00004,PARTIDO ALIANZA VERDE,00055,VIRGILIO HUERGO GOMEZ,277
2023,ASAMBLEA,41298,GARZÓN,00004,PARTIDO ALIANZA VERDE,00056,OSCAR IVAN LLANOS RODRIGUEZ,119
2023,ASAMBLEA,41298,GARZÓN,00004,PARTIDO ALIANZA VERDE,00060,SHIRLEY ROCIO QUINTERO SANCHEZ,126
2023,ASAMBLEA,41298,GARZÓN,00004,PARTIDO ALIANZA VERDE,00061,JOSE ARMANDO ACUÑA MOLINA,2482
2023,ASAMBLEA,41298,GARZÓN,00004,PARTIDO ALIANZA VERDE,00062,DIEGO FERNANDO PASCUAS ARIAS,275
2023,ASAMBLEA,41298,GARZÓN,07099,HUILA EMPRENDE,00000,HUILA EMPRENDE,139
2023,ASAMBLEA,41298,GARZÓN,07099,HUILA EMPRENDE,00051,CARLOS ARLEY STERLING CARDOZO,327
2023,ASAMBLEA,41298,GARZÓN,07099,HUILA EMPRENDE,00052,YERALDYN SAENZ MUÑOZ,48
2023,ASAMBLEA,41298,GARZÓN,07099,HUILA EMPRENDE,00053,MICHELL ALEJANDRA GONZALEZ OSPINA,39
2023,ASAMBLEA,41298,GARZÓN,07099,HUILA EMPRENDE,00054,CECILIA CUELLAR LEDESMA,42
2023,ASAMBLEA,41298,GARZÓN,07099,HUILA EMPRENDE,00055,WILFRED TRUJILLO TRUJILLO,145
2023,ASAMBLEA,41298,GARZÓN,07099,HUILA EMPRENDE,00056,BENSAIR SILVA BERNAL,57
2023,ASAMBLEA,41298,GARZÓN,07099,HUILA EMPRENDE,00057,EDGAR BONILLA RAMIREZ,2616
2023,ASAMBLEA,41298,GARZÓN,07099,HUILA EMPRENDE,00058,DARBINSON ANDRES GOMEZ CABRERA,27
2023,ASAMBLEA,41298,GARZÓN,07099,HUILA EMPRENDE,00059,DORIAN CORTES CALDERON,40
2023,ASAMBLEA,41298,GARZÓN,07099,HUILA EMPRENDE,00060,EDWIN HARVEY BARAJAS HERNANDEZ,421
2023,ASAMBLEA,41298,GARZÓN,07099,HUILA EMPRENDE,00061,OCTAVIO CABRERA CANTE,181
2023,ASAMBLEA,41298,GARZÓN,07099,HUILA EMPRENDE,00062,MAIRA JULIETH ORTIZ CRUZ,24
2023,ASAMBLEA,41298,GARZÓN,07892,ALMA DEL HUILA,00000,ALMA DEL HUILA,68
2023,ASAMBLEA,41298,GARZÓN,07892,ALMA DEL HUILA,00051,JOHN ALEXANDER TRUJILLO NINCO,79
2023,ASAMBLEA,41298,GARZÓN,07892,ALMA DEL HUILA,00052,ADAN ROJAS BARRETO,13
2023,ASAMBLEA,41298,GARZÓN,07892,ALMA DEL HUILA,00053,WILLIAM GONZALEZ HENAO,29
2023,ASAMBLEA,41298,GARZÓN,07892,ALMA DEL HUILA,00054,PEDRO NEL JIMENEZ STERLING,10
2023,ASAMBLEA,41298,GARZÓN,07892,ALMA DEL HUILA,00055,YENIFER GOMEZ QUINTERO,12
2023,ASAMBLEA,41298,GARZÓN,07892,ALMA DEL HUILA,00056,SINDAY CAMACHO TRUJILLO,24
2023,ASAMBLEA,41298,GARZÓN,07892,ALMA DEL HUILA,00057,YILEIDI CUBILLOS HERMIDA,41
2023,ASAMBLEA,41298,GARZÓN,07892,ALMA DEL HUILA,00058,KELLY YULIETH CASTAÑEDA GALINDO,8
2023,ASAMBLEA,41298,GARZÓN,07892,ALMA DEL HUILA,00059,DANIEL LEONARDO SANZ PERDOMO,70
2023,ASAMBLEA,41298,GARZÓN,07892,ALMA DEL HUILA,00060,IVAN ALFREDO CANGREJO TORRES,331
2023,ASAMBLEA,41298,GARZÓN,07892,ALMA DEL HUILA,00061,IVAN CORTES LOSADA,27
2023,ASAMBLEA,41298,GARZÓN,07892,ALMA DEL HUILA,00062,OMAR ORTIZ SEPULVEDA,18
2023,ASAMBLEA,41298,GARZÓN,08399,COAL. PARTIDO CENTRO DEMOCRATICO Y PARTIDO LIGA,00000,COAL. PARTIDO CENTRO DEMOCRATICO Y PARTIDO LIGA,331
2023,ASAMBLEA,41298,GARZÓN,08399,COAL. PARTIDO CENTRO DEMOCRATICO Y PARTIDO LIGA,00051,TATIANA SOLANO CABALLERO,341
2023,ASAMBLEA,41298,GARZÓN,08399,COAL. PARTIDO CENTRO DEMOCRATICO Y PARTIDO LIGA,00052,CARLOS ANDRES MOLINA OSORIO,90
2023,ASAMBLEA,41298,GARZÓN,08399,COAL. PARTIDO CENTRO DEMOCRATICO Y PARTIDO LIGA,00054,FRANKEL HERRERA DUSSAN,24
2023,ASAMBLEA,41298,GARZÓN,08399,COAL. PARTIDO CENTRO DEMOCRATICO Y PARTIDO LIGA,00055,TATIANA PATRICIA MENDEZ RAMOS,118
2023,ASAMBLEA,41298,GARZÓN,08399,COAL. PARTIDO CENTRO DEMOCRATICO Y PARTIDO LIGA,00056,ANDRES GARCIA MONTEALEGRE,86
2023,ASAMBLEA,41298,GARZÓN,08399,COAL. PARTIDO CENTRO DEMOCRATICO Y PARTIDO LIGA,00057,SONIA DEL PILAR CUELLAR CASTRO,215
2023,ASAMBLEA,41298,GARZÓN,08399,COAL. PARTIDO CENTRO DEMOCRATICO Y PARTIDO LIGA,00058,JHON HAROL SANCHEZ DELGADO,44
2023,ASAMBLEA,41298,GARZÓN,08399,COAL. PARTIDO CENTRO DEMOCRATICO Y PARTIDO LIGA,00059,MISAEL POBLADOR PEREZ,14
2023,ASAMBLEA,41298,GARZÓN,08399,COAL. PARTIDO CENTRO DEMOCRATICO Y PARTIDO LIGA,00060,SORLY ARIAS SANCHEZ,42
2023,ASAMBLEA,41298,GARZÓN,08399,COAL. PARTIDO CENTRO DEMOCRATICO Y PARTIDO LIGA,00061,JOSE FRANKLIN LOSADA CERQUERA,60
2023,ASAMBLEA,41298,GARZÓN,08399,COAL. PARTIDO CENTRO DEMOCRATICO Y PARTIDO LIGA,00062,YANDRY MILENA DIAZ CARVAJAL,217
2023,ASAMBLEA,41298,GARZÓN,08404,PACTOHISTORICO,00000,PACTOHISTORICO,286
2023,ASAMBLEA,41298,GARZÓN,08404,PACTOHISTORICO,00051,LUIS EDGAR GUTIERREZ GUTIERREZ,195
2023,ASAMBLEA,41298,GARZÓN,08404,PACTOHISTORICO,00052,LEONARDO VERA YARA,104
2023,ASAMBLEA,41298,GARZÓN,08404,PACTOHISTORICO,00053,JOSE IGNACIO MARROQUIN SANCHEZ,190
2023,ASAMBLEA,41298,GARZÓN,08404,PACTOHISTORICO,00054,LINDA PAOLA MEDINA CHARRY,28
2023,ASAMBLEA,41298,GARZÓN,08404,PACTOHISTORICO,00055,JUAN BAUTISTA MORERA MEDINA,70
2023,ASAMBLEA,41298,GARZÓN,08404,PACTOHISTORICO,00056,FRANK YULL FIERRO MAYORGA,129
2023,ASAMBLEA,41298,GARZÓN,08404,PACTOHISTORICO,00057,YESID CAMPOS SOTELO,100
2023,ASAMBLEA,41298,GARZÓN,08404,PACTOHISTORICO,00058,MERCEDES SANTOS POLANCO,151
2023,ASAMBLEA,41298,GARZÓN,08404,PACTOHISTORICO,00059,MARIA NELLY PULIDO HERNANDEZ,32
2023,ASAMBLEA,41298,GARZÓN,08404,PACTOHISTORICO,00060,FRANCISCO ISMAEL OLAYA OLAYA,81
2023,ASAMBLEA,41298,GARZÓN,08404,PACTOHISTORICO,00061,LEIDY TATIANA JAIMES HERNANDEZ,23
2023,ASAMBLEA,41298,GARZÓN,08404,PACTOHISTORICO,00062,ROBERTO CARLOS TOMBE TUNUBALA,28
2023,ASAMBLEA,41298,GARZÓN,08416,COALICIÓN PARTIDO DE LA U Y PARTIDO POLITICO MIRA,00000,COALICIÓN PARTIDO DE LA U Y PARTIDO POLITICO MIRA,160
2023,ASAMBLEA,41298,GARZÓN,08416,COALICIÓN PARTIDO DE LA U Y PARTIDO POLITICO MIRA,00051,JOSE LUIS CHAUX JOVEN,4891
2023,ASAMBLEA,41298,GARZÓN,08416,COALICIÓN PARTIDO DE LA U Y PARTIDO POLITICO MIRA,00052,TANIA ANDREA NINCO ZUÑIGA,126
2023,ASAMBLEA,41298,GARZÓN,08416,COALICIÓN PARTIDO DE LA U Y PARTIDO POLITICO MIRA,00055,LUIS GUILLERMO CARDOZO,93
2023,ASAMBLEA,41298,GARZÓN,08416,COALICIÓN PARTIDO DE LA U Y PARTIDO POLITICO MIRA,00056,PATRICIA LUGO AVENDAÑO,46
2023,ASAMBLEA,41298,GARZÓN,08416,COALICIÓN PARTIDO DE LA U Y PARTIDO POLITICO MIRA,00059,ALVARO HERNANDO AMAYA VALENCIA,34
2023,ASAMBLEA,41298,GARZÓN,08416,COALICIÓN PARTIDO DE LA U Y PARTIDO POLITICO MIRA,00060,GRACE FERNANDA RADA RICO,36
2023,ASAMBLEA,41298,GARZÓN,08416,COALICIÓN PARTIDO DE LA U Y PARTIDO POLITICO MIRA,00061,EDISSON ANDRES PALMA CHAVEZ,105
2023,ASAMBLEA,41298,GARZÓN,08416,COALICIÓN PARTIDO DE LA U Y PARTIDO POLITICO MIRA,00062,NESTOR IVAN RODRIGUEZ ANDRADE,287
2023,ASAMBLEA,41306,GIGANTE,00000,,00996,VOTOS EN BLANCO,1791
2023,ASAMBLEA,41306,GIGANTE,00000,,00997,VOTOS NULOS,513
2023,ASAMBLEA,41306,GIGANTE,00000,,00998,VOTOS NO MARCADOS,2014
2023,ASAMBLEA,41306,GIGANTE,00001,PARTIDO LIBERAL COLOMBIANO,00000,PARTIDO LIBERAL COLOMBIANO,180
2023,ASAMBLEA,41306,GIGANTE,00001,PARTIDO LIBERAL COLOMBIANO,00051,ALFADIL ORTIGOZA,926
2023,ASAMBLEA,41306,GIGANTE,00001,PARTIDO LIBERAL COLOMBIANO,00052,MILTON GERARDO CORTES CUELLAR,111
2023,ASAMBLEA,41306,GIGANTE,00001,PARTIDO LIBERAL COLOMBIANO,00053,ORLANDO IBAGON SANCHEZ,522
2023,ASAMBLEA,41306,GIGANTE,00001,PARTIDO LIBERAL COLOMBIANO,00054,RAMIRO ADOLFO MUÑOZ CALDERON,75
2023,ASAMBLEA,41306,GIGANTE,00001,PARTIDO LIBERAL COLOMBIANO,00055,VICTORIA EUGENIA CASTRO SILVA,665
2023,ASAMBLEA,41306,GIGANTE,00001,PARTIDO LIBERAL COLOMBIANO,00056,OSCAR URIEL BRAVO DIAZ,161
2023,ASAMBLEA,41306,GIGANTE,00001,PARTIDO LIBERAL COLOMBIANO,00057,CARLOS EDILSON POSADA MAYA,129
2023,ASAMBLEA,41306,GIGANTE,00001,PARTIDO LIBERAL COLOMBIANO,00058,FABIO ARMANDO ORTIZ REYES,41
2023,ASAMBLEA,41306,GIGANTE,00001,PARTIDO LIBERAL COLOMBIANO,00059,CLAUDIA PATRICIA CONDE VILLANEDA,13
2023,ASAMBLEA,41306,GIGANTE,00001,PARTIDO LIBERAL COLOMBIANO,00060,ALEIDA SALINAS CAMPOS,16
2023,ASAMBLEA,41306,GIGANTE,00001,PARTIDO LIBERAL COLOMBIANO,00061,ARELIS VARGAS ALVAREZ,33
2023,ASAMBLEA,41306,GIGANTE,00001,PARTIDO LIBERAL COLOMBIANO,00062,SERGIO ANDRES TRUJILLO PERDOMO,202
2023,ASAMBLEA,41306,GIGANTE,00002,PARTIDO CONSERVADOR COLOMBIANO,00000,PARTIDO CONSERVADOR COLOMBIANO,32
2023,ASAMBLEA,41306,GIGANTE,00002,PARTIDO CONSERVADOR COLOMBIANO,00051,OMAR ALVARO ALEXIS DIAZ CUELLAR,102
2023,ASAMBLEA,41306,GIGANTE,00002,PARTIDO CONSERVADOR COLOMBIANO,00052,NELSON JESUS MURCIA OME,12
2023,ASAMBLEA,41306,GIGANTE,00002,PARTIDO CONSERVADOR COLOMBIANO,00053,MAURICIO CIFUENTES VELASQUEZ,6
2023,ASAMBLEA,41306,GIGANTE,00002,PARTIDO CONSERVADOR COLOMBIANO,00054,NATALIA CASALLAS VANEGAS,7
2023,ASAMBLEA,41306,GIGANTE,00002,PARTIDO CONSERVADOR COLOMBIANO,00055,ALENXANDRO SALAZAR LLANOS,23
2023,ASAMBLEA,41306,GIGANTE,00002,PARTIDO CONSERVADOR COLOMBIANO,00056,SILVIO DANIEL VASQUEZ CORONADO,16
2023,ASAMBLEA,41306,GIGANTE,00002,PARTIDO CONSERVADOR COLOMBIANO,00057,NORBERTO ANTONIO CASTAÑO BUITRAGO,31
2023,ASAMBLEA,41306,GIGANTE,00002,PARTIDO CONSERVADOR COLOMBIANO,00058,DANIELA CHARRY MOSCOSO,4
2023,ASAMBLEA,41306,GIGANTE,00002,PARTIDO CONSERVADOR COLOMBIANO,00060,ANYELO SANDOVAL PEÑA,2
2023,ASAMBLEA,41306,GIGANTE,00002,PARTIDO CONSERVADOR COLOMBIANO,00061,PAULA MELISSA TRUJILLO PEDROZA,8
2023,ASAMBLEA,41306,GIGANTE,00002,PARTIDO CONSERVADOR COLOMBIANO,00062,WILMER EDUARDO ALVARADO MUÑOZ,77
2023,ASAMBLEA,41306,GIGANTE,00004,PARTIDO ALIANZA VERDE,00000,PARTIDO ALIANZA VERDE,150
2023,ASAMBLEA,41306,GIGANTE,00004,PARTIDO ALIANZA VERDE,00051,DIANA LORENA MONJE ALBARRACIN,195
2023,ASAMBLEA,41306,GIGANTE,00004,PARTIDO ALIANZA VERDE,00052,OSCAR FERNANDO RAMIREZ PRADA,61
2023,ASAMBLEA,41306,GIGANTE,00004,PARTIDO ALIANZA VERDE,00053,JUAN CAMILO FORERO CARDENAS,41
2023,ASAMBLEA,41306,GIGANTE,00004,PARTIDO ALIANZA VERDE,00054,BLANCA EDITH MEDINA BOTACHE,30
2023,ASAMBLEA,41306,GIGANTE,00004,PARTIDO ALIANZA VERDE,00055,VIRGILIO HUERGO GOMEZ,300
2023,ASAMBLEA,41306,GIGANTE,00004,PARTIDO ALIANZA VERDE,00056,OSCAR IVAN LLANOS RODRIGUEZ,43
2023,ASAMBLEA,41306,GIGANTE,00004,PARTIDO ALIANZA VERDE,00060,SHIRLEY ROCIO QUINTERO SANCHEZ,50
2023,ASAMBLEA,41306,GIGANTE,00004,PARTIDO ALIANZA VERDE,00061,JOSE ARMANDO ACUÑA MOLINA,1079
2023,ASAMBLEA,41306,GIGANTE,00004,PARTIDO ALIANZA VERDE,00062,DIEGO FERNANDO PASCUAS ARIAS,120
2023,ASAMBLEA,41306,GIGANTE,07099,HUILA EMPRENDE,00000,HUILA EMPRENDE,80
2023,ASAMBLEA,41306,GIGANTE,07099,HUILA EMPRENDE,00051,CARLOS ARLEY STERLING CARDOZO,218
2023,ASAMBLEA,41306,GIGANTE,07099,HUILA EMPRENDE,00052,YERALDYN SAENZ MUÑOZ,40
2023,ASAMBLEA,41306,GIGANTE,07099,HUILA EMPRENDE,00053,MICHELL ALEJANDRA GONZALEZ OSPINA,36
2023,ASAMBLEA,41306,GIGANTE,07099,HUILA EMPRENDE,00054,CECILIA CUELLAR LEDESMA,18
2023,ASAMBLEA,41306,GIGANTE,07099,HUILA EMPRENDE,00055,WILFRED TRUJILLO TRUJILLO,399
2023,ASAMBLEA,41306,GIGANTE,07099,HUILA EMPRENDE,00056,BENSAIR SILVA BERNAL,39
2023,ASAMBLEA,41306,GIGANTE,07099,HUILA EMPRENDE,00057,EDGAR BONILLA RAMIREZ,305
2023,ASAMBLEA,41306,GIGANTE,07099,HUILA EMPRENDE,00058,DARBINSON ANDRES GOMEZ CABRERA,13
2023,ASAMBLEA,41306,GIGANTE,07099,HUILA EMPRENDE,00059,DORIAN CORTES CALDERON,23
2023,ASAMBLEA,41306,GIGANTE,07099,HUILA EMPRENDE,00060,EDWIN HARVEY BARAJAS HERNANDEZ,25
2023,ASAMBLEA,41306,GIGANTE,07099,HUILA EMPRENDE,00061,OCTAVIO CABRERA CANTE,125
2023,ASAMBLEA,41306,GIGANTE,07099,HUILA EMPRENDE,00062,MAIRA JULIETH ORTIZ CRUZ,12
2023,ASAMBLEA,41306,GIGANTE,07892,ALMA DEL HUILA,00000,ALMA DEL HUILA,37
2023,ASAMBLEA,41306,GIGANTE,07892,ALMA DEL HUILA,00051,JOHN ALEXANDER TRUJILLO NINCO,19
2023,ASAMBLEA,41306,GIGANTE,07892,ALMA DEL HUILA,00052,ADAN ROJAS BARRETO,11
2023,ASAMBLEA,41306,GIGANTE,07892,ALMA DEL HUILA,00053,WILLIAM GONZALEZ HENAO,33
2023,ASAMBLEA,41306,GIGANTE,07892,ALMA DEL HUILA,00054,PEDRO NEL JIMENEZ STERLING,1
2023,ASAMBLEA,41306,GIGANTE,07892,ALMA DEL HUILA,00055,YENIFER GOMEZ QUINTERO,12
2023,ASAMBLEA,41306,GIGANTE,07892,ALMA DEL HUILA,00056,SINDAY CAMACHO TRUJILLO,8
2023,ASAMBLEA,41306,GIGANTE,07892,ALMA DEL HUILA,00057,YILEIDI CUBILLOS HERMIDA,5
2023,ASAMBLEA,41306,GIGANTE,07892,ALMA DEL HUILA,00058,KELLY YULIETH CASTAÑEDA GALINDO,2
2023,ASAMBLEA,41306,GIGANTE,07892,ALMA DEL HUILA,00059,DANIEL LEONARDO SANZ PERDOMO,40
2023,ASAMBLEA,41306,GIGANTE,07892,ALMA DEL HUILA,00060,IVAN ALFREDO CANGREJO TORRES,50
2023,ASAMBLEA,41306,GIGANTE,07892,ALMA DEL HUILA,00061,IVAN CORTES LOSADA,10
2023,ASAMBLEA,41306,GIGANTE,07892,ALMA DEL HUILA,00062,OMAR ORTIZ SEPULVEDA,80
2023,ASAMBLEA,41306,GIGANTE,08399,COAL. PARTIDO CENTRO DEMOCRATICO Y PARTIDO LIGA,00000,COAL. PARTIDO CENTRO DEMOCRATICO Y PARTIDO LIGA,67
2023,ASAMBLEA,41306,GIGANTE,08399,COAL. PARTIDO CENTRO DEMOCRATICO Y PARTIDO LIGA,00051,TATIANA SOLANO CABALLERO,133
2023,ASAMBLEA,41306,GIGANTE,08399,COAL. PARTIDO CENTRO DEMOCRATICO Y PARTIDO LIGA,00052,CARLOS ANDRES MOLINA OSORIO,26
2023,ASAMBLEA,41306,GIGANTE,08399,COAL. PARTIDO CENTRO DEMOCRATICO Y PARTIDO LIGA,00054,FRANKEL HERRERA DUSSAN,16
2023,ASAMBLEA,41306,GIGANTE,08399,COAL. PARTIDO CENTRO DEMOCRATICO Y PARTIDO LIGA,00055,TATIANA PATRICIA MENDEZ RAMOS,139
2023,ASAMBLEA,41306,GIGANTE,08399,COAL. PARTIDO CENTRO DEMOCRATICO Y PARTIDO LIGA,00056,ANDRES GARCIA MONTEALEGRE,26
2023,ASAMBLEA,41306,GIGANTE,08399,COAL. PARTIDO CENTRO DEMOCRATICO Y PARTIDO LIGA,00057,SONIA DEL PILAR CUELLAR CASTRO,44
2023,ASAMBLEA,41306,GIGANTE,08399,COAL. PARTIDO CENTRO DEMOCRATICO Y PARTIDO LIGA,00058,JHON HAROL SANCHEZ DELGADO,14
2023,ASAMBLEA,41306,GIGANTE,08399,COAL. PARTIDO CENTRO DEMOCRATICO Y PARTIDO LIGA,00059,MISAEL POBLADOR PEREZ,7
2023,ASAMBLEA,41306,GIGANTE,08399,COAL. PARTIDO CENTRO DEMOCRATICO Y PARTIDO LIGA,00060,SORLY ARIAS SANCHEZ,6
2023,ASAMBLEA,41306,GIGANTE,08399,COAL. PARTIDO CENTRO DEMOCRATICO Y PARTIDO LIGA,00061,JOSE FRANKLIN LOSADA CERQUERA,13
2023,ASAMBLEA,41306,GIGANTE,08399,COAL. PARTIDO CENTRO DEMOCRATICO Y PARTIDO LIGA,00062,YANDRY MILENA DIAZ CARVAJAL,19
2023,ASAMBLEA,41306,GIGANTE,08404,PACTOHISTORICO,00000,PACTOHISTORICO,85
2023,ASAMBLEA,41306,GIGANTE,08404,PACTOHISTORICO,00051,LUIS EDGAR GUTIERREZ GUTIERREZ,224
2023,ASAMBLEA,41306,GIGANTE,08404,PACTOHISTORICO,00052,LEONARDO VERA YARA,30
2023,ASAMBLEA,41306,GIGANTE,08404,PACTOHISTORICO,00053,JOSE IGNACIO MARROQUIN SANCHEZ,34
2023,ASAMBLEA,41306,GIGANTE,08404,PACTOHISTORICO,00054,LINDA PAOLA MEDINA CHARRY,17
2023,ASAMBLEA,41306,GIGANTE,08404,PACTOHISTORICO,00055,JUAN BAUTISTA MORERA MEDINA,34
2023,ASAMBLEA,41306,GIGANTE,08404,PACTOHISTORICO,00056,FRANK YULL FIERRO MAYORGA,302
2023,ASAMBLEA,41306,GIGANTE,08404,PACTOHISTORICO,00057,YESID CAMPOS SOTELO,23
2023,ASAMBLEA,41306,GIGANTE,08404,PACTOHISTORICO,00058,MERCEDES SANTOS POLANCO,49
2023,ASAMBLEA,41306,GIGANTE,08404,PACTOHISTORICO,00059,MARIA NELLY PULIDO HERNANDEZ,6
2023,ASAMBLEA,41306,GIGANTE,08404,PACTOHISTORICO,00060,FRANCISCO ISMAEL OLAYA OLAYA,23
2023,ASAMBLEA,41306,GIGANTE,08404,PACTOHISTORICO,00061,LEIDY TATIANA JAIMES HERNANDEZ,18
2023,ASAMBLEA,41306,GIGANTE,08404,PACTOHISTORICO,00062,ROBERTO CARLOS TOMBE TUNUBALA,6
2023,ASAMBLEA,41306,GIGANTE,08416,COALICIÓN PARTIDO DE LA U Y PARTIDO POLITICO MIRA,00000,COALICIÓN PARTIDO DE LA U Y PARTIDO POLITICO MIRA,67
2023,ASAMBLEA,41306,GIGANTE,08416,COALICIÓN PARTIDO DE LA U Y PARTIDO POLITICO MIRA,00051,JOSE LUIS CHAUX JOVEN,114
2023,ASAMBLEA,41306,GIGANTE,08416,COALICIÓN PARTIDO DE LA U Y PARTIDO POLITICO MIRA,00052,TANIA ANDREA NINCO ZUÑIGA,19
2023,ASAMBLEA,41306,GIGANTE,08416,COALICIÓN PARTIDO DE LA U Y PARTIDO POLITICO MIRA,00055,LUIS GUILLERMO CARDOZO,22
2023,ASAMBLEA,41306,GIGANTE,08416,COALICIÓN PARTIDO DE LA U Y PARTIDO POLITICO MIRA,00056,PATRICIA LUGO AVENDAÑO,15
2023,ASAMBLEA,41306,GIGANTE,08416,COALICIÓN PARTIDO DE LA U Y PARTIDO POLITICO MIRA,00059,ALVARO HERNANDO AMAYA VALENCIA,13
2023,ASAMBLEA,41306,GIGANTE,08416,COALICIÓN PARTIDO DE LA U Y PARTIDO POLITICO MIRA,00060,GRACE FERNANDA RADA RICO,7
2023,ASAMBLEA,41306,GIGANTE,08416,COALICIÓN PARTIDO DE LA U Y PARTIDO POLITICO MIRA,00061,EDISSON ANDRES PALMA CHAVEZ,116
2023,ASAMBLEA,41306,GIGANTE,08416,COALICIÓN PARTIDO DE LA U Y PARTIDO POLITICO MIRA,00062,NESTOR IVAN RODRIGUEZ ANDRADE,183
2023,ASAMBLEA,41319,GUADALUPE,00000,,00996,VOTOS EN BLANCO,1181
2023,ASAMBLEA,41319,GUADALUPE,00000,,00997,VOTOS NULOS,267
2023,ASAMBLEA,41319,GUADALUPE,00000,,00998,VOTOS NO MARCADOS,1760
2023,ASAMBLEA,41319,GUADALUPE,00001,PARTIDO LIBERAL COLOMBIANO,00000,PARTIDO LIBERAL COLOMBIANO,88
2023,ASAMBLEA,41319,GUADALUPE,00001,PARTIDO LIBERAL COLOMBIANO,00051,ALFADIL ORTIGOZA,232
2023,ASAMBLEA,41319,GUADALUPE,00001,PARTIDO LIBERAL COLOMBIANO,00052,MILTON GERARDO CORTES CUELLAR,55
2023,ASAMBLEA,41319,GUADALUPE,00001,PARTIDO LIBERAL COLOMBIANO,00053,ORLANDO IBAGON SANCHEZ,29
2023,ASAMBLEA,41319,GUADALUPE,00001,PARTIDO LIBERAL COLOMBIANO,00054,RAMIRO ADOLFO MUÑOZ CALDERON,18
2023,ASAMBLEA,41319,GUADALUPE,00001,PARTIDO LIBERAL COLOMBIANO,00055,VICTORIA EUGENIA CASTRO SILVA,766
2023,ASAMBLEA,41319,GUADALUPE,00001,PARTIDO LIBERAL COLOMBIANO,00056,OSCAR URIEL BRAVO DIAZ,38
2023,ASAMBLEA,41319,GUADALUPE,00001,PARTIDO LIBERAL COLOMBIANO,00057,CARLOS EDILSON POSADA MAYA,73
2023,ASAMBLEA,41319,GUADALUPE,00001,PARTIDO LIBERAL COLOMBIANO,00058,FABIO ARMANDO ORTIZ REYES,18
2023,ASAMBLEA,41319,GUADALUPE,00001,PARTIDO LIBERAL COLOMBIANO,00059,CLAUDIA PATRICIA CONDE VILLANEDA,10
2023,ASAMBLEA,41319,GUADALUPE,00001,PARTIDO LIBERAL COLOMBIANO,00060,ALEIDA SALINAS CAMPOS,16
2023,ASAMBLEA,41319,GUADALUPE,00001,PARTIDO LIBERAL COLOMBIANO,00061,ARELIS VARGAS ALVAREZ,44
2023,ASAMBLEA,41319,GUADALUPE,00001,PARTIDO LIBERAL COLOMBIANO,00062,SERGIO ANDRES TRUJILLO PERDOMO,421
2023,ASAMBLEA,41319,GUADALUPE,00002,PARTIDO CONSERVADOR COLOMBIANO,00000,PARTIDO CONSERVADOR COLOMBIANO,43
2023,ASAMBLEA,41319,GUADALUPE,00002,PARTIDO CONSERVADOR COLOMBIANO,00051,OMAR ALVARO ALEXIS DIAZ CUELLAR,117
2023,ASAMBLEA,41319,GUADALUPE,00002,PARTIDO CONSERVADOR COLOMBIANO,00052,NELSON JESUS MURCIA OME,64
2023,ASAMBLEA,41319,GUADALUPE,00002,PARTIDO CONSERVADOR COLOMBIANO,00053,MAURICIO CIFUENTES VELASQUEZ,9
2023,ASAMBLEA,41319,GUADALUPE,00002,PARTIDO CONSERVADOR COLOMBIANO,00054,NATALIA CASALLAS VANEGAS,5
2023,ASAMBLEA,41319,GUADALUPE,00002,PARTIDO CONSERVADOR COLOMBIANO,00055,ALENXANDRO SALAZAR LLANOS,54
2023,ASAMBLEA,41319,GUADALUPE,00002,PARTIDO CONSERVADOR COLOMBIANO,00056,SILVIO DANIEL VASQUEZ CORONADO,39
2023,ASAMBLEA,41319,GUADALUPE,00002,PARTIDO CONSERVADOR COLOMBIANO,00057,NORBERTO ANTONIO CASTAÑO BUITRAGO,39
2023,ASAMBLEA,41319,GUADALUPE,00002,PARTIDO CONSERVADOR COLOMBIANO,00058,DANIELA CHARRY MOSCOSO,4
2023,ASAMBLEA,41319,GUADALUPE,00002,PARTIDO CONSERVADOR COLOMBIANO,00059,CIELO ROCIO COLLAZOS CUTIVA,10
2023,ASAMBLEA,41319,GUADALUPE,00002,PARTIDO CONSERVADOR COLOMBIANO,00060,ANYELO SANDOVAL PEÑA,18
2023,ASAMBLEA,41319,GUADALUPE,00002,PARTIDO CONSERVADOR COLOMBIANO,00061,PAULA MELISSA TRUJILLO PEDROZA,15
2023,ASAMBLEA,41319,GUADALUPE,00002,PARTIDO CONSERVADOR COLOMBIANO,00062,WILMER EDUARDO ALVARADO MUÑOZ,38
2023,ASAMBLEA,41319,GUADALUPE,00004,PARTIDO ALIANZA VERDE,00000,PARTIDO ALIANZA VERDE,134
2023,ASAMBLEA,41319,GUADALUPE,00004,PARTIDO ALIANZA VERDE,00051,DIANA LORENA MONJE ALBARRACIN,260
2023,ASAMBLEA,41319,GUADALUPE,00004,PARTIDO ALIANZA VERDE,00052,OSCAR FERNANDO RAMIREZ PRADA,45
2023,ASAMBLEA,41319,GUADALUPE,00004,PARTIDO ALIANZA VERDE,00053,JUAN CAMILO FORERO CARDENAS,37
2023,ASAMBLEA,41319,GUADALUPE,00004,PARTIDO ALIANZA VERDE,00054,BLANCA EDITH MEDINA BOTACHE,21
2023,ASAMBLEA,41319,GUADALUPE,00004,PARTIDO ALIANZA VERDE,00055,VIRGILIO HUERGO GOMEZ,120
2023,ASAMBLEA,41319,GUADALUPE,00004,PARTIDO ALIANZA VERDE,00056,OSCAR IVAN LLANOS RODRIGUEZ,37
2023,ASAMBLEA,41319,GUADALUPE,00004,PARTIDO ALIANZA VERDE,00060,SHIRLEY ROCIO QUINTERO SANCHEZ,26
2023,ASAMBLEA,41319,GUADALUPE,00004,PARTIDO ALIANZA VERDE,00061,JOSE ARMANDO ACUÑA MOLINA,1075
2023,ASAMBLEA,41319,GUADALUPE,00004,PARTIDO ALIANZA VERDE,00062,DIEGO FERNANDO PASCUAS ARIAS,65
2023,ASAMBLEA,41319,GUADALUPE,07099,HUILA EMPRENDE,00000,HUILA EMPRENDE,36
2023,ASAMBLEA,41319,GUADALUPE,07099,HUILA EMPRENDE,00051,CARLOS ARLEY STERLING CARDOZO,53
2023,ASAMBLEA,41319,GUADALUPE,07099,HUILA EMPRENDE,00052,YERALDYN SAENZ MUÑOZ,23
2023,ASAMBLEA,41319,GUADALUPE,07099,HUILA EMPRENDE,00053,MICHELL ALEJANDRA GONZALEZ OSPINA,8
2023,ASAMBLEA,41319,GUADALUPE,07099,HUILA EMPRENDE,00054,CECILIA CUELLAR LEDESMA,5
2023,ASAMBLEA,41319,GUADALUPE,07099,HUILA EMPRENDE,00055,WILFRED TRUJILLO TRUJILLO,104
2023,ASAMBLEA,41319,GUADALUPE,07099,HUILA EMPRENDE,00056,BENSAIR SILVA BERNAL,18
2023,ASAMBLEA,41319,GUADALUPE,07099,HUILA EMPRENDE,00057,EDGAR BONILLA RAMIREZ,143
2023,ASAMBLEA,41319,GUADALUPE,07099,HUILA EMPRENDE,00058,DARBINSON ANDRES GOMEZ CABRERA,14
2023,ASAMBLEA,41319,GUADALUPE,07099,HUILA EMPRENDE,00059,DORIAN CORTES CALDERON,3
2023,ASAMBLEA,41319,GUADALUPE,07099,HUILA EMPRENDE,00060,EDWIN HARVEY BARAJAS HERNANDEZ,87
2023,ASAMBLEA,41319,GUADALUPE,07099,HUILA EMPRENDE,00061,OCTAVIO CABRERA CANTE,118
2023,ASAMBLEA,41319,GUADALUPE,07099,HUILA EMPRENDE,00062,MAIRA JULIETH ORTIZ CRUZ,13
2023,ASAMBLEA,41319,GUADALUPE,07892,ALMA DEL HUILA,00000,ALMA DEL HUILA,21
2023,ASAMBLEA,41319,GUADALUPE,07892,ALMA DEL HUILA,00051,JOHN ALEXANDER TRUJILLO NINCO,26
2023,ASAMBLEA,41319,GUADALUPE,07892,ALMA DEL HUILA,00052,ADAN ROJAS BARRETO,10
2023,ASAMBLEA,41319,GUADALUPE,07892,ALMA DEL HUILA,00053,WILLIAM GONZALEZ HENAO,8
2023,ASAMBLEA,41319,GUADALUPE,07892,ALMA DEL HUILA,00055,YENIFER GOMEZ QUINTERO,14
2023,ASAMBLEA,41319,GUADALUPE,07892,ALMA DEL HUILA,00056,SINDAY CAMACHO TRUJILLO,5
2023,ASAMBLEA,41319,GUADALUPE,07892,ALMA DEL HUILA,00057,YILEIDI CUBILLOS HERMIDA,5
2023,ASAMBLEA,41319,GUADALUPE,07892,ALMA DEL HUILA,00058,KELLY YULIETH CASTAÑEDA GALINDO,4
2023,ASAMBLEA,41319,GUADALUPE,07892,ALMA DEL HUILA,00059,DANIEL LEONARDO SANZ PERDOMO,20
2023,ASAMBLEA,41319,GUADALUPE,07892,ALMA DEL HUILA,00060,IVAN ALFREDO CANGREJO TORRES,41
2023,ASAMBLEA,41319,GUADALUPE,07892,ALMA DEL HUILA,00061,IVAN CORTES LOSADA,59
2023,ASAMBLEA,41319,GUADALUPE,07892,ALMA DEL HUILA,00062,OMAR ORTIZ SEPULVEDA,20
2023,ASAMBLEA,41319,GUADALUPE,08399,COAL. PARTIDO CENTRO DEMOCRATICO Y PARTIDO LIGA,00000,COAL. PARTIDO CENTRO DEMOCRATICO Y PARTIDO LIGA,39
2023,ASAMBLEA,41319,GUADALUPE,08399,COAL. PARTIDO CENTRO DEMOCRATICO Y PARTIDO LIGA,00051,TATIANA SOLANO CABALLERO,43
2023,ASAMBLEA,41319,GUADALUPE,08399,COAL. PARTIDO CENTRO DEMOCRATICO Y PARTIDO LIGA,00052,CARLOS ANDRES MOLINA OSORIO,27
2023,ASAMBLEA,41319,GUADALUPE,08399,COAL. PARTIDO CENTRO DEMOCRATICO Y PARTIDO LIGA,00054,FRANKEL HERRERA DUSSAN,1
2023,ASAMBLEA,41319,GUADALUPE,08399,COAL. PARTIDO CENTRO DEMOCRATICO Y PARTIDO LIGA,00055,TATIANA PATRICIA MENDEZ RAMOS,108
2023,ASAMBLEA,41319,GUADALUPE,08399,COAL. PARTIDO CENTRO DEMOCRATICO Y PARTIDO LIGA,00056,ANDRES GARCIA MONTEALEGRE,12
2023,ASAMBLEA,41319,GUADALUPE,08399,COAL. PARTIDO CENTRO DEMOCRATICO Y PARTIDO LIGA,00057,SONIA DEL PILAR CUELLAR CASTRO,44
2023,ASAMBLEA,41319,GUADALUPE,08399,COAL. PARTIDO CENTRO DEMOCRATICO Y PARTIDO LIGA,00058,JHON HAROL SANCHEZ DELGADO,3
2023,ASAMBLEA,41319,GUADALUPE,08399,COAL. PARTIDO CENTRO DEMOCRATICO Y PARTIDO LIGA,00059,MISAEL POBLADOR PEREZ,6
2023,ASAMBLEA,41319,GUADALUPE,08399,COAL. PARTIDO CENTRO DEMOCRATICO Y PARTIDO LIGA,00060,SORLY ARIAS SANCHEZ,11
2023,ASAMBLEA,41319,GUADALUPE,08399,COAL. PARTIDO CENTRO DEMOCRATICO Y PARTIDO LIGA,00061,JOSE FRANKLIN LOSADA CERQUERA,8
2023,ASAMBLEA,41319,GUADALUPE,08399,COAL. PARTIDO CENTRO DEMOCRATICO Y PARTIDO LIGA,00062,YANDRY MILENA DIAZ CARVAJAL,16
2023,ASAMBLEA,41319,GUADALUPE,08404,PACTOHISTORICO,00000,PACTOHISTORICO,47
2023,ASAMBLEA,41319,GUADALUPE,08404,PACTOHISTORICO,00051,LUIS EDGAR GUTIERREZ GUTIERREZ,36
2023,ASAMBLEA,41319,GUADALUPE,08404,PACTOHISTORICO,00052,LEONARDO VERA YARA,26
2023,ASAMBLEA,41319,GUADALUPE,08404,PACTOHISTORICO,00053,JOSE IGNACIO MARROQUIN SANCHEZ,18
2023,ASAMBLEA,41319,GUADALUPE,08404,PACTOHISTORICO,00054,LINDA PAOLA MEDINA CHARRY,4
2023,ASAMBLEA,41319,GUADALUPE,08404,PACTOHISTORICO,00055,JUAN BAUTISTA MORERA MEDINA,25
2023,ASAMBLEA,41319,GUADALUPE,08404,PACTOHISTORICO,00056,FRANK YULL FIERRO MAYORGA,47
2023,ASAMBLEA,41319,GUADALUPE,08404,PACTOHISTORICO,00057,YESID CAMPOS SOTELO,5
2023,ASAMBLEA,41319,GUADALUPE,08404,PACTOHISTORICO,00058,MERCEDES SANTOS POLANCO,14
2023,ASAMBLEA,41319,GUADALUPE,08404,PACTOHISTORICO,00059,MARIA NELLY PULIDO HERNANDEZ,13
2023,ASAMBLEA,41319,GUADALUPE,08404,PACTOHISTORICO,00060,FRANCISCO ISMAEL OLAYA OLAYA,20
2023,ASAMBLEA,41319,GUADALUPE,08404,PACTOHISTORICO,00061,LEIDY TATIANA JAIMES HERNANDEZ,11
2023,ASAMBLEA,41319,GUADALUPE,08404,PACTOHISTORICO,00062,ROBERTO CARLOS TOMBE TUNUBALA,4
2023,ASAMBLEA,41319,GUADALUPE,08416,COALICIÓN PARTIDO DE LA U Y PARTIDO POLITICO MIRA,00000,COALICIÓN PARTIDO DE LA U Y PARTIDO POLITICO MIRA,29
2023,ASAMBLEA,41319,GUADALUPE,08416,COALICIÓN PARTIDO DE LA U Y PARTIDO POLITICO MIRA,00051,JOSE LUIS CHAUX JOVEN,52
2023,ASAMBLEA,41319,GUADALUPE,08416,COALICIÓN PARTIDO DE LA U Y PARTIDO POLITICO MIRA,00052,TANIA ANDREA NINCO ZUÑIGA,6
2023,ASAMBLEA,41319,GUADALUPE,08416,COALICIÓN PARTIDO DE LA U Y PARTIDO POLITICO MIRA,00055,LUIS GUILLERMO CARDOZO,14
2023,ASAMBLEA,41319,GUADALUPE,08416,COALICIÓN PARTIDO DE LA U Y PARTIDO POLITICO MIRA,00056,PATRICIA LUGO AVENDAÑO,3
2023,ASAMBLEA,41319,GUADALUPE,08416,COALICIÓN PARTIDO DE LA U Y PARTIDO POLITICO MIRA,00059,ALVARO HERNANDO AMAYA VALENCIA,10
2023,ASAMBLEA,41319,GUADALUPE,08416,COALICIÓN PARTIDO DE LA U Y PARTIDO POLITICO MIRA,00060,GRACE FERNANDA RADA RICO,11
2023,ASAMBLEA,41319,GUADALUPE,08416,COALICIÓN PARTIDO DE LA U Y PARTIDO POLITICO MIRA,00061,EDISSON ANDRES PALMA CHAVEZ,107
2023,ASAMBLEA,41319,GUADALUPE,08416,COALICIÓN PARTIDO DE LA U Y PARTIDO POLITICO MIRA,00062,NESTOR IVAN RODRIGUEZ ANDRADE,53
2023,ASAMBLEA,41349,HOBO,00000,,00996,VOTOS EN BLANCO,492
2023,ASAMBLEA,41349,HOBO,00000,,00997,VOTOS NULOS,136
2023,ASAMBLEA,41349,HOBO,00000,,00998,VOTOS NO MARCADOS,990
2023,ASAMBLEA,41349,HOBO,00001,PARTIDO LIBERAL COLOMBIANO,00000,PARTIDO LIBERAL COLOMBIANO,74
2023,ASAMBLEA,41349,HOBO,00001,PARTIDO LIBERAL COLOMBIANO,00051,ALFADIL ORTIGOZA,234
2023,ASAMBLEA,41349,HOBO,00001,PARTIDO LIBERAL COLOMBIANO,00052,MILTON GERARDO CORTES CUELLAR,41
2023,ASAMBLEA,41349,HOBO,00001,PARTIDO LIBERAL COLOMBIANO,00053,ORLANDO IBAGON SANCHEZ,42
2023,ASAMBLEA,41349,HOBO,00001,PARTIDO LIBERAL COLOMBIANO,00054,RAMIRO ADOLFO MUÑOZ CALDERON,6
2023,ASAMBLEA,41349,HOBO,00001,PARTIDO LIBERAL COLOMBIANO,00055,VICTORIA EUGENIA CASTRO SILVA,441
2023,ASAMBLEA,41349,HOBO,00001,PARTIDO LIBERAL COLOMBIANO,00056,OSCAR URIEL BRAVO DIAZ,47
2023,ASAMBLEA,41349,HOBO,00001,PARTIDO LIBERAL COLOMBIANO,00057,CARLOS EDILSON POSADA MAYA,30
2023,ASAMBLEA,41349,HOBO,00001,PARTIDO LIBERAL COLOMBIANO,00058,FABIO ARMANDO ORTIZ REYES,10
2023,ASAMBLEA,41349,HOBO,00001,PARTIDO LIBERAL COLOMBIANO,00059,CLAUDIA PATRICIA CONDE VILLANEDA,11
2023,ASAMBLEA,41349,HOBO,00001,PARTIDO LIBERAL COLOMBIANO,00060,ALEIDA SALINAS CAMPOS,18
2023,ASAMBLEA,41349,HOBO,00001,PARTIDO LIBERAL COLOMBIANO,00061,ARELIS VARGAS ALVAREZ,23
2023,ASAMBLEA,41349,HOBO,00001,PARTIDO LIBERAL COLOMBIANO,00062,SERGIO ANDRES TRUJILLO PERDOMO,218
2023,ASAMBLEA,41349,HOBO,00002,PARTIDO CONSERVADOR COLOMBIANO,00000,PARTIDO CONSERVADOR COLOMBIANO,12
2023,ASAMBLEA,41349,HOBO,00002,PARTIDO CONSERVADOR COLOMBIANO,00051,OMAR ALVARO ALEXIS DIAZ CUELLAR,71
2023,ASAMBLEA,41349,HOBO,00002,PARTIDO CONSERVADOR COLOMBIANO,00052,NELSON JESUS MURCIA OME,12
2023,ASAMBLEA,41349,HOBO,00002,PARTIDO CONSERVADOR COLOMBIANO,00053,MAURICIO CIFUENTES VELASQUEZ,2
2023,ASAMBLEA,41349,HOBO,00002,PARTIDO CONSERVADOR COLOMBIANO,00054,NATALIA CASALLAS VANEGAS,2
2023,ASAMBLEA,41349,HOBO,00002,PARTIDO CONSERVADOR COLOMBIANO,00055,ALENXANDRO SALAZAR LLANOS,10
2023,ASAMBLEA,41349,HOBO,00002,PARTIDO CONSERVADOR COLOMBIANO,00056,SILVIO DANIEL VASQUEZ CORONADO,14
2023,ASAMBLEA,41349,HOBO,00002,PARTIDO CONSERVADOR COLOMBIANO,00057,NORBERTO ANTONIO CASTAÑO BUITRAGO,51
2023,ASAMBLEA,41349,HOBO,00002,PARTIDO CONSERVADOR COLOMBIANO,00058,DANIELA CHARRY MOSCOSO,2
2023,ASAMBLEA,41349,HOBO,00002,PARTIDO CONSERVADOR COLOMBIANO,00060,ANYELO SANDOVAL PEÑA,3
2023,ASAMBLEA,41349,HOBO,00002,PARTIDO CONSERVADOR COLOMBIANO,00061,PAULA MELISSA TRUJILLO PEDROZA,4
2023,ASAMBLEA,41349,HOBO,00002,PARTIDO CONSERVADOR COLOMBIANO,00062,WILMER EDUARDO ALVARADO MUÑOZ,24
2023,ASAMBLEA,41349,HOBO,00004,PARTIDO ALIANZA VERDE,00000,PARTIDO ALIANZA VERDE,46
2023,ASAMBLEA,41349,HOBO,00004,PARTIDO ALIANZA VERDE,00051,DIANA LORENA MONJE ALBARRACIN,63
2023,ASAMBLEA,41349,HOBO,00004,PARTIDO ALIANZA VERDE,00052,OSCAR FERNANDO RAMIREZ PRADA,28
2023,ASAMBLEA,41349,HOBO,00004,PARTIDO ALIANZA VERDE,00053,JUAN CAMILO FORERO CARDENAS,14
2023,ASAMBLEA,41349,HOBO,00004,PARTIDO ALIANZA VERDE,00054,BLANCA EDITH MEDINA BOTACHE,12
2023,ASAMBLEA,41349,HOBO,00004,PARTIDO ALIANZA VERDE,00055,VIRGILIO HUERGO GOMEZ,87
2023,ASAMBLEA,41349,HOBO,00004,PARTIDO ALIANZA VERDE,00056,OSCAR IVAN LLANOS RODRIGUEZ,26
2023,ASAMBLEA,41349,HOBO,00004,PARTIDO ALIANZA VERDE,00060,SHIRLEY ROCIO QUINTERO SANCHEZ,10
2023,ASAMBLEA,41349,HOBO,00004,PARTIDO ALIANZA VERDE,00061,JOSE ARMANDO ACUÑA MOLINA,171
2023,ASAMBLEA,41349,HOBO,00004,PARTIDO ALIANZA VERDE,00062,DIEGO FERNANDO PASCUAS ARIAS,102
2023,ASAMBLEA,41349,HOBO,07099,HUILA EMPRENDE,00000,HUILA EMPRENDE,8
2023,ASAMBLEA,41349,HOBO,07099,HUILA EMPRENDE,00051,CARLOS ARLEY STERLING CARDOZO,73
2023,ASAMBLEA,41349,HOBO,07099,HUILA EMPRENDE,00052,YERALDYN SAENZ MUÑOZ,7
2023,ASAMBLEA,41349,HOBO,07099,HUILA EMPRENDE,00053,MICHELL ALEJANDRA GONZALEZ OSPINA,3
2023,ASAMBLEA,41349,HOBO,07099,HUILA EMPRENDE,00054,CECILIA CUELLAR LEDESMA,1
2023,ASAMBLEA,41349,HOBO,07099,HUILA EMPRENDE,00055,WILFRED TRUJILLO TRUJILLO,156
2023,ASAMBLEA,41349,HOBO,07099,HUILA EMPRENDE,00056,BENSAIR SILVA BERNAL,8
2023,ASAMBLEA,41349,HOBO,07099,HUILA EMPRENDE,00057,EDGAR BONILLA RAMIREZ,15
2023,ASAMBLEA,41349,HOBO,07099,HUILA EMPRENDE,00058,DARBINSON ANDRES GOMEZ CABRERA,9
2023,ASAMBLEA,41349,HOBO,07099,HUILA EMPRENDE,00059,DORIAN CORTES CALDERON,5
2023,ASAMBLEA,41349,HOBO,07099,HUILA EMPRENDE,00060,EDWIN HARVEY BARAJAS HERNANDEZ,9
2023,ASAMBLEA,41349,HOBO,07099,HUILA EMPRENDE,00061,OCTAVIO CABRERA CANTE,15
2023,ASAMBLEA,41349,HOBO,07099,HUILA EMPRENDE,00062,MAIRA JULIETH ORTIZ CRUZ,6
2023,ASAMBLEA,41349,HOBO,07892,ALMA DEL HUILA,00000,ALMA DEL HUILA,8
2023,ASAMBLEA,41349,HOBO,07892,ALMA DEL HUILA,00051,JOHN ALEXANDER TRUJILLO NINCO,4
2023,ASAMBLEA,41349,HOBO,07892,ALMA DEL HUILA,00052,ADAN ROJAS BARRETO,2
2023,ASAMBLEA,41349,HOBO,07892,ALMA DEL HUILA,00053,WILLIAM GONZALEZ HENAO,1
2023,ASAMBLEA,41349,HOBO,07892,ALMA DEL HUILA,00055,YENIFER GOMEZ QUINTERO,5
2023,ASAMBLEA,41349,HOBO,07892,ALMA DEL HUILA,00057,YILEIDI CUBILLOS HERMIDA,2
2023,ASAMBLEA,41349,HOBO,07892,ALMA DEL HUILA,00059,DANIEL LEONARDO SANZ PERDOMO,6
2023,ASAMBLEA,41349,HOBO,07892,ALMA DEL HUILA,00060,IVAN ALFREDO CANGREJO TORRES,22
2023,ASAMBLEA,41349,HOBO,07892,ALMA DEL HUILA,00061,IVAN CORTES LOSADA,9
2023,ASAMBLEA,41349,HOBO,07892,ALMA DEL HUILA,00062,OMAR ORTIZ SEPULVEDA,1
2023,ASAMBLEA,41349,HOBO,08399,COAL. PARTIDO CENTRO DEMOCRATICO Y PARTIDO LIGA,00000,COAL. PARTIDO CENTRO DEMOCRATICO Y PARTIDO LIGA,12
2023,ASAMBLEA,41349,HOBO,08399,COAL. PARTIDO CENTRO DEMOCRATICO Y PARTIDO LIGA,00051,TATIANA SOLANO CABALLERO,48
2023,ASAMBLEA,41349,HOBO,08399,COAL. PARTIDO CENTRO DEMOCRATICO Y PARTIDO LIGA,00052,CARLOS ANDRES MOLINA OSORIO,1
2023,ASAMBLEA,41349,HOBO,08399,COAL. PARTIDO CENTRO DEMOCRATICO Y PARTIDO LIGA,00054,FRANKEL HERRERA DUSSAN,2
2023,ASAMBLEA,41349,HOBO,08399,COAL. PARTIDO CENTRO DEMOCRATICO Y PARTIDO LIGA,00055,TATIANA PATRICIA MENDEZ RAMOS,16
2023,ASAMBLEA,41349,HOBO,08399,COAL. PARTIDO CENTRO DEMOCRATICO Y PARTIDO LIGA,00056,ANDRES GARCIA MONTEALEGRE,8
2023,ASAMBLEA,41349,HOBO,08399,COAL. PARTIDO CENTRO DEMOCRATICO Y PARTIDO LIGA,00057,SONIA DEL PILAR CUELLAR CASTRO,8
2023,ASAMBLEA,41349,HOBO,08399,COAL. PARTIDO CENTRO DEMOCRATICO Y PARTIDO LIGA,00058,JHON HAROL SANCHEZ DELGADO,8
2023,ASAMBLEA,41349,HOBO,08399,COAL. PARTIDO CENTRO DEMOCRATICO Y PARTIDO LIGA,00060,SORLY ARIAS SANCHEZ,5
2023,ASAMBLEA,41349,HOBO,08399,COAL. PARTIDO CENTRO DEMOCRATICO Y PARTIDO LIGA,00061,JOSE FRANKLIN LOSADA CERQUERA,6
2023,ASAMBLEA,41349,HOBO,08399,COAL. PARTIDO CENTRO DEMOCRATICO Y PARTIDO LIGA,00062,YANDRY MILENA DIAZ CARVAJAL,3
2023,ASAMBLEA,41349,HOBO,08404,PACTOHISTORICO,00000,PACTOHISTORICO,15
2023,ASAMBLEA,41349,HOBO,08404,PACTOHISTORICO,00051,LUIS EDGAR GUTIERREZ GUTIERREZ,34
2023,ASAMBLEA,41349,HOBO,08404,PACTOHISTORICO,00052,LEONARDO VERA YARA,16
2023,ASAMBLEA,41349,HOBO,08404,PACTOHISTORICO,00053,JOSE IGNACIO MARROQUIN SANCHEZ,3
2023,ASAMBLEA,41349,HOBO,08404,PACTOHISTORICO,00054,LINDA PAOLA MEDINA CHARRY,3
2023,ASAMBLEA,41349,HOBO,08404,PACTOHISTORICO,00055,JUAN BAUTISTA MORERA MEDINA,14
2023,ASAMBLEA,41349,HOBO,08404,PACTOHISTORICO,00056,FRANK YULL FIERRO MAYORGA,24
2023,ASAMBLEA,41349,HOBO,08404,PACTOHISTORICO,00057,YESID CAMPOS SOTELO,2
2023,ASAMBLEA,41349,HOBO,08404,PACTOHISTORICO,00058,MERCEDES SANTOS POLANCO,3
2023,ASAMBLEA,41349,HOBO,08404,PACTOHISTORICO,00059,MARIA NELLY PULIDO HERNANDEZ,15
2023,ASAMBLEA,41349,HOBO,08404,PACTOHISTORICO,00060,FRANCISCO ISMAEL OLAYA OLAYA,5
2023,ASAMBLEA,41349,HOBO,08404,PACTOHISTORICO,00061,LEIDY TATIANA JAIMES HERNANDEZ,3
2023,ASAMBLEA,41349,HOBO,08404,PACTOHISTORICO,00062,ROBERTO CARLOS TOMBE TUNUBALA,2
2023,ASAMBLEA,41349,HOBO,08416,COALICIÓN PARTIDO DE LA U Y PARTIDO POLITICO MIRA,00000,COALICIÓN PARTIDO DE LA U Y PARTIDO POLITICO MIRA,15
2023,ASAMBLEA,41349,HOBO,08416,COALICIÓN PARTIDO DE LA U Y PARTIDO POLITICO MIRA,00051,JOSE LUIS CHAUX JOVEN,32
2023,ASAMBLEA,41349,HOBO,08416,COALICIÓN PARTIDO DE LA U Y PARTIDO POLITICO MIRA,00052,TANIA ANDREA NINCO ZUÑIGA,11
2023,ASAMBLEA,41349,HOBO,08416,COALICIÓN PARTIDO DE LA U Y PARTIDO POLITICO MIRA,00055,LUIS GUILLERMO CARDOZO,9
2023,ASAMBLEA,41349,HOBO,08416,COALICIÓN PARTIDO DE LA U Y PARTIDO POLITICO MIRA,00056,PATRICIA LUGO AVENDAÑO,16
2023,ASAMBLEA,41349,HOBO,08416,COALICIÓN PARTIDO DE LA U Y PARTIDO POLITICO MIRA,00059,ALVARO HERNANDO AMAYA VALENCIA,8
2023,ASAMBLEA,41349,HOBO,08416,COALICIÓN PARTIDO DE LA U Y PARTIDO POLITICO MIRA,00060,GRACE FERNANDA RADA RICO,1
2023,ASAMBLEA,41349,HOBO,08416,COALICIÓN PARTIDO DE LA U Y PARTIDO POLITICO MIRA,00061,EDISSON ANDRES PALMA CHAVEZ,134
2023,ASAMBLEA,41349,HOBO,08416,COALICIÓN PARTIDO DE LA U Y PARTIDO POLITICO MIRA,00062,NESTOR IVAN RODRIGUEZ ANDRADE,86
2023,ASAMBLEA,41357,ÍQUIRA,00000,,00996,VOTOS EN BLANCO,393
2023,ASAMBLEA,41357,ÍQUIRA,00000,,00997,VOTOS NULOS,112
2023,ASAMBLEA,41357,ÍQUIRA,00000,,00998,VOTOS NO MARCADOS,993
2023,ASAMBLEA,41357,ÍQUIRA,00001,PARTIDO LIBERAL COLOMBIANO,00000,PARTIDO LIBERAL COLOMBIANO,86
2023,ASAMBLEA,41357,ÍQUIRA,00001,PARTIDO LIBERAL COLOMBIANO,00051,ALFADIL ORTIGOZA,194
2023,ASAMBLEA,41357,ÍQUIRA,00001,PARTIDO LIBERAL COLOMBIANO,00052,MILTON GERARDO CORTES CUELLAR,35
2023,ASAMBLEA,41357,ÍQUIRA,00001,PARTIDO LIBERAL COLOMBIANO,00053,ORLANDO IBAGON SANCHEZ,52
2023,ASAMBLEA,41357,ÍQUIRA,00001,PARTIDO LIBERAL COLOMBIANO,00054,RAMIRO ADOLFO MUÑOZ CALDERON,25
2023,ASAMBLEA,41357,ÍQUIRA,00001,PARTIDO LIBERAL COLOMBIANO,00055,VICTORIA EUGENIA CASTRO SILVA,466
2023,ASAMBLEA,41357,ÍQUIRA,00001,PARTIDO LIBERAL COLOMBIANO,00056,OSCAR URIEL BRAVO DIAZ,55
2023,ASAMBLEA,41357,ÍQUIRA,00001,PARTIDO LIBERAL COLOMBIANO,00057,CARLOS EDILSON POSADA MAYA,567
2023,ASAMBLEA,41357,ÍQUIRA,00001,PARTIDO LIBERAL COLOMBIANO,00058,FABIO ARMANDO ORTIZ REYES,6
2023,ASAMBLEA,41357,ÍQUIRA,00001,PARTIDO LIBERAL COLOMBIANO,00059,CLAUDIA PATRICIA CONDE VILLANEDA,3
2023,ASAMBLEA,41357,ÍQUIRA,00001,PARTIDO LIBERAL COLOMBIANO,00060,ALEIDA SALINAS CAMPOS,10
2023,ASAMBLEA,41357,ÍQUIRA,00001,PARTIDO LIBERAL COLOMBIANO,00061,ARELIS VARGAS ALVAREZ,21
2023,ASAMBLEA,41357,ÍQUIRA,00001,PARTIDO LIBERAL COLOMBIANO,00062,SERGIO ANDRES TRUJILLO PERDOMO,201
2023,ASAMBLEA,41357,ÍQUIRA,00002,PARTIDO CONSERVADOR COLOMBIANO,00000,PARTIDO CONSERVADOR COLOMBIANO,41
2023,ASAMBLEA,41357,ÍQUIRA,00002,PARTIDO CONSERVADOR COLOMBIANO,00051,OMAR ALVARO ALEXIS DIAZ CUELLAR,111
2023,ASAMBLEA,41357,ÍQUIRA,00002,PARTIDO CONSERVADOR COLOMBIANO,00052,NELSON JESUS MURCIA OME,24
2023,ASAMBLEA,41357,ÍQUIRA,00002,PARTIDO CONSERVADOR COLOMBIANO,00053,MAURICIO CIFUENTES VELASQUEZ,17
2023,ASAMBLEA,41357,ÍQUIRA,00002,PARTIDO CONSERVADOR COLOMBIANO,00054,NATALIA CASALLAS VANEGAS,6
2023,ASAMBLEA,41357,ÍQUIRA,00002,PARTIDO CONSERVADOR COLOMBIANO,00055,ALENXANDRO SALAZAR LLANOS,84
2023,ASAMBLEA,41357,ÍQUIRA,00002,PARTIDO CONSERVADOR COLOMBIANO,00056,SILVIO DANIEL VASQUEZ CORONADO,17
2023,ASAMBLEA,41357,ÍQUIRA,00002,PARTIDO CONSERVADOR COLOMBIANO,00057,NORBERTO ANTONIO CASTAÑO BUITRAGO,138
2023,ASAMBLEA,41357,ÍQUIRA,00002,PARTIDO CONSERVADOR COLOMBIANO,00058,DANIELA CHARRY MOSCOSO,26
2023,ASAMBLEA,41357,ÍQUIRA,00002,PARTIDO CONSERVADOR COLOMBIANO,00059,CIELO ROCIO COLLAZOS CUTIVA,4
2023,ASAMBLEA,41357,ÍQUIRA,00002,PARTIDO CONSERVADOR COLOMBIANO,00060,ANYELO SANDOVAL PEÑA,1
2023,ASAMBLEA,41357,ÍQUIRA,00002,PARTIDO CONSERVADOR COLOMBIANO,00061,PAULA MELISSA TRUJILLO PEDROZA,13
2023,ASAMBLEA,41357,ÍQUIRA,00002,PARTIDO CONSERVADOR COLOMBIANO,00062,WILMER EDUARDO ALVARADO MUÑOZ,101
2023,ASAMBLEA,41357,ÍQUIRA,00004,PARTIDO ALIANZA VERDE,00000,PARTIDO ALIANZA VERDE,52
2023,ASAMBLEA,41357,ÍQUIRA,00004,PARTIDO ALIANZA VERDE,00051,DIANA LORENA MONJE ALBARRACIN,224
2023,ASAMBLEA,41357,ÍQUIRA,00004,PARTIDO ALIANZA VERDE,00052,OSCAR FERNANDO RAMIREZ PRADA,18
2023,ASAMBLEA,41357,ÍQUIRA,00004,PARTIDO ALIANZA VERDE,00053,JUAN CAMILO FORERO CARDENAS,66
2023,ASAMBLEA,41357,ÍQUIRA,00004,PARTIDO ALIANZA VERDE,00054,BLANCA EDITH MEDINA BOTACHE,12
2023,ASAMBLEA,41357,ÍQUIRA,00004,PARTIDO ALIANZA VERDE,00055,VIRGILIO HUERGO GOMEZ,78
2023,ASAMBLEA,41357,ÍQUIRA,00004,PARTIDO ALIANZA VERDE,00056,OSCAR IVAN LLANOS RODRIGUEZ,13
2023,ASAMBLEA,41357,ÍQUIRA,00004,PARTIDO ALIANZA VERDE,00060,SHIRLEY ROCIO QUINTERO SANCHEZ,14
2023,ASAMBLEA,41357,ÍQUIRA,00004,PARTIDO ALIANZA VERDE,00061,JOSE ARMANDO ACUÑA MOLINA,152
2023,ASAMBLEA,41357,ÍQUIRA,00004,PARTIDO ALIANZA VERDE,00062,DIEGO FERNANDO PASCUAS ARIAS,66
2023,ASAMBLEA,41357,ÍQUIRA,07099,HUILA EMPRENDE,00000,HUILA EMPRENDE,8
2023,ASAMBLEA,41357,ÍQUIRA,07099,HUILA EMPRENDE,00051,CARLOS ARLEY STERLING CARDOZO,129
2023,ASAMBLEA,41357,ÍQUIRA,07099,HUILA EMPRENDE,00052,YERALDYN SAENZ MUÑOZ,5
2023,ASAMBLEA,41357,ÍQUIRA,07099,HUILA EMPRENDE,00053,MICHELL ALEJANDRA GONZALEZ OSPINA,5
2023,ASAMBLEA,41357,ÍQUIRA,07099,HUILA EMPRENDE,00054,CECILIA CUELLAR LEDESMA,2
2023,ASAMBLEA,41357,ÍQUIRA,07099,HUILA EMPRENDE,00055,WILFRED TRUJILLO TRUJILLO,13
2023,ASAMBLEA,41357,ÍQUIRA,07099,HUILA EMPRENDE,00056,BENSAIR SILVA BERNAL,3
2023,ASAMBLEA,41357,ÍQUIRA,07099,HUILA EMPRENDE,00057,EDGAR BONILLA RAMIREZ,28
2023,ASAMBLEA,41357,ÍQUIRA,07099,HUILA EMPRENDE,00058,DARBINSON ANDRES GOMEZ CABRERA,17
2023,ASAMBLEA,41357,ÍQUIRA,07099,HUILA EMPRENDE,00059,DORIAN CORTES CALDERON,2
2023,ASAMBLEA,41357,ÍQUIRA,07099,HUILA EMPRENDE,00060,EDWIN HARVEY BARAJAS HERNANDEZ,35
2023,ASAMBLEA,41357,ÍQUIRA,07099,HUILA EMPRENDE,00061,OCTAVIO CABRERA CANTE,78
2023,ASAMBLEA,41357,ÍQUIRA,07099,HUILA EMPRENDE,00062,MAIRA JULIETH ORTIZ CRUZ,6
2023,ASAMBLEA,41357,ÍQUIRA,07892,ALMA DEL HUILA,00000,ALMA DEL HUILA,9
2023,ASAMBLEA,41357,ÍQUIRA,07892,ALMA DEL HUILA,00051,JOHN ALEXANDER TRUJILLO NINCO,4
2023,ASAMBLEA,41357,ÍQUIRA,07892,ALMA DEL HUILA,00052,ADAN ROJAS BARRETO,12
2023,ASAMBLEA,41357,ÍQUIRA,07892,ALMA DEL HUILA,00053,WILLIAM GONZALEZ HENAO,4
2023,ASAMBLEA,41357,ÍQUIRA,07892,ALMA DEL HUILA,00054,PEDRO NEL JIMENEZ STERLING,1
2023,ASAMBLEA,41357,ÍQUIRA,07892,ALMA DEL HUILA,00055,YENIFER GOMEZ QUINTERO,4
2023,ASAMBLEA,41357,ÍQUIRA,07892,ALMA DEL HUILA,00056,SINDAY CAMACHO TRUJILLO,3
2023,ASAMBLEA,41357,ÍQUIRA,07892,ALMA DEL HUILA,00057,YILEIDI CUBILLOS HERMIDA,2
2023,ASAMBLEA,41357,ÍQUIRA,07892,ALMA DEL HUILA,00058,KELLY YULIETH CASTAÑEDA GALINDO,1
2023,ASAMBLEA,41357,ÍQUIRA,07892,ALMA DEL HUILA,00059,DANIEL LEONARDO SANZ PERDOMO,9
2023,ASAMBLEA,41357,ÍQUIRA,07892,ALMA DEL HUILA,00060,IVAN ALFREDO CANGREJO TORRES,45
2023,ASAMBLEA,41357,ÍQUIRA,07892,ALMA DEL HUILA,00061,IVAN CORTES LOSADA,2
2023,ASAMBLEA,41357,ÍQUIRA,07892,ALMA DEL HUILA,00062,OMAR ORTIZ SEPULVEDA,2
2023,ASAMBLEA,41357,ÍQUIRA,08399,COAL. PARTIDO CENTRO DEMOCRATICO Y PARTIDO LIGA,00000,COAL. PARTIDO CENTRO DEMOCRATICO Y PARTIDO LIGA,18
2023,ASAMBLEA,41357,ÍQUIRA,08399,COAL. PARTIDO CENTRO DEMOCRATICO Y PARTIDO LIGA,00051,TATIANA SOLANO CABALLERO,29
2023,ASAMBLEA,41357,ÍQUIRA,08399,COAL. PARTIDO CENTRO DEMOCRATICO Y PARTIDO LIGA,00052,CARLOS ANDRES MOLINA OSORIO,3
2023,ASAMBLEA,41357,ÍQUIRA,08399,COAL. PARTIDO CENTRO DEMOCRATICO Y PARTIDO LIGA,00054,FRANKEL HERRERA DUSSAN,3
2023,ASAMBLEA,41357,ÍQUIRA,08399,COAL. PARTIDO CENTRO DEMOCRATICO Y PARTIDO LIGA,00055,TATIANA PATRICIA MENDEZ RAMOS,6
2023,ASAMBLEA,41357,ÍQUIRA,08399,COAL. PARTIDO CENTRO DEMOCRATICO Y PARTIDO LIGA,00056,ANDRES GARCIA MONTEALEGRE,15
2023,ASAMBLEA,41357,ÍQUIRA,08399,COAL. PARTIDO CENTRO DEMOCRATICO Y PARTIDO LIGA,00057,SONIA DEL PILAR CUELLAR CASTRO,9
2023,ASAMBLEA,41357,ÍQUIRA,08399,COAL. PARTIDO CENTRO DEMOCRATICO Y PARTIDO LIGA,00058,JHON HAROL SANCHEZ DELGADO,4
2023,ASAMBLEA,41357,ÍQUIRA,08399,COAL. PARTIDO CENTRO DEMOCRATICO Y PARTIDO LIGA,00059,MISAEL POBLADOR PEREZ,0
2023,ASAMBLEA,41357,ÍQUIRA,08399,COAL. PARTIDO CENTRO DEMOCRATICO Y PARTIDO LIGA,00060,SORLY ARIAS SANCHEZ,0
2023,ASAMBLEA,41357,ÍQUIRA,08399,COAL. PARTIDO CENTRO DEMOCRATICO Y PARTIDO LIGA,00061,JOSE FRANKLIN LOSADA CERQUERA,4
2023,ASAMBLEA,41357,ÍQUIRA,08399,COAL. PARTIDO CENTRO DEMOCRATICO Y PARTIDO LIGA,00062,YANDRY MILENA DIAZ CARVAJAL,6
2023,ASAMBLEA,41357,ÍQUIRA,08404,PACTOHISTORICO,00000,PACTOHISTORICO,42
2023,ASAMBLEA,41357,ÍQUIRA,08404,PACTOHISTORICO,00051,LUIS EDGAR GUTIERREZ GUTIERREZ,17
2023,ASAMBLEA,41357,ÍQUIRA,08404,PACTOHISTORICO,00052,LEONARDO VERA YARA,9
2023,ASAMBLEA,41357,ÍQUIRA,08404,PACTOHISTORICO,00053,JOSE IGNACIO MARROQUIN SANCHEZ,17
2023,ASAMBLEA,41357,ÍQUIRA,08404,PACTOHISTORICO,00054,LINDA PAOLA MEDINA CHARRY,8
2023,ASAMBLEA,41357,ÍQUIRA,08404,PACTOHISTORICO,00055,JUAN BAUTISTA MORERA MEDINA,22
2023,ASAMBLEA,41357,ÍQUIRA,08404,PACTOHISTORICO,00056,FRANK YULL FIERRO MAYORGA,87
2023,ASAMBLEA,41357,ÍQUIRA,08404,PACTOHISTORICO,00057,YESID CAMPOS SOTELO,17
2023,ASAMBLEA,41357,ÍQUIRA,08404,PACTOHISTORICO,00058,MERCEDES SANTOS POLANCO,3
2023,ASAMBLEA,41357,ÍQUIRA,08404,PACTOHISTORICO,00059,MARIA NELLY PULIDO HERNANDEZ,2
2023,ASAMBLEA,41357,ÍQUIRA,08404,PACTOHISTORICO,00060,FRANCISCO ISMAEL OLAYA OLAYA,8
2023,ASAMBLEA,41357,ÍQUIRA,08404,PACTOHISTORICO,00061,LEIDY TATIANA JAIMES HERNANDEZ,21
2023,ASAMBLEA,41357,ÍQUIRA,08404,PACTOHISTORICO,00062,ROBERTO CARLOS TOMBE TUNUBALA,228
2023,ASAMBLEA,41357,ÍQUIRA,08416,COALICIÓN PARTIDO DE LA U Y PARTIDO POLITICO MIRA,00000,COALICIÓN PARTIDO DE LA U Y PARTIDO POLITICO MIRA,17
2023,ASAMBLEA,41357,ÍQUIRA,08416,COALICIÓN PARTIDO DE LA U Y PARTIDO POLITICO MIRA,00051,JOSE LUIS CHAUX JOVEN,11
2023,ASAMBLEA,41357,ÍQUIRA,08416,COALICIÓN PARTIDO DE LA U Y PARTIDO POLITICO MIRA,00052,TANIA ANDREA NINCO ZUÑIGA,5
2023,ASAMBLEA,41357,ÍQUIRA,08416,COALICIÓN PARTIDO DE LA U Y PARTIDO POLITICO MIRA,00055,LUIS GUILLERMO CARDOZO,2
2023,ASAMBLEA,41357,ÍQUIRA,08416,COALICIÓN PARTIDO DE LA U Y PARTIDO POLITICO MIRA,00056,PATRICIA LUGO AVENDAÑO,1
2023,ASAMBLEA,41357,ÍQUIRA,08416,COALICIÓN PARTIDO DE LA U Y PARTIDO POLITICO MIRA,00059,ALVARO HERNANDO AMAYA VALENCIA,12
2023,ASAMBLEA,41357,ÍQUIRA,08416,COALICIÓN PARTIDO DE LA U Y PARTIDO POLITICO MIRA,00060,GRACE FERNANDA RADA RICO,5
2023,ASAMBLEA,41357,ÍQUIRA,08416,COALICIÓN PARTIDO DE LA U Y PARTIDO POLITICO MIRA,00061,EDISSON ANDRES PALMA CHAVEZ,45
2023,ASAMBLEA,41357,ÍQUIRA,08416,COALICIÓN PARTIDO DE LA U Y PARTIDO POLITICO MIRA,00062,NESTOR IVAN RODRIGUEZ ANDRADE,76
2023,ASAMBLEA,41359,ISNOS,00000,,00996,VOTOS EN BLANCO,678
2023,ASAMBLEA,41359,ISNOS,00000,,00997,VOTOS NULOS,305
2023,ASAMBLEA,41359,ISNOS,00000,,00998,VOTOS NO MARCADOS,1687
2023,ASAMBLEA,41359,ISNOS,00001,PARTIDO LIBERAL COLOMBIANO,00000,PARTIDO LIBERAL COLOMBIANO,104
2023,ASAMBLEA,41359,ISNOS,00001,PARTIDO LIBERAL COLOMBIANO,00051,ALFADIL ORTIGOZA,209
2023,ASAMBLEA,41359,ISNOS,00001,PARTIDO LIBERAL COLOMBIANO,00052,MILTON GERARDO CORTES CUELLAR,153
2023,ASAMBLEA,41359,ISNOS,00001,PARTIDO LIBERAL COLOMBIANO,00053,ORLANDO IBAGON SANCHEZ,25
2023,ASAMBLEA,41359,ISNOS,00001,PARTIDO LIBERAL COLOMBIANO,00054,RAMIRO ADOLFO MUÑOZ CALDERON,43
2023,ASAMBLEA,41359,ISNOS,00001,PARTIDO LIBERAL COLOMBIANO,00055,VICTORIA EUGENIA CASTRO SILVA,32
2023,ASAMBLEA,41359,ISNOS,00001,PARTIDO LIBERAL COLOMBIANO,00056,OSCAR URIEL BRAVO DIAZ,120
2023,ASAMBLEA,41359,ISNOS,00001,PARTIDO LIBERAL COLOMBIANO,00057,CARLOS EDILSON POSADA MAYA,14
2023,ASAMBLEA,41359,ISNOS,00001,PARTIDO LIBERAL COLOMBIANO,00058,FABIO ARMANDO ORTIZ REYES,2
2023,ASAMBLEA,41359,ISNOS,00001,PARTIDO LIBERAL COLOMBIANO,00059,CLAUDIA PATRICIA CONDE VILLANEDA,6
2023,ASAMBLEA,41359,ISNOS,00001,PARTIDO LIBERAL COLOMBIANO,00060,ALEIDA SALINAS CAMPOS,4
2023,ASAMBLEA,41359,ISNOS,00001,PARTIDO LIBERAL COLOMBIANO,00061,ARELIS VARGAS ALVAREZ,14
2023,ASAMBLEA,41359,ISNOS,00001,PARTIDO LIBERAL COLOMBIANO,00062,SERGIO ANDRES TRUJILLO PERDOMO,251
2023,ASAMBLEA,41359,ISNOS,00002,PARTIDO CONSERVADOR COLOMBIANO,00000,PARTIDO CONSERVADOR COLOMBIANO,195
2023,ASAMBLEA,41359,ISNOS,00002,PARTIDO CONSERVADOR COLOMBIANO,00051,OMAR ALVARO ALEXIS DIAZ CUELLAR,286
2023,ASAMBLEA,41359,ISNOS,00002,PARTIDO CONSERVADOR COLOMBIANO,00052,NELSON JESUS MURCIA OME,8807
2023,ASAMBLEA,41359,ISNOS,00002,PARTIDO CONSERVADOR COLOMBIANO,00053,MAURICIO CIFUENTES VELASQUEZ,66
2023,ASAMBLEA,41359,ISNOS,00002,PARTIDO CONSERVADOR COLOMBIANO,00054,NATALIA CASALLAS VANEGAS,32
2023,ASAMBLEA,41359,ISNOS,00002,PARTIDO CONSERVADOR COLOMBIANO,00055,ALENXANDRO SALAZAR LLANOS,47
2023,ASAMBLEA,41359,ISNOS,00002,PARTIDO CONSERVADOR COLOMBIANO,00056,SILVIO DANIEL VASQUEZ CORONADO,74
2023,ASAMBLEA,41359,ISNOS,00002,PARTIDO CONSERVADOR COLOMBIANO,00057,NORBERTO ANTONIO CASTAÑO BUITRAGO,45
2023,ASAMBLEA,41359,ISNOS,00002,PARTIDO CONSERVADOR COLOMBIANO,00058,DANIELA CHARRY MOSCOSO,9
2023,ASAMBLEA,41359,ISNOS,00002,PARTIDO CONSERVADOR COLOMBIANO,00059,CIELO ROCIO COLLAZOS CUTIVA,7
2023,ASAMBLEA,41359,ISNOS,00002,PARTIDO CONSERVADOR COLOMBIANO,00060,ANYELO SANDOVAL PEÑA,54
2023,ASAMBLEA,41359,ISNOS,00002,PARTIDO CONSERVADOR COLOMBIANO,00061,PAULA MELISSA TRUJILLO PEDROZA,14
2023,ASAMBLEA,41359,ISNOS,00002,PARTIDO CONSERVADOR COLOMBIANO,00062,WILMER EDUARDO ALVARADO MUÑOZ,47
2023,ASAMBLEA,41359,ISNOS,00004,PARTIDO ALIANZA VERDE,00000,PARTIDO ALIANZA VERDE,127
2023,ASAMBLEA,41359,ISNOS,00004,PARTIDO ALIANZA VERDE,00051,DIANA LORENA MONJE ALBARRACIN,52
2023,ASAMBLEA,41359,ISNOS,00004,PARTIDO ALIANZA VERDE,00052,OSCAR FERNANDO RAMIREZ PRADA,117
2023,ASAMBLEA,41359,ISNOS,00004,PARTIDO ALIANZA VERDE,00053,JUAN CAMILO FORERO CARDENAS,43
2023,ASAMBLEA,41359,ISNOS,00004,PARTIDO ALIANZA VERDE,00054,BLANCA EDITH MEDINA BOTACHE,7
2023,ASAMBLEA,41359,ISNOS,00004,PARTIDO ALIANZA VERDE,00055,VIRGILIO HUERGO GOMEZ,99
2023,ASAMBLEA,41359,ISNOS,00004,PARTIDO ALIANZA VERDE,00056,OSCAR IVAN LLANOS RODRIGUEZ,13
2023,ASAMBLEA,41359,ISNOS,00004,PARTIDO ALIANZA VERDE,00060,SHIRLEY ROCIO QUINTERO SANCHEZ,10
2023,ASAMBLEA,41359,ISNOS,00004,PARTIDO ALIANZA VERDE,00061,JOSE ARMANDO ACUÑA MOLINA,59
2023,ASAMBLEA,41359,ISNOS,00004,PARTIDO ALIANZA VERDE,00062,DIEGO FERNANDO PASCUAS ARIAS,16
2023,ASAMBLEA,41359,ISNOS,07099,HUILA EMPRENDE,00000,HUILA EMPRENDE,13
2023,ASAMBLEA,41359,ISNOS,07099,HUILA EMPRENDE,00051,CARLOS ARLEY STERLING CARDOZO,10
2023,ASAMBLEA,41359,ISNOS,07099,HUILA EMPRENDE,00052,YERALDYN SAENZ MUÑOZ,27
2023,ASAMBLEA,41359,ISNOS,07099,HUILA EMPRENDE,00053,MICHELL ALEJANDRA GONZALEZ OSPINA,1
2023,ASAMBLEA,41359,ISNOS,07099,HUILA EMPRENDE,00054,CECILIA CUELLAR LEDESMA,4
2023,ASAMBLEA,41359,ISNOS,07099,HUILA EMPRENDE,00055,WILFRED TRUJILLO TRUJILLO,97
2023,ASAMBLEA,41359,ISNOS,07099,HUILA EMPRENDE,00056,BENSAIR SILVA BERNAL,7
2023,ASAMBLEA,41359,ISNOS,07099,HUILA EMPRENDE,00057,EDGAR BONILLA RAMIREZ,11
2023,ASAMBLEA,41359,ISNOS,07099,HUILA EMPRENDE,00060,EDWIN HARVEY BARAJAS HERNANDEZ,15
2023,ASAMBLEA,41359,ISNOS,07099,HUILA EMPRENDE,00061,OCTAVIO CABRERA CANTE,208
2023,ASAMBLEA,41359,ISNOS,07099,HUILA EMPRENDE,00062,MAIRA JULIETH ORTIZ CRUZ,11
2023,ASAMBLEA,41359,ISNOS,07892,ALMA DEL HUILA,00000,ALMA DEL HUILA,10
2023,ASAMBLEA,41359,ISNOS,07892,ALMA DEL HUILA,00051,JOHN ALEXANDER TRUJILLO NINCO,18
2023,ASAMBLEA,41359,ISNOS,07892,ALMA DEL HUILA,00052,ADAN ROJAS BARRETO,38
2023,ASAMBLEA,41359,ISNOS,07892,ALMA DEL HUILA,00053,WILLIAM GONZALEZ HENAO,11
2023,ASAMBLEA,41359,ISNOS,07892,ALMA DEL HUILA,00054,PEDRO NEL JIMENEZ STERLING,5
2023,ASAMBLEA,41359,ISNOS,07892,ALMA DEL HUILA,00055,YENIFER GOMEZ QUINTERO,2
2023,ASAMBLEA,41359,ISNOS,07892,ALMA DEL HUILA,00056,SINDAY CAMACHO TRUJILLO,4
2023,ASAMBLEA,41359,ISNOS,07892,ALMA DEL HUILA,00057,YILEIDI CUBILLOS HERMIDA,4
2023,ASAMBLEA,41359,ISNOS,07892,ALMA DEL HUILA,00059,DANIEL LEONARDO SANZ PERDOMO,5
2023,ASAMBLEA,41359,ISNOS,07892,ALMA DEL HUILA,00060,IVAN ALFREDO CANGREJO TORRES,27
2023,ASAMBLEA,41359,ISNOS,07892,ALMA DEL HUILA,00061,IVAN CORTES LOSADA,2
2023,ASAMBLEA,41359,ISNOS,07892,ALMA DEL HUILA,00062,OMAR ORTIZ SEPULVEDA,1
2023,ASAMBLEA,41359,ISNOS,08399,COAL. PARTIDO CENTRO DEMOCRATICO Y PARTIDO LIGA,00000,COAL. PARTIDO CENTRO DEMOCRATICO Y PARTIDO LIGA,47
2023,ASAMBLEA,41359,ISNOS,08399,COAL. PARTIDO CENTRO DEMOCRATICO Y PARTIDO LIGA,00051,TATIANA SOLANO CABALLERO,21
2023,ASAMBLEA,41359,ISNOS,08399,COAL. PARTIDO CENTRO DEMOCRATICO Y PARTIDO LIGA,00052,CARLOS ANDRES MOLINA OSORIO,43
2023,ASAMBLEA,41359,ISNOS,08399,COAL. PARTIDO CENTRO DEMOCRATICO Y PARTIDO LIGA,00054,FRANKEL HERRERA DUSSAN,2
2023,ASAMBLEA,41359,ISNOS,08399,COAL. PARTIDO CENTRO DEMOCRATICO Y PARTIDO LIGA,00055,TATIANA PATRICIA MENDEZ RAMOS,27
2023,ASAMBLEA,41359,ISNOS,08399,COAL. PARTIDO CENTRO DEMOCRATICO Y PARTIDO LIGA,00056,ANDRES GARCIA MONTEALEGRE,8
2023,ASAMBLEA,41359,ISNOS,08399,COAL. PARTIDO CENTRO DEMOCRATICO Y PARTIDO LIGA,00057,SONIA DEL PILAR CUELLAR CASTRO,14
2023,ASAMBLEA,41359,ISNOS,08399,COAL. PARTIDO CENTRO DEMOCRATICO Y PARTIDO LIGA,00058,JHON HAROL SANCHEZ DELGADO,1
2023,ASAMBLEA,41359,ISNOS,08399,COAL. PARTIDO CENTRO DEMOCRATICO Y PARTIDO LIGA,00059,MISAEL POBLADOR PEREZ,1
2023,ASAMBLEA,41359,ISNOS,08399,COAL. PARTIDO CENTRO DEMOCRATICO Y PARTIDO LIGA,00060,SORLY ARIAS SANCHEZ,1
2023,ASAMBLEA,41359,ISNOS,08399,COAL. PARTIDO CENTRO DEMOCRATICO Y PARTIDO LIGA,00061,JOSE FRANKLIN LOSADA CERQUERA,10
2023,ASAMBLEA,41359,ISNOS,08399,COAL. PARTIDO CENTRO DEMOCRATICO Y PARTIDO LIGA,00062,YANDRY MILENA DIAZ CARVAJAL,11
2023,ASAMBLEA,41359,ISNOS,08404,PACTOHISTORICO,00000,PACTOHISTORICO,35
2023,ASAMBLEA,41359,ISNOS,08404,PACTOHISTORICO,00051,LUIS EDGAR GUTIERREZ GUTIERREZ,33
2023,ASAMBLEA,41359,ISNOS,08404,PACTOHISTORICO,00052,LEONARDO VERA YARA,51
2023,ASAMBLEA,41359,ISNOS,08404,PACTOHISTORICO,00053,JOSE IGNACIO MARROQUIN SANCHEZ,88
2023,ASAMBLEA,41359,ISNOS,08404,PACTOHISTORICO,00054,LINDA PAOLA MEDINA CHARRY,9
2023,ASAMBLEA,41359,ISNOS,08404,PACTOHISTORICO,00055,JUAN BAUTISTA MORERA MEDINA,24
2023,ASAMBLEA,41359,ISNOS,08404,PACTOHISTORICO,00056,FRANK YULL FIERRO MAYORGA,38
2023,ASAMBLEA,41359,ISNOS,08404,PACTOHISTORICO,00057,YESID CAMPOS SOTELO,19
2023,ASAMBLEA,41359,ISNOS,08404,PACTOHISTORICO,00058,MERCEDES SANTOS POLANCO,2
2023,ASAMBLEA,41359,ISNOS,08404,PACTOHISTORICO,00059,MARIA NELLY PULIDO HERNANDEZ,2
2023,ASAMBLEA,41359,ISNOS,08404,PACTOHISTORICO,00060,FRANCISCO ISMAEL OLAYA OLAYA,7
2023,ASAMBLEA,41359,ISNOS,08404,PACTOHISTORICO,00061,LEIDY TATIANA JAIMES HERNANDEZ,12
2023,ASAMBLEA,41359,ISNOS,08404,PACTOHISTORICO,00062,ROBERTO CARLOS TOMBE TUNUBALA,81
2023,ASAMBLEA,41359,ISNOS,08416,COALICIÓN PARTIDO DE LA U Y PARTIDO POLITICO MIRA,00000,COALICIÓN PARTIDO DE LA U Y PARTIDO POLITICO MIRA,22
2023,ASAMBLEA,41359,ISNOS,08416,COALICIÓN PARTIDO DE LA U Y PARTIDO POLITICO MIRA,00051,JOSE LUIS CHAUX JOVEN,5
2023,ASAMBLEA,41359,ISNOS,08416,COALICIÓN PARTIDO DE LA U Y PARTIDO POLITICO MIRA,00052,TANIA ANDREA NINCO ZUÑIGA,13
2023,ASAMBLEA,41359,ISNOS,08416,COALICIÓN PARTIDO DE LA U Y PARTIDO POLITICO MIRA,00055,LUIS GUILLERMO CARDOZO,7
2023,ASAMBLEA,41359,ISNOS,08416,COALICIÓN PARTIDO DE LA U Y PARTIDO POLITICO MIRA,00056,PATRICIA LUGO AVENDAÑO,3
2023,ASAMBLEA,41359,ISNOS,08416,COALICIÓN PARTIDO DE LA U Y PARTIDO POLITICO MIRA,00059,ALVARO HERNANDO AMAYA VALENCIA,1
2023,ASAMBLEA,41359,ISNOS,08416,COALICIÓN PARTIDO DE LA U Y PARTIDO POLITICO MIRA,00060,GRACE FERNANDA RADA RICO,10
2023,ASAMBLEA,41359,ISNOS,08416,COALICIÓN PARTIDO DE LA U Y PARTIDO POLITICO MIRA,00061,EDISSON ANDRES PALMA CHAVEZ,80
2023,ASAMBLEA,41359,ISNOS,08416,COALICIÓN PARTIDO DE LA U Y PARTIDO POLITICO MIRA,00062,NESTOR IVAN RODRIGUEZ ANDRADE,10
2023,ASAMBLEA,41378,LA ARGENTINA,00000,,00996,VOTOS EN BLANCO,400
2023,ASAMBLEA,41378,LA ARGENTINA,00000,,00997,VOTOS NULOS,149
2023,ASAMBLEA,41378,LA ARGENTINA,00000,,00998,VOTOS NO MARCADOS,882
2023,ASAMBLEA,41378,LA ARGENTINA,00001,PARTIDO LIBERAL COLOMBIANO,00000,PARTIDO LIBERAL COLOMBIANO,39
2023,ASAMBLEA,41378,LA ARGENTINA,00001,PARTIDO LIBERAL COLOMBIANO,00051,ALFADIL ORTIGOZA,72
2023,ASAMBLEA,41378,LA ARGENTINA,00001,PARTIDO LIBERAL COLOMBIANO,00052,MILTON GERARDO CORTES CUELLAR,12
2023,ASAMBLEA,41378,LA ARGENTINA,00001,PARTIDO LIBERAL COLOMBIANO,00053,ORLANDO IBAGON SANCHEZ,7
2023,ASAMBLEA,41378,LA ARGENTINA,00001,PARTIDO LIBERAL COLOMBIANO,00054,RAMIRO ADOLFO MUÑOZ CALDERON,12
2023,ASAMBLEA,41378,LA ARGENTINA,00001,PARTIDO LIBERAL COLOMBIANO,00055,VICTORIA EUGENIA CASTRO SILVA,175
2023,ASAMBLEA,41378,LA ARGENTINA,00001,PARTIDO LIBERAL COLOMBIANO,00056,OSCAR URIEL BRAVO DIAZ,68
2023,ASAMBLEA,41378,LA ARGENTINA,00001,PARTIDO LIBERAL COLOMBIANO,00057,CARLOS EDILSON POSADA MAYA,68
2023,ASAMBLEA,41378,LA ARGENTINA,00001,PARTIDO LIBERAL COLOMBIANO,00058,FABIO ARMANDO ORTIZ REYES,2
2023,ASAMBLEA,41378,LA ARGENTINA,00001,PARTIDO LIBERAL COLOMBIANO,00059,CLAUDIA PATRICIA CONDE VILLANEDA,6
2023,ASAMBLEA,41378,LA ARGENTINA,00001,PARTIDO LIBERAL COLOMBIANO,00060,ALEIDA SALINAS CAMPOS,84
2023,ASAMBLEA,41378,LA ARGENTINA,00001,PARTIDO LIBERAL COLOMBIANO,00061,ARELIS VARGAS ALVAREZ,10
2023,ASAMBLEA,41378,LA ARGENTINA,00001,PARTIDO LIBERAL COLOMBIANO,00062,SERGIO ANDRES TRUJILLO PERDOMO,26
2023,ASAMBLEA,41378,LA ARGENTINA,00002,PARTIDO CONSERVADOR COLOMBIANO,00000,PARTIDO CONSERVADOR COLOMBIANO,20
2023,ASAMBLEA,41378,LA ARGENTINA,00002,PARTIDO CONSERVADOR COLOMBIANO,00051,OMAR ALVARO ALEXIS DIAZ CUELLAR,27
2023,ASAMBLEA,41378,LA ARGENTINA,00002,PARTIDO CONSERVADOR COLOMBIANO,00052,NELSON JESUS MURCIA OME,11
2023,ASAMBLEA,41378,LA ARGENTINA,00002,PARTIDO CONSERVADOR COLOMBIANO,00053,MAURICIO CIFUENTES VELASQUEZ,3
2023,ASAMBLEA,41378,LA ARGENTINA,00002,PARTIDO CONSERVADOR COLOMBIANO,00054,NATALIA CASALLAS VANEGAS,4
2023,ASAMBLEA,41378,LA ARGENTINA,00002,PARTIDO CONSERVADOR COLOMBIANO,00055,ALENXANDRO SALAZAR LLANOS,3
2023,ASAMBLEA,41378,LA ARGENTINA,00002,PARTIDO CONSERVADOR COLOMBIANO,00056,SILVIO DANIEL VASQUEZ CORONADO,5
2023,ASAMBLEA,41378,LA ARGENTINA,00002,PARTIDO CONSERVADOR COLOMBIANO,00057,NORBERTO ANTONIO CASTAÑO BUITRAGO,16
2023,ASAMBLEA,41378,LA ARGENTINA,00002,PARTIDO CONSERVADOR COLOMBIANO,00059,CIELO ROCIO COLLAZOS CUTIVA,1
2023,ASAMBLEA,41378,LA ARGENTINA,00002,PARTIDO CONSERVADOR COLOMBIANO,00060,ANYELO SANDOVAL PEÑA,55
2023,ASAMBLEA,41378,LA ARGENTINA,00002,PARTIDO CONSERVADOR COLOMBIANO,00061,PAULA MELISSA TRUJILLO PEDROZA,11
2023,ASAMBLEA,41378,LA ARGENTINA,00002,PARTIDO CONSERVADOR COLOMBIANO,00062,WILMER EDUARDO ALVARADO MUÑOZ,42
2023,ASAMBLEA,41378,LA ARGENTINA,00004,PARTIDO ALIANZA VERDE,00000,PARTIDO ALIANZA VERDE,21
2023,ASAMBLEA,41378,LA ARGENTINA,00004,PARTIDO ALIANZA VERDE,00051,DIANA LORENA MONJE ALBARRACIN,49
2023,ASAMBLEA,41378,LA ARGENTINA,00004,PARTIDO ALIANZA VERDE,00052,OSCAR FERNANDO RAMIREZ PRADA,11
2023,ASAMBLEA,41378,LA ARGENTINA,00004,PARTIDO ALIANZA VERDE,00053,JUAN CAMILO FORERO CARDENAS,6
2023,ASAMBLEA,41378,LA ARGENTINA,00004,PARTIDO ALIANZA VERDE,00054,BLANCA EDITH MEDINA BOTACHE,1
2023,ASAMBLEA,41378,LA ARGENTINA,00004,PARTIDO ALIANZA VERDE,00055,VIRGILIO HUERGO GOMEZ,15
2023,ASAMBLEA,41378,LA ARGENTINA,00004,PARTIDO ALIANZA VERDE,00056,OSCAR IVAN LLANOS RODRIGUEZ,6
2023,ASAMBLEA,41378,LA ARGENTINA,00004,PARTIDO ALIANZA VERDE,00060,SHIRLEY ROCIO QUINTERO SANCHEZ,34
2023,ASAMBLEA,41378,LA ARGENTINA,00004,PARTIDO ALIANZA VERDE,00061,JOSE ARMANDO ACUÑA MOLINA,142
2023,ASAMBLEA,41378,LA ARGENTINA,00004,PARTIDO ALIANZA VERDE,00062,DIEGO FERNANDO PASCUAS ARIAS,8
2023,ASAMBLEA,41378,LA ARGENTINA,07099,HUILA EMPRENDE,00000,HUILA EMPRENDE,39
2023,ASAMBLEA,41378,LA ARGENTINA,07099,HUILA EMPRENDE,00051,CARLOS ARLEY STERLING CARDOZO,123
2023,ASAMBLEA,41378,LA ARGENTINA,07099,HUILA EMPRENDE,00052,YERALDYN SAENZ MUÑOZ,5
2023,ASAMBLEA,41378,LA ARGENTINA,07099,HUILA EMPRENDE,00053,MICHELL ALEJANDRA GONZALEZ OSPINA,1
2023,ASAMBLEA,41378,LA ARGENTINA,07099,HUILA EMPRENDE,00054,CECILIA CUELLAR LEDESMA,6
2023,ASAMBLEA,41378,LA ARGENTINA,07099,HUILA EMPRENDE,00055,WILFRED TRUJILLO TRUJILLO,16
2023,ASAMBLEA,41378,LA ARGENTINA,07099,HUILA EMPRENDE,00056,BENSAIR SILVA BERNAL,19
2023,ASAMBLEA,41378,LA ARGENTINA,07099,HUILA EMPRENDE,00057,EDGAR BONILLA RAMIREZ,18
2023,ASAMBLEA,41378,LA ARGENTINA,07099,HUILA EMPRENDE,00058,DARBINSON ANDRES GOMEZ CABRERA,7
2023,ASAMBLEA,41378,LA ARGENTINA,07099,HUILA EMPRENDE,00059,DORIAN CORTES CALDERON,3
2023,ASAMBLEA,41378,LA ARGENTINA,07099,HUILA EMPRENDE,00060,EDWIN HARVEY BARAJAS HERNANDEZ,3589
2023,ASAMBLEA,41378,LA ARGENTINA,07099,HUILA EMPRENDE,00061,OCTAVIO CABRERA CANTE,50
2023,ASAMBLEA,41378,LA ARGENTINA,07099,HUILA EMPRENDE,00062,MAIRA JULIETH ORTIZ CRUZ,18
2023,ASAMBLEA,41378,LA ARGENTINA,07892,ALMA DEL HUILA,00000,ALMA DEL HUILA,8
2023,ASAMBLEA,41378,LA ARGENTINA,07892,ALMA DEL HUILA,00051,JOHN ALEXANDER TRUJILLO NINCO,2
2023,ASAMBLEA,41378,LA ARGENTINA,07892,ALMA DEL HUILA,00052,ADAN ROJAS BARRETO,1
2023,ASAMBLEA,41378,LA ARGENTINA,07892,ALMA DEL HUILA,00053,WILLIAM GONZALEZ HENAO,2
2023,ASAMBLEA,41378,LA ARGENTINA,07892,ALMA DEL HUILA,00055,YENIFER GOMEZ QUINTERO,4
2023,ASAMBLEA,41378,LA ARGENTINA,07892,ALMA DEL HUILA,00056,SINDAY CAMACHO TRUJILLO,4
2023,ASAMBLEA,41378,LA ARGENTINA,07892,ALMA DEL HUILA,00057,YILEIDI CUBILLOS HERMIDA,2
2023,ASAMBLEA,41378,LA ARGENTINA,07892,ALMA DEL HUILA,00059,DANIEL LEONARDO SANZ PERDOMO,75
2023,ASAMBLEA,41378,LA ARGENTINA,07892,ALMA DEL HUILA,00060,IVAN ALFREDO CANGREJO TORRES,123
2023,ASAMBLEA,41378,LA ARGENTINA,07892,ALMA DEL HUILA,00061,IVAN CORTES LOSADA,2
2023,ASAMBLEA,41378,LA ARGENTINA,07892,ALMA DEL HUILA,00062,OMAR ORTIZ SEPULVEDA,1
2023,ASAMBLEA,41378,LA ARGENTINA,08399,COAL. PARTIDO CENTRO DEMOCRATICO Y PARTIDO LIGA,00000,COAL. PARTIDO CENTRO DEMOCRATICO Y PARTIDO LIGA,13
2023,ASAMBLEA,41378,LA ARGENTINA,08399,COAL. PARTIDO CENTRO DEMOCRATICO Y PARTIDO LIGA,00051,TATIANA SOLANO CABALLERO,25
2023,ASAMBLEA,41378,LA ARGENTINA,08399,COAL. PARTIDO CENTRO DEMOCRATICO Y PARTIDO LIGA,00052,CARLOS ANDRES MOLINA OSORIO,2
2023,ASAMBLEA,41378,LA ARGENTINA,08399,COAL. PARTIDO CENTRO DEMOCRATICO Y PARTIDO LIGA,00055,TATIANA PATRICIA MENDEZ RAMOS,20
2023,ASAMBLEA,41378,LA ARGENTINA,08399,COAL. PARTIDO CENTRO DEMOCRATICO Y PARTIDO LIGA,00056,ANDRES GARCIA MONTEALEGRE,4
2023,ASAMBLEA,41378,LA ARGENTINA,08399,COAL. PARTIDO CENTRO DEMOCRATICO Y PARTIDO LIGA,00057,SONIA DEL PILAR CUELLAR CASTRO,10
2023,ASAMBLEA,41378,LA ARGENTINA,08399,COAL. PARTIDO CENTRO DEMOCRATICO Y PARTIDO LIGA,00058,JHON HAROL SANCHEZ DELGADO,1
2023,ASAMBLEA,41378,LA ARGENTINA,08399,COAL. PARTIDO CENTRO DEMOCRATICO Y PARTIDO LIGA,00059,MISAEL POBLADOR PEREZ,5
2023,ASAMBLEA,41378,LA ARGENTINA,08399,COAL. PARTIDO CENTRO DEMOCRATICO Y PARTIDO LIGA,00060,SORLY ARIAS SANCHEZ,72
2023,ASAMBLEA,41378,LA ARGENTINA,08399,COAL. PARTIDO CENTRO DEMOCRATICO Y PARTIDO LIGA,00061,JOSE FRANKLIN LOSADA CERQUERA,6
2023,ASAMBLEA,41378,LA ARGENTINA,08399,COAL. PARTIDO CENTRO DEMOCRATICO Y PARTIDO LIGA,00062,YANDRY MILENA DIAZ CARVAJAL,14
2023,ASAMBLEA,41378,LA ARGENTINA,08404,PACTOHISTORICO,00000,PACTOHISTORICO,25
2023,ASAMBLEA,41378,LA ARGENTINA,08404,PACTOHISTORICO,00051,LUIS EDGAR GUTIERREZ GUTIERREZ,16
2023,ASAMBLEA,41378,LA ARGENTINA,08404,PACTOHISTORICO,00052,LEONARDO VERA YARA,16
2023,ASAMBLEA,41378,LA ARGENTINA,08404,PACTOHISTORICO,00053,JOSE IGNACIO MARROQUIN SANCHEZ,8
2023,ASAMBLEA,41378,LA ARGENTINA,08404,PACTOHISTORICO,00054,LINDA PAOLA MEDINA CHARRY,2
2023,ASAMBLEA,41378,LA ARGENTINA,08404,PACTOHISTORICO,00055,JUAN BAUTISTA MORERA MEDINA,33
2023,ASAMBLEA,41378,LA ARGENTINA,08404,PACTOHISTORICO,00056,FRANK YULL FIERRO MAYORGA,54
2023,ASAMBLEA,41378,LA ARGENTINA,08404,PACTOHISTORICO,00057,YESID CAMPOS SOTELO,2
2023,ASAMBLEA,41378,LA ARGENTINA,08404,PACTOHISTORICO,00058,MERCEDES SANTOS POLANCO,4
2023,ASAMBLEA,41378,LA ARGENTINA,08404,PACTOHISTORICO,00059,MARIA NELLY PULIDO HERNANDEZ,7
2023,ASAMBLEA,41378,LA ARGENTINA,08404,PACTOHISTORICO,00060,FRANCISCO ISMAEL OLAYA OLAYA,30
2023,ASAMBLEA,41378,LA ARGENTINA,08404,PACTOHISTORICO,00061,LEIDY TATIANA JAIMES HERNANDEZ,20
2023,ASAMBLEA,41378,LA ARGENTINA,08404,PACTOHISTORICO,00062,ROBERTO CARLOS TOMBE TUNUBALA,604
2023,ASAMBLEA,41378,LA ARGENTINA,08416,COALICIÓN PARTIDO DE LA U Y PARTIDO POLITICO MIRA,00000,COALICIÓN PARTIDO DE LA U Y PARTIDO POLITICO MIRA,14
2023,ASAMBLEA,41378,LA ARGENTINA,08416,COALICIÓN PARTIDO DE LA U Y PARTIDO POLITICO MIRA,00051,JOSE LUIS CHAUX JOVEN,16
2023,ASAMBLEA,41378,LA ARGENTINA,08416,COALICIÓN PARTIDO DE LA U Y PARTIDO POLITICO MIRA,00052,TANIA ANDREA NINCO ZUÑIGA,3
2023,ASAMBLEA,41378,LA ARGENTINA,08416,COALICIÓN PARTIDO DE LA U Y PARTIDO POLITICO MIRA,00055,LUIS GUILLERMO CARDOZO,2
2023,ASAMBLEA,41378,LA ARGENTINA,08416,COALICIÓN PARTIDO DE LA U Y PARTIDO POLITICO MIRA,00056,PATRICIA LUGO AVENDAÑO,1
2023,ASAMBLEA,41378,LA ARGENTINA,08416,COALICIÓN PARTIDO DE LA U Y PARTIDO POLITICO MIRA,00059,ALVARO HERNANDO AMAYA VALENCIA,2
2023,ASAMBLEA,41378,LA ARGENTINA,08416,COALICIÓN PARTIDO DE LA U Y PARTIDO POLITICO MIRA,00060,GRACE FERNANDA RADA RICO,35
2023,ASAMBLEA,41378,LA ARGENTINA,08416,COALICIÓN PARTIDO DE LA U Y PARTIDO POLITICO MIRA,00061,EDISSON ANDRES PALMA CHAVEZ,240
2023,ASAMBLEA,41378,LA ARGENTINA,08416,COALICIÓN PARTIDO DE LA U Y PARTIDO POLITICO MIRA,00062,NESTOR IVAN RODRIGUEZ ANDRADE,13
2023,ASAMBLEA,41396,LA PLATA,00000,,00996,VOTOS EN BLANCO,2611
2023,ASAMBLEA,41396,LA PLATA,00000,,00997,VOTOS NULOS,744
2023,ASAMBLEA,41396,LA PLATA,00000,,00998,VOTOS NO MARCADOS,3319
2023,ASAMBLEA,41396,LA PLATA,00001,PARTIDO LIBERAL COLOMBIANO,00000,PARTIDO LIBERAL COLOMBIANO,301
2023,ASAMBLEA,41396,LA PLATA,00001,PARTIDO LIBERAL COLOMBIANO,00051,ALFADIL ORTIGOZA,626
2023,ASAMBLEA,41396,LA PLATA,00001,PARTIDO LIBERAL COLOMBIANO,00052,MILTON GERARDO CORTES CUELLAR,88
2023,ASAMBLEA,41396,LA PLATA,00001,PARTIDO LIBERAL COLOMBIANO,00053,ORLANDO IBAGON SANCHEZ,1277
2023,ASAMBLEA,41396,LA PLATA,00001,PARTIDO LIBERAL COLOMBIANO,00054,RAMIRO ADOLFO MUÑOZ CALDERON,91
2023,ASAMBLEA,41396,LA PLATA,00001,PARTIDO LIBERAL COLOMBIANO,00055,VICTORIA EUGENIA CASTRO SILVA,931
2023,ASAMBLEA,41396,LA PLATA,00001,PARTIDO LIBERAL COLOMBIANO,00056,OSCAR URIEL BRAVO DIAZ,215
2023,ASAMBLEA,41396,LA PLATA,00001,PARTIDO LIBERAL COLOMBIANO,00057,CARLOS EDILSON POSADA MAYA,98
2023,ASAMBLEA,41396,LA PLATA,00001,PARTIDO LIBERAL COLOMBIANO,00058,FABIO ARMANDO ORTIZ REYES,19
2023,ASAMBLEA,41396,LA PLATA,00001,PARTIDO LIBERAL COLOMBIANO,00059,CLAUDIA PATRICIA CONDE VILLANEDA,15
2023,ASAMBLEA,41396,LA PLATA,00001,PARTIDO LIBERAL COLOMBIANO,00060,ALEIDA SALINAS CAMPOS,177
2023,ASAMBLEA,41396,LA PLATA,00001,PARTIDO LIBERAL COLOMBIANO,00061,ARELIS VARGAS ALVAREZ,31
2023,ASAMBLEA,41396,LA PLATA,00001,PARTIDO LIBERAL COLOMBIANO,00062,SERGIO ANDRES TRUJILLO PERDOMO,257
2023,ASAMBLEA,41396,LA PLATA,00002,PARTIDO CONSERVADOR COLOMBIANO,00000,PARTIDO CONSERVADOR COLOMBIANO,308
2023,ASAMBLEA,41396,LA PLATA,00002,PARTIDO CONSERVADOR COLOMBIANO,00051,OMAR ALVARO ALEXIS DIAZ CUELLAR,279
2023,ASAMBLEA,41396,LA PLATA,00002,PARTIDO CONSERVADOR COLOMBIANO,00052,NELSON JESUS MURCIA OME,89
2023,ASAMBLEA,41396,LA PLATA,00002,PARTIDO CONSERVADOR COLOMBIANO,00053,MAURICIO CIFUENTES VELASQUEZ,212
2023,ASAMBLEA,41396,LA PLATA,00002,PARTIDO CONSERVADOR COLOMBIANO,00054,NATALIA CASALLAS VANEGAS,20
2023,ASAMBLEA,41396,LA PLATA,00002,PARTIDO CONSERVADOR COLOMBIANO,00055,ALENXANDRO SALAZAR LLANOS,70
2023,ASAMBLEA,41396,LA PLATA,00002,PARTIDO CONSERVADOR COLOMBIANO,00056,SILVIO DANIEL VASQUEZ CORONADO,81
2023,ASAMBLEA,41396,LA PLATA,00002,PARTIDO CONSERVADOR COLOMBIANO,00057,NORBERTO ANTONIO CASTAÑO BUITRAGO,59
2023,ASAMBLEA,41396,LA PLATA,00002,PARTIDO CONSERVADOR COLOMBIANO,00058,DANIELA CHARRY MOSCOSO,12
2023,ASAMBLEA,41396,LA PLATA,00002,PARTIDO CONSERVADOR COLOMBIANO,00059,CIELO ROCIO COLLAZOS CUTIVA,11
2023,ASAMBLEA,41396,LA PLATA,00002,PARTIDO CONSERVADOR COLOMBIANO,00060,ANYELO SANDOVAL PEÑA,399
2023,ASAMBLEA,41396,LA PLATA,00002,PARTIDO CONSERVADOR COLOMBIANO,00061,PAULA MELISSA TRUJILLO PEDROZA,53
2023,ASAMBLEA,41396,LA PLATA,00002,PARTIDO CONSERVADOR COLOMBIANO,00062,WILMER EDUARDO ALVARADO MUÑOZ,73
2023,ASAMBLEA,41396,LA PLATA,00004,PARTIDO ALIANZA VERDE,00000,PARTIDO ALIANZA VERDE,182
2023,ASAMBLEA,41396,LA PLATA,00004,PARTIDO ALIANZA VERDE,00051,DIANA LORENA MONJE ALBARRACIN,331
2023,ASAMBLEA,41396,LA PLATA,00004,PARTIDO ALIANZA VERDE,00052,OSCAR FERNANDO RAMIREZ PRADA,48
2023,ASAMBLEA,41396,LA PLATA,00004,PARTIDO ALIANZA VERDE,00053,JUAN CAMILO FORERO CARDENAS,81
2023,ASAMBLEA,41396,LA PLATA,00004,PARTIDO ALIANZA VERDE,00054,BLANCA EDITH MEDINA BOTACHE,16
2023,ASAMBLEA,41396,LA PLATA,00004,PARTIDO ALIANZA VERDE,00055,VIRGILIO HUERGO GOMEZ,261
2023,ASAMBLEA,41396,LA PLATA,00004,PARTIDO ALIANZA VERDE,00056,OSCAR IVAN LLANOS RODRIGUEZ,42
2023,ASAMBLEA,41396,LA PLATA,00004,PARTIDO ALIANZA VERDE,00060,SHIRLEY ROCIO QUINTERO SANCHEZ,128
2023,ASAMBLEA,41396,LA PLATA,00004,PARTIDO ALIANZA VERDE,00061,JOSE ARMANDO ACUÑA MOLINA,522
2023,ASAMBLEA,41396,LA PLATA,00004,PARTIDO ALIANZA VERDE,00062,DIEGO FERNANDO PASCUAS ARIAS,65
2023,ASAMBLEA,41396,LA PLATA,07099,HUILA EMPRENDE,00000,HUILA EMPRENDE,113
2023,ASAMBLEA,41396,LA PLATA,07099,HUILA EMPRENDE,00051,CARLOS ARLEY STERLING CARDOZO,1247
2023,ASAMBLEA,41396,LA PLATA,07099,HUILA EMPRENDE,00052,YERALDYN SAENZ MUÑOZ,50
2023,ASAMBLEA,41396,LA PLATA,07099,HUILA EMPRENDE,00053,MICHELL ALEJANDRA GONZALEZ OSPINA,47
2023,ASAMBLEA,41396,LA PLATA,07099,HUILA EMPRENDE,00054,CECILIA CUELLAR LEDESMA,14
2023,ASAMBLEA,41396,LA PLATA,07099,HUILA EMPRENDE,00055,WILFRED TRUJILLO TRUJILLO,132
2023,ASAMBLEA,41396,LA PLATA,07099,HUILA EMPRENDE,00056,BENSAIR SILVA BERNAL,84
2023,ASAMBLEA,41396,LA PLATA,07099,HUILA EMPRENDE,00057,EDGAR BONILLA RAMIREZ,193
2023,ASAMBLEA,41396,LA PLATA,07099,HUILA EMPRENDE,00058,DARBINSON ANDRES GOMEZ CABRERA,39
2023,ASAMBLEA,41396,LA PLATA,07099,HUILA EMPRENDE,00059,DORIAN CORTES CALDERON,16
2023,ASAMBLEA,41396,LA PLATA,07099,HUILA EMPRENDE,00060,EDWIN HARVEY BARAJAS HERNANDEZ,5374
2023,ASAMBLEA,41396,LA PLATA,07099,HUILA EMPRENDE,00061,OCTAVIO CABRERA CANTE,161
2023,ASAMBLEA,41396,LA PLATA,07099,HUILA EMPRENDE,00062,MAIRA JULIETH ORTIZ CRUZ,30
2023,ASAMBLEA,41396,LA PLATA,07892,ALMA DEL HUILA,00000,ALMA DEL HUILA,32
2023,ASAMBLEA,41396,LA PLATA,07892,ALMA DEL HUILA,00051,JOHN ALEXANDER TRUJILLO NINCO,21
2023,ASAMBLEA,41396,LA PLATA,07892,ALMA DEL HUILA,00052,ADAN ROJAS BARRETO,3
2023,ASAMBLEA,41396,LA PLATA,07892,ALMA DEL HUILA,00053,WILLIAM GONZALEZ HENAO,13
2023,ASAMBLEA,41396,LA PLATA,07892,ALMA DEL HUILA,00054,PEDRO NEL JIMENEZ STERLING,4
2023,ASAMBLEA,41396,LA PLATA,07892,ALMA DEL HUILA,00055,YENIFER GOMEZ QUINTERO,9
2023,ASAMBLEA,41396,LA PLATA,07892,ALMA DEL HUILA,00056,SINDAY CAMACHO TRUJILLO,11
2023,ASAMBLEA,41396,LA PLATA,07892,ALMA DEL HUILA,00057,YILEIDI CUBILLOS HERMIDA,8
2023,ASAMBLEA,41396,LA PLATA,07892,ALMA DEL HUILA,00058,KELLY YULIETH CASTAÑEDA GALINDO,2
2023,ASAMBLEA,41396,LA PLATA,07892,ALMA DEL HUILA,00059,DANIEL LEONARDO SANZ PERDOMO,34
2023,ASAMBLEA,41396,LA PLATA,07892,ALMA DEL HUILA,00060,IVAN ALFREDO CANGREJO TORRES,195
2023,ASAMBLEA,41396,LA PLATA,07892,ALMA DEL HUILA,00061,IVAN CORTES LOSADA,11
2023,ASAMBLEA,41396,LA PLATA,07892,ALMA DEL HUILA,00062,OMAR ORTIZ SEPULVEDA,12
2023,ASAMBLEA,41396,LA PLATA,08399,COAL. PARTIDO CENTRO DEMOCRATICO Y PARTIDO LIGA,00000,COAL. PARTIDO CENTRO DEMOCRATICO Y PARTIDO LIGA,135
2023,ASAMBLEA,41396,LA PLATA,08399,COAL. PARTIDO CENTRO DEMOCRATICO Y PARTIDO LIGA,00051,TATIANA SOLANO CABALLERO,114
2023,ASAMBLEA,41396,LA PLATA,08399,COAL. PARTIDO CENTRO DEMOCRATICO Y PARTIDO LIGA,00052,CARLOS ANDRES MOLINA OSORIO,29
2023,ASAMBLEA,41396,LA PLATA,08399,COAL. PARTIDO CENTRO DEMOCRATICO Y PARTIDO LIGA,00054,FRANKEL HERRERA DUSSAN,13
2023,ASAMBLEA,41396,LA PLATA,08399,COAL. PARTIDO CENTRO DEMOCRATICO Y PARTIDO LIGA,00055,TATIANA PATRICIA MENDEZ RAMOS,221
2023,ASAMBLEA,41396,LA PLATA,08399,COAL. PARTIDO CENTRO DEMOCRATICO Y PARTIDO LIGA,00056,ANDRES GARCIA MONTEALEGRE,37
2023,ASAMBLEA,41396,LA PLATA,08399,COAL. PARTIDO CENTRO DEMOCRATICO Y PARTIDO LIGA,00057,SONIA DEL PILAR CUELLAR CASTRO,49
2023,ASAMBLEA,41396,LA PLATA,08399,COAL. PARTIDO CENTRO DEMOCRATICO Y PARTIDO LIGA,00058,JHON HAROL SANCHEZ DELGADO,19
2023,ASAMBLEA,41396,LA PLATA,08399,COAL. PARTIDO CENTRO DEMOCRATICO Y PARTIDO LIGA,00059,MISAEL POBLADOR PEREZ,17
2023,ASAMBLEA,41396,LA PLATA,08399,COAL. PARTIDO CENTRO DEMOCRATICO Y PARTIDO LIGA,00060,SORLY ARIAS SANCHEZ,263
2023,ASAMBLEA,41396,LA PLATA,08399,COAL. PARTIDO CENTRO DEMOCRATICO Y PARTIDO LIGA,00061,JOSE FRANKLIN LOSADA CERQUERA,24
2023,ASAMBLEA,41396,LA PLATA,08399,COAL. PARTIDO CENTRO DEMOCRATICO Y PARTIDO LIGA,00062,YANDRY MILENA DIAZ CARVAJAL,32
2023,ASAMBLEA,41396,LA PLATA,08404,PACTOHISTORICO,00000,PACTOHISTORICO,222
2023,ASAMBLEA,41396,LA PLATA,08404,PACTOHISTORICO,00051,LUIS EDGAR GUTIERREZ GUTIERREZ,129
2023,ASAMBLEA,41396,LA PLATA,08404,PACTOHISTORICO,00052,LEONARDO VERA YARA,51
2023,ASAMBLEA,41396,LA PLATA,08404,PACTOHISTORICO,00053,JOSE IGNACIO MARROQUIN SANCHEZ,135
2023,ASAMBLEA,41396,LA PLATA,08404,PACTOHISTORICO,00054,LINDA PAOLA MEDINA CHARRY,54
2023,ASAMBLEA,41396,LA PLATA,08404,PACTOHISTORICO,00055,JUAN BAUTISTA MORERA MEDINA,504
2023,ASAMBLEA,41396,LA PLATA,08404,PACTOHISTORICO,00056,FRANK YULL FIERRO MAYORGA,284
2023,ASAMBLEA,41396,LA PLATA,08404,PACTOHISTORICO,00057,YESID CAMPOS SOTELO,29
2023,ASAMBLEA,41396,LA PLATA,08404,PACTOHISTORICO,00058,MERCEDES SANTOS POLANCO,11
2023,ASAMBLEA,41396,LA PLATA,08404,PACTOHISTORICO,00059,MARIA NELLY PULIDO HERNANDEZ,10
2023,ASAMBLEA,41396,LA PLATA,08404,PACTOHISTORICO,00060,FRANCISCO ISMAEL OLAYA OLAYA,95
2023,ASAMBLEA,41396,LA PLATA,08404,PACTOHISTORICO,00061,LEIDY TATIANA JAIMES HERNANDEZ,41
2023,ASAMBLEA,41396,LA PLATA,08404,PACTOHISTORICO,00062,ROBERTO CARLOS TOMBE TUNUBALA,492
2023,ASAMBLEA,41396,LA PLATA,08416,COALICIÓN PARTIDO DE LA U Y PARTIDO POLITICO MIRA,00000,COALICIÓN PARTIDO DE LA U Y PARTIDO POLITICO MIRA,44
2023,ASAMBLEA,41396,LA PLATA,08416,COALICIÓN PARTIDO DE LA U Y PARTIDO POLITICO MIRA,00051,JOSE LUIS CHAUX JOVEN,91
2023,ASAMBLEA,41396,LA PLATA,08416,COALICIÓN PARTIDO DE LA U Y PARTIDO POLITICO MIRA,00052,TANIA ANDREA NINCO ZUÑIGA,13
2023,ASAMBLEA,41396,LA PLATA,08416,COALICIÓN PARTIDO DE LA U Y PARTIDO POLITICO MIRA,00055,LUIS GUILLERMO CARDOZO,18
2023,ASAMBLEA,41396,LA PLATA,08416,COALICIÓN PARTIDO DE LA U Y PARTIDO POLITICO MIRA,00056,PATRICIA LUGO AVENDAÑO,6
2023,ASAMBLEA,41396,LA PLATA,08416,COALICIÓN PARTIDO DE LA U Y PARTIDO POLITICO MIRA,00059,ALVARO HERNANDO AMAYA VALENCIA,6
2023,ASAMBLEA,41396,LA PLATA,08416,COALICIÓN PARTIDO DE LA U Y PARTIDO POLITICO MIRA,00060,GRACE FERNANDA RADA RICO,60
2023,ASAMBLEA,41396,LA PLATA,08416,COALICIÓN PARTIDO DE LA U Y PARTIDO POLITICO MIRA,00061,EDISSON ANDRES PALMA CHAVEZ,393
2023,ASAMBLEA,41396,LA PLATA,08416,COALICIÓN PARTIDO DE LA U Y PARTIDO POLITICO MIRA,00062,NESTOR IVAN RODRIGUEZ ANDRADE,221
2023,ASAMBLEA,41483,NÁTAGA,00000,,00996,VOTOS EN BLANCO,199
2023,ASAMBLEA,41483,NÁTAGA,00000,,00997,VOTOS NULOS,69
2023,ASAMBLEA,41483,NÁTAGA,00000,,00998,VOTOS NO MARCADOS,640
2023,ASAMBLEA,41483,NÁTAGA,00001,PARTIDO LIBERAL COLOMBIANO,00000,PARTIDO LIBERAL COLOMBIANO,26
2023,ASAMBLEA,41483,NÁTAGA,00001,PARTIDO LIBERAL COLOMBIANO,00051,ALFADIL ORTIGOZA,40
2023,ASAMBLEA,41483,NÁTAGA,00001,PARTIDO LIBERAL COLOMBIANO,00052,MILTON GERARDO CORTES CUELLAR,10
2023,ASAMBLEA,41483,NÁTAGA,00001,PARTIDO LIBERAL COLOMBIANO,00053,ORLANDO IBAGON SANCHEZ,30
2023,ASAMBLEA,41483,NÁTAGA,00001,PARTIDO LIBERAL COLOMBIANO,00054,RAMIRO ADOLFO MUÑOZ CALDERON,2
2023,ASAMBLEA,41483,NÁTAGA,00001,PARTIDO LIBERAL COLOMBIANO,00055,VICTORIA EUGENIA CASTRO SILVA,297
2023,ASAMBLEA,41483,NÁTAGA,00001,PARTIDO LIBERAL COLOMBIANO,00056,OSCAR URIEL BRAVO DIAZ,26
2023,ASAMBLEA,41483,NÁTAGA,00001,PARTIDO LIBERAL COLOMBIANO,00057,CARLOS EDILSON POSADA MAYA,37
2023,ASAMBLEA,41483,NÁTAGA,00001,PARTIDO LIBERAL COLOMBIANO,00058,FABIO ARMANDO ORTIZ REYES,5
2023,ASAMBLEA,41483,NÁTAGA,00001,PARTIDO LIBERAL COLOMBIANO,00059,CLAUDIA PATRICIA CONDE VILLANEDA,3
2023,ASAMBLEA,41483,NÁTAGA,00001,PARTIDO LIBERAL COLOMBIANO,00060,ALEIDA SALINAS CAMPOS,26
2023,ASAMBLEA,41483,NÁTAGA,00001,PARTIDO LIBERAL COLOMBIANO,00061,ARELIS VARGAS ALVAREZ,6
2023,ASAMBLEA,41483,NÁTAGA,00001,PARTIDO LIBERAL COLOMBIANO,00062,SERGIO ANDRES TRUJILLO PERDOMO,72
2023,ASAMBLEA,41483,NÁTAGA,00002,PARTIDO CONSERVADOR COLOMBIANO,00000,PARTIDO CONSERVADOR COLOMBIANO,26
2023,ASAMBLEA,41483,NÁTAGA,00002,PARTIDO CONSERVADOR COLOMBIANO,00051,OMAR ALVARO ALEXIS DIAZ CUELLAR,41
2023,ASAMBLEA,41483,NÁTAGA,00002,PARTIDO CONSERVADOR COLOMBIANO,00052,NELSON JESUS MURCIA OME,14
2023,ASAMBLEA,41483,NÁTAGA,00002,PARTIDO CONSERVADOR COLOMBIANO,00053,MAURICIO CIFUENTES VELASQUEZ,8
2023,ASAMBLEA,41483,NÁTAGA,00002,PARTIDO CONSERVADOR COLOMBIANO,00054,NATALIA CASALLAS VANEGAS,2
2023,ASAMBLEA,41483,NÁTAGA,00002,PARTIDO CONSERVADOR COLOMBIANO,00055,ALENXANDRO SALAZAR LLANOS,8
2023,ASAMBLEA,41483,NÁTAGA,00002,PARTIDO CONSERVADOR COLOMBIANO,00056,SILVIO DANIEL VASQUEZ CORONADO,10
2023,ASAMBLEA,41483,NÁTAGA,00002,PARTIDO CONSERVADOR COLOMBIANO,00057,NORBERTO ANTONIO CASTAÑO BUITRAGO,8
2023,ASAMBLEA,41483,NÁTAGA,00002,PARTIDO CONSERVADOR COLOMBIANO,00058,DANIELA CHARRY MOSCOSO,2
2023,ASAMBLEA,41483,NÁTAGA,00002,PARTIDO CONSERVADOR COLOMBIANO,00059,CIELO ROCIO COLLAZOS CUTIVA,2
2023,ASAMBLEA,41483,NÁTAGA,00002,PARTIDO CONSERVADOR COLOMBIANO,00060,ANYELO SANDOVAL PEÑA,15
2023,ASAMBLEA,41483,NÁTAGA,00002,PARTIDO CONSERVADOR COLOMBIANO,00061,PAULA MELISSA TRUJILLO PEDROZA,4
2023,ASAMBLEA,41483,NÁTAGA,00002,PARTIDO CONSERVADOR COLOMBIANO,00062,WILMER EDUARDO ALVARADO MUÑOZ,175
2023,ASAMBLEA,41483,NÁTAGA,00004,PARTIDO ALIANZA VERDE,00000,PARTIDO ALIANZA VERDE,4
2023,ASAMBLEA,41483,NÁTAGA,00004,PARTIDO ALIANZA VERDE,00051,DIANA LORENA MONJE ALBARRACIN,7
2023,ASAMBLEA,41483,NÁTAGA,00004,PARTIDO ALIANZA VERDE,00052,OSCAR FERNANDO RAMIREZ PRADA,1
2023,ASAMBLEA,41483,NÁTAGA,00004,PARTIDO ALIANZA VERDE,00053,JUAN CAMILO FORERO CARDENAS,1
2023,ASAMBLEA,41483,NÁTAGA,00004,PARTIDO ALIANZA VERDE,00055,VIRGILIO HUERGO GOMEZ,4
2023,ASAMBLEA,41483,NÁTAGA,00004,PARTIDO ALIANZA VERDE,00056,OSCAR IVAN LLANOS RODRIGUEZ,3
2023,ASAMBLEA,41483,NÁTAGA,00004,PARTIDO ALIANZA VERDE,00060,SHIRLEY ROCIO QUINTERO SANCHEZ,2
2023,ASAMBLEA,41483,NÁTAGA,00004,PARTIDO ALIANZA VERDE,00061,JOSE ARMANDO ACUÑA MOLINA,18
2023,ASAMBLEA,41483,NÁTAGA,00004,PARTIDO ALIANZA VERDE,00062,DIEGO FERNANDO PASCUAS ARIAS,6
2023,ASAMBLEA,41483,NÁTAGA,07099,HUILA EMPRENDE,00000,HUILA EMPRENDE,43
2023,ASAMBLEA,41483,NÁTAGA,07099,HUILA EMPRENDE,00051,CARLOS ARLEY STERLING CARDOZO,289
2023,ASAMBLEA,41483,NÁTAGA,07099,HUILA EMPRENDE,00052,YERALDYN SAENZ MUÑOZ,17
2023,ASAMBLEA,41483,NÁTAGA,07099,HUILA EMPRENDE,00053,MICHELL ALEJANDRA GONZALEZ OSPINA,4
2023,ASAMBLEA,41483,NÁTAGA,07099,HUILA EMPRENDE,00054,CECILIA CUELLAR LEDESMA,1
2023,ASAMBLEA,41483,NÁTAGA,07099,HUILA EMPRENDE,00055,WILFRED TRUJILLO TRUJILLO,32
2023,ASAMBLEA,41483,NÁTAGA,07099,HUILA EMPRENDE,00056,BENSAIR SILVA BERNAL,12
2023,ASAMBLEA,41483,NÁTAGA,07099,HUILA EMPRENDE,00057,EDGAR BONILLA RAMIREZ,14
2023,ASAMBLEA,41483,NÁTAGA,07099,HUILA EMPRENDE,00058,DARBINSON ANDRES GOMEZ CABRERA,1
2023,ASAMBLEA,41483,NÁTAGA,07099,HUILA EMPRENDE,00059,DORIAN CORTES CALDERON,2
2023,ASAMBLEA,41483,NÁTAGA,07099,HUILA EMPRENDE,00060,EDWIN HARVEY BARAJAS HERNANDEZ,724
2023,ASAMBLEA,41483,NÁTAGA,07099,HUILA EMPRENDE,00061,OCTAVIO CABRERA CANTE,14
2023,ASAMBLEA,41483,NÁTAGA,07099,HUILA EMPRENDE,00062,MAIRA JULIETH ORTIZ CRUZ,13
2023,ASAMBLEA,41483,NÁTAGA,07892,ALMA DEL HUILA,00000,ALMA DEL HUILA,5
2023,ASAMBLEA,41483,NÁTAGA,07892,ALMA DEL HUILA,00051,JOHN ALEXANDER TRUJILLO NINCO,5
2023,ASAMBLEA,41483,NÁTAGA,07892,ALMA DEL HUILA,00052,ADAN ROJAS BARRETO,1
2023,ASAMBLEA,41483,NÁTAGA,07892,ALMA DEL HUILA,00053,WILLIAM GONZALEZ HENAO,1
2023,ASAMBLEA,41483,NÁTAGA,07892,ALMA DEL HUILA,00055,YENIFER GOMEZ QUINTERO,2
2023,ASAMBLEA,41483,NÁTAGA,07892,ALMA DEL HUILA,00056,SINDAY CAMACHO TRUJILLO,2
2023,ASAMBLEA,41483,NÁTAGA,07892,ALMA DEL HUILA,00057,YILEIDI CUBILLOS HERMIDA,1
2023,ASAMBLEA,41483,NÁTAGA,07892,ALMA DEL HUILA,00059,DANIEL LEONARDO SANZ PERDOMO,1
2023,ASAMBLEA,41483,NÁTAGA,07892,ALMA DEL HUILA,00060,IVAN ALFREDO CANGREJO TORRES,113
2023,ASAMBLEA,41483,NÁTAGA,07892,ALMA DEL HUILA,00062,OMAR ORTIZ SEPULVEDA,3
2023,ASAMBLEA,41483,NÁTAGA,08399,COAL. PARTIDO CENTRO DEMOCRATICO Y PARTIDO LIGA,00000,COAL. PARTIDO CENTRO DEMOCRATICO Y PARTIDO LIGA,7
2023,ASAMBLEA,41483,NÁTAGA,08399,COAL. PARTIDO CENTRO DEMOCRATICO Y PARTIDO LIGA,00051,TATIANA SOLANO CABALLERO,16
2023,ASAMBLEA,41483,NÁTAGA,08399,COAL. PARTIDO CENTRO DEMOCRATICO Y PARTIDO LIGA,00052,CARLOS ANDRES MOLINA OSORIO,2
2023,ASAMBLEA,41483,NÁTAGA,08399,COAL. PARTIDO CENTRO DEMOCRATICO Y PARTIDO LIGA,00055,TATIANA PATRICIA MENDEZ RAMOS,19
2023,ASAMBLEA,41483,NÁTAGA,08399,COAL. PARTIDO CENTRO DEMOCRATICO Y PARTIDO LIGA,00056,ANDRES GARCIA MONTEALEGRE,7
2023,ASAMBLEA,41483,NÁTAGA,08399,COAL. PARTIDO CENTRO DEMOCRATICO Y PARTIDO LIGA,00057,SONIA DEL PILAR CUELLAR CASTRO,8
2023,ASAMBLEA,41483,NÁTAGA,08399,COAL. PARTIDO CENTRO DEMOCRATICO Y PARTIDO LIGA,00058,JHON HAROL SANCHEZ DELGADO,1
2023,ASAMBLEA,41483,NÁTAGA,08399,COAL. PARTIDO CENTRO DEMOCRATICO Y PARTIDO LIGA,00060,SORLY ARIAS SANCHEZ,7
2023,ASAMBLEA,41483,NÁTAGA,08399,COAL. PARTIDO CENTRO DEMOCRATICO Y PARTIDO LIGA,00061,JOSE FRANKLIN LOSADA CERQUERA,2
2023,ASAMBLEA,41483,NÁTAGA,08399,COAL. PARTIDO CENTRO DEMOCRATICO Y PARTIDO LIGA,00062,YANDRY MILENA DIAZ CARVAJAL,4
2023,ASAMBLEA,41483,NÁTAGA,08404,PACTOHISTORICO,00000,PACTOHISTORICO,15
2023,ASAMBLEA,41483,NÁTAGA,08404,PACTOHISTORICO,00051,LUIS EDGAR GUTIERREZ GUTIERREZ,16
2023,ASAMBLEA,41483,NÁTAGA,08404,PACTOHISTORICO,00052,LEONARDO VERA YARA,4
2023,ASAMBLEA,41483,NÁTAGA,08404,PACTOHISTORICO,00053,JOSE IGNACIO MARROQUIN SANCHEZ,16
2023,ASAMBLEA,41483,NÁTAGA,08404,PACTOHISTORICO,00054,LINDA PAOLA MEDINA CHARRY,1
2023,ASAMBLEA,41483,NÁTAGA,08404,PACTOHISTORICO,00055,JUAN BAUTISTA MORERA MEDINA,22
2023,ASAMBLEA,41483,NÁTAGA,08404,PACTOHISTORICO,00056,FRANK YULL FIERRO MAYORGA,85
2023,ASAMBLEA,41483,NÁTAGA,08404,PACTOHISTORICO,00057,YESID CAMPOS SOTELO,8
2023,ASAMBLEA,41483,NÁTAGA,08404,PACTOHISTORICO,00060,FRANCISCO ISMAEL OLAYA OLAYA,7
2023,ASAMBLEA,41483,NÁTAGA,08404,PACTOHISTORICO,00061,LEIDY TATIANA JAIMES HERNANDEZ,9
2023,ASAMBLEA,41483,NÁTAGA,08404,PACTOHISTORICO,00062,ROBERTO CARLOS TOMBE TUNUBALA,172
2023,ASAMBLEA,41483,NÁTAGA,08416,COALICIÓN PARTIDO DE LA U Y PARTIDO POLITICO MIRA,00000,COALICIÓN PARTIDO DE LA U Y PARTIDO POLITICO MIRA,23
2023,ASAMBLEA,41483,NÁTAGA,08416,COALICIÓN PARTIDO DE LA U Y PARTIDO POLITICO MIRA,00051,JOSE LUIS CHAUX JOVEN,19
2023,ASAMBLEA,41483,NÁTAGA,08416,COALICIÓN PARTIDO DE LA U Y PARTIDO POLITICO MIRA,00052,TANIA ANDREA NINCO ZUÑIGA,6
2023,ASAMBLEA,41483,NÁTAGA,08416,COALICIÓN PARTIDO DE LA U Y PARTIDO POLITICO MIRA,00055,LUIS GUILLERMO CARDOZO,4
2023,ASAMBLEA,41483,NÁTAGA,08416,COALICIÓN PARTIDO DE LA U Y PARTIDO POLITICO MIRA,00056,PATRICIA LUGO AVENDAÑO,8
2023,ASAMBLEA,41483,NÁTAGA,08416,COALICIÓN PARTIDO DE LA U Y PARTIDO POLITICO MIRA,00059,ALVARO HERNANDO AMAYA VALENCIA,2
2023,ASAMBLEA,41483,NÁTAGA,08416,COALICIÓN PARTIDO DE LA U Y PARTIDO POLITICO MIRA,00060,GRACE FERNANDA RADA RICO,16
2023,ASAMBLEA,41483,NÁTAGA,08416,COALICIÓN PARTIDO DE LA U Y PARTIDO POLITICO MIRA,00061,EDISSON ANDRES PALMA CHAVEZ,22
2023,ASAMBLEA,41483,NÁTAGA,08416,COALICIÓN PARTIDO DE LA U Y PARTIDO POLITICO MIRA,00062,NESTOR IVAN RODRIGUEZ ANDRADE,153
2023,ASAMBLEA,41503,OPORAPA,00000,,00996,VOTOS EN BLANCO,573
2023,ASAMBLEA,41503,OPORAPA,00000,,00997,VOTOS NULOS,114
2023,ASAMBLEA,41503,OPORAPA,00000,,00998,VOTOS NO MARCADOS,1390
2023,ASAMBLEA,41503,OPORAPA,00001,PARTIDO LIBERAL COLOMBIANO,00000,PARTIDO LIBERAL COLOMBIANO,49
2023,ASAMBLEA,41503,OPORAPA,00001,PARTIDO LIBERAL COLOMBIANO,00051,ALFADIL ORTIGOZA,149
2023,ASAMBLEA,41503,OPORAPA,00001,PARTIDO LIBERAL COLOMBIANO,00052,MILTON GERARDO CORTES CUELLAR,41
2023,ASAMBLEA,41503,OPORAPA,00001,PARTIDO LIBERAL COLOMBIANO,00053,ORLANDO IBAGON SANCHEZ,12
2023,ASAMBLEA,41503,OPORAPA,00001,PARTIDO LIBERAL COLOMBIANO,00054,RAMIRO ADOLFO MUÑOZ CALDERON,47
2023,ASAMBLEA,41503,OPORAPA,00001,PARTIDO LIBERAL COLOMBIANO,00055,VICTORIA EUGENIA CASTRO SILVA,439
2023,ASAMBLEA,41503,OPORAPA,00001,PARTIDO LIBERAL COLOMBIANO,00056,OSCAR URIEL BRAVO DIAZ,254
2023,ASAMBLEA,41503,OPORAPA,00001,PARTIDO LIBERAL COLOMBIANO,00057,CARLOS EDILSON POSADA MAYA,37
2023,ASAMBLEA,41503,OPORAPA,00001,PARTIDO LIBERAL COLOMBIANO,00058,FABIO ARMANDO ORTIZ REYES,6
2023,ASAMBLEA,41503,OPORAPA,00001,PARTIDO LIBERAL COLOMBIANO,00059,CLAUDIA PATRICIA CONDE VILLANEDA,9
2023,ASAMBLEA,41503,OPORAPA,00001,PARTIDO LIBERAL COLOMBIANO,00060,ALEIDA SALINAS CAMPOS,22
2023,ASAMBLEA,41503,OPORAPA,00001,PARTIDO LIBERAL COLOMBIANO,00061,ARELIS VARGAS ALVAREZ,13
2023,ASAMBLEA,41503,OPORAPA,00001,PARTIDO LIBERAL COLOMBIANO,00062,SERGIO ANDRES TRUJILLO PERDOMO,539
2023,ASAMBLEA,41503,OPORAPA,00002,PARTIDO CONSERVADOR COLOMBIANO,00000,PARTIDO CONSERVADOR COLOMBIANO,66
2023,ASAMBLEA,41503,OPORAPA,00002,PARTIDO CONSERVADOR COLOMBIANO,00051,OMAR ALVARO ALEXIS DIAZ CUELLAR,159
2023,ASAMBLEA,41503,OPORAPA,00002,PARTIDO CONSERVADOR COLOMBIANO,00052,NELSON JESUS MURCIA OME,67
2023,ASAMBLEA,41503,OPORAPA,00002,PARTIDO CONSERVADOR COLOMBIANO,00053,MAURICIO CIFUENTES VELASQUEZ,10
2023,ASAMBLEA,41503,OPORAPA,00002,PARTIDO CONSERVADOR COLOMBIANO,00054,NATALIA CASALLAS VANEGAS,14
2023,ASAMBLEA,41503,OPORAPA,00002,PARTIDO CONSERVADOR COLOMBIANO,00055,ALENXANDRO SALAZAR LLANOS,38
2023,ASAMBLEA,41503,OPORAPA,00002,PARTIDO CONSERVADOR COLOMBIANO,00056,SILVIO DANIEL VASQUEZ CORONADO,25
2023,ASAMBLEA,41503,OPORAPA,00002,PARTIDO CONSERVADOR COLOMBIANO,00057,NORBERTO ANTONIO CASTAÑO BUITRAGO,35
2023,ASAMBLEA,41503,OPORAPA,00002,PARTIDO CONSERVADOR COLOMBIANO,00058,DANIELA CHARRY MOSCOSO,6
2023,ASAMBLEA,41503,OPORAPA,00002,PARTIDO CONSERVADOR COLOMBIANO,00059,CIELO ROCIO COLLAZOS CUTIVA,4
2023,ASAMBLEA,41503,OPORAPA,00002,PARTIDO CONSERVADOR COLOMBIANO,00060,ANYELO SANDOVAL PEÑA,245
2023,ASAMBLEA,41503,OPORAPA,00002,PARTIDO CONSERVADOR COLOMBIANO,00061,PAULA MELISSA TRUJILLO PEDROZA,11
2023,ASAMBLEA,41503,OPORAPA,00002,PARTIDO CONSERVADOR COLOMBIANO,00062,WILMER EDUARDO ALVARADO MUÑOZ,133
2023,ASAMBLEA,41503,OPORAPA,00004,PARTIDO ALIANZA VERDE,00000,PARTIDO ALIANZA VERDE,43
2023,ASAMBLEA,41503,OPORAPA,00004,PARTIDO ALIANZA VERDE,00051,DIANA LORENA MONJE ALBARRACIN,256
2023,ASAMBLEA,41503,OPORAPA,00004,PARTIDO ALIANZA VERDE,00052,OSCAR FERNANDO RAMIREZ PRADA,35
2023,ASAMBLEA,41503,OPORAPA,00004,PARTIDO ALIANZA VERDE,00053,JUAN CAMILO FORERO CARDENAS,67
2023,ASAMBLEA,41503,OPORAPA,00004,PARTIDO ALIANZA VERDE,00054,BLANCA EDITH MEDINA BOTACHE,10
2023,ASAMBLEA,41503,OPORAPA,00004,PARTIDO ALIANZA VERDE,00055,VIRGILIO HUERGO GOMEZ,76
2023,ASAMBLEA,41503,OPORAPA,00004,PARTIDO ALIANZA VERDE,00056,OSCAR IVAN LLANOS RODRIGUEZ,26
2023,ASAMBLEA,41503,OPORAPA,00004,PARTIDO ALIANZA VERDE,00060,SHIRLEY ROCIO QUINTERO SANCHEZ,29
2023,ASAMBLEA,41503,OPORAPA,00004,PARTIDO ALIANZA VERDE,00061,JOSE ARMANDO ACUÑA MOLINA,222
2023,ASAMBLEA,41503,OPORAPA,00004,PARTIDO ALIANZA VERDE,00062,DIEGO FERNANDO PASCUAS ARIAS,29
2023,ASAMBLEA,41503,OPORAPA,07099,HUILA EMPRENDE,00000,HUILA EMPRENDE,20
2023,ASAMBLEA,41503,OPORAPA,07099,HUILA EMPRENDE,00051,CARLOS ARLEY STERLING CARDOZO,17
2023,ASAMBLEA,41503,OPORAPA,07099,HUILA EMPRENDE,00052,YERALDYN SAENZ MUÑOZ,11
2023,ASAMBLEA,41503,OPORAPA,07099,HUILA EMPRENDE,00053,MICHELL ALEJANDRA GONZALEZ OSPINA,5
2023,ASAMBLEA,41503,OPORAPA,07099,HUILA EMPRENDE,00054,CECILIA CUELLAR LEDESMA,5
2023,ASAMBLEA,41503,OPORAPA,07099,HUILA EMPRENDE,00055,WILFRED TRUJILLO TRUJILLO,82
2023,ASAMBLEA,41503,OPORAPA,07099,HUILA EMPRENDE,00056,BENSAIR SILVA BERNAL,22
2023,ASAMBLEA,41503,OPORAPA,07099,HUILA EMPRENDE,00057,EDGAR BONILLA RAMIREZ,30
2023,ASAMBLEA,41503,OPORAPA,07099,HUILA EMPRENDE,00058,DARBINSON ANDRES GOMEZ CABRERA,5
2023,ASAMBLEA,41503,OPORAPA,07099,HUILA EMPRENDE,00059,DORIAN CORTES CALDERON,8
2023,ASAMBLEA,41503,OPORAPA,07099,HUILA EMPRENDE,00060,EDWIN HARVEY BARAJAS HERNANDEZ,512
2023,ASAMBLEA,41503,OPORAPA,07099,HUILA EMPRENDE,00061,OCTAVIO CABRERA CANTE,8
2023,ASAMBLEA,41503,OPORAPA,07099,HUILA EMPRENDE,00062,MAIRA JULIETH ORTIZ CRUZ,11
2023,ASAMBLEA,41503,OPORAPA,07892,ALMA DEL HUILA,00000,ALMA DEL HUILA,3
2023,ASAMBLEA,41503,OPORAPA,07892,ALMA DEL HUILA,00051,JOHN ALEXANDER TRUJILLO NINCO,3
2023,ASAMBLEA,41503,OPORAPA,07892,ALMA DEL HUILA,00053,WILLIAM GONZALEZ HENAO,9
2023,ASAMBLEA,41503,OPORAPA,07892,ALMA DEL HUILA,00055,YENIFER GOMEZ QUINTERO,4
2023,ASAMBLEA,41503,OPORAPA,07892,ALMA DEL HUILA,00056,SINDAY CAMACHO TRUJILLO,3
2023,ASAMBLEA,41503,OPORAPA,07892,ALMA DEL HUILA,00057,YILEIDI CUBILLOS HERMIDA,4
2023,ASAMBLEA,41503,OPORAPA,07892,ALMA DEL HUILA,00060,IVAN ALFREDO CANGREJO TORRES,90
2023,ASAMBLEA,41503,OPORAPA,07892,ALMA DEL HUILA,00062,OMAR ORTIZ SEPULVEDA,1
2023,ASAMBLEA,41503,OPORAPA,08399,COAL. PARTIDO CENTRO DEMOCRATICO Y PARTIDO LIGA,00000,COAL. PARTIDO CENTRO DEMOCRATICO Y PARTIDO LIGA,27
2023,ASAMBLEA,41503,OPORAPA,08399,COAL. PARTIDO CENTRO DEMOCRATICO Y PARTIDO LIGA,00051,TATIANA SOLANO CABALLERO,21
2023,ASAMBLEA,41503,OPORAPA,08399,COAL. PARTIDO CENTRO DEMOCRATICO Y PARTIDO LIGA,00052,CARLOS ANDRES MOLINA OSORIO,9
2023,ASAMBLEA,41503,OPORAPA,08399,COAL. PARTIDO CENTRO DEMOCRATICO Y PARTIDO LIGA,00054,FRANKEL HERRERA DUSSAN,7
2023,ASAMBLEA,41503,OPORAPA,08399,COAL. PARTIDO CENTRO DEMOCRATICO Y PARTIDO LIGA,00055,TATIANA PATRICIA MENDEZ RAMOS,55
2023,ASAMBLEA,41503,OPORAPA,08399,COAL. PARTIDO CENTRO DEMOCRATICO Y PARTIDO LIGA,00056,ANDRES GARCIA MONTEALEGRE,16
2023,ASAMBLEA,41503,OPORAPA,08399,COAL. PARTIDO CENTRO DEMOCRATICO Y PARTIDO LIGA,00057,SONIA DEL PILAR CUELLAR CASTRO,196
2023,ASAMBLEA,41503,OPORAPA,08399,COAL. PARTIDO CENTRO DEMOCRATICO Y PARTIDO LIGA,00058,JHON HAROL SANCHEZ DELGADO,6
2023,ASAMBLEA,41503,OPORAPA,08399,COAL. PARTIDO CENTRO DEMOCRATICO Y PARTIDO LIGA,00059,MISAEL POBLADOR PEREZ,4
2023,ASAMBLEA,41503,OPORAPA,08399,COAL. PARTIDO CENTRO DEMOCRATICO Y PARTIDO LIGA,00060,SORLY ARIAS SANCHEZ,25
2023,ASAMBLEA,41503,OPORAPA,08399,COAL. PARTIDO CENTRO DEMOCRATICO Y PARTIDO LIGA,00061,JOSE FRANKLIN LOSADA CERQUERA,7
2023,ASAMBLEA,41503,OPORAPA,08399,COAL. PARTIDO CENTRO DEMOCRATICO Y PARTIDO LIGA,00062,YANDRY MILENA DIAZ CARVAJAL,7
2023,ASAMBLEA,41503,OPORAPA,08404,PACTOHISTORICO,00000,PACTOHISTORICO,8
2023,ASAMBLEA,41503,OPORAPA,08404,PACTOHISTORICO,00051,LUIS EDGAR GUTIERREZ GUTIERREZ,30
2023,ASAMBLEA,41503,OPORAPA,08404,PACTOHISTORICO,00052,LEONARDO VERA YARA,4
2023,ASAMBLEA,41503,OPORAPA,08404,PACTOHISTORICO,00053,JOSE IGNACIO MARROQUIN SANCHEZ,9
2023,ASAMBLEA,41503,OPORAPA,08404,PACTOHISTORICO,00054,LINDA PAOLA MEDINA CHARRY,19
2023,ASAMBLEA,41503,OPORAPA,08404,PACTOHISTORICO,00056,FRANK YULL FIERRO MAYORGA,5
2023,ASAMBLEA,41503,OPORAPA,08404,PACTOHISTORICO,00057,YESID CAMPOS SOTELO,10
2023,ASAMBLEA,41503,OPORAPA,08404,PACTOHISTORICO,00058,MERCEDES SANTOS POLANCO,2
2023,ASAMBLEA,41503,OPORAPA,08404,PACTOHISTORICO,00059,MARIA NELLY PULIDO HERNANDEZ,1
2023,ASAMBLEA,41503,OPORAPA,08404,PACTOHISTORICO,00060,FRANCISCO ISMAEL OLAYA OLAYA,7
2023,ASAMBLEA,41503,OPORAPA,08404,PACTOHISTORICO,00061,LEIDY TATIANA JAIMES HERNANDEZ,16
2023,ASAMBLEA,41503,OPORAPA,08404,PACTOHISTORICO,00062,ROBERTO CARLOS TOMBE TUNUBALA,8
2023,ASAMBLEA,41503,OPORAPA,08416,COALICIÓN PARTIDO DE LA U Y PARTIDO POLITICO MIRA,00000,COALICIÓN PARTIDO DE LA U Y PARTIDO POLITICO MIRA,1
2023,ASAMBLEA,41503,OPORAPA,08416,COALICIÓN PARTIDO DE LA U Y PARTIDO POLITICO MIRA,00051,JOSE LUIS CHAUX JOVEN,5
2023,ASAMBLEA,41503,OPORAPA,08416,COALICIÓN PARTIDO DE LA U Y PARTIDO POLITICO MIRA,00052,TANIA ANDREA NINCO ZUÑIGA,2
2023,ASAMBLEA,41503,OPORAPA,08416,COALICIÓN PARTIDO DE LA U Y PARTIDO POLITICO MIRA,00056,PATRICIA LUGO AVENDAÑO,1
2023,ASAMBLEA,41503,OPORAPA,08416,COALICIÓN PARTIDO DE LA U Y PARTIDO POLITICO MIRA,00060,GRACE FERNANDA RADA RICO,5
2023,ASAMBLEA,41503,OPORAPA,08416,COALICIÓN PARTIDO DE LA U Y PARTIDO POLITICO MIRA,00061,EDISSON ANDRES PALMA CHAVEZ,14
2023,ASAMBLEA,41503,OPORAPA,08416,COALICIÓN PARTIDO DE LA U Y PARTIDO POLITICO MIRA,00062,NESTOR IVAN RODRIGUEZ ANDRADE,20
2023,ASAMBLEA,41518,PAICOL,00000,,00996,VOTOS EN BLANCO,338
2023,ASAMBLEA,41518,PAICOL,00000,,00997,VOTOS NULOS,56
2023,ASAMBLEA,41518,PAICOL,00000,,00998,VOTOS NO MARCADOS,458
2023,ASAMBLEA,41518,PAICOL,00001,PARTIDO LIBERAL COLOMBIANO,00000,PARTIDO LIBERAL COLOMBIANO,22
2023,ASAMBLEA,41518,PAICOL,00001,PARTIDO LIBERAL COLOMBIANO,00051,ALFADIL ORTIGOZA,184
2023,ASAMBLEA,41518,PAICOL,00001,PARTIDO LIBERAL COLOMBIANO,00052,MILTON GERARDO CORTES CUELLAR,25
2023,ASAMBLEA,41518,PAICOL,00001,PARTIDO LIBERAL COLOMBIANO,00053,ORLANDO IBAGON SANCHEZ,37
2023,ASAMBLEA,41518,PAICOL,00001,PARTIDO LIBERAL COLOMBIANO,00054,RAMIRO ADOLFO MUÑOZ CALDERON,12
2023,ASAMBLEA,41518,PAICOL,00001,PARTIDO LIBERAL COLOMBIANO,00055,VICTORIA EUGENIA CASTRO SILVA,502
2023,ASAMBLEA,41518,PAICOL,00001,PARTIDO LIBERAL COLOMBIANO,00056,OSCAR URIEL BRAVO DIAZ,45
2023,ASAMBLEA,41518,PAICOL,00001,PARTIDO LIBERAL COLOMBIANO,00057,CARLOS EDILSON POSADA MAYA,15
2023,ASAMBLEA,41518,PAICOL,00001,PARTIDO LIBERAL COLOMBIANO,00058,FABIO ARMANDO ORTIZ REYES,3
2023,ASAMBLEA,41518,PAICOL,00001,PARTIDO LIBERAL COLOMBIANO,00059,CLAUDIA PATRICIA CONDE VILLANEDA,3
2023,ASAMBLEA,41518,PAICOL,00001,PARTIDO LIBERAL COLOMBIANO,00060,ALEIDA SALINAS CAMPOS,11
2023,ASAMBLEA,41518,PAICOL,00001,PARTIDO LIBERAL COLOMBIANO,00061,ARELIS VARGAS ALVAREZ,15
2023,ASAMBLEA,41518,PAICOL,00001,PARTIDO LIBERAL COLOMBIANO,00062,SERGIO ANDRES TRUJILLO PERDOMO,152
2023,ASAMBLEA,41518,PAICOL,00002,PARTIDO CONSERVADOR COLOMBIANO,00000,PARTIDO CONSERVADOR COLOMBIANO,32
2023,ASAMBLEA,41518,PAICOL,00002,PARTIDO CONSERVADOR COLOMBIANO,00051,OMAR ALVARO ALEXIS DIAZ CUELLAR,137
2023,ASAMBLEA,41518,PAICOL,00002,PARTIDO CONSERVADOR COLOMBIANO,00052,NELSON JESUS MURCIA OME,19
2023,ASAMBLEA,41518,PAICOL,00002,PARTIDO CONSERVADOR COLOMBIANO,00053,MAURICIO CIFUENTES VELASQUEZ,12
2023,ASAMBLEA,41518,PAICOL,00002,PARTIDO CONSERVADOR COLOMBIANO,00054,NATALIA CASALLAS VANEGAS,5
2023,ASAMBLEA,41518,PAICOL,00002,PARTIDO CONSERVADOR COLOMBIANO,00055,ALENXANDRO SALAZAR LLANOS,25
2023,ASAMBLEA,41518,PAICOL,00002,PARTIDO CONSERVADOR COLOMBIANO,00056,SILVIO DANIEL VASQUEZ CORONADO,10
2023,ASAMBLEA,41518,PAICOL,00002,PARTIDO CONSERVADOR COLOMBIANO,00057,NORBERTO ANTONIO CASTAÑO BUITRAGO,43
2023,ASAMBLEA,41518,PAICOL,00002,PARTIDO CONSERVADOR COLOMBIANO,00058,DANIELA CHARRY MOSCOSO,4
2023,ASAMBLEA,41518,PAICOL,00002,PARTIDO CONSERVADOR COLOMBIANO,00059,CIELO ROCIO COLLAZOS CUTIVA,2
2023,ASAMBLEA,41518,PAICOL,00002,PARTIDO CONSERVADOR COLOMBIANO,00060,ANYELO SANDOVAL PEÑA,20
2023,ASAMBLEA,41518,PAICOL,00002,PARTIDO CONSERVADOR COLOMBIANO,00061,PAULA MELISSA TRUJILLO PEDROZA,5
2023,ASAMBLEA,41518,PAICOL,00002,PARTIDO CONSERVADOR COLOMBIANO,00062,WILMER EDUARDO ALVARADO MUÑOZ,66
2023,ASAMBLEA,41518,PAICOL,00004,PARTIDO ALIANZA VERDE,00000,PARTIDO ALIANZA VERDE,23
2023,ASAMBLEA,41518,PAICOL,00004,PARTIDO ALIANZA VERDE,00051,DIANA LORENA MONJE ALBARRACIN,52
2023,ASAMBLEA,41518,PAICOL,00004,PARTIDO ALIANZA VERDE,00052,OSCAR FERNANDO RAMIREZ PRADA,20
2023,ASAMBLEA,41518,PAICOL,00004,PARTIDO ALIANZA VERDE,00053,JUAN CAMILO FORERO CARDENAS,22
2023,ASAMBLEA,41518,PAICOL,00004,PARTIDO ALIANZA VERDE,00054,BLANCA EDITH MEDINA BOTACHE,3
2023,ASAMBLEA,41518,PAICOL,00004,PARTIDO ALIANZA VERDE,00055,VIRGILIO HUERGO GOMEZ,471
2023,ASAMBLEA,41518,PAICOL,00004,PARTIDO ALIANZA VERDE,00056,OSCAR IVAN LLANOS RODRIGUEZ,9
2023,ASAMBLEA,41518,PAICOL,00004,PARTIDO ALIANZA VERDE,00060,SHIRLEY ROCIO QUINTERO SANCHEZ,9
2023,ASAMBLEA,41518,PAICOL,00004,PARTIDO ALIANZA VERDE,00061,JOSE ARMANDO ACUÑA MOLINA,55
2023,ASAMBLEA,41518,PAICOL,00004,PARTIDO ALIANZA VERDE,00062,DIEGO FERNANDO PASCUAS ARIAS,3
2023,ASAMBLEA,41518,PAICOL,07099,HUILA EMPRENDE,00000,HUILA EMPRENDE,11
2023,ASAMBLEA,41518,PAICOL,07099,HUILA EMPRENDE,00051,CARLOS ARLEY STERLING CARDOZO,70
2023,ASAMBLEA,41518,PAICOL,07099,HUILA EMPRENDE,00052,YERALDYN SAENZ MUÑOZ,4
2023,ASAMBLEA,41518,PAICOL,07099,HUILA EMPRENDE,00053,MICHELL ALEJANDRA GONZALEZ OSPINA,4
2023,ASAMBLEA,41518,PAICOL,07099,HUILA EMPRENDE,00054,CECILIA CUELLAR LEDESMA,5
2023,ASAMBLEA,41518,PAICOL,07099,HUILA EMPRENDE,00055,WILFRED TRUJILLO TRUJILLO,21
2023,ASAMBLEA,41518,PAICOL,07099,HUILA EMPRENDE,00056,BENSAIR SILVA BERNAL,8
2023,ASAMBLEA,41518,PAICOL,07099,HUILA EMPRENDE,00057,EDGAR BONILLA RAMIREZ,57
2023,ASAMBLEA,41518,PAICOL,07099,HUILA EMPRENDE,00058,DARBINSON ANDRES GOMEZ CABRERA,5
2023,ASAMBLEA,41518,PAICOL,07099,HUILA EMPRENDE,00059,DORIAN CORTES CALDERON,1
2023,ASAMBLEA,41518,PAICOL,07099,HUILA EMPRENDE,00060,EDWIN HARVEY BARAJAS HERNANDEZ,363
2023,ASAMBLEA,41518,PAICOL,07099,HUILA EMPRENDE,00061,OCTAVIO CABRERA CANTE,25
2023,ASAMBLEA,41518,PAICOL,07099,HUILA EMPRENDE,00062,MAIRA JULIETH ORTIZ CRUZ,5
2023,ASAMBLEA,41518,PAICOL,07892,ALMA DEL HUILA,00000,ALMA DEL HUILA,8
2023,ASAMBLEA,41518,PAICOL,07892,ALMA DEL HUILA,00051,JOHN ALEXANDER TRUJILLO NINCO,8
2023,ASAMBLEA,41518,PAICOL,07892,ALMA DEL HUILA,00052,ADAN ROJAS BARRETO,1
2023,ASAMBLEA,41518,PAICOL,07892,ALMA DEL HUILA,00053,WILLIAM GONZALEZ HENAO,2
2023,ASAMBLEA,41518,PAICOL,07892,ALMA DEL HUILA,00055,YENIFER GOMEZ QUINTERO,4
2023,ASAMBLEA,41518,PAICOL,07892,ALMA DEL HUILA,00056,SINDAY CAMACHO TRUJILLO,2
2023,ASAMBLEA,41518,PAICOL,07892,ALMA DEL HUILA,00057,YILEIDI CUBILLOS HERMIDA,1
2023,ASAMBLEA,41518,PAICOL,07892,ALMA DEL HUILA,00059,DANIEL LEONARDO SANZ PERDOMO,19
2023,ASAMBLEA,41518,PAICOL,07892,ALMA DEL HUILA,00060,IVAN ALFREDO CANGREJO TORRES,121
2023,ASAMBLEA,41518,PAICOL,07892,ALMA DEL HUILA,00061,IVAN CORTES LOSADA,9
2023,ASAMBLEA,41518,PAICOL,08399,COAL. PARTIDO CENTRO DEMOCRATICO Y PARTIDO LIGA,00000,COAL. PARTIDO CENTRO DEMOCRATICO Y PARTIDO LIGA,20
2023,ASAMBLEA,41518,PAICOL,08399,COAL. PARTIDO CENTRO DEMOCRATICO Y PARTIDO LIGA,00051,TATIANA SOLANO CABALLERO,40
2023,ASAMBLEA,41518,PAICOL,08399,COAL. PARTIDO CENTRO DEMOCRATICO Y PARTIDO LIGA,00052,CARLOS ANDRES MOLINA OSORIO,6
2023,ASAMBLEA,41518,PAICOL,08399,COAL. PARTIDO CENTRO DEMOCRATICO Y PARTIDO LIGA,00054,FRANKEL HERRERA DUSSAN,4
2023,ASAMBLEA,41518,PAICOL,08399,COAL. PARTIDO CENTRO DEMOCRATICO Y PARTIDO LIGA,00055,TATIANA PATRICIA MENDEZ RAMOS,50
2023,ASAMBLEA,41518,PAICOL,08399,COAL. PARTIDO CENTRO DEMOCRATICO Y PARTIDO LIGA,00056,ANDRES GARCIA MONTEALEGRE,26
2023,ASAMBLEA,41518,PAICOL,08399,COAL. PARTIDO CENTRO DEMOCRATICO Y PARTIDO LIGA,00057,SONIA DEL PILAR CUELLAR CASTRO,4
2023,ASAMBLEA,41518,PAICOL,08399,COAL. PARTIDO CENTRO DEMOCRATICO Y PARTIDO LIGA,00059,MISAEL POBLADOR PEREZ,1
2023,ASAMBLEA,41518,PAICOL,08399,COAL. PARTIDO CENTRO DEMOCRATICO Y PARTIDO LIGA,00060,SORLY ARIAS SANCHEZ,26
2023,ASAMBLEA,41518,PAICOL,08399,COAL. PARTIDO CENTRO DEMOCRATICO Y PARTIDO LIGA,00061,JOSE FRANKLIN LOSADA CERQUERA,2
2023,ASAMBLEA,41518,PAICOL,08399,COAL. PARTIDO CENTRO DEMOCRATICO Y PARTIDO LIGA,00062,YANDRY MILENA DIAZ CARVAJAL,3
2023,ASAMBLEA,41518,PAICOL,08404,PACTOHISTORICO,00000,PACTOHISTORICO,9
2023,ASAMBLEA,41518,PAICOL,08404,PACTOHISTORICO,00051,LUIS EDGAR GUTIERREZ GUTIERREZ,14
2023,ASAMBLEA,41518,PAICOL,08404,PACTOHISTORICO,00052,LEONARDO VERA YARA,6
2023,ASAMBLEA,41518,PAICOL,08404,PACTOHISTORICO,00053,JOSE IGNACIO MARROQUIN SANCHEZ,19
2023,ASAMBLEA,41518,PAICOL,08404,PACTOHISTORICO,00054,LINDA PAOLA MEDINA CHARRY,1
2023,ASAMBLEA,41518,PAICOL,08404,PACTOHISTORICO,00055,JUAN BAUTISTA MORERA MEDINA,13
2023,ASAMBLEA,41518,PAICOL,08404,PACTOHISTORICO,00056,FRANK YULL FIERRO MAYORGA,7
2023,ASAMBLEA,41518,PAICOL,08404,PACTOHISTORICO,00057,YESID CAMPOS SOTELO,1
2023,ASAMBLEA,41518,PAICOL,08404,PACTOHISTORICO,00058,MERCEDES SANTOS POLANCO,2
2023,ASAMBLEA,41518,PAICOL,08404,PACTOHISTORICO,00059,MARIA NELLY PULIDO HERNANDEZ,20
2023,ASAMBLEA,41518,PAICOL,08404,PACTOHISTORICO,00060,FRANCISCO ISMAEL OLAYA OLAYA,13
2023,ASAMBLEA,41518,PAICOL,08404,PACTOHISTORICO,00061,LEIDY TATIANA JAIMES HERNANDEZ,7
2023,ASAMBLEA,41518,PAICOL,08404,PACTOHISTORICO,00062,ROBERTO CARLOS TOMBE TUNUBALA,5
2023,ASAMBLEA,41518,PAICOL,08416,COALICIÓN PARTIDO DE LA U Y PARTIDO POLITICO MIRA,00000,COALICIÓN PARTIDO DE LA U Y PARTIDO POLITICO MIRA,1
2023,ASAMBLEA,41518,PAICOL,08416,COALICIÓN PARTIDO DE LA U Y PARTIDO POLITICO MIRA,00051,JOSE LUIS CHAUX JOVEN,39
2023,ASAMBLEA,41518,PAICOL,08416,COALICIÓN PARTIDO DE LA U Y PARTIDO POLITICO MIRA,00052,TANIA ANDREA NINCO ZUÑIGA,3
2023,ASAMBLEA,41518,PAICOL,08416,COALICIÓN PARTIDO DE LA U Y PARTIDO POLITICO MIRA,00055,LUIS GUILLERMO CARDOZO,5
2023,ASAMBLEA,41518,PAICOL,08416,COALICIÓN PARTIDO DE LA U Y PARTIDO POLITICO MIRA,00056,PATRICIA LUGO AVENDAÑO,1
2023,ASAMBLEA,41518,PAICOL,08416,COALICIÓN PARTIDO DE LA U Y PARTIDO POLITICO MIRA,00059,ALVARO HERNANDO AMAYA VALENCIA,2
2023,ASAMBLEA,41518,PAICOL,08416,COALICIÓN PARTIDO DE LA U Y PARTIDO POLITICO MIRA,00060,GRACE FERNANDA RADA RICO,9
2023,ASAMBLEA,41518,PAICOL,08416,COALICIÓN PARTIDO DE LA U Y PARTIDO POLITICO MIRA,00061,EDISSON ANDRES PALMA CHAVEZ,110
2023,ASAMBLEA,41518,PAICOL,08416,COALICIÓN PARTIDO DE LA U Y PARTIDO POLITICO MIRA,00062,NESTOR IVAN RODRIGUEZ ANDRADE,14
2023,ASAMBLEA,41524,PALERMO,00000,,00996,VOTOS EN BLANCO,1708
2023,ASAMBLEA,41524,PALERMO,00000,,00997,VOTOS NULOS,619
2023,ASAMBLEA,41524,PALERMO,00000,,00998,VOTOS NO MARCADOS,2232
2023,ASAMBLEA,41524,PALERMO,00001,PARTIDO LIBERAL COLOMBIANO,00000,PARTIDO LIBERAL COLOMBIANO,113
2023,ASAMBLEA,41524,PALERMO,00001,PARTIDO LIBERAL COLOMBIANO,00051,ALFADIL ORTIGOZA,375
2023,ASAMBLEA,41524,PALERMO,00001,PARTIDO LIBERAL COLOMBIANO,00052,MILTON GERARDO CORTES CUELLAR,89
2023,ASAMBLEA,41524,PALERMO,00001,PARTIDO LIBERAL COLOMBIANO,00053,ORLANDO IBAGON SANCHEZ,110
2023,ASAMBLEA,41524,PALERMO,00001,PARTIDO LIBERAL COLOMBIANO,00054,RAMIRO ADOLFO MUÑOZ CALDERON,35
2023,ASAMBLEA,41524,PALERMO,00001,PARTIDO LIBERAL COLOMBIANO,00055,VICTORIA EUGENIA CASTRO SILVA,1113
2023,ASAMBLEA,41524,PALERMO,00001,PARTIDO LIBERAL COLOMBIANO,00056,OSCAR URIEL BRAVO DIAZ,97
2023,ASAMBLEA,41524,PALERMO,00001,PARTIDO LIBERAL COLOMBIANO,00057,CARLOS EDILSON POSADA MAYA,97
2023,ASAMBLEA,41524,PALERMO,00001,PARTIDO LIBERAL COLOMBIANO,00058,FABIO ARMANDO ORTIZ REYES,7
2023,ASAMBLEA,41524,PALERMO,00001,PARTIDO LIBERAL COLOMBIANO,00059,CLAUDIA PATRICIA CONDE VILLANEDA,4
2023,ASAMBLEA,41524,PALERMO,00001,PARTIDO LIBERAL COLOMBIANO,00060,ALEIDA SALINAS CAMPOS,15
2023,ASAMBLEA,41524,PALERMO,00001,PARTIDO LIBERAL COLOMBIANO,00061,ARELIS VARGAS ALVAREZ,35
2023,ASAMBLEA,41524,PALERMO,00001,PARTIDO LIBERAL COLOMBIANO,00062,SERGIO ANDRES TRUJILLO PERDOMO,524
2023,ASAMBLEA,41524,PALERMO,00002,PARTIDO CONSERVADOR COLOMBIANO,00000,PARTIDO CONSERVADOR COLOMBIANO,86
2023,ASAMBLEA,41524,PALERMO,00002,PARTIDO CONSERVADOR COLOMBIANO,00051,OMAR ALVARO ALEXIS DIAZ CUELLAR,266
2023,ASAMBLEA,41524,PALERMO,00002,PARTIDO CONSERVADOR COLOMBIANO,00052,NELSON JESUS MURCIA OME,196
2023,ASAMBLEA,41524,PALERMO,00002,PARTIDO CONSERVADOR COLOMBIANO,00053,MAURICIO CIFUENTES VELASQUEZ,44
2023,ASAMBLEA,41524,PALERMO,00002,PARTIDO CONSERVADOR COLOMBIANO,00054,NATALIA CASALLAS VANEGAS,31
2023,ASAMBLEA,41524,PALERMO,00002,PARTIDO CONSERVADOR COLOMBIANO,00055,ALENXANDRO SALAZAR LLANOS,1088
2023,ASAMBLEA,41524,PALERMO,00002,PARTIDO CONSERVADOR COLOMBIANO,00056,SILVIO DANIEL VASQUEZ CORONADO,58
2023,ASAMBLEA,41524,PALERMO,00002,PARTIDO CONSERVADOR COLOMBIANO,00057,NORBERTO ANTONIO CASTAÑO BUITRAGO,156
2023,ASAMBLEA,41524,PALERMO,00002,PARTIDO CONSERVADOR COLOMBIANO,00058,DANIELA CHARRY MOSCOSO,14
2023,ASAMBLEA,41524,PALERMO,00002,PARTIDO CONSERVADOR COLOMBIANO,00059,CIELO ROCIO COLLAZOS CUTIVA,10
2023,ASAMBLEA,41524,PALERMO,00002,PARTIDO CONSERVADOR COLOMBIANO,00060,ANYELO SANDOVAL PEÑA,29
2023,ASAMBLEA,41524,PALERMO,00002,PARTIDO CONSERVADOR COLOMBIANO,00061,PAULA MELISSA TRUJILLO PEDROZA,37
2023,ASAMBLEA,41524,PALERMO,00002,PARTIDO CONSERVADOR COLOMBIANO,00062,WILMER EDUARDO ALVARADO MUÑOZ,204
2023,ASAMBLEA,41524,PALERMO,00004,PARTIDO ALIANZA VERDE,00000,PARTIDO ALIANZA VERDE,107
2023,ASAMBLEA,41524,PALERMO,00004,PARTIDO ALIANZA VERDE,00051,DIANA LORENA MONJE ALBARRACIN,193
2023,ASAMBLEA,41524,PALERMO,00004,PARTIDO ALIANZA VERDE,00052,OSCAR FERNANDO RAMIREZ PRADA,60
2023,ASAMBLEA,41524,PALERMO,00004,PARTIDO ALIANZA VERDE,00053,JUAN CAMILO FORERO CARDENAS,48
2023,ASAMBLEA,41524,PALERMO,00004,PARTIDO ALIANZA VERDE,00054,BLANCA EDITH MEDINA BOTACHE,21
2023,ASAMBLEA,41524,PALERMO,00004,PARTIDO ALIANZA VERDE,00055,VIRGILIO HUERGO GOMEZ,311
2023,ASAMBLEA,41524,PALERMO,00004,PARTIDO ALIANZA VERDE,00056,OSCAR IVAN LLANOS RODRIGUEZ,660
2023,ASAMBLEA,41524,PALERMO,00004,PARTIDO ALIANZA VERDE,00060,SHIRLEY ROCIO QUINTERO SANCHEZ,29
2023,ASAMBLEA,41524,PALERMO,00004,PARTIDO ALIANZA VERDE,00061,JOSE ARMANDO ACUÑA MOLINA,367
2023,ASAMBLEA,41524,PALERMO,00004,PARTIDO ALIANZA VERDE,00062,DIEGO FERNANDO PASCUAS ARIAS,99
2023,ASAMBLEA,41524,PALERMO,07099,HUILA EMPRENDE,00000,HUILA EMPRENDE,55
2023,ASAMBLEA,41524,PALERMO,07099,HUILA EMPRENDE,00051,CARLOS ARLEY STERLING CARDOZO,294
2023,ASAMBLEA,41524,PALERMO,07099,HUILA EMPRENDE,00052,YERALDYN SAENZ MUÑOZ,37
2023,ASAMBLEA,41524,PALERMO,07099,HUILA EMPRENDE,00053,MICHELL ALEJANDRA GONZALEZ OSPINA,16
2023,ASAMBLEA,41524,PALERMO,07099,HUILA EMPRENDE,00054,CECILIA CUELLAR LEDESMA,16
2023,ASAMBLEA,41524,PALERMO,07099,HUILA EMPRENDE,00055,WILFRED TRUJILLO TRUJILLO,264
2023,ASAMBLEA,41524,PALERMO,07099,HUILA EMPRENDE,00056,BENSAIR SILVA BERNAL,36
2023,ASAMBLEA,41524,PALERMO,07099,HUILA EMPRENDE,00057,EDGAR BONILLA RAMIREZ,120
2023,ASAMBLEA,41524,PALERMO,07099,HUILA EMPRENDE,00058,DARBINSON ANDRES GOMEZ CABRERA,17
2023,ASAMBLEA,41524,PALERMO,07099,HUILA EMPRENDE,00059,DORIAN CORTES CALDERON,9
2023,ASAMBLEA,41524,PALERMO,07099,HUILA EMPRENDE,00060,EDWIN HARVEY BARAJAS HERNANDEZ,21
2023,ASAMBLEA,41524,PALERMO,07099,HUILA EMPRENDE,00061,OCTAVIO CABRERA CANTE,40
2023,ASAMBLEA,41524,PALERMO,07099,HUILA EMPRENDE,00062,MAIRA JULIETH ORTIZ CRUZ,11
2023,ASAMBLEA,41524,PALERMO,07892,ALMA DEL HUILA,00000,ALMA DEL HUILA,40
2023,ASAMBLEA,41524,PALERMO,07892,ALMA DEL HUILA,00051,JOHN ALEXANDER TRUJILLO NINCO,51
2023,ASAMBLEA,41524,PALERMO,07892,ALMA DEL HUILA,00052,ADAN ROJAS BARRETO,566
2023,ASAMBLEA,41524,PALERMO,07892,ALMA DEL HUILA,00053,WILLIAM GONZALEZ HENAO,10
2023,ASAMBLEA,41524,PALERMO,07892,ALMA DEL HUILA,00054,PEDRO NEL JIMENEZ STERLING,12
2023,ASAMBLEA,41524,PALERMO,07892,ALMA DEL HUILA,00055,YENIFER GOMEZ QUINTERO,34
2023,ASAMBLEA,41524,PALERMO,07892,ALMA DEL HUILA,00056,SINDAY CAMACHO TRUJILLO,25
2023,ASAMBLEA,41524,PALERMO,07892,ALMA DEL HUILA,00057,YILEIDI CUBILLOS HERMIDA,18
2023,ASAMBLEA,41524,PALERMO,07892,ALMA DEL HUILA,00058,KELLY YULIETH CASTAÑEDA GALINDO,7
2023,ASAMBLEA,41524,PALERMO,07892,ALMA DEL HUILA,00059,DANIEL LEONARDO SANZ PERDOMO,22
2023,ASAMBLEA,41524,PALERMO,07892,ALMA DEL HUILA,00060,IVAN ALFREDO CANGREJO TORRES,114
2023,ASAMBLEA,41524,PALERMO,07892,ALMA DEL HUILA,00061,IVAN CORTES LOSADA,159
2023,ASAMBLEA,41524,PALERMO,07892,ALMA DEL HUILA,00062,OMAR ORTIZ SEPULVEDA,19
2023,ASAMBLEA,41524,PALERMO,08399,COAL. PARTIDO CENTRO DEMOCRATICO Y PARTIDO LIGA,00000,COAL. PARTIDO CENTRO DEMOCRATICO Y PARTIDO LIGA,49
2023,ASAMBLEA,41524,PALERMO,08399,COAL. PARTIDO CENTRO DEMOCRATICO Y PARTIDO LIGA,00051,TATIANA SOLANO CABALLERO,126
2023,ASAMBLEA,41524,PALERMO,08399,COAL. PARTIDO CENTRO DEMOCRATICO Y PARTIDO LIGA,00052,CARLOS ANDRES MOLINA OSORIO,35
2023,ASAMBLEA,41524,PALERMO,08399,COAL. PARTIDO CENTRO DEMOCRATICO Y PARTIDO LIGA,00054,FRANKEL HERRERA DUSSAN,20
2023,ASAMBLEA,41524,PALERMO,08399,COAL. PARTIDO CENTRO DEMOCRATICO Y PARTIDO LIGA,00055,TATIANA PATRICIA MENDEZ RAMOS,103
2023,ASAMBLEA,41524,PALERMO,08399,COAL. PARTIDO CENTRO DEMOCRATICO Y PARTIDO LIGA,00056,ANDRES GARCIA MONTEALEGRE,24
2023,ASAMBLEA,41524,PALERMO,08399,COAL. PARTIDO CENTRO DEMOCRATICO Y PARTIDO LIGA,00057,SONIA DEL PILAR CUELLAR CASTRO,37
2023,ASAMBLEA,41524,PALERMO,08399,COAL. PARTIDO CENTRO DEMOCRATICO Y PARTIDO LIGA,00058,JHON HAROL SANCHEZ DELGADO,8
2023,ASAMBLEA,41524,PALERMO,08399,COAL. PARTIDO CENTRO DEMOCRATICO Y PARTIDO LIGA,00059,MISAEL POBLADOR PEREZ,22
2023,ASAMBLEA,41524,PALERMO,08399,COAL. PARTIDO CENTRO DEMOCRATICO Y PARTIDO LIGA,00060,SORLY ARIAS SANCHEZ,15
2023,ASAMBLEA,41524,PALERMO,08399,COAL. PARTIDO CENTRO DEMOCRATICO Y PARTIDO LIGA,00061,JOSE FRANKLIN LOSADA CERQUERA,118
2023,ASAMBLEA,41524,PALERMO,08399,COAL. PARTIDO CENTRO DEMOCRATICO Y PARTIDO LIGA,00062,YANDRY MILENA DIAZ CARVAJAL,18
2023,ASAMBLEA,41524,PALERMO,08404,PACTOHISTORICO,00000,PACTOHISTORICO,75
2023,ASAMBLEA,41524,PALERMO,08404,PACTOHISTORICO,00051,LUIS EDGAR GUTIERREZ GUTIERREZ,101
2023,ASAMBLEA,41524,PALERMO,08404,PACTOHISTORICO,00052,LEONARDO VERA YARA,56
2023,ASAMBLEA,41524,PALERMO,08404,PACTOHISTORICO,00053,JOSE IGNACIO MARROQUIN SANCHEZ,34
2023,ASAMBLEA,41524,PALERMO,08404,PACTOHISTORICO,00054,LINDA PAOLA MEDINA CHARRY,55
2023,ASAMBLEA,41524,PALERMO,08404,PACTOHISTORICO,00055,JUAN BAUTISTA MORERA MEDINA,58
2023,ASAMBLEA,41524,PALERMO,08404,PACTOHISTORICO,00056,FRANK YULL FIERRO MAYORGA,43
2023,ASAMBLEA,41524,PALERMO,08404,PACTOHISTORICO,00057,YESID CAMPOS SOTELO,17
2023,ASAMBLEA,41524,PALERMO,08404,PACTOHISTORICO,00058,MERCEDES SANTOS POLANCO,8
2023,ASAMBLEA,41524,PALERMO,08404,PACTOHISTORICO,00059,MARIA NELLY PULIDO HERNANDEZ,8
2023,ASAMBLEA,41524,PALERMO,08404,PACTOHISTORICO,00060,FRANCISCO ISMAEL OLAYA OLAYA,77
2023,ASAMBLEA,41524,PALERMO,08404,PACTOHISTORICO,00061,LEIDY TATIANA JAIMES HERNANDEZ,19
2023,ASAMBLEA,41524,PALERMO,08404,PACTOHISTORICO,00062,ROBERTO CARLOS TOMBE TUNUBALA,14
2023,ASAMBLEA,41524,PALERMO,08416,COALICIÓN PARTIDO DE LA U Y PARTIDO POLITICO MIRA,00000,COALICIÓN PARTIDO DE LA U Y PARTIDO POLITICO MIRA,29
2023,ASAMBLEA,41524,PALERMO,08416,COALICIÓN PARTIDO DE LA U Y PARTIDO POLITICO MIRA,00051,JOSE LUIS CHAUX JOVEN,41
2023,ASAMBLEA,41524,PALERMO,08416,COALICIÓN PARTIDO DE LA U Y PARTIDO POLITICO MIRA,00052,TANIA ANDREA NINCO ZUÑIGA,19
2023,ASAMBLEA,41524,PALERMO,08416,COALICIÓN PARTIDO DE LA U Y PARTIDO POLITICO MIRA,00055,LUIS GUILLERMO CARDOZO,62
2023,ASAMBLEA,41524,PALERMO,08416,COALICIÓN PARTIDO DE LA U Y PARTIDO POLITICO MIRA,00056,PATRICIA LUGO AVENDAÑO,9
2023,ASAMBLEA,41524,PALERMO,08416,COALICIÓN PARTIDO DE LA U Y PARTIDO POLITICO MIRA,00059,ALVARO HERNANDO AMAYA VALENCIA,22
2023,ASAMBLEA,41524,PALERMO,08416,COALICIÓN PARTIDO DE LA U Y PARTIDO POLITICO MIRA,00060,GRACE FERNANDA RADA RICO,17
2023,ASAMBLEA,41524,PALERMO,08416,COALICIÓN PARTIDO DE LA U Y PARTIDO POLITICO MIRA,00061,EDISSON ANDRES PALMA CHAVEZ,49
2023,ASAMBLEA,41524,PALERMO,08416,COALICIÓN PARTIDO DE LA U Y PARTIDO POLITICO MIRA,00062,NESTOR IVAN RODRIGUEZ ANDRADE,360
2023,ASAMBLEA,41530,PALESTINA,00000,,00996,VOTOS EN BLANCO,789
2023,ASAMBLEA,41530,PALESTINA,00000,,00997,VOTOS NULOS,186
2023,ASAMBLEA,41530,PALESTINA,00000,,00998,VOTOS NO MARCADOS,1430
2023,ASAMBLEA,41530,PALESTINA,00001,PARTIDO LIBERAL COLOMBIANO,00000,PARTIDO LIBERAL COLOMBIANO,84
2023,ASAMBLEA,41530,PALESTINA,00001,PARTIDO LIBERAL COLOMBIANO,00051,ALFADIL ORTIGOZA,80
2023,ASAMBLEA,41530,PALESTINA,00001,PARTIDO LIBERAL COLOMBIANO,00052,MILTON GERARDO CORTES CUELLAR,89
2023,ASAMBLEA,41530,PALESTINA,00001,PARTIDO LIBERAL COLOMBIANO,00053,ORLANDO IBAGON SANCHEZ,47
2023,ASAMBLEA,41530,PALESTINA,00001,PARTIDO LIBERAL COLOMBIANO,00054,RAMIRO ADOLFO MUÑOZ CALDERON,18
2023,ASAMBLEA,41530,PALESTINA,00001,PARTIDO LIBERAL COLOMBIANO,00055,VICTORIA EUGENIA CASTRO SILVA,74
2023,ASAMBLEA,41530,PALESTINA,00001,PARTIDO LIBERAL COLOMBIANO,00056,OSCAR URIEL BRAVO DIAZ,356
2023,ASAMBLEA,41530,PALESTINA,00001,PARTIDO LIBERAL COLOMBIANO,00057,CARLOS EDILSON POSADA MAYA,22
2023,ASAMBLEA,41530,PALESTINA,00001,PARTIDO LIBERAL COLOMBIANO,00058,FABIO ARMANDO ORTIZ REYES,9
2023,ASAMBLEA,41530,PALESTINA,00001,PARTIDO LIBERAL COLOMBIANO,00059,CLAUDIA PATRICIA CONDE VILLANEDA,2
2023,ASAMBLEA,41530,PALESTINA,00001,PARTIDO LIBERAL COLOMBIANO,00060,ALEIDA SALINAS CAMPOS,22
2023,ASAMBLEA,41530,PALESTINA,00001,PARTIDO LIBERAL COLOMBIANO,00061,ARELIS VARGAS ALVAREZ,24
2023,ASAMBLEA,41530,PALESTINA,00001,PARTIDO LIBERAL COLOMBIANO,00062,SERGIO ANDRES TRUJILLO PERDOMO,727
2023,ASAMBLEA,41530,PALESTINA,00002,PARTIDO CONSERVADOR COLOMBIANO,00000,PARTIDO CONSERVADOR COLOMBIANO,80
2023,ASAMBLEA,41530,PALESTINA,00002,PARTIDO CONSERVADOR COLOMBIANO,00051,OMAR ALVARO ALEXIS DIAZ CUELLAR,58
2023,ASAMBLEA,41530,PALESTINA,00002,PARTIDO CONSERVADOR COLOMBIANO,00052,NELSON JESUS MURCIA OME,144
2023,ASAMBLEA,41530,PALESTINA,00002,PARTIDO CONSERVADOR COLOMBIANO,00053,MAURICIO CIFUENTES VELASQUEZ,9
2023,ASAMBLEA,41530,PALESTINA,00002,PARTIDO CONSERVADOR COLOMBIANO,00054,NATALIA CASALLAS VANEGAS,8
2023,ASAMBLEA,41530,PALESTINA,00002,PARTIDO CONSERVADOR COLOMBIANO,00055,ALENXANDRO SALAZAR LLANOS,24
2023,ASAMBLEA,41530,PALESTINA,00002,PARTIDO CONSERVADOR COLOMBIANO,00056,SILVIO DANIEL VASQUEZ CORONADO,23
2023,ASAMBLEA,41530,PALESTINA,00002,PARTIDO CONSERVADOR COLOMBIANO,00057,NORBERTO ANTONIO CASTAÑO BUITRAGO,17
2023,ASAMBLEA,41530,PALESTINA,00002,PARTIDO CONSERVADOR COLOMBIANO,00058,DANIELA CHARRY MOSCOSO,1
2023,ASAMBLEA,41530,PALESTINA,00002,PARTIDO CONSERVADOR COLOMBIANO,00059,CIELO ROCIO COLLAZOS CUTIVA,3
2023,ASAMBLEA,41530,PALESTINA,00002,PARTIDO CONSERVADOR COLOMBIANO,00060,ANYELO SANDOVAL PEÑA,214
2023,ASAMBLEA,41530,PALESTINA,00002,PARTIDO CONSERVADOR COLOMBIANO,00061,PAULA MELISSA TRUJILLO PEDROZA,4
2023,ASAMBLEA,41530,PALESTINA,00002,PARTIDO CONSERVADOR COLOMBIANO,00062,WILMER EDUARDO ALVARADO MUÑOZ,103
2023,ASAMBLEA,41530,PALESTINA,00004,PARTIDO ALIANZA VERDE,00000,PARTIDO ALIANZA VERDE,54
2023,ASAMBLEA,41530,PALESTINA,00004,PARTIDO ALIANZA VERDE,00051,DIANA LORENA MONJE ALBARRACIN,201
2023,ASAMBLEA,41530,PALESTINA,00004,PARTIDO ALIANZA VERDE,00052,OSCAR FERNANDO RAMIREZ PRADA,21
2023,ASAMBLEA,41530,PALESTINA,00004,PARTIDO ALIANZA VERDE,00053,JUAN CAMILO FORERO CARDENAS,35
2023,ASAMBLEA,41530,PALESTINA,00004,PARTIDO ALIANZA VERDE,00054,BLANCA EDITH MEDINA BOTACHE,7
2023,ASAMBLEA,41530,PALESTINA,00004,PARTIDO ALIANZA VERDE,00055,VIRGILIO HUERGO GOMEZ,79
2023,ASAMBLEA,41530,PALESTINA,00004,PARTIDO ALIANZA VERDE,00056,OSCAR IVAN LLANOS RODRIGUEZ,25
2023,ASAMBLEA,41530,PALESTINA,00004,PARTIDO ALIANZA VERDE,00060,SHIRLEY ROCIO QUINTERO SANCHEZ,4
2023,ASAMBLEA,41530,PALESTINA,00004,PARTIDO ALIANZA VERDE,00061,JOSE ARMANDO ACUÑA MOLINA,37
2023,ASAMBLEA,41530,PALESTINA,00004,PARTIDO ALIANZA VERDE,00062,DIEGO FERNANDO PASCUAS ARIAS,11
2023,ASAMBLEA,41530,PALESTINA,07099,HUILA EMPRENDE,00000,HUILA EMPRENDE,30
2023,ASAMBLEA,41530,PALESTINA,07099,HUILA EMPRENDE,00051,CARLOS ARLEY STERLING CARDOZO,66
2023,ASAMBLEA,41530,PALESTINA,07099,HUILA EMPRENDE,00052,YERALDYN SAENZ MUÑOZ,29
2023,ASAMBLEA,41530,PALESTINA,07099,HUILA EMPRENDE,00053,MICHELL ALEJANDRA GONZALEZ OSPINA,11
2023,ASAMBLEA,41530,PALESTINA,07099,HUILA EMPRENDE,00054,CECILIA CUELLAR LEDESMA,4
2023,ASAMBLEA,41530,PALESTINA,07099,HUILA EMPRENDE,00055,WILFRED TRUJILLO TRUJILLO,263
2023,ASAMBLEA,41530,PALESTINA,07099,HUILA EMPRENDE,00056,BENSAIR SILVA BERNAL,13
2023,ASAMBLEA,41530,PALESTINA,07099,HUILA EMPRENDE,00057,EDGAR BONILLA RAMIREZ,9
2023,ASAMBLEA,41530,PALESTINA,07099,HUILA EMPRENDE,00059,DORIAN CORTES CALDERON,2
2023,ASAMBLEA,41530,PALESTINA,07099,HUILA EMPRENDE,00060,EDWIN HARVEY BARAJAS HERNANDEZ,11
2023,ASAMBLEA,41530,PALESTINA,07099,HUILA EMPRENDE,00061,OCTAVIO CABRERA CANTE,58
2023,ASAMBLEA,41530,PALESTINA,07099,HUILA EMPRENDE,00062,MAIRA JULIETH ORTIZ CRUZ,5
2023,ASAMBLEA,41530,PALESTINA,07892,ALMA DEL HUILA,00000,ALMA DEL HUILA,22
2023,ASAMBLEA,41530,PALESTINA,07892,ALMA DEL HUILA,00052,ADAN ROJAS BARRETO,23
2023,ASAMBLEA,41530,PALESTINA,07892,ALMA DEL HUILA,00053,WILLIAM GONZALEZ HENAO,131
2023,ASAMBLEA,41530,PALESTINA,07892,ALMA DEL HUILA,00054,PEDRO NEL JIMENEZ STERLING,6
2023,ASAMBLEA,41530,PALESTINA,07892,ALMA DEL HUILA,00055,YENIFER GOMEZ QUINTERO,10
2023,ASAMBLEA,41530,PALESTINA,07892,ALMA DEL HUILA,00056,SINDAY CAMACHO TRUJILLO,6
2023,ASAMBLEA,41530,PALESTINA,07892,ALMA DEL HUILA,00057,YILEIDI CUBILLOS HERMIDA,6
2023,ASAMBLEA,41530,PALESTINA,07892,ALMA DEL HUILA,00058,KELLY YULIETH CASTAÑEDA GALINDO,3
2023,ASAMBLEA,41530,PALESTINA,07892,ALMA DEL HUILA,00059,DANIEL LEONARDO SANZ PERDOMO,9
2023,ASAMBLEA,41530,PALESTINA,07892,ALMA DEL HUILA,00060,IVAN ALFREDO CANGREJO TORRES,104
2023,ASAMBLEA,41530,PALESTINA,07892,ALMA DEL HUILA,00061,IVAN CORTES LOSADA,6
2023,ASAMBLEA,41530,PALESTINA,07892,ALMA DEL HUILA,00062,OMAR ORTIZ SEPULVEDA,5
2023,ASAMBLEA,41530,PALESTINA,08399,COAL. PARTIDO CENTRO DEMOCRATICO Y PARTIDO LIGA,00000,COAL. PARTIDO CENTRO DEMOCRATICO Y PARTIDO LIGA,42
2023,ASAMBLEA,41530,PALESTINA,08399,COAL. PARTIDO CENTRO DEMOCRATICO Y PARTIDO LIGA,00051,TATIANA SOLANO CABALLERO,18
2023,ASAMBLEA,41530,PALESTINA,08399,COAL. PARTIDO CENTRO DEMOCRATICO Y PARTIDO LIGA,00052,CARLOS ANDRES MOLINA OSORIO,12
2023,ASAMBLEA,41530,PALESTINA,08399,COAL. PARTIDO CENTRO DEMOCRATICO Y PARTIDO LIGA,00054,FRANKEL HERRERA DUSSAN,4
2023,ASAMBLEA,41530,PALESTINA,08399,COAL. PARTIDO CENTRO DEMOCRATICO Y PARTIDO LIGA,00055,TATIANA PATRICIA MENDEZ RAMOS,38
2023,ASAMBLEA,41530,PALESTINA,08399,COAL. PARTIDO CENTRO DEMOCRATICO Y PARTIDO LIGA,00056,ANDRES GARCIA MONTEALEGRE,12
2023,ASAMBLEA,41530,PALESTINA,08399,COAL. PARTIDO CENTRO DEMOCRATICO Y PARTIDO LIGA,00057,SONIA DEL PILAR CUELLAR CASTRO,31
2023,ASAMBLEA,41530,PALESTINA,08399,COAL. PARTIDO CENTRO DEMOCRATICO Y PARTIDO LIGA,00058,JHON HAROL SANCHEZ DELGADO,2
2023,ASAMBLEA,41530,PALESTINA,08399,COAL. PARTIDO CENTRO DEMOCRATICO Y PARTIDO LIGA,00059,MISAEL POBLADOR PEREZ,1
2023,ASAMBLEA,41530,PALESTINA,08399,COAL. PARTIDO CENTRO DEMOCRATICO Y PARTIDO LIGA,00060,SORLY ARIAS SANCHEZ,1
2023,ASAMBLEA,41530,PALESTINA,08399,COAL. PARTIDO CENTRO DEMOCRATICO Y PARTIDO LIGA,00061,JOSE FRANKLIN LOSADA CERQUERA,6
2023,ASAMBLEA,41530,PALESTINA,08399,COAL. PARTIDO CENTRO DEMOCRATICO Y PARTIDO LIGA,00062,YANDRY MILENA DIAZ CARVAJAL,8
2023,ASAMBLEA,41530,PALESTINA,08404,PACTOHISTORICO,00000,PACTOHISTORICO,77
2023,ASAMBLEA,41530,PALESTINA,08404,PACTOHISTORICO,00051,LUIS EDGAR GUTIERREZ GUTIERREZ,51
2023,ASAMBLEA,41530,PALESTINA,08404,PACTOHISTORICO,00052,LEONARDO VERA YARA,244
2023,ASAMBLEA,41530,PALESTINA,08404,PACTOHISTORICO,00053,JOSE IGNACIO MARROQUIN SANCHEZ,275
2023,ASAMBLEA,41530,PALESTINA,08404,PACTOHISTORICO,00054,LINDA PAOLA MEDINA CHARRY,28
2023,ASAMBLEA,41530,PALESTINA,08404,PACTOHISTORICO,00055,JUAN BAUTISTA MORERA MEDINA,30
2023,ASAMBLEA,41530,PALESTINA,08404,PACTOHISTORICO,00056,FRANK YULL FIERRO MAYORGA,24
2023,ASAMBLEA,41530,PALESTINA,08404,PACTOHISTORICO,00057,YESID CAMPOS SOTELO,14
2023,ASAMBLEA,41530,PALESTINA,08404,PACTOHISTORICO,00058,MERCEDES SANTOS POLANCO,4
2023,ASAMBLEA,41530,PALESTINA,08404,PACTOHISTORICO,00059,MARIA NELLY PULIDO HERNANDEZ,3
2023,ASAMBLEA,41530,PALESTINA,08404,PACTOHISTORICO,00060,FRANCISCO ISMAEL OLAYA OLAYA,11
2023,ASAMBLEA,41530,PALESTINA,08404,PACTOHISTORICO,00061,LEIDY TATIANA JAIMES HERNANDEZ,14
2023,ASAMBLEA,41530,PALESTINA,08404,PACTOHISTORICO,00062,ROBERTO CARLOS TOMBE TUNUBALA,80
2023,ASAMBLEA,41530,PALESTINA,08416,COALICIÓN PARTIDO DE LA U Y PARTIDO POLITICO MIRA,00000,COALICIÓN PARTIDO DE LA U Y PARTIDO POLITICO MIRA,13
2023,ASAMBLEA,41530,PALESTINA,08416,COALICIÓN PARTIDO DE LA U Y PARTIDO POLITICO MIRA,00051,JOSE LUIS CHAUX JOVEN,6
2023,ASAMBLEA,41530,PALESTINA,08416,COALICIÓN PARTIDO DE LA U Y PARTIDO POLITICO MIRA,00052,TANIA ANDREA NINCO ZUÑIGA,2
2023,ASAMBLEA,41530,PALESTINA,08416,COALICIÓN PARTIDO DE LA U Y PARTIDO POLITICO MIRA,00055,LUIS GUILLERMO CARDOZO,3
2023,ASAMBLEA,41530,PALESTINA,08416,COALICIÓN PARTIDO DE LA U Y PARTIDO POLITICO MIRA,00056,PATRICIA LUGO AVENDAÑO,3
2023,ASAMBLEA,41530,PALESTINA,08416,COALICIÓN PARTIDO DE LA U Y PARTIDO POLITICO MIRA,00059,ALVARO HERNANDO AMAYA VALENCIA,2
2023,ASAMBLEA,41530,PALESTINA,08416,COALICIÓN PARTIDO DE LA U Y PARTIDO POLITICO MIRA,00060,GRACE FERNANDA RADA RICO,8
2023,ASAMBLEA,41530,PALESTINA,08416,COALICIÓN PARTIDO DE LA U Y PARTIDO POLITICO MIRA,00061,EDISSON ANDRES PALMA CHAVEZ,4
2023,ASAMBLEA,41530,PALESTINA,08416,COALICIÓN PARTIDO DE LA U Y PARTIDO POLITICO MIRA,00062,NESTOR IVAN RODRIGUEZ ANDRADE,2
2023,ASAMBLEA,41548,PITAL,00000,,00996,VOTOS EN BLANCO,486
2023,ASAMBLEA,41548,PITAL,00000,,00997,VOTOS NULOS,132
2023,ASAMBLEA,41548,PITAL,00000,,00998,VOTOS NO MARCADOS,1004
2023,ASAMBLEA,41548,PITAL,00001,PARTIDO LIBERAL COLOMBIANO,00000,PARTIDO LIBERAL COLOMBIANO,58
2023,ASAMBLEA,41548,PITAL,00001,PARTIDO LIBERAL COLOMBIANO,00051,ALFADIL ORTIGOZA,103
2023,ASAMBLEA,41548,PITAL,00001,PARTIDO LIBERAL COLOMBIANO,00052,MILTON GERARDO CORTES CUELLAR,31
2023,ASAMBLEA,41548,PITAL,00001,PARTIDO LIBERAL COLOMBIANO,00053,ORLANDO IBAGON SANCHEZ,15
2023,ASAMBLEA,41548,PITAL,00001,PARTIDO LIBERAL COLOMBIANO,00054,RAMIRO ADOLFO MUÑOZ CALDERON,6
2023,ASAMBLEA,41548,PITAL,00001,PARTIDO LIBERAL COLOMBIANO,00055,VICTORIA EUGENIA CASTRO SILVA,37
2023,ASAMBLEA,41548,PITAL,00001,PARTIDO LIBERAL COLOMBIANO,00056,OSCAR URIEL BRAVO DIAZ,22
2023,ASAMBLEA,41548,PITAL,00001,PARTIDO LIBERAL COLOMBIANO,00057,CARLOS EDILSON POSADA MAYA,18
2023,ASAMBLEA,41548,PITAL,00001,PARTIDO LIBERAL COLOMBIANO,00058,FABIO ARMANDO ORTIZ REYES,9
2023,ASAMBLEA,41548,PITAL,00001,PARTIDO LIBERAL COLOMBIANO,00059,CLAUDIA PATRICIA CONDE VILLANEDA,5
2023,ASAMBLEA,41548,PITAL,00001,PARTIDO LIBERAL COLOMBIANO,00060,ALEIDA SALINAS CAMPOS,22
2023,ASAMBLEA,41548,PITAL,00001,PARTIDO LIBERAL COLOMBIANO,00061,ARELIS VARGAS ALVAREZ,29
2023,ASAMBLEA,41548,PITAL,00001,PARTIDO LIBERAL COLOMBIANO,00062,SERGIO ANDRES TRUJILLO PERDOMO,496
2023,ASAMBLEA,41548,PITAL,00002,PARTIDO CONSERVADOR COLOMBIANO,00000,PARTIDO CONSERVADOR COLOMBIANO,60
2023,ASAMBLEA,41548,PITAL,00002,PARTIDO CONSERVADOR COLOMBIANO,00051,OMAR ALVARO ALEXIS DIAZ CUELLAR,142
2023,ASAMBLEA,41548,PITAL,00002,PARTIDO CONSERVADOR COLOMBIANO,00052,NELSON JESUS MURCIA OME,19
2023,ASAMBLEA,41548,PITAL,00002,PARTIDO CONSERVADOR COLOMBIANO,00053,MAURICIO CIFUENTES VELASQUEZ,8
2023,ASAMBLEA,41548,PITAL,00002,PARTIDO CONSERVADOR COLOMBIANO,00054,NATALIA CASALLAS VANEGAS,5
2023,ASAMBLEA,41548,PITAL,00002,PARTIDO CONSERVADOR COLOMBIANO,00055,ALENXANDRO SALAZAR LLANOS,19
2023,ASAMBLEA,41548,PITAL,00002,PARTIDO CONSERVADOR COLOMBIANO,00056,SILVIO DANIEL VASQUEZ CORONADO,14
2023,ASAMBLEA,41548,PITAL,00002,PARTIDO CONSERVADOR COLOMBIANO,00057,NORBERTO ANTONIO CASTAÑO BUITRAGO,32
2023,ASAMBLEA,41548,PITAL,00002,PARTIDO CONSERVADOR COLOMBIANO,00058,DANIELA CHARRY MOSCOSO,5
2023,ASAMBLEA,41548,PITAL,00002,PARTIDO CONSERVADOR COLOMBIANO,00059,CIELO ROCIO COLLAZOS CUTIVA,8
2023,ASAMBLEA,41548,PITAL,00002,PARTIDO CONSERVADOR COLOMBIANO,00060,ANYELO SANDOVAL PEÑA,22
2023,ASAMBLEA,41548,PITAL,00002,PARTIDO CONSERVADOR COLOMBIANO,00061,PAULA MELISSA TRUJILLO PEDROZA,19
2023,ASAMBLEA,41548,PITAL,00002,PARTIDO CONSERVADOR COLOMBIANO,00062,WILMER EDUARDO ALVARADO MUÑOZ,174
2023,ASAMBLEA,41548,PITAL,00004,PARTIDO ALIANZA VERDE,00000,PARTIDO ALIANZA VERDE,32
2023,ASAMBLEA,41548,PITAL,00004,PARTIDO ALIANZA VERDE,00051,DIANA LORENA MONJE ALBARRACIN,77
2023,ASAMBLEA,41548,PITAL,00004,PARTIDO ALIANZA VERDE,00052,OSCAR FERNANDO RAMIREZ PRADA,27
2023,ASAMBLEA,41548,PITAL,00004,PARTIDO ALIANZA VERDE,00053,JUAN CAMILO FORERO CARDENAS,21
2023,ASAMBLEA,41548,PITAL,00004,PARTIDO ALIANZA VERDE,00054,BLANCA EDITH MEDINA BOTACHE,8
2023,ASAMBLEA,41548,PITAL,00004,PARTIDO ALIANZA VERDE,00055,VIRGILIO HUERGO GOMEZ,43
2023,ASAMBLEA,41548,PITAL,00004,PARTIDO ALIANZA VERDE,00056,OSCAR IVAN LLANOS RODRIGUEZ,8
2023,ASAMBLEA,41548,PITAL,00004,PARTIDO ALIANZA VERDE,00060,SHIRLEY ROCIO QUINTERO SANCHEZ,28
2023,ASAMBLEA,41548,PITAL,00004,PARTIDO ALIANZA VERDE,00061,JOSE ARMANDO ACUÑA MOLINA,400
2023,ASAMBLEA,41548,PITAL,00004,PARTIDO ALIANZA VERDE,00062,DIEGO FERNANDO PASCUAS ARIAS,39
2023,ASAMBLEA,41548,PITAL,07099,HUILA EMPRENDE,00000,HUILA EMPRENDE,31
2023,ASAMBLEA,41548,PITAL,07099,HUILA EMPRENDE,00051,CARLOS ARLEY STERLING CARDOZO,184
2023,ASAMBLEA,41548,PITAL,07099,HUILA EMPRENDE,00052,YERALDYN SAENZ MUÑOZ,9
2023,ASAMBLEA,41548,PITAL,07099,HUILA EMPRENDE,00053,MICHELL ALEJANDRA GONZALEZ OSPINA,4
2023,ASAMBLEA,41548,PITAL,07099,HUILA EMPRENDE,00054,CECILIA CUELLAR LEDESMA,1
2023,ASAMBLEA,41548,PITAL,07099,HUILA EMPRENDE,00055,WILFRED TRUJILLO TRUJILLO,17
2023,ASAMBLEA,41548,PITAL,07099,HUILA EMPRENDE,00056,BENSAIR SILVA BERNAL,16
2023,ASAMBLEA,41548,PITAL,07099,HUILA EMPRENDE,00057,EDGAR BONILLA RAMIREZ,20
2023,ASAMBLEA,41548,PITAL,07099,HUILA EMPRENDE,00058,DARBINSON ANDRES GOMEZ CABRERA,11
2023,ASAMBLEA,41548,PITAL,07099,HUILA EMPRENDE,00059,DORIAN CORTES CALDERON,5
2023,ASAMBLEA,41548,PITAL,07099,HUILA EMPRENDE,00060,EDWIN HARVEY BARAJAS HERNANDEZ,738
2023,ASAMBLEA,41548,PITAL,07099,HUILA EMPRENDE,00061,OCTAVIO CABRERA CANTE,37
2023,ASAMBLEA,41548,PITAL,07099,HUILA EMPRENDE,00062,MAIRA JULIETH ORTIZ CRUZ,13
2023,ASAMBLEA,41548,PITAL,07892,ALMA DEL HUILA,00000,ALMA DEL HUILA,14
2023,ASAMBLEA,41548,PITAL,07892,ALMA DEL HUILA,00051,JOHN ALEXANDER TRUJILLO NINCO,29
2023,ASAMBLEA,41548,PITAL,07892,ALMA DEL HUILA,00052,ADAN ROJAS BARRETO,7
2023,ASAMBLEA,41548,PITAL,07892,ALMA DEL HUILA,00053,WILLIAM GONZALEZ HENAO,110
2023,ASAMBLEA,41548,PITAL,07892,ALMA DEL HUILA,00054,PEDRO NEL JIMENEZ STERLING,8
2023,ASAMBLEA,41548,PITAL,07892,ALMA DEL HUILA,00055,YENIFER GOMEZ QUINTERO,1
2023,ASAMBLEA,41548,PITAL,07892,ALMA DEL HUILA,00056,SINDAY CAMACHO TRUJILLO,3
2023,ASAMBLEA,41548,PITAL,07892,ALMA DEL HUILA,00057,YILEIDI CUBILLOS HERMIDA,2
2023,ASAMBLEA,41548,PITAL,07892,ALMA DEL HUILA,00058,KELLY YULIETH CASTAÑEDA GALINDO,1
2023,ASAMBLEA,41548,PITAL,07892,ALMA DEL HUILA,00059,DANIEL LEONARDO SANZ PERDOMO,7
2023,ASAMBLEA,41548,PITAL,07892,ALMA DEL HUILA,00060,IVAN ALFREDO CANGREJO TORRES,36
2023,ASAMBLEA,41548,PITAL,07892,ALMA DEL HUILA,00061,IVAN CORTES LOSADA,6
2023,ASAMBLEA,41548,PITAL,07892,ALMA DEL HUILA,00062,OMAR ORTIZ SEPULVEDA,9
2023,ASAMBLEA,41548,PITAL,08399,COAL. PARTIDO CENTRO DEMOCRATICO Y PARTIDO LIGA,00000,COAL. PARTIDO CENTRO DEMOCRATICO Y PARTIDO LIGA,46
2023,ASAMBLEA,41548,PITAL,08399,COAL. PARTIDO CENTRO DEMOCRATICO Y PARTIDO LIGA,00051,TATIANA SOLANO CABALLERO,36
2023,ASAMBLEA,41548,PITAL,08399,COAL. PARTIDO CENTRO DEMOCRATICO Y PARTIDO LIGA,00052,CARLOS ANDRES MOLINA OSORIO,1
2023,ASAMBLEA,41548,PITAL,08399,COAL. PARTIDO CENTRO DEMOCRATICO Y PARTIDO LIGA,00054,FRANKEL HERRERA DUSSAN,2
2023,ASAMBLEA,41548,PITAL,08399,COAL. PARTIDO CENTRO DEMOCRATICO Y PARTIDO LIGA,00055,TATIANA PATRICIA MENDEZ RAMOS,32
2023,ASAMBLEA,41548,PITAL,08399,COAL. PARTIDO CENTRO DEMOCRATICO Y PARTIDO LIGA,00056,ANDRES GARCIA MONTEALEGRE,7
2023,ASAMBLEA,41548,PITAL,08399,COAL. PARTIDO CENTRO DEMOCRATICO Y PARTIDO LIGA,00057,SONIA DEL PILAR CUELLAR CASTRO,6
2023,ASAMBLEA,41548,PITAL,08399,COAL. PARTIDO CENTRO DEMOCRATICO Y PARTIDO LIGA,00058,JHON HAROL SANCHEZ DELGADO,1
2023,ASAMBLEA,41548,PITAL,08399,COAL. PARTIDO CENTRO DEMOCRATICO Y PARTIDO LIGA,00059,MISAEL POBLADOR PEREZ,6
2023,ASAMBLEA,41548,PITAL,08399,COAL. PARTIDO CENTRO DEMOCRATICO Y PARTIDO LIGA,00060,SORLY ARIAS SANCHEZ,30
2023,ASAMBLEA,41548,PITAL,08399,COAL. PARTIDO CENTRO DEMOCRATICO Y PARTIDO LIGA,00061,JOSE FRANKLIN LOSADA CERQUERA,9
2023,ASAMBLEA,41548,PITAL,08399,COAL. PARTIDO CENTRO DEMOCRATICO Y PARTIDO LIGA,00062,YANDRY MILENA DIAZ CARVAJAL,7
2023,ASAMBLEA,41548,PITAL,08404,PACTOHISTORICO,00000,PACTOHISTORICO,20
2023,ASAMBLEA,41548,PITAL,08404,PACTOHISTORICO,00051,LUIS EDGAR GUTIERREZ GUTIERREZ,25
2023,ASAMBLEA,41548,PITAL,08404,PACTOHISTORICO,00052,LEONARDO VERA YARA,7
2023,ASAMBLEA,41548,PITAL,08404,PACTOHISTORICO,00053,JOSE IGNACIO MARROQUIN SANCHEZ,4
2023,ASAMBLEA,41548,PITAL,08404,PACTOHISTORICO,00055,JUAN BAUTISTA MORERA MEDINA,16
2023,ASAMBLEA,41548,PITAL,08404,PACTOHISTORICO,00056,FRANK YULL FIERRO MAYORGA,45
2023,ASAMBLEA,41548,PITAL,08404,PACTOHISTORICO,00057,YESID CAMPOS SOTELO,4
2023,ASAMBLEA,41548,PITAL,08404,PACTOHISTORICO,00058,MERCEDES SANTOS POLANCO,3
2023,ASAMBLEA,41548,PITAL,08404,PACTOHISTORICO,00059,MARIA NELLY PULIDO HERNANDEZ,4
2023,ASAMBLEA,41548,PITAL,08404,PACTOHISTORICO,00060,FRANCISCO ISMAEL OLAYA OLAYA,20
2023,ASAMBLEA,41548,PITAL,08404,PACTOHISTORICO,00061,LEIDY TATIANA JAIMES HERNANDEZ,4
2023,ASAMBLEA,41548,PITAL,08404,PACTOHISTORICO,00062,ROBERTO CARLOS TOMBE TUNUBALA,53
2023,ASAMBLEA,41548,PITAL,08416,COALICIÓN PARTIDO DE LA U Y PARTIDO POLITICO MIRA,00000,COALICIÓN PARTIDO DE LA U Y PARTIDO POLITICO MIRA,39
2023,ASAMBLEA,41548,PITAL,08416,COALICIÓN PARTIDO DE LA U Y PARTIDO POLITICO MIRA,00051,JOSE LUIS CHAUX JOVEN,1786
2023,ASAMBLEA,41548,PITAL,08416,COALICIÓN PARTIDO DE LA U Y PARTIDO POLITICO MIRA,00052,TANIA ANDREA NINCO ZUÑIGA,29
2023,ASAMBLEA,41548,PITAL,08416,COALICIÓN PARTIDO DE LA U Y PARTIDO POLITICO MIRA,00055,LUIS GUILLERMO CARDOZO,11
2023,ASAMBLEA,41548,PITAL,08416,COALICIÓN PARTIDO DE LA U Y PARTIDO POLITICO MIRA,00056,PATRICIA LUGO AVENDAÑO,15
2023,ASAMBLEA,41548,PITAL,08416,COALICIÓN PARTIDO DE LA U Y PARTIDO POLITICO MIRA,00059,ALVARO HERNANDO AMAYA VALENCIA,7
2023,ASAMBLEA,41548,PITAL,08416,COALICIÓN PARTIDO DE LA U Y PARTIDO POLITICO MIRA,00060,GRACE FERNANDA RADA RICO,13
2023,ASAMBLEA,41548,PITAL,08416,COALICIÓN PARTIDO DE LA U Y PARTIDO POLITICO MIRA,00061,EDISSON ANDRES PALMA CHAVEZ,78
2023,ASAMBLEA,41548,PITAL,08416,COALICIÓN PARTIDO DE LA U Y PARTIDO POLITICO MIRA,00062,NESTOR IVAN RODRIGUEZ ANDRADE,24
2023,ASAMBLEA,41551,PITALITO,00000,,00996,VOTOS EN BLANCO,10779
2023,ASAMBLEA,41551,PITALITO,00000,,00997,VOTOS NULOS,1816
2023,ASAMBLEA,41551,PITALITO,00000,,00998,VOTOS NO MARCADOS,8675
2023,ASAMBLEA,41551,PITALITO,00001,PARTIDO LIBERAL COLOMBIANO,00000,PARTIDO LIBERAL COLOMBIANO,558
2023,ASAMBLEA,41551,PITALITO,00001,PARTIDO LIBERAL COLOMBIANO,00051,ALFADIL ORTIGOZA,745
2023,ASAMBLEA,41551,PITALITO,00001,PARTIDO LIBERAL COLOMBIANO,00052,MILTON GERARDO CORTES CUELLAR,319
2023,ASAMBLEA,41551,PITALITO,00001,PARTIDO LIBERAL COLOMBIANO,00053,ORLANDO IBAGON SANCHEZ,522
2023,ASAMBLEA,41551,PITALITO,00001,PARTIDO LIBERAL COLOMBIANO,00054,RAMIRO ADOLFO MUÑOZ CALDERON,257
2023,ASAMBLEA,41551,PITALITO,00001,PARTIDO LIBERAL COLOMBIANO,00055,VICTORIA EUGENIA CASTRO SILVA,1698
2023,ASAMBLEA,41551,PITALITO,00001,PARTIDO LIBERAL COLOMBIANO,00056,OSCAR URIEL BRAVO DIAZ,854
2023,ASAMBLEA,41551,PITALITO,00001,PARTIDO LIBERAL COLOMBIANO,00057,CARLOS EDILSON POSADA MAYA,202
2023,ASAMBLEA,41551,PITALITO,00001,PARTIDO LIBERAL COLOMBIANO,00058,FABIO ARMANDO ORTIZ REYES,44
2023,ASAMBLEA,41551,PITALITO,00001,PARTIDO LIBERAL COLOMBIANO,00059,CLAUDIA PATRICIA CONDE VILLANEDA,38
2023,ASAMBLEA,41551,PITALITO,00001,PARTIDO LIBERAL COLOMBIANO,00060,ALEIDA SALINAS CAMPOS,78
2023,ASAMBLEA,41551,PITALITO,00001,PARTIDO LIBERAL COLOMBIANO,00061,ARELIS VARGAS ALVAREZ,82
2023,ASAMBLEA,41551,PITALITO,00001,PARTIDO LIBERAL COLOMBIANO,00062,SERGIO ANDRES TRUJILLO PERDOMO,856
2023,ASAMBLEA,41551,PITALITO,00002,PARTIDO CONSERVADOR COLOMBIANO,00000,PARTIDO CONSERVADOR COLOMBIANO,514
2023,ASAMBLEA,41551,PITALITO,00002,PARTIDO CONSERVADOR COLOMBIANO,00051,OMAR ALVARO ALEXIS DIAZ CUELLAR,718
2023,ASAMBLEA,41551,PITALITO,00002,PARTIDO CONSERVADOR COLOMBIANO,00052,NELSON JESUS MURCIA OME,1094
2023,ASAMBLEA,41551,PITALITO,00002,PARTIDO CONSERVADOR COLOMBIANO,00053,MAURICIO CIFUENTES VELASQUEZ,99
2023,ASAMBLEA,41551,PITALITO,00002,PARTIDO CONSERVADOR COLOMBIANO,00054,NATALIA CASALLAS VANEGAS,68
2023,ASAMBLEA,41551,PITALITO,00002,PARTIDO CONSERVADOR COLOMBIANO,00055,ALENXANDRO SALAZAR LLANOS,448
2023,ASAMBLEA,41551,PITALITO,00002,PARTIDO CONSERVADOR COLOMBIANO,00056,SILVIO DANIEL VASQUEZ CORONADO,186
2023,ASAMBLEA,41551,PITALITO,00002,PARTIDO CONSERVADOR COLOMBIANO,00057,NORBERTO ANTONIO CASTAÑO BUITRAGO,160
2023,ASAMBLEA,41551,PITALITO,00002,PARTIDO CONSERVADOR COLOMBIANO,00058,DANIELA CHARRY MOSCOSO,48
2023,ASAMBLEA,41551,PITALITO,00002,PARTIDO CONSERVADOR COLOMBIANO,00059,CIELO ROCIO COLLAZOS CUTIVA,39
2023,ASAMBLEA,41551,PITALITO,00002,PARTIDO CONSERVADOR COLOMBIANO,00060,ANYELO SANDOVAL PEÑA,2608
2023,ASAMBLEA,41551,PITALITO,00002,PARTIDO CONSERVADOR COLOMBIANO,00061,PAULA MELISSA TRUJILLO PEDROZA,111
2023,ASAMBLEA,41551,PITALITO,00002,PARTIDO CONSERVADOR COLOMBIANO,00062,WILMER EDUARDO ALVARADO MUÑOZ,521
2023,ASAMBLEA,41551,PITALITO,00004,PARTIDO ALIANZA VERDE,00000,PARTIDO ALIANZA VERDE,409
2023,ASAMBLEA,41551,PITALITO,00004,PARTIDO ALIANZA VERDE,00051,DIANA LORENA MONJE ALBARRACIN,399
2023,ASAMBLEA,41551,PITALITO,00004,PARTIDO ALIANZA VERDE,00052,OSCAR FERNANDO RAMIREZ PRADA,204
2023,ASAMBLEA,41551,PITALITO,00004,PARTIDO ALIANZA VERDE,00053,JUAN CAMILO FORERO CARDENAS,1011
2023,ASAMBLEA,41551,PITALITO,00004,PARTIDO ALIANZA VERDE,00054,BLANCA EDITH MEDINA BOTACHE,67
2023,ASAMBLEA,41551,PITALITO,00004,PARTIDO ALIANZA VERDE,00055,VIRGILIO HUERGO GOMEZ,336
2023,ASAMBLEA,41551,PITALITO,00004,PARTIDO ALIANZA VERDE,00056,OSCAR IVAN LLANOS RODRIGUEZ,96
2023,ASAMBLEA,41551,PITALITO,00004,PARTIDO ALIANZA VERDE,00060,SHIRLEY ROCIO QUINTERO SANCHEZ,181
2023,ASAMBLEA,41551,PITALITO,00004,PARTIDO ALIANZA VERDE,00061,JOSE ARMANDO ACUÑA MOLINA,427
2023,ASAMBLEA,41551,PITALITO,00004,PARTIDO ALIANZA VERDE,00062,DIEGO FERNANDO PASCUAS ARIAS,228
2023,ASAMBLEA,41551,PITALITO,07099,HUILA EMPRENDE,00000,HUILA EMPRENDE,541
2023,ASAMBLEA,41551,PITALITO,07099,HUILA EMPRENDE,00051,CARLOS ARLEY STERLING CARDOZO,492
2023,ASAMBLEA,41551,PITALITO,07099,HUILA EMPRENDE,00052,YERALDYN SAENZ MUÑOZ,229
2023,ASAMBLEA,41551,PITALITO,07099,HUILA EMPRENDE,00053,MICHELL ALEJANDRA GONZALEZ OSPINA,151
2023,ASAMBLEA,41551,PITALITO,07099,HUILA EMPRENDE,00054,CECILIA CUELLAR LEDESMA,71
2023,ASAMBLEA,41551,PITALITO,07099,HUILA EMPRENDE,00055,WILFRED TRUJILLO TRUJILLO,6710
2023,ASAMBLEA,41551,PITALITO,07099,HUILA EMPRENDE,00056,BENSAIR SILVA BERNAL,205
2023,ASAMBLEA,41551,PITALITO,07099,HUILA EMPRENDE,00057,EDGAR BONILLA RAMIREZ,361
2023,ASAMBLEA,41551,PITALITO,07099,HUILA EMPRENDE,00058,DARBINSON ANDRES GOMEZ CABRERA,94
2023,ASAMBLEA,41551,PITALITO,07099,HUILA EMPRENDE,00059,DORIAN CORTES CALDERON,36
2023,ASAMBLEA,41551,PITALITO,07099,HUILA EMPRENDE,00060,EDWIN HARVEY BARAJAS HERNANDEZ,473
2023,ASAMBLEA,41551,PITALITO,07099,HUILA EMPRENDE,00061,OCTAVIO CABRERA CANTE,1127
2023,ASAMBLEA,41551,PITALITO,07099,HUILA EMPRENDE,00062,MAIRA JULIETH ORTIZ CRUZ,81
2023,ASAMBLEA,41551,PITALITO,07892,ALMA DEL HUILA,00000,ALMA DEL HUILA,138
2023,ASAMBLEA,41551,PITALITO,07892,ALMA DEL HUILA,00051,JOHN ALEXANDER TRUJILLO NINCO,108
2023,ASAMBLEA,41551,PITALITO,07892,ALMA DEL HUILA,00052,ADAN ROJAS BARRETO,92
2023,ASAMBLEA,41551,PITALITO,07892,ALMA DEL HUILA,00053,WILLIAM GONZALEZ HENAO,813
2023,ASAMBLEA,41551,PITALITO,07892,ALMA DEL HUILA,00054,PEDRO NEL JIMENEZ STERLING,120
2023,ASAMBLEA,41551,PITALITO,07892,ALMA DEL HUILA,00055,YENIFER GOMEZ QUINTERO,136
2023,ASAMBLEA,41551,PITALITO,07892,ALMA DEL HUILA,00056,SINDAY CAMACHO TRUJILLO,71
2023,ASAMBLEA,41551,PITALITO,07892,ALMA DEL HUILA,00057,YILEIDI CUBILLOS HERMIDA,75
2023,ASAMBLEA,41551,PITALITO,07892,ALMA DEL HUILA,00058,KELLY YULIETH CASTAÑEDA GALINDO,14
2023,ASAMBLEA,41551,PITALITO,07892,ALMA DEL HUILA,00059,DANIEL LEONARDO SANZ PERDOMO,50
2023,ASAMBLEA,41551,PITALITO,07892,ALMA DEL HUILA,00060,IVAN ALFREDO CANGREJO TORRES,288
2023,ASAMBLEA,41551,PITALITO,07892,ALMA DEL HUILA,00061,IVAN CORTES LOSADA,31
2023,ASAMBLEA,41551,PITALITO,07892,ALMA DEL HUILA,00062,OMAR ORTIZ SEPULVEDA,32
2023,ASAMBLEA,41551,PITALITO,08399,COAL. PARTIDO CENTRO DEMOCRATICO Y PARTIDO LIGA,00000,COAL. PARTIDO CENTRO DEMOCRATICO Y PARTIDO LIGA,531
2023,ASAMBLEA,41551,PITALITO,08399,COAL. PARTIDO CENTRO DEMOCRATICO Y PARTIDO LIGA,00051,TATIANA SOLANO CABALLERO,417
2023,ASAMBLEA,41551,PITALITO,08399,COAL. PARTIDO CENTRO DEMOCRATICO Y PARTIDO LIGA,00052,CARLOS ANDRES MOLINA OSORIO,201
2023,ASAMBLEA,41551,PITALITO,08399,COAL. PARTIDO CENTRO DEMOCRATICO Y PARTIDO LIGA,00054,FRANKEL HERRERA DUSSAN,56
2023,ASAMBLEA,41551,PITALITO,08399,COAL. PARTIDO CENTRO DEMOCRATICO Y PARTIDO LIGA,00055,TATIANA PATRICIA MENDEZ RAMOS,1201
2023,ASAMBLEA,41551,PITALITO,08399,COAL. PARTIDO CENTRO DEMOCRATICO Y PARTIDO LIGA,00056,ANDRES GARCIA MONTEALEGRE,151
2023,ASAMBLEA,41551,PITALITO,08399,COAL. PARTIDO CENTRO DEMOCRATICO Y PARTIDO LIGA,00057,SONIA DEL PILAR CUELLAR CASTRO,394
2023,ASAMBLEA,41551,PITALITO,08399,COAL. PARTIDO CENTRO DEMOCRATICO Y PARTIDO LIGA,00058,JHON HAROL SANCHEZ DELGADO,50
2023,ASAMBLEA,41551,PITALITO,08399,COAL. PARTIDO CENTRO DEMOCRATICO Y PARTIDO LIGA,00059,MISAEL POBLADOR PEREZ,50
2023,ASAMBLEA,41551,PITALITO,08399,COAL. PARTIDO CENTRO DEMOCRATICO Y PARTIDO LIGA,00060,SORLY ARIAS SANCHEZ,75
2023,ASAMBLEA,41551,PITALITO,08399,COAL. PARTIDO CENTRO DEMOCRATICO Y PARTIDO LIGA,00061,JOSE FRANKLIN LOSADA CERQUERA,45
2023,ASAMBLEA,41551,PITALITO,08399,COAL. PARTIDO CENTRO DEMOCRATICO Y PARTIDO LIGA,00062,YANDRY MILENA DIAZ CARVAJAL,66
2023,ASAMBLEA,41551,PITALITO,08404,PACTOHISTORICO,00000,PACTOHISTORICO,514
2023,ASAMBLEA,41551,PITALITO,08404,PACTOHISTORICO,00051,LUIS EDGAR GUTIERREZ GUTIERREZ,446
2023,ASAMBLEA,41551,PITALITO,08404,PACTOHISTORICO,00052,LEONARDO VERA YARA,358
2023,ASAMBLEA,41551,PITALITO,08404,PACTOHISTORICO,00053,JOSE IGNACIO MARROQUIN SANCHEZ,328
2023,ASAMBLEA,41551,PITALITO,08404,PACTOHISTORICO,00054,LINDA PAOLA MEDINA CHARRY,97
2023,ASAMBLEA,41551,PITALITO,08404,PACTOHISTORICO,00055,JUAN BAUTISTA MORERA MEDINA,315
2023,ASAMBLEA,41551,PITALITO,08404,PACTOHISTORICO,00056,FRANK YULL FIERRO MAYORGA,184
2023,ASAMBLEA,41551,PITALITO,08404,PACTOHISTORICO,00057,YESID CAMPOS SOTELO,183
2023,ASAMBLEA,41551,PITALITO,08404,PACTOHISTORICO,00058,MERCEDES SANTOS POLANCO,38
2023,ASAMBLEA,41551,PITALITO,08404,PACTOHISTORICO,00059,MARIA NELLY PULIDO HERNANDEZ,78
2023,ASAMBLEA,41551,PITALITO,08404,PACTOHISTORICO,00060,FRANCISCO ISMAEL OLAYA OLAYA,141
2023,ASAMBLEA,41551,PITALITO,08404,PACTOHISTORICO,00061,LEIDY TATIANA JAIMES HERNANDEZ,672
2023,ASAMBLEA,41551,PITALITO,08404,PACTOHISTORICO,00062,ROBERTO CARLOS TOMBE TUNUBALA,141
2023,ASAMBLEA,41551,PITALITO,08416,COALICIÓN PARTIDO DE LA U Y PARTIDO POLITICO MIRA,00000,COALICIÓN PARTIDO DE LA U Y PARTIDO POLITICO MIRA,105
2023,ASAMBLEA,41551,PITALITO,08416,COALICIÓN PARTIDO DE LA U Y PARTIDO POLITICO MIRA,00051,JOSE LUIS CHAUX JOVEN,117
2023,ASAMBLEA,41551,PITALITO,08416,COALICIÓN PARTIDO DE LA U Y PARTIDO POLITICO MIRA,00052,TANIA ANDREA NINCO ZUÑIGA,44
2023,ASAMBLEA,41551,PITALITO,08416,COALICIÓN PARTIDO DE LA U Y PARTIDO POLITICO MIRA,00055,LUIS GUILLERMO CARDOZO,79
2023,ASAMBLEA,41551,PITALITO,08416,COALICIÓN PARTIDO DE LA U Y PARTIDO POLITICO MIRA,00056,PATRICIA LUGO AVENDAÑO,18
2023,ASAMBLEA,41551,PITALITO,08416,COALICIÓN PARTIDO DE LA U Y PARTIDO POLITICO MIRA,00059,ALVARO HERNANDO AMAYA VALENCIA,13
2023,ASAMBLEA,41551,PITALITO,08416,COALICIÓN PARTIDO DE LA U Y PARTIDO POLITICO MIRA,00060,GRACE FERNANDA RADA RICO,45
2023,ASAMBLEA,41551,PITALITO,08416,COALICIÓN PARTIDO DE LA U Y PARTIDO POLITICO MIRA,00061,EDISSON ANDRES PALMA CHAVEZ,86
2023,ASAMBLEA,41551,PITALITO,08416,COALICIÓN PARTIDO DE LA U Y PARTIDO POLITICO MIRA,00062,NESTOR IVAN RODRIGUEZ ANDRADE,240
2023,ASAMBLEA,41615,RIVERA,00000,,00996,VOTOS EN BLANCO,1701
2023,ASAMBLEA,41615,RIVERA,00000,,00997,VOTOS NULOS,514
2023,ASAMBLEA,41615,RIVERA,00000,,00998,VOTOS NO MARCADOS,1825
2023,ASAMBLEA,41615,RIVERA,00001,PARTIDO LIBERAL COLOMBIANO,00000,PARTIDO LIBERAL COLOMBIANO,193
2023,ASAMBLEA,41615,RIVERA,00001,PARTIDO LIBERAL COLOMBIANO,00051,ALFADIL ORTIGOZA,268
2023,ASAMBLEA,41615,RIVERA,00001,PARTIDO LIBERAL COLOMBIANO,00052,MILTON GERARDO CORTES CUELLAR,238
2023,ASAMBLEA,41615,RIVERA,00001,PARTIDO LIBERAL COLOMBIANO,00053,ORLANDO IBAGON SANCHEZ,108
2023,ASAMBLEA,41615,RIVERA,00001,PARTIDO LIBERAL COLOMBIANO,00054,RAMIRO ADOLFO MUÑOZ CALDERON,52
2023,ASAMBLEA,41615,RIVERA,00001,PARTIDO LIBERAL COLOMBIANO,00055,VICTORIA EUGENIA CASTRO SILVA,346
2023,ASAMBLEA,41615,RIVERA,00001,PARTIDO LIBERAL COLOMBIANO,00056,OSCAR URIEL BRAVO DIAZ,300
2023,ASAMBLEA,41615,RIVERA,00001,PARTIDO LIBERAL COLOMBIANO,00057,CARLOS EDILSON POSADA MAYA,285
2023,ASAMBLEA,41615,RIVERA,00001,PARTIDO LIBERAL COLOMBIANO,00058,FABIO ARMANDO ORTIZ REYES,21
2023,ASAMBLEA,41615,RIVERA,00001,PARTIDO LIBERAL COLOMBIANO,00059,CLAUDIA PATRICIA CONDE VILLANEDA,42
2023,ASAMBLEA,41615,RIVERA,00001,PARTIDO LIBERAL COLOMBIANO,00060,ALEIDA SALINAS CAMPOS,69
2023,ASAMBLEA,41615,RIVERA,00001,PARTIDO LIBERAL COLOMBIANO,00061,ARELIS VARGAS ALVAREZ,43
2023,ASAMBLEA,41615,RIVERA,00001,PARTIDO LIBERAL COLOMBIANO,00062,SERGIO ANDRES TRUJILLO PERDOMO,530
2023,ASAMBLEA,41615,RIVERA,00002,PARTIDO CONSERVADOR COLOMBIANO,00000,PARTIDO CONSERVADOR COLOMBIANO,67
2023,ASAMBLEA,41615,RIVERA,00002,PARTIDO CONSERVADOR COLOMBIANO,00051,OMAR ALVARO ALEXIS DIAZ CUELLAR,244
2023,ASAMBLEA,41615,RIVERA,00002,PARTIDO CONSERVADOR COLOMBIANO,00052,NELSON JESUS MURCIA OME,97
2023,ASAMBLEA,41615,RIVERA,00002,PARTIDO CONSERVADOR COLOMBIANO,00053,MAURICIO CIFUENTES VELASQUEZ,6
2023,ASAMBLEA,41615,RIVERA,00002,PARTIDO CONSERVADOR COLOMBIANO,00054,NATALIA CASALLAS VANEGAS,11
2023,ASAMBLEA,41615,RIVERA,00002,PARTIDO CONSERVADOR COLOMBIANO,00055,ALENXANDRO SALAZAR LLANOS,50
2023,ASAMBLEA,41615,RIVERA,00002,PARTIDO CONSERVADOR COLOMBIANO,00056,SILVIO DANIEL VASQUEZ CORONADO,68
2023,ASAMBLEA,41615,RIVERA,00002,PARTIDO CONSERVADOR COLOMBIANO,00057,NORBERTO ANTONIO CASTAÑO BUITRAGO,244
2023,ASAMBLEA,41615,RIVERA,00002,PARTIDO CONSERVADOR COLOMBIANO,00058,DANIELA CHARRY MOSCOSO,16
2023,ASAMBLEA,41615,RIVERA,00002,PARTIDO CONSERVADOR COLOMBIANO,00059,CIELO ROCIO COLLAZOS CUTIVA,59
2023,ASAMBLEA,41615,RIVERA,00002,PARTIDO CONSERVADOR COLOMBIANO,00060,ANYELO SANDOVAL PEÑA,13
2023,ASAMBLEA,41615,RIVERA,00002,PARTIDO CONSERVADOR COLOMBIANO,00061,PAULA MELISSA TRUJILLO PEDROZA,13
2023,ASAMBLEA,41615,RIVERA,00002,PARTIDO CONSERVADOR COLOMBIANO,00062,WILMER EDUARDO ALVARADO MUÑOZ,249
2023,ASAMBLEA,41615,RIVERA,00004,PARTIDO ALIANZA VERDE,00000,PARTIDO ALIANZA VERDE,104
2023,ASAMBLEA,41615,RIVERA,00004,PARTIDO ALIANZA VERDE,00051,DIANA LORENA MONJE ALBARRACIN,212
2023,ASAMBLEA,41615,RIVERA,00004,PARTIDO ALIANZA VERDE,00052,OSCAR FERNANDO RAMIREZ PRADA,86
2023,ASAMBLEA,41615,RIVERA,00004,PARTIDO ALIANZA VERDE,00053,JUAN CAMILO FORERO CARDENAS,60
2023,ASAMBLEA,41615,RIVERA,00004,PARTIDO ALIANZA VERDE,00054,BLANCA EDITH MEDINA BOTACHE,11
2023,ASAMBLEA,41615,RIVERA,00004,PARTIDO ALIANZA VERDE,00055,VIRGILIO HUERGO GOMEZ,718
2023,ASAMBLEA,41615,RIVERA,00004,PARTIDO ALIANZA VERDE,00056,OSCAR IVAN LLANOS RODRIGUEZ,78
2023,ASAMBLEA,41615,RIVERA,00004,PARTIDO ALIANZA VERDE,00060,SHIRLEY ROCIO QUINTERO SANCHEZ,28
2023,ASAMBLEA,41615,RIVERA,00004,PARTIDO ALIANZA VERDE,00061,JOSE ARMANDO ACUÑA MOLINA,92
2023,ASAMBLEA,41615,RIVERA,00004,PARTIDO ALIANZA VERDE,00062,DIEGO FERNANDO PASCUAS ARIAS,164
2023,ASAMBLEA,41615,RIVERA,07099,HUILA EMPRENDE,00000,HUILA EMPRENDE,24
2023,ASAMBLEA,41615,RIVERA,07099,HUILA EMPRENDE,00051,CARLOS ARLEY STERLING CARDOZO,236
2023,ASAMBLEA,41615,RIVERA,07099,HUILA EMPRENDE,00052,YERALDYN SAENZ MUÑOZ,50
2023,ASAMBLEA,41615,RIVERA,07099,HUILA EMPRENDE,00053,MICHELL ALEJANDRA GONZALEZ OSPINA,8
2023,ASAMBLEA,41615,RIVERA,07099,HUILA EMPRENDE,00054,CECILIA CUELLAR LEDESMA,8
2023,ASAMBLEA,41615,RIVERA,07099,HUILA EMPRENDE,00055,WILFRED TRUJILLO TRUJILLO,21
2023,ASAMBLEA,41615,RIVERA,07099,HUILA EMPRENDE,00056,BENSAIR SILVA BERNAL,42
2023,ASAMBLEA,41615,RIVERA,07099,HUILA EMPRENDE,00057,EDGAR BONILLA RAMIREZ,107
2023,ASAMBLEA,41615,RIVERA,07099,HUILA EMPRENDE,00058,DARBINSON ANDRES GOMEZ CABRERA,46
2023,ASAMBLEA,41615,RIVERA,07099,HUILA EMPRENDE,00059,DORIAN CORTES CALDERON,41
2023,ASAMBLEA,41615,RIVERA,07099,HUILA EMPRENDE,00060,EDWIN HARVEY BARAJAS HERNANDEZ,39
2023,ASAMBLEA,41615,RIVERA,07099,HUILA EMPRENDE,00061,OCTAVIO CABRERA CANTE,100
2023,ASAMBLEA,41615,RIVERA,07099,HUILA EMPRENDE,00062,MAIRA JULIETH ORTIZ CRUZ,9
2023,ASAMBLEA,41615,RIVERA,07892,ALMA DEL HUILA,00000,ALMA DEL HUILA,15
2023,ASAMBLEA,41615,RIVERA,07892,ALMA DEL HUILA,00051,JOHN ALEXANDER TRUJILLO NINCO,19
2023,ASAMBLEA,41615,RIVERA,07892,ALMA DEL HUILA,00052,ADAN ROJAS BARRETO,19
2023,ASAMBLEA,41615,RIVERA,07892,ALMA DEL HUILA,00053,WILLIAM GONZALEZ HENAO,10
2023,ASAMBLEA,41615,RIVERA,07892,ALMA DEL HUILA,00055,YENIFER GOMEZ QUINTERO,8
2023,ASAMBLEA,41615,RIVERA,07892,ALMA DEL HUILA,00056,SINDAY CAMACHO TRUJILLO,11
2023,ASAMBLEA,41615,RIVERA,07892,ALMA DEL HUILA,00057,YILEIDI CUBILLOS HERMIDA,6
2023,ASAMBLEA,41615,RIVERA,07892,ALMA DEL HUILA,00058,KELLY YULIETH CASTAÑEDA GALINDO,6
2023,ASAMBLEA,41615,RIVERA,07892,ALMA DEL HUILA,00059,DANIEL LEONARDO SANZ PERDOMO,50
2023,ASAMBLEA,41615,RIVERA,07892,ALMA DEL HUILA,00060,IVAN ALFREDO CANGREJO TORRES,98
2023,ASAMBLEA,41615,RIVERA,07892,ALMA DEL HUILA,00061,IVAN CORTES LOSADA,149
2023,ASAMBLEA,41615,RIVERA,07892,ALMA DEL HUILA,00062,OMAR ORTIZ SEPULVEDA,14
2023,ASAMBLEA,41615,RIVERA,08399,COAL. PARTIDO CENTRO DEMOCRATICO Y PARTIDO LIGA,00000,COAL. PARTIDO CENTRO DEMOCRATICO Y PARTIDO LIGA,92
2023,ASAMBLEA,41615,RIVERA,08399,COAL. PARTIDO CENTRO DEMOCRATICO Y PARTIDO LIGA,00051,TATIANA SOLANO CABALLERO,162
2023,ASAMBLEA,41615,RIVERA,08399,COAL. PARTIDO CENTRO DEMOCRATICO Y PARTIDO LIGA,00052,CARLOS ANDRES MOLINA OSORIO,537
2023,ASAMBLEA,41615,RIVERA,08399,COAL. PARTIDO CENTRO DEMOCRATICO Y PARTIDO LIGA,00054,FRANKEL HERRERA DUSSAN,33
2023,ASAMBLEA,41615,RIVERA,08399,COAL. PARTIDO CENTRO DEMOCRATICO Y PARTIDO LIGA,00055,TATIANA PATRICIA MENDEZ RAMOS,72
2023,ASAMBLEA,41615,RIVERA,08399,COAL. PARTIDO CENTRO DEMOCRATICO Y PARTIDO LIGA,00056,ANDRES GARCIA MONTEALEGRE,91
2023,ASAMBLEA,41615,RIVERA,08399,COAL. PARTIDO CENTRO DEMOCRATICO Y PARTIDO LIGA,00057,SONIA DEL PILAR CUELLAR CASTRO,61
2023,ASAMBLEA,41615,RIVERA,08399,COAL. PARTIDO CENTRO DEMOCRATICO Y PARTIDO LIGA,00058,JHON HAROL SANCHEZ DELGADO,16
2023,ASAMBLEA,41615,RIVERA,08399,COAL. PARTIDO CENTRO DEMOCRATICO Y PARTIDO LIGA,00059,MISAEL POBLADOR PEREZ,420
2023,ASAMBLEA,41615,RIVERA,08399,COAL. PARTIDO CENTRO DEMOCRATICO Y PARTIDO LIGA,00060,SORLY ARIAS SANCHEZ,18
2023,ASAMBLEA,41615,RIVERA,08399,COAL. PARTIDO CENTRO DEMOCRATICO Y PARTIDO LIGA,00061,JOSE FRANKLIN LOSADA CERQUERA,18
2023,ASAMBLEA,41615,RIVERA,08399,COAL. PARTIDO CENTRO DEMOCRATICO Y PARTIDO LIGA,00062,YANDRY MILENA DIAZ CARVAJAL,42
2023,ASAMBLEA,41615,RIVERA,08404,PACTOHISTORICO,00000,PACTOHISTORICO,82
2023,ASAMBLEA,41615,RIVERA,08404,PACTOHISTORICO,00051,LUIS EDGAR GUTIERREZ GUTIERREZ,107
2023,ASAMBLEA,41615,RIVERA,08404,PACTOHISTORICO,00052,LEONARDO VERA YARA,61
2023,ASAMBLEA,41615,RIVERA,08404,PACTOHISTORICO,00053,JOSE IGNACIO MARROQUIN SANCHEZ,27
2023,ASAMBLEA,41615,RIVERA,08404,PACTOHISTORICO,00054,LINDA PAOLA MEDINA CHARRY,35
2023,ASAMBLEA,41615,RIVERA,08404,PACTOHISTORICO,00055,JUAN BAUTISTA MORERA MEDINA,71
2023,ASAMBLEA,41615,RIVERA,08404,PACTOHISTORICO,00056,FRANK YULL FIERRO MAYORGA,342
2023,ASAMBLEA,41615,RIVERA,08404,PACTOHISTORICO,00057,YESID CAMPOS SOTELO,28
2023,ASAMBLEA,41615,RIVERA,08404,PACTOHISTORICO,00058,MERCEDES SANTOS POLANCO,37
2023,ASAMBLEA,41615,RIVERA,08404,PACTOHISTORICO,00059,MARIA NELLY PULIDO HERNANDEZ,51
2023,ASAMBLEA,41615,RIVERA,08404,PACTOHISTORICO,00060,FRANCISCO ISMAEL OLAYA OLAYA,98
2023,ASAMBLEA,41615,RIVERA,08404,PACTOHISTORICO,00061,LEIDY TATIANA JAIMES HERNANDEZ,24
2023,ASAMBLEA,41615,RIVERA,08404,PACTOHISTORICO,00062,ROBERTO CARLOS TOMBE TUNUBALA,15
2023,ASAMBLEA,41615,RIVERA,08416,COALICIÓN PARTIDO DE LA U Y PARTIDO POLITICO MIRA,00000,COALICIÓN PARTIDO DE LA U Y PARTIDO POLITICO MIRA,38
2023,ASAMBLEA,41615,RIVERA,08416,COALICIÓN PARTIDO DE LA U Y PARTIDO POLITICO MIRA,00051,JOSE LUIS CHAUX JOVEN,49
2023,ASAMBLEA,41615,RIVERA,08416,COALICIÓN PARTIDO DE LA U Y PARTIDO POLITICO MIRA,00052,TANIA ANDREA NINCO ZUÑIGA,50
2023,ASAMBLEA,41615,RIVERA,08416,COALICIÓN PARTIDO DE LA U Y PARTIDO POLITICO MIRA,00055,LUIS GUILLERMO CARDOZO,19
2023,ASAMBLEA,41615,RIVERA,08416,COALICIÓN PARTIDO DE LA U Y PARTIDO POLITICO MIRA,00056,PATRICIA LUGO AVENDAÑO,33
2023,ASAMBLEA,41615,RIVERA,08416,COALICIÓN PARTIDO DE LA U Y PARTIDO POLITICO MIRA,00059,ALVARO HERNANDO AMAYA VALENCIA,23
2023,ASAMBLEA,41615,RIVERA,08416,COALICIÓN PARTIDO DE LA U Y PARTIDO POLITICO MIRA,00060,GRACE FERNANDA RADA RICO,19
2023,ASAMBLEA,41615,RIVERA,08416,COALICIÓN PARTIDO DE LA U Y PARTIDO POLITICO MIRA,00061,EDISSON ANDRES PALMA CHAVEZ,178
2023,ASAMBLEA,41615,RIVERA,08416,COALICIÓN PARTIDO DE LA U Y PARTIDO POLITICO MIRA,00062,NESTOR IVAN RODRIGUEZ ANDRADE,300
2023,ASAMBLEA,41660,SALADOBLANCO,00000,,00996,VOTOS EN BLANCO,332
2023,ASAMBLEA,41660,SALADOBLANCO,00000,,00997,VOTOS NULOS,93
2023,ASAMBLEA,41660,SALADOBLANCO,00000,,00998,VOTOS NO MARCADOS,1262
2023,ASAMBLEA,41660,SALADOBLANCO,00001,PARTIDO LIBERAL COLOMBIANO,00000,PARTIDO LIBERAL COLOMBIANO,71
2023,ASAMBLEA,41660,SALADOBLANCO,00001,PARTIDO LIBERAL COLOMBIANO,00051,ALFADIL ORTIGOZA,70
2023,ASAMBLEA,41660,SALADOBLANCO,00001,PARTIDO LIBERAL COLOMBIANO,00052,MILTON GERARDO CORTES CUELLAR,62
2023,ASAMBLEA,41660,SALADOBLANCO,00001,PARTIDO LIBERAL COLOMBIANO,00053,ORLANDO IBAGON SANCHEZ,205
2023,ASAMBLEA,41660,SALADOBLANCO,00001,PARTIDO LIBERAL COLOMBIANO,00054,RAMIRO ADOLFO MUÑOZ CALDERON,45
2023,ASAMBLEA,41660,SALADOBLANCO,00001,PARTIDO LIBERAL COLOMBIANO,00055,VICTORIA EUGENIA CASTRO SILVA,2386
2023,ASAMBLEA,41660,SALADOBLANCO,00001,PARTIDO LIBERAL COLOMBIANO,00056,OSCAR URIEL BRAVO DIAZ,168
2023,ASAMBLEA,41660,SALADOBLANCO,00001,PARTIDO LIBERAL COLOMBIANO,00057,CARLOS EDILSON POSADA MAYA,51
2023,ASAMBLEA,41660,SALADOBLANCO,00001,PARTIDO LIBERAL COLOMBIANO,00058,FABIO ARMANDO ORTIZ REYES,5
2023,ASAMBLEA,41660,SALADOBLANCO,00001,PARTIDO LIBERAL COLOMBIANO,00059,CLAUDIA PATRICIA CONDE VILLANEDA,3
2023,ASAMBLEA,41660,SALADOBLANCO,00001,PARTIDO LIBERAL COLOMBIANO,00060,ALEIDA SALINAS CAMPOS,17
2023,ASAMBLEA,41660,SALADOBLANCO,00001,PARTIDO LIBERAL COLOMBIANO,00061,ARELIS VARGAS ALVAREZ,10
2023,ASAMBLEA,41660,SALADOBLANCO,00001,PARTIDO LIBERAL COLOMBIANO,00062,SERGIO ANDRES TRUJILLO PERDOMO,327
2023,ASAMBLEA,41660,SALADOBLANCO,00002,PARTIDO CONSERVADOR COLOMBIANO,00000,PARTIDO CONSERVADOR COLOMBIANO,57
2023,ASAMBLEA,41660,SALADOBLANCO,00002,PARTIDO CONSERVADOR COLOMBIANO,00051,OMAR ALVARO ALEXIS DIAZ CUELLAR,14
2023,ASAMBLEA,41660,SALADOBLANCO,00002,PARTIDO CONSERVADOR COLOMBIANO,00052,NELSON JESUS MURCIA OME,53
2023,ASAMBLEA,41660,SALADOBLANCO,00002,PARTIDO CONSERVADOR COLOMBIANO,00053,MAURICIO CIFUENTES VELASQUEZ,11
2023,ASAMBLEA,41660,SALADOBLANCO,00002,PARTIDO CONSERVADOR COLOMBIANO,00054,NATALIA CASALLAS VANEGAS,3
2023,ASAMBLEA,41660,SALADOBLANCO,00002,PARTIDO CONSERVADOR COLOMBIANO,00055,ALENXANDRO SALAZAR LLANOS,42
2023,ASAMBLEA,41660,SALADOBLANCO,00002,PARTIDO CONSERVADOR COLOMBIANO,00056,SILVIO DANIEL VASQUEZ CORONADO,10
2023,ASAMBLEA,41660,SALADOBLANCO,00002,PARTIDO CONSERVADOR COLOMBIANO,00057,NORBERTO ANTONIO CASTAÑO BUITRAGO,12
2023,ASAMBLEA,41660,SALADOBLANCO,00002,PARTIDO CONSERVADOR COLOMBIANO,00058,DANIELA CHARRY MOSCOSO,1
2023,ASAMBLEA,41660,SALADOBLANCO,00002,PARTIDO CONSERVADOR COLOMBIANO,00059,CIELO ROCIO COLLAZOS CUTIVA,2
2023,ASAMBLEA,41660,SALADOBLANCO,00002,PARTIDO CONSERVADOR COLOMBIANO,00060,ANYELO SANDOVAL PEÑA,219
2023,ASAMBLEA,41660,SALADOBLANCO,00002,PARTIDO CONSERVADOR COLOMBIANO,00061,PAULA MELISSA TRUJILLO PEDROZA,9
2023,ASAMBLEA,41660,SALADOBLANCO,00002,PARTIDO CONSERVADOR COLOMBIANO,00062,WILMER EDUARDO ALVARADO MUÑOZ,14
2023,ASAMBLEA,41660,SALADOBLANCO,00004,PARTIDO ALIANZA VERDE,00000,PARTIDO ALIANZA VERDE,113
2023,ASAMBLEA,41660,SALADOBLANCO,00004,PARTIDO ALIANZA VERDE,00051,DIANA LORENA MONJE ALBARRACIN,430
2023,ASAMBLEA,41660,SALADOBLANCO,00004,PARTIDO ALIANZA VERDE,00052,OSCAR FERNANDO RAMIREZ PRADA,27
2023,ASAMBLEA,41660,SALADOBLANCO,00004,PARTIDO ALIANZA VERDE,00053,JUAN CAMILO FORERO CARDENAS,25
2023,ASAMBLEA,41660,SALADOBLANCO,00004,PARTIDO ALIANZA VERDE,00054,BLANCA EDITH MEDINA BOTACHE,8
2023,ASAMBLEA,41660,SALADOBLANCO,00004,PARTIDO ALIANZA VERDE,00055,VIRGILIO HUERGO GOMEZ,339
2023,ASAMBLEA,41660,SALADOBLANCO,00004,PARTIDO ALIANZA VERDE,00056,OSCAR IVAN LLANOS RODRIGUEZ,44
2023,ASAMBLEA,41660,SALADOBLANCO,00004,PARTIDO ALIANZA VERDE,00060,SHIRLEY ROCIO QUINTERO SANCHEZ,18
2023,ASAMBLEA,41660,SALADOBLANCO,00004,PARTIDO ALIANZA VERDE,00061,JOSE ARMANDO ACUÑA MOLINA,240
2023,ASAMBLEA,41660,SALADOBLANCO,00004,PARTIDO ALIANZA VERDE,00062,DIEGO FERNANDO PASCUAS ARIAS,21
2023,ASAMBLEA,41660,SALADOBLANCO,07099,HUILA EMPRENDE,00000,HUILA EMPRENDE,13
2023,ASAMBLEA,41660,SALADOBLANCO,07099,HUILA EMPRENDE,00051,CARLOS ARLEY STERLING CARDOZO,15
2023,ASAMBLEA,41660,SALADOBLANCO,07099,HUILA EMPRENDE,00052,YERALDYN SAENZ MUÑOZ,12
2023,ASAMBLEA,41660,SALADOBLANCO,07099,HUILA EMPRENDE,00053,MICHELL ALEJANDRA GONZALEZ OSPINA,4
2023,ASAMBLEA,41660,SALADOBLANCO,07099,HUILA EMPRENDE,00054,CECILIA CUELLAR LEDESMA,1
2023,ASAMBLEA,41660,SALADOBLANCO,07099,HUILA EMPRENDE,00055,WILFRED TRUJILLO TRUJILLO,276
2023,ASAMBLEA,41660,SALADOBLANCO,07099,HUILA EMPRENDE,00056,BENSAIR SILVA BERNAL,7
2023,ASAMBLEA,41660,SALADOBLANCO,07099,HUILA EMPRENDE,00057,EDGAR BONILLA RAMIREZ,20
2023,ASAMBLEA,41660,SALADOBLANCO,07099,HUILA EMPRENDE,00058,DARBINSON ANDRES GOMEZ CABRERA,1
2023,ASAMBLEA,41660,SALADOBLANCO,07099,HUILA EMPRENDE,00059,DORIAN CORTES CALDERON,1
2023,ASAMBLEA,41660,SALADOBLANCO,07099,HUILA EMPRENDE,00060,EDWIN HARVEY BARAJAS HERNANDEZ,42
2023,ASAMBLEA,41660,SALADOBLANCO,07099,HUILA EMPRENDE,00061,OCTAVIO CABRERA CANTE,4
2023,ASAMBLEA,41660,SALADOBLANCO,07099,HUILA EMPRENDE,00062,MAIRA JULIETH ORTIZ CRUZ,3
2023,ASAMBLEA,41660,SALADOBLANCO,07892,ALMA DEL HUILA,00000,ALMA DEL HUILA,3
2023,ASAMBLEA,41660,SALADOBLANCO,07892,ALMA DEL HUILA,00051,JOHN ALEXANDER TRUJILLO NINCO,3
2023,ASAMBLEA,41660,SALADOBLANCO,07892,ALMA DEL HUILA,00052,ADAN ROJAS BARRETO,6
2023,ASAMBLEA,41660,SALADOBLANCO,07892,ALMA DEL HUILA,00053,WILLIAM GONZALEZ HENAO,16
2023,ASAMBLEA,41660,SALADOBLANCO,07892,ALMA DEL HUILA,00055,YENIFER GOMEZ QUINTERO,4
2023,ASAMBLEA,41660,SALADOBLANCO,07892,ALMA DEL HUILA,00056,SINDAY CAMACHO TRUJILLO,2
2023,ASAMBLEA,41660,SALADOBLANCO,07892,ALMA DEL HUILA,00057,YILEIDI CUBILLOS HERMIDA,1
2023,ASAMBLEA,41660,SALADOBLANCO,07892,ALMA DEL HUILA,00058,KELLY YULIETH CASTAÑEDA GALINDO,1
2023,ASAMBLEA,41660,SALADOBLANCO,07892,ALMA DEL HUILA,00059,DANIEL LEONARDO SANZ PERDOMO,2
2023,ASAMBLEA,41660,SALADOBLANCO,07892,ALMA DEL HUILA,00060,IVAN ALFREDO CANGREJO TORRES,4
2023,ASAMBLEA,41660,SALADOBLANCO,07892,ALMA DEL HUILA,00061,IVAN CORTES LOSADA,1
2023,ASAMBLEA,41660,SALADOBLANCO,08399,COAL. PARTIDO CENTRO DEMOCRATICO Y PARTIDO LIGA,00000,COAL. PARTIDO CENTRO DEMOCRATICO Y PARTIDO LIGA,19
2023,ASAMBLEA,41660,SALADOBLANCO,08399,COAL. PARTIDO CENTRO DEMOCRATICO Y PARTIDO LIGA,00051,TATIANA SOLANO CABALLERO,7
2023,ASAMBLEA,41660,SALADOBLANCO,08399,COAL. PARTIDO CENTRO DEMOCRATICO Y PARTIDO LIGA,00052,CARLOS ANDRES MOLINA OSORIO,6
2023,ASAMBLEA,41660,SALADOBLANCO,08399,COAL. PARTIDO CENTRO DEMOCRATICO Y PARTIDO LIGA,00054,FRANKEL HERRERA DUSSAN,3
2023,ASAMBLEA,41660,SALADOBLANCO,08399,COAL. PARTIDO CENTRO DEMOCRATICO Y PARTIDO LIGA,00055,TATIANA PATRICIA MENDEZ RAMOS,71
2023,ASAMBLEA,41660,SALADOBLANCO,08399,COAL. PARTIDO CENTRO DEMOCRATICO Y PARTIDO LIGA,00056,ANDRES GARCIA MONTEALEGRE,9
2023,ASAMBLEA,41660,SALADOBLANCO,08399,COAL. PARTIDO CENTRO DEMOCRATICO Y PARTIDO LIGA,00057,SONIA DEL PILAR CUELLAR CASTRO,24
2023,ASAMBLEA,41660,SALADOBLANCO,08399,COAL. PARTIDO CENTRO DEMOCRATICO Y PARTIDO LIGA,00058,JHON HAROL SANCHEZ DELGADO,1
2023,ASAMBLEA,41660,SALADOBLANCO,08399,COAL. PARTIDO CENTRO DEMOCRATICO Y PARTIDO LIGA,00060,SORLY ARIAS SANCHEZ,2
2023,ASAMBLEA,41660,SALADOBLANCO,08399,COAL. PARTIDO CENTRO DEMOCRATICO Y PARTIDO LIGA,00061,JOSE FRANKLIN LOSADA CERQUERA,3
2023,ASAMBLEA,41660,SALADOBLANCO,08399,COAL. PARTIDO CENTRO DEMOCRATICO Y PARTIDO LIGA,00062,YANDRY MILENA DIAZ CARVAJAL,5
2023,ASAMBLEA,41660,SALADOBLANCO,08404,PACTOHISTORICO,00000,PACTOHISTORICO,20
2023,ASAMBLEA,41660,SALADOBLANCO,08404,PACTOHISTORICO,00051,LUIS EDGAR GUTIERREZ GUTIERREZ,25
2023,ASAMBLEA,41660,SALADOBLANCO,08404,PACTOHISTORICO,00052,LEONARDO VERA YARA,16
2023,ASAMBLEA,41660,SALADOBLANCO,08404,PACTOHISTORICO,00053,JOSE IGNACIO MARROQUIN SANCHEZ,24
2023,ASAMBLEA,41660,SALADOBLANCO,08404,PACTOHISTORICO,00054,LINDA PAOLA MEDINA CHARRY,3
2023,ASAMBLEA,41660,SALADOBLANCO,08404,PACTOHISTORICO,00055,JUAN BAUTISTA MORERA MEDINA,17
2023,ASAMBLEA,41660,SALADOBLANCO,08404,PACTOHISTORICO,00056,FRANK YULL FIERRO MAYORGA,7
2023,ASAMBLEA,41660,SALADOBLANCO,08404,PACTOHISTORICO,00057,YESID CAMPOS SOTELO,33
2023,ASAMBLEA,41660,SALADOBLANCO,08404,PACTOHISTORICO,00058,MERCEDES SANTOS POLANCO,1
2023,ASAMBLEA,41660,SALADOBLANCO,08404,PACTOHISTORICO,00060,FRANCISCO ISMAEL OLAYA OLAYA,4
2023,ASAMBLEA,41660,SALADOBLANCO,08404,PACTOHISTORICO,00061,LEIDY TATIANA JAIMES HERNANDEZ,44
2023,ASAMBLEA,41660,SALADOBLANCO,08404,PACTOHISTORICO,00062,ROBERTO CARLOS TOMBE TUNUBALA,7
2023,ASAMBLEA,41660,SALADOBLANCO,08416,COALICIÓN PARTIDO DE LA U Y PARTIDO POLITICO MIRA,00000,COALICIÓN PARTIDO DE LA U Y PARTIDO POLITICO MIRA,22
2023,ASAMBLEA,41660,SALADOBLANCO,08416,COALICIÓN PARTIDO DE LA U Y PARTIDO POLITICO MIRA,00051,JOSE LUIS CHAUX JOVEN,17
2023,ASAMBLEA,41660,SALADOBLANCO,08416,COALICIÓN PARTIDO DE LA U Y PARTIDO POLITICO MIRA,00052,TANIA ANDREA NINCO ZUÑIGA,7
2023,ASAMBLEA,41660,SALADOBLANCO,08416,COALICIÓN PARTIDO DE LA U Y PARTIDO POLITICO MIRA,00055,LUIS GUILLERMO CARDOZO,27
2023,ASAMBLEA,41660,SALADOBLANCO,08416,COALICIÓN PARTIDO DE LA U Y PARTIDO POLITICO MIRA,00056,PATRICIA LUGO AVENDAÑO,3
2023,ASAMBLEA,41660,SALADOBLANCO,08416,COALICIÓN PARTIDO DE LA U Y PARTIDO POLITICO MIRA,00059,ALVARO HERNANDO AMAYA VALENCIA,1
2023,ASAMBLEA,41660,SALADOBLANCO,08416,COALICIÓN PARTIDO DE LA U Y PARTIDO POLITICO MIRA,00060,GRACE FERNANDA RADA RICO,5
2023,ASAMBLEA,41660,SALADOBLANCO,08416,COALICIÓN PARTIDO DE LA U Y PARTIDO POLITICO MIRA,00061,EDISSON ANDRES PALMA CHAVEZ,25
2023,ASAMBLEA,41660,SALADOBLANCO,08416,COALICIÓN PARTIDO DE LA U Y PARTIDO POLITICO MIRA,00062,NESTOR IVAN RODRIGUEZ ANDRADE,2
2023,ASAMBLEA,41668,SAN AGUSTÍN,00000,,00996,VOTOS EN BLANCO,1110
2023,ASAMBLEA,41668,SAN AGUSTÍN,00000,,00997,VOTOS NULOS,315
2023,ASAMBLEA,41668,SAN AGUSTÍN,00000,,00998,VOTOS NO MARCADOS,2418
2023,ASAMBLEA,41668,SAN AGUSTÍN,00001,PARTIDO LIBERAL COLOMBIANO,00000,PARTIDO LIBERAL COLOMBIANO,304
2023,ASAMBLEA,41668,SAN AGUSTÍN,00001,PARTIDO LIBERAL COLOMBIANO,00051,ALFADIL ORTIGOZA,244
2023,ASAMBLEA,41668,SAN AGUSTÍN,00001,PARTIDO LIBERAL COLOMBIANO,00052,MILTON GERARDO CORTES CUELLAR,227
2023,ASAMBLEA,41668,SAN AGUSTÍN,00001,PARTIDO LIBERAL COLOMBIANO,00053,ORLANDO IBAGON SANCHEZ,311
2023,ASAMBLEA,41668,SAN AGUSTÍN,00001,PARTIDO LIBERAL COLOMBIANO,00054,RAMIRO ADOLFO MUÑOZ CALDERON,297
2023,ASAMBLEA,41668,SAN AGUSTÍN,00001,PARTIDO LIBERAL COLOMBIANO,00055,VICTORIA EUGENIA CASTRO SILVA,193
2023,ASAMBLEA,41668,SAN AGUSTÍN,00001,PARTIDO LIBERAL COLOMBIANO,00056,OSCAR URIEL BRAVO DIAZ,6670
2023,ASAMBLEA,41668,SAN AGUSTÍN,00001,PARTIDO LIBERAL COLOMBIANO,00057,CARLOS EDILSON POSADA MAYA,159
2023,ASAMBLEA,41668,SAN AGUSTÍN,00001,PARTIDO LIBERAL COLOMBIANO,00058,FABIO ARMANDO ORTIZ REYES,35
2023,ASAMBLEA,41668,SAN AGUSTÍN,00001,PARTIDO LIBERAL COLOMBIANO,00059,CLAUDIA PATRICIA CONDE VILLANEDA,69
2023,ASAMBLEA,41668,SAN AGUSTÍN,00001,PARTIDO LIBERAL COLOMBIANO,00060,ALEIDA SALINAS CAMPOS,38
2023,ASAMBLEA,41668,SAN AGUSTÍN,00001,PARTIDO LIBERAL COLOMBIANO,00061,ARELIS VARGAS ALVAREZ,17
2023,ASAMBLEA,41668,SAN AGUSTÍN,00001,PARTIDO LIBERAL COLOMBIANO,00062,SERGIO ANDRES TRUJILLO PERDOMO,319
2023,ASAMBLEA,41668,SAN AGUSTÍN,00002,PARTIDO CONSERVADOR COLOMBIANO,00000,PARTIDO CONSERVADOR COLOMBIANO,51
2023,ASAMBLEA,41668,SAN AGUSTÍN,00002,PARTIDO CONSERVADOR COLOMBIANO,00051,OMAR ALVARO ALEXIS DIAZ CUELLAR,102
2023,ASAMBLEA,41668,SAN AGUSTÍN,00002,PARTIDO CONSERVADOR COLOMBIANO,00052,NELSON JESUS MURCIA OME,416
2023,ASAMBLEA,41668,SAN AGUSTÍN,00002,PARTIDO CONSERVADOR COLOMBIANO,00053,MAURICIO CIFUENTES VELASQUEZ,6
2023,ASAMBLEA,41668,SAN AGUSTÍN,00002,PARTIDO CONSERVADOR COLOMBIANO,00054,NATALIA CASALLAS VANEGAS,19
2023,ASAMBLEA,41668,SAN AGUSTÍN,00002,PARTIDO CONSERVADOR COLOMBIANO,00055,ALENXANDRO SALAZAR LLANOS,23
2023,ASAMBLEA,41668,SAN AGUSTÍN,00002,PARTIDO CONSERVADOR COLOMBIANO,00056,SILVIO DANIEL VASQUEZ CORONADO,29
2023,ASAMBLEA,41668,SAN AGUSTÍN,00002,PARTIDO CONSERVADOR COLOMBIANO,00057,NORBERTO ANTONIO CASTAÑO BUITRAGO,22
2023,ASAMBLEA,41668,SAN AGUSTÍN,00002,PARTIDO CONSERVADOR COLOMBIANO,00058,DANIELA CHARRY MOSCOSO,2
2023,ASAMBLEA,41668,SAN AGUSTÍN,00002,PARTIDO CONSERVADOR COLOMBIANO,00059,CIELO ROCIO COLLAZOS CUTIVA,3
2023,ASAMBLEA,41668,SAN AGUSTÍN,00002,PARTIDO CONSERVADOR COLOMBIANO,00060,ANYELO SANDOVAL PEÑA,37
2023,ASAMBLEA,41668,SAN AGUSTÍN,00002,PARTIDO CONSERVADOR COLOMBIANO,00061,PAULA MELISSA TRUJILLO PEDROZA,7
2023,ASAMBLEA,41668,SAN AGUSTÍN,00002,PARTIDO CONSERVADOR COLOMBIANO,00062,WILMER EDUARDO ALVARADO MUÑOZ,9
2023,ASAMBLEA,41668,SAN AGUSTÍN,00004,PARTIDO ALIANZA VERDE,00000,PARTIDO ALIANZA VERDE,139
2023,ASAMBLEA,41668,SAN AGUSTÍN,00004,PARTIDO ALIANZA VERDE,00051,DIANA LORENA MONJE ALBARRACIN,213
2023,ASAMBLEA,41668,SAN AGUSTÍN,00004,PARTIDO ALIANZA VERDE,00052,OSCAR FERNANDO RAMIREZ PRADA,57
2023,ASAMBLEA,41668,SAN AGUSTÍN,00004,PARTIDO ALIANZA VERDE,00053,JUAN CAMILO FORERO CARDENAS,31
2023,ASAMBLEA,41668,SAN AGUSTÍN,00004,PARTIDO ALIANZA VERDE,00054,BLANCA EDITH MEDINA BOTACHE,10
2023,ASAMBLEA,41668,SAN AGUSTÍN,00004,PARTIDO ALIANZA VERDE,00055,VIRGILIO HUERGO GOMEZ,124
2023,ASAMBLEA,41668,SAN AGUSTÍN,00004,PARTIDO ALIANZA VERDE,00056,OSCAR IVAN LLANOS RODRIGUEZ,74
2023,ASAMBLEA,41668,SAN AGUSTÍN,00004,PARTIDO ALIANZA VERDE,00060,SHIRLEY ROCIO QUINTERO SANCHEZ,13
2023,ASAMBLEA,41668,SAN AGUSTÍN,00004,PARTIDO ALIANZA VERDE,00061,JOSE ARMANDO ACUÑA MOLINA,72
2023,ASAMBLEA,41668,SAN AGUSTÍN,00004,PARTIDO ALIANZA VERDE,00062,DIEGO FERNANDO PASCUAS ARIAS,14
2023,ASAMBLEA,41668,SAN AGUSTÍN,07099,HUILA EMPRENDE,00000,HUILA EMPRENDE,54
2023,ASAMBLEA,41668,SAN AGUSTÍN,07099,HUILA EMPRENDE,00051,CARLOS ARLEY STERLING CARDOZO,30
2023,ASAMBLEA,41668,SAN AGUSTÍN,07099,HUILA EMPRENDE,00052,YERALDYN SAENZ MUÑOZ,18
2023,ASAMBLEA,41668,SAN AGUSTÍN,07099,HUILA EMPRENDE,00053,MICHELL ALEJANDRA GONZALEZ OSPINA,11
2023,ASAMBLEA,41668,SAN AGUSTÍN,07099,HUILA EMPRENDE,00054,CECILIA CUELLAR LEDESMA,4
2023,ASAMBLEA,41668,SAN AGUSTÍN,07099,HUILA EMPRENDE,00055,WILFRED TRUJILLO TRUJILLO,421
2023,ASAMBLEA,41668,SAN AGUSTÍN,07099,HUILA EMPRENDE,00056,BENSAIR SILVA BERNAL,86
2023,ASAMBLEA,41668,SAN AGUSTÍN,07099,HUILA EMPRENDE,00057,EDGAR BONILLA RAMIREZ,32
2023,ASAMBLEA,41668,SAN AGUSTÍN,07099,HUILA EMPRENDE,00058,DARBINSON ANDRES GOMEZ CABRERA,5
2023,ASAMBLEA,41668,SAN AGUSTÍN,07099,HUILA EMPRENDE,00059,DORIAN CORTES CALDERON,5
2023,ASAMBLEA,41668,SAN AGUSTÍN,07099,HUILA EMPRENDE,00060,EDWIN HARVEY BARAJAS HERNANDEZ,23
2023,ASAMBLEA,41668,SAN AGUSTÍN,07099,HUILA EMPRENDE,00061,OCTAVIO CABRERA CANTE,35
2023,ASAMBLEA,41668,SAN AGUSTÍN,07099,HUILA EMPRENDE,00062,MAIRA JULIETH ORTIZ CRUZ,3
2023,ASAMBLEA,41668,SAN AGUSTÍN,07892,ALMA DEL HUILA,00000,ALMA DEL HUILA,17
2023,ASAMBLEA,41668,SAN AGUSTÍN,07892,ALMA DEL HUILA,00051,JOHN ALEXANDER TRUJILLO NINCO,8
2023,ASAMBLEA,41668,SAN AGUSTÍN,07892,ALMA DEL HUILA,00052,ADAN ROJAS BARRETO,4
2023,ASAMBLEA,41668,SAN AGUSTÍN,07892,ALMA DEL HUILA,00053,WILLIAM GONZALEZ HENAO,38
2023,ASAMBLEA,41668,SAN AGUSTÍN,07892,ALMA DEL HUILA,00054,PEDRO NEL JIMENEZ STERLING,2
2023,ASAMBLEA,41668,SAN AGUSTÍN,07892,ALMA DEL HUILA,00055,YENIFER GOMEZ QUINTERO,17
2023,ASAMBLEA,41668,SAN AGUSTÍN,07892,ALMA DEL HUILA,00056,SINDAY CAMACHO TRUJILLO,13
2023,ASAMBLEA,41668,SAN AGUSTÍN,07892,ALMA DEL HUILA,00057,YILEIDI CUBILLOS HERMIDA,6
2023,ASAMBLEA,41668,SAN AGUSTÍN,07892,ALMA DEL HUILA,00059,DANIEL LEONARDO SANZ PERDOMO,20
2023,ASAMBLEA,41668,SAN AGUSTÍN,07892,ALMA DEL HUILA,00060,IVAN ALFREDO CANGREJO TORRES,133
2023,ASAMBLEA,41668,SAN AGUSTÍN,07892,ALMA DEL HUILA,00061,IVAN CORTES LOSADA,5
2023,ASAMBLEA,41668,SAN AGUSTÍN,07892,ALMA DEL HUILA,00062,OMAR ORTIZ SEPULVEDA,3
2023,ASAMBLEA,41668,SAN AGUSTÍN,08399,COAL. PARTIDO CENTRO DEMOCRATICO Y PARTIDO LIGA,00000,COAL. PARTIDO CENTRO DEMOCRATICO Y PARTIDO LIGA,47
2023,ASAMBLEA,41668,SAN AGUSTÍN,08399,COAL. PARTIDO CENTRO DEMOCRATICO Y PARTIDO LIGA,00051,TATIANA SOLANO CABALLERO,20
2023,ASAMBLEA,41668,SAN AGUSTÍN,08399,COAL. PARTIDO CENTRO DEMOCRATICO Y PARTIDO LIGA,00052,CARLOS ANDRES MOLINA OSORIO,12
2023,ASAMBLEA,41668,SAN AGUSTÍN,08399,COAL. PARTIDO CENTRO DEMOCRATICO Y PARTIDO LIGA,00054,FRANKEL HERRERA DUSSAN,5
2023,ASAMBLEA,41668,SAN AGUSTÍN,08399,COAL. PARTIDO CENTRO DEMOCRATICO Y PARTIDO LIGA,00055,TATIANA PATRICIA MENDEZ RAMOS,16
2023,ASAMBLEA,41668,SAN AGUSTÍN,08399,COAL. PARTIDO CENTRO DEMOCRATICO Y PARTIDO LIGA,00056,ANDRES GARCIA MONTEALEGRE,41
2023,ASAMBLEA,41668,SAN AGUSTÍN,08399,COAL. PARTIDO CENTRO DEMOCRATICO Y PARTIDO LIGA,00057,SONIA DEL PILAR CUELLAR CASTRO,18
2023,ASAMBLEA,41668,SAN AGUSTÍN,08399,COAL. PARTIDO CENTRO DEMOCRATICO Y PARTIDO LIGA,00058,JHON HAROL SANCHEZ DELGADO,5
2023,ASAMBLEA,41668,SAN AGUSTÍN,08399,COAL. PARTIDO CENTRO DEMOCRATICO Y PARTIDO LIGA,00059,MISAEL POBLADOR PEREZ,6
2023,ASAMBLEA,41668,SAN AGUSTÍN,08399,COAL. PARTIDO CENTRO DEMOCRATICO Y PARTIDO LIGA,00060,SORLY ARIAS SANCHEZ,6
2023,ASAMBLEA,41668,SAN AGUSTÍN,08399,COAL. PARTIDO CENTRO DEMOCRATICO Y PARTIDO LIGA,00061,JOSE FRANKLIN LOSADA CERQUERA,1
2023,ASAMBLEA,41668,SAN AGUSTÍN,08399,COAL. PARTIDO CENTRO DEMOCRATICO Y PARTIDO LIGA,00062,YANDRY MILENA DIAZ CARVAJAL,8
2023,ASAMBLEA,41668,SAN AGUSTÍN,08404,PACTOHISTORICO,00000,PACTOHISTORICO,38
2023,ASAMBLEA,41668,SAN AGUSTÍN,08404,PACTOHISTORICO,00051,LUIS EDGAR GUTIERREZ GUTIERREZ,58
2023,ASAMBLEA,41668,SAN AGUSTÍN,08404,PACTOHISTORICO,00052,LEONARDO VERA YARA,33
2023,ASAMBLEA,41668,SAN AGUSTÍN,08404,PACTOHISTORICO,00053,JOSE IGNACIO MARROQUIN SANCHEZ,22
2023,ASAMBLEA,41668,SAN AGUSTÍN,08404,PACTOHISTORICO,00054,LINDA PAOLA MEDINA CHARRY,21
2023,ASAMBLEA,41668,SAN AGUSTÍN,08404,PACTOHISTORICO,00055,JUAN BAUTISTA MORERA MEDINA,22
2023,ASAMBLEA,41668,SAN AGUSTÍN,08404,PACTOHISTORICO,00056,FRANK YULL FIERRO MAYORGA,52
2023,ASAMBLEA,41668,SAN AGUSTÍN,08404,PACTOHISTORICO,00057,YESID CAMPOS SOTELO,273
2023,ASAMBLEA,41668,SAN AGUSTÍN,08404,PACTOHISTORICO,00058,MERCEDES SANTOS POLANCO,7
2023,ASAMBLEA,41668,SAN AGUSTÍN,08404,PACTOHISTORICO,00059,MARIA NELLY PULIDO HERNANDEZ,53
2023,ASAMBLEA,41668,SAN AGUSTÍN,08404,PACTOHISTORICO,00060,FRANCISCO ISMAEL OLAYA OLAYA,11
2023,ASAMBLEA,41668,SAN AGUSTÍN,08404,PACTOHISTORICO,00061,LEIDY TATIANA JAIMES HERNANDEZ,13
2023,ASAMBLEA,41668,SAN AGUSTÍN,08404,PACTOHISTORICO,00062,ROBERTO CARLOS TOMBE TUNUBALA,118
2023,ASAMBLEA,41668,SAN AGUSTÍN,08416,COALICIÓN PARTIDO DE LA U Y PARTIDO POLITICO MIRA,00000,COALICIÓN PARTIDO DE LA U Y PARTIDO POLITICO MIRA,21
2023,ASAMBLEA,41668,SAN AGUSTÍN,08416,COALICIÓN PARTIDO DE LA U Y PARTIDO POLITICO MIRA,00051,JOSE LUIS CHAUX JOVEN,14
2023,ASAMBLEA,41668,SAN AGUSTÍN,08416,COALICIÓN PARTIDO DE LA U Y PARTIDO POLITICO MIRA,00052,TANIA ANDREA NINCO ZUÑIGA,5
2023,ASAMBLEA,41668,SAN AGUSTÍN,08416,COALICIÓN PARTIDO DE LA U Y PARTIDO POLITICO MIRA,00055,LUIS GUILLERMO CARDOZO,6
2023,ASAMBLEA,41668,SAN AGUSTÍN,08416,COALICIÓN PARTIDO DE LA U Y PARTIDO POLITICO MIRA,00056,PATRICIA LUGO AVENDAÑO,11
2023,ASAMBLEA,41668,SAN AGUSTÍN,08416,COALICIÓN PARTIDO DE LA U Y PARTIDO POLITICO MIRA,00059,ALVARO HERNANDO AMAYA VALENCIA,2
2023,ASAMBLEA,41668,SAN AGUSTÍN,08416,COALICIÓN PARTIDO DE LA U Y PARTIDO POLITICO MIRA,00060,GRACE FERNANDA RADA RICO,22
2023,ASAMBLEA,41668,SAN AGUSTÍN,08416,COALICIÓN PARTIDO DE LA U Y PARTIDO POLITICO MIRA,00061,EDISSON ANDRES PALMA CHAVEZ,116
2023,ASAMBLEA,41668,SAN AGUSTÍN,08416,COALICIÓN PARTIDO DE LA U Y PARTIDO POLITICO MIRA,00062,NESTOR IVAN RODRIGUEZ ANDRADE,42
2023,ASAMBLEA,41676,SANTA MARÍA,00000,,00996,VOTOS EN BLANCO,587
2023,ASAMBLEA,41676,SANTA MARÍA,00000,,00997,VOTOS NULOS,110
2023,ASAMBLEA,41676,SANTA MARÍA,00000,,00998,VOTOS NO MARCADOS,1308
2023,ASAMBLEA,41676,SANTA MARÍA,00001,PARTIDO LIBERAL COLOMBIANO,00000,PARTIDO LIBERAL COLOMBIANO,22
2023,ASAMBLEA,41676,SANTA MARÍA,00001,PARTIDO LIBERAL COLOMBIANO,00051,ALFADIL ORTIGOZA,161
2023,ASAMBLEA,41676,SANTA MARÍA,00001,PARTIDO LIBERAL COLOMBIANO,00052,MILTON GERARDO CORTES CUELLAR,10
2023,ASAMBLEA,41676,SANTA MARÍA,00001,PARTIDO LIBERAL COLOMBIANO,00053,ORLANDO IBAGON SANCHEZ,71
2023,ASAMBLEA,41676,SANTA MARÍA,00001,PARTIDO LIBERAL COLOMBIANO,00054,RAMIRO ADOLFO MUÑOZ CALDERON,17
2023,ASAMBLEA,41676,SANTA MARÍA,00001,PARTIDO LIBERAL COLOMBIANO,00055,VICTORIA EUGENIA CASTRO SILVA,144
2023,ASAMBLEA,41676,SANTA MARÍA,00001,PARTIDO LIBERAL COLOMBIANO,00056,OSCAR URIEL BRAVO DIAZ,30
2023,ASAMBLEA,41676,SANTA MARÍA,00001,PARTIDO LIBERAL COLOMBIANO,00057,CARLOS EDILSON POSADA MAYA,23
2023,ASAMBLEA,41676,SANTA MARÍA,00001,PARTIDO LIBERAL COLOMBIANO,00058,FABIO ARMANDO ORTIZ REYES,3
2023,ASAMBLEA,41676,SANTA MARÍA,00001,PARTIDO LIBERAL COLOMBIANO,00060,ALEIDA SALINAS CAMPOS,15
2023,ASAMBLEA,41676,SANTA MARÍA,00001,PARTIDO LIBERAL COLOMBIANO,00061,ARELIS VARGAS ALVAREZ,1
2023,ASAMBLEA,41676,SANTA MARÍA,00001,PARTIDO LIBERAL COLOMBIANO,00062,SERGIO ANDRES TRUJILLO PERDOMO,41
2023,ASAMBLEA,41676,SANTA MARÍA,00002,PARTIDO CONSERVADOR COLOMBIANO,00000,PARTIDO CONSERVADOR COLOMBIANO,38
2023,ASAMBLEA,41676,SANTA MARÍA,00002,PARTIDO CONSERVADOR COLOMBIANO,00051,OMAR ALVARO ALEXIS DIAZ CUELLAR,159
2023,ASAMBLEA,41676,SANTA MARÍA,00002,PARTIDO CONSERVADOR COLOMBIANO,00052,NELSON JESUS MURCIA OME,35
2023,ASAMBLEA,41676,SANTA MARÍA,00002,PARTIDO CONSERVADOR COLOMBIANO,00053,MAURICIO CIFUENTES VELASQUEZ,11
2023,ASAMBLEA,41676,SANTA MARÍA,00002,PARTIDO CONSERVADOR COLOMBIANO,00054,NATALIA CASALLAS VANEGAS,13
2023,ASAMBLEA,41676,SANTA MARÍA,00002,PARTIDO CONSERVADOR COLOMBIANO,00055,ALENXANDRO SALAZAR LLANOS,62
2023,ASAMBLEA,41676,SANTA MARÍA,00002,PARTIDO CONSERVADOR COLOMBIANO,00056,SILVIO DANIEL VASQUEZ CORONADO,81
2023,ASAMBLEA,41676,SANTA MARÍA,00002,PARTIDO CONSERVADOR COLOMBIANO,00057,NORBERTO ANTONIO CASTAÑO BUITRAGO,200
2023,ASAMBLEA,41676,SANTA MARÍA,00002,PARTIDO CONSERVADOR COLOMBIANO,00058,DANIELA CHARRY MOSCOSO,6
2023,ASAMBLEA,41676,SANTA MARÍA,00002,PARTIDO CONSERVADOR COLOMBIANO,00059,CIELO ROCIO COLLAZOS CUTIVA,7
2023,ASAMBLEA,41676,SANTA MARÍA,00002,PARTIDO CONSERVADOR COLOMBIANO,00060,ANYELO SANDOVAL PEÑA,28
2023,ASAMBLEA,41676,SANTA MARÍA,00002,PARTIDO CONSERVADOR COLOMBIANO,00061,PAULA MELISSA TRUJILLO PEDROZA,10
2023,ASAMBLEA,41676,SANTA MARÍA,00002,PARTIDO CONSERVADOR COLOMBIANO,00062,WILMER EDUARDO ALVARADO MUÑOZ,232
2023,ASAMBLEA,41676,SANTA MARÍA,00004,PARTIDO ALIANZA VERDE,00000,PARTIDO ALIANZA VERDE,49
2023,ASAMBLEA,41676,SANTA MARÍA,00004,PARTIDO ALIANZA VERDE,00051,DIANA LORENA MONJE ALBARRACIN,172
2023,ASAMBLEA,41676,SANTA MARÍA,00004,PARTIDO ALIANZA VERDE,00052,OSCAR FERNANDO RAMIREZ PRADA,23
2023,ASAMBLEA,41676,SANTA MARÍA,00004,PARTIDO ALIANZA VERDE,00053,JUAN CAMILO FORERO CARDENAS,30
2023,ASAMBLEA,41676,SANTA MARÍA,00004,PARTIDO ALIANZA VERDE,00054,BLANCA EDITH MEDINA BOTACHE,12
2023,ASAMBLEA,41676,SANTA MARÍA,00004,PARTIDO ALIANZA VERDE,00055,VIRGILIO HUERGO GOMEZ,395
2023,ASAMBLEA,41676,SANTA MARÍA,00004,PARTIDO ALIANZA VERDE,00056,OSCAR IVAN LLANOS RODRIGUEZ,108
2023,ASAMBLEA,41676,SANTA MARÍA,00004,PARTIDO ALIANZA VERDE,00060,SHIRLEY ROCIO QUINTERO SANCHEZ,13
2023,ASAMBLEA,41676,SANTA MARÍA,00004,PARTIDO ALIANZA VERDE,00061,JOSE ARMANDO ACUÑA MOLINA,62
2023,ASAMBLEA,41676,SANTA MARÍA,00004,PARTIDO ALIANZA VERDE,00062,DIEGO FERNANDO PASCUAS ARIAS,28
2023,ASAMBLEA,41676,SANTA MARÍA,07099,HUILA EMPRENDE,00000,HUILA EMPRENDE,17
2023,ASAMBLEA,41676,SANTA MARÍA,07099,HUILA EMPRENDE,00051,CARLOS ARLEY STERLING CARDOZO,228
2023,ASAMBLEA,41676,SANTA MARÍA,07099,HUILA EMPRENDE,00052,YERALDYN SAENZ MUÑOZ,11
2023,ASAMBLEA,41676,SANTA MARÍA,07099,HUILA EMPRENDE,00053,MICHELL ALEJANDRA GONZALEZ OSPINA,9
2023,ASAMBLEA,41676,SANTA MARÍA,07099,HUILA EMPRENDE,00054,CECILIA CUELLAR LEDESMA,3
2023,ASAMBLEA,41676,SANTA MARÍA,07099,HUILA EMPRENDE,00055,WILFRED TRUJILLO TRUJILLO,40
2023,ASAMBLEA,41676,SANTA MARÍA,07099,HUILA EMPRENDE,00056,BENSAIR SILVA BERNAL,21
2023,ASAMBLEA,41676,SANTA MARÍA,07099,HUILA EMPRENDE,00057,EDGAR BONILLA RAMIREZ,26
2023,ASAMBLEA,41676,SANTA MARÍA,07099,HUILA EMPRENDE,00058,DARBINSON ANDRES GOMEZ CABRERA,8
2023,ASAMBLEA,41676,SANTA MARÍA,07099,HUILA EMPRENDE,00059,DORIAN CORTES CALDERON,8
2023,ASAMBLEA,41676,SANTA MARÍA,07099,HUILA EMPRENDE,00060,EDWIN HARVEY BARAJAS HERNANDEZ,348
2023,ASAMBLEA,41676,SANTA MARÍA,07099,HUILA EMPRENDE,00061,OCTAVIO CABRERA CANTE,44
2023,ASAMBLEA,41676,SANTA MARÍA,07099,HUILA EMPRENDE,00062,MAIRA JULIETH ORTIZ CRUZ,9
2023,ASAMBLEA,41676,SANTA MARÍA,07892,ALMA DEL HUILA,00000,ALMA DEL HUILA,4
2023,ASAMBLEA,41676,SANTA MARÍA,07892,ALMA DEL HUILA,00051,JOHN ALEXANDER TRUJILLO NINCO,7
2023,ASAMBLEA,41676,SANTA MARÍA,07892,ALMA DEL HUILA,00052,ADAN ROJAS BARRETO,11
2023,ASAMBLEA,41676,SANTA MARÍA,07892,ALMA DEL HUILA,00053,WILLIAM GONZALEZ HENAO,112
2023,ASAMBLEA,41676,SANTA MARÍA,07892,ALMA DEL HUILA,00054,PEDRO NEL JIMENEZ STERLING,3
2023,ASAMBLEA,41676,SANTA MARÍA,07892,ALMA DEL HUILA,00055,YENIFER GOMEZ QUINTERO,11
2023,ASAMBLEA,41676,SANTA MARÍA,07892,ALMA DEL HUILA,00056,SINDAY CAMACHO TRUJILLO,17
2023,ASAMBLEA,41676,SANTA MARÍA,07892,ALMA DEL HUILA,00057,YILEIDI CUBILLOS HERMIDA,2
2023,ASAMBLEA,41676,SANTA MARÍA,07892,ALMA DEL HUILA,00058,KELLY YULIETH CASTAÑEDA GALINDO,1
2023,ASAMBLEA,41676,SANTA MARÍA,07892,ALMA DEL HUILA,00059,DANIEL LEONARDO SANZ PERDOMO,12
2023,ASAMBLEA,41676,SANTA MARÍA,07892,ALMA DEL HUILA,00060,IVAN ALFREDO CANGREJO TORRES,15
2023,ASAMBLEA,41676,SANTA MARÍA,07892,ALMA DEL HUILA,00061,IVAN CORTES LOSADA,7
2023,ASAMBLEA,41676,SANTA MARÍA,07892,ALMA DEL HUILA,00062,OMAR ORTIZ SEPULVEDA,3
2023,ASAMBLEA,41676,SANTA MARÍA,08399,COAL. PARTIDO CENTRO DEMOCRATICO Y PARTIDO LIGA,00000,COAL. PARTIDO CENTRO DEMOCRATICO Y PARTIDO LIGA,43
2023,ASAMBLEA,41676,SANTA MARÍA,08399,COAL. PARTIDO CENTRO DEMOCRATICO Y PARTIDO LIGA,00051,TATIANA SOLANO CABALLERO,103
2023,ASAMBLEA,41676,SANTA MARÍA,08399,COAL. PARTIDO CENTRO DEMOCRATICO Y PARTIDO LIGA,00052,CARLOS ANDRES MOLINA OSORIO,19
2023,ASAMBLEA,41676,SANTA MARÍA,08399,COAL. PARTIDO CENTRO DEMOCRATICO Y PARTIDO LIGA,00054,FRANKEL HERRERA DUSSAN,7
2023,ASAMBLEA,41676,SANTA MARÍA,08399,COAL. PARTIDO CENTRO DEMOCRATICO Y PARTIDO LIGA,00055,TATIANA PATRICIA MENDEZ RAMOS,207
2023,ASAMBLEA,41676,SANTA MARÍA,08399,COAL. PARTIDO CENTRO DEMOCRATICO Y PARTIDO LIGA,00056,ANDRES GARCIA MONTEALEGRE,32
2023,ASAMBLEA,41676,SANTA MARÍA,08399,COAL. PARTIDO CENTRO DEMOCRATICO Y PARTIDO LIGA,00057,SONIA DEL PILAR CUELLAR CASTRO,29
2023,ASAMBLEA,41676,SANTA MARÍA,08399,COAL. PARTIDO CENTRO DEMOCRATICO Y PARTIDO LIGA,00058,JHON HAROL SANCHEZ DELGADO,11
2023,ASAMBLEA,41676,SANTA MARÍA,08399,COAL. PARTIDO CENTRO DEMOCRATICO Y PARTIDO LIGA,00059,MISAEL POBLADOR PEREZ,9
2023,ASAMBLEA,41676,SANTA MARÍA,08399,COAL. PARTIDO CENTRO DEMOCRATICO Y PARTIDO LIGA,00060,SORLY ARIAS SANCHEZ,38
2023,ASAMBLEA,41676,SANTA MARÍA,08399,COAL. PARTIDO CENTRO DEMOCRATICO Y PARTIDO LIGA,00061,JOSE FRANKLIN LOSADA CERQUERA,19
2023,ASAMBLEA,41676,SANTA MARÍA,08399,COAL. PARTIDO CENTRO DEMOCRATICO Y PARTIDO LIGA,00062,YANDRY MILENA DIAZ CARVAJAL,13
2023,ASAMBLEA,41676,SANTA MARÍA,08404,PACTOHISTORICO,00000,PACTOHISTORICO,17
2023,ASAMBLEA,41676,SANTA MARÍA,08404,PACTOHISTORICO,00051,LUIS EDGAR GUTIERREZ GUTIERREZ,26
2023,ASAMBLEA,41676,SANTA MARÍA,08404,PACTOHISTORICO,00052,LEONARDO VERA YARA,15
2023,ASAMBLEA,41676,SANTA MARÍA,08404,PACTOHISTORICO,00053,JOSE IGNACIO MARROQUIN SANCHEZ,9
2023,ASAMBLEA,41676,SANTA MARÍA,08404,PACTOHISTORICO,00054,LINDA PAOLA MEDINA CHARRY,4
2023,ASAMBLEA,41676,SANTA MARÍA,08404,PACTOHISTORICO,00055,JUAN BAUTISTA MORERA MEDINA,24
2023,ASAMBLEA,41676,SANTA MARÍA,08404,PACTOHISTORICO,00056,FRANK YULL FIERRO MAYORGA,10
2023,ASAMBLEA,41676,SANTA MARÍA,08404,PACTOHISTORICO,00057,YESID CAMPOS SOTELO,4
2023,ASAMBLEA,41676,SANTA MARÍA,08404,PACTOHISTORICO,00058,MERCEDES SANTOS POLANCO,3
2023,ASAMBLEA,41676,SANTA MARÍA,08404,PACTOHISTORICO,00060,FRANCISCO ISMAEL OLAYA OLAYA,80
2023,ASAMBLEA,41676,SANTA MARÍA,08404,PACTOHISTORICO,00061,LEIDY TATIANA JAIMES HERNANDEZ,6
2023,ASAMBLEA,41676,SANTA MARÍA,08404,PACTOHISTORICO,00062,ROBERTO CARLOS TOMBE TUNUBALA,5
2023,ASAMBLEA,41676,SANTA MARÍA,08416,COALICIÓN PARTIDO DE LA U Y PARTIDO POLITICO MIRA,00000,COALICIÓN PARTIDO DE LA U Y PARTIDO POLITICO MIRA,6
2023,ASAMBLEA,41676,SANTA MARÍA,08416,COALICIÓN PARTIDO DE LA U Y PARTIDO POLITICO MIRA,00051,JOSE LUIS CHAUX JOVEN,5
2023,ASAMBLEA,41676,SANTA MARÍA,08416,COALICIÓN PARTIDO DE LA U Y PARTIDO POLITICO MIRA,00052,TANIA ANDREA NINCO ZUÑIGA,3
2023,ASAMBLEA,41676,SANTA MARÍA,08416,COALICIÓN PARTIDO DE LA U Y PARTIDO POLITICO MIRA,00055,LUIS GUILLERMO CARDOZO,3
2023,ASAMBLEA,41676,SANTA MARÍA,08416,COALICIÓN PARTIDO DE LA U Y PARTIDO POLITICO MIRA,00056,PATRICIA LUGO AVENDAÑO,1
2023,ASAMBLEA,41676,SANTA MARÍA,08416,COALICIÓN PARTIDO DE LA U Y PARTIDO POLITICO MIRA,00059,ALVARO HERNANDO AMAYA VALENCIA,3
2023,ASAMBLEA,41676,SANTA MARÍA,08416,COALICIÓN PARTIDO DE LA U Y PARTIDO POLITICO MIRA,00060,GRACE FERNANDA RADA RICO,5
2023,ASAMBLEA,41676,SANTA MARÍA,08416,COALICIÓN PARTIDO DE LA U Y PARTIDO POLITICO MIRA,00061,EDISSON ANDRES PALMA CHAVEZ,20
2023,ASAMBLEA,41676,SANTA MARÍA,08416,COALICIÓN PARTIDO DE LA U Y PARTIDO POLITICO MIRA,00062,NESTOR IVAN RODRIGUEZ ANDRADE,89
2023,ASAMBLEA,41770,SUAZA,00000,,00996,VOTOS EN BLANCO,1033
2023,ASAMBLEA,41770,SUAZA,00000,,00997,VOTOS NULOS,211
2023,ASAMBLEA,41770,SUAZA,00000,,00998,VOTOS NO MARCADOS,2725
2023,ASAMBLEA,41770,SUAZA,00001,PARTIDO LIBERAL COLOMBIANO,00000,PARTIDO LIBERAL COLOMBIANO,141
2023,ASAMBLEA,41770,SUAZA,00001,PARTIDO LIBERAL COLOMBIANO,00051,ALFADIL ORTIGOZA,321
2023,ASAMBLEA,41770,SUAZA,00001,PARTIDO LIBERAL COLOMBIANO,00052,MILTON GERARDO CORTES CUELLAR,105
2023,ASAMBLEA,41770,SUAZA,00001,PARTIDO LIBERAL COLOMBIANO,00053,ORLANDO IBAGON SANCHEZ,237
2023,ASAMBLEA,41770,SUAZA,00001,PARTIDO LIBERAL COLOMBIANO,00054,RAMIRO ADOLFO MUÑOZ CALDERON,45
2023,ASAMBLEA,41770,SUAZA,00001,PARTIDO LIBERAL COLOMBIANO,00055,VICTORIA EUGENIA CASTRO SILVA,65
2023,ASAMBLEA,41770,SUAZA,00001,PARTIDO LIBERAL COLOMBIANO,00056,OSCAR URIEL BRAVO DIAZ,89
2023,ASAMBLEA,41770,SUAZA,00001,PARTIDO LIBERAL COLOMBIANO,00057,CARLOS EDILSON POSADA MAYA,526
2023,ASAMBLEA,41770,SUAZA,00001,PARTIDO LIBERAL COLOMBIANO,00058,FABIO ARMANDO ORTIZ REYES,19
2023,ASAMBLEA,41770,SUAZA,00001,PARTIDO LIBERAL COLOMBIANO,00059,CLAUDIA PATRICIA CONDE VILLANEDA,5
2023,ASAMBLEA,41770,SUAZA,00001,PARTIDO LIBERAL COLOMBIANO,00060,ALEIDA SALINAS CAMPOS,7
2023,ASAMBLEA,41770,SUAZA,00001,PARTIDO LIBERAL COLOMBIANO,00061,ARELIS VARGAS ALVAREZ,37
2023,ASAMBLEA,41770,SUAZA,00001,PARTIDO LIBERAL COLOMBIANO,00062,SERGIO ANDRES TRUJILLO PERDOMO,374
2023,ASAMBLEA,41770,SUAZA,00002,PARTIDO CONSERVADOR COLOMBIANO,00000,PARTIDO CONSERVADOR COLOMBIANO,78
2023,ASAMBLEA,41770,SUAZA,00002,PARTIDO CONSERVADOR COLOMBIANO,00051,OMAR ALVARO ALEXIS DIAZ CUELLAR,142
2023,ASAMBLEA,41770,SUAZA,00002,PARTIDO CONSERVADOR COLOMBIANO,00052,NELSON JESUS MURCIA OME,590
2023,ASAMBLEA,41770,SUAZA,00002,PARTIDO CONSERVADOR COLOMBIANO,00053,MAURICIO CIFUENTES VELASQUEZ,32
2023,ASAMBLEA,41770,SUAZA,00002,PARTIDO CONSERVADOR COLOMBIANO,00054,NATALIA CASALLAS VANEGAS,15
2023,ASAMBLEA,41770,SUAZA,00002,PARTIDO CONSERVADOR COLOMBIANO,00055,ALENXANDRO SALAZAR LLANOS,49
2023,ASAMBLEA,41770,SUAZA,00002,PARTIDO CONSERVADOR COLOMBIANO,00056,SILVIO DANIEL VASQUEZ CORONADO,17
2023,ASAMBLEA,41770,SUAZA,00002,PARTIDO CONSERVADOR COLOMBIANO,00057,NORBERTO ANTONIO CASTAÑO BUITRAGO,50
2023,ASAMBLEA,41770,SUAZA,00002,PARTIDO CONSERVADOR COLOMBIANO,00058,DANIELA CHARRY MOSCOSO,6
2023,ASAMBLEA,41770,SUAZA,00002,PARTIDO CONSERVADOR COLOMBIANO,00059,CIELO ROCIO COLLAZOS CUTIVA,6
2023,ASAMBLEA,41770,SUAZA,00002,PARTIDO CONSERVADOR COLOMBIANO,00060,ANYELO SANDOVAL PEÑA,54
2023,ASAMBLEA,41770,SUAZA,00002,PARTIDO CONSERVADOR COLOMBIANO,00061,PAULA MELISSA TRUJILLO PEDROZA,10
2023,ASAMBLEA,41770,SUAZA,00002,PARTIDO CONSERVADOR COLOMBIANO,00062,WILMER EDUARDO ALVARADO MUÑOZ,44
2023,ASAMBLEA,41770,SUAZA,00004,PARTIDO ALIANZA VERDE,00000,PARTIDO ALIANZA VERDE,155
2023,ASAMBLEA,41770,SUAZA,00004,PARTIDO ALIANZA VERDE,00051,DIANA LORENA MONJE ALBARRACIN,204
2023,ASAMBLEA,41770,SUAZA,00004,PARTIDO ALIANZA VERDE,00052,OSCAR FERNANDO RAMIREZ PRADA,56
2023,ASAMBLEA,41770,SUAZA,00004,PARTIDO ALIANZA VERDE,00053,JUAN CAMILO FORERO CARDENAS,47
2023,ASAMBLEA,41770,SUAZA,00004,PARTIDO ALIANZA VERDE,00054,BLANCA EDITH MEDINA BOTACHE,20
2023,ASAMBLEA,41770,SUAZA,00004,PARTIDO ALIANZA VERDE,00055,VIRGILIO HUERGO GOMEZ,144
2023,ASAMBLEA,41770,SUAZA,00004,PARTIDO ALIANZA VERDE,00056,OSCAR IVAN LLANOS RODRIGUEZ,34
2023,ASAMBLEA,41770,SUAZA,00004,PARTIDO ALIANZA VERDE,00060,SHIRLEY ROCIO QUINTERO SANCHEZ,55
2023,ASAMBLEA,41770,SUAZA,00004,PARTIDO ALIANZA VERDE,00061,JOSE ARMANDO ACUÑA MOLINA,940
2023,ASAMBLEA,41770,SUAZA,00004,PARTIDO ALIANZA VERDE,00062,DIEGO FERNANDO PASCUAS ARIAS,110
2023,ASAMBLEA,41770,SUAZA,07099,HUILA EMPRENDE,00000,HUILA EMPRENDE,37
2023,ASAMBLEA,41770,SUAZA,07099,HUILA EMPRENDE,00051,CARLOS ARLEY STERLING CARDOZO,60
2023,ASAMBLEA,41770,SUAZA,07099,HUILA EMPRENDE,00052,YERALDYN SAENZ MUÑOZ,26
2023,ASAMBLEA,41770,SUAZA,07099,HUILA EMPRENDE,00053,MICHELL ALEJANDRA GONZALEZ OSPINA,7
2023,ASAMBLEA,41770,SUAZA,07099,HUILA EMPRENDE,00054,CECILIA CUELLAR LEDESMA,5
2023,ASAMBLEA,41770,SUAZA,07099,HUILA EMPRENDE,00055,WILFRED TRUJILLO TRUJILLO,42
2023,ASAMBLEA,41770,SUAZA,07099,HUILA EMPRENDE,00056,BENSAIR SILVA BERNAL,18
2023,ASAMBLEA,41770,SUAZA,07099,HUILA EMPRENDE,00057,EDGAR BONILLA RAMIREZ,134
2023,ASAMBLEA,41770,SUAZA,07099,HUILA EMPRENDE,00058,DARBINSON ANDRES GOMEZ CABRERA,8
2023,ASAMBLEA,41770,SUAZA,07099,HUILA EMPRENDE,00059,DORIAN CORTES CALDERON,3
2023,ASAMBLEA,41770,SUAZA,07099,HUILA EMPRENDE,00060,EDWIN HARVEY BARAJAS HERNANDEZ,23
2023,ASAMBLEA,41770,SUAZA,07099,HUILA EMPRENDE,00061,OCTAVIO CABRERA CANTE,23
2023,ASAMBLEA,41770,SUAZA,07099,HUILA EMPRENDE,00062,MAIRA JULIETH ORTIZ CRUZ,17
2023,ASAMBLEA,41770,SUAZA,07892,ALMA DEL HUILA,00000,ALMA DEL HUILA,39
2023,ASAMBLEA,41770,SUAZA,07892,ALMA DEL HUILA,00051,JOHN ALEXANDER TRUJILLO NINCO,27
2023,ASAMBLEA,41770,SUAZA,07892,ALMA DEL HUILA,00052,ADAN ROJAS BARRETO,22
2023,ASAMBLEA,41770,SUAZA,07892,ALMA DEL HUILA,00053,WILLIAM GONZALEZ HENAO,23
2023,ASAMBLEA,41770,SUAZA,07892,ALMA DEL HUILA,00054,PEDRO NEL JIMENEZ STERLING,18
2023,ASAMBLEA,41770,SUAZA,07892,ALMA DEL HUILA,00055,YENIFER GOMEZ QUINTERO,13
2023,ASAMBLEA,41770,SUAZA,07892,ALMA DEL HUILA,00056,SINDAY CAMACHO TRUJILLO,16
2023,ASAMBLEA,41770,SUAZA,07892,ALMA DEL HUILA,00057,YILEIDI CUBILLOS HERMIDA,14
2023,ASAMBLEA,41770,SUAZA,07892,ALMA DEL HUILA,00058,KELLY YULIETH CASTAÑEDA GALINDO,3
2023,ASAMBLEA,41770,SUAZA,07892,ALMA DEL HUILA,00059,DANIEL LEONARDO SANZ PERDOMO,12
2023,ASAMBLEA,41770,SUAZA,07892,ALMA DEL HUILA,00060,IVAN ALFREDO CANGREJO TORRES,39
2023,ASAMBLEA,41770,SUAZA,07892,ALMA DEL HUILA,00061,IVAN CORTES LOSADA,18
2023,ASAMBLEA,41770,SUAZA,07892,ALMA DEL HUILA,00062,OMAR ORTIZ SEPULVEDA,577
2023,ASAMBLEA,41770,SUAZA,08399,COAL. PARTIDO CENTRO DEMOCRATICO Y PARTIDO LIGA,00000,COAL. PARTIDO CENTRO DEMOCRATICO Y PARTIDO LIGA,32
2023,ASAMBLEA,41770,SUAZA,08399,COAL. PARTIDO CENTRO DEMOCRATICO Y PARTIDO LIGA,00051,TATIANA SOLANO CABALLERO,44
2023,ASAMBLEA,41770,SUAZA,08399,COAL. PARTIDO CENTRO DEMOCRATICO Y PARTIDO LIGA,00052,CARLOS ANDRES MOLINA OSORIO,16
2023,ASAMBLEA,41770,SUAZA,08399,COAL. PARTIDO CENTRO DEMOCRATICO Y PARTIDO LIGA,00054,FRANKEL HERRERA DUSSAN,7
2023,ASAMBLEA,41770,SUAZA,08399,COAL. PARTIDO CENTRO DEMOCRATICO Y PARTIDO LIGA,00055,TATIANA PATRICIA MENDEZ RAMOS,94
2023,ASAMBLEA,41770,SUAZA,08399,COAL. PARTIDO CENTRO DEMOCRATICO Y PARTIDO LIGA,00056,ANDRES GARCIA MONTEALEGRE,14
2023,ASAMBLEA,41770,SUAZA,08399,COAL. PARTIDO CENTRO DEMOCRATICO Y PARTIDO LIGA,00057,SONIA DEL PILAR CUELLAR CASTRO,25
2023,ASAMBLEA,41770,SUAZA,08399,COAL. PARTIDO CENTRO DEMOCRATICO Y PARTIDO LIGA,00058,JHON HAROL SANCHEZ DELGADO,6
2023,ASAMBLEA,41770,SUAZA,08399,COAL. PARTIDO CENTRO DEMOCRATICO Y PARTIDO LIGA,00059,MISAEL POBLADOR PEREZ,27
2023,ASAMBLEA,41770,SUAZA,08399,COAL. PARTIDO CENTRO DEMOCRATICO Y PARTIDO LIGA,00060,SORLY ARIAS SANCHEZ,9
2023,ASAMBLEA,41770,SUAZA,08399,COAL. PARTIDO CENTRO DEMOCRATICO Y PARTIDO LIGA,00061,JOSE FRANKLIN LOSADA CERQUERA,12
2023,ASAMBLEA,41770,SUAZA,08399,COAL. PARTIDO CENTRO DEMOCRATICO Y PARTIDO LIGA,00062,YANDRY MILENA DIAZ CARVAJAL,12
2023,ASAMBLEA,41770,SUAZA,08404,PACTOHISTORICO,00000,PACTOHISTORICO,32
2023,ASAMBLEA,41770,SUAZA,08404,PACTOHISTORICO,00051,LUIS EDGAR GUTIERREZ GUTIERREZ,45
2023,ASAMBLEA,41770,SUAZA,08404,PACTOHISTORICO,00052,LEONARDO VERA YARA,16
2023,ASAMBLEA,41770,SUAZA,08404,PACTOHISTORICO,00053,JOSE IGNACIO MARROQUIN SANCHEZ,39
2023,ASAMBLEA,41770,SUAZA,08404,PACTOHISTORICO,00054,LINDA PAOLA MEDINA CHARRY,7
2023,ASAMBLEA,41770,SUAZA,08404,PACTOHISTORICO,00055,JUAN BAUTISTA MORERA MEDINA,13
2023,ASAMBLEA,41770,SUAZA,08404,PACTOHISTORICO,00056,FRANK YULL FIERRO MAYORGA,16
2023,ASAMBLEA,41770,SUAZA,08404,PACTOHISTORICO,00057,YESID CAMPOS SOTELO,10
2023,ASAMBLEA,41770,SUAZA,08404,PACTOHISTORICO,00058,MERCEDES SANTOS POLANCO,3
2023,ASAMBLEA,41770,SUAZA,08404,PACTOHISTORICO,00059,MARIA NELLY PULIDO HERNANDEZ,57
2023,ASAMBLEA,41770,SUAZA,08404,PACTOHISTORICO,00060,FRANCISCO ISMAEL OLAYA OLAYA,16
2023,ASAMBLEA,41770,SUAZA,08404,PACTOHISTORICO,00061,LEIDY TATIANA JAIMES HERNANDEZ,9
2023,ASAMBLEA,41770,SUAZA,08404,PACTOHISTORICO,00062,ROBERTO CARLOS TOMBE TUNUBALA,47
2023,ASAMBLEA,41770,SUAZA,08416,COALICIÓN PARTIDO DE LA U Y PARTIDO POLITICO MIRA,00000,COALICIÓN PARTIDO DE LA U Y PARTIDO POLITICO MIRA,84
2023,ASAMBLEA,41770,SUAZA,08416,COALICIÓN PARTIDO DE LA U Y PARTIDO POLITICO MIRA,00051,JOSE LUIS CHAUX JOVEN,82
2023,ASAMBLEA,41770,SUAZA,08416,COALICIÓN PARTIDO DE LA U Y PARTIDO POLITICO MIRA,00052,TANIA ANDREA NINCO ZUÑIGA,21
2023,ASAMBLEA,41770,SUAZA,08416,COALICIÓN PARTIDO DE LA U Y PARTIDO POLITICO MIRA,00055,LUIS GUILLERMO CARDOZO,19
2023,ASAMBLEA,41770,SUAZA,08416,COALICIÓN PARTIDO DE LA U Y PARTIDO POLITICO MIRA,00056,PATRICIA LUGO AVENDAÑO,7
2023,ASAMBLEA,41770,SUAZA,08416,COALICIÓN PARTIDO DE LA U Y PARTIDO POLITICO MIRA,00059,ALVARO HERNANDO AMAYA VALENCIA,8
2023,ASAMBLEA,41770,SUAZA,08416,COALICIÓN PARTIDO DE LA U Y PARTIDO POLITICO MIRA,00060,GRACE FERNANDA RADA RICO,23
2023,ASAMBLEA,41770,SUAZA,08416,COALICIÓN PARTIDO DE LA U Y PARTIDO POLITICO MIRA,00061,EDISSON ANDRES PALMA CHAVEZ,140
2023,ASAMBLEA,41770,SUAZA,08416,COALICIÓN PARTIDO DE LA U Y PARTIDO POLITICO MIRA,00062,NESTOR IVAN RODRIGUEZ ANDRADE,63
2023,ASAMBLEA,41791,TARQUI,00000,,00996,VOTOS EN BLANCO,1003
2023,ASAMBLEA,41791,TARQUI,00000,,00997,VOTOS NULOS,253
2023,ASAMBLEA,41791,TARQUI,00000,,00998,VOTOS NO MARCADOS,1196
2023,ASAMBLEA,41791,TARQUI,00001,PARTIDO LIBERAL COLOMBIANO,00000,PARTIDO LIBERAL COLOMBIANO,88
2023,ASAMBLEA,41791,TARQUI,00001,PARTIDO LIBERAL COLOMBIANO,00051,ALFADIL ORTIGOZA,98
2023,ASAMBLEA,41791,TARQUI,00001,PARTIDO LIBERAL COLOMBIANO,00052,MILTON GERARDO CORTES CUELLAR,57
2023,ASAMBLEA,41791,TARQUI,00001,PARTIDO LIBERAL COLOMBIANO,00053,ORLANDO IBAGON SANCHEZ,93
2023,ASAMBLEA,41791,TARQUI,00001,PARTIDO LIBERAL COLOMBIANO,00054,RAMIRO ADOLFO MUÑOZ CALDERON,39
2023,ASAMBLEA,41791,TARQUI,00001,PARTIDO LIBERAL COLOMBIANO,00055,VICTORIA EUGENIA CASTRO SILVA,99
2023,ASAMBLEA,41791,TARQUI,00001,PARTIDO LIBERAL COLOMBIANO,00056,OSCAR URIEL BRAVO DIAZ,99
2023,ASAMBLEA,41791,TARQUI,00001,PARTIDO LIBERAL COLOMBIANO,00057,CARLOS EDILSON POSADA MAYA,75
2023,ASAMBLEA,41791,TARQUI,00001,PARTIDO LIBERAL COLOMBIANO,00058,FABIO ARMANDO ORTIZ REYES,22
2023,ASAMBLEA,41791,TARQUI,00001,PARTIDO LIBERAL COLOMBIANO,00059,CLAUDIA PATRICIA CONDE VILLANEDA,8
2023,ASAMBLEA,41791,TARQUI,00001,PARTIDO LIBERAL COLOMBIANO,00060,ALEIDA SALINAS CAMPOS,7
2023,ASAMBLEA,41791,TARQUI,00001,PARTIDO LIBERAL COLOMBIANO,00061,ARELIS VARGAS ALVAREZ,30
2023,ASAMBLEA,41791,TARQUI,00001,PARTIDO LIBERAL COLOMBIANO,00062,SERGIO ANDRES TRUJILLO PERDOMO,277
2023,ASAMBLEA,41791,TARQUI,00002,PARTIDO CONSERVADOR COLOMBIANO,00000,PARTIDO CONSERVADOR COLOMBIANO,96
2023,ASAMBLEA,41791,TARQUI,00002,PARTIDO CONSERVADOR COLOMBIANO,00051,OMAR ALVARO ALEXIS DIAZ CUELLAR,99
2023,ASAMBLEA,41791,TARQUI,00002,PARTIDO CONSERVADOR COLOMBIANO,00052,NELSON JESUS MURCIA OME,65
2023,ASAMBLEA,41791,TARQUI,00002,PARTIDO CONSERVADOR COLOMBIANO,00053,MAURICIO CIFUENTES VELASQUEZ,29
2023,ASAMBLEA,41791,TARQUI,00002,PARTIDO CONSERVADOR COLOMBIANO,00054,NATALIA CASALLAS VANEGAS,10
2023,ASAMBLEA,41791,TARQUI,00002,PARTIDO CONSERVADOR COLOMBIANO,00055,ALENXANDRO SALAZAR LLANOS,29
2023,ASAMBLEA,41791,TARQUI,00002,PARTIDO CONSERVADOR COLOMBIANO,00056,SILVIO DANIEL VASQUEZ CORONADO,35
2023,ASAMBLEA,41791,TARQUI,00002,PARTIDO CONSERVADOR COLOMBIANO,00057,NORBERTO ANTONIO CASTAÑO BUITRAGO,62
2023,ASAMBLEA,41791,TARQUI,00002,PARTIDO CONSERVADOR COLOMBIANO,00058,DANIELA CHARRY MOSCOSO,10
2023,ASAMBLEA,41791,TARQUI,00002,PARTIDO CONSERVADOR COLOMBIANO,00059,CIELO ROCIO COLLAZOS CUTIVA,4
2023,ASAMBLEA,41791,TARQUI,00002,PARTIDO CONSERVADOR COLOMBIANO,00060,ANYELO SANDOVAL PEÑA,71
2023,ASAMBLEA,41791,TARQUI,00002,PARTIDO CONSERVADOR COLOMBIANO,00061,PAULA MELISSA TRUJILLO PEDROZA,37
2023,ASAMBLEA,41791,TARQUI,00002,PARTIDO CONSERVADOR COLOMBIANO,00062,WILMER EDUARDO ALVARADO MUÑOZ,1658
2023,ASAMBLEA,41791,TARQUI,00004,PARTIDO ALIANZA VERDE,00000,PARTIDO ALIANZA VERDE,72
2023,ASAMBLEA,41791,TARQUI,00004,PARTIDO ALIANZA VERDE,00051,DIANA LORENA MONJE ALBARRACIN,191
2023,ASAMBLEA,41791,TARQUI,00004,PARTIDO ALIANZA VERDE,00052,OSCAR FERNANDO RAMIREZ PRADA,24
2023,ASAMBLEA,41791,TARQUI,00004,PARTIDO ALIANZA VERDE,00053,JUAN CAMILO FORERO CARDENAS,67
2023,ASAMBLEA,41791,TARQUI,00004,PARTIDO ALIANZA VERDE,00054,BLANCA EDITH MEDINA BOTACHE,10
2023,ASAMBLEA,41791,TARQUI,00004,PARTIDO ALIANZA VERDE,00055,VIRGILIO HUERGO GOMEZ,62
2023,ASAMBLEA,41791,TARQUI,00004,PARTIDO ALIANZA VERDE,00056,OSCAR IVAN LLANOS RODRIGUEZ,18
2023,ASAMBLEA,41791,TARQUI,00004,PARTIDO ALIANZA VERDE,00060,SHIRLEY ROCIO QUINTERO SANCHEZ,30
2023,ASAMBLEA,41791,TARQUI,00004,PARTIDO ALIANZA VERDE,00061,JOSE ARMANDO ACUÑA MOLINA,521
2023,ASAMBLEA,41791,TARQUI,00004,PARTIDO ALIANZA VERDE,00062,DIEGO FERNANDO PASCUAS ARIAS,77
2023,ASAMBLEA,41791,TARQUI,07099,HUILA EMPRENDE,00000,HUILA EMPRENDE,45
2023,ASAMBLEA,41791,TARQUI,07099,HUILA EMPRENDE,00051,CARLOS ARLEY STERLING CARDOZO,173
2023,ASAMBLEA,41791,TARQUI,07099,HUILA EMPRENDE,00052,YERALDYN SAENZ MUÑOZ,26
2023,ASAMBLEA,41791,TARQUI,07099,HUILA EMPRENDE,00053,MICHELL ALEJANDRA GONZALEZ OSPINA,19
2023,ASAMBLEA,41791,TARQUI,07099,HUILA EMPRENDE,00054,CECILIA CUELLAR LEDESMA,15
2023,ASAMBLEA,41791,TARQUI,07099,HUILA EMPRENDE,00055,WILFRED TRUJILLO TRUJILLO,126
2023,ASAMBLEA,41791,TARQUI,07099,HUILA EMPRENDE,00056,BENSAIR SILVA BERNAL,58
2023,ASAMBLEA,41791,TARQUI,07099,HUILA EMPRENDE,00057,EDGAR BONILLA RAMIREZ,801
2023,ASAMBLEA,41791,TARQUI,07099,HUILA EMPRENDE,00058,DARBINSON ANDRES GOMEZ CABRERA,7
2023,ASAMBLEA,41791,TARQUI,07099,HUILA EMPRENDE,00059,DORIAN CORTES CALDERON,14
2023,ASAMBLEA,41791,TARQUI,07099,HUILA EMPRENDE,00060,EDWIN HARVEY BARAJAS HERNANDEZ,81
2023,ASAMBLEA,41791,TARQUI,07099,HUILA EMPRENDE,00061,OCTAVIO CABRERA CANTE,330
2023,ASAMBLEA,41791,TARQUI,07099,HUILA EMPRENDE,00062,MAIRA JULIETH ORTIZ CRUZ,38
2023,ASAMBLEA,41791,TARQUI,07892,ALMA DEL HUILA,00000,ALMA DEL HUILA,16
2023,ASAMBLEA,41791,TARQUI,07892,ALMA DEL HUILA,00051,JOHN ALEXANDER TRUJILLO NINCO,6
2023,ASAMBLEA,41791,TARQUI,07892,ALMA DEL HUILA,00052,ADAN ROJAS BARRETO,6
2023,ASAMBLEA,41791,TARQUI,07892,ALMA DEL HUILA,00053,WILLIAM GONZALEZ HENAO,59
2023,ASAMBLEA,41791,TARQUI,07892,ALMA DEL HUILA,00054,PEDRO NEL JIMENEZ STERLING,4
2023,ASAMBLEA,41791,TARQUI,07892,ALMA DEL HUILA,00055,YENIFER GOMEZ QUINTERO,3
2023,ASAMBLEA,41791,TARQUI,07892,ALMA DEL HUILA,00056,SINDAY CAMACHO TRUJILLO,7
2023,ASAMBLEA,41791,TARQUI,07892,ALMA DEL HUILA,00057,YILEIDI CUBILLOS HERMIDA,6
2023,ASAMBLEA,41791,TARQUI,07892,ALMA DEL HUILA,00058,KELLY YULIETH CASTAÑEDA GALINDO,4
2023,ASAMBLEA,41791,TARQUI,07892,ALMA DEL HUILA,00059,DANIEL LEONARDO SANZ PERDOMO,7
2023,ASAMBLEA,41791,TARQUI,07892,ALMA DEL HUILA,00060,IVAN ALFREDO CANGREJO TORRES,147
2023,ASAMBLEA,41791,TARQUI,07892,ALMA DEL HUILA,00061,IVAN CORTES LOSADA,3
2023,ASAMBLEA,41791,TARQUI,07892,ALMA DEL HUILA,00062,OMAR ORTIZ SEPULVEDA,18
2023,ASAMBLEA,41791,TARQUI,08399,COAL. PARTIDO CENTRO DEMOCRATICO Y PARTIDO LIGA,00000,COAL. PARTIDO CENTRO DEMOCRATICO Y PARTIDO LIGA,25
2023,ASAMBLEA,41791,TARQUI,08399,COAL. PARTIDO CENTRO DEMOCRATICO Y PARTIDO LIGA,00051,TATIANA SOLANO CABALLERO,27
2023,ASAMBLEA,41791,TARQUI,08399,COAL. PARTIDO CENTRO DEMOCRATICO Y PARTIDO LIGA,00052,CARLOS ANDRES MOLINA OSORIO,11
2023,ASAMBLEA,41791,TARQUI,08399,COAL. PARTIDO CENTRO DEMOCRATICO Y PARTIDO LIGA,00054,FRANKEL HERRERA DUSSAN,2
2023,ASAMBLEA,41791,TARQUI,08399,COAL. PARTIDO CENTRO DEMOCRATICO Y PARTIDO LIGA,00055,TATIANA PATRICIA MENDEZ RAMOS,93
2023,ASAMBLEA,41791,TARQUI,08399,COAL. PARTIDO CENTRO DEMOCRATICO Y PARTIDO LIGA,00056,ANDRES GARCIA MONTEALEGRE,10
2023,ASAMBLEA,41791,TARQUI,08399,COAL. PARTIDO CENTRO DEMOCRATICO Y PARTIDO LIGA,00057,SONIA DEL PILAR CUELLAR CASTRO,72
2023,ASAMBLEA,41791,TARQUI,08399,COAL. PARTIDO CENTRO DEMOCRATICO Y PARTIDO LIGA,00058,JHON HAROL SANCHEZ DELGADO,5
2023,ASAMBLEA,41791,TARQUI,08399,COAL. PARTIDO CENTRO DEMOCRATICO Y PARTIDO LIGA,00059,MISAEL POBLADOR PEREZ,5
2023,ASAMBLEA,41791,TARQUI,08399,COAL. PARTIDO CENTRO DEMOCRATICO Y PARTIDO LIGA,00060,SORLY ARIAS SANCHEZ,4
2023,ASAMBLEA,41791,TARQUI,08399,COAL. PARTIDO CENTRO DEMOCRATICO Y PARTIDO LIGA,00061,JOSE FRANKLIN LOSADA CERQUERA,12
2023,ASAMBLEA,41791,TARQUI,08399,COAL. PARTIDO CENTRO DEMOCRATICO Y PARTIDO LIGA,00062,YANDRY MILENA DIAZ CARVAJAL,8
2023,ASAMBLEA,41791,TARQUI,08404,PACTOHISTORICO,00000,PACTOHISTORICO,28
2023,ASAMBLEA,41791,TARQUI,08404,PACTOHISTORICO,00051,LUIS EDGAR GUTIERREZ GUTIERREZ,28
2023,ASAMBLEA,41791,TARQUI,08404,PACTOHISTORICO,00052,LEONARDO VERA YARA,16
2023,ASAMBLEA,41791,TARQUI,08404,PACTOHISTORICO,00053,JOSE IGNACIO MARROQUIN SANCHEZ,70
2023,ASAMBLEA,41791,TARQUI,08404,PACTOHISTORICO,00054,LINDA PAOLA MEDINA CHARRY,3
2023,ASAMBLEA,41791,TARQUI,08404,PACTOHISTORICO,00055,JUAN BAUTISTA MORERA MEDINA,9
2023,ASAMBLEA,41791,TARQUI,08404,PACTOHISTORICO,00056,FRANK YULL FIERRO MAYORGA,24
2023,ASAMBLEA,41791,TARQUI,08404,PACTOHISTORICO,00057,YESID CAMPOS SOTELO,16
2023,ASAMBLEA,41791,TARQUI,08404,PACTOHISTORICO,00058,MERCEDES SANTOS POLANCO,20
2023,ASAMBLEA,41791,TARQUI,08404,PACTOHISTORICO,00059,MARIA NELLY PULIDO HERNANDEZ,5
2023,ASAMBLEA,41791,TARQUI,08404,PACTOHISTORICO,00060,FRANCISCO ISMAEL OLAYA OLAYA,8
2023,ASAMBLEA,41791,TARQUI,08404,PACTOHISTORICO,00061,LEIDY TATIANA JAIMES HERNANDEZ,12
2023,ASAMBLEA,41791,TARQUI,08404,PACTOHISTORICO,00062,ROBERTO CARLOS TOMBE TUNUBALA,9
2023,ASAMBLEA,41791,TARQUI,08416,COALICIÓN PARTIDO DE LA U Y PARTIDO POLITICO MIRA,00000,COALICIÓN PARTIDO DE LA U Y PARTIDO POLITICO MIRA,19
2023,ASAMBLEA,41791,TARQUI,08416,COALICIÓN PARTIDO DE LA U Y PARTIDO POLITICO MIRA,00051,JOSE LUIS CHAUX JOVEN,120
2023,ASAMBLEA,41791,TARQUI,08416,COALICIÓN PARTIDO DE LA U Y PARTIDO POLITICO MIRA,00052,TANIA ANDREA NINCO ZUÑIGA,10
2023,ASAMBLEA,41791,TARQUI,08416,COALICIÓN PARTIDO DE LA U Y PARTIDO POLITICO MIRA,00055,LUIS GUILLERMO CARDOZO,7
2023,ASAMBLEA,41791,TARQUI,08416,COALICIÓN PARTIDO DE LA U Y PARTIDO POLITICO MIRA,00056,PATRICIA LUGO AVENDAÑO,13
2023,ASAMBLEA,41791,TARQUI,08416,COALICIÓN PARTIDO DE LA U Y PARTIDO POLITICO MIRA,00059,ALVARO HERNANDO AMAYA VALENCIA,1
2023,ASAMBLEA,41791,TARQUI,08416,COALICIÓN PARTIDO DE LA U Y PARTIDO POLITICO MIRA,00060,GRACE FERNANDA RADA RICO,7
2023,ASAMBLEA,41791,TARQUI,08416,COALICIÓN PARTIDO DE LA U Y PARTIDO POLITICO MIRA,00061,EDISSON ANDRES PALMA CHAVEZ,54
2023,ASAMBLEA,41791,TARQUI,08416,COALICIÓN PARTIDO DE LA U Y PARTIDO POLITICO MIRA,00062,NESTOR IVAN RODRIGUEZ ANDRADE,98
2023,ASAMBLEA,41797,TESALIA,00000,,00996,VOTOS EN BLANCO,547
2023,ASAMBLEA,41797,TESALIA,00000,,00997,VOTOS NULOS,204
2023,ASAMBLEA,41797,TESALIA,00000,,00998,VOTOS NO MARCADOS,715
2023,ASAMBLEA,41797,TESALIA,00001,PARTIDO LIBERAL COLOMBIANO,00000,PARTIDO LIBERAL COLOMBIANO,44
2023,ASAMBLEA,41797,TESALIA,00001,PARTIDO LIBERAL COLOMBIANO,00051,ALFADIL ORTIGOZA,52
2023,ASAMBLEA,41797,TESALIA,00001,PARTIDO LIBERAL COLOMBIANO,00052,MILTON GERARDO CORTES CUELLAR,16
2023,ASAMBLEA,41797,TESALIA,00001,PARTIDO LIBERAL COLOMBIANO,00053,ORLANDO IBAGON SANCHEZ,25
2023,ASAMBLEA,41797,TESALIA,00001,PARTIDO LIBERAL COLOMBIANO,00054,RAMIRO ADOLFO MUÑOZ CALDERON,65
2023,ASAMBLEA,41797,TESALIA,00001,PARTIDO LIBERAL COLOMBIANO,00055,VICTORIA EUGENIA CASTRO SILVA,258
2023,ASAMBLEA,41797,TESALIA,00001,PARTIDO LIBERAL COLOMBIANO,00056,OSCAR URIEL BRAVO DIAZ,17
2023,ASAMBLEA,41797,TESALIA,00001,PARTIDO LIBERAL COLOMBIANO,00057,CARLOS EDILSON POSADA MAYA,35
2023,ASAMBLEA,41797,TESALIA,00001,PARTIDO LIBERAL COLOMBIANO,00058,FABIO ARMANDO ORTIZ REYES,1
2023,ASAMBLEA,41797,TESALIA,00001,PARTIDO LIBERAL COLOMBIANO,00059,CLAUDIA PATRICIA CONDE VILLANEDA,4
2023,ASAMBLEA,41797,TESALIA,00001,PARTIDO LIBERAL COLOMBIANO,00060,ALEIDA SALINAS CAMPOS,11
2023,ASAMBLEA,41797,TESALIA,00001,PARTIDO LIBERAL COLOMBIANO,00061,ARELIS VARGAS ALVAREZ,13
2023,ASAMBLEA,41797,TESALIA,00001,PARTIDO LIBERAL COLOMBIANO,00062,SERGIO ANDRES TRUJILLO PERDOMO,162
2023,ASAMBLEA,41797,TESALIA,00002,PARTIDO CONSERVADOR COLOMBIANO,00000,PARTIDO CONSERVADOR COLOMBIANO,64
2023,ASAMBLEA,41797,TESALIA,00002,PARTIDO CONSERVADOR COLOMBIANO,00051,OMAR ALVARO ALEXIS DIAZ CUELLAR,79
2023,ASAMBLEA,41797,TESALIA,00002,PARTIDO CONSERVADOR COLOMBIANO,00052,NELSON JESUS MURCIA OME,35
2023,ASAMBLEA,41797,TESALIA,00002,PARTIDO CONSERVADOR COLOMBIANO,00053,MAURICIO CIFUENTES VELASQUEZ,15
2023,ASAMBLEA,41797,TESALIA,00002,PARTIDO CONSERVADOR COLOMBIANO,00054,NATALIA CASALLAS VANEGAS,7
2023,ASAMBLEA,41797,TESALIA,00002,PARTIDO CONSERVADOR COLOMBIANO,00055,ALENXANDRO SALAZAR LLANOS,37
2023,ASAMBLEA,41797,TESALIA,00002,PARTIDO CONSERVADOR COLOMBIANO,00056,SILVIO DANIEL VASQUEZ CORONADO,17
2023,ASAMBLEA,41797,TESALIA,00002,PARTIDO CONSERVADOR COLOMBIANO,00057,NORBERTO ANTONIO CASTAÑO BUITRAGO,196
2023,ASAMBLEA,41797,TESALIA,00002,PARTIDO CONSERVADOR COLOMBIANO,00058,DANIELA CHARRY MOSCOSO,5
2023,ASAMBLEA,41797,TESALIA,00002,PARTIDO CONSERVADOR COLOMBIANO,00059,CIELO ROCIO COLLAZOS CUTIVA,10
2023,ASAMBLEA,41797,TESALIA,00002,PARTIDO CONSERVADOR COLOMBIANO,00060,ANYELO SANDOVAL PEÑA,14
2023,ASAMBLEA,41797,TESALIA,00002,PARTIDO CONSERVADOR COLOMBIANO,00061,PAULA MELISSA TRUJILLO PEDROZA,27
2023,ASAMBLEA,41797,TESALIA,00002,PARTIDO CONSERVADOR COLOMBIANO,00062,WILMER EDUARDO ALVARADO MUÑOZ,220
2023,ASAMBLEA,41797,TESALIA,00004,PARTIDO ALIANZA VERDE,00000,PARTIDO ALIANZA VERDE,128
2023,ASAMBLEA,41797,TESALIA,00004,PARTIDO ALIANZA VERDE,00051,DIANA LORENA MONJE ALBARRACIN,68
2023,ASAMBLEA,41797,TESALIA,00004,PARTIDO ALIANZA VERDE,00052,OSCAR FERNANDO RAMIREZ PRADA,19
2023,ASAMBLEA,41797,TESALIA,00004,PARTIDO ALIANZA VERDE,00053,JUAN CAMILO FORERO CARDENAS,6
2023,ASAMBLEA,41797,TESALIA,00004,PARTIDO ALIANZA VERDE,00054,BLANCA EDITH MEDINA BOTACHE,11
2023,ASAMBLEA,41797,TESALIA,00004,PARTIDO ALIANZA VERDE,00055,VIRGILIO HUERGO GOMEZ,75
2023,ASAMBLEA,41797,TESALIA,00004,PARTIDO ALIANZA VERDE,00056,OSCAR IVAN LLANOS RODRIGUEZ,14
2023,ASAMBLEA,41797,TESALIA,00004,PARTIDO ALIANZA VERDE,00060,SHIRLEY ROCIO QUINTERO SANCHEZ,23
2023,ASAMBLEA,41797,TESALIA,00004,PARTIDO ALIANZA VERDE,00061,JOSE ARMANDO ACUÑA MOLINA,181
2023,ASAMBLEA,41797,TESALIA,00004,PARTIDO ALIANZA VERDE,00062,DIEGO FERNANDO PASCUAS ARIAS,18
2023,ASAMBLEA,41797,TESALIA,07099,HUILA EMPRENDE,00000,HUILA EMPRENDE,13
2023,ASAMBLEA,41797,TESALIA,07099,HUILA EMPRENDE,00051,CARLOS ARLEY STERLING CARDOZO,131
2023,ASAMBLEA,41797,TESALIA,07099,HUILA EMPRENDE,00052,YERALDYN SAENZ MUÑOZ,7
2023,ASAMBLEA,41797,TESALIA,07099,HUILA EMPRENDE,00053,MICHELL ALEJANDRA GONZALEZ OSPINA,1
2023,ASAMBLEA,41797,TESALIA,07099,HUILA EMPRENDE,00054,CECILIA CUELLAR LEDESMA,4
2023,ASAMBLEA,41797,TESALIA,07099,HUILA EMPRENDE,00055,WILFRED TRUJILLO TRUJILLO,8
2023,ASAMBLEA,41797,TESALIA,07099,HUILA EMPRENDE,00056,BENSAIR SILVA BERNAL,12
2023,ASAMBLEA,41797,TESALIA,07099,HUILA EMPRENDE,00057,EDGAR BONILLA RAMIREZ,6
2023,ASAMBLEA,41797,TESALIA,07099,HUILA EMPRENDE,00058,DARBINSON ANDRES GOMEZ CABRERA,11
2023,ASAMBLEA,41797,TESALIA,07099,HUILA EMPRENDE,00059,DORIAN CORTES CALDERON,1
2023,ASAMBLEA,41797,TESALIA,07099,HUILA EMPRENDE,00060,EDWIN HARVEY BARAJAS HERNANDEZ,183
2023,ASAMBLEA,41797,TESALIA,07099,HUILA EMPRENDE,00061,OCTAVIO CABRERA CANTE,47
2023,ASAMBLEA,41797,TESALIA,07099,HUILA EMPRENDE,00062,MAIRA JULIETH ORTIZ CRUZ,7
2023,ASAMBLEA,41797,TESALIA,07892,ALMA DEL HUILA,00000,ALMA DEL HUILA,18
2023,ASAMBLEA,41797,TESALIA,07892,ALMA DEL HUILA,00051,JOHN ALEXANDER TRUJILLO NINCO,12
2023,ASAMBLEA,41797,TESALIA,07892,ALMA DEL HUILA,00052,ADAN ROJAS BARRETO,4
2023,ASAMBLEA,41797,TESALIA,07892,ALMA DEL HUILA,00053,WILLIAM GONZALEZ HENAO,12
2023,ASAMBLEA,41797,TESALIA,07892,ALMA DEL HUILA,00054,PEDRO NEL JIMENEZ STERLING,3
2023,ASAMBLEA,41797,TESALIA,07892,ALMA DEL HUILA,00055,YENIFER GOMEZ QUINTERO,9
2023,ASAMBLEA,41797,TESALIA,07892,ALMA DEL HUILA,00056,SINDAY CAMACHO TRUJILLO,11
2023,ASAMBLEA,41797,TESALIA,07892,ALMA DEL HUILA,00057,YILEIDI CUBILLOS HERMIDA,2
2023,ASAMBLEA,41797,TESALIA,07892,ALMA DEL HUILA,00058,KELLY YULIETH CASTAÑEDA GALINDO,3
2023,ASAMBLEA,41797,TESALIA,07892,ALMA DEL HUILA,00059,DANIEL LEONARDO SANZ PERDOMO,217
2023,ASAMBLEA,41797,TESALIA,07892,ALMA DEL HUILA,00060,IVAN ALFREDO CANGREJO TORRES,20
2023,ASAMBLEA,41797,TESALIA,07892,ALMA DEL HUILA,00061,IVAN CORTES LOSADA,19
2023,ASAMBLEA,41797,TESALIA,07892,ALMA DEL HUILA,00062,OMAR ORTIZ SEPULVEDA,2
2023,ASAMBLEA,41797,TESALIA,08399,COAL. PARTIDO CENTRO DEMOCRATICO Y PARTIDO LIGA,00000,COAL. PARTIDO CENTRO DEMOCRATICO Y PARTIDO LIGA,39
2023,ASAMBLEA,41797,TESALIA,08399,COAL. PARTIDO CENTRO DEMOCRATICO Y PARTIDO LIGA,00051,TATIANA SOLANO CABALLERO,27
2023,ASAMBLEA,41797,TESALIA,08399,COAL. PARTIDO CENTRO DEMOCRATICO Y PARTIDO LIGA,00052,CARLOS ANDRES MOLINA OSORIO,11
2023,ASAMBLEA,41797,TESALIA,08399,COAL. PARTIDO CENTRO DEMOCRATICO Y PARTIDO LIGA,00054,FRANKEL HERRERA DUSSAN,6
2023,ASAMBLEA,41797,TESALIA,08399,COAL. PARTIDO CENTRO DEMOCRATICO Y PARTIDO LIGA,00055,TATIANA PATRICIA MENDEZ RAMOS,77
2023,ASAMBLEA,41797,TESALIA,08399,COAL. PARTIDO CENTRO DEMOCRATICO Y PARTIDO LIGA,00056,ANDRES GARCIA MONTEALEGRE,8
2023,ASAMBLEA,41797,TESALIA,08399,COAL. PARTIDO CENTRO DEMOCRATICO Y PARTIDO LIGA,00057,SONIA DEL PILAR CUELLAR CASTRO,8
2023,ASAMBLEA,41797,TESALIA,08399,COAL. PARTIDO CENTRO DEMOCRATICO Y PARTIDO LIGA,00058,JHON HAROL SANCHEZ DELGADO,2
2023,ASAMBLEA,41797,TESALIA,08399,COAL. PARTIDO CENTRO DEMOCRATICO Y PARTIDO LIGA,00059,MISAEL POBLADOR PEREZ,6
2023,ASAMBLEA,41797,TESALIA,08399,COAL. PARTIDO CENTRO DEMOCRATICO Y PARTIDO LIGA,00060,SORLY ARIAS SANCHEZ,4
2023,ASAMBLEA,41797,TESALIA,08399,COAL. PARTIDO CENTRO DEMOCRATICO Y PARTIDO LIGA,00061,JOSE FRANKLIN LOSADA CERQUERA,21
2023,ASAMBLEA,41797,TESALIA,08399,COAL. PARTIDO CENTRO DEMOCRATICO Y PARTIDO LIGA,00062,YANDRY MILENA DIAZ CARVAJAL,8
2023,ASAMBLEA,41797,TESALIA,08404,PACTOHISTORICO,00000,PACTOHISTORICO,11
2023,ASAMBLEA,41797,TESALIA,08404,PACTOHISTORICO,00051,LUIS EDGAR GUTIERREZ GUTIERREZ,12
2023,ASAMBLEA,41797,TESALIA,08404,PACTOHISTORICO,00052,LEONARDO VERA YARA,12
2023,ASAMBLEA,41797,TESALIA,08404,PACTOHISTORICO,00053,JOSE IGNACIO MARROQUIN SANCHEZ,8
2023,ASAMBLEA,41797,TESALIA,08404,PACTOHISTORICO,00054,LINDA PAOLA MEDINA CHARRY,3
2023,ASAMBLEA,41797,TESALIA,08404,PACTOHISTORICO,00055,JUAN BAUTISTA MORERA MEDINA,35
2023,ASAMBLEA,41797,TESALIA,08404,PACTOHISTORICO,00056,FRANK YULL FIERRO MAYORGA,12
2023,ASAMBLEA,41797,TESALIA,08404,PACTOHISTORICO,00057,YESID CAMPOS SOTELO,4
2023,ASAMBLEA,41797,TESALIA,08404,PACTOHISTORICO,00059,MARIA NELLY PULIDO HERNANDEZ,2
2023,ASAMBLEA,41797,TESALIA,08404,PACTOHISTORICO,00060,FRANCISCO ISMAEL OLAYA OLAYA,11
2023,ASAMBLEA,41797,TESALIA,08404,PACTOHISTORICO,00061,LEIDY TATIANA JAIMES HERNANDEZ,10
2023,ASAMBLEA,41797,TESALIA,08404,PACTOHISTORICO,00062,ROBERTO CARLOS TOMBE TUNUBALA,9
2023,ASAMBLEA,41797,TESALIA,08416,COALICIÓN PARTIDO DE LA U Y PARTIDO POLITICO MIRA,00000,COALICIÓN PARTIDO DE LA U Y PARTIDO POLITICO MIRA,32
2023,ASAMBLEA,41797,TESALIA,08416,COALICIÓN PARTIDO DE LA U Y PARTIDO POLITICO MIRA,00051,JOSE LUIS CHAUX JOVEN,52
2023,ASAMBLEA,41797,TESALIA,08416,COALICIÓN PARTIDO DE LA U Y PARTIDO POLITICO MIRA,00052,TANIA ANDREA NINCO ZUÑIGA,9
2023,ASAMBLEA,41797,TESALIA,08416,COALICIÓN PARTIDO DE LA U Y PARTIDO POLITICO MIRA,00055,LUIS GUILLERMO CARDOZO,9
2023,ASAMBLEA,41797,TESALIA,08416,COALICIÓN PARTIDO DE LA U Y PARTIDO POLITICO MIRA,00056,PATRICIA LUGO AVENDAÑO,6
2023,ASAMBLEA,41797,TESALIA,08416,COALICIÓN PARTIDO DE LA U Y PARTIDO POLITICO MIRA,00059,ALVARO HERNANDO AMAYA VALENCIA,14
2023,ASAMBLEA,41797,TESALIA,08416,COALICIÓN PARTIDO DE LA U Y PARTIDO POLITICO MIRA,00060,GRACE FERNANDA RADA RICO,17
2023,ASAMBLEA,41797,TESALIA,08416,COALICIÓN PARTIDO DE LA U Y PARTIDO POLITICO MIRA,00061,EDISSON ANDRES PALMA CHAVEZ,1360
2023,ASAMBLEA,41797,TESALIA,08416,COALICIÓN PARTIDO DE LA U Y PARTIDO POLITICO MIRA,00062,NESTOR IVAN RODRIGUEZ ANDRADE,152
2023,ASAMBLEA,41799,TELLO,00000,,00996,VOTOS EN BLANCO,571
2023,ASAMBLEA,41799,TELLO,00000,,00997,VOTOS NULOS,196
2023,ASAMBLEA,41799,TELLO,00000,,00998,VOTOS NO MARCADOS,1224
2023,ASAMBLEA,41799,TELLO,00001,PARTIDO LIBERAL COLOMBIANO,00000,PARTIDO LIBERAL COLOMBIANO,107
2023,ASAMBLEA,41799,TELLO,00001,PARTIDO LIBERAL COLOMBIANO,00051,ALFADIL ORTIGOZA,219
2023,ASAMBLEA,41799,TELLO,00001,PARTIDO LIBERAL COLOMBIANO,00052,MILTON GERARDO CORTES CUELLAR,42
2023,ASAMBLEA,41799,TELLO,00001,PARTIDO LIBERAL COLOMBIANO,00053,ORLANDO IBAGON SANCHEZ,20
2023,ASAMBLEA,41799,TELLO,00001,PARTIDO LIBERAL COLOMBIANO,00054,RAMIRO ADOLFO MUÑOZ CALDERON,15
2023,ASAMBLEA,41799,TELLO,00001,PARTIDO LIBERAL COLOMBIANO,00055,VICTORIA EUGENIA CASTRO SILVA,57
2023,ASAMBLEA,41799,TELLO,00001,PARTIDO LIBERAL COLOMBIANO,00056,OSCAR URIEL BRAVO DIAZ,49
2023,ASAMBLEA,41799,TELLO,00001,PARTIDO LIBERAL COLOMBIANO,00057,CARLOS EDILSON POSADA MAYA,61
2023,ASAMBLEA,41799,TELLO,00001,PARTIDO LIBERAL COLOMBIANO,00058,FABIO ARMANDO ORTIZ REYES,7
2023,ASAMBLEA,41799,TELLO,00001,PARTIDO LIBERAL COLOMBIANO,00059,CLAUDIA PATRICIA CONDE VILLANEDA,4
2023,ASAMBLEA,41799,TELLO,00001,PARTIDO LIBERAL COLOMBIANO,00060,ALEIDA SALINAS CAMPOS,19
2023,ASAMBLEA,41799,TELLO,00001,PARTIDO LIBERAL COLOMBIANO,00061,ARELIS VARGAS ALVAREZ,22
2023,ASAMBLEA,41799,TELLO,00001,PARTIDO LIBERAL COLOMBIANO,00062,SERGIO ANDRES TRUJILLO PERDOMO,1043
2023,ASAMBLEA,41799,TELLO,00002,PARTIDO CONSERVADOR COLOMBIANO,00000,PARTIDO CONSERVADOR COLOMBIANO,13
2023,ASAMBLEA,41799,TELLO,00002,PARTIDO CONSERVADOR COLOMBIANO,00051,OMAR ALVARO ALEXIS DIAZ CUELLAR,127
2023,ASAMBLEA,41799,TELLO,00002,PARTIDO CONSERVADOR COLOMBIANO,00052,NELSON JESUS MURCIA OME,6
2023,ASAMBLEA,41799,TELLO,00002,PARTIDO CONSERVADOR COLOMBIANO,00053,MAURICIO CIFUENTES VELASQUEZ,4
2023,ASAMBLEA,41799,TELLO,00002,PARTIDO CONSERVADOR COLOMBIANO,00054,NATALIA CASALLAS VANEGAS,4
2023,ASAMBLEA,41799,TELLO,00002,PARTIDO CONSERVADOR COLOMBIANO,00055,ALENXANDRO SALAZAR LLANOS,27
2023,ASAMBLEA,41799,TELLO,00002,PARTIDO CONSERVADOR COLOMBIANO,00056,SILVIO DANIEL VASQUEZ CORONADO,17
2023,ASAMBLEA,41799,TELLO,00002,PARTIDO CONSERVADOR COLOMBIANO,00057,NORBERTO ANTONIO CASTAÑO BUITRAGO,154
2023,ASAMBLEA,41799,TELLO,00002,PARTIDO CONSERVADOR COLOMBIANO,00058,DANIELA CHARRY MOSCOSO,4
2023,ASAMBLEA,41799,TELLO,00002,PARTIDO CONSERVADOR COLOMBIANO,00060,ANYELO SANDOVAL PEÑA,2
2023,ASAMBLEA,41799,TELLO,00002,PARTIDO CONSERVADOR COLOMBIANO,00061,PAULA MELISSA TRUJILLO PEDROZA,3
2023,ASAMBLEA,41799,TELLO,00002,PARTIDO CONSERVADOR COLOMBIANO,00062,WILMER EDUARDO ALVARADO MUÑOZ,17
2023,ASAMBLEA,41799,TELLO,00004,PARTIDO ALIANZA VERDE,00000,PARTIDO ALIANZA VERDE,60
2023,ASAMBLEA,41799,TELLO,00004,PARTIDO ALIANZA VERDE,00051,DIANA LORENA MONJE ALBARRACIN,437
2023,ASAMBLEA,41799,TELLO,00004,PARTIDO ALIANZA VERDE,00052,OSCAR FERNANDO RAMIREZ PRADA,39
2023,ASAMBLEA,41799,TELLO,00004,PARTIDO ALIANZA VERDE,00053,JUAN CAMILO FORERO CARDENAS,20
2023,ASAMBLEA,41799,TELLO,00004,PARTIDO ALIANZA VERDE,00054,BLANCA EDITH MEDINA BOTACHE,21
2023,ASAMBLEA,41799,TELLO,00004,PARTIDO ALIANZA VERDE,00055,VIRGILIO HUERGO GOMEZ,608
2023,ASAMBLEA,41799,TELLO,00004,PARTIDO ALIANZA VERDE,00056,OSCAR IVAN LLANOS RODRIGUEZ,31
2023,ASAMBLEA,41799,TELLO,00004,PARTIDO ALIANZA VERDE,00060,SHIRLEY ROCIO QUINTERO SANCHEZ,12
2023,ASAMBLEA,41799,TELLO,00004,PARTIDO ALIANZA VERDE,00061,JOSE ARMANDO ACUÑA MOLINA,97
2023,ASAMBLEA,41799,TELLO,00004,PARTIDO ALIANZA VERDE,00062,DIEGO FERNANDO PASCUAS ARIAS,40
2023,ASAMBLEA,41799,TELLO,07099,HUILA EMPRENDE,00000,HUILA EMPRENDE,28
2023,ASAMBLEA,41799,TELLO,07099,HUILA EMPRENDE,00051,CARLOS ARLEY STERLING CARDOZO,69
2023,ASAMBLEA,41799,TELLO,07099,HUILA EMPRENDE,00052,YERALDYN SAENZ MUÑOZ,13
2023,ASAMBLEA,41799,TELLO,07099,HUILA EMPRENDE,00053,MICHELL ALEJANDRA GONZALEZ OSPINA,5
2023,ASAMBLEA,41799,TELLO,07099,HUILA EMPRENDE,00054,CECILIA CUELLAR LEDESMA,1
2023,ASAMBLEA,41799,TELLO,07099,HUILA EMPRENDE,00055,WILFRED TRUJILLO TRUJILLO,161
2023,ASAMBLEA,41799,TELLO,07099,HUILA EMPRENDE,00056,BENSAIR SILVA BERNAL,19
2023,ASAMBLEA,41799,TELLO,07099,HUILA EMPRENDE,00057,EDGAR BONILLA RAMIREZ,109
2023,ASAMBLEA,41799,TELLO,07099,HUILA EMPRENDE,00058,DARBINSON ANDRES GOMEZ CABRERA,20
2023,ASAMBLEA,41799,TELLO,07099,HUILA EMPRENDE,00059,DORIAN CORTES CALDERON,3
2023,ASAMBLEA,41799,TELLO,07099,HUILA EMPRENDE,00060,EDWIN HARVEY BARAJAS HERNANDEZ,15
2023,ASAMBLEA,41799,TELLO,07099,HUILA EMPRENDE,00061,OCTAVIO CABRERA CANTE,16
2023,ASAMBLEA,41799,TELLO,07099,HUILA EMPRENDE,00062,MAIRA JULIETH ORTIZ CRUZ,28
2023,ASAMBLEA,41799,TELLO,07892,ALMA DEL HUILA,00000,ALMA DEL HUILA,8
2023,ASAMBLEA,41799,TELLO,07892,ALMA DEL HUILA,00051,JOHN ALEXANDER TRUJILLO NINCO,12
2023,ASAMBLEA,41799,TELLO,07892,ALMA DEL HUILA,00052,ADAN ROJAS BARRETO,17
2023,ASAMBLEA,41799,TELLO,07892,ALMA DEL HUILA,00053,WILLIAM GONZALEZ HENAO,7
2023,ASAMBLEA,41799,TELLO,07892,ALMA DEL HUILA,00054,PEDRO NEL JIMENEZ STERLING,4
2023,ASAMBLEA,41799,TELLO,07892,ALMA DEL HUILA,00055,YENIFER GOMEZ QUINTERO,6
2023,ASAMBLEA,41799,TELLO,07892,ALMA DEL HUILA,00056,SINDAY CAMACHO TRUJILLO,2
2023,ASAMBLEA,41799,TELLO,07892,ALMA DEL HUILA,00057,YILEIDI CUBILLOS HERMIDA,2
2023,ASAMBLEA,41799,TELLO,07892,ALMA DEL HUILA,00058,KELLY YULIETH CASTAÑEDA GALINDO,1
2023,ASAMBLEA,41799,TELLO,07892,ALMA DEL HUILA,00059,DANIEL LEONARDO SANZ PERDOMO,5
2023,ASAMBLEA,41799,TELLO,07892,ALMA DEL HUILA,00060,IVAN ALFREDO CANGREJO TORRES,157
2023,ASAMBLEA,41799,TELLO,07892,ALMA DEL HUILA,00061,IVAN CORTES LOSADA,8
2023,ASAMBLEA,41799,TELLO,07892,ALMA DEL HUILA,00062,OMAR ORTIZ SEPULVEDA,9
2023,ASAMBLEA,41799,TELLO,08399,COAL. PARTIDO CENTRO DEMOCRATICO Y PARTIDO LIGA,00000,COAL. PARTIDO CENTRO DEMOCRATICO Y PARTIDO LIGA,9
2023,ASAMBLEA,41799,TELLO,08399,COAL. PARTIDO CENTRO DEMOCRATICO Y PARTIDO LIGA,00051,TATIANA SOLANO CABALLERO,46
2023,ASAMBLEA,41799,TELLO,08399,COAL. PARTIDO CENTRO DEMOCRATICO Y PARTIDO LIGA,00052,CARLOS ANDRES MOLINA OSORIO,10
2023,ASAMBLEA,41799,TELLO,08399,COAL. PARTIDO CENTRO DEMOCRATICO Y PARTIDO LIGA,00054,FRANKEL HERRERA DUSSAN,3
2023,ASAMBLEA,41799,TELLO,08399,COAL. PARTIDO CENTRO DEMOCRATICO Y PARTIDO LIGA,00055,TATIANA PATRICIA MENDEZ RAMOS,16
2023,ASAMBLEA,41799,TELLO,08399,COAL. PARTIDO CENTRO DEMOCRATICO Y PARTIDO LIGA,00056,ANDRES GARCIA MONTEALEGRE,8
2023,ASAMBLEA,41799,TELLO,08399,COAL. PARTIDO CENTRO DEMOCRATICO Y PARTIDO LIGA,00057,SONIA DEL PILAR CUELLAR CASTRO,19
2023,ASAMBLEA,41799,TELLO,08399,COAL. PARTIDO CENTRO DEMOCRATICO Y PARTIDO LIGA,00058,JHON HAROL SANCHEZ DELGADO,5
2023,ASAMBLEA,41799,TELLO,08399,COAL. PARTIDO CENTRO DEMOCRATICO Y PARTIDO LIGA,00059,MISAEL POBLADOR PEREZ,3
2023,ASAMBLEA,41799,TELLO,08399,COAL. PARTIDO CENTRO DEMOCRATICO Y PARTIDO LIGA,00060,SORLY ARIAS SANCHEZ,2
2023,ASAMBLEA,41799,TELLO,08399,COAL. PARTIDO CENTRO DEMOCRATICO Y PARTIDO LIGA,00061,JOSE FRANKLIN LOSADA CERQUERA,13
2023,ASAMBLEA,41799,TELLO,08399,COAL. PARTIDO CENTRO DEMOCRATICO Y PARTIDO LIGA,00062,YANDRY MILENA DIAZ CARVAJAL,31
2023,ASAMBLEA,41799,TELLO,08404,PACTOHISTORICO,00000,PACTOHISTORICO,23
2023,ASAMBLEA,41799,TELLO,08404,PACTOHISTORICO,00051,LUIS EDGAR GUTIERREZ GUTIERREZ,22
2023,ASAMBLEA,41799,TELLO,08404,PACTOHISTORICO,00052,LEONARDO VERA YARA,61
2023,ASAMBLEA,41799,TELLO,08404,PACTOHISTORICO,00053,JOSE IGNACIO MARROQUIN SANCHEZ,9
2023,ASAMBLEA,41799,TELLO,08404,PACTOHISTORICO,00054,LINDA PAOLA MEDINA CHARRY,47
2023,ASAMBLEA,41799,TELLO,08404,PACTOHISTORICO,00055,JUAN BAUTISTA MORERA MEDINA,17
2023,ASAMBLEA,41799,TELLO,08404,PACTOHISTORICO,00056,FRANK YULL FIERRO MAYORGA,31
2023,ASAMBLEA,41799,TELLO,08404,PACTOHISTORICO,00057,YESID CAMPOS SOTELO,5
2023,ASAMBLEA,41799,TELLO,08404,PACTOHISTORICO,00058,MERCEDES SANTOS POLANCO,2
2023,ASAMBLEA,41799,TELLO,08404,PACTOHISTORICO,00059,MARIA NELLY PULIDO HERNANDEZ,6
2023,ASAMBLEA,41799,TELLO,08404,PACTOHISTORICO,00060,FRANCISCO ISMAEL OLAYA OLAYA,11
2023,ASAMBLEA,41799,TELLO,08404,PACTOHISTORICO,00061,LEIDY TATIANA JAIMES HERNANDEZ,17
2023,ASAMBLEA,41799,TELLO,08404,PACTOHISTORICO,00062,ROBERTO CARLOS TOMBE TUNUBALA,49
2023,ASAMBLEA,41799,TELLO,08416,COALICIÓN PARTIDO DE LA U Y PARTIDO POLITICO MIRA,00000,COALICIÓN PARTIDO DE LA U Y PARTIDO POLITICO MIRA,42
2023,ASAMBLEA,41799,TELLO,08416,COALICIÓN PARTIDO DE LA U Y PARTIDO POLITICO MIRA,00051,JOSE LUIS CHAUX JOVEN,58
2023,ASAMBLEA,41799,TELLO,08416,COALICIÓN PARTIDO DE LA U Y PARTIDO POLITICO MIRA,00052,TANIA ANDREA NINCO ZUÑIGA,33
2023,ASAMBLEA,41799,TELLO,08416,COALICIÓN PARTIDO DE LA U Y PARTIDO POLITICO MIRA,00055,LUIS GUILLERMO CARDOZO,32
2023,ASAMBLEA,41799,TELLO,08416,COALICIÓN PARTIDO DE LA U Y PARTIDO POLITICO MIRA,00056,PATRICIA LUGO AVENDAÑO,15
2023,ASAMBLEA,41799,TELLO,08416,COALICIÓN PARTIDO DE LA U Y PARTIDO POLITICO MIRA,00059,ALVARO HERNANDO AMAYA VALENCIA,10
2023,ASAMBLEA,41799,TELLO,08416,COALICIÓN PARTIDO DE LA U Y PARTIDO POLITICO MIRA,00060,GRACE FERNANDA RADA RICO,22
2023,ASAMBLEA,41799,TELLO,08416,COALICIÓN PARTIDO DE LA U Y PARTIDO POLITICO MIRA,00061,EDISSON ANDRES PALMA CHAVEZ,76
2023,ASAMBLEA,41799,TELLO,08416,COALICIÓN PARTIDO DE LA U Y PARTIDO POLITICO MIRA,00062,NESTOR IVAN RODRIGUEZ ANDRADE,513
2023,ASAMBLEA,41801,TERUEL,00000,,00996,VOTOS EN BLANCO,333
2023,ASAMBLEA,41801,TERUEL,00000,,00997,VOTOS NULOS,83
2023,ASAMBLEA,41801,TERUEL,00000,,00998,VOTOS NO MARCADOS,582
2023,ASAMBLEA,41801,TERUEL,00001,PARTIDO LIBERAL COLOMBIANO,00000,PARTIDO LIBERAL COLOMBIANO,24
2023,ASAMBLEA,41801,TERUEL,00001,PARTIDO LIBERAL COLOMBIANO,00051,ALFADIL ORTIGOZA,129
2023,ASAMBLEA,41801,TERUEL,00001,PARTIDO LIBERAL COLOMBIANO,00052,MILTON GERARDO CORTES CUELLAR,44
2023,ASAMBLEA,41801,TERUEL,00001,PARTIDO LIBERAL COLOMBIANO,00053,ORLANDO IBAGON SANCHEZ,489
2023,ASAMBLEA,41801,TERUEL,00001,PARTIDO LIBERAL COLOMBIANO,00054,RAMIRO ADOLFO MUÑOZ CALDERON,31
2023,ASAMBLEA,41801,TERUEL,00001,PARTIDO LIBERAL COLOMBIANO,00055,VICTORIA EUGENIA CASTRO SILVA,45
2023,ASAMBLEA,41801,TERUEL,00001,PARTIDO LIBERAL COLOMBIANO,00056,OSCAR URIEL BRAVO DIAZ,79
2023,ASAMBLEA,41801,TERUEL,00001,PARTIDO LIBERAL COLOMBIANO,00057,CARLOS EDILSON POSADA MAYA,27
2023,ASAMBLEA,41801,TERUEL,00001,PARTIDO LIBERAL COLOMBIANO,00058,FABIO ARMANDO ORTIZ REYES,6
2023,ASAMBLEA,41801,TERUEL,00001,PARTIDO LIBERAL COLOMBIANO,00059,CLAUDIA PATRICIA CONDE VILLANEDA,1
2023,ASAMBLEA,41801,TERUEL,00001,PARTIDO LIBERAL COLOMBIANO,00060,ALEIDA SALINAS CAMPOS,20
2023,ASAMBLEA,41801,TERUEL,00001,PARTIDO LIBERAL COLOMBIANO,00061,ARELIS VARGAS ALVAREZ,5
2023,ASAMBLEA,41801,TERUEL,00001,PARTIDO LIBERAL COLOMBIANO,00062,SERGIO ANDRES TRUJILLO PERDOMO,225
2023,ASAMBLEA,41801,TERUEL,00002,PARTIDO CONSERVADOR COLOMBIANO,00000,PARTIDO CONSERVADOR COLOMBIANO,28
2023,ASAMBLEA,41801,TERUEL,00002,PARTIDO CONSERVADOR COLOMBIANO,00051,OMAR ALVARO ALEXIS DIAZ CUELLAR,250
2023,ASAMBLEA,41801,TERUEL,00002,PARTIDO CONSERVADOR COLOMBIANO,00052,NELSON JESUS MURCIA OME,100
2023,ASAMBLEA,41801,TERUEL,00002,PARTIDO CONSERVADOR COLOMBIANO,00053,MAURICIO CIFUENTES VELASQUEZ,10
2023,ASAMBLEA,41801,TERUEL,00002,PARTIDO CONSERVADOR COLOMBIANO,00054,NATALIA CASALLAS VANEGAS,9
2023,ASAMBLEA,41801,TERUEL,00002,PARTIDO CONSERVADOR COLOMBIANO,00055,ALENXANDRO SALAZAR LLANOS,47
2023,ASAMBLEA,41801,TERUEL,00002,PARTIDO CONSERVADOR COLOMBIANO,00056,SILVIO DANIEL VASQUEZ CORONADO,6
2023,ASAMBLEA,41801,TERUEL,00002,PARTIDO CONSERVADOR COLOMBIANO,00057,NORBERTO ANTONIO CASTAÑO BUITRAGO,116
2023,ASAMBLEA,41801,TERUEL,00002,PARTIDO CONSERVADOR COLOMBIANO,00058,DANIELA CHARRY MOSCOSO,5
2023,ASAMBLEA,41801,TERUEL,00002,PARTIDO CONSERVADOR COLOMBIANO,00059,CIELO ROCIO COLLAZOS CUTIVA,1
2023,ASAMBLEA,41801,TERUEL,00002,PARTIDO CONSERVADOR COLOMBIANO,00060,ANYELO SANDOVAL PEÑA,27
2023,ASAMBLEA,41801,TERUEL,00002,PARTIDO CONSERVADOR COLOMBIANO,00061,PAULA MELISSA TRUJILLO PEDROZA,13
2023,ASAMBLEA,41801,TERUEL,00002,PARTIDO CONSERVADOR COLOMBIANO,00062,WILMER EDUARDO ALVARADO MUÑOZ,310
2023,ASAMBLEA,41801,TERUEL,00004,PARTIDO ALIANZA VERDE,00000,PARTIDO ALIANZA VERDE,30
2023,ASAMBLEA,41801,TERUEL,00004,PARTIDO ALIANZA VERDE,00051,DIANA LORENA MONJE ALBARRACIN,116
2023,ASAMBLEA,41801,TERUEL,00004,PARTIDO ALIANZA VERDE,00052,OSCAR FERNANDO RAMIREZ PRADA,24
2023,ASAMBLEA,41801,TERUEL,00004,PARTIDO ALIANZA VERDE,00053,JUAN CAMILO FORERO CARDENAS,23
2023,ASAMBLEA,41801,TERUEL,00004,PARTIDO ALIANZA VERDE,00054,BLANCA EDITH MEDINA BOTACHE,20
2023,ASAMBLEA,41801,TERUEL,00004,PARTIDO ALIANZA VERDE,00055,VIRGILIO HUERGO GOMEZ,183
2023,ASAMBLEA,41801,TERUEL,00004,PARTIDO ALIANZA VERDE,00056,OSCAR IVAN LLANOS RODRIGUEZ,31
2023,ASAMBLEA,41801,TERUEL,00004,PARTIDO ALIANZA VERDE,00060,SHIRLEY ROCIO QUINTERO SANCHEZ,49
2023,ASAMBLEA,41801,TERUEL,00004,PARTIDO ALIANZA VERDE,00061,JOSE ARMANDO ACUÑA MOLINA,30
2023,ASAMBLEA,41801,TERUEL,00004,PARTIDO ALIANZA VERDE,00062,DIEGO FERNANDO PASCUAS ARIAS,38
2023,ASAMBLEA,41801,TERUEL,07099,HUILA EMPRENDE,00000,HUILA EMPRENDE,12
2023,ASAMBLEA,41801,TERUEL,07099,HUILA EMPRENDE,00051,CARLOS ARLEY STERLING CARDOZO,153
2023,ASAMBLEA,41801,TERUEL,07099,HUILA EMPRENDE,00052,YERALDYN SAENZ MUÑOZ,10
2023,ASAMBLEA,41801,TERUEL,07099,HUILA EMPRENDE,00053,MICHELL ALEJANDRA GONZALEZ OSPINA,19
2023,ASAMBLEA,41801,TERUEL,07099,HUILA EMPRENDE,00054,CECILIA CUELLAR LEDESMA,2
2023,ASAMBLEA,41801,TERUEL,07099,HUILA EMPRENDE,00055,WILFRED TRUJILLO TRUJILLO,20
2023,ASAMBLEA,41801,TERUEL,07099,HUILA EMPRENDE,00056,BENSAIR SILVA BERNAL,10
2023,ASAMBLEA,41801,TERUEL,07099,HUILA EMPRENDE,00057,EDGAR BONILLA RAMIREZ,78
2023,ASAMBLEA,41801,TERUEL,07099,HUILA EMPRENDE,00058,DARBINSON ANDRES GOMEZ CABRERA,7
2023,ASAMBLEA,41801,TERUEL,07099,HUILA EMPRENDE,00059,DORIAN CORTES CALDERON,5
2023,ASAMBLEA,41801,TERUEL,07099,HUILA EMPRENDE,00060,EDWIN HARVEY BARAJAS HERNANDEZ,304
2023,ASAMBLEA,41801,TERUEL,07099,HUILA EMPRENDE,00061,OCTAVIO CABRERA CANTE,40
2023,ASAMBLEA,41801,TERUEL,07099,HUILA EMPRENDE,00062,MAIRA JULIETH ORTIZ CRUZ,10
2023,ASAMBLEA,41801,TERUEL,07892,ALMA DEL HUILA,00000,ALMA DEL HUILA,8
2023,ASAMBLEA,41801,TERUEL,07892,ALMA DEL HUILA,00051,JOHN ALEXANDER TRUJILLO NINCO,105
2023,ASAMBLEA,41801,TERUEL,07892,ALMA DEL HUILA,00052,ADAN ROJAS BARRETO,31
2023,ASAMBLEA,41801,TERUEL,07892,ALMA DEL HUILA,00053,WILLIAM GONZALEZ HENAO,13
2023,ASAMBLEA,41801,TERUEL,07892,ALMA DEL HUILA,00054,PEDRO NEL JIMENEZ STERLING,1
2023,ASAMBLEA,41801,TERUEL,07892,ALMA DEL HUILA,00055,YENIFER GOMEZ QUINTERO,2
2023,ASAMBLEA,41801,TERUEL,07892,ALMA DEL HUILA,00056,SINDAY CAMACHO TRUJILLO,2
2023,ASAMBLEA,41801,TERUEL,07892,ALMA DEL HUILA,00057,YILEIDI CUBILLOS HERMIDA,3
2023,ASAMBLEA,41801,TERUEL,07892,ALMA DEL HUILA,00059,DANIEL LEONARDO SANZ PERDOMO,3
2023,ASAMBLEA,41801,TERUEL,07892,ALMA DEL HUILA,00060,IVAN ALFREDO CANGREJO TORRES,99
2023,ASAMBLEA,41801,TERUEL,07892,ALMA DEL HUILA,00061,IVAN CORTES LOSADA,27
2023,ASAMBLEA,41801,TERUEL,07892,ALMA DEL HUILA,00062,OMAR ORTIZ SEPULVEDA,6
2023,ASAMBLEA,41801,TERUEL,08399,COAL. PARTIDO CENTRO DEMOCRATICO Y PARTIDO LIGA,00000,COAL. PARTIDO CENTRO DEMOCRATICO Y PARTIDO LIGA,14
2023,ASAMBLEA,41801,TERUEL,08399,COAL. PARTIDO CENTRO DEMOCRATICO Y PARTIDO LIGA,00051,TATIANA SOLANO CABALLERO,24
2023,ASAMBLEA,41801,TERUEL,08399,COAL. PARTIDO CENTRO DEMOCRATICO Y PARTIDO LIGA,00052,CARLOS ANDRES MOLINA OSORIO,6
2023,ASAMBLEA,41801,TERUEL,08399,COAL. PARTIDO CENTRO DEMOCRATICO Y PARTIDO LIGA,00055,TATIANA PATRICIA MENDEZ RAMOS,5
2023,ASAMBLEA,41801,TERUEL,08399,COAL. PARTIDO CENTRO DEMOCRATICO Y PARTIDO LIGA,00056,ANDRES GARCIA MONTEALEGRE,7
2023,ASAMBLEA,41801,TERUEL,08399,COAL. PARTIDO CENTRO DEMOCRATICO Y PARTIDO LIGA,00057,SONIA DEL PILAR CUELLAR CASTRO,7
2023,ASAMBLEA,41801,TERUEL,08399,COAL. PARTIDO CENTRO DEMOCRATICO Y PARTIDO LIGA,00059,MISAEL POBLADOR PEREZ,2
2023,ASAMBLEA,41801,TERUEL,08399,COAL. PARTIDO CENTRO DEMOCRATICO Y PARTIDO LIGA,00060,SORLY ARIAS SANCHEZ,11
2023,ASAMBLEA,41801,TERUEL,08399,COAL. PARTIDO CENTRO DEMOCRATICO Y PARTIDO LIGA,00061,JOSE FRANKLIN LOSADA CERQUERA,7
2023,ASAMBLEA,41801,TERUEL,08399,COAL. PARTIDO CENTRO DEMOCRATICO Y PARTIDO LIGA,00062,YANDRY MILENA DIAZ CARVAJAL,3
2023,ASAMBLEA,41801,TERUEL,08404,PACTOHISTORICO,00000,PACTOHISTORICO,8
2023,ASAMBLEA,41801,TERUEL,08404,PACTOHISTORICO,00051,LUIS EDGAR GUTIERREZ GUTIERREZ,10
2023,ASAMBLEA,41801,TERUEL,08404,PACTOHISTORICO,00052,LEONARDO VERA YARA,14
2023,ASAMBLEA,41801,TERUEL,08404,PACTOHISTORICO,00053,JOSE IGNACIO MARROQUIN SANCHEZ,6
2023,ASAMBLEA,41801,TERUEL,08404,PACTOHISTORICO,00054,LINDA PAOLA MEDINA CHARRY,1
2023,ASAMBLEA,41801,TERUEL,08404,PACTOHISTORICO,00055,JUAN BAUTISTA MORERA MEDINA,3
2023,ASAMBLEA,41801,TERUEL,08404,PACTOHISTORICO,00056,FRANK YULL FIERRO MAYORGA,6
2023,ASAMBLEA,41801,TERUEL,08404,PACTOHISTORICO,00057,YESID CAMPOS SOTELO,3
2023,ASAMBLEA,41801,TERUEL,08404,PACTOHISTORICO,00059,MARIA NELLY PULIDO HERNANDEZ,8
2023,ASAMBLEA,41801,TERUEL,08404,PACTOHISTORICO,00060,FRANCISCO ISMAEL OLAYA OLAYA,19
2023,ASAMBLEA,41801,TERUEL,08404,PACTOHISTORICO,00061,LEIDY TATIANA JAIMES HERNANDEZ,1
2023,ASAMBLEA,41801,TERUEL,08404,PACTOHISTORICO,00062,ROBERTO CARLOS TOMBE TUNUBALA,2
2023,ASAMBLEA,41801,TERUEL,08416,COALICIÓN PARTIDO DE LA U Y PARTIDO POLITICO MIRA,00000,COALICIÓN PARTIDO DE LA U Y PARTIDO POLITICO MIRA,7
2023,ASAMBLEA,41801,TERUEL,08416,COALICIÓN PARTIDO DE LA U Y PARTIDO POLITICO MIRA,00051,JOSE LUIS CHAUX JOVEN,13
2023,ASAMBLEA,41801,TERUEL,08416,COALICIÓN PARTIDO DE LA U Y PARTIDO POLITICO MIRA,00052,TANIA ANDREA NINCO ZUÑIGA,4
2023,ASAMBLEA,41801,TERUEL,08416,COALICIÓN PARTIDO DE LA U Y PARTIDO POLITICO MIRA,00055,LUIS GUILLERMO CARDOZO,3
2023,ASAMBLEA,41801,TERUEL,08416,COALICIÓN PARTIDO DE LA U Y PARTIDO POLITICO MIRA,00056,PATRICIA LUGO AVENDAÑO,4
2023,ASAMBLEA,41801,TERUEL,08416,COALICIÓN PARTIDO DE LA U Y PARTIDO POLITICO MIRA,00059,ALVARO HERNANDO AMAYA VALENCIA,2
2023,ASAMBLEA,41801,TERUEL,08416,COALICIÓN PARTIDO DE LA U Y PARTIDO POLITICO MIRA,00060,GRACE FERNANDA RADA RICO,4
2023,ASAMBLEA,41801,TERUEL,08416,COALICIÓN PARTIDO DE LA U Y PARTIDO POLITICO MIRA,00061,EDISSON ANDRES PALMA CHAVEZ,5
2023,ASAMBLEA,41801,TERUEL,08416,COALICIÓN PARTIDO DE LA U Y PARTIDO POLITICO MIRA,00062,NESTOR IVAN RODRIGUEZ ANDRADE,48
2023,ASAMBLEA,41807,TIMANÁ,00000,,00996,VOTOS EN BLANCO,1297
2023,ASAMBLEA,41807,TIMANÁ,00000,,00997,VOTOS NULOS,325
2023,ASAMBLEA,41807,TIMANÁ,00000,,00998,VOTOS NO MARCADOS,2188
2023,ASAMBLEA,41807,TIMANÁ,00001,PARTIDO LIBERAL COLOMBIANO,00000,PARTIDO LIBERAL COLOMBIANO,94
2023,ASAMBLEA,41807,TIMANÁ,00001,PARTIDO LIBERAL COLOMBIANO,00051,ALFADIL ORTIGOZA,276
2023,ASAMBLEA,41807,TIMANÁ,00001,PARTIDO LIBERAL COLOMBIANO,00052,MILTON GERARDO CORTES CUELLAR,71
2023,ASAMBLEA,41807,TIMANÁ,00001,PARTIDO LIBERAL COLOMBIANO,00053,ORLANDO IBAGON SANCHEZ,167
2023,ASAMBLEA,41807,TIMANÁ,00001,PARTIDO LIBERAL COLOMBIANO,00054,RAMIRO ADOLFO MUÑOZ CALDERON,49
2023,ASAMBLEA,41807,TIMANÁ,00001,PARTIDO LIBERAL COLOMBIANO,00055,VICTORIA EUGENIA CASTRO SILVA,254
2023,ASAMBLEA,41807,TIMANÁ,00001,PARTIDO LIBERAL COLOMBIANO,00056,OSCAR URIEL BRAVO DIAZ,107
2023,ASAMBLEA,41807,TIMANÁ,00001,PARTIDO LIBERAL COLOMBIANO,00057,CARLOS EDILSON POSADA MAYA,34
2023,ASAMBLEA,41807,TIMANÁ,00001,PARTIDO LIBERAL COLOMBIANO,00058,FABIO ARMANDO ORTIZ REYES,19
2023,ASAMBLEA,41807,TIMANÁ,00001,PARTIDO LIBERAL COLOMBIANO,00059,CLAUDIA PATRICIA CONDE VILLANEDA,8
2023,ASAMBLEA,41807,TIMANÁ,00001,PARTIDO LIBERAL COLOMBIANO,00060,ALEIDA SALINAS CAMPOS,13
2023,ASAMBLEA,41807,TIMANÁ,00001,PARTIDO LIBERAL COLOMBIANO,00061,ARELIS VARGAS ALVAREZ,16
2023,ASAMBLEA,41807,TIMANÁ,00001,PARTIDO LIBERAL COLOMBIANO,00062,SERGIO ANDRES TRUJILLO PERDOMO,333
2023,ASAMBLEA,41807,TIMANÁ,00002,PARTIDO CONSERVADOR COLOMBIANO,00000,PARTIDO CONSERVADOR COLOMBIANO,144
2023,ASAMBLEA,41807,TIMANÁ,00002,PARTIDO CONSERVADOR COLOMBIANO,00051,OMAR ALVARO ALEXIS DIAZ CUELLAR,212
2023,ASAMBLEA,41807,TIMANÁ,00002,PARTIDO CONSERVADOR COLOMBIANO,00052,NELSON JESUS MURCIA OME,85
2023,ASAMBLEA,41807,TIMANÁ,00002,PARTIDO CONSERVADOR COLOMBIANO,00053,MAURICIO CIFUENTES VELASQUEZ,15
2023,ASAMBLEA,41807,TIMANÁ,00002,PARTIDO CONSERVADOR COLOMBIANO,00054,NATALIA CASALLAS VANEGAS,18
2023,ASAMBLEA,41807,TIMANÁ,00002,PARTIDO CONSERVADOR COLOMBIANO,00055,ALENXANDRO SALAZAR LLANOS,43
2023,ASAMBLEA,41807,TIMANÁ,00002,PARTIDO CONSERVADOR COLOMBIANO,00056,SILVIO DANIEL VASQUEZ CORONADO,27
2023,ASAMBLEA,41807,TIMANÁ,00002,PARTIDO CONSERVADOR COLOMBIANO,00057,NORBERTO ANTONIO CASTAÑO BUITRAGO,30
2023,ASAMBLEA,41807,TIMANÁ,00002,PARTIDO CONSERVADOR COLOMBIANO,00058,DANIELA CHARRY MOSCOSO,5
2023,ASAMBLEA,41807,TIMANÁ,00002,PARTIDO CONSERVADOR COLOMBIANO,00059,CIELO ROCIO COLLAZOS CUTIVA,4
2023,ASAMBLEA,41807,TIMANÁ,00002,PARTIDO CONSERVADOR COLOMBIANO,00060,ANYELO SANDOVAL PEÑA,349
2023,ASAMBLEA,41807,TIMANÁ,00002,PARTIDO CONSERVADOR COLOMBIANO,00061,PAULA MELISSA TRUJILLO PEDROZA,20
2023,ASAMBLEA,41807,TIMANÁ,00002,PARTIDO CONSERVADOR COLOMBIANO,00062,WILMER EDUARDO ALVARADO MUÑOZ,287
2023,ASAMBLEA,41807,TIMANÁ,00004,PARTIDO ALIANZA VERDE,00000,PARTIDO ALIANZA VERDE,170
2023,ASAMBLEA,41807,TIMANÁ,00004,PARTIDO ALIANZA VERDE,00051,DIANA LORENA MONJE ALBARRACIN,334
2023,ASAMBLEA,41807,TIMANÁ,00004,PARTIDO ALIANZA VERDE,00052,OSCAR FERNANDO RAMIREZ PRADA,71
2023,ASAMBLEA,41807,TIMANÁ,00004,PARTIDO ALIANZA VERDE,00053,JUAN CAMILO FORERO CARDENAS,808
2023,ASAMBLEA,41807,TIMANÁ,00004,PARTIDO ALIANZA VERDE,00054,BLANCA EDITH MEDINA BOTACHE,39
2023,ASAMBLEA,41807,TIMANÁ,00004,PARTIDO ALIANZA VERDE,00055,VIRGILIO HUERGO GOMEZ,88
2023,ASAMBLEA,41807,TIMANÁ,00004,PARTIDO ALIANZA VERDE,00056,OSCAR IVAN LLANOS RODRIGUEZ,53
2023,ASAMBLEA,41807,TIMANÁ,00004,PARTIDO ALIANZA VERDE,00060,SHIRLEY ROCIO QUINTERO SANCHEZ,47
2023,ASAMBLEA,41807,TIMANÁ,00004,PARTIDO ALIANZA VERDE,00061,JOSE ARMANDO ACUÑA MOLINA,427
2023,ASAMBLEA,41807,TIMANÁ,00004,PARTIDO ALIANZA VERDE,00062,DIEGO FERNANDO PASCUAS ARIAS,72
2023,ASAMBLEA,41807,TIMANÁ,07099,HUILA EMPRENDE,00000,HUILA EMPRENDE,33
2023,ASAMBLEA,41807,TIMANÁ,07099,HUILA EMPRENDE,00051,CARLOS ARLEY STERLING CARDOZO,88
2023,ASAMBLEA,41807,TIMANÁ,07099,HUILA EMPRENDE,00052,YERALDYN SAENZ MUÑOZ,12
2023,ASAMBLEA,41807,TIMANÁ,07099,HUILA EMPRENDE,00053,MICHELL ALEJANDRA GONZALEZ OSPINA,5
2023,ASAMBLEA,41807,TIMANÁ,07099,HUILA EMPRENDE,00054,CECILIA CUELLAR LEDESMA,7
2023,ASAMBLEA,41807,TIMANÁ,07099,HUILA EMPRENDE,00055,WILFRED TRUJILLO TRUJILLO,294
2023,ASAMBLEA,41807,TIMANÁ,07099,HUILA EMPRENDE,00056,BENSAIR SILVA BERNAL,18
2023,ASAMBLEA,41807,TIMANÁ,07099,HUILA EMPRENDE,00057,EDGAR BONILLA RAMIREZ,24
2023,ASAMBLEA,41807,TIMANÁ,07099,HUILA EMPRENDE,00058,DARBINSON ANDRES GOMEZ CABRERA,5
2023,ASAMBLEA,41807,TIMANÁ,07099,HUILA EMPRENDE,00059,DORIAN CORTES CALDERON,2
2023,ASAMBLEA,41807,TIMANÁ,07099,HUILA EMPRENDE,00060,EDWIN HARVEY BARAJAS HERNANDEZ,52
2023,ASAMBLEA,41807,TIMANÁ,07099,HUILA EMPRENDE,00061,OCTAVIO CABRERA CANTE,86
2023,ASAMBLEA,41807,TIMANÁ,07099,HUILA EMPRENDE,00062,MAIRA JULIETH ORTIZ CRUZ,7
2023,ASAMBLEA,41807,TIMANÁ,07892,ALMA DEL HUILA,00000,ALMA DEL HUILA,56
2023,ASAMBLEA,41807,TIMANÁ,07892,ALMA DEL HUILA,00051,JOHN ALEXANDER TRUJILLO NINCO,29
2023,ASAMBLEA,41807,TIMANÁ,07892,ALMA DEL HUILA,00052,ADAN ROJAS BARRETO,31
2023,ASAMBLEA,41807,TIMANÁ,07892,ALMA DEL HUILA,00053,WILLIAM GONZALEZ HENAO,50
2023,ASAMBLEA,41807,TIMANÁ,07892,ALMA DEL HUILA,00054,PEDRO NEL JIMENEZ STERLING,712
2023,ASAMBLEA,41807,TIMANÁ,07892,ALMA DEL HUILA,00055,YENIFER GOMEZ QUINTERO,20
2023,ASAMBLEA,41807,TIMANÁ,07892,ALMA DEL HUILA,00056,SINDAY CAMACHO TRUJILLO,14
2023,ASAMBLEA,41807,TIMANÁ,07892,ALMA DEL HUILA,00057,YILEIDI CUBILLOS HERMIDA,18
2023,ASAMBLEA,41807,TIMANÁ,07892,ALMA DEL HUILA,00058,KELLY YULIETH CASTAÑEDA GALINDO,13
2023,ASAMBLEA,41807,TIMANÁ,07892,ALMA DEL HUILA,00059,DANIEL LEONARDO SANZ PERDOMO,7
2023,ASAMBLEA,41807,TIMANÁ,07892,ALMA DEL HUILA,00060,IVAN ALFREDO CANGREJO TORRES,90
2023,ASAMBLEA,41807,TIMANÁ,07892,ALMA DEL HUILA,00061,IVAN CORTES LOSADA,3
2023,ASAMBLEA,41807,TIMANÁ,07892,ALMA DEL HUILA,00062,OMAR ORTIZ SEPULVEDA,8
2023,ASAMBLEA,41807,TIMANÁ,08399,COAL. PARTIDO CENTRO DEMOCRATICO Y PARTIDO LIGA,00000,COAL. PARTIDO CENTRO DEMOCRATICO Y PARTIDO LIGA,66
2023,ASAMBLEA,41807,TIMANÁ,08399,COAL. PARTIDO CENTRO DEMOCRATICO Y PARTIDO LIGA,00051,TATIANA SOLANO CABALLERO,70
2023,ASAMBLEA,41807,TIMANÁ,08399,COAL. PARTIDO CENTRO DEMOCRATICO Y PARTIDO LIGA,00052,CARLOS ANDRES MOLINA OSORIO,20
2023,ASAMBLEA,41807,TIMANÁ,08399,COAL. PARTIDO CENTRO DEMOCRATICO Y PARTIDO LIGA,00054,FRANKEL HERRERA DUSSAN,18
2023,ASAMBLEA,41807,TIMANÁ,08399,COAL. PARTIDO CENTRO DEMOCRATICO Y PARTIDO LIGA,00055,TATIANA PATRICIA MENDEZ RAMOS,119
2023,ASAMBLEA,41807,TIMANÁ,08399,COAL. PARTIDO CENTRO DEMOCRATICO Y PARTIDO LIGA,00056,ANDRES GARCIA MONTEALEGRE,23
2023,ASAMBLEA,41807,TIMANÁ,08399,COAL. PARTIDO CENTRO DEMOCRATICO Y PARTIDO LIGA,00057,SONIA DEL PILAR CUELLAR CASTRO,69
2023,ASAMBLEA,41807,TIMANÁ,08399,COAL. PARTIDO CENTRO DEMOCRATICO Y PARTIDO LIGA,00058,JHON HAROL SANCHEZ DELGADO,12
2023,ASAMBLEA,41807,TIMANÁ,08399,COAL. PARTIDO CENTRO DEMOCRATICO Y PARTIDO LIGA,00059,MISAEL POBLADOR PEREZ,9
2023,ASAMBLEA,41807,TIMANÁ,08399,COAL. PARTIDO CENTRO DEMOCRATICO Y PARTIDO LIGA,00060,SORLY ARIAS SANCHEZ,13
2023,ASAMBLEA,41807,TIMANÁ,08399,COAL. PARTIDO CENTRO DEMOCRATICO Y PARTIDO LIGA,00061,JOSE FRANKLIN LOSADA CERQUERA,19
2023,ASAMBLEA,41807,TIMANÁ,08399,COAL. PARTIDO CENTRO DEMOCRATICO Y PARTIDO LIGA,00062,YANDRY MILENA DIAZ CARVAJAL,14
2023,ASAMBLEA,41807,TIMANÁ,08404,PACTOHISTORICO,00000,PACTOHISTORICO,30
2023,ASAMBLEA,41807,TIMANÁ,08404,PACTOHISTORICO,00051,LUIS EDGAR GUTIERREZ GUTIERREZ,48
2023,ASAMBLEA,41807,TIMANÁ,08404,PACTOHISTORICO,00052,LEONARDO VERA YARA,22
2023,ASAMBLEA,41807,TIMANÁ,08404,PACTOHISTORICO,00053,JOSE IGNACIO MARROQUIN SANCHEZ,13
2023,ASAMBLEA,41807,TIMANÁ,08404,PACTOHISTORICO,00054,LINDA PAOLA MEDINA CHARRY,6
2023,ASAMBLEA,41807,TIMANÁ,08404,PACTOHISTORICO,00055,JUAN BAUTISTA MORERA MEDINA,23
2023,ASAMBLEA,41807,TIMANÁ,08404,PACTOHISTORICO,00056,FRANK YULL FIERRO MAYORGA,18
2023,ASAMBLEA,41807,TIMANÁ,08404,PACTOHISTORICO,00057,YESID CAMPOS SOTELO,10
2023,ASAMBLEA,41807,TIMANÁ,08404,PACTOHISTORICO,00058,MERCEDES SANTOS POLANCO,2
2023,ASAMBLEA,41807,TIMANÁ,08404,PACTOHISTORICO,00059,MARIA NELLY PULIDO HERNANDEZ,13
2023,ASAMBLEA,41807,TIMANÁ,08404,PACTOHISTORICO,00060,FRANCISCO ISMAEL OLAYA OLAYA,7
2023,ASAMBLEA,41807,TIMANÁ,08404,PACTOHISTORICO,00061,LEIDY TATIANA JAIMES HERNANDEZ,37
2023,ASAMBLEA,41807,TIMANÁ,08404,PACTOHISTORICO,00062,ROBERTO CARLOS TOMBE TUNUBALA,23
2023,ASAMBLEA,41807,TIMANÁ,08416,COALICIÓN PARTIDO DE LA U Y PARTIDO POLITICO MIRA,00000,COALICIÓN PARTIDO DE LA U Y PARTIDO POLITICO MIRA,23
2023,ASAMBLEA,41807,TIMANÁ,08416,COALICIÓN PARTIDO DE LA U Y PARTIDO POLITICO MIRA,00051,JOSE LUIS CHAUX JOVEN,30
2023,ASAMBLEA,41807,TIMANÁ,08416,COALICIÓN PARTIDO DE LA U Y PARTIDO POLITICO MIRA,00052,TANIA ANDREA NINCO ZUÑIGA,11
2023,ASAMBLEA,41807,TIMANÁ,08416,COALICIÓN PARTIDO DE LA U Y PARTIDO POLITICO MIRA,00055,LUIS GUILLERMO CARDOZO,3
2023,ASAMBLEA,41807,TIMANÁ,08416,COALICIÓN PARTIDO DE LA U Y PARTIDO POLITICO MIRA,00056,PATRICIA LUGO AVENDAÑO,1
2023,ASAMBLEA,41807,TIMANÁ,08416,COALICIÓN PARTIDO DE LA U Y PARTIDO POLITICO MIRA,00059,ALVARO HERNANDO AMAYA VALENCIA,6
2023,ASAMBLEA,41807,TIMANÁ,08416,COALICIÓN PARTIDO DE LA U Y PARTIDO POLITICO MIRA,00060,GRACE FERNANDA RADA RICO,8
2023,ASAMBLEA,41807,TIMANÁ,08416,COALICIÓN PARTIDO DE LA U Y PARTIDO POLITICO MIRA,00061,EDISSON ANDRES PALMA CHAVEZ,29
2023,ASAMBLEA,41807,TIMANÁ,08416,COALICIÓN PARTIDO DE LA U Y PARTIDO POLITICO MIRA,00062,NESTOR IVAN RODRIGUEZ ANDRADE,92
2023,ASAMBLEA,41872,VILLAVIEJA,00000,,00996,VOTOS EN BLANCO,432
2023,ASAMBLEA,41872,VILLAVIEJA,00000,,00997,VOTOS NULOS,177
2023,ASAMBLEA,41872,VILLAVIEJA,00000,,00998,VOTOS NO MARCADOS,896
2023,ASAMBLEA,41872,VILLAVIEJA,00001,PARTIDO LIBERAL COLOMBIANO,00000,PARTIDO LIBERAL COLOMBIANO,59
2023,ASAMBLEA,41872,VILLAVIEJA,00001,PARTIDO LIBERAL COLOMBIANO,00051,ALFADIL ORTIGOZA,223
2023,ASAMBLEA,41872,VILLAVIEJA,00001,PARTIDO LIBERAL COLOMBIANO,00052,MILTON GERARDO CORTES CUELLAR,68
2023,ASAMBLEA,41872,VILLAVIEJA,00001,PARTIDO LIBERAL COLOMBIANO,00053,ORLANDO IBAGON SANCHEZ,18
2023,ASAMBLEA,41872,VILLAVIEJA,00001,PARTIDO LIBERAL COLOMBIANO,00054,RAMIRO ADOLFO MUÑOZ CALDERON,29
2023,ASAMBLEA,41872,VILLAVIEJA,00001,PARTIDO LIBERAL COLOMBIANO,00055,VICTORIA EUGENIA CASTRO SILVA,100
2023,ASAMBLEA,41872,VILLAVIEJA,00001,PARTIDO LIBERAL COLOMBIANO,00056,OSCAR URIEL BRAVO DIAZ,36
2023,ASAMBLEA,41872,VILLAVIEJA,00001,PARTIDO LIBERAL COLOMBIANO,00057,CARLOS EDILSON POSADA MAYA,13
2023,ASAMBLEA,41872,VILLAVIEJA,00001,PARTIDO LIBERAL COLOMBIANO,00058,FABIO ARMANDO ORTIZ REYES,5
2023,ASAMBLEA,41872,VILLAVIEJA,00001,PARTIDO LIBERAL COLOMBIANO,00059,CLAUDIA PATRICIA CONDE VILLANEDA,9
2023,ASAMBLEA,41872,VILLAVIEJA,00001,PARTIDO LIBERAL COLOMBIANO,00060,ALEIDA SALINAS CAMPOS,9
2023,ASAMBLEA,41872,VILLAVIEJA,00001,PARTIDO LIBERAL COLOMBIANO,00061,ARELIS VARGAS ALVAREZ,17
2023,ASAMBLEA,41872,VILLAVIEJA,00001,PARTIDO LIBERAL COLOMBIANO,00062,SERGIO ANDRES TRUJILLO PERDOMO,197
2023,ASAMBLEA,41872,VILLAVIEJA,00002,PARTIDO CONSERVADOR COLOMBIANO,00000,PARTIDO CONSERVADOR COLOMBIANO,18
2023,ASAMBLEA,41872,VILLAVIEJA,00002,PARTIDO CONSERVADOR COLOMBIANO,00051,OMAR ALVARO ALEXIS DIAZ CUELLAR,55
2023,ASAMBLEA,41872,VILLAVIEJA,00002,PARTIDO CONSERVADOR COLOMBIANO,00052,NELSON JESUS MURCIA OME,54
2023,ASAMBLEA,41872,VILLAVIEJA,00002,PARTIDO CONSERVADOR COLOMBIANO,00053,MAURICIO CIFUENTES VELASQUEZ,8
2023,ASAMBLEA,41872,VILLAVIEJA,00002,PARTIDO CONSERVADOR COLOMBIANO,00054,NATALIA CASALLAS VANEGAS,4
2023,ASAMBLEA,41872,VILLAVIEJA,00002,PARTIDO CONSERVADOR COLOMBIANO,00055,ALENXANDRO SALAZAR LLANOS,20
2023,ASAMBLEA,41872,VILLAVIEJA,00002,PARTIDO CONSERVADOR COLOMBIANO,00056,SILVIO DANIEL VASQUEZ CORONADO,11
2023,ASAMBLEA,41872,VILLAVIEJA,00002,PARTIDO CONSERVADOR COLOMBIANO,00057,NORBERTO ANTONIO CASTAÑO BUITRAGO,19
2023,ASAMBLEA,41872,VILLAVIEJA,00002,PARTIDO CONSERVADOR COLOMBIANO,00058,DANIELA CHARRY MOSCOSO,1
2023,ASAMBLEA,41872,VILLAVIEJA,00002,PARTIDO CONSERVADOR COLOMBIANO,00059,CIELO ROCIO COLLAZOS CUTIVA,1
2023,ASAMBLEA,41872,VILLAVIEJA,00002,PARTIDO CONSERVADOR COLOMBIANO,00060,ANYELO SANDOVAL PEÑA,17
2023,ASAMBLEA,41872,VILLAVIEJA,00002,PARTIDO CONSERVADOR COLOMBIANO,00061,PAULA MELISSA TRUJILLO PEDROZA,3
2023,ASAMBLEA,41872,VILLAVIEJA,00002,PARTIDO CONSERVADOR COLOMBIANO,00062,WILMER EDUARDO ALVARADO MUÑOZ,85
2023,ASAMBLEA,41872,VILLAVIEJA,00004,PARTIDO ALIANZA VERDE,00000,PARTIDO ALIANZA VERDE,30
2023,ASAMBLEA,41872,VILLAVIEJA,00004,PARTIDO ALIANZA VERDE,00051,DIANA LORENA MONJE ALBARRACIN,130
2023,ASAMBLEA,41872,VILLAVIEJA,00004,PARTIDO ALIANZA VERDE,00052,OSCAR FERNANDO RAMIREZ PRADA,36
2023,ASAMBLEA,41872,VILLAVIEJA,00004,PARTIDO ALIANZA VERDE,00053,JUAN CAMILO FORERO CARDENAS,4
2023,ASAMBLEA,41872,VILLAVIEJA,00004,PARTIDO ALIANZA VERDE,00054,BLANCA EDITH MEDINA BOTACHE,14
2023,ASAMBLEA,41872,VILLAVIEJA,00004,PARTIDO ALIANZA VERDE,00055,VIRGILIO HUERGO GOMEZ,139
2023,ASAMBLEA,41872,VILLAVIEJA,00004,PARTIDO ALIANZA VERDE,00056,OSCAR IVAN LLANOS RODRIGUEZ,14
2023,ASAMBLEA,41872,VILLAVIEJA,00004,PARTIDO ALIANZA VERDE,00060,SHIRLEY ROCIO QUINTERO SANCHEZ,5
2023,ASAMBLEA,41872,VILLAVIEJA,00004,PARTIDO ALIANZA VERDE,00061,JOSE ARMANDO ACUÑA MOLINA,120
2023,ASAMBLEA,41872,VILLAVIEJA,00004,PARTIDO ALIANZA VERDE,00062,DIEGO FERNANDO PASCUAS ARIAS,26
2023,ASAMBLEA,41872,VILLAVIEJA,07099,HUILA EMPRENDE,00000,HUILA EMPRENDE,8
2023,ASAMBLEA,41872,VILLAVIEJA,07099,HUILA EMPRENDE,00051,CARLOS ARLEY STERLING CARDOZO,143
2023,ASAMBLEA,41872,VILLAVIEJA,07099,HUILA EMPRENDE,00052,YERALDYN SAENZ MUÑOZ,30
2023,ASAMBLEA,41872,VILLAVIEJA,07099,HUILA EMPRENDE,00053,MICHELL ALEJANDRA GONZALEZ OSPINA,5
2023,ASAMBLEA,41872,VILLAVIEJA,07099,HUILA EMPRENDE,00054,CECILIA CUELLAR LEDESMA,1
2023,ASAMBLEA,41872,VILLAVIEJA,07099,HUILA EMPRENDE,00055,WILFRED TRUJILLO TRUJILLO,63
2023,ASAMBLEA,41872,VILLAVIEJA,07099,HUILA EMPRENDE,00056,BENSAIR SILVA BERNAL,3
2023,ASAMBLEA,41872,VILLAVIEJA,07099,HUILA EMPRENDE,00057,EDGAR BONILLA RAMIREZ,5
2023,ASAMBLEA,41872,VILLAVIEJA,07099,HUILA EMPRENDE,00058,DARBINSON ANDRES GOMEZ CABRERA,14
2023,ASAMBLEA,41872,VILLAVIEJA,07099,HUILA EMPRENDE,00059,DORIAN CORTES CALDERON,1
2023,ASAMBLEA,41872,VILLAVIEJA,07099,HUILA EMPRENDE,00060,EDWIN HARVEY BARAJAS HERNANDEZ,3
2023,ASAMBLEA,41872,VILLAVIEJA,07099,HUILA EMPRENDE,00061,OCTAVIO CABRERA CANTE,25
2023,ASAMBLEA,41872,VILLAVIEJA,07099,HUILA EMPRENDE,00062,MAIRA JULIETH ORTIZ CRUZ,3
2023,ASAMBLEA,41872,VILLAVIEJA,07892,ALMA DEL HUILA,00000,ALMA DEL HUILA,4
2023,ASAMBLEA,41872,VILLAVIEJA,07892,ALMA DEL HUILA,00051,JOHN ALEXANDER TRUJILLO NINCO,3
2023,ASAMBLEA,41872,VILLAVIEJA,07892,ALMA DEL HUILA,00053,WILLIAM GONZALEZ HENAO,3
2023,ASAMBLEA,41872,VILLAVIEJA,07892,ALMA DEL HUILA,00055,YENIFER GOMEZ QUINTERO,3
2023,ASAMBLEA,41872,VILLAVIEJA,07892,ALMA DEL HUILA,00056,SINDAY CAMACHO TRUJILLO,2
2023,ASAMBLEA,41872,VILLAVIEJA,07892,ALMA DEL HUILA,00057,YILEIDI CUBILLOS HERMIDA,1
2023,ASAMBLEA,41872,VILLAVIEJA,07892,ALMA DEL HUILA,00059,DANIEL LEONARDO SANZ PERDOMO,15
2023,ASAMBLEA,41872,VILLAVIEJA,07892,ALMA DEL HUILA,00060,IVAN ALFREDO CANGREJO TORRES,53
2023,ASAMBLEA,41872,VILLAVIEJA,07892,ALMA DEL HUILA,00061,IVAN CORTES LOSADA,10
2023,ASAMBLEA,41872,VILLAVIEJA,07892,ALMA DEL HUILA,00062,OMAR ORTIZ SEPULVEDA,1
2023,ASAMBLEA,41872,VILLAVIEJA,08399,COAL. PARTIDO CENTRO DEMOCRATICO Y PARTIDO LIGA,00000,COAL. PARTIDO CENTRO DEMOCRATICO Y PARTIDO LIGA,16
2023,ASAMBLEA,41872,VILLAVIEJA,08399,COAL. PARTIDO CENTRO DEMOCRATICO Y PARTIDO LIGA,00051,TATIANA SOLANO CABALLERO,30
2023,ASAMBLEA,41872,VILLAVIEJA,08399,COAL. PARTIDO CENTRO DEMOCRATICO Y PARTIDO LIGA,00052,CARLOS ANDRES MOLINA OSORIO,22
2023,ASAMBLEA,41872,VILLAVIEJA,08399,COAL. PARTIDO CENTRO DEMOCRATICO Y PARTIDO LIGA,00054,FRANKEL HERRERA DUSSAN,1
2023,ASAMBLEA,41872,VILLAVIEJA,08399,COAL. PARTIDO CENTRO DEMOCRATICO Y PARTIDO LIGA,00055,TATIANA PATRICIA MENDEZ RAMOS,18
2023,ASAMBLEA,41872,VILLAVIEJA,08399,COAL. PARTIDO CENTRO DEMOCRATICO Y PARTIDO LIGA,00056,ANDRES GARCIA MONTEALEGRE,7
2023,ASAMBLEA,41872,VILLAVIEJA,08399,COAL. PARTIDO CENTRO DEMOCRATICO Y PARTIDO LIGA,00057,SONIA DEL PILAR CUELLAR CASTRO,11
2023,ASAMBLEA,41872,VILLAVIEJA,08399,COAL. PARTIDO CENTRO DEMOCRATICO Y PARTIDO LIGA,00058,JHON HAROL SANCHEZ DELGADO,3
2023,ASAMBLEA,41872,VILLAVIEJA,08399,COAL. PARTIDO CENTRO DEMOCRATICO Y PARTIDO LIGA,00059,MISAEL POBLADOR PEREZ,3
2023,ASAMBLEA,41872,VILLAVIEJA,08399,COAL. PARTIDO CENTRO DEMOCRATICO Y PARTIDO LIGA,00060,SORLY ARIAS SANCHEZ,4
2023,ASAMBLEA,41872,VILLAVIEJA,08399,COAL. PARTIDO CENTRO DEMOCRATICO Y PARTIDO LIGA,00061,JOSE FRANKLIN LOSADA CERQUERA,1
2023,ASAMBLEA,41872,VILLAVIEJA,08399,COAL. PARTIDO CENTRO DEMOCRATICO Y PARTIDO LIGA,00062,YANDRY MILENA DIAZ CARVAJAL,7
2023,ASAMBLEA,41872,VILLAVIEJA,08404,PACTOHISTORICO,00000,PACTOHISTORICO,22
2023,ASAMBLEA,41872,VILLAVIEJA,08404,PACTOHISTORICO,00051,LUIS EDGAR GUTIERREZ GUTIERREZ,75
2023,ASAMBLEA,41872,VILLAVIEJA,08404,PACTOHISTORICO,00052,LEONARDO VERA YARA,1286
2023,ASAMBLEA,41872,VILLAVIEJA,08404,PACTOHISTORICO,00053,JOSE IGNACIO MARROQUIN SANCHEZ,14
2023,ASAMBLEA,41872,VILLAVIEJA,08404,PACTOHISTORICO,00054,LINDA PAOLA MEDINA CHARRY,10
2023,ASAMBLEA,41872,VILLAVIEJA,08404,PACTOHISTORICO,00055,JUAN BAUTISTA MORERA MEDINA,13
2023,ASAMBLEA,41872,VILLAVIEJA,08404,PACTOHISTORICO,00056,FRANK YULL FIERRO MAYORGA,36
2023,ASAMBLEA,41872,VILLAVIEJA,08404,PACTOHISTORICO,00057,YESID CAMPOS SOTELO,8
2023,ASAMBLEA,41872,VILLAVIEJA,08404,PACTOHISTORICO,00058,MERCEDES SANTOS POLANCO,18
2023,ASAMBLEA,41872,VILLAVIEJA,08404,PACTOHISTORICO,00059,MARIA NELLY PULIDO HERNANDEZ,6
2023,ASAMBLEA,41872,VILLAVIEJA,08404,PACTOHISTORICO,00060,FRANCISCO ISMAEL OLAYA OLAYA,55
2023,ASAMBLEA,41872,VILLAVIEJA,08404,PACTOHISTORICO,00061,LEIDY TATIANA JAIMES HERNANDEZ,9
2023,ASAMBLEA,41872,VILLAVIEJA,08404,PACTOHISTORICO,00062,ROBERTO CARLOS TOMBE TUNUBALA,19
2023,ASAMBLEA,41872,VILLAVIEJA,08416,COALICIÓN PARTIDO DE LA U Y PARTIDO POLITICO MIRA,00000,COALICIÓN PARTIDO DE LA U Y PARTIDO POLITICO MIRA,24
2023,ASAMBLEA,41872,VILLAVIEJA,08416,COALICIÓN PARTIDO DE LA U Y PARTIDO POLITICO MIRA,00051,JOSE LUIS CHAUX JOVEN,25
2023,ASAMBLEA,41872,VILLAVIEJA,08416,COALICIÓN PARTIDO DE LA U Y PARTIDO POLITICO MIRA,00052,TANIA ANDREA NINCO ZUÑIGA,32
2023,ASAMBLEA,41872,VILLAVIEJA,08416,COALICIÓN PARTIDO DE LA U Y PARTIDO POLITICO MIRA,00055,LUIS GUILLERMO CARDOZO,12
2023,ASAMBLEA,41872,VILLAVIEJA,08416,COALICIÓN PARTIDO DE LA U Y PARTIDO POLITICO MIRA,00056,PATRICIA LUGO AVENDAÑO,8
2023,ASAMBLEA,41872,VILLAVIEJA,08416,COALICIÓN PARTIDO DE LA U Y PARTIDO POLITICO MIRA,00059,ALVARO HERNANDO AMAYA VALENCIA,13
2023,ASAMBLEA,41872,VILLAVIEJA,08416,COALICIÓN PARTIDO DE LA U Y PARTIDO POLITICO MIRA,00060,GRACE FERNANDA RADA RICO,7
2023,ASAMBLEA,41872,VILLAVIEJA,08416,COALICIÓN PARTIDO DE LA U Y PARTIDO POLITICO MIRA,00061,EDISSON ANDRES PALMA CHAVEZ,32
2023,ASAMBLEA,41872,VILLAVIEJA,08416,COALICIÓN PARTIDO DE LA U Y PARTIDO POLITICO MIRA,00062,NESTOR IVAN RODRIGUEZ ANDRADE,216
2023,ASAMBLEA,41885,YAGUARÁ,00000,,00996,VOTOS EN BLANCO,628
2023,ASAMBLEA,41885,YAGUARÁ,00000,,00997,VOTOS NULOS,184
2023,ASAMBLEA,41885,YAGUARÁ,00000,,00998,VOTOS NO MARCADOS,762
2023,ASAMBLEA,41885,YAGUARÁ,00001,PARTIDO LIBERAL COLOMBIANO,00000,PARTIDO LIBERAL COLOMBIANO,48
2023,ASAMBLEA,41885,YAGUARÁ,00001,PARTIDO LIBERAL COLOMBIANO,00051,ALFADIL ORTIGOZA,341
2023,ASAMBLEA,41885,YAGUARÁ,00001,PARTIDO LIBERAL COLOMBIANO,00052,MILTON GERARDO CORTES CUELLAR,47
2023,ASAMBLEA,41885,YAGUARÁ,00001,PARTIDO LIBERAL COLOMBIANO,00053,ORLANDO IBAGON SANCHEZ,10
2023,ASAMBLEA,41885,YAGUARÁ,00001,PARTIDO LIBERAL COLOMBIANO,00054,RAMIRO ADOLFO MUÑOZ CALDERON,9
2023,ASAMBLEA,41885,YAGUARÁ,00001,PARTIDO LIBERAL COLOMBIANO,00055,VICTORIA EUGENIA CASTRO SILVA,48
2023,ASAMBLEA,41885,YAGUARÁ,00001,PARTIDO LIBERAL COLOMBIANO,00056,OSCAR URIEL BRAVO DIAZ,18
2023,ASAMBLEA,41885,YAGUARÁ,00001,PARTIDO LIBERAL COLOMBIANO,00057,CARLOS EDILSON POSADA MAYA,17
2023,ASAMBLEA,41885,YAGUARÁ,00001,PARTIDO LIBERAL COLOMBIANO,00058,FABIO ARMANDO ORTIZ REYES,7
2023,ASAMBLEA,41885,YAGUARÁ,00001,PARTIDO LIBERAL COLOMBIANO,00059,CLAUDIA PATRICIA CONDE VILLANEDA,17
2023,ASAMBLEA,41885,YAGUARÁ,00001,PARTIDO LIBERAL COLOMBIANO,00060,ALEIDA SALINAS CAMPOS,12
2023,ASAMBLEA,41885,YAGUARÁ,00001,PARTIDO LIBERAL COLOMBIANO,00061,ARELIS VARGAS ALVAREZ,10
2023,ASAMBLEA,41885,YAGUARÁ,00001,PARTIDO LIBERAL COLOMBIANO,00062,SERGIO ANDRES TRUJILLO PERDOMO,228
2023,ASAMBLEA,41885,YAGUARÁ,00002,PARTIDO CONSERVADOR COLOMBIANO,00000,PARTIDO CONSERVADOR COLOMBIANO,38
2023,ASAMBLEA,41885,YAGUARÁ,00002,PARTIDO CONSERVADOR COLOMBIANO,00051,OMAR ALVARO ALEXIS DIAZ CUELLAR,77
2023,ASAMBLEA,41885,YAGUARÁ,00002,PARTIDO CONSERVADOR COLOMBIANO,00052,NELSON JESUS MURCIA OME,221
2023,ASAMBLEA,41885,YAGUARÁ,00002,PARTIDO CONSERVADOR COLOMBIANO,00053,MAURICIO CIFUENTES VELASQUEZ,9
2023,ASAMBLEA,41885,YAGUARÁ,00002,PARTIDO CONSERVADOR COLOMBIANO,00054,NATALIA CASALLAS VANEGAS,29
2023,ASAMBLEA,41885,YAGUARÁ,00002,PARTIDO CONSERVADOR COLOMBIANO,00055,ALENXANDRO SALAZAR LLANOS,121
2023,ASAMBLEA,41885,YAGUARÁ,00002,PARTIDO CONSERVADOR COLOMBIANO,00056,SILVIO DANIEL VASQUEZ CORONADO,38
2023,ASAMBLEA,41885,YAGUARÁ,00002,PARTIDO CONSERVADOR COLOMBIANO,00057,NORBERTO ANTONIO CASTAÑO BUITRAGO,56
2023,ASAMBLEA,41885,YAGUARÁ,00002,PARTIDO CONSERVADOR COLOMBIANO,00058,DANIELA CHARRY MOSCOSO,8
2023,ASAMBLEA,41885,YAGUARÁ,00002,PARTIDO CONSERVADOR COLOMBIANO,00059,CIELO ROCIO COLLAZOS CUTIVA,6
2023,ASAMBLEA,41885,YAGUARÁ,00002,PARTIDO CONSERVADOR COLOMBIANO,00060,ANYELO SANDOVAL PEÑA,7
2023,ASAMBLEA,41885,YAGUARÁ,00002,PARTIDO CONSERVADOR COLOMBIANO,00061,PAULA MELISSA TRUJILLO PEDROZA,12
2023,ASAMBLEA,41885,YAGUARÁ,00002,PARTIDO CONSERVADOR COLOMBIANO,00062,WILMER EDUARDO ALVARADO MUÑOZ,240
2023,ASAMBLEA,41885,YAGUARÁ,00004,PARTIDO ALIANZA VERDE,00000,PARTIDO ALIANZA VERDE,18
2023,ASAMBLEA,41885,YAGUARÁ,00004,PARTIDO ALIANZA VERDE,00051,DIANA LORENA MONJE ALBARRACIN,143
2023,ASAMBLEA,41885,YAGUARÁ,00004,PARTIDO ALIANZA VERDE,00052,OSCAR FERNANDO RAMIREZ PRADA,24
2023,ASAMBLEA,41885,YAGUARÁ,00004,PARTIDO ALIANZA VERDE,00053,JUAN CAMILO FORERO CARDENAS,29
2023,ASAMBLEA,41885,YAGUARÁ,00004,PARTIDO ALIANZA VERDE,00054,BLANCA EDITH MEDINA BOTACHE,2
2023,ASAMBLEA,41885,YAGUARÁ,00004,PARTIDO ALIANZA VERDE,00055,VIRGILIO HUERGO GOMEZ,129
2023,ASAMBLEA,41885,YAGUARÁ,00004,PARTIDO ALIANZA VERDE,00056,OSCAR IVAN LLANOS RODRIGUEZ,91
2023,ASAMBLEA,41885,YAGUARÁ,00004,PARTIDO ALIANZA VERDE,00060,SHIRLEY ROCIO QUINTERO SANCHEZ,6
2023,ASAMBLEA,41885,YAGUARÁ,00004,PARTIDO ALIANZA VERDE,00061,JOSE ARMANDO ACUÑA MOLINA,51
2023,ASAMBLEA,41885,YAGUARÁ,00004,PARTIDO ALIANZA VERDE,00062,DIEGO FERNANDO PASCUAS ARIAS,87
2023,ASAMBLEA,41885,YAGUARÁ,07099,HUILA EMPRENDE,00000,HUILA EMPRENDE,51
2023,ASAMBLEA,41885,YAGUARÁ,07099,HUILA EMPRENDE,00051,CARLOS ARLEY STERLING CARDOZO,194
2023,ASAMBLEA,41885,YAGUARÁ,07099,HUILA EMPRENDE,00052,YERALDYN SAENZ MUÑOZ,26
2023,ASAMBLEA,41885,YAGUARÁ,07099,HUILA EMPRENDE,00053,MICHELL ALEJANDRA GONZALEZ OSPINA,5
2023,ASAMBLEA,41885,YAGUARÁ,07099,HUILA EMPRENDE,00054,CECILIA CUELLAR LEDESMA,4
2023,ASAMBLEA,41885,YAGUARÁ,07099,HUILA EMPRENDE,00055,WILFRED TRUJILLO TRUJILLO,227
2023,ASAMBLEA,41885,YAGUARÁ,07099,HUILA EMPRENDE,00056,BENSAIR SILVA BERNAL,15
2023,ASAMBLEA,41885,YAGUARÁ,07099,HUILA EMPRENDE,00057,EDGAR BONILLA RAMIREZ,24
2023,ASAMBLEA,41885,YAGUARÁ,07099,HUILA EMPRENDE,00058,DARBINSON ANDRES GOMEZ CABRERA,24
2023,ASAMBLEA,41885,YAGUARÁ,07099,HUILA EMPRENDE,00059,DORIAN CORTES CALDERON,4
2023,ASAMBLEA,41885,YAGUARÁ,07099,HUILA EMPRENDE,00060,EDWIN HARVEY BARAJAS HERNANDEZ,9
2023,ASAMBLEA,41885,YAGUARÁ,07099,HUILA EMPRENDE,00061,OCTAVIO CABRERA CANTE,19
2023,ASAMBLEA,41885,YAGUARÁ,07099,HUILA EMPRENDE,00062,MAIRA JULIETH ORTIZ CRUZ,13
2023,ASAMBLEA,41885,YAGUARÁ,07892,ALMA DEL HUILA,00000,ALMA DEL HUILA,12
2023,ASAMBLEA,41885,YAGUARÁ,07892,ALMA DEL HUILA,00051,JOHN ALEXANDER TRUJILLO NINCO,10
2023,ASAMBLEA,41885,YAGUARÁ,07892,ALMA DEL HUILA,00052,ADAN ROJAS BARRETO,5
2023,ASAMBLEA,41885,YAGUARÁ,07892,ALMA DEL HUILA,00055,YENIFER GOMEZ QUINTERO,3
2023,ASAMBLEA,41885,YAGUARÁ,07892,ALMA DEL HUILA,00056,SINDAY CAMACHO TRUJILLO,2
2023,ASAMBLEA,41885,YAGUARÁ,07892,ALMA DEL HUILA,00057,YILEIDI CUBILLOS HERMIDA,4
2023,ASAMBLEA,41885,YAGUARÁ,07892,ALMA DEL HUILA,00058,KELLY YULIETH CASTAÑEDA GALINDO,1
2023,ASAMBLEA,41885,YAGUARÁ,07892,ALMA DEL HUILA,00059,DANIEL LEONARDO SANZ PERDOMO,8
2023,ASAMBLEA,41885,YAGUARÁ,07892,ALMA DEL HUILA,00060,IVAN ALFREDO CANGREJO TORRES,85
2023,ASAMBLEA,41885,YAGUARÁ,07892,ALMA DEL HUILA,00061,IVAN CORTES LOSADA,6
2023,ASAMBLEA,41885,YAGUARÁ,07892,ALMA DEL HUILA,00062,OMAR ORTIZ SEPULVEDA,2
2023,ASAMBLEA,41885,YAGUARÁ,08399,COAL. PARTIDO CENTRO DEMOCRATICO Y PARTIDO LIGA,00000,COAL. PARTIDO CENTRO DEMOCRATICO Y PARTIDO LIGA,22
2023,ASAMBLEA,41885,YAGUARÁ,08399,COAL. PARTIDO CENTRO DEMOCRATICO Y PARTIDO LIGA,00051,TATIANA SOLANO CABALLERO,72
2023,ASAMBLEA,41885,YAGUARÁ,08399,COAL. PARTIDO CENTRO DEMOCRATICO Y PARTIDO LIGA,00052,CARLOS ANDRES MOLINA OSORIO,13
2023,ASAMBLEA,41885,YAGUARÁ,08399,COAL. PARTIDO CENTRO DEMOCRATICO Y PARTIDO LIGA,00055,TATIANA PATRICIA MENDEZ RAMOS,31
2023,ASAMBLEA,41885,YAGUARÁ,08399,COAL. PARTIDO CENTRO DEMOCRATICO Y PARTIDO LIGA,00056,ANDRES GARCIA MONTEALEGRE,11
2023,ASAMBLEA,41885,YAGUARÁ,08399,COAL. PARTIDO CENTRO DEMOCRATICO Y PARTIDO LIGA,00057,SONIA DEL PILAR CUELLAR CASTRO,10
2023,ASAMBLEA,41885,YAGUARÁ,08399,COAL. PARTIDO CENTRO DEMOCRATICO Y PARTIDO LIGA,00058,JHON HAROL SANCHEZ DELGADO,4
2023,ASAMBLEA,41885,YAGUARÁ,08399,COAL. PARTIDO CENTRO DEMOCRATICO Y PARTIDO LIGA,00059,MISAEL POBLADOR PEREZ,19
2023,ASAMBLEA,41885,YAGUARÁ,08399,COAL. PARTIDO CENTRO DEMOCRATICO Y PARTIDO LIGA,00060,SORLY ARIAS SANCHEZ,4
2023,ASAMBLEA,41885,YAGUARÁ,08399,COAL. PARTIDO CENTRO DEMOCRATICO Y PARTIDO LIGA,00061,JOSE FRANKLIN LOSADA CERQUERA,3
2023,ASAMBLEA,41885,YAGUARÁ,08399,COAL. PARTIDO CENTRO DEMOCRATICO Y PARTIDO LIGA,00062,YANDRY MILENA DIAZ CARVAJAL,9
2023,ASAMBLEA,41885,YAGUARÁ,08404,PACTOHISTORICO,00000,PACTOHISTORICO,24
2023,ASAMBLEA,41885,YAGUARÁ,08404,PACTOHISTORICO,00051,LUIS EDGAR GUTIERREZ GUTIERREZ,25
2023,ASAMBLEA,41885,YAGUARÁ,08404,PACTOHISTORICO,00052,LEONARDO VERA YARA,33
2023,ASAMBLEA,41885,YAGUARÁ,08404,PACTOHISTORICO,00053,JOSE IGNACIO MARROQUIN SANCHEZ,2
2023,ASAMBLEA,41885,YAGUARÁ,08404,PACTOHISTORICO,00054,LINDA PAOLA MEDINA CHARRY,3
2023,ASAMBLEA,41885,YAGUARÁ,08404,PACTOHISTORICO,00055,JUAN BAUTISTA MORERA MEDINA,18
2023,ASAMBLEA,41885,YAGUARÁ,08404,PACTOHISTORICO,00056,FRANK YULL FIERRO MAYORGA,66
2023,ASAMBLEA,41885,YAGUARÁ,08404,PACTOHISTORICO,00057,YESID CAMPOS SOTELO,4
2023,ASAMBLEA,41885,YAGUARÁ,08404,PACTOHISTORICO,00058,MERCEDES SANTOS POLANCO,2
2023,ASAMBLEA,41885,YAGUARÁ,08404,PACTOHISTORICO,00059,MARIA NELLY PULIDO HERNANDEZ,5
2023,ASAMBLEA,41885,YAGUARÁ,08404,PACTOHISTORICO,00060,FRANCISCO ISMAEL OLAYA OLAYA,10
2023,ASAMBLEA,41885,YAGUARÁ,08404,PACTOHISTORICO,00061,LEIDY TATIANA JAIMES HERNANDEZ,3
2023,ASAMBLEA,41885,YAGUARÁ,08404,PACTOHISTORICO,00062,ROBERTO CARLOS TOMBE TUNUBALA,6
2023,ASAMBLEA,41885,YAGUARÁ,08416,COALICIÓN PARTIDO DE LA U Y PARTIDO POLITICO MIRA,00000,COALICIÓN PARTIDO DE LA U Y PARTIDO POLITICO MIRA,21
2023,ASAMBLEA,41885,YAGUARÁ,08416,COALICIÓN PARTIDO DE LA U Y PARTIDO POLITICO MIRA,00051,JOSE LUIS CHAUX JOVEN,25
2023,ASAMBLEA,41885,YAGUARÁ,08416,COALICIÓN PARTIDO DE LA U Y PARTIDO POLITICO MIRA,00052,TANIA ANDREA NINCO ZUÑIGA,16
2023,ASAMBLEA,41885,YAGUARÁ,08416,COALICIÓN PARTIDO DE LA U Y PARTIDO POLITICO MIRA,00055,LUIS GUILLERMO CARDOZO,7
2023,ASAMBLEA,41885,YAGUARÁ,08416,COALICIÓN PARTIDO DE LA U Y PARTIDO POLITICO MIRA,00056,PATRICIA LUGO AVENDAÑO,9
2023,ASAMBLEA,41885,YAGUARÁ,08416,COALICIÓN PARTIDO DE LA U Y PARTIDO POLITICO MIRA,00059,ALVARO HERNANDO AMAYA VALENCIA,3
2023,ASAMBLEA,41885,YAGUARÁ,08416,COALICIÓN PARTIDO DE LA U Y PARTIDO POLITICO MIRA,00060,GRACE FERNANDA RADA RICO,5
2023,ASAMBLEA,41885,YAGUARÁ,08416,COALICIÓN PARTIDO DE LA U Y PARTIDO POLITICO MIRA,00061,EDISSON ANDRES PALMA CHAVEZ,32
2023,ASAMBLEA,41885,YAGUARÁ,08416,COALICIÓN PARTIDO DE LA U Y PARTIDO POLITICO MIRA,00062,NESTOR IVAN RODRIGUEZ ANDRADE,226
2023,CONCEJO,41001,NEIVA,00000,,00996,VOTOS EN BLANCO,12908
2023,CONCEJO,41001,NEIVA,00000,,00997,VOTOS NULOS,4787
2023,CONCEJO,41001,NEIVA,00000,,00998,VOTOS NO MARCADOS,5666
2023,CONCEJO,41001,NEIVA,00001,PARTIDO LIBERAL COLOMBIANO,00000,PARTIDO LIBERAL COLOMBIANO,844
2023,CONCEJO,41001,NEIVA,00001,PARTIDO LIBERAL COLOMBIANO,00001,MAIRA ALEJANDRA LOSADA CASTAÑO,1430
2023,CONCEJO,41001,NEIVA,00001,PARTIDO LIBERAL COLOMBIANO,00002,JOSE ALEXANDER DIAZ MENDEZ,1833
2023,CONCEJO,41001,NEIVA,00001,PARTIDO LIBERAL COLOMBIANO,00003,MAURICIO ROJAS ESQUIVEL,1302
2023,CONCEJO,41001,NEIVA,00001,PARTIDO LIBERAL COLOMBIANO,00004,ARCENIO CASTRO CORTES,246
2023,CONCEJO,41001,NEIVA,00001,PARTIDO LIBERAL COLOMBIANO,00005,RAMIRO VIDAL BENITEZ,3010
2023,CONCEJO,41001,NEIVA,00001,PARTIDO LIBERAL COLOMBIANO,00006,LUIS EDUARDO PENAGOS HERNANDEZ,467
2023,CONCEJO,41001,NEIVA,00001,PARTIDO LIBERAL COLOMBIANO,00007,JUAN SEBASTIAN MURCIA MORALES,1249
2023,CONCEJO,41001,NEIVA,00001,PARTIDO LIBERAL COLOMBIANO,00008,MARIA NATALIA TOVAR GAITAN,111
2023,CONCEJO,41001,NEIVA,00001,PARTIDO LIBERAL COLOMBIANO,00009,CELIANO AUGUSTO GONZALEZ VILLA,1370
2023,CONCEJO,41001,NEIVA,00001,PARTIDO LIBERAL COLOMBIANO,00010,FABER MAURICIO SANCHEZ IBATA,469
2023,CONCEJO,41001,NEIVA,00001,PARTIDO LIBERAL COLOMBIANO,00011,ESTEFANNY DARAVIÑA PAREDES,534
2023,CONCEJO,41001,NEIVA,00001,PARTIDO LIBERAL COLOMBIANO,00012,LUIS ALEJANDRO SERNA SERNA,1940
2023,CONCEJO,41001,NEIVA,00001,PARTIDO LIBERAL COLOMBIANO,00013,GERMAN PEÑA GONZALEZ,490
2023,CONCEJO,41001,NEIVA,00001,PARTIDO LIBERAL COLOMBIANO,00014,HENRY POLANIA CUELLAR,153
2023,CONCEJO,41001,NEIVA,00001,PARTIDO LIBERAL COLOMBIANO,00015,DIANA MARCELA COMAS RIVERA,564
2023,CONCEJO,41001,NEIVA,00001,PARTIDO LIBERAL COLOMBIANO,00016,ADRIANA MARIA BAUTISTA POLANIA,38
2023,CONCEJO,41001,NEIVA,00001,PARTIDO LIBERAL COLOMBIANO,00017,YENIFER POLANIA BONILLA,56
2023,CONCEJO,41001,NEIVA,00001,PARTIDO LIBERAL COLOMBIANO,00018,MONICA ALEXANDRA BARBOSA HUEJE,109
2023,CONCEJO,41001,NEIVA,00001,PARTIDO LIBERAL COLOMBIANO,00019,JULIO CESAR MANCHOLA PERDOMO,743
2023,CONCEJO,41001,NEIVA,00004,PARTIDO ALIANZA VERDE,00000,PARTIDO ALIANZA VERDE,716
2023,CONCEJO,41001,NEIVA,00004,PARTIDO ALIANZA VERDE,00001,DIANA ESPERANZA DIAZ BARRAGAN,967
2023,CONCEJO,41001,NEIVA,00004,PARTIDO ALIANZA VERDE,00002,DARWIN MIGUEL GOMEZ OLIVEROS,328
2023,CONCEJO,41001,NEIVA,00004,PARTIDO ALIANZA VERDE,00003,CRISTIAN RICARDO DUSSAN HERRERA,858
2023,CONCEJO,41001,NEIVA,00004,PARTIDO ALIANZA VERDE,00004,JEISSON FABIAN MOSQUERA SALCEDO,500
2023,CONCEJO,41001,NEIVA,00004,PARTIDO ALIANZA VERDE,00005,CARLOS ANDRES PEREZ FERNANDEZ,126
2023,CONCEJO,41001,NEIVA,00004,PARTIDO ALIANZA VERDE,00006,ARELY MEJIA CARVAJAL,99
2023,CONCEJO,41001,NEIVA,00004,PARTIDO ALIANZA VERDE,00007,GUILLERMO MATEO MONROY GUTIERREZ,1051
2023,CONCEJO,41001,NEIVA,00004,PARTIDO ALIANZA VERDE,00008,MARIA ESTHER ARDILA OSORIO,203
2023,CONCEJO,41001,NEIVA,00004,PARTIDO ALIANZA VERDE,00009,JUAN DIEGO TORRES PINZON,248
2023,CONCEJO,41001,NEIVA,00004,PARTIDO ALIANZA VERDE,00010,JUAN DIEGO ORTIZ QUINTERO,463
2023,CONCEJO,41001,NEIVA,00004,PARTIDO ALIANZA VERDE,00011,JUAN CARLOS PARADA MORENO,1885
2023,CONCEJO,41001,NEIVA,00004,PARTIDO ALIANZA VERDE,00012,OSCAR MOJICA MOJICA,612
2023,CONCEJO,41001,NEIVA,00004,PARTIDO ALIANZA VERDE,00013,JOSE LUIS RODRIGUEZ MURILLO,488
2023,CONCEJO,41001,NEIVA,00004,PARTIDO ALIANZA VERDE,00014,HECTOR CAMILO PERDOMO ARENAS,2263
2023,CONCEJO,41001,NEIVA,00004,PARTIDO ALIANZA VERDE,00015,HERNANDO ORTIZ SANCHEZ,168
2023,CONCEJO,41001,NEIVA,00004,PARTIDO ALIANZA VERDE,00016,YAMILED QUINTERO GAONA,174
2023,CONCEJO,41001,NEIVA,00004,PARTIDO ALIANZA VERDE,00017,MARLEN CRISTINA GUZMAN CORTES,249
2023,CONCEJO,41001,NEIVA,00004,PARTIDO ALIANZA VERDE,00018,LIBARDO NARVAEZ MAHECHA,243
2023,CONCEJO,41001,NEIVA,00004,PARTIDO ALIANZA VERDE,00019,JAZMIN ANDREA FIGUEROA OVIEDO,992
2023,CONCEJO,41001,NEIVA,00005,"MOVIMIENTO AUTORIDADES INDÍGENAS DE COLOMBIA ""AICO""",00000,"MOVIMIENTO AUTORIDADES INDÍGENAS DE COLOMBIA ""AICO """,95
2023,CONCEJO,41001,NEIVA,00005,"MOVIMIENTO AUTORIDADES INDÍGENAS DE COLOMBIA ""AICO""",00001,NOE CHARRY SANCHEZ,154
2023,CONCEJO,41001,NEIVA,00005,"MOVIMIENTO AUTORIDADES INDÍGENAS DE COLOMBIA ""AICO""",00002,KELLY YOREIDY ALVAREZ RAMIREZ,253
2023,CONCEJO,41001,NEIVA,00005,"MOVIMIENTO AUTORIDADES INDÍGENAS DE COLOMBIA ""AICO""",00003,WILSON VEGA SILVA,297
2023,CONCEJO,41001,NEIVA,00005,"MOVIMIENTO AUTORIDADES INDÍGENAS DE COLOMBIA ""AICO""",00004,FELIX CRUZ SANCHEZ,406
2023,CONCEJO,41001,NEIVA,00005,"MOVIMIENTO AUTORIDADES INDÍGENAS DE COLOMBIA ""AICO""",00005,GILBERT ALIXIS VIRVIESCAS MOLANO,123
2023,CONCEJO,41001,NEIVA,00005,"MOVIMIENTO AUTORIDADES INDÍGENAS DE COLOMBIA ""AICO""",00006,JOSE FRANCISCO CARDOSO HERNANDEZ,50
2023,CONCEJO,41001,NEIVA,00005,"MOVIMIENTO AUTORIDADES INDÍGENAS DE COLOMBIA ""AICO""",00007,FLOR HERMIDA RAMIREZ CORTES,328
2023,CONCEJO,41001,NEIVA,00005,"MOVIMIENTO AUTORIDADES INDÍGENAS DE COLOMBIA ""AICO""",00008,EXEL RODOLFO PEÑUELA MAHECHA,14
2023,CONCEJO,41001,NEIVA,00005,"MOVIMIENTO AUTORIDADES INDÍGENAS DE COLOMBIA ""AICO""",00009,CLAUDIA CONSTANZA PENNA CHILITO,20
2023,CONCEJO,41001,NEIVA,00005,"MOVIMIENTO AUTORIDADES INDÍGENAS DE COLOMBIA ""AICO""",00010,ALEXANDER IBAÑEZ GUTIERREZ,177
2023,CONCEJO,41001,NEIVA,00005,"MOVIMIENTO AUTORIDADES INDÍGENAS DE COLOMBIA ""AICO""",00011,MARIA NORENY VILLEGAS MOLINA,16
2023,CONCEJO,41001,NEIVA,00005,"MOVIMIENTO AUTORIDADES INDÍGENAS DE COLOMBIA ""AICO""",00013,ADALBER BARRERO MINA,88
2023,CONCEJO,41001,NEIVA,00005,"MOVIMIENTO AUTORIDADES INDÍGENAS DE COLOMBIA ""AICO""",00019,LIBARDO CAPERA GUTIERREZ,102
2023,CONCEJO,41001,NEIVA,00006,"PARTIDO ALIANZA SOCIAL INDEPENDIENTE ""ASI""",00000,"PARTIDO ALIANZA SOCIAL INDEPENDIENTE ""ASI""",396
2023,CONCEJO,41001,NEIVA,00006,"PARTIDO ALIANZA SOCIAL INDEPENDIENTE ""ASI""",00001,DANIEL FERNANDO PEDROZO ALVAREZ,622
2023,CONCEJO,41001,NEIVA,00006,"PARTIDO ALIANZA SOCIAL INDEPENDIENTE ""ASI""",00002,WILSON LEONEL MENDOZA,423
2023,CONCEJO,41001,NEIVA,00006,"PARTIDO ALIANZA SOCIAL INDEPENDIENTE ""ASI""",00003,JOSE JAVIER LOZANO CUELLAR,256
2023,CONCEJO,41001,NEIVA,00006,"PARTIDO ALIANZA SOCIAL INDEPENDIENTE ""ASI""",00004,ANDRES FELIPE ALMARIO CARDOZO,1019
2023,CONCEJO,41001,NEIVA,00006,"PARTIDO ALIANZA SOCIAL INDEPENDIENTE ""ASI""",00005,ANDRES FELIPE GONZALEZ GUTIERREZ,182
2023,CONCEJO,41001,NEIVA,00006,"PARTIDO ALIANZA SOCIAL INDEPENDIENTE ""ASI""",00006,ORLANDO RIVAS HERRERA,110
2023,CONCEJO,41001,NEIVA,00006,"PARTIDO ALIANZA SOCIAL INDEPENDIENTE ""ASI""",00007,ABEL MENDOZA VASQUEZ,1885
2023,CONCEJO,41001,NEIVA,00006,"PARTIDO ALIANZA SOCIAL INDEPENDIENTE ""ASI""",00008,DIEGO MAURICIO LEGUIZAMO PEREZ,510
2023,CONCEJO,41001,NEIVA,00006,"PARTIDO ALIANZA SOCIAL INDEPENDIENTE ""ASI""",00009,ANDYSON LAVAO MORALES,854
2023,CONCEJO,41001,NEIVA,00006,"PARTIDO ALIANZA SOCIAL INDEPENDIENTE ""ASI""",00010,JOHN WAYNER PERDOMO CHACON,881
2023,CONCEJO,41001,NEIVA,00006,"PARTIDO ALIANZA SOCIAL INDEPENDIENTE ""ASI""",00011,MAYRA ALEJANDRA ATAHUALPA GARCIA,82
2023,CONCEJO,41001,NEIVA,00006,"PARTIDO ALIANZA SOCIAL INDEPENDIENTE ""ASI""",00012,DIANA MARCELA CHALARGA CRUZ,46
2023,CONCEJO,41001,NEIVA,00006,"PARTIDO ALIANZA SOCIAL INDEPENDIENTE ""ASI""",00013,NANCY CATERINE MALAVER REYES,56
2023,CONCEJO,41001,NEIVA,00006,"PARTIDO ALIANZA SOCIAL INDEPENDIENTE ""ASI""",00014,DAYANA LISETTE GARCIA OSORIO,63
2023,CONCEJO,41001,NEIVA,00006,"PARTIDO ALIANZA SOCIAL INDEPENDIENTE ""ASI""",00015,LYDA YAZMIN MARTINEZ LEON,36
2023,CONCEJO,41001,NEIVA,00006,"PARTIDO ALIANZA SOCIAL INDEPENDIENTE ""ASI""",00016,LEONARDO FABIO NARVAEZ LOPEZ,188
2023,CONCEJO,41001,NEIVA,00006,"PARTIDO ALIANZA SOCIAL INDEPENDIENTE ""ASI""",00017,ANA ISABEL CASTRO CUMBE,27
2023,CONCEJO,41001,NEIVA,00006,"PARTIDO ALIANZA SOCIAL INDEPENDIENTE ""ASI""",00018,ALDEMAR NARVAEZ SERRATO,64
2023,CONCEJO,41001,NEIVA,00006,"PARTIDO ALIANZA SOCIAL INDEPENDIENTE ""ASI""",00019,HERMES FABIAN MEDINA FAJARDO,1570
2023,CONCEJO,41001,NEIVA,00011,PARTIDO CENTRO DEMOCRÁTICO,00000,PARTIDO CENTRO DEMOCRÁTICO,1255
2023,CONCEJO,41001,NEIVA,00011,PARTIDO CENTRO DEMOCRÁTICO,00001,FELIX FELIPE TRUJILLO URIBE,2257
2023,CONCEJO,41001,NEIVA,00011,PARTIDO CENTRO DEMOCRÁTICO,00002,LINA ALEXANDRA GUZMAN PERDOMO,995
2023,CONCEJO,41001,NEIVA,00011,PARTIDO CENTRO DEMOCRÁTICO,00003,FABIO VEGA RAMOS,557
2023,CONCEJO,41001,NEIVA,00011,PARTIDO CENTRO DEMOCRÁTICO,00004,JOSE FAIBER TAMAYO MENDEZ,934
2023,CONCEJO,41001,NEIVA,00011,PARTIDO CENTRO DEMOCRÁTICO,00005,MARIA CAMILA GOMEZ AVILA,133
2023,CONCEJO,41001,NEIVA,00011,PARTIDO CENTRO DEMOCRÁTICO,00006,MARISOL ULLOA BROQUIS,170
2023,CONCEJO,41001,NEIVA,00011,PARTIDO CENTRO DEMOCRÁTICO,00007,MAURICIO FERNANDO ROJAS RAMIREZ,1856
2023,CONCEJO,41001,NEIVA,00011,PARTIDO CENTRO DEMOCRÁTICO,00008,ALEXIS VARON PASCUAS,186
2023,CONCEJO,41001,NEIVA,00011,PARTIDO CENTRO DEMOCRÁTICO,00009,GABRIEL ROJAS TOVAR,118
2023,CONCEJO,41001,NEIVA,00011,PARTIDO CENTRO DEMOCRÁTICO,00010,MARLIO ANDRES TRUJILLO QUESADA,494
2023,CONCEJO,41001,NEIVA,00011,PARTIDO CENTRO DEMOCRÁTICO,00011,JOHAN STEED ORTIZ FERNANDEZ,2204
2023,CONCEJO,41001,NEIVA,00011,PARTIDO CENTRO DEMOCRÁTICO,00012,JHON JAIRO URREA VARGAS,211
2023,CONCEJO,41001,NEIVA,00011,PARTIDO CENTRO DEMOCRÁTICO,00013,NOEL JAVIER ORTIZ OVIEDO,248
2023,CONCEJO,41001,NEIVA,00011,PARTIDO CENTRO DEMOCRÁTICO,00014,LEIDY VIVIANA TOVAR VALDERRAMA,115
2023,CONCEJO,41001,NEIVA,00011,PARTIDO CENTRO DEMOCRÁTICO,00016,ANDRES FELIPE ARIAS GUTIERREZ,71
2023,CONCEJO,41001,NEIVA,00011,PARTIDO CENTRO DEMOCRÁTICO,00017,YENIFFER CONSTANZA ARIAS RODRIGUEZ,56
2023,CONCEJO,41001,NEIVA,00011,PARTIDO CENTRO DEMOCRÁTICO,00018,YINA MARCELA OSORIO CALDERON,192
2023,CONCEJO,41001,NEIVA,00012,"MOVIMIENTO ALTERNATIVO INDÍGENA Y SOCIAL ""MAIS""",00000,"MOVIMIENTO ALTERNATIVO INDÍGENA Y SOCIAL ""MAIS""",360
2023,CONCEJO,41001,NEIVA,00012,"MOVIMIENTO ALTERNATIVO INDÍGENA Y SOCIAL ""MAIS""",00001,ANDRES JULIAN BERNAL CARDOZO,904
2023,CONCEJO,41001,NEIVA,00012,"MOVIMIENTO ALTERNATIVO INDÍGENA Y SOCIAL ""MAIS""",00002,JESUS ANTONIO TOMBE TUNUBALA,95
2023,CONCEJO,41001,NEIVA,00012,"MOVIMIENTO ALTERNATIVO INDÍGENA Y SOCIAL ""MAIS""",00003,DOLCEY ANDRADE CASTILLO,697
2023,CONCEJO,41001,NEIVA,00012,"MOVIMIENTO ALTERNATIVO INDÍGENA Y SOCIAL ""MAIS""",00004,JULIAN ENDARA SANCHEZ,419
2023,CONCEJO,41001,NEIVA,00012,"MOVIMIENTO ALTERNATIVO INDÍGENA Y SOCIAL ""MAIS""",00005,WILLIAM ANDRES CABEZAS MONTEALEGRE,991
2023,CONCEJO,41001,NEIVA,00012,"MOVIMIENTO ALTERNATIVO INDÍGENA Y SOCIAL ""MAIS""",00006,DEYANIRA ROMERO CAVIEDES,222
2023,CONCEJO,41001,NEIVA,00012,"MOVIMIENTO ALTERNATIVO INDÍGENA Y SOCIAL ""MAIS""",00007,LINA MARLEN FLOR ZARTA,188
2023,CONCEJO,41001,NEIVA,00012,"MOVIMIENTO ALTERNATIVO INDÍGENA Y SOCIAL ""MAIS""",00008,JOSE ENRIQUE MORENO NAGLES,159
2023,CONCEJO,41001,NEIVA,00012,"MOVIMIENTO ALTERNATIVO INDÍGENA Y SOCIAL ""MAIS""",00009,MARIO EFREN CHAVES FAJARDO,67
2023,CONCEJO,41001,NEIVA,00012,"MOVIMIENTO ALTERNATIVO INDÍGENA Y SOCIAL ""MAIS""",00010,MILDREY PALACIOS COPETE,100
2023,CONCEJO,41001,NEIVA,00012,"MOVIMIENTO ALTERNATIVO INDÍGENA Y SOCIAL ""MAIS""",00011,JEISSON ARTUNDUAGA OSORIO,321
2023,CONCEJO,41001,NEIVA,00012,"MOVIMIENTO ALTERNATIVO INDÍGENA Y SOCIAL ""MAIS""",00012,RUTH POLANIA RODRIGUEZ,102
2023,CONCEJO,41001,NEIVA,00012,"MOVIMIENTO ALTERNATIVO INDÍGENA Y SOCIAL ""MAIS""",00013,JUAN SEBASTIAN PRIETO PEREZ,1043
2023,CONCEJO,41001,NEIVA,00012,"MOVIMIENTO ALTERNATIVO INDÍGENA Y SOCIAL ""MAIS""",00014,JUAN CAMILO ESCOBAR ZUÑIGA,478
2023,CONCEJO,41001,NEIVA,00012,"MOVIMIENTO ALTERNATIVO INDÍGENA Y SOCIAL ""MAIS""",00015,JOSE ANGEL ROA OLAYA,538
2023,CONCEJO,41001,NEIVA,00012,"MOVIMIENTO ALTERNATIVO INDÍGENA Y SOCIAL ""MAIS""",00016,KEVIN ALEXANDER BOHORQUEZ RUBIANO,881
2023,CONCEJO,41001,NEIVA,00012,"MOVIMIENTO ALTERNATIVO INDÍGENA Y SOCIAL ""MAIS""",00017,MARIA JOSE LONDOÑO BARRAGAN,44
2023,CONCEJO,41001,NEIVA,00012,"MOVIMIENTO ALTERNATIVO INDÍGENA Y SOCIAL ""MAIS""",00018,JOSE ANTONIO TORRES LAVAO,86
2023,CONCEJO,41001,NEIVA,00012,"MOVIMIENTO ALTERNATIVO INDÍGENA Y SOCIAL ""MAIS""",00019,LAURA VALERIA CALDERON TRUJILLO,97
2023,CONCEJO,41001,NEIVA,00023,PARTIDO LIGA GOBERNANTES ANTICORRUPCIÓN - LIGA,00000,PARTIDO LIGA GOBERNANTES ANTICORRUPCIÓN - LIGA,77
2023,CONCEJO,41001,NEIVA,00023,PARTIDO LIGA GOBERNANTES ANTICORRUPCIÓN - LIGA,00001,DORIS BEHICY CERQUERA PEÑA,65
2023,CONCEJO,41001,NEIVA,00023,PARTIDO LIGA GOBERNANTES ANTICORRUPCIÓN - LIGA,00003,LUIS EDUARDO PEÑUELA ROJAS,57
2023,CONCEJO,41001,NEIVA,00023,PARTIDO LIGA GOBERNANTES ANTICORRUPCIÓN - LIGA,00004,FELIPE ANDRES LIMA,39
2023,CONCEJO,41001,NEIVA,00023,PARTIDO LIGA GOBERNANTES ANTICORRUPCIÓN - LIGA,00005,GUSTAVO ANDRES PEÑA GUZMAN,32
2023,CONCEJO,41001,NEIVA,00023,PARTIDO LIGA GOBERNANTES ANTICORRUPCIÓN - LIGA,00006,FERNANDO GARZON,49
2023,CONCEJO,41001,NEIVA,00023,PARTIDO LIGA GOBERNANTES ANTICORRUPCIÓN - LIGA,00007,ALISSON VALENTINA TRUJILLO VELASQUEZ,45
2023,CONCEJO,41001,NEIVA,00031,INDEPENDIENTES,00000,INDEPENDIENTES,218
2023,CONCEJO,41001,NEIVA,00031,INDEPENDIENTES,00001,OSCAR FERNANDO CALDERON MOSQUERA,385
2023,CONCEJO,41001,NEIVA,00031,INDEPENDIENTES,00002,MILLER OSORIO MONTENEGRO,1492
2023,CONCEJO,41001,NEIVA,00031,INDEPENDIENTES,00003,MILTON FREDY TOVAR LEON,709
2023,CONCEJO,41001,NEIVA,00031,INDEPENDIENTES,00004,OSCAR FERNANDO TAPIA GONZALEZ,480
2023,CONCEJO,41001,NEIVA,00031,INDEPENDIENTES,00005,EIDER ROZO VARGAS,411
2023,CONCEJO,41001,NEIVA,00031,INDEPENDIENTES,00006,JONATHAN ISBACK RIVERA FERRER,128
2023,CONCEJO,41001,NEIVA,00031,INDEPENDIENTES,00007,DIANA MARIA MEDINA,56
2023,CONCEJO,41001,NEIVA,00031,INDEPENDIENTES,00008,CARLOS FERNANDO CHALA PINTO,282
2023,CONCEJO,41001,NEIVA,00031,INDEPENDIENTES,00009,JUAN PABLO GONZALEZ MOLINA,227
2023,CONCEJO,41001,NEIVA,00031,INDEPENDIENTES,00010,WILSON FERNANDO RIVERA RODRIGUEZ,308
2023,CONCEJO,41001,NEIVA,00031,INDEPENDIENTES,00011,ANDREA LILIANA TRUJILLO HORTA,71
2023,CONCEJO,41001,NEIVA,00031,INDEPENDIENTES,00012,HENRY MOLANO GASPAR,197
2023,CONCEJO,41001,NEIVA,00031,INDEPENDIENTES,00013,JOHN JAIR ASTUDILLO CUTIVA,478
2023,CONCEJO,41001,NEIVA,00031,INDEPENDIENTES,00014,FULVIO MOSQUERA GARCIA,567
2023,CONCEJO,41001,NEIVA,00031,INDEPENDIENTES,00015,DIANA PATRICIA GRANADOS VALVERDE,188
2023,CONCEJO,41001,NEIVA,00031,INDEPENDIENTES,00016,SANTIAGO ANDRES TOVAR PULECIO,216
2023,CONCEJO,41001,NEIVA,00031,INDEPENDIENTES,00017,AZUCENA PEREZ BONILLA,29
2023,CONCEJO,41001,NEIVA,00031,INDEPENDIENTES,00018,CLAUDIA ISABEL CORDOBA PASTRANA,39
2023,CONCEJO,41001,NEIVA,00031,INDEPENDIENTES,00019,ELSA ROCIO GUERRERO POLANIA,1331
2023,CONCEJO,41001,NEIVA,00032,PARTIDO POLÍTICO TODOS SOMOS COLOMBIA,00000,PARTIDO POLÍTICO TODOS SOMOS COLOMBIA,291
2023,CONCEJO,41001,NEIVA,00032,PARTIDO POLÍTICO TODOS SOMOS COLOMBIA,00001,JAIME ALBERTO UNDA CELADA,1004
2023,CONCEJO,41001,NEIVA,00032,PARTIDO POLÍTICO TODOS SOMOS COLOMBIA,00002,CLARA INES DUSSAN QUIÑONES,178
2023,CONCEJO,41001,NEIVA,00032,PARTIDO POLÍTICO TODOS SOMOS COLOMBIA,00003,JUAN SEBASTIAN CAMACHO AYA,1315
2023,CONCEJO,41001,NEIVA,00032,PARTIDO POLÍTICO TODOS SOMOS COLOMBIA,00004,JHON ERIK PUENTES ESTEVEZ,815
2023,CONCEJO,41001,NEIVA,00032,PARTIDO POLÍTICO TODOS SOMOS COLOMBIA,00005,EDUAR CABRERA GOMEZ,217
2023,CONCEJO,41001,NEIVA,00032,PARTIDO POLÍTICO TODOS SOMOS COLOMBIA,00006,RICHARD LEONARDO QUINO ESPAÑA,123
2023,CONCEJO,41001,NEIVA,00032,PARTIDO POLÍTICO TODOS SOMOS COLOMBIA,00007,HOLMAN EDUARDO MONTERO JIMENEZ,494
2023,CONCEJO,41001,NEIVA,00032,PARTIDO POLÍTICO TODOS SOMOS COLOMBIA,00008,HAROLD ESNEIDER MUÑOZ OSSO,458
2023,CONCEJO,41001,NEIVA,00032,PARTIDO POLÍTICO TODOS SOMOS COLOMBIA,00009,KAROL ANDREA SALCEDO VASQUEZ,56
2023,CONCEJO,41001,NEIVA,00032,PARTIDO POLÍTICO TODOS SOMOS COLOMBIA,00010,HERNAN MOTTA ESCOBAR,737
2023,CONCEJO,41001,NEIVA,00032,PARTIDO POLÍTICO TODOS SOMOS COLOMBIA,00011,TEYI JOHANNA YATE TAFUR,342
2023,CONCEJO,41001,NEIVA,00032,PARTIDO POLÍTICO TODOS SOMOS COLOMBIA,00012,OSCAR FERNANDO BARON ROJAS,170
2023,CONCEJO,41001,NEIVA,00032,PARTIDO POLÍTICO TODOS SOMOS COLOMBIA,00013,ANGELICA MARIA QUINO MUÑOZ,693
2023,CONCEJO,41001,NEIVA,00032,PARTIDO POLÍTICO TODOS SOMOS COLOMBIA,00014,JESUS ANDRES GARZON ROA,3052
2023,CONCEJO,41001,NEIVA,00032,PARTIDO POLÍTICO TODOS SOMOS COLOMBIA,00015,LUZ DALIDA VARGAS LOZANO,570
2023,CONCEJO,41001,NEIVA,00032,PARTIDO POLÍTICO TODOS SOMOS COLOMBIA,00016,CARLOS AUGUSTO OSORIO SARRIAS,168
2023,CONCEJO,41001,NEIVA,00032,PARTIDO POLÍTICO TODOS SOMOS COLOMBIA,00017,MARIA FERNANDA BARREIRO GARRIDO,396
2023,CONCEJO,41001,NEIVA,00032,PARTIDO POLÍTICO TODOS SOMOS COLOMBIA,00018,JULIAN MAURICIO VALDERRAMA SANDOVAL,795
2023,CONCEJO,41001,NEIVA,00032,PARTIDO POLÍTICO TODOS SOMOS COLOMBIA,00019,ARGEMIRO MUNAR SILVA,1250
2023,CONCEJO,41001,NEIVA,00037,MOVIMIENTO POLITICO FUERZA CIUDADANA,00000,MOVIMIENTO POLITICO FUERZA CIUDADANA,217
2023,CONCEJO,41001,NEIVA,00037,MOVIMIENTO POLITICO FUERZA CIUDADANA,00001,ALVARO JAVIER VANEGAS SILVA,215
2023,CONCEJO,41001,NEIVA,00037,MOVIMIENTO POLITICO FUERZA CIUDADANA,00002,JUAN DIEGO AMAYA PALENCIA,2905
2023,CONCEJO,41001,NEIVA,00037,MOVIMIENTO POLITICO FUERZA CIUDADANA,00003,HEIDI PATRICIA MONTOYA BAHAMON,471
2023,CONCEJO,41001,NEIVA,00037,MOVIMIENTO POLITICO FUERZA CIUDADANA,00004,HENRY FERNANDO GONZALEZ GONZALEZ,81
2023,CONCEJO,41001,NEIVA,00037,MOVIMIENTO POLITICO FUERZA CIUDADANA,00005,JUAN JOSE SANDOVAL CASTRO,921
2023,CONCEJO,41001,NEIVA,00037,MOVIMIENTO POLITICO FUERZA CIUDADANA,00006,JOSE IGNACIO LAISECA YAÑES,121
2023,CONCEJO,41001,NEIVA,00037,MOVIMIENTO POLITICO FUERZA CIUDADANA,00007,JUAN CAMILO HERNANDEZ CARDOSO,929
2023,CONCEJO,41001,NEIVA,00037,MOVIMIENTO POLITICO FUERZA CIUDADANA,00008,EDWIN FRANKY CAICEDO CHAVARRO,187
2023,CONCEJO,41001,NEIVA,00037,MOVIMIENTO POLITICO FUERZA CIUDADANA,00009,DOMINGO MAHECHA GRACIA,47
2023,CONCEJO,41001,NEIVA,00037,MOVIMIENTO POLITICO FUERZA CIUDADANA,00010,GIAN PIER POOL PADOAN PEREZ,1197
2023,CONCEJO,41001,NEIVA,00037,MOVIMIENTO POLITICO FUERZA CIUDADANA,00011,MARIA EUGENIA VALENCIA PULIDO,36
2023,CONCEJO,41001,NEIVA,00037,MOVIMIENTO POLITICO FUERZA CIUDADANA,00012,JOSE RICARDO GARRIDO,83
2023,CONCEJO,41001,NEIVA,00037,MOVIMIENTO POLITICO FUERZA CIUDADANA,00013,MARISOL RAMIREZ VARGAS,66
2023,CONCEJO,41001,NEIVA,00037,MOVIMIENTO POLITICO FUERZA CIUDADANA,00014,NILTON TAFUR VARGAS,70
2023,CONCEJO,41001,NEIVA,00037,MOVIMIENTO POLITICO FUERZA CIUDADANA,00015,HORTENCIA TOVAR CALDERON,31
2023,CONCEJO,41001,NEIVA,00037,MOVIMIENTO POLITICO FUERZA CIUDADANA,00016,MARIA VALENTINA MATEUS LAGUNA,28
2023,CONCEJO,41001,NEIVA,00037,MOVIMIENTO POLITICO FUERZA CIUDADANA,00017,LILIANA JIMENEZ MUÑOZ,22
2023,CONCEJO,41001,NEIVA,00037,MOVIMIENTO POLITICO FUERZA CIUDADANA,00018,JAVIER SILVA LARA,1631
2023,CONCEJO,41001,NEIVA,00037,MOVIMIENTO POLITICO FUERZA CIUDADANA,00019,JUAN SEBASTIAN IBARRA QUINTERO,1028
2023,CONCEJO,41001,NEIVA,01837,DESDE ABAJO CONSTRUIREMOS EMPODERAMIENTO POPULAR,00000,DESDE ABAJO CONSTRUIREMOS EMPODERAMIENTO POPULAR,954
2023,CONCEJO,41001,NEIVA,02273,NEIVA EN ACCIÓN,00000,NEIVA EN ACCIÓN,402
2023,CONCEJO,41001,NEIVA,02273,NEIVA EN ACCIÓN,00001,EDWIN FELIPE HERNANDEZ ALVAREZ,1242
2023,CONCEJO,41001,NEIVA,02273,NEIVA EN ACCIÓN,00002,LEONEL QUIJANO ARDILA,368
2023,CONCEJO,41001,NEIVA,02273,NEIVA EN ACCIÓN,00003,FABIAN SANCHEZ JIMENEZ,1238
2023,CONCEJO,41001,NEIVA,02273,NEIVA EN ACCIÓN,00004,JUAN PABLO PERDOMO ZAMBRANO,1345
2023,CONCEJO,41001,NEIVA,02273,NEIVA EN ACCIÓN,00005,FREDY ANTONIO ARENAS GUTIERREZ,333
2023,CONCEJO,41001,NEIVA,02273,NEIVA EN ACCIÓN,00006,LINA MARIA GAVIRIA MORA,157
2023,CONCEJO,41001,NEIVA,02273,NEIVA EN ACCIÓN,00007,RUBEN DARIO GARCIA LONDOÑO,611
2023,CONCEJO,41001,NEIVA,02273,NEIVA EN ACCIÓN,00008,HAROLD PERDOMO CARVAJAL,615
2023,CONCEJO,41001,NEIVA,02273,NEIVA EN ACCIÓN,00009,ROSALBA SOLANO NAVEROS,53
2023,CONCEJO,41001,NEIVA,02273,NEIVA EN ACCIÓN,00010,JUAN GUILLERMO GARCIA REINOSO,1242
2023,CONCEJO,41001,NEIVA,02273,NEIVA EN ACCIÓN,00011,MANUEL FRANCISCO FERNANDEZ GAITA,796
2023,CONCEJO,41001,NEIVA,02273,NEIVA EN ACCIÓN,00012,JUAN PABLO QUIROGA HUEPE,1069
2023,CONCEJO,41001,NEIVA,02273,NEIVA EN ACCIÓN,00013,BELLANID SANCHEZ PAEZ,385
2023,CONCEJO,41001,NEIVA,02273,NEIVA EN ACCIÓN,00014,DAGOBERTO GOMEZ MENDEZ,1350
2023,CONCEJO,41001,NEIVA,02273,NEIVA EN ACCIÓN,00015,RICARDO MOSQUERA CARDENAS,484
2023,CONCEJO,41001,NEIVA,02273,NEIVA EN ACCIÓN,00016,YENI ASBLEIDY BARREIRO MONTOYA,499
2023,CONCEJO,41001,NEIVA,02273,NEIVA EN ACCIÓN,00017,LUZ ADRIANA RAMIREZ HOYOS,282
2023,CONCEJO,41001,NEIVA,02273,NEIVA EN ACCIÓN,00018,KAREN LORENA LESMES MEDINA,232
2023,CONCEJO,41001,NEIVA,02273,NEIVA EN ACCIÓN,00019,JUAN YAMID SANABRIA TRIANA,2008
2023,CONCEJO,41001,NEIVA,08567,NEIVA GANA,00000,NEIVA GANA,277
2023,CONCEJO,41001,NEIVA,08567,NEIVA GANA,00001,CARLOS ALBERTO ROJAS VARGAS,874
2023,CONCEJO,41001,NEIVA,08567,NEIVA GANA,00002,LUIS EDUARDO CABRERA RUIZ,398
2023,CONCEJO,41001,NEIVA,08567,NEIVA GANA,00003,LUCERO CONTRERAS,82
2023,CONCEJO,41001,NEIVA,08567,NEIVA GANA,00004,JOSE HARLEY PERDOMO TOVAR,100
2023,CONCEJO,41001,NEIVA,08567,NEIVA GANA,00005,OSCAR ANDRES JIMENEZ OLAYA,69
2023,CONCEJO,41001,NEIVA,08567,NEIVA GANA,00006,ANA MARIA CAMACHO LADINO,49
2023,CONCEJO,41001,NEIVA,08567,NEIVA GANA,00007,JORGE EDUARDO RAMIREZ ALVIRA,1556
2023,CONCEJO,41001,NEIVA,08567,NEIVA GANA,00008,HECTOR VARGAS CUENCA,113
2023,CONCEJO,41001,NEIVA,08567,NEIVA GANA,00009,JESSICA KATHERINE ARCINIEGAS SUAZA,65
2023,CONCEJO,41001,NEIVA,08567,NEIVA GANA,00010,YURI TATIANA SAAVEDRA CALDERON,93
2023,CONCEJO,41001,NEIVA,08567,NEIVA GANA,00011,ABEL ANTONIO GARCIA IPUZ,146
2023,CONCEJO,41001,NEIVA,08567,NEIVA GANA,00012,HERNAN ARCINIEGAS GUZMAN,178
2023,CONCEJO,41001,NEIVA,08567,NEIVA GANA,00013,JOSE GABRIEL YAÑEZ VEGA,54
2023,CONCEJO,41001,NEIVA,08567,NEIVA GANA,00014,ADRIANA DEL PILAR GOMEZ RUBIANO,96
2023,CONCEJO,41001,NEIVA,08567,NEIVA GANA,00015,EDWIN RIVERA NINCO,52
2023,CONCEJO,41001,NEIVA,08567,NEIVA GANA,00016,GUSTAVO VALENCIA QUIROGA,82
2023,CONCEJO,41001,NEIVA,08567,NEIVA GANA,00017,EILYN LORENA LIEVANO,44
2023,CONCEJO,41001,NEIVA,08567,NEIVA GANA,00018,WALTER FABIAN SANCHEZ JIMENEZ,70
2023,CONCEJO,41001,NEIVA,08567,NEIVA GANA,00019,SAHYANA VALDERRAMA GUZMAN,108
2023,CONCEJO,41001,NEIVA,08571,NEIVA CON SEGURIDAD,00000,NEIVA CON SEGURIDAD,80
2023,CONCEJO,41001,NEIVA,08571,NEIVA CON SEGURIDAD,00001,FELIPE RAMIREZ CUELLAR,25
2023,CONCEJO,41001,NEIVA,08571,NEIVA CON SEGURIDAD,00002,JAIME LEONARDO PASCUAS ARIAS,354
2023,CONCEJO,41001,NEIVA,08571,NEIVA CON SEGURIDAD,00003,JAMES ARLEY GIRALDO ROSSO,226
2023,CONCEJO,41001,NEIVA,08571,NEIVA CON SEGURIDAD,00004,FAIBER GUZMAN BARRIOS,104
2023,CONCEJO,41001,NEIVA,08571,NEIVA CON SEGURIDAD,00006,CARLOS ALBERTO BUSTOS CLAVIJO,308
2023,CONCEJO,41001,NEIVA,08571,NEIVA CON SEGURIDAD,00007,JIMMY LEONARDO GUARNIZO JIMENEZ,1062
2023,CONCEJO,41001,NEIVA,08571,NEIVA CON SEGURIDAD,00008,LINA ISABEL YASNO PULIDO,14
2023,CONCEJO,41001,NEIVA,08571,NEIVA CON SEGURIDAD,00009,MARIA LIGIA MOLANO POLANIA,16
2023,CONCEJO,41001,NEIVA,08571,NEIVA CON SEGURIDAD,00010,CAMILO ANDRES VANEGAS HENAO,51
2023,CONCEJO,41001,NEIVA,08571,NEIVA CON SEGURIDAD,00011,OLGA CECILIA DIAZ,33
2023,CONCEJO,41001,NEIVA,08571,NEIVA CON SEGURIDAD,00012,CRISTHIAN ANDRES VIATELA QUIMBAYA,8
2023,CONCEJO,41001,NEIVA,08571,NEIVA CON SEGURIDAD,00013,MARIA DANIELA RODRIGUEZ GONZALEZ,20
2023,CONCEJO,41001,NEIVA,08571,NEIVA CON SEGURIDAD,00014,RENE ALEXANDER ALVAREZ GUZMAN,113
2023,CONCEJO,41001,NEIVA,08571,NEIVA CON SEGURIDAD,00015,NELI PATRICIA CALDERON TENORIO,14
2023,CONCEJO,41001,NEIVA,08571,NEIVA CON SEGURIDAD,00016,PAOLA ANDREA ANTOLINEZ MARMOLEJO,32
2023,CONCEJO,41001,NEIVA,08571,NEIVA CON SEGURIDAD,00017,JAVIER FRANCISCO VARGAS CALDERON,10
2023,CONCEJO,41001,NEIVA,08571,NEIVA CON SEGURIDAD,00018,GUSTAVO ADOLFO CORTES POLANIA,23
2023,CONCEJO,41001,NEIVA,08571,NEIVA CON SEGURIDAD,00019,JORGE LUIS CAICEDO ESTUPIÑAN,687
2023,CONCEJO,41001,NEIVA,08577,UNIDOS POR NEIVA,00000,UNIDOS POR NEIVA,204
2023,CONCEJO,41001,NEIVA,08577,UNIDOS POR NEIVA,00001,ALIX DAYANA SERRANO CASANOVA,178
2023,CONCEJO,41001,NEIVA,08577,UNIDOS POR NEIVA,00002,CARLOS HERNAN TOVAR SOLORZANO,120
2023,CONCEJO,41001,NEIVA,08577,UNIDOS POR NEIVA,00003,JONATHAN TRUJILLO LASSO,1363
2023,CONCEJO,41001,NEIVA,08577,UNIDOS POR NEIVA,00004,URIEL ALEJANDRO PEREZ BOLIVAR,115
2023,CONCEJO,41001,NEIVA,08577,UNIDOS POR NEIVA,00005,ENMANUEL ANTONIO CASTRO POLO,79
2023,CONCEJO,41001,NEIVA,08577,UNIDOS POR NEIVA,00006,MARITZA GARCIA RUEDA,45
2023,CONCEJO,41001,NEIVA,08577,UNIDOS POR NEIVA,00007,GUSTAVO BUENDIA RIVERA,101
2023,CONCEJO,41001,NEIVA,08577,UNIDOS POR NEIVA,00008,OSCAR DANIEL PUENTES MARQUIN,247
2023,CONCEJO,41001,NEIVA,08577,UNIDOS POR NEIVA,00009,DANIELA MEDINA TORO,73
2023,CONCEJO,41001,NEIVA,08577,UNIDOS POR NEIVA,00010,MIGUEL ELIAS MAYA PERDOMO,303
2023,CONCEJO,41001,NEIVA,08577,UNIDOS POR NEIVA,00011,CRISTHIAN RUBTHER BAUTISTA CACHAYA,1936
2023,CONCEJO,41001,NEIVA,08577,UNIDOS POR NEIVA,00012,FABIAN GUILLERMO GARCIA AMAYA,209
2023,CONCEJO,41001,NEIVA,08577,UNIDOS POR NEIVA,00013,JAVIER SANCHEZ MUÑOZ,93
2023,CONCEJO,41001,NEIVA,08577,UNIDOS POR NEIVA,00014,ANGELA TATIANA BALENZUELA SANTOS,89
2023,CONCEJO,41001,NEIVA,08577,UNIDOS POR NEIVA,00015,MARIA EUGENIA NARVAEZ TAFUR,52
2023,CONCEJO,41001,NEIVA,08577,UNIDOS POR NEIVA,00016,ADOLFO LEON GONZALEZ CORDON,24
2023,CONCEJO,41001,NEIVA,08577,UNIDOS POR NEIVA,00017,ILBA CONSTANZA CHAUX HORTA,12
2023,CONCEJO,41001,NEIVA,08577,UNIDOS POR NEIVA,00018,JAVIER PERDOMO VALDERRAMA,175
2023,CONCEJO,41001,NEIVA,08577,UNIDOS POR NEIVA,00019,ALONSO SANDOVAL,1001
2023,CONCEJO,41001,NEIVA,08582,PARTIDO DE LA U Y EL PARTIDO POLITICO MIRA,00000,PARTIDO DE LA U Y EL PARTIDO POLITICO MIRA,319
2023,CONCEJO,41001,NEIVA,08582,PARTIDO DE LA U Y EL PARTIDO POLITICO MIRA,00001,ROBERTO ESCOBAR BELTRAN,1786
2023,CONCEJO,41001,NEIVA,08582,PARTIDO DE LA U Y EL PARTIDO POLITICO MIRA,00002,MARCO ALIRIO CARRASQUILLA RIVERA,681
2023,CONCEJO,41001,NEIVA,08582,PARTIDO DE LA U Y EL PARTIDO POLITICO MIRA,00003,EDUAR IGNACIO BELLO CERON,1563
2023,CONCEJO,41001,NEIVA,08582,PARTIDO DE LA U Y EL PARTIDO POLITICO MIRA,00004,MERCEDES PAOLA CONDE CUENCA,324
2023,CONCEJO,41001,NEIVA,08582,PARTIDO DE LA U Y EL PARTIDO POLITICO MIRA,00005,JOSE LUIS CHACON FAJARDO,169
2023,CONCEJO,41001,NEIVA,08582,PARTIDO DE LA U Y EL PARTIDO POLITICO MIRA,00006,SANDRA MILENA NINCO GUTIERREZ,516
2023,CONCEJO,41001,NEIVA,08582,PARTIDO DE LA U Y EL PARTIDO POLITICO MIRA,00007,CARLOS ERNESTO ALVAREZ OSPINA,1053
2023,CONCEJO,41001,NEIVA,08582,PARTIDO DE LA U Y EL PARTIDO POLITICO MIRA,00008,JUAN CAMILO BELTRAN MEDINA,373
2023,CONCEJO,41001,NEIVA,08582,PARTIDO DE LA U Y EL PARTIDO POLITICO MIRA,00009,JOSE WILDER GAITAN LOZANO,159
2023,CONCEJO,41001,NEIVA,08582,PARTIDO DE LA U Y EL PARTIDO POLITICO MIRA,00010,ANDRES FELIPE GONZALEZ MARROQUIN,104
2023,CONCEJO,41001,NEIVA,08582,PARTIDO DE LA U Y EL PARTIDO POLITICO MIRA,00011,FERNANDO ZORNOSA GALOFRE,31
2023,CONCEJO,41001,NEIVA,08582,PARTIDO DE LA U Y EL PARTIDO POLITICO MIRA,00012,DANIEL AUGUSTO SALGADO HERMOSA,48
2023,CONCEJO,41001,NEIVA,08582,PARTIDO DE LA U Y EL PARTIDO POLITICO MIRA,00013,MARIA BETTY VILLARRIAL FERREIRA,111
2023,CONCEJO,41001,NEIVA,08582,PARTIDO DE LA U Y EL PARTIDO POLITICO MIRA,00014,LETICIA BOLIVAR ANDRADE,77
2023,CONCEJO,41001,NEIVA,08582,PARTIDO DE LA U Y EL PARTIDO POLITICO MIRA,00015,NEREIDA ROSEL SEGURA ORTIZ,102
2023,CONCEJO,41001,NEIVA,08582,PARTIDO DE LA U Y EL PARTIDO POLITICO MIRA,00016,GLADYS CHARRY MARQUINEZ,66
2023,CONCEJO,41001,NEIVA,08582,PARTIDO DE LA U Y EL PARTIDO POLITICO MIRA,00017,YOLANDA LOPEZ GODOY,27
2023,CONCEJO,41001,NEIVA,08582,PARTIDO DE LA U Y EL PARTIDO POLITICO MIRA,00018,VICENTE AVILES,66
2023,CONCEJO,41001,NEIVA,08582,PARTIDO DE LA U Y EL PARTIDO POLITICO MIRA,00019,CRISTHIAN ENRIQUE PEREZ RODRIGUEZ,760
2023,CONCEJO,41001,NEIVA,08648,PACTO HISTORICO COLOMBIA PUEDE,00000,PACTO HISTORICO COLOMBIA PUEDE,1236
2023,CONCEJO,41001,NEIVA,08648,PACTO HISTORICO COLOMBIA PUEDE,00001,LOURDES PAOLA MATEUS SERRANO,2003
2023,CONCEJO,41001,NEIVA,08648,PACTO HISTORICO COLOMBIA PUEDE,00002,JOHANA QUINTERO MERCHAN,390
2023,CONCEJO,41001,NEIVA,08648,PACTO HISTORICO COLOMBIA PUEDE,00003,EUCARIS CASTILLO CAMACHO,410
2023,CONCEJO,41001,NEIVA,08648,PACTO HISTORICO COLOMBIA PUEDE,00004,LUIS HUMBERTO PERDOMO ROMERO,1661
2023,CONCEJO,41001,NEIVA,08648,PACTO HISTORICO COLOMBIA PUEDE,00005,FELIX SANTIAGO PEÑA HOMEZ,707
2023,CONCEJO,41001,NEIVA,08648,PACTO HISTORICO COLOMBIA PUEDE,00006,NEFTALY LOPEZ CUTIVA,789
2023,CONCEJO,41001,NEIVA,08648,PACTO HISTORICO COLOMBIA PUEDE,00007,FRANK BARREIRO SANCHEZ,439
2023,CONCEJO,41001,NEIVA,08648,PACTO HISTORICO COLOMBIA PUEDE,00008,CESAR AUGUSTO OVIEDO GOMEZ,1229
2023,CONCEJO,41001,NEIVA,08648,PACTO HISTORICO COLOMBIA PUEDE,00009,YINA MARCELA SUAREZ CAMPOS,829
2023,CONCEJO,41001,NEIVA,08648,PACTO HISTORICO COLOMBIA PUEDE,00010,JORGE EDSON CASAGUA VELASQUEZ,474
2023,CONCEJO,41001,NEIVA,08648,PACTO HISTORICO COLOMBIA PUEDE,00011,JUAN SEBASTIAN GARAY RUBIANO,318
2023,CONCEJO,41001,NEIVA,08648,PACTO HISTORICO COLOMBIA PUEDE,00012,EDGAR RIAÑO YEPES,344
2023,CONCEJO,41001,NEIVA,08648,PACTO HISTORICO COLOMBIA PUEDE,00013,DANIELA CUBILLOS GIL,225
2023,CONCEJO,41001,NEIVA,08648,PACTO HISTORICO COLOMBIA PUEDE,00014,MARIA CRISTINA CORDOBA GORDO,168
2023,CONCEJO,41001,NEIVA,08648,PACTO HISTORICO COLOMBIA PUEDE,00015,FRANCISCO FRANCO QUINTERO,253
2023,CONCEJO,41001,NEIVA,08648,PACTO HISTORICO COLOMBIA PUEDE,00016,ANGELICA MILENA VARGAS RAMIREZ,130
2023,CONCEJO,41001,NEIVA,08648,PACTO HISTORICO COLOMBIA PUEDE,00017,JOSE ARNOLDO LOPEZ PALENCIA,416
2023,CONCEJO,41001,NEIVA,08648,PACTO HISTORICO COLOMBIA PUEDE,00018,DANIEL FERNANDO HERNANDEZ OLAYA,148
2023,CONCEJO,41006,ACEVEDO,00000,,00996,VOTOS EN BLANCO,461
2023,CONCEJO,41006,ACEVEDO,00000,,00997,VOTOS NULOS,301
2023,CONCEJO,41006,ACEVEDO,00000,,00998,VOTOS NO MARCADOS,1022
2023,CONCEJO,41006,ACEVEDO,00001,PARTIDO LIBERAL COLOMBIANO,00000,PARTIDO LIBERAL COLOMBIANO,53
2023,CONCEJO,41006,ACEVEDO,00001,PARTIDO LIBERAL COLOMBIANO,00001,SALVADOR RODRIGUEZ MORENO,176
2023,CONCEJO,41006,ACEVEDO,00001,PARTIDO LIBERAL COLOMBIANO,00002,JOSE LIZARDO CRUZ PANQUEVA,157
2023,CONCEJO,41006,ACEVEDO,00001,PARTIDO LIBERAL COLOMBIANO,00004,DUBERLEY SALAZAR,40
2023,CONCEJO,41006,ACEVEDO,00001,PARTIDO LIBERAL COLOMBIANO,00005,MELISSA URQUINA MOSQUERA,14
2023,CONCEJO,41006,ACEVEDO,00001,PARTIDO LIBERAL COLOMBIANO,00006,ROBERTO YUCUMA LLANOS,77
2023,CONCEJO,41006,ACEVEDO,00001,PARTIDO LIBERAL COLOMBIANO,00007,AVELINO TOMBE CONDA,36
2023,CONCEJO,41006,ACEVEDO,00001,PARTIDO LIBERAL COLOMBIANO,00008,HUMBERTO TIRADO RODRIGUEZ,73
2023,CONCEJO,41006,ACEVEDO,00001,PARTIDO LIBERAL COLOMBIANO,00009,ADRIANA MILENA SILVA SANTOS,26
2023,CONCEJO,41006,ACEVEDO,00001,PARTIDO LIBERAL COLOMBIANO,00010,REINALDO ORTIZ MARTINEZ,52
2023,CONCEJO,41006,ACEVEDO,00001,PARTIDO LIBERAL COLOMBIANO,00011,GENRY VIDAL TOMBE,61
2023,CONCEJO,41006,ACEVEDO,00001,PARTIDO LIBERAL COLOMBIANO,00012,THALIA ENIDT ORDOÑEZ VILLOTA,54
2023,CONCEJO,41006,ACEVEDO,00001,PARTIDO LIBERAL COLOMBIANO,00013,FLORAIDE FIGUEROA RAMIREZ,88
2023,CONCEJO,41006,ACEVEDO,00002,PARTIDO CONSERVADOR COLOMBIANO,00000,PARTIDO CONSERVADOR COLOMBIANO,69
2023,CONCEJO,41006,ACEVEDO,00002,PARTIDO CONSERVADOR COLOMBIANO,00001,LUIS ANGEL JOVEN RAMOS,187
2023,CONCEJO,41006,ACEVEDO,00002,PARTIDO CONSERVADOR COLOMBIANO,00002,JAIME JARAMILLO MONTEALEGRE,292
2023,CONCEJO,41006,ACEVEDO,00002,PARTIDO CONSERVADOR COLOMBIANO,00003,WILLIAM ROJAS JOVEL,97
2023,CONCEJO,41006,ACEVEDO,00002,PARTIDO CONSERVADOR COLOMBIANO,00004,HERLINTO CHAVARRO CUELLAR,66
2023,CONCEJO,41006,ACEVEDO,00002,PARTIDO CONSERVADOR COLOMBIANO,00005,LUIS HEVERT MOSQUERA CORDOBA,17
2023,CONCEJO,41006,ACEVEDO,00002,PARTIDO CONSERVADOR COLOMBIANO,00006,HERMES MUÑOZ PAZ,81
2023,CONCEJO,41006,ACEVEDO,00002,PARTIDO CONSERVADOR COLOMBIANO,00007,NELSON CORREA ROJAS,143
2023,CONCEJO,41006,ACEVEDO,00002,PARTIDO CONSERVADOR COLOMBIANO,00008,ARELIS MORENO ALAPE,2
2023,CONCEJO,41006,ACEVEDO,00002,PARTIDO CONSERVADOR COLOMBIANO,00009,CLAUDIA VIVIANA BELTRAN MAJE,37
2023,CONCEJO,41006,ACEVEDO,00002,PARTIDO CONSERVADOR COLOMBIANO,00010,WUILSON RAMIREZ SANCHEZ,268
2023,CONCEJO,41006,ACEVEDO,00002,PARTIDO CONSERVADOR COLOMBIANO,00011,FERNEY GUEVARA CORTES,53
2023,CONCEJO,41006,ACEVEDO,00002,PARTIDO CONSERVADOR COLOMBIANO,00012,SONNIA OCHOA CASTRO,5
2023,CONCEJO,41006,ACEVEDO,00002,PARTIDO CONSERVADOR COLOMBIANO,00013,NANCY CLAROS GAMEZ,13
2023,CONCEJO,41006,ACEVEDO,00003,PARTIDO CAMBIO RADICAL,00000,PARTIDO CAMBIO RADICAL,60
2023,CONCEJO,41006,ACEVEDO,00003,PARTIDO CAMBIO RADICAL,00001,JOSE PIOQUINTO MORALES CABANZO,240
2023,CONCEJO,41006,ACEVEDO,00003,PARTIDO CAMBIO RADICAL,00002,JULIO CESAR MOTTA FIGUEROA,163
2023,CONCEJO,41006,ACEVEDO,00003,PARTIDO CAMBIO RADICAL,00003,CARLOS FERNANDO ROJAS OBREGON,10
2023,CONCEJO,41006,ACEVEDO,00003,PARTIDO CAMBIO RADICAL,00004,ANGELICA LOSADA ARIAS,186
2023,CONCEJO,41006,ACEVEDO,00003,PARTIDO CAMBIO RADICAL,00005,EDUIN USECHE GONZALEZ,121
2023,CONCEJO,41006,ACEVEDO,00003,PARTIDO CAMBIO RADICAL,00006,SERGIO FRANCISCO CUELLAR RAMOS,114
2023,CONCEJO,41006,ACEVEDO,00003,PARTIDO CAMBIO RADICAL,00007,FERNANDO ARAMBULA VERGARA,150
2023,CONCEJO,41006,ACEVEDO,00003,PARTIDO CAMBIO RADICAL,00008,LEANDRO GILBETO CORDOBA DELGADO,36
2023,CONCEJO,41006,ACEVEDO,00003,PARTIDO CAMBIO RADICAL,00009,DIANA VANESA HERRERA VARGAS,16
2023,CONCEJO,41006,ACEVEDO,00003,PARTIDO CAMBIO RADICAL,00010,MARYENI LOSADA PERDOMO,56
2023,CONCEJO,41006,ACEVEDO,00003,PARTIDO CAMBIO RADICAL,00011,YAMILET DORADO VARGAS,82
2023,CONCEJO,41006,ACEVEDO,00003,PARTIDO CAMBIO RADICAL,00012,JACOB URQUIJO URQUIJO,12
2023,CONCEJO,41006,ACEVEDO,00003,PARTIDO CAMBIO RADICAL,00013,SANTIAGO QUINTERO ARTUNDUAGA,139
2023,CONCEJO,41006,ACEVEDO,00004,PARTIDO ALIANZA VERDE,00000,PARTIDO ALIANZA VERDE,97
2023,CONCEJO,41006,ACEVEDO,00004,PARTIDO ALIANZA VERDE,00001,EDWIN MOTTA PARRA,364
2023,CONCEJO,41006,ACEVEDO,00004,PARTIDO ALIANZA VERDE,00002,ROBERTO RUBIANO CASTRO,271
2023,CONCEJO,41006,ACEVEDO,00004,PARTIDO ALIANZA VERDE,00003,ALDEMAR MORALES LOAIZA,134
2023,CONCEJO,41006,ACEVEDO,00004,PARTIDO ALIANZA VERDE,00005,WILMER HERNANDEZ PALOMARES,299
2023,CONCEJO,41006,ACEVEDO,00004,PARTIDO ALIANZA VERDE,00006,HERMES ORTIZ IBARRA,357
2023,CONCEJO,41006,ACEVEDO,00004,PARTIDO ALIANZA VERDE,00007,VANESSA VANEGAS BENAVIDES,39
2023,CONCEJO,41006,ACEVEDO,00004,PARTIDO ALIANZA VERDE,00008,JOSE ADOLFO BOLAÑOS,333
2023,CONCEJO,41006,ACEVEDO,00004,PARTIDO ALIANZA VERDE,00009,BERONICA CLARED VEGA VERA,22
2023,CONCEJO,41006,ACEVEDO,00004,PARTIDO ALIANZA VERDE,00010,DORIS PEÑA MOSQUERA,23
2023,CONCEJO,41006,ACEVEDO,00004,PARTIDO ALIANZA VERDE,00011,CAMPO ELIAS ASCENCIO RUBIO,50
2023,CONCEJO,41006,ACEVEDO,00004,PARTIDO ALIANZA VERDE,00012,KATHERINE RODRIGUEZ TRUJILLO,22
2023,CONCEJO,41006,ACEVEDO,00004,PARTIDO ALIANZA VERDE,00013,ALFREDO ORTIZ VARGAS,185
2023,CONCEJO,41006,ACEVEDO,00005,"MOVIMIENTO AUTORIDADES INDÍGENAS DE COLOMBIA ""AICO""",00000,"MOVIMIENTO AUTORIDADES INDÍGENAS DE COLOMBIA ""AICO """,27
2023,CONCEJO,41006,ACEVEDO,00005,"MOVIMIENTO AUTORIDADES INDÍGENAS DE COLOMBIA ""AICO""",00001,ALFREDO TRIVIÑO ALMARIO,133
2023,CONCEJO,41006,ACEVEDO,00005,"MOVIMIENTO AUTORIDADES INDÍGENAS DE COLOMBIA ""AICO""",00002,MILBER RICO GARCIA,257
2023,CONCEJO,41006,ACEVEDO,00005,"MOVIMIENTO AUTORIDADES INDÍGENAS DE COLOMBIA ""AICO""",00003,MARCO ANTONIO GOMEZ URQUINA,5
2023,CONCEJO,41006,ACEVEDO,00005,"MOVIMIENTO AUTORIDADES INDÍGENAS DE COLOMBIA ""AICO""",00004,LUISA FERNANDA ISAZA TOLEDO,3
2023,CONCEJO,41006,ACEVEDO,00005,"MOVIMIENTO AUTORIDADES INDÍGENAS DE COLOMBIA ""AICO""",00005,KAREN JULIANA GUERRERO ANTURI,19
2023,CONCEJO,41006,ACEVEDO,00005,"MOVIMIENTO AUTORIDADES INDÍGENAS DE COLOMBIA ""AICO""",00006,LUIS MARIA UNI UNI,35
2023,CONCEJO,41006,ACEVEDO,00005,"MOVIMIENTO AUTORIDADES INDÍGENAS DE COLOMBIA ""AICO""",00007,YEILER ALFREDO CALDERON POLANIA,6
2023,CONCEJO,41006,ACEVEDO,00005,"MOVIMIENTO AUTORIDADES INDÍGENAS DE COLOMBIA ""AICO""",00008,ANDRES PERDOMO,3
2023,CONCEJO,41006,ACEVEDO,00005,"MOVIMIENTO AUTORIDADES INDÍGENAS DE COLOMBIA ""AICO""",00009,SEBASTIAN CLAROS VELASCO,2
2023,CONCEJO,41006,ACEVEDO,00005,"MOVIMIENTO AUTORIDADES INDÍGENAS DE COLOMBIA ""AICO""",00010,CONSTANZA UNI CALDERON,5
2023,CONCEJO,41006,ACEVEDO,00005,"MOVIMIENTO AUTORIDADES INDÍGENAS DE COLOMBIA ""AICO""",00011,EDILMER GOMEZ CAICEDO,5
2023,CONCEJO,41006,ACEVEDO,00005,"MOVIMIENTO AUTORIDADES INDÍGENAS DE COLOMBIA ""AICO""",00012,PAOLA ANDREA MAJE RAMIREZ,1
2023,CONCEJO,41006,ACEVEDO,00005,"MOVIMIENTO AUTORIDADES INDÍGENAS DE COLOMBIA ""AICO""",00013,HUMBERTO PEÑA AGUDELO,49
2023,CONCEJO,41006,ACEVEDO,00006,"PARTIDO ALIANZA SOCIAL INDEPENDIENTE ""ASI""",00000,"PARTIDO ALIANZA SOCIAL INDEPENDIENTE ""ASI""",71
2023,CONCEJO,41006,ACEVEDO,00006,"PARTIDO ALIANZA SOCIAL INDEPENDIENTE ""ASI""",00001,EDUIN EFREN VERGARA ORTIZ,403
2023,CONCEJO,41006,ACEVEDO,00006,"PARTIDO ALIANZA SOCIAL INDEPENDIENTE ""ASI""",00002,JORGE ARTURO POLANIA PERLAZA,363
2023,CONCEJO,41006,ACEVEDO,00006,"PARTIDO ALIANZA SOCIAL INDEPENDIENTE ""ASI""",00003,PATRICIA ESPINOSA ALMARIO,22
2023,CONCEJO,41006,ACEVEDO,00006,"PARTIDO ALIANZA SOCIAL INDEPENDIENTE ""ASI""",00004,DERLY NATALIA MURCIA GONZALEZ,26
2023,CONCEJO,41006,ACEVEDO,00006,"PARTIDO ALIANZA SOCIAL INDEPENDIENTE ""ASI""",00005,JAIRO MOLINA PEÑA,191
2023,CONCEJO,41006,ACEVEDO,00006,"PARTIDO ALIANZA SOCIAL INDEPENDIENTE ""ASI""",00006,LUIS FERNANDO ORTIZ ZAMORA,58
2023,CONCEJO,41006,ACEVEDO,00006,"PARTIDO ALIANZA SOCIAL INDEPENDIENTE ""ASI""",00007,FAUNER GARCES OYOLA,171
2023,CONCEJO,41006,ACEVEDO,00006,"PARTIDO ALIANZA SOCIAL INDEPENDIENTE ""ASI""",00008,CESAR CAPERA LOSADA,10
2023,CONCEJO,41006,ACEVEDO,00006,"PARTIDO ALIANZA SOCIAL INDEPENDIENTE ""ASI""",00009,YESSICA DELGADO ORTIZ,12
2023,CONCEJO,41006,ACEVEDO,00006,"PARTIDO ALIANZA SOCIAL INDEPENDIENTE ""ASI""",00010,JUAN DE DIOS TORRES TORRES,191
2023,CONCEJO,41006,ACEVEDO,00006,"PARTIDO ALIANZA SOCIAL INDEPENDIENTE ""ASI""",00011,DERLY TATIANA MURCIA CASTRO,8
2023,CONCEJO,41006,ACEVEDO,00006,"PARTIDO ALIANZA SOCIAL INDEPENDIENTE ""ASI""",00012,JOSE LIBORIO ANTURI CUELLAR,11
2023,CONCEJO,41006,ACEVEDO,00006,"PARTIDO ALIANZA SOCIAL INDEPENDIENTE ""ASI""",00013,JAIR AVILA BERMUDEZ,511
2023,CONCEJO,41006,ACEVEDO,00011,PARTIDO CENTRO DEMOCRÁTICO,00000,PARTIDO CENTRO DEMOCRÁTICO,76
2023,CONCEJO,41006,ACEVEDO,00011,PARTIDO CENTRO DEMOCRÁTICO,00001,ALDEMAR ALVARADO MENDIETA,213
2023,CONCEJO,41006,ACEVEDO,00011,PARTIDO CENTRO DEMOCRÁTICO,00002,JOSE MANUEL HERNANDEZ OSORIO,70
2023,CONCEJO,41006,ACEVEDO,00011,PARTIDO CENTRO DEMOCRÁTICO,00003,JACQUELINE GARCIA VAQUIRO,34
2023,CONCEJO,41006,ACEVEDO,00012,"MOVIMIENTO ALTERNATIVO INDÍGENA Y SOCIAL ""MAIS""",00000,"MOVIMIENTO ALTERNATIVO INDÍGENA Y SOCIAL ""MAIS""",101
2023,CONCEJO,41006,ACEVEDO,00012,"MOVIMIENTO ALTERNATIVO INDÍGENA Y SOCIAL ""MAIS""",00001,LUISA ALEJANDRA ROJAS PEREA,314
2023,CONCEJO,41006,ACEVEDO,00012,"MOVIMIENTO ALTERNATIVO INDÍGENA Y SOCIAL ""MAIS""",00002,JOSE VICENTE MOLINA AROCA,188
2023,CONCEJO,41006,ACEVEDO,00012,"MOVIMIENTO ALTERNATIVO INDÍGENA Y SOCIAL ""MAIS""",00003,MARLENI CALDERON RAMIREZ,53
2023,CONCEJO,41006,ACEVEDO,00012,"MOVIMIENTO ALTERNATIVO INDÍGENA Y SOCIAL ""MAIS""",00004,JIMY GERMAN PORTILLA FERNANDEZ,166
2023,CONCEJO,41006,ACEVEDO,00012,"MOVIMIENTO ALTERNATIVO INDÍGENA Y SOCIAL ""MAIS""",00005,FELIO COLLAZOS SILVA,148
2023,CONCEJO,41006,ACEVEDO,00012,"MOVIMIENTO ALTERNATIVO INDÍGENA Y SOCIAL ""MAIS""",00006,LEYDI YANID MENDOZA GUZMAN,313
2023,CONCEJO,41006,ACEVEDO,00012,"MOVIMIENTO ALTERNATIVO INDÍGENA Y SOCIAL ""MAIS""",00007,TEOFILO MUÑOZ CARRILLO,13
2023,CONCEJO,41006,ACEVEDO,00012,"MOVIMIENTO ALTERNATIVO INDÍGENA Y SOCIAL ""MAIS""",00008,JESUS ALIRIO CUELLAR MOTTA,144
2023,CONCEJO,41006,ACEVEDO,00012,"MOVIMIENTO ALTERNATIVO INDÍGENA Y SOCIAL ""MAIS""",00009,HEIDY PAOLA GOMEZ MONTIEL,17
2023,CONCEJO,41006,ACEVEDO,00012,"MOVIMIENTO ALTERNATIVO INDÍGENA Y SOCIAL ""MAIS""",00010,JOSE DIVAN MAMIAN RENGIFO,231
2023,CONCEJO,41006,ACEVEDO,00012,"MOVIMIENTO ALTERNATIVO INDÍGENA Y SOCIAL ""MAIS""",00011,JIMMY ANDREY CAPERA TAPIERO,76
2023,CONCEJO,41006,ACEVEDO,00012,"MOVIMIENTO ALTERNATIVO INDÍGENA Y SOCIAL ""MAIS""",00012,GUSTAVO ORTIZ ALVARADO,150
2023,CONCEJO,41006,ACEVEDO,00012,"MOVIMIENTO ALTERNATIVO INDÍGENA Y SOCIAL ""MAIS""",00013,HUMBERTO LOPEZ CALDERON,43
2023,CONCEJO,41006,ACEVEDO,00018,MOVIMIENTO POLÍTICO COLOMBIA HUMANA,00000,MOVIMIENTO POLÍTICO COLOMBIA HUMANA,19
2023,CONCEJO,41006,ACEVEDO,00018,MOVIMIENTO POLÍTICO COLOMBIA HUMANA,00001,NICOLAS ESTEBAN VAQUIRO GARCIA,84
2023,CONCEJO,41006,ACEVEDO,00018,MOVIMIENTO POLÍTICO COLOMBIA HUMANA,00002,PEDRO ANTONIO CAMPO,10
2023,CONCEJO,41006,ACEVEDO,00018,MOVIMIENTO POLÍTICO COLOMBIA HUMANA,00003,KERLY ROCIO HERNANDEZ PANQUEVA,2
2023,CONCEJO,41006,ACEVEDO,00018,MOVIMIENTO POLÍTICO COLOMBIA HUMANA,00004,LEIDY ALEXANDRA GONZALEZ MAJE,2
2023,CONCEJO,41006,ACEVEDO,00019,PARTIDO NUEVO LIBERALISMO,00000,PARTIDO NUEVO LIBERALISMO,50
2023,CONCEJO,41006,ACEVEDO,00026,PARTIDO POLÍTICO LA FUERZA DE LA PAZ,00000,PARTIDO POLÍTICO LA FUERZA DE LA PAZ,26
2023,CONCEJO,41006,ACEVEDO,00026,PARTIDO POLÍTICO LA FUERZA DE LA PAZ,00001,EDILSON LOSADA CASTRO,142
2023,CONCEJO,41006,ACEVEDO,00026,PARTIDO POLÍTICO LA FUERZA DE LA PAZ,00002,MERCEDES TARAZONA HERNANDEZ,26
2023,CONCEJO,41006,ACEVEDO,00026,PARTIDO POLÍTICO LA FUERZA DE LA PAZ,00003,AYMER LLANOS GONZALEZ,27
2023,CONCEJO,41006,ACEVEDO,00026,PARTIDO POLÍTICO LA FUERZA DE LA PAZ,00004,JOHN ERY MARTINEZ FLOREZ,166
2023,CONCEJO,41006,ACEVEDO,00026,PARTIDO POLÍTICO LA FUERZA DE LA PAZ,00005,GLORIA PEDRAZA AVILA,50
2023,CONCEJO,41006,ACEVEDO,00026,PARTIDO POLÍTICO LA FUERZA DE LA PAZ,00006,MARIO ALEJANDRO GOMEZ VAQUIRO,76
2023,CONCEJO,41006,ACEVEDO,00026,PARTIDO POLÍTICO LA FUERZA DE LA PAZ,00007,JAIME MAJE ESPAÑA,18
2023,CONCEJO,41006,ACEVEDO,00026,PARTIDO POLÍTICO LA FUERZA DE LA PAZ,00008,ORLANDO DORADO BOLAÑOS,11
2023,CONCEJO,41006,ACEVEDO,00026,PARTIDO POLÍTICO LA FUERZA DE LA PAZ,00009,NIDIA SANDRA CUELLAR,68
2023,CONCEJO,41006,ACEVEDO,00026,PARTIDO POLÍTICO LA FUERZA DE LA PAZ,00010,ONEIR CASTRILLON CORTES,79
2023,CONCEJO,41006,ACEVEDO,00026,PARTIDO POLÍTICO LA FUERZA DE LA PAZ,00011,MARICELLY CHAVARRO CALDERON,2
2023,CONCEJO,41006,ACEVEDO,00026,PARTIDO POLÍTICO LA FUERZA DE LA PAZ,00012,ABILIO YUSTRE JOVEN,133
2023,CONCEJO,41006,ACEVEDO,00037,MOVIMIENTO POLITICO FUERZA CIUDADANA,00000,MOVIMIENTO POLITICO FUERZA CIUDADANA,11
2023,CONCEJO,41006,ACEVEDO,00037,MOVIMIENTO POLITICO FUERZA CIUDADANA,00001,LUISA FERNANDA SILVA HERNANDEZ,15
2023,CONCEJO,41006,ACEVEDO,00037,MOVIMIENTO POLITICO FUERZA CIUDADANA,00002,PAOLA ANDREA RODRIGUEZ ORTIZ,10
2023,CONCEJO,41006,ACEVEDO,00037,MOVIMIENTO POLITICO FUERZA CIUDADANA,00003,JAIME ANTONIO MARTINEZ VILLAR,17
2023,CONCEJO,41006,ACEVEDO,00037,MOVIMIENTO POLITICO FUERZA CIUDADANA,00004,GUSTAVO ADOLFO PLAZAS PEREZ,53
2023,CONCEJO,41006,ACEVEDO,00037,MOVIMIENTO POLITICO FUERZA CIUDADANA,00005,OSCAR EDUARDO CERQUERA TOVAR,1
2023,CONCEJO,41006,ACEVEDO,00037,MOVIMIENTO POLITICO FUERZA CIUDADANA,00006,JORGE LUIS QUINTERO QUINTERO,31
2023,CONCEJO,41013,AGRADO,00000,,00996,VOTOS EN BLANCO,158
2023,CONCEJO,41013,AGRADO,00000,,00997,VOTOS NULOS,189
2023,CONCEJO,41013,AGRADO,00000,,00998,VOTOS NO MARCADOS,235
2023,CONCEJO,41013,AGRADO,00001,PARTIDO LIBERAL COLOMBIANO,00000,PARTIDO LIBERAL COLOMBIANO,49
2023,CONCEJO,41013,AGRADO,00001,PARTIDO LIBERAL COLOMBIANO,00001,DUBY LEICI ORTIZ,124
2023,CONCEJO,41013,AGRADO,00001,PARTIDO LIBERAL COLOMBIANO,00002,EDGAR SUAREZ CALDERON,328
2023,CONCEJO,41013,AGRADO,00001,PARTIDO LIBERAL COLOMBIANO,00003,JUAN BAUTISTA SEGURA SILVA,306
2023,CONCEJO,41013,AGRADO,00001,PARTIDO LIBERAL COLOMBIANO,00004,CARLOS ALBERTO MORERA TRUJILLO,186
2023,CONCEJO,41013,AGRADO,00001,PARTIDO LIBERAL COLOMBIANO,00005,MARIA RAQUEL VALDERRAMA MENDEZ,107
2023,CONCEJO,41013,AGRADO,00001,PARTIDO LIBERAL COLOMBIANO,00006,MADORI GONZALEZ ESCARPETA,50
2023,CONCEJO,41013,AGRADO,00001,PARTIDO LIBERAL COLOMBIANO,00007,FABIO FARID URRIAGO TRUJILLO,136
2023,CONCEJO,41013,AGRADO,00001,PARTIDO LIBERAL COLOMBIANO,00008,IRMA MERCEDES MUÑOZ VELA,49
2023,CONCEJO,41013,AGRADO,00001,PARTIDO LIBERAL COLOMBIANO,00009,TITO TORRES SARRIA,302
2023,CONCEJO,41013,AGRADO,00002,PARTIDO CONSERVADOR COLOMBIANO,00000,PARTIDO CONSERVADOR COLOMBIANO,50
2023,CONCEJO,41013,AGRADO,00002,PARTIDO CONSERVADOR COLOMBIANO,00001,YIMY FERNEY ALMARIO RODRIGUEZ,26
2023,CONCEJO,41013,AGRADO,00002,PARTIDO CONSERVADOR COLOMBIANO,00002,BERTILDA RAMIREZ VALDERRAMA,409
2023,CONCEJO,41013,AGRADO,00002,PARTIDO CONSERVADOR COLOMBIANO,00003,CONSTANTINO SIERRA BUENDIA,152
2023,CONCEJO,41013,AGRADO,00002,PARTIDO CONSERVADOR COLOMBIANO,00004,CARMENZA ANGUCHO PERDOMO,35
2023,CONCEJO,41013,AGRADO,00002,PARTIDO CONSERVADOR COLOMBIANO,00005,ORLANDO ALBEIRO ALVARADO ALVARADO,71
2023,CONCEJO,41013,AGRADO,00002,PARTIDO CONSERVADOR COLOMBIANO,00006,JESUS ANDRES BALLESTEROS VEGA,300
2023,CONCEJO,41013,AGRADO,00002,PARTIDO CONSERVADOR COLOMBIANO,00007,CAROLINA MESA TRUJILLO,62
2023,CONCEJO,41013,AGRADO,00002,PARTIDO CONSERVADOR COLOMBIANO,00008,JAIRO FERNANDEZ CALDERON,230
2023,CONCEJO,41013,AGRADO,00002,PARTIDO CONSERVADOR COLOMBIANO,00009,JUAN MANUEL MORERA TRUJILLO,247
2023,CONCEJO,41013,AGRADO,00003,PARTIDO CAMBIO RADICAL,00000,PARTIDO CAMBIO RADICAL,9
2023,CONCEJO,41013,AGRADO,00003,PARTIDO CAMBIO RADICAL,00001,JOSE ESAUC ESCALANTE,242
2023,CONCEJO,41013,AGRADO,00003,PARTIDO CAMBIO RADICAL,00002,JEISONN HUMBERTO SALAZAR PEÑA,92
2023,CONCEJO,41013,AGRADO,00003,PARTIDO CAMBIO RADICAL,00003,MANUEL ALEJANDRO VARGAS MENDEZ,110
2023,CONCEJO,41013,AGRADO,00003,PARTIDO CAMBIO RADICAL,00004,ANA MILENA BRAVO MEJIA,109
2023,CONCEJO,41013,AGRADO,00003,PARTIDO CAMBIO RADICAL,00005,MARIA MERCEDES OSPINA VICTORIA,49
2023,CONCEJO,41013,AGRADO,00003,PARTIDO CAMBIO RADICAL,00006,JHON JAIRO ESPAÑA ANDRADE,42
2023,CONCEJO,41013,AGRADO,00003,PARTIDO CAMBIO RADICAL,00007,MARIO ALEJANDRO GASCA CELIS,73
2023,CONCEJO,41013,AGRADO,00003,PARTIDO CAMBIO RADICAL,00008,MAGALLY FIGUEROA CALDERON,9
2023,CONCEJO,41013,AGRADO,00003,PARTIDO CAMBIO RADICAL,00009,JUAN JOSE GONZALEZ GONZALEZ,83
2023,CONCEJO,41013,AGRADO,00008,PARTIDO DE LA UNIÓN POR LA GENTE - PARTIDO DE LA U,00000,PARTIDO DE LA UNIÓN POR LA GENTE - PARTIDO DE LA U,9
2023,CONCEJO,41013,AGRADO,00008,PARTIDO DE LA UNIÓN POR LA GENTE - PARTIDO DE LA U,00001,CARLOS ANDRES SUAREZ MENDEZ,528
2023,CONCEJO,41013,AGRADO,00008,PARTIDO DE LA UNIÓN POR LA GENTE - PARTIDO DE LA U,00002,JAUMER PALOMINO GONZALEZ,127
2023,CONCEJO,41013,AGRADO,00008,PARTIDO DE LA UNIÓN POR LA GENTE - PARTIDO DE LA U,00003,ALBEIRO RIOS NAVEROS,68
2023,CONCEJO,41013,AGRADO,00008,PARTIDO DE LA UNIÓN POR LA GENTE - PARTIDO DE LA U,00004,FREYDER ARLEY MUÑOZ SARRIAS,132
2023,CONCEJO,41013,AGRADO,00008,PARTIDO DE LA UNIÓN POR LA GENTE - PARTIDO DE LA U,00005,LILIANA PEREZ QUINTERO,13
2023,CONCEJO,41013,AGRADO,00008,PARTIDO DE LA UNIÓN POR LA GENTE - PARTIDO DE LA U,00006,CESAR ALBEIRO GUTIERREZ ESPINOSA,102
2023,CONCEJO,41013,AGRADO,00008,PARTIDO DE LA UNIÓN POR LA GENTE - PARTIDO DE LA U,00007,MARIA DEL CARMEN OSPINA RINCON,44
2023,CONCEJO,41013,AGRADO,00008,PARTIDO DE LA UNIÓN POR LA GENTE - PARTIDO DE LA U,00008,ERNESTO VARGAS RODRIGUEZ,127
2023,CONCEJO,41013,AGRADO,00008,PARTIDO DE LA UNIÓN POR LA GENTE - PARTIDO DE LA U,00009,DILSA CHAVARRO ROJAS,67
2023,CONCEJO,41013,AGRADO,00023,PARTIDO LIGA GOBERNANTES ANTICORRUPCIÓN - LIGA,00000,PARTIDO LIGA GOBERNANTES ANTICORRUPCIÓN - LIGA,1
2023,CONCEJO,41013,AGRADO,00023,PARTIDO LIGA GOBERNANTES ANTICORRUPCIÓN - LIGA,00001,RODRIGO VALDERRAMA BELTRAN,38
2023,CONCEJO,41013,AGRADO,00023,PARTIDO LIGA GOBERNANTES ANTICORRUPCIÓN - LIGA,00002,DEYANIRA SANCHEZ TIERRADENTRO,29
2023,CONCEJO,41013,AGRADO,00023,PARTIDO LIGA GOBERNANTES ANTICORRUPCIÓN - LIGA,00003,DUVAN ERNESTO JARA POLO,31
2023,CONCEJO,41013,AGRADO,00023,PARTIDO LIGA GOBERNANTES ANTICORRUPCIÓN - LIGA,00004,YANETH ORDOÑEZ CASAMACHIN,37
2023,CONCEJO,41013,AGRADO,00023,PARTIDO LIGA GOBERNANTES ANTICORRUPCIÓN - LIGA,00005,FABIAN SEBASTIAN DIAZ BETANCOURTH,33
2023,CONCEJO,41013,AGRADO,00023,PARTIDO LIGA GOBERNANTES ANTICORRUPCIÓN - LIGA,00006,JUAN JOSE CARDENAS RAMOS,9
2023,CONCEJO,41013,AGRADO,00023,PARTIDO LIGA GOBERNANTES ANTICORRUPCIÓN - LIGA,00007,JUDY MERCEDES ALMARIO ESCALANTE,20
2023,CONCEJO,41016,AIPE,00000,,00996,VOTOS EN BLANCO,308
2023,CONCEJO,41016,AIPE,00000,,00997,VOTOS NULOS,215
2023,CONCEJO,41016,AIPE,00000,,00998,VOTOS NO MARCADOS,509
2023,CONCEJO,41016,AIPE,00001,PARTIDO LIBERAL COLOMBIANO,00000,PARTIDO LIBERAL COLOMBIANO,40
2023,CONCEJO,41016,AIPE,00001,PARTIDO LIBERAL COLOMBIANO,00001,BAUDELINO MORA ORJUELA,98
2023,CONCEJO,41016,AIPE,00001,PARTIDO LIBERAL COLOMBIANO,00002,MARTHA LILIANA SANCHEZ DUSSAN,217
2023,CONCEJO,41016,AIPE,00001,PARTIDO LIBERAL COLOMBIANO,00003,JOSE ANDRES LASSO SANCHEZ,108
2023,CONCEJO,41016,AIPE,00001,PARTIDO LIBERAL COLOMBIANO,00004,KAREN YULIETH CASTILLO CHARRY,98
2023,CONCEJO,41016,AIPE,00001,PARTIDO LIBERAL COLOMBIANO,00005,ADRIANO DELGADO GUTIERREZ,90
2023,CONCEJO,41016,AIPE,00001,PARTIDO LIBERAL COLOMBIANO,00006,GUILLERMO SANCHEZ QUINTERO,62
2023,CONCEJO,41016,AIPE,00001,PARTIDO LIBERAL COLOMBIANO,00007,RUBEN DARIO MALDONADO GALLEGO,73
2023,CONCEJO,41016,AIPE,00001,PARTIDO LIBERAL COLOMBIANO,00008,PEDRO ENIL RUIZ LASSO,10
2023,CONCEJO,41016,AIPE,00001,PARTIDO LIBERAL COLOMBIANO,00009,YOLANDA MEDINA NARVAEZ,90
2023,CONCEJO,41016,AIPE,00001,PARTIDO LIBERAL COLOMBIANO,00010,VIVIANA ALEXANDRA GUTIERREZ QUIROGA,40
2023,CONCEJO,41016,AIPE,00001,PARTIDO LIBERAL COLOMBIANO,00011,JHON WALTER ANDRADE TOVAR,228
2023,CONCEJO,41016,AIPE,00002,PARTIDO CONSERVADOR COLOMBIANO,00000,PARTIDO CONSERVADOR COLOMBIANO,25
2023,CONCEJO,41016,AIPE,00002,PARTIDO CONSERVADOR COLOMBIANO,00001,ELI CUBILLOS RUBIANO,431
2023,CONCEJO,41016,AIPE,00002,PARTIDO CONSERVADOR COLOMBIANO,00002,EDNA MILENA LAGUNA RAMIREZ,130
2023,CONCEJO,41016,AIPE,00002,PARTIDO CONSERVADOR COLOMBIANO,00004,CARLOS CIFUENTES CHARRY,7
2023,CONCEJO,41016,AIPE,00002,PARTIDO CONSERVADOR COLOMBIANO,00005,EDWIN FABIAN AVILES OLIVERA,14
2023,CONCEJO,41016,AIPE,00002,PARTIDO CONSERVADOR COLOMBIANO,00006,HARY VALENTINA CULMA OVIEDO,3
2023,CONCEJO,41016,AIPE,00002,PARTIDO CONSERVADOR COLOMBIANO,00007,LUISA DAYANA GUZMAN MORALES,111
2023,CONCEJO,41016,AIPE,00003,PARTIDO CAMBIO RADICAL,00000,PARTIDO CAMBIO RADICAL,50
2023,CONCEJO,41016,AIPE,00003,PARTIDO CAMBIO RADICAL,00001,MARCELA MORALES LEON,194
2023,CONCEJO,41016,AIPE,00003,PARTIDO CAMBIO RADICAL,00002,ANDREA PAOLA SERRANO CHARRY,329
2023,CONCEJO,41016,AIPE,00003,PARTIDO CAMBIO RADICAL,00003,OSCAR EDUARDO LOPEZ ROJAS,130
2023,CONCEJO,41016,AIPE,00003,PARTIDO CAMBIO RADICAL,00004,YOLMAR ALEXIS GARZON GARCIA,254
2023,CONCEJO,41016,AIPE,00003,PARTIDO CAMBIO RADICAL,00005,JORGE FELIPE LEON ORTIZ,441
2023,CONCEJO,41016,AIPE,00003,PARTIDO CAMBIO RADICAL,00006,JEIMY VANESSA SALINAS GIRALDO,189
2023,CONCEJO,41016,AIPE,00003,PARTIDO CAMBIO RADICAL,00007,MARCO ANDRES CAMPOS MONTEALEGRE,247
2023,CONCEJO,41016,AIPE,00003,PARTIDO CAMBIO RADICAL,00008,GRACIELA DIAZ SUAREZ,175
2023,CONCEJO,41016,AIPE,00003,PARTIDO CAMBIO RADICAL,00009,LUIS MESIAS QUIROGA NARVAEZ,77
2023,CONCEJO,41016,AIPE,00003,PARTIDO CAMBIO RADICAL,00010,CARLOS EDUARDO DIAZ LEON,241
2023,CONCEJO,41016,AIPE,00003,PARTIDO CAMBIO RADICAL,00011,GUILLERMO ALBERTO TOVAR GONZALEZ,375
2023,CONCEJO,41016,AIPE,00004,PARTIDO ALIANZA VERDE,00000,PARTIDO ALIANZA VERDE,24
2023,CONCEJO,41016,AIPE,00004,PARTIDO ALIANZA VERDE,00001,MICHEL REYES HERNANDEZ,49
2023,CONCEJO,41016,AIPE,00004,PARTIDO ALIANZA VERDE,00002,HEIDY JOHANA MEDINA GARZON,197
2023,CONCEJO,41016,AIPE,00004,PARTIDO ALIANZA VERDE,00003,SILVERIO OYOLA LEYTON,12
2023,CONCEJO,41016,AIPE,00004,PARTIDO ALIANZA VERDE,00004,ANGELA CECILIA BENITEZ OLAYA,6
2023,CONCEJO,41016,AIPE,00004,PARTIDO ALIANZA VERDE,00005,GUILLERMO ROA TOVAR,13
2023,CONCEJO,41016,AIPE,00004,PARTIDO ALIANZA VERDE,00006,HEIDY LORENA LOSADA MAYOR,12
2023,CONCEJO,41016,AIPE,00004,PARTIDO ALIANZA VERDE,00007,WILMER MORENO GUTIERREZ,528
2023,CONCEJO,41016,AIPE,00004,PARTIDO ALIANZA VERDE,00008,JUAN FRANCISCO PERDOMO MORENO,5
2023,CONCEJO,41016,AIPE,00008,PARTIDO DE LA UNIÓN POR LA GENTE - PARTIDO DE LA U,00000,PARTIDO DE LA UNIÓN POR LA GENTE - PARTIDO DE LA U,33
2023,CONCEJO,41016,AIPE,00008,PARTIDO DE LA UNIÓN POR LA GENTE - PARTIDO DE LA U,00001,EDUARDO MOSQUERA LASSO,217
2023,CONCEJO,41016,AIPE,00008,PARTIDO DE LA UNIÓN POR LA GENTE - PARTIDO DE LA U,00002,JOSE HERMINSON CESPEDES GARZON,364
2023,CONCEJO,41016,AIPE,00008,PARTIDO DE LA UNIÓN POR LA GENTE - PARTIDO DE LA U,00003,CLAUDIA XIMENA MONTES ALDANA,56
2023,CONCEJO,41016,AIPE,00008,PARTIDO DE LA UNIÓN POR LA GENTE - PARTIDO DE LA U,00004,WILLIAM FERNANDO PEÑA GUEVARA,166
2023,CONCEJO,41016,AIPE,00008,PARTIDO DE LA UNIÓN POR LA GENTE - PARTIDO DE LA U,00005,HOLDERS ALONSO CONDE HERRERA,138
2023,CONCEJO,41016,AIPE,00008,PARTIDO DE LA UNIÓN POR LA GENTE - PARTIDO DE LA U,00006,JOSE HELMER ANDRADE POLANIA,166
2023,CONCEJO,41016,AIPE,00008,PARTIDO DE LA UNIÓN POR LA GENTE - PARTIDO DE LA U,00008,LEIDY MANUELA GUTIERREZ RAMIREZ,5
2023,CONCEJO,41016,AIPE,00008,PARTIDO DE LA UNIÓN POR LA GENTE - PARTIDO DE LA U,00009,SANDRA MILENA NIETO GARZON,66
2023,CONCEJO,41016,AIPE,00008,PARTIDO DE LA UNIÓN POR LA GENTE - PARTIDO DE LA U,00011,GENTIL QUINTERO ARCINIEGAS,130
2023,CONCEJO,41016,AIPE,00011,PARTIDO CENTRO DEMOCRÁTICO,00000,PARTIDO CENTRO DEMOCRÁTICO,89
2023,CONCEJO,41016,AIPE,00019,PARTIDO NUEVO LIBERALISMO,00000,PARTIDO NUEVO LIBERALISMO,15
2023,CONCEJO,41016,AIPE,00019,PARTIDO NUEVO LIBERALISMO,00001,LUZ STELLA BENEDETTI FERNANDEZ,43
2023,CONCEJO,41016,AIPE,00019,PARTIDO NUEVO LIBERALISMO,00002,CESAR AUGUSTO DUSSAN QUIROGA,130
2023,CONCEJO,41016,AIPE,00019,PARTIDO NUEVO LIBERALISMO,00003,BRENDA CHARRY LASSO,75
2023,CONCEJO,41016,AIPE,00019,PARTIDO NUEVO LIBERALISMO,00004,EDNA VIVIANA CHARRY LASSO,69
2023,CONCEJO,41016,AIPE,00019,PARTIDO NUEVO LIBERALISMO,00005,FABIO GARCIA OSORIO,13
2023,CONCEJO,41016,AIPE,00019,PARTIDO NUEVO LIBERALISMO,00006,MARIA ALEJANDRA MEDINA FAJARDO,59
2023,CONCEJO,41016,AIPE,00019,PARTIDO NUEVO LIBERALISMO,00007,MARTHA GLADYS GONZALEZ DUQUE,45
2023,CONCEJO,41016,AIPE,00021,PARTIDO VERDE OXÍGENO,00000,PARTIDO VERDE OXÍGENO,7
2023,CONCEJO,41016,AIPE,00021,PARTIDO VERDE OXÍGENO,00001,CARLOS ALBERTO VARGAS MORA,54
2023,CONCEJO,41016,AIPE,00021,PARTIDO VERDE OXÍGENO,00002,LUZ MARY CALDERON MAHECHA,66
2023,CONCEJO,41016,AIPE,00021,PARTIDO VERDE OXÍGENO,00003,LUZ MARY AVILES,18
2023,CONCEJO,41016,AIPE,00021,PARTIDO VERDE OXÍGENO,00004,VALENTINA HORTA RAMIREZ,24
2023,CONCEJO,41016,AIPE,00021,PARTIDO VERDE OXÍGENO,00005,MILTON JAVIER ANILLO ARIAS,14
2023,CONCEJO,41016,AIPE,00021,PARTIDO VERDE OXÍGENO,00006,OMAIRA VILLAMIZAR GUTIERREZ,3
2023,CONCEJO,41016,AIPE,00021,PARTIDO VERDE OXÍGENO,00007,FABIO NELSON GARCIA,32
2023,CONCEJO,41016,AIPE,00021,PARTIDO VERDE OXÍGENO,00008,ISMAEL PABON URIBES,4
2023,CONCEJO,41016,AIPE,00021,PARTIDO VERDE OXÍGENO,00009,MARIA ALEXANDRA PUENTES HORTA,19
2023,CONCEJO,41016,AIPE,00021,PARTIDO VERDE OXÍGENO,00010,DANIELA ANDRADE DUQUE,3
2023,CONCEJO,41016,AIPE,00021,PARTIDO VERDE OXÍGENO,00011,YESICA TATIANA RAMIREZ MEJIA,1
2023,CONCEJO,41016,AIPE,00026,PARTIDO POLÍTICO LA FUERZA DE LA PAZ,00000,PARTIDO POLÍTICO LA FUERZA DE LA PAZ,28
2023,CONCEJO,41016,AIPE,00026,PARTIDO POLÍTICO LA FUERZA DE LA PAZ,00001,MARIA ANGELICA ACOSTA BUITRAGO,160
2023,CONCEJO,41016,AIPE,00026,PARTIDO POLÍTICO LA FUERZA DE LA PAZ,00002,CARLOS IVAN GARZON CHARRY,146
2023,CONCEJO,41016,AIPE,00026,PARTIDO POLÍTICO LA FUERZA DE LA PAZ,00003,RAFAEL RICARDO HOYOS RAMIREZ,191
2023,CONCEJO,41016,AIPE,00026,PARTIDO POLÍTICO LA FUERZA DE LA PAZ,00004,ROBINSON PRECIADO CHARRY,268
2023,CONCEJO,41016,AIPE,00026,PARTIDO POLÍTICO LA FUERZA DE LA PAZ,00005,JOHAN SEBASTIAN CENTENO POLANIA,181
2023,CONCEJO,41016,AIPE,00026,PARTIDO POLÍTICO LA FUERZA DE LA PAZ,00006,GIOVANNI CAPERA BAUTISTA,57
2023,CONCEJO,41016,AIPE,00026,PARTIDO POLÍTICO LA FUERZA DE LA PAZ,00007,YOLANDA CHARRY CHARRY,121
2023,CONCEJO,41016,AIPE,00026,PARTIDO POLÍTICO LA FUERZA DE LA PAZ,00008,MARIA ALEJANDRA LUGO VARGAS,37
2023,CONCEJO,41016,AIPE,00026,PARTIDO POLÍTICO LA FUERZA DE LA PAZ,00009,MARIA JOSE BURBANO SANCHEZ,3
2023,CONCEJO,41016,AIPE,00026,PARTIDO POLÍTICO LA FUERZA DE LA PAZ,00010,DIEGO PERDOMO PERDOMO,101
2023,CONCEJO,41016,AIPE,00026,PARTIDO POLÍTICO LA FUERZA DE LA PAZ,00011,DANIEL AVENDANO VIDAL,337
2023,CONCEJO,41016,AIPE,06426,HAGAMOSLO YA POR AIPE,00000,HAGAMOSLO YA POR AIPE,25
2023,CONCEJO,41016,AIPE,06426,HAGAMOSLO YA POR AIPE,00001,MABEL DEL SOCORRO ORTIZ,91
2023,CONCEJO,41016,AIPE,06426,HAGAMOSLO YA POR AIPE,00003,JESUS ALBERTO CHARRY MORA,404
2023,CONCEJO,41016,AIPE,06426,HAGAMOSLO YA POR AIPE,00004,FRANCY NED DUSSAN ROJAS,163
2023,CONCEJO,41016,AIPE,06426,HAGAMOSLO YA POR AIPE,00005,YUMBLEINER ORTIZ DUSSAN,162
2023,CONCEJO,41016,AIPE,06426,HAGAMOSLO YA POR AIPE,00006,MARIA CAMILA MORA CHARRY,194
2023,CONCEJO,41016,AIPE,06426,HAGAMOSLO YA POR AIPE,00007,DAVIER IVAN CONDE AVILES,303
2023,CONCEJO,41016,AIPE,06426,HAGAMOSLO YA POR AIPE,00008,RAMIRO ARGUELLO LOSADA,5
2023,CONCEJO,41016,AIPE,06426,HAGAMOSLO YA POR AIPE,00009,NORELI FUENTES PABON,104
2023,CONCEJO,41016,AIPE,06426,HAGAMOSLO YA POR AIPE,00010,LUIS HERNANDO TOVAR MONTES,87
2023,CONCEJO,41016,AIPE,06426,HAGAMOSLO YA POR AIPE,00011,HECTOR CHARRY LASSO,64
2023,CONCEJO,41020,ALGECIRAS,00000,,00996,VOTOS EN BLANCO,310
2023,CONCEJO,41020,ALGECIRAS,00000,,00997,VOTOS NULOS,237
2023,CONCEJO,41020,ALGECIRAS,00000,,00998,VOTOS NO MARCADOS,1228
2023,CONCEJO,41020,ALGECIRAS,00001,PARTIDO LIBERAL COLOMBIANO,00000,PARTIDO LIBERAL COLOMBIANO,190
2023,CONCEJO,41020,ALGECIRAS,00001,PARTIDO LIBERAL COLOMBIANO,00001,HERNANDO ZAMBRANO CUMBE,337
2023,CONCEJO,41020,ALGECIRAS,00001,PARTIDO LIBERAL COLOMBIANO,00002,JOSE IGNACIO MORENO DIMATE,127
2023,CONCEJO,41020,ALGECIRAS,00001,PARTIDO LIBERAL COLOMBIANO,00003,DANIELA SAENZ CUMACO,13
2023,CONCEJO,41020,ALGECIRAS,00001,PARTIDO LIBERAL COLOMBIANO,00004,LUZ KARIME SUAZA JIMENEZ,120
2023,CONCEJO,41020,ALGECIRAS,00001,PARTIDO LIBERAL COLOMBIANO,00005,KENIA FERNANDA ESPINOSA BELTRAN,219
2023,CONCEJO,41020,ALGECIRAS,00001,PARTIDO LIBERAL COLOMBIANO,00006,JAIME ARIEL CARO PRADO,54
2023,CONCEJO,41020,ALGECIRAS,00001,PARTIDO LIBERAL COLOMBIANO,00007,NELSON TOVAR LOSADA,59
2023,CONCEJO,41020,ALGECIRAS,00001,PARTIDO LIBERAL COLOMBIANO,00008,JENNIFER ESCOBAR CUELLAR,153
2023,CONCEJO,41020,ALGECIRAS,00001,PARTIDO LIBERAL COLOMBIANO,00009,JHON WILMER TRIVIÑO ORTIZ,226
2023,CONCEJO,41020,ALGECIRAS,00001,PARTIDO LIBERAL COLOMBIANO,00010,WILSON SANCHEZ GOMEZ,338
2023,CONCEJO,41020,ALGECIRAS,00001,PARTIDO LIBERAL COLOMBIANO,00011,CRISTIAN FABIAN CLAROS MONJE,76
2023,CONCEJO,41020,ALGECIRAS,00001,PARTIDO LIBERAL COLOMBIANO,00012,MARLIO ENDES GONZALEZ,517
2023,CONCEJO,41020,ALGECIRAS,00001,PARTIDO LIBERAL COLOMBIANO,00013,IDIALBERTO MANCHOLA,253
2023,CONCEJO,41020,ALGECIRAS,00003,PARTIDO CAMBIO RADICAL,00000,PARTIDO CAMBIO RADICAL,21
2023,CONCEJO,41020,ALGECIRAS,00003,PARTIDO CAMBIO RADICAL,00001,MAURICIO TRUJILLO MEJIA,240
2023,CONCEJO,41020,ALGECIRAS,00003,PARTIDO CAMBIO RADICAL,00002,LIBARDO QUEVEDO LOSADA,97
2023,CONCEJO,41020,ALGECIRAS,00003,PARTIDO CAMBIO RADICAL,00003,MARIA ALEJANDRA GARZON YUNDA,35
2023,CONCEJO,41020,ALGECIRAS,00003,PARTIDO CAMBIO RADICAL,00005,SANDRA PATRICIA GARCIA GOMEZ,38
2023,CONCEJO,41020,ALGECIRAS,00003,PARTIDO CAMBIO RADICAL,00006,JOSE YONATHAN PINZON QUIMBAY,27
2023,CONCEJO,41020,ALGECIRAS,00003,PARTIDO CAMBIO RADICAL,00007,MARLY GISELL CLEVES GONZALEZ,11
2023,CONCEJO,41020,ALGECIRAS,00003,PARTIDO CAMBIO RADICAL,00008,JHON FREDY CARDENAS,529
2023,CONCEJO,41020,ALGECIRAS,00004,PARTIDO ALIANZA VERDE,00000,PARTIDO ALIANZA VERDE,47
2023,CONCEJO,41020,ALGECIRAS,00004,PARTIDO ALIANZA VERDE,00001,CEIN LARA RAMIREZ,326
2023,CONCEJO,41020,ALGECIRAS,00004,PARTIDO ALIANZA VERDE,00002,NATALIA AMAYA SANABRIA,131
2023,CONCEJO,41020,ALGECIRAS,00004,PARTIDO ALIANZA VERDE,00003,YURY PAOLA PASTRANA MORENO,16
2023,CONCEJO,41020,ALGECIRAS,00004,PARTIDO ALIANZA VERDE,00004,JOSE LUIS GALINDO PEÑA,305
2023,CONCEJO,41020,ALGECIRAS,00004,PARTIDO ALIANZA VERDE,00005,GERMAN DAVID SANCHEZ ESCOBAR,175
2023,CONCEJO,41020,ALGECIRAS,00004,PARTIDO ALIANZA VERDE,00006,LINED CAVIEDES PASTRANA,13
2023,CONCEJO,41020,ALGECIRAS,00004,PARTIDO ALIANZA VERDE,00007,VICTOR AUGUSTO GARCIA RIAÑOS,90
2023,CONCEJO,41020,ALGECIRAS,00004,PARTIDO ALIANZA VERDE,00008,ERIELSON SAMBONY MENDOZA,12
2023,CONCEJO,41020,ALGECIRAS,00004,PARTIDO ALIANZA VERDE,00009,LADY DIANA COTACIO FIGUEROA,10
2023,CONCEJO,41020,ALGECIRAS,00008,PARTIDO DE LA UNIÓN POR LA GENTE - PARTIDO DE LA U,00000,PARTIDO DE LA UNIÓN POR LA GENTE - PARTIDO DE LA U,67
2023,CONCEJO,41020,ALGECIRAS,00008,PARTIDO DE LA UNIÓN POR LA GENTE - PARTIDO DE LA U,00001,DEIBY SUNS ALDANA,262
2023,CONCEJO,41020,ALGECIRAS,00008,PARTIDO DE LA UNIÓN POR LA GENTE - PARTIDO DE LA U,00002,JESUS ANTONIO ORDOÑEZ POTOSI,307
2023,CONCEJO,41020,ALGECIRAS,00008,PARTIDO DE LA UNIÓN POR LA GENTE - PARTIDO DE LA U,00003,POMPILIO RODRIGUEZ GONZALEZ,98
2023,CONCEJO,41020,ALGECIRAS,00008,PARTIDO DE LA UNIÓN POR LA GENTE - PARTIDO DE LA U,00004,MARIA NINFA MALAMBO TOTENA,49
2023,CONCEJO,41020,ALGECIRAS,00008,PARTIDO DE LA UNIÓN POR LA GENTE - PARTIDO DE LA U,00005,MARIBEL TRIANA RODRIGUEZ,162
2023,CONCEJO,41020,ALGECIRAS,00008,PARTIDO DE LA UNIÓN POR LA GENTE - PARTIDO DE LA U,00006,FREDI MUÑOZ TRUJILLO,15
2023,CONCEJO,41020,ALGECIRAS,00008,PARTIDO DE LA UNIÓN POR LA GENTE - PARTIDO DE LA U,00007,ZULY VANESA DIAZ SALAZAR,8
2023,CONCEJO,41020,ALGECIRAS,00008,PARTIDO DE LA UNIÓN POR LA GENTE - PARTIDO DE LA U,00008,JOSE RENE REYES MEDINA,17
2023,CONCEJO,41020,ALGECIRAS,00008,PARTIDO DE LA UNIÓN POR LA GENTE - PARTIDO DE LA U,00009,YEIMY CARINA CRUZ NIETO,7
2023,CONCEJO,41020,ALGECIRAS,00008,PARTIDO DE LA UNIÓN POR LA GENTE - PARTIDO DE LA U,00010,MARIA INES LISCANO HENAO,49
2023,CONCEJO,41020,ALGECIRAS,00008,PARTIDO DE LA UNIÓN POR LA GENTE - PARTIDO DE LA U,00011,KEVIN DAVID VARGAS BAQUERO,1
2023,CONCEJO,41020,ALGECIRAS,00008,PARTIDO DE LA UNIÓN POR LA GENTE - PARTIDO DE LA U,00012,DIEGO MAURICIO LOZADA TORRES,116
2023,CONCEJO,41020,ALGECIRAS,00008,PARTIDO DE LA UNIÓN POR LA GENTE - PARTIDO DE LA U,00013,YINA PAOLA CANO CARDOZO,147
2023,CONCEJO,41020,ALGECIRAS,00019,PARTIDO NUEVO LIBERALISMO,00000,PARTIDO NUEVO LIBERALISMO,8
2023,CONCEJO,41020,ALGECIRAS,00019,PARTIDO NUEVO LIBERALISMO,00001,VALENTINA OLAYA MURCIA,5
2023,CONCEJO,41020,ALGECIRAS,00019,PARTIDO NUEVO LIBERALISMO,00002,KAROL YISETH QUINTERO ENCIZO,3
2023,CONCEJO,41020,ALGECIRAS,00019,PARTIDO NUEVO LIBERALISMO,00004,ELVIA OLAYA PERDOMO,1
2023,CONCEJO,41020,ALGECIRAS,00019,PARTIDO NUEVO LIBERALISMO,00005,DAGOBERTO MONTIEL JOJOA,2
2023,CONCEJO,41020,ALGECIRAS,00026,PARTIDO POLÍTICO LA FUERZA DE LA PAZ,00000,PARTIDO POLÍTICO LA FUERZA DE LA PAZ,10
2023,CONCEJO,41020,ALGECIRAS,00026,PARTIDO POLÍTICO LA FUERZA DE LA PAZ,00001,POLICARPA VASQUEZ AVILA,89
2023,CONCEJO,41020,ALGECIRAS,00026,PARTIDO POLÍTICO LA FUERZA DE LA PAZ,00002,ROSARIO HERRERA GUEVARA,12
2023,CONCEJO,41020,ALGECIRAS,00026,PARTIDO POLÍTICO LA FUERZA DE LA PAZ,00003,JOSE ANTONIO VASQUEZ SANCHEZ,22
2023,CONCEJO,41020,ALGECIRAS,00026,PARTIDO POLÍTICO LA FUERZA DE LA PAZ,00004,PAOLA ALEXANDRA POLOCHE AGUJA,18
2023,CONCEJO,41020,ALGECIRAS,00026,PARTIDO POLÍTICO LA FUERZA DE LA PAZ,00005,ANDRES FELIPE ROJAS VASQUEZ,9
2023,CONCEJO,41020,ALGECIRAS,08362,COAL. COLOMBIA JUSTA LIBRES Y ALIANZA DEMOCRÁTICA AMPLIA ADA,00000,COAL. COLOMBIA JUSTA LIBRES Y ALIANZA DEMOCRÁTICA AMPLIA ADA,46
2023,CONCEJO,41020,ALGECIRAS,08362,COAL. COLOMBIA JUSTA LIBRES Y ALIANZA DEMOCRÁTICA AMPLIA ADA,00001,AMIN SERRANO MARIN,384
2023,CONCEJO,41020,ALGECIRAS,08362,COAL. COLOMBIA JUSTA LIBRES Y ALIANZA DEMOCRÁTICA AMPLIA ADA,00002,ELDER RENE ARIAS RIVAS,91
2023,CONCEJO,41020,ALGECIRAS,08362,COAL. COLOMBIA JUSTA LIBRES Y ALIANZA DEMOCRÁTICA AMPLIA ADA,00003,LUIS ALBERTO PUENTES DUARTE,30
2023,CONCEJO,41020,ALGECIRAS,08362,COAL. COLOMBIA JUSTA LIBRES Y ALIANZA DEMOCRÁTICA AMPLIA ADA,00004,VICTOR MANUEL ROJAS PEDRAZA,38
2023,CONCEJO,41020,ALGECIRAS,08362,COAL. COLOMBIA JUSTA LIBRES Y ALIANZA DEMOCRÁTICA AMPLIA ADA,00005,LEIDI YOANA FERNANDEZ LOZADA,223
2023,CONCEJO,41020,ALGECIRAS,08362,COAL. COLOMBIA JUSTA LIBRES Y ALIANZA DEMOCRÁTICA AMPLIA ADA,00006,LUZ MERY PADILLA HERRERA,72
2023,CONCEJO,41020,ALGECIRAS,08362,COAL. COLOMBIA JUSTA LIBRES Y ALIANZA DEMOCRÁTICA AMPLIA ADA,00007,DAVID ZAMBRANO FLOREZ,317
2023,CONCEJO,41020,ALGECIRAS,08362,COAL. COLOMBIA JUSTA LIBRES Y ALIANZA DEMOCRÁTICA AMPLIA ADA,00008,BLANCA NIDIA MORALES RODRIGUEZ,26
2023,CONCEJO,41020,ALGECIRAS,08362,COAL. COLOMBIA JUSTA LIBRES Y ALIANZA DEMOCRÁTICA AMPLIA ADA,00009,RODRIGO SANCHEZ VARON,187
2023,CONCEJO,41020,ALGECIRAS,08380,COALICIÓN PACTO HISTÓRICO COLOMBIA PUEDE,00000,COALICIÓN PACTO HISTÓRICO COLOMBIA PUEDE,60
2023,CONCEJO,41020,ALGECIRAS,08380,COALICIÓN PACTO HISTÓRICO COLOMBIA PUEDE,00001,ALFREDO SILVA LOPEZ,278
2023,CONCEJO,41020,ALGECIRAS,08380,COALICIÓN PACTO HISTÓRICO COLOMBIA PUEDE,00002,YOLI SORAYA CUADROS POVEDA,57
2023,CONCEJO,41020,ALGECIRAS,08380,COALICIÓN PACTO HISTÓRICO COLOMBIA PUEDE,00003,DAIRO LIZCANO SANCHEZ,132
2023,CONCEJO,41020,ALGECIRAS,08380,COALICIÓN PACTO HISTÓRICO COLOMBIA PUEDE,00004,NATALIA DUSSAN BETANCURT,22
2023,CONCEJO,41020,ALGECIRAS,08380,COALICIÓN PACTO HISTÓRICO COLOMBIA PUEDE,00005,EIDER MAURICIO DURAN GUZMAN,67
2023,CONCEJO,41020,ALGECIRAS,08380,COALICIÓN PACTO HISTÓRICO COLOMBIA PUEDE,00006,JOSE LUIS ROJAS VARGAS,117
2023,CONCEJO,41020,ALGECIRAS,08380,COALICIÓN PACTO HISTÓRICO COLOMBIA PUEDE,00007,KELLY JOHANA AVILA MEDINA,8
2023,CONCEJO,41020,ALGECIRAS,08380,COALICIÓN PACTO HISTÓRICO COLOMBIA PUEDE,00008,ADALBER QUINTERO GAITAN,0
2023,CONCEJO,41020,ALGECIRAS,08380,COALICIÓN PACTO HISTÓRICO COLOMBIA PUEDE,00009,ARBEY CERQUERA ARIAS,10
2023,CONCEJO,41020,ALGECIRAS,08406,COALICION PARTIDOS ASI Y MIRA,00000,COALICION PARTIDOS ASI Y MIRA,39
2023,CONCEJO,41020,ALGECIRAS,08406,COALICION PARTIDOS ASI Y MIRA,00001,JHON ALEXANDER SANCHEZ SAENZ,219
2023,CONCEJO,41020,ALGECIRAS,08406,COALICION PARTIDOS ASI Y MIRA,00003,YAMITH ABADIAS PERDOMO QUIROZ,188
2023,CONCEJO,41020,ALGECIRAS,08406,COALICION PARTIDOS ASI Y MIRA,00004,MONICA ANDREA SUAZA YOSA,9
2023,CONCEJO,41020,ALGECIRAS,08406,COALICION PARTIDOS ASI Y MIRA,00005,ARLES FABIAN VERA HUEJE,321
2023,CONCEJO,41020,ALGECIRAS,08406,COALICION PARTIDOS ASI Y MIRA,00006,MAXIMINA ROSA PEREZ ARROYO,12
2023,CONCEJO,41020,ALGECIRAS,08406,COALICION PARTIDOS ASI Y MIRA,00007,DIANA FERNANDA VELASCO,12
2023,CONCEJO,41020,ALGECIRAS,08406,COALICION PARTIDOS ASI Y MIRA,00008,DIANA CAROLINA MEDINA TOLEDO,41
2023,CONCEJO,41020,ALGECIRAS,08406,COALICION PARTIDOS ASI Y MIRA,00009,MARIA ISABEL TORRES CANO,12
2023,CONCEJO,41020,ALGECIRAS,08406,COALICION PARTIDOS ASI Y MIRA,00010,JOSE AMIN MARIN ZAMBRANO,353
2023,CONCEJO,41026,ALTAMIRA,00000,,00996,VOTOS EN BLANCO,39
2023,CONCEJO,41026,ALTAMIRA,00000,,00997,VOTOS NULOS,31
2023,CONCEJO,41026,ALTAMIRA,00000,,00998,VOTOS NO MARCADOS,90
2023,CONCEJO,41026,ALTAMIRA,00001,PARTIDO LIBERAL COLOMBIANO,00000,PARTIDO LIBERAL COLOMBIANO,8
2023,CONCEJO,41026,ALTAMIRA,00001,PARTIDO LIBERAL COLOMBIANO,00001,LUIS CARLOS IBARRA CRUZ,128
2023,CONCEJO,41026,ALTAMIRA,00001,PARTIDO LIBERAL COLOMBIANO,00002,MARIA ALEJANDRA PERDOMO IBARRA,13
2023,CONCEJO,41026,ALTAMIRA,00001,PARTIDO LIBERAL COLOMBIANO,00003,ROOSVEL ARMANDO ESCOBAR TRUJILLO,96
2023,CONCEJO,41026,ALTAMIRA,00001,PARTIDO LIBERAL COLOMBIANO,00004,LUZ SELENA OME TORRES,2
2023,CONCEJO,41026,ALTAMIRA,00001,PARTIDO LIBERAL COLOMBIANO,00005,ALBERTO ALEXANDER FAJARDO PEDRAZA,111
2023,CONCEJO,41026,ALTAMIRA,00001,PARTIDO LIBERAL COLOMBIANO,00006,MERCEDES LOSADA CUELLAR,84
2023,CONCEJO,41026,ALTAMIRA,00001,PARTIDO LIBERAL COLOMBIANO,00007,JUAN MANUEL CARDENAS CALDERON,120
2023,CONCEJO,41026,ALTAMIRA,00002,PARTIDO CONSERVADOR COLOMBIANO,00000,PARTIDO CONSERVADOR COLOMBIANO,10
2023,CONCEJO,41026,ALTAMIRA,00002,PARTIDO CONSERVADOR COLOMBIANO,00001,RICAURTE SOTO DIAZ,203
2023,CONCEJO,41026,ALTAMIRA,00002,PARTIDO CONSERVADOR COLOMBIANO,00002,LILI ALEJANDRA IBAÑEZ BARBOSA,36
2023,CONCEJO,41026,ALTAMIRA,00002,PARTIDO CONSERVADOR COLOMBIANO,00003,ISAIAS GUTIERREZ PINEDA,15
2023,CONCEJO,41026,ALTAMIRA,00002,PARTIDO CONSERVADOR COLOMBIANO,00004,MILENA RINCON RAMON,25
2023,CONCEJO,41026,ALTAMIRA,00002,PARTIDO CONSERVADOR COLOMBIANO,00005,BIRLEY MONTEALEGRE VALENZUELA,30
2023,CONCEJO,41026,ALTAMIRA,00002,PARTIDO CONSERVADOR COLOMBIANO,00006,ANGEL MARIA RAMIREZ PUENTES,12
2023,CONCEJO,41026,ALTAMIRA,00002,PARTIDO CONSERVADOR COLOMBIANO,00007,ADRIANA LICETH VASQUEZ CELIS,3
2023,CONCEJO,41026,ALTAMIRA,00003,PARTIDO CAMBIO RADICAL,00000,PARTIDO CAMBIO RADICAL,12
2023,CONCEJO,41026,ALTAMIRA,00003,PARTIDO CAMBIO RADICAL,00001,JESUS ANTONIO RENZA OLIVEROS,79
2023,CONCEJO,41026,ALTAMIRA,00003,PARTIDO CAMBIO RADICAL,00002,JUAN ENRIQUE MUÑOZ TORRES,20
2023,CONCEJO,41026,ALTAMIRA,00003,PARTIDO CAMBIO RADICAL,00003,MARCELA CORREA,23
2023,CONCEJO,41026,ALTAMIRA,00003,PARTIDO CAMBIO RADICAL,00004,FILOMENA DIAZ CLEVES,22
2023,CONCEJO,41026,ALTAMIRA,00003,PARTIDO CAMBIO RADICAL,00005,CARLOS ANDRES ROJAS HERMIDA,30
2023,CONCEJO,41026,ALTAMIRA,00003,PARTIDO CAMBIO RADICAL,00006,MARIA CAMILA CARDENAS POLANIA,4
2023,CONCEJO,41026,ALTAMIRA,00003,PARTIDO CAMBIO RADICAL,00007,LUIS HUMBERTO JIMENEZ JIMENEZ,144
2023,CONCEJO,41026,ALTAMIRA,00004,PARTIDO ALIANZA VERDE,00000,PARTIDO ALIANZA VERDE,7
2023,CONCEJO,41026,ALTAMIRA,00004,PARTIDO ALIANZA VERDE,00001,OSCAR ORLANDO PAQUE POLANCO,104
2023,CONCEJO,41026,ALTAMIRA,00004,PARTIDO ALIANZA VERDE,00002,TIBERIO JIMENEZ SANCHEZ,60
2023,CONCEJO,41026,ALTAMIRA,00004,PARTIDO ALIANZA VERDE,00003,JUAN DAVID NARANJO ALARCON,33
2023,CONCEJO,41026,ALTAMIRA,00004,PARTIDO ALIANZA VERDE,00005,MARIA CAMILA JIMENEZ LOPEZ,7
2023,CONCEJO,41026,ALTAMIRA,00004,PARTIDO ALIANZA VERDE,00006,KAROL JIMENA GARZON,4
2023,CONCEJO,41026,ALTAMIRA,00004,PARTIDO ALIANZA VERDE,00007,MARCOS WILBER VARGAS VARGAS,20
2023,CONCEJO,41026,ALTAMIRA,00006,"PARTIDO ALIANZA SOCIAL INDEPENDIENTE ""ASI""",00000,"PARTIDO ALIANZA SOCIAL INDEPENDIENTE ""ASI""",2
2023,CONCEJO,41026,ALTAMIRA,00006,"PARTIDO ALIANZA SOCIAL INDEPENDIENTE ""ASI""",00001,ANDRES CAMILO CRUZ PARRA,93
2023,CONCEJO,41026,ALTAMIRA,00006,"PARTIDO ALIANZA SOCIAL INDEPENDIENTE ""ASI""",00002,JOSE JAIME MUÑOZ CARDOSO,32
2023,CONCEJO,41026,ALTAMIRA,00006,"PARTIDO ALIANZA SOCIAL INDEPENDIENTE ""ASI""",00003,ELENA AROCA GONZALEZ,14
2023,CONCEJO,41026,ALTAMIRA,00006,"PARTIDO ALIANZA SOCIAL INDEPENDIENTE ""ASI""",00004,FRANKLY LAUREANO NARVAEZ MARCANO,1
2023,CONCEJO,41026,ALTAMIRA,00006,"PARTIDO ALIANZA SOCIAL INDEPENDIENTE ""ASI""",00005,EDGAR JONNY VARGAS VARGAS,10
2023,CONCEJO,41026,ALTAMIRA,00006,"PARTIDO ALIANZA SOCIAL INDEPENDIENTE ""ASI""",00007,LAURA JOSEFINA MACIAS NARANJO,1
2023,CONCEJO,41026,ALTAMIRA,00008,PARTIDO DE LA UNIÓN POR LA GENTE - PARTIDO DE LA U,00000,PARTIDO DE LA UNIÓN POR LA GENTE - PARTIDO DE LA U,15
2023,CONCEJO,41026,ALTAMIRA,00008,PARTIDO DE LA UNIÓN POR LA GENTE - PARTIDO DE LA U,00001,MARIA EDITH CANO SERRATO,173
2023,CONCEJO,41026,ALTAMIRA,00008,PARTIDO DE LA UNIÓN POR LA GENTE - PARTIDO DE LA U,00002,ALBERTO CORREA TOCORA,65
2023,CONCEJO,41026,ALTAMIRA,00008,PARTIDO DE LA UNIÓN POR LA GENTE - PARTIDO DE LA U,00003,CECILIA SANDOVAL,16
2023,CONCEJO,41026,ALTAMIRA,00008,PARTIDO DE LA UNIÓN POR LA GENTE - PARTIDO DE LA U,00004,MARIBEL TRIGOS GARCIA,10
2023,CONCEJO,41026,ALTAMIRA,00008,PARTIDO DE LA UNIÓN POR LA GENTE - PARTIDO DE LA U,00005,ISAAC RAMIREZ BASTIDAS,136
2023,CONCEJO,41026,ALTAMIRA,00008,PARTIDO DE LA UNIÓN POR LA GENTE - PARTIDO DE LA U,00006,CARLOS RAMIREZ PUENTES,46
2023,CONCEJO,41026,ALTAMIRA,00008,PARTIDO DE LA UNIÓN POR LA GENTE - PARTIDO DE LA U,00007,MILLER VARGAS,48
2023,CONCEJO,41026,ALTAMIRA,00015,PARTIDO COLOMBIA RENACIENTE,00000,PARTIDO COLOMBIA RENACIENTE,2
2023,CONCEJO,41026,ALTAMIRA,00015,PARTIDO COLOMBIA RENACIENTE,00001,NOHORA ANGELA POLANCO MARTINEZ,5
2023,CONCEJO,41026,ALTAMIRA,00015,PARTIDO COLOMBIA RENACIENTE,00002,GUSTAVO ADOLFO FAJARDO SOTO,47
2023,CONCEJO,41026,ALTAMIRA,00015,PARTIDO COLOMBIA RENACIENTE,00003,HERNANDO PARRA QUITIAN,1
2023,CONCEJO,41026,ALTAMIRA,00015,PARTIDO COLOMBIA RENACIENTE,00004,JORGE ENRIQUE CUELLAR ORTIZ,2
2023,CONCEJO,41026,ALTAMIRA,00015,PARTIDO COLOMBIA RENACIENTE,00005,ANGIE JULIETH ESCOBAR PARRA,8
2023,CONCEJO,41026,ALTAMIRA,00015,PARTIDO COLOMBIA RENACIENTE,00007,SANDRA MILENA ROJAS GOMEZ,2
2023,CONCEJO,41026,ALTAMIRA,00020,MOVIMIENTO SALVACIÓN NACIONAL,00001,LUCENY MACIAS ZAMBRANO,5
2023,CONCEJO,41026,ALTAMIRA,00020,MOVIMIENTO SALVACIÓN NACIONAL,00003,LUIS CARLOS VOLVERAS CORREA,3
2023,CONCEJO,41026,ALTAMIRA,00020,MOVIMIENTO SALVACIÓN NACIONAL,00004,LUIS FERNANDO MACIAS NARANJO,47
2023,CONCEJO,41026,ALTAMIRA,00020,MOVIMIENTO SALVACIÓN NACIONAL,00006,LETICIA OLARTE AYALA,3
2023,CONCEJO,41026,ALTAMIRA,00020,MOVIMIENTO SALVACIÓN NACIONAL,00007,FABIO GONZALEZ JIMENEZ,21
2023,CONCEJO,41026,ALTAMIRA,08062,PACTO HISTORICO,00000,PACTO HISTORICO,200
2023,CONCEJO,41078,BARAYA,00000,,00996,VOTOS EN BLANCO,62
2023,CONCEJO,41078,BARAYA,00000,,00997,VOTOS NULOS,70
2023,CONCEJO,41078,BARAYA,00000,,00998,VOTOS NO MARCADOS,184
2023,CONCEJO,41078,BARAYA,00001,PARTIDO LIBERAL COLOMBIANO,00000,PARTIDO LIBERAL COLOMBIANO,8
2023,CONCEJO,41078,BARAYA,00001,PARTIDO LIBERAL COLOMBIANO,00001,ALIX CECILIA VELASCO CORTES,75
2023,CONCEJO,41078,BARAYA,00001,PARTIDO LIBERAL COLOMBIANO,00002,GERSON OSORIO RIVERA,19
2023,CONCEJO,41078,BARAYA,00001,PARTIDO LIBERAL COLOMBIANO,00003,LILIANA DEL PILAR MOSQUERA VANEGAS,107
2023,CONCEJO,41078,BARAYA,00001,PARTIDO LIBERAL COLOMBIANO,00004,LEANDRO HERNANDEZ TOVAR,50
2023,CONCEJO,41078,BARAYA,00001,PARTIDO LIBERAL COLOMBIANO,00005,ALICIA PERDOMO CASTAÑEDA,72
2023,CONCEJO,41078,BARAYA,00001,PARTIDO LIBERAL COLOMBIANO,00006,OLIVA CORDOBA AVILEZ,40
2023,CONCEJO,41078,BARAYA,00001,PARTIDO LIBERAL COLOMBIANO,00007,JOSE RICARDO CLEVES POLANIA,67
2023,CONCEJO,41078,BARAYA,00001,PARTIDO LIBERAL COLOMBIANO,00008,JORGE EDUARDO PERDOMO GAITAN,83
2023,CONCEJO,41078,BARAYA,00001,PARTIDO LIBERAL COLOMBIANO,00009,MICHEL ANDRES RODRIGUEZ CRUZ,69
2023,CONCEJO,41078,BARAYA,00003,PARTIDO CAMBIO RADICAL,00000,PARTIDO CAMBIO RADICAL,21
2023,CONCEJO,41078,BARAYA,00003,PARTIDO CAMBIO RADICAL,00001,JUAN CAMILO RAMIREZ VELASQUEZ,202
2023,CONCEJO,41078,BARAYA,00003,PARTIDO CAMBIO RADICAL,00003,JESUS DAVID AGUILAR ROJAS,113
2023,CONCEJO,41078,BARAYA,00003,PARTIDO CAMBIO RADICAL,00004,JOHAM EDUARDO SUAREZ ORTIZ,243
2023,CONCEJO,41078,BARAYA,00003,PARTIDO CAMBIO RADICAL,00005,ARIANA FERNANDA RODRIGUEZ CLEVES,17
2023,CONCEJO,41078,BARAYA,00003,PARTIDO CAMBIO RADICAL,00006,CESAR AUGUSTO DIAZ PUENTES,124
2023,CONCEJO,41078,BARAYA,00003,PARTIDO CAMBIO RADICAL,00007,JUDITH GARCIA AVILES,49
2023,CONCEJO,41078,BARAYA,00003,PARTIDO CAMBIO RADICAL,00008,HERNAN MIRANDA BARRIOS,54
2023,CONCEJO,41078,BARAYA,00003,PARTIDO CAMBIO RADICAL,00009,JOHANA ARDILA FAGUA,17
2023,CONCEJO,41078,BARAYA,00004,PARTIDO ALIANZA VERDE,00000,PARTIDO ALIANZA VERDE,22
2023,CONCEJO,41078,BARAYA,00004,PARTIDO ALIANZA VERDE,00001,GONZALO FALLA,148
2023,CONCEJO,41078,BARAYA,00004,PARTIDO ALIANZA VERDE,00002,ELINOR CRUZ,27
2023,CONCEJO,41078,BARAYA,00004,PARTIDO ALIANZA VERDE,00003,DAMARIS HERMOSA AMAYA,12
2023,CONCEJO,41078,BARAYA,00004,PARTIDO ALIANZA VERDE,00004,TATIANA DEL PILAR POLANIA,34
2023,CONCEJO,41078,BARAYA,00004,PARTIDO ALIANZA VERDE,00005,WILLIAM EDUARDO TOVAR ORTIZ,191
2023,CONCEJO,41078,BARAYA,00004,PARTIDO ALIANZA VERDE,00006,EMERSON FAJARDO PERDOMO,51
2023,CONCEJO,41078,BARAYA,00004,PARTIDO ALIANZA VERDE,00007,ANDREA PERDOMO SOTO,153
2023,CONCEJO,41078,BARAYA,00004,PARTIDO ALIANZA VERDE,00008,JULIAN VALENZUELA CARDOZO,69
2023,CONCEJO,41078,BARAYA,00004,PARTIDO ALIANZA VERDE,00009,SEBASTIAN AMAYA VILLARREAL,75
2023,CONCEJO,41078,BARAYA,00008,PARTIDO DE LA UNIÓN POR LA GENTE - PARTIDO DE LA U,00000,PARTIDO DE LA UNIÓN POR LA GENTE - PARTIDO DE LA U,2
2023,CONCEJO,41078,BARAYA,00008,PARTIDO DE LA UNIÓN POR LA GENTE - PARTIDO DE LA U,00001,ALVARO AVILES FIERRO,77
2023,CONCEJO,41078,BARAYA,00008,PARTIDO DE LA UNIÓN POR LA GENTE - PARTIDO DE LA U,00002,JAIRO CORONA DIAZ,4
2023,CONCEJO,41078,BARAYA,00008,PARTIDO DE LA UNIÓN POR LA GENTE - PARTIDO DE LA U,00003,JOHN FREDY CASTILLO HERMOSA,74
2023,CONCEJO,41078,BARAYA,00008,PARTIDO DE LA UNIÓN POR LA GENTE - PARTIDO DE LA U,00004,NEIDI YULIANA PEREZ ORDOÑEZ,5
2023,CONCEJO,41078,BARAYA,00008,PARTIDO DE LA UNIÓN POR LA GENTE - PARTIDO DE LA U,00005,DIANA MILED CASAS SANCHEZ,2
2023,CONCEJO,41078,BARAYA,00016,MOVIMIENTO ALIANZA DEMOCRÁTICA AMPLIA - Res. 2049 de 2021,00000,MOVIMIENTO ALIANZA DEMOCRÁTICA AMPLIA,4
2023,CONCEJO,41078,BARAYA,00016,MOVIMIENTO ALIANZA DEMOCRÁTICA AMPLIA - Res. 2049 de 2021,00001,RODRIGO BONILLA MEDINA,71
2023,CONCEJO,41078,BARAYA,00016,MOVIMIENTO ALIANZA DEMOCRÁTICA AMPLIA - Res. 2049 de 2021,00002,EFRAIN CUELLAR CUELLAR,19
2023,CONCEJO,41078,BARAYA,00016,MOVIMIENTO ALIANZA DEMOCRÁTICA AMPLIA - Res. 2049 de 2021,00003,JAIRO QUIROGA PEÑA,19
2023,CONCEJO,41078,BARAYA,00016,MOVIMIENTO ALIANZA DEMOCRÁTICA AMPLIA - Res. 2049 de 2021,00004,DILMER HERRERA CUELLAR,22
2023,CONCEJO,41078,BARAYA,00016,MOVIMIENTO ALIANZA DEMOCRÁTICA AMPLIA - Res. 2049 de 2021,00005,GLORIA CONSUELO LENIS ALVAREZ,9
2023,CONCEJO,41078,BARAYA,00016,MOVIMIENTO ALIANZA DEMOCRÁTICA AMPLIA - Res. 2049 de 2021,00006,LIDA FERNANDA HERNANDEZ JIMENEZ,42
2023,CONCEJO,41078,BARAYA,00016,MOVIMIENTO ALIANZA DEMOCRÁTICA AMPLIA - Res. 2049 de 2021,00007,JOSE FELICIANO CAICEDO MANYOMA,83
2023,CONCEJO,41078,BARAYA,00016,MOVIMIENTO ALIANZA DEMOCRÁTICA AMPLIA - Res. 2049 de 2021,00008,REINALDO GOMEZ MEDINA,139
2023,CONCEJO,41078,BARAYA,00016,MOVIMIENTO ALIANZA DEMOCRÁTICA AMPLIA - Res. 2049 de 2021,00009,LUZBEY HERNANDEZ VANEGAS,47
2023,CONCEJO,41078,BARAYA,00017,PARTIDO POLÍTICO DIGNIDAD & COMPROMISO,00000,PARTIDO POLÍTICO DIGNIDAD & COMPROMISO,1
2023,CONCEJO,41078,BARAYA,00017,PARTIDO POLÍTICO DIGNIDAD & COMPROMISO,00001,JENNIFER SILVA GIRALDO,3
2023,CONCEJO,41078,BARAYA,00017,PARTIDO POLÍTICO DIGNIDAD & COMPROMISO,00002,ANGELA GARNICA RIAÑO,7
2023,CONCEJO,41078,BARAYA,00017,PARTIDO POLÍTICO DIGNIDAD & COMPROMISO,00003,YULIANA MARIA ORTIZ CARDENAS,46
2023,CONCEJO,41078,BARAYA,00017,PARTIDO POLÍTICO DIGNIDAD & COMPROMISO,00004,LUIS EDUARDO CARDOSO,10
2023,CONCEJO,41078,BARAYA,00017,PARTIDO POLÍTICO DIGNIDAD & COMPROMISO,00005,DIANA MARCELA CUBILLOS CAVIEDES,11
2023,CONCEJO,41078,BARAYA,00017,PARTIDO POLÍTICO DIGNIDAD & COMPROMISO,00006,MARLYN LISETH CARDOSO BARRIOS,20
2023,CONCEJO,41078,BARAYA,00017,PARTIDO POLÍTICO DIGNIDAD & COMPROMISO,00007,ANGELA LOZANO POLANIA,23
2023,CONCEJO,41078,BARAYA,00017,PARTIDO POLÍTICO DIGNIDAD & COMPROMISO,00008,ALIPIO PEDRIZA MEJIA,34
2023,CONCEJO,41078,BARAYA,00017,PARTIDO POLÍTICO DIGNIDAD & COMPROMISO,00009,ALIX RODRIGUEZ CARDOZO,22
2023,CONCEJO,41078,BARAYA,08264,NUEVO LIBERALISMO - MIRA,00000,NUEVO LIBERALISMO - MIRA,9
2023,CONCEJO,41078,BARAYA,08264,NUEVO LIBERALISMO - MIRA,00001,DARIO MOSQUERA MOSQUERA,55
2023,CONCEJO,41078,BARAYA,08264,NUEVO LIBERALISMO - MIRA,00002,CAROLINA BONILLA,38
2023,CONCEJO,41078,BARAYA,08264,NUEVO LIBERALISMO - MIRA,00003,JOSE FRANCISCO CERA ALCALA,36
2023,CONCEJO,41078,BARAYA,08264,NUEVO LIBERALISMO - MIRA,00004,LEIDY LORENA GARCIA RODRIGUEZ,7
2023,CONCEJO,41078,BARAYA,08264,NUEVO LIBERALISMO - MIRA,00005,YANEISY CANO PERDOMO,102
2023,CONCEJO,41078,BARAYA,08264,NUEVO LIBERALISMO - MIRA,00006,CESAR AUGUSTO CONDE RODRIGUEZ,53
2023,CONCEJO,41078,BARAYA,08264,NUEVO LIBERALISMO - MIRA,00007,HAMINTON CARDOSO ARAGONEZ,139
2023,CONCEJO,41078,BARAYA,08264,NUEVO LIBERALISMO - MIRA,00008,DIEGO ANIBAL RODRIGUEZ PERDOMO,60
2023,CONCEJO,41078,BARAYA,08264,NUEVO LIBERALISMO - MIRA,00009,ABELINO CARDOSO PERDOMO,80
2023,CONCEJO,41078,BARAYA,08294,PACTO HISTORICO,00000,PACTO HISTORICO,87
2023,CONCEJO,41078,BARAYA,08692,MOVIMIENTO SALVACION NACIONAL - PARTIDO VERDE OXIGENO,00000,MOVIMIENTO SALVACION NACIONAL - PARTIDO VERDE OXIG ENO,7
2023,CONCEJO,41078,BARAYA,08692,MOVIMIENTO SALVACION NACIONAL - PARTIDO VERDE OXIGENO,00001,DIANA DEL PILAR POTOSI MACIAS,10
2023,CONCEJO,41078,BARAYA,08692,MOVIMIENTO SALVACION NACIONAL - PARTIDO VERDE OXIGENO,00003,HERNAN XAVIER QUIROGA RODRIGUEZ,2
2023,CONCEJO,41078,BARAYA,08692,MOVIMIENTO SALVACION NACIONAL - PARTIDO VERDE OXIGENO,00004,DIEGO RODRIGUEZ CLEVES,116
2023,CONCEJO,41078,BARAYA,08692,MOVIMIENTO SALVACION NACIONAL - PARTIDO VERDE OXIGENO,00005,DUVAN STID SERRATO RAMIREZ,136
2023,CONCEJO,41078,BARAYA,08692,MOVIMIENTO SALVACION NACIONAL - PARTIDO VERDE OXIGENO,00006,CARLOS ANDRES PEREZ PACHECO,49
2023,CONCEJO,41078,BARAYA,08692,MOVIMIENTO SALVACION NACIONAL - PARTIDO VERDE OXIGENO,00007,FERNANDO LOPEZ MARTINEZ,76
2023,CONCEJO,41078,BARAYA,08692,MOVIMIENTO SALVACION NACIONAL - PARTIDO VERDE OXIGENO,00008,VIOLETH QUIROGA SANCHEZ,8
2023,CONCEJO,41132,CAMPOALEGRE,00000,,00996,VOTOS EN BLANCO,658
2023,CONCEJO,41132,CAMPOALEGRE,00000,,00997,VOTOS NULOS,528
2023,CONCEJO,41132,CAMPOALEGRE,00000,,00998,VOTOS NO MARCADOS,760
2023,CONCEJO,41132,CAMPOALEGRE,00001,PARTIDO LIBERAL COLOMBIANO,00000,PARTIDO LIBERAL COLOMBIANO,150
2023,CONCEJO,41132,CAMPOALEGRE,00001,PARTIDO LIBERAL COLOMBIANO,00001,JHON EDISON LOZANO ROJAS,141
2023,CONCEJO,41132,CAMPOALEGRE,00001,PARTIDO LIBERAL COLOMBIANO,00002,JESUS LEONARDO CORTES FIERRO,468
2023,CONCEJO,41132,CAMPOALEGRE,00001,PARTIDO LIBERAL COLOMBIANO,00003,CRISTIAN CAMILO CALLE BERMUDEZ,297
2023,CONCEJO,41132,CAMPOALEGRE,00001,PARTIDO LIBERAL COLOMBIANO,00004,ALBA LUZ GUZMAN GASCA,146
2023,CONCEJO,41132,CAMPOALEGRE,00001,PARTIDO LIBERAL COLOMBIANO,00005,AURELIO PERDOMO PRIETO,81
2023,CONCEJO,41132,CAMPOALEGRE,00001,PARTIDO LIBERAL COLOMBIANO,00006,LUZ MARINA MOLINA VIAFARA,47
2023,CONCEJO,41132,CAMPOALEGRE,00001,PARTIDO LIBERAL COLOMBIANO,00007,ZULAIN OVALLES MONTENEGRO,329
2023,CONCEJO,41132,CAMPOALEGRE,00001,PARTIDO LIBERAL COLOMBIANO,00008,KARINA VALDERRAMA CABRERA,109
2023,CONCEJO,41132,CAMPOALEGRE,00001,PARTIDO LIBERAL COLOMBIANO,00009,CRISTIAN GERARDO CORDOBA BONILLA,118
2023,CONCEJO,41132,CAMPOALEGRE,00001,PARTIDO LIBERAL COLOMBIANO,00010,OLGA LUCIA SANCHEZ GUARNIZO,235
2023,CONCEJO,41132,CAMPOALEGRE,00001,PARTIDO LIBERAL COLOMBIANO,00011,YOVANY PEÑA FIERRO,257
2023,CONCEJO,41132,CAMPOALEGRE,00001,PARTIDO LIBERAL COLOMBIANO,00012,WILSON ANDRES CEDEÑO ESCOBAR,72
2023,CONCEJO,41132,CAMPOALEGRE,00001,PARTIDO LIBERAL COLOMBIANO,00013,FERNANDO FERNANDEZ BARREIRO,244
2023,CONCEJO,41132,CAMPOALEGRE,00003,PARTIDO CAMBIO RADICAL,00000,PARTIDO CAMBIO RADICAL,58
2023,CONCEJO,41132,CAMPOALEGRE,00003,PARTIDO CAMBIO RADICAL,00001,ALEXANDER WALLES VARGAS,95
2023,CONCEJO,41132,CAMPOALEGRE,00003,PARTIDO CAMBIO RADICAL,00002,MARIA DEL CARMEN LOZANO DIAZ,91
2023,CONCEJO,41132,CAMPOALEGRE,00003,PARTIDO CAMBIO RADICAL,00003,JAIRO QUINTERO BARREIRO,99
2023,CONCEJO,41132,CAMPOALEGRE,00003,PARTIDO CAMBIO RADICAL,00004,ONEYDA ROCIO MUÑOZ MENA,2
2023,CONCEJO,41132,CAMPOALEGRE,00003,PARTIDO CAMBIO RADICAL,00005,NELSON FLAVIO QUIZA CORTES,144
2023,CONCEJO,41132,CAMPOALEGRE,00003,PARTIDO CAMBIO RADICAL,00006,FAIVER HERRERA VELASCO,64
2023,CONCEJO,41132,CAMPOALEGRE,00003,PARTIDO CAMBIO RADICAL,00007,ARDUBAY FIERRO RIVERA,149
2023,CONCEJO,41132,CAMPOALEGRE,00003,PARTIDO CAMBIO RADICAL,00008,ISABEL GUARNIZO MURCIA,7
2023,CONCEJO,41132,CAMPOALEGRE,00003,PARTIDO CAMBIO RADICAL,00009,LUIS EDUARDO SUAZA FIERRO,19
2023,CONCEJO,41132,CAMPOALEGRE,00003,PARTIDO CAMBIO RADICAL,00010,OSCAR ALBERTO PERDOMO ROJAS,135
2023,CONCEJO,41132,CAMPOALEGRE,00003,PARTIDO CAMBIO RADICAL,00011,MARLY TATIANA TRUJILLO CALDERON,27
2023,CONCEJO,41132,CAMPOALEGRE,00003,PARTIDO CAMBIO RADICAL,00012,GIOVANY HERRERA SALGADO,48
2023,CONCEJO,41132,CAMPOALEGRE,00003,PARTIDO CAMBIO RADICAL,00013,CESAR AUGUSTO GUTIERREZ MANA,104
2023,CONCEJO,41132,CAMPOALEGRE,00004,PARTIDO ALIANZA VERDE,00000,PARTIDO ALIANZA VERDE,63
2023,CONCEJO,41132,CAMPOALEGRE,00004,PARTIDO ALIANZA VERDE,00001,RAFAEL RICARDO RODRIGUEZ GIRALDO,161
2023,CONCEJO,41132,CAMPOALEGRE,00004,PARTIDO ALIANZA VERDE,00002,RUBEN GERARDO ALMARIO,73
2023,CONCEJO,41132,CAMPOALEGRE,00004,PARTIDO ALIANZA VERDE,00003,ESPER YAIMA,254
2023,CONCEJO,41132,CAMPOALEGRE,00004,PARTIDO ALIANZA VERDE,00004,YENNY FERNANDA HERRERA PEREZ,86
2023,CONCEJO,41132,CAMPOALEGRE,00004,PARTIDO ALIANZA VERDE,00005,JOSE IGNACIO ROMERO,34
2023,CONCEJO,41132,CAMPOALEGRE,00004,PARTIDO ALIANZA VERDE,00007,HENRY CUELLAR ALMARIO,50
2023,CONCEJO,41132,CAMPOALEGRE,00004,PARTIDO ALIANZA VERDE,00008,JOSE YAMIN PERDOMO SANCHEZ,32
2023,CONCEJO,41132,CAMPOALEGRE,00004,PARTIDO ALIANZA VERDE,00009,LADY NELCY LIZCANO QUINTERO,248
2023,CONCEJO,41132,CAMPOALEGRE,00004,PARTIDO ALIANZA VERDE,00010,GENY PAOLA GUTIERREZ OTERO,61
2023,CONCEJO,41132,CAMPOALEGRE,00004,PARTIDO ALIANZA VERDE,00011,ALBA RUBID PERDOMO SERRATO,19
2023,CONCEJO,41132,CAMPOALEGRE,00004,PARTIDO ALIANZA VERDE,00012,KEVIN JAVIER TORREJANO MORENO,326
2023,CONCEJO,41132,CAMPOALEGRE,00004,PARTIDO ALIANZA VERDE,00013,RODRIGO BURGOS VEGA,22
2023,CONCEJO,41132,CAMPOALEGRE,00006,"PARTIDO ALIANZA SOCIAL INDEPENDIENTE ""ASI""",00000,"PARTIDO ALIANZA SOCIAL INDEPENDIENTE ""ASI""",57
2023,CONCEJO,41132,CAMPOALEGRE,00006,"PARTIDO ALIANZA SOCIAL INDEPENDIENTE ""ASI""",00001,RONAL EUGENIO FERREIRA,353
2023,CONCEJO,41132,CAMPOALEGRE,00006,"PARTIDO ALIANZA SOCIAL INDEPENDIENTE ""ASI""",00002,GLORIA ROCIO BARREIRO TRUJILLO,183
2023,CONCEJO,41132,CAMPOALEGRE,00006,"PARTIDO ALIANZA SOCIAL INDEPENDIENTE ""ASI""",00003,ESNEIRA GUTIERREZ MEDINA,61
2023,CONCEJO,41132,CAMPOALEGRE,00006,"PARTIDO ALIANZA SOCIAL INDEPENDIENTE ""ASI""",00004,LUIS ALBERTO CAMPUZANO MORENO,32
2023,CONCEJO,41132,CAMPOALEGRE,00006,"PARTIDO ALIANZA SOCIAL INDEPENDIENTE ""ASI""",00005,ELKIN MAURICIO CLAROS MENDEZ,393
2023,CONCEJO,41132,CAMPOALEGRE,00006,"PARTIDO ALIANZA SOCIAL INDEPENDIENTE ""ASI""",00006,JORGE ENRIQUE DIAZ NARVAEZ,81
2023,CONCEJO,41132,CAMPOALEGRE,00006,"PARTIDO ALIANZA SOCIAL INDEPENDIENTE ""ASI""",00007,LUIS ENRIQUE QUINTERO TAPIERO,20
2023,CONCEJO,41132,CAMPOALEGRE,00006,"PARTIDO ALIANZA SOCIAL INDEPENDIENTE ""ASI""",00008,CESAR VIQUE GUZMAN,124
2023,CONCEJO,41132,CAMPOALEGRE,00006,"PARTIDO ALIANZA SOCIAL INDEPENDIENTE ""ASI""",00009,ANGELA SORAYA PEREZ CRUZ,71
2023,CONCEJO,41132,CAMPOALEGRE,00006,"PARTIDO ALIANZA SOCIAL INDEPENDIENTE ""ASI""",00010,FENNER BERMUDEZ SANCHEZ,152
2023,CONCEJO,41132,CAMPOALEGRE,00006,"PARTIDO ALIANZA SOCIAL INDEPENDIENTE ""ASI""",00011,OSCAR MAURICIO CASTILLO CERQUERA,148
2023,CONCEJO,41132,CAMPOALEGRE,00006,"PARTIDO ALIANZA SOCIAL INDEPENDIENTE ""ASI""",00012,GLORIA CORTES,335
2023,CONCEJO,41132,CAMPOALEGRE,00006,"PARTIDO ALIANZA SOCIAL INDEPENDIENTE ""ASI""",00013,ESMEIRA PEDRAZA CORTES,17
2023,CONCEJO,41132,CAMPOALEGRE,00015,PARTIDO COLOMBIA RENACIENTE,00000,PARTIDO COLOMBIA RENACIENTE,20
2023,CONCEJO,41132,CAMPOALEGRE,00015,PARTIDO COLOMBIA RENACIENTE,00001,EDGAR LOPEZ,51
2023,CONCEJO,41132,CAMPOALEGRE,00015,PARTIDO COLOMBIA RENACIENTE,00002,JOSE SANTOS GRACIA GUTIERREZ,239
2023,CONCEJO,41132,CAMPOALEGRE,00015,PARTIDO COLOMBIA RENACIENTE,00003,WILLIAN ARTUNDUAGA LIZCANO,111
2023,CONCEJO,41132,CAMPOALEGRE,00015,PARTIDO COLOMBIA RENACIENTE,00004,MARIA ELENA CARDENAS ROJAS,80
2023,CONCEJO,41132,CAMPOALEGRE,00015,PARTIDO COLOMBIA RENACIENTE,00005,ANGIE XIMENA MONTENEGRO YARA,30
2023,CONCEJO,41132,CAMPOALEGRE,00015,PARTIDO COLOMBIA RENACIENTE,00006,ESPER MAXGENDER BARREIRO GARCIA,43
2023,CONCEJO,41132,CAMPOALEGRE,00015,PARTIDO COLOMBIA RENACIENTE,00007,SIMON ESPINOSA PERDOMO,74
2023,CONCEJO,41132,CAMPOALEGRE,00015,PARTIDO COLOMBIA RENACIENTE,00008,NELSON SANCHEZ QUINTERO,117
2023,CONCEJO,41132,CAMPOALEGRE,00015,PARTIDO COLOMBIA RENACIENTE,00009,CLAUDIA MARCELA GRAFFE GUTIERREZ,11
2023,CONCEJO,41132,CAMPOALEGRE,00017,PARTIDO POLÍTICO DIGNIDAD & COMPROMISO,00000,PARTIDO POLÍTICO DIGNIDAD & COMPROMISO,12
2023,CONCEJO,41132,CAMPOALEGRE,00017,PARTIDO POLÍTICO DIGNIDAD & COMPROMISO,00001,KARLA MARIA MORENO QUINTERO,69
2023,CONCEJO,41132,CAMPOALEGRE,00017,PARTIDO POLÍTICO DIGNIDAD & COMPROMISO,00002,ALDEMAR JOSE GUTIERREZ CORTES,169
2023,CONCEJO,41132,CAMPOALEGRE,00017,PARTIDO POLÍTICO DIGNIDAD & COMPROMISO,00003,MERCEDES RAMIREZ MONTENEGRO,33
2023,CONCEJO,41132,CAMPOALEGRE,00017,PARTIDO POLÍTICO DIGNIDAD & COMPROMISO,00004,OMAR OLARTE TRUJILLO,39
2023,CONCEJO,41132,CAMPOALEGRE,00017,PARTIDO POLÍTICO DIGNIDAD & COMPROMISO,00005,YENY FERNANDA CORDOBA SANABRIA,13
2023,CONCEJO,41132,CAMPOALEGRE,00017,PARTIDO POLÍTICO DIGNIDAD & COMPROMISO,00006,GILBERTO ANTONIO VALENCIA BEDOYA,2
2023,CONCEJO,41132,CAMPOALEGRE,00018,MOVIMIENTO POLÍTICO COLOMBIA HUMANA,00000,MOVIMIENTO POLÍTICO COLOMBIA HUMANA,23
2023,CONCEJO,41132,CAMPOALEGRE,00018,MOVIMIENTO POLÍTICO COLOMBIA HUMANA,00001,ROBERTO PEREZ DIAZ,116
2023,CONCEJO,41132,CAMPOALEGRE,00018,MOVIMIENTO POLÍTICO COLOMBIA HUMANA,00002,ALBA LUCIA GUTIERREZ,42
2023,CONCEJO,41132,CAMPOALEGRE,00018,MOVIMIENTO POLÍTICO COLOMBIA HUMANA,00003,ELISEO SANCHEZ FIERRO,88
2023,CONCEJO,41132,CAMPOALEGRE,00019,PARTIDO NUEVO LIBERALISMO,00000,PARTIDO NUEVO LIBERALISMO,19
2023,CONCEJO,41132,CAMPOALEGRE,00019,PARTIDO NUEVO LIBERALISMO,00001,JULIAN ESPITIA ALONSO,19
2023,CONCEJO,41132,CAMPOALEGRE,00019,PARTIDO NUEVO LIBERALISMO,00002,INGRID YARENI PULIDO ORTIZ,43
2023,CONCEJO,41132,CAMPOALEGRE,00019,PARTIDO NUEVO LIBERALISMO,00003,EDWIN ALEXANDER ROJAS FALLA,11
2023,CONCEJO,41132,CAMPOALEGRE,00019,PARTIDO NUEVO LIBERALISMO,00004,CAROL TATIANA CARDOZO ORTIZ,9
2023,CONCEJO,41132,CAMPOALEGRE,00019,PARTIDO NUEVO LIBERALISMO,00005,ARLEY FABIAN SALAZAR CUELLAR,33
2023,CONCEJO,41132,CAMPOALEGRE,00019,PARTIDO NUEVO LIBERALISMO,00006,RODOLFO PALOMARES FALLA,15
2023,CONCEJO,41132,CAMPOALEGRE,00019,PARTIDO NUEVO LIBERALISMO,00007,MARCO FABIAN LLANOS RUIZ,10
2023,CONCEJO,41132,CAMPOALEGRE,00019,PARTIDO NUEVO LIBERALISMO,00008,JOSE DANIEL TRUJILLO GRANADA,48
2023,CONCEJO,41132,CAMPOALEGRE,00019,PARTIDO NUEVO LIBERALISMO,00009,MARTHA MIREYA RODRIGUEZ CARDENAS,8
2023,CONCEJO,41132,CAMPOALEGRE,00019,PARTIDO NUEVO LIBERALISMO,00011,MAIRA ALEXANDRA GONZALEZ LONDOÑO,5
2023,CONCEJO,41132,CAMPOALEGRE,00019,PARTIDO NUEVO LIBERALISMO,00013,MARIO ANDRES QUINTERO RODRIGUEZ,11
2023,CONCEJO,41132,CAMPOALEGRE,00020,MOVIMIENTO SALVACIÓN NACIONAL,00000,MOVIMIENTO  SALVACIÓN NACIONAL,20
2023,CONCEJO,41132,CAMPOALEGRE,00020,MOVIMIENTO SALVACIÓN NACIONAL,00001,NURY CORDOBA CUELLAR,63
2023,CONCEJO,41132,CAMPOALEGRE,00020,MOVIMIENTO SALVACIÓN NACIONAL,00002,LUIS EDUARDO TOVAR MARQUEZ,4
2023,CONCEJO,41132,CAMPOALEGRE,00020,MOVIMIENTO SALVACIÓN NACIONAL,00003,CRISTIAN FERNANDO RODRIGUEZ TORRES,3
2023,CONCEJO,41132,CAMPOALEGRE,00020,MOVIMIENTO SALVACIÓN NACIONAL,00004,MARIA DEL PILAR ALVAREZ FIERRO,3
2023,CONCEJO,41132,CAMPOALEGRE,00020,MOVIMIENTO SALVACIÓN NACIONAL,00005,ESTEFANIA PIÑEROS LOSADA,39
2023,CONCEJO,41132,CAMPOALEGRE,00020,MOVIMIENTO SALVACIÓN NACIONAL,00006,DIANA PAOLA BOCANEGRA CASTILLO,48
2023,CONCEJO,41132,CAMPOALEGRE,00020,MOVIMIENTO SALVACIÓN NACIONAL,00007,FABER ANDRES TORRES BRAVO,53
2023,CONCEJO,41132,CAMPOALEGRE,00020,MOVIMIENTO SALVACIÓN NACIONAL,00008,SAUDY TELLO,33
2023,CONCEJO,41132,CAMPOALEGRE,00020,MOVIMIENTO SALVACIÓN NACIONAL,00009,KELLY KATERINE OCAMPO FIERRO,8
2023,CONCEJO,41132,CAMPOALEGRE,00020,MOVIMIENTO SALVACIÓN NACIONAL,00010,JENIFFER ANDREA RUEDA QUINTERO,9
2023,CONCEJO,41132,CAMPOALEGRE,00020,MOVIMIENTO SALVACIÓN NACIONAL,00011,JOSE EUGENIO VANEGAS MOTTA,11
2023,CONCEJO,41132,CAMPOALEGRE,00020,MOVIMIENTO SALVACIÓN NACIONAL,00012,GOHAN STIVEN CABRERA ROCHA,8
2023,CONCEJO,41132,CAMPOALEGRE,00026,PARTIDO POLÍTICO LA FUERZA DE LA PAZ,00000,PARTIDO POLÍTICO LA FUERZA DE LA PAZ,18
2023,CONCEJO,41132,CAMPOALEGRE,00026,PARTIDO POLÍTICO LA FUERZA DE LA PAZ,00001,GIOVANNI MONTENEGRO CABRERA,142
2023,CONCEJO,41132,CAMPOALEGRE,00026,PARTIDO POLÍTICO LA FUERZA DE LA PAZ,00002,FREDY ANDRES ROJAS ZAMORA,26
2023,CONCEJO,41132,CAMPOALEGRE,00026,PARTIDO POLÍTICO LA FUERZA DE LA PAZ,00003,MARIZOL HERNANDEZ ORTIZ,6
2023,CONCEJO,41132,CAMPOALEGRE,00026,PARTIDO POLÍTICO LA FUERZA DE LA PAZ,00004,DIANA MILENA DIAZ LOSADA,15
2023,CONCEJO,41132,CAMPOALEGRE,00026,PARTIDO POLÍTICO LA FUERZA DE LA PAZ,00005,WILMER ANDRES ANDRADE ENDO,52
2023,CONCEJO,41132,CAMPOALEGRE,00026,PARTIDO POLÍTICO LA FUERZA DE LA PAZ,00006,MILTON DEILBER DIAZ TAFUR,86
2023,CONCEJO,41132,CAMPOALEGRE,00026,PARTIDO POLÍTICO LA FUERZA DE LA PAZ,00007,ANA YINETH LOTERO ORTIZ,11
2023,CONCEJO,41132,CAMPOALEGRE,00026,PARTIDO POLÍTICO LA FUERZA DE LA PAZ,00008,MILTON SANTANA SANCHEZ,66
2023,CONCEJO,41132,CAMPOALEGRE,00026,PARTIDO POLÍTICO LA FUERZA DE LA PAZ,00009,OMAIRA POLANIA NAVARRO,190
2023,CONCEJO,41132,CAMPOALEGRE,00026,PARTIDO POLÍTICO LA FUERZA DE LA PAZ,00010,CARLOS ANDRES PERDOMO SANCHEZ,107
2023,CONCEJO,41132,CAMPOALEGRE,00026,PARTIDO POLÍTICO LA FUERZA DE LA PAZ,00011,MAIRA ALEJANDRA MENDEZ RICO,45
2023,CONCEJO,41132,CAMPOALEGRE,00026,PARTIDO POLÍTICO LA FUERZA DE LA PAZ,00012,DIDIER ANTONIO TOVAR LEYVA,186
2023,CONCEJO,41132,CAMPOALEGRE,00026,PARTIDO POLÍTICO LA FUERZA DE LA PAZ,00013,CLARA MARITZA CARVAJAL MOTTA,120
2023,CONCEJO,41132,CAMPOALEGRE,00031,INDEPENDIENTES,00000,INDEPENDIENTES,28
2023,CONCEJO,41132,CAMPOALEGRE,00031,INDEPENDIENTES,00001,ARIZMENDI SANCHEZ MARIN,276
2023,CONCEJO,41132,CAMPOALEGRE,00031,INDEPENDIENTES,00002,CARLOS MAURICIO ALARCON DIAZ,97
2023,CONCEJO,41132,CAMPOALEGRE,00031,INDEPENDIENTES,00003,HUMBERTO QUIMBAYA MEDINA,19
2023,CONCEJO,41132,CAMPOALEGRE,00031,INDEPENDIENTES,00004,ADRIANA MARIA PIZO ANACONA,44
2023,CONCEJO,41132,CAMPOALEGRE,00031,INDEPENDIENTES,00005,JIMMY MAURICIO VARGAS SANTOS,200
2023,CONCEJO,41132,CAMPOALEGRE,00031,INDEPENDIENTES,00006,WILLAN BORJA HERMOSA,80
2023,CONCEJO,41132,CAMPOALEGRE,00031,INDEPENDIENTES,00007,HENRY NINCO GUTIERREZ,186
2023,CONCEJO,41132,CAMPOALEGRE,00031,INDEPENDIENTES,00008,ALVARO ROJAS CORTES,40
2023,CONCEJO,41132,CAMPOALEGRE,00031,INDEPENDIENTES,00009,YOMAIRA CORTES BARRERO,128
2023,CONCEJO,41132,CAMPOALEGRE,00031,INDEPENDIENTES,00010,UDDENED VANEGAS PERDOMO,45
2023,CONCEJO,41132,CAMPOALEGRE,00031,INDEPENDIENTES,00011,MARLY GYSSETH CAMARGO TORRES,36
2023,CONCEJO,41132,CAMPOALEGRE,00031,INDEPENDIENTES,00012,YOLIMA RAMIREZ,44
2023,CONCEJO,41132,CAMPOALEGRE,00031,INDEPENDIENTES,00013,ENQUIR CERQUERA QUINAYA,3
2023,CONCEJO,41132,CAMPOALEGRE,00037,MOVIMIENTO POLITICO FUERZA CIUDADANA,00000,MOVIMIENTO POLITICO FUERZA CIUDADANA,29
2023,CONCEJO,41132,CAMPOALEGRE,00037,MOVIMIENTO POLITICO FUERZA CIUDADANA,00001,LINA YISETH CORTES LOZANO,15
2023,CONCEJO,41132,CAMPOALEGRE,00037,MOVIMIENTO POLITICO FUERZA CIUDADANA,00002,MABEL TORRES LIZCANO,22
2023,CONCEJO,41132,CAMPOALEGRE,00037,MOVIMIENTO POLITICO FUERZA CIUDADANA,00003,JHON ANDERSON CEDEÑO GONZALEZ,10
2023,CONCEJO,41132,CAMPOALEGRE,00037,MOVIMIENTO POLITICO FUERZA CIUDADANA,00005,RAMIRO MORENO CORTES,145
2023,CONCEJO,41132,CAMPOALEGRE,00037,MOVIMIENTO POLITICO FUERZA CIUDADANA,00006,LUZ DARY BARREIRO POLO,26
2023,CONCEJO,41132,CAMPOALEGRE,00037,MOVIMIENTO POLITICO FUERZA CIUDADANA,00007,JAVIER ISIDRO CAPERA CUELLAR,38
2023,CONCEJO,41132,CAMPOALEGRE,00037,MOVIMIENTO POLITICO FUERZA CIUDADANA,00008,YOBANA REYES TRUJILLO,133
2023,CONCEJO,41132,CAMPOALEGRE,00037,MOVIMIENTO POLITICO FUERZA CIUDADANA,00009,YANDRY PAOLA IBARRA,50
2023,CONCEJO,41132,CAMPOALEGRE,00037,MOVIMIENTO POLITICO FUERZA CIUDADANA,00010,JAQUELINE CASTRO FIGUEROA,27
2023,CONCEJO,41132,CAMPOALEGRE,00037,MOVIMIENTO POLITICO FUERZA CIUDADANA,00011,HEBER CORTES CABRERA,10
2023,CONCEJO,41132,CAMPOALEGRE,00037,MOVIMIENTO POLITICO FUERZA CIUDADANA,00013,PAULA VALENTINA CAMACHO DIAZ,7
2023,CONCEJO,41132,CAMPOALEGRE,08436,PARTIDO DE LA U - MIRA,00000,PARTIDO DE LA U - MIRA,24
2023,CONCEJO,41132,CAMPOALEGRE,08436,PARTIDO DE LA U - MIRA,00001,ASTRID LORENA MURCIA JURADO,195
2023,CONCEJO,41132,CAMPOALEGRE,08436,PARTIDO DE LA U - MIRA,00003,JACKSON HERNAN ECHEVERRY FRANCO,8
2023,CONCEJO,41132,CAMPOALEGRE,08436,PARTIDO DE LA U - MIRA,00004,ERIKA ROCIO CUBILLOS AGUILAR,2
2023,CONCEJO,41132,CAMPOALEGRE,08436,PARTIDO DE LA U - MIRA,00005,YESI ZAMARA AYALA CORDOBA,1
2023,CONCEJO,41132,CAMPOALEGRE,08436,PARTIDO DE LA U - MIRA,00006,YISELA RAMOS GOMEZ,26
2023,CONCEJO,41132,CAMPOALEGRE,08436,PARTIDO DE LA U - MIRA,00007,ALCIDES MEDINA LOPEZ,21
2023,CONCEJO,41132,CAMPOALEGRE,08436,PARTIDO DE LA U - MIRA,00008,LUIS ANGEL REYES CACHAYA,78
2023,CONCEJO,41132,CAMPOALEGRE,08436,PARTIDO DE LA U - MIRA,00009,JORGE ARMANDO BARREIRO FRANKLIN,1
2023,CONCEJO,41132,CAMPOALEGRE,08436,PARTIDO DE LA U - MIRA,00010,CESAR ANDRES CAVIEDES DIAZ,55
2023,CONCEJO,41132,CAMPOALEGRE,08436,PARTIDO DE LA U - MIRA,00011,CARLOS ANDRES POPAYAN VALENZUELA,34
2023,CONCEJO,41132,CAMPOALEGRE,08436,PARTIDO DE LA U - MIRA,00012,JHON EDINSON CASTRO MONTENEGRO,5
2023,CONCEJO,41132,CAMPOALEGRE,08436,PARTIDO DE LA U - MIRA,00013,JOHANNA BELEN CORTES,142
2023,CONCEJO,41132,CAMPOALEGRE,08439,ADA - CONSERVADOR,00000,ADA - CONSERVADOR,44
2023,CONCEJO,41132,CAMPOALEGRE,08439,ADA - CONSERVADOR,00001,JHON MARLIO QUIROGA TOVAR,144
2023,CONCEJO,41132,CAMPOALEGRE,08439,ADA - CONSERVADOR,00002,ALVARO JAVIER VARGAS BELTRAN,225
2023,CONCEJO,41132,CAMPOALEGRE,08439,ADA - CONSERVADOR,00003,CARLOS ANDRES FIERRO AMEZQUITA,124
2023,CONCEJO,41132,CAMPOALEGRE,08439,ADA - CONSERVADOR,00004,NORMA YANETH LOPEZ VELANDIA,71
2023,CONCEJO,41132,CAMPOALEGRE,08439,ADA - CONSERVADOR,00005,SAYDY YOLIETH LOSADA ROMERO,228
2023,CONCEJO,41132,CAMPOALEGRE,08439,ADA - CONSERVADOR,00006,JESUS ANDRES CAMACHO PLAZAS,170
2023,CONCEJO,41132,CAMPOALEGRE,08439,ADA - CONSERVADOR,00007,YENY LORENA SALAZAR GONZALEZ,111
2023,CONCEJO,41132,CAMPOALEGRE,08439,ADA - CONSERVADOR,00008,JOSE HUMBERTO CAMARGO FIERRO,178
2023,CONCEJO,41132,CAMPOALEGRE,08439,ADA - CONSERVADOR,00009,LIBARDO PINILLA VARGAS,25
2023,CONCEJO,41132,CAMPOALEGRE,08439,ADA - CONSERVADOR,00010,ALEXI CARDENAS VERJAN,7
2023,CONCEJO,41132,CAMPOALEGRE,08439,ADA - CONSERVADOR,00011,JORGE PAUL TRUJILLO RODRIGUEZ,27
2023,CONCEJO,41132,CAMPOALEGRE,08439,ADA - CONSERVADOR,00012,CLARA MILENA DURAN SALGADO,54
2023,CONCEJO,41132,CAMPOALEGRE,08439,ADA - CONSERVADOR,00013,HERNANDO RODRIGUEZ POLANIA,486
2023,CONCEJO,41132,CAMPOALEGRE,08447,AICO - MAIS,00000,AICO - MAIS,18
2023,CONCEJO,41132,CAMPOALEGRE,08447,AICO - MAIS,00001,YANDRI LORENA ORTIZ QUINTERO,231
2023,CONCEJO,41132,CAMPOALEGRE,08447,AICO - MAIS,00002,DORIS MIREYA MANOSALVA RODRIGUEZ,279
2023,CONCEJO,41132,CAMPOALEGRE,08447,AICO - MAIS,00003,YEIMY CONSTANZA ZAMORA OVALLE,5
2023,CONCEJO,41132,CAMPOALEGRE,08447,AICO - MAIS,00004,MANUEL FELIPE CALDERON ORTIZ,1
2023,CONCEJO,41132,CAMPOALEGRE,08447,AICO - MAIS,00005,FIDEL VALDERRAMA MANCHOLA,29
2023,CONCEJO,41132,CAMPOALEGRE,08447,AICO - MAIS,00006,YIBER TATIANA JIMENEZ RESTREPO,15
2023,CONCEJO,41132,CAMPOALEGRE,08447,AICO - MAIS,00007,JUAN CARLOS PADILLA SANCHEZ,7
2023,CONCEJO,41132,CAMPOALEGRE,08447,AICO - MAIS,00008,REINALDO CORTES CASANOVA,11
2023,CONCEJO,41132,CAMPOALEGRE,08447,AICO - MAIS,00009,HELMER LEON TOLEDO LOZADA,2
2023,CONCEJO,41206,COLOMBIA,00000,,00996,VOTOS EN BLANCO,56
2023,CONCEJO,41206,COLOMBIA,00000,,00997,VOTOS NULOS,74
2023,CONCEJO,41206,COLOMBIA,00000,,00998,VOTOS NO MARCADOS,262
2023,CONCEJO,41206,COLOMBIA,00001,PARTIDO LIBERAL COLOMBIANO,00000,PARTIDO LIBERAL COLOMBIANO,48
2023,CONCEJO,41206,COLOMBIA,00001,PARTIDO LIBERAL COLOMBIANO,00001,SAMUEL SALAS CRUZ,150
2023,CONCEJO,41206,COLOMBIA,00001,PARTIDO LIBERAL COLOMBIANO,00002,JAIRO CHAMORRO JAVELA,206
2023,CONCEJO,41206,COLOMBIA,00001,PARTIDO LIBERAL COLOMBIANO,00003,ALFREDO LLANOS LUGO,242
2023,CONCEJO,41206,COLOMBIA,00001,PARTIDO LIBERAL COLOMBIANO,00004,MARTHA YANED MOLINA HERRERA,74
2023,CONCEJO,41206,COLOMBIA,00001,PARTIDO LIBERAL COLOMBIANO,00005,LAUREANO LOZANO,230
2023,CONCEJO,41206,COLOMBIA,00001,PARTIDO LIBERAL COLOMBIANO,00006,LUIS DAVID RODRIGUEZ MOLINA,175
2023,CONCEJO,41206,COLOMBIA,00001,PARTIDO LIBERAL COLOMBIANO,00007,JOSE MILTON CARDOZO ORTIGOZA,11
2023,CONCEJO,41206,COLOMBIA,00001,PARTIDO LIBERAL COLOMBIANO,00008,RUBEN DARIO TOVAR GUZMAN,316
2023,CONCEJO,41206,COLOMBIA,00001,PARTIDO LIBERAL COLOMBIANO,00009,ROSA LIBIA DIAZ PRADILLA,79
2023,CONCEJO,41206,COLOMBIA,00001,PARTIDO LIBERAL COLOMBIANO,00010,YINETH SOLORZANO GUZMAN,158
2023,CONCEJO,41206,COLOMBIA,00001,PARTIDO LIBERAL COLOMBIANO,00011,NIDYA ANGELICA FONSECA ROMERO,71
2023,CONCEJO,41206,COLOMBIA,00002,PARTIDO CONSERVADOR COLOMBIANO,00000,PARTIDO CONSERVADOR COLOMBIANO,33
2023,CONCEJO,41206,COLOMBIA,00002,PARTIDO CONSERVADOR COLOMBIANO,00001,JOSE ALEJANDRO ALARCON RODRIGUEZ,163
2023,CONCEJO,41206,COLOMBIA,00002,PARTIDO CONSERVADOR COLOMBIANO,00002,JESUS MARIA GARCIA TORRES,98
2023,CONCEJO,41206,COLOMBIA,00002,PARTIDO CONSERVADOR COLOMBIANO,00003,PEDRO LUIS ARIAS,44
2023,CONCEJO,41206,COLOMBIA,00002,PARTIDO CONSERVADOR COLOMBIANO,00004,JULIO ALBERTO PERAZA HERRERA,52
2023,CONCEJO,41206,COLOMBIA,00002,PARTIDO CONSERVADOR COLOMBIANO,00005,ANCIZAR CUADRADO MONROY,36
2023,CONCEJO,41206,COLOMBIA,00002,PARTIDO CONSERVADOR COLOMBIANO,00006,ANYI VIVIANA VILLALOBOS CHACON,17
2023,CONCEJO,41206,COLOMBIA,00002,PARTIDO CONSERVADOR COLOMBIANO,00007,KAREN ELISA GONZALEZ GONZALEZ,68
2023,CONCEJO,41206,COLOMBIA,00002,PARTIDO CONSERVADOR COLOMBIANO,00008,YESENIA RUGELES LOZADA,59
2023,CONCEJO,41206,COLOMBIA,00002,PARTIDO CONSERVADOR COLOMBIANO,00009,YENNY CAROLINA TORRES RAMIREZ,5
2023,CONCEJO,41206,COLOMBIA,00002,PARTIDO CONSERVADOR COLOMBIANO,00010,FENER GUERRERO BENAVIDES,78
2023,CONCEJO,41206,COLOMBIA,00002,PARTIDO CONSERVADOR COLOMBIANO,00011,EDIL ESQUIVEL POLOCHE,79
2023,CONCEJO,41206,COLOMBIA,00003,PARTIDO CAMBIO RADICAL,00000,PARTIDO CAMBIO RADICAL,27
2023,CONCEJO,41206,COLOMBIA,00003,PARTIDO CAMBIO RADICAL,00001,MERCEDES EDILMA CASTAÑEDA ACEVEDO,132
2023,CONCEJO,41206,COLOMBIA,00003,PARTIDO CAMBIO RADICAL,00002,JOSE ALIRIO OSPINA HERNANDEZ,161
2023,CONCEJO,41206,COLOMBIA,00003,PARTIDO CAMBIO RADICAL,00003,NURY QUIMBAYA,53
2023,CONCEJO,41206,COLOMBIA,00003,PARTIDO CAMBIO RADICAL,00004,ANDREA PATRICIA CASTRO PEÑUELA,136
2023,CONCEJO,41206,COLOMBIA,00003,PARTIDO CAMBIO RADICAL,00005,NEIL GOMEZ RODRIGUEZ,100
2023,CONCEJO,41206,COLOMBIA,00003,PARTIDO CAMBIO RADICAL,00006,MERCEDES DIAZ CASTELLANOS,87
2023,CONCEJO,41206,COLOMBIA,00003,PARTIDO CAMBIO RADICAL,00007,FABIAN ALEXANDER GONZALEZ MORENO,202
2023,CONCEJO,41206,COLOMBIA,00003,PARTIDO CAMBIO RADICAL,00008,LUIS ALFREDO CASTELLANOS SOLORZANO,84
2023,CONCEJO,41206,COLOMBIA,00003,PARTIDO CAMBIO RADICAL,00010,MANUEL DE JESUS SALAS DIAZ,33
2023,CONCEJO,41206,COLOMBIA,00003,PARTIDO CAMBIO RADICAL,00011,DIELBER ANDRES GARCIA RAMIREZ,122
2023,CONCEJO,41206,COLOMBIA,00004,PARTIDO ALIANZA VERDE,00000,PARTIDO ALIANZA VERDE,17
2023,CONCEJO,41206,COLOMBIA,00004,PARTIDO ALIANZA VERDE,00001,YULIANA GARCIA MESA,267
2023,CONCEJO,41206,COLOMBIA,00004,PARTIDO ALIANZA VERDE,00002,JOSE FABIAN SALAS GARCIA,27
2023,CONCEJO,41206,COLOMBIA,00004,PARTIDO ALIANZA VERDE,00003,MARIA EUGENIA IBAÑEZ ALVAREZ,4
2023,CONCEJO,41206,COLOMBIA,00004,PARTIDO ALIANZA VERDE,00004,ALBEIRO GARCIA,1
2023,CONCEJO,41206,COLOMBIA,00004,PARTIDO ALIANZA VERDE,00005,LUNIO CARDOZO GONZALEZ,106
2023,CONCEJO,41206,COLOMBIA,00006,"PARTIDO ALIANZA SOCIAL INDEPENDIENTE ""ASI""",00000,"PARTIDO ALIANZA SOCIAL INDEPENDIENTE ""ASI""",19
2023,CONCEJO,41206,COLOMBIA,00006,"PARTIDO ALIANZA SOCIAL INDEPENDIENTE ""ASI""",00001,HERMINSO OYOLA TOVAR,35
2023,CONCEJO,41206,COLOMBIA,00006,"PARTIDO ALIANZA SOCIAL INDEPENDIENTE ""ASI""",00002,EDITH RODRIGUEZ PEREZ,36
2023,CONCEJO,41206,COLOMBIA,00006,"PARTIDO ALIANZA SOCIAL INDEPENDIENTE ""ASI""",00003,CESARIO SERRATO GONZALEZ,62
2023,CONCEJO,41206,COLOMBIA,00006,"PARTIDO ALIANZA SOCIAL INDEPENDIENTE ""ASI""",00004,ANA MARIA GARZON CHACON,67
2023,CONCEJO,41206,COLOMBIA,00006,"PARTIDO ALIANZA SOCIAL INDEPENDIENTE ""ASI""",00005,SATURIA AVILES DE ESQUIVEL,11
2023,CONCEJO,41206,COLOMBIA,00006,"PARTIDO ALIANZA SOCIAL INDEPENDIENTE ""ASI""",00006,JAHNFER DUVAN GAMBOA GOMEZ,68
2023,CONCEJO,41206,COLOMBIA,00006,"PARTIDO ALIANZA SOCIAL INDEPENDIENTE ""ASI""",00007,DAGOBERTO MONTERO GARCIA,40
2023,CONCEJO,41206,COLOMBIA,00006,"PARTIDO ALIANZA SOCIAL INDEPENDIENTE ""ASI""",00008,MARBEL JOHANNA HERNANDEZ RIVERA,30
2023,CONCEJO,41206,COLOMBIA,00006,"PARTIDO ALIANZA SOCIAL INDEPENDIENTE ""ASI""",00009,DILSE YOHANA CHAVEZ PERDOMO,62
2023,CONCEJO,41206,COLOMBIA,08325,PACTO HISTORICO COLOMBIA PUEDE,00000,PACTO HISTORICO COLOMBIA PUEDE,74
2023,CONCEJO,41244,ELÍAS,00000,,00996,VOTOS EN BLANCO,48
2023,CONCEJO,41244,ELÍAS,00000,,00997,VOTOS NULOS,49
2023,CONCEJO,41244,ELÍAS,00000,,00998,VOTOS NO MARCADOS,83
2023,CONCEJO,41244,ELÍAS,00001,PARTIDO LIBERAL COLOMBIANO,00000,PARTIDO LIBERAL COLOMBIANO,31
2023,CONCEJO,41244,ELÍAS,00001,PARTIDO LIBERAL COLOMBIANO,00001,JHON ALBER SABI ANACONA,242
2023,CONCEJO,41244,ELÍAS,00001,PARTIDO LIBERAL COLOMBIANO,00002,LORENA CELIS CUELLAR,387
2023,CONCEJO,41244,ELÍAS,00001,PARTIDO LIBERAL COLOMBIANO,00003,RITA ELSA PANTEVEZ BAUTISTA,265
2023,CONCEJO,41244,ELÍAS,00001,PARTIDO LIBERAL COLOMBIANO,00004,ELCIRA CUELLAR ROJAS,165
2023,CONCEJO,41244,ELÍAS,00001,PARTIDO LIBERAL COLOMBIANO,00005,ELMER ROJAS GONZALEZ,259
2023,CONCEJO,41244,ELÍAS,00001,PARTIDO LIBERAL COLOMBIANO,00006,JOSELITO GONZALEZ ARTUNDUAGA,89
2023,CONCEJO,41244,ELÍAS,00001,PARTIDO LIBERAL COLOMBIANO,00007,LEIDE KATHERINE RIOS TRUJILLO,214
2023,CONCEJO,41244,ELÍAS,00006,"PARTIDO ALIANZA SOCIAL INDEPENDIENTE ""ASI""",00000,"PARTIDO ALIANZA SOCIAL INDEPENDIENTE ""ASI""",1
2023,CONCEJO,41244,ELÍAS,00006,"PARTIDO ALIANZA SOCIAL INDEPENDIENTE ""ASI""",00001,EDNA YADIRA MIRANDA BARRERA,17
2023,CONCEJO,41244,ELÍAS,00006,"PARTIDO ALIANZA SOCIAL INDEPENDIENTE ""ASI""",00002,LUZ ESTELLA CARBAJAL JIL,24
2023,CONCEJO,41244,ELÍAS,00006,"PARTIDO ALIANZA SOCIAL INDEPENDIENTE ""ASI""",00003,LEIDY FERNANDA PLAZAS SERRATO,38
2023,CONCEJO,41244,ELÍAS,00006,"PARTIDO ALIANZA SOCIAL INDEPENDIENTE ""ASI""",00004,MARTHA CLARA MENESES VARGAS,15
2023,CONCEJO,41244,ELÍAS,00006,"PARTIDO ALIANZA SOCIAL INDEPENDIENTE ""ASI""",00005,LUIS MARIA CRUZ PLAZA,77
2023,CONCEJO,41244,ELÍAS,00006,"PARTIDO ALIANZA SOCIAL INDEPENDIENTE ""ASI""",00006,DIRLEY ROA ARTUNDUAGA,31
2023,CONCEJO,41244,ELÍAS,00006,"PARTIDO ALIANZA SOCIAL INDEPENDIENTE ""ASI""",00007,NELSON ENRIQUE CASTRO MUÑOZ,67
2023,CONCEJO,41244,ELÍAS,00031,INDEPENDIENTES,00000,INDEPENDIENTES,9
2023,CONCEJO,41244,ELÍAS,00031,INDEPENDIENTES,00001,MARIA DEL CARMEN SANCHEZ CERON,97
2023,CONCEJO,41244,ELÍAS,00031,INDEPENDIENTES,00002,JUAN MANUEL ARTUNDUAGA TOLE,239
2023,CONCEJO,41244,ELÍAS,00031,INDEPENDIENTES,00003,FLOOVER GONZALEZ CARVAJAL,72
2023,CONCEJO,41244,ELÍAS,00031,INDEPENDIENTES,00004,ANGELA MILENA TRUJILLO VARGAS,76
2023,CONCEJO,41244,ELÍAS,00031,INDEPENDIENTES,00005,HUMBERTO MOTTA SALGADO,113
2023,CONCEJO,41244,ELÍAS,00031,INDEPENDIENTES,00006,JUAN DAVID CALDERON CALDERON,144
2023,CONCEJO,41244,ELÍAS,00031,INDEPENDIENTES,00007,MONICA PLAZA ARTUNDUAGA,96
2023,CONCEJO,41298,GARZÓN,00000,,00996,VOTOS EN BLANCO,1966
2023,CONCEJO,41298,GARZÓN,00000,,00997,VOTOS NULOS,818
2023,CONCEJO,41298,GARZÓN,00000,,00998,VOTOS NO MARCADOS,1659
2023,CONCEJO,41298,GARZÓN,00001,PARTIDO LIBERAL COLOMBIANO,00000,PARTIDO LIBERAL COLOMBIANO,161
2023,CONCEJO,41298,GARZÓN,00001,PARTIDO LIBERAL COLOMBIANO,00001,CHIRLY YOHANNA LAMILLA QUINTERO,698
2023,CONCEJO,41298,GARZÓN,00001,PARTIDO LIBERAL COLOMBIANO,00002,JHON JAIRO ROJAS FIERRO,141
2023,CONCEJO,41298,GARZÓN,00001,PARTIDO LIBERAL COLOMBIANO,00003,ANA YIBE MORALES TRUJILLO,64
2023,CONCEJO,41298,GARZÓN,00001,PARTIDO LIBERAL COLOMBIANO,00004,KARLA PAOLA ROJAS ARDILA,162
2023,CONCEJO,41298,GARZÓN,00001,PARTIDO LIBERAL COLOMBIANO,00005,ETNI DANIELA PANTEVIS RODRIGUEZ,121
2023,CONCEJO,41298,GARZÓN,00001,PARTIDO LIBERAL COLOMBIANO,00006,CLARA INES BULLA PLAZA,65
2023,CONCEJO,41298,GARZÓN,00001,PARTIDO LIBERAL COLOMBIANO,00007,LUIS EDUARDO FIGUEROA SANCHEZ,36
2023,CONCEJO,41298,GARZÓN,00001,PARTIDO LIBERAL COLOMBIANO,00008,MARIA MAGNOLIA QUINTERO TORRES,20
2023,CONCEJO,41298,GARZÓN,00001,PARTIDO LIBERAL COLOMBIANO,00009,JOHAN SEBASTIAN HORTA SANCHEZ,22
2023,CONCEJO,41298,GARZÓN,00001,PARTIDO LIBERAL COLOMBIANO,00010,ANDREA TRIANA TRIANA,37
2023,CONCEJO,41298,GARZÓN,00001,PARTIDO LIBERAL COLOMBIANO,00011,PAWER TRUJILLO ALVAREZ,67
2023,CONCEJO,41298,GARZÓN,00001,PARTIDO LIBERAL COLOMBIANO,00012,HERNANDO ROJAS BECERRA,450
2023,CONCEJO,41298,GARZÓN,00001,PARTIDO LIBERAL COLOMBIANO,00013,LINA MARIA ZAPATA CASTRILLON,29
2023,CONCEJO,41298,GARZÓN,00001,PARTIDO LIBERAL COLOMBIANO,00014,FRANCISCO ANDRES TEJADA PEÑA,282
2023,CONCEJO,41298,GARZÓN,00001,PARTIDO LIBERAL COLOMBIANO,00015,VICTORIA SORAYA RUMIE SARRIAS,354
2023,CONCEJO,41298,GARZÓN,00002,PARTIDO CONSERVADOR COLOMBIANO,00000,PARTIDO CONSERVADOR COLOMBIANO,126
2023,CONCEJO,41298,GARZÓN,00002,PARTIDO CONSERVADOR COLOMBIANO,00001,JUAN IGNACIO GARCIA ESPINOSA,143
2023,CONCEJO,41298,GARZÓN,00002,PARTIDO CONSERVADOR COLOMBIANO,00002,JONATHAN BARRERA LADINO,386
2023,CONCEJO,41298,GARZÓN,00002,PARTIDO CONSERVADOR COLOMBIANO,00003,CINDY CAROLINA TRUJILLO VARGAS,76
2023,CONCEJO,41298,GARZÓN,00002,PARTIDO CONSERVADOR COLOMBIANO,00004,JOSE WILSON CALDERON RIVERA,158
2023,CONCEJO,41298,GARZÓN,00002,PARTIDO CONSERVADOR COLOMBIANO,00005,HOOVER JIMMY VELOSA PEÑA,245
2023,CONCEJO,41298,GARZÓN,00002,PARTIDO CONSERVADOR COLOMBIANO,00006,MARIA NEIFA GONZALEZ CARVAJAL,384
2023,CONCEJO,41298,GARZÓN,00002,PARTIDO CONSERVADOR COLOMBIANO,00007,MARTHA LILIANA VIEDA MORENO,149
2023,CONCEJO,41298,GARZÓN,00002,PARTIDO CONSERVADOR COLOMBIANO,00009,JOSELITO GUEVARA ROJAS,316
2023,CONCEJO,41298,GARZÓN,00002,PARTIDO CONSERVADOR COLOMBIANO,00010,CATALINA FIGUEROA RIOS,12
2023,CONCEJO,41298,GARZÓN,00002,PARTIDO CONSERVADOR COLOMBIANO,00011,DIEGO FERNANDO VARGAS LOSADA,288
2023,CONCEJO,41298,GARZÓN,00002,PARTIDO CONSERVADOR COLOMBIANO,00012,ELI CASTILLO MONTALVO,96
2023,CONCEJO,41298,GARZÓN,00002,PARTIDO CONSERVADOR COLOMBIANO,00013,RODRIGO CALDERON MEDINA,171
2023,CONCEJO,41298,GARZÓN,00002,PARTIDO CONSERVADOR COLOMBIANO,00014,IRENE CORTES PINILLA,50
2023,CONCEJO,41298,GARZÓN,00002,PARTIDO CONSERVADOR COLOMBIANO,00015,NURTH MARIA ZAMBRANO CAVIEDES,518
2023,CONCEJO,41298,GARZÓN,00004,PARTIDO ALIANZA VERDE,00000,PARTIDO ALIANZA VERDE,290
2023,CONCEJO,41298,GARZÓN,00004,PARTIDO ALIANZA VERDE,00001,ALVEIRO MANJARRES MANJARRES,1069
2023,CONCEJO,41298,GARZÓN,00004,PARTIDO ALIANZA VERDE,00002,ANDRES FELIPE LUGO SILVA,751
2023,CONCEJO,41298,GARZÓN,00004,PARTIDO ALIANZA VERDE,00003,JHON FREDY FAJARDO MOLINA,496
2023,CONCEJO,41298,GARZÓN,00004,PARTIDO ALIANZA VERDE,00004,BORIS IVAN BOTELLO VALENZUELA,685
2023,CONCEJO,41298,GARZÓN,00004,PARTIDO ALIANZA VERDE,00005,JAIR ESTEBAN VALDERRAMA ESPINOSA,139
2023,CONCEJO,41298,GARZÓN,00004,PARTIDO ALIANZA VERDE,00006,CESAR AUGUSTO COLLAZOS VELA,404
2023,CONCEJO,41298,GARZÓN,00004,PARTIDO ALIANZA VERDE,00007,ANYI LORENA ALMARIO CEBALLES,55
2023,CONCEJO,41298,GARZÓN,00004,PARTIDO ALIANZA VERDE,00008,LEIDER ANTONIO COPETE PARRA,65
2023,CONCEJO,41298,GARZÓN,00004,PARTIDO ALIANZA VERDE,00009,JEFERSSON CASTILLO BONELO,369
2023,CONCEJO,41298,GARZÓN,00004,PARTIDO ALIANZA VERDE,00010,MARIVEL HOYOS DIAZ,34
2023,CONCEJO,41298,GARZÓN,00004,PARTIDO ALIANZA VERDE,00011,KAREN JULIETH GARCIA YASNO,38
2023,CONCEJO,41298,GARZÓN,00004,PARTIDO ALIANZA VERDE,00012,CARLOS ARTURO LEZAMA PERDOMO,474
2023,CONCEJO,41298,GARZÓN,00004,PARTIDO ALIANZA VERDE,00013,ELSA HERNANDEZ MEJIA,301
2023,CONCEJO,41298,GARZÓN,00005,"MOVIMIENTO AUTORIDADES INDÍGENAS DE COLOMBIA ""AICO""",00000,"MOVIMIENTO AUTORIDADES INDÍGENAS DE COLOMBIA ""AICO """,23
2023,CONCEJO,41298,GARZÓN,00005,"MOVIMIENTO AUTORIDADES INDÍGENAS DE COLOMBIA ""AICO""",00001,JOSE ARNUR FIGUEROA VARGAS,125
2023,CONCEJO,41298,GARZÓN,00005,"MOVIMIENTO AUTORIDADES INDÍGENAS DE COLOMBIA ""AICO""",00002,ISMAEL CABRERA PERDOMO,103
2023,CONCEJO,41298,GARZÓN,00005,"MOVIMIENTO AUTORIDADES INDÍGENAS DE COLOMBIA ""AICO""",00003,HENRY CEDIEL BENAVIDEZ,162
2023,CONCEJO,41298,GARZÓN,00005,"MOVIMIENTO AUTORIDADES INDÍGENAS DE COLOMBIA ""AICO""",00005,DANIEL OCTAVIO GUTIERREZ OLAYA,50
2023,CONCEJO,41298,GARZÓN,00005,"MOVIMIENTO AUTORIDADES INDÍGENAS DE COLOMBIA ""AICO""",00006,ANDRES JAIR URRIAGO PARAMO,42
2023,CONCEJO,41298,GARZÓN,00005,"MOVIMIENTO AUTORIDADES INDÍGENAS DE COLOMBIA ""AICO""",00007,JOSE ANGEL BELTRAN MARTINEZ,146
2023,CONCEJO,41298,GARZÓN,00005,"MOVIMIENTO AUTORIDADES INDÍGENAS DE COLOMBIA ""AICO""",00008,YULIET CORONADO VILLAQUIRA,3
2023,CONCEJO,41298,GARZÓN,00005,"MOVIMIENTO AUTORIDADES INDÍGENAS DE COLOMBIA ""AICO""",00009,MEDARDO ORREGO POLANIA,17
2023,CONCEJO,41298,GARZÓN,00005,"MOVIMIENTO AUTORIDADES INDÍGENAS DE COLOMBIA ""AICO""",00010,SANDRA PATRICIA SUAREZ CUENCA,9
2023,CONCEJO,41298,GARZÓN,00005,"MOVIMIENTO AUTORIDADES INDÍGENAS DE COLOMBIA ""AICO""",00013,MARIA CAMILA ALVAREZ PLAZAS,5
2023,CONCEJO,41298,GARZÓN,00005,"MOVIMIENTO AUTORIDADES INDÍGENAS DE COLOMBIA ""AICO""",00014,DANNA GHERALDINE LOSADA CALDERON,10
2023,CONCEJO,41298,GARZÓN,00005,"MOVIMIENTO AUTORIDADES INDÍGENAS DE COLOMBIA ""AICO""",00015,ALBERTO SANCHEZ SOTO,55
2023,CONCEJO,41298,GARZÓN,00008,PARTIDO DE LA UNIÓN POR LA GENTE - PARTIDO DE LA U,00000,PARTIDO DE LA UNIÓN POR LA GENTE - PARTIDO DE LA U,80
2023,CONCEJO,41298,GARZÓN,00008,PARTIDO DE LA UNIÓN POR LA GENTE - PARTIDO DE LA U,00001,YUDY ANDREA ALVARADO MARTINEZ,43
2023,CONCEJO,41298,GARZÓN,00008,PARTIDO DE LA UNIÓN POR LA GENTE - PARTIDO DE LA U,00002,LUISA FERNANDA ALMARIO JARAMILLO,89
2023,CONCEJO,41298,GARZÓN,00008,PARTIDO DE LA UNIÓN POR LA GENTE - PARTIDO DE LA U,00004,MARIA CATALINA OLIVEROS RAMIREZ,287
2023,CONCEJO,41298,GARZÓN,00008,PARTIDO DE LA UNIÓN POR LA GENTE - PARTIDO DE LA U,00006,PARMENIDES PEÑA FAJARDO,101
2023,CONCEJO,41298,GARZÓN,00008,PARTIDO DE LA UNIÓN POR LA GENTE - PARTIDO DE LA U,00009,YEFER TAPIERO ASCENCIO,13
2023,CONCEJO,41298,GARZÓN,00008,PARTIDO DE LA UNIÓN POR LA GENTE - PARTIDO DE LA U,00011,LUIS ALBEIRO MULCUE SARRIAS,122
2023,CONCEJO,41298,GARZÓN,00008,PARTIDO DE LA UNIÓN POR LA GENTE - PARTIDO DE LA U,00013,JHON JAILEN JOVEN RAMOS,588
2023,CONCEJO,41298,GARZÓN,00008,PARTIDO DE LA UNIÓN POR LA GENTE - PARTIDO DE LA U,00014,DEISY ADELAIDA QUINTO TUMBO,21
2023,CONCEJO,41298,GARZÓN,00008,PARTIDO DE LA UNIÓN POR LA GENTE - PARTIDO DE LA U,00015,RAFAEL ÑAÑEZ POPAYAN,72
2023,CONCEJO,41298,GARZÓN,00011,PARTIDO CENTRO DEMOCRÁTICO,00000,PARTIDO CENTRO DEMOCRÁTICO,293
2023,CONCEJO,41298,GARZÓN,00011,PARTIDO CENTRO DEMOCRÁTICO,00001,MANUEL CERQUERA DURAN,552
2023,CONCEJO,41298,GARZÓN,00011,PARTIDO CENTRO DEMOCRÁTICO,00002,DIEGO FERNANDO MORA ORDOÑEZ,358
2023,CONCEJO,41298,GARZÓN,00011,PARTIDO CENTRO DEMOCRÁTICO,00003,DIANA FERNANDA COLLAZOS PEÑA,112
2023,CONCEJO,41298,GARZÓN,00011,PARTIDO CENTRO DEMOCRÁTICO,00004,CESAR IVAN VARGAS GAITAN,453
2023,CONCEJO,41298,GARZÓN,00011,PARTIDO CENTRO DEMOCRÁTICO,00005,BERENICE OSPINA CADENA,164
2023,CONCEJO,41298,GARZÓN,00011,PARTIDO CENTRO DEMOCRÁTICO,00006,HERNANDO BERMUDEZ CORONEL,214
2023,CONCEJO,41298,GARZÓN,00011,PARTIDO CENTRO DEMOCRÁTICO,00007,LUCILA GARCES CORDOBA,171
2023,CONCEJO,41298,GARZÓN,00011,PARTIDO CENTRO DEMOCRÁTICO,00008,MAIDY YISETH CARDONA GARCIA,12
2023,CONCEJO,41298,GARZÓN,00011,PARTIDO CENTRO DEMOCRÁTICO,00009,NAPOLEON CAMPOS MORENO,98
2023,CONCEJO,41298,GARZÓN,00011,PARTIDO CENTRO DEMOCRÁTICO,00011,HENRY BUSTOS VARON,383
2023,CONCEJO,41298,GARZÓN,00011,PARTIDO CENTRO DEMOCRÁTICO,00012,PRICILA PAJOY BUSTOS,80
2023,CONCEJO,41298,GARZÓN,00011,PARTIDO CENTRO DEMOCRÁTICO,00013,JOSE DE JESUS MARTINEZ GUZMAN,93
2023,CONCEJO,41298,GARZÓN,00011,PARTIDO CENTRO DEMOCRÁTICO,00014,HERNAN JOSE SEGURA MEDINA,383
2023,CONCEJO,41298,GARZÓN,00011,PARTIDO CENTRO DEMOCRÁTICO,00015,EDER LUNA MARTINEZ,412
2023,CONCEJO,41298,GARZÓN,00017,PARTIDO POLÍTICO DIGNIDAD & COMPROMISO,00000,PARTIDO POLÍTICO DIGNIDAD & COMPROMISO,26
2023,CONCEJO,41298,GARZÓN,00017,PARTIDO POLÍTICO DIGNIDAD & COMPROMISO,00001,JAIRO ENRIQUE PERILLA MARTINEZ,60
2023,CONCEJO,41298,GARZÓN,00017,PARTIDO POLÍTICO DIGNIDAD & COMPROMISO,00002,LAURA DANIELA SAMBONY TORRES,25
2023,CONCEJO,41298,GARZÓN,00017,PARTIDO POLÍTICO DIGNIDAD & COMPROMISO,00003,NORMA CONSTANZA TORRES TORRES,47
2023,CONCEJO,41298,GARZÓN,00017,PARTIDO POLÍTICO DIGNIDAD & COMPROMISO,00004,RIGOBERTO GAITAN ROSERO,38
2023,CONCEJO,41298,GARZÓN,00017,PARTIDO POLÍTICO DIGNIDAD & COMPROMISO,00005,WILLINTON ANDRES FERNANDEZ CALDERON,54
2023,CONCEJO,41298,GARZÓN,00017,PARTIDO POLÍTICO DIGNIDAD & COMPROMISO,00006,EUGENIO HERNANDEZ MONTILLA,21
2023,CONCEJO,41298,GARZÓN,00017,PARTIDO POLÍTICO DIGNIDAD & COMPROMISO,00007,JHON ANDERSON ANDRADE SANCHEZ,62
2023,CONCEJO,41298,GARZÓN,00017,PARTIDO POLÍTICO DIGNIDAD & COMPROMISO,00008,FLOR EDID VARGAS CUELLAR,10
2023,CONCEJO,41298,GARZÓN,00017,PARTIDO POLÍTICO DIGNIDAD & COMPROMISO,00009,NELSON HUMBERTO ORTIZ TOVAR,18
2023,CONCEJO,41298,GARZÓN,00017,PARTIDO POLÍTICO DIGNIDAD & COMPROMISO,00010,LUISA FERNANDA RAMIREZ ERAZO,22
2023,CONCEJO,41298,GARZÓN,00017,PARTIDO POLÍTICO DIGNIDAD & COMPROMISO,00011,ALEX GABRIEL CALDERON CEBALLES,16
2023,CONCEJO,41298,GARZÓN,00017,PARTIDO POLÍTICO DIGNIDAD & COMPROMISO,00012,CARLOS ANDRES CEBALLES GOMEZ,1
2023,CONCEJO,41298,GARZÓN,00017,PARTIDO POLÍTICO DIGNIDAD & COMPROMISO,00013,GLORIA ESPERANZA PLAZA ARANDA,14
2023,CONCEJO,41298,GARZÓN,00017,PARTIDO POLÍTICO DIGNIDAD & COMPROMISO,00014,BLANCA CECILIA CRUZ MOSQUERA,66
2023,CONCEJO,41298,GARZÓN,00017,PARTIDO POLÍTICO DIGNIDAD & COMPROMISO,00015,AIDEE ADAMES BOLAÑOS,49
2023,CONCEJO,41298,GARZÓN,00020,MOVIMIENTO SALVACIÓN NACIONAL,00000,MOVIMIENTO  SALVACIÓN NACIONAL,46
2023,CONCEJO,41298,GARZÓN,00020,MOVIMIENTO SALVACIÓN NACIONAL,00001,WILSON RODRIGUEZ SANCHEZ,58
2023,CONCEJO,41298,GARZÓN,00020,MOVIMIENTO SALVACIÓN NACIONAL,00002,ANDREY BERRIO BARAHONA,176
2023,CONCEJO,41298,GARZÓN,00020,MOVIMIENTO SALVACIÓN NACIONAL,00003,AMANDA ESCALANTE ESCALANTE,84
2023,CONCEJO,41298,GARZÓN,00020,MOVIMIENTO SALVACIÓN NACIONAL,00004,PEDRO MIRANDA SANCHEZ,177
2023,CONCEJO,41298,GARZÓN,00020,MOVIMIENTO SALVACIÓN NACIONAL,00005,OMAIRA GALINDO COLLAZOS,66
2023,CONCEJO,41298,GARZÓN,00020,MOVIMIENTO SALVACIÓN NACIONAL,00006,JUAN CARLOS RAYO SANCHEZ,91
2023,CONCEJO,41298,GARZÓN,00020,MOVIMIENTO SALVACIÓN NACIONAL,00007,TOBIAS ANDRES POLANCO RAMIREZ,163
2023,CONCEJO,41298,GARZÓN,00020,MOVIMIENTO SALVACIÓN NACIONAL,00008,JORGE AMAYA CUENCA,219
2023,CONCEJO,41298,GARZÓN,00020,MOVIMIENTO SALVACIÓN NACIONAL,00009,NIDIA LUCERO MONTOYA,26
2023,CONCEJO,41298,GARZÓN,00020,MOVIMIENTO SALVACIÓN NACIONAL,00010,NICOLE ANDREA VARGAS CRUZ,36
2023,CONCEJO,41298,GARZÓN,00020,MOVIMIENTO SALVACIÓN NACIONAL,00011,ALEJANDRO ROJAS VASQUEZ,14
2023,CONCEJO,41298,GARZÓN,00020,MOVIMIENTO SALVACIÓN NACIONAL,00012,ALEXANDER PINEDA CELIS,76
2023,CONCEJO,41298,GARZÓN,00020,MOVIMIENTO SALVACIÓN NACIONAL,00013,FRANCISCO JAVIER GOMEZ CHAVARRO,185
2023,CONCEJO,41298,GARZÓN,00020,MOVIMIENTO SALVACIÓN NACIONAL,00014,OMAR GONZALEZ URRIAGO,48
2023,CONCEJO,41298,GARZÓN,00020,MOVIMIENTO SALVACIÓN NACIONAL,00015,MAGDA LILIANA SARMIENTO NARANJO,101
2023,CONCEJO,41298,GARZÓN,00023,PARTIDO LIGA GOBERNANTES ANTICORRUPCIÓN - LIGA,00000,PARTIDO LIGA GOBERNANTES ANTICORRUPCIÓN - LIGA,41
2023,CONCEJO,41298,GARZÓN,00023,PARTIDO LIGA GOBERNANTES ANTICORRUPCIÓN - LIGA,00001,VICTOR ORLANDO SEGURA SILVA,382
2023,CONCEJO,41298,GARZÓN,00023,PARTIDO LIGA GOBERNANTES ANTICORRUPCIÓN - LIGA,00003,EMIR CRUZ CALDERON,24
2023,CONCEJO,41298,GARZÓN,00023,PARTIDO LIGA GOBERNANTES ANTICORRUPCIÓN - LIGA,00004,MARLENI MARTINEZ RAMOS,75
2023,CONCEJO,41298,GARZÓN,00023,PARTIDO LIGA GOBERNANTES ANTICORRUPCIÓN - LIGA,00005,ANDRES FELIPE MARTINEZ BOTELLO,120
2023,CONCEJO,41298,GARZÓN,00023,PARTIDO LIGA GOBERNANTES ANTICORRUPCIÓN - LIGA,00006,HILDA MARIA PERDOMO QUIACHA,20
2023,CONCEJO,41298,GARZÓN,00023,PARTIDO LIGA GOBERNANTES ANTICORRUPCIÓN - LIGA,00007,ELIZABETH POLANIA GARZON,65
2023,CONCEJO,41298,GARZÓN,00023,PARTIDO LIGA GOBERNANTES ANTICORRUPCIÓN - LIGA,00008,OLGA LUCIA SEGURA GARZON,58
2023,CONCEJO,41298,GARZÓN,00023,PARTIDO LIGA GOBERNANTES ANTICORRUPCIÓN - LIGA,00010,EISENHOWER LEAL RINCON,55
2023,CONCEJO,41298,GARZÓN,00023,PARTIDO LIGA GOBERNANTES ANTICORRUPCIÓN - LIGA,00011,ALEX JAIR CURACA POLANIA,112
2023,CONCEJO,41298,GARZÓN,00023,PARTIDO LIGA GOBERNANTES ANTICORRUPCIÓN - LIGA,00012,LUZ ESTELA CERON TRIANA,25
2023,CONCEJO,41298,GARZÓN,00023,PARTIDO LIGA GOBERNANTES ANTICORRUPCIÓN - LIGA,00013,MARIA ALEJANDRA ROJAS PIAMBA,118
2023,CONCEJO,41298,GARZÓN,00029,NUEVA FUERZA DEMOCRÁTICA,00000,NUEVA FUERZA DEMOCRÁTICA,45
2023,CONCEJO,41298,GARZÓN,00029,NUEVA FUERZA DEMOCRÁTICA,00001,RAMIRO CUENCA CABRERA,189
2023,CONCEJO,41298,GARZÓN,00029,NUEVA FUERZA DEMOCRÁTICA,00002,ROBINSON VARGAS GAITAN,214
2023,CONCEJO,41298,GARZÓN,00029,NUEVA FUERZA DEMOCRÁTICA,00004,JULY PATRICIA LOBATON MUÑOZ,23
2023,CONCEJO,41298,GARZÓN,00029,NUEVA FUERZA DEMOCRÁTICA,00005,ANA FRANCISCA BAUTISTA CLEVES,15
2023,CONCEJO,41298,GARZÓN,00029,NUEVA FUERZA DEMOCRÁTICA,00006,ALIRIO PORTILLA GALVIZ,41
2023,CONCEJO,41298,GARZÓN,00029,NUEVA FUERZA DEMOCRÁTICA,00007,MIGUEL ANTONIO VARGAS MORA,41
2023,CONCEJO,41298,GARZÓN,00029,NUEVA FUERZA DEMOCRÁTICA,00008,MARY LILIANA MURCIA FRANCO,9
2023,CONCEJO,41298,GARZÓN,00029,NUEVA FUERZA DEMOCRÁTICA,00010,NICOLAS JOVEN ORTIZ,203
2023,CONCEJO,41298,GARZÓN,00029,NUEVA FUERZA DEMOCRÁTICA,00011,NINI YOHANNA CERON MARTINEZ,10
2023,CONCEJO,41298,GARZÓN,00029,NUEVA FUERZA DEMOCRÁTICA,00012,ARIEL QUINTERO,85
2023,CONCEJO,41298,GARZÓN,00029,NUEVA FUERZA DEMOCRÁTICA,00013,RICARDO ANDRES BAUTISTA CUADRO,8
2023,CONCEJO,41298,GARZÓN,00029,NUEVA FUERZA DEMOCRÁTICA,00014,NELSON RAMIREZ,136
2023,CONCEJO,41298,GARZÓN,00031,INDEPENDIENTES,00000,INDEPENDIENTES,28
2023,CONCEJO,41298,GARZÓN,00031,INDEPENDIENTES,00001,CLAUDIA MARIA TIERRADENTRO PAIBA,150
2023,CONCEJO,41298,GARZÓN,00031,INDEPENDIENTES,00002,BRAYAN ESTIVEN PARRA,78
2023,CONCEJO,41298,GARZÓN,00031,INDEPENDIENTES,00003,DIANA LORENA BOCANEGRA DURAN,29
2023,CONCEJO,41298,GARZÓN,00031,INDEPENDIENTES,00004,CRISTIAN LEONARDO TOLEDO GARRIDO,32
2023,CONCEJO,41298,GARZÓN,00031,INDEPENDIENTES,00005,GLORIA ESMERALDA CUELLAR QUIGUAZU,64
2023,CONCEJO,41298,GARZÓN,00031,INDEPENDIENTES,00006,LIBARDO MURCIA OROZCO,96
2023,CONCEJO,41298,GARZÓN,00031,INDEPENDIENTES,00008,CARLOS EDUARDO CULMAN VIZCAYA,60
2023,CONCEJO,41298,GARZÓN,00031,INDEPENDIENTES,00009,MARIA ESTHER BOTELLO ANDRADE,31
2023,CONCEJO,41298,GARZÓN,00031,INDEPENDIENTES,00011,MAIRA ALEJANDRA MUÑOZ CERON,26
2023,CONCEJO,41298,GARZÓN,00031,INDEPENDIENTES,00012,JUAN DE DIOS NUÑEZ BAHAMON,7
2023,CONCEJO,41298,GARZÓN,00036,PARTIDO POLÍTICO GENTE EN MOVIMIENTO,00000,PARTIDO POLÍTICO GENTE EN MOVIMIENTO,69
2023,CONCEJO,41298,GARZÓN,00036,PARTIDO POLÍTICO GENTE EN MOVIMIENTO,00001,LIDA XIMENA POLANCO MONTEALEGRE,98
2023,CONCEJO,41298,GARZÓN,00036,PARTIDO POLÍTICO GENTE EN MOVIMIENTO,00002,YESID BENAVIDES GUTIERREZ,107
2023,CONCEJO,41298,GARZÓN,00036,PARTIDO POLÍTICO GENTE EN MOVIMIENTO,00003,CARLOS LUIS GUEVARA,41
2023,CONCEJO,41298,GARZÓN,00036,PARTIDO POLÍTICO GENTE EN MOVIMIENTO,00004,DANIELA VASQUEZ GARZON,88
2023,CONCEJO,41298,GARZÓN,00036,PARTIDO POLÍTICO GENTE EN MOVIMIENTO,00005,ADRIANO CICERY LUGO,313
2023,CONCEJO,41298,GARZÓN,00036,PARTIDO POLÍTICO GENTE EN MOVIMIENTO,00006,RAUL MOSQUERA SERRANO,40
2023,CONCEJO,41298,GARZÓN,00036,PARTIDO POLÍTICO GENTE EN MOVIMIENTO,00007,LEIDY CRISTINA MARIN MARIN,23
2023,CONCEJO,41298,GARZÓN,00036,PARTIDO POLÍTICO GENTE EN MOVIMIENTO,00008,JOSE LUIS MACIAS GUARNIZO,134
2023,CONCEJO,41298,GARZÓN,00036,PARTIDO POLÍTICO GENTE EN MOVIMIENTO,00009,SANDRA MILENA CAMARGO LOPEZ,12
2023,CONCEJO,41298,GARZÓN,00036,PARTIDO POLÍTICO GENTE EN MOVIMIENTO,00010,JHAN CARLOS GOMEZ VILLA,54
2023,CONCEJO,41298,GARZÓN,00036,PARTIDO POLÍTICO GENTE EN MOVIMIENTO,00011,JHON JAIRO MORENO BLASQUEZ,37
2023,CONCEJO,41298,GARZÓN,00036,PARTIDO POLÍTICO GENTE EN MOVIMIENTO,00012,LEILA MUÑOZ CHAVARRO,106
2023,CONCEJO,41298,GARZÓN,00036,PARTIDO POLÍTICO GENTE EN MOVIMIENTO,00013,NOHELIA VALDERRAMA RAMIREZ,34
2023,CONCEJO,41298,GARZÓN,00036,PARTIDO POLÍTICO GENTE EN MOVIMIENTO,00014,RAUL MUÑOZ ORTIZ,150
2023,CONCEJO,41298,GARZÓN,00036,PARTIDO POLÍTICO GENTE EN MOVIMIENTO,00015,JORGE ARMANDO SAENZ RODRIGUEZ,53
2023,CONCEJO,41298,GARZÓN,00037,MOVIMIENTO POLITICO FUERZA CIUDADANA,00000,MOVIMIENTO POLITICO FUERZA CIUDADANA,29
2023,CONCEJO,41298,GARZÓN,00037,MOVIMIENTO POLITICO FUERZA CIUDADANA,00001,HENRY CALDERON MORA,222
2023,CONCEJO,41298,GARZÓN,00037,MOVIMIENTO POLITICO FUERZA CIUDADANA,00002,HECTOR LUIS QUIPO BUSTOS,13
2023,CONCEJO,41298,GARZÓN,00037,MOVIMIENTO POLITICO FUERZA CIUDADANA,00004,FRANCO ISIDRO ANDRADE MENDES,165
2023,CONCEJO,41298,GARZÓN,00037,MOVIMIENTO POLITICO FUERZA CIUDADANA,00005,ALEXANDER RAMIREZ HENAO,115
2023,CONCEJO,41298,GARZÓN,00037,MOVIMIENTO POLITICO FUERZA CIUDADANA,00006,SARA JOSEFINA GALINDO GUTIERREZ,10
2023,CONCEJO,41298,GARZÓN,00037,MOVIMIENTO POLITICO FUERZA CIUDADANA,00007,JESUS MARIA RODRIGUEZ BEJARANO,10
2023,CONCEJO,41298,GARZÓN,00037,MOVIMIENTO POLITICO FUERZA CIUDADANA,00008,LUISA CRISTINA CARDOZO CABRERA,4
2023,CONCEJO,41298,GARZÓN,00037,MOVIMIENTO POLITICO FUERZA CIUDADANA,00009,JUAN DANIEL MURCIA LUNA,35
2023,CONCEJO,41298,GARZÓN,00037,MOVIMIENTO POLITICO FUERZA CIUDADANA,00010,PAOLA ANDREA CUELLAR VARGAS,51
2023,CONCEJO,41298,GARZÓN,00037,MOVIMIENTO POLITICO FUERZA CIUDADANA,00012,ALVARO FLOREZ FIERRO,32
2023,CONCEJO,41298,GARZÓN,00037,MOVIMIENTO POLITICO FUERZA CIUDADANA,00013,LEONEL CALDERON BARRERA,136
2023,CONCEJO,41298,GARZÓN,00037,MOVIMIENTO POLITICO FUERZA CIUDADANA,00015,ASHLYXIMENA RAMIREZ MURCIA,18
2023,CONCEJO,41298,GARZÓN,06064,NUEVO LIBERALISMO - CAMBIO RADICAL,00000,NUEVO LIBERALISMO - CAMBIO RADICAL,70
2023,CONCEJO,41298,GARZÓN,06064,NUEVO LIBERALISMO - CAMBIO RADICAL,00001,YAVED DELGADO GARCIA,132
2023,CONCEJO,41298,GARZÓN,06064,NUEVO LIBERALISMO - CAMBIO RADICAL,00002,EDINSON TRIVIÑO SARMIENTO,178
2023,CONCEJO,41298,GARZÓN,06064,NUEVO LIBERALISMO - CAMBIO RADICAL,00003,ISABEL NASAYO LEON,42
2023,CONCEJO,41298,GARZÓN,06064,NUEVO LIBERALISMO - CAMBIO RADICAL,00004,GERMAN EDUARDO HERRERA CALDERON,87
2023,CONCEJO,41298,GARZÓN,06064,NUEVO LIBERALISMO - CAMBIO RADICAL,00005,JUAN PABLO PORRAS LOZANO,29
2023,CONCEJO,41298,GARZÓN,06064,NUEVO LIBERALISMO - CAMBIO RADICAL,00006,RODRIGO VARGAS,18
2023,CONCEJO,41298,GARZÓN,06064,NUEVO LIBERALISMO - CAMBIO RADICAL,00007,OLMER PRIETO RAMIREZ,22
2023,CONCEJO,41298,GARZÓN,06064,NUEVO LIBERALISMO - CAMBIO RADICAL,00008,HAIBER WALTEROS TOVAR,16
2023,CONCEJO,41298,GARZÓN,06064,NUEVO LIBERALISMO - CAMBIO RADICAL,00010,OLGA MIREYA CADENA OTALORA,16
2023,CONCEJO,41298,GARZÓN,06064,NUEVO LIBERALISMO - CAMBIO RADICAL,00011,ESPERANZA MURCIA SIERRA,170
2023,CONCEJO,41298,GARZÓN,06064,NUEVO LIBERALISMO - CAMBIO RADICAL,00012,LAURA CAMILA CABRERA DEVIA,30
2023,CONCEJO,41298,GARZÓN,06064,NUEVO LIBERALISMO - CAMBIO RADICAL,00013,FABIO ALBERTO MONROY TORRES,398
2023,CONCEJO,41298,GARZÓN,06064,NUEVO LIBERALISMO - CAMBIO RADICAL,00014,ARMANDO MUÑOZ RAMIREZ,974
2023,CONCEJO,41298,GARZÓN,06064,NUEVO LIBERALISMO - CAMBIO RADICAL,00015,OSSER CAMPOS RUEDA,360
2023,CONCEJO,41298,GARZÓN,06735,PARTIDO ASI- PARTIDO POLITICO MIRA,00000,PARTIDO ASI- PARTIDO POLITICO MIRA,122
2023,CONCEJO,41298,GARZÓN,06735,PARTIDO ASI- PARTIDO POLITICO MIRA,00001,RICARDO BUENDIA LOSADA,560
2023,CONCEJO,41298,GARZÓN,06735,PARTIDO ASI- PARTIDO POLITICO MIRA,00002,CECILIA MELISSA VALENZUELA JIMENEZ,23
2023,CONCEJO,41298,GARZÓN,06735,PARTIDO ASI- PARTIDO POLITICO MIRA,00003,GIOVANY TELLEZ CEDIEL,249
2023,CONCEJO,41298,GARZÓN,06735,PARTIDO ASI- PARTIDO POLITICO MIRA,00004,JEIMY CAROLINA DELGADO MONTILLA,546
2023,CONCEJO,41298,GARZÓN,06735,PARTIDO ASI- PARTIDO POLITICO MIRA,00005,LUZ AMELIA GUTIERREZ FERNANDEZ,99
2023,CONCEJO,41298,GARZÓN,06735,PARTIDO ASI- PARTIDO POLITICO MIRA,00006,ARTURO CORREDOR MOLINA,77
2023,CONCEJO,41298,GARZÓN,06735,PARTIDO ASI- PARTIDO POLITICO MIRA,00007,FABER BIANEY RAMIREZ RODRIGUEZ,447
2023,CONCEJO,41298,GARZÓN,06735,PARTIDO ASI- PARTIDO POLITICO MIRA,00008,JOEL PAVA BUENDIA,67
2023,CONCEJO,41298,GARZÓN,06735,PARTIDO ASI- PARTIDO POLITICO MIRA,00009,JOAN DAVID LUGO BUSTOS,107
2023,CONCEJO,41298,GARZÓN,06735,PARTIDO ASI- PARTIDO POLITICO MIRA,00010,MANUEL SANTOS MORALES,29
2023,CONCEJO,41298,GARZÓN,06735,PARTIDO ASI- PARTIDO POLITICO MIRA,00011,ALFREDO HUELGOS GONZALEZ,87
2023,CONCEJO,41298,GARZÓN,06735,PARTIDO ASI- PARTIDO POLITICO MIRA,00012,FRANCY ENID MUÑOZ GALLARDO,83
2023,CONCEJO,41298,GARZÓN,06735,PARTIDO ASI- PARTIDO POLITICO MIRA,00013,ANDREA PEDROZA LOPEZ,61
2023,CONCEJO,41298,GARZÓN,06735,PARTIDO ASI- PARTIDO POLITICO MIRA,00014,HENRY CARVAJAL OLAYA,204
2023,CONCEJO,41298,GARZÓN,06735,PARTIDO ASI- PARTIDO POLITICO MIRA,00015,JEFFERSON LOMBANA VANEGAS,395
2023,CONCEJO,41298,GARZÓN,08162,PACTO HISTORICO COLOMBIA PUEDE,00000,PACTO HISTORICO COLOMBIA PUEDE,955
2023,CONCEJO,41306,GIGANTE,00000,,00996,VOTOS EN BLANCO,586
2023,CONCEJO,41306,GIGANTE,00000,,00997,VOTOS NULOS,309
2023,CONCEJO,41306,GIGANTE,00000,,00998,VOTOS NO MARCADOS,757
2023,CONCEJO,41306,GIGANTE,00001,PARTIDO LIBERAL COLOMBIANO,00000,PARTIDO LIBERAL COLOMBIANO,96
2023,CONCEJO,41306,GIGANTE,00001,PARTIDO LIBERAL COLOMBIANO,00001,LUIS ORLANDO CRUZ ROBLES,227
2023,CONCEJO,41306,GIGANTE,00001,PARTIDO LIBERAL COLOMBIANO,00002,HERMINZO MAYORCA MENDEZ,664
2023,CONCEJO,41306,GIGANTE,00001,PARTIDO LIBERAL COLOMBIANO,00003,RODRIGO MARTINEZ TRUJILLO,359
2023,CONCEJO,41306,GIGANTE,00001,PARTIDO LIBERAL COLOMBIANO,00004,FRANCISCO JESUS GRIJALBA DOMINGUEZ,338
2023,CONCEJO,41306,GIGANTE,00001,PARTIDO LIBERAL COLOMBIANO,00005,LUIS CARLOS ROJAS CAVIEDES,47
2023,CONCEJO,41306,GIGANTE,00001,PARTIDO LIBERAL COLOMBIANO,00006,JOSE PINCEL CHIMBACO MENZA,35
2023,CONCEJO,41306,GIGANTE,00001,PARTIDO LIBERAL COLOMBIANO,00007,LUZ MERCY IBAÑEZ HERRERA,20
2023,CONCEJO,41306,GIGANTE,00001,PARTIDO LIBERAL COLOMBIANO,00008,KERLLY YOHANA LISCANO OSSA,10
2023,CONCEJO,41306,GIGANTE,00001,PARTIDO LIBERAL COLOMBIANO,00009,SILVIA MARITZA URIBE GUTIERREZ,11
2023,CONCEJO,41306,GIGANTE,00001,PARTIDO LIBERAL COLOMBIANO,00010,RUTH NAIR IDROBO NARVAEZ,28
2023,CONCEJO,41306,GIGANTE,00001,PARTIDO LIBERAL COLOMBIANO,00011,GILMA YULIED QUINTERO CHARRY,9
2023,CONCEJO,41306,GIGANTE,00001,PARTIDO LIBERAL COLOMBIANO,00012,NANYA VIVIANA ARTUNDUAGA RAMIREZ,16
2023,CONCEJO,41306,GIGANTE,00001,PARTIDO LIBERAL COLOMBIANO,00013,ORLANDO DE LA ESPRIELLA ORTIZ,97
2023,CONCEJO,41306,GIGANTE,00003,PARTIDO CAMBIO RADICAL,00000,PARTIDO CAMBIO RADICAL,74
2023,CONCEJO,41306,GIGANTE,00003,PARTIDO CAMBIO RADICAL,00001,OSCAR ESPEJO BUITRAGO,317
2023,CONCEJO,41306,GIGANTE,00003,PARTIDO CAMBIO RADICAL,00002,IVAN CALDERON LONGAS,228
2023,CONCEJO,41306,GIGANTE,00003,PARTIDO CAMBIO RADICAL,00003,ARLEY AROS RIVERA,383
2023,CONCEJO,41306,GIGANTE,00003,PARTIDO CAMBIO RADICAL,00004,LIBARDO PEÑA TRUJILLO,248
2023,CONCEJO,41306,GIGANTE,00003,PARTIDO CAMBIO RADICAL,00005,FREDY ARMANDO RUIZ AROS,302
2023,CONCEJO,41306,GIGANTE,00003,PARTIDO CAMBIO RADICAL,00006,YANETH PAOLA VARGAS BARRERA,36
2023,CONCEJO,41306,GIGANTE,00003,PARTIDO CAMBIO RADICAL,00007,ROBINSON CALDERON CALLEJAS,553
2023,CONCEJO,41306,GIGANTE,00003,PARTIDO CAMBIO RADICAL,00008,HEIDY YOHANNA HERRERA REYES,296
2023,CONCEJO,41306,GIGANTE,00003,PARTIDO CAMBIO RADICAL,00009,JOSE ULISES JIMENEZ CORDOBA,153
2023,CONCEJO,41306,GIGANTE,00003,PARTIDO CAMBIO RADICAL,00010,YANIVER MONTEALEGRE PERDOMO,623
2023,CONCEJO,41306,GIGANTE,00003,PARTIDO CAMBIO RADICAL,00011,OSCAR FERNANDO OLAYA ROJAS,50
2023,CONCEJO,41306,GIGANTE,00003,PARTIDO CAMBIO RADICAL,00012,ORLINDA RIVERA RODRIGUEZ,62
2023,CONCEJO,41306,GIGANTE,00003,PARTIDO CAMBIO RADICAL,00013,HERNAN RODRIGUEZ TRUJILLO,231
2023,CONCEJO,41306,GIGANTE,00004,PARTIDO ALIANZA VERDE,00000,PARTIDO ALIANZA VERDE,79
2023,CONCEJO,41306,GIGANTE,00004,PARTIDO ALIANZA VERDE,00001,LEONOR YAGUARA SUAREZ,290
2023,CONCEJO,41306,GIGANTE,00004,PARTIDO ALIANZA VERDE,00002,JOSE WILLIAN BOTELLO GARCIA,354
2023,CONCEJO,41306,GIGANTE,00004,PARTIDO ALIANZA VERDE,00005,ANDRES FELIPE CERQUERA ORDOÑEZ,36
2023,CONCEJO,41306,GIGANTE,00004,PARTIDO ALIANZA VERDE,00006,JOSE WILMER CHAVEZ MARROQUIN,61
2023,CONCEJO,41306,GIGANTE,00004,PARTIDO ALIANZA VERDE,00007,YEINY MONTOYA CASTRO,17
2023,CONCEJO,41306,GIGANTE,00004,PARTIDO ALIANZA VERDE,00008,ARLED BUSTOS FAJARDO,23
2023,CONCEJO,41306,GIGANTE,00004,PARTIDO ALIANZA VERDE,00010,JONATTAN ANDRADE RODRIGUEZ,12
2023,CONCEJO,41306,GIGANTE,00004,PARTIDO ALIANZA VERDE,00011,JHON GILDABER SANCHEZ CASTAÑEDA,3
2023,CONCEJO,41306,GIGANTE,00004,PARTIDO ALIANZA VERDE,00012,MARY LUZ ARIAS TAFUR,10
2023,CONCEJO,41306,GIGANTE,00004,PARTIDO ALIANZA VERDE,00013,JOHANA LORENA MONTEALEGRE CASTRO,14
2023,CONCEJO,41306,GIGANTE,00005,"MOVIMIENTO AUTORIDADES INDÍGENAS DE COLOMBIA ""AICO""",00000,"MOVIMIENTO AUTORIDADES INDÍGENAS DE COLOMBIA ""AICO """,22
2023,CONCEJO,41306,GIGANTE,00005,"MOVIMIENTO AUTORIDADES INDÍGENAS DE COLOMBIA ""AICO""",00001,JAIRO SANCHEZ BARRIOS,274
2023,CONCEJO,41306,GIGANTE,00005,"MOVIMIENTO AUTORIDADES INDÍGENAS DE COLOMBIA ""AICO""",00002,YEISON ALEJANDRO ARROYAVE LOAIZA,319
2023,CONCEJO,41306,GIGANTE,00005,"MOVIMIENTO AUTORIDADES INDÍGENAS DE COLOMBIA ""AICO""",00003,GILDARDO MARIN CRUZ,302
2023,CONCEJO,41306,GIGANTE,00005,"MOVIMIENTO AUTORIDADES INDÍGENAS DE COLOMBIA ""AICO""",00004,MAGNOLY ESPERANZA JOJOA COMETA,37
2023,CONCEJO,41306,GIGANTE,00005,"MOVIMIENTO AUTORIDADES INDÍGENAS DE COLOMBIA ""AICO""",00005,HAROL DIAZ SIERRA,193
2023,CONCEJO,41306,GIGANTE,00005,"MOVIMIENTO AUTORIDADES INDÍGENAS DE COLOMBIA ""AICO""",00006,WILLIAM ANDRES SARRIA MENDEZ,7
2023,CONCEJO,41306,GIGANTE,00005,"MOVIMIENTO AUTORIDADES INDÍGENAS DE COLOMBIA ""AICO""",00007,SAUL TORRES LOSADA,22
2023,CONCEJO,41306,GIGANTE,00005,"MOVIMIENTO AUTORIDADES INDÍGENAS DE COLOMBIA ""AICO""",00008,LEIDY YOHANA REYES RODRIGUEZ,18
2023,CONCEJO,41306,GIGANTE,00005,"MOVIMIENTO AUTORIDADES INDÍGENAS DE COLOMBIA ""AICO""",00009,ISMAEL BAHAMON RAMIREZ,7
2023,CONCEJO,41306,GIGANTE,00005,"MOVIMIENTO AUTORIDADES INDÍGENAS DE COLOMBIA ""AICO""",00010,LUYUBANY GUALY GUALY,3
2023,CONCEJO,41306,GIGANTE,00005,"MOVIMIENTO AUTORIDADES INDÍGENAS DE COLOMBIA ""AICO""",00011,PAOLA ANDREA TIERRADENTRO RAMIREZ,4
2023,CONCEJO,41306,GIGANTE,00005,"MOVIMIENTO AUTORIDADES INDÍGENAS DE COLOMBIA ""AICO""",00012,ELEAZAR ARRIGUI LUGO,101
2023,CONCEJO,41306,GIGANTE,00011,PARTIDO CENTRO DEMOCRÁTICO,00000,PARTIDO CENTRO DEMOCRÁTICO,64
2023,CONCEJO,41306,GIGANTE,00011,PARTIDO CENTRO DEMOCRÁTICO,00001,KARLA MELISSA QUIMBAYA GAITAN,225
2023,CONCEJO,41306,GIGANTE,00011,PARTIDO CENTRO DEMOCRÁTICO,00002,HENRY DUARTE DIAZ,22
2023,CONCEJO,41306,GIGANTE,00011,PARTIDO CENTRO DEMOCRÁTICO,00003,MILDRETH CALLEJAS FRANCO,43
2023,CONCEJO,41306,GIGANTE,00012,"MOVIMIENTO ALTERNATIVO INDÍGENA Y SOCIAL ""MAIS""",00000,"MOVIMIENTO ALTERNATIVO INDÍGENA Y SOCIAL ""MAIS""",21
2023,CONCEJO,41306,GIGANTE,00012,"MOVIMIENTO ALTERNATIVO INDÍGENA Y SOCIAL ""MAIS""",00001,FAIBER ROSAS RAMOS,179
2023,CONCEJO,41306,GIGANTE,00012,"MOVIMIENTO ALTERNATIVO INDÍGENA Y SOCIAL ""MAIS""",00002,DAGOBERTO REYES VIDAL,116
2023,CONCEJO,41306,GIGANTE,00012,"MOVIMIENTO ALTERNATIVO INDÍGENA Y SOCIAL ""MAIS""",00003,LEIDY JOHANNA SANABRIA MONTEALEGRE,44
2023,CONCEJO,41306,GIGANTE,00012,"MOVIMIENTO ALTERNATIVO INDÍGENA Y SOCIAL ""MAIS""",00004,OSCAR DANILO OLAYA TAFUR,5
2023,CONCEJO,41306,GIGANTE,00012,"MOVIMIENTO ALTERNATIVO INDÍGENA Y SOCIAL ""MAIS""",00005,SINDY YOHANA ALMARIO FALLA,15
2023,CONCEJO,41306,GIGANTE,00012,"MOVIMIENTO ALTERNATIVO INDÍGENA Y SOCIAL ""MAIS""",00006,EDWIN GERARDO BENAVIDES SARRIAS,23
2023,CONCEJO,41306,GIGANTE,00012,"MOVIMIENTO ALTERNATIVO INDÍGENA Y SOCIAL ""MAIS""",00007,ORLANDO PEREZ,53
2023,CONCEJO,41306,GIGANTE,00012,"MOVIMIENTO ALTERNATIVO INDÍGENA Y SOCIAL ""MAIS""",00008,LEYDI TATIANA ALVARADO SALCEDO,1
2023,CONCEJO,41306,GIGANTE,00012,"MOVIMIENTO ALTERNATIVO INDÍGENA Y SOCIAL ""MAIS""",00011,DIANEL PALMITO ORDOÑEZ,35
2023,CONCEJO,41306,GIGANTE,00012,"MOVIMIENTO ALTERNATIVO INDÍGENA Y SOCIAL ""MAIS""",00012,THATIANA QUIMBAYA BARREIRO,3
2023,CONCEJO,41306,GIGANTE,00012,"MOVIMIENTO ALTERNATIVO INDÍGENA Y SOCIAL ""MAIS""",00013,ANDERSON MOYANO GARCIA,61
2023,CONCEJO,41306,GIGANTE,00017,PARTIDO POLÍTICO DIGNIDAD & COMPROMISO,00000,PARTIDO POLÍTICO DIGNIDAD & COMPROMISO,6
2023,CONCEJO,41306,GIGANTE,00017,PARTIDO POLÍTICO DIGNIDAD & COMPROMISO,00001,ORLANDO MOYA LUNA,103
2023,CONCEJO,41306,GIGANTE,00017,PARTIDO POLÍTICO DIGNIDAD & COMPROMISO,00002,MARTHA CECILIA MOYA LOPEZ,17
2023,CONCEJO,41306,GIGANTE,00017,PARTIDO POLÍTICO DIGNIDAD & COMPROMISO,00003,FLORO ALEJANDRO FIGUEROA LUNA,27
2023,CONCEJO,41306,GIGANTE,00017,PARTIDO POLÍTICO DIGNIDAD & COMPROMISO,00004,KAREN DAHIANA MOSQUERA PLAZAS,33
2023,CONCEJO,41306,GIGANTE,00017,PARTIDO POLÍTICO DIGNIDAD & COMPROMISO,00005,SERGIO ALEJANDRO FIGUEROA VARGAS,31
2023,CONCEJO,41306,GIGANTE,00017,PARTIDO POLÍTICO DIGNIDAD & COMPROMISO,00006,INGRID CONSTANZA LOSADA COMETA,11
2023,CONCEJO,41306,GIGANTE,00020,MOVIMIENTO SALVACIÓN NACIONAL,00000,MOVIMIENTO  SALVACIÓN NACIONAL,11
2023,CONCEJO,41306,GIGANTE,00020,MOVIMIENTO SALVACIÓN NACIONAL,00001,DARLIS BOTELLO HERNANDEZ,63
2023,CONCEJO,41306,GIGANTE,00020,MOVIMIENTO SALVACIÓN NACIONAL,00002,OSCAR JAVIER HERNANDEZ LONGAS,70
2023,CONCEJO,41306,GIGANTE,00020,MOVIMIENTO SALVACIÓN NACIONAL,00004,ALEXANDRA MAYORCA TRUJILLO,1
2023,CONCEJO,41306,GIGANTE,00020,MOVIMIENTO SALVACIÓN NACIONAL,00006,OSCAR FERNANDO CALDERON MONCALEANO,1
2023,CONCEJO,41306,GIGANTE,00020,MOVIMIENTO SALVACIÓN NACIONAL,00007,LEYDA MARGOTH GUARACA PERDOMO,2
2023,CONCEJO,41306,GIGANTE,00020,MOVIMIENTO SALVACIÓN NACIONAL,00010,DOLORES MARIÑO MEDINA,8
2023,CONCEJO,41306,GIGANTE,00020,MOVIMIENTO SALVACIÓN NACIONAL,00011,FROILAN QUINTERO CABALLERO,1
2023,CONCEJO,41306,GIGANTE,00031,INDEPENDIENTES,00000,INDEPENDIENTES,43
2023,CONCEJO,41306,GIGANTE,00031,INDEPENDIENTES,00001,ALEXANDER AMEZQUITA ARTUNDUAGA,27
2023,CONCEJO,41306,GIGANTE,00031,INDEPENDIENTES,00002,ANA MARIA SERRANO CASTAÑEDA,18
2023,CONCEJO,41306,GIGANTE,00031,INDEPENDIENTES,00003,YARLEAN ANDRES MORALES CANO,66
2023,CONCEJO,41306,GIGANTE,00031,INDEPENDIENTES,00004,ANYI PAOLA PUENTES GARCIA,6
2023,CONCEJO,41306,GIGANTE,00031,INDEPENDIENTES,00005,JUAN CARLOS SOLARTE VARGAS,51
2023,CONCEJO,41306,GIGANTE,00031,INDEPENDIENTES,00006,LEIDY CRUZ YARA,52
2023,CONCEJO,41306,GIGANTE,00031,INDEPENDIENTES,00007,MANUELA ALEJANDRA GARCIA CERQUERA,6
2023,CONCEJO,41306,GIGANTE,00031,INDEPENDIENTES,00008,MARIA PAULA SALINAS VILLEGAS,56
2023,CONCEJO,41306,GIGANTE,00031,INDEPENDIENTES,00009,MARLON CHAVARRO LOSADA,212
2023,CONCEJO,41306,GIGANTE,00031,INDEPENDIENTES,00010,MILLER MOTTA JARA,19
2023,CONCEJO,41306,GIGANTE,00031,INDEPENDIENTES,00012,WENDY DAYANA RODRIGUEZ PRADA,3
2023,CONCEJO,41306,GIGANTE,00031,INDEPENDIENTES,00013,YEFERSON CELORIO HERNANDEZ,84
2023,CONCEJO,41306,GIGANTE,07329,UNION POR EL DESARROLLO DE GIGANTE,00000,UNION POR EL DESARROLLO DE GIGANTE,37
2023,CONCEJO,41306,GIGANTE,07329,UNION POR EL DESARROLLO DE GIGANTE,00001,GENY MARCELA VALENCIA,40
2023,CONCEJO,41306,GIGANTE,07329,UNION POR EL DESARROLLO DE GIGANTE,00002,TANIA CRISTINA CERQUERA CACERES,32
2023,CONCEJO,41306,GIGANTE,07329,UNION POR EL DESARROLLO DE GIGANTE,00003,KAROL LISSETTE SANCHEZ BAUTISTA,73
2023,CONCEJO,41306,GIGANTE,07329,UNION POR EL DESARROLLO DE GIGANTE,00004,CARLOS ALBERTO PALOMINO SUAREZ,46
2023,CONCEJO,41306,GIGANTE,07329,UNION POR EL DESARROLLO DE GIGANTE,00005,FELIX GONZALEZ IBATA,84
2023,CONCEJO,41306,GIGANTE,07329,UNION POR EL DESARROLLO DE GIGANTE,00006,JOSE ICAR GARCIA,49
2023,CONCEJO,41306,GIGANTE,07329,UNION POR EL DESARROLLO DE GIGANTE,00007,YULY LORENA TRIVIÑO SIERRA,52
2023,CONCEJO,41306,GIGANTE,07329,UNION POR EL DESARROLLO DE GIGANTE,00008,DORBEY LOMBANA ESPINILLA,163
2023,CONCEJO,41306,GIGANTE,07329,UNION POR EL DESARROLLO DE GIGANTE,00009,ABELARDO ALVAREZ,82
2023,CONCEJO,41306,GIGANTE,07329,UNION POR EL DESARROLLO DE GIGANTE,00010,ENRIQUE CHAVARRO FALLA,188
2023,CONCEJO,41306,GIGANTE,07329,UNION POR EL DESARROLLO DE GIGANTE,00011,JOSE NESTOR GONZALEZ PENNA,119
2023,CONCEJO,41306,GIGANTE,07329,UNION POR EL DESARROLLO DE GIGANTE,00012,ESTEFANIA GONZALEZ NARVAEZ,7
2023,CONCEJO,41306,GIGANTE,07329,UNION POR EL DESARROLLO DE GIGANTE,00013,CARLOS HERNANDO ESPINOSA PERDOMO,92
2023,CONCEJO,41306,GIGANTE,08154,GIGANTE AVANZA,00000,GIGANTE AVANZA,39
2023,CONCEJO,41306,GIGANTE,08154,GIGANTE AVANZA,00001,ANSELMO CRUZ SALAZAR,148
2023,CONCEJO,41306,GIGANTE,08154,GIGANTE AVANZA,00002,JOSE ANDERSON SAAVEDRA MEDINA,214
2023,CONCEJO,41306,GIGANTE,08154,GIGANTE AVANZA,00003,LIBARDO CABRERA MENDIETA,265
2023,CONCEJO,41306,GIGANTE,08154,GIGANTE AVANZA,00004,JESUS EDUARDO BASTIDAS CORTES,20
2023,CONCEJO,41306,GIGANTE,08154,GIGANTE AVANZA,00005,SANGLI CANCHON TRIANA,27
2023,CONCEJO,41306,GIGANTE,08154,GIGANTE AVANZA,00006,GIOVANNI MOLANO PERDOMO,23
2023,CONCEJO,41306,GIGANTE,08154,GIGANTE AVANZA,00007,DIANA MONTAÑA,37
2023,CONCEJO,41306,GIGANTE,08154,GIGANTE AVANZA,00008,DIANA MARIA TRIVIÑO BORRERO,19
2023,CONCEJO,41306,GIGANTE,08154,GIGANTE AVANZA,00009,EDWIN ALBERTO ROJAS BURBANO,38
2023,CONCEJO,41306,GIGANTE,08154,GIGANTE AVANZA,00010,DUVAN TORRES ROMERO,30
2023,CONCEJO,41306,GIGANTE,08154,GIGANTE AVANZA,00011,YESSIKA PAOLA PAYAN ZAMORA,90
2023,CONCEJO,41306,GIGANTE,08154,GIGANTE AVANZA,00012,JOSE ERIBERTO QUILINDO ORDOÑEZ,3
2023,CONCEJO,41306,GIGANTE,08154,GIGANTE AVANZA,00013,SANTIAGO ANDRES QUILINDO ORDOÑEZ,20
2023,CONCEJO,41319,GUADALUPE,00000,,00996,VOTOS EN BLANCO,337
2023,CONCEJO,41319,GUADALUPE,00000,,00997,VOTOS NULOS,206
2023,CONCEJO,41319,GUADALUPE,00000,,00998,VOTOS NO MARCADOS,451
2023,CONCEJO,41319,GUADALUPE,00001,PARTIDO LIBERAL COLOMBIANO,00000,PARTIDO LIBERAL COLOMBIANO,37
2023,CONCEJO,41319,GUADALUPE,00001,PARTIDO LIBERAL COLOMBIANO,00001,ORLANDO CUELLAR GONZALEZ,211
2023,CONCEJO,41319,GUADALUPE,00001,PARTIDO LIBERAL COLOMBIANO,00002,VERONICA SANCHEZ BECERRA,37
2023,CONCEJO,41319,GUADALUPE,00001,PARTIDO LIBERAL COLOMBIANO,00003,FABIO IBAÑEZ,20
2023,CONCEJO,41319,GUADALUPE,00001,PARTIDO LIBERAL COLOMBIANO,00004,YULIETH BERMEO GAITAN,6
2023,CONCEJO,41319,GUADALUPE,00001,PARTIDO LIBERAL COLOMBIANO,00005,ISRAEL BALLEN HERNANDEZ,85
2023,CONCEJO,41319,GUADALUPE,00001,PARTIDO LIBERAL COLOMBIANO,00006,MARINELLA MARTINEZ BELTRAN,5
2023,CONCEJO,41319,GUADALUPE,00001,PARTIDO LIBERAL COLOMBIANO,00007,CRISTIAN ALEJANDRO ARTUNDUAGA GUATAVITA,19
2023,CONCEJO,41319,GUADALUPE,00001,PARTIDO LIBERAL COLOMBIANO,00008,YINA PAOLA PENAGOS QUESADA,46
2023,CONCEJO,41319,GUADALUPE,00001,PARTIDO LIBERAL COLOMBIANO,00009,ELIECER ROJAS GONZALEZ,158
2023,CONCEJO,41319,GUADALUPE,00001,PARTIDO LIBERAL COLOMBIANO,00010,OSCAR ESTEBAN CRUZ RODRIGUEZ,20
2023,CONCEJO,41319,GUADALUPE,00001,PARTIDO LIBERAL COLOMBIANO,00011,QUERUBIN ARTUNDUAGA OVIEDO,211
2023,CONCEJO,41319,GUADALUPE,00002,PARTIDO CONSERVADOR COLOMBIANO,00000,PARTIDO CONSERVADOR COLOMBIANO,29
2023,CONCEJO,41319,GUADALUPE,00002,PARTIDO CONSERVADOR COLOMBIANO,00001,SANDRO TRUJILLO ILES,19
2023,CONCEJO,41319,GUADALUPE,00002,PARTIDO CONSERVADOR COLOMBIANO,00002,FAIVER TRUJILLO VARGAS,287
2023,CONCEJO,41319,GUADALUPE,00002,PARTIDO CONSERVADOR COLOMBIANO,00003,ANDREA XIMENA ROZO MORALES,95
2023,CONCEJO,41319,GUADALUPE,00002,PARTIDO CONSERVADOR COLOMBIANO,00004,CLAUDIA PAOLA MOTTA BARRERA,34
2023,CONCEJO,41319,GUADALUPE,00002,PARTIDO CONSERVADOR COLOMBIANO,00005,AIRENE CHALA SANCHEZ,35
2023,CONCEJO,41319,GUADALUPE,00002,PARTIDO CONSERVADOR COLOMBIANO,00006,CLARA INES MORENO PEÑA,12
2023,CONCEJO,41319,GUADALUPE,00002,PARTIDO CONSERVADOR COLOMBIANO,00007,JAVIER CUELLAR MUÑOZ,201
2023,CONCEJO,41319,GUADALUPE,00002,PARTIDO CONSERVADOR COLOMBIANO,00008,CARLOS ORLANDO CORAL MARTINEZ,23
2023,CONCEJO,41319,GUADALUPE,00002,PARTIDO CONSERVADOR COLOMBIANO,00009,DANIEL UNAS LEMECHE,12
2023,CONCEJO,41319,GUADALUPE,00002,PARTIDO CONSERVADOR COLOMBIANO,00010,JHON FREDY BECERRA HOYONE,112
2023,CONCEJO,41319,GUADALUPE,00002,PARTIDO CONSERVADOR COLOMBIANO,00011,ARTURO PARAMO ROJAS,271
2023,CONCEJO,41319,GUADALUPE,00003,PARTIDO CAMBIO RADICAL,00000,PARTIDO CAMBIO RADICAL,59
2023,CONCEJO,41319,GUADALUPE,00003,PARTIDO CAMBIO RADICAL,00001,YEIMI ANDRES RODRIGUEZ SILVESTRE,446
2023,CONCEJO,41319,GUADALUPE,00003,PARTIDO CAMBIO RADICAL,00002,PAOLA ANDREA SALAZAR CORREA,207
2023,CONCEJO,41319,GUADALUPE,00003,PARTIDO CAMBIO RADICAL,00003,YURLEDY PARRA BARRERA,115
2023,CONCEJO,41319,GUADALUPE,00003,PARTIDO CAMBIO RADICAL,00004,YHEINER VARGAS HURTADO,85
2023,CONCEJO,41319,GUADALUPE,00003,PARTIDO CAMBIO RADICAL,00005,LUIS ANDRES GONZALES VARGAS,117
2023,CONCEJO,41319,GUADALUPE,00003,PARTIDO CAMBIO RADICAL,00006,NATALY CABRERA DIAZ,59
2023,CONCEJO,41319,GUADALUPE,00003,PARTIDO CAMBIO RADICAL,00007,MARLE JOHANA SOTO RIOS,37
2023,CONCEJO,41319,GUADALUPE,00003,PARTIDO CAMBIO RADICAL,00008,HERNAN VASQUEZ RAMIREZ,31
2023,CONCEJO,41319,GUADALUPE,00003,PARTIDO CAMBIO RADICAL,00009,LUIS ANTONIO CORTES GONZALEZ,152
2023,CONCEJO,41319,GUADALUPE,00003,PARTIDO CAMBIO RADICAL,00010,CARLOS FERNEY SALAZAR FLORIANO,239
2023,CONCEJO,41319,GUADALUPE,00003,PARTIDO CAMBIO RADICAL,00011,JESUS MARIA NOVOA SANCHEZ,171
2023,CONCEJO,41319,GUADALUPE,00004,PARTIDO ALIANZA VERDE,00000,PARTIDO ALIANZA VERDE,48
2023,CONCEJO,41319,GUADALUPE,00004,PARTIDO ALIANZA VERDE,00001,OBDULIO RODRIGUEZ RAMIREZ,194
2023,CONCEJO,41319,GUADALUPE,00004,PARTIDO ALIANZA VERDE,00002,MARIA ALEJANDRA CARDOZO TEJADA,53
2023,CONCEJO,41319,GUADALUPE,00004,PARTIDO ALIANZA VERDE,00003,ROCIO DEL CARMEN LOPEZ SORIANO,18
2023,CONCEJO,41319,GUADALUPE,00004,PARTIDO ALIANZA VERDE,00005,ERESBEY LOPEZ SORIANO,66
2023,CONCEJO,41319,GUADALUPE,00004,PARTIDO ALIANZA VERDE,00006,GABRIEL PEÑA CLAROS,25
2023,CONCEJO,41319,GUADALUPE,00004,PARTIDO ALIANZA VERDE,00007,MARTA ISLEY SOSA VELASQUEZ,63
2023,CONCEJO,41319,GUADALUPE,00004,PARTIDO ALIANZA VERDE,00008,MARIA DEL SOCORRO MUÑOZ HERRERA,5
2023,CONCEJO,41319,GUADALUPE,00004,PARTIDO ALIANZA VERDE,00009,LUIS ENRIQUE PARRA MURCIA,33
2023,CONCEJO,41319,GUADALUPE,00004,PARTIDO ALIANZA VERDE,00010,SANDRA VERCEY PALECHOR CHIMUNJA,35
2023,CONCEJO,41319,GUADALUPE,00006,"PARTIDO ALIANZA SOCIAL INDEPENDIENTE ""ASI""",00000,"PARTIDO ALIANZA SOCIAL INDEPENDIENTE ""ASI""",62
2023,CONCEJO,41319,GUADALUPE,00006,"PARTIDO ALIANZA SOCIAL INDEPENDIENTE ""ASI""",00001,HERMINA POLANCO VARGAS,260
2023,CONCEJO,41319,GUADALUPE,00006,"PARTIDO ALIANZA SOCIAL INDEPENDIENTE ""ASI""",00002,WEIMAR MORA CABRA,32
2023,CONCEJO,41319,GUADALUPE,00006,"PARTIDO ALIANZA SOCIAL INDEPENDIENTE ""ASI""",00003,SANDRA VELASCO TRUJILLO,69
2023,CONCEJO,41319,GUADALUPE,00006,"PARTIDO ALIANZA SOCIAL INDEPENDIENTE ""ASI""",00004,WILMAR SLEIDER CRUZ ARDILA,29
2023,CONCEJO,41319,GUADALUPE,00006,"PARTIDO ALIANZA SOCIAL INDEPENDIENTE ""ASI""",00005,ROBINSON REINEL RODRIGUEZ PEÑA,320
2023,CONCEJO,41319,GUADALUPE,00006,"PARTIDO ALIANZA SOCIAL INDEPENDIENTE ""ASI""",00006,JUAN DAVID VASQUEZ RAMIREZ,16
2023,CONCEJO,41319,GUADALUPE,00006,"PARTIDO ALIANZA SOCIAL INDEPENDIENTE ""ASI""",00007,DEISY MEDINA GONZALEZ,41
2023,CONCEJO,41319,GUADALUPE,00006,"PARTIDO ALIANZA SOCIAL INDEPENDIENTE ""ASI""",00008,YENITH CHIMBACO CHIMBACO,64
2023,CONCEJO,41319,GUADALUPE,00006,"PARTIDO ALIANZA SOCIAL INDEPENDIENTE ""ASI""",00009,INDOLFO MENESES GARZON,4
2023,CONCEJO,41319,GUADALUPE,00006,"PARTIDO ALIANZA SOCIAL INDEPENDIENTE ""ASI""",00010,ANSELMO CAVIEDES VILLANUEVA,324
2023,CONCEJO,41319,GUADALUPE,00006,"PARTIDO ALIANZA SOCIAL INDEPENDIENTE ""ASI""",00011,JULIO EDUARDO MENDIETA GONZALEZ,54
2023,CONCEJO,41319,GUADALUPE,00011,PARTIDO CENTRO DEMOCRÁTICO,00000,PARTIDO CENTRO DEMOCRÁTICO,223
2023,CONCEJO,41319,GUADALUPE,00029,NUEVA FUERZA DEMOCRÁTICA,00000,NUEVA FUERZA DEMOCRÁTICA,30
2023,CONCEJO,41319,GUADALUPE,00029,NUEVA FUERZA DEMOCRÁTICA,00001,MARGERY CALDERON LOSADA,171
2023,CONCEJO,41319,GUADALUPE,00029,NUEVA FUERZA DEMOCRÁTICA,00002,HUMBERTO PEREZ TITIMBO,96
2023,CONCEJO,41319,GUADALUPE,00029,NUEVA FUERZA DEMOCRÁTICA,00003,JAIME FLORIANO BERNATE,52
2023,CONCEJO,41319,GUADALUPE,00029,NUEVA FUERZA DEMOCRÁTICA,00004,EFREIDER STERLING REYES,121
2023,CONCEJO,41319,GUADALUPE,00029,NUEVA FUERZA DEMOCRÁTICA,00005,SANDRO QUESADA MAJE,96
2023,CONCEJO,41319,GUADALUPE,00029,NUEVA FUERZA DEMOCRÁTICA,00006,REINETH CADENA TRUJILLO,212
2023,CONCEJO,41319,GUADALUPE,00029,NUEVA FUERZA DEMOCRÁTICA,00007,ANA RUBIELA RODRIGUEZ,119
2023,CONCEJO,41319,GUADALUPE,00029,NUEVA FUERZA DEMOCRÁTICA,00008,JESUS ANTONIO LOPEZ,25
2023,CONCEJO,41319,GUADALUPE,00029,NUEVA FUERZA DEMOCRÁTICA,00009,MELVA SUSANA PUYO ACOSTA,8
2023,CONCEJO,41319,GUADALUPE,00029,NUEVA FUERZA DEMOCRÁTICA,00010,CRISTINA RAMIREZ CARDOZO,14
2023,CONCEJO,41319,GUADALUPE,00029,NUEVA FUERZA DEMOCRÁTICA,00011,ISRAEL ORDOÑEZ ALONSO,246
2023,CONCEJO,41319,GUADALUPE,06877,PARTIDOS POLITICOS LA FUERA DE LA PAZ -  MIRA,00000,PARTIDOS POLITICOS LA FUERA DE LA PAZ -  MIRA,26
2023,CONCEJO,41319,GUADALUPE,06877,PARTIDOS POLITICOS LA FUERA DE LA PAZ -  MIRA,00001,SILVIO FERNEY FRAGUA CABRERA,235
2023,CONCEJO,41319,GUADALUPE,06877,PARTIDOS POLITICOS LA FUERA DE LA PAZ -  MIRA,00003,EFRAIN CARDOZO GONZALEZ,421
2023,CONCEJO,41319,GUADALUPE,06877,PARTIDOS POLITICOS LA FUERA DE LA PAZ -  MIRA,00004,WALTER CERQUERA VARGAS,117
2023,CONCEJO,41319,GUADALUPE,06877,PARTIDOS POLITICOS LA FUERA DE LA PAZ -  MIRA,00005,MYRIAM MARCELA CANO MARIN,9
2023,CONCEJO,41319,GUADALUPE,06877,PARTIDOS POLITICOS LA FUERA DE LA PAZ -  MIRA,00006,FABIO NELSON OVIEDO CANO,51
2023,CONCEJO,41319,GUADALUPE,06877,PARTIDOS POLITICOS LA FUERA DE LA PAZ -  MIRA,00007,NOHEMY ACOSTA CUENCA,16
2023,CONCEJO,41319,GUADALUPE,06877,PARTIDOS POLITICOS LA FUERA DE LA PAZ -  MIRA,00009,DIANA PATRICIA LOSADA RODRIGUEZ,26
2023,CONCEJO,41319,GUADALUPE,06877,PARTIDOS POLITICOS LA FUERA DE LA PAZ -  MIRA,00010,YAQUELINE CABRERA CORREA,97
2023,CONCEJO,41319,GUADALUPE,06877,PARTIDOS POLITICOS LA FUERA DE LA PAZ -  MIRA,00011,JOSE ALIRIO BERMEO,98
2023,CONCEJO,41349,HOBO,00000,,00996,VOTOS EN BLANCO,105
2023,CONCEJO,41349,HOBO,00000,,00997,VOTOS NULOS,96
2023,CONCEJO,41349,HOBO,00000,,00998,VOTOS NO MARCADOS,204
2023,CONCEJO,41349,HOBO,00001,PARTIDO LIBERAL COLOMBIANO,00000,PARTIDO LIBERAL COLOMBIANO,23
2023,CONCEJO,41349,HOBO,00001,PARTIDO LIBERAL COLOMBIANO,00001,JAIME DELGADO VARGAS,29
2023,CONCEJO,41349,HOBO,00001,PARTIDO LIBERAL COLOMBIANO,00002,AMIRA OLARTE,34
2023,CONCEJO,41349,HOBO,00001,PARTIDO LIBERAL COLOMBIANO,00003,TIBERIO NAÑEZ CORDOBA,7
2023,CONCEJO,41349,HOBO,00001,PARTIDO LIBERAL COLOMBIANO,00004,EVA CAMILA BARRERA VARGAS,14
2023,CONCEJO,41349,HOBO,00001,PARTIDO LIBERAL COLOMBIANO,00005,MELISA ROJAS,64
2023,CONCEJO,41349,HOBO,00001,PARTIDO LIBERAL COLOMBIANO,00006,LEANDRO TORRES LIZCANO,183
2023,CONCEJO,41349,HOBO,00001,PARTIDO LIBERAL COLOMBIANO,00007,EDWIN FERNANDO PERDOMO FALLA,27
2023,CONCEJO,41349,HOBO,00001,PARTIDO LIBERAL COLOMBIANO,00008,JOAN ANDRES TORO BERNAL,68
2023,CONCEJO,41349,HOBO,00001,PARTIDO LIBERAL COLOMBIANO,00009,ROGER ARRIGUI BRAND,138
2023,CONCEJO,41349,HOBO,00002,PARTIDO CONSERVADOR COLOMBIANO,00000,PARTIDO CONSERVADOR COLOMBIANO,4
2023,CONCEJO,41349,HOBO,00002,PARTIDO CONSERVADOR COLOMBIANO,00001,JUAN PABLO MORENO ÑAÑEZ,160
2023,CONCEJO,41349,HOBO,00002,PARTIDO CONSERVADOR COLOMBIANO,00002,CRISNA KELLYNE CANO MANRIQUE,10
2023,CONCEJO,41349,HOBO,00002,PARTIDO CONSERVADOR COLOMBIANO,00003,YISELA USMA MARTINEZ,2
2023,CONCEJO,41349,HOBO,00002,PARTIDO CONSERVADOR COLOMBIANO,00004,JUAN DAVID CARDOZO ANDRADE,85
2023,CONCEJO,41349,HOBO,00002,PARTIDO CONSERVADOR COLOMBIANO,00005,JAVIER GOMEZ OVIEDO,33
2023,CONCEJO,41349,HOBO,00002,PARTIDO CONSERVADOR COLOMBIANO,00006,DANIELA ORDOÑEZ TRUJILLO,14
2023,CONCEJO,41349,HOBO,00002,PARTIDO CONSERVADOR COLOMBIANO,00007,ANGELICA MARIA PIÑEROS MUÑOZ,3
2023,CONCEJO,41349,HOBO,00003,PARTIDO CAMBIO RADICAL,00000,PARTIDO CAMBIO RADICAL,7
2023,CONCEJO,41349,HOBO,00003,PARTIDO CAMBIO RADICAL,00001,RUTBY CHAVEZ SUAZA,120
2023,CONCEJO,41349,HOBO,00003,PARTIDO CAMBIO RADICAL,00002,GUSTAVO HERNANDEZ SANTOFIMIO,58
2023,CONCEJO,41349,HOBO,00003,PARTIDO CAMBIO RADICAL,00003,SINDY MARICEL SILA QUINTERO,58
2023,CONCEJO,41349,HOBO,00003,PARTIDO CAMBIO RADICAL,00004,LUZ MILA CORREDOR GAITAN,14
2023,CONCEJO,41349,HOBO,00003,PARTIDO CAMBIO RADICAL,00006,YERYS MONTEALEGRE CHAVEZ,27
2023,CONCEJO,41349,HOBO,00003,PARTIDO CAMBIO RADICAL,00007,JAIRO ALBERTO GRAJALES MORALES,69
2023,CONCEJO,41349,HOBO,00003,PARTIDO CAMBIO RADICAL,00009,JOHNNY HERNANDEZ DIAZ,201
2023,CONCEJO,41349,HOBO,00004,PARTIDO ALIANZA VERDE,00000,PARTIDO ALIANZA VERDE,23
2023,CONCEJO,41349,HOBO,00004,PARTIDO ALIANZA VERDE,00001,MAYERLY LOPEZ DELGADO,190
2023,CONCEJO,41349,HOBO,00004,PARTIDO ALIANZA VERDE,00002,VICTOR ARLEY CHAVARRO MORENO,220
2023,CONCEJO,41349,HOBO,00004,PARTIDO ALIANZA VERDE,00003,KEDWIN FERNANDO TRUJILLO ZAMBRANO,144
2023,CONCEJO,41349,HOBO,00004,PARTIDO ALIANZA VERDE,00004,WILKIN MIGUEL CALDERON GUTIERREZ,50
2023,CONCEJO,41349,HOBO,00004,PARTIDO ALIANZA VERDE,00005,MARY RAMOS,45
2023,CONCEJO,41349,HOBO,00004,PARTIDO ALIANZA VERDE,00006,DAGOBERTO MONJE CUBILLOS,59
2023,CONCEJO,41349,HOBO,00004,PARTIDO ALIANZA VERDE,00007,JOHN JAIME CHAMBO PLAZAS,33
2023,CONCEJO,41349,HOBO,00004,PARTIDO ALIANZA VERDE,00008,MARIA ESNEDA HERRERA PEREZ,16
2023,CONCEJO,41349,HOBO,00004,PARTIDO ALIANZA VERDE,00009,YANETH COBOS CANO,37
2023,CONCEJO,41349,HOBO,00008,PARTIDO DE LA UNIÓN POR LA GENTE - PARTIDO DE LA U,00000,PARTIDO DE LA UNIÓN POR LA GENTE - PARTIDO DE LA U,10
2023,CONCEJO,41349,HOBO,00008,PARTIDO DE LA UNIÓN POR LA GENTE - PARTIDO DE LA U,00001,GUSTAVO TRIANA RODRIGUEZ,199
2023,CONCEJO,41349,HOBO,00008,PARTIDO DE LA UNIÓN POR LA GENTE - PARTIDO DE LA U,00002,EMILIO GAITAN CABRERA,74
2023,CONCEJO,41349,HOBO,00008,PARTIDO DE LA UNIÓN POR LA GENTE - PARTIDO DE LA U,00003,DANIELA RAMIREZ PASTRANA,7
2023,CONCEJO,41349,HOBO,00008,PARTIDO DE LA UNIÓN POR LA GENTE - PARTIDO DE LA U,00004,ANDREA YULIETH COMETA MALLUNGO,10
2023,CONCEJO,41349,HOBO,00008,PARTIDO DE LA UNIÓN POR LA GENTE - PARTIDO DE LA U,00005,WILBER RIVAS USMA,19
2023,CONCEJO,41349,HOBO,00008,PARTIDO DE LA UNIÓN POR LA GENTE - PARTIDO DE LA U,00006,MARIA FERNANDA PERDOMO ALVAREZ,13
2023,CONCEJO,41349,HOBO,00008,PARTIDO DE LA UNIÓN POR LA GENTE - PARTIDO DE LA U,00007,DIANA CAROLINA PERDOMO MANRIQUE,28
2023,CONCEJO,41349,HOBO,00008,PARTIDO DE LA UNIÓN POR LA GENTE - PARTIDO DE LA U,00008,MONICA LILIANA TOLEDO JIMENEZ,74
2023,CONCEJO,41349,HOBO,00011,PARTIDO CENTRO DEMOCRÁTICO,00000,PARTIDO CENTRO DEMOCRÁTICO,19
2023,CONCEJO,41349,HOBO,00011,PARTIDO CENTRO DEMOCRÁTICO,00001,ELMER RAMIREZ QUIMBAYA,36
2023,CONCEJO,41349,HOBO,00016,MOVIMIENTO ALIANZA DEMOCRÁTICA AMPLIA - Res. 2049 de 2021,00000,MOVIMIENTO ALIANZA DEMOCRÁTICA AMPLIA,5
2023,CONCEJO,41349,HOBO,00016,MOVIMIENTO ALIANZA DEMOCRÁTICA AMPLIA - Res. 2049 de 2021,00001,DINA LUZ RICO OME,85
2023,CONCEJO,41349,HOBO,00016,MOVIMIENTO ALIANZA DEMOCRÁTICA AMPLIA - Res. 2049 de 2021,00002,ROBERTO CARLOS USECHE NAGLES,91
2023,CONCEJO,41349,HOBO,00016,MOVIMIENTO ALIANZA DEMOCRÁTICA AMPLIA - Res. 2049 de 2021,00003,BEATRIZ ADRIANA POLANIA AVILA,4
2023,CONCEJO,41349,HOBO,00016,MOVIMIENTO ALIANZA DEMOCRÁTICA AMPLIA - Res. 2049 de 2021,00004,JOSE JOAQUIN SUAZA PINTO,70
2023,CONCEJO,41349,HOBO,00016,MOVIMIENTO ALIANZA DEMOCRÁTICA AMPLIA - Res. 2049 de 2021,00005,DIEGO ANDRES PARRA CALDERON,50
2023,CONCEJO,41349,HOBO,00016,MOVIMIENTO ALIANZA DEMOCRÁTICA AMPLIA - Res. 2049 de 2021,00006,LUIS CARLOS BERMEO BECERRA,95
2023,CONCEJO,41349,HOBO,00016,MOVIMIENTO ALIANZA DEMOCRÁTICA AMPLIA - Res. 2049 de 2021,00007,YULI PAULINA PASTRANA GOMEZ,46
2023,CONCEJO,41349,HOBO,00016,MOVIMIENTO ALIANZA DEMOCRÁTICA AMPLIA - Res. 2049 de 2021,00008,ERICK DAVID ORTIZ MOLANO,34
2023,CONCEJO,41349,HOBO,00021,PARTIDO VERDE OXÍGENO,00000,PARTIDO VERDE OXÍGENO,14
2023,CONCEJO,41349,HOBO,00021,PARTIDO VERDE OXÍGENO,00001,JUAN CARLOS YASNO CARDOSO,131
2023,CONCEJO,41349,HOBO,00021,PARTIDO VERDE OXÍGENO,00002,LAURA DEL PILAR PLAZAS ORTIZ,12
2023,CONCEJO,41349,HOBO,00021,PARTIDO VERDE OXÍGENO,00003,ELMO MALLUNGO MARTINEZ,122
2023,CONCEJO,41349,HOBO,00021,PARTIDO VERDE OXÍGENO,00004,YASMIN PARRA HERNANDEZ,42
2023,CONCEJO,41349,HOBO,00021,PARTIDO VERDE OXÍGENO,00005,CAMILO ANDRES ANDRADE MAHECHA,79
2023,CONCEJO,41349,HOBO,00021,PARTIDO VERDE OXÍGENO,00006,GILBERTO PIMENTEL CUMBE,32
2023,CONCEJO,41349,HOBO,00026,PARTIDO POLÍTICO LA FUERZA DE LA PAZ,00000,PARTIDO POLÍTICO LA FUERZA DE LA PAZ,5
2023,CONCEJO,41349,HOBO,00026,PARTIDO POLÍTICO LA FUERZA DE LA PAZ,00001,DAGOBERTO VARGAS ANDRADE,15
2023,CONCEJO,41349,HOBO,00026,PARTIDO POLÍTICO LA FUERZA DE LA PAZ,00002,WILFREDO VELA SARMIENTO,28
2023,CONCEJO,41349,HOBO,00026,PARTIDO POLÍTICO LA FUERZA DE LA PAZ,00003,ERNESTO YUNDA POLANIA,45
2023,CONCEJO,41349,HOBO,00026,PARTIDO POLÍTICO LA FUERZA DE LA PAZ,00004,SEBASTIAN MONTEALEGRE SEGURA,38
2023,CONCEJO,41349,HOBO,00026,PARTIDO POLÍTICO LA FUERZA DE LA PAZ,00005,JESUS YANETH MONTEALEGRE,67
2023,CONCEJO,41349,HOBO,00026,PARTIDO POLÍTICO LA FUERZA DE LA PAZ,00006,GILDARDO ROJAS NARVAEZ,25
2023,CONCEJO,41349,HOBO,00026,PARTIDO POLÍTICO LA FUERZA DE LA PAZ,00007,FABIO ORTIZ ORTIZ,44
2023,CONCEJO,41349,HOBO,00026,PARTIDO POLÍTICO LA FUERZA DE LA PAZ,00008,DANIELA ISABEL CAVIEDES HERNANDEZ,0
2023,CONCEJO,41349,HOBO,00026,PARTIDO POLÍTICO LA FUERZA DE LA PAZ,00009,YANDRY LILIANA TRUJILLO ARIAS,18
2023,CONCEJO,41349,HOBO,00035,PARTIDO DEL TRABAJO DE COLOMBIA,00000,PARTIDO DEL TRABAJO DE COLOMBIA,2
2023,CONCEJO,41349,HOBO,00035,PARTIDO DEL TRABAJO DE COLOMBIA,00001,DERLY ROCIO GOMEZ AGREDO,14
2023,CONCEJO,41349,HOBO,00035,PARTIDO DEL TRABAJO DE COLOMBIA,00002,ELVER MONTEALEGRE TOVAR,11
2023,CONCEJO,41349,HOBO,00035,PARTIDO DEL TRABAJO DE COLOMBIA,00003,KAREN ESPINOSA,2
2023,CONCEJO,41349,HOBO,00035,PARTIDO DEL TRABAJO DE COLOMBIA,00004,GERMAN DARIO MONTEALEGRE SILVA,1
2023,CONCEJO,41349,HOBO,00035,PARTIDO DEL TRABAJO DE COLOMBIA,00005,OLIVER SUAZA POLANIA,29
2023,CONCEJO,41349,HOBO,00035,PARTIDO DEL TRABAJO DE COLOMBIA,00006,ELSA CHAMBO YUNDA,9
2023,CONCEJO,41349,HOBO,00035,PARTIDO DEL TRABAJO DE COLOMBIA,00007,SINDY LORENA VANEGAS USMA,1
2023,CONCEJO,41349,HOBO,00037,MOVIMIENTO POLITICO FUERZA CIUDADANA,00000,MOVIMIENTO POLITICO FUERZA CIUDADANA,2
2023,CONCEJO,41349,HOBO,00037,MOVIMIENTO POLITICO FUERZA CIUDADANA,00001,MILTON CANO RENZA,33
2023,CONCEJO,41349,HOBO,00037,MOVIMIENTO POLITICO FUERZA CIUDADANA,00002,MADALY MOLANO YUNDA,1
2023,CONCEJO,41349,HOBO,00037,MOVIMIENTO POLITICO FUERZA CIUDADANA,00003,OIDEN RODRIGUEZ VARGAS,21
2023,CONCEJO,41349,HOBO,00037,MOVIMIENTO POLITICO FUERZA CIUDADANA,00004,FARITH CUENCA,3
2023,CONCEJO,41349,HOBO,00037,MOVIMIENTO POLITICO FUERZA CIUDADANA,00005,JUAN CARLOS BUITRON QUIJANO,10
2023,CONCEJO,41349,HOBO,00037,MOVIMIENTO POLITICO FUERZA CIUDADANA,00006,ANDRES MONTEALEGRE,10
2023,CONCEJO,41349,HOBO,00037,MOVIMIENTO POLITICO FUERZA CIUDADANA,00007,WILMAR ANDRES TRUJILLO BOTIA,5
2023,CONCEJO,41349,HOBO,00037,MOVIMIENTO POLITICO FUERZA CIUDADANA,00008,YALCONIA STAINER CHARRY SANCHEZ,7
2023,CONCEJO,41349,HOBO,00037,MOVIMIENTO POLITICO FUERZA CIUDADANA,00009,KELY YADIRA GONZALEZ RESTREPO,5
2023,CONCEJO,41357,ÍQUIRA,00000,,00996,VOTOS EN BLANCO,79
2023,CONCEJO,41357,ÍQUIRA,00000,,00997,VOTOS NULOS,95
2023,CONCEJO,41357,ÍQUIRA,00000,,00998,VOTOS NO MARCADOS,276
2023,CONCEJO,41357,ÍQUIRA,00001,PARTIDO LIBERAL COLOMBIANO,00000,PARTIDO LIBERAL COLOMBIANO,32
2023,CONCEJO,41357,ÍQUIRA,00001,PARTIDO LIBERAL COLOMBIANO,00001,JHON SILVIO GARCIA VARGAS,250
2023,CONCEJO,41357,ÍQUIRA,00001,PARTIDO LIBERAL COLOMBIANO,00002,YERLY PATRICIA MOPAN PERDOMO,119
2023,CONCEJO,41357,ÍQUIRA,00001,PARTIDO LIBERAL COLOMBIANO,00003,EDISON CASAS MENDEZ,126
2023,CONCEJO,41357,ÍQUIRA,00001,PARTIDO LIBERAL COLOMBIANO,00004,OMAR EDUARDO DUSSAN GONGORA,122
2023,CONCEJO,41357,ÍQUIRA,00001,PARTIDO LIBERAL COLOMBIANO,00005,GIANCARLO RIVEROS PERDOMO,30
2023,CONCEJO,41357,ÍQUIRA,00001,PARTIDO LIBERAL COLOMBIANO,00006,JHON FREDY CHAMBO CARVAJAL,88
2023,CONCEJO,41357,ÍQUIRA,00001,PARTIDO LIBERAL COLOMBIANO,00007,AURA CONSTANZA SUAREZ SEGURA,4
2023,CONCEJO,41357,ÍQUIRA,00001,PARTIDO LIBERAL COLOMBIANO,00008,WILVER ROA ROA,155
2023,CONCEJO,41357,ÍQUIRA,00001,PARTIDO LIBERAL COLOMBIANO,00009,LINA SORANYI PERDOMO CUVIDES,59
2023,CONCEJO,41357,ÍQUIRA,00001,PARTIDO LIBERAL COLOMBIANO,00010,KAREN XIMENA MENZA PIEDRAHITA,41
2023,CONCEJO,41357,ÍQUIRA,00001,PARTIDO LIBERAL COLOMBIANO,00011,LIXA MONICA TRUJILLO GARZON,178
2023,CONCEJO,41357,ÍQUIRA,00002,PARTIDO CONSERVADOR COLOMBIANO,00000,PARTIDO CONSERVADOR COLOMBIANO,19
2023,CONCEJO,41357,ÍQUIRA,00002,PARTIDO CONSERVADOR COLOMBIANO,00001,ANA MARIA VARGAS MONTILLA,53
2023,CONCEJO,41357,ÍQUIRA,00002,PARTIDO CONSERVADOR COLOMBIANO,00002,LORENA ALEXANDRA POLO ZUÑIGA,52
2023,CONCEJO,41357,ÍQUIRA,00002,PARTIDO CONSERVADOR COLOMBIANO,00003,JAVIER QUINTERO CEDEÑO,165
2023,CONCEJO,41357,ÍQUIRA,00002,PARTIDO CONSERVADOR COLOMBIANO,00005,JOSE IGNACIO PEREZ VALENZUELA,102
2023,CONCEJO,41357,ÍQUIRA,00002,PARTIDO CONSERVADOR COLOMBIANO,00006,CARLA ANDREA VILLEGAS OBREGON,89
2023,CONCEJO,41357,ÍQUIRA,00002,PARTIDO CONSERVADOR COLOMBIANO,00007,YEISON RAMIREZ TOVAR,10
2023,CONCEJO,41357,ÍQUIRA,00002,PARTIDO CONSERVADOR COLOMBIANO,00008,EDWIN ENRIQUE LEIVA RODRIGUEZ,26
2023,CONCEJO,41357,ÍQUIRA,00002,PARTIDO CONSERVADOR COLOMBIANO,00009,BRITNY VALENTINA NASAYO MUÑOZ,3
2023,CONCEJO,41357,ÍQUIRA,00002,PARTIDO CONSERVADOR COLOMBIANO,00010,SANDRA PATRICIA CUBILLOS GIL,10
2023,CONCEJO,41357,ÍQUIRA,00002,PARTIDO CONSERVADOR COLOMBIANO,00011,OLGA LUCIA TORO TRUJILLO,293
2023,CONCEJO,41357,ÍQUIRA,00003,PARTIDO CAMBIO RADICAL,00000,PARTIDO CAMBIO RADICAL,6
2023,CONCEJO,41357,ÍQUIRA,00003,PARTIDO CAMBIO RADICAL,00001,JAVIER COVALEDA CAMPOS,155
2023,CONCEJO,41357,ÍQUIRA,00003,PARTIDO CAMBIO RADICAL,00002,HERIBERTO RAMIREZ ROA,17
2023,CONCEJO,41357,ÍQUIRA,00003,PARTIDO CAMBIO RADICAL,00003,ALBERTO FINDICUE ACHICUE,69
2023,CONCEJO,41357,ÍQUIRA,00003,PARTIDO CAMBIO RADICAL,00004,JUAN ESTEBAN SALAZAR VELASQUEZ,52
2023,CONCEJO,41357,ÍQUIRA,00003,PARTIDO CAMBIO RADICAL,00005,MARIA JOSE POLO RIVAS,2
2023,CONCEJO,41357,ÍQUIRA,00003,PARTIDO CAMBIO RADICAL,00006,LAURA CAMILA AQUITE TAMAYO,2
2023,CONCEJO,41357,ÍQUIRA,00004,PARTIDO ALIANZA VERDE,00000,PARTIDO ALIANZA VERDE,16
2023,CONCEJO,41357,ÍQUIRA,00004,PARTIDO ALIANZA VERDE,00001,MONICA GARCIA LADINO,91
2023,CONCEJO,41357,ÍQUIRA,00004,PARTIDO ALIANZA VERDE,00002,PRESLEY FIGUEROA PERDOMO,120
2023,CONCEJO,41357,ÍQUIRA,00004,PARTIDO ALIANZA VERDE,00003,EDUARDO QUINTERO CHILA,157
2023,CONCEJO,41357,ÍQUIRA,00004,PARTIDO ALIANZA VERDE,00004,JELBER YAGUE PULIDO,200
2023,CONCEJO,41357,ÍQUIRA,00004,PARTIDO ALIANZA VERDE,00005,HERMOGENES RIVAS ANDRADE,99
2023,CONCEJO,41357,ÍQUIRA,00004,PARTIDO ALIANZA VERDE,00006,ALFONSO ERNESTO PEREZ TORO,21
2023,CONCEJO,41357,ÍQUIRA,00004,PARTIDO ALIANZA VERDE,00007,LUIS ALFONSO URUEÑA PALOMO,8
2023,CONCEJO,41357,ÍQUIRA,00004,PARTIDO ALIANZA VERDE,00008,FRANCISCO JAVIER POLANCO,77
2023,CONCEJO,41357,ÍQUIRA,00004,PARTIDO ALIANZA VERDE,00009,YULIANA LADINO CHARRY,4
2023,CONCEJO,41357,ÍQUIRA,00004,PARTIDO ALIANZA VERDE,00010,ANYELA RIVAS CAMACHO,3
2023,CONCEJO,41357,ÍQUIRA,00005,"MOVIMIENTO AUTORIDADES INDÍGENAS DE COLOMBIA ""AICO""",00000,"MOVIMIENTO AUTORIDADES INDÍGENAS DE COLOMBIA ""AICO """,5
2023,CONCEJO,41357,ÍQUIRA,00005,"MOVIMIENTO AUTORIDADES INDÍGENAS DE COLOMBIA ""AICO""",00001,MARCO VINICIO CAVIEDES LOPES,96
2023,CONCEJO,41357,ÍQUIRA,00005,"MOVIMIENTO AUTORIDADES INDÍGENAS DE COLOMBIA ""AICO""",00002,JOSE NOE GUAGAS PESAY,16
2023,CONCEJO,41357,ÍQUIRA,00005,"MOVIMIENTO AUTORIDADES INDÍGENAS DE COLOMBIA ""AICO""",00003,TERESA PERDOMO PARRA,2
2023,CONCEJO,41357,ÍQUIRA,00008,PARTIDO DE LA UNIÓN POR LA GENTE - PARTIDO DE LA U,00000,PARTIDO DE LA UNIÓN POR LA GENTE - PARTIDO DE LA U,12
2023,CONCEJO,41357,ÍQUIRA,00008,PARTIDO DE LA UNIÓN POR LA GENTE - PARTIDO DE LA U,00001,JESUS DURAN PINEDA,255
2023,CONCEJO,41357,ÍQUIRA,00008,PARTIDO DE LA UNIÓN POR LA GENTE - PARTIDO DE LA U,00002,MOISES OSSO GAITA,25
2023,CONCEJO,41357,ÍQUIRA,00008,PARTIDO DE LA UNIÓN POR LA GENTE - PARTIDO DE LA U,00003,GEIDY JOHANA MARINEZ VELANDIA,27
2023,CONCEJO,41357,ÍQUIRA,00008,PARTIDO DE LA UNIÓN POR LA GENTE - PARTIDO DE LA U,00004,NELSON CARVAJAL,41
2023,CONCEJO,41357,ÍQUIRA,00008,PARTIDO DE LA UNIÓN POR LA GENTE - PARTIDO DE LA U,00005,YONAL LEANDRO MARTINEZ HERNANDEZ,82
2023,CONCEJO,41357,ÍQUIRA,00008,PARTIDO DE LA UNIÓN POR LA GENTE - PARTIDO DE LA U,00006,ALEXANDRA GONZALEZ RUIZ,4
2023,CONCEJO,41357,ÍQUIRA,00012,"MOVIMIENTO ALTERNATIVO INDÍGENA Y SOCIAL ""MAIS""",00000,"MOVIMIENTO ALTERNATIVO INDÍGENA Y SOCIAL ""MAIS""",1041
2023,CONCEJO,41357,ÍQUIRA,00015,PARTIDO COLOMBIA RENACIENTE,00000,PARTIDO COLOMBIA RENACIENTE,10
2023,CONCEJO,41357,ÍQUIRA,00015,PARTIDO COLOMBIA RENACIENTE,00001,JUAN MARIA ANACONA VELAZCO,187
2023,CONCEJO,41357,ÍQUIRA,00015,PARTIDO COLOMBIA RENACIENTE,00002,LINA TATIANA POLANIA GARCIA,89
2023,CONCEJO,41357,ÍQUIRA,00015,PARTIDO COLOMBIA RENACIENTE,00004,LAURA VALENTINA PEREZ ANDRADE,220
2023,CONCEJO,41359,ISNOS,00000,,00996,VOTOS EN BLANCO,461
2023,CONCEJO,41359,ISNOS,00000,,00997,VOTOS NULOS,301
2023,CONCEJO,41359,ISNOS,00000,,00998,VOTOS NO MARCADOS,899
2023,CONCEJO,41359,ISNOS,00001,PARTIDO LIBERAL COLOMBIANO,00000,PARTIDO LIBERAL COLOMBIANO,77
2023,CONCEJO,41359,ISNOS,00001,PARTIDO LIBERAL COLOMBIANO,00001,RIGOBERTO PABON GAVIRIA,521
2023,CONCEJO,41359,ISNOS,00001,PARTIDO LIBERAL COLOMBIANO,00002,SEGUNDO ALFONSO CERQUERA HOYOS,35
2023,CONCEJO,41359,ISNOS,00001,PARTIDO LIBERAL COLOMBIANO,00003,BENJAMIN ORTIZ BRAVO,295
2023,CONCEJO,41359,ISNOS,00001,PARTIDO LIBERAL COLOMBIANO,00004,LUZ MARI CERON CISNEROS,186
2023,CONCEJO,41359,ISNOS,00001,PARTIDO LIBERAL COLOMBIANO,00005,FABIAN LIZARDO JIMENEZ PIAMBA,146
2023,CONCEJO,41359,ISNOS,00001,PARTIDO LIBERAL COLOMBIANO,00006,EDILBERTO SILVA SANCHEZ,429
2023,CONCEJO,41359,ISNOS,00001,PARTIDO LIBERAL COLOMBIANO,00007,LUIS FERNANDO CERON CANTILLO,236
2023,CONCEJO,41359,ISNOS,00001,PARTIDO LIBERAL COLOMBIANO,00008,YESICA PAOLA RODRIGUEZ MUÑOZ,7
2023,CONCEJO,41359,ISNOS,00001,PARTIDO LIBERAL COLOMBIANO,00009,JOSE ALIER JAMIOY GUENIS,240
2023,CONCEJO,41359,ISNOS,00001,PARTIDO LIBERAL COLOMBIANO,00010,YASMIN SAMBONI IMBACHI,10
2023,CONCEJO,41359,ISNOS,00001,PARTIDO LIBERAL COLOMBIANO,00011,ANGIE YULIETH ORDOÑEZ IMBACHI,9
2023,CONCEJO,41359,ISNOS,00001,PARTIDO LIBERAL COLOMBIANO,00013,ARBEY MURCIA ALVAREZ,52
2023,CONCEJO,41359,ISNOS,00002,PARTIDO CONSERVADOR COLOMBIANO,00000,PARTIDO CONSERVADOR COLOMBIANO,125
2023,CONCEJO,41359,ISNOS,00002,PARTIDO CONSERVADOR COLOMBIANO,00001,ROSEMBERTH RAMIRO CERON REALPE,466
2023,CONCEJO,41359,ISNOS,00002,PARTIDO CONSERVADOR COLOMBIANO,00002,EMIR ARGOTE LOPEZ,345
2023,CONCEJO,41359,ISNOS,00002,PARTIDO CONSERVADOR COLOMBIANO,00003,EDUIN HARRISON LOPEZ DAVILA,26
2023,CONCEJO,41359,ISNOS,00002,PARTIDO CONSERVADOR COLOMBIANO,00004,GLADIS DIAZ BOLAÑOZ,145
2023,CONCEJO,41359,ISNOS,00002,PARTIDO CONSERVADOR COLOMBIANO,00005,FABIO GOMEZ GAVIRIA,28
2023,CONCEJO,41359,ISNOS,00002,PARTIDO CONSERVADOR COLOMBIANO,00006,DINO VLADIMIR ORDOÑEZ CORDOBA,124
2023,CONCEJO,41359,ISNOS,00002,PARTIDO CONSERVADOR COLOMBIANO,00007,FERNANDO BENAVIDES CHILITO,85
2023,CONCEJO,41359,ISNOS,00002,PARTIDO CONSERVADOR COLOMBIANO,00008,PAOLA CRISTINA ORTIZ CASTRO,8
2023,CONCEJO,41359,ISNOS,00002,PARTIDO CONSERVADOR COLOMBIANO,00009,YULIZA ROSERO GIRON,5
2023,CONCEJO,41359,ISNOS,00002,PARTIDO CONSERVADOR COLOMBIANO,00010,WILLIAM YESID RAMOS VALENCIA,287
2023,CONCEJO,41359,ISNOS,00004,PARTIDO ALIANZA VERDE,00000,PARTIDO ALIANZA VERDE,94
2023,CONCEJO,41359,ISNOS,00004,PARTIDO ALIANZA VERDE,00001,WILLIAM SAMBONI,345
2023,CONCEJO,41359,ISNOS,00004,PARTIDO ALIANZA VERDE,00002,JOSE ORLANDO QUINTERO OTAYA,287
2023,CONCEJO,41359,ISNOS,00004,PARTIDO ALIANZA VERDE,00003,EVER GARZON ORDOÑEZ,87
2023,CONCEJO,41359,ISNOS,00004,PARTIDO ALIANZA VERDE,00004,LEANY ROCIO ORDOÑEZ CHICANGANA,57
2023,CONCEJO,41359,ISNOS,00004,PARTIDO ALIANZA VERDE,00005,ADELMO VARGAS RODRIGUEZ,223
2023,CONCEJO,41359,ISNOS,00004,PARTIDO ALIANZA VERDE,00006,DANIA ALEXANDRA ILES SAMBONI,67
2023,CONCEJO,41359,ISNOS,00004,PARTIDO ALIANZA VERDE,00007,NURY ELICETH RODRIGUEZ PABON,81
2023,CONCEJO,41359,ISNOS,00004,PARTIDO ALIANZA VERDE,00008,JAIDY MILENA LASSO CERON,41
2023,CONCEJO,41359,ISNOS,00004,PARTIDO ALIANZA VERDE,00009,OSWALDO ZUÑIGA,31
2023,CONCEJO,41359,ISNOS,00004,PARTIDO ALIANZA VERDE,00010,ROSSANA ORTEGA MOLINA,73
2023,CONCEJO,41359,ISNOS,00004,PARTIDO ALIANZA VERDE,00011,OSCAR EDUARDO PIAMBA SAMBONI,64
2023,CONCEJO,41359,ISNOS,00004,PARTIDO ALIANZA VERDE,00012,LUIS CARLOS MARTINEZ ROJAS,535
2023,CONCEJO,41359,ISNOS,00004,PARTIDO ALIANZA VERDE,00013,LORENZO ORDOÑEZ PEREZ,62
2023,CONCEJO,41359,ISNOS,00005,"MOVIMIENTO AUTORIDADES INDÍGENAS DE COLOMBIA ""AICO""",00000,"MOVIMIENTO AUTORIDADES INDÍGENAS DE COLOMBIA ""AICO """,19
2023,CONCEJO,41359,ISNOS,00005,"MOVIMIENTO AUTORIDADES INDÍGENAS DE COLOMBIA ""AICO""",00001,LIGIA NAVIA,48
2023,CONCEJO,41359,ISNOS,00006,"PARTIDO ALIANZA SOCIAL INDEPENDIENTE ""ASI""",00000,"PARTIDO ALIANZA SOCIAL INDEPENDIENTE ""ASI""",59
2023,CONCEJO,41359,ISNOS,00006,"PARTIDO ALIANZA SOCIAL INDEPENDIENTE ""ASI""",00001,EMIRO ROJAS IMBACHI,353
2023,CONCEJO,41359,ISNOS,00006,"PARTIDO ALIANZA SOCIAL INDEPENDIENTE ""ASI""",00002,MILLER BRAVO GARCES,386
2023,CONCEJO,41359,ISNOS,00006,"PARTIDO ALIANZA SOCIAL INDEPENDIENTE ""ASI""",00003,RICARDO CERON GOMEZ,134
2023,CONCEJO,41359,ISNOS,00006,"PARTIDO ALIANZA SOCIAL INDEPENDIENTE ""ASI""",00004,SAMIR ALEXANDER SAMBONI SAMBONI,12
2023,CONCEJO,41359,ISNOS,00006,"PARTIDO ALIANZA SOCIAL INDEPENDIENTE ""ASI""",00005,LIZETH PUJIMUY RAMOS,12
2023,CONCEJO,41359,ISNOS,00006,"PARTIDO ALIANZA SOCIAL INDEPENDIENTE ""ASI""",00006,WILLIAM LARA ARGOTE,332
2023,CONCEJO,41359,ISNOS,00006,"PARTIDO ALIANZA SOCIAL INDEPENDIENTE ""ASI""",00007,WBERLEY GAVIRIA COLLAZOS,362
2023,CONCEJO,41359,ISNOS,00006,"PARTIDO ALIANZA SOCIAL INDEPENDIENTE ""ASI""",00008,MARIA YISELA MUÑOZ BOLAÑOS,1
2023,CONCEJO,41359,ISNOS,00006,"PARTIDO ALIANZA SOCIAL INDEPENDIENTE ""ASI""",00009,IDALIA MARCELA ALVEAR BRAVO,73
2023,CONCEJO,41359,ISNOS,00006,"PARTIDO ALIANZA SOCIAL INDEPENDIENTE ""ASI""",00010,JOSE BENITO GARCIA CARVAJAL,31
2023,CONCEJO,41359,ISNOS,00006,"PARTIDO ALIANZA SOCIAL INDEPENDIENTE ""ASI""",00011,MARLENY ERAZO MORENO,14
2023,CONCEJO,41359,ISNOS,00006,"PARTIDO ALIANZA SOCIAL INDEPENDIENTE ""ASI""",00012,REINALDO CAMPOS ÑAÑEZ,110
2023,CONCEJO,41359,ISNOS,00006,"PARTIDO ALIANZA SOCIAL INDEPENDIENTE ""ASI""",00013,RUBELINO OME DIAZ,5
2023,CONCEJO,41359,ISNOS,00008,PARTIDO DE LA UNIÓN POR LA GENTE - PARTIDO DE LA U,00000,PARTIDO DE LA UNIÓN POR LA GENTE - PARTIDO DE LA U,15
2023,CONCEJO,41359,ISNOS,00008,PARTIDO DE LA UNIÓN POR LA GENTE - PARTIDO DE LA U,00001,YILIAN ESNEIDER HOYOS SOTELO,106
2023,CONCEJO,41359,ISNOS,00008,PARTIDO DE LA UNIÓN POR LA GENTE - PARTIDO DE LA U,00002,SONIA CAROLINA CUENCA ORDOÑEZ,5
2023,CONCEJO,41359,ISNOS,00008,PARTIDO DE LA UNIÓN POR LA GENTE - PARTIDO DE LA U,00003,ANGIE MELISSA PEÑA BURBANO,1
2023,CONCEJO,41359,ISNOS,00008,PARTIDO DE LA UNIÓN POR LA GENTE - PARTIDO DE LA U,00005,DANIELA KATERINE ROJAS CHILITO,21
2023,CONCEJO,41359,ISNOS,00008,PARTIDO DE LA UNIÓN POR LA GENTE - PARTIDO DE LA U,00006,MELQUICIDED ANACONA SAPUYES,3
2023,CONCEJO,41359,ISNOS,00008,PARTIDO DE LA UNIÓN POR LA GENTE - PARTIDO DE LA U,00007,RAFAEL HERNAN ROJAS ROMERO,41
2023,CONCEJO,41359,ISNOS,00008,PARTIDO DE LA UNIÓN POR LA GENTE - PARTIDO DE LA U,00008,EDISSON FELIPE ORDOÑEZ SAMBONI,36
2023,CONCEJO,41359,ISNOS,00008,PARTIDO DE LA UNIÓN POR LA GENTE - PARTIDO DE LA U,00009,OSCAR GENTIL CAICEDO,2
2023,CONCEJO,41359,ISNOS,00008,PARTIDO DE LA UNIÓN POR LA GENTE - PARTIDO DE LA U,00010,YEISON RAUL VELASQUEZ ORREGO,111
2023,CONCEJO,41359,ISNOS,00010,"PARTIDO UNIÓN PATRIÓTICA ""UP""",00000,"PARTIDO UNIÓN PATRIÓTICA ""UP""",169
2023,CONCEJO,41359,ISNOS,00011,PARTIDO CENTRO DEMOCRÁTICO,00000,PARTIDO CENTRO DEMOCRÁTICO,237
2023,CONCEJO,41359,ISNOS,00012,"MOVIMIENTO ALTERNATIVO INDÍGENA Y SOCIAL ""MAIS""",00000,"MOVIMIENTO ALTERNATIVO INDÍGENA Y SOCIAL ""MAIS""",33
2023,CONCEJO,41359,ISNOS,00012,"MOVIMIENTO ALTERNATIVO INDÍGENA Y SOCIAL ""MAIS""",00001,ANDRY JOHANA ERAZO JOAQUI,138
2023,CONCEJO,41359,ISNOS,00012,"MOVIMIENTO ALTERNATIVO INDÍGENA Y SOCIAL ""MAIS""",00002,JESUS ELIAS VARGAS MORALES,284
2023,CONCEJO,41359,ISNOS,00012,"MOVIMIENTO ALTERNATIVO INDÍGENA Y SOCIAL ""MAIS""",00003,MARIA DORIS CORDOBA ALVEAR,147
2023,CONCEJO,41359,ISNOS,00012,"MOVIMIENTO ALTERNATIVO INDÍGENA Y SOCIAL ""MAIS""",00004,YEXON VIRGILIO RODRIGUEZ LOPEZ,201
2023,CONCEJO,41359,ISNOS,00012,"MOVIMIENTO ALTERNATIVO INDÍGENA Y SOCIAL ""MAIS""",00005,MARIA DORYS PINO SAMBONI,72
2023,CONCEJO,41359,ISNOS,00012,"MOVIMIENTO ALTERNATIVO INDÍGENA Y SOCIAL ""MAIS""",00006,TIBERIO MACIAS CORDOBA,116
2023,CONCEJO,41359,ISNOS,00012,"MOVIMIENTO ALTERNATIVO INDÍGENA Y SOCIAL ""MAIS""",00008,AURELIANO BURBANO ORDOÑEZ,49
2023,CONCEJO,41359,ISNOS,00012,"MOVIMIENTO ALTERNATIVO INDÍGENA Y SOCIAL ""MAIS""",00009,MARIBEL SAZA SECHAGUA,16
2023,CONCEJO,41359,ISNOS,00012,"MOVIMIENTO ALTERNATIVO INDÍGENA Y SOCIAL ""MAIS""",00010,ILBER RODRIGUEZ MUÑOZ,14
2023,CONCEJO,41359,ISNOS,00012,"MOVIMIENTO ALTERNATIVO INDÍGENA Y SOCIAL ""MAIS""",00011,FLOR MARIA CERON GOMEZ,22
2023,CONCEJO,41359,ISNOS,00012,"MOVIMIENTO ALTERNATIVO INDÍGENA Y SOCIAL ""MAIS""",00012,CARLOS ALVEIRO GOMEZ CHILITO,45
2023,CONCEJO,41359,ISNOS,00018,MOVIMIENTO POLÍTICO COLOMBIA HUMANA,00000,MOVIMIENTO POLÍTICO COLOMBIA HUMANA,81
2023,CONCEJO,41359,ISNOS,00023,PARTIDO LIGA GOBERNANTES ANTICORRUPCIÓN - LIGA,00000,PARTIDO LIGA GOBERNANTES ANTICORRUPCIÓN - LIGA,10
2023,CONCEJO,41359,ISNOS,00023,PARTIDO LIGA GOBERNANTES ANTICORRUPCIÓN - LIGA,00001,CAMILO ANDRES ORTEGA MUÑOZ,105
2023,CONCEJO,41359,ISNOS,00023,PARTIDO LIGA GOBERNANTES ANTICORRUPCIÓN - LIGA,00002,LEONEL QUINAYAS GIRON,139
2023,CONCEJO,41359,ISNOS,00023,PARTIDO LIGA GOBERNANTES ANTICORRUPCIÓN - LIGA,00003,LEYDER ANTONIO MUÑOZ NAVIA,24
2023,CONCEJO,41359,ISNOS,00023,PARTIDO LIGA GOBERNANTES ANTICORRUPCIÓN - LIGA,00004,MARIA CARMELITA PASAJE DELGADO,39
2023,CONCEJO,41359,ISNOS,00023,PARTIDO LIGA GOBERNANTES ANTICORRUPCIÓN - LIGA,00006,ARACELY ORDOÑEZ ARCOS,17
2023,CONCEJO,41359,ISNOS,00023,PARTIDO LIGA GOBERNANTES ANTICORRUPCIÓN - LIGA,00007,FRANCY ALEJANDRA SIERRA JOAQUI,9
2023,CONCEJO,41359,ISNOS,00023,PARTIDO LIGA GOBERNANTES ANTICORRUPCIÓN - LIGA,00008,YURI GALINDEZ ANACONA,26
2023,CONCEJO,41359,ISNOS,00023,PARTIDO LIGA GOBERNANTES ANTICORRUPCIÓN - LIGA,00009,YEISON FABIAN ALVAREZ CLAROS,15
2023,CONCEJO,41359,ISNOS,00023,PARTIDO LIGA GOBERNANTES ANTICORRUPCIÓN - LIGA,00011,LEONILDE ROA ROJAS,18
2023,CONCEJO,41359,ISNOS,00028,AGRUPACIÓN POLÍTICA EN MARCHA,00000,AGRUPACIÓN POLÍTICA EN MARCHA,16
2023,CONCEJO,41359,ISNOS,00028,AGRUPACIÓN POLÍTICA EN MARCHA,00001,LUIS NORBERTO REALPE MUÑOZ,210
2023,CONCEJO,41359,ISNOS,00028,AGRUPACIÓN POLÍTICA EN MARCHA,00002,EDUARD ORTIZ IBARRA,157
2023,CONCEJO,41359,ISNOS,00028,AGRUPACIÓN POLÍTICA EN MARCHA,00003,JOSE AMILDO PERAFAN BOTINA,102
2023,CONCEJO,41359,ISNOS,00028,AGRUPACIÓN POLÍTICA EN MARCHA,00004,EDGAR EDUARDO ROMO TULCAN,119
2023,CONCEJO,41359,ISNOS,00028,AGRUPACIÓN POLÍTICA EN MARCHA,00005,SEGUNDO RAFAEL URBANO ASTUDILLO,94
2023,CONCEJO,41359,ISNOS,00028,AGRUPACIÓN POLÍTICA EN MARCHA,00006,DIANA MILENA PALECHOR GOMEZ,73
2023,CONCEJO,41359,ISNOS,00028,AGRUPACIÓN POLÍTICA EN MARCHA,00007,SEGUNDO JAIME BENAVIDES IMBACHI,244
2023,CONCEJO,41359,ISNOS,00028,AGRUPACIÓN POLÍTICA EN MARCHA,00008,MARBELL ESPAÑA PASAJE,27
2023,CONCEJO,41359,ISNOS,00028,AGRUPACIÓN POLÍTICA EN MARCHA,00009,ORLANDO NAVIA JANSASOY,24
2023,CONCEJO,41359,ISNOS,00028,AGRUPACIÓN POLÍTICA EN MARCHA,00010,HERNANDO ALVAREZ CLAROS,107
2023,CONCEJO,41359,ISNOS,00028,AGRUPACIÓN POLÍTICA EN MARCHA,00011,MARELBY GOMEZ GOMEZ,61
2023,CONCEJO,41359,ISNOS,00028,AGRUPACIÓN POLÍTICA EN MARCHA,00012,LILYAN SEMANATE PEREZ,11
2023,CONCEJO,41359,ISNOS,00031,INDEPENDIENTES,00000,INDEPENDIENTES,15
2023,CONCEJO,41359,ISNOS,00031,INDEPENDIENTES,00001,CARLOS ANDRES FAJARDO ZUÑIGA,294
2023,CONCEJO,41359,ISNOS,00031,INDEPENDIENTES,00002,ANGELICA MARIA JURADO DELGADO,54
2023,CONCEJO,41359,ISNOS,00031,INDEPENDIENTES,00003,CRISTIAN HERNAN MUÑOZ VALENCIA,363
2023,CONCEJO,41359,ISNOS,00031,INDEPENDIENTES,00004,JENNIFER CAROLINA ALBADAN LOPEZ,20
2023,CONCEJO,41359,ISNOS,00031,INDEPENDIENTES,00005,LINA FERNANDA GALINDEZ DORADO,10
2023,CONCEJO,41359,ISNOS,00031,INDEPENDIENTES,00006,CARLOS FABIAN MUÑOZ HERNANDEZ,38
2023,CONCEJO,41359,ISNOS,00031,INDEPENDIENTES,00007,ANA MARIA ÑAÑEZ ANACONA,65
2023,CONCEJO,41359,ISNOS,00031,INDEPENDIENTES,00008,YOIMER CAMILO ORTIZ ORTIZ,42
2023,CONCEJO,41359,ISNOS,00031,INDEPENDIENTES,00010,JHON ALEXANDER MUÑOZ LOPEZ,72
2023,CONCEJO,41359,ISNOS,00031,INDEPENDIENTES,00011,EDILBERTO GASCA MARTINEZ,79
2023,CONCEJO,41359,ISNOS,00031,INDEPENDIENTES,00012,JESUS HERNANDO CERON IRUA,121
2023,CONCEJO,41359,ISNOS,00031,INDEPENDIENTES,00013,JACOB ZUÑIGA GALINDEZ,201
2023,CONCEJO,41359,ISNOS,07633,PDO POLIT. DIGNIDAD Y COMPROMISO-VERDE OXIGENO-MIRA,00000,PDO POLIT. DIGNIDAD Y COMPROMISO-VERDE OXIGENO-MIR A,13
2023,CONCEJO,41359,ISNOS,07633,PDO POLIT. DIGNIDAD Y COMPROMISO-VERDE OXIGENO-MIRA,00001,RODRIGO JURADO ORDOÑEZ,50
2023,CONCEJO,41359,ISNOS,07633,PDO POLIT. DIGNIDAD Y COMPROMISO-VERDE OXIGENO-MIRA,00003,OSCAR MILTON ESPINOSA BURBANO,41
2023,CONCEJO,41359,ISNOS,07633,PDO POLIT. DIGNIDAD Y COMPROMISO-VERDE OXIGENO-MIRA,00004,HAROLD ANDRES ROSERO MAJIN,15
2023,CONCEJO,41359,ISNOS,07633,PDO POLIT. DIGNIDAD Y COMPROMISO-VERDE OXIGENO-MIRA,00005,AMPARO MENESES ORDOÑEZ,11
2023,CONCEJO,41359,ISNOS,07633,PDO POLIT. DIGNIDAD Y COMPROMISO-VERDE OXIGENO-MIRA,00006,SANDRA PATRICIA BUESAQUILLO ORTEGA,8
2023,CONCEJO,41359,ISNOS,07633,PDO POLIT. DIGNIDAD Y COMPROMISO-VERDE OXIGENO-MIRA,00007,YANEIRY ULE DUQUE,8
2023,CONCEJO,41359,ISNOS,07633,PDO POLIT. DIGNIDAD Y COMPROMISO-VERDE OXIGENO-MIRA,00008,YOLANDA MUÑOZ PUJIMUY,3
2023,CONCEJO,41359,ISNOS,07633,PDO POLIT. DIGNIDAD Y COMPROMISO-VERDE OXIGENO-MIRA,00009,ANGY YULIETH CHILITO LULIGO,2
2023,CONCEJO,41359,ISNOS,07633,PDO POLIT. DIGNIDAD Y COMPROMISO-VERDE OXIGENO-MIRA,00011,ANGEL ALBEIRO CHILITO MUÑOZ,470
2023,CONCEJO,41378,LA ARGENTINA,00000,,00996,VOTOS EN BLANCO,260
2023,CONCEJO,41378,LA ARGENTINA,00000,,00997,VOTOS NULOS,125
2023,CONCEJO,41378,LA ARGENTINA,00000,,00998,VOTOS NO MARCADOS,458
2023,CONCEJO,41378,LA ARGENTINA,00001,PARTIDO LIBERAL COLOMBIANO,00000,PARTIDO LIBERAL COLOMBIANO,35
2023,CONCEJO,41378,LA ARGENTINA,00001,PARTIDO LIBERAL COLOMBIANO,00001,ESTHER JULIA BURBANO ALVEAR,210
2023,CONCEJO,41378,LA ARGENTINA,00001,PARTIDO LIBERAL COLOMBIANO,00002,HUGO FERNANDO CUCUÑAME ORTEGA,393
2023,CONCEJO,41378,LA ARGENTINA,00001,PARTIDO LIBERAL COLOMBIANO,00003,EDWIN GOMEZ GOMEZ,157
2023,CONCEJO,41378,LA ARGENTINA,00001,PARTIDO LIBERAL COLOMBIANO,00004,JOSE VICENTE GOMEZ QUISOBONI,49
2023,CONCEJO,41378,LA ARGENTINA,00001,PARTIDO LIBERAL COLOMBIANO,00005,MARLYN NUBIA NARVAEZ MORENO,358
2023,CONCEJO,41378,LA ARGENTINA,00001,PARTIDO LIBERAL COLOMBIANO,00006,SEGUNDO EDUARDO LASSO,151
2023,CONCEJO,41378,LA ARGENTINA,00001,PARTIDO LIBERAL COLOMBIANO,00007,HUGO ARMANDO ALMARIO MOLINA,48
2023,CONCEJO,41378,LA ARGENTINA,00001,PARTIDO LIBERAL COLOMBIANO,00008,CARLOS RAMIREZ QUINA,44
2023,CONCEJO,41378,LA ARGENTINA,00001,PARTIDO LIBERAL COLOMBIANO,00009,MARIA MONICA JIMENEZ CRUZ,8
2023,CONCEJO,41378,LA ARGENTINA,00001,PARTIDO LIBERAL COLOMBIANO,00010,NORBEY GONZALEZ OCHOA,281
2023,CONCEJO,41378,LA ARGENTINA,00001,PARTIDO LIBERAL COLOMBIANO,00011,ESMEIDI BOLAÑOS LOPEZ,221
2023,CONCEJO,41378,LA ARGENTINA,00002,PARTIDO CONSERVADOR COLOMBIANO,00000,PARTIDO CONSERVADOR COLOMBIANO,16
2023,CONCEJO,41378,LA ARGENTINA,00002,PARTIDO CONSERVADOR COLOMBIANO,00001,CARLOS HERMIDES ROJAS AGUDELO,312
2023,CONCEJO,41378,LA ARGENTINA,00002,PARTIDO CONSERVADOR COLOMBIANO,00002,ANA ROCIO GAVIRIA GOMEZ,50
2023,CONCEJO,41378,LA ARGENTINA,00002,PARTIDO CONSERVADOR COLOMBIANO,00003,JOSE FERNANDO ROJAS PITA,112
2023,CONCEJO,41378,LA ARGENTINA,00002,PARTIDO CONSERVADOR COLOMBIANO,00004,EDWIN SAMBRANO VALENCIA,284
2023,CONCEJO,41378,LA ARGENTINA,00002,PARTIDO CONSERVADOR COLOMBIANO,00005,JOSE HIDALGO FLOREZ CONTRERAS,99
2023,CONCEJO,41378,LA ARGENTINA,00002,PARTIDO CONSERVADOR COLOMBIANO,00006,LADY JOHANNA ALVARADO VALENCIA,12
2023,CONCEJO,41378,LA ARGENTINA,00002,PARTIDO CONSERVADOR COLOMBIANO,00007,AVELINO REALPE GOMEZ,42
2023,CONCEJO,41378,LA ARGENTINA,00002,PARTIDO CONSERVADOR COLOMBIANO,00008,LEONARDO ABELLA MEDINA,22
2023,CONCEJO,41378,LA ARGENTINA,00002,PARTIDO CONSERVADOR COLOMBIANO,00009,MARGARITA SAMBONI PALECHOR,34
2023,CONCEJO,41378,LA ARGENTINA,00002,PARTIDO CONSERVADOR COLOMBIANO,00010,YESIKA FERNANDA CAMPO RINCON,9
2023,CONCEJO,41378,LA ARGENTINA,00002,PARTIDO CONSERVADOR COLOMBIANO,00011,SAUL HOYOS MOSQUERA,5
2023,CONCEJO,41378,LA ARGENTINA,00003,PARTIDO CAMBIO RADICAL,00000,PARTIDO CAMBIO RADICAL,34
2023,CONCEJO,41378,LA ARGENTINA,00003,PARTIDO CAMBIO RADICAL,00001,GLORY CAROLINA CAMACHO GOMEZ,466
2023,CONCEJO,41378,LA ARGENTINA,00003,PARTIDO CAMBIO RADICAL,00002,BERTI EDUARDO CHILITO CLAVIJO,61
2023,CONCEJO,41378,LA ARGENTINA,00003,PARTIDO CAMBIO RADICAL,00003,ALBERTO RODRIGUEZ ROJAS,94
2023,CONCEJO,41378,LA ARGENTINA,00003,PARTIDO CAMBIO RADICAL,00004,JUAN PABLO CRUZ PINEDA,248
2023,CONCEJO,41378,LA ARGENTINA,00003,PARTIDO CAMBIO RADICAL,00005,ANA YINETH GORDILLO,60
2023,CONCEJO,41378,LA ARGENTINA,00004,PARTIDO ALIANZA VERDE,00000,PARTIDO ALIANZA VERDE,23
2023,CONCEJO,41378,LA ARGENTINA,00004,PARTIDO ALIANZA VERDE,00001,MIGUEL ANGEL CORTEZ VARGAS,164
2023,CONCEJO,41378,LA ARGENTINA,00004,PARTIDO ALIANZA VERDE,00002,ROSALBINA RAMIREZ ARIAS,50
2023,CONCEJO,41378,LA ARGENTINA,00004,PARTIDO ALIANZA VERDE,00003,DIANA CECILIA BOLAÑOS BURBANO,17
2023,CONCEJO,41378,LA ARGENTINA,00004,PARTIDO ALIANZA VERDE,00005,JESUS CAMILO PANTOJA GALINDEZ,14
2023,CONCEJO,41378,LA ARGENTINA,00004,PARTIDO ALIANZA VERDE,00006,SILVIO FERNEY CAICEDO HIDALGO,73
2023,CONCEJO,41378,LA ARGENTINA,00004,PARTIDO ALIANZA VERDE,00007,NAYIBE MELLIZO ORTEGA,56
2023,CONCEJO,41378,LA ARGENTINA,00004,PARTIDO ALIANZA VERDE,00008,JOSE FREDY ARCOS,60
2023,CONCEJO,41378,LA ARGENTINA,00004,PARTIDO ALIANZA VERDE,00009,JUAN CARLOS MARTINEZ LOPEZ,71
2023,CONCEJO,41378,LA ARGENTINA,00004,PARTIDO ALIANZA VERDE,00010,OCTAVIO HERRERA MUÑOZ,186
2023,CONCEJO,41378,LA ARGENTINA,00008,PARTIDO DE LA UNIÓN POR LA GENTE - PARTIDO DE LA U,00000,PARTIDO DE LA UNIÓN POR LA GENTE - PARTIDO DE LA U,17
2023,CONCEJO,41378,LA ARGENTINA,00008,PARTIDO DE LA UNIÓN POR LA GENTE - PARTIDO DE LA U,00001,JHON WILLI ORTEGA OSSA,319
2023,CONCEJO,41378,LA ARGENTINA,00008,PARTIDO DE LA UNIÓN POR LA GENTE - PARTIDO DE LA U,00002,DIANA MARCELA VALENCIA MARTINEZ,149
2023,CONCEJO,41378,LA ARGENTINA,00008,PARTIDO DE LA UNIÓN POR LA GENTE - PARTIDO DE LA U,00004,CRESCENCIO CABRERA VARGAS,75
2023,CONCEJO,41378,LA ARGENTINA,00008,PARTIDO DE LA UNIÓN POR LA GENTE - PARTIDO DE LA U,00005,CARLOS MARIO PULIDO FLOREZ,2
2023,CONCEJO,41378,LA ARGENTINA,00008,PARTIDO DE LA UNIÓN POR LA GENTE - PARTIDO DE LA U,00006,BLANCA NIDIA ROBLEDO BURITICA,29
2023,CONCEJO,41378,LA ARGENTINA,00008,PARTIDO DE LA UNIÓN POR LA GENTE - PARTIDO DE LA U,00007,FERNEY BELTRAN PALECHOR,252
2023,CONCEJO,41378,LA ARGENTINA,00008,PARTIDO DE LA UNIÓN POR LA GENTE - PARTIDO DE LA U,00008,NILSON SANCHEZ CAMPO,10
2023,CONCEJO,41378,LA ARGENTINA,00008,PARTIDO DE LA UNIÓN POR LA GENTE - PARTIDO DE LA U,00009,GILBERNEY SOLARTE GOMEZ,3
2023,CONCEJO,41378,LA ARGENTINA,00008,PARTIDO DE LA UNIÓN POR LA GENTE - PARTIDO DE LA U,00010,MARIA DALELLY LEON LEON,54
2023,CONCEJO,41378,LA ARGENTINA,00008,PARTIDO DE LA UNIÓN POR LA GENTE - PARTIDO DE LA U,00011,EYDER YAMID GUZMAN QUINTERO,224
2023,CONCEJO,41378,LA ARGENTINA,00012,"MOVIMIENTO ALTERNATIVO INDÍGENA Y SOCIAL ""MAIS""",00000,"MOVIMIENTO ALTERNATIVO INDÍGENA Y SOCIAL ""MAIS""",16
2023,CONCEJO,41378,LA ARGENTINA,00012,"MOVIMIENTO ALTERNATIVO INDÍGENA Y SOCIAL ""MAIS""",00001,FREDY RICARDO USNAS DICUE,205
2023,CONCEJO,41378,LA ARGENTINA,00012,"MOVIMIENTO ALTERNATIVO INDÍGENA Y SOCIAL ""MAIS""",00002,NELY YURANY LOSADA CUELLAR,113
2023,CONCEJO,41378,LA ARGENTINA,00012,"MOVIMIENTO ALTERNATIVO INDÍGENA Y SOCIAL ""MAIS""",00003,MARCO RAUL TOMBE FLOR,185
2023,CONCEJO,41378,LA ARGENTINA,00012,"MOVIMIENTO ALTERNATIVO INDÍGENA Y SOCIAL ""MAIS""",00004,BIANEY VELASQUEZ BRAVO,31
2023,CONCEJO,41378,LA ARGENTINA,00012,"MOVIMIENTO ALTERNATIVO INDÍGENA Y SOCIAL ""MAIS""",00005,FERMIN AMERICO CHILITO CLAVIJO,85
2023,CONCEJO,41378,LA ARGENTINA,00012,"MOVIMIENTO ALTERNATIVO INDÍGENA Y SOCIAL ""MAIS""",00006,MIGUEL ANDRES PALACIOS MONTILLA,69
2023,CONCEJO,41378,LA ARGENTINA,00012,"MOVIMIENTO ALTERNATIVO INDÍGENA Y SOCIAL ""MAIS""",00007,MIYER FERNANDO MUÑOZ ZUÑIGA,182
2023,CONCEJO,41378,LA ARGENTINA,00012,"MOVIMIENTO ALTERNATIVO INDÍGENA Y SOCIAL ""MAIS""",00008,MARIA LUISA ANAYA CHAVARRO,34
2023,CONCEJO,41378,LA ARGENTINA,07368,PARTIDO ASI Y EL PARTIDO POLÍTICO MIRA,00000,PARTIDO ASI Y EL PARTIDO POLÍTICO MIRA,26
2023,CONCEJO,41378,LA ARGENTINA,07368,PARTIDO ASI Y EL PARTIDO POLÍTICO MIRA,00001,JHON JAIRO TOBAR NARVAEZ,3
2023,CONCEJO,41378,LA ARGENTINA,07368,PARTIDO ASI Y EL PARTIDO POLÍTICO MIRA,00002,DANNA GISELLE BONILLA ROBLEDO,53
2023,CONCEJO,41378,LA ARGENTINA,07368,PARTIDO ASI Y EL PARTIDO POLÍTICO MIRA,00005,ALVENIS BRAVO BRAVO,109
2023,CONCEJO,41378,LA ARGENTINA,07368,PARTIDO ASI Y EL PARTIDO POLÍTICO MIRA,00006,DUBIER HUMBERTO RENGIFO PALACIOS,114
2023,CONCEJO,41378,LA ARGENTINA,07368,PARTIDO ASI Y EL PARTIDO POLÍTICO MIRA,00007,JUAN BOSCO ADARME MUÑOZ,117
2023,CONCEJO,41396,LA PLATA,00000,,00996,VOTOS EN BLANCO,1101
2023,CONCEJO,41396,LA PLATA,00000,,00997,VOTOS NULOS,661
2023,CONCEJO,41396,LA PLATA,00000,,00998,VOTOS NO MARCADOS,1406
2023,CONCEJO,41396,LA PLATA,00001,PARTIDO LIBERAL COLOMBIANO,00000,PARTIDO LIBERAL COLOMBIANO,131
2023,CONCEJO,41396,LA PLATA,00001,PARTIDO LIBERAL COLOMBIANO,00001,RENE SILVA RIVERA,721
2023,CONCEJO,41396,LA PLATA,00001,PARTIDO LIBERAL COLOMBIANO,00002,FABIO URREA PIZO,197
2023,CONCEJO,41396,LA PLATA,00001,PARTIDO LIBERAL COLOMBIANO,00003,ALVARO BERNAL MADRID,114
2023,CONCEJO,41396,LA PLATA,00001,PARTIDO LIBERAL COLOMBIANO,00004,EDILBERTO LIZCANO PENCUE,76
2023,CONCEJO,41396,LA PLATA,00001,PARTIDO LIBERAL COLOMBIANO,00005,CINDY ROCIO LAGOS GARAY,223
2023,CONCEJO,41396,LA PLATA,00001,PARTIDO LIBERAL COLOMBIANO,00006,ANDRES MAURICIO SANCHEZ HERNANDEZ,650
2023,CONCEJO,41396,LA PLATA,00001,PARTIDO LIBERAL COLOMBIANO,00007,JOHN JAIR COMETA VALENCIA,140
2023,CONCEJO,41396,LA PLATA,00001,PARTIDO LIBERAL COLOMBIANO,00008,SERGIO JAVIER TRUJILLO URREA,202
2023,CONCEJO,41396,LA PLATA,00001,PARTIDO LIBERAL COLOMBIANO,00009,JUAN PABLO VALENCIA TRUJILLO,422
2023,CONCEJO,41396,LA PLATA,00001,PARTIDO LIBERAL COLOMBIANO,00010,GLORIA MARCELA ESPITIA LOPEZ,272
2023,CONCEJO,41396,LA PLATA,00001,PARTIDO LIBERAL COLOMBIANO,00011,MARTA LUCIA MEDINA PASTRANA,222
2023,CONCEJO,41396,LA PLATA,00001,PARTIDO LIBERAL COLOMBIANO,00012,FANNY PEREZ CAMACHO,208
2023,CONCEJO,41396,LA PLATA,00001,PARTIDO LIBERAL COLOMBIANO,00013,ANGELA XIMENA ANDINO LOPEZ,74
2023,CONCEJO,41396,LA PLATA,00001,PARTIDO LIBERAL COLOMBIANO,00014,DANIEL ALFONSO CHAPID ARANGO,447
2023,CONCEJO,41396,LA PLATA,00001,PARTIDO LIBERAL COLOMBIANO,00015,VICTOR DANIEL QUINTERO MENDEZ,237
2023,CONCEJO,41396,LA PLATA,00002,PARTIDO CONSERVADOR COLOMBIANO,00000,PARTIDO CONSERVADOR COLOMBIANO,228
2023,CONCEJO,41396,LA PLATA,00002,PARTIDO CONSERVADOR COLOMBIANO,00001,DARIO FERNANDO ORTIZ LOPEZ,742
2023,CONCEJO,41396,LA PLATA,00002,PARTIDO CONSERVADOR COLOMBIANO,00002,HERNAN MAURICIO PUYO ANDRADE,1138
2023,CONCEJO,41396,LA PLATA,00002,PARTIDO CONSERVADOR COLOMBIANO,00003,MARIA ANGELICA VALDERRAMA CUELLAR,390
2023,CONCEJO,41396,LA PLATA,00002,PARTIDO CONSERVADOR COLOMBIANO,00004,RODRIGO NEIRA MEDINA,51
2023,CONCEJO,41396,LA PLATA,00002,PARTIDO CONSERVADOR COLOMBIANO,00005,ALEXANDER RENDON YASMO,365
2023,CONCEJO,41396,LA PLATA,00002,PARTIDO CONSERVADOR COLOMBIANO,00006,LUIS ARMEDO TORRES RINCON,686
2023,CONCEJO,41396,LA PLATA,00002,PARTIDO CONSERVADOR COLOMBIANO,00007,EDIACID HERNANDEZ LOPEZ,175
2023,CONCEJO,41396,LA PLATA,00002,PARTIDO CONSERVADOR COLOMBIANO,00008,YEFFERSON GUAUÑA,28
2023,CONCEJO,41396,LA PLATA,00002,PARTIDO CONSERVADOR COLOMBIANO,00009,JOSE EDER MONTALVO RAMOS,103
2023,CONCEJO,41396,LA PLATA,00002,PARTIDO CONSERVADOR COLOMBIANO,00010,THANIA ESTEFANIA CASTRO ORTIZ,265
2023,CONCEJO,41396,LA PLATA,00002,PARTIDO CONSERVADOR COLOMBIANO,00011,DIANA CAROLINA LEIVA AYA,68
2023,CONCEJO,41396,LA PLATA,00002,PARTIDO CONSERVADOR COLOMBIANO,00012,SANDRO ULTENGO ROJAS,76
2023,CONCEJO,41396,LA PLATA,00002,PARTIDO CONSERVADOR COLOMBIANO,00013,ANGELA PATRICIA CONTA ALVARADO,18
2023,CONCEJO,41396,LA PLATA,00002,PARTIDO CONSERVADOR COLOMBIANO,00014,ALVERTH MOTTA ORTIZ,222
2023,CONCEJO,41396,LA PLATA,00002,PARTIDO CONSERVADOR COLOMBIANO,00015,EDUARDO OSORIO CABRERA,474
2023,CONCEJO,41396,LA PLATA,00003,PARTIDO CAMBIO RADICAL,00000,PARTIDO CAMBIO RADICAL,131
2023,CONCEJO,41396,LA PLATA,00003,PARTIDO CAMBIO RADICAL,00001,VIRGILIO URBANO REYES,725
2023,CONCEJO,41396,LA PLATA,00003,PARTIDO CAMBIO RADICAL,00002,JAIR RIASCOS BENAVIDES,497
2023,CONCEJO,41396,LA PLATA,00003,PARTIDO CAMBIO RADICAL,00003,ARQUIMEDES ARANA,52
2023,CONCEJO,41396,LA PLATA,00003,PARTIDO CAMBIO RADICAL,00004,ALBER JULIAN CABRERA DOMINGUEZ,37
2023,CONCEJO,41396,LA PLATA,00003,PARTIDO CAMBIO RADICAL,00005,DORANY YULIETH CHAGUENDO BECOCHE,38
2023,CONCEJO,41396,LA PLATA,00003,PARTIDO CAMBIO RADICAL,00006,YILBER CHANTRE BELTRAN,276
2023,CONCEJO,41396,LA PLATA,00003,PARTIDO CAMBIO RADICAL,00007,WILBER ALBEIRO DUSSAN ALDANA,241
2023,CONCEJO,41396,LA PLATA,00003,PARTIDO CAMBIO RADICAL,00008,JOSE MIGUEL SERRATO CABRERA,59
2023,CONCEJO,41396,LA PLATA,00003,PARTIDO CAMBIO RADICAL,00009,FRANCY YAMILE GARCIA CUELLAR,153
2023,CONCEJO,41396,LA PLATA,00003,PARTIDO CAMBIO RADICAL,00010,FREDY ESNEIDER CUELLAR HURTADO,388
2023,CONCEJO,41396,LA PLATA,00003,PARTIDO CAMBIO RADICAL,00011,YEINDALIE HERNANDEZ IBARRA,116
2023,CONCEJO,41396,LA PLATA,00003,PARTIDO CAMBIO RADICAL,00012,JESUS ALFREDO RAMIREZ TAMAYO,279
2023,CONCEJO,41396,LA PLATA,00003,PARTIDO CAMBIO RADICAL,00013,JOSE WILLIAM ORDOÑEZ ROSALES,177
2023,CONCEJO,41396,LA PLATA,00003,PARTIDO CAMBIO RADICAL,00014,JOHANNA ZAMORA QUINTERO,32
2023,CONCEJO,41396,LA PLATA,00003,PARTIDO CAMBIO RADICAL,00015,MARIA SULAY JAVELA ROSERO,614
2023,CONCEJO,41396,LA PLATA,00004,PARTIDO ALIANZA VERDE,00000,PARTIDO ALIANZA VERDE,139
2023,CONCEJO,41396,LA PLATA,00004,PARTIDO ALIANZA VERDE,00001,JHAROL ARNETH ALVIRA NORIEGA,757
2023,CONCEJO,41396,LA PLATA,00004,PARTIDO ALIANZA VERDE,00002,EDGAR JULIAN CASANOVA URIBE,45
2023,CONCEJO,41396,LA PLATA,00004,PARTIDO ALIANZA VERDE,00003,CARLOS ANDRES GONZALEZ CAMPO,254
2023,CONCEJO,41396,LA PLATA,00004,PARTIDO ALIANZA VERDE,00004,JESUS ALFREDO CALDON RAMIREZ,74
2023,CONCEJO,41396,LA PLATA,00004,PARTIDO ALIANZA VERDE,00005,ALEXANDER VEGA,480
2023,CONCEJO,41396,LA PLATA,00004,PARTIDO ALIANZA VERDE,00006,AURORA MOLANO AGUIRRE,93
2023,CONCEJO,41396,LA PLATA,00004,PARTIDO ALIANZA VERDE,00007,KAROL TATIANA LIEVANO CALAMBAS,62
2023,CONCEJO,41396,LA PLATA,00004,PARTIDO ALIANZA VERDE,00008,EYDERVI ANDREY CALDON YULE,211
2023,CONCEJO,41396,LA PLATA,00004,PARTIDO ALIANZA VERDE,00009,MONICA MOLINA ROJAS,305
2023,CONCEJO,41396,LA PLATA,00004,PARTIDO ALIANZA VERDE,00010,ADRIANA PAOLA CHAVEZ TAMARA,28
2023,CONCEJO,41396,LA PLATA,00004,PARTIDO ALIANZA VERDE,00011,YESSICA NATALIA RAMIREZ CAMPO,11
2023,CONCEJO,41396,LA PLATA,00004,PARTIDO ALIANZA VERDE,00012,ABELARDO GUZMAN SERRATO,157
2023,CONCEJO,41396,LA PLATA,00004,PARTIDO ALIANZA VERDE,00013,NEISER HAROLD NAGUIB CELIN,49
2023,CONCEJO,41396,LA PLATA,00004,PARTIDO ALIANZA VERDE,00014,JOSE ARNOLDO MUÑOZ COLLAZOS,58
2023,CONCEJO,41396,LA PLATA,00004,PARTIDO ALIANZA VERDE,00015,ABELARDO MOMPOTES HERNANDEZ,270
2023,CONCEJO,41396,LA PLATA,00008,PARTIDO DE LA UNIÓN POR LA GENTE - PARTIDO DE LA U,00000,PARTIDO DE LA UNIÓN POR LA GENTE - PARTIDO DE LA U,45
2023,CONCEJO,41396,LA PLATA,00008,PARTIDO DE LA UNIÓN POR LA GENTE - PARTIDO DE LA U,00001,BRAYHAN ALEJANDRO VARGAS RAMOS,257
2023,CONCEJO,41396,LA PLATA,00008,PARTIDO DE LA UNIÓN POR LA GENTE - PARTIDO DE LA U,00002,LUCAS MARTINEZ FUENTES,69
2023,CONCEJO,41396,LA PLATA,00008,PARTIDO DE LA UNIÓN POR LA GENTE - PARTIDO DE LA U,00003,JAIVER ACOSTA CAMPOS,41
2023,CONCEJO,41396,LA PLATA,00008,PARTIDO DE LA UNIÓN POR LA GENTE - PARTIDO DE LA U,00004,AMANDA CABRERA PENCUE,136
2023,CONCEJO,41396,LA PLATA,00008,PARTIDO DE LA UNIÓN POR LA GENTE - PARTIDO DE LA U,00005,MARIA EUNICE ARANGO ZAMBRANO,42
2023,CONCEJO,41396,LA PLATA,00008,PARTIDO DE LA UNIÓN POR LA GENTE - PARTIDO DE LA U,00006,DENNYS ADRIANA QUINTERO SANDOVAL,33
2023,CONCEJO,41396,LA PLATA,00008,PARTIDO DE LA UNIÓN POR LA GENTE - PARTIDO DE LA U,00007,ROBERTO BENITEZ OCHOA,57
2023,CONCEJO,41396,LA PLATA,00008,PARTIDO DE LA UNIÓN POR LA GENTE - PARTIDO DE LA U,00008,MAYERLI PAREDES ROJAS,30
2023,CONCEJO,41396,LA PLATA,00008,PARTIDO DE LA UNIÓN POR LA GENTE - PARTIDO DE LA U,00009,CARLOS JULIO MADERO PAMA,41
2023,CONCEJO,41396,LA PLATA,00008,PARTIDO DE LA UNIÓN POR LA GENTE - PARTIDO DE LA U,00010,LORENZO MEDINA LOZANO,218
2023,CONCEJO,41396,LA PLATA,00008,PARTIDO DE LA UNIÓN POR LA GENTE - PARTIDO DE LA U,00012,DIEGO HERNANDO CANDELA FIERRO,257
2023,CONCEJO,41396,LA PLATA,00008,PARTIDO DE LA UNIÓN POR LA GENTE - PARTIDO DE LA U,00015,FABIO TITIMBO,26
2023,CONCEJO,41396,LA PLATA,00011,PARTIDO CENTRO DEMOCRÁTICO,00000,PARTIDO CENTRO DEMOCRÁTICO,162
2023,CONCEJO,41396,LA PLATA,00011,PARTIDO CENTRO DEMOCRÁTICO,00001,MARCO EMILIO RAMIREZ CALDERON,354
2023,CONCEJO,41396,LA PLATA,00011,PARTIDO CENTRO DEMOCRÁTICO,00002,DIANA DEL PILAR CEBALLOS NIETO,482
2023,CONCEJO,41396,LA PLATA,00011,PARTIDO CENTRO DEMOCRÁTICO,00003,JAIME TRIVIÑO RODRIGUEZ,52
2023,CONCEJO,41396,LA PLATA,00011,PARTIDO CENTRO DEMOCRÁTICO,00004,AIDEE CORDOBA MAZABEL,18
2023,CONCEJO,41396,LA PLATA,00011,PARTIDO CENTRO DEMOCRÁTICO,00005,FRANCISCO ÑAÑEZ POPAYAN,42
2023,CONCEJO,41396,LA PLATA,00011,PARTIDO CENTRO DEMOCRÁTICO,00006,MARISOL MEDINA CAMERO,353
2023,CONCEJO,41396,LA PLATA,00011,PARTIDO CENTRO DEMOCRÁTICO,00007,DARWIN SMITH VASQUEZ MENDOZA,84
2023,CONCEJO,41396,LA PLATA,00011,PARTIDO CENTRO DEMOCRÁTICO,00008,SUR MARGARITA MUÑOZ QUESADA,24
2023,CONCEJO,41396,LA PLATA,00011,PARTIDO CENTRO DEMOCRÁTICO,00009,HEBER SANTIAGO MORENO CAMPOS,15
2023,CONCEJO,41396,LA PLATA,00011,PARTIDO CENTRO DEMOCRÁTICO,00010,LIBARDO ROJAS IBARRA,275
2023,CONCEJO,41396,LA PLATA,00011,PARTIDO CENTRO DEMOCRÁTICO,00011,JUAN MANUEL GARZON SANCHEZ,417
2023,CONCEJO,41396,LA PLATA,00011,PARTIDO CENTRO DEMOCRÁTICO,00012,DAGOBERTO CALDERON CALDERON,33
2023,CONCEJO,41396,LA PLATA,00011,PARTIDO CENTRO DEMOCRÁTICO,00013,BALDOMERO TOLEDO GONZALEZ,54
2023,CONCEJO,41396,LA PLATA,00011,PARTIDO CENTRO DEMOCRÁTICO,00014,YOLANDA RAMOS RAMOS,118
2023,CONCEJO,41396,LA PLATA,00012,"MOVIMIENTO ALTERNATIVO INDÍGENA Y SOCIAL ""MAIS""",00000,"MOVIMIENTO ALTERNATIVO INDÍGENA Y SOCIAL ""MAIS""",132
2023,CONCEJO,41396,LA PLATA,00012,"MOVIMIENTO ALTERNATIVO INDÍGENA Y SOCIAL ""MAIS""",00001,JESUS ARBEY ULE MUÑOZ,395
2023,CONCEJO,41396,LA PLATA,00012,"MOVIMIENTO ALTERNATIVO INDÍGENA Y SOCIAL ""MAIS""",00002,AYCARDO LEYTON PENAGOS,256
2023,CONCEJO,41396,LA PLATA,00012,"MOVIMIENTO ALTERNATIVO INDÍGENA Y SOCIAL ""MAIS""",00003,GEYDY MARLIDA PAJOY TITIMBO,77
2023,CONCEJO,41396,LA PLATA,00012,"MOVIMIENTO ALTERNATIVO INDÍGENA Y SOCIAL ""MAIS""",00004,MIGUEL ANGEL HERNANDEZ GUARACA,53
2023,CONCEJO,41396,LA PLATA,00012,"MOVIMIENTO ALTERNATIVO INDÍGENA Y SOCIAL ""MAIS""",00005,LUIS ENRIQUE SILVA,47
2023,CONCEJO,41396,LA PLATA,00012,"MOVIMIENTO ALTERNATIVO INDÍGENA Y SOCIAL ""MAIS""",00006,LUIS MIGUEL MOMPOTES LEON,328
2023,CONCEJO,41396,LA PLATA,00012,"MOVIMIENTO ALTERNATIVO INDÍGENA Y SOCIAL ""MAIS""",00007,ANGINSON GARZON VARGAS,180
2023,CONCEJO,41396,LA PLATA,00012,"MOVIMIENTO ALTERNATIVO INDÍGENA Y SOCIAL ""MAIS""",00008,ERIKA YULIETH MARTINEZ FERNANDEZ,34
2023,CONCEJO,41396,LA PLATA,00012,"MOVIMIENTO ALTERNATIVO INDÍGENA Y SOCIAL ""MAIS""",00009,RAUL SAENZ ANDRADE,55
2023,CONCEJO,41396,LA PLATA,00012,"MOVIMIENTO ALTERNATIVO INDÍGENA Y SOCIAL ""MAIS""",00010,FAYBER ORSO GIRALDO VELASCO,187
2023,CONCEJO,41396,LA PLATA,00012,"MOVIMIENTO ALTERNATIVO INDÍGENA Y SOCIAL ""MAIS""",00011,MAIDY LORENA SALAZAR BERMUDEZ,8
2023,CONCEJO,41396,LA PLATA,00012,"MOVIMIENTO ALTERNATIVO INDÍGENA Y SOCIAL ""MAIS""",00012,HERMES MEDINA MENZA,69
2023,CONCEJO,41396,LA PLATA,00012,"MOVIMIENTO ALTERNATIVO INDÍGENA Y SOCIAL ""MAIS""",00013,YELITHZA CAROLINA REYES SALAS,21
2023,CONCEJO,41396,LA PLATA,00012,"MOVIMIENTO ALTERNATIVO INDÍGENA Y SOCIAL ""MAIS""",00014,YBETH MARLELLY BOLAÑOS CASTILLO,164
2023,CONCEJO,41396,LA PLATA,00012,"MOVIMIENTO ALTERNATIVO INDÍGENA Y SOCIAL ""MAIS""",00015,JOSE OLVEIN PILLIMUE,28
2023,CONCEJO,41396,LA PLATA,08401,PACTO HISTORICO COLOMBIA PUEDE,00000,PACTO HISTORICO COLOMBIA PUEDE,745
2023,CONCEJO,41483,NÁTAGA,00000,,00996,VOTOS EN BLANCO,58
2023,CONCEJO,41483,NÁTAGA,00000,,00997,VOTOS NULOS,47
2023,CONCEJO,41483,NÁTAGA,00000,,00998,VOTOS NO MARCADOS,204
2023,CONCEJO,41483,NÁTAGA,00001,PARTIDO LIBERAL COLOMBIANO,00000,PARTIDO LIBERAL COLOMBIANO,13
2023,CONCEJO,41483,NÁTAGA,00001,PARTIDO LIBERAL COLOMBIANO,00001,FABIO EMERSON PAJOY PAJOY,202
2023,CONCEJO,41483,NÁTAGA,00001,PARTIDO LIBERAL COLOMBIANO,00002,ANA YULIET QUINTERO ARIAS,31
2023,CONCEJO,41483,NÁTAGA,00001,PARTIDO LIBERAL COLOMBIANO,00003,FREDY TRUJILLO CUCHIMBA,2
2023,CONCEJO,41483,NÁTAGA,00001,PARTIDO LIBERAL COLOMBIANO,00004,DIANA CONSUELO CEDEÑO PONTON,9
2023,CONCEJO,41483,NÁTAGA,00001,PARTIDO LIBERAL COLOMBIANO,00005,MIGUEL ANGEL PERDOMO,35
2023,CONCEJO,41483,NÁTAGA,00001,PARTIDO LIBERAL COLOMBIANO,00006,ALICIA PERDOMO ALVARADO,18
2023,CONCEJO,41483,NÁTAGA,00001,PARTIDO LIBERAL COLOMBIANO,00007,YURY MAYERLY TUNJA YUCUMA,37
2023,CONCEJO,41483,NÁTAGA,00001,PARTIDO LIBERAL COLOMBIANO,00008,EDGAR HUMBERTO LOZANO CIFUENTES,217
2023,CONCEJO,41483,NÁTAGA,00002,PARTIDO CONSERVADOR COLOMBIANO,00000,PARTIDO CONSERVADOR COLOMBIANO,25
2023,CONCEJO,41483,NÁTAGA,00002,PARTIDO CONSERVADOR COLOMBIANO,00001,PEDRO ANTONIO BOHORQUEZ HERNANDEZ,133
2023,CONCEJO,41483,NÁTAGA,00002,PARTIDO CONSERVADOR COLOMBIANO,00002,MARIA DEYANIRA YACUMA GUALY,127
2023,CONCEJO,41483,NÁTAGA,00002,PARTIDO CONSERVADOR COLOMBIANO,00003,EDUARDO JOSE VALDIVIA PENAGOS,71
2023,CONCEJO,41483,NÁTAGA,00002,PARTIDO CONSERVADOR COLOMBIANO,00004,DULFA YOLIMA PEREZ CASTILLO,93
2023,CONCEJO,41483,NÁTAGA,00002,PARTIDO CONSERVADOR COLOMBIANO,00005,DIEGO ALONSO GUALY GUISA,51
2023,CONCEJO,41483,NÁTAGA,00003,PARTIDO CAMBIO RADICAL,00000,PARTIDO CAMBIO RADICAL,27
2023,CONCEJO,41483,NÁTAGA,00003,PARTIDO CAMBIO RADICAL,00001,IGNACIO CUCHIMBA CASTILLO,199
2023,CONCEJO,41483,NÁTAGA,00003,PARTIDO CAMBIO RADICAL,00002,LUZ MERY OTECA LEIVA,189
2023,CONCEJO,41483,NÁTAGA,00003,PARTIDO CAMBIO RADICAL,00003,JESUS ANTONIO SANABRIA BETANCUR,110
2023,CONCEJO,41483,NÁTAGA,00003,PARTIDO CAMBIO RADICAL,00004,RUBI ARGENIS ARIAS YUCUMA,200
2023,CONCEJO,41483,NÁTAGA,00003,PARTIDO CAMBIO RADICAL,00005,JOSE ALIRIO RAMIREZ PERDOMO,164
2023,CONCEJO,41483,NÁTAGA,00003,PARTIDO CAMBIO RADICAL,00006,CINDY MARCELA SEGURA PERDOMO,38
2023,CONCEJO,41483,NÁTAGA,00003,PARTIDO CAMBIO RADICAL,00007,JOHAN SEBASTIAN MEDINA CASTRO,80
2023,CONCEJO,41483,NÁTAGA,00003,PARTIDO CAMBIO RADICAL,00008,LUIS ANGEL PIÑACUE CASAS,77
2023,CONCEJO,41483,NÁTAGA,00003,PARTIDO CAMBIO RADICAL,00009,CARLOS ANDRES YAGUARA PORTILLA,214
2023,CONCEJO,41483,NÁTAGA,00008,PARTIDO DE LA UNIÓN POR LA GENTE - PARTIDO DE LA U,00000,PARTIDO DE LA UNIÓN POR LA GENTE - PARTIDO DE LA U,16
2023,CONCEJO,41483,NÁTAGA,00008,PARTIDO DE LA UNIÓN POR LA GENTE - PARTIDO DE LA U,00001,CAROL CUCHIMBA,78
2023,CONCEJO,41483,NÁTAGA,00008,PARTIDO DE LA UNIÓN POR LA GENTE - PARTIDO DE LA U,00002,ANYELO MINU CADENA,86
2023,CONCEJO,41483,NÁTAGA,00008,PARTIDO DE LA UNIÓN POR LA GENTE - PARTIDO DE LA U,00003,EZEQUIEL SALAZAR SALAZAR,96
2023,CONCEJO,41483,NÁTAGA,00008,PARTIDO DE LA UNIÓN POR LA GENTE - PARTIDO DE LA U,00004,MAIRA LORENA AVIRAMA RIVERA,89
2023,CONCEJO,41483,NÁTAGA,00008,PARTIDO DE LA UNIÓN POR LA GENTE - PARTIDO DE LA U,00005,NEIFY LUCIA LADINO ARIAS,83
2023,CONCEJO,41483,NÁTAGA,00008,PARTIDO DE LA UNIÓN POR LA GENTE - PARTIDO DE LA U,00006,DORA DEISY RIVERA ZUÑIGA,109
2023,CONCEJO,41483,NÁTAGA,00008,PARTIDO DE LA UNIÓN POR LA GENTE - PARTIDO DE LA U,00007,DEISY LILIANA CAMPO ACHIPIZ,40
2023,CONCEJO,41483,NÁTAGA,00008,PARTIDO DE LA UNIÓN POR LA GENTE - PARTIDO DE LA U,00008,EDGAR ANDAPIÑA GALINDO,50
2023,CONCEJO,41483,NÁTAGA,00008,PARTIDO DE LA UNIÓN POR LA GENTE - PARTIDO DE LA U,00009,MARIA ANABEL YUCUMA CASTILLO,67
2023,CONCEJO,41483,NÁTAGA,00012,"MOVIMIENTO ALTERNATIVO INDÍGENA Y SOCIAL ""MAIS""",00000,"MOVIMIENTO ALTERNATIVO INDÍGENA Y SOCIAL ""MAIS""",340
2023,CONCEJO,41483,NÁTAGA,00019,PARTIDO NUEVO LIBERALISMO,00000,PARTIDO NUEVO LIBERALISMO,5
2023,CONCEJO,41483,NÁTAGA,00019,PARTIDO NUEVO LIBERALISMO,00001,ALEX NASAYO YUCUMA,72
2023,CONCEJO,41483,NÁTAGA,00019,PARTIDO NUEVO LIBERALISMO,00002,JOSE VICENTE CORONADO NASAYO,26
2023,CONCEJO,41483,NÁTAGA,00019,PARTIDO NUEVO LIBERALISMO,00004,CAMILO ANDRES CUCHUMBE CORONADO,2
2023,CONCEJO,41483,NÁTAGA,00019,PARTIDO NUEVO LIBERALISMO,00005,ELISABETH ARIAS ZUÑIGA,2
2023,CONCEJO,41503,OPORAPA,00000,,00996,VOTOS EN BLANCO,100
2023,CONCEJO,41503,OPORAPA,00000,,00997,VOTOS NULOS,79
2023,CONCEJO,41503,OPORAPA,00000,,00998,VOTOS NO MARCADOS,233
2023,CONCEJO,41503,OPORAPA,00001,PARTIDO LIBERAL COLOMBIANO,00000,PARTIDO LIBERAL COLOMBIANO,15
2023,CONCEJO,41503,OPORAPA,00001,PARTIDO LIBERAL COLOMBIANO,00001,PABLO EMILIO SIERRA ROJAS,122
2023,CONCEJO,41503,OPORAPA,00001,PARTIDO LIBERAL COLOMBIANO,00002,DIDIER ROJAS ULE,95
2023,CONCEJO,41503,OPORAPA,00001,PARTIDO LIBERAL COLOMBIANO,00003,BERNARDA AULLON TRUJILLO,49
2023,CONCEJO,41503,OPORAPA,00001,PARTIDO LIBERAL COLOMBIANO,00004,MARTHA JUDITH MENDIETA PAEZ,33
2023,CONCEJO,41503,OPORAPA,00001,PARTIDO LIBERAL COLOMBIANO,00005,JUAN CARLOS CHAVARRO MANQUILLO,71
2023,CONCEJO,41503,OPORAPA,00001,PARTIDO LIBERAL COLOMBIANO,00006,ROBINSON PEÑA MOLINA,108
2023,CONCEJO,41503,OPORAPA,00001,PARTIDO LIBERAL COLOMBIANO,00007,WILLIAMS ROJAS OME,167
2023,CONCEJO,41503,OPORAPA,00001,PARTIDO LIBERAL COLOMBIANO,00008,MARIA GRISELDA ALDANA TRUJILLO,10
2023,CONCEJO,41503,OPORAPA,00001,PARTIDO LIBERAL COLOMBIANO,00009,GEIDY PAOLA LOZANO CRUZ,6
2023,CONCEJO,41503,OPORAPA,00001,PARTIDO LIBERAL COLOMBIANO,00010,ANA ROSA OVALLE CRUZ,2
2023,CONCEJO,41503,OPORAPA,00001,PARTIDO LIBERAL COLOMBIANO,00011,ERSAID MOLINA ROJAS,62
2023,CONCEJO,41503,OPORAPA,00002,PARTIDO CONSERVADOR COLOMBIANO,00000,PARTIDO CONSERVADOR COLOMBIANO,28
2023,CONCEJO,41503,OPORAPA,00002,PARTIDO CONSERVADOR COLOMBIANO,00001,HECTOR CUELLAR ROJAS,143
2023,CONCEJO,41503,OPORAPA,00002,PARTIDO CONSERVADOR COLOMBIANO,00002,MARIA OBEIRA ROJAS SILVA,280
2023,CONCEJO,41503,OPORAPA,00002,PARTIDO CONSERVADOR COLOMBIANO,00003,DEINER MARIN ULE CHAVARRO,240
2023,CONCEJO,41503,OPORAPA,00002,PARTIDO CONSERVADOR COLOMBIANO,00004,FRANSORIS MUÑOZ LOSADA,129
2023,CONCEJO,41503,OPORAPA,00002,PARTIDO CONSERVADOR COLOMBIANO,00005,FABIAN CALDERON CUSPIAN,90
2023,CONCEJO,41503,OPORAPA,00002,PARTIDO CONSERVADOR COLOMBIANO,00006,HEISSY JOHANA PENNA QUINTERO,49
2023,CONCEJO,41503,OPORAPA,00002,PARTIDO CONSERVADOR COLOMBIANO,00007,SEGUNDO DANIEL LATORRE GOMEZ,78
2023,CONCEJO,41503,OPORAPA,00002,PARTIDO CONSERVADOR COLOMBIANO,00008,JOSE EYVAR CABRERA MOTTA,24
2023,CONCEJO,41503,OPORAPA,00002,PARTIDO CONSERVADOR COLOMBIANO,00009,GUSTAVO TRUJILLO TRUJILLO,176
2023,CONCEJO,41503,OPORAPA,00002,PARTIDO CONSERVADOR COLOMBIANO,00010,STEVEN ADRIAN CORDOBA OBANDO,75
2023,CONCEJO,41503,OPORAPA,00003,PARTIDO CAMBIO RADICAL,00000,PARTIDO CAMBIO RADICAL,13
2023,CONCEJO,41503,OPORAPA,00003,PARTIDO CAMBIO RADICAL,00001,MARIA ARGENIS TORRES VARGAS,49
2023,CONCEJO,41503,OPORAPA,00003,PARTIDO CAMBIO RADICAL,00002,WILLIAN FERNANDO JOAQUI CLAROS,148
2023,CONCEJO,41503,OPORAPA,00003,PARTIDO CAMBIO RADICAL,00003,MARTHA MIREYA CHIMONJA LOSADA,32
2023,CONCEJO,41503,OPORAPA,00003,PARTIDO CAMBIO RADICAL,00004,JOSE DILVER CUELLAR ALVAREZ,144
2023,CONCEJO,41503,OPORAPA,00003,PARTIDO CAMBIO RADICAL,00005,YAMILED NUÑEZ PIMENTEL,88
2023,CONCEJO,41503,OPORAPA,00003,PARTIDO CAMBIO RADICAL,00006,NICOLAS LOSADA CUELLAR,115
2023,CONCEJO,41503,OPORAPA,00003,PARTIDO CAMBIO RADICAL,00007,ARBBEY TRUJILLO JIMENEZ,232
2023,CONCEJO,41503,OPORAPA,00003,PARTIDO CAMBIO RADICAL,00008,ANGELICA MARIA MOSQUERA,52
2023,CONCEJO,41503,OPORAPA,00003,PARTIDO CAMBIO RADICAL,00009,JESUS ANTONIO ANTURY HOYOS,117
2023,CONCEJO,41503,OPORAPA,00003,PARTIDO CAMBIO RADICAL,00010,HECTOR FERNANDO GARCIA TORRES,35
2023,CONCEJO,41503,OPORAPA,00003,PARTIDO CAMBIO RADICAL,00011,ABELARDO VALENZUELA CABRERA,159
2023,CONCEJO,41503,OPORAPA,00004,PARTIDO ALIANZA VERDE,00000,PARTIDO ALIANZA VERDE,20
2023,CONCEJO,41503,OPORAPA,00004,PARTIDO ALIANZA VERDE,00001,ALESANDER SALAZAR CHAVARRO,7
2023,CONCEJO,41503,OPORAPA,00004,PARTIDO ALIANZA VERDE,00002,BENEDICTO VALENZUELA MOLINA,146
2023,CONCEJO,41503,OPORAPA,00004,PARTIDO ALIANZA VERDE,00003,EIMAR CUELLAR PEÑA,109
2023,CONCEJO,41503,OPORAPA,00004,PARTIDO ALIANZA VERDE,00004,JANDERSON ARMANDO MOLINA ROJAS,133
2023,CONCEJO,41503,OPORAPA,00004,PARTIDO ALIANZA VERDE,00005,YONIBER VARGAS MAZABEL,136
2023,CONCEJO,41503,OPORAPA,00004,PARTIDO ALIANZA VERDE,00006,FABIO NELSON CHAVARRO CARVAJAL,135
2023,CONCEJO,41503,OPORAPA,00004,PARTIDO ALIANZA VERDE,00007,WILLIAM TRUJILLO TORRES,162
2023,CONCEJO,41503,OPORAPA,00004,PARTIDO ALIANZA VERDE,00008,JHEIMY LORENA FLOREZ TOLEDO,22
2023,CONCEJO,41503,OPORAPA,00004,PARTIDO ALIANZA VERDE,00009,PAOLA ANDREA LASSO REALPE,11
2023,CONCEJO,41503,OPORAPA,00004,PARTIDO ALIANZA VERDE,00010,DIANA ANDREA MOSQUERA JARA,43
2023,CONCEJO,41503,OPORAPA,00005,"MOVIMIENTO AUTORIDADES INDÍGENAS DE COLOMBIA ""AICO""",00000,"MOVIMIENTO AUTORIDADES INDÍGENAS DE COLOMBIA ""AICO """,9
2023,CONCEJO,41503,OPORAPA,00005,"MOVIMIENTO AUTORIDADES INDÍGENAS DE COLOMBIA ""AICO""",00001,GILDARDO TRUJILLO SANCHEZ,104
2023,CONCEJO,41503,OPORAPA,00005,"MOVIMIENTO AUTORIDADES INDÍGENAS DE COLOMBIA ""AICO""",00002,LIBER YECENIA SALAMANCA,53
2023,CONCEJO,41503,OPORAPA,00005,"MOVIMIENTO AUTORIDADES INDÍGENAS DE COLOMBIA ""AICO""",00003,EMIR MONTES VARGAS,94
2023,CONCEJO,41503,OPORAPA,00005,"MOVIMIENTO AUTORIDADES INDÍGENAS DE COLOMBIA ""AICO""",00004,ROSMERY MENDIETA PAEZ,121
2023,CONCEJO,41503,OPORAPA,00005,"MOVIMIENTO AUTORIDADES INDÍGENAS DE COLOMBIA ""AICO""",00005,MAURICIO CHAUX SUAREZ,158
2023,CONCEJO,41503,OPORAPA,00005,"MOVIMIENTO AUTORIDADES INDÍGENAS DE COLOMBIA ""AICO""",00006,NEGY ALMARIO VALENCIANO,10
2023,CONCEJO,41503,OPORAPA,00005,"MOVIMIENTO AUTORIDADES INDÍGENAS DE COLOMBIA ""AICO""",00007,ROGER CHAVARRO ROJAS,100
2023,CONCEJO,41503,OPORAPA,00005,"MOVIMIENTO AUTORIDADES INDÍGENAS DE COLOMBIA ""AICO""",00008,CHRISTOPHER STIVEN TRUJILLO LOZANO,14
2023,CONCEJO,41503,OPORAPA,00005,"MOVIMIENTO AUTORIDADES INDÍGENAS DE COLOMBIA ""AICO""",00009,GUSTAVO HERNANDEZ STERLING,43
2023,CONCEJO,41503,OPORAPA,00005,"MOVIMIENTO AUTORIDADES INDÍGENAS DE COLOMBIA ""AICO""",00010,MAURICIO CHAVARRO STERLING,98
2023,CONCEJO,41503,OPORAPA,00008,PARTIDO DE LA UNIÓN POR LA GENTE - PARTIDO DE LA U,00000,PARTIDO DE LA UNIÓN POR LA GENTE - PARTIDO DE LA U,4
2023,CONCEJO,41503,OPORAPA,00008,PARTIDO DE LA UNIÓN POR LA GENTE - PARTIDO DE LA U,00001,VICTOR ALFONSO CUELLAR ARTUNDUAGA,14
2023,CONCEJO,41503,OPORAPA,00008,PARTIDO DE LA UNIÓN POR LA GENTE - PARTIDO DE LA U,00002,CAROLINA CABRERA NARANJO,14
2023,CONCEJO,41503,OPORAPA,00008,PARTIDO DE LA UNIÓN POR LA GENTE - PARTIDO DE LA U,00003,JAIR LOPEZ CHAVARRO,2
2023,CONCEJO,41503,OPORAPA,00011,PARTIDO CENTRO DEMOCRÁTICO,00000,PARTIDO CENTRO DEMOCRÁTICO,27
2023,CONCEJO,41503,OPORAPA,00011,PARTIDO CENTRO DEMOCRÁTICO,00001,JELO MUÑOZ MAZABEL,289
2023,CONCEJO,41503,OPORAPA,00011,PARTIDO CENTRO DEMOCRÁTICO,00002,YUBERNEY CHALITAS VARGAS,12
2023,CONCEJO,41503,OPORAPA,00011,PARTIDO CENTRO DEMOCRÁTICO,00003,YUVELY CRUZ LOZANO,1
2023,CONCEJO,41503,OPORAPA,00011,PARTIDO CENTRO DEMOCRÁTICO,00004,SANTIAGO ORDOÑEZ NORIEGA,103
2023,CONCEJO,41503,OPORAPA,00011,PARTIDO CENTRO DEMOCRÁTICO,00005,ANDRY YISED CUELLAR SANTOS,5
2023,CONCEJO,41503,OPORAPA,00011,PARTIDO CENTRO DEMOCRÁTICO,00006,YONI MENESES MALES,28
2023,CONCEJO,41503,OPORAPA,00011,PARTIDO CENTRO DEMOCRÁTICO,00007,ADRIAN MUÑOZ VELASCO,206
2023,CONCEJO,41503,OPORAPA,00011,PARTIDO CENTRO DEMOCRÁTICO,00008,MARITZA CRISTINA ANAYA VALDERRAMA,1
2023,CONCEJO,41503,OPORAPA,00011,PARTIDO CENTRO DEMOCRÁTICO,00009,ELIZABETH CHAUX CASTRO,113
2023,CONCEJO,41503,OPORAPA,00011,PARTIDO CENTRO DEMOCRÁTICO,00011,DINAS LEY DIAS CHAVARRO,7
2023,CONCEJO,41503,OPORAPA,00016,MOVIMIENTO ALIANZA DEMOCRÁTICA AMPLIA - Res. 2049 de 2021,00000,MOVIMIENTO ALIANZA DEMOCRÁTICA AMPLIA,4
2023,CONCEJO,41503,OPORAPA,00016,MOVIMIENTO ALIANZA DEMOCRÁTICA AMPLIA - Res. 2049 de 2021,00001,DANIELA VALENZUELA ROJAS,6
2023,CONCEJO,41503,OPORAPA,00016,MOVIMIENTO ALIANZA DEMOCRÁTICA AMPLIA - Res. 2049 de 2021,00002,YANILSO ROJAS STERLING,102
2023,CONCEJO,41503,OPORAPA,00016,MOVIMIENTO ALIANZA DEMOCRÁTICA AMPLIA - Res. 2049 de 2021,00003,YENIFER ALEXANDRA MEDINA CHAVARRO,15
2023,CONCEJO,41503,OPORAPA,00016,MOVIMIENTO ALIANZA DEMOCRÁTICA AMPLIA - Res. 2049 de 2021,00004,JOSE DEIMAR TORRES VALENCIANO,18
2023,CONCEJO,41503,OPORAPA,00016,MOVIMIENTO ALIANZA DEMOCRÁTICA AMPLIA - Res. 2049 de 2021,00005,YONATAN DUVAN PEÑA VARGAS,24
2023,CONCEJO,41503,OPORAPA,00016,MOVIMIENTO ALIANZA DEMOCRÁTICA AMPLIA - Res. 2049 de 2021,00006,ESMERALDA TRUJILLO AGUDELO,4
2023,CONCEJO,41503,OPORAPA,00016,MOVIMIENTO ALIANZA DEMOCRÁTICA AMPLIA - Res. 2049 de 2021,00007,OLGA LUCIA CHAVARRO NORIEGA,1
2023,CONCEJO,41503,OPORAPA,00016,MOVIMIENTO ALIANZA DEMOCRÁTICA AMPLIA - Res. 2049 de 2021,00008,VIVIANA ERNESTINA MONTES CHAVARRO,6
2023,CONCEJO,41503,OPORAPA,00020,MOVIMIENTO SALVACIÓN NACIONAL,00000,MOVIMIENTO  SALVACIÓN NACIONAL,3
2023,CONCEJO,41503,OPORAPA,00020,MOVIMIENTO SALVACIÓN NACIONAL,00001,RAFAEL ANTONIO SANCHEZ IQUIRA,63
2023,CONCEJO,41503,OPORAPA,00020,MOVIMIENTO SALVACIÓN NACIONAL,00002,MICHAEL DIAZ SALAS,55
2023,CONCEJO,41503,OPORAPA,00020,MOVIMIENTO SALVACIÓN NACIONAL,00003,FAIVER ROJAS ROJAS,91
2023,CONCEJO,41503,OPORAPA,00020,MOVIMIENTO SALVACIÓN NACIONAL,00004,EDGAR CRUZ CERON,30
2023,CONCEJO,41503,OPORAPA,00020,MOVIMIENTO SALVACIÓN NACIONAL,00005,MARIA ALEJANDRA TRUJILLO DIAZ,3
2023,CONCEJO,41503,OPORAPA,00020,MOVIMIENTO SALVACIÓN NACIONAL,00006,GLORIA ENID MAZABEL ROJAS,6
2023,CONCEJO,41503,OPORAPA,00037,MOVIMIENTO POLITICO FUERZA CIUDADANA,00001,MAYERLY SILVA QUINTERO,11
2023,CONCEJO,41503,OPORAPA,00037,MOVIMIENTO POLITICO FUERZA CIUDADANA,00002,DIONGER STERLING PEREZ,12
2023,CONCEJO,41503,OPORAPA,00037,MOVIMIENTO POLITICO FUERZA CIUDADANA,00003,HECTOR ANDRES LOZADA CHABARRO,8
2023,CONCEJO,41503,OPORAPA,00037,MOVIMIENTO POLITICO FUERZA CIUDADANA,00004,LIZETH VANESA GARZON MOTTA,10
2023,CONCEJO,41503,OPORAPA,00037,MOVIMIENTO POLITICO FUERZA CIUDADANA,00005,LEONARDO SCARPETTA CHAVARRO,15
2023,CONCEJO,41503,OPORAPA,00037,MOVIMIENTO POLITICO FUERZA CIUDADANA,00006,EDILSON ORTIZ TRUJILLO,5
2023,CONCEJO,41503,OPORAPA,00037,MOVIMIENTO POLITICO FUERZA CIUDADANA,00007,YURANY CLAROS PEÑUELA,9
2023,CONCEJO,41518,PAICOL,00000,,00996,VOTOS EN BLANCO,68
2023,CONCEJO,41518,PAICOL,00000,,00997,VOTOS NULOS,50
2023,CONCEJO,41518,PAICOL,00000,,00998,VOTOS NO MARCADOS,101
2023,CONCEJO,41518,PAICOL,00001,PARTIDO LIBERAL COLOMBIANO,00000,PARTIDO LIBERAL COLOMBIANO,14
2023,CONCEJO,41518,PAICOL,00001,PARTIDO LIBERAL COLOMBIANO,00001,LEONEL VARGAS VALENCIA,257
2023,CONCEJO,41518,PAICOL,00001,PARTIDO LIBERAL COLOMBIANO,00002,MARBY PAOLA ULTENGO,17
2023,CONCEJO,41518,PAICOL,00001,PARTIDO LIBERAL COLOMBIANO,00003,NAYDI DANIELA CAMAYO CAMACHO,23
2023,CONCEJO,41518,PAICOL,00001,PARTIDO LIBERAL COLOMBIANO,00005,ANDRES FELIPE MAFLA CAMERO,150
2023,CONCEJO,41518,PAICOL,00001,PARTIDO LIBERAL COLOMBIANO,00007,CRISTIAN RICARDO BOJORGE CANO,2
2023,CONCEJO,41518,PAICOL,00001,PARTIDO LIBERAL COLOMBIANO,00009,GERMAN CERQUERA OLAYA,59
2023,CONCEJO,41518,PAICOL,00002,PARTIDO CONSERVADOR COLOMBIANO,00000,PARTIDO CONSERVADOR COLOMBIANO,11
2023,CONCEJO,41518,PAICOL,00002,PARTIDO CONSERVADOR COLOMBIANO,00001,JAIME VARGAS SILVA,194
2023,CONCEJO,41518,PAICOL,00002,PARTIDO CONSERVADOR COLOMBIANO,00002,DANIELA MENDEZ LIZCANO,15
2023,CONCEJO,41518,PAICOL,00002,PARTIDO CONSERVADOR COLOMBIANO,00003,HECTOR PEDROSA ALVARADO,134
2023,CONCEJO,41518,PAICOL,00002,PARTIDO CONSERVADOR COLOMBIANO,00004,MARIA EUGENIA FERNANDEZ TAMARA,6
2023,CONCEJO,41518,PAICOL,00002,PARTIDO CONSERVADOR COLOMBIANO,00005,KELY JHOJANA CUBILLOS PERDOMO,7
2023,CONCEJO,41518,PAICOL,00002,PARTIDO CONSERVADOR COLOMBIANO,00006,JAIR BORRERO PEDROZA,46
2023,CONCEJO,41518,PAICOL,00002,PARTIDO CONSERVADOR COLOMBIANO,00008,JAIVER BARRERA MORA,53
2023,CONCEJO,41518,PAICOL,00003,PARTIDO CAMBIO RADICAL,00000,PARTIDO CAMBIO RADICAL,12
2023,CONCEJO,41518,PAICOL,00003,PARTIDO CAMBIO RADICAL,00001,ROSA CEDEÑO CHANTRE,187
2023,CONCEJO,41518,PAICOL,00003,PARTIDO CAMBIO RADICAL,00002,JUAN CAMILO MONJE CRUZ,255
2023,CONCEJO,41518,PAICOL,00003,PARTIDO CAMBIO RADICAL,00003,CARLOS JULIO BARRERA ASTUDILLO,43
2023,CONCEJO,41518,PAICOL,00003,PARTIDO CAMBIO RADICAL,00004,SILVIA MILENA TELLO LEDESMA,13
2023,CONCEJO,41518,PAICOL,00003,PARTIDO CAMBIO RADICAL,00005,JESUS ALBERTO TIERRADENTRO ZUÑIGA,14
2023,CONCEJO,41518,PAICOL,00003,PARTIDO CAMBIO RADICAL,00006,ALBERTO ALVARADO MORALES,42
2023,CONCEJO,41518,PAICOL,00003,PARTIDO CAMBIO RADICAL,00007,HERMELINDA OTALORA QUIMBAYA,12
2023,CONCEJO,41518,PAICOL,00003,PARTIDO CAMBIO RADICAL,00008,CARLOS JULIO OVIEDO CAMACHO,53
2023,CONCEJO,41518,PAICOL,00003,PARTIDO CAMBIO RADICAL,00009,HERMES FARITH CABRERA BAUTISTA,86
2023,CONCEJO,41518,PAICOL,00004,PARTIDO ALIANZA VERDE,00000,PARTIDO ALIANZA VERDE,12
2023,CONCEJO,41518,PAICOL,00004,PARTIDO ALIANZA VERDE,00001,JAVIER ROJAS CERQUERA,66
2023,CONCEJO,41518,PAICOL,00004,PARTIDO ALIANZA VERDE,00002,EDWARD RIOS NAVEROS,38
2023,CONCEJO,41518,PAICOL,00004,PARTIDO ALIANZA VERDE,00003,LEIDY YURANY CHAVARRO ARDILA,26
2023,CONCEJO,41518,PAICOL,00004,PARTIDO ALIANZA VERDE,00004,DIEGO FERNANDO CABRERA QUIMBAYA,86
2023,CONCEJO,41518,PAICOL,00004,PARTIDO ALIANZA VERDE,00005,EDWIN JAIR RAMIREZ LISCANO,272
2023,CONCEJO,41518,PAICOL,00004,PARTIDO ALIANZA VERDE,00006,LEIDY PATRICIA SANCHEZ PATIÑO,20
2023,CONCEJO,41518,PAICOL,00004,PARTIDO ALIANZA VERDE,00007,DANIEL AUGUSTO ROJAS ARGUELLO,120
2023,CONCEJO,41518,PAICOL,00004,PARTIDO ALIANZA VERDE,00008,KAREN YENCY PINEDO AVENDAÑO,5
2023,CONCEJO,41518,PAICOL,00006,"PARTIDO ALIANZA SOCIAL INDEPENDIENTE ""ASI""",00000,"PARTIDO ALIANZA SOCIAL INDEPENDIENTE ""ASI""",6
2023,CONCEJO,41518,PAICOL,00006,"PARTIDO ALIANZA SOCIAL INDEPENDIENTE ""ASI""",00001,JEFFERSON ANDRES ARIAS VERU,68
2023,CONCEJO,41518,PAICOL,00006,"PARTIDO ALIANZA SOCIAL INDEPENDIENTE ""ASI""",00002,FELICIANO ALBERTO HERNANDEZ LOPEZ,203
2023,CONCEJO,41518,PAICOL,00006,"PARTIDO ALIANZA SOCIAL INDEPENDIENTE ""ASI""",00003,WILLIAM BETANCOURT CUCHIMBA,58
2023,CONCEJO,41518,PAICOL,00006,"PARTIDO ALIANZA SOCIAL INDEPENDIENTE ""ASI""",00004,FABIO CABRERA SARRIAS,116
2023,CONCEJO,41518,PAICOL,00006,"PARTIDO ALIANZA SOCIAL INDEPENDIENTE ""ASI""",00005,JESSICA MACIHELL CADENA TORRES,64
2023,CONCEJO,41518,PAICOL,00006,"PARTIDO ALIANZA SOCIAL INDEPENDIENTE ""ASI""",00006,GERMAN ALBERTO PERDOMO CUELLAR,97
2023,CONCEJO,41518,PAICOL,00006,"PARTIDO ALIANZA SOCIAL INDEPENDIENTE ""ASI""",00007,YIRLEDY MAÑOSCA ALMARIO,5
2023,CONCEJO,41518,PAICOL,00006,"PARTIDO ALIANZA SOCIAL INDEPENDIENTE ""ASI""",00009,JUAN ERNESTO ILLERA CAMERO,22
2023,CONCEJO,41518,PAICOL,00011,PARTIDO CENTRO DEMOCRÁTICO,00000,PARTIDO CENTRO DEMOCRÁTICO,7
2023,CONCEJO,41518,PAICOL,00011,PARTIDO CENTRO DEMOCRÁTICO,00001,CAMILO POLANCO CADENA,148
2023,CONCEJO,41518,PAICOL,00011,PARTIDO CENTRO DEMOCRÁTICO,00002,DANIEL FERNANDO MOÑOSCA CAMERO,104
2023,CONCEJO,41518,PAICOL,00011,PARTIDO CENTRO DEMOCRÁTICO,00003,ANA DE  JESUS CHAUX JOVEN,26
2023,CONCEJO,41518,PAICOL,00011,PARTIDO CENTRO DEMOCRÁTICO,00004,ALBERTO FERNANDEZ SANCHEZ,25
2023,CONCEJO,41518,PAICOL,00011,PARTIDO CENTRO DEMOCRÁTICO,00005,MAIDE BAUTISTA PERDOMO,4
2023,CONCEJO,41518,PAICOL,00011,PARTIDO CENTRO DEMOCRÁTICO,00006,FAIVER VARGAS CANO,20
2023,CONCEJO,41518,PAICOL,00011,PARTIDO CENTRO DEMOCRÁTICO,00007,DORA CECILIA MENZA MORA,6
2023,CONCEJO,41518,PAICOL,00011,PARTIDO CENTRO DEMOCRÁTICO,00008,DURLYM FARYDE TORRES JIMENEZ,8
2023,CONCEJO,41518,PAICOL,00011,PARTIDO CENTRO DEMOCRÁTICO,00009,JORGE ELICERIO ROJAS TORRES,72
2023,CONCEJO,41518,PAICOL,00028,AGRUPACIÓN POLÍTICA EN MARCHA,00000,AGRUPACIÓN POLÍTICA EN MARCHA,2
2023,CONCEJO,41518,PAICOL,00028,AGRUPACIÓN POLÍTICA EN MARCHA,00001,ANGELICA ARMERO URRIAGO,61
2023,CONCEJO,41518,PAICOL,00028,AGRUPACIÓN POLÍTICA EN MARCHA,00002,SAUBLO ANDRES SON CUENCA,99
2023,CONCEJO,41518,PAICOL,00028,AGRUPACIÓN POLÍTICA EN MARCHA,00003,ANA VIOLETH POBRE ROJAS,17
2023,CONCEJO,41518,PAICOL,00028,AGRUPACIÓN POLÍTICA EN MARCHA,00004,VICTOR ALFONSO GUEVARA SAPUYES,1
2023,CONCEJO,41518,PAICOL,00028,AGRUPACIÓN POLÍTICA EN MARCHA,00005,JOSE ANTONIO PIEDRA PASTUSO,35
2023,CONCEJO,41518,PAICOL,00028,AGRUPACIÓN POLÍTICA EN MARCHA,00006,YILVER ALEXIS RIOS JARA,71
2023,CONCEJO,41518,PAICOL,00028,AGRUPACIÓN POLÍTICA EN MARCHA,00008,VALENTINA TOVAR CABRERA,1
2023,CONCEJO,41518,PAICOL,00036,PARTIDO POLÍTICO GENTE EN MOVIMIENTO,00000,PARTIDO POLÍTICO GENTE EN MOVIMIENTO,2
2023,CONCEJO,41518,PAICOL,00036,PARTIDO POLÍTICO GENTE EN MOVIMIENTO,00001,ANA BELEN CADENA CUELLAR,83
2023,CONCEJO,41518,PAICOL,00036,PARTIDO POLÍTICO GENTE EN MOVIMIENTO,00002,CAMPO ELIAS ALMARIO PERDOMO,102
2023,CONCEJO,41518,PAICOL,00036,PARTIDO POLÍTICO GENTE EN MOVIMIENTO,00003,ANDRES FELIPE QUIMBAYA VARGAS,38
2023,CONCEJO,41518,PAICOL,00036,PARTIDO POLÍTICO GENTE EN MOVIMIENTO,00004,GERMAN ILLERA CAMERO,10
2023,CONCEJO,41518,PAICOL,00036,PARTIDO POLÍTICO GENTE EN MOVIMIENTO,00005,PATRICIA MOSQUERA ALVARADO,4
2023,CONCEJO,41518,PAICOL,00036,PARTIDO POLÍTICO GENTE EN MOVIMIENTO,00006,MELISSA ALEXANDRA POBRE PERALTA,4
2023,CONCEJO,41524,PALERMO,00000,,00996,VOTOS EN BLANCO,558
2023,CONCEJO,41524,PALERMO,00000,,00997,VOTOS NULOS,395
2023,CONCEJO,41524,PALERMO,00000,,00998,VOTOS NO MARCADOS,622
2023,CONCEJO,41524,PALERMO,00001,PARTIDO LIBERAL COLOMBIANO,00000,PARTIDO LIBERAL COLOMBIANO,87
2023,CONCEJO,41524,PALERMO,00001,PARTIDO LIBERAL COLOMBIANO,00001,YON JAIBER GONZALEZ,1139
2023,CONCEJO,41524,PALERMO,00001,PARTIDO LIBERAL COLOMBIANO,00002,YONY EMILIAN CAMACHO BECERRA,287
2023,CONCEJO,41524,PALERMO,00001,PARTIDO LIBERAL COLOMBIANO,00003,TEODULO SAENZ,76
2023,CONCEJO,41524,PALERMO,00001,PARTIDO LIBERAL COLOMBIANO,00004,MERCEDES TOVAR VARGAS,10
2023,CONCEJO,41524,PALERMO,00001,PARTIDO LIBERAL COLOMBIANO,00005,ALADIER VARGAS CHALA,435
2023,CONCEJO,41524,PALERMO,00001,PARTIDO LIBERAL COLOMBIANO,00006,VIVIANA LEIVA ALDANA,18
2023,CONCEJO,41524,PALERMO,00001,PARTIDO LIBERAL COLOMBIANO,00007,EDNA ROCIO LAVAO FIERRO,112
2023,CONCEJO,41524,PALERMO,00001,PARTIDO LIBERAL COLOMBIANO,00008,SANTIAGO CUERVO RODRIGUEZ,18
2023,CONCEJO,41524,PALERMO,00001,PARTIDO LIBERAL COLOMBIANO,00009,CRISTIAN EMIRO SUAREZ GARCIA,33
2023,CONCEJO,41524,PALERMO,00001,PARTIDO LIBERAL COLOMBIANO,00010,ESNEIDER PERDOMO BUITRAGO,646
2023,CONCEJO,41524,PALERMO,00001,PARTIDO LIBERAL COLOMBIANO,00011,YUDY MAVEL MENDEZ GUTIERREZ,243
2023,CONCEJO,41524,PALERMO,00002,PARTIDO CONSERVADOR COLOMBIANO,00000,PARTIDO CONSERVADOR COLOMBIANO,53
2023,CONCEJO,41524,PALERMO,00002,PARTIDO CONSERVADOR COLOMBIANO,00001,ANA ERLEY COLLAZOS ALARCON,316
2023,CONCEJO,41524,PALERMO,00002,PARTIDO CONSERVADOR COLOMBIANO,00002,ALEJANDRO GOMEZ MONTENEGRO,233
2023,CONCEJO,41524,PALERMO,00002,PARTIDO CONSERVADOR COLOMBIANO,00003,YASMINE COLLAZOS GARCIA,158
2023,CONCEJO,41524,PALERMO,00002,PARTIDO CONSERVADOR COLOMBIANO,00004,YINA PAOLA SUAREZ LOSADA,52
2023,CONCEJO,41524,PALERMO,00002,PARTIDO CONSERVADOR COLOMBIANO,00005,FRANCISCO MOYANO SILVA,171
2023,CONCEJO,41524,PALERMO,00002,PARTIDO CONSERVADOR COLOMBIANO,00006,JENNIFFER TRUJILLO GARCIA,19
2023,CONCEJO,41524,PALERMO,00002,PARTIDO CONSERVADOR COLOMBIANO,00007,NELVIS ROCIO OSPINO CALANCHE,29
2023,CONCEJO,41524,PALERMO,00002,PARTIDO CONSERVADOR COLOMBIANO,00008,FRANCISCO QUIMBAYA SALINAS,19
2023,CONCEJO,41524,PALERMO,00002,PARTIDO CONSERVADOR COLOMBIANO,00009,SANDRA YANETH CUMBE PEÑA,21
2023,CONCEJO,41524,PALERMO,00002,PARTIDO CONSERVADOR COLOMBIANO,00010,PATRICIA FIERRO PEREZ,22
2023,CONCEJO,41524,PALERMO,00002,PARTIDO CONSERVADOR COLOMBIANO,00011,YORMARY OLAYA MONTANO,19
2023,CONCEJO,41524,PALERMO,00002,PARTIDO CONSERVADOR COLOMBIANO,00012,DIANA MARCELA GONZALEZ SANCHEZ,12
2023,CONCEJO,41524,PALERMO,00002,PARTIDO CONSERVADOR COLOMBIANO,00013,OLIVO CASTAÑEDA VARGAS,130
2023,CONCEJO,41524,PALERMO,00003,PARTIDO CAMBIO RADICAL,00000,PARTIDO CAMBIO RADICAL,39
2023,CONCEJO,41524,PALERMO,00003,PARTIDO CAMBIO RADICAL,00001,ADRIANA MARLEN OSORIO ROJAS,248
2023,CONCEJO,41524,PALERMO,00003,PARTIDO CAMBIO RADICAL,00002,YOBANY RUIZ CHILITO,11
2023,CONCEJO,41524,PALERMO,00003,PARTIDO CAMBIO RADICAL,00003,MARGOTH ARTUNDUAGA MARTINEZ,21
2023,CONCEJO,41524,PALERMO,00003,PARTIDO CAMBIO RADICAL,00004,YERIX ANTONIO TRUJILLO ARTUNDUAGA,15
2023,CONCEJO,41524,PALERMO,00003,PARTIDO CAMBIO RADICAL,00005,ANYI HEIDI ROJAS TRUJILLO,19
2023,CONCEJO,41524,PALERMO,00003,PARTIDO CAMBIO RADICAL,00006,JORGE RODRIGO SILVA DIAZ,11
2023,CONCEJO,41524,PALERMO,00003,PARTIDO CAMBIO RADICAL,00007,WILSON RENE VARGAS ARDILA,15
2023,CONCEJO,41524,PALERMO,00003,PARTIDO CAMBIO RADICAL,00008,ROSABEL CAVIEDES CORDOBA,3
2023,CONCEJO,41524,PALERMO,00003,PARTIDO CAMBIO RADICAL,00009,BENJAMIN GUTIERREZ ROJAS,34
2023,CONCEJO,41524,PALERMO,00003,PARTIDO CAMBIO RADICAL,00010,ELISA PEREZ IPUZ,10
2023,CONCEJO,41524,PALERMO,00003,PARTIDO CAMBIO RADICAL,00011,YESID LOZANO GARZON,68
2023,CONCEJO,41524,PALERMO,00003,PARTIDO CAMBIO RADICAL,00012,LINA MERCEDES MOSQUERA ORTIZ,3
2023,CONCEJO,41524,PALERMO,00004,PARTIDO ALIANZA VERDE,00000,PARTIDO ALIANZA VERDE,72
2023,CONCEJO,41524,PALERMO,00004,PARTIDO ALIANZA VERDE,00001,JOSE YOVANNY RAMIREZ ORTIZ,221
2023,CONCEJO,41524,PALERMO,00004,PARTIDO ALIANZA VERDE,00002,CRISTIAN MAURICIO SILVA CASTAÑEDA,150
2023,CONCEJO,41524,PALERMO,00004,PARTIDO ALIANZA VERDE,00003,GERARDINA GONZALEZ SOLANO,12
2023,CONCEJO,41524,PALERMO,00004,PARTIDO ALIANZA VERDE,00004,OLMA QUINTERO CLAVIJO,63
2023,CONCEJO,41524,PALERMO,00004,PARTIDO ALIANZA VERDE,00005,JHON MARIO PERDOMO DIAZ,309
2023,CONCEJO,41524,PALERMO,00004,PARTIDO ALIANZA VERDE,00006,EDWIN ORLANDO ORTEGON SILVA,287
2023,CONCEJO,41524,PALERMO,00004,PARTIDO ALIANZA VERDE,00007,JOSE FRANCISCO ALARCON FIERRO,206
2023,CONCEJO,41524,PALERMO,00004,PARTIDO ALIANZA VERDE,00008,ALBER FERNANDO CASTAÑEDA PUENTES,443
2023,CONCEJO,41524,PALERMO,00004,PARTIDO ALIANZA VERDE,00009,GLADYS QUINTERO POLANIA,14
2023,CONCEJO,41524,PALERMO,00004,PARTIDO ALIANZA VERDE,00010,BERLIN MARTINA MORALES MONJE,11
2023,CONCEJO,41524,PALERMO,00004,PARTIDO ALIANZA VERDE,00011,LAURA FIORELLA VALDERRAMA SANCHEZ,20
2023,CONCEJO,41524,PALERMO,00004,PARTIDO ALIANZA VERDE,00012,JOSE ANDRES PERDOMO CASTAÑEDA,23
2023,CONCEJO,41524,PALERMO,00004,PARTIDO ALIANZA VERDE,00013,YEFERSON CEDEÑO ANDRADE,151
2023,CONCEJO,41524,PALERMO,00006,"PARTIDO ALIANZA SOCIAL INDEPENDIENTE ""ASI""",00000,"PARTIDO ALIANZA SOCIAL INDEPENDIENTE ""ASI""",42
2023,CONCEJO,41524,PALERMO,00006,"PARTIDO ALIANZA SOCIAL INDEPENDIENTE ""ASI""",00001,LIDA MILDRED LOZANO SALAZAR,292
2023,CONCEJO,41524,PALERMO,00006,"PARTIDO ALIANZA SOCIAL INDEPENDIENTE ""ASI""",00002,CARLOS AUGUSTO AUDOR RIVERA,188
2023,CONCEJO,41524,PALERMO,00006,"PARTIDO ALIANZA SOCIAL INDEPENDIENTE ""ASI""",00003,MARGOT PASTRANA VARGAS,59
2023,CONCEJO,41524,PALERMO,00006,"PARTIDO ALIANZA SOCIAL INDEPENDIENTE ""ASI""",00004,GERMAN SERRANO DIAZ,70
2023,CONCEJO,41524,PALERMO,00006,"PARTIDO ALIANZA SOCIAL INDEPENDIENTE ""ASI""",00005,CARLOS CICERON RAMIREZ CEDEÑO,54
2023,CONCEJO,41524,PALERMO,00006,"PARTIDO ALIANZA SOCIAL INDEPENDIENTE ""ASI""",00006,ALEXANDER PERDOMO CASTAÑEDA,16
2023,CONCEJO,41524,PALERMO,00006,"PARTIDO ALIANZA SOCIAL INDEPENDIENTE ""ASI""",00008,LEIDY VIVIANA CANACUE,20
2023,CONCEJO,41524,PALERMO,00006,"PARTIDO ALIANZA SOCIAL INDEPENDIENTE ""ASI""",00009,LUIS FERNEY CAMACHO ACOSTA,67
2023,CONCEJO,41524,PALERMO,00006,"PARTIDO ALIANZA SOCIAL INDEPENDIENTE ""ASI""",00010,HENRY MAHECHA VARGAS,39
2023,CONCEJO,41524,PALERMO,00011,PARTIDO CENTRO DEMOCRÁTICO,00000,PARTIDO CENTRO DEMOCRÁTICO,59
2023,CONCEJO,41524,PALERMO,00011,PARTIDO CENTRO DEMOCRÁTICO,00001,EFRAIN PERDOMO CASTAÑEDA,234
2023,CONCEJO,41524,PALERMO,00011,PARTIDO CENTRO DEMOCRÁTICO,00002,ALVARO BUENDIA GARCIA,16
2023,CONCEJO,41524,PALERMO,00011,PARTIDO CENTRO DEMOCRÁTICO,00003,ANA LILIANA COCA RODRIGUEZ,20
2023,CONCEJO,41524,PALERMO,00011,PARTIDO CENTRO DEMOCRÁTICO,00004,ARMANDO SEGUNDO RAFAEL LEMOS GOYES,112
2023,CONCEJO,41524,PALERMO,00011,PARTIDO CENTRO DEMOCRÁTICO,00005,CECILIA RAMIREZ GOMEZ,23
2023,CONCEJO,41524,PALERMO,00011,PARTIDO CENTRO DEMOCRÁTICO,00006,DUVIER ALEXANDER PULIDO CAVIEDES,121
2023,CONCEJO,41524,PALERMO,00011,PARTIDO CENTRO DEMOCRÁTICO,00007,ENRIQUE GALINDO CARREÑO,39
2023,CONCEJO,41524,PALERMO,00011,PARTIDO CENTRO DEMOCRÁTICO,00008,LUZ DARY POLANIA SILVA,76
2023,CONCEJO,41524,PALERMO,00011,PARTIDO CENTRO DEMOCRÁTICO,00009,MARIA DEL SOCORRO TOVAR FIERRO,283
2023,CONCEJO,41524,PALERMO,00011,PARTIDO CENTRO DEMOCRÁTICO,00010,NAIROBY SOLANO CASTAÑEDA,9
2023,CONCEJO,41524,PALERMO,00011,PARTIDO CENTRO DEMOCRÁTICO,00012,DAGOBERTO PLAZAS,20
2023,CONCEJO,41524,PALERMO,00011,PARTIDO CENTRO DEMOCRÁTICO,00013,YUBERLI CAMACHO CADENA,117
2023,CONCEJO,41524,PALERMO,00020,MOVIMIENTO SALVACIÓN NACIONAL,00000,MOVIMIENTO  SALVACIÓN NACIONAL,28
2023,CONCEJO,41524,PALERMO,00020,MOVIMIENTO SALVACIÓN NACIONAL,00001,MIGUEL ANGEL SAENZ LEGUIZAMO,49
2023,CONCEJO,41524,PALERMO,00020,MOVIMIENTO SALVACIÓN NACIONAL,00002,MARIA MOREYIS BERMUDEZ CASTAÑEDA,239
2023,CONCEJO,41524,PALERMO,00020,MOVIMIENTO SALVACIÓN NACIONAL,00003,SANDRA LILIANA MANCHOLA FIERRO,153
2023,CONCEJO,41524,PALERMO,00020,MOVIMIENTO SALVACIÓN NACIONAL,00004,JULIO CESAR MONJE DURAN,29
2023,CONCEJO,41524,PALERMO,00020,MOVIMIENTO SALVACIÓN NACIONAL,00005,VIVIANA DEL PILAR SANCHEZ VARGAS,35
2023,CONCEJO,41524,PALERMO,00020,MOVIMIENTO SALVACIÓN NACIONAL,00006,FRANCISCO JAVIER GONZALEZ SANCHEZ,77
2023,CONCEJO,41524,PALERMO,00020,MOVIMIENTO SALVACIÓN NACIONAL,00007,JUAN DAVID CHINCHILA ROJAS,41
2023,CONCEJO,41524,PALERMO,00020,MOVIMIENTO SALVACIÓN NACIONAL,00008,ERMI OCHOA MOREA,41
2023,CONCEJO,41524,PALERMO,00020,MOVIMIENTO SALVACIÓN NACIONAL,00009,YINA ROSALIA SALAZAR PERDOMO,6
2023,CONCEJO,41524,PALERMO,00020,MOVIMIENTO SALVACIÓN NACIONAL,00010,MIGUEL ALEXIS ORTIZ VARGAS,239
2023,CONCEJO,41524,PALERMO,00020,MOVIMIENTO SALVACIÓN NACIONAL,00011,MARTA ELSI CAMACHO ARCE,5
2023,CONCEJO,41524,PALERMO,00020,MOVIMIENTO SALVACIÓN NACIONAL,00012,MAYERLY VARGAS DUSSAN,18
2023,CONCEJO,41524,PALERMO,00020,MOVIMIENTO SALVACIÓN NACIONAL,00013,EDUARDO MOSQUERA PLAZAS,147
2023,CONCEJO,41524,PALERMO,00021,PARTIDO VERDE OXÍGENO,00000,PARTIDO VERDE OXÍGENO,3
2023,CONCEJO,41524,PALERMO,00021,PARTIDO VERDE OXÍGENO,00001,NIXON POLANIA QUINTERO,16
2023,CONCEJO,41524,PALERMO,00021,PARTIDO VERDE OXÍGENO,00002,DUVIER ALFONSO LOSADA CHINCHILLA,4
2023,CONCEJO,41524,PALERMO,00021,PARTIDO VERDE OXÍGENO,00003,JHON STIVEN MENESES BARREIRO,4
2023,CONCEJO,41524,PALERMO,00021,PARTIDO VERDE OXÍGENO,00004,ANGEL ALBEIRO ALARCON SAENZ,1
2023,CONCEJO,41524,PALERMO,00021,PARTIDO VERDE OXÍGENO,00005,VALENTINA GORDO LEGUIZAMO,3
2023,CONCEJO,41524,PALERMO,00021,PARTIDO VERDE OXÍGENO,00006,MARIA PAULA COTACIO MAHECHA,3
2023,CONCEJO,41524,PALERMO,00021,PARTIDO VERDE OXÍGENO,00007,IVAN ELIAS PERDOMO TRUJILLO,6
2023,CONCEJO,41524,PALERMO,00021,PARTIDO VERDE OXÍGENO,00008,JHON SEBASTIAN YARA ANDRADE,5
2023,CONCEJO,41524,PALERMO,00021,PARTIDO VERDE OXÍGENO,00009,MAIRA ALEJANDRA FIERRO TOVAR,20
2023,CONCEJO,41524,PALERMO,00021,PARTIDO VERDE OXÍGENO,00010,YEIVER ANDRES DELGADO CHALA,4
2023,CONCEJO,41524,PALERMO,00026,PARTIDO POLÍTICO LA FUERZA DE LA PAZ,00000,PARTIDO POLÍTICO LA FUERZA DE LA PAZ,26
2023,CONCEJO,41524,PALERMO,00026,PARTIDO POLÍTICO LA FUERZA DE LA PAZ,00001,ELKIN ENRIQUE ARTUNDUAGA GONZALEZ,139
2023,CONCEJO,41524,PALERMO,00026,PARTIDO POLÍTICO LA FUERZA DE LA PAZ,00002,MARIA JUDITH SALAZAR ROJAS,46
2023,CONCEJO,41524,PALERMO,00026,PARTIDO POLÍTICO LA FUERZA DE LA PAZ,00003,SANDRA MILENA CABALLERO MEDINA,235
2023,CONCEJO,41524,PALERMO,00026,PARTIDO POLÍTICO LA FUERZA DE LA PAZ,00004,JEISON OMID TOVAR,145
2023,CONCEJO,41524,PALERMO,00026,PARTIDO POLÍTICO LA FUERZA DE LA PAZ,00005,FREY ALEXANDER CUELLAR CORTES,115
2023,CONCEJO,41524,PALERMO,00026,PARTIDO POLÍTICO LA FUERZA DE LA PAZ,00006,ELIENE FERNEDY VARGAS CHALA,107
2023,CONCEJO,41524,PALERMO,00026,PARTIDO POLÍTICO LA FUERZA DE LA PAZ,00007,CRISTIAN LEONARDO CRUZ MONJE,52
2023,CONCEJO,41524,PALERMO,00026,PARTIDO POLÍTICO LA FUERZA DE LA PAZ,00008,NEMECIO RUIZ RIVERA,30
2023,CONCEJO,41524,PALERMO,00026,PARTIDO POLÍTICO LA FUERZA DE LA PAZ,00009,EDWIN RUBIANO MARTINEZ,107
2023,CONCEJO,41524,PALERMO,00026,PARTIDO POLÍTICO LA FUERZA DE LA PAZ,00010,ALFONSO PUENTES LOZANO,109
2023,CONCEJO,41524,PALERMO,00026,PARTIDO POLÍTICO LA FUERZA DE LA PAZ,00011,JOSE LUIS ROMERO LEIVA,528
2023,CONCEJO,41524,PALERMO,00026,PARTIDO POLÍTICO LA FUERZA DE LA PAZ,00012,ADRIANA PATRICIA HERNANDEZ GOMEZ,52
2023,CONCEJO,41524,PALERMO,00026,PARTIDO POLÍTICO LA FUERZA DE LA PAZ,00013,YAN CARLOS LAVAO RAMIREZ,212
2023,CONCEJO,41524,PALERMO,00036,PARTIDO POLÍTICO GENTE EN MOVIMIENTO,00000,PARTIDO POLÍTICO GENTE EN MOVIMIENTO,21
2023,CONCEJO,41524,PALERMO,00036,PARTIDO POLÍTICO GENTE EN MOVIMIENTO,00001,CARLOS FERNANDO CHALA MURCIA,181
2023,CONCEJO,41524,PALERMO,00036,PARTIDO POLÍTICO GENTE EN MOVIMIENTO,00002,SALOMON ROJAS VARGAS,99
2023,CONCEJO,41524,PALERMO,00036,PARTIDO POLÍTICO GENTE EN MOVIMIENTO,00003,FABIO NELSON RUIZ CAMARGO,25
2023,CONCEJO,41524,PALERMO,00036,PARTIDO POLÍTICO GENTE EN MOVIMIENTO,00004,ELIZABETH AROCA MEDINA,22
2023,CONCEJO,41524,PALERMO,00036,PARTIDO POLÍTICO GENTE EN MOVIMIENTO,00005,JOSE ANTONIO BOLAÑOS LEIVA,14
2023,CONCEJO,41524,PALERMO,00036,PARTIDO POLÍTICO GENTE EN MOVIMIENTO,00006,LUIS ALEJANDRO POLANCO MOSQUERA,15
2023,CONCEJO,41524,PALERMO,00036,PARTIDO POLÍTICO GENTE EN MOVIMIENTO,00007,MARIA DE JESUS CASTAÑEDA GOMEZ,3
2023,CONCEJO,41524,PALERMO,00036,PARTIDO POLÍTICO GENTE EN MOVIMIENTO,00008,LUIS HELI QUIROGA PEÑA,5
2023,CONCEJO,41524,PALERMO,00036,PARTIDO POLÍTICO GENTE EN MOVIMIENTO,00009,ROSA ANGELA MONSALVE LAMUS,14
2023,CONCEJO,41524,PALERMO,00036,PARTIDO POLÍTICO GENTE EN MOVIMIENTO,00010,LUIS BENJAMIN HERRERA FIERRO,10
2023,CONCEJO,41524,PALERMO,00036,PARTIDO POLÍTICO GENTE EN MOVIMIENTO,00011,MARIA DEL PILAR AGUIRRE,15
2023,CONCEJO,41524,PALERMO,00036,PARTIDO POLÍTICO GENTE EN MOVIMIENTO,00012,JORGE ANDRES MURCIA MUÑOZ,7
2023,CONCEJO,41524,PALERMO,00036,PARTIDO POLÍTICO GENTE EN MOVIMIENTO,00013,PEDRO CASTRO SILVA,8
2023,CONCEJO,41524,PALERMO,06446,COALICION MOVIMIENTO FUERZA CIUDADANA Y PARTIDOPOLÍTICO MIRA,00000,COALICION MOVIMIENTO FUERZA CIUDADANA Y PARTIDOPOL ÍTICO MIRA,30
2023,CONCEJO,41524,PALERMO,06446,COALICION MOVIMIENTO FUERZA CIUDADANA Y PARTIDOPOLÍTICO MIRA,00001,SILVIO SOLARTE HERNANDEZ,301
2023,CONCEJO,41524,PALERMO,06446,COALICION MOVIMIENTO FUERZA CIUDADANA Y PARTIDOPOLÍTICO MIRA,00003,ROCIO LOSADA POLANIA,48
2023,CONCEJO,41524,PALERMO,06446,COALICION MOVIMIENTO FUERZA CIUDADANA Y PARTIDOPOLÍTICO MIRA,00004,CRISTIAN ROLANDO PERDOMO VARGAS,113
2023,CONCEJO,41524,PALERMO,06446,COALICION MOVIMIENTO FUERZA CIUDADANA Y PARTIDOPOLÍTICO MIRA,00005,GEINER HORTA SALAZAR,65
2023,CONCEJO,41524,PALERMO,06446,COALICION MOVIMIENTO FUERZA CIUDADANA Y PARTIDOPOLÍTICO MIRA,00006,MIREYA VIVAS CUELLAR,6
2023,CONCEJO,41524,PALERMO,06446,COALICION MOVIMIENTO FUERZA CIUDADANA Y PARTIDOPOLÍTICO MIRA,00007,ANDREA FIERRO VIVAS,11
2023,CONCEJO,41524,PALERMO,06446,COALICION MOVIMIENTO FUERZA CIUDADANA Y PARTIDOPOLÍTICO MIRA,00009,LEIDY YOANNA GONZALEZ SANCHEZ,6
2023,CONCEJO,41524,PALERMO,06446,COALICION MOVIMIENTO FUERZA CIUDADANA Y PARTIDOPOLÍTICO MIRA,00010,EPIFANIO RAMIREZ MENDEZ,9
2023,CONCEJO,41524,PALERMO,06446,COALICION MOVIMIENTO FUERZA CIUDADANA Y PARTIDOPOLÍTICO MIRA,00011,LUIS FRANCISCO CAMACHO FLOREZ,90
2023,CONCEJO,41524,PALERMO,06446,COALICION MOVIMIENTO FUERZA CIUDADANA Y PARTIDOPOLÍTICO MIRA,00012,NANCY RODRIGUEZ CAMACHO,6
2023,CONCEJO,41524,PALERMO,06446,COALICION MOVIMIENTO FUERZA CIUDADANA Y PARTIDOPOLÍTICO MIRA,00013,IVAN ARIAS MORALES,370
2023,CONCEJO,41524,PALERMO,08059,PACTO HISTORICO,00000,PACTO HISTORICO,160
2023,CONCEJO,41530,PALESTINA,00000,,00996,VOTOS EN BLANCO,172
2023,CONCEJO,41530,PALESTINA,00000,,00997,VOTOS NULOS,107
2023,CONCEJO,41530,PALESTINA,00000,,00998,VOTOS NO MARCADOS,408
2023,CONCEJO,41530,PALESTINA,00001,PARTIDO LIBERAL COLOMBIANO,00000,PARTIDO LIBERAL COLOMBIANO,45
2023,CONCEJO,41530,PALESTINA,00001,PARTIDO LIBERAL COLOMBIANO,00001,PAOLA ANDREA BERDUGO RUIZ,191
2023,CONCEJO,41530,PALESTINA,00001,PARTIDO LIBERAL COLOMBIANO,00002,MARCELA DEL PILAR ROJAS ROZO,23
2023,CONCEJO,41530,PALESTINA,00001,PARTIDO LIBERAL COLOMBIANO,00003,EINER ARTUNDUAGA OMEN,317
2023,CONCEJO,41530,PALESTINA,00001,PARTIDO LIBERAL COLOMBIANO,00004,HUGO FIERRO,98
2023,CONCEJO,41530,PALESTINA,00001,PARTIDO LIBERAL COLOMBIANO,00005,GERSON URIAS ARIAS QUICASAQUI,237
2023,CONCEJO,41530,PALESTINA,00001,PARTIDO LIBERAL COLOMBIANO,00006,CINDY CAROLINA SUSATAMA DIAZ,46
2023,CONCEJO,41530,PALESTINA,00001,PARTIDO LIBERAL COLOMBIANO,00007,ORLEY MUÑOZ QUINA,27
2023,CONCEJO,41530,PALESTINA,00001,PARTIDO LIBERAL COLOMBIANO,00008,HELQUI CARRILLO MOLINA,167
2023,CONCEJO,41530,PALESTINA,00001,PARTIDO LIBERAL COLOMBIANO,00009,ELBER LOSADA GARCIA,77
2023,CONCEJO,41530,PALESTINA,00001,PARTIDO LIBERAL COLOMBIANO,00010,CARMEN ROSARIO RIOS ALVEAR,32
2023,CONCEJO,41530,PALESTINA,00001,PARTIDO LIBERAL COLOMBIANO,00011,DIEGO ROJAS CHIMONJA,193
2023,CONCEJO,41530,PALESTINA,00002,PARTIDO CONSERVADOR COLOMBIANO,00000,PARTIDO CONSERVADOR COLOMBIANO,36
2023,CONCEJO,41530,PALESTINA,00002,PARTIDO CONSERVADOR COLOMBIANO,00001,FAIVER ORLANDO CRUZ DIAZ,283
2023,CONCEJO,41530,PALESTINA,00002,PARTIDO CONSERVADOR COLOMBIANO,00002,MIREYA SACANAMBOY SAMBONI,69
2023,CONCEJO,41530,PALESTINA,00002,PARTIDO CONSERVADOR COLOMBIANO,00003,ELEACIN JIMENEZ,73
2023,CONCEJO,41530,PALESTINA,00002,PARTIDO CONSERVADOR COLOMBIANO,00004,JOSE LIZARDO RIOS HOYOS,92
2023,CONCEJO,41530,PALESTINA,00002,PARTIDO CONSERVADOR COLOMBIANO,00005,JOSE LIBARDO RICO ORTIZ,46
2023,CONCEJO,41530,PALESTINA,00002,PARTIDO CONSERVADOR COLOMBIANO,00006,DANIEL FELIPE RUIZ DIAZ,13
2023,CONCEJO,41530,PALESTINA,00002,PARTIDO CONSERVADOR COLOMBIANO,00007,MONICA RAMOS NARVAEZ,28
2023,CONCEJO,41530,PALESTINA,00002,PARTIDO CONSERVADOR COLOMBIANO,00008,MARLY JOHANNA RAMIREZ PERDOMO,2
2023,CONCEJO,41530,PALESTINA,00002,PARTIDO CONSERVADOR COLOMBIANO,00010,BETTY CUELLAR TRUJILLO,12
2023,CONCEJO,41530,PALESTINA,00002,PARTIDO CONSERVADOR COLOMBIANO,00011,NELSON MONTERO,161
2023,CONCEJO,41530,PALESTINA,00003,PARTIDO CAMBIO RADICAL,00000,PARTIDO CAMBIO RADICAL,40
2023,CONCEJO,41530,PALESTINA,00003,PARTIDO CAMBIO RADICAL,00001,HILDE JIMENEZ PEÑA,202
2023,CONCEJO,41530,PALESTINA,00003,PARTIDO CAMBIO RADICAL,00002,MARIA REINERY MALES RENGIFO,29
2023,CONCEJO,41530,PALESTINA,00003,PARTIDO CAMBIO RADICAL,00003,ROZO ALBERT RUIZ RUIZ,20
2023,CONCEJO,41530,PALESTINA,00003,PARTIDO CAMBIO RADICAL,00004,JORGE ELIECER AYALA OLARTE,189
2023,CONCEJO,41530,PALESTINA,00003,PARTIDO CAMBIO RADICAL,00005,DIELA ROCIO ORTEGA QUIÑONEZ,11
2023,CONCEJO,41530,PALESTINA,00003,PARTIDO CAMBIO RADICAL,00006,NURY SOTELO BASTIDAS,19
2023,CONCEJO,41530,PALESTINA,00003,PARTIDO CAMBIO RADICAL,00007,BRYAN ALEXIS HERNANDEZ SIERRA,62
2023,CONCEJO,41530,PALESTINA,00003,PARTIDO CAMBIO RADICAL,00008,DEISY CAMACHO MATEUS,2
2023,CONCEJO,41530,PALESTINA,00003,PARTIDO CAMBIO RADICAL,00009,BLANCA CECILIA RAMIREZ AVILAN,15
2023,CONCEJO,41530,PALESTINA,00003,PARTIDO CAMBIO RADICAL,00010,ANYI PAOLA VALENCIA CABEZAS,4
2023,CONCEJO,41530,PALESTINA,00003,PARTIDO CAMBIO RADICAL,00011,PEDRO ANIBAL GALINDEZ,54
2023,CONCEJO,41530,PALESTINA,00004,PARTIDO ALIANZA VERDE,00000,PARTIDO ALIANZA VERDE,33
2023,CONCEJO,41530,PALESTINA,00004,PARTIDO ALIANZA VERDE,00001,ERVIN REYES LOPEZ,172
2023,CONCEJO,41530,PALESTINA,00004,PARTIDO ALIANZA VERDE,00002,MARIA INELDA PLAZAS LOSADA,67
2023,CONCEJO,41530,PALESTINA,00004,PARTIDO ALIANZA VERDE,00003,REINEL CASTILLO SUAREZ,18
2023,CONCEJO,41530,PALESTINA,00004,PARTIDO ALIANZA VERDE,00004,LUZ MARY ANDRADE OSORIO,6
2023,CONCEJO,41530,PALESTINA,00004,PARTIDO ALIANZA VERDE,00005,LUIS ALBERTO HOYOS COLLAZOS,6
2023,CONCEJO,41530,PALESTINA,00004,PARTIDO ALIANZA VERDE,00006,SONIA ESPERANZA ALVAREZ RUIZ,37
2023,CONCEJO,41530,PALESTINA,00004,PARTIDO ALIANZA VERDE,00007,IVAN ANTONIO RAMOS CALDERON,36
2023,CONCEJO,41530,PALESTINA,00004,PARTIDO ALIANZA VERDE,00008,JANEIRO PAPAMIJA QUINAYAS,28
2023,CONCEJO,41530,PALESTINA,00004,PARTIDO ALIANZA VERDE,00009,BUENAVENTURA OVALLE GUIRAL,17
2023,CONCEJO,41530,PALESTINA,00004,PARTIDO ALIANZA VERDE,00010,JAINOVER MOSQUERA ORTIZ,172
2023,CONCEJO,41530,PALESTINA,00004,PARTIDO ALIANZA VERDE,00011,JACKELINE TENORIO VITONCO,13
2023,CONCEJO,41530,PALESTINA,00005,"MOVIMIENTO AUTORIDADES INDÍGENAS DE COLOMBIA ""AICO""",00000,"MOVIMIENTO AUTORIDADES INDÍGENAS DE COLOMBIA ""AICO """,8
2023,CONCEJO,41530,PALESTINA,00005,"MOVIMIENTO AUTORIDADES INDÍGENAS DE COLOMBIA ""AICO""",00001,ALBEIRO MUÑOZ UNI,221
2023,CONCEJO,41530,PALESTINA,00005,"MOVIMIENTO AUTORIDADES INDÍGENAS DE COLOMBIA ""AICO""",00002,MANUEL ANTONIO MOTTA CEBALLOS,171
2023,CONCEJO,41530,PALESTINA,00005,"MOVIMIENTO AUTORIDADES INDÍGENAS DE COLOMBIA ""AICO""",00003,GILBERTO RAMIREZ RUIZ,12
2023,CONCEJO,41530,PALESTINA,00005,"MOVIMIENTO AUTORIDADES INDÍGENAS DE COLOMBIA ""AICO""",00004,RICARDO GOMEZ MUÑOZ,68
2023,CONCEJO,41530,PALESTINA,00005,"MOVIMIENTO AUTORIDADES INDÍGENAS DE COLOMBIA ""AICO""",00005,JUAN MANUEL ARDILA URREGO,6
2023,CONCEJO,41530,PALESTINA,00005,"MOVIMIENTO AUTORIDADES INDÍGENAS DE COLOMBIA ""AICO""",00006,JOSE FANOR MOSQUERA AMAYA,29
2023,CONCEJO,41530,PALESTINA,00005,"MOVIMIENTO AUTORIDADES INDÍGENAS DE COLOMBIA ""AICO""",00007,LEONARDO MUÑOZ HERNANDEZ,3
2023,CONCEJO,41530,PALESTINA,00005,"MOVIMIENTO AUTORIDADES INDÍGENAS DE COLOMBIA ""AICO""",00008,DEICY IMBACHI GUTIERREZ,3
2023,CONCEJO,41530,PALESTINA,00005,"MOVIMIENTO AUTORIDADES INDÍGENAS DE COLOMBIA ""AICO""",00010,MONICA BERNATE ROSO,52
2023,CONCEJO,41530,PALESTINA,00005,"MOVIMIENTO AUTORIDADES INDÍGENAS DE COLOMBIA ""AICO""",00011,MAUDY YULIETH MUÑOZ SAMBONI,5
2023,CONCEJO,41530,PALESTINA,00010,"PARTIDO UNIÓN PATRIÓTICA ""UP""",00000,"PARTIDO UNIÓN PATRIÓTICA ""UP""",230
2023,CONCEJO,41530,PALESTINA,00012,"MOVIMIENTO ALTERNATIVO INDÍGENA Y SOCIAL ""MAIS""",00000,"MOVIMIENTO ALTERNATIVO INDÍGENA Y SOCIAL ""MAIS""",10
2023,CONCEJO,41530,PALESTINA,00012,"MOVIMIENTO ALTERNATIVO INDÍGENA Y SOCIAL ""MAIS""",00001,ORLANDO ANACONA MAMIAN,187
2023,CONCEJO,41530,PALESTINA,00012,"MOVIMIENTO ALTERNATIVO INDÍGENA Y SOCIAL ""MAIS""",00002,EDGAR SAMBONI SAMBONI,7
2023,CONCEJO,41530,PALESTINA,00012,"MOVIMIENTO ALTERNATIVO INDÍGENA Y SOCIAL ""MAIS""",00003,KERLY ROCIO JIMENEZ VELASCO,4
2023,CONCEJO,41530,PALESTINA,00012,"MOVIMIENTO ALTERNATIVO INDÍGENA Y SOCIAL ""MAIS""",00004,CIRO ERNEY CORREA ORTIZ,14
2023,CONCEJO,41530,PALESTINA,00012,"MOVIMIENTO ALTERNATIVO INDÍGENA Y SOCIAL ""MAIS""",00005,GILDARDO GUZMAN ANDRADE,37
2023,CONCEJO,41530,PALESTINA,00012,"MOVIMIENTO ALTERNATIVO INDÍGENA Y SOCIAL ""MAIS""",00006,BELLANIR IMBACHI ANACONA,4
2023,CONCEJO,41530,PALESTINA,00012,"MOVIMIENTO ALTERNATIVO INDÍGENA Y SOCIAL ""MAIS""",00007,MARIA ONEIDA MACIAS MACIAS,30
2023,CONCEJO,41530,PALESTINA,00012,"MOVIMIENTO ALTERNATIVO INDÍGENA Y SOCIAL ""MAIS""",00008,FERLEY RODRIGUEZ GONZALEZ,5
2023,CONCEJO,41530,PALESTINA,00012,"MOVIMIENTO ALTERNATIVO INDÍGENA Y SOCIAL ""MAIS""",00009,ANGIE YULIANA SAMBONI CUELLAR,2
2023,CONCEJO,41530,PALESTINA,00012,"MOVIMIENTO ALTERNATIVO INDÍGENA Y SOCIAL ""MAIS""",00010,JESUS MARIA QUINAYAS DELGADO,64
2023,CONCEJO,41530,PALESTINA,00015,PARTIDO COLOMBIA RENACIENTE,00000,PARTIDO COLOMBIA RENACIENTE,10
2023,CONCEJO,41530,PALESTINA,00015,PARTIDO COLOMBIA RENACIENTE,00001,JULIO CESAR CALDERON ECHEVERRY,224
2023,CONCEJO,41530,PALESTINA,00015,PARTIDO COLOMBIA RENACIENTE,00002,SANDRA MILENA NARVAEZ JIMENEZ,44
2023,CONCEJO,41530,PALESTINA,00015,PARTIDO COLOMBIA RENACIENTE,00003,EDGAR ROMERO ASTAIZA,14
2023,CONCEJO,41530,PALESTINA,00015,PARTIDO COLOMBIA RENACIENTE,00004,JULIAN ANDRES HERNANDEZ RUIZ,13
2023,CONCEJO,41530,PALESTINA,00015,PARTIDO COLOMBIA RENACIENTE,00005,MARI LUZ GONZALEZ QUINTERO,7
2023,CONCEJO,41530,PALESTINA,00015,PARTIDO COLOMBIA RENACIENTE,00006,DEISSY MUÑOZ HERNANDEZ,1
2023,CONCEJO,41530,PALESTINA,00015,PARTIDO COLOMBIA RENACIENTE,00007,NERY MUÑOZ JIMENEZ,3
2023,CONCEJO,41530,PALESTINA,00015,PARTIDO COLOMBIA RENACIENTE,00008,MARIA ANACELIA JIMENEZ AMADO,52
2023,CONCEJO,41530,PALESTINA,00015,PARTIDO COLOMBIA RENACIENTE,00010,ALVARO CLAROS MATEUS,53
2023,CONCEJO,41530,PALESTINA,00016,MOVIMIENTO ALIANZA DEMOCRÁTICA AMPLIA - Res. 2049 de 2021,00000,MOVIMIENTO ALIANZA DEMOCRÁTICA AMPLIA,14
2023,CONCEJO,41530,PALESTINA,00016,MOVIMIENTO ALIANZA DEMOCRÁTICA AMPLIA - Res. 2049 de 2021,00001,JAIR URREGO TULCAN,43
2023,CONCEJO,41530,PALESTINA,00016,MOVIMIENTO ALIANZA DEMOCRÁTICA AMPLIA - Res. 2049 de 2021,00002,MARITZA GUAÑARITA FERNANDEZ,1
2023,CONCEJO,41530,PALESTINA,00016,MOVIMIENTO ALIANZA DEMOCRÁTICA AMPLIA - Res. 2049 de 2021,00003,ONEIDA ALVARADO,14
2023,CONCEJO,41530,PALESTINA,00016,MOVIMIENTO ALIANZA DEMOCRÁTICA AMPLIA - Res. 2049 de 2021,00004,LEONARDO TRIANA MENESES,51
2023,CONCEJO,41530,PALESTINA,00016,MOVIMIENTO ALIANZA DEMOCRÁTICA AMPLIA - Res. 2049 de 2021,00005,CAROL HUMBERTO ANACONA RENGIFO,19
2023,CONCEJO,41530,PALESTINA,00016,MOVIMIENTO ALIANZA DEMOCRÁTICA AMPLIA - Res. 2049 de 2021,00006,FABIO UNI CHIMONJA,77
2023,CONCEJO,41530,PALESTINA,00016,MOVIMIENTO ALIANZA DEMOCRÁTICA AMPLIA - Res. 2049 de 2021,00007,YUVELY LOPEZ OLARTE,29
2023,CONCEJO,41530,PALESTINA,00016,MOVIMIENTO ALIANZA DEMOCRÁTICA AMPLIA - Res. 2049 de 2021,00008,ELIECER TRUJILLO MAMIAN,2
2023,CONCEJO,41530,PALESTINA,00016,MOVIMIENTO ALIANZA DEMOCRÁTICA AMPLIA - Res. 2049 de 2021,00009,PEDRO EMILIO REAL MORENO,135
2023,CONCEJO,41530,PALESTINA,00016,MOVIMIENTO ALIANZA DEMOCRÁTICA AMPLIA - Res. 2049 de 2021,00010,TATIANA RESTREPO OVALLE,25
2023,CONCEJO,41530,PALESTINA,00016,MOVIMIENTO ALIANZA DEMOCRÁTICA AMPLIA - Res. 2049 de 2021,00011,ARIZTOBULO ALARCON OSSO,165
2023,CONCEJO,41530,PALESTINA,00020,MOVIMIENTO SALVACIÓN NACIONAL,00000,MOVIMIENTO  SALVACIÓN NACIONAL,53
2023,CONCEJO,41530,PALESTINA,00031,INDEPENDIENTES,00000,INDEPENDIENTES,176
2023,CONCEJO,41530,PALESTINA,00036,PARTIDO POLÍTICO GENTE EN MOVIMIENTO,00000,PARTIDO POLÍTICO GENTE EN MOVIMIENTO,10
2023,CONCEJO,41530,PALESTINA,00036,PARTIDO POLÍTICO GENTE EN MOVIMIENTO,00001,GILBERTO MACIAS ZEMANATE,57
2023,CONCEJO,41530,PALESTINA,00036,PARTIDO POLÍTICO GENTE EN MOVIMIENTO,00002,NORMA FERNANDA CORTES QUINTERO,52
2023,CONCEJO,41530,PALESTINA,00036,PARTIDO POLÍTICO GENTE EN MOVIMIENTO,00003,RAFAEL ZUÑIGA PAPAMIJA,29
2023,CONCEJO,41530,PALESTINA,00036,PARTIDO POLÍTICO GENTE EN MOVIMIENTO,00004,RICAURTE CABEZAS RUIZ,32
2023,CONCEJO,41530,PALESTINA,00036,PARTIDO POLÍTICO GENTE EN MOVIMIENTO,00005,CAROLINA MARTINEZ PAVA,1
2023,CONCEJO,41530,PALESTINA,00036,PARTIDO POLÍTICO GENTE EN MOVIMIENTO,00006,ALBEIRO CORDOBA GOMEZ,115
2023,CONCEJO,41530,PALESTINA,00036,PARTIDO POLÍTICO GENTE EN MOVIMIENTO,00007,OMAIRA PASINGA ANACONA,91
2023,CONCEJO,41530,PALESTINA,00036,PARTIDO POLÍTICO GENTE EN MOVIMIENTO,00008,ELIDIE SONY UNI MAJIN,4
2023,CONCEJO,41530,PALESTINA,00036,PARTIDO POLÍTICO GENTE EN MOVIMIENTO,00011,YIL FREDIS ORTEGA PIPICANO,26
2023,CONCEJO,41548,PITAL,00000,,00996,VOTOS EN BLANCO,162
2023,CONCEJO,41548,PITAL,00000,,00997,VOTOS NULOS,105
2023,CONCEJO,41548,PITAL,00000,,00998,VOTOS NO MARCADOS,370
2023,CONCEJO,41548,PITAL,00001,PARTIDO LIBERAL COLOMBIANO,00000,PARTIDO LIBERAL COLOMBIANO,32
2023,CONCEJO,41548,PITAL,00001,PARTIDO LIBERAL COLOMBIANO,00001,MISAEL TRIANA BECERRA,303
2023,CONCEJO,41548,PITAL,00001,PARTIDO LIBERAL COLOMBIANO,00002,HUGO ARMANDO CASTILLO SIERRA,165
2023,CONCEJO,41548,PITAL,00001,PARTIDO LIBERAL COLOMBIANO,00003,YHON WILDER TOVAR MONTES,168
2023,CONCEJO,41548,PITAL,00001,PARTIDO LIBERAL COLOMBIANO,00004,SANDRA PATRICIA VARGAS PALOMINO,33
2023,CONCEJO,41548,PITAL,00001,PARTIDO LIBERAL COLOMBIANO,00005,MONICA CHAVARRO CARVAJAL,18
2023,CONCEJO,41548,PITAL,00001,PARTIDO LIBERAL COLOMBIANO,00006,LUCENY ROJAS BARREIRO,46
2023,CONCEJO,41548,PITAL,00001,PARTIDO LIBERAL COLOMBIANO,00007,CARLOS EDUARDO RIVERA GASCA,168
2023,CONCEJO,41548,PITAL,00001,PARTIDO LIBERAL COLOMBIANO,00008,JORGE ARTURO ALFARO SILVA,13
2023,CONCEJO,41548,PITAL,00001,PARTIDO LIBERAL COLOMBIANO,00009,JOSE EIDER MEDINA ALVAREZ,65
2023,CONCEJO,41548,PITAL,00001,PARTIDO LIBERAL COLOMBIANO,00010,HAROL YALIER VEGA LISCANO,94
2023,CONCEJO,41548,PITAL,00002,PARTIDO CONSERVADOR COLOMBIANO,00000,PARTIDO CONSERVADOR COLOMBIANO,31
2023,CONCEJO,41548,PITAL,00002,PARTIDO CONSERVADOR COLOMBIANO,00001,JOHN ALEXANDER ANAYA STERLING,307
2023,CONCEJO,41548,PITAL,00002,PARTIDO CONSERVADOR COLOMBIANO,00002,WILFREDO GUTIERREZ SANCHEZ,76
2023,CONCEJO,41548,PITAL,00002,PARTIDO CONSERVADOR COLOMBIANO,00003,EDELMIRO MENDEZ CEDIEL,76
2023,CONCEJO,41548,PITAL,00002,PARTIDO CONSERVADOR COLOMBIANO,00004,RAUL PRADO RAMIREZ,89
2023,CONCEJO,41548,PITAL,00002,PARTIDO CONSERVADOR COLOMBIANO,00005,EULICES QUINTERO ROJAS,117
2023,CONCEJO,41548,PITAL,00002,PARTIDO CONSERVADOR COLOMBIANO,00006,RONALD MAURICIO SEGURA GOMEZ,295
2023,CONCEJO,41548,PITAL,00002,PARTIDO CONSERVADOR COLOMBIANO,00007,SAIDY GERALDINE MONTES CAMPOS,120
2023,CONCEJO,41548,PITAL,00002,PARTIDO CONSERVADOR COLOMBIANO,00008,JESUS MARIA RAMOS ULTENGO,27
2023,CONCEJO,41548,PITAL,00002,PARTIDO CONSERVADOR COLOMBIANO,00009,ESTEFANNY PEREZ EMBUS,121
2023,CONCEJO,41548,PITAL,00002,PARTIDO CONSERVADOR COLOMBIANO,00010,ANGIE MILENA VELA BERMEO,14
2023,CONCEJO,41548,PITAL,00003,PARTIDO CAMBIO RADICAL,00000,PARTIDO CAMBIO RADICAL,24
2023,CONCEJO,41548,PITAL,00003,PARTIDO CAMBIO RADICAL,00001,JAROL EMILSON HERNANDEZ MONTES,192
2023,CONCEJO,41548,PITAL,00003,PARTIDO CAMBIO RADICAL,00002,NIXON ALBERTO LEDESMA ARANDIA,255
2023,CONCEJO,41548,PITAL,00003,PARTIDO CAMBIO RADICAL,00003,ERIKA EILEEN JACOBO TRUJILLO,53
2023,CONCEJO,41548,PITAL,00003,PARTIDO CAMBIO RADICAL,00004,FERNANDO QUINTERO PERALTA,33
2023,CONCEJO,41548,PITAL,00003,PARTIDO CAMBIO RADICAL,00005,ZULMA CHAPAL CORDOBA,32
2023,CONCEJO,41548,PITAL,00003,PARTIDO CAMBIO RADICAL,00006,INGRID CAROLINA MENESES CHAUX,29
2023,CONCEJO,41548,PITAL,00003,PARTIDO CAMBIO RADICAL,00007,JUAN MANUEL VILLAQUIRA SEGURA,143
2023,CONCEJO,41548,PITAL,00003,PARTIDO CAMBIO RADICAL,00008,YULI PAOLA LOZANO RODRIGUEZ,8
2023,CONCEJO,41548,PITAL,00003,PARTIDO CAMBIO RADICAL,00009,BRAYAN STIVEN PIÑA OYOLA,59
2023,CONCEJO,41548,PITAL,00003,PARTIDO CAMBIO RADICAL,00010,LEIDY CHACON ABREO,3
2023,CONCEJO,41548,PITAL,00003,PARTIDO CAMBIO RADICAL,00011,LUIS ANTONIO FERNANDEZ MONTERO,19
2023,CONCEJO,41548,PITAL,00004,PARTIDO ALIANZA VERDE,00000,PARTIDO ALIANZA VERDE,16
2023,CONCEJO,41548,PITAL,00004,PARTIDO ALIANZA VERDE,00001,OCTAVIO LEMOS OSSA,121
2023,CONCEJO,41548,PITAL,00004,PARTIDO ALIANZA VERDE,00002,IVAN CONDE MEDINA,264
2023,CONCEJO,41548,PITAL,00004,PARTIDO ALIANZA VERDE,00003,MARIO VALENCIA RAMOS,64
2023,CONCEJO,41548,PITAL,00004,PARTIDO ALIANZA VERDE,00004,ANYI MILENA CALDON SILVA,45
2023,CONCEJO,41548,PITAL,00004,PARTIDO ALIANZA VERDE,00005,MARCO ALFONSO MAHECHA FERNANDEZ,66
2023,CONCEJO,41548,PITAL,00004,PARTIDO ALIANZA VERDE,00006,LAURA TATIANA ROJAS RIVERA,16
2023,CONCEJO,41548,PITAL,00004,PARTIDO ALIANZA VERDE,00007,NILSON RENE GUZMAN VARGAS,19
2023,CONCEJO,41548,PITAL,00004,PARTIDO ALIANZA VERDE,00008,MARIA XIMENA CAICEDO,10
2023,CONCEJO,41548,PITAL,00004,PARTIDO ALIANZA VERDE,00009,WILSON URIEL SUAREZ MORALES,2
2023,CONCEJO,41548,PITAL,00006,"PARTIDO ALIANZA SOCIAL INDEPENDIENTE ""ASI""",00000,"PARTIDO ALIANZA SOCIAL INDEPENDIENTE ""ASI""",10
2023,CONCEJO,41548,PITAL,00006,"PARTIDO ALIANZA SOCIAL INDEPENDIENTE ""ASI""",00001,ALBEIRO HERNANDEZ PASTUSO,59
2023,CONCEJO,41548,PITAL,00006,"PARTIDO ALIANZA SOCIAL INDEPENDIENTE ""ASI""",00002,DEYCI SARRIAS CUAJI,7
2023,CONCEJO,41548,PITAL,00006,"PARTIDO ALIANZA SOCIAL INDEPENDIENTE ""ASI""",00004,NELLYRETH CASTILLO ZAPATA,54
2023,CONCEJO,41548,PITAL,00006,"PARTIDO ALIANZA SOCIAL INDEPENDIENTE ""ASI""",00005,ERSAIN ROJAS OIDOR,50
2023,CONCEJO,41548,PITAL,00006,"PARTIDO ALIANZA SOCIAL INDEPENDIENTE ""ASI""",00006,YOLANDA SUAREZ VALENZUELA,120
2023,CONCEJO,41548,PITAL,00006,"PARTIDO ALIANZA SOCIAL INDEPENDIENTE ""ASI""",00007,JOSE OLVEIN PAJOY ROJAS,106
2023,CONCEJO,41548,PITAL,00006,"PARTIDO ALIANZA SOCIAL INDEPENDIENTE ""ASI""",00008,JOSELITO TIBAGUI VELASCO,143
2023,CONCEJO,41548,PITAL,00006,"PARTIDO ALIANZA SOCIAL INDEPENDIENTE ""ASI""",00010,ORLANDO TOCONAS PASOS,85
2023,CONCEJO,41548,PITAL,00008,PARTIDO DE LA UNIÓN POR LA GENTE - PARTIDO DE LA U,00000,PARTIDO DE LA UNIÓN POR LA GENTE - PARTIDO DE LA U,17
2023,CONCEJO,41548,PITAL,00008,PARTIDO DE LA UNIÓN POR LA GENTE - PARTIDO DE LA U,00001,DEMETRIO YUNDA,112
2023,CONCEJO,41548,PITAL,00008,PARTIDO DE LA UNIÓN POR LA GENTE - PARTIDO DE LA U,00002,ABDEL ABRAHAM RUMIE SARRIA,13
2023,CONCEJO,41548,PITAL,00008,PARTIDO DE LA UNIÓN POR LA GENTE - PARTIDO DE LA U,00003,BENILDA DIAZ CHAVEZ,2
2023,CONCEJO,41548,PITAL,00008,PARTIDO DE LA UNIÓN POR LA GENTE - PARTIDO DE LA U,00004,CARLOS MARIN VARGAS GONZALEZ,40
2023,CONCEJO,41548,PITAL,00008,PARTIDO DE LA UNIÓN POR LA GENTE - PARTIDO DE LA U,00005,CARLOS EDUARDO CHAUX JOVEN,11
2023,CONCEJO,41548,PITAL,00008,PARTIDO DE LA UNIÓN POR LA GENTE - PARTIDO DE LA U,00006,LILIANA PEREZ CHAUX,3
2023,CONCEJO,41548,PITAL,00008,PARTIDO DE LA UNIÓN POR LA GENTE - PARTIDO DE LA U,00007,JIMMY ARLEY MUÑOZ LOSADA,20
2023,CONCEJO,41548,PITAL,00008,PARTIDO DE LA UNIÓN POR LA GENTE - PARTIDO DE LA U,00008,LIZETH DAYANA RIVERA ALMARIO,21
2023,CONCEJO,41548,PITAL,00008,PARTIDO DE LA UNIÓN POR LA GENTE - PARTIDO DE LA U,00009,OSCAR HERNEY VALDERRAMA ARDILA,118
2023,CONCEJO,41548,PITAL,00011,PARTIDO CENTRO DEMOCRÁTICO,00000,PARTIDO CENTRO DEMOCRÁTICO,344
2023,CONCEJO,41548,PITAL,00015,PARTIDO COLOMBIA RENACIENTE,00000,PARTIDO COLOMBIA RENACIENTE,11
2023,CONCEJO,41548,PITAL,00015,PARTIDO COLOMBIA RENACIENTE,00001,MARIELA ALFARO OBSENO,80
2023,CONCEJO,41548,PITAL,00015,PARTIDO COLOMBIA RENACIENTE,00002,MARTHA CECILIA MENDEZ GARCIA,92
2023,CONCEJO,41548,PITAL,00015,PARTIDO COLOMBIA RENACIENTE,00003,LILIANA JIMENA TOVAR CHAVARRO,147
2023,CONCEJO,41548,PITAL,00015,PARTIDO COLOMBIA RENACIENTE,00004,MARTHA LILIANA GARZON QUINTERO,103
2023,CONCEJO,41548,PITAL,00015,PARTIDO COLOMBIA RENACIENTE,00005,JAIME SALAMANCA BECERRA,26
2023,CONCEJO,41548,PITAL,00015,PARTIDO COLOMBIA RENACIENTE,00006,WILBERT ALEJANDRO SEGURA FLOREZ,23
2023,CONCEJO,41548,PITAL,00015,PARTIDO COLOMBIA RENACIENTE,00007,ARNULFO AROCA FIESCO,53
2023,CONCEJO,41548,PITAL,00015,PARTIDO COLOMBIA RENACIENTE,00008,NATALIA SUAREZ HEREDIA,53
2023,CONCEJO,41548,PITAL,00015,PARTIDO COLOMBIA RENACIENTE,00009,LENNY BIBIANA OVIEDO GASCA,46
2023,CONCEJO,41548,PITAL,00015,PARTIDO COLOMBIA RENACIENTE,00010,RUBEN DARIO PAJOY CIFUENTES,93
2023,CONCEJO,41548,PITAL,00016,MOVIMIENTO ALIANZA DEMOCRÁTICA AMPLIA - Res. 2049 de 2021,00000,MOVIMIENTO ALIANZA DEMOCRÁTICA AMPLIA,8
2023,CONCEJO,41548,PITAL,00016,MOVIMIENTO ALIANZA DEMOCRÁTICA AMPLIA - Res. 2049 de 2021,00001,ARBEY AVENDAÑO VILLAQUIRA,118
2023,CONCEJO,41548,PITAL,00016,MOVIMIENTO ALIANZA DEMOCRÁTICA AMPLIA - Res. 2049 de 2021,00002,FERNEY GARCIA OTAVO,117
2023,CONCEJO,41548,PITAL,00016,MOVIMIENTO ALIANZA DEMOCRÁTICA AMPLIA - Res. 2049 de 2021,00003,ERLENDY NAVEROS PUENTES,47
2023,CONCEJO,41548,PITAL,00016,MOVIMIENTO ALIANZA DEMOCRÁTICA AMPLIA - Res. 2049 de 2021,00004,LUZ ADRIANA ACHIPIZ GARCIA,21
2023,CONCEJO,41548,PITAL,00016,MOVIMIENTO ALIANZA DEMOCRÁTICA AMPLIA - Res. 2049 de 2021,00005,KELLY YOHANA CUELLO FLOREZ,17
2023,CONCEJO,41548,PITAL,00016,MOVIMIENTO ALIANZA DEMOCRÁTICA AMPLIA - Res. 2049 de 2021,00006,NORMA CONSTANZA RIVERA CALDON,11
2023,CONCEJO,41548,PITAL,00016,MOVIMIENTO ALIANZA DEMOCRÁTICA AMPLIA - Res. 2049 de 2021,00007,JUAN DE DIOS MUÑOZ LOSADA,2
2023,CONCEJO,41548,PITAL,00016,MOVIMIENTO ALIANZA DEMOCRÁTICA AMPLIA - Res. 2049 de 2021,00008,WILSON FERNANDO CAMPOS SUAREZ,8
2023,CONCEJO,41548,PITAL,00016,MOVIMIENTO ALIANZA DEMOCRÁTICA AMPLIA - Res. 2049 de 2021,00009,LUIS GABRIEL POVEDA GUTIERREZ,27
2023,CONCEJO,41548,PITAL,00016,MOVIMIENTO ALIANZA DEMOCRÁTICA AMPLIA - Res. 2049 de 2021,00010,FERNANDO PASCUAS TOVAR,89
2023,CONCEJO,41548,PITAL,00018,MOVIMIENTO POLÍTICO COLOMBIA HUMANA,00000,MOVIMIENTO POLÍTICO COLOMBIA HUMANA,12
2023,CONCEJO,41548,PITAL,00018,MOVIMIENTO POLÍTICO COLOMBIA HUMANA,00001,LUIS CALIXTO ROJAS FORERO,46
2023,CONCEJO,41548,PITAL,00019,PARTIDO NUEVO LIBERALISMO,00000,PARTIDO NUEVO LIBERALISMO,7
2023,CONCEJO,41548,PITAL,00019,PARTIDO NUEVO LIBERALISMO,00001,JORMAN BONILLA BEDOYA,151
2023,CONCEJO,41548,PITAL,00019,PARTIDO NUEVO LIBERALISMO,00002,GLORIA NUBIA PARRA GOMEZ,30
2023,CONCEJO,41548,PITAL,00019,PARTIDO NUEVO LIBERALISMO,00003,ANGI PAOLA PERDOMO TRUJILLO,19
2023,CONCEJO,41548,PITAL,00019,PARTIDO NUEVO LIBERALISMO,00004,ADRIANA LUCIA SUAREZ SUAREZ,6
2023,CONCEJO,41548,PITAL,00019,PARTIDO NUEVO LIBERALISMO,00005,NELSON TRUJILLO DIAZ,48
2023,CONCEJO,41548,PITAL,00019,PARTIDO NUEVO LIBERALISMO,00006,YANETH CAMPOS FIESCO,7
2023,CONCEJO,41548,PITAL,00019,PARTIDO NUEVO LIBERALISMO,00007,JHONIER BETANCOURTH MUÑOZ,61
2023,CONCEJO,41551,PITALITO,00000,,00996,VOTOS EN BLANCO,3870
2023,CONCEJO,41551,PITALITO,00000,,00997,VOTOS NULOS,1271
2023,CONCEJO,41551,PITALITO,00000,,00998,VOTOS NO MARCADOS,3240
2023,CONCEJO,41551,PITALITO,00001,PARTIDO LIBERAL COLOMBIANO,00000,PARTIDO LIBERAL COLOMBIANO,286
2023,CONCEJO,41551,PITALITO,00001,PARTIDO LIBERAL COLOMBIANO,00001,YELMI MURCIA VARGAS,842
2023,CONCEJO,41551,PITALITO,00001,PARTIDO LIBERAL COLOMBIANO,00002,MANUEL JESUS MUÑOZ VALDERRAMA,1660
2023,CONCEJO,41551,PITALITO,00001,PARTIDO LIBERAL COLOMBIANO,00003,AFRANIO MUÑOZ,223
2023,CONCEJO,41551,PITALITO,00001,PARTIDO LIBERAL COLOMBIANO,00004,SANDRA LILIANA LASERNA MARTINEZ,98
2023,CONCEJO,41551,PITALITO,00001,PARTIDO LIBERAL COLOMBIANO,00005,VICTOR HUGO MOLINA MENDEZ,410
2023,CONCEJO,41551,PITALITO,00001,PARTIDO LIBERAL COLOMBIANO,00006,JESUS JEREMIAS ORTEGA CORDOBA,1465
2023,CONCEJO,41551,PITALITO,00001,PARTIDO LIBERAL COLOMBIANO,00007,KAREN LILIANA LOPEZ AVILA,138
2023,CONCEJO,41551,PITALITO,00001,PARTIDO LIBERAL COLOMBIANO,00008,JOSE DIVAR QUISABONI ARTUNDUAGA,135
2023,CONCEJO,41551,PITALITO,00001,PARTIDO LIBERAL COLOMBIANO,00009,CARLOS ALBERTO ROJAS MENDEZ,32
2023,CONCEJO,41551,PITALITO,00001,PARTIDO LIBERAL COLOMBIANO,00010,ARBEY DELGADO ARGOTE,166
2023,CONCEJO,41551,PITALITO,00001,PARTIDO LIBERAL COLOMBIANO,00011,MARLIO ANDRES BOLIVAR RODRIGUEZ,274
2023,CONCEJO,41551,PITALITO,00001,PARTIDO LIBERAL COLOMBIANO,00012,DAMARIS TRUJILLO TORREZ,85
2023,CONCEJO,41551,PITALITO,00001,PARTIDO LIBERAL COLOMBIANO,00013,JAQUELINE ARTUNDUAGA,70
2023,CONCEJO,41551,PITALITO,00001,PARTIDO LIBERAL COLOMBIANO,00014,FELIPE ANDRES CASTRO VASQUEZ,437
2023,CONCEJO,41551,PITALITO,00001,PARTIDO LIBERAL COLOMBIANO,00015,LAURA DANIELA OCHOA RAMIREZ,29
2023,CONCEJO,41551,PITALITO,00002,PARTIDO CONSERVADOR COLOMBIANO,00000,PARTIDO CONSERVADOR COLOMBIANO,317
2023,CONCEJO,41551,PITALITO,00002,PARTIDO CONSERVADOR COLOMBIANO,00001,OCTAVIO ORDOÑEZ PERDOMO,1355
2023,CONCEJO,41551,PITALITO,00002,PARTIDO CONSERVADOR COLOMBIANO,00002,YILVER AUGUSTO NEUTA ARTUNDUAGA,1311
2023,CONCEJO,41551,PITALITO,00002,PARTIDO CONSERVADOR COLOMBIANO,00005,LAUREANO MOLINA SCARPETTA,1110
2023,CONCEJO,41551,PITALITO,00002,PARTIDO CONSERVADOR COLOMBIANO,00006,CLARETH NATHALIA MANCHOLA VELEZ,42
2023,CONCEJO,41551,PITALITO,00002,PARTIDO CONSERVADOR COLOMBIANO,00007,YESID CASTRO LUNA,153
2023,CONCEJO,41551,PITALITO,00002,PARTIDO CONSERVADOR COLOMBIANO,00008,MARITZA VELEZ,36
2023,CONCEJO,41551,PITALITO,00002,PARTIDO CONSERVADOR COLOMBIANO,00009,DIANA VICTORIA MANCHOLA VELEZ,39
2023,CONCEJO,41551,PITALITO,00002,PARTIDO CONSERVADOR COLOMBIANO,00010,OBDULIO DAZA TORRES,1251
2023,CONCEJO,41551,PITALITO,00004,PARTIDO ALIANZA VERDE,00000,PARTIDO ALIANZA VERDE,257
2023,CONCEJO,41551,PITALITO,00004,PARTIDO ALIANZA VERDE,00001,GUILLERMO RODRIGUEZ ROJAS,670
2023,CONCEJO,41551,PITALITO,00004,PARTIDO ALIANZA VERDE,00002,JUAN DAVID PALOMARES VALENCIA,1055
2023,CONCEJO,41551,PITALITO,00004,PARTIDO ALIANZA VERDE,00003,ANDRES FELIPE ALVAREZ SILVA,232
2023,CONCEJO,41551,PITALITO,00004,PARTIDO ALIANZA VERDE,00004,DIEGO ARMANDO CORREA PEÑA,293
2023,CONCEJO,41551,PITALITO,00004,PARTIDO ALIANZA VERDE,00005,DIANA GONZALEZ CABALLERO,104
2023,CONCEJO,41551,PITALITO,00004,PARTIDO ALIANZA VERDE,00006,NELCY YOHANA GOMEZ SOTELO,46
2023,CONCEJO,41551,PITALITO,00004,PARTIDO ALIANZA VERDE,00007,MIRNA LUDIVIA QUINTERO CHASQUI,80
2023,CONCEJO,41551,PITALITO,00004,PARTIDO ALIANZA VERDE,00008,JAIME ALBERTO PAREJA CABRERA,73
2023,CONCEJO,41551,PITALITO,00006,"PARTIDO ALIANZA SOCIAL INDEPENDIENTE ""ASI""",00000,"PARTIDO ALIANZA SOCIAL INDEPENDIENTE ""ASI""",215
2023,CONCEJO,41551,PITALITO,00006,"PARTIDO ALIANZA SOCIAL INDEPENDIENTE ""ASI""",00001,ARMANDO AGUILAR TRUJILLO,774
2023,CONCEJO,41551,PITALITO,00006,"PARTIDO ALIANZA SOCIAL INDEPENDIENTE ""ASI""",00002,DIEGO ALEJANDRO VARGAS CABRERA,606
2023,CONCEJO,41551,PITALITO,00006,"PARTIDO ALIANZA SOCIAL INDEPENDIENTE ""ASI""",00003,MARIA AMARLY BURGOS CLAROS,65
2023,CONCEJO,41551,PITALITO,00006,"PARTIDO ALIANZA SOCIAL INDEPENDIENTE ""ASI""",00004,YINA ESPERANZA MARTINEZ MONTERO,39
2023,CONCEJO,41551,PITALITO,00006,"PARTIDO ALIANZA SOCIAL INDEPENDIENTE ""ASI""",00005,FRANCISCO RAFAEL VARGAS GARCIA,54
2023,CONCEJO,41551,PITALITO,00006,"PARTIDO ALIANZA SOCIAL INDEPENDIENTE ""ASI""",00006,MARITZA MORENO ORDOÑEZ,45
2023,CONCEJO,41551,PITALITO,00006,"PARTIDO ALIANZA SOCIAL INDEPENDIENTE ""ASI""",00007,JOSE OMAR LOPEZ BOLAÑOS,1406
2023,CONCEJO,41551,PITALITO,00006,"PARTIDO ALIANZA SOCIAL INDEPENDIENTE ""ASI""",00008,JORGE ALBERTO ARAUJO ROJAS,250
2023,CONCEJO,41551,PITALITO,00006,"PARTIDO ALIANZA SOCIAL INDEPENDIENTE ""ASI""",00009,LUIS CARLOS GONZALEZ TORRES,76
2023,CONCEJO,41551,PITALITO,00006,"PARTIDO ALIANZA SOCIAL INDEPENDIENTE ""ASI""",00010,JIMY ALEXANDER MOTTA ARIZA,1128
2023,CONCEJO,41551,PITALITO,00011,PARTIDO CENTRO DEMOCRÁTICO,00000,PARTIDO CENTRO DEMOCRÁTICO,1264
2023,CONCEJO,41551,PITALITO,00019,PARTIDO NUEVO LIBERALISMO,00000,PARTIDO NUEVO LIBERALISMO,70
2023,CONCEJO,41551,PITALITO,00019,PARTIDO NUEVO LIBERALISMO,00001,SANDRA MILENA POLANCO ARDILA,59
2023,CONCEJO,41551,PITALITO,00019,PARTIDO NUEVO LIBERALISMO,00002,HIPOLITO RAMIREZ GARAVITO,49
2023,CONCEJO,41551,PITALITO,00019,PARTIDO NUEVO LIBERALISMO,00003,ONEIDA LILIANA ASTAIZA VELANDIA,57
2023,CONCEJO,41551,PITALITO,00019,PARTIDO NUEVO LIBERALISMO,00004,FELIX ALBERTO BOCANEGRA ALZATE,13
2023,CONCEJO,41551,PITALITO,00019,PARTIDO NUEVO LIBERALISMO,00005,JEIMY ALEJANDRA CASTRO ROMERO,29
2023,CONCEJO,41551,PITALITO,00019,PARTIDO NUEVO LIBERALISMO,00006,MILLER LANDY SOLORZANO MORA,28
2023,CONCEJO,41551,PITALITO,00019,PARTIDO NUEVO LIBERALISMO,00007,ERIKA FERNANDA DUQUE NEUTA,35
2023,CONCEJO,41551,PITALITO,00031,INDEPENDIENTES,00000,INDEPENDIENTES,110
2023,CONCEJO,41551,PITALITO,00031,INDEPENDIENTES,00001,LIGIA CORDOBA MAJIN,31
2023,CONCEJO,41551,PITALITO,00031,INDEPENDIENTES,00002,WILLINGTON BORIS MUÑOZ VALDERRAMA,153
2023,CONCEJO,41551,PITALITO,00031,INDEPENDIENTES,00003,CRUZ EMILIO CABALLERO SANCHEZ,364
2023,CONCEJO,41551,PITALITO,00031,INDEPENDIENTES,00004,FERNEY INCHIMA MUÑOZ,446
2023,CONCEJO,41551,PITALITO,00031,INDEPENDIENTES,00005,KARINA LORET ARTUNDUAGA GUZMAN,59
2023,CONCEJO,41551,PITALITO,00031,INDEPENDIENTES,00006,MARIA EUGENIA GOMEZ GUTIERREZ,161
2023,CONCEJO,41551,PITALITO,00031,INDEPENDIENTES,00007,ALEJANDRO ORTIZ PERDOMO,575
2023,CONCEJO,41551,PITALITO,00031,INDEPENDIENTES,00008,HUGO ALBERTO VALENCIA GOMEZ,197
2023,CONCEJO,41551,PITALITO,00031,INDEPENDIENTES,00009,JOHN JAIRO FAJARDO CHAVEZ,205
2023,CONCEJO,41551,PITALITO,00031,INDEPENDIENTES,00010,JHON FREINER CORTES,611
2023,CONCEJO,41551,PITALITO,00031,INDEPENDIENTES,00011,JORGE ELIECER VAHOS ZAPATA,525
2023,CONCEJO,41551,PITALITO,00031,INDEPENDIENTES,00012,BRANCLIN ANDREY DIAZ IZQUIERDO,476
2023,CONCEJO,41551,PITALITO,00031,INDEPENDIENTES,00013,YANETH FLOREZ GUZMAN,64
2023,CONCEJO,41551,PITALITO,00031,INDEPENDIENTES,00014,JOSE DE JESUS GARCIA ANACONA,176
2023,CONCEJO,41551,PITALITO,00031,INDEPENDIENTES,00015,DENIS BURBANO,453
2023,CONCEJO,41551,PITALITO,00031,INDEPENDIENTES,00016,YEIBER ANDREY PEÑA BENAVIDES,890
2023,CONCEJO,41551,PITALITO,00033,PARTIDO POLÍTICO CREEMOS,00000,PARTIDO POLÍTICO CREEMOS,717
2023,CONCEJO,41551,PITALITO,02408,COMPROMISO POR PITALITO,00000,COMPROMISO POR PITALITO,321
2023,CONCEJO,41551,PITALITO,02408,COMPROMISO POR PITALITO,00001,MIGUEL ANTONIO CARDOZO MENESES,209
2023,CONCEJO,41551,PITALITO,02408,COMPROMISO POR PITALITO,00002,FABIAN ANDRES BOLAÑOS ORDOÑEZ,2821
2023,CONCEJO,41551,PITALITO,02408,COMPROMISO POR PITALITO,00003,JESUS MARIA ROJAS SUAREZ,356
2023,CONCEJO,41551,PITALITO,02408,COMPROMISO POR PITALITO,00004,LEONEL ANTONIO ALVARADO MUÑOZ,1122
2023,CONCEJO,41551,PITALITO,02408,COMPROMISO POR PITALITO,00005,SANDRA MILENA CALDERON BLANCO,1210
2023,CONCEJO,41551,PITALITO,02408,COMPROMISO POR PITALITO,00006,MARINELA MOTTA CARVAJAL,187
2023,CONCEJO,41551,PITALITO,02408,COMPROMISO POR PITALITO,00007,CESAR MAURICIO SIERRA VALENCIA,982
2023,CONCEJO,41551,PITALITO,02408,COMPROMISO POR PITALITO,00008,EDUARDO ARGIRO CUARTAS ROLDAN,156
2023,CONCEJO,41551,PITALITO,02408,COMPROMISO POR PITALITO,00009,EDWIN JAVIER UNI MAMIAN,264
2023,CONCEJO,41551,PITALITO,02408,COMPROMISO POR PITALITO,00010,CLAUDIA PATRICIA GOMEZ TORRES,929
2023,CONCEJO,41551,PITALITO,02408,COMPROMISO POR PITALITO,00011,MAIDY ALEJANDRA ROJAS YAIMES,211
2023,CONCEJO,41551,PITALITO,02408,COMPROMISO POR PITALITO,00012,LUIS ROBERTH SALGADO TOVAR,171
2023,CONCEJO,41551,PITALITO,02408,COMPROMISO POR PITALITO,00013,RUBIELA LEON GOMEZ,63
2023,CONCEJO,41551,PITALITO,02408,COMPROMISO POR PITALITO,00014,MIGUEL ROJAS CERON,277
2023,CONCEJO,41551,PITALITO,02408,COMPROMISO POR PITALITO,00015,MIGUEL ANGEL ARTUNDUAGA GUTIERREZ,492
2023,CONCEJO,41551,PITALITO,02408,COMPROMISO POR PITALITO,00016,EMMA MILENA BETANCOURT SUAREZ,180
2023,CONCEJO,41551,PITALITO,02408,COMPROMISO POR PITALITO,00017,NELSON BETANCOURT TORO,300
2023,CONCEJO,41551,PITALITO,07823,AMOR POR PITALITO,00000,AMOR POR PITALITO,364
2023,CONCEJO,41551,PITALITO,07823,AMOR POR PITALITO,00001,GERMAN GONZALO DIAZ RODRIGUEZ,1307
2023,CONCEJO,41551,PITALITO,07823,AMOR POR PITALITO,00002,OSCAR ORDOÑEZ GOMEZ,829
2023,CONCEJO,41551,PITALITO,07823,AMOR POR PITALITO,00003,HAROLD CALDERON TRUJILLO,919
2023,CONCEJO,41551,PITALITO,07823,AMOR POR PITALITO,00004,JUAN FELIPE ARTEAGA RIVERA,239
2023,CONCEJO,41551,PITALITO,07823,AMOR POR PITALITO,00005,OCTAVIO HERNAN CONDE TEJADA,727
2023,CONCEJO,41551,PITALITO,07823,AMOR POR PITALITO,00006,ALEJANDRA HOYOS REYES,61
2023,CONCEJO,41551,PITALITO,07823,AMOR POR PITALITO,00007,SHEILA YANETHSI OLIVEROS TOVAR,306
2023,CONCEJO,41551,PITALITO,07823,AMOR POR PITALITO,00008,ANA ELVIA CORREA PEÑA,144
2023,CONCEJO,41551,PITALITO,07823,AMOR POR PITALITO,00009,VICTOR ALFONSO NARVAEZ STERLING,219
2023,CONCEJO,41551,PITALITO,07823,AMOR POR PITALITO,00010,GUSTAVO EMILIO ROBAYO OSPINA,59
2023,CONCEJO,41551,PITALITO,07823,AMOR POR PITALITO,00011,MATEO FELIPE ARTUNDUAGA ORTIZ,498
2023,CONCEJO,41551,PITALITO,07823,AMOR POR PITALITO,00012,ELIZABETH UL DE LA CRUZ,70
2023,CONCEJO,41551,PITALITO,07823,AMOR POR PITALITO,00013,LUIS ARTURO HERRERA RODRIGUEZ,205
2023,CONCEJO,41551,PITALITO,07823,AMOR POR PITALITO,00014,MARIA FERNANDA GRIMALDO DIAZ,46
2023,CONCEJO,41551,PITALITO,07823,AMOR POR PITALITO,00015,JOSE MILLER TOLEDO SANCHEZ,374
2023,CONCEJO,41551,PITALITO,07823,AMOR POR PITALITO,00016,VERONICA ANDREA MARTINEZ GAVIRIA,24
2023,CONCEJO,41551,PITALITO,07823,AMOR POR PITALITO,00017,LUIS ENRIQUE TRUJILLO MEDINA,246
2023,CONCEJO,41551,PITALITO,08346,UNIDOS POR PITALITO,00000,UNIDOS POR PITALITO,136
2023,CONCEJO,41551,PITALITO,08346,UNIDOS POR PITALITO,00001,CLARENA MORA MENDEZ,1211
2023,CONCEJO,41551,PITALITO,08346,UNIDOS POR PITALITO,00002,MAURICIO APACHE PERDOMO,543
2023,CONCEJO,41551,PITALITO,08346,UNIDOS POR PITALITO,00003,FREDDY LEONARDO MAGON REYES,169
2023,CONCEJO,41551,PITALITO,08346,UNIDOS POR PITALITO,00004,LUIS HERNANDO HUELGOS SANTACRUZ,26
2023,CONCEJO,41551,PITALITO,08346,UNIDOS POR PITALITO,00005,SANDRA MILENA GUERRERO LUNA,90
2023,CONCEJO,41551,PITALITO,08346,UNIDOS POR PITALITO,00006,FLOR DE MARIA FLOREZ MARTINEZ,49
2023,CONCEJO,41551,PITALITO,08346,UNIDOS POR PITALITO,00007,JOSE MILLER ORTIZ VARGAS,211
2023,CONCEJO,41551,PITALITO,08346,UNIDOS POR PITALITO,00008,FAVIO VALENZUELA ARTUNDUAGA,205
2023,CONCEJO,41551,PITALITO,08346,UNIDOS POR PITALITO,00009,JOSE AVELINO MORALES GUZMAN,169
2023,CONCEJO,41551,PITALITO,08423,MAIS - ADA,00000,MAIS - ADA,97
2023,CONCEJO,41551,PITALITO,08423,MAIS - ADA,00001,HERNAN MORENO ERAZO,249
2023,CONCEJO,41551,PITALITO,08423,MAIS - ADA,00002,JAIRO ENCISO MUÑOZ BAHOS,652
2023,CONCEJO,41551,PITALITO,08423,MAIS - ADA,00003,JOSE ANTONIO ORTIZ CAMPOS,300
2023,CONCEJO,41551,PITALITO,08423,MAIS - ADA,00004,ALEX ALONSO TANG VALDES,568
2023,CONCEJO,41551,PITALITO,08423,MAIS - ADA,00005,VICTOR HUGO ALVARADO BARREIRO,132
2023,CONCEJO,41551,PITALITO,08423,MAIS - ADA,00006,JOSE CUELLAR SABY,245
2023,CONCEJO,41551,PITALITO,08423,MAIS - ADA,00007,YENIFER CUELLAR FAJARDO,31
2023,CONCEJO,41551,PITALITO,08423,MAIS - ADA,00008,MADELIN JOHANA RAMOS ANACONA,6
2023,CONCEJO,41551,PITALITO,08423,MAIS - ADA,00009,MIREYA CUSPIAN PIAMBA,9
2023,CONCEJO,41551,PITALITO,08423,MAIS - ADA,00010,FREDY ENRIQUE PERDOMO CUELLAR,112
2023,CONCEJO,41615,RIVERA,00000,,00996,VOTOS EN BLANCO,464
2023,CONCEJO,41615,RIVERA,00000,,00997,VOTOS NULOS,265
2023,CONCEJO,41615,RIVERA,00000,,00998,VOTOS NO MARCADOS,479
2023,CONCEJO,41615,RIVERA,00001,PARTIDO LIBERAL COLOMBIANO,00000,PARTIDO LIBERAL COLOMBIANO,98
2023,CONCEJO,41615,RIVERA,00001,PARTIDO LIBERAL COLOMBIANO,00001,LUIS EDUARDO LOSADA PUENTES,183
2023,CONCEJO,41615,RIVERA,00001,PARTIDO LIBERAL COLOMBIANO,00002,MARIA IGNACIA ROJAS ROJAS,225
2023,CONCEJO,41615,RIVERA,00001,PARTIDO LIBERAL COLOMBIANO,00003,SANDRA COSTANSA TAMAYO VASQUEZ,306
2023,CONCEJO,41615,RIVERA,00001,PARTIDO LIBERAL COLOMBIANO,00004,MAYRON ANDRES PEDREROS CRUZ,170
2023,CONCEJO,41615,RIVERA,00001,PARTIDO LIBERAL COLOMBIANO,00005,ANDRES ALFONSO CALDERON BOHORQUEZ,267
2023,CONCEJO,41615,RIVERA,00001,PARTIDO LIBERAL COLOMBIANO,00006,MARIA DE LOS ANGELES ROJAS GUTIERREZ,579
2023,CONCEJO,41615,RIVERA,00001,PARTIDO LIBERAL COLOMBIANO,00007,MIGUEL ARMANDO GONZALEZ TRUJILLO,193
2023,CONCEJO,41615,RIVERA,00001,PARTIDO LIBERAL COLOMBIANO,00008,ANIBAL MOSQUERA CAMPOS,184
2023,CONCEJO,41615,RIVERA,00001,PARTIDO LIBERAL COLOMBIANO,00009,ANGEL ANTONIO CACHAYA LARA,49
2023,CONCEJO,41615,RIVERA,00001,PARTIDO LIBERAL COLOMBIANO,00010,MAIDA YULI LAVAO RIOS,198
2023,CONCEJO,41615,RIVERA,00001,PARTIDO LIBERAL COLOMBIANO,00011,JOSE ALBEIRO GONZALEZ GUTIERREZ,250
2023,CONCEJO,41615,RIVERA,00002,PARTIDO CONSERVADOR COLOMBIANO,00000,PARTIDO CONSERVADOR COLOMBIANO,29
2023,CONCEJO,41615,RIVERA,00002,PARTIDO CONSERVADOR COLOMBIANO,00001,FLOR MARIA NINCO ORTIZ,79
2023,CONCEJO,41615,RIVERA,00002,PARTIDO CONSERVADOR COLOMBIANO,00002,ARMANDO TORREJANO TRUJILLO,240
2023,CONCEJO,41615,RIVERA,00002,PARTIDO CONSERVADOR COLOMBIANO,00003,ISNEDA TOVAR SILVA,22
2023,CONCEJO,41615,RIVERA,00002,PARTIDO CONSERVADOR COLOMBIANO,00004,JUAN DIEGO DUSSAN VALENCIA,9
2023,CONCEJO,41615,RIVERA,00002,PARTIDO CONSERVADOR COLOMBIANO,00005,LUNA FERNANDA CASTAÑEDA CASTRO,6
2023,CONCEJO,41615,RIVERA,00002,PARTIDO CONSERVADOR COLOMBIANO,00006,JUAN PABLO CARDOSO SALAZAR,16
2023,CONCEJO,41615,RIVERA,00002,PARTIDO CONSERVADOR COLOMBIANO,00007,JESSY TATIANA ARIZA RAMIREZ,11
2023,CONCEJO,41615,RIVERA,00002,PARTIDO CONSERVADOR COLOMBIANO,00008,LUIS CARLOS ORTIZ CASTRO,19
2023,CONCEJO,41615,RIVERA,00002,PARTIDO CONSERVADOR COLOMBIANO,00011,CAMILO ESTEBAN TOLEDO CALDERON,366
2023,CONCEJO,41615,RIVERA,00003,PARTIDO CAMBIO RADICAL,00000,PARTIDO CAMBIO RADICAL,17
2023,CONCEJO,41615,RIVERA,00003,PARTIDO CAMBIO RADICAL,00001,JORMMAN HORLANDO RODRIGUEZ TOVAR,270
2023,CONCEJO,41615,RIVERA,00003,PARTIDO CAMBIO RADICAL,00002,ORLANDO GALINDO LOSADA,42
2023,CONCEJO,41615,RIVERA,00003,PARTIDO CAMBIO RADICAL,00003,LUIS ALFREDO GUTIERREZ CAMARGO,3
2023,CONCEJO,41615,RIVERA,00003,PARTIDO CAMBIO RADICAL,00004,JONATHAN ANDRES SANTOS PACHECO,15
2023,CONCEJO,41615,RIVERA,00003,PARTIDO CAMBIO RADICAL,00005,MERCY GARZON CUBILLOS,14
2023,CONCEJO,41615,RIVERA,00003,PARTIDO CAMBIO RADICAL,00006,EFRAIN PUENTES FERNANDEZ,9
2023,CONCEJO,41615,RIVERA,00003,PARTIDO CAMBIO RADICAL,00007,RAMIRO MOSQUERA DIAZ,172
2023,CONCEJO,41615,RIVERA,00003,PARTIDO CAMBIO RADICAL,00008,YENY ARGEMIRA LARA DUSSAN,5
2023,CONCEJO,41615,RIVERA,00003,PARTIDO CAMBIO RADICAL,00009,LEYDI YOHANA PUENTES CLAVIJO,12
2023,CONCEJO,41615,RIVERA,00003,PARTIDO CAMBIO RADICAL,00010,HERNANDO LOPEZ TOLEDO,229
2023,CONCEJO,41615,RIVERA,00003,PARTIDO CAMBIO RADICAL,00011,ALBA DENNIS GUTIERREZ CASTRO,21
2023,CONCEJO,41615,RIVERA,00004,PARTIDO ALIANZA VERDE,00000,PARTIDO ALIANZA VERDE,64
2023,CONCEJO,41615,RIVERA,00004,PARTIDO ALIANZA VERDE,00001,JORGE LUIS QUINTERO PUENTES,841
2023,CONCEJO,41615,RIVERA,00004,PARTIDO ALIANZA VERDE,00004,CAMILA CUELLAR PEREZ,18
2023,CONCEJO,41615,RIVERA,00004,PARTIDO ALIANZA VERDE,00006,LUIS FERNANDO LAVAO RAMIREZ,596
2023,CONCEJO,41615,RIVERA,00004,PARTIDO ALIANZA VERDE,00010,GUSTAVO TRUJILLO ARIAS,49
2023,CONCEJO,41615,RIVERA,00004,PARTIDO ALIANZA VERDE,00011,YINA LORENA MOSQUERA NINCO,123
2023,CONCEJO,41615,RIVERA,00006,"PARTIDO ALIANZA SOCIAL INDEPENDIENTE ""ASI""",00000,"PARTIDO ALIANZA SOCIAL INDEPENDIENTE ""ASI""",34
2023,CONCEJO,41615,RIVERA,00006,"PARTIDO ALIANZA SOCIAL INDEPENDIENTE ""ASI""",00001,WILSON BOLIVAR BERNAL,30
2023,CONCEJO,41615,RIVERA,00006,"PARTIDO ALIANZA SOCIAL INDEPENDIENTE ""ASI""",00002,JORGE ANDRES DIAZ LOSADA,541
2023,CONCEJO,41615,RIVERA,00006,"PARTIDO ALIANZA SOCIAL INDEPENDIENTE ""ASI""",00003,CINDY KATHERINE SANCHEZ LOSADA,114
2023,CONCEJO,41615,RIVERA,00006,"PARTIDO ALIANZA SOCIAL INDEPENDIENTE ""ASI""",00004,RIGOBERTO GONZALEZ MORENO,62
2023,CONCEJO,41615,RIVERA,00006,"PARTIDO ALIANZA SOCIAL INDEPENDIENTE ""ASI""",00005,RUTH MARIA HERRERA RAMIREZ,114
2023,CONCEJO,41615,RIVERA,00006,"PARTIDO ALIANZA SOCIAL INDEPENDIENTE ""ASI""",00006,MARISOL PERDOMO GOMEZ,29
2023,CONCEJO,41615,RIVERA,00006,"PARTIDO ALIANZA SOCIAL INDEPENDIENTE ""ASI""",00007,SANDRA LILIANA NINCO CUADRADO,61
2023,CONCEJO,41615,RIVERA,00006,"PARTIDO ALIANZA SOCIAL INDEPENDIENTE ""ASI""",00008,ESMERALDA CARBALLO ROJAS,7
2023,CONCEJO,41615,RIVERA,00006,"PARTIDO ALIANZA SOCIAL INDEPENDIENTE ""ASI""",00009,SAMUEL GUTIERREZ LOSADA,639
2023,CONCEJO,41615,RIVERA,00006,"PARTIDO ALIANZA SOCIAL INDEPENDIENTE ""ASI""",00010,DEVINSON VILLABON BOLAÑOS,159
2023,CONCEJO,41615,RIVERA,00006,"PARTIDO ALIANZA SOCIAL INDEPENDIENTE ""ASI""",00011,JHON JAIRO AGUIRRE,36
2023,CONCEJO,41615,RIVERA,00008,PARTIDO DE LA UNIÓN POR LA GENTE - PARTIDO DE LA U,00000,PARTIDO DE LA UNIÓN POR LA GENTE - PARTIDO DE LA U,34
2023,CONCEJO,41615,RIVERA,00008,PARTIDO DE LA UNIÓN POR LA GENTE - PARTIDO DE LA U,00001,JHON ALEXANDER TOVAR RAMIREZ,238
2023,CONCEJO,41615,RIVERA,00008,PARTIDO DE LA UNIÓN POR LA GENTE - PARTIDO DE LA U,00003,JOSE REINEL TOVAR SALAZAR,135
2023,CONCEJO,41615,RIVERA,00008,PARTIDO DE LA UNIÓN POR LA GENTE - PARTIDO DE LA U,00004,GUSTAVO COTRINO FLOR,80
2023,CONCEJO,41615,RIVERA,00008,PARTIDO DE LA UNIÓN POR LA GENTE - PARTIDO DE LA U,00005,SHIRLY YULIETH BELTRAN LUGO,91
2023,CONCEJO,41615,RIVERA,00008,PARTIDO DE LA UNIÓN POR LA GENTE - PARTIDO DE LA U,00006,DIANA PAOLA PACHECO HUERTAS,31
2023,CONCEJO,41615,RIVERA,00008,PARTIDO DE LA UNIÓN POR LA GENTE - PARTIDO DE LA U,00007,MOISES CARDOZO VILLALBA,178
2023,CONCEJO,41615,RIVERA,00008,PARTIDO DE LA UNIÓN POR LA GENTE - PARTIDO DE LA U,00008,LUZ STELLA LOSADA CUELLAR,8
2023,CONCEJO,41615,RIVERA,00008,PARTIDO DE LA UNIÓN POR LA GENTE - PARTIDO DE LA U,00009,JOSE EDINSON ROJAS HERMOSA,333
2023,CONCEJO,41615,RIVERA,00008,PARTIDO DE LA UNIÓN POR LA GENTE - PARTIDO DE LA U,00010,JOSE LUIS GUERRERO COLLAZOS,335
2023,CONCEJO,41615,RIVERA,00008,PARTIDO DE LA UNIÓN POR LA GENTE - PARTIDO DE LA U,00011,LUIS ERNEI GARZON TORRES,143
2023,CONCEJO,41615,RIVERA,00011,PARTIDO CENTRO DEMOCRÁTICO,00000,PARTIDO CENTRO DEMOCRÁTICO,51
2023,CONCEJO,41615,RIVERA,00011,PARTIDO CENTRO DEMOCRÁTICO,00001,ARIEL PEREZ TOVAR,193
2023,CONCEJO,41615,RIVERA,00011,PARTIDO CENTRO DEMOCRÁTICO,00002,JOHAN SEBASTIAN CABRERA TORREJANO,41
2023,CONCEJO,41615,RIVERA,00011,PARTIDO CENTRO DEMOCRÁTICO,00003,OSCAR WILLIAM ROMERO ROLDAN,12
2023,CONCEJO,41615,RIVERA,00011,PARTIDO CENTRO DEMOCRÁTICO,00004,ADRIANA FERNANDA OBANDO PARRA,34
2023,CONCEJO,41615,RIVERA,00011,PARTIDO CENTRO DEMOCRÁTICO,00005,FERNANDO PALACIO GONZALEZ,61
2023,CONCEJO,41615,RIVERA,00011,PARTIDO CENTRO DEMOCRÁTICO,00006,RAMON ANTONIO LOSADA OSORIO,23
2023,CONCEJO,41615,RIVERA,00011,PARTIDO CENTRO DEMOCRÁTICO,00007,ABEL CHAPARRO GONZALEZ,43
2023,CONCEJO,41615,RIVERA,00011,PARTIDO CENTRO DEMOCRÁTICO,00008,FELISA MARQUIN CHARRY,45
2023,CONCEJO,41615,RIVERA,00011,PARTIDO CENTRO DEMOCRÁTICO,00009,DIANA MARCELA LOSADA TRUJILLO,23
2023,CONCEJO,41615,RIVERA,00011,PARTIDO CENTRO DEMOCRÁTICO,00010,MARIA ANGELICA TORRES OLAYA,37
2023,CONCEJO,41615,RIVERA,00011,PARTIDO CENTRO DEMOCRÁTICO,00011,WILMER MORENO TOVAR,32
2023,CONCEJO,41615,RIVERA,00016,MOVIMIENTO ALIANZA DEMOCRÁTICA AMPLIA - Res. 2049 de 2021,00000,MOVIMIENTO ALIANZA DEMOCRÁTICA AMPLIA,16
2023,CONCEJO,41615,RIVERA,00016,MOVIMIENTO ALIANZA DEMOCRÁTICA AMPLIA - Res. 2049 de 2021,00001,ISAIAS AVENDAÑO VARGAS,286
2023,CONCEJO,41615,RIVERA,00016,MOVIMIENTO ALIANZA DEMOCRÁTICA AMPLIA - Res. 2049 de 2021,00002,LUZ MERY TIERRADENTRO QUINTERO,7
2023,CONCEJO,41615,RIVERA,00016,MOVIMIENTO ALIANZA DEMOCRÁTICA AMPLIA - Res. 2049 de 2021,00003,MARIA ANGELICA NINCO ESPINOSA,33
2023,CONCEJO,41615,RIVERA,00016,MOVIMIENTO ALIANZA DEMOCRÁTICA AMPLIA - Res. 2049 de 2021,00004,JOSE JILVER GARCIA URRUTIA,19
2023,CONCEJO,41615,RIVERA,00016,MOVIMIENTO ALIANZA DEMOCRÁTICA AMPLIA - Res. 2049 de 2021,00005,TITILIO PERLAZA PUENTES,19
2023,CONCEJO,41615,RIVERA,00016,MOVIMIENTO ALIANZA DEMOCRÁTICA AMPLIA - Res. 2049 de 2021,00006,ALVARO MONTEALEGRE FLOREZ,14
2023,CONCEJO,41615,RIVERA,00016,MOVIMIENTO ALIANZA DEMOCRÁTICA AMPLIA - Res. 2049 de 2021,00007,SERGIO MAURICIO PEREZ RIVERA,250
2023,CONCEJO,41615,RIVERA,00016,MOVIMIENTO ALIANZA DEMOCRÁTICA AMPLIA - Res. 2049 de 2021,00008,LEYTON ADRIAN GUTIERREZ SERNA,36
2023,CONCEJO,41615,RIVERA,00016,MOVIMIENTO ALIANZA DEMOCRÁTICA AMPLIA - Res. 2049 de 2021,00009,JULIA KATHERINE ROMERO TIERRADENTRO,6
2023,CONCEJO,41615,RIVERA,00016,MOVIMIENTO ALIANZA DEMOCRÁTICA AMPLIA - Res. 2049 de 2021,00010,SHARYT DANIELA CASALLAS BARRIOS,26
2023,CONCEJO,41615,RIVERA,00016,MOVIMIENTO ALIANZA DEMOCRÁTICA AMPLIA - Res. 2049 de 2021,00011,ORLANDO CEBALLOS CHIMBACO,21
2023,CONCEJO,41615,RIVERA,00019,PARTIDO NUEVO LIBERALISMO,00000,PARTIDO NUEVO LIBERALISMO,20
2023,CONCEJO,41615,RIVERA,00019,PARTIDO NUEVO LIBERALISMO,00001,SANDRA MILENA GONZALEZ CAVIEDES,49
2023,CONCEJO,41615,RIVERA,00019,PARTIDO NUEVO LIBERALISMO,00002,JOHN ALEXIS YUSUNGUAIRA PARRA,7
2023,CONCEJO,41615,RIVERA,00019,PARTIDO NUEVO LIBERALISMO,00003,BELKIS JOSE ARRIETA GUTIERREZ,22
2023,CONCEJO,41615,RIVERA,00019,PARTIDO NUEVO LIBERALISMO,00004,KESSLER VON KRAFFT,18
2023,CONCEJO,41615,RIVERA,00019,PARTIDO NUEVO LIBERALISMO,00005,MONICA GARCIA ORTIZ,40
2023,CONCEJO,41615,RIVERA,00019,PARTIDO NUEVO LIBERALISMO,00006,CARLOS MARIO VARGAS ALVAREZ,75
2023,CONCEJO,41615,RIVERA,00019,PARTIDO NUEVO LIBERALISMO,00007,ALDO ANDRES DUVAL MARTINEZ,2
2023,CONCEJO,41615,RIVERA,00019,PARTIDO NUEVO LIBERALISMO,00008,ANALY SANTOFIMIO APARICIO,17
2023,CONCEJO,41615,RIVERA,00019,PARTIDO NUEVO LIBERALISMO,00009,JAVIER PUENTES PUENTES,38
2023,CONCEJO,41615,RIVERA,00019,PARTIDO NUEVO LIBERALISMO,00010,ADEMIR CARDOSO HERRERA,24
2023,CONCEJO,41615,RIVERA,00019,PARTIDO NUEVO LIBERALISMO,00011,CARLOS EDUARDO RESTREPO GARCIA,17
2023,CONCEJO,41615,RIVERA,00020,MOVIMIENTO SALVACIÓN NACIONAL,00000,MOVIMIENTO  SALVACIÓN NACIONAL,24
2023,CONCEJO,41615,RIVERA,00021,PARTIDO VERDE OXÍGENO,00000,PARTIDO VERDE OXÍGENO,11
2023,CONCEJO,41615,RIVERA,00021,PARTIDO VERDE OXÍGENO,00001,HECTOR GOMEZ,28
2023,CONCEJO,41615,RIVERA,00021,PARTIDO VERDE OXÍGENO,00002,JUAN CARLOS PALAU ARBELAEZ,13
2023,CONCEJO,41615,RIVERA,00021,PARTIDO VERDE OXÍGENO,00003,ARMANDO GUZMAN QUIROGA,35
2023,CONCEJO,41615,RIVERA,00021,PARTIDO VERDE OXÍGENO,00004,EDUARDO RAMIREZ CONDE,5
2023,CONCEJO,41615,RIVERA,00021,PARTIDO VERDE OXÍGENO,00005,LUIS EDUARDO POLANIA VILLALBA,8
2023,CONCEJO,41615,RIVERA,00021,PARTIDO VERDE OXÍGENO,00006,LUZ ADRIANA RAMIREZ PERAFAN,35
2023,CONCEJO,41615,RIVERA,00021,PARTIDO VERDE OXÍGENO,00007,DIOGENES MOTTA BARREIRO,15
2023,CONCEJO,41615,RIVERA,00021,PARTIDO VERDE OXÍGENO,00008,LUIS EDWIN ROJAS VARON,8
2023,CONCEJO,41615,RIVERA,00021,PARTIDO VERDE OXÍGENO,00009,MARIBELL DIAZ SANTOFIMIO,32
2023,CONCEJO,41615,RIVERA,00021,PARTIDO VERDE OXÍGENO,00010,ANGY LORENA DIAZ MEDINA,9
2023,CONCEJO,41615,RIVERA,00023,PARTIDO LIGA GOBERNANTES ANTICORRUPCIÓN - LIGA,00000,PARTIDO LIGA GOBERNANTES ANTICORRUPCIÓN - LIGA,14
2023,CONCEJO,41615,RIVERA,00023,PARTIDO LIGA GOBERNANTES ANTICORRUPCIÓN - LIGA,00001,DIEGO FERNANDO LEON ALVAREZ,85
2023,CONCEJO,41615,RIVERA,00023,PARTIDO LIGA GOBERNANTES ANTICORRUPCIÓN - LIGA,00002,JUAN FERNANDO PERDOMO CLAVIJO,14
2023,CONCEJO,41615,RIVERA,00023,PARTIDO LIGA GOBERNANTES ANTICORRUPCIÓN - LIGA,00003,DIANA KEUSABETH MACHADO OTALORA,46
2023,CONCEJO,41615,RIVERA,00023,PARTIDO LIGA GOBERNANTES ANTICORRUPCIÓN - LIGA,00005,BRHAYAM DAVID LIZCANO CASTRO,33
2023,CONCEJO,41615,RIVERA,00023,PARTIDO LIGA GOBERNANTES ANTICORRUPCIÓN - LIGA,00006,SANTOS YOFRE DIAZ VIDAL,35
2023,CONCEJO,41615,RIVERA,00023,PARTIDO LIGA GOBERNANTES ANTICORRUPCIÓN - LIGA,00007,LUIS EDUARDO CORTES LAVAO,183
2023,CONCEJO,41615,RIVERA,00023,PARTIDO LIGA GOBERNANTES ANTICORRUPCIÓN - LIGA,00008,LISETH SUAREZ GORDILLO,33
2023,CONCEJO,41615,RIVERA,00023,PARTIDO LIGA GOBERNANTES ANTICORRUPCIÓN - LIGA,00009,KELY YOHANA PERDOMO CORTES,38
2023,CONCEJO,41615,RIVERA,00023,PARTIDO LIGA GOBERNANTES ANTICORRUPCIÓN - LIGA,00010,CARLOS FERNANDO GOMEZ SANCHEZ,145
2023,CONCEJO,41615,RIVERA,00023,PARTIDO LIGA GOBERNANTES ANTICORRUPCIÓN - LIGA,00011,HENRY BARRETO PADILLA,231
2023,CONCEJO,41615,RIVERA,08324,PACTO HISTORICO COLOMBIA PUEDE,00000,PACTO HISTORICO COLOMBIA PUEDE,77
2023,CONCEJO,41615,RIVERA,08324,PACTO HISTORICO COLOMBIA PUEDE,00002,BERNARDA MANTILLA CRUZ,95
2023,CONCEJO,41615,RIVERA,08324,PACTO HISTORICO COLOMBIA PUEDE,00003,GLORIA DILIA YUCO MUÑOZ,31
2023,CONCEJO,41615,RIVERA,08324,PACTO HISTORICO COLOMBIA PUEDE,00005,MIGUEL ANGEL FIERRO CORDOBA,15
2023,CONCEJO,41615,RIVERA,08324,PACTO HISTORICO COLOMBIA PUEDE,00007,JESUS HERRERA LEMUS,86
2023,CONCEJO,41660,SALADOBLANCO,00000,,00996,VOTOS EN BLANCO,109
2023,CONCEJO,41660,SALADOBLANCO,00000,,00997,VOTOS NULOS,88
2023,CONCEJO,41660,SALADOBLANCO,00000,,00998,VOTOS NO MARCADOS,386
2023,CONCEJO,41660,SALADOBLANCO,00002,PARTIDO CONSERVADOR COLOMBIANO,00000,PARTIDO CONSERVADOR COLOMBIANO,36
2023,CONCEJO,41660,SALADOBLANCO,00002,PARTIDO CONSERVADOR COLOMBIANO,00001,ARMANDO CUELLAR BURGOS,354
2023,CONCEJO,41660,SALADOBLANCO,00002,PARTIDO CONSERVADOR COLOMBIANO,00002,MARTHA MILENA CLAROS,238
2023,CONCEJO,41660,SALADOBLANCO,00002,PARTIDO CONSERVADOR COLOMBIANO,00003,CAROLINA VALENZUELA CLAROS,77
2023,CONCEJO,41660,SALADOBLANCO,00002,PARTIDO CONSERVADOR COLOMBIANO,00004,VALENTINA SCALANTE VALDERRAMA,277
2023,CONCEJO,41660,SALADOBLANCO,00002,PARTIDO CONSERVADOR COLOMBIANO,00005,FABIO BOLAÑOS URBANO,96
2023,CONCEJO,41660,SALADOBLANCO,00002,PARTIDO CONSERVADOR COLOMBIANO,00006,JOSE WILIAN BOLAÑOS NAVIA,87
2023,CONCEJO,41660,SALADOBLANCO,00002,PARTIDO CONSERVADOR COLOMBIANO,00007,ALVARO MEDINA BECERRA,251
2023,CONCEJO,41660,SALADOBLANCO,00002,PARTIDO CONSERVADOR COLOMBIANO,00008,DIANA PATRICIA MORALES ROJAS,91
2023,CONCEJO,41660,SALADOBLANCO,00002,PARTIDO CONSERVADOR COLOMBIANO,00009,LUIS ANIBAL BERMUDEZ ICO,65
2023,CONCEJO,41660,SALADOBLANCO,00002,PARTIDO CONSERVADOR COLOMBIANO,00010,ANGIE DANIELA HOYOS ANACONA,14
2023,CONCEJO,41660,SALADOBLANCO,00002,PARTIDO CONSERVADOR COLOMBIANO,00011,GILBER ESCALANTE BARRERA,295
2023,CONCEJO,41660,SALADOBLANCO,00003,PARTIDO CAMBIO RADICAL,00000,PARTIDO CAMBIO RADICAL,17
2023,CONCEJO,41660,SALADOBLANCO,00003,PARTIDO CAMBIO RADICAL,00001,ARLEX ORTEGA ALVARADO,76
2023,CONCEJO,41660,SALADOBLANCO,00003,PARTIDO CAMBIO RADICAL,00002,YAMID GARCIA GUENIS,365
2023,CONCEJO,41660,SALADOBLANCO,00003,PARTIDO CAMBIO RADICAL,00003,PAULA ANDREA RODRIGUEZ ANTURY,49
2023,CONCEJO,41660,SALADOBLANCO,00003,PARTIDO CAMBIO RADICAL,00004,YURI TATIANA ISAZA BOLAÑOS,6
2023,CONCEJO,41660,SALADOBLANCO,00003,PARTIDO CAMBIO RADICAL,00005,JOSE ARNULFO CABRERA MAZABEL,87
2023,CONCEJO,41660,SALADOBLANCO,00003,PARTIDO CAMBIO RADICAL,00006,LUIS HERMID CALDERON MUÑOZ,42
2023,CONCEJO,41660,SALADOBLANCO,00003,PARTIDO CAMBIO RADICAL,00007,DISLEY ALEJANDRA PEÑA MEDINA,13
2023,CONCEJO,41660,SALADOBLANCO,00003,PARTIDO CAMBIO RADICAL,00008,ALBA DIELA CADENA SANCHEZ,46
2023,CONCEJO,41660,SALADOBLANCO,00003,PARTIDO CAMBIO RADICAL,00009,JARINSON ROMERO PEÑA,40
2023,CONCEJO,41660,SALADOBLANCO,00003,PARTIDO CAMBIO RADICAL,00010,LUIS MIGUEL CASTRO GUAMANGA,42
2023,CONCEJO,41660,SALADOBLANCO,00003,PARTIDO CAMBIO RADICAL,00011,ARNOVIS PLAZAS ARTUNDUAGA,159
2023,CONCEJO,41660,SALADOBLANCO,00004,PARTIDO ALIANZA VERDE,00000,PARTIDO ALIANZA VERDE,49
2023,CONCEJO,41660,SALADOBLANCO,00004,PARTIDO ALIANZA VERDE,00001,DUVAN CALDERON RENGIFO,267
2023,CONCEJO,41660,SALADOBLANCO,00004,PARTIDO ALIANZA VERDE,00002,MILENA GOMEZ MUÑOZ,15
2023,CONCEJO,41660,SALADOBLANCO,00004,PARTIDO ALIANZA VERDE,00003,YONIBER BERMEO BURGOS,69
2023,CONCEJO,41660,SALADOBLANCO,00004,PARTIDO ALIANZA VERDE,00004,BIBIANA VARGAS INCHIMA,7
2023,CONCEJO,41660,SALADOBLANCO,00004,PARTIDO ALIANZA VERDE,00005,MANUEL ESTEBAN GUENIS,184
2023,CONCEJO,41660,SALADOBLANCO,00004,PARTIDO ALIANZA VERDE,00006,ARCESIO RENGIFO,189
2023,CONCEJO,41660,SALADOBLANCO,00004,PARTIDO ALIANZA VERDE,00007,ELIZABETH PASTRANA VARGAS,183
2023,CONCEJO,41660,SALADOBLANCO,00004,PARTIDO ALIANZA VERDE,00008,ERIKA CONSTANZA HERNANDEZ BOLAÑOS,79
2023,CONCEJO,41660,SALADOBLANCO,00004,PARTIDO ALIANZA VERDE,00009,JUAN CARLOS GUTIERREZ TULANDE,159
2023,CONCEJO,41660,SALADOBLANCO,00004,PARTIDO ALIANZA VERDE,00010,DUVAN STIVEN CLAROS ORTEGA,126
2023,CONCEJO,41660,SALADOBLANCO,00004,PARTIDO ALIANZA VERDE,00011,JOSE YINER ROMERO FAJARDO,113
2023,CONCEJO,41660,SALADOBLANCO,00008,PARTIDO DE LA UNIÓN POR LA GENTE - PARTIDO DE LA U,00000,PARTIDO DE LA UNIÓN POR LA GENTE - PARTIDO DE LA U,46
2023,CONCEJO,41660,SALADOBLANCO,00008,PARTIDO DE LA UNIÓN POR LA GENTE - PARTIDO DE LA U,00001,LIGIA PEÑA CLAROS,341
2023,CONCEJO,41660,SALADOBLANCO,00008,PARTIDO DE LA UNIÓN POR LA GENTE - PARTIDO DE LA U,00002,FABIAN CAMILO PEÑA CALDERON,284
2023,CONCEJO,41660,SALADOBLANCO,00008,PARTIDO DE LA UNIÓN POR LA GENTE - PARTIDO DE LA U,00003,RICARDO ANACONA ORTIZ,320
2023,CONCEJO,41660,SALADOBLANCO,00008,PARTIDO DE LA UNIÓN POR LA GENTE - PARTIDO DE LA U,00004,LEIDY MARCELA BONILLA PARRA,222
2023,CONCEJO,41660,SALADOBLANCO,00008,PARTIDO DE LA UNIÓN POR LA GENTE - PARTIDO DE LA U,00005,MARIA DEISI CUELLAR SCALANTE,172
2023,CONCEJO,41660,SALADOBLANCO,00008,PARTIDO DE LA UNIÓN POR LA GENTE - PARTIDO DE LA U,00006,JOSE HERMINSUL GUENIS IMBACHI,200
2023,CONCEJO,41660,SALADOBLANCO,00008,PARTIDO DE LA UNIÓN POR LA GENTE - PARTIDO DE LA U,00007,CARLOS HUMBERTO VARGAS RIVERA,23
2023,CONCEJO,41660,SALADOBLANCO,00008,PARTIDO DE LA UNIÓN POR LA GENTE - PARTIDO DE LA U,00008,MARIA DERLI PEÑA VARGAS,53
2023,CONCEJO,41660,SALADOBLANCO,00008,PARTIDO DE LA UNIÓN POR LA GENTE - PARTIDO DE LA U,00009,JOSE HUMBERTO HOYOS HOYOS,189
2023,CONCEJO,41660,SALADOBLANCO,00008,PARTIDO DE LA UNIÓN POR LA GENTE - PARTIDO DE LA U,00010,CRISTIAN FELIPE PARRA CARVAJAL,235
2023,CONCEJO,41660,SALADOBLANCO,00008,PARTIDO DE LA UNIÓN POR LA GENTE - PARTIDO DE LA U,00011,DIEGO ALEJANDRO PEÑA SCARPETTA,109
2023,CONCEJO,41660,SALADOBLANCO,00011,PARTIDO CENTRO DEMOCRÁTICO,00000,PARTIDO CENTRO DEMOCRÁTICO,16
2023,CONCEJO,41660,SALADOBLANCO,00011,PARTIDO CENTRO DEMOCRÁTICO,00001,ANA MARIA PALECHOR GOMEZ,88
2023,CONCEJO,41660,SALADOBLANCO,00011,PARTIDO CENTRO DEMOCRÁTICO,00002,JESUS STEVENSON VARGAS ARIAS,9
2023,CONCEJO,41660,SALADOBLANCO,00012,"MOVIMIENTO ALTERNATIVO INDÍGENA Y SOCIAL ""MAIS""",00000,"MOVIMIENTO ALTERNATIVO INDÍGENA Y SOCIAL ""MAIS""",5
2023,CONCEJO,41660,SALADOBLANCO,00012,"MOVIMIENTO ALTERNATIVO INDÍGENA Y SOCIAL ""MAIS""",00001,YECID ROSERO IMBACHI,60
2023,CONCEJO,41660,SALADOBLANCO,00012,"MOVIMIENTO ALTERNATIVO INDÍGENA Y SOCIAL ""MAIS""",00002,MARYORI POLANIA ALVAREZ,5
2023,CONCEJO,41660,SALADOBLANCO,00012,"MOVIMIENTO ALTERNATIVO INDÍGENA Y SOCIAL ""MAIS""",00003,DAINER MAURICIO STERLING FIGUEROA,6
2023,CONCEJO,41660,SALADOBLANCO,00012,"MOVIMIENTO ALTERNATIVO INDÍGENA Y SOCIAL ""MAIS""",00004,ROSA ISABEL CORDOBA MEDINA,5
2023,CONCEJO,41660,SALADOBLANCO,00012,"MOVIMIENTO ALTERNATIVO INDÍGENA Y SOCIAL ""MAIS""",00005,ISIDRO TORRES JOAQUI,16
2023,CONCEJO,41660,SALADOBLANCO,00017,PARTIDO POLÍTICO DIGNIDAD & COMPROMISO,00000,PARTIDO POLÍTICO DIGNIDAD & COMPROMISO,5
2023,CONCEJO,41660,SALADOBLANCO,00017,PARTIDO POLÍTICO DIGNIDAD & COMPROMISO,00001,FARID TRIANA MUÑOZ,103
2023,CONCEJO,41660,SALADOBLANCO,00017,PARTIDO POLÍTICO DIGNIDAD & COMPROMISO,00002,VICTOR ALFONSO QUINAYAS TIGREROS,4
2023,CONCEJO,41660,SALADOBLANCO,00017,PARTIDO POLÍTICO DIGNIDAD & COMPROMISO,00003,MARIA YOJANA CLAROS CLAROS,7
2023,CONCEJO,41660,SALADOBLANCO,00017,PARTIDO POLÍTICO DIGNIDAD & COMPROMISO,00005,JENNIFER ESLEY GOMEZ PIPICANO,2
2023,CONCEJO,41660,SALADOBLANCO,00017,PARTIDO POLÍTICO DIGNIDAD & COMPROMISO,00007,PASTOR DIAZ AVILES,24
2023,CONCEJO,41660,SALADOBLANCO,00017,PARTIDO POLÍTICO DIGNIDAD & COMPROMISO,00010,JAIRO GOMEZ,10
2023,CONCEJO,41660,SALADOBLANCO,00017,PARTIDO POLÍTICO DIGNIDAD & COMPROMISO,00011,JHON EDINSON VARGAS GOMEZ,26
2023,CONCEJO,41660,SALADOBLANCO,00018,MOVIMIENTO POLÍTICO COLOMBIA HUMANA,00000,MOVIMIENTO POLÍTICO COLOMBIA HUMANA,151
2023,CONCEJO,41660,SALADOBLANCO,00020,MOVIMIENTO SALVACIÓN NACIONAL,00000,MOVIMIENTO  SALVACIÓN NACIONAL,10
2023,CONCEJO,41660,SALADOBLANCO,00020,MOVIMIENTO SALVACIÓN NACIONAL,00001,CARLOS ALBERTO MENDEZ CABRERA,15
2023,CONCEJO,41660,SALADOBLANCO,00020,MOVIMIENTO SALVACIÓN NACIONAL,00002,ANDRES FELIPE MENDIETA SALGADO,110
2023,CONCEJO,41660,SALADOBLANCO,00020,MOVIMIENTO SALVACIÓN NACIONAL,00003,AURORA SANCHEZ OCAMPO,8
2023,CONCEJO,41668,SAN AGUSTÍN,00000,,00996,VOTOS EN BLANCO,579
2023,CONCEJO,41668,SAN AGUSTÍN,00000,,00997,VOTOS NULOS,311
2023,CONCEJO,41668,SAN AGUSTÍN,00000,,00998,VOTOS NO MARCADOS,1079
2023,CONCEJO,41668,SAN AGUSTÍN,00001,PARTIDO LIBERAL COLOMBIANO,00000,PARTIDO LIBERAL COLOMBIANO,167
2023,CONCEJO,41668,SAN AGUSTÍN,00001,PARTIDO LIBERAL COLOMBIANO,00002,CESAR PAZ,574
2023,CONCEJO,41668,SAN AGUSTÍN,00001,PARTIDO LIBERAL COLOMBIANO,00003,JACOB PALADINES ANACONA,212
2023,CONCEJO,41668,SAN AGUSTÍN,00001,PARTIDO LIBERAL COLOMBIANO,00004,JOSE DOLORES JIMENEZ,78
2023,CONCEJO,41668,SAN AGUSTÍN,00001,PARTIDO LIBERAL COLOMBIANO,00005,EDGAR IVAN DE LA CRUZ BELTRAN,695
2023,CONCEJO,41668,SAN AGUSTÍN,00001,PARTIDO LIBERAL COLOMBIANO,00006,MANUEL AGUSTIN VALDERRAMA IBARRA,1126
2023,CONCEJO,41668,SAN AGUSTÍN,00001,PARTIDO LIBERAL COLOMBIANO,00007,EDITH LORENA GUAMANGA BENAVIDEZ,55
2023,CONCEJO,41668,SAN AGUSTÍN,00001,PARTIDO LIBERAL COLOMBIANO,00008,FANNY YOLANDA CORDOBA ANACONA,42
2023,CONCEJO,41668,SAN AGUSTÍN,00001,PARTIDO LIBERAL COLOMBIANO,00009,ARLIZON VAHOS ANACONA,290
2023,CONCEJO,41668,SAN AGUSTÍN,00001,PARTIDO LIBERAL COLOMBIANO,00011,RAFAEL ANDRES PEÑA VELASQUEZ,50
2023,CONCEJO,41668,SAN AGUSTÍN,00001,PARTIDO LIBERAL COLOMBIANO,00012,SANDRA PAOLA MAGIN MAGIN,19
2023,CONCEJO,41668,SAN AGUSTÍN,00001,PARTIDO LIBERAL COLOMBIANO,00013,GUDIELA SAMPABLO VALDES,358
2023,CONCEJO,41668,SAN AGUSTÍN,00002,PARTIDO CONSERVADOR COLOMBIANO,00000,PARTIDO CONSERVADOR COLOMBIANO,31
2023,CONCEJO,41668,SAN AGUSTÍN,00002,PARTIDO CONSERVADOR COLOMBIANO,00001,OMAR AUGUSTO IBARRA LEBAZA,14
2023,CONCEJO,41668,SAN AGUSTÍN,00002,PARTIDO CONSERVADOR COLOMBIANO,00002,MARIANA ORTIZ MARTINEZ,19
2023,CONCEJO,41668,SAN AGUSTÍN,00002,PARTIDO CONSERVADOR COLOMBIANO,00003,ROMALDO MEDINA ORTIZ,4
2023,CONCEJO,41668,SAN AGUSTÍN,00002,PARTIDO CONSERVADOR COLOMBIANO,00004,FLOR ANGELA BELTRAN JAVELA,82
2023,CONCEJO,41668,SAN AGUSTÍN,00002,PARTIDO CONSERVADOR COLOMBIANO,00005,SEGUNDO LEONIDAS CRUZ PIAMBA,77
2023,CONCEJO,41668,SAN AGUSTÍN,00002,PARTIDO CONSERVADOR COLOMBIANO,00006,LUZ DARY MOSQUERA JIMENEZ,17
2023,CONCEJO,41668,SAN AGUSTÍN,00002,PARTIDO CONSERVADOR COLOMBIANO,00007,ANA OLIVA QUINAYAS IMBACHI,7
2023,CONCEJO,41668,SAN AGUSTÍN,00003,PARTIDO CAMBIO RADICAL,00000,PARTIDO CAMBIO RADICAL,56
2023,CONCEJO,41668,SAN AGUSTÍN,00003,PARTIDO CAMBIO RADICAL,00001,SANDRA MILENA GOMEZ MUÑOZ,424
2023,CONCEJO,41668,SAN AGUSTÍN,00003,PARTIDO CAMBIO RADICAL,00002,MARCO FIDEL BOLAÑOS CHAVES,252
2023,CONCEJO,41668,SAN AGUSTÍN,00003,PARTIDO CAMBIO RADICAL,00003,OLGA CORREA GONZALEZ,68
2023,CONCEJO,41668,SAN AGUSTÍN,00003,PARTIDO CAMBIO RADICAL,00004,DIEGO ALEJANDRO MENESES PINO,31
2023,CONCEJO,41668,SAN AGUSTÍN,00003,PARTIDO CAMBIO RADICAL,00005,PEDRO NEL SOTELO MENESES,154
2023,CONCEJO,41668,SAN AGUSTÍN,00003,PARTIDO CAMBIO RADICAL,00006,JOSE ARBEY LOPEZ LOPEZ,496
2023,CONCEJO,41668,SAN AGUSTÍN,00003,PARTIDO CAMBIO RADICAL,00007,JESUS ADAN PUENTES BRAVO,18
2023,CONCEJO,41668,SAN AGUSTÍN,00003,PARTIDO CAMBIO RADICAL,00008,VIANEY MUÑOZ QUINAYAS,69
2023,CONCEJO,41668,SAN AGUSTÍN,00003,PARTIDO CAMBIO RADICAL,00009,RAMIRO IBARRA ORTIZ,269
2023,CONCEJO,41668,SAN AGUSTÍN,00004,PARTIDO ALIANZA VERDE,00000,PARTIDO ALIANZA VERDE,114
2023,CONCEJO,41668,SAN AGUSTÍN,00004,PARTIDO ALIANZA VERDE,00001,CAMILO ERNESTO SALAMANCA ANACONA,507
2023,CONCEJO,41668,SAN AGUSTÍN,00004,PARTIDO ALIANZA VERDE,00002,BRUNO ANDRES GONZALEZ ALVAREZ,265
2023,CONCEJO,41668,SAN AGUSTÍN,00004,PARTIDO ALIANZA VERDE,00003,LUIS CARLOS BOLAÑOS SILVA,60
2023,CONCEJO,41668,SAN AGUSTÍN,00004,PARTIDO ALIANZA VERDE,00004,WILMER ANDRES BENAVIDES SILVA,41
2023,CONCEJO,41668,SAN AGUSTÍN,00004,PARTIDO ALIANZA VERDE,00005,YECENY ARAUJO QUISABONI,61
2023,CONCEJO,41668,SAN AGUSTÍN,00004,PARTIDO ALIANZA VERDE,00006,PEDRO ANTONIO LOPEZ MELO,169
2023,CONCEJO,41668,SAN AGUSTÍN,00004,PARTIDO ALIANZA VERDE,00007,YORLENI LASSO LEGUIZAMO,19
2023,CONCEJO,41668,SAN AGUSTÍN,00004,PARTIDO ALIANZA VERDE,00008,LUIS CARLOS MONTILLA,68
2023,CONCEJO,41668,SAN AGUSTÍN,00004,PARTIDO ALIANZA VERDE,00009,STELLA HOYOS DIAZ,14
2023,CONCEJO,41668,SAN AGUSTÍN,00004,PARTIDO ALIANZA VERDE,00010,MEDARDO SALAMANCA GARCES,576
2023,CONCEJO,41668,SAN AGUSTÍN,00004,PARTIDO ALIANZA VERDE,00011,LIMBANIA NAVIA PAPAMIJA,11
2023,CONCEJO,41668,SAN AGUSTÍN,00004,PARTIDO ALIANZA VERDE,00012,JUAN CARLOS REALPE CERON,339
2023,CONCEJO,41668,SAN AGUSTÍN,00008,PARTIDO DE LA UNIÓN POR LA GENTE - PARTIDO DE LA U,00000,PARTIDO DE LA UNIÓN POR LA GENTE - PARTIDO DE LA U,22
2023,CONCEJO,41668,SAN AGUSTÍN,00008,PARTIDO DE LA UNIÓN POR LA GENTE - PARTIDO DE LA U,00001,RODRIGO ANCIZAR CERON PEREZ,187
2023,CONCEJO,41668,SAN AGUSTÍN,00008,PARTIDO DE LA UNIÓN POR LA GENTE - PARTIDO DE LA U,00002,EMIL ANGEL CORDOBA UNI,60
2023,CONCEJO,41668,SAN AGUSTÍN,00008,PARTIDO DE LA UNIÓN POR LA GENTE - PARTIDO DE LA U,00003,MARIA CAMILA DIAZ CERON,6
2023,CONCEJO,41668,SAN AGUSTÍN,00008,PARTIDO DE LA UNIÓN POR LA GENTE - PARTIDO DE LA U,00004,SEGUNDO ALIRIO BRAVO CHILITO,56
2023,CONCEJO,41668,SAN AGUSTÍN,00008,PARTIDO DE LA UNIÓN POR LA GENTE - PARTIDO DE LA U,00005,JORGE EDUARDO SAMBONI SEMANATE,109
2023,CONCEJO,41668,SAN AGUSTÍN,00008,PARTIDO DE LA UNIÓN POR LA GENTE - PARTIDO DE LA U,00006,RUBIELA OMEN LOPEZ,6
2023,CONCEJO,41668,SAN AGUSTÍN,00009,PARTIDO POLO DEMOCRÁTICO ALTERNATIVO,00000,PARTIDO POLO DEMOCRÁTICO ALTERNATIVO,31
2023,CONCEJO,41668,SAN AGUSTÍN,00009,PARTIDO POLO DEMOCRÁTICO ALTERNATIVO,00002,EFRAIN OMEN PAPAMIJA,80
2023,CONCEJO,41668,SAN AGUSTÍN,00012,"MOVIMIENTO ALTERNATIVO INDÍGENA Y SOCIAL ""MAIS""",00000,"MOVIMIENTO ALTERNATIVO INDÍGENA Y SOCIAL ""MAIS""",89
2023,CONCEJO,41668,SAN AGUSTÍN,00012,"MOVIMIENTO ALTERNATIVO INDÍGENA Y SOCIAL ""MAIS""",00001,ELIAN FELIPE GOMEZ RECALDE,29
2023,CONCEJO,41668,SAN AGUSTÍN,00012,"MOVIMIENTO ALTERNATIVO INDÍGENA Y SOCIAL ""MAIS""",00002,HECTOR ENRIQUE HOYOS SOLARTE,516
2023,CONCEJO,41668,SAN AGUSTÍN,00012,"MOVIMIENTO ALTERNATIVO INDÍGENA Y SOCIAL ""MAIS""",00003,DUVAN ANDRES ORTIZ RENGIFO,23
2023,CONCEJO,41668,SAN AGUSTÍN,00012,"MOVIMIENTO ALTERNATIVO INDÍGENA Y SOCIAL ""MAIS""",00004,ANA YID ASTUDILLO,74
2023,CONCEJO,41668,SAN AGUSTÍN,00012,"MOVIMIENTO ALTERNATIVO INDÍGENA Y SOCIAL ""MAIS""",00005,SEGUNDO NATIVEL CERON BURBANO,219
2023,CONCEJO,41668,SAN AGUSTÍN,00012,"MOVIMIENTO ALTERNATIVO INDÍGENA Y SOCIAL ""MAIS""",00006,XIMENA ANDREA ORTIZ REALPE,32
2023,CONCEJO,41668,SAN AGUSTÍN,00012,"MOVIMIENTO ALTERNATIVO INDÍGENA Y SOCIAL ""MAIS""",00007,DIEBER NIXON HOYOS BAHOS,172
2023,CONCEJO,41668,SAN AGUSTÍN,00012,"MOVIMIENTO ALTERNATIVO INDÍGENA Y SOCIAL ""MAIS""",00010,DIEGO FELIPE BECERRA CERON,227
2023,CONCEJO,41668,SAN AGUSTÍN,00012,"MOVIMIENTO ALTERNATIVO INDÍGENA Y SOCIAL ""MAIS""",00011,ANGIE PAOLA DIAZ ERASO,21
2023,CONCEJO,41668,SAN AGUSTÍN,00012,"MOVIMIENTO ALTERNATIVO INDÍGENA Y SOCIAL ""MAIS""",00012,CARLOS ANIBAL MARTINEZ ÑAÑEZ,93
2023,CONCEJO,41668,SAN AGUSTÍN,00012,"MOVIMIENTO ALTERNATIVO INDÍGENA Y SOCIAL ""MAIS""",00013,NICOLL BRIYETH IBAÑEZ TULCAN,8
2023,CONCEJO,41668,SAN AGUSTÍN,00015,PARTIDO COLOMBIA RENACIENTE,00000,PARTIDO COLOMBIA RENACIENTE,61
2023,CONCEJO,41668,SAN AGUSTÍN,00015,PARTIDO COLOMBIA RENACIENTE,00001,MARIA GRACIELA IJAJI ANACONA,90
2023,CONCEJO,41668,SAN AGUSTÍN,00015,PARTIDO COLOMBIA RENACIENTE,00002,JHON RUBIO BRAVO BELTRAN,720
2023,CONCEJO,41668,SAN AGUSTÍN,00015,PARTIDO COLOMBIA RENACIENTE,00003,JOSE LUIS DIAZ CAMPOS,178
2023,CONCEJO,41668,SAN AGUSTÍN,00015,PARTIDO COLOMBIA RENACIENTE,00004,LEONEL ANACONA MENESES,56
2023,CONCEJO,41668,SAN AGUSTÍN,00015,PARTIDO COLOMBIA RENACIENTE,00005,YOHANA PATRICIA PARRA PALADINES,75
2023,CONCEJO,41668,SAN AGUSTÍN,00015,PARTIDO COLOMBIA RENACIENTE,00006,JAIME BRAVO GARCES,70
2023,CONCEJO,41668,SAN AGUSTÍN,00015,PARTIDO COLOMBIA RENACIENTE,00007,JAVIER GUERRERO,109
2023,CONCEJO,41668,SAN AGUSTÍN,00015,PARTIDO COLOMBIA RENACIENTE,00008,MAURICIO CAMPOS SOTELO,314
2023,CONCEJO,41668,SAN AGUSTÍN,00015,PARTIDO COLOMBIA RENACIENTE,00009,JAIRO ESPINOSA CERON,283
2023,CONCEJO,41668,SAN AGUSTÍN,00015,PARTIDO COLOMBIA RENACIENTE,00010,IVAN ARLES CALDERON AULLON,228
2023,CONCEJO,41668,SAN AGUSTÍN,00015,PARTIDO COLOMBIA RENACIENTE,00011,MARGOTH TRIANA NAVARRO,22
2023,CONCEJO,41668,SAN AGUSTÍN,00015,PARTIDO COLOMBIA RENACIENTE,00012,STELLA RUANO,41
2023,CONCEJO,41668,SAN AGUSTÍN,00015,PARTIDO COLOMBIA RENACIENTE,00013,LUIS ENEIDER BOTINA CERON,224
2023,CONCEJO,41668,SAN AGUSTÍN,00018,MOVIMIENTO POLÍTICO COLOMBIA HUMANA,00000,MOVIMIENTO POLÍTICO COLOMBIA HUMANA,20
2023,CONCEJO,41668,SAN AGUSTÍN,00018,MOVIMIENTO POLÍTICO COLOMBIA HUMANA,00001,JOHN ALEXANDER MORALES SEGURA,63
2023,CONCEJO,41668,SAN AGUSTÍN,00018,MOVIMIENTO POLÍTICO COLOMBIA HUMANA,00002,LUZ MARITZA PARRA,61
2023,CONCEJO,41668,SAN AGUSTÍN,00020,MOVIMIENTO SALVACIÓN NACIONAL,00000,MOVIMIENTO  SALVACIÓN NACIONAL,13
2023,CONCEJO,41668,SAN AGUSTÍN,00020,MOVIMIENTO SALVACIÓN NACIONAL,00001,ESTHER LUCIA RAMIREZ SALAMANCA,75
2023,CONCEJO,41668,SAN AGUSTÍN,00020,MOVIMIENTO SALVACIÓN NACIONAL,00002,CESAR CAMILO GOMEZ QUINCHUA,223
2023,CONCEJO,41668,SAN AGUSTÍN,00020,MOVIMIENTO SALVACIÓN NACIONAL,00003,GLADYS ANDREA GIRON SALAMANCA,15
2023,CONCEJO,41668,SAN AGUSTÍN,00020,MOVIMIENTO SALVACIÓN NACIONAL,00004,ANA EDITH IBARRA JOJOA,2
2023,CONCEJO,41668,SAN AGUSTÍN,00020,MOVIMIENTO SALVACIÓN NACIONAL,00005,CRISTIAN ANDRES GONZALEZ MAMIAN,110
2023,CONCEJO,41668,SAN AGUSTÍN,00020,MOVIMIENTO SALVACIÓN NACIONAL,00006,RUBEN ANDRES HERNANDEZ JOAQUI,19
2023,CONCEJO,41668,SAN AGUSTÍN,00020,MOVIMIENTO SALVACIÓN NACIONAL,00008,RAFAEL IGNACIO HURTADO GALLEGO,58
2023,CONCEJO,41668,SAN AGUSTÍN,00020,MOVIMIENTO SALVACIÓN NACIONAL,00009,ALEIDA LILIANA ORDOÑEZ GALINDEZ,182
2023,CONCEJO,41668,SAN AGUSTÍN,00020,MOVIMIENTO SALVACIÓN NACIONAL,00010,GABRIEL BOLAÑOS MUÑOZ,41
2023,CONCEJO,41668,SAN AGUSTÍN,00032,PARTIDO POLÍTICO TODOS SOMOS COLOMBIA,00000,PARTIDO POLÍTICO TODOS SOMOS COLOMBIA,9
2023,CONCEJO,41668,SAN AGUSTÍN,00032,PARTIDO POLÍTICO TODOS SOMOS COLOMBIA,00001,YULIANA ANDREA BOLAÑOS MALES,188
2023,CONCEJO,41668,SAN AGUSTÍN,00032,PARTIDO POLÍTICO TODOS SOMOS COLOMBIA,00002,KAREN YULIETH ÑAÑEZ ORTEGA,15
2023,CONCEJO,41668,SAN AGUSTÍN,00032,PARTIDO POLÍTICO TODOS SOMOS COLOMBIA,00003,MARIA ANGELICA ALVEAR ROJAS,4
2023,CONCEJO,41668,SAN AGUSTÍN,00032,PARTIDO POLÍTICO TODOS SOMOS COLOMBIA,00004,ALEX HERNEY CERON JOJOA,31
2023,CONCEJO,41668,SAN AGUSTÍN,00032,PARTIDO POLÍTICO TODOS SOMOS COLOMBIA,00005,JESUS ABDON SAMPABLO BURBANO,48
2023,CONCEJO,41668,SAN AGUSTÍN,00032,PARTIDO POLÍTICO TODOS SOMOS COLOMBIA,00006,SANDRO YEPES MUÑOZ,32
2023,CONCEJO,41668,SAN AGUSTÍN,00032,PARTIDO POLÍTICO TODOS SOMOS COLOMBIA,00007,ALVARO HOYOS BOLAÑOS,188
2023,CONCEJO,41668,SAN AGUSTÍN,00032,PARTIDO POLÍTICO TODOS SOMOS COLOMBIA,00008,EVIER RENE GOMEZ ORDOÑEZ,56
2023,CONCEJO,41668,SAN AGUSTÍN,00037,MOVIMIENTO POLITICO FUERZA CIUDADANA,00000,MOVIMIENTO POLITICO FUERZA CIUDADANA,11
2023,CONCEJO,41668,SAN AGUSTÍN,00037,MOVIMIENTO POLITICO FUERZA CIUDADANA,00001,MIGUEL ANTONIO SALAMANCA BOLAÑOS,36
2023,CONCEJO,41668,SAN AGUSTÍN,00037,MOVIMIENTO POLITICO FUERZA CIUDADANA,00002,MARIA YULIANA VELASQUEZ PIAMBA,17
2023,CONCEJO,41668,SAN AGUSTÍN,00037,MOVIMIENTO POLITICO FUERZA CIUDADANA,00003,CARLOS ANDRES RENGIFO IJAJI,6
2023,CONCEJO,41668,SAN AGUSTÍN,00037,MOVIMIENTO POLITICO FUERZA CIUDADANA,00004,YENY FERNANDA TORRES ANACONA,21
2023,CONCEJO,41668,SAN AGUSTÍN,00037,MOVIMIENTO POLITICO FUERZA CIUDADANA,00005,MIRIAN CENAIDA PIAMBA MUÑOZ,9
2023,CONCEJO,41668,SAN AGUSTÍN,00037,MOVIMIENTO POLITICO FUERZA CIUDADANA,00006,JOSE ALFREDO ORTEGA JAMIOY,57
2023,CONCEJO,41668,SAN AGUSTÍN,07782,"PARTIDOS LA FUERZA DE LA PAZ, ASI Y PARTIDO POLITICO MIRA",00000,"PARTIDOS LA FUERZA DE LA PAZ, ASI Y PARTIDO POLITI CO MIRA",10
2023,CONCEJO,41668,SAN AGUSTÍN,07782,"PARTIDOS LA FUERZA DE LA PAZ, ASI Y PARTIDO POLITICO MIRA",00003,PAOLA SARRIA TRUJILLO,6
2023,CONCEJO,41668,SAN AGUSTÍN,07782,"PARTIDOS LA FUERZA DE LA PAZ, ASI Y PARTIDO POLITICO MIRA",00004,YAMILA MUÑOZ HURTADO,46
2023,CONCEJO,41668,SAN AGUSTÍN,07782,"PARTIDOS LA FUERZA DE LA PAZ, ASI Y PARTIDO POLITICO MIRA",00005,ILDEMAR CUSPIAN MUÑOZ,153
2023,CONCEJO,41668,SAN AGUSTÍN,07782,"PARTIDOS LA FUERZA DE LA PAZ, ASI Y PARTIDO POLITICO MIRA",00007,HERNEY CASTRO VALDERRAMA,7
2023,CONCEJO,41668,SAN AGUSTÍN,07782,"PARTIDOS LA FUERZA DE LA PAZ, ASI Y PARTIDO POLITICO MIRA",00008,DILSA NATALIA HOYOS GALINDEZ,13
2023,CONCEJO,41668,SAN AGUSTÍN,07782,"PARTIDOS LA FUERZA DE LA PAZ, ASI Y PARTIDO POLITICO MIRA",00009,GILBERTO SANTACRUZ PAZ,12
2023,CONCEJO,41676,SANTA MARÍA,00000,,00996,VOTOS EN BLANCO,120
2023,CONCEJO,41676,SANTA MARÍA,00000,,00997,VOTOS NULOS,99
2023,CONCEJO,41676,SANTA MARÍA,00000,,00998,VOTOS NO MARCADOS,280
2023,CONCEJO,41676,SANTA MARÍA,00002,PARTIDO CONSERVADOR COLOMBIANO,00000,PARTIDO CONSERVADOR COLOMBIANO,40
2023,CONCEJO,41676,SANTA MARÍA,00002,PARTIDO CONSERVADOR COLOMBIANO,00001,GERSON FARFAN DAZA,103
2023,CONCEJO,41676,SANTA MARÍA,00002,PARTIDO CONSERVADOR COLOMBIANO,00002,LUISA FERNANDA HERNANDEZ MOJICA,11
2023,CONCEJO,41676,SANTA MARÍA,00002,PARTIDO CONSERVADOR COLOMBIANO,00004,HIPOLITO ARISMENDI POVEDA,0
2023,CONCEJO,41676,SANTA MARÍA,00002,PARTIDO CONSERVADOR COLOMBIANO,00006,GILDARDO NARVAEZ PERDOMO,82
2023,CONCEJO,41676,SANTA MARÍA,00002,PARTIDO CONSERVADOR COLOMBIANO,00007,ANGGY DANIELA SANTOFIMIO SUAREZ,0
2023,CONCEJO,41676,SANTA MARÍA,00002,PARTIDO CONSERVADOR COLOMBIANO,00008,WILLIAM RICARDO HERNANDEZ CENTENO,122
2023,CONCEJO,41676,SANTA MARÍA,00002,PARTIDO CONSERVADOR COLOMBIANO,00009,LUZ MIRA LAVAO,167
2023,CONCEJO,41676,SANTA MARÍA,00002,PARTIDO CONSERVADOR COLOMBIANO,00010,ARCENIO LARA ORTIZ,22
2023,CONCEJO,41676,SANTA MARÍA,00003,PARTIDO CAMBIO RADICAL,00000,PARTIDO CAMBIO RADICAL,13
2023,CONCEJO,41676,SANTA MARÍA,00003,PARTIDO CAMBIO RADICAL,00001,MARIA LIDA CABRERA ALDANA,69
2023,CONCEJO,41676,SANTA MARÍA,00003,PARTIDO CAMBIO RADICAL,00002,MARLY TATIANA VALENZUELA ERAZO,31
2023,CONCEJO,41676,SANTA MARÍA,00003,PARTIDO CAMBIO RADICAL,00003,JUAN DAVID VELA AGUIRRE,54
2023,CONCEJO,41676,SANTA MARÍA,00003,PARTIDO CAMBIO RADICAL,00004,JORGE ENRRIQUE CABRERA ORDOÑEZ,165
2023,CONCEJO,41676,SANTA MARÍA,00003,PARTIDO CAMBIO RADICAL,00005,JOSE WILIAN CASTRO ANGEL,141
2023,CONCEJO,41676,SANTA MARÍA,00003,PARTIDO CAMBIO RADICAL,00006,ALBA MILLAN CARREÑO,304
2023,CONCEJO,41676,SANTA MARÍA,00003,PARTIDO CAMBIO RADICAL,00007,DANIELA VALENZUELA MEDINA,14
2023,CONCEJO,41676,SANTA MARÍA,00003,PARTIDO CAMBIO RADICAL,00008,HENRY JULIAN MUÑOZ IDARRAGA,65
2023,CONCEJO,41676,SANTA MARÍA,00003,PARTIDO CAMBIO RADICAL,00009,MOISES LEIVA LEIVA,178
2023,CONCEJO,41676,SANTA MARÍA,00003,PARTIDO CAMBIO RADICAL,00010,JANNIER JAVIER MARTINEZ NINCO,145
2023,CONCEJO,41676,SANTA MARÍA,00003,PARTIDO CAMBIO RADICAL,00011,DARIO CHIMBACO ALARCON,65
2023,CONCEJO,41676,SANTA MARÍA,00004,PARTIDO ALIANZA VERDE,00000,PARTIDO ALIANZA VERDE,35
2023,CONCEJO,41676,SANTA MARÍA,00004,PARTIDO ALIANZA VERDE,00001,DEICY FERNANDA PERDOMO HERNANDEZ,56
2023,CONCEJO,41676,SANTA MARÍA,00004,PARTIDO ALIANZA VERDE,00002,WILFER PERDOMO ALVAREZ,3
2023,CONCEJO,41676,SANTA MARÍA,00004,PARTIDO ALIANZA VERDE,00003,LUZ ADRIANA OLAYA,36
2023,CONCEJO,41676,SANTA MARÍA,00004,PARTIDO ALIANZA VERDE,00004,MIGUEL MORA PEREZ,145
2023,CONCEJO,41676,SANTA MARÍA,00004,PARTIDO ALIANZA VERDE,00005,GUILLERMO AVILEZ LOPEZ,203
2023,CONCEJO,41676,SANTA MARÍA,00004,PARTIDO ALIANZA VERDE,00006,ANYI MARCELA PEREZ RAMIREZ,28
2023,CONCEJO,41676,SANTA MARÍA,00004,PARTIDO ALIANZA VERDE,00007,JORGE LUIS VILLA VALENZUELA,113
2023,CONCEJO,41676,SANTA MARÍA,00004,PARTIDO ALIANZA VERDE,00008,HERMIDES RAYO ORDOÑEZ,210
2023,CONCEJO,41676,SANTA MARÍA,00004,PARTIDO ALIANZA VERDE,00009,LILIANA PACHECO ARDILA,0
2023,CONCEJO,41676,SANTA MARÍA,00004,PARTIDO ALIANZA VERDE,00011,DIMAS CARRILLO CHIMBACO,174
2023,CONCEJO,41676,SANTA MARÍA,00006,"PARTIDO ALIANZA SOCIAL INDEPENDIENTE ""ASI""",00000,"PARTIDO ALIANZA SOCIAL INDEPENDIENTE ""ASI""",11
2023,CONCEJO,41676,SANTA MARÍA,00006,"PARTIDO ALIANZA SOCIAL INDEPENDIENTE ""ASI""",00001,WILFER ALDANA GONZALEZ,249
2023,CONCEJO,41676,SANTA MARÍA,00006,"PARTIDO ALIANZA SOCIAL INDEPENDIENTE ""ASI""",00002,GABRIEL NINCO BORBON,77
2023,CONCEJO,41676,SANTA MARÍA,00006,"PARTIDO ALIANZA SOCIAL INDEPENDIENTE ""ASI""",00003,KELLY DAYANA ANDRADE BONILLA,14
2023,CONCEJO,41676,SANTA MARÍA,00006,"PARTIDO ALIANZA SOCIAL INDEPENDIENTE ""ASI""",00004,DUPERLY ALDANA MONTILLA,97
2023,CONCEJO,41676,SANTA MARÍA,00006,"PARTIDO ALIANZA SOCIAL INDEPENDIENTE ""ASI""",00005,MARIVELL HERNANDEZ DIAZ,62
2023,CONCEJO,41676,SANTA MARÍA,00006,"PARTIDO ALIANZA SOCIAL INDEPENDIENTE ""ASI""",00006,FERNEY ZARATE PEÑA,52
2023,CONCEJO,41676,SANTA MARÍA,00006,"PARTIDO ALIANZA SOCIAL INDEPENDIENTE ""ASI""",00007,JOSE DARIO GARZON PASTRANA,148
2023,CONCEJO,41676,SANTA MARÍA,00006,"PARTIDO ALIANZA SOCIAL INDEPENDIENTE ""ASI""",00008,WILSON ORDOÑEZ HERNANDEZ,165
2023,CONCEJO,41676,SANTA MARÍA,00006,"PARTIDO ALIANZA SOCIAL INDEPENDIENTE ""ASI""",00009,JOHNNY ANDREY CABRERA AROCA,133
2023,CONCEJO,41676,SANTA MARÍA,00006,"PARTIDO ALIANZA SOCIAL INDEPENDIENTE ""ASI""",00010,LUZ ADRIANA CABRERA BECERRA,21
2023,CONCEJO,41676,SANTA MARÍA,00006,"PARTIDO ALIANZA SOCIAL INDEPENDIENTE ""ASI""",00011,EVER FREDY SOGAMOSO MANJARREZ,68
2023,CONCEJO,41676,SANTA MARÍA,00011,PARTIDO CENTRO DEMOCRÁTICO,00000,PARTIDO CENTRO DEMOCRÁTICO,29
2023,CONCEJO,41676,SANTA MARÍA,00011,PARTIDO CENTRO DEMOCRÁTICO,00001,SAUL FONSECA PEREZ,156
2023,CONCEJO,41676,SANTA MARÍA,00011,PARTIDO CENTRO DEMOCRÁTICO,00002,MAURICIO VARGAS DIAZ,103
2023,CONCEJO,41676,SANTA MARÍA,00011,PARTIDO CENTRO DEMOCRÁTICO,00003,TATIANA ALEJANDRA NINCO MENDOZA,131
2023,CONCEJO,41676,SANTA MARÍA,00011,PARTIDO CENTRO DEMOCRÁTICO,00004,ROBINSON CORRECHA CANACUE,165
2023,CONCEJO,41676,SANTA MARÍA,00011,PARTIDO CENTRO DEMOCRÁTICO,00005,LEIDY YOANNA BECERRA ALDANA,106
2023,CONCEJO,41676,SANTA MARÍA,00011,PARTIDO CENTRO DEMOCRÁTICO,00006,LUISA FERNANDA MORA TRUJILLO,293
2023,CONCEJO,41676,SANTA MARÍA,00011,PARTIDO CENTRO DEMOCRÁTICO,00007,SALOMON BARRAGAN CAVIEDES,31
2023,CONCEJO,41676,SANTA MARÍA,00011,PARTIDO CENTRO DEMOCRÁTICO,00008,ALINSON YULIAN GARCIA HERNANDEZ,73
2023,CONCEJO,41676,SANTA MARÍA,00011,PARTIDO CENTRO DEMOCRÁTICO,00009,CRISTINA BOHORQUEZ DUARTE,79
2023,CONCEJO,41676,SANTA MARÍA,00011,PARTIDO CENTRO DEMOCRÁTICO,00010,OMAR WALTEROS SOTO,244
2023,CONCEJO,41676,SANTA MARÍA,00011,PARTIDO CENTRO DEMOCRÁTICO,00011,YANI ALEXANDER POLANIA VALDERRAMA,81
2023,CONCEJO,41676,SANTA MARÍA,00031,INDEPENDIENTES,00000,INDEPENDIENTES,2
2023,CONCEJO,41676,SANTA MARÍA,00031,INDEPENDIENTES,00001,GIUSEPPE ESTEBAN LOPEZ BOHORQUEZ,55
2023,CONCEJO,41676,SANTA MARÍA,00031,INDEPENDIENTES,00002,JUAN SEBASTIAN SAENZ MENESES,120
2023,CONCEJO,41676,SANTA MARÍA,00031,INDEPENDIENTES,00003,EDILTRUDIS BELTRAN BARRAGAN,26
2023,CONCEJO,41676,SANTA MARÍA,00031,INDEPENDIENTES,00004,MARIA DEL CARMEN HERNANDEZ MANRIQUE,6
2023,CONCEJO,41676,SANTA MARÍA,00031,INDEPENDIENTES,00005,KELLY YURANI GAITAN GARCIA,5
2023,CONCEJO,41676,SANTA MARÍA,00031,INDEPENDIENTES,00006,JUAN GABRIEL MORA GOMEZ,30
2023,CONCEJO,41770,SUAZA,00000,,00996,VOTOS EN BLANCO,276
2023,CONCEJO,41770,SUAZA,00000,,00997,VOTOS NULOS,228
2023,CONCEJO,41770,SUAZA,00000,,00998,VOTOS NO MARCADOS,778
2023,CONCEJO,41770,SUAZA,00001,PARTIDO LIBERAL COLOMBIANO,00000,PARTIDO LIBERAL COLOMBIANO,92
2023,CONCEJO,41770,SUAZA,00001,PARTIDO LIBERAL COLOMBIANO,00001,HAILER MUÑOZ CORTES,637
2023,CONCEJO,41770,SUAZA,00001,PARTIDO LIBERAL COLOMBIANO,00002,LORENZO ZAMBRANO LOSADA,264
2023,CONCEJO,41770,SUAZA,00001,PARTIDO LIBERAL COLOMBIANO,00003,MAGALY PINEDA CARDONA,32
2023,CONCEJO,41770,SUAZA,00001,PARTIDO LIBERAL COLOMBIANO,00004,MARIA CRISTINA MEDINA SOTTO,526
2023,CONCEJO,41770,SUAZA,00001,PARTIDO LIBERAL COLOMBIANO,00005,MARLY FIGUEROA OVIEDO,34
2023,CONCEJO,41770,SUAZA,00001,PARTIDO LIBERAL COLOMBIANO,00007,LEONARDO MURCIA PLAZA,99
2023,CONCEJO,41770,SUAZA,00002,PARTIDO CONSERVADOR COLOMBIANO,00000,PARTIDO CONSERVADOR COLOMBIANO,43
2023,CONCEJO,41770,SUAZA,00002,PARTIDO CONSERVADOR COLOMBIANO,00001,GERARDO CUELLAR QUIBANO,153
2023,CONCEJO,41770,SUAZA,00002,PARTIDO CONSERVADOR COLOMBIANO,00002,YADID ASTRID BERNAL MATIZ,192
2023,CONCEJO,41770,SUAZA,00002,PARTIDO CONSERVADOR COLOMBIANO,00003,ROMAN RAMIREZ MOLINA,345
2023,CONCEJO,41770,SUAZA,00002,PARTIDO CONSERVADOR COLOMBIANO,00004,ALEXANDER AUDOR SEGURA,487
2023,CONCEJO,41770,SUAZA,00002,PARTIDO CONSERVADOR COLOMBIANO,00005,JUAN JOSE TAVERA SOTO,286
2023,CONCEJO,41770,SUAZA,00002,PARTIDO CONSERVADOR COLOMBIANO,00006,DAVID SANTOS CIFUENTES,113
2023,CONCEJO,41770,SUAZA,00002,PARTIDO CONSERVADOR COLOMBIANO,00007,ELENA LUCY MARTINEZ ERAZO,78
2023,CONCEJO,41770,SUAZA,00002,PARTIDO CONSERVADOR COLOMBIANO,00008,LILIA CAROLINA CANTILLO IBAÑEZ,62
2023,CONCEJO,41770,SUAZA,00002,PARTIDO CONSERVADOR COLOMBIANO,00009,RODRIGO LOSADA RIAÑOZ,69
2023,CONCEJO,41770,SUAZA,00002,PARTIDO CONSERVADOR COLOMBIANO,00010,CATALINA MUÑOZ RAMIREZ,8
2023,CONCEJO,41770,SUAZA,00002,PARTIDO CONSERVADOR COLOMBIANO,00011,MARIA ALEJANDRA NINCO NAÑEZ,7
2023,CONCEJO,41770,SUAZA,00003,PARTIDO CAMBIO RADICAL,00000,PARTIDO CAMBIO RADICAL,61
2023,CONCEJO,41770,SUAZA,00003,PARTIDO CAMBIO RADICAL,00001,GUILLERMO MEDINA CERQUERA,359
2023,CONCEJO,41770,SUAZA,00003,PARTIDO CAMBIO RADICAL,00002,HENRY AUDOR PINO,242
2023,CONCEJO,41770,SUAZA,00003,PARTIDO CAMBIO RADICAL,00003,DAGOBERTO SILVA CABRERA,159
2023,CONCEJO,41770,SUAZA,00003,PARTIDO CAMBIO RADICAL,00004,JUAN SEBASTIAN CUELLAR VALENZUELA,208
2023,CONCEJO,41770,SUAZA,00003,PARTIDO CAMBIO RADICAL,00005,JOSE YAMID VARELA MOLINA,48
2023,CONCEJO,41770,SUAZA,00003,PARTIDO CAMBIO RADICAL,00006,NIKI PLAZA CASTILLO,174
2023,CONCEJO,41770,SUAZA,00003,PARTIDO CAMBIO RADICAL,00008,JOSE VICENTE PENAGOS CABRERA,148
2023,CONCEJO,41770,SUAZA,00003,PARTIDO CAMBIO RADICAL,00009,YEINI ALEXANDRA CALDERON RODRIGUEZ,10
2023,CONCEJO,41770,SUAZA,00003,PARTIDO CAMBIO RADICAL,00010,ARANZAZU ARTUNDUAGA TAVERA,85
2023,CONCEJO,41770,SUAZA,00003,PARTIDO CAMBIO RADICAL,00011,LUCILA MURCIA UYUCO,5
2023,CONCEJO,41770,SUAZA,00004,PARTIDO ALIANZA VERDE,00000,PARTIDO ALIANZA VERDE,98
2023,CONCEJO,41770,SUAZA,00004,PARTIDO ALIANZA VERDE,00001,YONH FAWER ALARCON RAMOS,338
2023,CONCEJO,41770,SUAZA,00004,PARTIDO ALIANZA VERDE,00002,JHON FREDY SOSCUE,345
2023,CONCEJO,41770,SUAZA,00004,PARTIDO ALIANZA VERDE,00003,DIANA SOFIA GONZALEZ PEREZ,197
2023,CONCEJO,41770,SUAZA,00004,PARTIDO ALIANZA VERDE,00004,MARIA YESICA RODRIGUEZ PLAZA,9
2023,CONCEJO,41770,SUAZA,00004,PARTIDO ALIANZA VERDE,00005,NELSON ZAMBRANO LOSADA,333
2023,CONCEJO,41770,SUAZA,00004,PARTIDO ALIANZA VERDE,00006,LEIDY LORENA MUR LOAIZA,51
2023,CONCEJO,41770,SUAZA,00004,PARTIDO ALIANZA VERDE,00007,ALADINO PATIÑO PACHON,95
2023,CONCEJO,41770,SUAZA,00004,PARTIDO ALIANZA VERDE,00008,GILDARDO COBO OVIEDO,10
2023,CONCEJO,41770,SUAZA,00004,PARTIDO ALIANZA VERDE,00009,KAREN DAYANA SALAZAR RODRIGUEZ,9
2023,CONCEJO,41770,SUAZA,00004,PARTIDO ALIANZA VERDE,00010,DEIBER RODRIGUEZ SANTANILLA,376
2023,CONCEJO,41770,SUAZA,00004,PARTIDO ALIANZA VERDE,00011,ALFONSO MONTANO MATEUS,209
2023,CONCEJO,41770,SUAZA,00008,PARTIDO DE LA UNIÓN POR LA GENTE - PARTIDO DE LA U,00000,PARTIDO DE LA UNIÓN POR LA GENTE - PARTIDO DE LA U,98
2023,CONCEJO,41770,SUAZA,00008,PARTIDO DE LA UNIÓN POR LA GENTE - PARTIDO DE LA U,00001,BETTY BETANCOURT MUÑOZ,405
2023,CONCEJO,41770,SUAZA,00008,PARTIDO DE LA UNIÓN POR LA GENTE - PARTIDO DE LA U,00002,LEYDY MARCELA FLORIANO CARDENAS,241
2023,CONCEJO,41770,SUAZA,00008,PARTIDO DE LA UNIÓN POR LA GENTE - PARTIDO DE LA U,00003,HERNANDO CORDOBA SILVA,285
2023,CONCEJO,41770,SUAZA,00008,PARTIDO DE LA UNIÓN POR LA GENTE - PARTIDO DE LA U,00004,MARIA ROCIO MEDINA SILVA,65
2023,CONCEJO,41770,SUAZA,00008,PARTIDO DE LA UNIÓN POR LA GENTE - PARTIDO DE LA U,00005,ALVARO ORTIZ MUÑOZ,114
2023,CONCEJO,41770,SUAZA,00008,PARTIDO DE LA UNIÓN POR LA GENTE - PARTIDO DE LA U,00006,LEIDY VIVIANA CORREA SAMBONI,110
2023,CONCEJO,41770,SUAZA,00008,PARTIDO DE LA UNIÓN POR LA GENTE - PARTIDO DE LA U,00007,ELIAS GONZALEZ HERNANDEZ,262
2023,CONCEJO,41770,SUAZA,00008,PARTIDO DE LA UNIÓN POR LA GENTE - PARTIDO DE LA U,00008,CARLOS EDUARDO VARGAS HERRERA,171
2023,CONCEJO,41770,SUAZA,00008,PARTIDO DE LA UNIÓN POR LA GENTE - PARTIDO DE LA U,00009,YON FREDY PATIÑO RAMIREZ,115
2023,CONCEJO,41770,SUAZA,00008,PARTIDO DE LA UNIÓN POR LA GENTE - PARTIDO DE LA U,00010,BELLANITH ZAMBRANO SANCHEZ,241
2023,CONCEJO,41770,SUAZA,00008,PARTIDO DE LA UNIÓN POR LA GENTE - PARTIDO DE LA U,00011,CAROLINA RODRIGUEZ LUANGO,7
2023,CONCEJO,41770,SUAZA,00011,PARTIDO CENTRO DEMOCRÁTICO,00000,PARTIDO CENTRO DEMOCRÁTICO,51
2023,CONCEJO,41770,SUAZA,00011,PARTIDO CENTRO DEMOCRÁTICO,00001,JOSE DAVID TAVERA DUARTE,417
2023,CONCEJO,41770,SUAZA,00011,PARTIDO CENTRO DEMOCRÁTICO,00002,KERLY YULIETH PEREZ PEREZ,16
2023,CONCEJO,41770,SUAZA,00011,PARTIDO CENTRO DEMOCRÁTICO,00003,LUZ ADRIANA MONTANO FALLA,35
2023,CONCEJO,41770,SUAZA,00011,PARTIDO CENTRO DEMOCRÁTICO,00004,MARIA DEL CARMEN TRUJILLO RAMIREZ,61
2023,CONCEJO,41770,SUAZA,00011,PARTIDO CENTRO DEMOCRÁTICO,00005,MAYERLIN MARTINEZ GUTIERREZ,92
2023,CONCEJO,41770,SUAZA,00011,PARTIDO CENTRO DEMOCRÁTICO,00006,ANYELO CAÑON RODRIGUEZ,5
2023,CONCEJO,41791,TARQUI,00000,,00996,VOTOS EN BLANCO,260
2023,CONCEJO,41791,TARQUI,00000,,00997,VOTOS NULOS,128
2023,CONCEJO,41791,TARQUI,00000,,00998,VOTOS NO MARCADOS,326
2023,CONCEJO,41791,TARQUI,00001,PARTIDO LIBERAL COLOMBIANO,00000,PARTIDO LIBERAL COLOMBIANO,61
2023,CONCEJO,41791,TARQUI,00001,PARTIDO LIBERAL COLOMBIANO,00001,ROBERTO ANTONIO BUSTAMANTE HERRERA,250
2023,CONCEJO,41791,TARQUI,00001,PARTIDO LIBERAL COLOMBIANO,00002,JOSE FALIO PARRA OSSA,348
2023,CONCEJO,41791,TARQUI,00001,PARTIDO LIBERAL COLOMBIANO,00003,JUAN PABLO MENSA SILVA,294
2023,CONCEJO,41791,TARQUI,00001,PARTIDO LIBERAL COLOMBIANO,00004,JOHN JAIRO REYES TRUJILLO,329
2023,CONCEJO,41791,TARQUI,00001,PARTIDO LIBERAL COLOMBIANO,00005,LILIANA ALMARIO CABRERA,99
2023,CONCEJO,41791,TARQUI,00001,PARTIDO LIBERAL COLOMBIANO,00006,RAFAEL TOVAR ARTUNDUAGA,45
2023,CONCEJO,41791,TARQUI,00001,PARTIDO LIBERAL COLOMBIANO,00007,PATRICIO DEYBIS CRIOLLO PAVA,349
2023,CONCEJO,41791,TARQUI,00001,PARTIDO LIBERAL COLOMBIANO,00008,SERGIO ANDRES TRUJILLO TORRES,100
2023,CONCEJO,41791,TARQUI,00001,PARTIDO LIBERAL COLOMBIANO,00009,ESPERANZA CRUZ TRUJILLO,19
2023,CONCEJO,41791,TARQUI,00001,PARTIDO LIBERAL COLOMBIANO,00010,SINDY CAROLINA GUARNIZO JOVEN,62
2023,CONCEJO,41791,TARQUI,00002,PARTIDO CONSERVADOR COLOMBIANO,00000,PARTIDO CONSERVADOR COLOMBIANO,49
2023,CONCEJO,41791,TARQUI,00002,PARTIDO CONSERVADOR COLOMBIANO,00001,CLEMENTINA CASTRO PUENTES,469
2023,CONCEJO,41791,TARQUI,00002,PARTIDO CONSERVADOR COLOMBIANO,00002,YINETH CHILITO BERMEO,303
2023,CONCEJO,41791,TARQUI,00002,PARTIDO CONSERVADOR COLOMBIANO,00003,DIOMEDES OSORIO NUÑEZ,125
2023,CONCEJO,41791,TARQUI,00002,PARTIDO CONSERVADOR COLOMBIANO,00004,DIOS ANGEL CRIOLLO BERMEO,311
2023,CONCEJO,41791,TARQUI,00002,PARTIDO CONSERVADOR COLOMBIANO,00005,WILSON EUGENIO TRUJILLO,98
2023,CONCEJO,41791,TARQUI,00002,PARTIDO CONSERVADOR COLOMBIANO,00006,NICOLAS EDUARDO TELLO CELIS,33
2023,CONCEJO,41791,TARQUI,00002,PARTIDO CONSERVADOR COLOMBIANO,00007,YULEIDY BARRERA OCHOA,72
2023,CONCEJO,41791,TARQUI,00002,PARTIDO CONSERVADOR COLOMBIANO,00008,DANIEL JOSE CHICUE FIERRO,20
2023,CONCEJO,41791,TARQUI,00003,PARTIDO CAMBIO RADICAL,00000,PARTIDO CAMBIO RADICAL,34
2023,CONCEJO,41791,TARQUI,00003,PARTIDO CAMBIO RADICAL,00001,DAIRY MARGARITA BUSTOS DIAZ,39
2023,CONCEJO,41791,TARQUI,00003,PARTIDO CAMBIO RADICAL,00002,JOHN FAVER OCHOA ESCARPETA,206
2023,CONCEJO,41791,TARQUI,00003,PARTIDO CAMBIO RADICAL,00003,VIVIANA AUDOR SANCHEZ,48
2023,CONCEJO,41791,TARQUI,00003,PARTIDO CAMBIO RADICAL,00004,ERMIDES MENESES PAVA,55
2023,CONCEJO,41791,TARQUI,00003,PARTIDO CAMBIO RADICAL,00005,ONEIDA CORTES,22
2023,CONCEJO,41791,TARQUI,00003,PARTIDO CAMBIO RADICAL,00006,FLOBER FERNEY RAMIREZ ESCANDON,66
2023,CONCEJO,41791,TARQUI,00003,PARTIDO CAMBIO RADICAL,00007,EFREN DURAN TRUJILLO,190
2023,CONCEJO,41791,TARQUI,00003,PARTIDO CAMBIO RADICAL,00008,CARMENZA SCARPETTA BARRERA,54
2023,CONCEJO,41791,TARQUI,00003,PARTIDO CAMBIO RADICAL,00009,LOWYS GUARNIZO TORRES,90
2023,CONCEJO,41791,TARQUI,00003,PARTIDO CAMBIO RADICAL,00011,JOSE FERNEY MUÑOZ PARRA,9
2023,CONCEJO,41791,TARQUI,00004,PARTIDO ALIANZA VERDE,00000,PARTIDO ALIANZA VERDE,24
2023,CONCEJO,41791,TARQUI,00004,PARTIDO ALIANZA VERDE,00001,WILMAN QUEVEDO GUTIERREZ,73
2023,CONCEJO,41791,TARQUI,00004,PARTIDO ALIANZA VERDE,00002,FAIVER CRUZ TRUJILLO,69
2023,CONCEJO,41791,TARQUI,00004,PARTIDO ALIANZA VERDE,00003,OLMER GUAÑARITA MUNAR,10
2023,CONCEJO,41791,TARQUI,00004,PARTIDO ALIANZA VERDE,00004,ANGELA SOFIA BERMEO,16
2023,CONCEJO,41791,TARQUI,00004,PARTIDO ALIANZA VERDE,00005,MARIA ALEJANDRA RAMOS SUAREZ,5
2023,CONCEJO,41791,TARQUI,00004,PARTIDO ALIANZA VERDE,00006,OMAR FARID STERLING ORTIZ,15
2023,CONCEJO,41791,TARQUI,00004,PARTIDO ALIANZA VERDE,00007,YASMIN TRUJILLO ESCALANTE,36
2023,CONCEJO,41791,TARQUI,00004,PARTIDO ALIANZA VERDE,00008,ARBEY VASQUEZ LOPEZ,54
2023,CONCEJO,41791,TARQUI,00004,PARTIDO ALIANZA VERDE,00009,DUBERNEY BERMEO ALVAREZ,138
2023,CONCEJO,41791,TARQUI,00008,PARTIDO DE LA UNIÓN POR LA GENTE - PARTIDO DE LA U,00000,PARTIDO DE LA UNIÓN POR LA GENTE - PARTIDO DE LA U,20
2023,CONCEJO,41791,TARQUI,00008,PARTIDO DE LA UNIÓN POR LA GENTE - PARTIDO DE LA U,00001,OMILQUER PASTRANA MUÑOZ,274
2023,CONCEJO,41791,TARQUI,00008,PARTIDO DE LA UNIÓN POR LA GENTE - PARTIDO DE LA U,00002,KAREN SOFIA TORRES TRUJILLO,14
2023,CONCEJO,41791,TARQUI,00008,PARTIDO DE LA UNIÓN POR LA GENTE - PARTIDO DE LA U,00003,MARIA VICTORIA MUNAR MUÑOZ,23
2023,CONCEJO,41791,TARQUI,00008,PARTIDO DE LA UNIÓN POR LA GENTE - PARTIDO DE LA U,00004,ANDRES FELIPE TORRES NUÑEZ,30
2023,CONCEJO,41791,TARQUI,00008,PARTIDO DE LA UNIÓN POR LA GENTE - PARTIDO DE LA U,00005,JUAN DARIO ALVARADO RESTREPO,57
2023,CONCEJO,41791,TARQUI,00008,PARTIDO DE LA UNIÓN POR LA GENTE - PARTIDO DE LA U,00006,FERNANDO ANTONIO OCHOA VEGA,151
2023,CONCEJO,41791,TARQUI,00008,PARTIDO DE LA UNIÓN POR LA GENTE - PARTIDO DE LA U,00008,HECTOR TRUJILLO VICTORIA,20
2023,CONCEJO,41791,TARQUI,00008,PARTIDO DE LA UNIÓN POR LA GENTE - PARTIDO DE LA U,00009,MARIA HELENA ARANGO,12
2023,CONCEJO,41791,TARQUI,00008,PARTIDO DE LA UNIÓN POR LA GENTE - PARTIDO DE LA U,00010,SONIA PATRICIA OSORIO LOZANO,8
2023,CONCEJO,41791,TARQUI,00008,PARTIDO DE LA UNIÓN POR LA GENTE - PARTIDO DE LA U,00011,YOLANDA RAMOS ANTURY,19
2023,CONCEJO,41791,TARQUI,00015,PARTIDO COLOMBIA RENACIENTE,00000,PARTIDO COLOMBIA RENACIENTE,22
2023,CONCEJO,41791,TARQUI,00015,PARTIDO COLOMBIA RENACIENTE,00001,HUGO FERNEY CUELLAR OSORIO,497
2023,CONCEJO,41791,TARQUI,00015,PARTIDO COLOMBIA RENACIENTE,00002,FERNEY NUÑEZ NUÑEZ,637
2023,CONCEJO,41791,TARQUI,00015,PARTIDO COLOMBIA RENACIENTE,00003,LUIS ALFREDO GUARNIZO TRUJILLO,213
2023,CONCEJO,41791,TARQUI,00015,PARTIDO COLOMBIA RENACIENTE,00006,ALEJANDRA GARZON ALVARADO,44
2023,CONCEJO,41791,TARQUI,00015,PARTIDO COLOMBIA RENACIENTE,00009,BLANCA ESMERALDA CADENA MINU,33
2023,CONCEJO,41791,TARQUI,00015,PARTIDO COLOMBIA RENACIENTE,00010,DUBERNEY GUARNIZO GOMEZ,277
2023,CONCEJO,41791,TARQUI,00018,MOVIMIENTO POLÍTICO COLOMBIA HUMANA,00000,MOVIMIENTO POLÍTICO COLOMBIA HUMANA,99
2023,CONCEJO,41791,TARQUI,00020,MOVIMIENTO SALVACIÓN NACIONAL,00000,MOVIMIENTO  SALVACIÓN NACIONAL,21
2023,CONCEJO,41791,TARQUI,00020,MOVIMIENTO SALVACIÓN NACIONAL,00001,ITALO VALENZUELA NUÑEZ,127
2023,CONCEJO,41791,TARQUI,00020,MOVIMIENTO SALVACIÓN NACIONAL,00002,FERNANDO CABRERA LOMELIN,207
2023,CONCEJO,41791,TARQUI,00020,MOVIMIENTO SALVACIÓN NACIONAL,00003,DIEGO FELIPE TORRES SERRANO,66
2023,CONCEJO,41791,TARQUI,00020,MOVIMIENTO SALVACIÓN NACIONAL,00004,JULIETT CLAROS TORRES,103
2023,CONCEJO,41791,TARQUI,00020,MOVIMIENTO SALVACIÓN NACIONAL,00005,EMMA TRUJILLO CASTRILLON,90
2023,CONCEJO,41791,TARQUI,00020,MOVIMIENTO SALVACIÓN NACIONAL,00006,JEFERSSON EVIA ESCALANTE,82
2023,CONCEJO,41791,TARQUI,00020,MOVIMIENTO SALVACIÓN NACIONAL,00007,JESUS EDUARDO MENESES RAMOS,183
2023,CONCEJO,41791,TARQUI,00020,MOVIMIENTO SALVACIÓN NACIONAL,00008,GABRIEL ANGEL HULE PERICO,263
2023,CONCEJO,41791,TARQUI,00020,MOVIMIENTO SALVACIÓN NACIONAL,00009,LEIDY ROCIO NUÑEZ PERDOMO,47
2023,CONCEJO,41791,TARQUI,00020,MOVIMIENTO SALVACIÓN NACIONAL,00010,SILVIO SANDOVAL SEGURA,110
2023,CONCEJO,41791,TARQUI,00037,MOVIMIENTO POLITICO FUERZA CIUDADANA,00000,MOVIMIENTO POLITICO FUERZA CIUDADANA,8
2023,CONCEJO,41791,TARQUI,00037,MOVIMIENTO POLITICO FUERZA CIUDADANA,00001,DANIEL GUTIERREZ PERDOMO,153
2023,CONCEJO,41791,TARQUI,00037,MOVIMIENTO POLITICO FUERZA CIUDADANA,00002,MERCY TRUJILLO OSORIO,35
2023,CONCEJO,41791,TARQUI,00037,MOVIMIENTO POLITICO FUERZA CIUDADANA,00003,YESICA YULIETH VALENCIA SCARRAGA,12
2023,CONCEJO,41791,TARQUI,00037,MOVIMIENTO POLITICO FUERZA CIUDADANA,00004,GERARDO ORTIZ,33
2023,CONCEJO,41791,TARQUI,00037,MOVIMIENTO POLITICO FUERZA CIUDADANA,00005,YOLIMA ROJAS LOSADA,16
2023,CONCEJO,41791,TARQUI,00037,MOVIMIENTO POLITICO FUERZA CIUDADANA,00006,CARLOS EDUARDO JARAMILLO,49
2023,CONCEJO,41791,TARQUI,00037,MOVIMIENTO POLITICO FUERZA CIUDADANA,00008,JOSE LUIS ROJAS,8
2023,CONCEJO,41791,TARQUI,00037,MOVIMIENTO POLITICO FUERZA CIUDADANA,00009,RAFAEL ANTONIO NIÑO TORRES,50
2023,CONCEJO,41791,TARQUI,00037,MOVIMIENTO POLITICO FUERZA CIUDADANA,00010,JUAN GABRIEL CHILITO CUCHUMBE,58
2023,CONCEJO,41791,TARQUI,00037,MOVIMIENTO POLITICO FUERZA CIUDADANA,00011,RICAURTE SEMANATE PEREZ,25
2023,CONCEJO,41797,TESALIA,00000,,00996,VOTOS EN BLANCO,210
2023,CONCEJO,41797,TESALIA,00000,,00997,VOTOS NULOS,150
2023,CONCEJO,41797,TESALIA,00000,,00998,VOTOS NO MARCADOS,244
2023,CONCEJO,41797,TESALIA,00001,PARTIDO LIBERAL COLOMBIANO,00000,PARTIDO LIBERAL COLOMBIANO,16
2023,CONCEJO,41797,TESALIA,00001,PARTIDO LIBERAL COLOMBIANO,00001,ANYELID YUCUMA CHIMBACO,86
2023,CONCEJO,41797,TESALIA,00001,PARTIDO LIBERAL COLOMBIANO,00002,NEIRA YERALDIN ROJAS,25
2023,CONCEJO,41797,TESALIA,00001,PARTIDO LIBERAL COLOMBIANO,00003,JOHNATHAN TRUJILLO PERDOMO,33
2023,CONCEJO,41797,TESALIA,00001,PARTIDO LIBERAL COLOMBIANO,00004,SONIA ASTRID SANCHEZ TRUJILLO,49
2023,CONCEJO,41797,TESALIA,00001,PARTIDO LIBERAL COLOMBIANO,00005,DANIELA LIZETH VARGAS PEREZ,25
2023,CONCEJO,41797,TESALIA,00001,PARTIDO LIBERAL COLOMBIANO,00006,YULY ELCIRA MEDINA RAMOS,19
2023,CONCEJO,41797,TESALIA,00001,PARTIDO LIBERAL COLOMBIANO,00007,ADRIANA FERNANDA BRAND LOAIZA,82
2023,CONCEJO,41797,TESALIA,00001,PARTIDO LIBERAL COLOMBIANO,00008,JORGE LUIS CASTILLO MEDINA,48
2023,CONCEJO,41797,TESALIA,00001,PARTIDO LIBERAL COLOMBIANO,00009,JAIRO DURAN ALMARIO,50
2023,CONCEJO,41797,TESALIA,00002,PARTIDO CONSERVADOR COLOMBIANO,00000,PARTIDO CONSERVADOR COLOMBIANO,39
2023,CONCEJO,41797,TESALIA,00002,PARTIDO CONSERVADOR COLOMBIANO,00001,HERNAN CASAS TRUJILLO,334
2023,CONCEJO,41797,TESALIA,00002,PARTIDO CONSERVADOR COLOMBIANO,00002,ARLENIS TOVAR CAQUIMBO,166
2023,CONCEJO,41797,TESALIA,00002,PARTIDO CONSERVADOR COLOMBIANO,00003,EDISSON DAVID CORONADO GONZALEZ,48
2023,CONCEJO,41797,TESALIA,00002,PARTIDO CONSERVADOR COLOMBIANO,00004,JAIME ANDRES YUCUMA,47
2023,CONCEJO,41797,TESALIA,00002,PARTIDO CONSERVADOR COLOMBIANO,00005,MARYSODELI PERDOMO PERDOMO,27
2023,CONCEJO,41797,TESALIA,00002,PARTIDO CONSERVADOR COLOMBIANO,00006,DELCENI MENESES LARA,29
2023,CONCEJO,41797,TESALIA,00002,PARTIDO CONSERVADOR COLOMBIANO,00007,CARLOS HERNAN PERDOMO ALDANA,37
2023,CONCEJO,41797,TESALIA,00002,PARTIDO CONSERVADOR COLOMBIANO,00008,MARIA CAMILA CAPERA LEAL,40
2023,CONCEJO,41797,TESALIA,00003,PARTIDO CAMBIO RADICAL,00000,PARTIDO CAMBIO RADICAL,25
2023,CONCEJO,41797,TESALIA,00003,PARTIDO CAMBIO RADICAL,00001,FREDY ALEJANDRO BRAND PEREZ,232
2023,CONCEJO,41797,TESALIA,00003,PARTIDO CAMBIO RADICAL,00002,LUZ MERY PULIDO VILLALBA,83
2023,CONCEJO,41797,TESALIA,00003,PARTIDO CAMBIO RADICAL,00004,OSCAR HERNANDO BASTIDAS BASTIDAS,7
2023,CONCEJO,41797,TESALIA,00003,PARTIDO CAMBIO RADICAL,00005,JOSE HEBERTH MEDINA ALEY,109
2023,CONCEJO,41797,TESALIA,00003,PARTIDO CAMBIO RADICAL,00007,EDILBERTO TRUJILLO CUELLAR,158
2023,CONCEJO,41797,TESALIA,00003,PARTIDO CAMBIO RADICAL,00008,MARITZA RAMOS LISCANO,7
2023,CONCEJO,41797,TESALIA,00004,PARTIDO ALIANZA VERDE,00000,PARTIDO ALIANZA VERDE,674
2023,CONCEJO,41797,TESALIA,00008,PARTIDO DE LA UNIÓN POR LA GENTE - PARTIDO DE LA U,00000,PARTIDO DE LA UNIÓN POR LA GENTE - PARTIDO DE LA U,20
2023,CONCEJO,41797,TESALIA,00008,PARTIDO DE LA UNIÓN POR LA GENTE - PARTIDO DE LA U,00001,NEXAR DULIO GUARACA RAMIREZ,151
2023,CONCEJO,41797,TESALIA,00008,PARTIDO DE LA UNIÓN POR LA GENTE - PARTIDO DE LA U,00002,CARLOS AURELIO RODRIGUEZ,129
2023,CONCEJO,41797,TESALIA,00008,PARTIDO DE LA UNIÓN POR LA GENTE - PARTIDO DE LA U,00003,ISIDRO CASAS TRUJILLO,89
2023,CONCEJO,41797,TESALIA,00008,PARTIDO DE LA UNIÓN POR LA GENTE - PARTIDO DE LA U,00004,MERCEDES RAMOS AMEZQUITA,52
2023,CONCEJO,41797,TESALIA,00008,PARTIDO DE LA UNIÓN POR LA GENTE - PARTIDO DE LA U,00005,MARILUZ SANCHEZ CONDE,98
2023,CONCEJO,41797,TESALIA,00008,PARTIDO DE LA UNIÓN POR LA GENTE - PARTIDO DE LA U,00006,HERNANDO PASTRANA,78
2023,CONCEJO,41797,TESALIA,00008,PARTIDO DE LA UNIÓN POR LA GENTE - PARTIDO DE LA U,00007,YUDY CONSTANZA MONTOYA PERDOMO,44
2023,CONCEJO,41797,TESALIA,00008,PARTIDO DE LA UNIÓN POR LA GENTE - PARTIDO DE LA U,00008,FERNEY MENZA BONILLA,143
2023,CONCEJO,41797,TESALIA,00008,PARTIDO DE LA UNIÓN POR LA GENTE - PARTIDO DE LA U,00009,WILSON ORLANDO CUELLAR CASTAÑO,151
2023,CONCEJO,41797,TESALIA,00011,PARTIDO CENTRO DEMOCRÁTICO,00000,PARTIDO CENTRO DEMOCRÁTICO,237
2023,CONCEJO,41797,TESALIA,00012,"MOVIMIENTO ALTERNATIVO INDÍGENA Y SOCIAL ""MAIS""",00000,"MOVIMIENTO ALTERNATIVO INDÍGENA Y SOCIAL ""MAIS""",28
2023,CONCEJO,41797,TESALIA,00012,"MOVIMIENTO ALTERNATIVO INDÍGENA Y SOCIAL ""MAIS""",00001,CARMEN JIMENA VALENZUELA MUÑOZ,282
2023,CONCEJO,41797,TESALIA,00012,"MOVIMIENTO ALTERNATIVO INDÍGENA Y SOCIAL ""MAIS""",00002,CARLOS EDUARDO GUALY ALARCON,118
2023,CONCEJO,41797,TESALIA,00012,"MOVIMIENTO ALTERNATIVO INDÍGENA Y SOCIAL ""MAIS""",00004,JHONATAN BADILLO CERON,82
2023,CONCEJO,41797,TESALIA,00012,"MOVIMIENTO ALTERNATIVO INDÍGENA Y SOCIAL ""MAIS""",00005,RULBER RODRIGUEZ CARDOZO,88
2023,CONCEJO,41797,TESALIA,00012,"MOVIMIENTO ALTERNATIVO INDÍGENA Y SOCIAL ""MAIS""",00006,LILIANA PATRICIA ANGULO BECERRA,19
2023,CONCEJO,41797,TESALIA,00012,"MOVIMIENTO ALTERNATIVO INDÍGENA Y SOCIAL ""MAIS""",00007,RUSBI ALEXANDRA GUZMAN CABRERA,56
2023,CONCEJO,41797,TESALIA,00021,PARTIDO VERDE OXÍGENO,00000,PARTIDO VERDE OXÍGENO,85
2023,CONCEJO,41797,TESALIA,00029,NUEVA FUERZA DEMOCRÁTICA,00000,NUEVA FUERZA DEMOCRÁTICA,141
2023,CONCEJO,41797,TESALIA,02320,UNIDOS POR TESALIA,00000,UNIDOS POR TESALIA,30
2023,CONCEJO,41797,TESALIA,02320,UNIDOS POR TESALIA,00001,ANDRES FELIPE GUZMAN,244
2023,CONCEJO,41797,TESALIA,02320,UNIDOS POR TESALIA,00002,ERNESTO PERDOMO PERDOMO,281
2023,CONCEJO,41797,TESALIA,02320,UNIDOS POR TESALIA,00003,BIBIANA MARTINEZ CABRERA,148
2023,CONCEJO,41797,TESALIA,02320,UNIDOS POR TESALIA,00004,YULAY TRUJILLO MARINEZ,42
2023,CONCEJO,41797,TESALIA,02320,UNIDOS POR TESALIA,00005,LILIANA CASTILLO MONJE,89
2023,CONCEJO,41797,TESALIA,02320,UNIDOS POR TESALIA,00006,EDDY JOHANA NORIEGA TRUJILLO,57
2023,CONCEJO,41797,TESALIA,02320,UNIDOS POR TESALIA,00007,WALTER FERNANDO CHAVARRO PEREZ,70
2023,CONCEJO,41797,TESALIA,02320,UNIDOS POR TESALIA,00009,VICTOR ALFONSO RIVAS MORALES,46
2023,CONCEJO,41799,TELLO,00000,,00996,VOTOS EN BLANCO,130
2023,CONCEJO,41799,TELLO,00000,,00997,VOTOS NULOS,160
2023,CONCEJO,41799,TELLO,00000,,00998,VOTOS NO MARCADOS,276
2023,CONCEJO,41799,TELLO,00001,PARTIDO LIBERAL COLOMBIANO,00000,PARTIDO LIBERAL COLOMBIANO,51
2023,CONCEJO,41799,TELLO,00001,PARTIDO LIBERAL COLOMBIANO,00001,BELISARIO RAMIREZ OLAYA,359
2023,CONCEJO,41799,TELLO,00001,PARTIDO LIBERAL COLOMBIANO,00002,CALET MURCIA TRUJILLO,159
2023,CONCEJO,41799,TELLO,00001,PARTIDO LIBERAL COLOMBIANO,00003,BALTAZAR GOMEZ GOMEZ,182
2023,CONCEJO,41799,TELLO,00001,PARTIDO LIBERAL COLOMBIANO,00004,SANDRA CABALLERO TIBANA,10
2023,CONCEJO,41799,TELLO,00001,PARTIDO LIBERAL COLOMBIANO,00005,LUIS ANGEL MACIAS OLIVEROS,327
2023,CONCEJO,41799,TELLO,00001,PARTIDO LIBERAL COLOMBIANO,00006,MARIA JHOHANNA HERNANDEZ SANCHEZ,35
2023,CONCEJO,41799,TELLO,00001,PARTIDO LIBERAL COLOMBIANO,00007,MANUEL IGNACIO MARTINEZ ARCE,13
2023,CONCEJO,41799,TELLO,00001,PARTIDO LIBERAL COLOMBIANO,00008,JOSUE RIVERA QUEVEDO,95
2023,CONCEJO,41799,TELLO,00001,PARTIDO LIBERAL COLOMBIANO,00009,DEICY VALDERRAMA POLANCO,7
2023,CONCEJO,41799,TELLO,00001,PARTIDO LIBERAL COLOMBIANO,00010,TERESA MONTENEGRO LEIVA,342
2023,CONCEJO,41799,TELLO,00001,PARTIDO LIBERAL COLOMBIANO,00011,FERMIN ESQUIVEL TRUJILLO,198
2023,CONCEJO,41799,TELLO,00004,PARTIDO ALIANZA VERDE,00000,PARTIDO ALIANZA VERDE,27
2023,CONCEJO,41799,TELLO,00004,PARTIDO ALIANZA VERDE,00001,OSCAR FERNEY LOPEZ VEGA,40
2023,CONCEJO,41799,TELLO,00004,PARTIDO ALIANZA VERDE,00003,UBERTO SOLANO SANTOS,37
2023,CONCEJO,41799,TELLO,00004,PARTIDO ALIANZA VERDE,00004,JESSICA MEDINA SANCHEZ,7
2023,CONCEJO,41799,TELLO,00004,PARTIDO ALIANZA VERDE,00006,JANETH ESPINOSA RIVAS,5
2023,CONCEJO,41799,TELLO,00004,PARTIDO ALIANZA VERDE,00007,CARLOS ANDRES CASALLAS PASCUAS,268
2023,CONCEJO,41799,TELLO,00004,PARTIDO ALIANZA VERDE,00008,ROMIRA REYES RODRIGUEZ,51
2023,CONCEJO,41799,TELLO,00004,PARTIDO ALIANZA VERDE,00010,JOVANNY ENRIQUE VILLARRAGA FLOREZ,60
2023,CONCEJO,41799,TELLO,00004,PARTIDO ALIANZA VERDE,00011,JOHN JAIRO ROMERO,254
2023,CONCEJO,41799,TELLO,00008,PARTIDO DE LA UNIÓN POR LA GENTE - PARTIDO DE LA U,00000,PARTIDO DE LA UNIÓN POR LA GENTE - PARTIDO DE LA U,39
2023,CONCEJO,41799,TELLO,00008,PARTIDO DE LA UNIÓN POR LA GENTE - PARTIDO DE LA U,00001,MERCEDES VANEGAS NAVARRO,46
2023,CONCEJO,41799,TELLO,00008,PARTIDO DE LA UNIÓN POR LA GENTE - PARTIDO DE LA U,00002,YENID DIAZ BUSTOS,6
2023,CONCEJO,41799,TELLO,00008,PARTIDO DE LA UNIÓN POR LA GENTE - PARTIDO DE LA U,00003,ANA MILENA VARGAS GUTIERREZ,415
2023,CONCEJO,41799,TELLO,00008,PARTIDO DE LA UNIÓN POR LA GENTE - PARTIDO DE LA U,00004,MARIA SOCORRO MURCIA TOVAR,15
2023,CONCEJO,41799,TELLO,00008,PARTIDO DE LA UNIÓN POR LA GENTE - PARTIDO DE LA U,00005,ROBER EDINSON PERDOMO EZQUIVEL,309
2023,CONCEJO,41799,TELLO,00008,PARTIDO DE LA UNIÓN POR LA GENTE - PARTIDO DE LA U,00006,DAVID FELIPE CALDERON SILVA,494
2023,CONCEJO,41799,TELLO,00008,PARTIDO DE LA UNIÓN POR LA GENTE - PARTIDO DE LA U,00007,JUAN FELIPE TORRES MANRIQUE,264
2023,CONCEJO,41799,TELLO,00008,PARTIDO DE LA UNIÓN POR LA GENTE - PARTIDO DE LA U,00008,ARMANDO SANCHEZ MOSQUERA,63
2023,CONCEJO,41799,TELLO,00008,PARTIDO DE LA UNIÓN POR LA GENTE - PARTIDO DE LA U,00009,ISMAEL YUSUNGUAIRA TOVAR,46
2023,CONCEJO,41799,TELLO,00008,PARTIDO DE LA UNIÓN POR LA GENTE - PARTIDO DE LA U,00010,JEFFERSON ALIRIO YAÑEZ GOMEZ,222
2023,CONCEJO,41799,TELLO,00008,PARTIDO DE LA UNIÓN POR LA GENTE - PARTIDO DE LA U,00011,GERSEN DIAZ SEGURA,335
2023,CONCEJO,41799,TELLO,00012,"MOVIMIENTO ALTERNATIVO INDÍGENA Y SOCIAL ""MAIS""",00000,"MOVIMIENTO ALTERNATIVO INDÍGENA Y SOCIAL ""MAIS""",17
2023,CONCEJO,41799,TELLO,00012,"MOVIMIENTO ALTERNATIVO INDÍGENA Y SOCIAL ""MAIS""",00001,JOSE FARID MOSQUERA PERDOMO,230
2023,CONCEJO,41799,TELLO,00012,"MOVIMIENTO ALTERNATIVO INDÍGENA Y SOCIAL ""MAIS""",00002,LUIS CARLOS SANCHEZ MOYANO,17
2023,CONCEJO,41799,TELLO,00012,"MOVIMIENTO ALTERNATIVO INDÍGENA Y SOCIAL ""MAIS""",00003,YENIFER TAINS GOMEZ,20
2023,CONCEJO,41799,TELLO,00012,"MOVIMIENTO ALTERNATIVO INDÍGENA Y SOCIAL ""MAIS""",00004,YURY DAIANA HERMOSA RODRIGUEZ,5
2023,CONCEJO,41799,TELLO,00012,"MOVIMIENTO ALTERNATIVO INDÍGENA Y SOCIAL ""MAIS""",00005,DIEGO FERNANDO GALINDEZ GOMEZ,250
2023,CONCEJO,41799,TELLO,08049,CAMBIO RADICAL MIRA,00000,CAMBIO RADICAL MIRA,16
2023,CONCEJO,41799,TELLO,08049,CAMBIO RADICAL MIRA,00001,ARMANDO BAUTISTA MEDINA,420
2023,CONCEJO,41799,TELLO,08049,CAMBIO RADICAL MIRA,00003,EDINSON PALACIOS OVIEDO,105
2023,CONCEJO,41799,TELLO,08049,CAMBIO RADICAL MIRA,00004,JOSE ADONAI BORRERO BONILLA,218
2023,CONCEJO,41799,TELLO,08049,CAMBIO RADICAL MIRA,00005,PEDRO NEL CORTES,37
2023,CONCEJO,41799,TELLO,08049,CAMBIO RADICAL MIRA,00006,DIEGO EDINSON CALDERON,203
2023,CONCEJO,41799,TELLO,08049,CAMBIO RADICAL MIRA,00007,OMAR BRAVO VERA,88
2023,CONCEJO,41799,TELLO,08049,CAMBIO RADICAL MIRA,00008,CAMILO ANDRES CALDERON PRADA,233
2023,CONCEJO,41799,TELLO,08049,CAMBIO RADICAL MIRA,00009,CLAUDIA MARLEY VANEGAS MEDINA,116
2023,CONCEJO,41799,TELLO,08049,CAMBIO RADICAL MIRA,00010,CENET SANCHEZ GOMEZ,53
2023,CONCEJO,41799,TELLO,08049,CAMBIO RADICAL MIRA,00011,MARI LUZ MARTINEZ VERA,143
2023,CONCEJO,41801,TERUEL,00000,,00996,VOTOS EN BLANCO,76
2023,CONCEJO,41801,TERUEL,00000,,00997,VOTOS NULOS,80
2023,CONCEJO,41801,TERUEL,00000,,00998,VOTOS NO MARCADOS,137
2023,CONCEJO,41801,TERUEL,00002,PARTIDO CONSERVADOR COLOMBIANO,00000,PARTIDO CONSERVADOR COLOMBIANO,14
2023,CONCEJO,41801,TERUEL,00002,PARTIDO CONSERVADOR COLOMBIANO,00001,VICTOR DELIO PASTRANA TRUJILLO,93
2023,CONCEJO,41801,TERUEL,00002,PARTIDO CONSERVADOR COLOMBIANO,00005,NESTOR JULIAN LAGUNA SALAZAR,8
2023,CONCEJO,41801,TERUEL,00002,PARTIDO CONSERVADOR COLOMBIANO,00006,YULIANA TRUJILLO VELASQUEZ,2
2023,CONCEJO,41801,TERUEL,00004,PARTIDO ALIANZA VERDE,00000,PARTIDO ALIANZA VERDE,9
2023,CONCEJO,41801,TERUEL,00004,PARTIDO ALIANZA VERDE,00001,SAMUEL FERNANDO ARDILA POLO,120
2023,CONCEJO,41801,TERUEL,00004,PARTIDO ALIANZA VERDE,00002,MARIA CAMILA LAGUNA TRUJILLO,183
2023,CONCEJO,41801,TERUEL,00004,PARTIDO ALIANZA VERDE,00003,LUZ MERY MEDINA CERQUERA,296
2023,CONCEJO,41801,TERUEL,00004,PARTIDO ALIANZA VERDE,00004,JAIME SILVA LAGUNA,128
2023,CONCEJO,41801,TERUEL,00004,PARTIDO ALIANZA VERDE,00005,WILLIAM VARGAS MARTINEZ,179
2023,CONCEJO,41801,TERUEL,00006,"PARTIDO ALIANZA SOCIAL INDEPENDIENTE ""ASI""",00000,"PARTIDO ALIANZA SOCIAL INDEPENDIENTE ""ASI""",6
2023,CONCEJO,41801,TERUEL,00006,"PARTIDO ALIANZA SOCIAL INDEPENDIENTE ""ASI""",00001,LUZ ADRIANA SIERRA VARGAS,157
2023,CONCEJO,41801,TERUEL,00006,"PARTIDO ALIANZA SOCIAL INDEPENDIENTE ""ASI""",00002,DIANA MARCELA CASTILLO GOMEZ,36
2023,CONCEJO,41801,TERUEL,00006,"PARTIDO ALIANZA SOCIAL INDEPENDIENTE ""ASI""",00003,CARLOS ENRIQUE HERNANDEZ,33
2023,CONCEJO,41801,TERUEL,00006,"PARTIDO ALIANZA SOCIAL INDEPENDIENTE ""ASI""",00004,MARIA ALEJANDRA ROJAS CHALA,27
2023,CONCEJO,41801,TERUEL,00006,"PARTIDO ALIANZA SOCIAL INDEPENDIENTE ""ASI""",00005,NORMA YOHANA RODRIGUEZ,74
2023,CONCEJO,41801,TERUEL,00006,"PARTIDO ALIANZA SOCIAL INDEPENDIENTE ""ASI""",00006,RUBI TATIANA VELASQUEZ LAGUNA,82
2023,CONCEJO,41801,TERUEL,00006,"PARTIDO ALIANZA SOCIAL INDEPENDIENTE ""ASI""",00007,RUBEN DARIO SANZA MONTEALEGRE,45
2023,CONCEJO,41801,TERUEL,00006,"PARTIDO ALIANZA SOCIAL INDEPENDIENTE ""ASI""",00008,JORGE EDIER PAJOY PETIVI,42
2023,CONCEJO,41801,TERUEL,00006,"PARTIDO ALIANZA SOCIAL INDEPENDIENTE ""ASI""",00009,JUAN DANIEL ANDRADE QUINTERO,119
2023,CONCEJO,41801,TERUEL,00018,MOVIMIENTO POLÍTICO COLOMBIA HUMANA,00000,MOVIMIENTO POLÍTICO COLOMBIA HUMANA,43
2023,CONCEJO,41801,TERUEL,00020,MOVIMIENTO SALVACIÓN NACIONAL,00000,MOVIMIENTO  SALVACIÓN NACIONAL,14
2023,CONCEJO,41801,TERUEL,00020,MOVIMIENTO SALVACIÓN NACIONAL,00002,JAVIER MAURICIO MENDEZ ARDILA,181
2023,CONCEJO,41801,TERUEL,00020,MOVIMIENTO SALVACIÓN NACIONAL,00003,ALEXANDER VARGAS ARDILA,100
2023,CONCEJO,41801,TERUEL,00020,MOVIMIENTO SALVACIÓN NACIONAL,00004,ANGELA MARIA LEYVA CABRERA,151
2023,CONCEJO,41801,TERUEL,00020,MOVIMIENTO SALVACIÓN NACIONAL,00005,RUBEIRO HERRERA IPUZ,118
2023,CONCEJO,41801,TERUEL,00020,MOVIMIENTO SALVACIÓN NACIONAL,00006,LEONARDO OCAMPO RIVERA,157
2023,CONCEJO,41801,TERUEL,00020,MOVIMIENTO SALVACIÓN NACIONAL,00007,DAYANA CAMACHO ROCHA,173
2023,CONCEJO,41801,TERUEL,00020,MOVIMIENTO SALVACIÓN NACIONAL,00008,DAYLIBRICED ROCHA DELGADO,57
2023,CONCEJO,41801,TERUEL,00020,MOVIMIENTO SALVACIÓN NACIONAL,00009,JULIAN DAVID MANIOS PATIO,162
2023,CONCEJO,41801,TERUEL,06289,ALIANZA POR TERUEL,00000,ALIANZA POR TERUEL,9
2023,CONCEJO,41801,TERUEL,06289,ALIANZA POR TERUEL,00001,WILSON CERQUERA IPIA,244
2023,CONCEJO,41801,TERUEL,06289,ALIANZA POR TERUEL,00002,YOHN FREDY ARIAS EPIA,158
2023,CONCEJO,41801,TERUEL,06289,ALIANZA POR TERUEL,00003,HECTOR ANDRES LUCENA VELASQUEZ,91
2023,CONCEJO,41801,TERUEL,06289,ALIANZA POR TERUEL,00004,MAGNOLIA JIMENA HERRERA HERRERA,29
2023,CONCEJO,41801,TERUEL,06289,ALIANZA POR TERUEL,00005,JUAN CARLOS DAVID PERDOMO,4
2023,CONCEJO,41801,TERUEL,06289,ALIANZA POR TERUEL,00006,ROSANGELICA DURAN CAMERO,26
2023,CONCEJO,41801,TERUEL,06289,ALIANZA POR TERUEL,00007,ERIS ALONSO SANCHEZ MEDINA,39
2023,CONCEJO,41801,TERUEL,06289,ALIANZA POR TERUEL,00008,YUSNIDIA SALAZAR ROSERO,3
2023,CONCEJO,41801,TERUEL,06289,ALIANZA POR TERUEL,00009,CARLOS ARTURO POLO EPIA,31
2023,CONCEJO,41801,TERUEL,06807,PARTIDO VERDE OXIGENO - PARTIDO POLITICO MIRA,00000,PARTIDO VERDE OXIGENO - PARTIDO POLITICO MIRA,13
2023,CONCEJO,41801,TERUEL,06807,PARTIDO VERDE OXIGENO - PARTIDO POLITICO MIRA,00001,ANYELA CERQUERA ARIAS,25
2023,CONCEJO,41801,TERUEL,06807,PARTIDO VERDE OXIGENO - PARTIDO POLITICO MIRA,00002,KELY JOHANA AMEZQUITA VILLABON,43
2023,CONCEJO,41801,TERUEL,06807,PARTIDO VERDE OXIGENO - PARTIDO POLITICO MIRA,00003,CARLOS MAURO BARRIOS BONILLA,307
2023,CONCEJO,41801,TERUEL,06807,PARTIDO VERDE OXIGENO - PARTIDO POLITICO MIRA,00005,KERLY CATERINE CERQUERA HERRERA,172
2023,CONCEJO,41801,TERUEL,06807,PARTIDO VERDE OXIGENO - PARTIDO POLITICO MIRA,00006,LIDA CONSTANZA ARIAS VARGAS,240
2023,CONCEJO,41801,TERUEL,06807,PARTIDO VERDE OXIGENO - PARTIDO POLITICO MIRA,00007,LUIS FERNANDO TRUJILLO PERDOMO,111
2023,CONCEJO,41801,TERUEL,06807,PARTIDO VERDE OXIGENO - PARTIDO POLITICO MIRA,00008,LUZ MARLY PILLIMUE LADINO,168
2023,CONCEJO,41801,TERUEL,06807,PARTIDO VERDE OXIGENO - PARTIDO POLITICO MIRA,00009,ROGELIO BONILLA RIVERA,10
2023,CONCEJO,41807,TIMANÁ,00000,,00996,VOTOS EN BLANCO,293
2023,CONCEJO,41807,TIMANÁ,00000,,00997,VOTOS NULOS,199
2023,CONCEJO,41807,TIMANÁ,00000,,00998,VOTOS NO MARCADOS,503
2023,CONCEJO,41807,TIMANÁ,00001,PARTIDO LIBERAL COLOMBIANO,00000,PARTIDO LIBERAL COLOMBIANO,32
2023,CONCEJO,41807,TIMANÁ,00001,PARTIDO LIBERAL COLOMBIANO,00001,NICOLAS MONTEALEGRE MENDEZ,325
2023,CONCEJO,41807,TIMANÁ,00001,PARTIDO LIBERAL COLOMBIANO,00002,MARIA ALEJANDRA POLO VARGAS,35
2023,CONCEJO,41807,TIMANÁ,00001,PARTIDO LIBERAL COLOMBIANO,00003,ALDEMAR BARRERA MORA,226
2023,CONCEJO,41807,TIMANÁ,00001,PARTIDO LIBERAL COLOMBIANO,00004,EDUIN ORTIZ CABRERA,69
2023,CONCEJO,41807,TIMANÁ,00001,PARTIDO LIBERAL COLOMBIANO,00005,JESUS ALEJANDRO RODRIGUEZ PINTO,26
2023,CONCEJO,41807,TIMANÁ,00001,PARTIDO LIBERAL COLOMBIANO,00006,OTONIEL BELTRAN ALVAREZ,109
2023,CONCEJO,41807,TIMANÁ,00001,PARTIDO LIBERAL COLOMBIANO,00007,JOSE EUSEBIO MOLINA LOPEZ,44
2023,CONCEJO,41807,TIMANÁ,00001,PARTIDO LIBERAL COLOMBIANO,00008,VICTOR DELIO CASANOVA SAPUY,232
2023,CONCEJO,41807,TIMANÁ,00001,PARTIDO LIBERAL COLOMBIANO,00009,ROBERT CUELLAR MURCIA,64
2023,CONCEJO,41807,TIMANÁ,00001,PARTIDO LIBERAL COLOMBIANO,00010,HERNANDO ANACONA BOLAÑOS,192
2023,CONCEJO,41807,TIMANÁ,00001,PARTIDO LIBERAL COLOMBIANO,00011,GLORIA MERY ALARCON,84
2023,CONCEJO,41807,TIMANÁ,00001,PARTIDO LIBERAL COLOMBIANO,00012,LUZ ADRIANA PARRA GALINDO,258
2023,CONCEJO,41807,TIMANÁ,00001,PARTIDO LIBERAL COLOMBIANO,00013,MILDRED CAVIEDES MEJIA,46
2023,CONCEJO,41807,TIMANÁ,00002,PARTIDO CONSERVADOR COLOMBIANO,00000,PARTIDO CONSERVADOR COLOMBIANO,66
2023,CONCEJO,41807,TIMANÁ,00002,PARTIDO CONSERVADOR COLOMBIANO,00001,JOSE DOLORES CARRILLO RUIZ,268
2023,CONCEJO,41807,TIMANÁ,00002,PARTIDO CONSERVADOR COLOMBIANO,00002,WILMER ROJAS,325
2023,CONCEJO,41807,TIMANÁ,00002,PARTIDO CONSERVADOR COLOMBIANO,00004,JUSTO PASTOR ARBELAEZ MAZABEL,122
2023,CONCEJO,41807,TIMANÁ,00002,PARTIDO CONSERVADOR COLOMBIANO,00005,GLORIA MEDINA VARGAS,112
2023,CONCEJO,41807,TIMANÁ,00002,PARTIDO CONSERVADOR COLOMBIANO,00006,RUBIEL PARRA VARGAS,41
2023,CONCEJO,41807,TIMANÁ,00002,PARTIDO CONSERVADOR COLOMBIANO,00007,ANDRES TRIVIÑO RODRIGUEZ,39
2023,CONCEJO,41807,TIMANÁ,00002,PARTIDO CONSERVADOR COLOMBIANO,00008,AMANDA PUENTES PARRA,107
2023,CONCEJO,41807,TIMANÁ,00002,PARTIDO CONSERVADOR COLOMBIANO,00009,LAURA ALEXANDRA URIBE REYES,7
2023,CONCEJO,41807,TIMANÁ,00002,PARTIDO CONSERVADOR COLOMBIANO,00010,JUAN DAVID MORA URIBE,96
2023,CONCEJO,41807,TIMANÁ,00002,PARTIDO CONSERVADOR COLOMBIANO,00011,FLOR LINDA OME PARRA,7
2023,CONCEJO,41807,TIMANÁ,00002,PARTIDO CONSERVADOR COLOMBIANO,00012,MARIA CRISTINA CALDERON MUÑOZ,5
2023,CONCEJO,41807,TIMANÁ,00002,PARTIDO CONSERVADOR COLOMBIANO,00013,DIEGO ALEJANDRO FIGUEROA CERQUERA,76
2023,CONCEJO,41807,TIMANÁ,00003,PARTIDO CAMBIO RADICAL,00000,PARTIDO CAMBIO RADICAL,26
2023,CONCEJO,41807,TIMANÁ,00003,PARTIDO CAMBIO RADICAL,00001,ANCISAR ARLEY PARRA LOSADA,54
2023,CONCEJO,41807,TIMANÁ,00003,PARTIDO CAMBIO RADICAL,00002,YILBERT FELIPE TRUJILLO MEDINA,123
2023,CONCEJO,41807,TIMANÁ,00003,PARTIDO CAMBIO RADICAL,00003,DANA YULIETH VARGAS OME,87
2023,CONCEJO,41807,TIMANÁ,00003,PARTIDO CAMBIO RADICAL,00004,FLOR EDIT CUELLAR MEDINA,6
2023,CONCEJO,41807,TIMANÁ,00003,PARTIDO CAMBIO RADICAL,00005,LUIS ANGEL GRATZ GRATZ,111
2023,CONCEJO,41807,TIMANÁ,00003,PARTIDO CAMBIO RADICAL,00006,HENRY MUÑOZ GARZON,150
2023,CONCEJO,41807,TIMANÁ,00003,PARTIDO CAMBIO RADICAL,00007,SILVIA LORENA CARDONA BURBANO,31
2023,CONCEJO,41807,TIMANÁ,00003,PARTIDO CAMBIO RADICAL,00008,JOSE GABRIEL BELTRAN PARRA,9
2023,CONCEJO,41807,TIMANÁ,00003,PARTIDO CAMBIO RADICAL,00009,IDALY CORREA HERMIDA,43
2023,CONCEJO,41807,TIMANÁ,00003,PARTIDO CAMBIO RADICAL,00010,OMAR ANDRES CALDERON,33
2023,CONCEJO,41807,TIMANÁ,00003,PARTIDO CAMBIO RADICAL,00011,JORGE ELIECER FAJARDO RODRIGUEZ,92
2023,CONCEJO,41807,TIMANÁ,00003,PARTIDO CAMBIO RADICAL,00012,ANGELI FERNANDA RAMIREZ PERDOMO,3
2023,CONCEJO,41807,TIMANÁ,00003,PARTIDO CAMBIO RADICAL,00013,JENNY LORENA VILLEGAS ARTUNDUAGA,128
2023,CONCEJO,41807,TIMANÁ,00004,PARTIDO ALIANZA VERDE,00000,PARTIDO ALIANZA VERDE,61
2023,CONCEJO,41807,TIMANÁ,00004,PARTIDO ALIANZA VERDE,00001,YIRLI KARINA MUÑOZ ESPAÑA,46
2023,CONCEJO,41807,TIMANÁ,00004,PARTIDO ALIANZA VERDE,00002,DIEGO ARTURO PILLIMUE GUENGUE,75
2023,CONCEJO,41807,TIMANÁ,00004,PARTIDO ALIANZA VERDE,00003,OCTAVIO VARGAS ROJAS,97
2023,CONCEJO,41807,TIMANÁ,00004,PARTIDO ALIANZA VERDE,00004,ERIKA LORENA DUSSAN CALDERON,109
2023,CONCEJO,41807,TIMANÁ,00004,PARTIDO ALIANZA VERDE,00005,HENRY BISCUE ORDOÑEZ,108
2023,CONCEJO,41807,TIMANÁ,00004,PARTIDO ALIANZA VERDE,00006,SERGIO ANDRES OVIEDO HERNANDEZ,80
2023,CONCEJO,41807,TIMANÁ,00004,PARTIDO ALIANZA VERDE,00007,JUAN CARLOS SAENZ VARGAS,282
2023,CONCEJO,41807,TIMANÁ,00004,PARTIDO ALIANZA VERDE,00008,MARY LUZ IBARRA GARCIA,43
2023,CONCEJO,41807,TIMANÁ,00004,PARTIDO ALIANZA VERDE,00009,JESUS MARIA ARTUNDUAGA ARTUNDUAGA,238
2023,CONCEJO,41807,TIMANÁ,00004,PARTIDO ALIANZA VERDE,00010,LUIS CARLOS SERRATO MURCIA,33
2023,CONCEJO,41807,TIMANÁ,00004,PARTIDO ALIANZA VERDE,00011,JORGE ARBEY CUELLAR BURBANO,71
2023,CONCEJO,41807,TIMANÁ,00004,PARTIDO ALIANZA VERDE,00012,MILAGROS CORREA ARRIGUI,60
2023,CONCEJO,41807,TIMANÁ,00004,PARTIDO ALIANZA VERDE,00013,HECTOR CHAVARRO MENDEZ,223
2023,CONCEJO,41807,TIMANÁ,00008,PARTIDO DE LA UNIÓN POR LA GENTE - PARTIDO DE LA U,00000,PARTIDO DE LA UNIÓN POR LA GENTE - PARTIDO DE LA U,23
2023,CONCEJO,41807,TIMANÁ,00008,PARTIDO DE LA UNIÓN POR LA GENTE - PARTIDO DE LA U,00001,RAFAEL ROJAS CUELLAR,90
2023,CONCEJO,41807,TIMANÁ,00008,PARTIDO DE LA UNIÓN POR LA GENTE - PARTIDO DE LA U,00002,PAOLA CATALINA ALMARIO CONDE,43
2023,CONCEJO,41807,TIMANÁ,00008,PARTIDO DE LA UNIÓN POR LA GENTE - PARTIDO DE LA U,00003,MANUEL JOAQUIN LOSADA ARTUNDUAGA,33
2023,CONCEJO,41807,TIMANÁ,00008,PARTIDO DE LA UNIÓN POR LA GENTE - PARTIDO DE LA U,00004,EDNI ROCIO ROJAS ROJAS,3
2023,CONCEJO,41807,TIMANÁ,00008,PARTIDO DE LA UNIÓN POR LA GENTE - PARTIDO DE LA U,00005,RODELFI ENDO MUÑOZ,41
2023,CONCEJO,41807,TIMANÁ,00008,PARTIDO DE LA UNIÓN POR LA GENTE - PARTIDO DE LA U,00006,ISMELDA NUÑEZ LOPEZ,9
2023,CONCEJO,41807,TIMANÁ,00008,PARTIDO DE LA UNIÓN POR LA GENTE - PARTIDO DE LA U,00007,RICAUTE PINEDA GONZALES,18
2023,CONCEJO,41807,TIMANÁ,00008,PARTIDO DE LA UNIÓN POR LA GENTE - PARTIDO DE LA U,00008,JAIBI ANGELICA ANACONA NUÑEZ,14
2023,CONCEJO,41807,TIMANÁ,00008,PARTIDO DE LA UNIÓN POR LA GENTE - PARTIDO DE LA U,00009,DANER OMEN QUINAYAS,10
2023,CONCEJO,41807,TIMANÁ,00008,PARTIDO DE LA UNIÓN POR LA GENTE - PARTIDO DE LA U,00010,ERIKA FERNANDA GALINDEZ COLLAZOS,3
2023,CONCEJO,41807,TIMANÁ,00008,PARTIDO DE LA UNIÓN POR LA GENTE - PARTIDO DE LA U,00011,GERARDO ANDRES HURTADO CELIS,2
2023,CONCEJO,41807,TIMANÁ,00011,PARTIDO CENTRO DEMOCRÁTICO,00000,PARTIDO CENTRO DEMOCRÁTICO,54
2023,CONCEJO,41807,TIMANÁ,00011,PARTIDO CENTRO DEMOCRÁTICO,00001,ORLANDO PARRA RODRIGUEZ,184
2023,CONCEJO,41807,TIMANÁ,00011,PARTIDO CENTRO DEMOCRÁTICO,00002,ELKY ROLANDO VARGAS STERLING,232
2023,CONCEJO,41807,TIMANÁ,00011,PARTIDO CENTRO DEMOCRÁTICO,00003,HERNAN GASCA OME,276
2023,CONCEJO,41807,TIMANÁ,00011,PARTIDO CENTRO DEMOCRÁTICO,00004,MARISOL YAIMA YAIMA,70
2023,CONCEJO,41807,TIMANÁ,00011,PARTIDO CENTRO DEMOCRÁTICO,00005,LEIDY TATIANA VELA BOLAÑOS,101
2023,CONCEJO,41807,TIMANÁ,00011,PARTIDO CENTRO DEMOCRÁTICO,00006,VIRGILIO CALDERON CARVAJAL,31
2023,CONCEJO,41807,TIMANÁ,00011,PARTIDO CENTRO DEMOCRÁTICO,00007,HERNANDO CAMACHO TOBAR,127
2023,CONCEJO,41807,TIMANÁ,00011,PARTIDO CENTRO DEMOCRÁTICO,00008,PEDRO FABIAN RODRIGUEZ GOMEZ,1
2023,CONCEJO,41807,TIMANÁ,00011,PARTIDO CENTRO DEMOCRÁTICO,00009,LUIS CARLOS CORTES REYES,46
2023,CONCEJO,41807,TIMANÁ,00011,PARTIDO CENTRO DEMOCRÁTICO,00010,FAIBER ARMEL ARTUNDUAGA MONTEALEGRE,56
2023,CONCEJO,41807,TIMANÁ,00011,PARTIDO CENTRO DEMOCRÁTICO,00011,YINETH MAYORCA SERRATO,13
2023,CONCEJO,41807,TIMANÁ,00011,PARTIDO CENTRO DEMOCRÁTICO,00012,CLAUDIA GISELA GOMEZ SANCHEZ,65
2023,CONCEJO,41807,TIMANÁ,00011,PARTIDO CENTRO DEMOCRÁTICO,00013,JORGE LUIS VARGAS TORRES,176
2023,CONCEJO,41807,TIMANÁ,00012,"MOVIMIENTO ALTERNATIVO INDÍGENA Y SOCIAL ""MAIS""",00000,"MOVIMIENTO ALTERNATIVO INDÍGENA Y SOCIAL ""MAIS""",7
2023,CONCEJO,41807,TIMANÁ,00012,"MOVIMIENTO ALTERNATIVO INDÍGENA Y SOCIAL ""MAIS""",00001,CARLOS AUGUSTO PENAGOS,100
2023,CONCEJO,41807,TIMANÁ,00012,"MOVIMIENTO ALTERNATIVO INDÍGENA Y SOCIAL ""MAIS""",00002,FRANKIL GRAFFE STERLING,23
2023,CONCEJO,41807,TIMANÁ,00012,"MOVIMIENTO ALTERNATIVO INDÍGENA Y SOCIAL ""MAIS""",00005,MARIA YASMIN GIRON GARCIA,4
2023,CONCEJO,41807,TIMANÁ,00012,"MOVIMIENTO ALTERNATIVO INDÍGENA Y SOCIAL ""MAIS""",00006,FABIOLA CANO VARGAS,9
2023,CONCEJO,41807,TIMANÁ,00012,"MOVIMIENTO ALTERNATIVO INDÍGENA Y SOCIAL ""MAIS""",00007,JHON JAIME ALZATE CHICAIZA,31
2023,CONCEJO,41807,TIMANÁ,00012,"MOVIMIENTO ALTERNATIVO INDÍGENA Y SOCIAL ""MAIS""",00008,MAYERLI HERNANDEZ CAPADOR,2
2023,CONCEJO,41807,TIMANÁ,00012,"MOVIMIENTO ALTERNATIVO INDÍGENA Y SOCIAL ""MAIS""",00009,DIEGO PATRICIO USECHE CASTRO,5
2023,CONCEJO,41807,TIMANÁ,00012,"MOVIMIENTO ALTERNATIVO INDÍGENA Y SOCIAL ""MAIS""",00010,JULIE ANDREA GUTIERREZ HENAO,5
2023,CONCEJO,41807,TIMANÁ,00012,"MOVIMIENTO ALTERNATIVO INDÍGENA Y SOCIAL ""MAIS""",00011,ANGELICA RAMIREZ BAQUERO,3
2023,CONCEJO,41807,TIMANÁ,00012,"MOVIMIENTO ALTERNATIVO INDÍGENA Y SOCIAL ""MAIS""",00012,OSCAR JAVIER ARTUNDUAGA RUBIANO,5
2023,CONCEJO,41807,TIMANÁ,00016,MOVIMIENTO ALIANZA DEMOCRÁTICA AMPLIA - Res. 2049 de 2021,00000,MOVIMIENTO ALIANZA DEMOCRÁTICA AMPLIA,35
2023,CONCEJO,41807,TIMANÁ,00016,MOVIMIENTO ALIANZA DEMOCRÁTICA AMPLIA - Res. 2049 de 2021,00001,HUGO FERNANDO JOVEN REINA,63
2023,CONCEJO,41807,TIMANÁ,00016,MOVIMIENTO ALIANZA DEMOCRÁTICA AMPLIA - Res. 2049 de 2021,00002,NELSON TRUJILLO CLAROS,160
2023,CONCEJO,41807,TIMANÁ,00016,MOVIMIENTO ALIANZA DEMOCRÁTICA AMPLIA - Res. 2049 de 2021,00003,YULIETH MARITZA QUESADA PEDROZA,36
2023,CONCEJO,41807,TIMANÁ,00016,MOVIMIENTO ALIANZA DEMOCRÁTICA AMPLIA - Res. 2049 de 2021,00004,JACINTO PEREZ,25
2023,CONCEJO,41807,TIMANÁ,00016,MOVIMIENTO ALIANZA DEMOCRÁTICA AMPLIA - Res. 2049 de 2021,00005,FRANDAIRO CASTAÑEDA BRIÑEZ,121
2023,CONCEJO,41807,TIMANÁ,00016,MOVIMIENTO ALIANZA DEMOCRÁTICA AMPLIA - Res. 2049 de 2021,00006,FRANKY ANEIDER PARRA LOSADA,42
2023,CONCEJO,41807,TIMANÁ,00016,MOVIMIENTO ALIANZA DEMOCRÁTICA AMPLIA - Res. 2049 de 2021,00007,LIZETH BIBIANA GALLARDO CAICEDO,5
2023,CONCEJO,41807,TIMANÁ,00016,MOVIMIENTO ALIANZA DEMOCRÁTICA AMPLIA - Res. 2049 de 2021,00008,RAMIRO COLLAZOS SOTTO,5
2023,CONCEJO,41807,TIMANÁ,00016,MOVIMIENTO ALIANZA DEMOCRÁTICA AMPLIA - Res. 2049 de 2021,00009,FERNEY NUÑEZ CASTRO,95
2023,CONCEJO,41807,TIMANÁ,00016,MOVIMIENTO ALIANZA DEMOCRÁTICA AMPLIA - Res. 2049 de 2021,00010,DIOMEDES OME PEREZ,37
2023,CONCEJO,41807,TIMANÁ,00016,MOVIMIENTO ALIANZA DEMOCRÁTICA AMPLIA - Res. 2049 de 2021,00011,ANA CRISTINA PERDOMO LARGO,4
2023,CONCEJO,41807,TIMANÁ,00016,MOVIMIENTO ALIANZA DEMOCRÁTICA AMPLIA - Res. 2049 de 2021,00012,ADRIANA SOFIA CORDOBA VARGAS,98
2023,CONCEJO,41807,TIMANÁ,00016,MOVIMIENTO ALIANZA DEMOCRÁTICA AMPLIA - Res. 2049 de 2021,00013,JHON EDWIN ROJAS SERRATO,97
2023,CONCEJO,41807,TIMANÁ,00020,MOVIMIENTO SALVACIÓN NACIONAL,00000,MOVIMIENTO  SALVACIÓN NACIONAL,5
2023,CONCEJO,41807,TIMANÁ,00020,MOVIMIENTO SALVACIÓN NACIONAL,00001,CARLA VANEZA PARRAGA LOPEZ,9
2023,CONCEJO,41807,TIMANÁ,00020,MOVIMIENTO SALVACIÓN NACIONAL,00002,VANESSA COLLAZOS ORJUELA,5
2023,CONCEJO,41807,TIMANÁ,00020,MOVIMIENTO SALVACIÓN NACIONAL,00003,WILMER OSWALDO LOBOA PARRA,4
2023,CONCEJO,41807,TIMANÁ,00020,MOVIMIENTO SALVACIÓN NACIONAL,00004,YINA MAGALY TORRES MENDEZ,39
2023,CONCEJO,41807,TIMANÁ,00020,MOVIMIENTO SALVACIÓN NACIONAL,00005,ARBEY NARVAEZ ARTUNDUAGA,41
2023,CONCEJO,41807,TIMANÁ,00020,MOVIMIENTO SALVACIÓN NACIONAL,00006,FRANCISCO GONZALEZ PENAGOS,3
2023,CONCEJO,41807,TIMANÁ,00020,MOVIMIENTO SALVACIÓN NACIONAL,00007,JEFERSON MOLINA MARIN,89
2023,CONCEJO,41807,TIMANÁ,00020,MOVIMIENTO SALVACIÓN NACIONAL,00008,EVER MAURICIO ENDO LOSADA,9
2023,CONCEJO,41807,TIMANÁ,00020,MOVIMIENTO SALVACIÓN NACIONAL,00009,LAURA MELISSA PARDO ALMARIO,23
2023,CONCEJO,41807,TIMANÁ,00020,MOVIMIENTO SALVACIÓN NACIONAL,00010,LAURA VANESSA PARRA PUENTES,6
2023,CONCEJO,41807,TIMANÁ,00020,MOVIMIENTO SALVACIÓN NACIONAL,00011,DIEGO FERNANDO SOTO OME,18
2023,CONCEJO,41807,TIMANÁ,00020,MOVIMIENTO SALVACIÓN NACIONAL,00012,MARIA SILVIA CORREA OME,20
2023,CONCEJO,41807,TIMANÁ,00020,MOVIMIENTO SALVACIÓN NACIONAL,00013,ANGEL ANDRES ROJAS PENAGOS,15
2023,CONCEJO,41807,TIMANÁ,00026,PARTIDO POLÍTICO LA FUERZA DE LA PAZ,00000,PARTIDO POLÍTICO LA FUERZA DE LA PAZ,9
2023,CONCEJO,41807,TIMANÁ,00026,PARTIDO POLÍTICO LA FUERZA DE LA PAZ,00001,LILIANA CONSTANZA RAMOS MORALES,134
2023,CONCEJO,41807,TIMANÁ,00026,PARTIDO POLÍTICO LA FUERZA DE LA PAZ,00002,BRAYAN STIVEN CARVAJAL ROJAS,7
2023,CONCEJO,41807,TIMANÁ,00026,PARTIDO POLÍTICO LA FUERZA DE LA PAZ,00003,YEIMY JOHAN FALLA LOSADA,27
2023,CONCEJO,41807,TIMANÁ,00026,PARTIDO POLÍTICO LA FUERZA DE LA PAZ,00004,FERNANDO COLLAZOS CHIMONJA,25
2023,CONCEJO,41807,TIMANÁ,00026,PARTIDO POLÍTICO LA FUERZA DE LA PAZ,00005,SAHIRA PATRICIA RINCON SANCHEZ,67
2023,CONCEJO,41807,TIMANÁ,00026,PARTIDO POLÍTICO LA FUERZA DE LA PAZ,00006,JUAN CARLOS TORRES TOLEDO,19
2023,CONCEJO,41807,TIMANÁ,00026,PARTIDO POLÍTICO LA FUERZA DE LA PAZ,00007,LUIS FELIPE ALVAREZ MOLINA,73
2023,CONCEJO,41807,TIMANÁ,00026,PARTIDO POLÍTICO LA FUERZA DE LA PAZ,00008,NOLBERTO FIGUEROA,2
2023,CONCEJO,41807,TIMANÁ,00036,PARTIDO POLÍTICO GENTE EN MOVIMIENTO,00000,PARTIDO POLÍTICO GENTE EN MOVIMIENTO,35
2023,CONCEJO,41807,TIMANÁ,00036,PARTIDO POLÍTICO GENTE EN MOVIMIENTO,00001,CAMILO ANDRES RAMIREZ PARRA,96
2023,CONCEJO,41807,TIMANÁ,00036,PARTIDO POLÍTICO GENTE EN MOVIMIENTO,00002,GERMAN ALBERTO STERLING VARGAS,86
2023,CONCEJO,41807,TIMANÁ,00036,PARTIDO POLÍTICO GENTE EN MOVIMIENTO,00003,WILLER EMILIO GOMEZ MOTTA,204
2023,CONCEJO,41807,TIMANÁ,00036,PARTIDO POLÍTICO GENTE EN MOVIMIENTO,00004,VALENTINA PEÑA CARDOZO,7
2023,CONCEJO,41807,TIMANÁ,00036,PARTIDO POLÍTICO GENTE EN MOVIMIENTO,00005,DELIA BELTRAN CABRERA,44
2023,CONCEJO,41807,TIMANÁ,00036,PARTIDO POLÍTICO GENTE EN MOVIMIENTO,00006,ALBERTO SANCHEZ ESTERLING,78
2023,CONCEJO,41807,TIMANÁ,00036,PARTIDO POLÍTICO GENTE EN MOVIMIENTO,00007,JOSE ALEXANDER PORTILLA OME,278
2023,CONCEJO,41807,TIMANÁ,00036,PARTIDO POLÍTICO GENTE EN MOVIMIENTO,00008,FLOVER VARGAS VALENCIANO,43
2023,CONCEJO,41807,TIMANÁ,00036,PARTIDO POLÍTICO GENTE EN MOVIMIENTO,00009,HERMES ULISES RIASCOS PAREJA,57
2023,CONCEJO,41807,TIMANÁ,00036,PARTIDO POLÍTICO GENTE EN MOVIMIENTO,00010,JESUS YOLIMA SILVA,3
2023,CONCEJO,41807,TIMANÁ,00036,PARTIDO POLÍTICO GENTE EN MOVIMIENTO,00011,YURLEDY CAROLINA RIAÑO OSPINA,27
2023,CONCEJO,41807,TIMANÁ,00036,PARTIDO POLÍTICO GENTE EN MOVIMIENTO,00012,GEOVANNY ENRIQUE CRUZ HERMIDA,119
2023,CONCEJO,41807,TIMANÁ,00036,PARTIDO POLÍTICO GENTE EN MOVIMIENTO,00013,JHON ELIO IMBACHI MEDINA,63
2023,CONCEJO,41807,TIMANÁ,07301,COALICION ENTRE TODOS SOMOS COLOMBIA Y EL PARTIDO MIRA,00000,COALICION ENTRE TODOS SOMOS COLOMBIA Y EL PARTIDO MIRA,7
2023,CONCEJO,41807,TIMANÁ,07301,COALICION ENTRE TODOS SOMOS COLOMBIA Y EL PARTIDO MIRA,00001,JHON JAIRO CALDERON HEREDIA,92
2023,CONCEJO,41807,TIMANÁ,07301,COALICION ENTRE TODOS SOMOS COLOMBIA Y EL PARTIDO MIRA,00003,LIDIA GONZALEZ ARTUNDUAGA,58
2023,CONCEJO,41807,TIMANÁ,07301,COALICION ENTRE TODOS SOMOS COLOMBIA Y EL PARTIDO MIRA,00004,BRIYITH PARRA OME,8
2023,CONCEJO,41807,TIMANÁ,07301,COALICION ENTRE TODOS SOMOS COLOMBIA Y EL PARTIDO MIRA,00005,MILLER ALFONSO RINCON OME,3
2023,CONCEJO,41807,TIMANÁ,07301,COALICION ENTRE TODOS SOMOS COLOMBIA Y EL PARTIDO MIRA,00006,INGRY LUCIA HERRERA SANTACRUZ,2
2023,CONCEJO,41807,TIMANÁ,07301,COALICION ENTRE TODOS SOMOS COLOMBIA Y EL PARTIDO MIRA,00007,JORGE ALFONSO CHAVARRO HERNANDEZ,5
2023,CONCEJO,41807,TIMANÁ,07301,COALICION ENTRE TODOS SOMOS COLOMBIA Y EL PARTIDO MIRA,00009,YINA MARCELA ACOSTA VALDERRAMA,13
2023,CONCEJO,41807,TIMANÁ,07301,COALICION ENTRE TODOS SOMOS COLOMBIA Y EL PARTIDO MIRA,00010,EDINSON RAMIREZ QUITORA,3
2023,CONCEJO,41807,TIMANÁ,07301,COALICION ENTRE TODOS SOMOS COLOMBIA Y EL PARTIDO MIRA,00011,LUZ MARY MURCIA MURCIA,56
2023,CONCEJO,41807,TIMANÁ,07301,COALICION ENTRE TODOS SOMOS COLOMBIA Y EL PARTIDO MIRA,00012,JHON EDHISSON PALACIOS RAMOS,2
2023,CONCEJO,41872,VILLAVIEJA,00000,,00996,VOTOS EN BLANCO,61
2023,CONCEJO,41872,VILLAVIEJA,00000,,00997,VOTOS NULOS,64
2023,CONCEJO,41872,VILLAVIEJA,00000,,00998,VOTOS NO MARCADOS,147
2023,CONCEJO,41872,VILLAVIEJA,00001,PARTIDO LIBERAL COLOMBIANO,00000,PARTIDO LIBERAL COLOMBIANO,15
2023,CONCEJO,41872,VILLAVIEJA,00001,PARTIDO LIBERAL COLOMBIANO,00001,HERNAN ROJAS VARGAS,191
2023,CONCEJO,41872,VILLAVIEJA,00001,PARTIDO LIBERAL COLOMBIANO,00002,LINA MARIA CORRALES YATE,283
2023,CONCEJO,41872,VILLAVIEJA,00001,PARTIDO LIBERAL COLOMBIANO,00003,GUILLERMO CULMA RAMIREZ,93
2023,CONCEJO,41872,VILLAVIEJA,00001,PARTIDO LIBERAL COLOMBIANO,00004,ELISABETH MEDINA TOLEDO,32
2023,CONCEJO,41872,VILLAVIEJA,00001,PARTIDO LIBERAL COLOMBIANO,00005,AURA LISSETTE GUTIERREZ VANEGAS,24
2023,CONCEJO,41872,VILLAVIEJA,00001,PARTIDO LIBERAL COLOMBIANO,00006,ANGELO SANCHEZ CALLEJAS,64
2023,CONCEJO,41872,VILLAVIEJA,00001,PARTIDO LIBERAL COLOMBIANO,00007,HERNAN RODRIGUEZ CALLEJAS,93
2023,CONCEJO,41872,VILLAVIEJA,00001,PARTIDO LIBERAL COLOMBIANO,00008,ROBINSON DANIEL URUEÑA MOSSOS,59
2023,CONCEJO,41872,VILLAVIEJA,00001,PARTIDO LIBERAL COLOMBIANO,00009,PAULINO VANEGAS VANEGAS,134
2023,CONCEJO,41872,VILLAVIEJA,00002,PARTIDO CONSERVADOR COLOMBIANO,00000,PARTIDO CONSERVADOR COLOMBIANO,10
2023,CONCEJO,41872,VILLAVIEJA,00002,PARTIDO CONSERVADOR COLOMBIANO,00001,GILMAR VANEGAS CORTES,300
2023,CONCEJO,41872,VILLAVIEJA,00002,PARTIDO CONSERVADOR COLOMBIANO,00003,RICARDO CORTES RODRIGUEZ,16
2023,CONCEJO,41872,VILLAVIEJA,00002,PARTIDO CONSERVADOR COLOMBIANO,00004,LEVIS CORTES VANEGAS,17
2023,CONCEJO,41872,VILLAVIEJA,00002,PARTIDO CONSERVADOR COLOMBIANO,00007,DIANA MILEC CAPERA PIMENTEL,9
2023,CONCEJO,41872,VILLAVIEJA,00002,PARTIDO CONSERVADOR COLOMBIANO,00008,ANA VILMA CALDERON GIL,12
2023,CONCEJO,41872,VILLAVIEJA,00003,PARTIDO CAMBIO RADICAL,00000,PARTIDO CAMBIO RADICAL,4
2023,CONCEJO,41872,VILLAVIEJA,00003,PARTIDO CAMBIO RADICAL,00001,ANA MARIA VANEGAS GIL,467
2023,CONCEJO,41872,VILLAVIEJA,00003,PARTIDO CAMBIO RADICAL,00002,EVER CASTRO MEDINA,44
2023,CONCEJO,41872,VILLAVIEJA,00003,PARTIDO CAMBIO RADICAL,00003,ESNEIDER CASTRO FALLA,347
2023,CONCEJO,41872,VILLAVIEJA,00003,PARTIDO CAMBIO RADICAL,00004,RODOLFO CASTRO LIZCANO,16
2023,CONCEJO,41872,VILLAVIEJA,00003,PARTIDO CAMBIO RADICAL,00007,FLORALBA PASCUAS MURILLO,1
2023,CONCEJO,41872,VILLAVIEJA,00003,PARTIDO CAMBIO RADICAL,00009,JUAN DIEGO RAMIREZ RIVERA,5
2023,CONCEJO,41872,VILLAVIEJA,00004,PARTIDO ALIANZA VERDE,00000,PARTIDO ALIANZA VERDE,15
2023,CONCEJO,41872,VILLAVIEJA,00004,PARTIDO ALIANZA VERDE,00001,CRISTIAN ADOLFO GUTIERREZ PERDOMO,346
2023,CONCEJO,41872,VILLAVIEJA,00004,PARTIDO ALIANZA VERDE,00002,FLORDEY CORTES QUESADA,8
2023,CONCEJO,41872,VILLAVIEJA,00004,PARTIDO ALIANZA VERDE,00003,ELMER CELIS TOVAR,87
2023,CONCEJO,41872,VILLAVIEJA,00004,PARTIDO ALIANZA VERDE,00004,MARIA ALEJANDRA BAHAMON ROMERO,28
2023,CONCEJO,41872,VILLAVIEJA,00004,PARTIDO ALIANZA VERDE,00005,GERMAN RODRIGUEZ PERDOMO,13
2023,CONCEJO,41872,VILLAVIEJA,00004,PARTIDO ALIANZA VERDE,00006,DIEGO FERNANDO PUENTES CAMINOS,14
2023,CONCEJO,41872,VILLAVIEJA,00004,PARTIDO ALIANZA VERDE,00007,ADRIANA MAYERLY PIÑA TOVAR,33
2023,CONCEJO,41872,VILLAVIEJA,00004,PARTIDO ALIANZA VERDE,00008,FAIBER SANCHEZ SANDOVAL,15
2023,CONCEJO,41872,VILLAVIEJA,00004,PARTIDO ALIANZA VERDE,00009,JENNY EDITH SANCLEMENTE MARROQUIN,289
2023,CONCEJO,41872,VILLAVIEJA,00005,"MOVIMIENTO AUTORIDADES INDÍGENAS DE COLOMBIA ""AICO""",00000,"MOVIMIENTO AUTORIDADES INDÍGENAS DE COLOMBIA ""AICO """,4
2023,CONCEJO,41872,VILLAVIEJA,00005,"MOVIMIENTO AUTORIDADES INDÍGENAS DE COLOMBIA ""AICO""",00001,LUIS VICENTE MAYOR CARDOZO,90
2023,CONCEJO,41872,VILLAVIEJA,00005,"MOVIMIENTO AUTORIDADES INDÍGENAS DE COLOMBIA ""AICO""",00002,ESTIVEN RODRIGUEZ FRANCO,48
2023,CONCEJO,41872,VILLAVIEJA,00005,"MOVIMIENTO AUTORIDADES INDÍGENAS DE COLOMBIA ""AICO""",00003,JOSE HUBER TOVAR PERDOMO,57
2023,CONCEJO,41872,VILLAVIEJA,00005,"MOVIMIENTO AUTORIDADES INDÍGENAS DE COLOMBIA ""AICO""",00004,ANDRES FELIPE ROJAS ALBARRAN,86
2023,CONCEJO,41872,VILLAVIEJA,00005,"MOVIMIENTO AUTORIDADES INDÍGENAS DE COLOMBIA ""AICO""",00006,MAYRA ALEJANDRA CAICEDO,1
2023,CONCEJO,41872,VILLAVIEJA,00005,"MOVIMIENTO AUTORIDADES INDÍGENAS DE COLOMBIA ""AICO""",00007,GLORIA PAOLA CARDOZO MARTINEZ,12
2023,CONCEJO,41872,VILLAVIEJA,00006,"PARTIDO ALIANZA SOCIAL INDEPENDIENTE ""ASI""",00000,"PARTIDO ALIANZA SOCIAL INDEPENDIENTE ""ASI""",5
2023,CONCEJO,41872,VILLAVIEJA,00006,"PARTIDO ALIANZA SOCIAL INDEPENDIENTE ""ASI""",00001,DIEGO ARMANDO OLAYA QUESADA,51
2023,CONCEJO,41872,VILLAVIEJA,00006,"PARTIDO ALIANZA SOCIAL INDEPENDIENTE ""ASI""",00002,SERGIO ANDRES TOVAR RIVERA,10
2023,CONCEJO,41872,VILLAVIEJA,00006,"PARTIDO ALIANZA SOCIAL INDEPENDIENTE ""ASI""",00003,NATALIA CORTES VANEGAS,4
2023,CONCEJO,41872,VILLAVIEJA,00006,"PARTIDO ALIANZA SOCIAL INDEPENDIENTE ""ASI""",00004,FERNEY TOVAR TOVAR,28
2023,CONCEJO,41872,VILLAVIEJA,00006,"PARTIDO ALIANZA SOCIAL INDEPENDIENTE ""ASI""",00005,CLAUDIA VANEGAS QUESADA,6
2023,CONCEJO,41872,VILLAVIEJA,00006,"PARTIDO ALIANZA SOCIAL INDEPENDIENTE ""ASI""",00006,JOHAN SEBASTIAN LARA CORTES,15
2023,CONCEJO,41872,VILLAVIEJA,00006,"PARTIDO ALIANZA SOCIAL INDEPENDIENTE ""ASI""",00007,MELBA CONDE MOYA,6
2023,CONCEJO,41872,VILLAVIEJA,00006,"PARTIDO ALIANZA SOCIAL INDEPENDIENTE ""ASI""",00008,HONORIO VANEGAS VANEGAS,61
2023,CONCEJO,41872,VILLAVIEJA,00008,PARTIDO DE LA UNIÓN POR LA GENTE - PARTIDO DE LA U,00000,PARTIDO DE LA UNIÓN POR LA GENTE - PARTIDO DE LA U,23
2023,CONCEJO,41872,VILLAVIEJA,00008,PARTIDO DE LA UNIÓN POR LA GENTE - PARTIDO DE LA U,00001,SARA VIRGINIA ROJAS LOZANO,60
2023,CONCEJO,41872,VILLAVIEJA,00008,PARTIDO DE LA UNIÓN POR LA GENTE - PARTIDO DE LA U,00002,ILVER SOTTO DIAZ,102
2023,CONCEJO,41872,VILLAVIEJA,00008,PARTIDO DE LA UNIÓN POR LA GENTE - PARTIDO DE LA U,00003,YULIED CHARRY GIL,101
2023,CONCEJO,41872,VILLAVIEJA,00008,PARTIDO DE LA UNIÓN POR LA GENTE - PARTIDO DE LA U,00004,JOSE NEFTALI NIÑO CARDOZO,243
2023,CONCEJO,41872,VILLAVIEJA,00008,PARTIDO DE LA UNIÓN POR LA GENTE - PARTIDO DE LA U,00005,ALIRIO TOVAR MOLINA,12
2023,CONCEJO,41872,VILLAVIEJA,00008,PARTIDO DE LA UNIÓN POR LA GENTE - PARTIDO DE LA U,00006,RODRIGO QUINTERO PASCUAS,38
2023,CONCEJO,41872,VILLAVIEJA,00008,PARTIDO DE LA UNIÓN POR LA GENTE - PARTIDO DE LA U,00007,FRANK CARDOZO TOVAR,41
2023,CONCEJO,41872,VILLAVIEJA,00008,PARTIDO DE LA UNIÓN POR LA GENTE - PARTIDO DE LA U,00008,HUGO FERNANDO TOVAR VANEGAS,200
2023,CONCEJO,41872,VILLAVIEJA,00008,PARTIDO DE LA UNIÓN POR LA GENTE - PARTIDO DE LA U,00009,CONSTANZA CARRILLO SERRATO,190
2023,CONCEJO,41872,VILLAVIEJA,00011,PARTIDO CENTRO DEMOCRÁTICO,00000,PARTIDO CENTRO DEMOCRÁTICO,76
2023,CONCEJO,41872,VILLAVIEJA,00020,MOVIMIENTO SALVACIÓN NACIONAL,00000,MOVIMIENTO  SALVACIÓN NACIONAL,1
2023,CONCEJO,41872,VILLAVIEJA,00020,MOVIMIENTO SALVACIÓN NACIONAL,00001,RUBEN MONTES QUINTERO,38
2023,CONCEJO,41872,VILLAVIEJA,00020,MOVIMIENTO SALVACIÓN NACIONAL,00002,NATALY RODRIGUEZ ORTEGA,1
2023,CONCEJO,41872,VILLAVIEJA,00020,MOVIMIENTO SALVACIÓN NACIONAL,00003,DANIEL FERNANDO ARCINIEGAS PERDOMO,1
2023,CONCEJO,41872,VILLAVIEJA,00020,MOVIMIENTO SALVACIÓN NACIONAL,00004,LILIBETH MEDINA QUIÑONES,4
2023,CONCEJO,41872,VILLAVIEJA,00020,MOVIMIENTO SALVACIÓN NACIONAL,00005,PAOLA ROJAS SILVESTRE,6
2023,CONCEJO,41872,VILLAVIEJA,00020,MOVIMIENTO SALVACIÓN NACIONAL,00006,JUAN JOSE MOSQUERA CAPERA,3
2023,CONCEJO,41872,VILLAVIEJA,00026,PARTIDO POLÍTICO LA FUERZA DE LA PAZ,00000,PARTIDO POLÍTICO LA FUERZA DE LA PAZ,215
2023,CONCEJO,41872,VILLAVIEJA,00031,INDEPENDIENTES,00000,INDEPENDIENTES,3
2023,CONCEJO,41872,VILLAVIEJA,00031,INDEPENDIENTES,00001,JOHN ALEXANDER TOVAR MORENO,65
2023,CONCEJO,41872,VILLAVIEJA,00031,INDEPENDIENTES,00002,LUDY JULIETH CORDOBA MARQUEZ,19
2023,CONCEJO,41872,VILLAVIEJA,00031,INDEPENDIENTES,00003,JULIAN ARMANDO GOMEZ AMAYA,1
2023,CONCEJO,41872,VILLAVIEJA,00031,INDEPENDIENTES,00004,ANA RUTH CUENCA CARDOZO,4
2023,CONCEJO,41872,VILLAVIEJA,00031,INDEPENDIENTES,00007,YAMIL ROJAS TOVAR,3
2023,CONCEJO,41872,VILLAVIEJA,00031,INDEPENDIENTES,00009,FRANCISCO GUTIERREZ SANCHEZ,22
2023,CONCEJO,41872,VILLAVIEJA,08415,PACTO HISTORICO,00000,PACTO HISTORICO,4
2023,CONCEJO,41872,VILLAVIEJA,08415,PACTO HISTORICO,00001,BETSSY SANCHEZ RAMIREZ,62
2023,CONCEJO,41872,VILLAVIEJA,08415,PACTO HISTORICO,00002,JORGE ELIECER BONILLA CORDOBA,29
2023,CONCEJO,41872,VILLAVIEJA,08415,PACTO HISTORICO,00003,MARIA IRMA IBARRA MEDINA,30
2023,CONCEJO,41872,VILLAVIEJA,08415,PACTO HISTORICO,00004,FABIO MARQUEZ GONZALEZ,33
2023,CONCEJO,41872,VILLAVIEJA,08415,PACTO HISTORICO,00005,EDILMA LUCIA OSORNO VILLA,31
2023,CONCEJO,41872,VILLAVIEJA,08415,PACTO HISTORICO,00006,OSCAR CORDOBA DUSSAN,17
2023,CONCEJO,41872,VILLAVIEJA,08415,PACTO HISTORICO,00008,ORLANDO SANCHEZ CALLEJAS,49
2023,CONCEJO,41885,YAGUARÁ,00000,,00996,VOTOS EN BLANCO,140
2023,CONCEJO,41885,YAGUARÁ,00000,,00997,VOTOS NULOS,84
2023,CONCEJO,41885,YAGUARÁ,00000,,00998,VOTOS NO MARCADOS,188
2023,CONCEJO,41885,YAGUARÁ,00001,PARTIDO LIBERAL COLOMBIANO,00000,PARTIDO LIBERAL COLOMBIANO,26
2023,CONCEJO,41885,YAGUARÁ,00001,PARTIDO LIBERAL COLOMBIANO,00001,ELBER FERNANDO CORONADO CUEVAS,144
2023,CONCEJO,41885,YAGUARÁ,00001,PARTIDO LIBERAL COLOMBIANO,00002,ALIRIO TRUJILLO,69
2023,CONCEJO,41885,YAGUARÁ,00001,PARTIDO LIBERAL COLOMBIANO,00003,LUIS ERNESTO PERDOMO MONTEALEGRE,98
2023,CONCEJO,41885,YAGUARÁ,00001,PARTIDO LIBERAL COLOMBIANO,00004,MERCEDES LEIVA RAMIREZ,59
2023,CONCEJO,41885,YAGUARÁ,00001,PARTIDO LIBERAL COLOMBIANO,00005,SANDRA MILDRED CARDOZO CASAS,70
2023,CONCEJO,41885,YAGUARÁ,00001,PARTIDO LIBERAL COLOMBIANO,00006,RICARDO PERDOMO QUINTERO,269
2023,CONCEJO,41885,YAGUARÁ,00001,PARTIDO LIBERAL COLOMBIANO,00007,LUIS ANGEL VARGAS CANIZALEZ,64
2023,CONCEJO,41885,YAGUARÁ,00001,PARTIDO LIBERAL COLOMBIANO,00008,OSKAR JAVIER CABRERA CABRERA,210
2023,CONCEJO,41885,YAGUARÁ,00001,PARTIDO LIBERAL COLOMBIANO,00009,ALBA LUZ PASTRANA POLANCO,133
2023,CONCEJO,41885,YAGUARÁ,00002,PARTIDO CONSERVADOR COLOMBIANO,00000,PARTIDO CONSERVADOR COLOMBIANO,23
2023,CONCEJO,41885,YAGUARÁ,00002,PARTIDO CONSERVADOR COLOMBIANO,00001,JOSE LUIS HERNANDEZ BAHAMON,85
2023,CONCEJO,41885,YAGUARÁ,00002,PARTIDO CONSERVADOR COLOMBIANO,00002,CARLOS MAURICIO RIVERA RAMIREZ,37
2023,CONCEJO,41885,YAGUARÁ,00002,PARTIDO CONSERVADOR COLOMBIANO,00003,EDUARDO ROJAS SALAZAR,85
2023,CONCEJO,41885,YAGUARÁ,00002,PARTIDO CONSERVADOR COLOMBIANO,00004,ANYI STELLA MUÑOZ SOLORZANO,69
2023,CONCEJO,41885,YAGUARÁ,00002,PARTIDO CONSERVADOR COLOMBIANO,00005,FRANKLIN HERNANDEZ CUEVAS,144
2023,CONCEJO,41885,YAGUARÁ,00002,PARTIDO CONSERVADOR COLOMBIANO,00006,WILLIAM EDUARDO NIÑO CUMBE,219
2023,CONCEJO,41885,YAGUARÁ,00002,PARTIDO CONSERVADOR COLOMBIANO,00007,LUIS EDUARDO CAMACHO JOVEN,89
2023,CONCEJO,41885,YAGUARÁ,00002,PARTIDO CONSERVADOR COLOMBIANO,00008,VALERIA TRUJILLO MONJE,277
2023,CONCEJO,41885,YAGUARÁ,00002,PARTIDO CONSERVADOR COLOMBIANO,00009,ARACELY VARGAS,74
2023,CONCEJO,41885,YAGUARÁ,00003,PARTIDO CAMBIO RADICAL,00000,PARTIDO CAMBIO RADICAL,573
2023,CONCEJO,41885,YAGUARÁ,00008,PARTIDO DE LA UNIÓN POR LA GENTE - PARTIDO DE LA U,00000,PARTIDO DE LA UNIÓN POR LA GENTE - PARTIDO DE LA U,11
2023,CONCEJO,41885,YAGUARÁ,00008,PARTIDO DE LA UNIÓN POR LA GENTE - PARTIDO DE LA U,00001,WILMER ALEXIS TORRES PAREDES,117
2023,CONCEJO,41885,YAGUARÁ,00008,PARTIDO DE LA UNIÓN POR LA GENTE - PARTIDO DE LA U,00002,JOHN FREDY POSADA MURIEL,40
2023,CONCEJO,41885,YAGUARÁ,00008,PARTIDO DE LA UNIÓN POR LA GENTE - PARTIDO DE LA U,00003,MARIA SOCORRO LOZANO ALVAREZ,12
2023,CONCEJO,41885,YAGUARÁ,00008,PARTIDO DE LA UNIÓN POR LA GENTE - PARTIDO DE LA U,00004,ANA CRISTINA GUTIERREZ MONTEALEGRE,99
2023,CONCEJO,41885,YAGUARÁ,00008,PARTIDO DE LA UNIÓN POR LA GENTE - PARTIDO DE LA U,00005,LUZ DARY VARGAS ARDILA,14
2023,CONCEJO,41885,YAGUARÁ,00008,PARTIDO DE LA UNIÓN POR LA GENTE - PARTIDO DE LA U,00006,JORGE ENRIQUE CARVAJAL PERDOMO,117
2023,CONCEJO,41885,YAGUARÁ,00008,PARTIDO DE LA UNIÓN POR LA GENTE - PARTIDO DE LA U,00007,JOHN JAIRO ROJAS BELTRAN,71
2023,CONCEJO,41885,YAGUARÁ,00008,PARTIDO DE LA UNIÓN POR LA GENTE - PARTIDO DE LA U,00008,ANDRES STIVEN PEÑA LOSADA,53
2023,CONCEJO,41885,YAGUARÁ,00008,PARTIDO DE LA UNIÓN POR LA GENTE - PARTIDO DE LA U,00009,ERNESTO PASTRANA POLANCO,128
2023,CONCEJO,41885,YAGUARÁ,00010,"PARTIDO UNIÓN PATRIÓTICA ""UP""",00000,"PARTIDO UNIÓN PATRIÓTICA ""UP""",4
2023,CONCEJO,41885,YAGUARÁ,00010,"PARTIDO UNIÓN PATRIÓTICA ""UP""",00001,JULIAN CAMILO CONDE BONILLA,14
2023,CONCEJO,41885,YAGUARÁ,00010,"PARTIDO UNIÓN PATRIÓTICA ""UP""",00002,LUISA MARIA ZUÑIGA CHICUE,5
2023,CONCEJO,41885,YAGUARÁ,00010,"PARTIDO UNIÓN PATRIÓTICA ""UP""",00003,EDWIN ALEXIS CERQUERA MEDINA,27
2023,CONCEJO,41885,YAGUARÁ,00010,"PARTIDO UNIÓN PATRIÓTICA ""UP""",00004,JOSE LEONARDO FIERRO CABANZO,48
2023,CONCEJO,41885,YAGUARÁ,00010,"PARTIDO UNIÓN PATRIÓTICA ""UP""",00005,MARIA NIEVES CABANZO ROJAS,3
2023,CONCEJO,41885,YAGUARÁ,00010,"PARTIDO UNIÓN PATRIÓTICA ""UP""",00006,FERNANDO PARRA VIEDA,21
2023,CONCEJO,41885,YAGUARÁ,00016,MOVIMIENTO ALIANZA DEMOCRÁTICA AMPLIA - Res. 2049 de 2021,00000,MOVIMIENTO ALIANZA DEMOCRÁTICA AMPLIA,5
2023,CONCEJO,41885,YAGUARÁ,00016,MOVIMIENTO ALIANZA DEMOCRÁTICA AMPLIA - Res. 2049 de 2021,00002,LUIS EDGARDO ROJAS POLANCO,72
2023,CONCEJO,41885,YAGUARÁ,00016,MOVIMIENTO ALIANZA DEMOCRÁTICA AMPLIA - Res. 2049 de 2021,00003,MARIN CORTES,13
2023,CONCEJO,41885,YAGUARÁ,00016,MOVIMIENTO ALIANZA DEMOCRÁTICA AMPLIA - Res. 2049 de 2021,00004,MARIA ALEJANDRA ZAMORA SEGURA,28
2023,CONCEJO,41885,YAGUARÁ,00016,MOVIMIENTO ALIANZA DEMOCRÁTICA AMPLIA - Res. 2049 de 2021,00005,ALEXANDER LOSADA VARGAS,25
2023,CONCEJO,41885,YAGUARÁ,00016,MOVIMIENTO ALIANZA DEMOCRÁTICA AMPLIA - Res. 2049 de 2021,00006,ANYELA RAMIREZ CUENCA,7
2023,CONCEJO,41885,YAGUARÁ,00016,MOVIMIENTO ALIANZA DEMOCRÁTICA AMPLIA - Res. 2049 de 2021,00007,LAURA DANIELA ROBAYO PEREZ,3
2023,CONCEJO,41885,YAGUARÁ,00019,PARTIDO NUEVO LIBERALISMO,00000,PARTIDO NUEVO LIBERALISMO,11
2023,CONCEJO,41885,YAGUARÁ,00019,PARTIDO NUEVO LIBERALISMO,00001,JAVIER PEREZ PERDOMO,6
2023,CONCEJO,41885,YAGUARÁ,00019,PARTIDO NUEVO LIBERALISMO,00002,RAMIRO FIERRO JOVEN,42
2023,CONCEJO,41885,YAGUARÁ,00019,PARTIDO NUEVO LIBERALISMO,00003,GUSTAVO TIQUE STERLING,5
2023,CONCEJO,41885,YAGUARÁ,00019,PARTIDO NUEVO LIBERALISMO,00004,LUCY FERNANDA CHACON POLO,54
2023,CONCEJO,41885,YAGUARÁ,00019,PARTIDO NUEVO LIBERALISMO,00005,MARY STELLA MONJE LUGO,11
2023,CONCEJO,41885,YAGUARÁ,00019,PARTIDO NUEVO LIBERALISMO,00006,MARIA YISELA GARCIA VALLEJO,11
2023,CONCEJO,41885,YAGUARÁ,00019,PARTIDO NUEVO LIBERALISMO,00007,RODRIGO MONJE CAMACHO,4
2023,CONCEJO,41885,YAGUARÁ,00019,PARTIDO NUEVO LIBERALISMO,00008,RAMON HENOC TOVAR CHILA,28
2023,CONCEJO,41885,YAGUARÁ,00019,PARTIDO NUEVO LIBERALISMO,00009,JOSE LUIS RAMIREZ BARRERA,177
2023,CONCEJO,41885,YAGUARÁ,00020,MOVIMIENTO SALVACIÓN NACIONAL,00000,MOVIMIENTO  SALVACIÓN NACIONAL,5
2023,CONCEJO,41885,YAGUARÁ,00020,MOVIMIENTO SALVACIÓN NACIONAL,00001,GERARDO LLANOS VELASCO,38
2023,CONCEJO,41885,YAGUARÁ,00020,MOVIMIENTO SALVACIÓN NACIONAL,00002,MONICA NARVAEZ,7
2023,CONCEJO,41885,YAGUARÁ,00020,MOVIMIENTO SALVACIÓN NACIONAL,00003,JULIO CESAR TRUJILLO BAUTISTA,16
2023,CONCEJO,41885,YAGUARÁ,00020,MOVIMIENTO SALVACIÓN NACIONAL,00004,ESNEIDER MONJE SUAREZ,2
2023,CONCEJO,41885,YAGUARÁ,00020,MOVIMIENTO SALVACIÓN NACIONAL,00005,OSCAR FERNANDO GARZON COMETA,27
2023,CONCEJO,41885,YAGUARÁ,00020,MOVIMIENTO SALVACIÓN NACIONAL,00006,MARGARETH ESTEFANY FIERRO TAVERA,5
2023,CONCEJO,41885,YAGUARÁ,00036,PARTIDO POLÍTICO GENTE EN MOVIMIENTO,00000,PARTIDO POLÍTICO GENTE EN MOVIMIENTO,2
2023,CONCEJO,41885,YAGUARÁ,00036,PARTIDO POLÍTICO GENTE EN MOVIMIENTO,00001,MARIA CAMILA POLANCO PERDOMO,5
2023,CONCEJO,41885,YAGUARÁ,00036,PARTIDO POLÍTICO GENTE EN MOVIMIENTO,00002,YENI LORENA PEREZ TOVAR,28
2023,CONCEJO,41885,YAGUARÁ,00036,PARTIDO POLÍTICO GENTE EN MOVIMIENTO,00003,VALENTIN SOLORZANO LARA,3
2023,CONCEJO,41885,YAGUARÁ,00036,PARTIDO POLÍTICO GENTE EN MOVIMIENTO,00004,LESSY MEDINA TOVAR,28
2023,CONCEJO,41885,YAGUARÁ,00036,PARTIDO POLÍTICO GENTE EN MOVIMIENTO,00005,FEDERICO DULZAN,6
2023,CONCEJO,41885,YAGUARÁ,00036,PARTIDO POLÍTICO GENTE EN MOVIMIENTO,00006,PILAR DEL ROCIO CAMACHO,9
2023,CONCEJO,41885,YAGUARÁ,00036,PARTIDO POLÍTICO GENTE EN MOVIMIENTO,00007,FLOR DE LIS BERMUDES CORDOBA,2
2023,CONCEJO,41885,YAGUARÁ,00036,PARTIDO POLÍTICO GENTE EN MOVIMIENTO,00008,EDNA PATRICIA TRUJILLO MONTEALEGRE,7
2023,CONCEJO,41885,YAGUARÁ,00036,PARTIDO POLÍTICO GENTE EN MOVIMIENTO,00009,JESUS ALBERTO MONTEALEGRE CUENCA,48
2023,CONCEJO,41885,YAGUARÁ,00037,MOVIMIENTO POLITICO FUERZA CIUDADANA,00000,MOVIMIENTO POLITICO FUERZA CIUDADANA,15
2023,CONCEJO,41885,YAGUARÁ,00037,MOVIMIENTO POLITICO FUERZA CIUDADANA,00001,DANIELA DURAN CELIS,88
2023,CONCEJO,41885,YAGUARÁ,00037,MOVIMIENTO POLITICO FUERZA CIUDADANA,00002,WILMAR POLANCO PERDOMO,24
2023,CONCEJO,41885,YAGUARÁ,00037,MOVIMIENTO POLITICO FUERZA CIUDADANA,00003,JAIME ALFONSO ACUÑA GUTIERREZ,48
2023,CONCEJO,41885,YAGUARÁ,00037,MOVIMIENTO POLITICO FUERZA CIUDADANA,00004,JOSE SABAS MEDINA CHACON,27
2023,CONCEJO,41885,YAGUARÁ,00037,MOVIMIENTO POLITICO FUERZA CIUDADANA,00005,EDUARD RIVAS RIVAS,23
2023,CONCEJO,41885,YAGUARÁ,00037,MOVIMIENTO POLITICO FUERZA CIUDADANA,00006,MELISSA CIFUENTES ALVARADO,63
2023,CONCEJO,41885,YAGUARÁ,00037,MOVIMIENTO POLITICO FUERZA CIUDADANA,00007,JUAN LEMUS HERNANDEZ,123
2023,CONCEJO,41885,YAGUARÁ,00037,MOVIMIENTO POLITICO FUERZA CIUDADANA,00008,ALEXANDER GARCIA CUMBE,107
2023,CONCEJO,41885,YAGUARÁ,00037,MOVIMIENTO POLITICO FUERZA CIUDADANA,00009,YEINY NATALIA GOMEZ SANCHEZ,103
2023,GOBERNADOR,41001,NEIVA,00000,,00996,VOTOS EN BLANCO,14659
2023,GOBERNADOR,41001,NEIVA,00000,,00997,VOTOS NULOS,4914
2023,GOBERNADOR,41001,NEIVA,00000,,00998,VOTOS NO MARCADOS,7271
2023,GOBERNADOR,41001,NEIVA,00002,PARTIDO CONSERVADOR COLOMBIANO,00007,SANDRA MILENA HERNANDEZ RINCON,13018
2023,GOBERNADOR,41001,NEIVA,00005,"MOVIMIENTO AUTORIDADES INDÍGENAS DE COLOMBIA ""AICO""",00010,JUAN DE JESUS CARDENAS CHAVEZ,0
2023,GOBERNADOR,41001,NEIVA,00015,PARTIDO COLOMBIA RENACIENTE,00003,JESUS MENDEZ ARTUNDUAGA,620
2023,GOBERNADOR,41001,NEIVA,00018,MOVIMIENTO POLÍTICO COLOMBIA HUMANA,00001,ALBERTO CASTILLO LOSADA,1216
2023,GOBERNADOR,41001,NEIVA,00024,PARTIDO DEMÓCRATA COLOMBIANO,00009,VICTOR HUGO SANTOFIMIO OSORIO,176
2023,GOBERNADOR,41001,NEIVA,00025,PARTIDO ECOLOGISTA COLOMBIANO,00002,JUAN CARLOS GONZALEZ MEJIA,2857
2023,GOBERNADOR,41001,NEIVA,05532,POR UN HUILA GRANDE,00008,RODRIGO VILLALBA MOSQUERA,45433
2023,GOBERNADOR,41001,NEIVA,05581,ES EL MOMENTO DEL HUILA,00004,EDWIN RENIER VALENCIA RODRIGUEZ,1923
2023,GOBERNADOR,41001,NEIVA,06300,CONSTRUYAMOS UN HUILA PARA TODOS,00005,RODRIGO ARMANDO LARA SANCHEZ,67349
2023,GOBERNADOR,41001,NEIVA,08303,PACTO HISTORICO COLOMBIA PUEDE,00006,PAULINO GALINDO YUSTRES,6507
2023,GOBERNADOR,41006,ACEVEDO,00000,,00996,VOTOS EN BLANCO,751
2023,GOBERNADOR,41006,ACEVEDO,00000,,00997,VOTOS NULOS,208
2023,GOBERNADOR,41006,ACEVEDO,00000,,00998,VOTOS NO MARCADOS,1585
2023,GOBERNADOR,41006,ACEVEDO,00002,PARTIDO CONSERVADOR COLOMBIANO,00007,SANDRA MILENA HERNANDEZ RINCON,3922
2023,GOBERNADOR,41006,ACEVEDO,00005,"MOVIMIENTO AUTORIDADES INDÍGENAS DE COLOMBIA ""AICO""",00010,JUAN DE JESUS CARDENAS CHAVEZ,0
2023,GOBERNADOR,41006,ACEVEDO,00015,PARTIDO COLOMBIA RENACIENTE,00003,JESUS MENDEZ ARTUNDUAGA,40
2023,GOBERNADOR,41006,ACEVEDO,00018,MOVIMIENTO POLÍTICO COLOMBIA HUMANA,00001,ALBERTO CASTILLO LOSADA,54
2023,GOBERNADOR,41006,ACEVEDO,00024,PARTIDO DEMÓCRATA COLOMBIANO,00009,VICTOR HUGO SANTOFIMIO OSORIO,8
2023,GOBERNADOR,41006,ACEVEDO,00025,PARTIDO ECOLOGISTA COLOMBIANO,00002,JUAN CARLOS GONZALEZ MEJIA,81
2023,GOBERNADOR,41006,ACEVEDO,05532,POR UN HUILA GRANDE,00008,RODRIGO VILLALBA MOSQUERA,4997
2023,GOBERNADOR,41006,ACEVEDO,05581,ES EL MOMENTO DEL HUILA,00004,EDWIN RENIER VALENCIA RODRIGUEZ,245
2023,GOBERNADOR,41006,ACEVEDO,06300,CONSTRUYAMOS UN HUILA PARA TODOS,00005,RODRIGO ARMANDO LARA SANCHEZ,1679
2023,GOBERNADOR,41006,ACEVEDO,08303,PACTO HISTORICO COLOMBIA PUEDE,00006,PAULINO GALINDO YUSTRES,104
2023,GOBERNADOR,41013,AGRADO,00000,,00996,VOTOS EN BLANCO,249
2023,GOBERNADOR,41013,AGRADO,00000,,00997,VOTOS NULOS,61
2023,GOBERNADOR,41013,AGRADO,00000,,00998,VOTOS NO MARCADOS,351
2023,GOBERNADOR,41013,AGRADO,00002,PARTIDO CONSERVADOR COLOMBIANO,00007,SANDRA MILENA HERNANDEZ RINCON,133
2023,GOBERNADOR,41013,AGRADO,00005,"MOVIMIENTO AUTORIDADES INDÍGENAS DE COLOMBIA ""AICO""",00010,JUAN DE JESUS CARDENAS CHAVEZ,0
2023,GOBERNADOR,41013,AGRADO,00015,PARTIDO COLOMBIA RENACIENTE,00003,JESUS MENDEZ ARTUNDUAGA,16
2023,GOBERNADOR,41013,AGRADO,00018,MOVIMIENTO POLÍTICO COLOMBIA HUMANA,00001,ALBERTO CASTILLO LOSADA,31
2023,GOBERNADOR,41013,AGRADO,00024,PARTIDO DEMÓCRATA COLOMBIANO,00009,VICTOR HUGO SANTOFIMIO OSORIO,4
2023,GOBERNADOR,41013,AGRADO,00025,PARTIDO ECOLOGISTA COLOMBIANO,00002,JUAN CARLOS GONZALEZ MEJIA,26
2023,GOBERNADOR,41013,AGRADO,05532,POR UN HUILA GRANDE,00008,RODRIGO VILLALBA MOSQUERA,2581
2023,GOBERNADOR,41013,AGRADO,05581,ES EL MOMENTO DEL HUILA,00004,EDWIN RENIER VALENCIA RODRIGUEZ,26
2023,GOBERNADOR,41013,AGRADO,06300,CONSTRUYAMOS UN HUILA PARA TODOS,00005,RODRIGO ARMANDO LARA SANCHEZ,2518
2023,GOBERNADOR,41013,AGRADO,08303,PACTO HISTORICO COLOMBIA PUEDE,00006,PAULINO GALINDO YUSTRES,32
2023,GOBERNADOR,41016,AIPE,00000,,00996,VOTOS EN BLANCO,729
2023,GOBERNADOR,41016,AIPE,00000,,00997,VOTOS NULOS,218
2023,GOBERNADOR,41016,AIPE,00000,,00998,VOTOS NO MARCADOS,1073
2023,GOBERNADOR,41016,AIPE,00002,PARTIDO CONSERVADOR COLOMBIANO,00007,SANDRA MILENA HERNANDEZ RINCON,581
2023,GOBERNADOR,41016,AIPE,00005,"MOVIMIENTO AUTORIDADES INDÍGENAS DE COLOMBIA ""AICO""",00010,JUAN DE JESUS CARDENAS CHAVEZ,0
2023,GOBERNADOR,41016,AIPE,00015,PARTIDO COLOMBIA RENACIENTE,00003,JESUS MENDEZ ARTUNDUAGA,32
2023,GOBERNADOR,41016,AIPE,00018,MOVIMIENTO POLÍTICO COLOMBIA HUMANA,00001,ALBERTO CASTILLO LOSADA,38
2023,GOBERNADOR,41016,AIPE,00024,PARTIDO DEMÓCRATA COLOMBIANO,00009,VICTOR HUGO SANTOFIMIO OSORIO,2
2023,GOBERNADOR,41016,AIPE,00025,PARTIDO ECOLOGISTA COLOMBIANO,00002,JUAN CARLOS GONZALEZ MEJIA,93
2023,GOBERNADOR,41016,AIPE,05532,POR UN HUILA GRANDE,00008,RODRIGO VILLALBA MOSQUERA,5158
2023,GOBERNADOR,41016,AIPE,05581,ES EL MOMENTO DEL HUILA,00004,EDWIN RENIER VALENCIA RODRIGUEZ,77
2023,GOBERNADOR,41016,AIPE,06300,CONSTRUYAMOS UN HUILA PARA TODOS,00005,RODRIGO ARMANDO LARA SANCHEZ,3626
2023,GOBERNADOR,41016,AIPE,08303,PACTO HISTORICO COLOMBIA PUEDE,00006,PAULINO GALINDO YUSTRES,135
2023,GOBERNADOR,41020,ALGECIRAS,00000,,00996,VOTOS EN BLANCO,712
2023,GOBERNADOR,41020,ALGECIRAS,00000,,00997,VOTOS NULOS,156
2023,GOBERNADOR,41020,ALGECIRAS,00000,,00998,VOTOS NO MARCADOS,1977
2023,GOBERNADOR,41020,ALGECIRAS,00002,PARTIDO CONSERVADOR COLOMBIANO,00007,SANDRA MILENA HERNANDEZ RINCON,243
2023,GOBERNADOR,41020,ALGECIRAS,00005,"MOVIMIENTO AUTORIDADES INDÍGENAS DE COLOMBIA ""AICO""",00010,JUAN DE JESUS CARDENAS CHAVEZ,0
2023,GOBERNADOR,41020,ALGECIRAS,00015,PARTIDO COLOMBIA RENACIENTE,00003,JESUS MENDEZ ARTUNDUAGA,29
2023,GOBERNADOR,41020,ALGECIRAS,00018,MOVIMIENTO POLÍTICO COLOMBIA HUMANA,00001,ALBERTO CASTILLO LOSADA,63
2023,GOBERNADOR,41020,ALGECIRAS,00024,PARTIDO DEMÓCRATA COLOMBIANO,00009,VICTOR HUGO SANTOFIMIO OSORIO,7
2023,GOBERNADOR,41020,ALGECIRAS,00025,PARTIDO ECOLOGISTA COLOMBIANO,00002,JUAN CARLOS GONZALEZ MEJIA,187
2023,GOBERNADOR,41020,ALGECIRAS,05532,POR UN HUILA GRANDE,00008,RODRIGO VILLALBA MOSQUERA,6020
2023,GOBERNADOR,41020,ALGECIRAS,05581,ES EL MOMENTO DEL HUILA,00004,EDWIN RENIER VALENCIA RODRIGUEZ,110
2023,GOBERNADOR,41020,ALGECIRAS,06300,CONSTRUYAMOS UN HUILA PARA TODOS,00005,RODRIGO ARMANDO LARA SANCHEZ,1705
2023,GOBERNADOR,41020,ALGECIRAS,08303,PACTO HISTORICO COLOMBIA PUEDE,00006,PAULINO GALINDO YUSTRES,215
2023,GOBERNADOR,41026,ALTAMIRA,00000,,00996,VOTOS EN BLANCO,169
2023,GOBERNADOR,41026,ALTAMIRA,00000,,00997,VOTOS NULOS,31
2023,GOBERNADOR,41026,ALTAMIRA,00000,,00998,VOTOS NO MARCADOS,208
2023,GOBERNADOR,41026,ALTAMIRA,00002,PARTIDO CONSERVADOR COLOMBIANO,00007,SANDRA MILENA HERNANDEZ RINCON,76
2023,GOBERNADOR,41026,ALTAMIRA,00005,"MOVIMIENTO AUTORIDADES INDÍGENAS DE COLOMBIA ""AICO""",00010,JUAN DE JESUS CARDENAS CHAVEZ,0
2023,GOBERNADOR,41026,ALTAMIRA,00015,PARTIDO COLOMBIA RENACIENTE,00003,JESUS MENDEZ ARTUNDUAGA,7
2023,GOBERNADOR,41026,ALTAMIRA,00018,MOVIMIENTO POLÍTICO COLOMBIA HUMANA,00001,ALBERTO CASTILLO LOSADA,7
2023,GOBERNADOR,41026,ALTAMIRA,00024,PARTIDO DEMÓCRATA COLOMBIANO,00009,VICTOR HUGO SANTOFIMIO OSORIO,2
2023,GOBERNADOR,41026,ALTAMIRA,00025,PARTIDO ECOLOGISTA COLOMBIANO,00002,JUAN CARLOS GONZALEZ MEJIA,16
2023,GOBERNADOR,41026,ALTAMIRA,05532,POR UN HUILA GRANDE,00008,RODRIGO VILLALBA MOSQUERA,1298
2023,GOBERNADOR,41026,ALTAMIRA,05581,ES EL MOMENTO DEL HUILA,00004,EDWIN RENIER VALENCIA RODRIGUEZ,13
2023,GOBERNADOR,41026,ALTAMIRA,06300,CONSTRUYAMOS UN HUILA PARA TODOS,00005,RODRIGO ARMANDO LARA SANCHEZ,701
2023,GOBERNADOR,41026,ALTAMIRA,08303,PACTO HISTORICO COLOMBIA PUEDE,00006,PAULINO GALINDO YUSTRES,114
2023,GOBERNADOR,41078,BARAYA,00000,,00996,VOTOS EN BLANCO,139
2023,GOBERNADOR,41078,BARAYA,00000,,00997,VOTOS NULOS,59
2023,GOBERNADOR,41078,BARAYA,00000,,00998,VOTOS NO MARCADOS,389
2023,GOBERNADOR,41078,BARAYA,00002,PARTIDO CONSERVADOR COLOMBIANO,00007,SANDRA MILENA HERNANDEZ RINCON,86
2023,GOBERNADOR,41078,BARAYA,00005,"MOVIMIENTO AUTORIDADES INDÍGENAS DE COLOMBIA ""AICO""",00010,JUAN DE JESUS CARDENAS CHAVEZ,0
2023,GOBERNADOR,41078,BARAYA,00015,PARTIDO COLOMBIA RENACIENTE,00003,JESUS MENDEZ ARTUNDUAGA,9
2023,GOBERNADOR,41078,BARAYA,00018,MOVIMIENTO POLÍTICO COLOMBIA HUMANA,00001,ALBERTO CASTILLO LOSADA,16
2023,GOBERNADOR,41078,BARAYA,00024,PARTIDO DEMÓCRATA COLOMBIANO,00009,VICTOR HUGO SANTOFIMIO OSORIO,1
2023,GOBERNADOR,41078,BARAYA,00025,PARTIDO ECOLOGISTA COLOMBIANO,00002,JUAN CARLOS GONZALEZ MEJIA,11
2023,GOBERNADOR,41078,BARAYA,05532,POR UN HUILA GRANDE,00008,RODRIGO VILLALBA MOSQUERA,2264
2023,GOBERNADOR,41078,BARAYA,05581,ES EL MOMENTO DEL HUILA,00004,EDWIN RENIER VALENCIA RODRIGUEZ,19
2023,GOBERNADOR,41078,BARAYA,06300,CONSTRUYAMOS UN HUILA PARA TODOS,00005,RODRIGO ARMANDO LARA SANCHEZ,1329
2023,GOBERNADOR,41078,BARAYA,08303,PACTO HISTORICO COLOMBIA PUEDE,00006,PAULINO GALINDO YUSTRES,69
2023,GOBERNADOR,41132,CAMPOALEGRE,00000,,00996,VOTOS EN BLANCO,1651
2023,GOBERNADOR,41132,CAMPOALEGRE,00000,,00997,VOTOS NULOS,817
2023,GOBERNADOR,41132,CAMPOALEGRE,00000,,00998,VOTOS NO MARCADOS,1743
2023,GOBERNADOR,41132,CAMPOALEGRE,00002,PARTIDO CONSERVADOR COLOMBIANO,00007,SANDRA MILENA HERNANDEZ RINCON,480
2023,GOBERNADOR,41132,CAMPOALEGRE,00005,"MOVIMIENTO AUTORIDADES INDÍGENAS DE COLOMBIA ""AICO""",00010,JUAN DE JESUS CARDENAS CHAVEZ,0
2023,GOBERNADOR,41132,CAMPOALEGRE,00015,PARTIDO COLOMBIA RENACIENTE,00003,JESUS MENDEZ ARTUNDUAGA,231
2023,GOBERNADOR,41132,CAMPOALEGRE,00018,MOVIMIENTO POLÍTICO COLOMBIA HUMANA,00001,ALBERTO CASTILLO LOSADA,140
2023,GOBERNADOR,41132,CAMPOALEGRE,00024,PARTIDO DEMÓCRATA COLOMBIANO,00009,VICTOR HUGO SANTOFIMIO OSORIO,13
2023,GOBERNADOR,41132,CAMPOALEGRE,00025,PARTIDO ECOLOGISTA COLOMBIANO,00002,JUAN CARLOS GONZALEZ MEJIA,147
2023,GOBERNADOR,41132,CAMPOALEGRE,05532,POR UN HUILA GRANDE,00008,RODRIGO VILLALBA MOSQUERA,6172
2023,GOBERNADOR,41132,CAMPOALEGRE,05581,ES EL MOMENTO DEL HUILA,00004,EDWIN RENIER VALENCIA RODRIGUEZ,201
2023,GOBERNADOR,41132,CAMPOALEGRE,06300,CONSTRUYAMOS UN HUILA PARA TODOS,00005,RODRIGO ARMANDO LARA SANCHEZ,5012
2023,GOBERNADOR,41132,CAMPOALEGRE,08303,PACTO HISTORICO COLOMBIA PUEDE,00006,PAULINO GALINDO YUSTRES,353
2023,GOBERNADOR,41206,COLOMBIA,00000,,00996,VOTOS EN BLANCO,136
2023,GOBERNADOR,41206,COLOMBIA,00000,,00997,VOTOS NULOS,40
2023,GOBERNADOR,41206,COLOMBIA,00000,,00998,VOTOS NO MARCADOS,517
2023,GOBERNADOR,41206,COLOMBIA,00002,PARTIDO CONSERVADOR COLOMBIANO,00007,SANDRA MILENA HERNANDEZ RINCON,359
2023,GOBERNADOR,41206,COLOMBIA,00005,"MOVIMIENTO AUTORIDADES INDÍGENAS DE COLOMBIA ""AICO""",00010,JUAN DE JESUS CARDENAS CHAVEZ,0
2023,GOBERNADOR,41206,COLOMBIA,00015,PARTIDO COLOMBIA RENACIENTE,00003,JESUS MENDEZ ARTUNDUAGA,8
2023,GOBERNADOR,41206,COLOMBIA,00018,MOVIMIENTO POLÍTICO COLOMBIA HUMANA,00001,ALBERTO CASTILLO LOSADA,13
2023,GOBERNADOR,41206,COLOMBIA,00024,PARTIDO DEMÓCRATA COLOMBIANO,00009,VICTOR HUGO SANTOFIMIO OSORIO,3
2023,GOBERNADOR,41206,COLOMBIA,00025,PARTIDO ECOLOGISTA COLOMBIANO,00002,JUAN CARLOS GONZALEZ MEJIA,34
2023,GOBERNADOR,41206,COLOMBIA,05532,POR UN HUILA GRANDE,00008,RODRIGO VILLALBA MOSQUERA,2777
2023,GOBERNADOR,41206,COLOMBIA,05581,ES EL MOMENTO DEL HUILA,00004,EDWIN RENIER VALENCIA RODRIGUEZ,30
2023,GOBERNADOR,41206,COLOMBIA,06300,CONSTRUYAMOS UN HUILA PARA TODOS,00005,RODRIGO ARMANDO LARA SANCHEZ,1011
2023,GOBERNADOR,41206,COLOMBIA,08303,PACTO HISTORICO COLOMBIA PUEDE,00006,PAULINO GALINDO YUSTRES,48
2023,GOBERNADOR,41244,ELÍAS,00000,,00996,VOTOS EN BLANCO,103
2023,GOBERNADOR,41244,ELÍAS,00000,,00997,VOTOS NULOS,22
2023,GOBERNADOR,41244,ELÍAS,00000,,00998,VOTOS NO MARCADOS,258
2023,GOBERNADOR,41244,ELÍAS,00002,PARTIDO CONSERVADOR COLOMBIANO,00007,SANDRA MILENA HERNANDEZ RINCON,133
2023,GOBERNADOR,41244,ELÍAS,00015,PARTIDO COLOMBIA RENACIENTE,00003,JESUS MENDEZ ARTUNDUAGA,11
2023,GOBERNADOR,41244,ELÍAS,00018,MOVIMIENTO POLÍTICO COLOMBIA HUMANA,00001,ALBERTO CASTILLO LOSADA,17
2023,GOBERNADOR,41244,ELÍAS,00024,PARTIDO DEMÓCRATA COLOMBIANO,00009,VICTOR HUGO SANTOFIMIO OSORIO,1
2023,GOBERNADOR,41244,ELÍAS,00025,PARTIDO ECOLOGISTA COLOMBIANO,00002,JUAN CARLOS GONZALEZ MEJIA,23
2023,GOBERNADOR,41244,ELÍAS,05532,POR UN HUILA GRANDE,00008,RODRIGO VILLALBA MOSQUERA,1766
2023,GOBERNADOR,41244,ELÍAS,05581,ES EL MOMENTO DEL HUILA,00004,EDWIN RENIER VALENCIA RODRIGUEZ,30
2023,GOBERNADOR,41244,ELÍAS,06300,CONSTRUYAMOS UN HUILA PARA TODOS,00005,RODRIGO ARMANDO LARA SANCHEZ,559
2023,GOBERNADOR,41244,ELÍAS,08303,PACTO HISTORICO COLOMBIA PUEDE,00006,PAULINO GALINDO YUSTRES,23
2023,GOBERNADOR,41298,GARZÓN,00000,,00996,VOTOS EN BLANCO,3570
2023,GOBERNADOR,41298,GARZÓN,00000,,00997,VOTOS NULOS,974
2023,GOBERNADOR,41298,GARZÓN,00000,,00998,VOTOS NO MARCADOS,2984
2023,GOBERNADOR,41298,GARZÓN,00002,PARTIDO CONSERVADOR COLOMBIANO,00007,SANDRA MILENA HERNANDEZ RINCON,1429
2023,GOBERNADOR,41298,GARZÓN,00005,"MOVIMIENTO AUTORIDADES INDÍGENAS DE COLOMBIA ""AICO""",00010,JUAN DE JESUS CARDENAS CHAVEZ,0
2023,GOBERNADOR,41298,GARZÓN,00015,PARTIDO COLOMBIA RENACIENTE,00003,JESUS MENDEZ ARTUNDUAGA,193
2023,GOBERNADOR,41298,GARZÓN,00018,MOVIMIENTO POLÍTICO COLOMBIA HUMANA,00001,ALBERTO CASTILLO LOSADA,234
2023,GOBERNADOR,41298,GARZÓN,00024,PARTIDO DEMÓCRATA COLOMBIANO,00009,VICTOR HUGO SANTOFIMIO OSORIO,30
2023,GOBERNADOR,41298,GARZÓN,00025,PARTIDO ECOLOGISTA COLOMBIANO,00002,JUAN CARLOS GONZALEZ MEJIA,296
2023,GOBERNADOR,41298,GARZÓN,05532,POR UN HUILA GRANDE,00008,RODRIGO VILLALBA MOSQUERA,13153
2023,GOBERNADOR,41298,GARZÓN,05581,ES EL MOMENTO DEL HUILA,00004,EDWIN RENIER VALENCIA RODRIGUEZ,639
2023,GOBERNADOR,41298,GARZÓN,06300,CONSTRUYAMOS UN HUILA PARA TODOS,00005,RODRIGO ARMANDO LARA SANCHEZ,10927
2023,GOBERNADOR,41298,GARZÓN,08303,PACTO HISTORICO COLOMBIA PUEDE,00006,PAULINO GALINDO YUSTRES,643
2023,GOBERNADOR,41306,GIGANTE,00000,,00996,VOTOS EN BLANCO,1255
2023,GOBERNADOR,41306,GIGANTE,00000,,00997,VOTOS NULOS,317
2023,GOBERNADOR,41306,GIGANTE,00000,,00998,VOTOS NO MARCADOS,1452
2023,GOBERNADOR,41306,GIGANTE,00002,PARTIDO CONSERVADOR COLOMBIANO,00007,SANDRA MILENA HERNANDEZ RINCON,675
2023,GOBERNADOR,41306,GIGANTE,00005,"MOVIMIENTO AUTORIDADES INDÍGENAS DE COLOMBIA ""AICO""",00010,JUAN DE JESUS CARDENAS CHAVEZ,0
2023,GOBERNADOR,41306,GIGANTE,00015,PARTIDO COLOMBIA RENACIENTE,00003,JESUS MENDEZ ARTUNDUAGA,52
2023,GOBERNADOR,41306,GIGANTE,00018,MOVIMIENTO POLÍTICO COLOMBIA HUMANA,00001,ALBERTO CASTILLO LOSADA,64
2023,GOBERNADOR,41306,GIGANTE,00024,PARTIDO DEMÓCRATA COLOMBIANO,00009,VICTOR HUGO SANTOFIMIO OSORIO,17
2023,GOBERNADOR,41306,GIGANTE,00025,PARTIDO ECOLOGISTA COLOMBIANO,00002,JUAN CARLOS GONZALEZ MEJIA,67
2023,GOBERNADOR,41306,GIGANTE,05532,POR UN HUILA GRANDE,00008,RODRIGO VILLALBA MOSQUERA,5287
2023,GOBERNADOR,41306,GIGANTE,05581,ES EL MOMENTO DEL HUILA,00004,EDWIN RENIER VALENCIA RODRIGUEZ,199
2023,GOBERNADOR,41306,GIGANTE,06300,CONSTRUYAMOS UN HUILA PARA TODOS,00005,RODRIGO ARMANDO LARA SANCHEZ,3747
2023,GOBERNADOR,41306,GIGANTE,08303,PACTO HISTORICO COLOMBIA PUEDE,00006,PAULINO GALINDO YUSTRES,207
2023,GOBERNADOR,41319,GUADALUPE,00000,,00996,VOTOS EN BLANCO,587
2023,GOBERNADOR,41319,GUADALUPE,00000,,00997,VOTOS NULOS,156
2023,GOBERNADOR,41319,GUADALUPE,00000,,00998,VOTOS NO MARCADOS,940
2023,GOBERNADOR,41319,GUADALUPE,00002,PARTIDO CONSERVADOR COLOMBIANO,00007,SANDRA MILENA HERNANDEZ RINCON,215
2023,GOBERNADOR,41319,GUADALUPE,00005,"MOVIMIENTO AUTORIDADES INDÍGENAS DE COLOMBIA ""AICO""",00010,JUAN DE JESUS CARDENAS CHAVEZ,0
2023,GOBERNADOR,41319,GUADALUPE,00015,PARTIDO COLOMBIA RENACIENTE,00003,JESUS MENDEZ ARTUNDUAGA,27
2023,GOBERNADOR,41319,GUADALUPE,00018,MOVIMIENTO POLÍTICO COLOMBIA HUMANA,00001,ALBERTO CASTILLO LOSADA,56
2023,GOBERNADOR,41319,GUADALUPE,00024,PARTIDO DEMÓCRATA COLOMBIANO,00009,VICTOR HUGO SANTOFIMIO OSORIO,8
2023,GOBERNADOR,41319,GUADALUPE,00025,PARTIDO ECOLOGISTA COLOMBIANO,00002,JUAN CARLOS GONZALEZ MEJIA,58
2023,GOBERNADOR,41319,GUADALUPE,05532,POR UN HUILA GRANDE,00008,RODRIGO VILLALBA MOSQUERA,5130
2023,GOBERNADOR,41319,GUADALUPE,05581,ES EL MOMENTO DEL HUILA,00004,EDWIN RENIER VALENCIA RODRIGUEZ,70
2023,GOBERNADOR,41319,GUADALUPE,06300,CONSTRUYAMOS UN HUILA PARA TODOS,00005,RODRIGO ARMANDO LARA SANCHEZ,1658
2023,GOBERNADOR,41319,GUADALUPE,08303,PACTO HISTORICO COLOMBIA PUEDE,00006,PAULINO GALINDO YUSTRES,97
2023,GOBERNADOR,41349,HOBO,00000,,00996,VOTOS EN BLANCO,249
2023,GOBERNADOR,41349,HOBO,00000,,00997,VOTOS NULOS,48
2023,GOBERNADOR,41349,HOBO,00000,,00998,VOTOS NO MARCADOS,576
2023,GOBERNADOR,41349,HOBO,00002,PARTIDO CONSERVADOR COLOMBIANO,00007,SANDRA MILENA HERNANDEZ RINCON,129
2023,GOBERNADOR,41349,HOBO,00015,PARTIDO COLOMBIA RENACIENTE,00003,JESUS MENDEZ ARTUNDUAGA,2
2023,GOBERNADOR,41349,HOBO,00018,MOVIMIENTO POLÍTICO COLOMBIA HUMANA,00001,ALBERTO CASTILLO LOSADA,20
2023,GOBERNADOR,41349,HOBO,00024,PARTIDO DEMÓCRATA COLOMBIANO,00009,VICTOR HUGO SANTOFIMIO OSORIO,3
2023,GOBERNADOR,41349,HOBO,00025,PARTIDO ECOLOGISTA COLOMBIANO,00002,JUAN CARLOS GONZALEZ MEJIA,15
2023,GOBERNADOR,41349,HOBO,05532,POR UN HUILA GRANDE,00008,RODRIGO VILLALBA MOSQUERA,2087
2023,GOBERNADOR,41349,HOBO,05581,ES EL MOMENTO DEL HUILA,00004,EDWIN RENIER VALENCIA RODRIGUEZ,16
2023,GOBERNADOR,41349,HOBO,06300,CONSTRUYAMOS UN HUILA PARA TODOS,00005,RODRIGO ARMANDO LARA SANCHEZ,1326
2023,GOBERNADOR,41349,HOBO,08303,PACTO HISTORICO COLOMBIA PUEDE,00006,PAULINO GALINDO YUSTRES,51
2023,GOBERNADOR,41357,ÍQUIRA,00000,,00996,VOTOS EN BLANCO,212
2023,GOBERNADOR,41357,ÍQUIRA,00000,,00997,VOTOS NULOS,61
2023,GOBERNADOR,41357,ÍQUIRA,00000,,00998,VOTOS NO MARCADOS,562
2023,GOBERNADOR,41357,ÍQUIRA,00002,PARTIDO CONSERVADOR COLOMBIANO,00007,SANDRA MILENA HERNANDEZ RINCON,426
2023,GOBERNADOR,41357,ÍQUIRA,00005,"MOVIMIENTO AUTORIDADES INDÍGENAS DE COLOMBIA ""AICO""",00010,JUAN DE JESUS CARDENAS CHAVEZ,0
2023,GOBERNADOR,41357,ÍQUIRA,00015,PARTIDO COLOMBIA RENACIENTE,00003,JESUS MENDEZ ARTUNDUAGA,19
2023,GOBERNADOR,41357,ÍQUIRA,00018,MOVIMIENTO POLÍTICO COLOMBIA HUMANA,00001,ALBERTO CASTILLO LOSADA,31
2023,GOBERNADOR,41357,ÍQUIRA,00024,PARTIDO DEMÓCRATA COLOMBIANO,00009,VICTOR HUGO SANTOFIMIO OSORIO,6
2023,GOBERNADOR,41357,ÍQUIRA,00025,PARTIDO ECOLOGISTA COLOMBIANO,00002,JUAN CARLOS GONZALEZ MEJIA,23
2023,GOBERNADOR,41357,ÍQUIRA,05532,POR UN HUILA GRANDE,00008,RODRIGO VILLALBA MOSQUERA,2822
2023,GOBERNADOR,41357,ÍQUIRA,05581,ES EL MOMENTO DEL HUILA,00004,EDWIN RENIER VALENCIA RODRIGUEZ,22
2023,GOBERNADOR,41357,ÍQUIRA,06300,CONSTRUYAMOS UN HUILA PARA TODOS,00005,RODRIGO ARMANDO LARA SANCHEZ,1387
2023,GOBERNADOR,41357,ÍQUIRA,08303,PACTO HISTORICO COLOMBIA PUEDE,00006,PAULINO GALINDO YUSTRES,116
2023,GOBERNADOR,41359,ISNOS,00000,,00996,VOTOS EN BLANCO,1448
2023,GOBERNADOR,41359,ISNOS,00000,,00997,VOTOS NULOS,354
2023,GOBERNADOR,41359,ISNOS,00000,,00998,VOTOS NO MARCADOS,2174
2023,GOBERNADOR,41359,ISNOS,00002,PARTIDO CONSERVADOR COLOMBIANO,00007,SANDRA MILENA HERNANDEZ RINCON,1760
2023,GOBERNADOR,41359,ISNOS,00005,"MOVIMIENTO AUTORIDADES INDÍGENAS DE COLOMBIA ""AICO""",00010,JUAN DE JESUS CARDENAS CHAVEZ,0
2023,GOBERNADOR,41359,ISNOS,00015,PARTIDO COLOMBIA RENACIENTE,00003,JESUS MENDEZ ARTUNDUAGA,123
2023,GOBERNADOR,41359,ISNOS,00018,MOVIMIENTO POLÍTICO COLOMBIA HUMANA,00001,ALBERTO CASTILLO LOSADA,76
2023,GOBERNADOR,41359,ISNOS,00024,PARTIDO DEMÓCRATA COLOMBIANO,00009,VICTOR HUGO SANTOFIMIO OSORIO,9
2023,GOBERNADOR,41359,ISNOS,00025,PARTIDO ECOLOGISTA COLOMBIANO,00002,JUAN CARLOS GONZALEZ MEJIA,89
2023,GOBERNADOR,41359,ISNOS,05532,POR UN HUILA GRANDE,00008,RODRIGO VILLALBA MOSQUERA,6078
2023,GOBERNADOR,41359,ISNOS,05581,ES EL MOMENTO DEL HUILA,00004,EDWIN RENIER VALENCIA RODRIGUEZ,237
2023,GOBERNADOR,41359,ISNOS,06300,CONSTRUYAMOS UN HUILA PARA TODOS,00005,RODRIGO ARMANDO LARA SANCHEZ,2501
2023,GOBERNADOR,41359,ISNOS,08303,PACTO HISTORICO COLOMBIA PUEDE,00006,PAULINO GALINDO YUSTRES,277
2023,GOBERNADOR,41378,LA ARGENTINA,00000,,00996,VOTOS EN BLANCO,332
2023,GOBERNADOR,41378,LA ARGENTINA,00000,,00997,VOTOS NULOS,67
2023,GOBERNADOR,41378,LA ARGENTINA,00000,,00998,VOTOS NO MARCADOS,653
2023,GOBERNADOR,41378,LA ARGENTINA,00002,PARTIDO CONSERVADOR COLOMBIANO,00007,SANDRA MILENA HERNANDEZ RINCON,130
2023,GOBERNADOR,41378,LA ARGENTINA,00005,"MOVIMIENTO AUTORIDADES INDÍGENAS DE COLOMBIA ""AICO""",00010,JUAN DE JESUS CARDENAS CHAVEZ,0
2023,GOBERNADOR,41378,LA ARGENTINA,00015,PARTIDO COLOMBIA RENACIENTE,00003,JESUS MENDEZ ARTUNDUAGA,9
2023,GOBERNADOR,41378,LA ARGENTINA,00018,MOVIMIENTO POLÍTICO COLOMBIA HUMANA,00001,ALBERTO CASTILLO LOSADA,17
2023,GOBERNADOR,41378,LA ARGENTINA,00024,PARTIDO DEMÓCRATA COLOMBIANO,00009,VICTOR HUGO SANTOFIMIO OSORIO,2
2023,GOBERNADOR,41378,LA ARGENTINA,00025,PARTIDO ECOLOGISTA COLOMBIANO,00002,JUAN CARLOS GONZALEZ MEJIA,19
2023,GOBERNADOR,41378,LA ARGENTINA,05532,POR UN HUILA GRANDE,00008,RODRIGO VILLALBA MOSQUERA,4923
2023,GOBERNADOR,41378,LA ARGENTINA,05581,ES EL MOMENTO DEL HUILA,00004,EDWIN RENIER VALENCIA RODRIGUEZ,28
2023,GOBERNADOR,41378,LA ARGENTINA,06300,CONSTRUYAMOS UN HUILA PARA TODOS,00005,RODRIGO ARMANDO LARA SANCHEZ,1550
2023,GOBERNADOR,41378,LA ARGENTINA,08303,PACTO HISTORICO COLOMBIA PUEDE,00006,PAULINO GALINDO YUSTRES,219
2023,GOBERNADOR,41396,LA PLATA,00000,,00996,VOTOS EN BLANCO,2000
2023,GOBERNADOR,41396,LA PLATA,00000,,00997,VOTOS NULOS,490
2023,GOBERNADOR,41396,LA PLATA,00000,,00998,VOTOS NO MARCADOS,2732
2023,GOBERNADOR,41396,LA PLATA,00002,PARTIDO CONSERVADOR COLOMBIANO,00007,SANDRA MILENA HERNANDEZ RINCON,1551
2023,GOBERNADOR,41396,LA PLATA,00005,"MOVIMIENTO AUTORIDADES INDÍGENAS DE COLOMBIA ""AICO""",00010,JUAN DE JESUS CARDENAS CHAVEZ,0
2023,GOBERNADOR,41396,LA PLATA,00015,PARTIDO COLOMBIA RENACIENTE,00003,JESUS MENDEZ ARTUNDUAGA,111
2023,GOBERNADOR,41396,LA PLATA,00018,MOVIMIENTO POLÍTICO COLOMBIA HUMANA,00001,ALBERTO CASTILLO LOSADA,55
2023,GOBERNADOR,41396,LA PLATA,00024,PARTIDO DEMÓCRATA COLOMBIANO,00009,VICTOR HUGO SANTOFIMIO OSORIO,40
2023,GOBERNADOR,41396,LA PLATA,00025,PARTIDO ECOLOGISTA COLOMBIANO,00002,JUAN CARLOS GONZALEZ MEJIA,188
2023,GOBERNADOR,41396,LA PLATA,05532,POR UN HUILA GRANDE,00008,RODRIGO VILLALBA MOSQUERA,9408
2023,GOBERNADOR,41396,LA PLATA,05581,ES EL MOMENTO DEL HUILA,00004,EDWIN RENIER VALENCIA RODRIGUEZ,369
2023,GOBERNADOR,41396,LA PLATA,06300,CONSTRUYAMOS UN HUILA PARA TODOS,00005,RODRIGO ARMANDO LARA SANCHEZ,8165
2023,GOBERNADOR,41396,LA PLATA,08303,PACTO HISTORICO COLOMBIA PUEDE,00006,PAULINO GALINDO YUSTRES,790
2023,GOBERNADOR,41483,NÁTAGA,00000,,00996,VOTOS EN BLANCO,130
2023,GOBERNADOR,41483,NÁTAGA,00000,,00997,VOTOS NULOS,36
2023,GOBERNADOR,41483,NÁTAGA,00000,,00998,VOTOS NO MARCADOS,363
2023,GOBERNADOR,41483,NÁTAGA,00002,PARTIDO CONSERVADOR COLOMBIANO,00007,SANDRA MILENA HERNANDEZ RINCON,318
2023,GOBERNADOR,41483,NÁTAGA,00005,"MOVIMIENTO AUTORIDADES INDÍGENAS DE COLOMBIA ""AICO""",00010,JUAN DE JESUS CARDENAS CHAVEZ,0
2023,GOBERNADOR,41483,NÁTAGA,00015,PARTIDO COLOMBIA RENACIENTE,00003,JESUS MENDEZ ARTUNDUAGA,4
2023,GOBERNADOR,41483,NÁTAGA,00018,MOVIMIENTO POLÍTICO COLOMBIA HUMANA,00001,ALBERTO CASTILLO LOSADA,3
2023,GOBERNADOR,41483,NÁTAGA,00024,PARTIDO DEMÓCRATA COLOMBIANO,00009,VICTOR HUGO SANTOFIMIO OSORIO,1
2023,GOBERNADOR,41483,NÁTAGA,00025,PARTIDO ECOLOGISTA COLOMBIANO,00002,JUAN CARLOS GONZALEZ MEJIA,3
2023,GOBERNADOR,41483,NÁTAGA,05532,POR UN HUILA GRANDE,00008,RODRIGO VILLALBA MOSQUERA,2432
2023,GOBERNADOR,41483,NÁTAGA,05581,ES EL MOMENTO DEL HUILA,00004,EDWIN RENIER VALENCIA RODRIGUEZ,22
2023,GOBERNADOR,41483,NÁTAGA,06300,CONSTRUYAMOS UN HUILA PARA TODOS,00005,RODRIGO ARMANDO LARA SANCHEZ,368
2023,GOBERNADOR,41483,NÁTAGA,08303,PACTO HISTORICO COLOMBIA PUEDE,00006,PAULINO GALINDO YUSTRES,151
2023,GOBERNADOR,41503,OPORAPA,00000,,00996,VOTOS EN BLANCO,266
2023,GOBERNADOR,41503,OPORAPA,00000,,00997,VOTOS NULOS,64
2023,GOBERNADOR,41503,OPORAPA,00000,,00998,VOTOS NO MARCADOS,646
2023,GOBERNADOR,41503,OPORAPA,00002,PARTIDO CONSERVADOR COLOMBIANO,00007,SANDRA MILENA HERNANDEZ RINCON,1525
2023,GOBERNADOR,41503,OPORAPA,00005,"MOVIMIENTO AUTORIDADES INDÍGENAS DE COLOMBIA ""AICO""",00010,JUAN DE JESUS CARDENAS CHAVEZ,0
2023,GOBERNADOR,41503,OPORAPA,00015,PARTIDO COLOMBIA RENACIENTE,00003,JESUS MENDEZ ARTUNDUAGA,17
2023,GOBERNADOR,41503,OPORAPA,00018,MOVIMIENTO POLÍTICO COLOMBIA HUMANA,00001,ALBERTO CASTILLO LOSADA,15
2023,GOBERNADOR,41503,OPORAPA,00024,PARTIDO DEMÓCRATA COLOMBIANO,00009,VICTOR HUGO SANTOFIMIO OSORIO,2
2023,GOBERNADOR,41503,OPORAPA,00025,PARTIDO ECOLOGISTA COLOMBIANO,00002,JUAN CARLOS GONZALEZ MEJIA,98
2023,GOBERNADOR,41503,OPORAPA,05532,POR UN HUILA GRANDE,00008,RODRIGO VILLALBA MOSQUERA,3011
2023,GOBERNADOR,41503,OPORAPA,05581,ES EL MOMENTO DEL HUILA,00004,EDWIN RENIER VALENCIA RODRIGUEZ,41
2023,GOBERNADOR,41503,OPORAPA,06300,CONSTRUYAMOS UN HUILA PARA TODOS,00005,RODRIGO ARMANDO LARA SANCHEZ,981
2023,GOBERNADOR,41503,OPORAPA,08303,PACTO HISTORICO COLOMBIA PUEDE,00006,PAULINO GALINDO YUSTRES,30
2023,GOBERNADOR,41518,PAICOL,00000,,00996,VOTOS EN BLANCO,163
2023,GOBERNADOR,41518,PAICOL,00000,,00997,VOTOS NULOS,31
2023,GOBERNADOR,41518,PAICOL,00000,,00998,VOTOS NO MARCADOS,224
2023,GOBERNADOR,41518,PAICOL,00002,PARTIDO CONSERVADOR COLOMBIANO,00007,SANDRA MILENA HERNANDEZ RINCON,515
2023,GOBERNADOR,41518,PAICOL,00005,"MOVIMIENTO AUTORIDADES INDÍGENAS DE COLOMBIA ""AICO""",00010,JUAN DE JESUS CARDENAS CHAVEZ,0
2023,GOBERNADOR,41518,PAICOL,00015,PARTIDO COLOMBIA RENACIENTE,00003,JESUS MENDEZ ARTUNDUAGA,12
2023,GOBERNADOR,41518,PAICOL,00018,MOVIMIENTO POLÍTICO COLOMBIA HUMANA,00001,ALBERTO CASTILLO LOSADA,7
2023,GOBERNADOR,41518,PAICOL,00024,PARTIDO DEMÓCRATA COLOMBIANO,00009,VICTOR HUGO SANTOFIMIO OSORIO,2
2023,GOBERNADOR,41518,PAICOL,00025,PARTIDO ECOLOGISTA COLOMBIANO,00002,JUAN CARLOS GONZALEZ MEJIA,10
2023,GOBERNADOR,41518,PAICOL,05532,POR UN HUILA GRANDE,00008,RODRIGO VILLALBA MOSQUERA,2161
2023,GOBERNADOR,41518,PAICOL,05581,ES EL MOMENTO DEL HUILA,00004,EDWIN RENIER VALENCIA RODRIGUEZ,45
2023,GOBERNADOR,41518,PAICOL,06300,CONSTRUYAMOS UN HUILA PARA TODOS,00005,RODRIGO ARMANDO LARA SANCHEZ,952
2023,GOBERNADOR,41518,PAICOL,08303,PACTO HISTORICO COLOMBIA PUEDE,00006,PAULINO GALINDO YUSTRES,41
2023,GOBERNADOR,41524,PALERMO,00000,,00996,VOTOS EN BLANCO,1116
2023,GOBERNADOR,41524,PALERMO,00000,,00997,VOTOS NULOS,377
2023,GOBERNADOR,41524,PALERMO,00000,,00998,VOTOS NO MARCADOS,1632
2023,GOBERNADOR,41524,PALERMO,00002,PARTIDO CONSERVADOR COLOMBIANO,00007,SANDRA MILENA HERNANDEZ RINCON,808
2023,GOBERNADOR,41524,PALERMO,00005,"MOVIMIENTO AUTORIDADES INDÍGENAS DE COLOMBIA ""AICO""",00010,JUAN DE JESUS CARDENAS CHAVEZ,0
2023,GOBERNADOR,41524,PALERMO,00015,PARTIDO COLOMBIA RENACIENTE,00003,JESUS MENDEZ ARTUNDUAGA,29
2023,GOBERNADOR,41524,PALERMO,00018,MOVIMIENTO POLÍTICO COLOMBIA HUMANA,00001,ALBERTO CASTILLO LOSADA,64
2023,GOBERNADOR,41524,PALERMO,00024,PARTIDO DEMÓCRATA COLOMBIANO,00009,VICTOR HUGO SANTOFIMIO OSORIO,10
2023,GOBERNADOR,41524,PALERMO,00025,PARTIDO ECOLOGISTA COLOMBIANO,00002,JUAN CARLOS GONZALEZ MEJIA,95
2023,GOBERNADOR,41524,PALERMO,05532,POR UN HUILA GRANDE,00008,RODRIGO VILLALBA MOSQUERA,5199
2023,GOBERNADOR,41524,PALERMO,05581,ES EL MOMENTO DEL HUILA,00004,EDWIN RENIER VALENCIA RODRIGUEZ,142
2023,GOBERNADOR,41524,PALERMO,06300,CONSTRUYAMOS UN HUILA PARA TODOS,00005,RODRIGO ARMANDO LARA SANCHEZ,5203
2023,GOBERNADOR,41524,PALERMO,08303,PACTO HISTORICO COLOMBIA PUEDE,00006,PAULINO GALINDO YUSTRES,317
2023,GOBERNADOR,41530,PALESTINA,00000,,00996,VOTOS EN BLANCO,377
2023,GOBERNADOR,41530,PALESTINA,00000,,00997,VOTOS NULOS,82
2023,GOBERNADOR,41530,PALESTINA,00000,,00998,VOTOS NO MARCADOS,738
2023,GOBERNADOR,41530,PALESTINA,00002,PARTIDO CONSERVADOR COLOMBIANO,00007,SANDRA MILENA HERNANDEZ RINCON,595
2023,GOBERNADOR,41530,PALESTINA,00005,"MOVIMIENTO AUTORIDADES INDÍGENAS DE COLOMBIA ""AICO""",00010,JUAN DE JESUS CARDENAS CHAVEZ,0
2023,GOBERNADOR,41530,PALESTINA,00015,PARTIDO COLOMBIA RENACIENTE,00003,JESUS MENDEZ ARTUNDUAGA,19
2023,GOBERNADOR,41530,PALESTINA,00018,MOVIMIENTO POLÍTICO COLOMBIA HUMANA,00001,ALBERTO CASTILLO LOSADA,49
2023,GOBERNADOR,41530,PALESTINA,00024,PARTIDO DEMÓCRATA COLOMBIANO,00009,VICTOR HUGO SANTOFIMIO OSORIO,4
2023,GOBERNADOR,41530,PALESTINA,00025,PARTIDO ECOLOGISTA COLOMBIANO,00002,JUAN CARLOS GONZALEZ MEJIA,33
2023,GOBERNADOR,41530,PALESTINA,05532,POR UN HUILA GRANDE,00008,RODRIGO VILLALBA MOSQUERA,4078
2023,GOBERNADOR,41530,PALESTINA,05581,ES EL MOMENTO DEL HUILA,00004,EDWIN RENIER VALENCIA RODRIGUEZ,55
2023,GOBERNADOR,41530,PALESTINA,06300,CONSTRUYAMOS UN HUILA PARA TODOS,00005,RODRIGO ARMANDO LARA SANCHEZ,834
2023,GOBERNADOR,41530,PALESTINA,08303,PACTO HISTORICO COLOMBIA PUEDE,00006,PAULINO GALINDO YUSTRES,161
2023,GOBERNADOR,41548,PITAL,00000,,00996,VOTOS EN BLANCO,283
2023,GOBERNADOR,41548,PITAL,00000,,00997,VOTOS NULOS,78
2023,GOBERNADOR,41548,PITAL,00000,,00998,VOTOS NO MARCADOS,622
2023,GOBERNADOR,41548,PITAL,00002,PARTIDO CONSERVADOR COLOMBIANO,00007,SANDRA MILENA HERNANDEZ RINCON,282
2023,GOBERNADOR,41548,PITAL,00005,"MOVIMIENTO AUTORIDADES INDÍGENAS DE COLOMBIA ""AICO""",00010,JUAN DE JESUS CARDENAS CHAVEZ,0
2023,GOBERNADOR,41548,PITAL,00015,PARTIDO COLOMBIA RENACIENTE,00003,JESUS MENDEZ ARTUNDUAGA,37
2023,GOBERNADOR,41548,PITAL,00018,MOVIMIENTO POLÍTICO COLOMBIA HUMANA,00001,ALBERTO CASTILLO LOSADA,36
2023,GOBERNADOR,41548,PITAL,00024,PARTIDO DEMÓCRATA COLOMBIANO,00009,VICTOR HUGO SANTOFIMIO OSORIO,4
2023,GOBERNADOR,41548,PITAL,00025,PARTIDO ECOLOGISTA COLOMBIANO,00002,JUAN CARLOS GONZALEZ MEJIA,22
2023,GOBERNADOR,41548,PITAL,05532,POR UN HUILA GRANDE,00008,RODRIGO VILLALBA MOSQUERA,3097
2023,GOBERNADOR,41548,PITAL,05581,ES EL MOMENTO DEL HUILA,00004,EDWIN RENIER VALENCIA RODRIGUEZ,51
2023,GOBERNADOR,41548,PITAL,06300,CONSTRUYAMOS UN HUILA PARA TODOS,00005,RODRIGO ARMANDO LARA SANCHEZ,2845
2023,GOBERNADOR,41548,PITAL,08303,PACTO HISTORICO COLOMBIA PUEDE,00006,PAULINO GALINDO YUSTRES,48
2023,GOBERNADOR,41551,PITALITO,00000,,00996,VOTOS EN BLANCO,5693
2023,GOBERNADOR,41551,PITALITO,00000,,00997,VOTOS NULOS,1165
2023,GOBERNADOR,41551,PITALITO,00000,,00998,VOTOS NO MARCADOS,4828
2023,GOBERNADOR,41551,PITALITO,00002,PARTIDO CONSERVADOR COLOMBIANO,00007,SANDRA MILENA HERNANDEZ RINCON,14143
2023,GOBERNADOR,41551,PITALITO,00005,"MOVIMIENTO AUTORIDADES INDÍGENAS DE COLOMBIA ""AICO""",00010,JUAN DE JESUS CARDENAS CHAVEZ,0
2023,GOBERNADOR,41551,PITALITO,00015,PARTIDO COLOMBIA RENACIENTE,00003,JESUS MENDEZ ARTUNDUAGA,246
2023,GOBERNADOR,41551,PITALITO,00018,MOVIMIENTO POLÍTICO COLOMBIA HUMANA,00001,ALBERTO CASTILLO LOSADA,351
2023,GOBERNADOR,41551,PITALITO,00024,PARTIDO DEMÓCRATA COLOMBIANO,00009,VICTOR HUGO SANTOFIMIO OSORIO,32
2023,GOBERNADOR,41551,PITALITO,00025,PARTIDO ECOLOGISTA COLOMBIANO,00002,JUAN CARLOS GONZALEZ MEJIA,263
2023,GOBERNADOR,41551,PITALITO,05532,POR UN HUILA GRANDE,00008,RODRIGO VILLALBA MOSQUERA,20018
2023,GOBERNADOR,41551,PITALITO,05581,ES EL MOMENTO DEL HUILA,00004,EDWIN RENIER VALENCIA RODRIGUEZ,967
2023,GOBERNADOR,41551,PITALITO,06300,CONSTRUYAMOS UN HUILA PARA TODOS,00005,RODRIGO ARMANDO LARA SANCHEZ,8737
2023,GOBERNADOR,41551,PITALITO,08303,PACTO HISTORICO COLOMBIA PUEDE,00006,PAULINO GALINDO YUSTRES,1177
2023,GOBERNADOR,41615,RIVERA,00000,,00996,VOTOS EN BLANCO,728
2023,GOBERNADOR,41615,RIVERA,00000,,00997,VOTOS NULOS,240
2023,GOBERNADOR,41615,RIVERA,00000,,00998,VOTOS NO MARCADOS,737
2023,GOBERNADOR,41615,RIVERA,00002,PARTIDO CONSERVADOR COLOMBIANO,00007,SANDRA MILENA HERNANDEZ RINCON,633
2023,GOBERNADOR,41615,RIVERA,00005,"MOVIMIENTO AUTORIDADES INDÍGENAS DE COLOMBIA ""AICO""",00010,JUAN DE JESUS CARDENAS CHAVEZ,0
2023,GOBERNADOR,41615,RIVERA,00015,PARTIDO COLOMBIA RENACIENTE,00003,JESUS MENDEZ ARTUNDUAGA,33
2023,GOBERNADOR,41615,RIVERA,00018,MOVIMIENTO POLÍTICO COLOMBIA HUMANA,00001,ALBERTO CASTILLO LOSADA,68
2023,GOBERNADOR,41615,RIVERA,00024,PARTIDO DEMÓCRATA COLOMBIANO,00009,VICTOR HUGO SANTOFIMIO OSORIO,12
2023,GOBERNADOR,41615,RIVERA,00025,PARTIDO ECOLOGISTA COLOMBIANO,00002,JUAN CARLOS GONZALEZ MEJIA,56
2023,GOBERNADOR,41615,RIVERA,05532,POR UN HUILA GRANDE,00008,RODRIGO VILLALBA MOSQUERA,6669
2023,GOBERNADOR,41615,RIVERA,05581,ES EL MOMENTO DEL HUILA,00004,EDWIN RENIER VALENCIA RODRIGUEZ,101
2023,GOBERNADOR,41615,RIVERA,06300,CONSTRUYAMOS UN HUILA PARA TODOS,00005,RODRIGO ARMANDO LARA SANCHEZ,4040
2023,GOBERNADOR,41615,RIVERA,08303,PACTO HISTORICO COLOMBIA PUEDE,00006,PAULINO GALINDO YUSTRES,322
2023,GOBERNADOR,41660,SALADOBLANCO,00000,,00996,VOTOS EN BLANCO,228
2023,GOBERNADOR,41660,SALADOBLANCO,00000,,00997,VOTOS NULOS,43
2023,GOBERNADOR,41660,SALADOBLANCO,00000,,00998,VOTOS NO MARCADOS,851
2023,GOBERNADOR,41660,SALADOBLANCO,00002,PARTIDO CONSERVADOR COLOMBIANO,00007,SANDRA MILENA HERNANDEZ RINCON,309
2023,GOBERNADOR,41660,SALADOBLANCO,00005,"MOVIMIENTO AUTORIDADES INDÍGENAS DE COLOMBIA ""AICO""",00010,JUAN DE JESUS CARDENAS CHAVEZ,0
2023,GOBERNADOR,41660,SALADOBLANCO,00015,PARTIDO COLOMBIA RENACIENTE,00003,JESUS MENDEZ ARTUNDUAGA,13
2023,GOBERNADOR,41660,SALADOBLANCO,00018,MOVIMIENTO POLÍTICO COLOMBIA HUMANA,00001,ALBERTO CASTILLO LOSADA,26
2023,GOBERNADOR,41660,SALADOBLANCO,00025,PARTIDO ECOLOGISTA COLOMBIANO,00002,JUAN CARLOS GONZALEZ MEJIA,9
2023,GOBERNADOR,41660,SALADOBLANCO,05532,POR UN HUILA GRANDE,00008,RODRIGO VILLALBA MOSQUERA,4814
2023,GOBERNADOR,41660,SALADOBLANCO,05581,ES EL MOMENTO DEL HUILA,00004,EDWIN RENIER VALENCIA RODRIGUEZ,92
2023,GOBERNADOR,41660,SALADOBLANCO,06300,CONSTRUYAMOS UN HUILA PARA TODOS,00005,RODRIGO ARMANDO LARA SANCHEZ,1296
2023,GOBERNADOR,41660,SALADOBLANCO,08303,PACTO HISTORICO COLOMBIA PUEDE,00006,PAULINO GALINDO YUSTRES,45
2023,GOBERNADOR,41668,SAN AGUSTÍN,00000,,00996,VOTOS EN BLANCO,1424
2023,GOBERNADOR,41668,SAN AGUSTÍN,00000,,00997,VOTOS NULOS,263
2023,GOBERNADOR,41668,SAN AGUSTÍN,00000,,00998,VOTOS NO MARCADOS,2351
2023,GOBERNADOR,41668,SAN AGUSTÍN,00002,PARTIDO CONSERVADOR COLOMBIANO,00007,SANDRA MILENA HERNANDEZ RINCON,1906
2023,GOBERNADOR,41668,SAN AGUSTÍN,00005,"MOVIMIENTO AUTORIDADES INDÍGENAS DE COLOMBIA ""AICO""",00010,JUAN DE JESUS CARDENAS CHAVEZ,0
2023,GOBERNADOR,41668,SAN AGUSTÍN,00015,PARTIDO COLOMBIA RENACIENTE,00003,JESUS MENDEZ ARTUNDUAGA,100
2023,GOBERNADOR,41668,SAN AGUSTÍN,00018,MOVIMIENTO POLÍTICO COLOMBIA HUMANA,00001,ALBERTO CASTILLO LOSADA,75
2023,GOBERNADOR,41668,SAN AGUSTÍN,00024,PARTIDO DEMÓCRATA COLOMBIANO,00009,VICTOR HUGO SANTOFIMIO OSORIO,6
2023,GOBERNADOR,41668,SAN AGUSTÍN,00025,PARTIDO ECOLOGISTA COLOMBIANO,00002,JUAN CARLOS GONZALEZ MEJIA,83
2023,GOBERNADOR,41668,SAN AGUSTÍN,05532,POR UN HUILA GRANDE,00008,RODRIGO VILLALBA MOSQUERA,6581
2023,GOBERNADOR,41668,SAN AGUSTÍN,05581,ES EL MOMENTO DEL HUILA,00004,EDWIN RENIER VALENCIA RODRIGUEZ,174
2023,GOBERNADOR,41668,SAN AGUSTÍN,06300,CONSTRUYAMOS UN HUILA PARA TODOS,00005,RODRIGO ARMANDO LARA SANCHEZ,3124
2023,GOBERNADOR,41668,SAN AGUSTÍN,08303,PACTO HISTORICO COLOMBIA PUEDE,00006,PAULINO GALINDO YUSTRES,258
2023,GOBERNADOR,41676,SANTA MARÍA,00000,,00996,VOTOS EN BLANCO,244
2023,GOBERNADOR,41676,SANTA MARÍA,00000,,00997,VOTOS NULOS,60
2023,GOBERNADOR,41676,SANTA MARÍA,00000,,00998,VOTOS NO MARCADOS,596
2023,GOBERNADOR,41676,SANTA MARÍA,00002,PARTIDO CONSERVADOR COLOMBIANO,00007,SANDRA MILENA HERNANDEZ RINCON,301
2023,GOBERNADOR,41676,SANTA MARÍA,00005,"MOVIMIENTO AUTORIDADES INDÍGENAS DE COLOMBIA ""AICO""",00010,JUAN DE JESUS CARDENAS CHAVEZ,0
2023,GOBERNADOR,41676,SANTA MARÍA,00015,PARTIDO COLOMBIA RENACIENTE,00003,JESUS MENDEZ ARTUNDUAGA,9
2023,GOBERNADOR,41676,SANTA MARÍA,00018,MOVIMIENTO POLÍTICO COLOMBIA HUMANA,00001,ALBERTO CASTILLO LOSADA,25
2023,GOBERNADOR,41676,SANTA MARÍA,00024,PARTIDO DEMÓCRATA COLOMBIANO,00009,VICTOR HUGO SANTOFIMIO OSORIO,4
2023,GOBERNADOR,41676,SANTA MARÍA,00025,PARTIDO ECOLOGISTA COLOMBIANO,00002,JUAN CARLOS GONZALEZ MEJIA,40
2023,GOBERNADOR,41676,SANTA MARÍA,05532,POR UN HUILA GRANDE,00008,RODRIGO VILLALBA MOSQUERA,2778
2023,GOBERNADOR,41676,SANTA MARÍA,05581,ES EL MOMENTO DEL HUILA,00004,EDWIN RENIER VALENCIA RODRIGUEZ,87
2023,GOBERNADOR,41676,SANTA MARÍA,06300,CONSTRUYAMOS UN HUILA PARA TODOS,00005,RODRIGO ARMANDO LARA SANCHEZ,1988
2023,GOBERNADOR,41676,SANTA MARÍA,08303,PACTO HISTORICO COLOMBIA PUEDE,00006,PAULINO GALINDO YUSTRES,30
2023,GOBERNADOR,41770,SUAZA,00000,,00996,VOTOS EN BLANCO,681
2023,GOBERNADOR,41770,SUAZA,00000,,00997,VOTOS NULOS,108
2023,GOBERNADOR,41770,SUAZA,00000,,00998,VOTOS NO MARCADOS,1706
2023,GOBERNADOR,41770,SUAZA,00002,PARTIDO CONSERVADOR COLOMBIANO,00007,SANDRA MILENA HERNANDEZ RINCON,427
2023,GOBERNADOR,41770,SUAZA,00005,"MOVIMIENTO AUTORIDADES INDÍGENAS DE COLOMBIA ""AICO""",00010,JUAN DE JESUS CARDENAS CHAVEZ,0
2023,GOBERNADOR,41770,SUAZA,00015,PARTIDO COLOMBIA RENACIENTE,00003,JESUS MENDEZ ARTUNDUAGA,27
2023,GOBERNADOR,41770,SUAZA,00018,MOVIMIENTO POLÍTICO COLOMBIA HUMANA,00001,ALBERTO CASTILLO LOSADA,63
2023,GOBERNADOR,41770,SUAZA,00024,PARTIDO DEMÓCRATA COLOMBIANO,00009,VICTOR HUGO SANTOFIMIO OSORIO,9
2023,GOBERNADOR,41770,SUAZA,00025,PARTIDO ECOLOGISTA COLOMBIANO,00002,JUAN CARLOS GONZALEZ MEJIA,87
2023,GOBERNADOR,41770,SUAZA,05532,POR UN HUILA GRANDE,00008,RODRIGO VILLALBA MOSQUERA,5756
2023,GOBERNADOR,41770,SUAZA,05581,ES EL MOMENTO DEL HUILA,00004,EDWIN RENIER VALENCIA RODRIGUEZ,137
2023,GOBERNADOR,41770,SUAZA,06300,CONSTRUYAMOS UN HUILA PARA TODOS,00005,RODRIGO ARMANDO LARA SANCHEZ,1954
2023,GOBERNADOR,41770,SUAZA,08303,PACTO HISTORICO COLOMBIA PUEDE,00006,PAULINO GALINDO YUSTRES,123
2023,GOBERNADOR,41791,TARQUI,00000,,00996,VOTOS EN BLANCO,582
2023,GOBERNADOR,41791,TARQUI,00000,,00997,VOTOS NULOS,118
2023,GOBERNADOR,41791,TARQUI,00000,,00998,VOTOS NO MARCADOS,577
2023,GOBERNADOR,41791,TARQUI,00002,PARTIDO CONSERVADOR COLOMBIANO,00007,SANDRA MILENA HERNANDEZ RINCON,1043
2023,GOBERNADOR,41791,TARQUI,00005,"MOVIMIENTO AUTORIDADES INDÍGENAS DE COLOMBIA ""AICO""",00010,JUAN DE JESUS CARDENAS CHAVEZ,0
2023,GOBERNADOR,41791,TARQUI,00015,PARTIDO COLOMBIA RENACIENTE,00003,JESUS MENDEZ ARTUNDUAGA,41
2023,GOBERNADOR,41791,TARQUI,00018,MOVIMIENTO POLÍTICO COLOMBIA HUMANA,00001,ALBERTO CASTILLO LOSADA,36
2023,GOBERNADOR,41791,TARQUI,00024,PARTIDO DEMÓCRATA COLOMBIANO,00009,VICTOR HUGO SANTOFIMIO OSORIO,89
2023,GOBERNADOR,41791,TARQUI,00025,PARTIDO ECOLOGISTA COLOMBIANO,00002,JUAN CARLOS GONZALEZ MEJIA,36
2023,GOBERNADOR,41791,TARQUI,05532,POR UN HUILA GRANDE,00008,RODRIGO VILLALBA MOSQUERA,5064
2023,GOBERNADOR,41791,TARQUI,05581,ES EL MOMENTO DEL HUILA,00004,EDWIN RENIER VALENCIA RODRIGUEZ,50
2023,GOBERNADOR,41791,TARQUI,06300,CONSTRUYAMOS UN HUILA PARA TODOS,00005,RODRIGO ARMANDO LARA SANCHEZ,1899
2023,GOBERNADOR,41791,TARQUI,08303,PACTO HISTORICO COLOMBIA PUEDE,00006,PAULINO GALINDO YUSTRES,56
2023,GOBERNADOR,41797,TESALIA,00000,,00996,VOTOS EN BLANCO,330
2023,GOBERNADOR,41797,TESALIA,00000,,00997,VOTOS NULOS,119
2023,GOBERNADOR,41797,TESALIA,00000,,00998,VOTOS NO MARCADOS,395
2023,GOBERNADOR,41797,TESALIA,00002,PARTIDO CONSERVADOR COLOMBIANO,00007,SANDRA MILENA HERNANDEZ RINCON,787
2023,GOBERNADOR,41797,TESALIA,00005,"MOVIMIENTO AUTORIDADES INDÍGENAS DE COLOMBIA ""AICO""",00010,JUAN DE JESUS CARDENAS CHAVEZ,0
2023,GOBERNADOR,41797,TESALIA,00015,PARTIDO COLOMBIA RENACIENTE,00003,JESUS MENDEZ ARTUNDUAGA,18
2023,GOBERNADOR,41797,TESALIA,00018,MOVIMIENTO POLÍTICO COLOMBIA HUMANA,00001,ALBERTO CASTILLO LOSADA,16
2023,GOBERNADOR,41797,TESALIA,00024,PARTIDO DEMÓCRATA COLOMBIANO,00009,VICTOR HUGO SANTOFIMIO OSORIO,5
2023,GOBERNADOR,41797,TESALIA,00025,PARTIDO ECOLOGISTA COLOMBIANO,00002,JUAN CARLOS GONZALEZ MEJIA,41
2023,GOBERNADOR,41797,TESALIA,05532,POR UN HUILA GRANDE,00008,RODRIGO VILLALBA MOSQUERA,2488
2023,GOBERNADOR,41797,TESALIA,05581,ES EL MOMENTO DEL HUILA,00004,EDWIN RENIER VALENCIA RODRIGUEZ,51
2023,GOBERNADOR,41797,TESALIA,06300,CONSTRUYAMOS UN HUILA PARA TODOS,00005,RODRIGO ARMANDO LARA SANCHEZ,1876
2023,GOBERNADOR,41797,TESALIA,08303,PACTO HISTORICO COLOMBIA PUEDE,00006,PAULINO GALINDO YUSTRES,73
2023,GOBERNADOR,41799,TELLO,00000,,00996,VOTOS EN BLANCO,318
2023,GOBERNADOR,41799,TELLO,00000,,00997,VOTOS NULOS,74
2023,GOBERNADOR,41799,TELLO,00000,,00998,VOTOS NO MARCADOS,593
2023,GOBERNADOR,41799,TELLO,00002,PARTIDO CONSERVADOR COLOMBIANO,00007,SANDRA MILENA HERNANDEZ RINCON,126
2023,GOBERNADOR,41799,TELLO,00005,"MOVIMIENTO AUTORIDADES INDÍGENAS DE COLOMBIA ""AICO""",00010,JUAN DE JESUS CARDENAS CHAVEZ,0
2023,GOBERNADOR,41799,TELLO,00015,PARTIDO COLOMBIA RENACIENTE,00003,JESUS MENDEZ ARTUNDUAGA,16
2023,GOBERNADOR,41799,TELLO,00018,MOVIMIENTO POLÍTICO COLOMBIA HUMANA,00001,ALBERTO CASTILLO LOSADA,26
2023,GOBERNADOR,41799,TELLO,00024,PARTIDO DEMÓCRATA COLOMBIANO,00009,VICTOR HUGO SANTOFIMIO OSORIO,8
2023,GOBERNADOR,41799,TELLO,00025,PARTIDO ECOLOGISTA COLOMBIANO,00002,JUAN CARLOS GONZALEZ MEJIA,45
2023,GOBERNADOR,41799,TELLO,05532,POR UN HUILA GRANDE,00008,RODRIGO VILLALBA MOSQUERA,4992
2023,GOBERNADOR,41799,TELLO,05581,ES EL MOMENTO DEL HUILA,00004,EDWIN RENIER VALENCIA RODRIGUEZ,30
2023,GOBERNADOR,41799,TELLO,06300,CONSTRUYAMOS UN HUILA PARA TODOS,00005,RODRIGO ARMANDO LARA SANCHEZ,1219
2023,GOBERNADOR,41799,TELLO,08303,PACTO HISTORICO COLOMBIA PUEDE,00006,PAULINO GALINDO YUSTRES,67
2023,GOBERNADOR,41801,TERUEL,00000,,00996,VOTOS EN BLANCO,171
2023,GOBERNADOR,41801,TERUEL,00000,,00997,VOTOS NULOS,48
2023,GOBERNADOR,41801,TERUEL,00000,,00998,VOTOS NO MARCADOS,326
2023,GOBERNADOR,41801,TERUEL,00002,PARTIDO CONSERVADOR COLOMBIANO,00007,SANDRA MILENA HERNANDEZ RINCON,101
2023,GOBERNADOR,41801,TERUEL,00005,"MOVIMIENTO AUTORIDADES INDÍGENAS DE COLOMBIA ""AICO""",00010,JUAN DE JESUS CARDENAS CHAVEZ,0
2023,GOBERNADOR,41801,TERUEL,00015,PARTIDO COLOMBIA RENACIENTE,00003,JESUS MENDEZ ARTUNDUAGA,8
2023,GOBERNADOR,41801,TERUEL,00018,MOVIMIENTO POLÍTICO COLOMBIA HUMANA,00001,ALBERTO CASTILLO LOSADA,21
2023,GOBERNADOR,41801,TERUEL,00024,PARTIDO DEMÓCRATA COLOMBIANO,00009,VICTOR HUGO SANTOFIMIO OSORIO,1
2023,GOBERNADOR,41801,TERUEL,00025,PARTIDO ECOLOGISTA COLOMBIANO,00002,JUAN CARLOS GONZALEZ MEJIA,17
2023,GOBERNADOR,41801,TERUEL,05532,POR UN HUILA GRANDE,00008,RODRIGO VILLALBA MOSQUERA,2744
2023,GOBERNADOR,41801,TERUEL,05581,ES EL MOMENTO DEL HUILA,00004,EDWIN RENIER VALENCIA RODRIGUEZ,22
2023,GOBERNADOR,41801,TERUEL,06300,CONSTRUYAMOS UN HUILA PARA TODOS,00005,RODRIGO ARMANDO LARA SANCHEZ,1346
2023,GOBERNADOR,41801,TERUEL,08303,PACTO HISTORICO COLOMBIA PUEDE,00006,PAULINO GALINDO YUSTRES,33
2023,GOBERNADOR,41807,TIMANÁ,00000,,00996,VOTOS EN BLANCO,790
2023,GOBERNADOR,41807,TIMANÁ,00000,,00997,VOTOS NULOS,189
2023,GOBERNADOR,41807,TIMANÁ,00000,,00998,VOTOS NO MARCADOS,1309
2023,GOBERNADOR,41807,TIMANÁ,00002,PARTIDO CONSERVADOR COLOMBIANO,00007,SANDRA MILENA HERNANDEZ RINCON,1380
2023,GOBERNADOR,41807,TIMANÁ,00015,PARTIDO COLOMBIA RENACIENTE,00003,JESUS MENDEZ ARTUNDUAGA,306
2023,GOBERNADOR,41807,TIMANÁ,00018,MOVIMIENTO POLÍTICO COLOMBIA HUMANA,00001,ALBERTO CASTILLO LOSADA,58
2023,GOBERNADOR,41807,TIMANÁ,00024,PARTIDO DEMÓCRATA COLOMBIANO,00009,VICTOR HUGO SANTOFIMIO OSORIO,14
2023,GOBERNADOR,41807,TIMANÁ,00025,PARTIDO ECOLOGISTA COLOMBIANO,00002,JUAN CARLOS GONZALEZ MEJIA,54
2023,GOBERNADOR,41807,TIMANÁ,05532,POR UN HUILA GRANDE,00008,RODRIGO VILLALBA MOSQUERA,3806
2023,GOBERNADOR,41807,TIMANÁ,05581,ES EL MOMENTO DEL HUILA,00004,EDWIN RENIER VALENCIA RODRIGUEZ,173
2023,GOBERNADOR,41807,TIMANÁ,06300,CONSTRUYAMOS UN HUILA PARA TODOS,00005,RODRIGO ARMANDO LARA SANCHEZ,3015
2023,GOBERNADOR,41807,TIMANÁ,08303,PACTO HISTORICO COLOMBIA PUEDE,00006,PAULINO GALINDO YUSTRES,104
2023,GOBERNADOR,41872,VILLAVIEJA,00000,,00996,VOTOS EN BLANCO,238
2023,GOBERNADOR,41872,VILLAVIEJA,00000,,00997,VOTOS NULOS,87
2023,GOBERNADOR,41872,VILLAVIEJA,00000,,00998,VOTOS NO MARCADOS,564
2023,GOBERNADOR,41872,VILLAVIEJA,00002,PARTIDO CONSERVADOR COLOMBIANO,00007,SANDRA MILENA HERNANDEZ RINCON,204
2023,GOBERNADOR,41872,VILLAVIEJA,00005,"MOVIMIENTO AUTORIDADES INDÍGENAS DE COLOMBIA ""AICO""",00010,JUAN DE JESUS CARDENAS CHAVEZ,0
2023,GOBERNADOR,41872,VILLAVIEJA,00015,PARTIDO COLOMBIA RENACIENTE,00003,JESUS MENDEZ ARTUNDUAGA,13
2023,GOBERNADOR,41872,VILLAVIEJA,00018,MOVIMIENTO POLÍTICO COLOMBIA HUMANA,00001,ALBERTO CASTILLO LOSADA,13
2023,GOBERNADOR,41872,VILLAVIEJA,00024,PARTIDO DEMÓCRATA COLOMBIANO,00009,VICTOR HUGO SANTOFIMIO OSORIO,2
2023,GOBERNADOR,41872,VILLAVIEJA,00025,PARTIDO ECOLOGISTA COLOMBIANO,00002,JUAN CARLOS GONZALEZ MEJIA,81
2023,GOBERNADOR,41872,VILLAVIEJA,05532,POR UN HUILA GRANDE,00008,RODRIGO VILLALBA MOSQUERA,2978
2023,GOBERNADOR,41872,VILLAVIEJA,05581,ES EL MOMENTO DEL HUILA,00004,EDWIN RENIER VALENCIA RODRIGUEZ,26
2023,GOBERNADOR,41872,VILLAVIEJA,06300,CONSTRUYAMOS UN HUILA PARA TODOS,00005,RODRIGO ARMANDO LARA SANCHEZ,1253
2023,GOBERNADOR,41872,VILLAVIEJA,08303,PACTO HISTORICO COLOMBIA PUEDE,00006,PAULINO GALINDO YUSTRES,105
2023,GOBERNADOR,41885,YAGUARÁ,00000,,00996,VOTOS EN BLANCO,252
2023,GOBERNADOR,41885,YAGUARÁ,00000,,00997,VOTOS NULOS,91
2023,GOBERNADOR,41885,YAGUARÁ,00000,,00998,VOTOS NO MARCADOS,348
2023,GOBERNADOR,41885,YAGUARÁ,00002,PARTIDO CONSERVADOR COLOMBIANO,00007,SANDRA MILENA HERNANDEZ RINCON,1084
2023,GOBERNADOR,41885,YAGUARÁ,00005,"MOVIMIENTO AUTORIDADES INDÍGENAS DE COLOMBIA ""AICO""",00010,JUAN DE JESUS CARDENAS CHAVEZ,0
2023,GOBERNADOR,41885,YAGUARÁ,00015,PARTIDO COLOMBIA RENACIENTE,00003,JESUS MENDEZ ARTUNDUAGA,9
2023,GOBERNADOR,41885,YAGUARÁ,00018,MOVIMIENTO POLÍTICO COLOMBIA HUMANA,00001,ALBERTO CASTILLO LOSADA,11
2023,GOBERNADOR,41885,YAGUARÁ,00025,PARTIDO ECOLOGISTA COLOMBIANO,00002,JUAN CARLOS GONZALEZ MEJIA,11
2023,GOBERNADOR,41885,YAGUARÁ,05532,POR UN HUILA GRANDE,00008,RODRIGO VILLALBA MOSQUERA,1813
2023,GOBERNADOR,41885,YAGUARÁ,05581,ES EL MOMENTO DEL HUILA,00004,EDWIN RENIER VALENCIA RODRIGUEZ,22
2023,GOBERNADOR,41885,YAGUARÁ,06300,CONSTRUYAMOS UN HUILA PARA TODOS,00005,RODRIGO ARMANDO LARA SANCHEZ,1537
2023,GOBERNADOR,41885,YAGUARÁ,08303,PACTO HISTORICO COLOMBIA PUEDE,00006,PAULINO GALINDO YUSTRES,163
