numero_alerta,fecha,tipo,cod_divipola
001-17,2017-12-27,inminencia,13001
001-18,2018-01-02,inminencia,19780
002-18,2018-01-02,inminencia,17042
003-18,2018-01-05,inminencia,52233
003-18,2018-01-05,inminencia,52427
003-18,2018-01-05,inminencia,52540
003-18,2018-01-05,inminencia,52621
004-18,2018-01-07,inminencia,52835
005-18,2018-01-14,inminencia,23807
006-18,2018-01-15,inminencia,81736
007-18,2018-01-18,estructural,50577
007-18,2018-01-18,estructural,50590
007-18,2018-01-18,estructural,50711
008-18,2018-01-22,estructural,25168
008-18,2018-01-22,estructural,25320
009-18,2018-01-22,inminencia,05120
010-18,2018-01-23,inminencia,20175
010-18,2018-01-23,inminencia,20228
010-18,2018-01-23,inminencia,20517
010-18,2018-01-23,inminencia,20550
011-18,2018-01-24,estructural,05873
011-18,2018-01-24,estructural,27099
011-18,2018-01-24,estructural,27425
012-18,2018-01-24,inminencia,27600
013-18,2018-01-25,inminencia,81065
014-18,2018-01-26,inminencia,54206
014-18,2018-01-26,inminencia,54245
014-18,2018-01-26,inminencia,54800
015-18,2018-01-26,inminencia,27580
016-18,2018-01-26,inminencia,05887
017-18,2018-01-26,inminencia,05234
017-18,2018-01-26,inminencia,05543
017-18,2018-01-26,inminencia,05842
017-18,2018-01-26,inminencia,05138
018-18,2018-01-26,inminencia,19050
019-18,2018-01-26,inminencia,27150
019-18,2018-01-26,inminencia,27615
020-18,2018-02-12,estructural,08001
020-18,2018-02-12,estructural,08573
020-18,2018-02-12,estructural,08758
020-18,2018-02-12,estructural,08296
020-18,2018-02-12,estructural,08433
021-18,2018-02-12,inminencia,05893
021-18,2018-02-12,inminencia,13160
022-18,2018-02-14,estructural,13042
022-18,2018-02-14,estructural,05001
022-18,2018-02-14,estructural,05038
022-18,2018-02-14,estructural,05040
022-18,2018-02-14,estructural,05045
022-18,2018-02-14,estructural,05088
022-18,2018-02-14,estructural,05107
022-18,2018-02-14,estructural,05120
022-18,2018-02-14,estructural,05134
022-18,2018-02-14,estructural,05138
022-18,2018-02-14,estructural,05147
022-18,2018-02-14,estructural,05154
022-18,2018-02-14,estructural,05172
022-18,2018-02-14,estructural,05234
022-18,2018-02-14,estructural,05250
022-18,2018-02-14,estructural,05361
022-18,2018-02-14,estructural,05495
022-18,2018-02-14,estructural,05579
022-18,2018-02-14,estructural,05604
022-18,2018-02-14,estructural,05631
022-18,2018-02-14,estructural,05647
022-18,2018-02-14,estructural,05543
022-18,2018-02-14,estructural,05736
022-18,2018-02-14,estructural,05790
022-18,2018-02-14,estructural,05837
022-18,2018-02-14,estructural,05842
022-18,2018-02-14,estructural,05854
022-18,2018-02-14,estructural,05887
022-18,2018-02-14,estructural,05893
022-18,2018-02-14,estructural,05895
022-18,2018-02-14,estructural,08001
022-18,2018-02-14,estructural,08296
022-18,2018-02-14,estructural,08433
022-18,2018-02-14,estructural,08520
022-18,2018-02-14,estructural,08549
022-18,2018-02-14,estructural,08573
022-18,2018-02-14,estructural,08606
022-18,2018-02-14,estructural,08638
022-18,2018-02-14,estructural,08758
022-18,2018-02-14,estructural,08832
022-18,2018-02-14,estructural,11001
022-18,2018-02-14,estructural,13001
022-18,2018-02-14,estructural,13006
022-18,2018-02-14,estructural,13655
022-18,2018-02-14,estructural,13667
022-18,2018-02-14,estructural,13670
022-18,2018-02-14,estructural,13683
022-18,2018-02-14,estructural,13744
022-18,2018-02-14,estructural,13810
022-18,2018-02-14,estructural,17001
022-18,2018-02-14,estructural,17380
022-18,2018-02-14,estructural,17442
022-18,2018-02-14,estructural,17444
022-18,2018-02-14,estructural,17614
022-18,2018-02-14,estructural,17662
022-18,2018-02-14,estructural,17777
022-18,2018-02-14,estructural,19256
022-18,2018-02-14,estructural,19022
022-18,2018-02-14,estructural,19318
022-18,2018-02-14,estructural,19355
022-18,2018-02-14,estructural,19364
022-18,2018-02-14,estructural,19418
022-18,2018-02-14,estructural,19450
022-18,2018-02-14,estructural,19455
022-18,2018-02-14,estructural,19473
022-18,2018-02-14,estructural,19532
022-18,2018-02-14,estructural,19533
022-18,2018-02-14,estructural,19698
022-18,2018-02-14,estructural,19780
022-18,2018-02-14,estructural,19809
022-18,2018-02-14,estructural,19821
022-18,2018-02-14,estructural,19824
022-18,2018-02-14,estructural,20011
022-18,2018-02-14,estructural,20013
022-18,2018-02-14,estructural,18150
022-18,2018-02-14,estructural,18592
022-18,2018-02-14,estructural,18610
022-18,2018-02-14,estructural,18753
022-18,2018-02-14,estructural,18756
022-18,2018-02-14,estructural,19050
022-18,2018-02-14,estructural,19075
022-18,2018-02-14,estructural,19100
022-18,2018-02-14,estructural,19110
022-18,2018-02-14,estructural,19142
022-18,2018-02-14,estructural,19212
022-18,2018-02-14,estructural,15183
022-18,2018-02-14,estructural,15332
022-18,2018-02-14,estructural,15377
022-18,2018-02-14,estructural,15533
022-18,2018-02-14,estructural,15550
022-18,2018-02-14,estructural,15518
022-18,2018-02-14,estructural,15759
022-18,2018-02-14,estructural,13160
022-18,2018-02-14,estructural,13244
022-18,2018-02-14,estructural,13430
022-18,2018-02-14,estructural,13458
022-18,2018-02-14,estructural,13473
022-18,2018-02-14,estructural,13490
022-18,2018-02-14,estructural,13074
022-18,2018-02-14,estructural,25878
022-18,2018-02-14,estructural,27001
022-18,2018-02-14,estructural,27006
022-18,2018-02-14,estructural,27073
022-18,2018-02-14,estructural,41020
022-18,2018-02-14,estructural,41799
022-18,2018-02-14,estructural,44001
022-18,2018-02-14,estructural,27150
022-18,2018-02-14,estructural,27160
022-18,2018-02-14,estructural,27205
022-18,2018-02-14,estructural,27245
022-18,2018-02-14,estructural,27250
022-18,2018-02-14,estructural,27361
022-18,2018-02-14,estructural,27413
022-18,2018-02-14,estructural,27450
022-18,2018-02-14,estructural,27491
022-18,2018-02-14,estructural,27580
022-18,2018-02-14,estructural,27600
022-18,2018-02-14,estructural,27615
022-18,2018-02-14,estructural,27660
022-18,2018-02-14,estructural,27745
022-18,2018-02-14,estructural,27787
022-18,2018-02-14,estructural,27800
022-18,2018-02-14,estructural,41001
022-18,2018-02-14,estructural,41078
022-18,2018-02-14,estructural,20228
022-18,2018-02-14,estructural,20310
022-18,2018-02-14,estructural,20383
022-18,2018-02-14,estructural,20400
022-18,2018-02-14,estructural,20517
022-18,2018-02-14,estructural,20614
022-18,2018-02-14,estructural,23001
022-18,2018-02-14,estructural,23068
022-18,2018-02-14,estructural,23079
022-18,2018-02-14,estructural,23090
022-18,2018-02-14,estructural,23350
022-18,2018-02-14,estructural,23419
022-18,2018-02-14,estructural,23466
022-18,2018-02-14,estructural,23500
022-18,2018-02-14,estructural,23574
022-18,2018-02-14,estructural,23580
022-18,2018-02-14,estructural,23670
022-18,2018-02-14,estructural,23682
022-18,2018-02-14,estructural,23807
022-18,2018-02-14,estructural,23855
022-18,2018-02-14,estructural,25053
022-18,2018-02-14,estructural,25120
022-18,2018-02-14,estructural,25168
022-18,2018-02-14,estructural,25290
022-18,2018-02-14,estructural,25320
022-18,2018-02-14,estructural,25506
022-18,2018-02-14,estructural,25524
022-18,2018-02-14,estructural,25535
022-18,2018-02-14,estructural,25649
022-18,2018-02-14,estructural,25743
022-18,2018-02-14,estructural,25754
022-18,2018-02-14,estructural,47707
022-18,2018-02-14,estructural,47720
022-18,2018-02-14,estructural,47798
022-18,2018-02-14,estructural,50251
022-18,2018-02-14,estructural,50325
022-18,2018-02-14,estructural,50330
022-18,2018-02-14,estructural,50350
022-18,2018-02-14,estructural,50370
022-18,2018-02-14,estructural,50400
022-18,2018-02-14,estructural,50450
022-18,2018-02-14,estructural,50568
022-18,2018-02-14,estructural,50573
022-18,2018-02-14,estructural,54670
022-18,2018-02-14,estructural,54720
022-18,2018-02-14,estructural,54743
022-18,2018-02-14,estructural,54800
022-18,2018-02-14,estructural,54398
022-18,2018-02-14,estructural,54810
022-18,2018-02-14,estructural,54820
022-18,2018-02-14,estructural,54874
022-18,2018-02-14,estructural,63001
022-18,2018-02-14,estructural,63594
022-18,2018-02-14,estructural,66088
022-18,2018-02-14,estructural,66456
022-18,2018-02-14,estructural,66572
022-18,2018-02-14,estructural,66594
022-18,2018-02-14,estructural,66682
022-18,2018-02-14,estructural,50577
022-18,2018-02-14,estructural,50590
022-18,2018-02-14,estructural,50711
022-18,2018-02-14,estructural,52079
022-18,2018-02-14,estructural,52227
022-18,2018-02-14,estructural,52233
022-18,2018-02-14,estructural,52250
022-18,2018-02-14,estructural,52256
022-18,2018-02-14,estructural,52390
022-18,2018-02-14,estructural,52405
022-18,2018-02-14,estructural,52427
022-18,2018-02-14,estructural,52435
022-18,2018-02-14,estructural,52473
022-18,2018-02-14,estructural,52540
022-18,2018-02-14,estructural,52612
022-18,2018-02-14,estructural,52621
022-18,2018-02-14,estructural,52678
022-18,2018-02-14,estructural,52696
022-18,2018-02-14,estructural,52699
022-18,2018-02-14,estructural,52835
022-18,2018-02-14,estructural,54001
022-18,2018-02-14,estructural,54003
022-18,2018-02-14,estructural,54174
022-18,2018-02-14,estructural,54206
022-18,2018-02-14,estructural,54245
022-18,2018-02-14,estructural,54250
022-18,2018-02-14,estructural,54261
022-18,2018-02-14,estructural,54344
022-18,2018-02-14,estructural,54347
022-18,2018-02-14,estructural,54405
022-18,2018-02-14,estructural,54498
022-18,2018-02-14,estructural,54553
022-18,2018-02-14,estructural,54599
022-18,2018-02-14,estructural,44035
022-18,2018-02-14,estructural,44078
022-18,2018-02-14,estructural,44090
022-18,2018-02-14,estructural,44279
022-18,2018-02-14,estructural,44430
022-18,2018-02-14,estructural,44847
022-18,2018-02-14,estructural,44855
022-18,2018-02-14,estructural,47001
022-18,2018-02-14,estructural,47245
022-18,2018-02-14,estructural,47555
022-18,2018-02-14,estructural,70713
022-18,2018-02-14,estructural,70820
022-18,2018-02-14,estructural,76622
022-18,2018-02-14,estructural,76834
022-18,2018-02-14,estructural,81001
022-18,2018-02-14,estructural,81065
022-18,2018-02-14,estructural,81220
022-18,2018-02-14,estructural,81300
022-18,2018-02-14,estructural,81591
022-18,2018-02-14,estructural,81736
022-18,2018-02-14,estructural,81794
022-18,2018-02-14,estructural,85001
022-18,2018-02-14,estructural,85010
022-18,2018-02-14,estructural,85015
022-18,2018-02-14,estructural,85125
022-18,2018-02-14,estructural,85136
022-18,2018-02-14,estructural,85225
022-18,2018-02-14,estructural,76100
022-18,2018-02-14,estructural,76109
022-18,2018-02-14,estructural,76122
022-18,2018-02-14,estructural,76126
022-18,2018-02-14,estructural,76147
022-18,2018-02-14,estructural,76246
022-18,2018-02-14,estructural,76250
022-18,2018-02-14,estructural,76275
022-18,2018-02-14,estructural,76364
022-18,2018-02-14,estructural,70001
022-18,2018-02-14,estructural,70221
022-18,2018-02-14,estructural,70265
022-18,2018-02-14,estructural,70508
022-18,2018-02-14,estructural,94883
022-18,2018-02-14,estructural,86757
022-18,2018-02-14,estructural,94884
022-18,2018-02-14,estructural,94886
022-18,2018-02-14,estructural,94888
022-18,2018-02-14,estructural,95001
022-18,2018-02-14,estructural,95015
022-18,2018-02-14,estructural,95025
022-18,2018-02-14,estructural,95200
022-18,2018-02-14,estructural,97001
022-18,2018-02-14,estructural,97161
022-18,2018-02-14,estructural,97511
022-18,2018-02-14,estructural,99001
022-18,2018-02-14,estructural,99524
022-18,2018-02-14,estructural,99773
022-18,2018-02-14,estructural,85250
022-18,2018-02-14,estructural,85279
022-18,2018-02-14,estructural,85315
022-18,2018-02-14,estructural,85325
022-18,2018-02-14,estructural,85400
022-18,2018-02-14,estructural,85430
022-18,2018-02-14,estructural,86568
022-18,2018-02-14,estructural,86571
022-18,2018-02-14,estructural,86573
022-18,2018-02-14,estructural,86865
022-18,2018-02-14,estructural,91407
022-18,2018-02-14,estructural,91430
022-18,2018-02-14,estructural,91460
022-18,2018-02-14,estructural,91669
022-18,2018-02-14,estructural,94001
022-18,2018-02-14,estructural,94343
022-18,2018-02-14,estructural,47460
023-18,2018-02-23,inminencia,23682
024-18,2018-02-26,inminencia,86573
025-18,2018-02-27,inminencia,27073
026-18,2018-02-28,estructural,08634
026-18,2018-02-28,estructural,13052
026-18,2018-02-28,estructural,05001
026-18,2018-02-28,estructural,05040
026-18,2018-02-28,estructural,05045
026-18,2018-02-28,estructural,05079
026-18,2018-02-28,estructural,05088
026-18,2018-02-28,estructural,05107
026-18,2018-02-28,estructural,05120
026-18,2018-02-28,estructural,05147
026-18,2018-02-28,estructural,05172
026-18,2018-02-28,estructural,05237
026-18,2018-02-28,estructural,05250
026-18,2018-02-28,estructural,05361
026-18,2018-02-28,estructural,05364
026-18,2018-02-28,estructural,05411
026-18,2018-02-28,estructural,05579
026-18,2018-02-28,estructural,05604
026-18,2018-02-28,estructural,05647
026-18,2018-02-28,estructural,05674
026-18,2018-02-28,estructural,05736
026-18,2018-02-28,estructural,05756
026-18,2018-02-28,estructural,05790
026-18,2018-02-28,estructural,05819
026-18,2018-02-28,estructural,05837
026-18,2018-02-28,estructural,05854
026-18,2018-02-28,estructural,05873
026-18,2018-02-28,estructural,05887
026-18,2018-02-28,estructural,05893
026-18,2018-02-28,estructural,05895
026-18,2018-02-28,estructural,08001
026-18,2018-02-28,estructural,08296
026-18,2018-02-28,estructural,08433
026-18,2018-02-28,estructural,08560
026-18,2018-02-28,estructural,08573
026-18,2018-02-28,estructural,08606
026-18,2018-02-28,estructural,08638
026-18,2018-02-28,estructural,08758
026-18,2018-02-28,estructural,08832
026-18,2018-02-28,estructural,11001
026-18,2018-02-28,estructural,13001
026-18,2018-02-28,estructural,13006
026-18,2018-02-28,estructural,13647
026-18,2018-02-28,estructural,13654
026-18,2018-02-28,estructural,13657
026-18,2018-02-28,estructural,13670
026-18,2018-02-28,estructural,13688
026-18,2018-02-28,estructural,13744
026-18,2018-02-28,estructural,13780
026-18,2018-02-28,estructural,13810
026-18,2018-02-28,estructural,13836
026-18,2018-02-28,estructural,13894
026-18,2018-02-28,estructural,15001
026-18,2018-02-28,estructural,17001
026-18,2018-02-28,estructural,17042
026-18,2018-02-28,estructural,17088
026-18,2018-02-28,estructural,17380
026-18,2018-02-28,estructural,17442
026-18,2018-02-28,estructural,17513
026-18,2018-02-28,estructural,17541
026-18,2018-02-28,estructural,17665
026-18,2018-02-28,estructural,17777
026-18,2018-02-28,estructural,18001
026-18,2018-02-28,estructural,18094
026-18,2018-02-28,estructural,18256
026-18,2018-02-28,estructural,19256
026-18,2018-02-28,estructural,19022
026-18,2018-02-28,estructural,19300
026-18,2018-02-28,estructural,19318
026-18,2018-02-28,estructural,19364
026-18,2018-02-28,estructural,19392
026-18,2018-02-28,estructural,19418
026-18,2018-02-28,estructural,19450
026-18,2018-02-28,estructural,19455
026-18,2018-02-28,estructural,19517
026-18,2018-02-28,estructural,19532
026-18,2018-02-28,estructural,19533
026-18,2018-02-28,estructural,19585
026-18,2018-02-28,estructural,19622
026-18,2018-02-28,estructural,19698
026-18,2018-02-28,estructural,19760
026-18,2018-02-28,estructural,19780
026-18,2018-02-28,estructural,19785
026-18,2018-02-28,estructural,19807
026-18,2018-02-28,estructural,19845
026-18,2018-02-28,estructural,20001
026-18,2018-02-28,estructural,20011
026-18,2018-02-28,estructural,20013
026-18,2018-02-28,estructural,20032
026-18,2018-02-28,estructural,20045
026-18,2018-02-28,estructural,18150
026-18,2018-02-28,estructural,18410
026-18,2018-02-28,estructural,18479
026-18,2018-02-28,estructural,18592
026-18,2018-02-28,estructural,18610
026-18,2018-02-28,estructural,18753
026-18,2018-02-28,estructural,18756
026-18,2018-02-28,estructural,18860
026-18,2018-02-28,estructural,19001
026-18,2018-02-28,estructural,19050
026-18,2018-02-28,estructural,19100
026-18,2018-02-28,estructural,19110
026-18,2018-02-28,estructural,19130
026-18,2018-02-28,estructural,19137
026-18,2018-02-28,estructural,19142
026-18,2018-02-28,estructural,19212
026-18,2018-02-28,estructural,15176
026-18,2018-02-28,estructural,15223
026-18,2018-02-28,estructural,15464
026-18,2018-02-28,estructural,15516
026-18,2018-02-28,estructural,15533
026-18,2018-02-28,estructural,15759
026-18,2018-02-28,estructural,13160
026-18,2018-02-28,estructural,13212
026-18,2018-02-28,estructural,13244
026-18,2018-02-28,estructural,13430
026-18,2018-02-28,estructural,13433
026-18,2018-02-28,estructural,13442
026-18,2018-02-28,estructural,13473
026-18,2018-02-28,estructural,13490
026-18,2018-02-28,estructural,13074
026-18,2018-02-28,estructural,27001
026-18,2018-02-28,estructural,27006
026-18,2018-02-28,estructural,27025
026-18,2018-02-28,estructural,27077
026-18,2018-02-28,estructural,27099
026-18,2018-02-28,estructural,41357
026-18,2018-02-28,estructural,41396
026-18,2018-02-28,estructural,41551
026-18,2018-02-28,estructural,41676
026-18,2018-02-28,estructural,41770
026-18,2018-02-28,estructural,44001
026-18,2018-02-28,estructural,27150
026-18,2018-02-28,estructural,27250
026-18,2018-02-28,estructural,27361
026-18,2018-02-28,estructural,27372
026-18,2018-02-28,estructural,27425
026-18,2018-02-28,estructural,27430
026-18,2018-02-28,estructural,27615
026-18,2018-02-28,estructural,27660
026-18,2018-02-28,estructural,27800
026-18,2018-02-28,estructural,41001
026-18,2018-02-28,estructural,41132
026-18,2018-02-28,estructural,41349
026-18,2018-02-28,estructural,20175
026-18,2018-02-28,estructural,20178
026-18,2018-02-28,estructural,20228
026-18,2018-02-28,estructural,20238
026-18,2018-02-28,estructural,20250
026-18,2018-02-28,estructural,20295
026-18,2018-02-28,estructural,20383
026-18,2018-02-28,estructural,20400
026-18,2018-02-28,estructural,20443
026-18,2018-02-28,estructural,20517
026-18,2018-02-28,estructural,20550
026-18,2018-02-28,estructural,20621
026-18,2018-02-28,estructural,20710
026-18,2018-02-28,estructural,20750
026-18,2018-02-28,estructural,20770
026-18,2018-02-28,estructural,20787
026-18,2018-02-28,estructural,23068
026-18,2018-02-28,estructural,23079
026-18,2018-02-28,estructural,23090
026-18,2018-02-28,estructural,23189
026-18,2018-02-28,estructural,23350
026-18,2018-02-28,estructural,23419
026-18,2018-02-28,estructural,23466
026-18,2018-02-28,estructural,23555
026-18,2018-02-28,estructural,23570
026-18,2018-02-28,estructural,23580
026-18,2018-02-28,estructural,23682
026-18,2018-02-28,estructural,23807
026-18,2018-02-28,estructural,25053
026-18,2018-02-28,estructural,25120
026-18,2018-02-28,estructural,25290
026-18,2018-02-28,estructural,25312
026-18,2018-02-28,estructural,25743
026-18,2018-02-28,estructural,25754
026-18,2018-02-28,estructural,47692
026-18,2018-02-28,estructural,47798
026-18,2018-02-28,estructural,50001
026-18,2018-02-28,estructural,50006
026-18,2018-02-28,estructural,50251
026-18,2018-02-28,estructural,50325
026-18,2018-02-28,estructural,50330
026-18,2018-02-28,estructural,50350
026-18,2018-02-28,estructural,50370
026-18,2018-02-28,estructural,50400
026-18,2018-02-28,estructural,50450
026-18,2018-02-28,estructural,50568
026-18,2018-02-28,estructural,50573
026-18,2018-02-28,estructural,54670
026-18,2018-02-28,estructural,54720
026-18,2018-02-28,estructural,54800
026-18,2018-02-28,estructural,54810
026-18,2018-02-28,estructural,54874
026-18,2018-02-28,estructural,63001
026-18,2018-02-28,estructural,63130
026-18,2018-02-28,estructural,63190
026-18,2018-02-28,estructural,63302
026-18,2018-02-28,estructural,63401
026-18,2018-02-28,estructural,63470
026-18,2018-02-28,estructural,63548
026-18,2018-02-28,estructural,63594
026-18,2018-02-28,estructural,63690
026-18,2018-02-28,estructural,66001
026-18,2018-02-28,estructural,66088
026-18,2018-02-28,estructural,66170
026-18,2018-02-28,estructural,66318
026-18,2018-02-28,estructural,66456
026-18,2018-02-28,estructural,66572
026-18,2018-02-28,estructural,66594
026-18,2018-02-28,estructural,66682
026-18,2018-02-28,estructural,66687
026-18,2018-02-28,estructural,68001
026-18,2018-02-28,estructural,68276
026-18,2018-02-28,estructural,68307
026-18,2018-02-28,estructural,63212
026-18,2018-02-28,estructural,68081
026-18,2018-02-28,estructural,68190
026-18,2018-02-28,estructural,50577
026-18,2018-02-28,estructural,50590
026-18,2018-02-28,estructural,50689
026-18,2018-02-28,estructural,50711
026-18,2018-02-28,estructural,52079
026-18,2018-02-28,estructural,52203
026-18,2018-02-28,estructural,52250
026-18,2018-02-28,estructural,52256
026-18,2018-02-28,estructural,52390
026-18,2018-02-28,estructural,52427
026-18,2018-02-28,estructural,52473
026-18,2018-02-28,estructural,52490
026-18,2018-02-28,estructural,52520
026-18,2018-02-28,estructural,52540
026-18,2018-02-28,estructural,52696
026-18,2018-02-28,estructural,52835
026-18,2018-02-28,estructural,54001
026-18,2018-02-28,estructural,54003
026-18,2018-02-28,estructural,54109
026-18,2018-02-28,estructural,54174
026-18,2018-02-28,estructural,54245
026-18,2018-02-28,estructural,54250
026-18,2018-02-28,estructural,54261
026-18,2018-02-28,estructural,54344
026-18,2018-02-28,estructural,54385
026-18,2018-02-28,estructural,54405
026-18,2018-02-28,estructural,54498
026-18,2018-02-28,estructural,54553
026-18,2018-02-28,estructural,44078
026-18,2018-02-28,estructural,44279
026-18,2018-02-28,estructural,44430
026-18,2018-02-28,estructural,47001
026-18,2018-02-28,estructural,47053
026-18,2018-02-28,estructural,47170
026-18,2018-02-28,estructural,47189
026-18,2018-02-28,estructural,47258
026-18,2018-02-28,estructural,47268
026-18,2018-02-28,estructural,47288
026-18,2018-02-28,estructural,47551
026-18,2018-02-28,estructural,47555
026-18,2018-02-28,estructural,73001
026-18,2018-02-28,estructural,73067
026-18,2018-02-28,estructural,73124
026-18,2018-02-28,estructural,73168
026-18,2018-02-28,estructural,73217
026-18,2018-02-28,estructural,73268
026-18,2018-02-28,estructural,73411
026-18,2018-02-28,estructural,73483
026-18,2018-02-28,estructural,73504
026-18,2018-02-28,estructural,76563
026-18,2018-02-28,estructural,76248
026-18,2018-02-28,estructural,76834
026-18,2018-02-28,estructural,81001
026-18,2018-02-28,estructural,81065
026-18,2018-02-28,estructural,81300
026-18,2018-02-28,estructural,81736
026-18,2018-02-28,estructural,81794
026-18,2018-02-28,estructural,85001
026-18,2018-02-28,estructural,85010
026-18,2018-02-28,estructural,85136
026-18,2018-02-28,estructural,85162
026-18,2018-02-28,estructural,73408
026-18,2018-02-28,estructural,73555
026-18,2018-02-28,estructural,73616
026-18,2018-02-28,estructural,73622
026-18,2018-02-28,estructural,73671
026-18,2018-02-28,estructural,76001
026-18,2018-02-28,estructural,76100
026-18,2018-02-28,estructural,76109
026-18,2018-02-28,estructural,76147
026-18,2018-02-28,estructural,76275
026-18,2018-02-28,estructural,76318
026-18,2018-02-28,estructural,76364
026-18,2018-02-28,estructural,68547
026-18,2018-02-28,estructural,68575
026-18,2018-02-28,estructural,70001
026-18,2018-02-28,estructural,70418
026-18,2018-02-28,estructural,70508
026-18,2018-02-28,estructural,70670
026-18,2018-02-28,estructural,70678
026-18,2018-02-28,estructural,91540
026-18,2018-02-28,estructural,86757
026-18,2018-02-28,estructural,95001
026-18,2018-02-28,estructural,95200
026-18,2018-02-28,estructural,97001
026-18,2018-02-28,estructural,97161
026-18,2018-02-28,estructural,99001
026-18,2018-02-28,estructural,99524
026-18,2018-02-28,estructural,99624
026-18,2018-02-28,estructural,85250
026-18,2018-02-28,estructural,85315
026-18,2018-02-28,estructural,85325
026-18,2018-02-28,estructural,85440
026-18,2018-02-28,estructural,86001
026-18,2018-02-28,estructural,86568
026-18,2018-02-28,estructural,86571
026-18,2018-02-28,estructural,86573
026-18,2018-02-28,estructural,86865
026-18,2018-02-28,estructural,86885
026-18,2018-02-28,estructural,91001
026-18,2018-02-28,estructural,91407
026-18,2018-02-28,estructural,94001
027-18,2018-03-05,inminencia,27150
028-18,2018-03-05,inminencia,05790
029-18,2018-03-09,inminencia,05361
030-18,2018-04-03,inminencia,11001
031-18,2018-04-04,inminencia,05154
032-18,2018-04-04,inminencia,54344
032-18,2018-04-04,inminencia,54670
032-18,2018-04-04,inminencia,54800
033-18,2018-04-09,inminencia,97511
034-18,2018-04-09,inminencia,19130
034-18,2018-04-09,inminencia,19473
034-18,2018-04-09,inminencia,19780
035-18,2018-04-09,estructural,19455
036-18,2018-04-13,estructural,41078
036-18,2018-04-13,estructural,41001
036-18,2018-04-13,estructural,41799
037-18,2018-04-15,inminencia,76364
038-18,2018-04-19,inminencia,86568
039-18,2018-04-19,inminencia,76100
040-18,2018-04-19,estructural,54810
041-18,2018-04-24,inminencia,05347
041-18,2018-04-24,inminencia,05001
042-18,2018-04-24,estructural,50350
043-18,2018-05-02,inminencia,66572
044-18,2018-05-06,inminencia,52835
045-18,2018-05-07,estructural,44090
045-18,2018-05-07,estructural,47189
045-18,2018-05-07,estructural,47001
046-18,2018-05-18,estructural,88564
046-18,2018-05-18,estructural,88001
047-18,2018-05-28,inminencia,50370
048-18,2018-05-28,inminencia,05045
049-18,2018-06-08,estructural,50006
049-18,2018-06-08,estructural,50689
049-18,2018-06-08,estructural,50313
050-18,2018-06-09,inminencia,19418
050-18,2018-06-09,inminencia,76109
050-18,2018-06-09,inminencia,19110
051-18,2018-06-12,inminencia,13244
052-18,2018-06-14,estructural,05604
052-18,2018-06-14,estructural,05736
053-18,2018-06-14,inminencia,05045
053-18,2018-06-14,inminencia,05051
053-18,2018-06-14,inminencia,05147
053-18,2018-06-14,inminencia,05172
053-18,2018-06-14,inminencia,05480
053-18,2018-06-14,inminencia,05490
053-18,2018-06-14,inminencia,05659
053-18,2018-06-14,inminencia,05665
053-18,2018-06-14,inminencia,05837
054-18,2018-06-20,estructural,86757
054-18,2018-06-20,estructural,86865
055-18,2018-06-20,inminencia,76622
056-18,2018-06-20,inminencia,13810
057-18,2018-06-21,estructural,95200
058-18,2018-06-29,inminencia,76828
059-18,2018-07-13,inminencia,05001
060-18,2018-07-13,inminencia,23500
061-18,2018-07-24,estructural,70713
062-18,2018-07-24,estructural,25754
063-18,2018-07-24,estructural,41020
064-18,2018-07-24,inminencia,05475
065-18,2018-08-02,estructural,50325
065-18,2018-08-02,estructural,50450
066-18,2018-08-21,estructural,27660
067-18,2018-08-27,inminencia,19142
067-18,2018-08-27,inminencia,19212
068-18,2018-08-27,inminencia,27150
068-18,2018-08-27,inminencia,27615
069-18,2018-08-27,inminencia,27372
070-18,2018-08-31,inminencia,52621
071-18,2018-09-10,inminencia,23682
072-18,2018-09-10,inminencia,52696
073-18,2018-09-18,inminencia,27787
074-18,2018-09-26,estructural,76275
074-18,2018-09-26,estructural,76563
075-18,2018-10-01,inminencia,85125
075-18,2018-10-01,inminencia,85315
075-18,2018-10-01,inminencia,85136
076-18,2018-10-08,estructural,68081
077-18,2018-10-12,inminencia,76250
078-18,2018-10-31,inminencia,85125
078-18,2018-10-31,inminencia,85250
079-18,2018-11-02,inminencia,76109
080-18,2018-11-07,estructural,52250
080-18,2018-11-07,estructural,52390
080-18,2018-11-07,estructural,52473
080-18,2018-11-07,estructural,52490
080-18,2018-11-07,estructural,52696
081-18,2018-11-18,estructural,81001
082-18,2018-11-20,estructural,52233
082-18,2018-11-20,estructural,52256
082-18,2018-11-20,estructural,52405
082-18,2018-11-20,estructural,52540
083-18,2018-11-25,estructural,23466
083-18,2018-11-25,estructural,23580
083-18,2018-11-25,estructural,23807
084-18,2018-12-11,estructural,17614
084-18,2018-12-11,estructural,17777
085-18,2018-12-13,inminencia,76001
086-18,2018-12-13,estructural,11001
001-19,2019-01-04,inminencia,18753
001-19,2019-01-04,inminencia,50350
002-19,2019-01-04,estructural,05854
003-19,2019-01-09,inminencia,05154
003-19,2019-01-09,inminencia,05250
003-19,2019-01-09,inminencia,05895
004-19,2019-01-09,estructural,13442
005-19,2019-01-15,estructural,95001
005-19,2019-01-15,estructural,95015
005-19,2019-01-15,estructural,95025
006-19,2019-01-23,inminencia,76364
007-19,2019-01-23,inminencia,76109
008-19,2019-01-23,inminencia,76100
009-19,2019-02-06,estructural,05234
009-19,2019-02-06,estructural,05543
009-19,2019-02-06,estructural,05138
009-19,2019-02-06,estructural,05842
010-19,2019-02-06,estructural,13006
010-19,2019-02-06,estructural,13458
010-19,2019-02-06,estructural,13655
011-19,2019-02-15,estructural,54250
012-19,2019-03-06,inminencia,13688
013-19,2019-03-07,inminencia,27160
014-19,2019-03-12,inminencia,54800
015-19,2019-03-22,inminencia,76246
016-19,2019-04-05,estructural,73067
016-19,2019-04-05,estructural,73168
016-19,2019-04-05,estructural,73555
016-19,2019-04-05,estructural,73616
017-19,2019-04-09,inminencia,27099
018-19,2019-04-12,inminencia,20570
019-19,2019-04-12,inminencia,13473
020-19,2019-04-17,inminencia,05790
021-19,2019-05-08,estructural,17380
021-19,2019-05-08,estructural,17444
021-19,2019-05-08,estructural,17495
021-19,2019-05-08,estructural,17541
021-19,2019-05-08,estructural,17662
022-19,2019-05-24,estructural,76828
023-19,2019-06-01,estructural,11001
024-19,2019-06-02,inminencia,54003
024-19,2019-06-02,inminencia,54398
025-19,2019-06-12,inminencia,27250
026-19,2019-06-12,estructural,66594
027-19,2019-06-21,estructural,05284
027-19,2019-06-21,estructural,05847
028-19,2019-06-09,estructural,76834
029-19,2019-07-11,estructural,81065
029-19,2019-07-11,estructural,81300
029-19,2019-07-11,estructural,81736
029-19,2019-07-11,estructural,81794
030-19,2019-07-11,inminencia,76113
031-19,2019-07-19,inminencia,27491
031-19,2019-07-19,inminencia,27745
032-19,2019-07-23,inminencia,52678
033-19,2019-08-15,estructural,19780
034-19,2019-08-23,inminencia,27361
034-19,2019-08-23,inminencia,27450
035-19,2019-08-31,estructural,08770
035-19,2019-08-31,estructural,13042
035-19,2019-08-31,estructural,13052
035-19,2019-08-31,estructural,05001
035-19,2019-08-31,estructural,05040
035-19,2019-08-31,estructural,05045
035-19,2019-08-31,estructural,05051
035-19,2019-08-31,estructural,05088
035-19,2019-08-31,estructural,05107
035-19,2019-08-31,estructural,05120
035-19,2019-08-31,estructural,05134
035-19,2019-08-31,estructural,05138
035-19,2019-08-31,estructural,05147
035-19,2019-08-31,estructural,05154
035-19,2019-08-31,estructural,05172
035-19,2019-08-31,estructural,05234
035-19,2019-08-31,estructural,05250
035-19,2019-08-31,estructural,05284
035-19,2019-08-31,estructural,05361
035-19,2019-08-31,estructural,05475
035-19,2019-08-31,estructural,05480
035-19,2019-08-31,estructural,05490
035-19,2019-08-31,estructural,05495
035-19,2019-08-31,estructural,05604
035-19,2019-08-31,estructural,05631
035-19,2019-08-31,estructural,05647
035-19,2019-08-31,estructural,05543
035-19,2019-08-31,estructural,05659
035-19,2019-08-31,estructural,05665
035-19,2019-08-31,estructural,05736
035-19,2019-08-31,estructural,05790
035-19,2019-08-31,estructural,05837
035-19,2019-08-31,estructural,05842
035-19,2019-08-31,estructural,05847
035-19,2019-08-31,estructural,05854
035-19,2019-08-31,estructural,05873
035-19,2019-08-31,estructural,05887
035-19,2019-08-31,estructural,05893
035-19,2019-08-31,estructural,05895
035-19,2019-08-31,estructural,08001
035-19,2019-08-31,estructural,08137
035-19,2019-08-31,estructural,08296
035-19,2019-08-31,estructural,08372
035-19,2019-08-31,estructural,08433
035-19,2019-08-31,estructural,08520
035-19,2019-08-31,estructural,08549
035-19,2019-08-31,estructural,08573
035-19,2019-08-31,estructural,08606
035-19,2019-08-31,estructural,08638
035-19,2019-08-31,estructural,08758
035-19,2019-08-31,estructural,08832
035-19,2019-08-31,estructural,11001
035-19,2019-08-31,estructural,13001
035-19,2019-08-31,estructural,13006
035-19,2019-08-31,estructural,13030
035-19,2019-08-31,estructural,13600
035-19,2019-08-31,estructural,13654
035-19,2019-08-31,estructural,13655
035-19,2019-08-31,estructural,13657
035-19,2019-08-31,estructural,13667
035-19,2019-08-31,estructural,13670
035-19,2019-08-31,estructural,13683
035-19,2019-08-31,estructural,13688
035-19,2019-08-31,estructural,13744
035-19,2019-08-31,estructural,13760
035-19,2019-08-31,estructural,13810
035-19,2019-08-31,estructural,13836
035-19,2019-08-31,estructural,13894
035-19,2019-08-31,estructural,15001
035-19,2019-08-31,estructural,17001
035-19,2019-08-31,estructural,17042
035-19,2019-08-31,estructural,17088
035-19,2019-08-31,estructural,17380
035-19,2019-08-31,estructural,17442
035-19,2019-08-31,estructural,17444
035-19,2019-08-31,estructural,17495
035-19,2019-08-31,estructural,17541
035-19,2019-08-31,estructural,17614
035-19,2019-08-31,estructural,17653
035-19,2019-08-31,estructural,17662
035-19,2019-08-31,estructural,17665
035-19,2019-08-31,estructural,17777
035-19,2019-08-31,estructural,17873
035-19,2019-08-31,estructural,18205
035-19,2019-08-31,estructural,19318
035-19,2019-08-31,estructural,19397
035-19,2019-08-31,estructural,19418
035-19,2019-08-31,estructural,19450
035-19,2019-08-31,estructural,19455
035-19,2019-08-31,estructural,19533
035-19,2019-08-31,estructural,19573
035-19,2019-08-31,estructural,19698
035-19,2019-08-31,estructural,19701
035-19,2019-08-31,estructural,19780
035-19,2019-08-31,estructural,19809
035-19,2019-08-31,estructural,19824
035-19,2019-08-31,estructural,19845
035-19,2019-08-31,estructural,20001
035-19,2019-08-31,estructural,20011
035-19,2019-08-31,estructural,20013
035-19,2019-08-31,estructural,20032
035-19,2019-08-31,estructural,18150
035-19,2019-08-31,estructural,18592
035-19,2019-08-31,estructural,18610
035-19,2019-08-31,estructural,18753
035-19,2019-08-31,estructural,18756
035-19,2019-08-31,estructural,19050
035-19,2019-08-31,estructural,19137
035-19,2019-08-31,estructural,19142
035-19,2019-08-31,estructural,19212
035-19,2019-08-31,estructural,15131
035-19,2019-08-31,estructural,15176
035-19,2019-08-31,estructural,15215
035-19,2019-08-31,estructural,15223
035-19,2019-08-31,estructural,15238
035-19,2019-08-31,estructural,15248
035-19,2019-08-31,estructural,15442
035-19,2019-08-31,estructural,15638
035-19,2019-08-31,estructural,15757
035-19,2019-08-31,estructural,13160
035-19,2019-08-31,estructural,13212
035-19,2019-08-31,estructural,13244
035-19,2019-08-31,estructural,13248
035-19,2019-08-31,estructural,13442
035-19,2019-08-31,estructural,13458
035-19,2019-08-31,estructural,13473
035-19,2019-08-31,estructural,13490
035-19,2019-08-31,estructural,13549
035-19,2019-08-31,estructural,13074
035-19,2019-08-31,estructural,25878
035-19,2019-08-31,estructural,25885
035-19,2019-08-31,estructural,25785
035-19,2019-08-31,estructural,27001
035-19,2019-08-31,estructural,27006
035-19,2019-08-31,estructural,27025
035-19,2019-08-31,estructural,27073
035-19,2019-08-31,estructural,27075
035-19,2019-08-31,estructural,27077
035-19,2019-08-31,estructural,27099
035-19,2019-08-31,estructural,41020
035-19,2019-08-31,estructural,41551
035-19,2019-08-31,estructural,44001
035-19,2019-08-31,estructural,27135
035-19,2019-08-31,estructural,27150
035-19,2019-08-31,estructural,27160
035-19,2019-08-31,estructural,27205
035-19,2019-08-31,estructural,27245
035-19,2019-08-31,estructural,27250
035-19,2019-08-31,estructural,27361
035-19,2019-08-31,estructural,27372
035-19,2019-08-31,estructural,27413
035-19,2019-08-31,estructural,27425
035-19,2019-08-31,estructural,27430
035-19,2019-08-31,estructural,27450
035-19,2019-08-31,estructural,27491
035-19,2019-08-31,estructural,27495
035-19,2019-08-31,estructural,27580
035-19,2019-08-31,estructural,27600
035-19,2019-08-31,estructural,27615
035-19,2019-08-31,estructural,27660
035-19,2019-08-31,estructural,27745
035-19,2019-08-31,estructural,27787
035-19,2019-08-31,estructural,27800
035-19,2019-08-31,estructural,27810
035-19,2019-08-31,estructural,41001
035-19,2019-08-31,estructural,41006
035-19,2019-08-31,estructural,20175
035-19,2019-08-31,estructural,20228
035-19,2019-08-31,estructural,20238
035-19,2019-08-31,estructural,20250
035-19,2019-08-31,estructural,20310
035-19,2019-08-31,estructural,20383
035-19,2019-08-31,estructural,20400
035-19,2019-08-31,estructural,20517
035-19,2019-08-31,estructural,20550
035-19,2019-08-31,estructural,20570
035-19,2019-08-31,estructural,20614
035-19,2019-08-31,estructural,23001
035-19,2019-08-31,estructural,23068
035-19,2019-08-31,estructural,23079
035-19,2019-08-31,estructural,23090
035-19,2019-08-31,estructural,23350
035-19,2019-08-31,estructural,23419
035-19,2019-08-31,estructural,23466
035-19,2019-08-31,estructural,23500
035-19,2019-08-31,estructural,23555
035-19,2019-08-31,estructural,23580
035-19,2019-08-31,estructural,23672
035-19,2019-08-31,estructural,23682
035-19,2019-08-31,estructural,23807
035-19,2019-08-31,estructural,25001
035-19,2019-08-31,estructural,25053
035-19,2019-08-31,estructural,25120
035-19,2019-08-31,estructural,25126
035-19,2019-08-31,estructural,25269
035-19,2019-08-31,estructural,25290
035-19,2019-08-31,estructural,25307
035-19,2019-08-31,estructural,25320
035-19,2019-08-31,estructural,25394
035-19,2019-08-31,estructural,25506
035-19,2019-08-31,estructural,25513
035-19,2019-08-31,estructural,25524
035-19,2019-08-31,estructural,25535
035-19,2019-08-31,estructural,25599
035-19,2019-08-31,estructural,25754
035-19,2019-08-31,estructural,25781
035-19,2019-08-31,estructural,47570
035-19,2019-08-31,estructural,47692
035-19,2019-08-31,estructural,47703
035-19,2019-08-31,estructural,47980
035-19,2019-08-31,estructural,50006
035-19,2019-08-31,estructural,50124
035-19,2019-08-31,estructural,50313
035-19,2019-08-31,estructural,50325
035-19,2019-08-31,estructural,50330
035-19,2019-08-31,estructural,50350
035-19,2019-08-31,estructural,50370
035-19,2019-08-31,estructural,50400
035-19,2019-08-31,estructural,50450
035-19,2019-08-31,estructural,50568
035-19,2019-08-31,estructural,50573
035-19,2019-08-31,estructural,54670
035-19,2019-08-31,estructural,54673
035-19,2019-08-31,estructural,54720
035-19,2019-08-31,estructural,54800
035-19,2019-08-31,estructural,54398
035-19,2019-08-31,estructural,54810
035-19,2019-08-31,estructural,54820
035-19,2019-08-31,estructural,54874
035-19,2019-08-31,estructural,63001
035-19,2019-08-31,estructural,63111
035-19,2019-08-31,estructural,63130
035-19,2019-08-31,estructural,63190
035-19,2019-08-31,estructural,63272
035-19,2019-08-31,estructural,63302
035-19,2019-08-31,estructural,63401
035-19,2019-08-31,estructural,63470
035-19,2019-08-31,estructural,63548
035-19,2019-08-31,estructural,63594
035-19,2019-08-31,estructural,63690
035-19,2019-08-31,estructural,66001
035-19,2019-08-31,estructural,66088
035-19,2019-08-31,estructural,66170
035-19,2019-08-31,estructural,66383
035-19,2019-08-31,estructural,66440
035-19,2019-08-31,estructural,66456
035-19,2019-08-31,estructural,66572
035-19,2019-08-31,estructural,66594
035-19,2019-08-31,estructural,66682
035-19,2019-08-31,estructural,66400
035-19,2019-08-31,estructural,63212
035-19,2019-08-31,estructural,68081
035-19,2019-08-31,estructural,50577
035-19,2019-08-31,estructural,50590
035-19,2019-08-31,estructural,50689
035-19,2019-08-31,estructural,50711
035-19,2019-08-31,estructural,52036
035-19,2019-08-31,estructural,52079
035-19,2019-08-31,estructural,52227
035-19,2019-08-31,estructural,52233
035-19,2019-08-31,estructural,52250
035-19,2019-08-31,estructural,52256
035-19,2019-08-31,estructural,52356
035-19,2019-08-31,estructural,52385
035-19,2019-08-31,estructural,52390
035-19,2019-08-31,estructural,52405
035-19,2019-08-31,estructural,52411
035-19,2019-08-31,estructural,52418
035-19,2019-08-31,estructural,52427
035-19,2019-08-31,estructural,52435
035-19,2019-08-31,estructural,52473
035-19,2019-08-31,estructural,52490
035-19,2019-08-31,estructural,52520
035-19,2019-08-31,estructural,52540
035-19,2019-08-31,estructural,52565
035-19,2019-08-31,estructural,52612
035-19,2019-08-31,estructural,52621
035-19,2019-08-31,estructural,52678
035-19,2019-08-31,estructural,52699
035-19,2019-08-31,estructural,52835
035-19,2019-08-31,estructural,54001
035-19,2019-08-31,estructural,54003
035-19,2019-08-31,estructural,54174
035-19,2019-08-31,estructural,54206
035-19,2019-08-31,estructural,54245
035-19,2019-08-31,estructural,54250
035-19,2019-08-31,estructural,54261
035-19,2019-08-31,estructural,54344
035-19,2019-08-31,estructural,54405
035-19,2019-08-31,estructural,54553
035-19,2019-08-31,estructural,54599
035-19,2019-08-31,estructural,44035
035-19,2019-08-31,estructural,44078
035-19,2019-08-31,estructural,44090
035-19,2019-08-31,estructural,44098
035-19,2019-08-31,estructural,44110
035-19,2019-08-31,estructural,44279
035-19,2019-08-31,estructural,44378
035-19,2019-08-31,estructural,44420
035-19,2019-08-31,estructural,44430
035-19,2019-08-31,estructural,44560
035-19,2019-08-31,estructural,44650
035-19,2019-08-31,estructural,44847
035-19,2019-08-31,estructural,44855
035-19,2019-08-31,estructural,44874
035-19,2019-08-31,estructural,47001
035-19,2019-08-31,estructural,47053
035-19,2019-08-31,estructural,47170
035-19,2019-08-31,estructural,47189
035-19,2019-08-31,estructural,47245
035-19,2019-08-31,estructural,47288
035-19,2019-08-31,estructural,47318
035-19,2019-08-31,estructural,47460
035-19,2019-08-31,estructural,70708
035-19,2019-08-31,estructural,70713
035-19,2019-08-31,estructural,70717
035-19,2019-08-31,estructural,70742
035-19,2019-08-31,estructural,70771
035-19,2019-08-31,estructural,70820
035-19,2019-08-31,estructural,70823
035-19,2019-08-31,estructural,73001
035-19,2019-08-31,estructural,73030
035-19,2019-08-31,estructural,73067
035-19,2019-08-31,estructural,73168
035-19,2019-08-31,estructural,73217
035-19,2019-08-31,estructural,73283
035-19,2019-08-31,estructural,76400
035-19,2019-08-31,estructural,76497
035-19,2019-08-31,estructural,76616
035-19,2019-08-31,estructural,76736
035-19,2019-08-31,estructural,76828
035-19,2019-08-31,estructural,76834
035-19,2019-08-31,estructural,76895
035-19,2019-08-31,estructural,81001
035-19,2019-08-31,estructural,81065
035-19,2019-08-31,estructural,81220
035-19,2019-08-31,estructural,81300
035-19,2019-08-31,estructural,81591
035-19,2019-08-31,estructural,81736
035-19,2019-08-31,estructural,81794
035-19,2019-08-31,estructural,85162
035-19,2019-08-31,estructural,85230
035-19,2019-08-31,estructural,73555
035-19,2019-08-31,estructural,73616
035-19,2019-08-31,estructural,73624
035-19,2019-08-31,estructural,73675
035-19,2019-08-31,estructural,73678
035-19,2019-08-31,estructural,73854
035-19,2019-08-31,estructural,76020
035-19,2019-08-31,estructural,76100
035-19,2019-08-31,estructural,76109
035-19,2019-08-31,estructural,76122
035-19,2019-08-31,estructural,76147
035-19,2019-08-31,estructural,76246
035-19,2019-08-31,estructural,76250
035-19,2019-08-31,estructural,76364
035-19,2019-08-31,estructural,70001
035-19,2019-08-31,estructural,70124
035-19,2019-08-31,estructural,70204
035-19,2019-08-31,estructural,70215
035-19,2019-08-31,estructural,70221
035-19,2019-08-31,estructural,70230
035-19,2019-08-31,estructural,70233
035-19,2019-08-31,estructural,70235
035-19,2019-08-31,estructural,70265
035-19,2019-08-31,estructural,70400
035-19,2019-08-31,estructural,70418
035-19,2019-08-31,estructural,70429
035-19,2019-08-31,estructural,70473
035-19,2019-08-31,estructural,70508
035-19,2019-08-31,estructural,70523
035-19,2019-08-31,estructural,70670
035-19,2019-08-31,estructural,70678
035-19,2019-08-31,estructural,70702
035-19,2019-08-31,estructural,86320
035-19,2019-08-31,estructural,91540
035-19,2019-08-31,estructural,94663
035-19,2019-08-31,estructural,94883
035-19,2019-08-31,estructural,86757
035-19,2019-08-31,estructural,94884
035-19,2019-08-31,estructural,94885
035-19,2019-08-31,estructural,94886
035-19,2019-08-31,estructural,94887
035-19,2019-08-31,estructural,94888
035-19,2019-08-31,estructural,95001
035-19,2019-08-31,estructural,95015
035-19,2019-08-31,estructural,95025
035-19,2019-08-31,estructural,95200
035-19,2019-08-31,estructural,97001
035-19,2019-08-31,estructural,97511
035-19,2019-08-31,estructural,97777
035-19,2019-08-31,estructural,99001
035-19,2019-08-31,estructural,99524
035-19,2019-08-31,estructural,99624
035-19,2019-08-31,estructural,99773
035-19,2019-08-31,estructural,85250
035-19,2019-08-31,estructural,85263
035-19,2019-08-31,estructural,85315
035-19,2019-08-31,estructural,86001
035-19,2019-08-31,estructural,86568
035-19,2019-08-31,estructural,86569
035-19,2019-08-31,estructural,86571
035-19,2019-08-31,estructural,86573
035-19,2019-08-31,estructural,86865
035-19,2019-08-31,estructural,86885
035-19,2019-08-31,estructural,88564
035-19,2019-08-31,estructural,91001
035-19,2019-08-31,estructural,91263
035-19,2019-08-31,estructural,91405
035-19,2019-08-31,estructural,91407
035-19,2019-08-31,estructural,91430
035-19,2019-08-31,estructural,91460
035-19,2019-08-31,estructural,91530
035-19,2019-08-31,estructural,91536
035-19,2019-08-31,estructural,91669
035-19,2019-08-31,estructural,94001
035-19,2019-08-31,estructural,94343
036-19,2019-09-02,estructural,05088
037-19,2019-09-12,inminencia,54553
038-19,2019-09-12,inminencia,27800
039-19,2019-09-16,estructural,44430
040-19,2019-09-26,inminencia,86568
041-19,2019-09-29,inminencia,27025
042-19,2019-10-03,estructural,50577
042-19,2019-10-03,estructural,50590
042-19,2019-10-03,estructural,50711
043-19,2019-10-29,estructural,25307
043-19,2019-10-29,estructural,25612
043-19,2019-10-29,estructural,73268
043-19,2019-10-29,estructural,73275
044-19,2019-10-30,estructural,47001
044-19,2019-10-30,estructural,47053
044-19,2019-10-30,estructural,47189
044-19,2019-10-30,estructural,47288
044-19,2019-10-30,estructural,47980
045-19,2019-10-31,estructural,52079
045-19,2019-10-31,estructural,52612
045-19,2019-10-31,estructural,52835
046-19,2019-11-08,estructural,11001
047-19,2019-11-22,inminencia,73461
047-19,2019-11-22,inminencia,73686
048-19,2019-12-04,estructural,19698
049-19,2019-12-05,estructural,27001
050-19,2019-12-10,estructural,85125
050-19,2019-12-10,estructural,85250
051-19,2019-12-12,estructural,05142
051-19,2019-12-12,estructural,05425
051-19,2019-12-12,estructural,05579
051-19,2019-12-12,estructural,05585
052-19,2019-12-13,inminencia,20238
053-19,2019-12-13,inminencia,76126
054-19,2019-12-18,estructural,23466
054-19,2019-12-18,estructural,23580
054-19,2019-12-18,estructural,23682
054-19,2019-12-18,estructural,23807
055-19,2019-12-26,estructural,19532
056-19,2019-12-30,estructural,94001
056-19,2019-12-30,estructural,94886
056-19,2019-12-30,estructural,94884
056-19,2019-12-30,estructural,94883
056-19,2019-12-30,estructural,94885
001-20,2020-01-11,inminencia,52835
002-20,2020-01-16,estructural,13001
002-20,2020-01-16,estructural,13052
002-20,2020-01-16,estructural,13836
003-20,2020-01-16,estructural,70265
003-20,2020-01-16,estructural,70429
003-20,2020-01-16,estructural,70678
003-20,2020-01-16,estructural,70708
003-20,2020-01-16,estructural,70771
004-20,2020-01-24,estructural,05107
004-20,2020-01-24,estructural,05361
005-20,2020-01-29,inminencia,23678
005-20,2020-01-29,inminencia,23001
005-20,2020-01-29,inminencia,23555
005-20,2020-01-29,inminencia,23570
006-20,2020-02-26,estructural,13244
007-20,2020-02-26,estructural,18247
007-20,2020-02-26,estructural,18592
008-20,2020-02-27,inminencia,05045
008-20,2020-02-27,inminencia,05147
008-20,2020-02-27,inminencia,05172
008-20,2020-02-27,inminencia,05837
009-20,2020-03-06,estructural,27150
009-20,2020-03-06,estructural,27615
010-20,2020-03-07,inminencia,19050
010-20,2020-03-07,inminencia,19256
011-20,2020-03-13,inminencia,54001
012-20,2020-03-17,inminencia,27372
013-20,2020-03-20,inminencia,17614
013-20,2020-03-20,inminencia,17777
014-20,2020-04-08,inminencia,05475
015-20,2020-04-16,inminencia,76364
016-20,2020-04-22,inminencia,27075
017-20,2020-04-28,estructural,50124
017-20,2020-04-28,estructural,50568
017-20,2020-04-28,estructural,50573
018-20,2020-04-30,inminencia,08634
018-20,2020-04-30,inminencia,08770
018-20,2020-04-30,inminencia,13042
018-20,2020-04-30,inminencia,13052
018-20,2020-04-30,inminencia,13062
018-20,2020-04-30,inminencia,05001
018-20,2020-04-30,inminencia,05002
018-20,2020-04-30,inminencia,05004
018-20,2020-04-30,inminencia,05021
018-20,2020-04-30,inminencia,05030
018-20,2020-04-30,inminencia,05031
018-20,2020-04-30,inminencia,05034
018-20,2020-04-30,inminencia,05036
018-20,2020-04-30,inminencia,05038
018-20,2020-04-30,inminencia,05040
018-20,2020-04-30,inminencia,05042
018-20,2020-04-30,inminencia,05044
018-20,2020-04-30,inminencia,05045
018-20,2020-04-30,inminencia,05051
018-20,2020-04-30,inminencia,05055
018-20,2020-04-30,inminencia,05059
018-20,2020-04-30,inminencia,05079
018-20,2020-04-30,inminencia,05086
018-20,2020-04-30,inminencia,05088
018-20,2020-04-30,inminencia,05091
018-20,2020-04-30,inminencia,05093
018-20,2020-04-30,inminencia,05101
018-20,2020-04-30,inminencia,05107
018-20,2020-04-30,inminencia,05113
018-20,2020-04-30,inminencia,05120
018-20,2020-04-30,inminencia,05125
018-20,2020-04-30,inminencia,05129
018-20,2020-04-30,inminencia,05134
018-20,2020-04-30,inminencia,05138
018-20,2020-04-30,inminencia,05142
018-20,2020-04-30,inminencia,05147
018-20,2020-04-30,inminencia,05148
018-20,2020-04-30,inminencia,05150
018-20,2020-04-30,inminencia,05154
018-20,2020-04-30,inminencia,05172
018-20,2020-04-30,inminencia,05190
018-20,2020-04-30,inminencia,05197
018-20,2020-04-30,inminencia,05206
018-20,2020-04-30,inminencia,05209
018-20,2020-04-30,inminencia,05212
018-20,2020-04-30,inminencia,05234
018-20,2020-04-30,inminencia,05237
018-20,2020-04-30,inminencia,05240
018-20,2020-04-30,inminencia,05145
018-20,2020-04-30,inminencia,05250
018-20,2020-04-30,inminencia,05264
018-20,2020-04-30,inminencia,05266
018-20,2020-04-30,inminencia,05282
018-20,2020-04-30,inminencia,05284
018-20,2020-04-30,inminencia,05306
018-20,2020-04-30,inminencia,05308
018-20,2020-04-30,inminencia,05310
018-20,2020-04-30,inminencia,05313
018-20,2020-04-30,inminencia,05315
018-20,2020-04-30,inminencia,05318
018-20,2020-04-30,inminencia,05321
018-20,2020-04-30,inminencia,05347
018-20,2020-04-30,inminencia,05353
018-20,2020-04-30,inminencia,05360
018-20,2020-04-30,inminencia,05361
018-20,2020-04-30,inminencia,05364
018-20,2020-04-30,inminencia,05368
018-20,2020-04-30,inminencia,05376
018-20,2020-04-30,inminencia,05380
018-20,2020-04-30,inminencia,05390
018-20,2020-04-30,inminencia,05400
018-20,2020-04-30,inminencia,05411
018-20,2020-04-30,inminencia,05425
018-20,2020-04-30,inminencia,05440
018-20,2020-04-30,inminencia,05467
018-20,2020-04-30,inminencia,05475
018-20,2020-04-30,inminencia,05480
018-20,2020-04-30,inminencia,05483
018-20,2020-04-30,inminencia,05490
018-20,2020-04-30,inminencia,05495
018-20,2020-04-30,inminencia,05501
018-20,2020-04-30,inminencia,05541
018-20,2020-04-30,inminencia,05576
018-20,2020-04-30,inminencia,05579
018-20,2020-04-30,inminencia,05585
018-20,2020-04-30,inminencia,05591
018-20,2020-04-30,inminencia,05604
018-20,2020-04-30,inminencia,05607
018-20,2020-04-30,inminencia,05615
018-20,2020-04-30,inminencia,05628
018-20,2020-04-30,inminencia,05631
018-20,2020-04-30,inminencia,05642
018-20,2020-04-30,inminencia,05647
018-20,2020-04-30,inminencia,05649
018-20,2020-04-30,inminencia,05543
018-20,2020-04-30,inminencia,05652
018-20,2020-04-30,inminencia,05656
018-20,2020-04-30,inminencia,05658
018-20,2020-04-30,inminencia,05659
018-20,2020-04-30,inminencia,05660
018-20,2020-04-30,inminencia,05664
018-20,2020-04-30,inminencia,05665
018-20,2020-04-30,inminencia,05667
018-20,2020-04-30,inminencia,05670
018-20,2020-04-30,inminencia,05674
018-20,2020-04-30,inminencia,05679
018-20,2020-04-30,inminencia,05686
018-20,2020-04-30,inminencia,05690
018-20,2020-04-30,inminencia,05697
018-20,2020-04-30,inminencia,05736
018-20,2020-04-30,inminencia,05756
018-20,2020-04-30,inminencia,05761
018-20,2020-04-30,inminencia,05789
018-20,2020-04-30,inminencia,05790
018-20,2020-04-30,inminencia,05792
018-20,2020-04-30,inminencia,05809
018-20,2020-04-30,inminencia,05819
018-20,2020-04-30,inminencia,05837
018-20,2020-04-30,inminencia,05842
018-20,2020-04-30,inminencia,05847
018-20,2020-04-30,inminencia,05854
018-20,2020-04-30,inminencia,05856
018-20,2020-04-30,inminencia,05858
018-20,2020-04-30,inminencia,05861
018-20,2020-04-30,inminencia,05873
018-20,2020-04-30,inminencia,05885
018-20,2020-04-30,inminencia,05887
018-20,2020-04-30,inminencia,05890
018-20,2020-04-30,inminencia,05893
018-20,2020-04-30,inminencia,05895
018-20,2020-04-30,inminencia,08001
018-20,2020-04-30,inminencia,08078
018-20,2020-04-30,inminencia,08137
018-20,2020-04-30,inminencia,08141
018-20,2020-04-30,inminencia,08296
018-20,2020-04-30,inminencia,08372
018-20,2020-04-30,inminencia,08421
018-20,2020-04-30,inminencia,08433
018-20,2020-04-30,inminencia,08436
018-20,2020-04-30,inminencia,08520
018-20,2020-04-30,inminencia,08549
018-20,2020-04-30,inminencia,08558
018-20,2020-04-30,inminencia,08560
018-20,2020-04-30,inminencia,08573
018-20,2020-04-30,inminencia,08606
018-20,2020-04-30,inminencia,08638
018-20,2020-04-30,inminencia,08675
018-20,2020-04-30,inminencia,08685
018-20,2020-04-30,inminencia,08758
018-20,2020-04-30,inminencia,08832
018-20,2020-04-30,inminencia,08849
018-20,2020-04-30,inminencia,11001
018-20,2020-04-30,inminencia,13001
018-20,2020-04-30,inminencia,13006
018-20,2020-04-30,inminencia,13030
018-20,2020-04-30,inminencia,13600
018-20,2020-04-30,inminencia,13620
018-20,2020-04-30,inminencia,13647
018-20,2020-04-30,inminencia,13650
018-20,2020-04-30,inminencia,13654
018-20,2020-04-30,inminencia,13655
018-20,2020-04-30,inminencia,13657
018-20,2020-04-30,inminencia,13667
018-20,2020-04-30,inminencia,13670
018-20,2020-04-30,inminencia,13673
018-20,2020-04-30,inminencia,13683
018-20,2020-04-30,inminencia,13688
018-20,2020-04-30,inminencia,13744
018-20,2020-04-30,inminencia,13760
018-20,2020-04-30,inminencia,13780
018-20,2020-04-30,inminencia,13810
018-20,2020-04-30,inminencia,13836
018-20,2020-04-30,inminencia,13838
018-20,2020-04-30,inminencia,13873
018-20,2020-04-30,inminencia,13894
018-20,2020-04-30,inminencia,15001
018-20,2020-04-30,inminencia,15022
018-20,2020-04-30,inminencia,15047
018-20,2020-04-30,inminencia,15087
018-20,2020-04-30,inminencia,15090
018-20,2020-04-30,inminencia,15839
018-20,2020-04-30,inminencia,15842
018-20,2020-04-30,inminencia,15861
018-20,2020-04-30,inminencia,15879
018-20,2020-04-30,inminencia,15897
018-20,2020-04-30,inminencia,15798
018-20,2020-04-30,inminencia,17001
018-20,2020-04-30,inminencia,17013
018-20,2020-04-30,inminencia,17042
018-20,2020-04-30,inminencia,17050
018-20,2020-04-30,inminencia,17088
018-20,2020-04-30,inminencia,17174
018-20,2020-04-30,inminencia,17272
018-20,2020-04-30,inminencia,17380
018-20,2020-04-30,inminencia,17433
018-20,2020-04-30,inminencia,17442
018-20,2020-04-30,inminencia,17444
018-20,2020-04-30,inminencia,17446
018-20,2020-04-30,inminencia,17486
018-20,2020-04-30,inminencia,17495
018-20,2020-04-30,inminencia,17513
018-20,2020-04-30,inminencia,17524
018-20,2020-04-30,inminencia,17541
018-20,2020-04-30,inminencia,17614
018-20,2020-04-30,inminencia,17616
018-20,2020-04-30,inminencia,17653
018-20,2020-04-30,inminencia,17662
018-20,2020-04-30,inminencia,17665
018-20,2020-04-30,inminencia,17777
018-20,2020-04-30,inminencia,17867
018-20,2020-04-30,inminencia,17873
018-20,2020-04-30,inminencia,17877
018-20,2020-04-30,inminencia,18001
018-20,2020-04-30,inminencia,18029
018-20,2020-04-30,inminencia,18094
018-20,2020-04-30,inminencia,18205
018-20,2020-04-30,inminencia,18247
018-20,2020-04-30,inminencia,18256
018-20,2020-04-30,inminencia,19256
018-20,2020-04-30,inminencia,19022
018-20,2020-04-30,inminencia,19290
018-20,2020-04-30,inminencia,19300
018-20,2020-04-30,inminencia,19318
018-20,2020-04-30,inminencia,19355
018-20,2020-04-30,inminencia,19364
018-20,2020-04-30,inminencia,19392
018-20,2020-04-30,inminencia,19397
018-20,2020-04-30,inminencia,19418
018-20,2020-04-30,inminencia,19450
018-20,2020-04-30,inminencia,19455
018-20,2020-04-30,inminencia,19473
018-20,2020-04-30,inminencia,19513
018-20,2020-04-30,inminencia,19517
018-20,2020-04-30,inminencia,19532
018-20,2020-04-30,inminencia,19533
018-20,2020-04-30,inminencia,19548
018-20,2020-04-30,inminencia,19573
018-20,2020-04-30,inminencia,19585
018-20,2020-04-30,inminencia,19622
018-20,2020-04-30,inminencia,19693
018-20,2020-04-30,inminencia,19698
018-20,2020-04-30,inminencia,19701
018-20,2020-04-30,inminencia,19743
018-20,2020-04-30,inminencia,19760
018-20,2020-04-30,inminencia,19780
018-20,2020-04-30,inminencia,19785
018-20,2020-04-30,inminencia,19807
018-20,2020-04-30,inminencia,19809
018-20,2020-04-30,inminencia,19821
018-20,2020-04-30,inminencia,19824
018-20,2020-04-30,inminencia,19845
018-20,2020-04-30,inminencia,20001
018-20,2020-04-30,inminencia,20011
018-20,2020-04-30,inminencia,20013
018-20,2020-04-30,inminencia,20032
018-20,2020-04-30,inminencia,20045
018-20,2020-04-30,inminencia,17388
018-20,2020-04-30,inminencia,18150
018-20,2020-04-30,inminencia,18410
018-20,2020-04-30,inminencia,18460
018-20,2020-04-30,inminencia,18479
018-20,2020-04-30,inminencia,18592
018-20,2020-04-30,inminencia,18610
018-20,2020-04-30,inminencia,18753
018-20,2020-04-30,inminencia,18756
018-20,2020-04-30,inminencia,18785
018-20,2020-04-30,inminencia,18860
018-20,2020-04-30,inminencia,19001
018-20,2020-04-30,inminencia,19050
018-20,2020-04-30,inminencia,19075
018-20,2020-04-30,inminencia,19100
018-20,2020-04-30,inminencia,19110
018-20,2020-04-30,inminencia,19130
018-20,2020-04-30,inminencia,19137
018-20,2020-04-30,inminencia,19142
018-20,2020-04-30,inminencia,19212
018-20,2020-04-30,inminencia,15092
018-20,2020-04-30,inminencia,15097
018-20,2020-04-30,inminencia,15104
018-20,2020-04-30,inminencia,15106
018-20,2020-04-30,inminencia,15109
018-20,2020-04-30,inminencia,15114
018-20,2020-04-30,inminencia,15131
018-20,2020-04-30,inminencia,15135
018-20,2020-04-30,inminencia,15162
018-20,2020-04-30,inminencia,15172
018-20,2020-04-30,inminencia,15176
018-20,2020-04-30,inminencia,15180
018-20,2020-04-30,inminencia,15183
018-20,2020-04-30,inminencia,15185
018-20,2020-04-30,inminencia,15187
018-20,2020-04-30,inminencia,15189
018-20,2020-04-30,inminencia,15204
018-20,2020-04-30,inminencia,15212
018-20,2020-04-30,inminencia,15215
018-20,2020-04-30,inminencia,15218
018-20,2020-04-30,inminencia,15051
018-20,2020-04-30,inminencia,15223
018-20,2020-04-30,inminencia,15224
018-20,2020-04-30,inminencia,15226
018-20,2020-04-30,inminencia,15232
018-20,2020-04-30,inminencia,15236
018-20,2020-04-30,inminencia,15238
018-20,2020-04-30,inminencia,15244
018-20,2020-04-30,inminencia,15248
018-20,2020-04-30,inminencia,15272
018-20,2020-04-30,inminencia,15276
018-20,2020-04-30,inminencia,15293
018-20,2020-04-30,inminencia,15296
018-20,2020-04-30,inminencia,15299
018-20,2020-04-30,inminencia,15317
018-20,2020-04-30,inminencia,15322
018-20,2020-04-30,inminencia,15325
018-20,2020-04-30,inminencia,15332
018-20,2020-04-30,inminencia,15362
018-20,2020-04-30,inminencia,15367
018-20,2020-04-30,inminencia,15368
018-20,2020-04-30,inminencia,15377
018-20,2020-04-30,inminencia,15380
018-20,2020-04-30,inminencia,15401
018-20,2020-04-30,inminencia,15403
018-20,2020-04-30,inminencia,15407
018-20,2020-04-30,inminencia,15425
018-20,2020-04-30,inminencia,15442
018-20,2020-04-30,inminencia,15455
018-20,2020-04-30,inminencia,15464
018-20,2020-04-30,inminencia,15466
018-20,2020-04-30,inminencia,15469
018-20,2020-04-30,inminencia,15476
018-20,2020-04-30,inminencia,15480
018-20,2020-04-30,inminencia,15491
018-20,2020-04-30,inminencia,15494
018-20,2020-04-30,inminencia,15500
018-20,2020-04-30,inminencia,15507
018-20,2020-04-30,inminencia,15511
018-20,2020-04-30,inminencia,15514
018-20,2020-04-30,inminencia,15516
018-20,2020-04-30,inminencia,15522
018-20,2020-04-30,inminencia,15531
018-20,2020-04-30,inminencia,15533
018-20,2020-04-30,inminencia,15537
018-20,2020-04-30,inminencia,15542
018-20,2020-04-30,inminencia,15550
018-20,2020-04-30,inminencia,15572
018-20,2020-04-30,inminencia,15580
018-20,2020-04-30,inminencia,15599
018-20,2020-04-30,inminencia,15600
018-20,2020-04-30,inminencia,15621
018-20,2020-04-30,inminencia,15632
018-20,2020-04-30,inminencia,15638
018-20,2020-04-30,inminencia,15646
018-20,2020-04-30,inminencia,15660
018-20,2020-04-30,inminencia,15664
018-20,2020-04-30,inminencia,15667
018-20,2020-04-30,inminencia,15673
018-20,2020-04-30,inminencia,15676
018-20,2020-04-30,inminencia,15681
018-20,2020-04-30,inminencia,15686
018-20,2020-04-30,inminencia,15690
018-20,2020-04-30,inminencia,15518
018-20,2020-04-30,inminencia,15693
018-20,2020-04-30,inminencia,15696
018-20,2020-04-30,inminencia,15720
018-20,2020-04-30,inminencia,15723
018-20,2020-04-30,inminencia,15740
018-20,2020-04-30,inminencia,15753
018-20,2020-04-30,inminencia,15755
018-20,2020-04-30,inminencia,15757
018-20,2020-04-30,inminencia,15759
018-20,2020-04-30,inminencia,15761
018-20,2020-04-30,inminencia,15762
018-20,2020-04-30,inminencia,15763
018-20,2020-04-30,inminencia,15764
018-20,2020-04-30,inminencia,15774
018-20,2020-04-30,inminencia,15776
018-20,2020-04-30,inminencia,15778
018-20,2020-04-30,inminencia,15790
018-20,2020-04-30,inminencia,15804
018-20,2020-04-30,inminencia,15806
018-20,2020-04-30,inminencia,15808
018-20,2020-04-30,inminencia,15810
018-20,2020-04-30,inminencia,15814
018-20,2020-04-30,inminencia,15816
018-20,2020-04-30,inminencia,15820
018-20,2020-04-30,inminencia,15822
018-20,2020-04-30,inminencia,15832
018-20,2020-04-30,inminencia,15835
018-20,2020-04-30,inminencia,15837
018-20,2020-04-30,inminencia,13140
018-20,2020-04-30,inminencia,13160
018-20,2020-04-30,inminencia,13188
018-20,2020-04-30,inminencia,13212
018-20,2020-04-30,inminencia,13222
018-20,2020-04-30,inminencia,13244
018-20,2020-04-30,inminencia,13248
018-20,2020-04-30,inminencia,13268
018-20,2020-04-30,inminencia,13300
018-20,2020-04-30,inminencia,13430
018-20,2020-04-30,inminencia,13433
018-20,2020-04-30,inminencia,13440
018-20,2020-04-30,inminencia,13442
018-20,2020-04-30,inminencia,13458
018-20,2020-04-30,inminencia,13468
018-20,2020-04-30,inminencia,13473
018-20,2020-04-30,inminencia,13490
018-20,2020-04-30,inminencia,13549
018-20,2020-04-30,inminencia,13580
018-20,2020-04-30,inminencia,13074
018-20,2020-04-30,inminencia,25862
018-20,2020-04-30,inminencia,25867
018-20,2020-04-30,inminencia,25871
018-20,2020-04-30,inminencia,25873
018-20,2020-04-30,inminencia,25875
018-20,2020-04-30,inminencia,25878
018-20,2020-04-30,inminencia,25885
018-20,2020-04-30,inminencia,25898
018-20,2020-04-30,inminencia,25899
018-20,2020-04-30,inminencia,25785
018-20,2020-04-30,inminencia,27001
018-20,2020-04-30,inminencia,27006
018-20,2020-04-30,inminencia,27025
018-20,2020-04-30,inminencia,27050
018-20,2020-04-30,inminencia,27073
018-20,2020-04-30,inminencia,27075
018-20,2020-04-30,inminencia,27077
018-20,2020-04-30,inminencia,27099
018-20,2020-04-30,inminencia,25799
018-20,2020-04-30,inminencia,41357
018-20,2020-04-30,inminencia,41359
018-20,2020-04-30,inminencia,41020
018-20,2020-04-30,inminencia,41378
018-20,2020-04-30,inminencia,41396
018-20,2020-04-30,inminencia,41483
018-20,2020-04-30,inminencia,41518
018-20,2020-04-30,inminencia,41524
018-20,2020-04-30,inminencia,41530
018-20,2020-04-30,inminencia,41548
018-20,2020-04-30,inminencia,41551
018-20,2020-04-30,inminencia,41615
018-20,2020-04-30,inminencia,41660
018-20,2020-04-30,inminencia,41668
018-20,2020-04-30,inminencia,41676
018-20,2020-04-30,inminencia,41770
018-20,2020-04-30,inminencia,41791
018-20,2020-04-30,inminencia,41797
018-20,2020-04-30,inminencia,41799
018-20,2020-04-30,inminencia,41801
018-20,2020-04-30,inminencia,41807
018-20,2020-04-30,inminencia,41872
018-20,2020-04-30,inminencia,41885
018-20,2020-04-30,inminencia,44001
018-20,2020-04-30,inminencia,27135
018-20,2020-04-30,inminencia,27150
018-20,2020-04-30,inminencia,27160
018-20,2020-04-30,inminencia,27205
018-20,2020-04-30,inminencia,27245
018-20,2020-04-30,inminencia,27250
018-20,2020-04-30,inminencia,27361
018-20,2020-04-30,inminencia,27372
018-20,2020-04-30,inminencia,27413
018-20,2020-04-30,inminencia,27425
018-20,2020-04-30,inminencia,27430
018-20,2020-04-30,inminencia,27450
018-20,2020-04-30,inminencia,27491
018-20,2020-04-30,inminencia,27495
018-20,2020-04-30,inminencia,27580
018-20,2020-04-30,inminencia,27600
018-20,2020-04-30,inminencia,27615
018-20,2020-04-30,inminencia,27660
018-20,2020-04-30,inminencia,27745
018-20,2020-04-30,inminencia,27787
018-20,2020-04-30,inminencia,27800
018-20,2020-04-30,inminencia,27810
018-20,2020-04-30,inminencia,41001
018-20,2020-04-30,inminencia,41006
018-20,2020-04-30,inminencia,41013
018-20,2020-04-30,inminencia,41016
018-20,2020-04-30,inminencia,41026
018-20,2020-04-30,inminencia,41078
018-20,2020-04-30,inminencia,41132
018-20,2020-04-30,inminencia,41206
018-20,2020-04-30,inminencia,41244
018-20,2020-04-30,inminencia,41298
018-20,2020-04-30,inminencia,41306
018-20,2020-04-30,inminencia,41319
018-20,2020-04-30,inminencia,41349
018-20,2020-04-30,inminencia,20060
018-20,2020-04-30,inminencia,20175
018-20,2020-04-30,inminencia,20178
018-20,2020-04-30,inminencia,20228
018-20,2020-04-30,inminencia,20238
018-20,2020-04-30,inminencia,20250
018-20,2020-04-30,inminencia,20295
018-20,2020-04-30,inminencia,20310
018-20,2020-04-30,inminencia,20383
018-20,2020-04-30,inminencia,20400
018-20,2020-04-30,inminencia,20443
018-20,2020-04-30,inminencia,20517
018-20,2020-04-30,inminencia,20550
018-20,2020-04-30,inminencia,20570
018-20,2020-04-30,inminencia,20614
018-20,2020-04-30,inminencia,20621
018-20,2020-04-30,inminencia,20710
018-20,2020-04-30,inminencia,20750
018-20,2020-04-30,inminencia,20770
018-20,2020-04-30,inminencia,20787
018-20,2020-04-30,inminencia,23001
018-20,2020-04-30,inminencia,23068
018-20,2020-04-30,inminencia,23079
018-20,2020-04-30,inminencia,23090
018-20,2020-04-30,inminencia,23162
018-20,2020-04-30,inminencia,23168
018-20,2020-04-30,inminencia,23182
018-20,2020-04-30,inminencia,23189
018-20,2020-04-30,inminencia,23300
018-20,2020-04-30,inminencia,23350
018-20,2020-04-30,inminencia,23417
018-20,2020-04-30,inminencia,23419
018-20,2020-04-30,inminencia,23464
018-20,2020-04-30,inminencia,23466
018-20,2020-04-30,inminencia,23500
018-20,2020-04-30,inminencia,23555
018-20,2020-04-30,inminencia,23570
018-20,2020-04-30,inminencia,23574
018-20,2020-04-30,inminencia,23580
018-20,2020-04-30,inminencia,23586
018-20,2020-04-30,inminencia,23660
018-20,2020-04-30,inminencia,23670
018-20,2020-04-30,inminencia,23672
018-20,2020-04-30,inminencia,23675
018-20,2020-04-30,inminencia,23678
018-20,2020-04-30,inminencia,23682
018-20,2020-04-30,inminencia,23686
018-20,2020-04-30,inminencia,23807
018-20,2020-04-30,inminencia,23815
018-20,2020-04-30,inminencia,23855
018-20,2020-04-30,inminencia,25001
018-20,2020-04-30,inminencia,25019
018-20,2020-04-30,inminencia,25035
018-20,2020-04-30,inminencia,25040
018-20,2020-04-30,inminencia,25053
018-20,2020-04-30,inminencia,25086
018-20,2020-04-30,inminencia,25095
018-20,2020-04-30,inminencia,25099
018-20,2020-04-30,inminencia,25120
018-20,2020-04-30,inminencia,25123
018-20,2020-04-30,inminencia,25126
018-20,2020-04-30,inminencia,25148
018-20,2020-04-30,inminencia,25151
018-20,2020-04-30,inminencia,25154
018-20,2020-04-30,inminencia,25168
018-20,2020-04-30,inminencia,25178
018-20,2020-04-30,inminencia,25181
018-20,2020-04-30,inminencia,25183
018-20,2020-04-30,inminencia,25200
018-20,2020-04-30,inminencia,25214
018-20,2020-04-30,inminencia,25224
018-20,2020-04-30,inminencia,25175
018-20,2020-04-30,inminencia,25245
018-20,2020-04-30,inminencia,25258
018-20,2020-04-30,inminencia,25260
018-20,2020-04-30,inminencia,25269
018-20,2020-04-30,inminencia,25279
018-20,2020-04-30,inminencia,25281
018-20,2020-04-30,inminencia,25286
018-20,2020-04-30,inminencia,25288
018-20,2020-04-30,inminencia,25290
018-20,2020-04-30,inminencia,25293
018-20,2020-04-30,inminencia,25295
018-20,2020-04-30,inminencia,25297
018-20,2020-04-30,inminencia,25299
018-20,2020-04-30,inminencia,25307
018-20,2020-04-30,inminencia,25312
018-20,2020-04-30,inminencia,25317
018-20,2020-04-30,inminencia,25320
018-20,2020-04-30,inminencia,25322
018-20,2020-04-30,inminencia,25324
018-20,2020-04-30,inminencia,25326
018-20,2020-04-30,inminencia,25328
018-20,2020-04-30,inminencia,25335
018-20,2020-04-30,inminencia,25339
018-20,2020-04-30,inminencia,25368
018-20,2020-04-30,inminencia,25372
018-20,2020-04-30,inminencia,25377
018-20,2020-04-30,inminencia,25386
018-20,2020-04-30,inminencia,25394
018-20,2020-04-30,inminencia,25398
018-20,2020-04-30,inminencia,25402
018-20,2020-04-30,inminencia,25407
018-20,2020-04-30,inminencia,25426
018-20,2020-04-30,inminencia,25430
018-20,2020-04-30,inminencia,25436
018-20,2020-04-30,inminencia,25438
018-20,2020-04-30,inminencia,25473
018-20,2020-04-30,inminencia,25483
018-20,2020-04-30,inminencia,25486
018-20,2020-04-30,inminencia,25488
018-20,2020-04-30,inminencia,25489
018-20,2020-04-30,inminencia,25491
018-20,2020-04-30,inminencia,25506
018-20,2020-04-30,inminencia,25513
018-20,2020-04-30,inminencia,25518
018-20,2020-04-30,inminencia,25524
018-20,2020-04-30,inminencia,25530
018-20,2020-04-30,inminencia,25535
018-20,2020-04-30,inminencia,25572
018-20,2020-04-30,inminencia,25580
018-20,2020-04-30,inminencia,25592
018-20,2020-04-30,inminencia,25594
018-20,2020-04-30,inminencia,25596
018-20,2020-04-30,inminencia,25599
018-20,2020-04-30,inminencia,25612
018-20,2020-04-30,inminencia,25645
018-20,2020-04-30,inminencia,25649
018-20,2020-04-30,inminencia,25653
018-20,2020-04-30,inminencia,25658
018-20,2020-04-30,inminencia,25662
018-20,2020-04-30,inminencia,25718
018-20,2020-04-30,inminencia,25736
018-20,2020-04-30,inminencia,25740
018-20,2020-04-30,inminencia,25743
018-20,2020-04-30,inminencia,25745
018-20,2020-04-30,inminencia,25754
018-20,2020-04-30,inminencia,25758
018-20,2020-04-30,inminencia,25769
018-20,2020-04-30,inminencia,25772
018-20,2020-04-30,inminencia,25777
018-20,2020-04-30,inminencia,25779
018-20,2020-04-30,inminencia,25781
018-20,2020-04-30,inminencia,25793
018-20,2020-04-30,inminencia,25797
018-20,2020-04-30,inminencia,25805
018-20,2020-04-30,inminencia,25807
018-20,2020-04-30,inminencia,25815
018-20,2020-04-30,inminencia,25817
018-20,2020-04-30,inminencia,25823
018-20,2020-04-30,inminencia,25839
018-20,2020-04-30,inminencia,25841
018-20,2020-04-30,inminencia,25843
018-20,2020-04-30,inminencia,25845
018-20,2020-04-30,inminencia,25851
018-20,2020-04-30,inminencia,47570
018-20,2020-04-30,inminencia,47605
018-20,2020-04-30,inminencia,47660
018-20,2020-04-30,inminencia,47675
018-20,2020-04-30,inminencia,47692
018-20,2020-04-30,inminencia,47703
018-20,2020-04-30,inminencia,47707
018-20,2020-04-30,inminencia,47720
018-20,2020-04-30,inminencia,47745
018-20,2020-04-30,inminencia,47798
018-20,2020-04-30,inminencia,47960
018-20,2020-04-30,inminencia,47980
018-20,2020-04-30,inminencia,50001
018-20,2020-04-30,inminencia,50006
018-20,2020-04-30,inminencia,50110
018-20,2020-04-30,inminencia,50124
018-20,2020-04-30,inminencia,50150
018-20,2020-04-30,inminencia,50223
018-20,2020-04-30,inminencia,50226
018-20,2020-04-30,inminencia,50245
018-20,2020-04-30,inminencia,50251
018-20,2020-04-30,inminencia,50270
018-20,2020-04-30,inminencia,50287
018-20,2020-04-30,inminencia,50313
018-20,2020-04-30,inminencia,50318
018-20,2020-04-30,inminencia,50325
018-20,2020-04-30,inminencia,50330
018-20,2020-04-30,inminencia,50350
018-20,2020-04-30,inminencia,50370
018-20,2020-04-30,inminencia,50400
018-20,2020-04-30,inminencia,50450
018-20,2020-04-30,inminencia,50568
018-20,2020-04-30,inminencia,50573
018-20,2020-04-30,inminencia,54670
018-20,2020-04-30,inminencia,54673
018-20,2020-04-30,inminencia,54680
018-20,2020-04-30,inminencia,54720
018-20,2020-04-30,inminencia,54743
018-20,2020-04-30,inminencia,54800
018-20,2020-04-30,inminencia,54398
018-20,2020-04-30,inminencia,54810
018-20,2020-04-30,inminencia,54820
018-20,2020-04-30,inminencia,54871
018-20,2020-04-30,inminencia,54874
018-20,2020-04-30,inminencia,63001
018-20,2020-04-30,inminencia,63111
018-20,2020-04-30,inminencia,63130
018-20,2020-04-30,inminencia,63190
018-20,2020-04-30,inminencia,63272
018-20,2020-04-30,inminencia,63302
018-20,2020-04-30,inminencia,63401
018-20,2020-04-30,inminencia,63470
018-20,2020-04-30,inminencia,63548
018-20,2020-04-30,inminencia,63594
018-20,2020-04-30,inminencia,63690
018-20,2020-04-30,inminencia,66001
018-20,2020-04-30,inminencia,66045
018-20,2020-04-30,inminencia,66075
018-20,2020-04-30,inminencia,66088
018-20,2020-04-30,inminencia,66170
018-20,2020-04-30,inminencia,66318
018-20,2020-04-30,inminencia,66383
018-20,2020-04-30,inminencia,66440
018-20,2020-04-30,inminencia,66456
018-20,2020-04-30,inminencia,66572
018-20,2020-04-30,inminencia,66594
018-20,2020-04-30,inminencia,66682
018-20,2020-04-30,inminencia,66687
018-20,2020-04-30,inminencia,68001
018-20,2020-04-30,inminencia,68013
018-20,2020-04-30,inminencia,68020
018-20,2020-04-30,inminencia,68051
018-20,2020-04-30,inminencia,66400
018-20,2020-04-30,inminencia,68245
018-20,2020-04-30,inminencia,68250
018-20,2020-04-30,inminencia,68255
018-20,2020-04-30,inminencia,68264
018-20,2020-04-30,inminencia,68266
018-20,2020-04-30,inminencia,68271
018-20,2020-04-30,inminencia,68276
018-20,2020-04-30,inminencia,68296
018-20,2020-04-30,inminencia,68298
018-20,2020-04-30,inminencia,68307
018-20,2020-04-30,inminencia,68318
018-20,2020-04-30,inminencia,68320
018-20,2020-04-30,inminencia,68322
018-20,2020-04-30,inminencia,68324
018-20,2020-04-30,inminencia,68327
018-20,2020-04-30,inminencia,68368
018-20,2020-04-30,inminencia,68370
018-20,2020-04-30,inminencia,68377
018-20,2020-04-30,inminencia,68385
018-20,2020-04-30,inminencia,68397
018-20,2020-04-30,inminencia,63212
018-20,2020-04-30,inminencia,68077
018-20,2020-04-30,inminencia,68079
018-20,2020-04-30,inminencia,68081
018-20,2020-04-30,inminencia,68092
018-20,2020-04-30,inminencia,68101
018-20,2020-04-30,inminencia,68132
018-20,2020-04-30,inminencia,68147
018-20,2020-04-30,inminencia,68152
018-20,2020-04-30,inminencia,68160
018-20,2020-04-30,inminencia,68162
018-20,2020-04-30,inminencia,68167
018-20,2020-04-30,inminencia,68169
018-20,2020-04-30,inminencia,68176
018-20,2020-04-30,inminencia,68179
018-20,2020-04-30,inminencia,68190
018-20,2020-04-30,inminencia,68207
018-20,2020-04-30,inminencia,68211
018-20,2020-04-30,inminencia,68217
018-20,2020-04-30,inminencia,68229
018-20,2020-04-30,inminencia,68235
018-20,2020-04-30,inminencia,50577
018-20,2020-04-30,inminencia,50590
018-20,2020-04-30,inminencia,50606
018-20,2020-04-30,inminencia,50680
018-20,2020-04-30,inminencia,50683
018-20,2020-04-30,inminencia,50686
018-20,2020-04-30,inminencia,50689
018-20,2020-04-30,inminencia,50711
018-20,2020-04-30,inminencia,52001
018-20,2020-04-30,inminencia,52019
018-20,2020-04-30,inminencia,52022
018-20,2020-04-30,inminencia,52036
018-20,2020-04-30,inminencia,52051
018-20,2020-04-30,inminencia,52079
018-20,2020-04-30,inminencia,52110
018-20,2020-04-30,inminencia,52203
018-20,2020-04-30,inminencia,52207
018-20,2020-04-30,inminencia,52210
018-20,2020-04-30,inminencia,52215
018-20,2020-04-30,inminencia,52224
018-20,2020-04-30,inminencia,52227
018-20,2020-04-30,inminencia,52233
018-20,2020-04-30,inminencia,52240
018-20,2020-04-30,inminencia,52250
018-20,2020-04-30,inminencia,52254
018-20,2020-04-30,inminencia,52256
018-20,2020-04-30,inminencia,52258
018-20,2020-04-30,inminencia,52260
018-20,2020-04-30,inminencia,52287
018-20,2020-04-30,inminencia,52317
018-20,2020-04-30,inminencia,52320
018-20,2020-04-30,inminencia,52323
018-20,2020-04-30,inminencia,52352
018-20,2020-04-30,inminencia,52354
018-20,2020-04-30,inminencia,52356
018-20,2020-04-30,inminencia,52378
018-20,2020-04-30,inminencia,52381
018-20,2020-04-30,inminencia,52385
018-20,2020-04-30,inminencia,52083
018-20,2020-04-30,inminencia,52390
018-20,2020-04-30,inminencia,52399
018-20,2020-04-30,inminencia,52405
018-20,2020-04-30,inminencia,52411
018-20,2020-04-30,inminencia,52418
018-20,2020-04-30,inminencia,52427
018-20,2020-04-30,inminencia,52435
018-20,2020-04-30,inminencia,52473
018-20,2020-04-30,inminencia,52480
018-20,2020-04-30,inminencia,52490
018-20,2020-04-30,inminencia,52506
018-20,2020-04-30,inminencia,52520
018-20,2020-04-30,inminencia,52540
018-20,2020-04-30,inminencia,52560
018-20,2020-04-30,inminencia,52565
018-20,2020-04-30,inminencia,52573
018-20,2020-04-30,inminencia,52585
018-20,2020-04-30,inminencia,52612
018-20,2020-04-30,inminencia,52621
018-20,2020-04-30,inminencia,52678
018-20,2020-04-30,inminencia,52683
018-20,2020-04-30,inminencia,52685
018-20,2020-04-30,inminencia,52687
018-20,2020-04-30,inminencia,52693
018-20,2020-04-30,inminencia,52694
018-20,2020-04-30,inminencia,52696
018-20,2020-04-30,inminencia,52699
018-20,2020-04-30,inminencia,52720
018-20,2020-04-30,inminencia,52786
018-20,2020-04-30,inminencia,52788
018-20,2020-04-30,inminencia,52835
018-20,2020-04-30,inminencia,52838
018-20,2020-04-30,inminencia,52885
018-20,2020-04-30,inminencia,54001
018-20,2020-04-30,inminencia,54003
018-20,2020-04-30,inminencia,54051
018-20,2020-04-30,inminencia,54099
018-20,2020-04-30,inminencia,54109
018-20,2020-04-30,inminencia,54125
018-20,2020-04-30,inminencia,54128
018-20,2020-04-30,inminencia,54172
018-20,2020-04-30,inminencia,54174
018-20,2020-04-30,inminencia,54206
018-20,2020-04-30,inminencia,54223
018-20,2020-04-30,inminencia,54239
018-20,2020-04-30,inminencia,54245
018-20,2020-04-30,inminencia,54250
018-20,2020-04-30,inminencia,54261
018-20,2020-04-30,inminencia,54313
018-20,2020-04-30,inminencia,54344
018-20,2020-04-30,inminencia,54347
018-20,2020-04-30,inminencia,54377
018-20,2020-04-30,inminencia,54385
018-20,2020-04-30,inminencia,54405
018-20,2020-04-30,inminencia,54418
018-20,2020-04-30,inminencia,54480
018-20,2020-04-30,inminencia,54498
018-20,2020-04-30,inminencia,54518
018-20,2020-04-30,inminencia,54520
018-20,2020-04-30,inminencia,54553
018-20,2020-04-30,inminencia,54599
018-20,2020-04-30,inminencia,54660
018-20,2020-04-30,inminencia,41503
018-20,2020-04-30,inminencia,44035
018-20,2020-04-30,inminencia,44078
018-20,2020-04-30,inminencia,44090
018-20,2020-04-30,inminencia,44098
018-20,2020-04-30,inminencia,44110
018-20,2020-04-30,inminencia,44279
018-20,2020-04-30,inminencia,44378
018-20,2020-04-30,inminencia,44420
018-20,2020-04-30,inminencia,44430
018-20,2020-04-30,inminencia,44560
018-20,2020-04-30,inminencia,44650
018-20,2020-04-30,inminencia,44847
018-20,2020-04-30,inminencia,44855
018-20,2020-04-30,inminencia,44874
018-20,2020-04-30,inminencia,47001
018-20,2020-04-30,inminencia,47030
018-20,2020-04-30,inminencia,47053
018-20,2020-04-30,inminencia,47058
018-20,2020-04-30,inminencia,47161
018-20,2020-04-30,inminencia,47170
018-20,2020-04-30,inminencia,47189
018-20,2020-04-30,inminencia,47205
018-20,2020-04-30,inminencia,47245
018-20,2020-04-30,inminencia,47258
018-20,2020-04-30,inminencia,47268
018-20,2020-04-30,inminencia,47288
018-20,2020-04-30,inminencia,47318
018-20,2020-04-30,inminencia,47460
018-20,2020-04-30,inminencia,47541
018-20,2020-04-30,inminencia,47545
018-20,2020-04-30,inminencia,47551
018-20,2020-04-30,inminencia,47555
018-20,2020-04-30,inminencia,70708
018-20,2020-04-30,inminencia,70713
018-20,2020-04-30,inminencia,70717
018-20,2020-04-30,inminencia,70742
018-20,2020-04-30,inminencia,70771
018-20,2020-04-30,inminencia,70820
018-20,2020-04-30,inminencia,70823
018-20,2020-04-30,inminencia,73001
018-20,2020-04-30,inminencia,73024
018-20,2020-04-30,inminencia,73026
018-20,2020-04-30,inminencia,73030
018-20,2020-04-30,inminencia,73043
018-20,2020-04-30,inminencia,73055
018-20,2020-04-30,inminencia,73067
018-20,2020-04-30,inminencia,73124
018-20,2020-04-30,inminencia,73148
018-20,2020-04-30,inminencia,73152
018-20,2020-04-30,inminencia,73168
018-20,2020-04-30,inminencia,73200
018-20,2020-04-30,inminencia,73217
018-20,2020-04-30,inminencia,73226
018-20,2020-04-30,inminencia,73236
018-20,2020-04-30,inminencia,73268
018-20,2020-04-30,inminencia,73270
018-20,2020-04-30,inminencia,73275
018-20,2020-04-30,inminencia,73283
018-20,2020-04-30,inminencia,73319
018-20,2020-04-30,inminencia,73347
018-20,2020-04-30,inminencia,73349
018-20,2020-04-30,inminencia,73352
018-20,2020-04-30,inminencia,73411
018-20,2020-04-30,inminencia,73443
018-20,2020-04-30,inminencia,73449
018-20,2020-04-30,inminencia,73461
018-20,2020-04-30,inminencia,73483
018-20,2020-04-30,inminencia,73504
018-20,2020-04-30,inminencia,73520
018-20,2020-04-30,inminencia,73547
018-20,2020-04-30,inminencia,76377
018-20,2020-04-30,inminencia,76400
018-20,2020-04-30,inminencia,76403
018-20,2020-04-30,inminencia,76497
018-20,2020-04-30,inminencia,76520
018-20,2020-04-30,inminencia,76563
018-20,2020-04-30,inminencia,76606
018-20,2020-04-30,inminencia,76616
018-20,2020-04-30,inminencia,76622
018-20,2020-04-30,inminencia,76670
018-20,2020-04-30,inminencia,76248
018-20,2020-04-30,inminencia,76736
018-20,2020-04-30,inminencia,76823
018-20,2020-04-30,inminencia,76828
018-20,2020-04-30,inminencia,76834
018-20,2020-04-30,inminencia,76845
018-20,2020-04-30,inminencia,76863
018-20,2020-04-30,inminencia,76869
018-20,2020-04-30,inminencia,76890
018-20,2020-04-30,inminencia,76892
018-20,2020-04-30,inminencia,76895
018-20,2020-04-30,inminencia,81001
018-20,2020-04-30,inminencia,81065
018-20,2020-04-30,inminencia,81220
018-20,2020-04-30,inminencia,81300
018-20,2020-04-30,inminencia,81591
018-20,2020-04-30,inminencia,81736
018-20,2020-04-30,inminencia,81794
018-20,2020-04-30,inminencia,85001
018-20,2020-04-30,inminencia,85010
018-20,2020-04-30,inminencia,85015
018-20,2020-04-30,inminencia,85125
018-20,2020-04-30,inminencia,85136
018-20,2020-04-30,inminencia,85139
018-20,2020-04-30,inminencia,85162
018-20,2020-04-30,inminencia,85225
018-20,2020-04-30,inminencia,85230
018-20,2020-04-30,inminencia,73408
018-20,2020-04-30,inminencia,73555
018-20,2020-04-30,inminencia,73563
018-20,2020-04-30,inminencia,73585
018-20,2020-04-30,inminencia,73616
018-20,2020-04-30,inminencia,73622
018-20,2020-04-30,inminencia,73624
018-20,2020-04-30,inminencia,73671
018-20,2020-04-30,inminencia,73675
018-20,2020-04-30,inminencia,73678
018-20,2020-04-30,inminencia,73686
018-20,2020-04-30,inminencia,73770
018-20,2020-04-30,inminencia,73854
018-20,2020-04-30,inminencia,73861
018-20,2020-04-30,inminencia,73870
018-20,2020-04-30,inminencia,73873
018-20,2020-04-30,inminencia,76001
018-20,2020-04-30,inminencia,76020
018-20,2020-04-30,inminencia,76036
018-20,2020-04-30,inminencia,76041
018-20,2020-04-30,inminencia,76054
018-20,2020-04-30,inminencia,76100
018-20,2020-04-30,inminencia,76109
018-20,2020-04-30,inminencia,76111
018-20,2020-04-30,inminencia,76113
018-20,2020-04-30,inminencia,76122
018-20,2020-04-30,inminencia,76126
018-20,2020-04-30,inminencia,76130
018-20,2020-04-30,inminencia,76147
018-20,2020-04-30,inminencia,76233
018-20,2020-04-30,inminencia,76243
018-20,2020-04-30,inminencia,76246
018-20,2020-04-30,inminencia,76250
018-20,2020-04-30,inminencia,76275
018-20,2020-04-30,inminencia,76306
018-20,2020-04-30,inminencia,76318
018-20,2020-04-30,inminencia,76364
018-20,2020-04-30,inminencia,68121
018-20,2020-04-30,inminencia,68209
018-20,2020-04-30,inminencia,68406
018-20,2020-04-30,inminencia,68418
018-20,2020-04-30,inminencia,68425
018-20,2020-04-30,inminencia,68432
018-20,2020-04-30,inminencia,68444
018-20,2020-04-30,inminencia,68464
018-20,2020-04-30,inminencia,68468
018-20,2020-04-30,inminencia,68498
018-20,2020-04-30,inminencia,68500
018-20,2020-04-30,inminencia,68502
018-20,2020-04-30,inminencia,68522
018-20,2020-04-30,inminencia,68524
018-20,2020-04-30,inminencia,68533
018-20,2020-04-30,inminencia,68547
018-20,2020-04-30,inminencia,68572
018-20,2020-04-30,inminencia,68573
018-20,2020-04-30,inminencia,68575
018-20,2020-04-30,inminencia,68344
018-20,2020-04-30,inminencia,68615
018-20,2020-04-30,inminencia,68655
018-20,2020-04-30,inminencia,68549
018-20,2020-04-30,inminencia,68669
018-20,2020-04-30,inminencia,68673
018-20,2020-04-30,inminencia,68679
018-20,2020-04-30,inminencia,68682
018-20,2020-04-30,inminencia,68684
018-20,2020-04-30,inminencia,68689
018-20,2020-04-30,inminencia,68705
018-20,2020-04-30,inminencia,68720
018-20,2020-04-30,inminencia,68745
018-20,2020-04-30,inminencia,68755
018-20,2020-04-30,inminencia,68770
018-20,2020-04-30,inminencia,68773
018-20,2020-04-30,inminencia,68780
018-20,2020-04-30,inminencia,68820
018-20,2020-04-30,inminencia,68855
018-20,2020-04-30,inminencia,68861
018-20,2020-04-30,inminencia,68867
018-20,2020-04-30,inminencia,68872
018-20,2020-04-30,inminencia,68895
018-20,2020-04-30,inminencia,68686
018-20,2020-04-30,inminencia,70001
018-20,2020-04-30,inminencia,70110
018-20,2020-04-30,inminencia,70124
018-20,2020-04-30,inminencia,70204
018-20,2020-04-30,inminencia,70215
018-20,2020-04-30,inminencia,70221
018-20,2020-04-30,inminencia,70230
018-20,2020-04-30,inminencia,70233
018-20,2020-04-30,inminencia,70235
018-20,2020-04-30,inminencia,70265
018-20,2020-04-30,inminencia,70400
018-20,2020-04-30,inminencia,70418
018-20,2020-04-30,inminencia,70429
018-20,2020-04-30,inminencia,70473
018-20,2020-04-30,inminencia,70508
018-20,2020-04-30,inminencia,70523
018-20,2020-04-30,inminencia,70670
018-20,2020-04-30,inminencia,70678
018-20,2020-04-30,inminencia,70702
018-20,2020-04-30,inminencia,86320
018-20,2020-04-30,inminencia,86749
018-20,2020-04-30,inminencia,91540
018-20,2020-04-30,inminencia,94663
018-20,2020-04-30,inminencia,94883
018-20,2020-04-30,inminencia,86757
018-20,2020-04-30,inminencia,94884
018-20,2020-04-30,inminencia,94885
018-20,2020-04-30,inminencia,94886
018-20,2020-04-30,inminencia,94887
018-20,2020-04-30,inminencia,94888
018-20,2020-04-30,inminencia,95001
018-20,2020-04-30,inminencia,95015
018-20,2020-04-30,inminencia,95025
018-20,2020-04-30,inminencia,95200
018-20,2020-04-30,inminencia,97001
018-20,2020-04-30,inminencia,97161
018-20,2020-04-30,inminencia,97511
018-20,2020-04-30,inminencia,97666
018-20,2020-04-30,inminencia,97777
018-20,2020-04-30,inminencia,97889
018-20,2020-04-30,inminencia,99001
018-20,2020-04-30,inminencia,99524
018-20,2020-04-30,inminencia,99624
018-20,2020-04-30,inminencia,99773
018-20,2020-04-30,inminencia,88001
018-20,2020-04-30,inminencia,85250
018-20,2020-04-30,inminencia,85263
018-20,2020-04-30,inminencia,85279
018-20,2020-04-30,inminencia,85300
018-20,2020-04-30,inminencia,85315
018-20,2020-04-30,inminencia,85325
018-20,2020-04-30,inminencia,85400
018-20,2020-04-30,inminencia,85410
018-20,2020-04-30,inminencia,85430
018-20,2020-04-30,inminencia,85440
018-20,2020-04-30,inminencia,86001
018-20,2020-04-30,inminencia,86219
018-20,2020-04-30,inminencia,86568
018-20,2020-04-30,inminencia,86569
018-20,2020-04-30,inminencia,86571
018-20,2020-04-30,inminencia,86573
018-20,2020-04-30,inminencia,86755
018-20,2020-04-30,inminencia,86760
018-20,2020-04-30,inminencia,86865
018-20,2020-04-30,inminencia,86885
018-20,2020-04-30,inminencia,88564
018-20,2020-04-30,inminencia,91001
018-20,2020-04-30,inminencia,91263
018-20,2020-04-30,inminencia,91405
018-20,2020-04-30,inminencia,91407
018-20,2020-04-30,inminencia,91430
018-20,2020-04-30,inminencia,91460
018-20,2020-04-30,inminencia,91530
018-20,2020-04-30,inminencia,91536
018-20,2020-04-30,inminencia,91669
018-20,2020-04-30,inminencia,91798
018-20,2020-04-30,inminencia,94001
018-20,2020-04-30,inminencia,94343
019-20,2020-05-08,estructural,19110
020-20,2020-05-08,inminencia,13030
020-20,2020-05-08,inminencia,13074
020-20,2020-05-08,inminencia,13490
020-20,2020-05-08,inminencia,13810
021-20,2020-05-14,estructural,27135
021-20,2020-05-14,estructural,27160
021-20,2020-05-14,estructural,27600
022-20,2020-05-30,inminencia,11001
023-20,2020-06-05,estructural,85136
023-20,2020-06-05,estructural,85315
024-20,2020-06-05,inminencia,97777
025-20,2020-06-09,estructural,13030
025-20,2020-06-09,estructural,13042
025-20,2020-06-09,estructural,13074
025-20,2020-06-09,estructural,13160
025-20,2020-06-09,estructural,13458
025-20,2020-06-09,estructural,13473
025-20,2020-06-09,estructural,13490
025-20,2020-06-09,estructural,13600
025-20,2020-06-09,estructural,13667
025-20,2020-06-09,estructural,13670
025-20,2020-06-09,estructural,13683
025-20,2020-06-09,estructural,13744
025-20,2020-06-09,estructural,13810
026-20,2020-06-19,estructural,50330
026-20,2020-06-19,estructural,50370
027-20,2020-07-02,inminencia,52427
028-20,2020-07-03,inminencia,18094
029-20,2020-07-07,estructural,19517
029-20,2020-07-07,estructural,41357
030-20,2020-07-09,inminencia,27077
031-20,2020-07-14,inminencia,50689
032-20,2020-07-17,estructural,05001
033-20,2020-07-28,estructural,19318
033-20,2020-07-28,estructural,19418
033-20,2020-07-28,estructural,19809
034-20,2020-08-04,estructural,54498
035-20,2020-08-05,estructural,54001
035-20,2020-08-05,estructural,54553
035-20,2020-08-05,estructural,54874
036-20,2020-08-12,inminencia,52405
036-20,2020-08-12,inminencia,52256
037-20,2020-08-13,estructural,08001
037-20,2020-08-13,estructural,08296
037-20,2020-08-13,estructural,08433
037-20,2020-08-13,estructural,08573
037-20,2020-08-13,estructural,08758
038-20,2020-08-13,inminencia,20175
038-20,2020-08-13,inminencia,20228
039-20,2020-08-22,estructural,25740
039-20,2020-08-22,estructural,25754
040-20,2020-08-23,estructural,19137
041-20,2020-08-25,estructural,17001
041-20,2020-08-25,estructural,63001
041-20,2020-08-25,estructural,66001
042-20,2020-08-25,estructural,15180
042-20,2020-08-25,estructural,15183
042-20,2020-08-25,estructural,15244
042-20,2020-08-25,estructural,15248
042-20,2020-08-25,estructural,15332
042-20,2020-08-25,estructural,15368
042-20,2020-08-25,estructural,15522
042-20,2020-08-25,estructural,15757
042-20,2020-08-25,estructural,15755
043-20,2020-08-25,estructural,41020
044-20,2020-08-28,estructural,05034
044-20,2020-08-28,estructural,05091
044-20,2020-08-28,estructural,05101
044-20,2020-08-28,estructural,05353
044-20,2020-08-28,estructural,05364
044-20,2020-08-28,estructural,05642
045-20,2020-08-31,estructural,05120
045-20,2020-08-31,estructural,05154
045-20,2020-08-31,estructural,05250
045-20,2020-08-31,estructural,05495
045-20,2020-08-31,estructural,05790
045-20,2020-08-31,estructural,05895
046-20,2020-10-05,inminencia,76834
047-20,2020-10-08,estructural,19256
047-20,2020-10-08,estructural,19050
047-20,2020-10-08,estructural,19075
048-20,2020-10-29,inminencia,86573
049-20,2020-11-19,inminencia,27413
050-20,2020-11-26,estructural,54810
051-20,2020-12-14,estructural,05045
052-20,2020-12-15,estructural,05628
053-20,2020-12-14,inminencia,52696
054-20,2020-12-23,inminencia,95200
001-21,2021-01-07,estructural,18205
001-21,2021-01-07,estructural,19533
001-21,2021-01-07,estructural,18610
001-21,2021-01-07,estructural,18785
001-21,2021-01-07,estructural,86571
002-21,2021-01-26,estructural,91540
002-21,2021-01-26,estructural,91001
002-21,2021-01-26,estructural,91263
002-21,2021-01-26,estructural,91405
002-21,2021-01-26,estructural,91530
002-21,2021-01-26,estructural,91536
002-21,2021-01-26,estructural,91798
003-21,2021-01-29,inminencia,76109
004-21,2021-02-09,estructural,54800
004-21,2021-02-09,estructural,54206
004-21,2021-02-09,estructural,54245
005-21,2021-03-02,estructural,99001
006-21,2021-03-05,inminencia,81001
007-21,2021-03-16,inminencia,19142
008-21,2021-03-17,inminencia,15533
008-21,2021-03-17,inminencia,15518
008-21,2021-03-17,inminencia,85001
008-21,2021-03-17,inminencia,85010
008-21,2021-03-17,inminencia,85136
008-21,2021-03-17,inminencia,85315
008-21,2021-03-17,inminencia,85400
008-21,2021-03-17,inminencia,15550
009-21,2021-05-28,inminencia,70508
010-21,2021-05-31,estructural,11001
010-21,2021-05-31,estructural,25178
010-21,2021-05-31,estructural,25181
010-21,2021-05-31,estructural,25214
010-21,2021-05-31,estructural,25175
010-21,2021-05-31,estructural,25286
010-21,2021-05-31,estructural,25322
010-21,2021-05-31,estructural,25377
010-21,2021-05-31,estructural,25473
010-21,2021-05-31,estructural,25740
010-21,2021-05-31,estructural,25754
010-21,2021-05-31,estructural,25758
010-21,2021-05-31,estructural,25841
011-21,2021-06-11,estructural,05038
011-21,2021-06-11,estructural,05134
011-21,2021-06-11,estructural,05647
011-21,2021-06-11,estructural,05819
011-21,2021-06-11,estructural,05887
012-21,2021-06-15,estructural,20032
012-21,2021-06-15,estructural,20175
012-21,2021-06-15,estructural,20787
012-21,2021-06-15,estructural,47692
012-21,2021-06-15,estructural,47245
012-21,2021-06-15,estructural,47318
013-21,2021-07-01,estructural,86320
013-21,2021-07-01,estructural,86757
013-21,2021-07-01,estructural,86568
013-21,2021-07-01,estructural,86569
013-21,2021-07-01,estructural,86865
014-21,2021-07-14,inminencia,76606
015-21,2021-07-30,inminencia,52427
015-21,2021-07-30,inminencia,52621
016-21,2021-08-03,estructural,05873
016-21,2021-08-03,estructural,27099
016-21,2021-08-03,estructural,27425
017-21,2021-08-06,inminencia,76233
018-21,2021-08-12,inminencia,13042
018-21,2021-08-12,inminencia,13688
018-21,2021-08-12,inminencia,13458
018-21,2021-08-12,inminencia,13473
019-21,2021-08-12,estructural,76520
019-21,2021-08-12,estructural,76248
019-21,2021-08-12,estructural,76111
020-21,2021-08-19,inminencia,27361
020-21,2021-08-19,inminencia,27450
021-21,2021-08-23,estructural,76736
021-21,2021-08-23,estructural,76122
022-21,2021-09-27,inminencia,91407
023-21,2021-10-01,estructural,81220
023-21,2021-10-01,estructural,81591
024-21,2021-10-14,inminencia,27250
024-21,2021-10-14,inminencia,76109
025-21,2021-10-22,estructural,54670
025-21,2021-10-22,estructural,54250
026-21,2021-10-29,inminencia,20001
027-21,2021-12-03,estructural,27491
027-21,2021-12-03,estructural,27205
028-21,2021-12-10,estructural,68001
028-21,2021-12-10,estructural,68276
028-21,2021-12-10,estructural,68307
028-21,2021-12-10,estructural,68547
029-21,2021-12-14,inminencia,27660
001-22,2022-01-01,estructural,76001
002-22,2022-01-25,estructural,86573
003-22,2022-01-26,inminencia,66170
004-22,2022-02-17,estructural,19256
004-22,2022-02-17,estructural,19318
004-22,2022-02-17,estructural,19364
004-22,2022-02-17,estructural,19418
004-22,2022-02-17,estructural,19455
004-22,2022-02-17,estructural,19473
004-22,2022-02-17,estructural,19698
004-22,2022-02-17,estructural,19780
004-22,2022-02-17,estructural,19809
004-22,2022-02-17,estructural,19821
004-22,2022-02-17,estructural,19050
004-22,2022-02-17,estructural,19110
004-22,2022-02-17,estructural,19130
004-22,2022-02-17,estructural,19137
004-22,2022-02-17,estructural,19142
004-22,2022-02-17,estructural,19212
004-22,2022-02-17,estructural,27001
004-22,2022-02-17,estructural,27025
004-22,2022-02-17,estructural,27099
004-22,2022-02-17,estructural,27150
004-22,2022-02-17,estructural,27250
004-22,2022-02-17,estructural,27361
004-22,2022-02-17,estructural,27450
004-22,2022-02-17,estructural,27491
004-22,2022-02-17,estructural,27615
004-22,2022-02-17,estructural,52079
004-22,2022-02-17,estructural,52227
004-22,2022-02-17,estructural,52233
004-22,2022-02-17,estructural,52250
004-22,2022-02-17,estructural,52256
004-22,2022-02-17,estructural,52405
004-22,2022-02-17,estructural,52427
004-22,2022-02-17,estructural,52473
004-22,2022-02-17,estructural,52490
004-22,2022-02-17,estructural,52540
004-22,2022-02-17,estructural,52612
004-22,2022-02-17,estructural,52621
004-22,2022-02-17,estructural,52696
004-22,2022-02-17,estructural,52835
004-22,2022-02-17,estructural,54670
004-22,2022-02-17,estructural,54800
004-22,2022-02-17,estructural,54810
004-22,2022-02-17,estructural,54001
004-22,2022-02-17,estructural,54206
004-22,2022-02-17,estructural,54245
004-22,2022-02-17,estructural,54250
004-22,2022-02-17,estructural,54344
004-22,2022-02-17,estructural,05001
004-22,2022-02-17,estructural,05088
004-22,2022-02-17,estructural,05120
004-22,2022-02-17,estructural,05154
004-22,2022-02-17,estructural,05250
004-22,2022-02-17,estructural,05475
004-22,2022-02-17,estructural,05790
004-22,2022-02-17,estructural,13670
004-22,2022-02-17,estructural,18205
004-22,2022-02-17,estructural,18150
004-22,2022-02-17,estructural,18410
004-22,2022-02-17,estructural,18610
004-22,2022-02-17,estructural,18753
004-22,2022-02-17,estructural,18756
004-22,2022-02-17,estructural,13160
004-22,2022-02-17,estructural,41357
004-22,2022-02-17,estructural,41020
004-22,2022-02-17,estructural,50350
004-22,2022-02-17,estructural,73067
004-22,2022-02-17,estructural,73168
004-22,2022-02-17,estructural,81065
004-22,2022-02-17,estructural,81300
004-22,2022-02-17,estructural,81736
004-22,2022-02-17,estructural,81794
004-22,2022-02-17,estructural,73555
004-22,2022-02-17,estructural,73616
004-22,2022-02-17,estructural,76001
004-22,2022-02-17,estructural,76109
004-22,2022-02-17,estructural,76364
004-22,2022-02-17,estructural,86568
004-22,2022-02-17,estructural,86571
004-22,2022-02-17,estructural,86573
004-22,2022-02-17,estructural,13042
004-22,2022-02-17,estructural,05034
004-22,2022-02-17,estructural,05038
004-22,2022-02-17,estructural,05040
004-22,2022-02-17,estructural,05091
004-22,2022-02-17,estructural,05101
004-22,2022-02-17,estructural,05107
004-22,2022-02-17,estructural,05134
004-22,2022-02-17,estructural,05138
004-22,2022-02-17,estructural,05234
004-22,2022-02-17,estructural,05284
004-22,2022-02-17,estructural,05353
004-22,2022-02-17,estructural,05361
004-22,2022-02-17,estructural,05364
004-22,2022-02-17,estructural,05495
004-22,2022-02-17,estructural,05604
004-22,2022-02-17,estructural,05628
004-22,2022-02-17,estructural,05642
004-22,2022-02-17,estructural,05647
004-22,2022-02-17,estructural,05543
004-22,2022-02-17,estructural,05736
004-22,2022-02-17,estructural,05819
004-22,2022-02-17,estructural,05842
004-22,2022-02-17,estructural,05847
004-22,2022-02-17,estructural,05854
004-22,2022-02-17,estructural,05873
004-22,2022-02-17,estructural,05887
004-22,2022-02-17,estructural,05893
004-22,2022-02-17,estructural,05895
004-22,2022-02-17,estructural,13030
004-22,2022-02-17,estructural,13654
004-22,2022-02-17,estructural,13655
004-22,2022-02-17,estructural,13688
004-22,2022-02-17,estructural,13744
004-22,2022-02-17,estructural,13810
004-22,2022-02-17,estructural,13894
004-22,2022-02-17,estructural,13244
004-22,2022-02-17,estructural,13458
004-22,2022-02-17,estructural,13473
004-22,2022-02-17,estructural,13490
004-22,2022-02-17,estructural,76520
004-22,2022-02-17,estructural,76563
004-22,2022-02-17,estructural,76248
004-22,2022-02-17,estructural,76736
004-22,2022-02-17,estructural,76828
004-22,2022-02-17,estructural,76834
004-22,2022-02-17,estructural,76100
004-22,2022-02-17,estructural,76111
004-22,2022-02-17,estructural,76113
004-22,2022-02-17,estructural,76122
004-22,2022-02-17,estructural,76233
004-22,2022-02-17,estructural,76250
004-22,2022-02-17,estructural,76275
004-22,2022-02-17,estructural,52019
004-22,2022-02-17,estructural,52215
004-22,2022-02-17,estructural,52378
004-22,2022-02-17,estructural,52385
004-22,2022-02-17,estructural,52390
004-22,2022-02-17,estructural,52418
004-22,2022-02-17,estructural,52435
004-22,2022-02-17,estructural,52520
004-22,2022-02-17,estructural,52565
004-22,2022-02-17,estructural,52678
004-22,2022-02-17,estructural,52694
004-22,2022-02-17,estructural,27006
004-22,2022-02-17,estructural,27073
004-22,2022-02-17,estructural,27075
004-22,2022-02-17,estructural,27077
004-22,2022-02-17,estructural,27135
004-22,2022-02-17,estructural,27160
004-22,2022-02-17,estructural,27205
004-22,2022-02-17,estructural,27600
004-22,2022-02-17,estructural,50251
004-22,2022-02-17,estructural,50325
004-22,2022-02-17,estructural,50330
004-22,2022-02-17,estructural,50370
004-22,2022-02-17,estructural,50400
004-22,2022-02-17,estructural,50450
004-22,2022-02-17,estructural,50568
004-22,2022-02-17,estructural,50577
004-22,2022-02-17,estructural,50590
004-22,2022-02-17,estructural,50683
004-22,2022-02-17,estructural,50711
004-22,2022-02-17,estructural,54720
004-22,2022-02-17,estructural,54398
004-22,2022-02-17,estructural,54820
004-22,2022-02-17,estructural,54874
004-22,2022-02-17,estructural,54003
004-22,2022-02-17,estructural,54109
004-22,2022-02-17,estructural,54261
004-22,2022-02-17,estructural,54405
004-22,2022-02-17,estructural,54498
004-22,2022-02-17,estructural,54553
004-22,2022-02-17,estructural,70713
004-22,2022-02-17,estructural,70820
004-22,2022-02-17,estructural,70823
004-22,2022-02-17,estructural,70204
004-22,2022-02-17,estructural,70221
004-22,2022-02-17,estructural,70230
004-22,2022-02-17,estructural,70418
004-22,2022-02-17,estructural,70473
004-22,2022-02-17,estructural,70508
004-22,2022-02-17,estructural,70523
004-22,2022-02-17,estructural,15180
004-22,2022-02-17,estructural,15183
004-22,2022-02-17,estructural,15223
004-22,2022-02-17,estructural,15244
004-22,2022-02-17,estructural,15248
004-22,2022-02-17,estructural,15332
004-22,2022-02-17,estructural,15368
004-22,2022-02-17,estructural,15522
004-22,2022-02-17,estructural,15755
004-22,2022-02-17,estructural,15757
004-22,2022-02-17,estructural,47692
004-22,2022-02-17,estructural,47980
004-22,2022-02-17,estructural,47001
004-22,2022-02-17,estructural,47030
004-22,2022-02-17,estructural,47053
004-22,2022-02-17,estructural,47189
004-22,2022-02-17,estructural,47245
004-22,2022-02-17,estructural,47288
004-22,2022-02-17,estructural,47318
004-22,2022-02-17,estructural,08001
004-22,2022-02-17,estructural,08137
004-22,2022-02-17,estructural,08296
004-22,2022-02-17,estructural,08421
004-22,2022-02-17,estructural,08433
004-22,2022-02-17,estructural,08573
004-22,2022-02-17,estructural,08606
004-22,2022-02-17,estructural,08638
004-22,2022-02-17,estructural,08758
004-22,2022-02-17,estructural,11001
004-22,2022-02-17,estructural,17380
004-22,2022-02-17,estructural,17495
004-22,2022-02-17,estructural,17614
004-22,2022-02-17,estructural,17662
004-22,2022-02-17,estructural,17777
004-22,2022-02-17,estructural,18001
004-22,2022-02-17,estructural,19450
004-22,2022-02-17,estructural,19517
004-22,2022-02-17,estructural,19532
004-22,2022-02-17,estructural,19573
004-22,2022-02-17,estructural,20001
004-22,2022-02-17,estructural,20013
004-22,2022-02-17,estructural,18592
004-22,2022-02-17,estructural,19075
004-22,2022-02-17,estructural,25878
004-22,2022-02-17,estructural,41396
004-22,2022-02-17,estructural,41483
004-22,2022-02-17,estructural,41551
004-22,2022-02-17,estructural,41799
004-22,2022-02-17,estructural,41001
004-22,2022-02-17,estructural,41078
004-22,2022-02-17,estructural,20228
004-22,2022-02-17,estructural,20238
004-22,2022-02-17,estructural,20517
004-22,2022-02-17,estructural,20570
004-22,2022-02-17,estructural,20621
004-22,2022-02-17,estructural,23001
004-22,2022-02-17,estructural,23466
004-22,2022-02-17,estructural,23580
004-22,2022-02-17,estructural,23660
004-22,2022-02-17,estructural,23682
004-22,2022-02-17,estructural,23807
004-22,2022-02-17,estructural,23855
004-22,2022-02-17,estructural,25120
004-22,2022-02-17,estructural,25168
004-22,2022-02-17,estructural,25290
004-22,2022-02-17,estructural,25320
004-22,2022-02-17,estructural,25781
004-22,2022-02-17,estructural,66001
004-22,2022-02-17,estructural,66170
004-22,2022-02-17,estructural,66456
004-22,2022-02-17,estructural,66572
004-22,2022-02-17,estructural,66682
004-22,2022-02-17,estructural,73001
004-22,2022-02-17,estructural,81001
004-22,2022-02-17,estructural,85001
004-22,2022-02-17,estructural,86320
004-22,2022-02-17,estructural,86757
004-22,2022-02-17,estructural,95001
004-22,2022-02-17,estructural,95015
004-22,2022-02-17,estructural,95025
004-22,2022-02-17,estructural,95200
004-22,2022-02-17,estructural,97001
004-22,2022-02-17,estructural,97161
004-22,2022-02-17,estructural,97666
004-22,2022-02-17,estructural,99001
004-22,2022-02-17,estructural,99773
004-22,2022-02-17,estructural,85250
004-22,2022-02-17,estructural,85315
004-22,2022-02-17,estructural,86569
004-22,2022-02-17,estructural,86865
004-22,2022-02-17,estructural,91001
004-22,2022-02-17,estructural,05004
004-22,2022-02-17,estructural,05042
004-22,2022-02-17,estructural,05044
004-22,2022-02-17,estructural,05059
004-22,2022-02-17,estructural,05113
004-22,2022-02-17,estructural,05125
004-22,2022-02-17,estructural,05148
004-22,2022-02-17,estructural,05240
004-22,2022-02-17,estructural,05306
004-22,2022-02-17,estructural,05315
004-22,2022-02-17,estructural,05347
004-22,2022-02-17,estructural,05411
004-22,2022-02-17,estructural,05483
004-22,2022-02-17,estructural,05501
004-22,2022-02-17,estructural,05541
004-22,2022-02-17,estructural,05652
004-22,2022-02-17,estructural,05656
004-22,2022-02-17,estructural,05660
004-22,2022-02-17,estructural,05670
004-22,2022-02-17,estructural,05690
004-22,2022-02-17,estructural,05756
004-22,2022-02-17,estructural,05761
004-22,2022-02-17,estructural,05031
004-22,2022-02-17,estructural,05045
004-22,2022-02-17,estructural,05147
004-22,2022-02-17,estructural,05172
004-22,2022-02-17,estructural,05480
004-22,2022-02-17,estructural,05490
004-22,2022-02-17,estructural,05665
004-22,2022-02-17,estructural,05837
004-22,2022-02-17,estructural,08549
004-22,2022-02-17,estructural,08675
004-22,2022-02-17,estructural,81220
004-22,2022-02-17,estructural,81591
004-22,2022-02-17,estructural,08770
004-22,2022-02-17,estructural,13052
004-22,2022-02-17,estructural,08372
004-22,2022-02-17,estructural,08520
004-22,2022-02-17,estructural,08832
004-22,2022-02-17,estructural,08849
004-22,2022-02-17,estructural,13001
004-22,2022-02-17,estructural,13647
004-22,2022-02-17,estructural,13657
004-22,2022-02-17,estructural,13667
004-22,2022-02-17,estructural,13836
004-22,2022-02-17,estructural,13873
004-22,2022-02-17,estructural,15001
004-22,2022-02-17,estructural,15047
004-22,2022-02-17,estructural,15238
004-22,2022-02-17,estructural,15377
004-22,2022-02-17,estructural,15464
004-22,2022-02-17,estructural,15533
004-22,2022-02-17,estructural,15537
004-22,2022-02-17,estructural,15550
004-22,2022-02-17,estructural,15518
004-22,2022-02-17,estructural,15759
004-22,2022-02-17,estructural,15774
004-22,2022-02-17,estructural,13140
004-22,2022-02-17,estructural,13212
004-22,2022-02-17,estructural,13248
004-22,2022-02-17,estructural,13433
004-22,2022-02-17,estructural,13442
004-22,2022-02-17,estructural,13074
004-22,2022-02-17,estructural,17001
004-22,2022-02-17,estructural,17088
004-22,2022-02-17,estructural,17444
004-22,2022-02-17,estructural,17541
004-22,2022-02-17,estructural,18460
004-22,2022-02-17,estructural,15176
004-22,2022-02-17,estructural,15322
004-22,2022-02-17,estructural,15442
004-22,2022-02-17,estructural,15480
004-22,2022-02-17,estructural,15516
004-22,2022-02-17,estructural,15531
004-22,2022-02-17,estructural,15638
004-22,2022-02-17,estructural,15664
004-22,2022-02-17,estructural,15667
004-22,2022-02-17,estructural,15686
004-22,2022-02-17,estructural,18029
004-22,2022-02-17,estructural,18094
004-22,2022-02-17,estructural,18247
004-22,2022-02-17,estructural,18256
004-22,2022-02-17,estructural,18479
004-22,2022-02-17,estructural,18785
004-22,2022-02-17,estructural,18860
004-22,2022-02-17,estructural,85010
004-22,2022-02-17,estructural,85015
004-22,2022-02-17,estructural,85125
004-22,2022-02-17,estructural,85136
004-22,2022-02-17,estructural,85139
004-22,2022-02-17,estructural,85162
004-22,2022-02-17,estructural,85225
004-22,2022-02-17,estructural,85230
004-22,2022-02-17,estructural,85263
004-22,2022-02-17,estructural,85279
004-22,2022-02-17,estructural,85325
004-22,2022-02-17,estructural,85400
004-22,2022-02-17,estructural,85410
004-22,2022-02-17,estructural,85430
004-22,2022-02-17,estructural,85440
004-22,2022-02-17,estructural,19355
004-22,2022-02-17,estructural,19392
004-22,2022-02-17,estructural,19548
004-22,2022-02-17,estructural,19622
004-22,2022-02-17,estructural,19807
004-22,2022-02-17,estructural,20045
004-22,2022-02-17,estructural,25875
004-22,2022-02-17,estructural,27245
004-22,2022-02-17,estructural,27372
004-22,2022-02-17,estructural,27413
004-22,2022-02-17,estructural,27425
004-22,2022-02-17,estructural,27495
004-22,2022-02-17,estructural,27580
004-22,2022-02-17,estructural,27745
004-22,2022-02-17,estructural,27787
004-22,2022-02-17,estructural,27810
004-22,2022-02-17,estructural,20175
004-22,2022-02-17,estructural,20178
004-22,2022-02-17,estructural,20400
004-22,2022-02-17,estructural,20550
004-22,2022-02-17,estructural,20787
004-22,2022-02-17,estructural,23068
004-22,2022-02-17,estructural,23079
004-22,2022-02-17,estructural,23162
004-22,2022-02-17,estructural,23182
004-22,2022-02-17,estructural,23350
004-22,2022-02-17,estructural,23555
004-22,2022-02-17,estructural,23570
004-22,2022-02-17,estructural,23586
004-22,2022-02-17,estructural,23686
004-22,2022-02-17,estructural,25307
004-22,2022-02-17,estructural,25785
004-22,2022-02-17,estructural,25799
004-22,2022-02-17,estructural,41359
004-22,2022-02-17,estructural,41378
004-22,2022-02-17,estructural,41524
004-22,2022-02-17,estructural,41660
004-22,2022-02-17,estructural,41668
004-22,2022-02-17,estructural,41797
004-22,2022-02-17,estructural,41016
004-22,2022-02-17,estructural,41206
004-22,2022-02-17,estructural,41306
004-22,2022-02-17,estructural,25001
004-22,2022-02-17,estructural,25178
004-22,2022-02-17,estructural,25181
004-22,2022-02-17,estructural,25214
004-22,2022-02-17,estructural,25269
004-22,2022-02-17,estructural,25286
004-22,2022-02-17,estructural,25322
004-22,2022-02-17,estructural,25377
004-22,2022-02-17,estructural,25430
004-22,2022-02-17,estructural,25438
004-22,2022-02-17,estructural,25473
004-22,2022-02-17,estructural,25506
004-22,2022-02-17,estructural,25530
004-22,2022-02-17,estructural,25535
004-22,2022-02-17,estructural,25612
004-22,2022-02-17,estructural,25736
004-22,2022-02-17,estructural,25758
004-22,2022-02-17,estructural,25779
004-22,2022-02-17,estructural,25807
004-22,2022-02-17,estructural,25841
004-22,2022-02-17,estructural,68121
004-22,2022-02-17,estructural,94001
004-22,2022-02-17,estructural,44001
004-22,2022-02-17,estructural,47570
004-22,2022-02-17,estructural,47605
004-22,2022-02-17,estructural,47660
004-22,2022-02-17,estructural,47703
004-22,2022-02-17,estructural,47707
004-22,2022-02-17,estructural,47745
004-22,2022-02-17,estructural,50001
004-22,2022-02-17,estructural,50006
004-22,2022-02-17,estructural,50124
004-22,2022-02-17,estructural,50223
004-22,2022-02-17,estructural,50313
004-22,2022-02-17,estructural,50318
004-22,2022-02-17,estructural,50573
004-22,2022-02-17,estructural,63001
004-22,2022-02-17,estructural,63130
004-22,2022-02-17,estructural,63190
004-22,2022-02-17,estructural,63401
004-22,2022-02-17,estructural,63470
004-22,2022-02-17,estructural,63594
004-22,2022-02-17,estructural,66088
004-22,2022-02-17,estructural,66383
004-22,2022-02-17,estructural,66440
004-22,2022-02-17,estructural,66594
004-22,2022-02-17,estructural,68001
004-22,2022-02-17,estructural,66400
004-22,2022-02-17,estructural,68081
004-22,2022-02-17,estructural,50606
004-22,2022-02-17,estructural,50689
004-22,2022-02-17,estructural,54174
004-22,2022-02-17,estructural,54347
004-22,2022-02-17,estructural,54518
004-22,2022-02-17,estructural,54599
004-22,2022-02-17,estructural,44035
004-22,2022-02-17,estructural,44078
004-22,2022-02-17,estructural,44090
004-22,2022-02-17,estructural,44098
004-22,2022-02-17,estructural,44110
004-22,2022-02-17,estructural,44279
004-22,2022-02-17,estructural,44378
004-22,2022-02-17,estructural,44420
004-22,2022-02-17,estructural,44430
004-22,2022-02-17,estructural,44560
004-22,2022-02-17,estructural,44650
004-22,2022-02-17,estructural,44847
004-22,2022-02-17,estructural,44855
004-22,2022-02-17,estructural,44874
004-22,2022-02-17,estructural,47058
004-22,2022-02-17,estructural,47170
004-22,2022-02-17,estructural,47460
004-22,2022-02-17,estructural,47545
004-22,2022-02-17,estructural,47551
004-22,2022-02-17,estructural,47555
004-22,2022-02-17,estructural,70708
004-22,2022-02-17,estructural,70717
004-22,2022-02-17,estructural,70771
004-22,2022-02-17,estructural,73030
004-22,2022-02-17,estructural,73268
004-22,2022-02-17,estructural,73275
004-22,2022-02-17,estructural,73349
004-22,2022-02-17,estructural,73443
004-22,2022-02-17,estructural,73461
004-22,2022-02-17,estructural,76400
004-22,2022-02-17,estructural,76606
004-22,2022-02-17,estructural,76670
004-22,2022-02-17,estructural,76892
004-22,2022-02-17,estructural,73686
004-22,2022-02-17,estructural,76126
004-22,2022-02-17,estructural,76147
004-22,2022-02-17,estructural,76306
004-22,2022-02-17,estructural,76318
004-22,2022-02-17,estructural,68575
004-22,2022-02-17,estructural,70001
004-22,2022-02-17,estructural,70265
004-22,2022-02-17,estructural,70429
004-22,2022-02-17,estructural,99524
004-22,2022-02-17,estructural,99624
004-22,2022-02-17,estructural,86885
004-22,2022-02-17,estructural,19001
004-22,2022-02-17,estructural,27050
004-22,2022-02-17,estructural,27430
004-22,2022-02-17,estructural,27800
004-22,2022-02-17,estructural,25175
004-22,2022-02-17,estructural,41801
004-22,2022-02-17,estructural,94883
004-22,2022-02-17,estructural,94884
004-22,2022-02-17,estructural,94885
004-22,2022-02-17,estructural,94886
004-22,2022-02-17,estructural,91263
004-22,2022-02-17,estructural,91407
004-22,2022-02-17,estructural,91669
005-22,2022-02-24,estructural,11001
005-22,2022-02-24,estructural,25878
005-22,2022-02-24,estructural,25053
005-22,2022-02-24,estructural,25120
005-22,2022-02-24,estructural,25290
005-22,2022-02-24,estructural,25312
005-22,2022-02-24,estructural,25506
005-22,2022-02-24,estructural,25524
005-22,2022-02-24,estructural,25535
005-22,2022-02-24,estructural,25649
005-22,2022-02-24,estructural,25743
005-22,2022-02-24,estructural,25805
005-22,2022-02-24,estructural,73352
006-22,2022-03-03,inminencia,47660
006-22,2022-03-03,inminencia,47030
007-22,2022-03-04,inminencia,23001
007-22,2022-03-04,inminencia,23162
007-22,2022-03-04,inminencia,23686
008-22,2022-04-19,inminencia,05809
009-22,2022-04-19,inminencia,76497
010-22,2022-04-25,inminencia,20238
011-22,2022-05-02,inminencia,18410
011-22,2022-05-02,inminencia,18256
011-22,2022-05-02,inminencia,18150
011-22,2022-05-02,inminencia,18756
012-22,2022-06-01,inminencia,27745
013-22,2022-06-01,inminencia,05282
013-22,2022-06-01,inminencia,05861
014-22,2022-06-10,estructural,20517
015-22,2022-06-24,estructural,23068
015-22,2022-06-24,estructural,23079
015-22,2022-06-24,estructural,23350
015-22,2022-06-24,estructural,23555
015-22,2022-06-24,estructural,23570
016-22,2022-06-30,estructural,73067
016-22,2022-06-30,estructural,73168
016-22,2022-06-30,estructural,73555
016-22,2022-06-30,estructural,73616
017-22,2022-07-15,inminencia,27075
017-22,2022-07-15,inminencia,27495
018-22,2022-07-15,estructural,19573
019-22,2022-08-17,inminencia,19698
019-22,2022-08-17,inminencia,19110
019-22,2022-08-17,inminencia,19137
020-22,2022-08-18,inminencia,19022
020-22,2022-08-18,inminencia,19785
020-22,2022-08-18,inminencia,19100
021-22,2022-08-19,inminencia,76041
021-22,2022-08-19,inminencia,76147
021-22,2022-08-19,inminencia,76243
022-22,2022-08-29,estructural,19533
022-22,2022-08-29,estructural,52356
022-22,2022-08-29,estructural,86320
022-22,2022-08-29,estructural,86757
022-22,2022-08-29,estructural,86568
022-22,2022-08-29,estructural,86569
022-22,2022-08-29,estructural,86865
022-22,2022-08-29,estructural,86885
023-22,2022-09-02,estructural,05031
023-22,2022-09-02,estructural,05040
023-22,2022-09-02,estructural,05604
023-22,2022-09-02,estructural,05736
023-22,2022-09-02,estructural,05858
024-22,2022-09-06,estructural,97001
024-22,2022-09-06,estructural,97161
025-22,2022-09-12,estructural,41396
025-22,2022-09-12,estructural,41483
025-22,2022-09-12,estructural,41518
026-22,2022-09-12,estructural,54820
027-22,2022-09-30,estructural,05893
027-22,2022-09-30,estructural,68081
027-22,2022-09-30,estructural,68575
027-22,2022-09-30,estructural,68745
028-22,2022-10-18,estructural,88001
028-22,2022-10-18,estructural,88564
029-22,2022-10-27,estructural,08634
029-22,2022-10-27,estructural,08078
029-22,2022-10-27,estructural,08421
029-22,2022-10-27,estructural,08558
029-22,2022-10-27,estructural,08606
030-22,2022-11-15,estructural,52079
030-22,2022-11-15,estructural,52427
030-22,2022-11-15,estructural,52621
031-22,2022-11-29,inminencia,52696
032-22,2022-12-06,estructural,15377
032-22,2022-12-06,estructural,15533
032-22,2022-12-06,estructural,15550
032-22,2022-12-06,estructural,15518
033-22,2022-12-13,estructural,13654
033-22,2022-12-13,estructural,13657
033-22,2022-12-13,estructural,13894
033-22,2022-12-13,estructural,13212
033-22,2022-12-13,estructural,13244
033-22,2022-12-13,estructural,13248
033-22,2022-12-13,estructural,13442
033-22,2022-12-13,estructural,70713
033-22,2022-12-13,estructural,70823
033-22,2022-12-13,estructural,70001
033-22,2022-12-13,estructural,70204
033-22,2022-12-13,estructural,70230
033-22,2022-12-13,estructural,70418
033-22,2022-12-13,estructural,70473
033-22,2022-12-13,estructural,70508
033-22,2022-12-13,estructural,70523
034-22,2022-12-26,estructural,27025
034-22,2022-12-26,estructural,27077
034-22,2022-12-26,estructural,27430
001-23,2023-02-01,estructural,66170
002-23,2023-02-04,estructural,73030
002-23,2023-02-04,estructural,73055
002-23,2023-02-04,estructural,73349
002-23,2023-02-04,estructural,73443
002-23,2023-02-04,estructural,73408
003-23,2023-02-09,estructural,94883
003-23,2023-02-09,estructural,94884
003-23,2023-02-09,estructural,94885
003-23,2023-02-09,estructural,94886
003-23,2023-02-09,estructural,94001
004-23,2023-02-16,estructural,50223
004-23,2023-02-16,estructural,50251
004-23,2023-02-16,estructural,50400
005-23,2023-02-22,estructural,19821
006-23,2023-02-27,inminencia,54385
007-23,2023-03-02,inminencia,19130
008-23,2023-03-07,estructural,19533
008-23,2023-03-07,estructural,52079
008-23,2023-03-07,estructural,52227
008-23,2023-03-07,estructural,52356
008-23,2023-03-07,estructural,52612
008-23,2023-03-07,estructural,52835
008-23,2023-03-07,estructural,86320
008-23,2023-03-07,estructural,86757
008-23,2023-03-07,estructural,86568
008-23,2023-03-07,estructural,86569
008-23,2023-03-07,estructural,86865
008-23,2023-03-07,estructural,86885
009-23,2023-03-09,estructural,54720
009-23,2023-03-09,estructural,54109
009-23,2023-03-09,estructural,54261
010-23,2023-03-13,inminencia,41799
010-23,2023-03-13,inminencia,41001
010-23,2023-03-13,inminencia,41078
011-23,2023-03-30,estructural,81001
011-23,2023-03-30,estructural,81065
011-23,2023-03-30,estructural,81300
011-23,2023-03-30,estructural,81736
011-23,2023-03-30,estructural,81794
012-23,2023-03-30,inminencia,95001
012-23,2023-03-30,inminencia,95015
012-23,2023-03-30,inminencia,95025
012-23,2023-03-30,inminencia,95200
013-23,2023-04-03,estructural,27073
014-23,2023-04-11,estructural,05490
014-23,2023-04-11,estructural,05837
014-23,2023-04-11,estructural,27006
014-23,2023-04-11,estructural,27372
014-23,2023-04-11,estructural,27800
015-23,2023-05-03,estructural,99524
016-23,2023-05-03,inminencia,20013
017-23,2023-05-11,inminencia,91407
017-23,2023-05-11,inminencia,91430
017-23,2023-05-11,inminencia,91460
017-23,2023-05-11,inminencia,91669
017-23,2023-05-11,inminencia,97666
018-23,2023-05-18,inminencia,18753
019-23,2023-05-19,estructural,05031
019-23,2023-05-19,estructural,05038
019-23,2023-05-19,estructural,05040
019-23,2023-05-19,estructural,05055
019-23,2023-05-19,estructural,05107
019-23,2023-05-19,estructural,05120
019-23,2023-05-19,estructural,05134
019-23,2023-05-19,estructural,05142
019-23,2023-05-19,estructural,05148
019-23,2023-05-19,estructural,05154
019-23,2023-05-19,estructural,05425
019-23,2023-05-19,estructural,05579
019-23,2023-05-19,estructural,05585
019-23,2023-05-19,estructural,05893
019-23,2023-05-19,estructural,27001
019-23,2023-05-19,estructural,27006
019-23,2023-05-19,estructural,27025
019-23,2023-05-19,estructural,27050
019-23,2023-05-19,estructural,27073
019-23,2023-05-19,estructural,27075
019-23,2023-05-19,estructural,27077
019-23,2023-05-19,estructural,27099
019-23,2023-05-19,estructural,27135
019-23,2023-05-19,estructural,27150
019-23,2023-05-19,estructural,27160
019-23,2023-05-19,estructural,27205
019-23,2023-05-19,estructural,27245
019-23,2023-05-19,estructural,27361
019-23,2023-05-19,estructural,27372
019-23,2023-05-19,estructural,27413
019-23,2023-05-19,estructural,27425
019-23,2023-05-19,estructural,27430
019-23,2023-05-19,estructural,27450
019-23,2023-05-19,estructural,27491
019-23,2023-05-19,estructural,27495
019-23,2023-05-19,estructural,27580
019-23,2023-05-19,estructural,27600
019-23,2023-05-19,estructural,27615
019-23,2023-05-19,estructural,27660
019-23,2023-05-19,estructural,27745
019-23,2023-05-19,estructural,27787
019-23,2023-05-19,estructural,27800
019-23,2023-05-19,estructural,27810
019-23,2023-05-19,estructural,23001
019-23,2023-05-19,estructural,23068
019-23,2023-05-19,estructural,23079
019-23,2023-05-19,estructural,23090
019-23,2023-05-19,estructural,23162
019-23,2023-05-19,estructural,23168
019-23,2023-05-19,estructural,23182
019-23,2023-05-19,estructural,23189
019-23,2023-05-19,estructural,23300
019-23,2023-05-19,estructural,23350
019-23,2023-05-19,estructural,23417
019-23,2023-05-19,estructural,23419
019-23,2023-05-19,estructural,23464
019-23,2023-05-19,estructural,23466
019-23,2023-05-19,estructural,23500
019-23,2023-05-19,estructural,23555
019-23,2023-05-19,estructural,23570
019-23,2023-05-19,estructural,23574
019-23,2023-05-19,estructural,23580
019-23,2023-05-19,estructural,23586
019-23,2023-05-19,estructural,23660
019-23,2023-05-19,estructural,23670
019-23,2023-05-19,estructural,23672
019-23,2023-05-19,estructural,23675
019-23,2023-05-19,estructural,23678
019-23,2023-05-19,estructural,23682
019-23,2023-05-19,estructural,23686
019-23,2023-05-19,estructural,23807
019-23,2023-05-19,estructural,23815
019-23,2023-05-19,estructural,23855
019-23,2023-05-19,estructural,91540
019-23,2023-05-19,estructural,91001
019-23,2023-05-19,estructural,05001
019-23,2023-05-19,estructural,05004
019-23,2023-05-19,estructural,05030
019-23,2023-05-19,estructural,05034
019-23,2023-05-19,estructural,05036
019-23,2023-05-19,estructural,05045
019-23,2023-05-19,estructural,05051
019-23,2023-05-19,estructural,05088
019-23,2023-05-19,estructural,05091
019-23,2023-05-19,estructural,05093
019-23,2023-05-19,estructural,05101
019-23,2023-05-19,estructural,05113
019-23,2023-05-19,estructural,05125
019-23,2023-05-19,estructural,05138
019-23,2023-05-19,estructural,05147
019-23,2023-05-19,estructural,05172
019-23,2023-05-19,estructural,05209
019-23,2023-05-19,estructural,05234
019-23,2023-05-19,estructural,05240
019-23,2023-05-19,estructural,05250
019-23,2023-05-19,estructural,05282
019-23,2023-05-19,estructural,05284
019-23,2023-05-19,estructural,05306
019-23,2023-05-19,estructural,05347
019-23,2023-05-19,estructural,05353
019-23,2023-05-19,estructural,05361
019-23,2023-05-19,estructural,05364
019-23,2023-05-19,estructural,05368
019-23,2023-05-19,estructural,05390
019-23,2023-05-19,estructural,05411
019-23,2023-05-19,estructural,05467
019-23,2023-05-19,estructural,05475
019-23,2023-05-19,estructural,05480
019-23,2023-05-19,estructural,05483
019-23,2023-05-19,estructural,05490
019-23,2023-05-19,estructural,05495
019-23,2023-05-19,estructural,05604
019-23,2023-05-19,estructural,05615
019-23,2023-05-19,estructural,05647
019-23,2023-05-19,estructural,05670
019-23,2023-05-19,estructural,05736
019-23,2023-05-19,estructural,05756
019-23,2023-05-19,estructural,05790
019-23,2023-05-19,estructural,05819
019-23,2023-05-19,estructural,05854
019-23,2023-05-19,estructural,05858
019-23,2023-05-19,estructural,05873
019-23,2023-05-19,estructural,05887
019-23,2023-05-19,estructural,05895
019-23,2023-05-19,estructural,05042
019-23,2023-05-19,estructural,05501
019-23,2023-05-19,estructural,05576
019-23,2023-05-19,estructural,05628
019-23,2023-05-19,estructural,05642
019-23,2023-05-19,estructural,05543
019-23,2023-05-19,estructural,05652
019-23,2023-05-19,estructural,05656
019-23,2023-05-19,estructural,05659
019-23,2023-05-19,estructural,05665
019-23,2023-05-19,estructural,05679
019-23,2023-05-19,estructural,05761
019-23,2023-05-19,estructural,05789
019-23,2023-05-19,estructural,05792
019-23,2023-05-19,estructural,05809
019-23,2023-05-19,estructural,05837
019-23,2023-05-19,estructural,05842
019-23,2023-05-19,estructural,05847
019-23,2023-05-19,estructural,05856
019-23,2023-05-19,estructural,05861
019-23,2023-05-19,estructural,18001
019-23,2023-05-19,estructural,18029
019-23,2023-05-19,estructural,18094
019-23,2023-05-19,estructural,18205
019-23,2023-05-19,estructural,18247
019-23,2023-05-19,estructural,18256
019-23,2023-05-19,estructural,19256
019-23,2023-05-19,estructural,19022
019-23,2023-05-19,estructural,19290
019-23,2023-05-19,estructural,19300
019-23,2023-05-19,estructural,19318
019-23,2023-05-19,estructural,19355
019-23,2023-05-19,estructural,19364
019-23,2023-05-19,estructural,19392
019-23,2023-05-19,estructural,19397
019-23,2023-05-19,estructural,19418
019-23,2023-05-19,estructural,19450
019-23,2023-05-19,estructural,19455
019-23,2023-05-19,estructural,19473
019-23,2023-05-19,estructural,19513
019-23,2023-05-19,estructural,19517
019-23,2023-05-19,estructural,19532
019-23,2023-05-19,estructural,19533
019-23,2023-05-19,estructural,19548
019-23,2023-05-19,estructural,19573
019-23,2023-05-19,estructural,19585
019-23,2023-05-19,estructural,19622
019-23,2023-05-19,estructural,19693
019-23,2023-05-19,estructural,19698
019-23,2023-05-19,estructural,19701
019-23,2023-05-19,estructural,19743
019-23,2023-05-19,estructural,19760
019-23,2023-05-19,estructural,19780
019-23,2023-05-19,estructural,19785
019-23,2023-05-19,estructural,19807
019-23,2023-05-19,estructural,19809
019-23,2023-05-19,estructural,19821
019-23,2023-05-19,estructural,19824
019-23,2023-05-19,estructural,19845
019-23,2023-05-19,estructural,18150
019-23,2023-05-19,estructural,18410
019-23,2023-05-19,estructural,18460
019-23,2023-05-19,estructural,18479
019-23,2023-05-19,estructural,18592
019-23,2023-05-19,estructural,18610
019-23,2023-05-19,estructural,18753
019-23,2023-05-19,estructural,18756
019-23,2023-05-19,estructural,18785
019-23,2023-05-19,estructural,18860
019-23,2023-05-19,estructural,19001
019-23,2023-05-19,estructural,19050
019-23,2023-05-19,estructural,19075
019-23,2023-05-19,estructural,19100
019-23,2023-05-19,estructural,19110
019-23,2023-05-19,estructural,19130
019-23,2023-05-19,estructural,19137
019-23,2023-05-19,estructural,19142
019-23,2023-05-19,estructural,19212
019-23,2023-05-19,estructural,95001
019-23,2023-05-19,estructural,95015
019-23,2023-05-19,estructural,95025
019-23,2023-05-19,estructural,95200
019-23,2023-05-19,estructural,94001
019-23,2023-05-19,estructural,94343
019-23,2023-05-19,estructural,08634
019-23,2023-05-19,estructural,08770
019-23,2023-05-19,estructural,13042
019-23,2023-05-19,estructural,13052
019-23,2023-05-19,estructural,13062
019-23,2023-05-19,estructural,08001
019-23,2023-05-19,estructural,08078
019-23,2023-05-19,estructural,08137
019-23,2023-05-19,estructural,08141
019-23,2023-05-19,estructural,08296
019-23,2023-05-19,estructural,08372
019-23,2023-05-19,estructural,08421
019-23,2023-05-19,estructural,08433
019-23,2023-05-19,estructural,08436
019-23,2023-05-19,estructural,08520
019-23,2023-05-19,estructural,08549
019-23,2023-05-19,estructural,08558
019-23,2023-05-19,estructural,08560
019-23,2023-05-19,estructural,08573
019-23,2023-05-19,estructural,08606
019-23,2023-05-19,estructural,08638
019-23,2023-05-19,estructural,08675
019-23,2023-05-19,estructural,08685
019-23,2023-05-19,estructural,08758
019-23,2023-05-19,estructural,08832
019-23,2023-05-19,estructural,08849
019-23,2023-05-19,estructural,11001
019-23,2023-05-19,estructural,13001
019-23,2023-05-19,estructural,13006
019-23,2023-05-19,estructural,13030
019-23,2023-05-19,estructural,13600
019-23,2023-05-19,estructural,13650
019-23,2023-05-19,estructural,13654
019-23,2023-05-19,estructural,13655
019-23,2023-05-19,estructural,13657
019-23,2023-05-19,estructural,13667
019-23,2023-05-19,estructural,13670
019-23,2023-05-19,estructural,13683
019-23,2023-05-19,estructural,13688
019-23,2023-05-19,estructural,13744
019-23,2023-05-19,estructural,13810
019-23,2023-05-19,estructural,13836
019-23,2023-05-19,estructural,13873
019-23,2023-05-19,estructural,13894
019-23,2023-05-19,estructural,13140
019-23,2023-05-19,estructural,13160
019-23,2023-05-19,estructural,13212
019-23,2023-05-19,estructural,13222
019-23,2023-05-19,estructural,13244
019-23,2023-05-19,estructural,13248
019-23,2023-05-19,estructural,13268
019-23,2023-05-19,estructural,13300
019-23,2023-05-19,estructural,13430
019-23,2023-05-19,estructural,13433
019-23,2023-05-19,estructural,13440
019-23,2023-05-19,estructural,13442
019-23,2023-05-19,estructural,13458
019-23,2023-05-19,estructural,13468
019-23,2023-05-19,estructural,13473
019-23,2023-05-19,estructural,13490
019-23,2023-05-19,estructural,13549
019-23,2023-05-19,estructural,13580
019-23,2023-05-19,estructural,13074
019-23,2023-05-19,estructural,81001
019-23,2023-05-19,estructural,81065
019-23,2023-05-19,estructural,81220
019-23,2023-05-19,estructural,81300
019-23,2023-05-19,estructural,81591
019-23,2023-05-19,estructural,81736
019-23,2023-05-19,estructural,81794
019-23,2023-05-19,estructural,88001
019-23,2023-05-19,estructural,88564
019-23,2023-05-19,estructural,05129
019-23,2023-05-19,estructural,15001
019-23,2023-05-19,estructural,15022
019-23,2023-05-19,estructural,15839
019-23,2023-05-19,estructural,15842
019-23,2023-05-19,estructural,15798
019-23,2023-05-19,estructural,15106
019-23,2023-05-19,estructural,15109
019-23,2023-05-19,estructural,15176
019-23,2023-05-19,estructural,15180
019-23,2023-05-19,estructural,15183
019-23,2023-05-19,estructural,15212
019-23,2023-05-19,estructural,15223
019-23,2023-05-19,estructural,15236
019-23,2023-05-19,estructural,15238
019-23,2023-05-19,estructural,15244
019-23,2023-05-19,estructural,15248
019-23,2023-05-19,estructural,15296
019-23,2023-05-19,estructural,15322
019-23,2023-05-19,estructural,15325
019-23,2023-05-19,estructural,15332
019-23,2023-05-19,estructural,15368
019-23,2023-05-19,estructural,15377
019-23,2023-05-19,estructural,15380
019-23,2023-05-19,estructural,15401
019-23,2023-05-19,estructural,15407
019-23,2023-05-19,estructural,15442
019-23,2023-05-19,estructural,15464
019-23,2023-05-19,estructural,15480
019-23,2023-05-19,estructural,15507
019-23,2023-05-19,estructural,15516
019-23,2023-05-19,estructural,15522
019-23,2023-05-19,estructural,15531
019-23,2023-05-19,estructural,15533
019-23,2023-05-19,estructural,15550
019-23,2023-05-19,estructural,15580
019-23,2023-05-19,estructural,15632
019-23,2023-05-19,estructural,15638
019-23,2023-05-19,estructural,15664
019-23,2023-05-19,estructural,15667
019-23,2023-05-19,estructural,15676
019-23,2023-05-19,estructural,15681
019-23,2023-05-19,estructural,15686
019-23,2023-05-19,estructural,15690
019-23,2023-05-19,estructural,15518
019-23,2023-05-19,estructural,15755
019-23,2023-05-19,estructural,15757
019-23,2023-05-19,estructural,15759
019-23,2023-05-19,estructural,15761
019-23,2023-05-19,estructural,15774
019-23,2023-05-19,estructural,15776
019-23,2023-05-19,estructural,15778
019-23,2023-05-19,estructural,15790
019-23,2023-05-19,estructural,15820
019-23,2023-05-19,estructural,15832
019-23,2023-05-19,estructural,15835
019-23,2023-05-19,estructural,17001
019-23,2023-05-19,estructural,17013
019-23,2023-05-19,estructural,17088
019-23,2023-05-19,estructural,17174
019-23,2023-05-19,estructural,17380
019-23,2023-05-19,estructural,17444
019-23,2023-05-19,estructural,17495
019-23,2023-05-19,estructural,17541
019-23,2023-05-19,estructural,17614
019-23,2023-05-19,estructural,17662
019-23,2023-05-19,estructural,17777
019-23,2023-05-19,estructural,17867
019-23,2023-05-19,estructural,85001
019-23,2023-05-19,estructural,85010
019-23,2023-05-19,estructural,85015
019-23,2023-05-19,estructural,85125
019-23,2023-05-19,estructural,85136
019-23,2023-05-19,estructural,85139
019-23,2023-05-19,estructural,85162
019-23,2023-05-19,estructural,85225
019-23,2023-05-19,estructural,85230
019-23,2023-05-19,estructural,85250
019-23,2023-05-19,estructural,85263
019-23,2023-05-19,estructural,85279
019-23,2023-05-19,estructural,85300
019-23,2023-05-19,estructural,85315
019-23,2023-05-19,estructural,85325
019-23,2023-05-19,estructural,85400
019-23,2023-05-19,estructural,85410
019-23,2023-05-19,estructural,85430
019-23,2023-05-19,estructural,85440
019-23,2023-05-19,estructural,94663
019-23,2023-05-19,estructural,94883
019-23,2023-05-19,estructural,94884
019-23,2023-05-19,estructural,94885
019-23,2023-05-19,estructural,94886
019-23,2023-05-19,estructural,94887
019-23,2023-05-19,estructural,94888
019-23,2023-05-19,estructural,91263
019-23,2023-05-19,estructural,91405
019-23,2023-05-19,estructural,91407
019-23,2023-05-19,estructural,91430
019-23,2023-05-19,estructural,91460
019-23,2023-05-19,estructural,91530
019-23,2023-05-19,estructural,91536
019-23,2023-05-19,estructural,91669
019-23,2023-05-19,estructural,91798
019-23,2023-05-19,estructural,20001
019-23,2023-05-19,estructural,20011
019-23,2023-05-19,estructural,20013
019-23,2023-05-19,estructural,20032
019-23,2023-05-19,estructural,20045
019-23,2023-05-19,estructural,20060
019-23,2023-05-19,estructural,20175
019-23,2023-05-19,estructural,20178
019-23,2023-05-19,estructural,20228
019-23,2023-05-19,estructural,20238
019-23,2023-05-19,estructural,20250
019-23,2023-05-19,estructural,20295
019-23,2023-05-19,estructural,20383
019-23,2023-05-19,estructural,20400
019-23,2023-05-19,estructural,20443
019-23,2023-05-19,estructural,20517
019-23,2023-05-19,estructural,20550
019-23,2023-05-19,estructural,20570
019-23,2023-05-19,estructural,20621
019-23,2023-05-19,estructural,20710
019-23,2023-05-19,estructural,20750
019-23,2023-05-19,estructural,20770
019-23,2023-05-19,estructural,20787
019-23,2023-05-19,estructural,25875
019-23,2023-05-19,estructural,25878
019-23,2023-05-19,estructural,25885
019-23,2023-05-19,estructural,25053
019-23,2023-05-19,estructural,25120
019-23,2023-05-19,estructural,25168
019-23,2023-05-19,estructural,25269
019-23,2023-05-19,estructural,25286
019-23,2023-05-19,estructural,25290
019-23,2023-05-19,estructural,25307
019-23,2023-05-19,estructural,25320
019-23,2023-05-19,estructural,25402
019-23,2023-05-19,estructural,25430
019-23,2023-05-19,estructural,25438
019-23,2023-05-19,estructural,25473
019-23,2023-05-19,estructural,25513
019-23,2023-05-19,estructural,25530
019-23,2023-05-19,estructural,25535
019-23,2023-05-19,estructural,25754
019-23,2023-05-19,estructural,25781
019-23,2023-05-19,estructural,44001
019-23,2023-05-19,estructural,47570
019-23,2023-05-19,estructural,47605
019-23,2023-05-19,estructural,47660
019-23,2023-05-19,estructural,47675
019-23,2023-05-19,estructural,47692
019-23,2023-05-19,estructural,47703
019-23,2023-05-19,estructural,47707
019-23,2023-05-19,estructural,47720
019-23,2023-05-19,estructural,47745
019-23,2023-05-19,estructural,47798
019-23,2023-05-19,estructural,47960
019-23,2023-05-19,estructural,47980
019-23,2023-05-19,estructural,44035
019-23,2023-05-19,estructural,44078
019-23,2023-05-19,estructural,44090
019-23,2023-05-19,estructural,44098
019-23,2023-05-19,estructural,44110
019-23,2023-05-19,estructural,44279
019-23,2023-05-19,estructural,44378
019-23,2023-05-19,estructural,44420
019-23,2023-05-19,estructural,44430
019-23,2023-05-19,estructural,44560
019-23,2023-05-19,estructural,44650
019-23,2023-05-19,estructural,44847
019-23,2023-05-19,estructural,44855
019-23,2023-05-19,estructural,44874
019-23,2023-05-19,estructural,47001
019-23,2023-05-19,estructural,47030
019-23,2023-05-19,estructural,47053
019-23,2023-05-19,estructural,47058
019-23,2023-05-19,estructural,47161
019-23,2023-05-19,estructural,47170
019-23,2023-05-19,estructural,47189
019-23,2023-05-19,estructural,47205
019-23,2023-05-19,estructural,47245
019-23,2023-05-19,estructural,47258
019-23,2023-05-19,estructural,47268
019-23,2023-05-19,estructural,47288
019-23,2023-05-19,estructural,47318
019-23,2023-05-19,estructural,47460
019-23,2023-05-19,estructural,47541
019-23,2023-05-19,estructural,47545
019-23,2023-05-19,estructural,47551
019-23,2023-05-19,estructural,47555
019-23,2023-05-19,estructural,86320
019-23,2023-05-19,estructural,86749
019-23,2023-05-19,estructural,86757
019-23,2023-05-19,estructural,99001
019-23,2023-05-19,estructural,99524
019-23,2023-05-19,estructural,99624
019-23,2023-05-19,estructural,99773
019-23,2023-05-19,estructural,86001
019-23,2023-05-19,estructural,86219
019-23,2023-05-19,estructural,86568
019-23,2023-05-19,estructural,86569
019-23,2023-05-19,estructural,86571
019-23,2023-05-19,estructural,86573
019-23,2023-05-19,estructural,86755
019-23,2023-05-19,estructural,86760
019-23,2023-05-19,estructural,86865
019-23,2023-05-19,estructural,86885
019-23,2023-05-19,estructural,41357
019-23,2023-05-19,estructural,41359
019-23,2023-05-19,estructural,41020
019-23,2023-05-19,estructural,41378
019-23,2023-05-19,estructural,41396
019-23,2023-05-19,estructural,41483
019-23,2023-05-19,estructural,41518
019-23,2023-05-19,estructural,41524
019-23,2023-05-19,estructural,41530
019-23,2023-05-19,estructural,41548
019-23,2023-05-19,estructural,41551
019-23,2023-05-19,estructural,41615
019-23,2023-05-19,estructural,41660
019-23,2023-05-19,estructural,41668
019-23,2023-05-19,estructural,41676
019-23,2023-05-19,estructural,41770
019-23,2023-05-19,estructural,41791
019-23,2023-05-19,estructural,41797
019-23,2023-05-19,estructural,41799
019-23,2023-05-19,estructural,41801
019-23,2023-05-19,estructural,41807
019-23,2023-05-19,estructural,41872
019-23,2023-05-19,estructural,41885
019-23,2023-05-19,estructural,41001
019-23,2023-05-19,estructural,41006
019-23,2023-05-19,estructural,41013
019-23,2023-05-19,estructural,41016
019-23,2023-05-19,estructural,41026
019-23,2023-05-19,estructural,41078
019-23,2023-05-19,estructural,41132
019-23,2023-05-19,estructural,41206
019-23,2023-05-19,estructural,41244
019-23,2023-05-19,estructural,41298
019-23,2023-05-19,estructural,41306
019-23,2023-05-19,estructural,41319
019-23,2023-05-19,estructural,41349
019-23,2023-05-19,estructural,41503
019-23,2023-05-19,estructural,50001
019-23,2023-05-19,estructural,50006
019-23,2023-05-19,estructural,50110
019-23,2023-05-19,estructural,50124
019-23,2023-05-19,estructural,50226
019-23,2023-05-19,estructural,50251
019-23,2023-05-19,estructural,50313
019-23,2023-05-19,estructural,50318
019-23,2023-05-19,estructural,50325
019-23,2023-05-19,estructural,50330
019-23,2023-05-19,estructural,50350
019-23,2023-05-19,estructural,50370
019-23,2023-05-19,estructural,50400
019-23,2023-05-19,estructural,50450
019-23,2023-05-19,estructural,50568
019-23,2023-05-19,estructural,50573
019-23,2023-05-19,estructural,50577
019-23,2023-05-19,estructural,50590
019-23,2023-05-19,estructural,50606
019-23,2023-05-19,estructural,50683
019-23,2023-05-19,estructural,50689
019-23,2023-05-19,estructural,50711
019-23,2023-05-19,estructural,54670
019-23,2023-05-19,estructural,54680
019-23,2023-05-19,estructural,54720
019-23,2023-05-19,estructural,54743
019-23,2023-05-19,estructural,54800
019-23,2023-05-19,estructural,54398
019-23,2023-05-19,estructural,54810
019-23,2023-05-19,estructural,54820
019-23,2023-05-19,estructural,54874
019-23,2023-05-19,estructural,52036
019-23,2023-05-19,estructural,52079
019-23,2023-05-19,estructural,52203
019-23,2023-05-19,estructural,52215
019-23,2023-05-19,estructural,52227
019-23,2023-05-19,estructural,52233
019-23,2023-05-19,estructural,52250
019-23,2023-05-19,estructural,52256
019-23,2023-05-19,estructural,52258
019-23,2023-05-19,estructural,52260
019-23,2023-05-19,estructural,52320
019-23,2023-05-19,estructural,52356
019-23,2023-05-19,estructural,52378
019-23,2023-05-19,estructural,52385
019-23,2023-05-19,estructural,52390
019-23,2023-05-19,estructural,52399
019-23,2023-05-19,estructural,52405
019-23,2023-05-19,estructural,52411
019-23,2023-05-19,estructural,52418
019-23,2023-05-19,estructural,52427
019-23,2023-05-19,estructural,52435
019-23,2023-05-19,estructural,52473
019-23,2023-05-19,estructural,52490
019-23,2023-05-19,estructural,52520
019-23,2023-05-19,estructural,52540
019-23,2023-05-19,estructural,52565
019-23,2023-05-19,estructural,52573
019-23,2023-05-19,estructural,52612
019-23,2023-05-19,estructural,52621
019-23,2023-05-19,estructural,52678
019-23,2023-05-19,estructural,52683
019-23,2023-05-19,estructural,52693
019-23,2023-05-19,estructural,52696
019-23,2023-05-19,estructural,52699
019-23,2023-05-19,estructural,52786
019-23,2023-05-19,estructural,52835
019-23,2023-05-19,estructural,52838
019-23,2023-05-19,estructural,54001
019-23,2023-05-19,estructural,54003
019-23,2023-05-19,estructural,54051
019-23,2023-05-19,estructural,54109
019-23,2023-05-19,estructural,54172
019-23,2023-05-19,estructural,54174
019-23,2023-05-19,estructural,54206
019-23,2023-05-19,estructural,54245
019-23,2023-05-19,estructural,54250
019-23,2023-05-19,estructural,54261
019-23,2023-05-19,estructural,54344
019-23,2023-05-19,estructural,54347
019-23,2023-05-19,estructural,54385
019-23,2023-05-19,estructural,54405
019-23,2023-05-19,estructural,54498
019-23,2023-05-19,estructural,54518
019-23,2023-05-19,estructural,54520
019-23,2023-05-19,estructural,54553
019-23,2023-05-19,estructural,54599
019-23,2023-05-19,estructural,54660
019-23,2023-05-19,estructural,63001
019-23,2023-05-19,estructural,63111
019-23,2023-05-19,estructural,63130
019-23,2023-05-19,estructural,63190
019-23,2023-05-19,estructural,63272
019-23,2023-05-19,estructural,63302
019-23,2023-05-19,estructural,63401
019-23,2023-05-19,estructural,63470
019-23,2023-05-19,estructural,63548
019-23,2023-05-19,estructural,63594
019-23,2023-05-19,estructural,63690
019-23,2023-05-19,estructural,66001
019-23,2023-05-19,estructural,66045
019-23,2023-05-19,estructural,66075
019-23,2023-05-19,estructural,66088
019-23,2023-05-19,estructural,66170
019-23,2023-05-19,estructural,66318
019-23,2023-05-19,estructural,66383
019-23,2023-05-19,estructural,66440
019-23,2023-05-19,estructural,66456
019-23,2023-05-19,estructural,66572
019-23,2023-05-19,estructural,66594
019-23,2023-05-19,estructural,66682
019-23,2023-05-19,estructural,66687
019-23,2023-05-19,estructural,68001
019-23,2023-05-19,estructural,66400
019-23,2023-05-19,estructural,68255
019-23,2023-05-19,estructural,68264
019-23,2023-05-19,estructural,68276
019-23,2023-05-19,estructural,68298
019-23,2023-05-19,estructural,68307
019-23,2023-05-19,estructural,68385
019-23,2023-05-19,estructural,63212
019-23,2023-05-19,estructural,68081
019-23,2023-05-19,estructural,68147
019-23,2023-05-19,estructural,68152
019-23,2023-05-19,estructural,68162
019-23,2023-05-19,estructural,68190
019-23,2023-05-19,estructural,68207
019-23,2023-05-19,estructural,68217
019-23,2023-05-19,estructural,70708
019-23,2023-05-19,estructural,70713
019-23,2023-05-19,estructural,70717
019-23,2023-05-19,estructural,70771
019-23,2023-05-19,estructural,70820
019-23,2023-05-19,estructural,70823
019-23,2023-05-19,estructural,68406
019-23,2023-05-19,estructural,68425
019-23,2023-05-19,estructural,68432
019-23,2023-05-19,estructural,68464
019-23,2023-05-19,estructural,68502
019-23,2023-05-19,estructural,68547
019-23,2023-05-19,estructural,68575
019-23,2023-05-19,estructural,68615
019-23,2023-05-19,estructural,68655
019-23,2023-05-19,estructural,68682
019-23,2023-05-19,estructural,68745
019-23,2023-05-19,estructural,70001
019-23,2023-05-19,estructural,70204
019-23,2023-05-19,estructural,70215
019-23,2023-05-19,estructural,70221
019-23,2023-05-19,estructural,70230
019-23,2023-05-19,estructural,70235
019-23,2023-05-19,estructural,70265
019-23,2023-05-19,estructural,70418
019-23,2023-05-19,estructural,70429
019-23,2023-05-19,estructural,70473
019-23,2023-05-19,estructural,70508
019-23,2023-05-19,estructural,70523
019-23,2023-05-19,estructural,70670
019-23,2023-05-19,estructural,70678
019-23,2023-05-19,estructural,70702
019-23,2023-05-19,estructural,73001
019-23,2023-05-19,estructural,73030
019-23,2023-05-19,estructural,73055
019-23,2023-05-19,estructural,73067
019-23,2023-05-19,estructural,73168
019-23,2023-05-19,estructural,73217
019-23,2023-05-19,estructural,73268
019-23,2023-05-19,estructural,73270
019-23,2023-05-19,estructural,73275
019-23,2023-05-19,estructural,73349
019-23,2023-05-19,estructural,73352
019-23,2023-05-19,estructural,73411
019-23,2023-05-19,estructural,73443
019-23,2023-05-19,estructural,73483
019-23,2023-05-19,estructural,73408
019-23,2023-05-19,estructural,73555
019-23,2023-05-19,estructural,73616
019-23,2023-05-19,estructural,73622
019-23,2023-05-19,estructural,97001
019-23,2023-05-19,estructural,97161
019-23,2023-05-19,estructural,97666
019-23,2023-05-19,estructural,76520
019-23,2023-05-19,estructural,76563
019-23,2023-05-19,estructural,76670
019-23,2023-05-19,estructural,76248
019-23,2023-05-19,estructural,76834
019-23,2023-05-19,estructural,76892
019-23,2023-05-19,estructural,76001
019-23,2023-05-19,estructural,76109
019-23,2023-05-19,estructural,76111
019-23,2023-05-19,estructural,76130
019-23,2023-05-19,estructural,76147
019-23,2023-05-19,estructural,76233
019-23,2023-05-19,estructural,76275
019-23,2023-05-19,estructural,76306
019-23,2023-05-19,estructural,76318
019-23,2023-05-19,estructural,76364
020-23,2023-05-29,inminencia,27580
021-23,2023-05-31,inminencia,13650
021-23,2023-05-31,inminencia,13300
021-23,2023-05-31,inminencia,13440
021-23,2023-05-31,inminencia,13468
022-23,2023-06-09,estructural,08001
022-23,2023-06-09,estructural,08296
022-23,2023-06-09,estructural,08433
022-23,2023-06-09,estructural,08573
022-23,2023-06-09,estructural,08758
023-23,2023-06-15,estructural,85001
023-23,2023-06-15,estructural,85010
024-23,2023-06-15,inminencia,19743
025-23,2023-06-21,inminencia,44001
025-23,2023-06-21,inminencia,44090
026-23,2023-06-29,estructural,54003
027-23,2023-07-06,inminencia,52385
027-23,2023-07-06,inminencia,52418
028-23,2023-08-23,inminencia,68615
029-23,2023-08-23,inminencia,18592
030-23,2023-08-23,estructural,05001
030-23,2023-08-23,estructural,05004
030-23,2023-08-23,estructural,05031
030-23,2023-08-23,estructural,05034
030-23,2023-08-23,estructural,05038
030-23,2023-08-23,estructural,05040
030-23,2023-08-23,estructural,05042
030-23,2023-08-23,estructural,05044
030-23,2023-08-23,estructural,05045
030-23,2023-08-23,estructural,05051
030-23,2023-08-23,estructural,05055
030-23,2023-08-23,estructural,05059
030-23,2023-08-23,estructural,05079
030-23,2023-08-23,estructural,05088
030-23,2023-08-23,estructural,05091
030-23,2023-08-23,estructural,05101
030-23,2023-08-23,estructural,05107
030-23,2023-08-23,estructural,05113
030-23,2023-08-23,estructural,05120
030-23,2023-08-23,estructural,05125
030-23,2023-08-23,estructural,05134
030-23,2023-08-23,estructural,05138
030-23,2023-08-23,estructural,05142
030-23,2023-08-23,estructural,05147
030-23,2023-08-23,estructural,05148
030-23,2023-08-23,estructural,05154
030-23,2023-08-23,estructural,05172
030-23,2023-08-23,estructural,05234
030-23,2023-08-23,estructural,05240
030-23,2023-08-23,estructural,05250
030-23,2023-08-23,estructural,05284
030-23,2023-08-23,estructural,05306
030-23,2023-08-23,estructural,05315
030-23,2023-08-23,estructural,05347
030-23,2023-08-23,estructural,05353
030-23,2023-08-23,estructural,05361
030-23,2023-08-23,estructural,05364
030-23,2023-08-23,estructural,05411
030-23,2023-08-23,estructural,05425
030-23,2023-08-23,estructural,05475
030-23,2023-08-23,estructural,05480
030-23,2023-08-23,estructural,05483
030-23,2023-08-23,estructural,05490
030-23,2023-08-23,estructural,05495
030-23,2023-08-23,estructural,05501
030-23,2023-08-23,estructural,05579
030-23,2023-08-23,estructural,05585
030-23,2023-08-23,estructural,05604
030-23,2023-08-23,estructural,05628
030-23,2023-08-23,estructural,05642
030-23,2023-08-23,estructural,05647
030-23,2023-08-23,estructural,05543
030-23,2023-08-23,estructural,05656
030-23,2023-08-23,estructural,05659
030-23,2023-08-23,estructural,05670
030-23,2023-08-23,estructural,05736
030-23,2023-08-23,estructural,05756
030-23,2023-08-23,estructural,05761
030-23,2023-08-23,estructural,05790
030-23,2023-08-23,estructural,05819
030-23,2023-08-23,estructural,05837
030-23,2023-08-23,estructural,05842
030-23,2023-08-23,estructural,05847
030-23,2023-08-23,estructural,05854
030-23,2023-08-23,estructural,05858
030-23,2023-08-23,estructural,05873
030-23,2023-08-23,estructural,05887
030-23,2023-08-23,estructural,05893
030-23,2023-08-23,estructural,05895
030-23,2023-08-23,estructural,91540
030-23,2023-08-23,estructural,91001
030-23,2023-08-23,estructural,08634
030-23,2023-08-23,estructural,08770
030-23,2023-08-23,estructural,08001
030-23,2023-08-23,estructural,08078
030-23,2023-08-23,estructural,08137
030-23,2023-08-23,estructural,08141
030-23,2023-08-23,estructural,08296
030-23,2023-08-23,estructural,08372
030-23,2023-08-23,estructural,08421
030-23,2023-08-23,estructural,08433
030-23,2023-08-23,estructural,08520
030-23,2023-08-23,estructural,08549
030-23,2023-08-23,estructural,08558
030-23,2023-08-23,estructural,08560
030-23,2023-08-23,estructural,08573
030-23,2023-08-23,estructural,08606
030-23,2023-08-23,estructural,08638
030-23,2023-08-23,estructural,08675
030-23,2023-08-23,estructural,08685
030-23,2023-08-23,estructural,08758
030-23,2023-08-23,estructural,08832
030-23,2023-08-23,estructural,08849
030-23,2023-08-23,estructural,81001
030-23,2023-08-23,estructural,81065
030-23,2023-08-23,estructural,81220
030-23,2023-08-23,estructural,81300
030-23,2023-08-23,estructural,81591
030-23,2023-08-23,estructural,81736
030-23,2023-08-23,estructural,81794
030-23,2023-08-23,estructural,88001
030-23,2023-08-23,estructural,88564
030-23,2023-08-23,estructural,13042
030-23,2023-08-23,estructural,13052
030-23,2023-08-23,estructural,13001
030-23,2023-08-23,estructural,13006
030-23,2023-08-23,estructural,13030
030-23,2023-08-23,estructural,13600
030-23,2023-08-23,estructural,13654
030-23,2023-08-23,estructural,13657
030-23,2023-08-23,estructural,13667
030-23,2023-08-23,estructural,13670
030-23,2023-08-23,estructural,13688
030-23,2023-08-23,estructural,13744
030-23,2023-08-23,estructural,13810
030-23,2023-08-23,estructural,13836
030-23,2023-08-23,estructural,13894
030-23,2023-08-23,estructural,13160
030-23,2023-08-23,estructural,13212
030-23,2023-08-23,estructural,13244
030-23,2023-08-23,estructural,13248
030-23,2023-08-23,estructural,13442
030-23,2023-08-23,estructural,13458
030-23,2023-08-23,estructural,13473
030-23,2023-08-23,estructural,13490
030-23,2023-08-23,estructural,13580
030-23,2023-08-23,estructural,13074
030-23,2023-08-23,estructural,15001
030-23,2023-08-23,estructural,15087
030-23,2023-08-23,estructural,15839
030-23,2023-08-23,estructural,15176
030-23,2023-08-23,estructural,15180
030-23,2023-08-23,estructural,15183
030-23,2023-08-23,estructural,15223
030-23,2023-08-23,estructural,15238
030-23,2023-08-23,estructural,15244
030-23,2023-08-23,estructural,15248
030-23,2023-08-23,estructural,15322
030-23,2023-08-23,estructural,15332
030-23,2023-08-23,estructural,15368
030-23,2023-08-23,estructural,15377
030-23,2023-08-23,estructural,15401
030-23,2023-08-23,estructural,15403
030-23,2023-08-23,estructural,15442
030-23,2023-08-23,estructural,15464
030-23,2023-08-23,estructural,15480
030-23,2023-08-23,estructural,15507
030-23,2023-08-23,estructural,15522
030-23,2023-08-23,estructural,15531
030-23,2023-08-23,estructural,15533
030-23,2023-08-23,estructural,15537
030-23,2023-08-23,estructural,15550
030-23,2023-08-23,estructural,15572
030-23,2023-08-23,estructural,15580
030-23,2023-08-23,estructural,15646
030-23,2023-08-23,estructural,15664
030-23,2023-08-23,estructural,15667
030-23,2023-08-23,estructural,15681
030-23,2023-08-23,estructural,15686
030-23,2023-08-23,estructural,15690
030-23,2023-08-23,estructural,15518
030-23,2023-08-23,estructural,15720
030-23,2023-08-23,estructural,15723
030-23,2023-08-23,estructural,15753
030-23,2023-08-23,estructural,15755
030-23,2023-08-23,estructural,15757
030-23,2023-08-23,estructural,15759
030-23,2023-08-23,estructural,15774
030-23,2023-08-23,estructural,15790
030-23,2023-08-23,estructural,17001
030-23,2023-08-23,estructural,17013
030-23,2023-08-23,estructural,17088
030-23,2023-08-23,estructural,17380
030-23,2023-08-23,estructural,17444
030-23,2023-08-23,estructural,17495
030-23,2023-08-23,estructural,17541
030-23,2023-08-23,estructural,17614
030-23,2023-08-23,estructural,17662
030-23,2023-08-23,estructural,17777
030-23,2023-08-23,estructural,18001
030-23,2023-08-23,estructural,18029
030-23,2023-08-23,estructural,18094
030-23,2023-08-23,estructural,18205
030-23,2023-08-23,estructural,18247
030-23,2023-08-23,estructural,18256
030-23,2023-08-23,estructural,18150
030-23,2023-08-23,estructural,18410
030-23,2023-08-23,estructural,18460
030-23,2023-08-23,estructural,18479
030-23,2023-08-23,estructural,18592
030-23,2023-08-23,estructural,18610
030-23,2023-08-23,estructural,18753
030-23,2023-08-23,estructural,18756
030-23,2023-08-23,estructural,18785
030-23,2023-08-23,estructural,18860
030-23,2023-08-23,estructural,85001
030-23,2023-08-23,estructural,85010
030-23,2023-08-23,estructural,85015
030-23,2023-08-23,estructural,85125
030-23,2023-08-23,estructural,85136
030-23,2023-08-23,estructural,85139
030-23,2023-08-23,estructural,85162
030-23,2023-08-23,estructural,85225
030-23,2023-08-23,estructural,85230
030-23,2023-08-23,estructural,85250
030-23,2023-08-23,estructural,85263
030-23,2023-08-23,estructural,85279
030-23,2023-08-23,estructural,85300
030-23,2023-08-23,estructural,85315
030-23,2023-08-23,estructural,85325
030-23,2023-08-23,estructural,85400
030-23,2023-08-23,estructural,85410
030-23,2023-08-23,estructural,85430
030-23,2023-08-23,estructural,85440
030-23,2023-08-23,estructural,19256
030-23,2023-08-23,estructural,19022
030-23,2023-08-23,estructural,19290
030-23,2023-08-23,estructural,19300
030-23,2023-08-23,estructural,19318
030-23,2023-08-23,estructural,19355
030-23,2023-08-23,estructural,19364
030-23,2023-08-23,estructural,19418
030-23,2023-08-23,estructural,19450
030-23,2023-08-23,estructural,19455
030-23,2023-08-23,estructural,19473
030-23,2023-08-23,estructural,19513
030-23,2023-08-23,estructural,19517
030-23,2023-08-23,estructural,19532
030-23,2023-08-23,estructural,19533
030-23,2023-08-23,estructural,19548
030-23,2023-08-23,estructural,19573
030-23,2023-08-23,estructural,19585
030-23,2023-08-23,estructural,19622
030-23,2023-08-23,estructural,19698
030-23,2023-08-23,estructural,19743
030-23,2023-08-23,estructural,19760
030-23,2023-08-23,estructural,19780
030-23,2023-08-23,estructural,19785
030-23,2023-08-23,estructural,19807
030-23,2023-08-23,estructural,19809
030-23,2023-08-23,estructural,19821
030-23,2023-08-23,estructural,19824
030-23,2023-08-23,estructural,19845
030-23,2023-08-23,estructural,19001
030-23,2023-08-23,estructural,19050
030-23,2023-08-23,estructural,19075
030-23,2023-08-23,estructural,19100
030-23,2023-08-23,estructural,19110
030-23,2023-08-23,estructural,19130
030-23,2023-08-23,estructural,19137
030-23,2023-08-23,estructural,19142
030-23,2023-08-23,estructural,19212
030-23,2023-08-23,estructural,20001
030-23,2023-08-23,estructural,20011
030-23,2023-08-23,estructural,20013
030-23,2023-08-23,estructural,20032
030-23,2023-08-23,estructural,20045
030-23,2023-08-23,estructural,27001
030-23,2023-08-23,estructural,27006
030-23,2023-08-23,estructural,27025
030-23,2023-08-23,estructural,27050
030-23,2023-08-23,estructural,27073
030-23,2023-08-23,estructural,27075
030-23,2023-08-23,estructural,27077
030-23,2023-08-23,estructural,27099
030-23,2023-08-23,estructural,27135
030-23,2023-08-23,estructural,27150
030-23,2023-08-23,estructural,27160
030-23,2023-08-23,estructural,27205
030-23,2023-08-23,estructural,27245
030-23,2023-08-23,estructural,27250
030-23,2023-08-23,estructural,27361
030-23,2023-08-23,estructural,27372
030-23,2023-08-23,estructural,27413
030-23,2023-08-23,estructural,27425
030-23,2023-08-23,estructural,27430
030-23,2023-08-23,estructural,27450
030-23,2023-08-23,estructural,27491
030-23,2023-08-23,estructural,27495
030-23,2023-08-23,estructural,27580
030-23,2023-08-23,estructural,27600
030-23,2023-08-23,estructural,27615
030-23,2023-08-23,estructural,27660
030-23,2023-08-23,estructural,27745
030-23,2023-08-23,estructural,27787
030-23,2023-08-23,estructural,27800
030-23,2023-08-23,estructural,27810
030-23,2023-08-23,estructural,20060
030-23,2023-08-23,estructural,20175
030-23,2023-08-23,estructural,20178
030-23,2023-08-23,estructural,20228
030-23,2023-08-23,estructural,20238
030-23,2023-08-23,estructural,20250
030-23,2023-08-23,estructural,20295
030-23,2023-08-23,estructural,20383
030-23,2023-08-23,estructural,20400
030-23,2023-08-23,estructural,20443
030-23,2023-08-23,estructural,20517
030-23,2023-08-23,estructural,20550
030-23,2023-08-23,estructural,20570
030-23,2023-08-23,estructural,20621
030-23,2023-08-23,estructural,20710
030-23,2023-08-23,estructural,20750
030-23,2023-08-23,estructural,20770
030-23,2023-08-23,estructural,20787
030-23,2023-08-23,estructural,23001
030-23,2023-08-23,estructural,23068
030-23,2023-08-23,estructural,23079
030-23,2023-08-23,estructural,23090
030-23,2023-08-23,estructural,23162
030-23,2023-08-23,estructural,23168
030-23,2023-08-23,estructural,23182
030-23,2023-08-23,estructural,23189
030-23,2023-08-23,estructural,23300
030-23,2023-08-23,estructural,23350
030-23,2023-08-23,estructural,23417
030-23,2023-08-23,estructural,23419
030-23,2023-08-23,estructural,23464
030-23,2023-08-23,estructural,23466
030-23,2023-08-23,estructural,23500
030-23,2023-08-23,estructural,23555
030-23,2023-08-23,estructural,23570
030-23,2023-08-23,estructural,23574
030-23,2023-08-23,estructural,23580
030-23,2023-08-23,estructural,23586
030-23,2023-08-23,estructural,23660
030-23,2023-08-23,estructural,23670
030-23,2023-08-23,estructural,23672
030-23,2023-08-23,estructural,23675
030-23,2023-08-23,estructural,23678
030-23,2023-08-23,estructural,23682
030-23,2023-08-23,estructural,23686
030-23,2023-08-23,estructural,23807
030-23,2023-08-23,estructural,23815
030-23,2023-08-23,estructural,23855
030-23,2023-08-23,estructural,25875
030-23,2023-08-23,estructural,25878
030-23,2023-08-23,estructural,25885
030-23,2023-08-23,estructural,25120
030-23,2023-08-23,estructural,25168
030-23,2023-08-23,estructural,25200
030-23,2023-08-23,estructural,25269
030-23,2023-08-23,estructural,25286
030-23,2023-08-23,estructural,25295
030-23,2023-08-23,estructural,25307
030-23,2023-08-23,estructural,25320
030-23,2023-08-23,estructural,25394
030-23,2023-08-23,estructural,25402
030-23,2023-08-23,estructural,25430
030-23,2023-08-23,estructural,25473
030-23,2023-08-23,estructural,25513
030-23,2023-08-23,estructural,25535
030-23,2023-08-23,estructural,25743
030-23,2023-08-23,estructural,25754
030-23,2023-08-23,estructural,25823
030-23,2023-08-23,estructural,95001
030-23,2023-08-23,estructural,95015
030-23,2023-08-23,estructural,95025
030-23,2023-08-23,estructural,95200
030-23,2023-08-23,estructural,94001
030-23,2023-08-23,estructural,94343
030-23,2023-08-23,estructural,41357
030-23,2023-08-23,estructural,41359
030-23,2023-08-23,estructural,41020
030-23,2023-08-23,estructural,41378
030-23,2023-08-23,estructural,41396
030-23,2023-08-23,estructural,41483
030-23,2023-08-23,estructural,41518
030-23,2023-08-23,estructural,41524
030-23,2023-08-23,estructural,41530
030-23,2023-08-23,estructural,41548
030-23,2023-08-23,estructural,41551
030-23,2023-08-23,estructural,41615
030-23,2023-08-23,estructural,41660
030-23,2023-08-23,estructural,41668
030-23,2023-08-23,estructural,41676
030-23,2023-08-23,estructural,41770
030-23,2023-08-23,estructural,41791
030-23,2023-08-23,estructural,41797
030-23,2023-08-23,estructural,41799
030-23,2023-08-23,estructural,41801
030-23,2023-08-23,estructural,41807
030-23,2023-08-23,estructural,41872
030-23,2023-08-23,estructural,41885
030-23,2023-08-23,estructural,41001
030-23,2023-08-23,estructural,41006
030-23,2023-08-23,estructural,41013
030-23,2023-08-23,estructural,41016
030-23,2023-08-23,estructural,41026
030-23,2023-08-23,estructural,41078
030-23,2023-08-23,estructural,41132
030-23,2023-08-23,estructural,41206
030-23,2023-08-23,estructural,41244
030-23,2023-08-23,estructural,41298
030-23,2023-08-23,estructural,41306
030-23,2023-08-23,estructural,41319
030-23,2023-08-23,estructural,41349
030-23,2023-08-23,estructural,41503
030-23,2023-08-23,estructural,44001
030-23,2023-08-23,estructural,47570
030-23,2023-08-23,estructural,47605
030-23,2023-08-23,estructural,47660
030-23,2023-08-23,estructural,47675
030-23,2023-08-23,estructural,47692
030-23,2023-08-23,estructural,47703
030-23,2023-08-23,estructural,47707
030-23,2023-08-23,estructural,47720
030-23,2023-08-23,estructural,47745
030-23,2023-08-23,estructural,47798
030-23,2023-08-23,estructural,47960
030-23,2023-08-23,estructural,47980
030-23,2023-08-23,estructural,44035
030-23,2023-08-23,estructural,44078
030-23,2023-08-23,estructural,44090
030-23,2023-08-23,estructural,44098
030-23,2023-08-23,estructural,44110
030-23,2023-08-23,estructural,44279
030-23,2023-08-23,estructural,44378
030-23,2023-08-23,estructural,44420
030-23,2023-08-23,estructural,44430
030-23,2023-08-23,estructural,44560
030-23,2023-08-23,estructural,44650
030-23,2023-08-23,estructural,44847
030-23,2023-08-23,estructural,44855
030-23,2023-08-23,estructural,44874
030-23,2023-08-23,estructural,47001
030-23,2023-08-23,estructural,47030
030-23,2023-08-23,estructural,47053
030-23,2023-08-23,estructural,47058
030-23,2023-08-23,estructural,47161
030-23,2023-08-23,estructural,47170
030-23,2023-08-23,estructural,47189
030-23,2023-08-23,estructural,47205
030-23,2023-08-23,estructural,47245
030-23,2023-08-23,estructural,47258
030-23,2023-08-23,estructural,47268
030-23,2023-08-23,estructural,47288
030-23,2023-08-23,estructural,47318
030-23,2023-08-23,estructural,47460
030-23,2023-08-23,estructural,47541
030-23,2023-08-23,estructural,47545
030-23,2023-08-23,estructural,47551
030-23,2023-08-23,estructural,47555
030-23,2023-08-23,estructural,50001
030-23,2023-08-23,estructural,50006
030-23,2023-08-23,estructural,50110
030-23,2023-08-23,estructural,50124
030-23,2023-08-23,estructural,50226
030-23,2023-08-23,estructural,50251
030-23,2023-08-23,estructural,50313
030-23,2023-08-23,estructural,50318
030-23,2023-08-23,estructural,50325
030-23,2023-08-23,estructural,50330
030-23,2023-08-23,estructural,50350
030-23,2023-08-23,estructural,50370
030-23,2023-08-23,estructural,50400
030-23,2023-08-23,estructural,50450
030-23,2023-08-23,estructural,50568
030-23,2023-08-23,estructural,50573
030-23,2023-08-23,estructural,50577
030-23,2023-08-23,estructural,50590
030-23,2023-08-23,estructural,50606
030-23,2023-08-23,estructural,50683
030-23,2023-08-23,estructural,50689
030-23,2023-08-23,estructural,50711
030-23,2023-08-23,estructural,52001
030-23,2023-08-23,estructural,52019
030-23,2023-08-23,estructural,52022
030-23,2023-08-23,estructural,52036
030-23,2023-08-23,estructural,52051
030-23,2023-08-23,estructural,52079
030-23,2023-08-23,estructural,52227
030-23,2023-08-23,estructural,52233
030-23,2023-08-23,estructural,52250
030-23,2023-08-23,estructural,52254
030-23,2023-08-23,estructural,52256
030-23,2023-08-23,estructural,52258
030-23,2023-08-23,estructural,52260
030-23,2023-08-23,estructural,52356
030-23,2023-08-23,estructural,52378
030-23,2023-08-23,estructural,52381
030-23,2023-08-23,estructural,52385
030-23,2023-08-23,estructural,52390
030-23,2023-08-23,estructural,52399
030-23,2023-08-23,estructural,52405
030-23,2023-08-23,estructural,52411
030-23,2023-08-23,estructural,52418
030-23,2023-08-23,estructural,52427
030-23,2023-08-23,estructural,52435
030-23,2023-08-23,estructural,52473
030-23,2023-08-23,estructural,52480
030-23,2023-08-23,estructural,52490
030-23,2023-08-23,estructural,52506
030-23,2023-08-23,estructural,52520
030-23,2023-08-23,estructural,52540
030-23,2023-08-23,estructural,52560
030-23,2023-08-23,estructural,52565
030-23,2023-08-23,estructural,52573
030-23,2023-08-23,estructural,52585
030-23,2023-08-23,estructural,52612
030-23,2023-08-23,estructural,52621
030-23,2023-08-23,estructural,52678
030-23,2023-08-23,estructural,52683
030-23,2023-08-23,estructural,52685
030-23,2023-08-23,estructural,52687
030-23,2023-08-23,estructural,52693
030-23,2023-08-23,estructural,52694
030-23,2023-08-23,estructural,52696
030-23,2023-08-23,estructural,52699
030-23,2023-08-23,estructural,52786
030-23,2023-08-23,estructural,52835
030-23,2023-08-23,estructural,52838
030-23,2023-08-23,estructural,52885
030-23,2023-08-23,estructural,54670
030-23,2023-08-23,estructural,54673
030-23,2023-08-23,estructural,54720
030-23,2023-08-23,estructural,54800
030-23,2023-08-23,estructural,54398
030-23,2023-08-23,estructural,54810
030-23,2023-08-23,estructural,54874
030-23,2023-08-23,estructural,54001
030-23,2023-08-23,estructural,54003
030-23,2023-08-23,estructural,54109
030-23,2023-08-23,estructural,54206
030-23,2023-08-23,estructural,54245
030-23,2023-08-23,estructural,54250
030-23,2023-08-23,estructural,54261
030-23,2023-08-23,estructural,54344
030-23,2023-08-23,estructural,54405
030-23,2023-08-23,estructural,54498
030-23,2023-08-23,estructural,54553
030-23,2023-08-23,estructural,20310
030-23,2023-08-23,estructural,20614
030-23,2023-08-23,estructural,54680
030-23,2023-08-23,estructural,54743
030-23,2023-08-23,estructural,54820
030-23,2023-08-23,estructural,54871
030-23,2023-08-23,estructural,54051
030-23,2023-08-23,estructural,54099
030-23,2023-08-23,estructural,54125
030-23,2023-08-23,estructural,54172
030-23,2023-08-23,estructural,54174
030-23,2023-08-23,estructural,54223
030-23,2023-08-23,estructural,54239
030-23,2023-08-23,estructural,54313
030-23,2023-08-23,estructural,54347
030-23,2023-08-23,estructural,54385
030-23,2023-08-23,estructural,54418
030-23,2023-08-23,estructural,54480
030-23,2023-08-23,estructural,54518
030-23,2023-08-23,estructural,54520
030-23,2023-08-23,estructural,54599
030-23,2023-08-23,estructural,54660
030-23,2023-08-23,estructural,63001
030-23,2023-08-23,estructural,63130
030-23,2023-08-23,estructural,63190
030-23,2023-08-23,estructural,63401
030-23,2023-08-23,estructural,63470
030-23,2023-08-23,estructural,63594
030-23,2023-08-23,estructural,66001
030-23,2023-08-23,estructural,66088
030-23,2023-08-23,estructural,66170
030-23,2023-08-23,estructural,66383
030-23,2023-08-23,estructural,66440
030-23,2023-08-23,estructural,66456
030-23,2023-08-23,estructural,66572
030-23,2023-08-23,estructural,66594
030-23,2023-08-23,estructural,66682
030-23,2023-08-23,estructural,66400
030-23,2023-08-23,estructural,86320
030-23,2023-08-23,estructural,86749
030-23,2023-08-23,estructural,86757
030-23,2023-08-23,estructural,86001
030-23,2023-08-23,estructural,86219
030-23,2023-08-23,estructural,86568
030-23,2023-08-23,estructural,86569
030-23,2023-08-23,estructural,86571
030-23,2023-08-23,estructural,86573
030-23,2023-08-23,estructural,86755
030-23,2023-08-23,estructural,86760
030-23,2023-08-23,estructural,86865
030-23,2023-08-23,estructural,86885
030-23,2023-08-23,estructural,68001
030-23,2023-08-23,estructural,68276
030-23,2023-08-23,estructural,68307
030-23,2023-08-23,estructural,68081
030-23,2023-08-23,estructural,68190
030-23,2023-08-23,estructural,70708
030-23,2023-08-23,estructural,70713
030-23,2023-08-23,estructural,70742
030-23,2023-08-23,estructural,70771
030-23,2023-08-23,estructural,70820
030-23,2023-08-23,estructural,70823
030-23,2023-08-23,estructural,68547
030-23,2023-08-23,estructural,68573
030-23,2023-08-23,estructural,68575
030-23,2023-08-23,estructural,68615
030-23,2023-08-23,estructural,68655
030-23,2023-08-23,estructural,68720
030-23,2023-08-23,estructural,68745
030-23,2023-08-23,estructural,70001
030-23,2023-08-23,estructural,70110
030-23,2023-08-23,estructural,70124
030-23,2023-08-23,estructural,70204
030-23,2023-08-23,estructural,70215
030-23,2023-08-23,estructural,70221
030-23,2023-08-23,estructural,70230
030-23,2023-08-23,estructural,70233
030-23,2023-08-23,estructural,70235
030-23,2023-08-23,estructural,70265
030-23,2023-08-23,estructural,70400
030-23,2023-08-23,estructural,70418
030-23,2023-08-23,estructural,70429
030-23,2023-08-23,estructural,70473
030-23,2023-08-23,estructural,70508
030-23,2023-08-23,estructural,70523
030-23,2023-08-23,estructural,70670
030-23,2023-08-23,estructural,70678
030-23,2023-08-23,estructural,70702
030-23,2023-08-23,estructural,73001
030-23,2023-08-23,estructural,73024
030-23,2023-08-23,estructural,73030
030-23,2023-08-23,estructural,73055
030-23,2023-08-23,estructural,73067
030-23,2023-08-23,estructural,73168
030-23,2023-08-23,estructural,73268
030-23,2023-08-23,estructural,73275
030-23,2023-08-23,estructural,73283
030-23,2023-08-23,estructural,73349
030-23,2023-08-23,estructural,73352
030-23,2023-08-23,estructural,73411
030-23,2023-08-23,estructural,73443
030-23,2023-08-23,estructural,73461
030-23,2023-08-23,estructural,73483
030-23,2023-08-23,estructural,76497
030-23,2023-08-23,estructural,76248
030-23,2023-08-23,estructural,73408
030-23,2023-08-23,estructural,73555
030-23,2023-08-23,estructural,73616
030-23,2023-08-23,estructural,73675
030-23,2023-08-23,estructural,73686
030-23,2023-08-23,estructural,76001
030-23,2023-08-23,estructural,76020
030-23,2023-08-23,estructural,76036
030-23,2023-08-23,estructural,76041
030-23,2023-08-23,estructural,76100
030-23,2023-08-23,estructural,76109
030-23,2023-08-23,estructural,76111
030-23,2023-08-23,estructural,76113
030-23,2023-08-23,estructural,76122
030-23,2023-08-23,estructural,76147
030-23,2023-08-23,estructural,76233
030-23,2023-08-23,estructural,76243
030-23,2023-08-23,estructural,76250
030-23,2023-08-23,estructural,76275
030-23,2023-08-23,estructural,76364
030-23,2023-08-23,estructural,76520
030-23,2023-08-23,estructural,76563
030-23,2023-08-23,estructural,76606
030-23,2023-08-23,estructural,76670
030-23,2023-08-23,estructural,76736
030-23,2023-08-23,estructural,76823
030-23,2023-08-23,estructural,76828
030-23,2023-08-23,estructural,76834
030-23,2023-08-23,estructural,76892
030-23,2023-08-23,estructural,76130
030-23,2023-08-23,estructural,76306
030-23,2023-08-23,estructural,76318
030-23,2023-08-23,estructural,97001
030-23,2023-08-23,estructural,97161
030-23,2023-08-23,estructural,97666
030-23,2023-08-23,estructural,99001
030-23,2023-08-23,estructural,99524
030-23,2023-08-23,estructural,99624
030-23,2023-08-23,estructural,99773
031-23,2023-08-30,inminencia,19455
031-23,2023-08-30,inminencia,19212
031-23,2023-08-30,inminencia,76563
031-23,2023-08-30,inminencia,76275
032-23,2023-08-30,inminencia,20001
033-23,2023-09-06,inminencia,52411
033-23,2023-09-06,inminencia,52678
033-23,2023-09-06,inminencia,52699
034-23,2023-09-28,estructural,13042
034-23,2023-09-28,estructural,13670
034-23,2023-09-28,estructural,13688
034-23,2023-09-28,estructural,13744
034-23,2023-09-28,estructural,13160
034-23,2023-09-28,estructural,13473
035-23,2023-10-05,inminencia,20383
035-23,2023-10-05,inminencia,20550
036-23,2023-10-11,inminencia,19300
036-23,2023-10-11,inminencia,19364
036-23,2023-10-11,inminencia,19455
036-23,2023-10-11,inminencia,19473
036-23,2023-10-11,inminencia,19698
036-23,2023-10-11,inminencia,19780
036-23,2023-10-11,inminencia,19821
036-23,2023-10-11,inminencia,19110
036-23,2023-10-11,inminencia,19130
036-23,2023-10-11,inminencia,19137
036-23,2023-10-11,inminencia,19142
036-23,2023-10-11,inminencia,19212
036-23,2023-10-11,inminencia,76233
036-23,2023-10-11,inminencia,76364
037-23,2023-10-24,inminencia,76126
038-23,2023-11-22,inminencia,76828
038-23,2023-11-22,inminencia,76100
039-23,2023-12-05,estructural,76109
001-24,2024-01-31,estructural,63130
001-24,2024-01-31,estructural,63190
001-24,2024-01-31,estructural,63401
001-24,2024-01-31,estructural,63470
001-24,2024-01-31,estructural,63594
002-24,2024-02-05,inminencia,52490
003-24,2024-02-21,estructural,13006
003-24,2024-02-21,estructural,13030
003-24,2024-02-21,estructural,13655
003-24,2024-02-21,estructural,13667
003-24,2024-02-21,estructural,13810
003-24,2024-02-21,estructural,13268
003-24,2024-02-21,estructural,13074
004-24,2024-02-21,estructural,11001
005-24,2024-02-21,inminencia,76364
006-24,2024-02-29,inminencia,50001
007-24,2024-03-18,estructural,18001
007-24,2024-03-18,estructural,18029
007-24,2024-03-18,estructural,18094
007-24,2024-03-18,estructural,18205
007-24,2024-03-18,estructural,18247
007-24,2024-03-18,estructural,18256
007-24,2024-03-18,estructural,19533
007-24,2024-03-18,estructural,18150
007-24,2024-03-18,estructural,18410
007-24,2024-03-18,estructural,18460
007-24,2024-03-18,estructural,18479
007-24,2024-03-18,estructural,18592
007-24,2024-03-18,estructural,18610
007-24,2024-03-18,estructural,18753
007-24,2024-03-18,estructural,18756
007-24,2024-03-18,estructural,18785
007-24,2024-03-18,estructural,18860
007-24,2024-03-18,estructural,50251
007-24,2024-03-18,estructural,50325
007-24,2024-03-18,estructural,50330
007-24,2024-03-18,estructural,50350
007-24,2024-03-18,estructural,50370
007-24,2024-03-18,estructural,50400
007-24,2024-03-18,estructural,50450
007-24,2024-03-18,estructural,50590
007-24,2024-03-18,estructural,50711
007-24,2024-03-18,estructural,86320
007-24,2024-03-18,estructural,91540
007-24,2024-03-18,estructural,94883
007-24,2024-03-18,estructural,86757
007-24,2024-03-18,estructural,94884
007-24,2024-03-18,estructural,94885
007-24,2024-03-18,estructural,94886
007-24,2024-03-18,estructural,94887
007-24,2024-03-18,estructural,94888
007-24,2024-03-18,estructural,95001
007-24,2024-03-18,estructural,95015
007-24,2024-03-18,estructural,95025
007-24,2024-03-18,estructural,95200
007-24,2024-03-18,estructural,97001
007-24,2024-03-18,estructural,97161
007-24,2024-03-18,estructural,97511
007-24,2024-03-18,estructural,97666
007-24,2024-03-18,estructural,97777
007-24,2024-03-18,estructural,97889
007-24,2024-03-18,estructural,99524
007-24,2024-03-18,estructural,99773
007-24,2024-03-18,estructural,86001
007-24,2024-03-18,estructural,86568
007-24,2024-03-18,estructural,86569
007-24,2024-03-18,estructural,86571
007-24,2024-03-18,estructural,86573
007-24,2024-03-18,estructural,86865
007-24,2024-03-18,estructural,86885
007-24,2024-03-18,estructural,91001
007-24,2024-03-18,estructural,91263
007-24,2024-03-18,estructural,91405
007-24,2024-03-18,estructural,91407
007-24,2024-03-18,estructural,91430
007-24,2024-03-18,estructural,91460
007-24,2024-03-18,estructural,91530
007-24,2024-03-18,estructural,91536
007-24,2024-03-18,estructural,91669
007-24,2024-03-18,estructural,91798
007-24,2024-03-18,estructural,94001
007-24,2024-03-18,estructural,94343
008-24,2024-03-26,inminencia,52233
008-24,2024-03-26,inminencia,52256
008-24,2024-03-26,inminencia,52405
008-24,2024-03-26,inminencia,52540
008-24,2024-03-26,inminencia,52786
009-24,2024-04-09,estructural,27075
009-24,2024-04-09,estructural,27372
009-24,2024-04-09,estructural,27495
010-24,2024-04-11,inminencia,76520
010-24,2024-04-11,inminencia,76670
010-24,2024-04-11,inminencia,76248
010-24,2024-04-11,inminencia,76111
010-24,2024-04-11,inminencia,76306
010-24,2024-04-11,inminencia,76318
011-24,2024-04-12,estructural,23168
011-24,2024-04-12,estructural,23182
011-24,2024-04-12,estructural,23189
011-24,2024-04-12,estructural,23660
011-24,2024-04-12,estructural,23670
011-24,2024-04-12,estructural,23678
011-24,2024-04-12,estructural,23815
012-24,2024-04-22,inminencia,41298
012-24,2024-04-22,inminencia,41306
013-24,2024-05-20,estructural,19050
014-24,2024-05-27,inminencia,68001
014-24,2024-05-27,inminencia,68307
015-24,2024-06-24,estructural,41357
015-24,2024-06-24,estructural,19517
016-24,2024-06-26,estructural,85139
016-24,2024-06-26,estructural,85162
016-24,2024-06-26,estructural,85410
016-24,2024-06-26,estructural,85230
016-24,2024-06-26,estructural,85440
017-24,2024-07-04,inminencia,99773
018-24,2024-07-15,inminencia,50330
018-24,2024-07-15,inminencia,50370
019-24,2024-07-30,inminencia,19364
019-24,2024-07-30,inminencia,19455
019-24,2024-07-30,inminencia,19821
019-24,2024-07-30,inminencia,19142
019-24,2024-07-30,inminencia,19212
020-24,2024-08-06,inminencia,85125
020-24,2024-08-06,inminencia,85250
021-24,2024-08-15,inminencia,20710
021-24,2024-08-15,inminencia,54385
022-24,2024-08-27,estructural,41799
022-24,2024-08-27,estructural,41001
022-24,2024-08-27,estructural,41078
022-24,2024-08-27,estructural,41206
023-24,2024-09-10,inminencia,18150
024-24,2024-09-19,inminencia,27001
025-24,2024-11-14,inminencia,76736
025-24,2024-11-14,inminencia,76834
025-24,2024-11-14,inminencia,76036
025-24,2024-11-14,inminencia,76113
025-24,2024-11-14,inminencia,76122
026-24,2024-11-15,inminencia,20310
026-24,2024-11-15,inminencia,20614
026-24,2024-11-15,inminencia,54800
026-24,2024-11-15,inminencia,54398
026-24,2024-11-15,inminencia,54003
026-24,2024-11-15,inminencia,54206
026-24,2024-11-15,inminencia,54245
026-24,2024-11-15,inminencia,54498
027-24,2024-12-19,estructural,54874
027-24,2024-12-19,estructural,54001
027-24,2024-12-19,estructural,54405
027-24,2024-12-19,estructural,54553
001-25,2025-01-21,estructural,18205
001-25,2025-01-21,estructural,19533
001-25,2025-01-21,estructural,18150
001-25,2025-01-21,estructural,18610
001-25,2025-01-21,estructural,18753
001-25,2025-01-21,estructural,18756
001-25,2025-01-21,estructural,41359
001-25,2025-01-21,estructural,41020
001-25,2025-01-21,estructural,41378
001-25,2025-01-21,estructural,41396
001-25,2025-01-21,estructural,41483
001-25,2025-01-21,estructural,41518
001-25,2025-01-21,estructural,41530
001-25,2025-01-21,estructural,41548
001-25,2025-01-21,estructural,41551
001-25,2025-01-21,estructural,41660
001-25,2025-01-21,estructural,41668
001-25,2025-01-21,estructural,41770
001-25,2025-01-21,estructural,41872
001-25,2025-01-21,estructural,41006
001-25,2025-01-21,estructural,41013
001-25,2025-01-21,estructural,41016
001-25,2025-01-21,estructural,41298
001-25,2025-01-21,estructural,41306
001-25,2025-01-21,estructural,41319
001-25,2025-01-21,estructural,50325
001-25,2025-01-21,estructural,50330
001-25,2025-01-21,estructural,50350
001-25,2025-01-21,estructural,50370
001-25,2025-01-21,estructural,50400
001-25,2025-01-21,estructural,50450
001-25,2025-01-21,estructural,50568
001-25,2025-01-21,estructural,50577
001-25,2025-01-21,estructural,50590
001-25,2025-01-21,estructural,50711
001-25,2025-01-21,estructural,41503
001-25,2025-01-21,estructural,86757
001-25,2025-01-21,estructural,95001
001-25,2025-01-21,estructural,95015
001-25,2025-01-21,estructural,95025
001-25,2025-01-21,estructural,86568
001-25,2025-01-21,estructural,86569
001-25,2025-01-21,estructural,86571
001-25,2025-01-21,estructural,86573
001-25,2025-01-21,estructural,86865
001-25,2025-01-21,estructural,91460
001-25,2025-01-21,estructural,91530
001-25,2025-01-21,estructural,91669
001-25,2025-01-21,estructural,41001
002-25,2025-01-28,inminencia,76563
002-25,2025-01-28,inminencia,76275
003-25,2025-02-04,inminencia,73622
004-25,2025-02-17,inminencia,19001
005-25,2025-03-10,inminencia,20443
005-25,2025-03-10,inminencia,20621
005-25,2025-03-10,inminencia,20750
006-25,2025-05-07,inminencia,76036
006-25,2025-05-07,inminencia,76113
007-25,2025-05-23,estructural,27660
008-25,2025-06-17,inminencia,19256
008-25,2025-06-17,inminencia,19532
009-25,2025-07-24,estructural,20178
010-25,2025-07-30,estructural,44001
010-25,2025-07-30,estructural,44090
010-25,2025-07-30,estructural,44650
011-25,2025-08-25,inminencia,76616
011-25,2025-08-25,inminencia,76828
011-25,2025-08-25,inminencia,76100
012-25,2025-08-26,estructural,76001
013-25,2025-10-07,estructural,91540
013-25,2025-10-07,estructural,91001
013-25,2025-10-07,estructural,91263
013-25,2025-10-07,estructural,91405
013-25,2025-10-07,estructural,91407
013-25,2025-10-07,estructural,91430
013-25,2025-10-07,estructural,91460
013-25,2025-10-07,estructural,91530
013-25,2025-10-07,estructural,91536
013-25,2025-10-07,estructural,91669
013-25,2025-10-07,estructural,91798
013-25,2025-10-07,estructural,81001
013-25,2025-10-07,estructural,81065
013-25,2025-10-07,estructural,81220
013-25,2025-10-07,estructural,81300
013-25,2025-10-07,estructural,81591
013-25,2025-10-07,estructural,81736
013-25,2025-10-07,estructural,81794
013-25,2025-10-07,estructural,08634
013-25,2025-10-07,estructural,08770
013-25,2025-10-07,estructural,05001
013-25,2025-10-07,estructural,05002
013-25,2025-10-07,estructural,05004
013-25,2025-10-07,estructural,05021
013-25,2025-10-07,estructural,05030
013-25,2025-10-07,estructural,05031
013-25,2025-10-07,estructural,05034
013-25,2025-10-07,estructural,05036
013-25,2025-10-07,estructural,05038
013-25,2025-10-07,estructural,05040
013-25,2025-10-07,estructural,05042
013-25,2025-10-07,estructural,05044
013-25,2025-10-07,estructural,05045
013-25,2025-10-07,estructural,05051
013-25,2025-10-07,estructural,05055
013-25,2025-10-07,estructural,05059
013-25,2025-10-07,estructural,05079
013-25,2025-10-07,estructural,05086
013-25,2025-10-07,estructural,05088
013-25,2025-10-07,estructural,05091
013-25,2025-10-07,estructural,05093
013-25,2025-10-07,estructural,05101
013-25,2025-10-07,estructural,05107
013-25,2025-10-07,estructural,05113
013-25,2025-10-07,estructural,05120
013-25,2025-10-07,estructural,05125
013-25,2025-10-07,estructural,05129
013-25,2025-10-07,estructural,05134
013-25,2025-10-07,estructural,05138
013-25,2025-10-07,estructural,05142
013-25,2025-10-07,estructural,05147
013-25,2025-10-07,estructural,05148
013-25,2025-10-07,estructural,05150
013-25,2025-10-07,estructural,05154
013-25,2025-10-07,estructural,05172
013-25,2025-10-07,estructural,05190
013-25,2025-10-07,estructural,05197
013-25,2025-10-07,estructural,05206
013-25,2025-10-07,estructural,05209
013-25,2025-10-07,estructural,05212
013-25,2025-10-07,estructural,05234
013-25,2025-10-07,estructural,05237
013-25,2025-10-07,estructural,05240
013-25,2025-10-07,estructural,05145
013-25,2025-10-07,estructural,05250
013-25,2025-10-07,estructural,05264
013-25,2025-10-07,estructural,05266
013-25,2025-10-07,estructural,05282
013-25,2025-10-07,estructural,05284
013-25,2025-10-07,estructural,05306
013-25,2025-10-07,estructural,05308
013-25,2025-10-07,estructural,05310
013-25,2025-10-07,estructural,05313
013-25,2025-10-07,estructural,05315
013-25,2025-10-07,estructural,05318
013-25,2025-10-07,estructural,05321
013-25,2025-10-07,estructural,05347
013-25,2025-10-07,estructural,05353
013-25,2025-10-07,estructural,05360
013-25,2025-10-07,estructural,05361
013-25,2025-10-07,estructural,05364
013-25,2025-10-07,estructural,05368
013-25,2025-10-07,estructural,05376
013-25,2025-10-07,estructural,05380
013-25,2025-10-07,estructural,05390
013-25,2025-10-07,estructural,05400
013-25,2025-10-07,estructural,05411
013-25,2025-10-07,estructural,05425
013-25,2025-10-07,estructural,05440
013-25,2025-10-07,estructural,05467
013-25,2025-10-07,estructural,05475
013-25,2025-10-07,estructural,05480
013-25,2025-10-07,estructural,05483
013-25,2025-10-07,estructural,05490
013-25,2025-10-07,estructural,05495
013-25,2025-10-07,estructural,05501
013-25,2025-10-07,estructural,05541
013-25,2025-10-07,estructural,05576
013-25,2025-10-07,estructural,05579
013-25,2025-10-07,estructural,05585
013-25,2025-10-07,estructural,05591
013-25,2025-10-07,estructural,05604
013-25,2025-10-07,estructural,05607
013-25,2025-10-07,estructural,05615
013-25,2025-10-07,estructural,05628
013-25,2025-10-07,estructural,05631
013-25,2025-10-07,estructural,05642
013-25,2025-10-07,estructural,05647
013-25,2025-10-07,estructural,05649
013-25,2025-10-07,estructural,05543
013-25,2025-10-07,estructural,05652
013-25,2025-10-07,estructural,05656
013-25,2025-10-07,estructural,05658
013-25,2025-10-07,estructural,05659
013-25,2025-10-07,estructural,05660
013-25,2025-10-07,estructural,05664
013-25,2025-10-07,estructural,05665
013-25,2025-10-07,estructural,05667
013-25,2025-10-07,estructural,05670
013-25,2025-10-07,estructural,05674
013-25,2025-10-07,estructural,05679
013-25,2025-10-07,estructural,05686
013-25,2025-10-07,estructural,05690
013-25,2025-10-07,estructural,05697
013-25,2025-10-07,estructural,05736
013-25,2025-10-07,estructural,05756
013-25,2025-10-07,estructural,05761
013-25,2025-10-07,estructural,05789
013-25,2025-10-07,estructural,05790
013-25,2025-10-07,estructural,05792
013-25,2025-10-07,estructural,05809
013-25,2025-10-07,estructural,05819
013-25,2025-10-07,estructural,05837
013-25,2025-10-07,estructural,05842
013-25,2025-10-07,estructural,05847
013-25,2025-10-07,estructural,05854
013-25,2025-10-07,estructural,05856
013-25,2025-10-07,estructural,05858
013-25,2025-10-07,estructural,05861
013-25,2025-10-07,estructural,05873
013-25,2025-10-07,estructural,05885
013-25,2025-10-07,estructural,05887
013-25,2025-10-07,estructural,05890
013-25,2025-10-07,estructural,05893
013-25,2025-10-07,estructural,05895
013-25,2025-10-07,estructural,08001
013-25,2025-10-07,estructural,08078
013-25,2025-10-07,estructural,08137
013-25,2025-10-07,estructural,08141
013-25,2025-10-07,estructural,08296
013-25,2025-10-07,estructural,08372
013-25,2025-10-07,estructural,08421
013-25,2025-10-07,estructural,08433
013-25,2025-10-07,estructural,08436
013-25,2025-10-07,estructural,08520
013-25,2025-10-07,estructural,08549
013-25,2025-10-07,estructural,08558
013-25,2025-10-07,estructural,08560
013-25,2025-10-07,estructural,08573
013-25,2025-10-07,estructural,08606
013-25,2025-10-07,estructural,08638
013-25,2025-10-07,estructural,08675
013-25,2025-10-07,estructural,08685
013-25,2025-10-07,estructural,08758
013-25,2025-10-07,estructural,08832
013-25,2025-10-07,estructural,08849
013-25,2025-10-07,estructural,11001
013-25,2025-10-07,estructural,88001
013-25,2025-10-07,estructural,88564
013-25,2025-10-07,estructural,13042
013-25,2025-10-07,estructural,13052
013-25,2025-10-07,estructural,13062
013-25,2025-10-07,estructural,13001
013-25,2025-10-07,estructural,13006
013-25,2025-10-07,estructural,13030
013-25,2025-10-07,estructural,13600
013-25,2025-10-07,estructural,13620
013-25,2025-10-07,estructural,13647
013-25,2025-10-07,estructural,13650
013-25,2025-10-07,estructural,13654
013-25,2025-10-07,estructural,13655
013-25,2025-10-07,estructural,13657
013-25,2025-10-07,estructural,13667
013-25,2025-10-07,estructural,13670
013-25,2025-10-07,estructural,13673
013-25,2025-10-07,estructural,13683
013-25,2025-10-07,estructural,13688
013-25,2025-10-07,estructural,13744
013-25,2025-10-07,estructural,13760
013-25,2025-10-07,estructural,13780
013-25,2025-10-07,estructural,13810
013-25,2025-10-07,estructural,13836
013-25,2025-10-07,estructural,13838
013-25,2025-10-07,estructural,13873
013-25,2025-10-07,estructural,13894
013-25,2025-10-07,estructural,15001
013-25,2025-10-07,estructural,15022
013-25,2025-10-07,estructural,15047
013-25,2025-10-07,estructural,15087
013-25,2025-10-07,estructural,15090
013-25,2025-10-07,estructural,15839
013-25,2025-10-07,estructural,15842
013-25,2025-10-07,estructural,15861
013-25,2025-10-07,estructural,15879
013-25,2025-10-07,estructural,15897
013-25,2025-10-07,estructural,15798
013-25,2025-10-07,estructural,17001
013-25,2025-10-07,estructural,17013
013-25,2025-10-07,estructural,17042
013-25,2025-10-07,estructural,17050
013-25,2025-10-07,estructural,17088
013-25,2025-10-07,estructural,17174
013-25,2025-10-07,estructural,17272
013-25,2025-10-07,estructural,17380
013-25,2025-10-07,estructural,17433
013-25,2025-10-07,estructural,17442
013-25,2025-10-07,estructural,17444
013-25,2025-10-07,estructural,17446
013-25,2025-10-07,estructural,17486
013-25,2025-10-07,estructural,17495
013-25,2025-10-07,estructural,17513
013-25,2025-10-07,estructural,17524
013-25,2025-10-07,estructural,17541
013-25,2025-10-07,estructural,17614
013-25,2025-10-07,estructural,17616
013-25,2025-10-07,estructural,17653
013-25,2025-10-07,estructural,17662
013-25,2025-10-07,estructural,17665
013-25,2025-10-07,estructural,17777
013-25,2025-10-07,estructural,17867
013-25,2025-10-07,estructural,17873
013-25,2025-10-07,estructural,17877
013-25,2025-10-07,estructural,18001
013-25,2025-10-07,estructural,18029
013-25,2025-10-07,estructural,18094
013-25,2025-10-07,estructural,18205
013-25,2025-10-07,estructural,18247
013-25,2025-10-07,estructural,18256
013-25,2025-10-07,estructural,19256
013-25,2025-10-07,estructural,19022
013-25,2025-10-07,estructural,19290
013-25,2025-10-07,estructural,19300
013-25,2025-10-07,estructural,19318
013-25,2025-10-07,estructural,19355
013-25,2025-10-07,estructural,19364
013-25,2025-10-07,estructural,19392
013-25,2025-10-07,estructural,19397
013-25,2025-10-07,estructural,19418
013-25,2025-10-07,estructural,19450
013-25,2025-10-07,estructural,19455
013-25,2025-10-07,estructural,19473
013-25,2025-10-07,estructural,19513
013-25,2025-10-07,estructural,19517
013-25,2025-10-07,estructural,19532
013-25,2025-10-07,estructural,19533
013-25,2025-10-07,estructural,19548
013-25,2025-10-07,estructural,19573
013-25,2025-10-07,estructural,19585
013-25,2025-10-07,estructural,19622
013-25,2025-10-07,estructural,19693
013-25,2025-10-07,estructural,19698
013-25,2025-10-07,estructural,19701
013-25,2025-10-07,estructural,19743
013-25,2025-10-07,estructural,19760
013-25,2025-10-07,estructural,19780
013-25,2025-10-07,estructural,19785
013-25,2025-10-07,estructural,19807
013-25,2025-10-07,estructural,19809
013-25,2025-10-07,estructural,19821
013-25,2025-10-07,estructural,19824
013-25,2025-10-07,estructural,19845
013-25,2025-10-07,estructural,20001
013-25,2025-10-07,estructural,20011
013-25,2025-10-07,estructural,20013
013-25,2025-10-07,estructural,20032
013-25,2025-10-07,estructural,20045
013-25,2025-10-07,estructural,17388
013-25,2025-10-07,estructural,18150
013-25,2025-10-07,estructural,18410
013-25,2025-10-07,estructural,18460
013-25,2025-10-07,estructural,18479
013-25,2025-10-07,estructural,18592
013-25,2025-10-07,estructural,18610
013-25,2025-10-07,estructural,18753
013-25,2025-10-07,estructural,18756
013-25,2025-10-07,estructural,18785
013-25,2025-10-07,estructural,18860
013-25,2025-10-07,estructural,19001
013-25,2025-10-07,estructural,19050
013-25,2025-10-07,estructural,19075
013-25,2025-10-07,estructural,19100
013-25,2025-10-07,estructural,19110
013-25,2025-10-07,estructural,19130
013-25,2025-10-07,estructural,19137
013-25,2025-10-07,estructural,19142
013-25,2025-10-07,estructural,19212
013-25,2025-10-07,estructural,15092
013-25,2025-10-07,estructural,15097
013-25,2025-10-07,estructural,15104
013-25,2025-10-07,estructural,15106
013-25,2025-10-07,estructural,15109
013-25,2025-10-07,estructural,15114
013-25,2025-10-07,estructural,15131
013-25,2025-10-07,estructural,15135
013-25,2025-10-07,estructural,15162
013-25,2025-10-07,estructural,15172
013-25,2025-10-07,estructural,15176
013-25,2025-10-07,estructural,15180
013-25,2025-10-07,estructural,15183
013-25,2025-10-07,estructural,15185
013-25,2025-10-07,estructural,15187
013-25,2025-10-07,estructural,15189
013-25,2025-10-07,estructural,15204
013-25,2025-10-07,estructural,15212
013-25,2025-10-07,estructural,15215
013-25,2025-10-07,estructural,15218
013-25,2025-10-07,estructural,15051
013-25,2025-10-07,estructural,15223
013-25,2025-10-07,estructural,15224
013-25,2025-10-07,estructural,15226
013-25,2025-10-07,estructural,15232
013-25,2025-10-07,estructural,15236
013-25,2025-10-07,estructural,15238
013-25,2025-10-07,estructural,15244
013-25,2025-10-07,estructural,15248
013-25,2025-10-07,estructural,15272
013-25,2025-10-07,estructural,15276
013-25,2025-10-07,estructural,15293
013-25,2025-10-07,estructural,15296
013-25,2025-10-07,estructural,15299
013-25,2025-10-07,estructural,15317
013-25,2025-10-07,estructural,15322
013-25,2025-10-07,estructural,15325
013-25,2025-10-07,estructural,15332
013-25,2025-10-07,estructural,15362
013-25,2025-10-07,estructural,15367
013-25,2025-10-07,estructural,15368
013-25,2025-10-07,estructural,15377
013-25,2025-10-07,estructural,15380
013-25,2025-10-07,estructural,15401
013-25,2025-10-07,estructural,15403
013-25,2025-10-07,estructural,15407
013-25,2025-10-07,estructural,15425
013-25,2025-10-07,estructural,15442
013-25,2025-10-07,estructural,15455
013-25,2025-10-07,estructural,15464
013-25,2025-10-07,estructural,15466
013-25,2025-10-07,estructural,15469
013-25,2025-10-07,estructural,15476
013-25,2025-10-07,estructural,15480
013-25,2025-10-07,estructural,15491
013-25,2025-10-07,estructural,15494
013-25,2025-10-07,estructural,15500
013-25,2025-10-07,estructural,15507
013-25,2025-10-07,estructural,15511
013-25,2025-10-07,estructural,15514
013-25,2025-10-07,estructural,15516
013-25,2025-10-07,estructural,15522
013-25,2025-10-07,estructural,15531
013-25,2025-10-07,estructural,15533
013-25,2025-10-07,estructural,15537
013-25,2025-10-07,estructural,15542
013-25,2025-10-07,estructural,15550
013-25,2025-10-07,estructural,15572
013-25,2025-10-07,estructural,15580
013-25,2025-10-07,estructural,15599
013-25,2025-10-07,estructural,15600
013-25,2025-10-07,estructural,15621
013-25,2025-10-07,estructural,15632
013-25,2025-10-07,estructural,15638
013-25,2025-10-07,estructural,15646
013-25,2025-10-07,estructural,15660
013-25,2025-10-07,estructural,15664
013-25,2025-10-07,estructural,15667
013-25,2025-10-07,estructural,15673
013-25,2025-10-07,estructural,15676
013-25,2025-10-07,estructural,15681
013-25,2025-10-07,estructural,15686
013-25,2025-10-07,estructural,15690
013-25,2025-10-07,estructural,15518
013-25,2025-10-07,estructural,15693
013-25,2025-10-07,estructural,15696
013-25,2025-10-07,estructural,15720
013-25,2025-10-07,estructural,15723
013-25,2025-10-07,estructural,15740
013-25,2025-10-07,estructural,15753
013-25,2025-10-07,estructural,15755
013-25,2025-10-07,estructural,15757
013-25,2025-10-07,estructural,15759
013-25,2025-10-07,estructural,15761
013-25,2025-10-07,estructural,15762
013-25,2025-10-07,estructural,15763
013-25,2025-10-07,estructural,15764
013-25,2025-10-07,estructural,15774
013-25,2025-10-07,estructural,15776
013-25,2025-10-07,estructural,15778
013-25,2025-10-07,estructural,15790
013-25,2025-10-07,estructural,15804
013-25,2025-10-07,estructural,15806
013-25,2025-10-07,estructural,15808
013-25,2025-10-07,estructural,15810
013-25,2025-10-07,estructural,15814
013-25,2025-10-07,estructural,15816
013-25,2025-10-07,estructural,15820
013-25,2025-10-07,estructural,15822
013-25,2025-10-07,estructural,15832
013-25,2025-10-07,estructural,15835
013-25,2025-10-07,estructural,15837
013-25,2025-10-07,estructural,13140
013-25,2025-10-07,estructural,13160
013-25,2025-10-07,estructural,13188
013-25,2025-10-07,estructural,13212
013-25,2025-10-07,estructural,13222
013-25,2025-10-07,estructural,13244
013-25,2025-10-07,estructural,13248
013-25,2025-10-07,estructural,13268
013-25,2025-10-07,estructural,13300
013-25,2025-10-07,estructural,13430
013-25,2025-10-07,estructural,13433
013-25,2025-10-07,estructural,13440
013-25,2025-10-07,estructural,13442
013-25,2025-10-07,estructural,13458
013-25,2025-10-07,estructural,13468
013-25,2025-10-07,estructural,13473
013-25,2025-10-07,estructural,13490
013-25,2025-10-07,estructural,13549
013-25,2025-10-07,estructural,13580
013-25,2025-10-07,estructural,13074
013-25,2025-10-07,estructural,27001
013-25,2025-10-07,estructural,27006
013-25,2025-10-07,estructural,27025
013-25,2025-10-07,estructural,27050
013-25,2025-10-07,estructural,27073
013-25,2025-10-07,estructural,27075
013-25,2025-10-07,estructural,27077
013-25,2025-10-07,estructural,27099
013-25,2025-10-07,estructural,27135
013-25,2025-10-07,estructural,27150
013-25,2025-10-07,estructural,27160
013-25,2025-10-07,estructural,27205
013-25,2025-10-07,estructural,27245
013-25,2025-10-07,estructural,27250
013-25,2025-10-07,estructural,27361
013-25,2025-10-07,estructural,27372
013-25,2025-10-07,estructural,27413
013-25,2025-10-07,estructural,27425
013-25,2025-10-07,estructural,27430
013-25,2025-10-07,estructural,27450
013-25,2025-10-07,estructural,27491
013-25,2025-10-07,estructural,27495
013-25,2025-10-07,estructural,27580
013-25,2025-10-07,estructural,27600
013-25,2025-10-07,estructural,27615
013-25,2025-10-07,estructural,27660
013-25,2025-10-07,estructural,27745
013-25,2025-10-07,estructural,27787
013-25,2025-10-07,estructural,27800
013-25,2025-10-07,estructural,27810
013-25,2025-10-07,estructural,20060
013-25,2025-10-07,estructural,20175
013-25,2025-10-07,estructural,20178
013-25,2025-10-07,estructural,20228
013-25,2025-10-07,estructural,20238
013-25,2025-10-07,estructural,20250
013-25,2025-10-07,estructural,20295
013-25,2025-10-07,estructural,20310
013-25,2025-10-07,estructural,20383
013-25,2025-10-07,estructural,20400
013-25,2025-10-07,estructural,20443
013-25,2025-10-07,estructural,20517
013-25,2025-10-07,estructural,20550
013-25,2025-10-07,estructural,20570
013-25,2025-10-07,estructural,20614
013-25,2025-10-07,estructural,20621
013-25,2025-10-07,estructural,20710
013-25,2025-10-07,estructural,20750
013-25,2025-10-07,estructural,20770
013-25,2025-10-07,estructural,20787
013-25,2025-10-07,estructural,23001
013-25,2025-10-07,estructural,23068
013-25,2025-10-07,estructural,23079
013-25,2025-10-07,estructural,23090
013-25,2025-10-07,estructural,23162
013-25,2025-10-07,estructural,23168
013-25,2025-10-07,estructural,23182
013-25,2025-10-07,estructural,23189
013-25,2025-10-07,estructural,23300
013-25,2025-10-07,estructural,23350
013-25,2025-10-07,estructural,23417
013-25,2025-10-07,estructural,23419
013-25,2025-10-07,estructural,23464
013-25,2025-10-07,estructural,23466
013-25,2025-10-07,estructural,23500
013-25,2025-10-07,estructural,23555
013-25,2025-10-07,estructural,23570
013-25,2025-10-07,estructural,23574
013-25,2025-10-07,estructural,23580
013-25,2025-10-07,estructural,23586
013-25,2025-10-07,estructural,23660
013-25,2025-10-07,estructural,23670
013-25,2025-10-07,estructural,23672
013-25,2025-10-07,estructural,23675
013-25,2025-10-07,estructural,23678
013-25,2025-10-07,estructural,23682
013-25,2025-10-07,estructural,23686
013-25,2025-10-07,estructural,23807
013-25,2025-10-07,estructural,23815
013-25,2025-10-07,estructural,23855
013-25,2025-10-07,estructural,85001
013-25,2025-10-07,estructural,85010
013-25,2025-10-07,estructural,85015
013-25,2025-10-07,estructural,85125
013-25,2025-10-07,estructural,85136
013-25,2025-10-07,estructural,85139
013-25,2025-10-07,estructural,85162
013-25,2025-10-07,estructural,85225
013-25,2025-10-07,estructural,85230
013-25,2025-10-07,estructural,85250
013-25,2025-10-07,estructural,85263
013-25,2025-10-07,estructural,85279
013-25,2025-10-07,estructural,85300
013-25,2025-10-07,estructural,85315
013-25,2025-10-07,estructural,85325
013-25,2025-10-07,estructural,85400
013-25,2025-10-07,estructural,85410
013-25,2025-10-07,estructural,85430
013-25,2025-10-07,estructural,85440
013-25,2025-10-07,estructural,25862
013-25,2025-10-07,estructural,25867
013-25,2025-10-07,estructural,25871
013-25,2025-10-07,estructural,25873
013-25,2025-10-07,estructural,25875
013-25,2025-10-07,estructural,25878
013-25,2025-10-07,estructural,25885
013-25,2025-10-07,estructural,25898
013-25,2025-10-07,estructural,25899
013-25,2025-10-07,estructural,25785
013-25,2025-10-07,estructural,25799
013-25,2025-10-07,estructural,41357
013-25,2025-10-07,estructural,41359
013-25,2025-10-07,estructural,41020
013-25,2025-10-07,estructural,41378
013-25,2025-10-07,estructural,41396
013-25,2025-10-07,estructural,41483
013-25,2025-10-07,estructural,41518
013-25,2025-10-07,estructural,41524
013-25,2025-10-07,estructural,41530
013-25,2025-10-07,estructural,41548
013-25,2025-10-07,estructural,41551
013-25,2025-10-07,estructural,41615
013-25,2025-10-07,estructural,41660
013-25,2025-10-07,estructural,41668
013-25,2025-10-07,estructural,41676
013-25,2025-10-07,estructural,41770
013-25,2025-10-07,estructural,41791
013-25,2025-10-07,estructural,41797
013-25,2025-10-07,estructural,41799
013-25,2025-10-07,estructural,41801
013-25,2025-10-07,estructural,41807
013-25,2025-10-07,estructural,41872
013-25,2025-10-07,estructural,41885
013-25,2025-10-07,estructural,44001
013-25,2025-10-07,estructural,41001
013-25,2025-10-07,estructural,41006
013-25,2025-10-07,estructural,41013
013-25,2025-10-07,estructural,41016
013-25,2025-10-07,estructural,41026
013-25,2025-10-07,estructural,41078
013-25,2025-10-07,estructural,41132
013-25,2025-10-07,estructural,41206
013-25,2025-10-07,estructural,41244
013-25,2025-10-07,estructural,41298
013-25,2025-10-07,estructural,41306
013-25,2025-10-07,estructural,41319
013-25,2025-10-07,estructural,41349
013-25,2025-10-07,estructural,25001
013-25,2025-10-07,estructural,25019
013-25,2025-10-07,estructural,25035
013-25,2025-10-07,estructural,25040
013-25,2025-10-07,estructural,25053
013-25,2025-10-07,estructural,25086
013-25,2025-10-07,estructural,25095
013-25,2025-10-07,estructural,25099
013-25,2025-10-07,estructural,25120
013-25,2025-10-07,estructural,25123
013-25,2025-10-07,estructural,25126
013-25,2025-10-07,estructural,25148
013-25,2025-10-07,estructural,25151
013-25,2025-10-07,estructural,25154
013-25,2025-10-07,estructural,25168
013-25,2025-10-07,estructural,25178
013-25,2025-10-07,estructural,25181
013-25,2025-10-07,estructural,25183
013-25,2025-10-07,estructural,25200
013-25,2025-10-07,estructural,25214
013-25,2025-10-07,estructural,25224
013-25,2025-10-07,estructural,25175
013-25,2025-10-07,estructural,25245
013-25,2025-10-07,estructural,25258
013-25,2025-10-07,estructural,25260
013-25,2025-10-07,estructural,25269
013-25,2025-10-07,estructural,25279
013-25,2025-10-07,estructural,25281
013-25,2025-10-07,estructural,25286
013-25,2025-10-07,estructural,25288
013-25,2025-10-07,estructural,25290
013-25,2025-10-07,estructural,25293
013-25,2025-10-07,estructural,25295
013-25,2025-10-07,estructural,25297
013-25,2025-10-07,estructural,25299
013-25,2025-10-07,estructural,25307
013-25,2025-10-07,estructural,25312
013-25,2025-10-07,estructural,25317
013-25,2025-10-07,estructural,25320
013-25,2025-10-07,estructural,25322
013-25,2025-10-07,estructural,25324
013-25,2025-10-07,estructural,25326
013-25,2025-10-07,estructural,25328
013-25,2025-10-07,estructural,25335
013-25,2025-10-07,estructural,25339
013-25,2025-10-07,estructural,25368
013-25,2025-10-07,estructural,25372
013-25,2025-10-07,estructural,25377
013-25,2025-10-07,estructural,25386
013-25,2025-10-07,estructural,25394
013-25,2025-10-07,estructural,25398
013-25,2025-10-07,estructural,25402
013-25,2025-10-07,estructural,25407
013-25,2025-10-07,estructural,25426
013-25,2025-10-07,estructural,25430
013-25,2025-10-07,estructural,25436
013-25,2025-10-07,estructural,25438
013-25,2025-10-07,estructural,25473
013-25,2025-10-07,estructural,25483
013-25,2025-10-07,estructural,25486
013-25,2025-10-07,estructural,25488
013-25,2025-10-07,estructural,25489
013-25,2025-10-07,estructural,25491
013-25,2025-10-07,estructural,25506
013-25,2025-10-07,estructural,25513
013-25,2025-10-07,estructural,25518
013-25,2025-10-07,estructural,25524
013-25,2025-10-07,estructural,25530
013-25,2025-10-07,estructural,25535
013-25,2025-10-07,estructural,25572
013-25,2025-10-07,estructural,25580
013-25,2025-10-07,estructural,25592
013-25,2025-10-07,estructural,25594
013-25,2025-10-07,estructural,25596
013-25,2025-10-07,estructural,25599
013-25,2025-10-07,estructural,25612
013-25,2025-10-07,estructural,25645
013-25,2025-10-07,estructural,25649
013-25,2025-10-07,estructural,25653
013-25,2025-10-07,estructural,25658
013-25,2025-10-07,estructural,25662
013-25,2025-10-07,estructural,25718
013-25,2025-10-07,estructural,25736
013-25,2025-10-07,estructural,25740
013-25,2025-10-07,estructural,25743
013-25,2025-10-07,estructural,25745
013-25,2025-10-07,estructural,25754
013-25,2025-10-07,estructural,25758
013-25,2025-10-07,estructural,25769
013-25,2025-10-07,estructural,25772
013-25,2025-10-07,estructural,25777
013-25,2025-10-07,estructural,25779
013-25,2025-10-07,estructural,25781
013-25,2025-10-07,estructural,25793
013-25,2025-10-07,estructural,25797
013-25,2025-10-07,estructural,25805
013-25,2025-10-07,estructural,25807
013-25,2025-10-07,estructural,25815
013-25,2025-10-07,estructural,25817
013-25,2025-10-07,estructural,25823
013-25,2025-10-07,estructural,25839
013-25,2025-10-07,estructural,25841
013-25,2025-10-07,estructural,25843
013-25,2025-10-07,estructural,25845
013-25,2025-10-07,estructural,25851
013-25,2025-10-07,estructural,47605
013-25,2025-10-07,estructural,47660
013-25,2025-10-07,estructural,47720
013-25,2025-10-07,estructural,41503
013-25,2025-10-07,estructural,44035
013-25,2025-10-07,estructural,44078
013-25,2025-10-07,estructural,44090
013-25,2025-10-07,estructural,44098
013-25,2025-10-07,estructural,44110
013-25,2025-10-07,estructural,44279
013-25,2025-10-07,estructural,44378
013-25,2025-10-07,estructural,44420
013-25,2025-10-07,estructural,44430
013-25,2025-10-07,estructural,44560
013-25,2025-10-07,estructural,44650
013-25,2025-10-07,estructural,44847
013-25,2025-10-07,estructural,44855
013-25,2025-10-07,estructural,44874
013-25,2025-10-07,estructural,47001
013-25,2025-10-07,estructural,47030
013-25,2025-10-07,estructural,47053
013-25,2025-10-07,estructural,47205
013-25,2025-10-07,estructural,47245
013-25,2025-10-07,estructural,47460
013-25,2025-10-07,estructural,47541
013-25,2025-10-07,estructural,94663
013-25,2025-10-07,estructural,94883
013-25,2025-10-07,estructural,94884
013-25,2025-10-07,estructural,94885
013-25,2025-10-07,estructural,94886
013-25,2025-10-07,estructural,94887
013-25,2025-10-07,estructural,94888
013-25,2025-10-07,estructural,95001
013-25,2025-10-07,estructural,95015
013-25,2025-10-07,estructural,95025
013-25,2025-10-07,estructural,95200
013-25,2025-10-07,estructural,94001
013-25,2025-10-07,estructural,94343
013-25,2025-10-07,estructural,47570
013-25,2025-10-07,estructural,47675
013-25,2025-10-07,estructural,47692
013-25,2025-10-07,estructural,47703
013-25,2025-10-07,estructural,47707
013-25,2025-10-07,estructural,47745
013-25,2025-10-07,estructural,47798
013-25,2025-10-07,estructural,47960
013-25,2025-10-07,estructural,47980
013-25,2025-10-07,estructural,50001
013-25,2025-10-07,estructural,50006
013-25,2025-10-07,estructural,50110
013-25,2025-10-07,estructural,50124
013-25,2025-10-07,estructural,50150
013-25,2025-10-07,estructural,50223
013-25,2025-10-07,estructural,50226
013-25,2025-10-07,estructural,50245
013-25,2025-10-07,estructural,50251
013-25,2025-10-07,estructural,50270
013-25,2025-10-07,estructural,50287
013-25,2025-10-07,estructural,50313
013-25,2025-10-07,estructural,50318
013-25,2025-10-07,estructural,50325
013-25,2025-10-07,estructural,50330
013-25,2025-10-07,estructural,50350
013-25,2025-10-07,estructural,50370
013-25,2025-10-07,estructural,50400
013-25,2025-10-07,estructural,50450
013-25,2025-10-07,estructural,50568
013-25,2025-10-07,estructural,50573
013-25,2025-10-07,estructural,54670
013-25,2025-10-07,estructural,54673
013-25,2025-10-07,estructural,54680
013-25,2025-10-07,estructural,54720
013-25,2025-10-07,estructural,54743
013-25,2025-10-07,estructural,54800
013-25,2025-10-07,estructural,54398
013-25,2025-10-07,estructural,54810
013-25,2025-10-07,estructural,54820
013-25,2025-10-07,estructural,54871
013-25,2025-10-07,estructural,54874
013-25,2025-10-07,estructural,63001
013-25,2025-10-07,estructural,63111
013-25,2025-10-07,estructural,63130
013-25,2025-10-07,estructural,63190
013-25,2025-10-07,estructural,63272
013-25,2025-10-07,estructural,63302
013-25,2025-10-07,estructural,63401
013-25,2025-10-07,estructural,63470
013-25,2025-10-07,estructural,63548
013-25,2025-10-07,estructural,63594
013-25,2025-10-07,estructural,63690
013-25,2025-10-07,estructural,66001
013-25,2025-10-07,estructural,66045
013-25,2025-10-07,estructural,66075
013-25,2025-10-07,estructural,66088
013-25,2025-10-07,estructural,66170
013-25,2025-10-07,estructural,66318
013-25,2025-10-07,estructural,66383
013-25,2025-10-07,estructural,66440
013-25,2025-10-07,estructural,66456
013-25,2025-10-07,estructural,66572
013-25,2025-10-07,estructural,66594
013-25,2025-10-07,estructural,66682
013-25,2025-10-07,estructural,66687
013-25,2025-10-07,estructural,68001
013-25,2025-10-07,estructural,68013
013-25,2025-10-07,estructural,68020
013-25,2025-10-07,estructural,68051
013-25,2025-10-07,estructural,66400
013-25,2025-10-07,estructural,68245
013-25,2025-10-07,estructural,68250
013-25,2025-10-07,estructural,68255
013-25,2025-10-07,estructural,68264
013-25,2025-10-07,estructural,68266
013-25,2025-10-07,estructural,68271
013-25,2025-10-07,estructural,68276
013-25,2025-10-07,estructural,68296
013-25,2025-10-07,estructural,68298
013-25,2025-10-07,estructural,68307
013-25,2025-10-07,estructural,68318
013-25,2025-10-07,estructural,68320
013-25,2025-10-07,estructural,68322
013-25,2025-10-07,estructural,68324
013-25,2025-10-07,estructural,68327
013-25,2025-10-07,estructural,68368
013-25,2025-10-07,estructural,68370
013-25,2025-10-07,estructural,68377
013-25,2025-10-07,estructural,68385
013-25,2025-10-07,estructural,68397
013-25,2025-10-07,estructural,63212
013-25,2025-10-07,estructural,68077
013-25,2025-10-07,estructural,68079
013-25,2025-10-07,estructural,68081
013-25,2025-10-07,estructural,68092
013-25,2025-10-07,estructural,68101
013-25,2025-10-07,estructural,68132
013-25,2025-10-07,estructural,68147
013-25,2025-10-07,estructural,68152
013-25,2025-10-07,estructural,68160
013-25,2025-10-07,estructural,68162
013-25,2025-10-07,estructural,68167
013-25,2025-10-07,estructural,68169
013-25,2025-10-07,estructural,68176
013-25,2025-10-07,estructural,68179
013-25,2025-10-07,estructural,68190
013-25,2025-10-07,estructural,68207
013-25,2025-10-07,estructural,68211
013-25,2025-10-07,estructural,68217
013-25,2025-10-07,estructural,68229
013-25,2025-10-07,estructural,68235
013-25,2025-10-07,estructural,50577
013-25,2025-10-07,estructural,50590
013-25,2025-10-07,estructural,50606
013-25,2025-10-07,estructural,50680
013-25,2025-10-07,estructural,50683
013-25,2025-10-07,estructural,50686
013-25,2025-10-07,estructural,50689
013-25,2025-10-07,estructural,50711
013-25,2025-10-07,estructural,52001
013-25,2025-10-07,estructural,52019
013-25,2025-10-07,estructural,52022
013-25,2025-10-07,estructural,52036
013-25,2025-10-07,estructural,52051
013-25,2025-10-07,estructural,52079
013-25,2025-10-07,estructural,52110
013-25,2025-10-07,estructural,52203
013-25,2025-10-07,estructural,52207
013-25,2025-10-07,estructural,52210
013-25,2025-10-07,estructural,52215
013-25,2025-10-07,estructural,52224
013-25,2025-10-07,estructural,52227
013-25,2025-10-07,estructural,52233
013-25,2025-10-07,estructural,52240
013-25,2025-10-07,estructural,52250
013-25,2025-10-07,estructural,52254
013-25,2025-10-07,estructural,52256
013-25,2025-10-07,estructural,52258
013-25,2025-10-07,estructural,52260
013-25,2025-10-07,estructural,52287
013-25,2025-10-07,estructural,52317
013-25,2025-10-07,estructural,52320
013-25,2025-10-07,estructural,52323
013-25,2025-10-07,estructural,52352
013-25,2025-10-07,estructural,52354
013-25,2025-10-07,estructural,52356
013-25,2025-10-07,estructural,52378
013-25,2025-10-07,estructural,52381
013-25,2025-10-07,estructural,52385
013-25,2025-10-07,estructural,52083
013-25,2025-10-07,estructural,52390
013-25,2025-10-07,estructural,52399
013-25,2025-10-07,estructural,52405
013-25,2025-10-07,estructural,52411
013-25,2025-10-07,estructural,52418
013-25,2025-10-07,estructural,52427
013-25,2025-10-07,estructural,52435
013-25,2025-10-07,estructural,52473
013-25,2025-10-07,estructural,52480
013-25,2025-10-07,estructural,52490
013-25,2025-10-07,estructural,52506
013-25,2025-10-07,estructural,52520
013-25,2025-10-07,estructural,52540
013-25,2025-10-07,estructural,52560
013-25,2025-10-07,estructural,52565
013-25,2025-10-07,estructural,52573
013-25,2025-10-07,estructural,52585
013-25,2025-10-07,estructural,52612
013-25,2025-10-07,estructural,52621
013-25,2025-10-07,estructural,52678
013-25,2025-10-07,estructural,52683
013-25,2025-10-07,estructural,52685
013-25,2025-10-07,estructural,52687
013-25,2025-10-07,estructural,52693
013-25,2025-10-07,estructural,52694
013-25,2025-10-07,estructural,52696
013-25,2025-10-07,estructural,52699
013-25,2025-10-07,estructural,52720
013-25,2025-10-07,estructural,52786
013-25,2025-10-07,estructural,52788
013-25,2025-10-07,estructural,52835
013-25,2025-10-07,estructural,52838
013-25,2025-10-07,estructural,52885
013-25,2025-10-07,estructural,54001
013-25,2025-10-07,estructural,54003
013-25,2025-10-07,estructural,54051
013-25,2025-10-07,estructural,54099
013-25,2025-10-07,estructural,54109
013-25,2025-10-07,estructural,54125
013-25,2025-10-07,estructural,54128
013-25,2025-10-07,estructural,54172
013-25,2025-10-07,estructural,54174
013-25,2025-10-07,estructural,54206
013-25,2025-10-07,estructural,54223
013-25,2025-10-07,estructural,54239
013-25,2025-10-07,estructural,54245
013-25,2025-10-07,estructural,54250
013-25,2025-10-07,estructural,54261
013-25,2025-10-07,estructural,54313
013-25,2025-10-07,estructural,54344
013-25,2025-10-07,estructural,54347
013-25,2025-10-07,estructural,54377
013-25,2025-10-07,estructural,54385
013-25,2025-10-07,estructural,54405
013-25,2025-10-07,estructural,54418
013-25,2025-10-07,estructural,54480
013-25,2025-10-07,estructural,54498
013-25,2025-10-07,estructural,54518
013-25,2025-10-07,estructural,54520
013-25,2025-10-07,estructural,54553
013-25,2025-10-07,estructural,54599
013-25,2025-10-07,estructural,54660
013-25,2025-10-07,estructural,47058
013-25,2025-10-07,estructural,47161
013-25,2025-10-07,estructural,47170
013-25,2025-10-07,estructural,47189
013-25,2025-10-07,estructural,47258
013-25,2025-10-07,estructural,47268
013-25,2025-10-07,estructural,47288
013-25,2025-10-07,estructural,47318
013-25,2025-10-07,estructural,47545
013-25,2025-10-07,estructural,47551
013-25,2025-10-07,estructural,47555
013-25,2025-10-07,estructural,70708
013-25,2025-10-07,estructural,70713
013-25,2025-10-07,estructural,70717
013-25,2025-10-07,estructural,70742
013-25,2025-10-07,estructural,70771
013-25,2025-10-07,estructural,70820
013-25,2025-10-07,estructural,70823
013-25,2025-10-07,estructural,73001
013-25,2025-10-07,estructural,73024
013-25,2025-10-07,estructural,73026
013-25,2025-10-07,estructural,73030
013-25,2025-10-07,estructural,73043
013-25,2025-10-07,estructural,73055
013-25,2025-10-07,estructural,73067
013-25,2025-10-07,estructural,73124
013-25,2025-10-07,estructural,73148
013-25,2025-10-07,estructural,73152
013-25,2025-10-07,estructural,73168
013-25,2025-10-07,estructural,73200
013-25,2025-10-07,estructural,73217
013-25,2025-10-07,estructural,73226
013-25,2025-10-07,estructural,73236
013-25,2025-10-07,estructural,73268
013-25,2025-10-07,estructural,73270
013-25,2025-10-07,estructural,73275
013-25,2025-10-07,estructural,73283
013-25,2025-10-07,estructural,73319
013-25,2025-10-07,estructural,73347
013-25,2025-10-07,estructural,73349
013-25,2025-10-07,estructural,73352
013-25,2025-10-07,estructural,73411
013-25,2025-10-07,estructural,73443
013-25,2025-10-07,estructural,73449
013-25,2025-10-07,estructural,73461
013-25,2025-10-07,estructural,73483
013-25,2025-10-07,estructural,73504
013-25,2025-10-07,estructural,73520
013-25,2025-10-07,estructural,73547
013-25,2025-10-07,estructural,76377
013-25,2025-10-07,estructural,76400
013-25,2025-10-07,estructural,76403
013-25,2025-10-07,estructural,76497
013-25,2025-10-07,estructural,76520
013-25,2025-10-07,estructural,76563
013-25,2025-10-07,estructural,76606
013-25,2025-10-07,estructural,76616
013-25,2025-10-07,estructural,76622
013-25,2025-10-07,estructural,76670
013-25,2025-10-07,estructural,76248
013-25,2025-10-07,estructural,76736
013-25,2025-10-07,estructural,76823
013-25,2025-10-07,estructural,76828
013-25,2025-10-07,estructural,76834
013-25,2025-10-07,estructural,76845
013-25,2025-10-07,estructural,76863
013-25,2025-10-07,estructural,76869
013-25,2025-10-07,estructural,76890
013-25,2025-10-07,estructural,76892
013-25,2025-10-07,estructural,76895
013-25,2025-10-07,estructural,73408
013-25,2025-10-07,estructural,73555
013-25,2025-10-07,estructural,73563
013-25,2025-10-07,estructural,73585
013-25,2025-10-07,estructural,73616
013-25,2025-10-07,estructural,73622
013-25,2025-10-07,estructural,73624
013-25,2025-10-07,estructural,73671
013-25,2025-10-07,estructural,73675
013-25,2025-10-07,estructural,73678
013-25,2025-10-07,estructural,73686
013-25,2025-10-07,estructural,73770
013-25,2025-10-07,estructural,73854
013-25,2025-10-07,estructural,73861
013-25,2025-10-07,estructural,73870
013-25,2025-10-07,estructural,73873
013-25,2025-10-07,estructural,76001
013-25,2025-10-07,estructural,76020
013-25,2025-10-07,estructural,76036
013-25,2025-10-07,estructural,76041
013-25,2025-10-07,estructural,76054
013-25,2025-10-07,estructural,76100
013-25,2025-10-07,estructural,76109
013-25,2025-10-07,estructural,76111
013-25,2025-10-07,estructural,76113
013-25,2025-10-07,estructural,76122
013-25,2025-10-07,estructural,76126
013-25,2025-10-07,estructural,76130
013-25,2025-10-07,estructural,76147
013-25,2025-10-07,estructural,76233
013-25,2025-10-07,estructural,76243
013-25,2025-10-07,estructural,76246
013-25,2025-10-07,estructural,76250
013-25,2025-10-07,estructural,76275
013-25,2025-10-07,estructural,76306
013-25,2025-10-07,estructural,76318
013-25,2025-10-07,estructural,76364
013-25,2025-10-07,estructural,68121
013-25,2025-10-07,estructural,68209
013-25,2025-10-07,estructural,68406
013-25,2025-10-07,estructural,68418
013-25,2025-10-07,estructural,68425
013-25,2025-10-07,estructural,68432
013-25,2025-10-07,estructural,68444
013-25,2025-10-07,estructural,68464
013-25,2025-10-07,estructural,68468
013-25,2025-10-07,estructural,68498
013-25,2025-10-07,estructural,68500
013-25,2025-10-07,estructural,68502
013-25,2025-10-07,estructural,68522
013-25,2025-10-07,estructural,68524
013-25,2025-10-07,estructural,68533
013-25,2025-10-07,estructural,68547
013-25,2025-10-07,estructural,68572
013-25,2025-10-07,estructural,68573
013-25,2025-10-07,estructural,68575
013-25,2025-10-07,estructural,68344
013-25,2025-10-07,estructural,68615
013-25,2025-10-07,estructural,68655
013-25,2025-10-07,estructural,68549
013-25,2025-10-07,estructural,68669
013-25,2025-10-07,estructural,68673
013-25,2025-10-07,estructural,68679
013-25,2025-10-07,estructural,68682
013-25,2025-10-07,estructural,68684
013-25,2025-10-07,estructural,68689
013-25,2025-10-07,estructural,68705
013-25,2025-10-07,estructural,68720
013-25,2025-10-07,estructural,68745
013-25,2025-10-07,estructural,68755
013-25,2025-10-07,estructural,68770
013-25,2025-10-07,estructural,68773
013-25,2025-10-07,estructural,68780
013-25,2025-10-07,estructural,68820
013-25,2025-10-07,estructural,68855
013-25,2025-10-07,estructural,68861
013-25,2025-10-07,estructural,68867
013-25,2025-10-07,estructural,68872
013-25,2025-10-07,estructural,68895
013-25,2025-10-07,estructural,68686
013-25,2025-10-07,estructural,70001
013-25,2025-10-07,estructural,70110
013-25,2025-10-07,estructural,70124
013-25,2025-10-07,estructural,70204
013-25,2025-10-07,estructural,70215
013-25,2025-10-07,estructural,70221
013-25,2025-10-07,estructural,70230
013-25,2025-10-07,estructural,70233
013-25,2025-10-07,estructural,70235
013-25,2025-10-07,estructural,70265
013-25,2025-10-07,estructural,70400
013-25,2025-10-07,estructural,70418
013-25,2025-10-07,estructural,70429
013-25,2025-10-07,estructural,70473
013-25,2025-10-07,estructural,70508
013-25,2025-10-07,estructural,70523
013-25,2025-10-07,estructural,70670
013-25,2025-10-07,estructural,70678
013-25,2025-10-07,estructural,70702
013-25,2025-10-07,estructural,86320
013-25,2025-10-07,estructural,86749
013-25,2025-10-07,estructural,86757
013-25,2025-10-07,estructural,97001
013-25,2025-10-07,estructural,97161
013-25,2025-10-07,estructural,97511
013-25,2025-10-07,estructural,97666
013-25,2025-10-07,estructural,97777
013-25,2025-10-07,estructural,97889
013-25,2025-10-07,estructural,99001
013-25,2025-10-07,estructural,99524
013-25,2025-10-07,estructural,99624
013-25,2025-10-07,estructural,99773
013-25,2025-10-07,estructural,86001
013-25,2025-10-07,estructural,86219
013-25,2025-10-07,estructural,86568
013-25,2025-10-07,estructural,86569
013-25,2025-10-07,estructural,86571
013-25,2025-10-07,estructural,86573
013-25,2025-10-07,estructural,86755
013-25,2025-10-07,estructural,86760
013-25,2025-10-07,estructural,86865
013-25,2025-10-07,estructural,86885
014-25,2025-10-08,estructural,15223
014-25,2025-10-08,estructural,81001
014-25,2025-10-08,estructural,81065
014-25,2025-10-08,estructural,81220
014-25,2025-10-08,estructural,81300
014-25,2025-10-08,estructural,81591
014-25,2025-10-08,estructural,81736
014-25,2025-10-08,estructural,81794
015-25,2025-10-28,inminencia,99001
015-25,2025-10-28,inminencia,99524
015-25,2025-10-28,inminencia,99624
015-25,2025-10-28,inminencia,99773
016-25,2025-10-28,estructural,68615
017-25,2025-10-29,inminencia,54810
018-25,2025-10-30,estructural,19780
019-25,2025-11-18,inminencia,05107
020-25,2025-12-02,estructural,20001
020-25,2025-12-02,estructural,44001
020-25,2025-12-02,estructural,20060
020-25,2025-12-02,estructural,20238
020-25,2025-12-02,estructural,20250
020-25,2025-12-02,estructural,20570
020-25,2025-12-02,estructural,47570
020-25,2025-12-02,estructural,47980
020-25,2025-12-02,estructural,44035
020-25,2025-12-02,estructural,44078
020-25,2025-12-02,estructural,44090
020-25,2025-12-02,estructural,44098
020-25,2025-12-02,estructural,44279
020-25,2025-12-02,estructural,44378
020-25,2025-12-02,estructural,44650
020-25,2025-12-02,estructural,47001
020-25,2025-12-02,estructural,47030
020-25,2025-12-02,estructural,47053
020-25,2025-12-02,estructural,47189
020-25,2025-12-02,estructural,47268
020-25,2025-12-02,estructural,47288
001-26,2026-01-09,estructural,66088
001-26,2026-01-09,estructural,66456
001-26,2026-01-09,estructural,66572
002-26,2026-01-26,inminencia,70233
003-26,2026-01-30,inminencia,13600
003-26,2026-01-30,inminencia,13458
003-26,2026-01-30,inminencia,13490
003-26,2026-01-30,inminencia,13580
004-26,2026-02-15,inminencia,18247
004-26,2026-02-15,inminencia,18592
005-26,2026-02-16,inminencia,52254
005-26,2026-02-16,inminencia,52260
006-26,2026-03-05,inminencia,20310
006-26,2026-03-05,inminencia,20614
006-26,2026-03-05,inminencia,54003
006-26,2026-03-05,inminencia,54498
007-26,2026-03-05,inminencia,54128
007-26,2026-03-05,inminencia,54385
008-26,2026-03-06,inminencia,94883
008-26,2026-03-06,inminencia,94884
008-26,2026-03-06,inminencia,94885
008-26,2026-03-06,inminencia,94886
008-26,2026-03-06,inminencia,94001
009-26,2026-03-10,inminencia,41020
009-26,2026-03-10,inminencia,41132
010-26,2026-03-18,inminencia,27250
011-26,2026-04-23,estructural,27050
012-26,2026-05-11,inminencia,19075
013-26,2026-06-22,inminencia,44430
014-26,2026-06-25,inminencia,47745
015-26,2026-07-07,estructural,68001
015-26,2026-07-07,estructural,68276
015-26,2026-07-07,estructural,68307
015-26,2026-07-07,estructural,68547
016-26,2026-07-16,estructural,41524
016-26,2026-07-16,estructural,41676
016-26,2026-07-16,estructural,41801
016-26,2026-07-16,estructural,41001
016-26,2026-07-16,estructural,41016
017-26,2026-07-17,inminencia,76041
017-26,2026-07-17,inminencia,76147
017-26,2026-07-17,inminencia,76243
018-26,2026-08-18,estructural,19001
019-26,2026-08-25,estructural,08078
019-26,2026-08-25,estructural,08421
019-26,2026-08-25,estructural,08558
019-26,2026-08-25,estructural,08606
019-26,2026-08-25,estructural,08638
020-26,2026-08-26,inminencia,05250
021-26,2026-09-02,inminencia,97666
021-26,2026-09-02,inminencia,91407
021-26,2026-09-02,inminencia,91430
022-26,2026-09-02,inminencia,19450
023-26,2026-09-29,estructural,76364
024-26,2026-10-05,estructural,13430
