cod_divipola,anio,valor,numerador,denominador
05001,2016,80.7775,,
05001,2017,71.5909,,
05001,2018,80.5844,,
05001,2019,83.5959,,
05001,2020,82.3163,,
05002,2016,49.4809,,
05002,2017,44.0457,,
05002,2018,50.8869,,
05002,2019,61.776,,
05002,2020,54.8995,,
05004,2016,44.94,,
05004,2017,56.2403,,
05004,2018,52.7011,,
05004,2019,47.6157,,
05004,2020,35.1509,,
05021,2016,54.94,,
05021,2017,55.6045,,
05021,2018,41.8405,,
05021,2019,54.454,,
05021,2020,48.6172,,
05030,2016,51.8763,,
05030,2017,52.2592,,
05030,2018,58.9005,,
05030,2019,61.2151,,
05030,2020,53.8818,,
05031,2016,61.1718,,
05031,2017,55.2845,,
05031,2018,59.3509,,
05031,2019,56.0264,,
05031,2020,40.4148,,
05034,2016,56.3107,,
05034,2017,52.5852,,
05034,2018,46.035,,
05034,2019,64.8555,,
05034,2020,60.1323,,
05036,2016,50.4831,,
05036,2017,52.227,,
05036,2018,44.0272,,
05036,2019,59.8447,,
05036,2020,52.6924,,
05038,2016,61.3695,,
05038,2017,51.9724,,
05038,2018,54.1313,,
05038,2019,60.363,,
05038,2020,57.277,,
05040,2016,51.0303,,
05040,2017,51.8435,,
05040,2018,51.5816,,
05040,2019,54.1405,,
05040,2020,46.3115,,
05042,2016,55.2705,,
05042,2017,61.0314,,
05042,2018,60.1267,,
05042,2019,60.4754,,
05042,2020,70.1599,,
05044,2016,44.6633,,
05044,2017,50.218,,
05044,2018,50.3727,,
05044,2019,50.1205,,
05044,2020,45.9962,,
05045,2016,54.3225,,
05045,2017,58.3662,,
05045,2018,59.7451,,
05045,2019,75.0802,,
05045,2020,74.2997,,
05051,2016,47.6855,,
05051,2017,45.2754,,
05051,2018,40.073,,
05051,2019,44.7281,,
05051,2020,46.3576,,
05055,2016,48.1271,,
05055,2017,44.6706,,
05055,2018,43.9274,,
05055,2019,50.4103,,
05055,2020,50.2115,,
05059,2016,41.5988,,
05059,2017,53.5746,,
05059,2018,50.394,,
05059,2019,55.7052,,
05059,2020,50.377,,
05079,2016,61.8877,,
05079,2017,69.8152,,
05079,2018,60.2041,,
05079,2019,67.8784,,
05079,2020,59.4274,,
05086,2016,55.2378,,
05086,2017,54.847,,
05086,2018,51.6617,,
05086,2019,59.9378,,
05086,2020,50.7943,,
05088,2016,69.9631,,
05088,2017,70.7183,,
05088,2018,67.4104,,
05088,2019,67.2619,,
05088,2020,63.4084,,
05091,2016,48.9069,,
05091,2017,51.0296,,
05091,2018,52.0664,,
05091,2019,59.1267,,
05091,2020,60.297,,
05093,2016,45.2545,,
05093,2017,48.9567,,
05093,2018,43.5497,,
05093,2019,55.7773,,
05093,2020,50.4119,,
05101,2016,53.8144,,
05101,2017,54.3881,,
05101,2018,56.2876,,
05101,2019,63.9335,,
05101,2020,62.4513,,
05107,2016,53.5085,,
05107,2017,46.0447,,
05107,2018,57.3094,,
05107,2019,61.9507,,
05107,2020,50.1487,,
05113,2016,36.0943,,
05113,2017,32.8756,,
05113,2018,41.2837,,
05113,2019,47.684,,
05113,2020,48.6086,,
05120,2016,44.1696,,
05120,2017,49.9297,,
05120,2018,38.7051,,
05120,2019,27.2041,,
05120,2020,41.3945,,
05125,2016,48.2399,,
05125,2017,34.1223,,
05125,2018,50.2385,,
05125,2019,51.3394,,
05125,2020,46.9283,,
05129,2016,59.3924,,
05129,2017,58.5207,,
05129,2018,64.9591,,
05129,2019,58.0842,,
05129,2020,70.5035,,
05134,2016,44.597,,
05134,2017,47.4408,,
05134,2018,37.3041,,
05134,2019,46.6549,,
05134,2020,47.1563,,
05138,2016,50.702,,
05138,2017,50.2252,,
05138,2018,46.1434,,
05138,2019,36.5343,,
05138,2020,58.494,,
05142,2016,51.5807,,
05142,2017,46.5524,,
05142,2018,47.7372,,
05142,2019,56.7052,,
05142,2020,43.203,,
05145,2016,57.0615,,
05145,2017,45.0719,,
05145,2018,45.3895,,
05145,2019,53.1221,,
05145,2020,39.4567,,
05147,2016,50.3861,,
05147,2017,57.5186,,
05147,2018,57.603,,
05147,2019,49.2348,,
05147,2020,54.1253,,
05148,2016,56.102,,
05148,2017,64.2082,,
05148,2018,73.9238,,
05148,2019,74.7053,,
05148,2020,72.1007,,
05150,2016,59.8081,,
05150,2017,57.2317,,
05150,2018,69.1521,,
05150,2019,69.4228,,
05150,2020,64.2695,,
05154,2016,54.5483,,
05154,2017,36.2129,,
05154,2018,61.0543,,
05154,2019,59.6359,,
05154,2020,57.4006,,
05172,2016,56.8378,,
05172,2017,51.2139,,
05172,2018,54.0061,,
05172,2019,65.2468,,
05172,2020,60.6948,,
05190,2016,52.2092,,
05190,2017,50.1297,,
05190,2018,53.8016,,
05190,2019,64.9721,,
05190,2020,67.8662,,
05197,2016,57.0557,,
05197,2017,40.3948,,
05197,2018,45.2412,,
05197,2019,49.7704,,
05197,2020,50.5844,,
05206,2016,43.4999,,
05206,2017,39.3872,,
05206,2018,46.1378,,
05206,2019,42.3952,,
05206,2020,44.0849,,
05209,2016,60.5258,,
05209,2017,62.14,,
05209,2018,58.3502,,
05209,2019,58.9756,,
05209,2020,60.5158,,
05212,2016,70.7508,,
05212,2017,71.1388,,
05212,2018,71.4946,,
05212,2019,68.9512,,
05212,2020,66.2456,,
05234,2016,43.7021,,
05234,2017,42.294,,
05234,2018,34.88,,
05234,2019,58.1612,,
05234,2020,56.5411,,
05237,2016,51.4408,,
05237,2017,59.0774,,
05237,2018,59.9324,,
05237,2019,68.8579,,
05237,2020,59.0797,,
05240,2016,46.1461,,
05240,2017,57.3337,,
05240,2018,49.7951,,
05240,2019,57.9121,,
05240,2020,50.4148,,
05250,2016,50.4647,,
05250,2017,49.4702,,
05250,2018,48.9896,,
05250,2019,53.0092,,
05250,2020,47.1356,,
05264,2016,61.7951,,
05264,2017,53.3525,,
05264,2018,50.0444,,
05264,2019,62.8875,,
05264,2020,58.3238,,
05266,2016,82.4737,,
05266,2017,80.8022,,
05266,2018,80.7363,,
05266,2019,83.8805,,
05266,2020,78.16,,
05282,2016,44.6828,,
05282,2017,50.0414,,
05282,2018,50.3422,,
05282,2019,59.634,,
05282,2020,41.639,,
05284,2016,56.6972,,
05284,2017,54.2666,,
05284,2018,53.0354,,
05284,2019,59.8432,,
05284,2020,39.2691,,
05306,2016,49.1504,,
05306,2017,43.8754,,
05306,2018,43.8029,,
05306,2019,47.0875,,
05306,2020,46.8464,,
05308,2016,59.0696,,
05308,2017,72.3367,,
05308,2018,66.7678,,
05308,2019,66.4532,,
05308,2020,69.5618,,
05310,2016,45.5776,,
05310,2017,43.3597,,
05310,2018,47.5416,,
05310,2019,55.1732,,
05310,2020,53.32,,
05313,2016,51.6305,,
05313,2017,55.0475,,
05313,2018,48.08,,
05313,2019,57.3234,,
05313,2020,50.0256,,
05315,2016,50.4317,,
05315,2017,58.9433,,
05315,2018,56.8299,,
05315,2019,55.3939,,
05315,2020,48.0914,,
05318,2016,68.5605,,
05318,2017,66.949,,
05318,2018,75.2664,,
05318,2019,73.5186,,
05318,2020,68.4306,,
05321,2016,60.6541,,
05321,2017,65.1458,,
05321,2018,62.8077,,
05321,2019,66.8854,,
05321,2020,68.0903,,
05347,2016,55.4235,,
05347,2017,55.7791,,
05347,2018,52.1644,,
05347,2019,54.2038,,
05347,2020,52.2704,,
05353,2016,42.1688,,
05353,2017,43.9812,,
05353,2018,40.6967,,
05353,2019,55.0003,,
05353,2020,58.5498,,
05360,2016,74.906,,
05360,2017,80.0727,,
05360,2018,79.4753,,
05360,2019,79.7437,,
05360,2020,83.1386,,
05361,2016,47.7008,,
05361,2017,53.1914,,
05361,2018,49.6799,,
05361,2019,29.1309,,
05361,2020,53.5342,,
05364,2016,50.5976,,
05364,2017,52.4729,,
05364,2018,47.5909,,
05364,2019,55.8965,,
05364,2020,59.2653,,
05368,2016,46.4942,,
05368,2017,48.6885,,
05368,2018,54.3752,,
05368,2019,59.6034,,
05368,2020,54.9969,,
05376,2016,72.0985,,
05376,2017,74.9398,,
05376,2018,78.3593,,
05376,2019,82.3144,,
05376,2020,79.4072,,
05380,2016,76.9419,,
05380,2017,78.3184,,
05380,2018,78.1256,,
05380,2019,81.395,,
05380,2020,74.2935,,
05390,2016,61.8628,,
05390,2017,64.8763,,
05390,2018,58.7561,,
05390,2019,59.417,,
05390,2020,51.6987,,
05400,2016,57.3569,,
05400,2017,56.874,,
05400,2018,58.4037,,
05400,2019,64.5811,,
05400,2020,65.3475,,
05411,2016,44.1188,,
05411,2017,37.8458,,
05411,2018,44.7203,,
05411,2019,59.5055,,
05411,2020,41.2254,,
05425,2016,56.83,,
05425,2017,43.6872,,
05425,2018,50.1086,,
05425,2019,49.0239,,
05425,2020,44.8493,,
05440,2016,69.7225,,
05440,2017,74.3069,,
05440,2018,76.5306,,
05440,2019,80.6353,,
05440,2020,76.5501,,
05467,2016,54.879,,
05467,2017,56.5505,,
05467,2018,54.2263,,
05467,2019,50.2072,,
05467,2020,58.4876,,
05475,2016,34.6571,,
05475,2017,32.953,,
05475,2018,34.1843,,
05475,2019,51.0155,,
05475,2020,47.8921,,
05480,2016,45.6961,,
05480,2017,49.343,,
05480,2018,48.0482,,
05480,2019,63.3027,,
05480,2020,60.0554,,
05483,2016,53.0717,,
05483,2017,43.7775,,
05483,2018,39.8731,,
05483,2019,51.4941,,
05483,2020,46.4153,,
05490,2016,52.7465,,
05490,2017,42.849,,
05490,2018,48.3557,,
05490,2019,62.1675,,
05490,2020,47.4133,,
05495,2016,49.6888,,
05495,2017,36.2652,,
05495,2018,38.3199,,
05495,2019,48.1765,,
05495,2020,38.2649,,
05501,2016,54.3599,,
05501,2017,49.9315,,
05501,2018,51.4739,,
05501,2019,55.1383,,
05501,2020,62.6856,,
05541,2016,52.0186,,
05541,2017,55.7479,,
05541,2018,54.4363,,
05541,2019,57.6145,,
05541,2020,55.3662,,
05543,2016,48.0198,,
05543,2017,51.9665,,
05543,2018,48.8176,,
05543,2019,56.154,,
05543,2020,54.3241,,
05576,2016,53.0795,,
05576,2017,53.9052,,
05576,2018,57.8034,,
05576,2019,57.5408,,
05576,2020,49.3139,,
05579,2016,44.8965,,
05579,2017,55.526,,
05579,2018,56.6744,,
05579,2019,62.064,,
05579,2020,61.571,,
05585,2016,56.1712,,
05585,2017,31.2387,,
05585,2018,44.3671,,
05585,2019,57.3902,,
05585,2020,48.7347,,
05591,2016,55.3813,,
05591,2017,53.9945,,
05591,2018,46.4898,,
05591,2019,56.5696,,
05591,2020,65.5972,,
05604,2016,45.4625,,
05604,2017,38.7104,,
05604,2018,48.5222,,
05604,2019,50.0155,,
05604,2020,49.9871,,
05607,2016,71.5997,,
05607,2017,67.0149,,
05607,2018,68.7173,,
05607,2019,76.9182,,
05607,2020,60.2806,,
05615,2016,83.2393,,
05615,2017,83.2415,,
05615,2018,80.1409,,
05615,2019,85.2729,,
05615,2020,86.0532,,
05628,2016,49.307,,
05628,2017,46.2926,,
05628,2018,55.0499,,
05628,2019,57.4519,,
05628,2020,47.9256,,
05631,2016,69.4973,,
05631,2017,76.0145,,
05631,2018,67.1513,,
05631,2019,72.8298,,
05631,2020,80.3662,,
05642,2016,55.7499,,
05642,2017,53.8631,,
05642,2018,55.9036,,
05642,2019,62.2594,,
05642,2020,49.6465,,
05647,2016,42.8488,,
05647,2017,34.657,,
05647,2018,42.5997,,
05647,2019,55.7846,,
05647,2020,59.372,,
05649,2016,47.8337,,
05649,2017,45.7335,,
05649,2018,49.6597,,
05649,2019,59.6483,,
05649,2020,51.5031,,
05652,2016,53.4839,,
05652,2017,44.295,,
05652,2018,48.3495,,
05652,2019,56.7667,,
05652,2020,40.5181,,
05656,2016,59.3509,,
05656,2017,67.3449,,
05656,2018,62.6984,,
05656,2019,70.1472,,
05656,2020,60.8173,,
05658,2016,46.0788,,
05658,2017,47.9372,,
05658,2018,52.6985,,
05658,2019,54.6668,,
05658,2020,62.4059,,
05659,2016,43.0963,,
05659,2017,39.1456,,
05659,2018,37.3178,,
05659,2019,49.1578,,
05659,2020,45.2749,,
05660,2016,45.9359,,
05660,2017,45.3359,,
05660,2018,49.4305,,
05660,2019,57.9582,,
05660,2020,53.3231,,
05664,2016,55.856,,
05664,2017,54.456,,
05664,2018,60.4561,,
05664,2019,71.2639,,
05664,2020,59.4845,,
05665,2016,46.0674,,
05665,2017,52.8681,,
05665,2018,49.1924,,
05665,2019,50.0324,,
05665,2020,37.27,,
05667,2016,55.396,,
05667,2017,47.1656,,
05667,2018,52.7583,,
05667,2019,48.5087,,
05667,2020,52.8362,,
05670,2016,46.8668,,
05670,2017,57.8243,,
05670,2018,57.7275,,
05670,2019,54.9557,,
05670,2020,48.139,,
05674,2016,51.0693,,
05674,2017,52.8611,,
05674,2018,58.7774,,
05674,2019,62.9955,,
05674,2020,49.1725,,
05679,2016,49.7711,,
05679,2017,50.8451,,
05679,2018,58.1412,,
05679,2019,63.0758,,
05679,2020,48.6832,,
05686,2016,60.8132,,
05686,2017,58.6318,,
05686,2018,57.0383,,
05686,2019,66.9524,,
05686,2020,57.0434,,
05690,2016,49.1182,,
05690,2017,53.4953,,
05690,2018,51.0713,,
05690,2019,62.2428,,
05690,2020,47.3106,,
05697,2016,65.9119,,
05697,2017,64.2112,,
05697,2018,67.7643,,
05697,2019,59.4084,,
05697,2020,60.8025,,
05736,2016,48.651,,
05736,2017,34.5928,,
05736,2018,41.3227,,
05736,2019,47.7371,,
05736,2020,44.2037,,
05756,2016,56.9771,,
05756,2017,55.7824,,
05756,2018,51.7788,,
05756,2019,57.1678,,
05756,2020,59.6787,,
05761,2016,46.4382,,
05761,2017,53.3116,,
05761,2018,59.1151,,
05761,2019,73.3471,,
05761,2020,70.1301,,
05789,2016,48.3392,,
05789,2017,43.5758,,
05789,2018,51.9971,,
05789,2019,62.8919,,
05789,2020,56.3196,,
05790,2016,42.8483,,
05790,2017,43.8243,,
05790,2018,40.6302,,
05790,2019,25.0624,,
05790,2020,45.1597,,
05792,2016,59.207,,
05792,2017,59.0113,,
05792,2018,56.3534,,
05792,2019,67.9957,,
05792,2020,55.8754,,
05809,2016,46.1214,,
05809,2017,53.3143,,
05809,2018,54.1467,,
05809,2019,64.9931,,
05809,2020,66.0041,,
05819,2016,56.1134,,
05819,2017,57.9889,,
05819,2018,54.9307,,
05819,2019,65.1248,,
05819,2020,52.5052,,
05837,2016,58.7834,,
05837,2017,57.5228,,
05837,2018,54.311,,
05837,2019,63.1599,,
05837,2020,62.6412,,
05842,2016,50.2037,,
05842,2017,46.177,,
05842,2018,47.6514,,
05842,2019,52.1383,,
05842,2020,48.455,,
05847,2016,45.8928,,
05847,2017,44.0742,,
05847,2018,44.5349,,
05847,2019,52.5701,,
05847,2020,50.1196,,
05854,2016,47.3609,,
05854,2017,48.9697,,
05854,2018,47.9848,,
05854,2019,57.0936,,
05854,2020,45.3378,,
05856,2016,54.6873,,
05856,2017,57.9938,,
05856,2018,56.234,,
05856,2019,47.3687,,
05856,2020,64.1593,,
05858,2016,56.0713,,
05858,2017,48.1252,,
05858,2018,55.2767,,
05858,2019,58.3443,,
05858,2020,65.6261,,
05861,2016,50.8544,,
05861,2017,48.2469,,
05861,2018,59.9256,,
05861,2019,67.5197,,
05861,2020,62.713,,
05873,2016,47.0705,,
05873,2017,43.5477,,
05873,2018,46.2419,,
05873,2019,29.1972,,
05873,2020,48.8378,,
05885,2016,41.7192,,
05885,2017,36.6729,,
05885,2018,44.4406,,
05885,2019,48.2603,,
05885,2020,52.2558,,
05887,2016,57.32,,
05887,2017,52.9362,,
05887,2018,54.2595,,
05887,2019,64.442,,
05887,2020,56.3789,,
05890,2016,48.8888,,
05890,2017,41.517,,
05890,2018,43.6422,,
05890,2019,52.3565,,
05890,2020,44.3838,,
05893,2016,54.7117,,
05893,2017,45.4955,,
05893,2018,45.5754,,
05893,2019,60.6958,,
05893,2020,54.1683,,
05895,2016,35.8561,,
05895,2017,47.132,,
05895,2018,47.9947,,
05895,2019,56.3791,,
05895,2020,51.7953,,
08001,2016,76.168,,
08001,2017,70.0373,,
08001,2018,76.0146,,
08001,2019,72.3864,,
08001,2020,81.0646,,
08078,2016,48.6062,,
08078,2017,50.6419,,
08078,2018,43.7198,,
08078,2019,50.8578,,
08078,2020,52.0748,,
08137,2016,32.2345,,
08137,2017,33.4944,,
08137,2018,39.0885,,
08137,2019,41.0332,,
08137,2020,38.1947,,
08141,2016,33.3363,,
08141,2017,35.8154,,
08141,2018,33.0112,,
08141,2019,45.9489,,
08141,2020,38.4902,,
08296,2016,58.2943,,
08296,2017,58.7383,,
08296,2018,68.3951,,
08296,2019,63.4956,,
08296,2020,66.2137,,
08372,2016,47.574,,
08372,2017,45.8392,,
08372,2018,48.3843,,
08372,2019,49.7473,,
08372,2020,47.6361,,
08421,2016,40.7286,,
08421,2017,47.6354,,
08421,2018,33.3608,,
08421,2019,48.9834,,
08421,2020,52.3294,,
08433,2016,55.2358,,
08433,2017,49.7568,,
08433,2018,50.2183,,
08433,2019,52.2809,,
08433,2020,52.5694,,
08436,2016,35.9101,,
08436,2017,41.7743,,
08436,2018,42.307,,
08436,2019,31.6,,
08436,2020,39.9158,,
08520,2016,43.2073,,
08520,2017,45.7017,,
08520,2018,46.8907,,
08520,2019,49.3461,,
08520,2020,53.7125,,
08549,2016,24.7476,,
08549,2017,32.864,,
08549,2018,37.9801,,
08549,2019,51.0246,,
08549,2020,48.5538,,
08558,2016,32.725,,
08558,2017,43.1841,,
08558,2018,42.6579,,
08558,2019,42.187,,
08558,2020,39.109,,
08560,2016,33.2843,,
08560,2017,31.8845,,
08560,2018,37.3586,,
08560,2019,42.4448,,
08560,2020,38.9633,,
08573,2016,62.9875,,
08573,2017,58.9456,,
08573,2018,60.2308,,
08573,2019,70.1063,,
08573,2020,71.5394,,
08606,2016,42.411,,
08606,2017,41.7031,,
08606,2018,31.6429,,
08606,2019,40.0172,,
08606,2020,42.0427,,
08634,2016,40.846,,
08634,2017,51.19,,
08634,2018,54.9068,,
08634,2019,56.1133,,
08634,2020,55.3343,,
08638,2016,38.9726,,
08638,2017,36.926,,
08638,2018,39.6103,,
08638,2019,49.9897,,
08638,2020,46.7415,,
08675,2016,26.1879,,
08675,2017,33.8136,,
08675,2018,48.3027,,
08675,2019,46.7583,,
08675,2020,41.8709,,
08685,2016,40.8335,,
08685,2017,43.0467,,
08685,2018,46.1892,,
08685,2019,49.4914,,
08685,2020,40.6421,,
08758,2016,53.3087,,
08758,2017,56.1232,,
08758,2018,58.6642,,
08758,2019,57.9821,,
08758,2020,54.0316,,
08770,2016,41.3106,,
08770,2017,41.1808,,
08770,2018,48.6993,,
08770,2019,46.5446,,
08770,2020,50.8812,,
08832,2016,54.3872,,
08832,2017,55.8713,,
08832,2018,54.5509,,
08832,2019,51.5167,,
08832,2020,68.6988,,
08849,2016,41.3381,,
08849,2017,47.5767,,
08849,2018,47.7913,,
08849,2019,55.6721,,
08849,2020,46.4287,,
11001,2016,77.5575,,
11001,2017,69.5561,,
11001,2018,75.1026,,
11001,2019,79.6323,,
11001,2020,84.0764,,
13001,2016,64.7682,,
13001,2017,71.1743,,
13001,2018,63.2647,,
13001,2019,53.8604,,
13001,2020,65.6767,,
13006,2016,34.0381,,
13006,2017,39.4952,,
13006,2018,48.0103,,
13006,2019,51.9911,,
13006,2020,47.8368,,
13030,2016,36.4135,,
13030,2017,38.0506,,
13030,2018,41.444,,
13030,2019,43.2794,,
13030,2020,33.2014,,
13042,2016,40.4958,,
13042,2017,44.5132,,
13042,2018,47.2742,,
13042,2019,47.8143,,
13042,2020,42.1419,,
13052,2016,45.2916,,
13052,2017,48.6951,,
13052,2018,48.3369,,
13052,2019,51.299,,
13052,2020,42.3954,,
13062,2016,28.2833,,
13062,2017,31.7278,,
13062,2018,52.6858,,
13062,2019,29.6579,,
13062,2020,37.0253,,
13074,2016,31.4081,,
13074,2017,50.2153,,
13074,2018,36.3497,,
13074,2019,12.3828,,
13074,2020,24.2337,,
13140,2016,34.8626,,
13140,2017,36.0549,,
13140,2018,41.1474,,
13140,2019,35.0738,,
13140,2020,49.2643,,
13160,2016,45.765,,
13160,2017,37.1476,,
13160,2018,52.0331,,
13160,2019,59.3087,,
13160,2020,55.7019,,
13188,2016,39.1509,,
13188,2017,36.2309,,
13188,2018,53.5607,,
13188,2019,45.5417,,
13188,2020,22.2792,,
13212,2016,32.2757,,
13212,2017,21.5058,,
13212,2018,40.6947,,
13212,2019,27.8526,,
13212,2020,20.7304,,
13222,2016,31.7568,,
13222,2017,42.7949,,
13222,2018,49.7199,,
13222,2019,54.3097,,
13222,2020,44.8217,,
13244,2016,41.6509,,
13244,2017,47.5377,,
13244,2018,23.644,,
13244,2019,25.6196,,
13244,2020,33.5188,,
13248,2016,31.3892,,
13248,2017,30.6152,,
13248,2018,40.7276,,
13248,2019,42.0553,,
13248,2020,38.1884,,
13268,2016,37.5642,,
13268,2017,26.9485,,
13268,2018,41.9936,,
13268,2019,32.0161,,
13268,2020,34.4481,,
13300,2016,40.0655,,
13300,2017,23.2106,,
13300,2018,48.8488,,
13300,2019,2.0333,,
13300,2020,39.0132,,
13430,2016,39.4785,,
13430,2017,36.9868,,
13430,2018,48.2713,,
13430,2019,34.8165,,
13430,2020,31.6891,,
13433,2016,38.6712,,
13433,2017,37.9972,,
13433,2018,41.3178,,
13433,2019,47.3709,,
13433,2020,24.8527,,
13440,2016,38.0262,,
13440,2017,38.5889,,
13440,2018,45.4975,,
13440,2019,29.2545,,
13440,2020,46.7263,,
13442,2016,35.2359,,
13442,2017,33.6431,,
13442,2018,45.4283,,
13442,2019,28.9681,,
13442,2020,18.2161,,
13458,2016,35.2958,,
13458,2017,34.751,,
13458,2018,19.662,,
13458,2019,48.8307,,
13458,2020,36.0742,,
13468,2016,46.1684,,
13468,2017,44.0101,,
13468,2018,49.6372,,
13468,2019,33.5274,,
13468,2020,37.9505,,
13473,2016,44.3398,,
13473,2017,43.7936,,
13473,2018,21.7906,,
13473,2019,29.6032,,
13473,2020,31.5615,,
13490,2016,34.5246,,
13490,2017,34.3556,,
13490,2018,43.7296,,
13490,2019,42.0903,,
13490,2020,43.7122,,
13549,2016,32.7124,,
13549,2017,37.9893,,
13549,2018,42.26,,
13549,2019,43.934,,
13549,2020,33.328,,
13580,2016,45.0759,,
13580,2017,38.2824,,
13580,2018,49.4125,,
13580,2019,15.7746,,
13580,2020,37.5308,,
13600,2016,38.709,,
13600,2017,47.963,,
13600,2018,44.2488,,
13600,2019,52.5656,,
13600,2020,49.4818,,
13620,2016,36.1722,,
13620,2017,46.3579,,
13620,2018,30.5364,,
13620,2019,38.7131,,
13620,2020,43.0046,,
13647,2016,38.1791,,
13647,2017,46.2505,,
13647,2018,46.5593,,
13647,2019,48.4154,,
13647,2020,45.6026,,
13650,2016,37.3854,,
13650,2017,50.9913,,
13650,2018,44.9545,,
13650,2019,23.4111,,
13650,2020,45.8841,,
13654,2016,34.338,,
13654,2017,46.9666,,
13654,2018,42.9685,,
13654,2019,27.8064,,
13654,2020,17.0985,,
13655,2016,34.4366,,
13655,2017,19.7633,,
13655,2018,43.2718,,
13655,2019,44.1494,,
13655,2020,40.6885,,
13657,2016,42.4684,,
13657,2017,45.7041,,
13657,2018,30.2643,,
13657,2019,56.3324,,
13657,2020,48.3223,,
13667,2016,34.0926,,
13667,2017,45.4222,,
13667,2018,38.4008,,
13667,2019,31.3899,,
13667,2020,18.8093,,
13670,2016,33.9751,,
13670,2017,47.3847,,
13670,2018,50.2301,,
13670,2019,57.4124,,
13670,2020,42.9108,,
13673,2016,36.7214,,
13673,2017,49.8847,,
13673,2018,45.4697,,
13673,2019,38.9558,,
13673,2020,42.0262,,
13683,2016,41.5134,,
13683,2017,45.2806,,
13683,2018,46.0499,,
13683,2019,56.0611,,
13683,2020,45.9215,,
13688,2016,47.438,,
13688,2017,52.1576,,
13688,2018,45.5124,,
13688,2019,33.3197,,
13688,2020,46.7261,,
13744,2016,37.0104,,
13744,2017,39.9856,,
13744,2018,36.4232,,
13744,2019,44.8784,,
13744,2020,42.3754,,
13760,2016,32.3587,,
13760,2017,27.7363,,
13760,2018,38.4263,,
13760,2019,30.8534,,
13760,2020,22.5222,,
13780,2016,44.412,,
13780,2017,53.114,,
13780,2018,47.4834,,
13780,2019,27.5273,,
13780,2020,47.6836,,
13810,2016,36.2009,,
13810,2017,29.3796,,
13810,2018,46.3057,,
13810,2019,29.7543,,
13810,2020,38.3744,,
13836,2016,43.2551,,
13836,2017,44.1302,,
13836,2018,48.3524,,
13836,2019,39.9971,,
13836,2020,49.518,,
13838,2016,48.4618,,
13838,2017,47.6902,,
13838,2018,35.0668,,
13838,2019,48.1123,,
13838,2020,41.089,,
13873,2016,36.6717,,
13873,2017,43.9834,,
13873,2018,38.4841,,
13873,2019,50.403,,
13873,2020,26.141,,
13894,2016,45.0285,,
13894,2017,27.1157,,
13894,2018,52.5807,,
13894,2019,33.8319,,
13894,2020,59.2157,,
15001,2016,61.2527,,
15001,2017,62.7988,,
15001,2018,66.4867,,
15001,2019,73.0805,,
15001,2020,73.0015,,
15022,2016,46.4684,,
15022,2017,44.7616,,
15022,2018,42.2893,,
15022,2019,58.1866,,
15022,2020,55.7253,,
15047,2016,49.8446,,
15047,2017,50.5816,,
15047,2018,44.5391,,
15047,2019,50.8532,,
15047,2020,52.0839,,
15051,2016,56.8066,,
15051,2017,58.1644,,
15051,2018,56.6277,,
15051,2019,52.7386,,
15051,2020,51.7664,,
15087,2016,46.4846,,
15087,2017,40.2077,,
15087,2018,49.6434,,
15087,2019,56.9441,,
15087,2020,52.8763,,
15090,2016,53.0535,,
15090,2017,51.8875,,
15090,2018,48.7749,,
15090,2019,58.6618,,
15090,2020,55.762,,
15092,2016,47.6642,,
15092,2017,54.6975,,
15092,2018,49.8793,,
15092,2019,53.3208,,
15092,2020,44.5976,,
15097,2016,49.37,,
15097,2017,44.3169,,
15097,2018,45.5709,,
15097,2019,56.5817,,
15097,2020,48.6331,,
15104,2016,53.6035,,
15104,2017,62.6032,,
15104,2018,52.4791,,
15104,2019,57.8968,,
15104,2020,44.6115,,
15106,2016,48.9507,,
15106,2017,47.9752,,
15106,2018,52.9979,,
15106,2019,51.8664,,
15106,2020,56.285,,
15109,2016,52.0226,,
15109,2017,48.5511,,
15109,2018,50.0671,,
15109,2019,55.57,,
15109,2020,38.0211,,
15114,2016,43.2607,,
15114,2017,61.8989,,
15114,2018,54.6302,,
15114,2019,58.5819,,
15114,2020,60.0443,,
15131,2016,41.3617,,
15131,2017,38.0982,,
15131,2018,46.7121,,
15131,2019,53.0846,,
15131,2020,39.4913,,
15135,2016,52.7472,,
15135,2017,50.0611,,
15135,2018,50.7354,,
15135,2019,62.4394,,
15135,2020,59.0328,,
15162,2016,47.8172,,
15162,2017,39.6454,,
15162,2018,48.7805,,
15162,2019,47.032,,
15162,2020,48.7407,,
15172,2016,53.5177,,
15172,2017,53.8113,,
15172,2018,57.9521,,
15172,2019,63.8122,,
15172,2020,49.6189,,
15176,2016,55.5015,,
15176,2017,59.9999,,
15176,2018,60.5461,,
15176,2019,66.9611,,
15176,2020,61.5121,,
15180,2016,38.6166,,
15180,2017,52.4361,,
15180,2018,44.4428,,
15180,2019,55.5948,,
15180,2020,47.7238,,
15183,2016,41.366,,
15183,2017,44.7958,,
15183,2018,49.9448,,
15183,2019,60.0463,,
15183,2020,55.6978,,
15185,2016,44.9477,,
15185,2017,51.5965,,
15185,2018,49.7608,,
15185,2019,43.2914,,
15185,2020,43.8288,,
15187,2016,45.5451,,
15187,2017,51.87,,
15187,2018,47.9565,,
15187,2019,67.77,,
15187,2020,62.846,,
15189,2016,50.529,,
15189,2017,51.6632,,
15189,2018,52.1132,,
15189,2019,62.6815,,
15189,2020,55.9155,,
15204,2016,56.3984,,
15204,2017,50.4062,,
15204,2018,48.8379,,
15204,2019,54.3308,,
15204,2020,49.6466,,
15212,2016,38.8691,,
15212,2017,49.6151,,
15212,2018,49.008,,
15212,2019,50.5891,,
15212,2020,44.0122,,
15215,2016,54.3074,,
15215,2017,53.2637,,
15215,2018,56.4143,,
15215,2019,57.6924,,
15215,2020,57.2594,,
15218,2016,39.5341,,
15218,2017,37.4272,,
15218,2018,42.5015,,
15218,2019,49.714,,
15218,2020,41.1985,,
15223,2016,51.6637,,
15223,2017,57.4133,,
15223,2018,55.2764,,
15223,2019,48.3858,,
15223,2020,52.3484,,
15224,2016,50.2329,,
15224,2017,46.9595,,
15224,2018,56.6065,,
15224,2019,61.4711,,
15224,2020,54.25,,
15226,2016,50.5791,,
15226,2017,55.8536,,
15226,2018,56.2671,,
15226,2019,63.6669,,
15226,2020,55.5496,,
15232,2016,40.7218,,
15232,2017,46.3046,,
15232,2018,48.8315,,
15232,2019,55.3486,,
15232,2020,51.4437,,
15236,2016,51.1507,,
15236,2017,55.9874,,
15236,2018,50.1236,,
15236,2019,55.5736,,
15236,2020,51.4301,,
15238,2016,60.3587,,
15238,2017,67.7859,,
15238,2018,62.9795,,
15238,2019,63.2791,,
15238,2020,63.1107,,
15244,2016,48.3545,,
15244,2017,46.7313,,
15244,2018,44.3638,,
15244,2019,63.1956,,
15244,2020,57.0019,,
15248,2016,47.0623,,
15248,2017,42.6458,,
15248,2018,39.167,,
15248,2019,50.6688,,
15248,2020,43.5099,,
15272,2016,52.8718,,
15272,2017,51.1458,,
15272,2018,55.2233,,
15272,2019,54.2689,,
15272,2020,48.0626,,
15276,2016,46.2962,,
15276,2017,53.2647,,
15276,2018,44.5899,,
15276,2019,54.2199,,
15276,2020,34.8011,,
15293,2016,58.3549,,
15293,2017,55.9419,,
15293,2018,54.7076,,
15293,2019,60.2016,,
15293,2020,58.9744,,
15296,2016,41.4106,,
15296,2017,52.2544,,
15296,2018,55.532,,
15296,2019,47.9004,,
15296,2020,41.5587,,
15299,2016,60.2321,,
15299,2017,55.8798,,
15299,2018,59.4508,,
15299,2019,53.7902,,
15299,2020,56.4227,,
15317,2016,43.2372,,
15317,2017,44.3915,,
15317,2018,47.3771,,
15317,2019,52.8846,,
15317,2020,49.883,,
15322,2016,44.95,,
15322,2017,57.3393,,
15322,2018,61.6815,,
15322,2019,66.1551,,
15322,2020,60.7558,,
15325,2016,39.8937,,
15325,2017,50.4078,,
15325,2018,48.8849,,
15325,2019,61.2815,,
15325,2020,50.522,,
15332,2016,45.8731,,
15332,2017,42.4556,,
15332,2018,41.8917,,
15332,2019,58.3573,,
15332,2020,47.0289,,
15362,2016,54.0092,,
15362,2017,57.5524,,
15362,2018,58.4295,,
15362,2019,60.2088,,
15362,2020,62.3312,,
15367,2016,51.1192,,
15367,2017,53.3026,,
15367,2018,60.6448,,
15367,2019,70.0988,,
15367,2020,63.5551,,
15368,2016,48.703,,
15368,2017,47.2704,,
15368,2018,55.7438,,
15368,2019,47.3842,,
15368,2020,43.9126,,
15377,2016,50.4035,,
15377,2017,51.1395,,
15377,2018,49.2181,,
15377,2019,57.9196,,
15377,2020,39.3759,,
15380,2016,47.0669,,
15380,2017,42.7304,,
15380,2018,46.9866,,
15380,2019,61.1396,,
15380,2020,52.4764,,
15401,2016,36.5445,,
15401,2017,45.099,,
15401,2018,42.5477,,
15401,2019,48.9515,,
15401,2020,53.5006,,
15403,2016,48.4412,,
15403,2017,56.5289,,
15403,2018,50.8057,,
15403,2019,62.6621,,
15403,2020,53.3879,,
15407,2016,53.0282,,
15407,2017,64.9239,,
15407,2018,64.7755,,
15407,2019,71.5586,,
15407,2020,65.8424,,
15425,2016,55.1795,,
15425,2017,53.7539,,
15425,2018,56.5443,,
15425,2019,67.5298,,
15425,2020,62.1345,,
15442,2016,47.702,,
15442,2017,45.5893,,
15442,2018,47.6594,,
15442,2019,55.7525,,
15442,2020,43.7823,,
15455,2016,47.7174,,
15455,2017,56.5834,,
15455,2018,57.6643,,
15455,2019,68.0209,,
15455,2020,60.3324,,
15464,2016,44.7046,,
15464,2017,47.6212,,
15464,2018,39.2787,,
15464,2019,48.6795,,
15464,2020,48.1632,,
15466,2016,46.3564,,
15466,2017,46.9181,,
15466,2018,43.2808,,
15466,2019,56.6222,,
15466,2020,56.0222,,
15469,2016,57.814,,
15469,2017,57.3285,,
15469,2018,52.2637,,
15469,2019,55.5521,,
15469,2020,51.3228,,
15476,2016,45.0565,,
15476,2017,44.294,,
15476,2018,46.6839,,
15476,2019,49.1582,,
15476,2020,48.1594,,
15480,2016,51.5796,,
15480,2017,53.5699,,
15480,2018,52.7414,,
15480,2019,54.5337,,
15480,2020,50.2874,,
15491,2016,63.299,,
15491,2017,63.3192,,
15491,2018,53.5119,,
15491,2019,58.4781,,
15491,2020,50.4589,,
15494,2016,56.6194,,
15494,2017,46.1353,,
15494,2018,43.5021,,
15494,2019,54.1284,,
15494,2020,58.0557,,
15500,2016,33.7805,,
15500,2017,61.4238,,
15500,2018,59.6611,,
15500,2019,68.2242,,
15500,2020,51.4605,,
15507,2016,48.0339,,
15507,2017,50.4633,,
15507,2018,44.2478,,
15507,2019,58.3631,,
15507,2020,57.1454,,
15511,2016,39.5322,,
15511,2017,37.5017,,
15511,2018,53.3201,,
15511,2019,62.7764,,
15511,2020,57.114,,
15514,2016,52.1766,,
15514,2017,52.7515,,
15514,2018,45.0891,,
15514,2019,54.1996,,
15514,2020,46.4115,,
15516,2016,66.7505,,
15516,2017,63.8964,,
15516,2018,65.9909,,
15516,2019,69.3451,,
15516,2020,66.0382,,
15518,2016,49.6455,,
15518,2017,45.8121,,
15518,2018,54.8038,,
15518,2019,50.8111,,
15518,2020,44.0341,,
15522,2016,44.4867,,
15522,2017,43.8425,,
15522,2018,50.2287,,
15522,2019,35.8895,,
15522,2020,51.1526,,
15531,2016,50.5518,,
15531,2017,46.2731,,
15531,2018,44.369,,
15531,2019,52.9228,,
15531,2020,52.3326,,
15533,2016,37.8474,,
15533,2017,49.1634,,
15533,2018,39.7832,,
15533,2019,53.8276,,
15533,2020,50.4023,,
15537,2016,48.951,,
15537,2017,41.9017,,
15537,2018,53.0466,,
15537,2019,59.5545,,
15537,2020,46.5112,,
15542,2016,40.5512,,
15542,2017,50.2611,,
15542,2018,55.7042,,
15542,2019,55.4501,,
15542,2020,50.3533,,
15550,2016,36.8039,,
15550,2017,38.2693,,
15550,2018,46.7587,,
15550,2019,60.5616,,
15550,2020,48.9847,,
15572,2016,65.366,,
15572,2017,55.8139,,
15572,2018,54.8725,,
15572,2019,63.9119,,
15572,2020,64.975,,
15580,2016,41.1314,,
15580,2017,37.4438,,
15580,2018,37.453,,
15580,2019,49.2287,,
15580,2020,44.1052,,
15599,2016,48.1566,,
15599,2017,48.0693,,
15599,2018,52.2108,,
15599,2019,65.9313,,
15599,2020,66.2825,,
15600,2016,57.26,,
15600,2017,51.0524,,
15600,2018,52.808,,
15600,2019,64.1356,,
15600,2020,58.0282,,
15621,2016,38.2881,,
15621,2017,31.7703,,
15621,2018,33.227,,
15621,2019,45.3993,,
15621,2020,35.9098,,
15632,2016,50.8835,,
15632,2017,52.4354,,
15632,2018,50.8402,,
15632,2019,57.6696,,
15632,2020,47.1002,,
15638,2016,44.5762,,
15638,2017,55.193,,
15638,2018,56.0731,,
15638,2019,61.859,,
15638,2020,56.2483,,
15646,2016,58.6362,,
15646,2017,54.9841,,
15646,2018,51.1164,,
15646,2019,62.8264,,
15646,2020,67.6502,,
15660,2016,38.5458,,
15660,2017,39.0529,,
15660,2018,53.3421,,
15660,2019,61.4846,,
15660,2020,56.8485,,
15664,2016,42.8147,,
15664,2017,47.2263,,
15664,2018,50.0829,,
15664,2019,55.0506,,
15664,2020,47.9524,,
15667,2016,63.3655,,
15667,2017,51.3281,,
15667,2018,55.2583,,
15667,2019,62.9302,,
15667,2020,55.1898,,
15673,2016,41.646,,
15673,2017,47.6774,,
15673,2018,40.2025,,
15673,2019,53.3178,,
15673,2020,51.4532,,
15676,2016,57.3737,,
15676,2017,55.3472,,
15676,2018,59.4186,,
15676,2019,68.0077,,
15676,2020,65.6964,,
15681,2016,49.9108,,
15681,2017,44.638,,
15681,2018,38.9417,,
15681,2019,47.746,,
15681,2020,45.2199,,
15686,2016,43.0491,,
15686,2017,51.8248,,
15686,2018,58.5551,,
15686,2019,57.9439,,
15686,2020,50.4651,,
15690,2016,56.4152,,
15690,2017,59.1476,,
15690,2018,61.2586,,
15690,2019,63.5488,,
15690,2020,59.9043,,
15693,2016,45.4708,,
15693,2017,45.4483,,
15693,2018,45.6646,,
15693,2019,52.8115,,
15693,2020,62.9924,,
15696,2016,48.5489,,
15696,2017,52.3122,,
15696,2018,53.5085,,
15696,2019,62.4525,,
15696,2020,56.1745,,
15720,2016,36.4709,,
15720,2017,46.6514,,
15720,2018,51.6341,,
15720,2019,52.2802,,
15720,2020,42.5839,,
15723,2016,42.4174,,
15723,2017,45.9188,,
15723,2018,50.3346,,
15723,2019,55.9396,,
15723,2020,49.4284,,
15740,2016,45.8053,,
15740,2017,50.3781,,
15740,2018,49.1243,,
15740,2019,55.8658,,
15740,2020,55.19,,
15753,2016,54.2912,,
15753,2017,49.1544,,
15753,2018,48.0402,,
15753,2019,59.5461,,
15753,2020,51.9131,,
15755,2016,47.9278,,
15755,2017,50.6292,,
15755,2018,46.7888,,
15755,2019,49.8827,,
15755,2020,53.6889,,
15757,2016,55.7952,,
15757,2017,53.3755,,
15757,2018,57.3999,,
15757,2019,62.7928,,
15757,2020,55.8982,,
15759,2016,60.0343,,
15759,2017,63.6501,,
15759,2018,61.9391,,
15759,2019,66.8625,,
15759,2020,66.9378,,
15761,2016,40.207,,
15761,2017,57.2858,,
15761,2018,54.333,,
15761,2019,60.6213,,
15761,2020,60.1459,,
15762,2016,50.1446,,
15762,2017,46.414,,
15762,2018,52.003,,
15762,2019,60.8586,,
15762,2020,47.091,,
15763,2016,59.3031,,
15763,2017,58.0854,,
15763,2018,58.4841,,
15763,2019,59.7402,,
15763,2020,48.5902,,
15764,2016,49.4857,,
15764,2017,48.9367,,
15764,2018,44.1778,,
15764,2019,48.6278,,
15764,2020,56.7825,,
15774,2016,42.9587,,
15774,2017,40.5427,,
15774,2018,39.3466,,
15774,2019,43.6819,,
15774,2020,34.3994,,
15776,2016,51.6849,,
15776,2017,53.3267,,
15776,2018,56.3964,,
15776,2019,67.9455,,
15776,2020,61.8004,,
15778,2016,48.5633,,
15778,2017,46.9632,,
15778,2018,54.2758,,
15778,2019,61.3352,,
15778,2020,52.2034,,
15790,2016,51.8495,,
15790,2017,47.5773,,
15790,2018,51.8006,,
15790,2019,57.0223,,
15790,2020,50.8876,,
15798,2016,46.7858,,
15798,2017,46.3928,,
15798,2018,56.3962,,
15798,2019,63.7275,,
15798,2020,55.033,,
15804,2016,52.8365,,
15804,2017,56.3908,,
15804,2018,53.1429,,
15804,2019,63.7314,,
15804,2020,54.2388,,
15806,2016,61.6353,,
15806,2017,63.4657,,
15806,2018,70.1883,,
15806,2019,71.4166,,
15806,2020,68.9677,,
15808,2016,53.384,,
15808,2017,47.8995,,
15808,2018,54.6931,,
15808,2019,59.2909,,
15808,2020,54.7624,,
15810,2016,45.9812,,
15810,2017,40.8931,,
15810,2018,49.6582,,
15810,2019,55.8757,,
15810,2020,43.9241,,
15814,2016,54.9559,,
15814,2017,55.6082,,
15814,2018,54.8582,,
15814,2019,52.6061,,
15814,2020,43.6664,,
15816,2016,47.7406,,
15816,2017,56.118,,
15816,2018,50.7512,,
15816,2019,61.9784,,
15816,2020,42.2008,,
15820,2016,52.0222,,
15820,2017,48.8876,,
15820,2018,55.7146,,
15820,2019,58.3253,,
15820,2020,51.8459,,
15822,2016,53.194,,
15822,2017,55.028,,
15822,2018,57.6665,,
15822,2019,59.4664,,
15822,2020,52.918,,
15832,2016,45.4418,,
15832,2017,46.8866,,
15832,2018,45.6204,,
15832,2019,42.6606,,
15832,2020,46.565,,
15835,2016,49.1127,,
15835,2017,54.7785,,
15835,2018,54.2393,,
15835,2019,56.771,,
15835,2020,50.4801,,
15837,2016,56.8529,,
15837,2017,52.7178,,
15837,2018,52.22,,
15837,2019,66.3128,,
15837,2020,66.1788,,
15839,2016,45.4451,,
15839,2017,42.8874,,
15839,2018,52.534,,
15839,2019,53.2387,,
15839,2020,45.8911,,
15842,2016,52.2412,,
15842,2017,48.8789,,
15842,2018,49.8441,,
15842,2019,57.8871,,
15842,2020,56.1688,,
15861,2016,53.9591,,
15861,2017,57.1842,,
15861,2018,47.3575,,
15861,2019,50.6241,,
15861,2020,51.3013,,
15879,2016,49.6788,,
15879,2017,57.8177,,
15879,2018,53.9774,,
15879,2019,58.4295,,
15879,2020,55.5063,,
15897,2016,60.2297,,
15897,2017,60.1591,,
15897,2018,60.3502,,
15897,2019,65.0016,,
15897,2020,50.913,,
17001,2016,67.4439,,
17001,2017,65.614,,
17001,2018,66.5974,,
17001,2019,71.7379,,
17001,2020,70.3653,,
17013,2016,45.3298,,
17013,2017,50.1712,,
17013,2018,51.4611,,
17013,2019,58.3828,,
17013,2020,59.0859,,
17042,2016,59.1594,,
17042,2017,57.7279,,
17042,2018,53.1647,,
17042,2019,59.5248,,
17042,2020,58.4259,,
17050,2016,47.0099,,
17050,2017,53.3253,,
17050,2018,45.1826,,
17050,2019,52.6798,,
17050,2020,49.1402,,
17088,2016,51.688,,
17088,2017,50.6767,,
17088,2018,54.6928,,
17088,2019,53.181,,
17088,2020,53.6895,,
17174,2016,54.7922,,
17174,2017,57.8805,,
17174,2018,59.9789,,
17174,2019,61.6767,,
17174,2020,55.6351,,
17272,2016,50.7331,,
17272,2017,53.0029,,
17272,2018,44.5641,,
17272,2019,61.8179,,
17272,2020,55.1884,,
17380,2016,52.6122,,
17380,2017,61.5781,,
17380,2018,57.7833,,
17380,2019,64.8977,,
17380,2020,64.0582,,
17388,2016,53.3899,,
17388,2017,50.426,,
17388,2018,43.5308,,
17388,2019,49.466,,
17388,2020,41.6643,,
17433,2016,35.7045,,
17433,2017,45.9971,,
17433,2018,42.3818,,
17433,2019,53.1106,,
17433,2020,57.3689,,
17442,2016,45.2106,,
17442,2017,48.2492,,
17442,2018,48.6511,,
17442,2019,57.9103,,
17442,2020,55.9516,,
17444,2016,52.0437,,
17444,2017,44.004,,
17444,2018,44.2857,,
17444,2019,58.3573,,
17444,2020,53.0002,,
17446,2016,49.5409,,
17446,2017,49.5199,,
17446,2018,50.1226,,
17446,2019,57.9036,,
17446,2020,46.3032,,
17486,2016,50.1292,,
17486,2017,47.046,,
17486,2018,59.1253,,
17486,2019,66.7387,,
17486,2020,59.9203,,
17495,2016,57.0135,,
17495,2017,58.9663,,
17495,2018,59.1569,,
17495,2019,60.5385,,
17495,2020,55.658,,
17513,2016,53.2922,,
17513,2017,53.344,,
17513,2018,50.5153,,
17513,2019,50.2403,,
17513,2020,52.2172,,
17524,2016,46.3782,,
17524,2017,54.9324,,
17524,2018,50.3999,,
17524,2019,62.8515,,
17524,2020,61.9471,,
17541,2016,42.4306,,
17541,2017,49.6066,,
17541,2018,48.9593,,
17541,2019,46.2578,,
17541,2020,53.463,,
17614,2016,46.4196,,
17614,2017,50.1307,,
17614,2018,49.6721,,
17614,2019,56.7283,,
17614,2020,54.0261,,
17616,2016,48.945,,
17616,2017,55.7194,,
17616,2018,57.9618,,
17616,2019,49.8755,,
17616,2020,50.7767,,
17653,2016,58.0512,,
17653,2017,56.9477,,
17653,2018,58.0448,,
17653,2019,41.079,,
17653,2020,52.6275,,
17662,2016,48.6259,,
17662,2017,44.5634,,
17662,2018,51.4044,,
17662,2019,54.0318,,
17662,2020,46.8014,,
17665,2016,45.8447,,
17665,2017,49.1243,,
17665,2018,48.7828,,
17665,2019,60.3873,,
17665,2020,57.8533,,
17777,2016,45.0536,,
17777,2017,43.108,,
17777,2018,48.1319,,
17777,2019,60.3698,,
17777,2020,57.3683,,
17867,2016,48.1686,,
17867,2017,52.918,,
17867,2018,57.6622,,
17867,2019,59.7788,,
17867,2020,59.1668,,
17873,2016,59.7005,,
17873,2017,60.0951,,
17873,2018,60.5018,,
17873,2019,45.2508,,
17873,2020,57.7159,,
17877,2016,48.8872,,
17877,2017,53.3948,,
17877,2018,46.7129,,
17877,2019,50.9939,,
17877,2020,60.1923,,
18001,2016,55.2111,,
18001,2017,51.1095,,
18001,2018,59.4072,,
18001,2019,68.0042,,
18001,2020,49.4063,,
18029,2016,47.3134,,
18029,2017,43.8396,,
18029,2018,48.5831,,
18029,2019,54.6319,,
18029,2020,45.5076,,
18094,2016,56.4462,,
18094,2017,60.3432,,
18094,2018,53.665,,
18094,2019,56.3653,,
18094,2020,51.8367,,
18150,2016,41.5989,,
18150,2017,47.5316,,
18150,2018,48.2527,,
18150,2019,56.6387,,
18150,2020,46.8548,,
18205,2016,44.4743,,
18205,2017,42.1342,,
18205,2018,43.3905,,
18205,2019,55.7363,,
18205,2020,36.6467,,
18247,2016,41.986,,
18247,2017,50.681,,
18247,2018,50.6607,,
18247,2019,52.8386,,
18247,2020,48.9441,,
18256,2016,44.361,,
18256,2017,45.5938,,
18256,2018,46.8138,,
18256,2019,52.1625,,
18256,2020,49.8368,,
18410,2016,49.6368,,
18410,2017,49.7597,,
18410,2018,51.047,,
18410,2019,62.6391,,
18410,2020,51.034,,
18460,2016,47.8686,,
18460,2017,54.0259,,
18460,2018,42.5295,,
18460,2019,47.8229,,
18460,2020,49.3777,,
18479,2016,42.0877,,
18479,2017,41.9514,,
18479,2018,42.7253,,
18479,2019,50.1126,,
18479,2020,51.6508,,
18592,2016,34.0426,,
18592,2017,37.7908,,
18592,2018,45.3322,,
18592,2019,51.4361,,
18592,2020,40.1358,,
18610,2016,51.5608,,
18610,2017,47.5841,,
18610,2018,53.2406,,
18610,2019,57.057,,
18610,2020,58.9809,,
18753,2016,44.9085,,
18753,2017,52.1152,,
18753,2018,54.54,,
18753,2019,60.0774,,
18753,2020,46.7005,,
18756,2016,36.0729,,
18756,2017,39.7395,,
18756,2018,43.5254,,
18756,2019,31.6202,,
18756,2020,43.7635,,
18785,2016,36.1969,,
18785,2017,32.4222,,
18785,2018,38.6195,,
18785,2019,54.0753,,
18785,2020,47.9937,,
18860,2016,40.3733,,
18860,2017,42.5342,,
18860,2018,44.3111,,
18860,2019,52.7476,,
18860,2020,36.7274,,
19001,2016,59.2645,,
19001,2017,58.3195,,
19001,2018,56.3614,,
19001,2019,63.5819,,
19001,2020,62.1498,,
19022,2016,37.3561,,
19022,2017,37.1567,,
19022,2018,35.8663,,
19022,2019,51.0349,,
19022,2020,28.2166,,
19050,2016,36.3167,,
19050,2017,44.4475,,
19050,2018,48.0434,,
19050,2019,42.9684,,
19050,2020,41.4103,,
19075,2016,39.5766,,
19075,2017,45.3656,,
19075,2018,49.4988,,
19075,2019,38.2397,,
19075,2020,59.6481,,
19100,2016,46.8515,,
19100,2017,45.9657,,
19100,2018,26.1738,,
19100,2019,48.1503,,
19100,2020,45.0657,,
19110,2016,38.5214,,
19110,2017,45.3231,,
19110,2018,45.4049,,
19110,2019,45.3464,,
19110,2020,43.5073,,
19130,2016,47.0404,,
19130,2017,44.0585,,
19130,2018,43.2732,,
19130,2019,50.744,,
19130,2020,49.6048,,
19137,2016,36.0147,,
19137,2017,44.5221,,
19137,2018,46.734,,
19137,2019,51.4563,,
19137,2020,49.8493,,
19142,2016,57.8111,,
19142,2017,54.319,,
19142,2018,63.1188,,
19142,2019,53.8611,,
19142,2020,63.4741,,
19212,2016,56.2032,,
19212,2017,47.9458,,
19212,2018,41.9252,,
19212,2019,55.3203,,
19212,2020,52.934,,
19256,2016,49.0689,,
19256,2017,46.7165,,
19256,2018,49.4186,,
19256,2019,54.5375,,
19256,2020,51.2933,,
19290,2016,45.2812,,
19290,2017,39.0879,,
19290,2018,50.8152,,
19290,2019,47.2853,,
19290,2020,37.4937,,
19300,2016,60.7739,,
19300,2017,62.12,,
19300,2018,62.6396,,
19300,2019,62.5224,,
19300,2020,68.7426,,
19318,2016,38.4341,,
19318,2017,37.3543,,
19318,2018,48.0315,,
19318,2019,40.8008,,
19318,2020,46.6163,,
19355,2016,32.907,,
19355,2017,36.1437,,
19355,2018,44.4226,,
19355,2019,43.0266,,
19355,2020,43.2466,,
19364,2016,37.107,,
19364,2017,40.1222,,
19364,2018,42.5565,,
19364,2019,50.5379,,
19364,2020,45.8713,,
19392,2016,38.5407,,
19392,2017,32.1939,,
19392,2018,35.7191,,
19392,2019,51.6673,,
19392,2020,37.1439,,
19397,2016,41.7276,,
19397,2017,45.6285,,
19397,2018,43.1126,,
19397,2019,53.6425,,
19397,2020,41.7747,,
19418,2016,31.1347,,
19418,2017,27.224,,
19418,2018,36.4109,,
19418,2019,54.0212,,
19418,2020,41.8009,,
19450,2016,42.6667,,
19450,2017,41.559,,
19450,2018,38.7463,,
19450,2019,49.8093,,
19450,2020,43.069,,
19455,2016,66.1838,,
19455,2017,62.9931,,
19455,2018,61.5748,,
19455,2019,71.4384,,
19455,2020,67.065,,
19473,2016,46.5613,,
19473,2017,48.0588,,
19473,2018,45.4408,,
19473,2019,45.2478,,
19473,2020,47.0641,,
19513,2016,44.2164,,
19513,2017,48.0577,,
19513,2018,35.0065,,
19513,2019,46.5629,,
19513,2020,53.6597,,
19517,2016,43.9044,,
19517,2017,40.6691,,
19517,2018,38.6713,,
19517,2019,44.3003,,
19517,2020,43.2249,,
19532,2016,47.8555,,
19532,2017,46.4206,,
19532,2018,49.7937,,
19532,2019,55.1526,,
19532,2020,52.8622,,
19533,2016,39.0689,,
19533,2017,41.1642,,
19533,2018,31.1334,,
19533,2019,33.9882,,
19533,2020,39.9535,,
19548,2016,46.9996,,
19548,2017,51.7579,,
19548,2018,52.8733,,
19548,2019,57.513,,
19548,2020,57.671,,
19573,2016,49.5925,,
19573,2017,60.3192,,
19573,2018,61.3394,,
19573,2019,49.6268,,
19573,2020,52.9535,,
19585,2016,40.0571,,
19585,2017,42.1167,,
19585,2018,44.538,,
19585,2019,48.6388,,
19585,2020,49.4385,,
19622,2016,33.8552,,
19622,2017,34.6531,,
19622,2018,42.8215,,
19622,2019,48.87,,
19622,2020,49.818,,
19693,2016,44.5269,,
19693,2017,43.6803,,
19693,2018,42.209,,
19693,2019,47.3504,,
19693,2020,33.9379,,
19698,2016,47.858,,
19698,2017,44.8932,,
19698,2018,49.8026,,
19698,2019,57.5655,,
19698,2020,56.9735,,
19701,2016,37.4741,,
19701,2017,39.7248,,
19701,2018,37.8005,,
19701,2019,51.8683,,
19701,2020,36.9946,,
19743,2016,37.6233,,
19743,2017,41.3996,,
19743,2018,44.8771,,
19743,2019,47.5721,,
19743,2020,41.3662,,
19760,2016,42.2935,,
19760,2017,46.859,,
19760,2018,47.6786,,
19760,2019,51.1393,,
19760,2020,42.9457,,
19780,2016,44.874,,
19780,2017,37.4769,,
19780,2018,40.9864,,
19780,2019,39.1316,,
19780,2020,35.0602,,
19785,2016,37.9139,,
19785,2017,44.1517,,
19785,2018,41.691,,
19785,2019,46.7125,,
19785,2020,43.4308,,
19807,2016,41.1418,,
19807,2017,35.6704,,
19807,2018,48.4479,,
19807,2019,50.2613,,
19807,2020,55.2913,,
19809,2016,41.0831,,
19809,2017,51.7392,,
19809,2018,58.9328,,
19809,2019,53.5947,,
19809,2020,37.3911,,
19821,2016,35.1124,,
19821,2017,34.0083,,
19821,2018,30.3536,,
19821,2019,41.7183,,
19821,2020,37.5597,,
19824,2016,44.9001,,
19824,2017,42.6229,,
19824,2018,42.6183,,
19824,2019,50.0283,,
19824,2020,45.287,,
19845,2016,47.7773,,
19845,2017,62.1248,,
19845,2018,62.8098,,
19845,2019,65.3179,,
19845,2020,56.7248,,
20001,2016,49.6428,,
20001,2017,49.1829,,
20001,2018,50.5322,,
20001,2019,54.9957,,
20001,2020,41.7459,,
20011,2016,46.0455,,
20011,2017,34.819,,
20011,2018,44.7091,,
20011,2019,50.5102,,
20011,2020,42.2375,,
20013,2016,55.7713,,
20013,2017,49.8248,,
20013,2018,48.7518,,
20013,2019,27.5982,,
20013,2020,35.7147,,
20032,2016,32.5764,,
20032,2017,44.1727,,
20032,2018,39.8551,,
20032,2019,44.2648,,
20032,2020,30.8495,,
20045,2016,66.873,,
20045,2017,64.9491,,
20045,2018,64.0799,,
20045,2019,58.5358,,
20045,2020,57.0596,,
20060,2016,53.1371,,
20060,2017,45.2624,,
20060,2018,50.3141,,
20060,2019,54.4631,,
20060,2020,50.7987,,
20175,2016,35.1322,,
20175,2017,41.81,,
20175,2018,44.6181,,
20175,2019,44.0109,,
20175,2020,29.337,,
20178,2016,50.2785,,
20178,2017,53.4211,,
20178,2018,53.5558,,
20178,2019,37.5695,,
20178,2020,37.3098,,
20228,2016,50.4386,,
20228,2017,41.3693,,
20228,2018,49.9878,,
20228,2019,48.2281,,
20228,2020,45.7808,,
20238,2016,49.7728,,
20238,2017,45.1389,,
20238,2018,47.2307,,
20238,2019,59.913,,
20238,2020,59.834,,
20250,2016,39.3409,,
20250,2017,51.6818,,
20250,2018,58.9377,,
20250,2019,37.2673,,
20250,2020,36.6767,,
20295,2016,48.7428,,
20295,2017,41.6559,,
20295,2018,40.9968,,
20295,2019,40.7949,,
20295,2020,31.2058,,
20310,2016,45.8111,,
20310,2017,32.2937,,
20310,2018,39.4173,,
20310,2019,45.5665,,
20310,2020,37.8623,,
20383,2016,51.6885,,
20383,2017,49.923,,
20383,2018,56.0274,,
20383,2019,36.1729,,
20383,2020,31.7304,,
20400,2016,56.4338,,
20400,2017,47.1046,,
20400,2018,52.8588,,
20400,2019,45.0915,,
20400,2020,39.8143,,
20443,2016,42.1297,,
20443,2017,34.4863,,
20443,2018,43.0992,,
20443,2019,54.4295,,
20443,2020,42.2541,,
20517,2016,45.7728,,
20517,2017,45.0812,,
20517,2018,41.1595,,
20517,2019,23.4934,,
20517,2020,53.0882,,
20550,2016,55.9346,,
20550,2017,48.1916,,
20550,2018,50.0653,,
20550,2019,54.2285,,
20550,2020,43.4854,,
20570,2016,34.2798,,
20570,2017,38.7154,,
20570,2018,39.1371,,
20570,2019,38.8297,,
20570,2020,24.8855,,
20614,2016,43.5228,,
20614,2017,47.425,,
20614,2018,41.5562,,
20614,2019,44.0552,,
20614,2020,34.6591,,
20621,2016,50.0902,,
20621,2017,48.5953,,
20621,2018,51.6244,,
20621,2019,37.6324,,
20621,2020,26.4682,,
20710,2016,47.0104,,
20710,2017,63.6241,,
20710,2018,58.9505,,
20710,2019,56.4498,,
20710,2020,51.6727,,
20750,2016,42.6837,,
20750,2017,47.8132,,
20750,2018,42.3692,,
20750,2019,36.3071,,
20750,2020,35.2591,,
20770,2016,50.6854,,
20770,2017,49.3115,,
20770,2018,56.2132,,
20770,2019,42.5131,,
20770,2020,56.4387,,
20787,2016,45.0619,,
20787,2017,45.5188,,
20787,2018,48.3328,,
20787,2019,35.4478,,
20787,2020,52.7577,,
23001,2016,55.5556,,
23001,2017,54.3498,,
23001,2018,53.9114,,
23001,2019,43.3464,,
23001,2020,64.1142,,
23068,2016,50.1785,,
23068,2017,44.4691,,
23068,2018,52.8128,,
23068,2019,59.1803,,
23068,2020,50.4937,,
23079,2016,51.4822,,
23079,2017,51.7438,,
23079,2018,54.1043,,
23079,2019,54.6486,,
23079,2020,45.1743,,
23090,2016,35.2965,,
23090,2017,43.4737,,
23090,2018,45.175,,
23090,2019,67.0837,,
23090,2020,60.825,,
23162,2016,55.2742,,
23162,2017,56.1185,,
23162,2018,53.6401,,
23162,2019,54.6736,,
23162,2020,36.4227,,
23168,2016,42.3837,,
23168,2017,44.7803,,
23168,2018,40.324,,
23168,2019,26.4129,,
23168,2020,53.2781,,
23182,2016,44.1116,,
23182,2017,32.9332,,
23182,2018,48.9655,,
23182,2019,54.6264,,
23182,2020,26.549,,
23189,2016,47.0646,,
23189,2017,51.6038,,
23189,2018,53.237,,
23189,2019,58.6182,,
23189,2020,50.5158,,
23300,2016,45.5351,,
23300,2017,51.5297,,
23300,2018,47.6891,,
23300,2019,45.9524,,
23300,2020,40.5719,,
23350,2016,44.5832,,
23350,2017,50.2785,,
23350,2018,45.4912,,
23350,2019,49.4177,,
23350,2020,60.6182,,
23417,2016,45.3362,,
23417,2017,41.404,,
23417,2018,51.9502,,
23417,2019,53.9166,,
23417,2020,53.0632,,
23419,2016,43.1396,,
23419,2017,48.5787,,
23419,2018,50.4196,,
23419,2019,57.5702,,
23419,2020,51.3007,,
23464,2016,38.448,,
23464,2017,42.6577,,
23464,2018,40.5619,,
23464,2019,32.9721,,
23464,2020,41.1085,,
23466,2016,43.6659,,
23466,2017,50.111,,
23466,2018,49.6558,,
23466,2019,56.4747,,
23466,2020,55.419,,
23500,2016,42.1286,,
23500,2017,47.2154,,
23500,2018,45.6074,,
23500,2019,55.2381,,
23500,2020,49.1451,,
23555,2016,49.3037,,
23555,2017,47.3682,,
23555,2018,45.3793,,
23555,2019,56.1153,,
23555,2020,57.5189,,
23570,2016,41.1674,,
23570,2017,50.2516,,
23570,2018,44.6708,,
23570,2019,54.5795,,
23570,2020,36.1619,,
23574,2016,40.2806,,
23574,2017,36.5289,,
23574,2018,51.6646,,
23574,2019,49.2049,,
23574,2020,45.9698,,
23580,2016,43.5527,,
23580,2017,44.0714,,
23580,2018,43.3881,,
23580,2019,56.5416,,
23580,2020,44.4534,,
23586,2016,27.885,,
23586,2017,41.4618,,
23586,2018,42.1429,,
23586,2019,41.476,,
23586,2020,45.4692,,
23660,2016,57.3182,,
23660,2017,56.858,,
23660,2018,58.3945,,
23660,2019,62.6657,,
23660,2020,42.3149,,
23670,2016,52.4085,,
23670,2017,42.5664,,
23670,2018,46.4756,,
23670,2019,45.3902,,
23670,2020,46.7618,,
23672,2016,56.8256,,
23672,2017,59.9085,,
23672,2018,60.3473,,
23672,2019,58.8179,,
23672,2020,54.2277,,
23675,2016,31.8876,,
23675,2017,37.524,,
23675,2018,42.0695,,
23675,2019,26.4011,,
23675,2020,51.5848,,
23678,2016,21.8121,,
23678,2017,42.8336,,
23678,2018,41.3939,,
23678,2019,33.8268,,
23678,2020,44.415,,
23682,2016,38.1721,,
23682,2017,49.3625,,
23682,2018,37.5864,,
23682,2019,34.8645,,
23682,2020,46.4244,,
23686,2016,43.0083,,
23686,2017,41.1703,,
23686,2018,49.3156,,
23686,2019,31.1985,,
23686,2020,21.7609,,
23807,2016,46.6986,,
23807,2017,55.4404,,
23807,2018,55.4833,,
23807,2019,36.3321,,
23807,2020,51.8659,,
23815,2016,35.7278,,
23815,2017,47.1787,,
23815,2018,40.5516,,
23815,2019,42.6032,,
23815,2020,37.4339,,
23855,2016,45.6126,,
23855,2017,41.4705,,
23855,2018,53.5195,,
23855,2019,32.2116,,
23855,2020,46.4519,,
25001,2016,52.0794,,
25001,2017,51.0177,,
25001,2018,54.2182,,
25001,2019,62.556,,
25001,2020,49.3828,,
25019,2016,42.0368,,
25019,2017,42.0917,,
25019,2018,50.1162,,
25019,2019,62.5676,,
25019,2020,56.9442,,
25035,2016,66.9425,,
25035,2017,64.3483,,
25035,2018,67.4518,,
25035,2019,74.662,,
25035,2020,67.4433,,
25040,2016,50.9403,,
25040,2017,52.641,,
25040,2018,35.58,,
25040,2019,50.0193,,
25040,2020,51.6518,,
25053,2016,53.4919,,
25053,2017,60.733,,
25053,2018,54.4407,,
25053,2019,52.258,,
25053,2020,45.5726,,
25086,2016,53.2901,,
25086,2017,54.2961,,
25086,2018,60.8599,,
25086,2019,68.4399,,
25086,2020,48.4009,,
25095,2016,45.1069,,
25095,2017,41.0656,,
25095,2018,44.2894,,
25095,2019,52.1856,,
25095,2020,42.4063,,
25099,2016,62.3451,,
25099,2017,60.2501,,
25099,2018,53.5998,,
25099,2019,64.866,,
25099,2020,60.3156,,
25120,2016,41.958,,
25120,2017,36.9883,,
25120,2018,41.3048,,
25120,2019,50.9256,,
25120,2020,41.5506,,
25123,2016,51.9132,,
25123,2017,51.6872,,
25123,2018,49.9425,,
25123,2019,62.4781,,
25123,2020,53.9179,,
25126,2016,75.5371,,
25126,2017,71.1895,,
25126,2018,69.0605,,
25126,2019,76.6557,,
25126,2020,78.1665,,
25148,2016,39.2197,,
25148,2017,38.8156,,
25148,2018,52.1817,,
25148,2019,61.9681,,
25148,2020,51.058,,
25151,2016,44.9978,,
25151,2017,49.061,,
25151,2018,48.197,,
25151,2019,48.8312,,
25151,2020,43.3169,,
25154,2016,46.6519,,
25154,2017,56.1359,,
25154,2018,57.9941,,
25154,2019,58.2219,,
25154,2020,62.0069,,
25168,2016,43.463,,
25168,2017,33.9589,,
25168,2018,34.9457,,
25168,2019,43.7535,,
25168,2020,48.9701,,
25175,2016,67.1433,,
25175,2017,70.4744,,
25175,2018,70.6934,,
25175,2019,71.0521,,
25175,2020,74.5229,,
25178,2016,49.346,,
25178,2017,51.8368,,
25178,2018,51.9329,,
25178,2019,50.0465,,
25178,2020,56.2631,,
25181,2016,54.1344,,
25181,2017,55.2363,,
25181,2018,58.5798,,
25181,2019,64.5749,,
25181,2020,62.2299,,
25183,2016,57.0087,,
25183,2017,54.426,,
25183,2018,57.27,,
25183,2019,57.6949,,
25183,2020,52.6132,,
25200,2016,63.9194,,
25200,2017,56.4706,,
25200,2018,68.0482,,
25200,2019,65.0783,,
25200,2020,70.2267,,
25214,2016,61.1991,,
25214,2017,65.1661,,
25214,2018,70.6654,,
25214,2019,70.5265,,
25214,2020,69.2508,,
25224,2016,39.4602,,
25224,2017,47.3506,,
25224,2018,37.207,,
25224,2019,48.6763,,
25224,2020,48.1969,,
25245,2016,60.6257,,
25245,2017,52.9463,,
25245,2018,55.1382,,
25245,2019,66.487,,
25245,2020,59.7052,,
25258,2016,35.3276,,
25258,2017,42.2239,,
25258,2018,49.5218,,
25258,2019,42.2109,,
25258,2020,38.8512,,
25260,2016,62.5859,,
25260,2017,67.5071,,
25260,2018,64.9152,,
25260,2019,65.1502,,
25260,2020,48.2606,,
25269,2016,63.4063,,
25269,2017,65.0906,,
25269,2018,63.962,,
25269,2019,67.4286,,
25269,2020,63.4877,,
25279,2016,55.7299,,
25279,2017,58.4791,,
25279,2018,62.0536,,
25279,2019,60.7047,,
25279,2020,52.773,,
25281,2016,51.6459,,
25281,2017,48.481,,
25281,2018,53.8351,,
25281,2019,58.6168,,
25281,2020,54.7392,,
25286,2016,72.7162,,
25286,2017,70.4384,,
25286,2018,67.0645,,
25286,2019,67.6239,,
25286,2020,74.4696,,
25288,2016,48.5205,,
25288,2017,54.8964,,
25288,2018,52.6668,,
25288,2019,58.6056,,
25288,2020,56.1859,,
25290,2016,72.1015,,
25290,2017,69.4541,,
25290,2018,71.3676,,
25290,2019,67.0707,,
25290,2020,67.0752,,
25293,2016,42.414,,
25293,2017,48.5933,,
25293,2018,49.5489,,
25293,2019,51.7871,,
25293,2020,53.7217,,
25295,2016,67.4939,,
25295,2017,45.0054,,
25295,2018,59.6417,,
25295,2019,72.8454,,
25295,2020,66.9193,,
25297,2016,43.2236,,
25297,2017,44.9569,,
25297,2018,49.1642,,
25297,2019,53.7273,,
25297,2020,48.262,,
25299,2016,42.1291,,
25299,2017,41.7409,,
25299,2018,47.187,,
25299,2019,60.3587,,
25299,2020,48.9527,,
25307,2016,78.604,,
25307,2017,71.4886,,
25307,2018,73.0736,,
25307,2019,76.3275,,
25307,2020,74.1825,,
25312,2016,50.3625,,
25312,2017,57.7613,,
25312,2018,54.6394,,
25312,2019,65.519,,
25312,2020,64.9128,,
25317,2016,53.2239,,
25317,2017,54.7348,,
25317,2018,60.2276,,
25317,2019,56.4446,,
25317,2020,33.7211,,
25320,2016,40.5689,,
25320,2017,57.1101,,
25320,2018,54.9403,,
25320,2019,58.5156,,
25320,2020,57.1656,,
25322,2016,64.0075,,
25322,2017,59.4749,,
25322,2018,70.0863,,
25322,2019,72.3555,,
25322,2020,67.9408,,
25324,2016,57.739,,
25324,2017,58.3241,,
25324,2018,63.375,,
25324,2019,65.9535,,
25324,2020,57.3819,,
25326,2016,62.3,,
25326,2017,63.052,,
25326,2018,47.5785,,
25326,2019,59.4665,,
25326,2020,49.3842,,
25328,2016,48.2578,,
25328,2017,57.3599,,
25328,2018,61.4229,,
25328,2019,62.6813,,
25328,2020,53.5365,,
25335,2016,53.9478,,
25335,2017,58.4177,,
25335,2018,55.0562,,
25335,2019,51.5976,,
25335,2020,52.4362,,
25339,2016,41.21,,
25339,2017,35.4756,,
25339,2018,44.9249,,
25339,2019,56.5381,,
25339,2020,61.2454,,
25368,2016,39.4922,,
25368,2017,42.2693,,
25368,2018,52.6462,,
25368,2019,63.0171,,
25368,2020,52.0659,,
25372,2016,49.7027,,
25372,2017,46.5412,,
25372,2018,47.6123,,
25372,2019,49.9662,,
25372,2020,43.1416,,
25377,2016,71.6803,,
25377,2017,66.5555,,
25377,2018,66.977,,
25377,2019,74.6639,,
25377,2020,68.4249,,
25386,2016,59.9653,,
25386,2017,58.9185,,
25386,2018,58.3232,,
25386,2019,70.2732,,
25386,2020,67.3087,,
25394,2016,36.3439,,
25394,2017,38.6716,,
25394,2018,47.6044,,
25394,2019,47.7208,,
25394,2020,50.9926,,
25398,2016,41.4089,,
25398,2017,51.0432,,
25398,2018,46.8931,,
25398,2019,59.9257,,
25398,2020,57.145,,
25402,2016,66.6609,,
25402,2017,61.986,,
25402,2018,65.6904,,
25402,2019,70.5231,,
25402,2020,63.6262,,
25407,2016,54.737,,
25407,2017,46.3749,,
25407,2018,48.4859,,
25407,2019,55.5473,,
25407,2020,57.0103,,
25426,2016,39.7298,,
25426,2017,37.6897,,
25426,2018,33.7646,,
25426,2019,40.2297,,
25426,2020,39.8481,,
25430,2016,66.7478,,
25430,2017,60.465,,
25430,2018,64.5948,,
25430,2019,72.1816,,
25430,2020,60.7234,,
25436,2016,35.5154,,
25436,2017,45.8099,,
25436,2018,41.9899,,
25436,2019,50.2231,,
25436,2020,50.5011,,
25438,2016,43.4375,,
25438,2017,45.6196,,
25438,2018,40.7679,,
25438,2019,41.9655,,
25438,2020,54.3785,,
25473,2016,78.7805,,
25473,2017,73.1658,,
25473,2018,73.7519,,
25473,2019,81.822,,
25473,2020,80.098,,
25483,2016,54.1735,,
25483,2017,46.4381,,
25483,2018,56.824,,
25483,2019,62.2173,,
25483,2020,64.4555,,
25486,2016,47.3447,,
25486,2017,58.7937,,
25486,2018,53.5293,,
25486,2019,67.3431,,
25486,2020,68.6256,,
25488,2016,64.6775,,
25488,2017,72.6147,,
25488,2018,71.7769,,
25488,2019,86.8169,,
25488,2020,73.8109,,
25489,2016,43.0278,,
25489,2017,37.6013,,
25489,2018,44.3643,,
25489,2019,54.9125,,
25489,2020,43.2038,,
25491,2016,50.2472,,
25491,2017,46.2816,,
25491,2018,49.4744,,
25491,2019,58.1621,,
25491,2020,57.0966,,
25506,2016,48.9565,,
25506,2017,43.7599,,
25506,2018,41.1533,,
25506,2019,46.7785,,
25506,2020,47.0425,,
25513,2016,55.1223,,
25513,2017,55.6117,,
25513,2018,61.8767,,
25513,2019,67.9549,,
25513,2020,64.1928,,
25518,2016,36.2275,,
25518,2017,38.9239,,
25518,2018,45.7949,,
25518,2019,51.4281,,
25518,2020,48.1811,,
25524,2016,44.5919,,
25524,2017,45.0615,,
25524,2018,44.0071,,
25524,2019,55.5427,,
25524,2020,48.218,,
25530,2016,51.8422,,
25530,2017,54.7169,,
25530,2018,56.0437,,
25530,2019,64.9119,,
25530,2020,56.8554,,
25535,2016,47.5875,,
25535,2017,50.9747,,
25535,2018,52.8279,,
25535,2019,50.8557,,
25535,2020,46.8869,,
25572,2016,58.9891,,
25572,2017,50.2603,,
25572,2018,57.6086,,
25572,2019,63.8225,,
25572,2020,67.2952,,
25580,2016,38.622,,
25580,2017,48.7773,,
25580,2018,52.9051,,
25580,2019,59.2056,,
25580,2020,47.5041,,
25592,2016,53.281,,
25592,2017,57.0281,,
25592,2018,54.6951,,
25592,2019,62.0259,,
25592,2020,53.8118,,
25594,2016,51.147,,
25594,2017,46.9667,,
25594,2018,44.1518,,
25594,2019,52.1622,,
25594,2020,51.4707,,
25596,2016,41.2145,,
25596,2017,43.6348,,
25596,2018,38.4364,,
25596,2019,45.5349,,
25596,2020,40.1213,,
25599,2016,56.8184,,
25599,2017,56.0757,,
25599,2018,59.8715,,
25599,2019,67.9032,,
25599,2020,55.4311,,
25612,2016,71.2938,,
25612,2017,70.6442,,
25612,2018,67.6038,,
25612,2019,73.2613,,
25612,2020,75.9744,,
25645,2016,57.868,,
25645,2017,55.5521,,
25645,2018,46.3242,,
25645,2019,61.6818,,
25645,2020,57.8019,,
25649,2016,50.2382,,
25649,2017,48.873,,
25649,2018,52.0183,,
25649,2019,52.3084,,
25649,2020,48.3754,,
25653,2016,49.3203,,
25653,2017,50.0786,,
25653,2018,53.2007,,
25653,2019,67.9228,,
25653,2020,52.6913,,
25658,2016,47.098,,
25658,2017,46.6248,,
25658,2018,54.6256,,
25658,2019,53.7385,,
25658,2020,41.4678,,
25662,2016,44.0838,,
25662,2017,47.9638,,
25662,2018,53.0016,,
25662,2019,39.5357,,
25662,2020,40.6625,,
25718,2016,47.8135,,
25718,2017,50.6895,,
25718,2018,57.5376,,
25718,2019,62.2072,,
25718,2020,56.9981,,
25736,2016,61.0663,,
25736,2017,67.5949,,
25736,2018,62.7931,,
25736,2019,77.5752,,
25736,2020,75.1409,,
25740,2016,67.6491,,
25740,2017,58.3804,,
25740,2018,62.1578,,
25740,2019,68.915,,
25740,2020,64.1483,,
25743,2016,55.2055,,
25743,2017,53.544,,
25743,2018,59.3491,,
25743,2019,51.0665,,
25743,2020,53.4714,,
25745,2016,41.0899,,
25745,2017,53.7258,,
25745,2018,50.0878,,
25745,2019,53.5651,,
25745,2020,56.4229,,
25754,2016,43.9517,,
25754,2017,48.3379,,
25754,2018,53.4361,,
25754,2019,55.1185,,
25754,2020,54.0722,,
25758,2016,71.8401,,
25758,2017,75.8276,,
25758,2018,77.593,,
25758,2019,79.9894,,
25758,2020,79.6956,,
25769,2016,66.7201,,
25769,2017,66.1315,,
25769,2018,58.8247,,
25769,2019,75.7682,,
25769,2020,70.0634,,
25772,2016,54.0403,,
25772,2017,48.9792,,
25772,2018,47.5168,,
25772,2019,63.1844,,
25772,2020,45.7862,,
25777,2016,52.6723,,
25777,2017,55.4875,,
25777,2018,53.3489,,
25777,2019,58.5748,,
25777,2020,53.8377,,
25779,2016,42.5854,,
25779,2017,40.5701,,
25779,2018,44.975,,
25779,2019,49.8525,,
25779,2020,39.0802,,
25781,2016,45.6925,,
25781,2017,49.4812,,
25781,2018,53.9173,,
25781,2019,53.0015,,
25781,2020,52.4738,,
25785,2016,68.4572,,
25785,2017,59.5884,,
25785,2018,65.2526,,
25785,2019,73.257,,
25785,2020,69.7636,,
25793,2016,51.5649,,
25793,2017,54.9442,,
25793,2018,56.2592,,
25793,2019,70.4911,,
25793,2020,56.792,,
25797,2016,58.3429,,
25797,2017,47.0864,,
25797,2018,50.8158,,
25797,2019,54.9071,,
25797,2020,55.3696,,
25799,2016,69.0372,,
25799,2017,69.759,,
25799,2018,67.2286,,
25799,2019,81.8492,,
25799,2020,76.4461,,
25805,2016,51.2135,,
25805,2017,31.835,,
25805,2018,50.0908,,
25805,2019,52.206,,
25805,2020,47.1684,,
25807,2016,45.7931,,
25807,2017,48.8672,,
25807,2018,47.6748,,
25807,2019,51.0242,,
25807,2020,38.6674,,
25815,2016,47.3413,,
25815,2017,62.1351,,
25815,2018,56.6139,,
25815,2019,63.3667,,
25815,2020,57.6184,,
25817,2016,74.335,,
25817,2017,69.6173,,
25817,2018,64.4018,,
25817,2019,70.3992,,
25817,2020,78.8033,,
25823,2016,33.7702,,
25823,2017,35.3111,,
25823,2018,39.3415,,
25823,2019,43.3698,,
25823,2020,35.3507,,
25839,2016,43.6879,,
25839,2017,56.0386,,
25839,2018,48.8168,,
25839,2019,51.8181,,
25839,2020,42.6751,,
25841,2016,49.9845,,
25841,2017,41.0257,,
25841,2018,49.5656,,
25841,2019,43.6361,,
25841,2020,46.3349,,
25843,2016,50.4596,,
25843,2017,44.972,,
25843,2018,50.1204,,
25843,2019,52.8812,,
25843,2020,53.2944,,
25845,2016,59.3542,,
25845,2017,45.3529,,
25845,2018,48.1008,,
25845,2019,53.7687,,
25845,2020,54.3423,,
25851,2016,47.6614,,
25851,2017,48.8897,,
25851,2018,51.3734,,
25851,2019,54.2334,,
25851,2020,55.6588,,
25862,2016,47.2241,,
25862,2017,32.8388,,
25862,2018,47.3348,,
25862,2019,48.9173,,
25862,2020,48.5142,,
25867,2016,41.2285,,
25867,2017,41.4784,,
25867,2018,53.4492,,
25867,2019,58.067,,
25867,2020,61.9556,,
25871,2016,43.8003,,
25871,2017,43.1637,,
25871,2018,42.5869,,
25871,2019,52.242,,
25871,2020,42.1928,,
25873,2016,47.2994,,
25873,2017,56.7217,,
25873,2018,47.6937,,
25873,2019,60.8153,,
25873,2020,48.5707,,
25875,2016,63.5173,,
25875,2017,63.8274,,
25875,2018,66.4845,,
25875,2019,74.5649,,
25875,2020,69.9381,,
25878,2016,38.1676,,
25878,2017,50.8168,,
25878,2018,51.3661,,
25878,2019,57.2683,,
25878,2020,52.3847,,
25885,2016,31.1634,,
25885,2017,39.4829,,
25885,2018,38.873,,
25885,2019,43.62,,
25885,2020,38.7334,,
25898,2016,55.0519,,
25898,2017,54.1484,,
25898,2018,54.761,,
25898,2019,62.4877,,
25898,2020,48.4803,,
25899,2016,72.2485,,
25899,2017,72.0094,,
25899,2018,70.8428,,
25899,2019,76.0603,,
25899,2020,78.6175,,
27001,2016,42.7456,,
27001,2017,49.8665,,
27001,2018,46.2231,,
27001,2019,39.4972,,
27001,2020,54.5995,,
27006,2016,29.4225,,
27006,2017,34.2981,,
27006,2018,46.7975,,
27006,2019,48.9614,,
27006,2020,56.0728,,
27025,2016,26.23,,
27025,2017,35.5302,,
27025,2018,39.9348,,
27025,2019,52.9488,,
27025,2020,38.1819,,
27050,2016,34.0988,,
27050,2017,23.7622,,
27050,2018,33.1481,,
27050,2019,48.7941,,
27050,2020,45.3507,,
27073,2016,22.3036,,
27073,2017,41.5437,,
27073,2018,43.8585,,
27073,2019,49.2006,,
27073,2020,59.6771,,
27075,2016,38.5276,,
27075,2017,45.3838,,
27075,2018,38.7113,,
27075,2019,43.8404,,
27075,2020,54.2603,,
27077,2016,41.4976,,
27077,2017,52.7697,,
27077,2018,56.4898,,
27077,2019,35.9711,,
27077,2020,44.6932,,
27099,2016,38.4691,,
27099,2017,59.1617,,
27099,2018,47.2366,,
27099,2019,45.8902,,
27099,2020,52.3728,,
27135,2016,30.7831,,
27135,2017,37.2796,,
27135,2018,44.5103,,
27135,2019,49.7979,,
27135,2020,45.3767,,
27150,2016,27.0688,,
27150,2017,44.0321,,
27150,2018,44.2684,,
27150,2019,56.168,,
27150,2020,48.6033,,
27160,2016,38.0557,,
27160,2017,45.8729,,
27160,2018,50.7256,,
27160,2019,64.6709,,
27160,2020,63.0671,,
27205,2016,39.0029,,
27205,2017,47.0201,,
27205,2018,47.9888,,
27205,2019,56.308,,
27205,2020,49.6928,,
27245,2016,31.155,,
27245,2017,37.5501,,
27245,2018,37.1844,,
27245,2019,51.1529,,
27245,2020,45.7263,,
27250,2016,30.3562,,
27250,2017,36.8417,,
27250,2018,41.6009,,
27250,2019,58.0785,,
27250,2020,47.3815,,
27361,2016,31.9685,,
27361,2017,30.6187,,
27361,2018,46.3853,,
27361,2019,43.8743,,
27361,2020,47.5839,,
27372,2016,26.3827,,
27372,2017,31.8436,,
27372,2018,64.1194,,
27372,2019,55.1252,,
27372,2020,60.8277,,
27413,2016,32.3321,,
27413,2017,31.9328,,
27413,2018,34.9604,,
27413,2019,63.8148,,
27413,2020,52.5113,,
27425,2016,36.1926,,
27425,2017,32.8164,,
27425,2018,35.1823,,
27425,2019,60.4962,,
27425,2020,28.382,,
27430,2016,40.7911,,
27430,2017,41.8342,,
27430,2018,61.2438,,
27430,2019,72.9344,,
27430,2020,55.7706,,
27450,2016,36.1975,,
27450,2017,40.3342,,
27450,2018,44.0514,,
27450,2019,50.556,,
27450,2020,51.035,,
27491,2016,41.5656,,
27491,2017,45.9212,,
27491,2018,42.3118,,
27491,2019,63.0972,,
27491,2020,64.8877,,
27495,2016,36.1984,,
27495,2017,30.2367,,
27495,2018,36.266,,
27495,2019,51.8737,,
27495,2020,52.4652,,
27580,2016,27.3615,,
27580,2017,31.4499,,
27580,2018,41.195,,
27580,2019,42.8833,,
27580,2020,24.1544,,
27600,2016,27.8044,,
27600,2017,28.989,,
27600,2018,32.854,,
27600,2019,42.9652,,
27600,2020,38.084,,
27615,2016,42.5248,,
27615,2017,40.8613,,
27615,2018,54.0552,,
27615,2019,46.556,,
27615,2020,48.626,,
27660,2016,48.3789,,
27660,2017,42.3358,,
27660,2018,47.5236,,
27660,2019,57.3722,,
27660,2020,57.0471,,
27745,2016,40.1919,,
27745,2017,34.6912,,
27745,2018,43.3934,,
27745,2019,63.5301,,
27745,2020,46.4962,,
27787,2016,38.0386,,
27787,2017,42.338,,
27787,2018,31.3865,,
27787,2019,55.3142,,
27787,2020,29.082,,
27800,2016,37.5327,,
27800,2017,45.156,,
27800,2018,43.3389,,
27800,2019,20.6434,,
27800,2020,57.6242,,
27810,2016,29.6972,,
27810,2017,18.1916,,
27810,2018,39.1823,,
27810,2019,67.6502,,
27810,2020,55.5571,,
41001,2016,60.6506,,
41001,2017,61.1112,,
41001,2018,62.5592,,
41001,2019,64.25,,
41001,2020,66.4607,,
41006,2016,40.8319,,
41006,2017,46.5625,,
41006,2018,49.4988,,
41006,2019,56.1092,,
41006,2020,52.2231,,
41013,2016,48.6253,,
41013,2017,56.2245,,
41013,2018,52.6594,,
41013,2019,55.9814,,
41013,2020,50.5995,,
41016,2016,43.5851,,
41016,2017,49.0871,,
41016,2018,52.626,,
41016,2019,61.8713,,
41016,2020,55.1893,,
41020,2016,38.6513,,
41020,2017,47.0034,,
41020,2018,50.5702,,
41020,2019,57.1403,,
41020,2020,48.4437,,
41026,2016,52.8576,,
41026,2017,56.1819,,
41026,2018,56.3822,,
41026,2019,60.0844,,
41026,2020,56.2811,,
41078,2016,51.9912,,
41078,2017,51.2254,,
41078,2018,49.9072,,
41078,2019,59.2023,,
41078,2020,51.431,,
41132,2016,43.7594,,
41132,2017,54.7747,,
41132,2018,52.9669,,
41132,2019,58.205,,
41132,2020,57.1325,,
41206,2016,28.3004,,
41206,2017,47.6428,,
41206,2018,43.8357,,
41206,2019,54.954,,
41206,2020,51.5967,,
41244,2016,44.6938,,
41244,2017,50.8625,,
41244,2018,51.7935,,
41244,2019,60.4259,,
41244,2020,63.6137,,
41298,2016,45.6828,,
41298,2017,50.6699,,
41298,2018,52.5801,,
41298,2019,61.6668,,
41298,2020,54.4799,,
41306,2016,65.4994,,
41306,2017,66.2712,,
41306,2018,37.7972,,
41306,2019,62.4263,,
41306,2020,58.0231,,
41319,2016,50.166,,
41319,2017,52.1308,,
41319,2018,53.0973,,
41319,2019,60.5826,,
41319,2020,57.3302,,
41349,2016,42.9943,,
41349,2017,55.9456,,
41349,2018,51.7343,,
41349,2019,57.549,,
41349,2020,57.9819,,
41357,2016,39.5286,,
41357,2017,45.7154,,
41357,2018,46.8375,,
41357,2019,50.9313,,
41357,2020,47.6057,,
41359,2016,39.5617,,
41359,2017,45.7418,,
41359,2018,47.1585,,
41359,2019,56.1304,,
41359,2020,56.314,,
41378,2016,40.5727,,
41378,2017,45.1403,,
41378,2018,47.2331,,
41378,2019,57.3053,,
41378,2020,51.98,,
41396,2016,50.956,,
41396,2017,53.3144,,
41396,2018,56.3422,,
41396,2019,58.4999,,
41396,2020,55.8006,,
41483,2016,45.6481,,
41483,2017,50.2802,,
41483,2018,57.9653,,
41483,2019,60.5908,,
41483,2020,49.0538,,
41503,2016,42.7754,,
41503,2017,48.3787,,
41503,2018,50.8099,,
41503,2019,51.3902,,
41503,2020,47.74,,
41518,2016,50.1534,,
41518,2017,55.4982,,
41518,2018,47.3742,,
41518,2019,57.1021,,
41518,2020,59.0373,,
41524,2016,50.2877,,
41524,2017,58.5558,,
41524,2018,59.0023,,
41524,2019,67.0128,,
41524,2020,64.4718,,
41530,2016,44.8819,,
41530,2017,45.4571,,
41530,2018,54.9516,,
41530,2019,56.4107,,
41530,2020,58.1382,,
41548,2016,44.2256,,
41548,2017,50.803,,
41548,2018,48.4538,,
41548,2019,53.9374,,
41548,2020,56.3945,,
41551,2016,49.7991,,
41551,2017,61.1194,,
41551,2018,58.7039,,
41551,2019,64.9452,,
41551,2020,64.09,,
41615,2016,56.207,,
41615,2017,61.4836,,
41615,2018,52.1566,,
41615,2019,61.9492,,
41615,2020,54.5032,,
41660,2016,36.8926,,
41660,2017,51.2163,,
41660,2018,51.9733,,
41660,2019,54.2358,,
41660,2020,53.8544,,
41668,2016,47.1772,,
41668,2017,49.6246,,
41668,2018,49.5544,,
41668,2019,55.4921,,
41668,2020,53.9963,,
41676,2016,45.8084,,
41676,2017,50.7053,,
41676,2018,49.7062,,
41676,2019,54.4038,,
41676,2020,46.9606,,
41770,2016,37.3716,,
41770,2017,49.7819,,
41770,2018,40.5681,,
41770,2019,60.5599,,
41770,2020,57.8438,,
41791,2016,40.5732,,
41791,2017,53.5479,,
41791,2018,52.7458,,
41791,2019,55.0713,,
41791,2020,55.291,,
41797,2016,57.6968,,
41797,2017,53.8563,,
41797,2018,57.8757,,
41797,2019,57.2609,,
41797,2020,58.0678,,
41799,2016,53.1104,,
41799,2017,45.7081,,
41799,2018,47.5121,,
41799,2019,56.8473,,
41799,2020,52.5008,,
41801,2016,41.9777,,
41801,2017,54.4001,,
41801,2018,53.7291,,
41801,2019,54.8426,,
41801,2020,58.4858,,
41807,2016,42.6015,,
41807,2017,50.4881,,
41807,2018,53.6232,,
41807,2019,58.0318,,
41807,2020,53.5275,,
41872,2016,47.3638,,
41872,2017,52.6348,,
41872,2018,50.9907,,
41872,2019,57.2168,,
41872,2020,56.666,,
41885,2016,57.0963,,
41885,2017,63.6784,,
41885,2018,62.9537,,
41885,2019,66.1958,,
41885,2020,68.2673,,
44001,2016,48.8657,,
44001,2017,46.1379,,
44001,2018,50.5486,,
44001,2019,58.2355,,
44001,2020,53.4447,,
44035,2016,63.7114,,
44035,2017,63.7462,,
44035,2018,54.7556,,
44035,2019,69.0675,,
44035,2020,66.2835,,
44078,2016,37.9001,,
44078,2017,38.6408,,
44078,2018,36.3901,,
44078,2019,45.0368,,
44078,2020,29.4905,,
44090,2016,31.1897,,
44090,2017,41.1197,,
44090,2018,42.9466,,
44090,2019,50.5777,,
44090,2020,47.8236,,
44098,2016,41.5966,,
44098,2017,50.2923,,
44098,2018,53.4145,,
44098,2019,54.1913,,
44098,2020,39.4287,,
44110,2016,46.4996,,
44110,2017,44.8652,,
44110,2018,41.0855,,
44110,2019,55.5192,,
44110,2020,49.0269,,
44279,2016,42.8699,,
44279,2017,49.8837,,
44279,2018,47.5602,,
44279,2019,45.6874,,
44279,2020,26.7838,,
44378,2016,52.007,,
44378,2017,49.5322,,
44378,2018,52.7971,,
44378,2019,60.1954,,
44378,2020,56.1735,,
44420,2016,43.7349,,
44420,2017,49.3485,,
44420,2018,42.041,,
44420,2019,50.9321,,
44420,2020,44.5101,,
44430,2016,43.1724,,
44430,2017,51.5995,,
44430,2018,45.3948,,
44430,2019,43.8198,,
44430,2020,56.967,,
44560,2016,33.3776,,
44560,2017,34.2305,,
44560,2018,47.3814,,
44560,2019,55.3305,,
44560,2020,47.411,,
44650,2016,39.1234,,
44650,2017,35.4776,,
44650,2018,43.0915,,
44650,2019,51.3708,,
44650,2020,32.4107,,
44847,2016,52.1874,,
44847,2017,45.7883,,
44847,2018,49.3691,,
44847,2019,41.6681,,
44847,2020,43.7063,,
44855,2016,43.9712,,
44855,2017,41.9601,,
44855,2018,27.8141,,
44855,2019,57.5695,,
44855,2020,47.4211,,
44874,2016,29.9833,,
44874,2017,49.6154,,
44874,2018,48.4301,,
44874,2019,40.9331,,
44874,2020,30.4712,,
47001,2016,53.315,,
47001,2017,62.1564,,
47001,2018,59.9032,,
47001,2019,64.7507,,
47001,2020,59.9207,,
47030,2016,40.4499,,
47030,2017,51.7576,,
47030,2018,42.6547,,
47030,2019,47.4028,,
47030,2020,51.5115,,
47053,2016,45.5495,,
47053,2017,37.8369,,
47053,2018,44.5404,,
47053,2019,46.8969,,
47053,2020,26.9537,,
47058,2016,38.0388,,
47058,2017,34.9632,,
47058,2018,48.2856,,
47058,2019,55.5541,,
47058,2020,31.7364,,
47161,2016,42.5089,,
47161,2017,23.4964,,
47161,2018,32.9906,,
47161,2019,29.7216,,
47161,2020,28.4509,,
47170,2016,42.0122,,
47170,2017,41.6829,,
47170,2018,26.9092,,
47170,2019,35.5631,,
47170,2020,21.6757,,
47189,2016,47.4875,,
47189,2017,38.5917,,
47189,2018,48.124,,
47189,2019,52.452,,
47189,2020,34.5367,,
47205,2016,45.2294,,
47205,2017,34.3583,,
47205,2018,38.4307,,
47205,2019,43.7528,,
47205,2020,44.967,,
47245,2016,41.2853,,
47245,2017,41.2855,,
47245,2018,42.2832,,
47245,2019,53.4235,,
47245,2020,32.886,,
47258,2016,39.3174,,
47258,2017,46.2809,,
47258,2018,41.9224,,
47258,2019,46.2778,,
47258,2020,27.17,,
47268,2016,39.953,,
47268,2017,39.0495,,
47268,2018,51.055,,
47268,2019,56.023,,
47268,2020,24.6311,,
47288,2016,45.0234,,
47288,2017,49.4821,,
47288,2018,51.0007,,
47288,2019,50.7435,,
47288,2020,31.8122,,
47318,2016,23.3265,,
47318,2017,43.5439,,
47318,2018,46.9945,,
47318,2019,44.0016,,
47318,2020,44.2703,,
47460,2016,35.1466,,
47460,2017,51.1047,,
47460,2018,44.531,,
47460,2019,55.8587,,
47460,2020,31.2875,,
47541,2016,24.2755,,
47541,2017,26.7456,,
47541,2018,34.2384,,
47541,2019,29.826,,
47541,2020,30.3886,,
47545,2016,39.2076,,
47545,2017,42.5473,,
47545,2018,37.1575,,
47545,2019,30.6524,,
47545,2020,48.7006,,
47551,2016,40.855,,
47551,2017,39.4072,,
47551,2018,30.1052,,
47551,2019,52.0587,,
47551,2020,55.1614,,
47555,2016,46.1052,,
47555,2017,44.5454,,
47555,2018,48.5606,,
47555,2019,51.1395,,
47555,2020,46.603,,
47570,2016,40.2802,,
47570,2017,44.2818,,
47570,2018,40.8536,,
47570,2019,36.5655,,
47570,2020,37.4119,,
47605,2016,45.3957,,
47605,2017,44.4444,,
47605,2018,33.9878,,
47605,2019,33.0815,,
47605,2020,37.01,,
47660,2016,46.3013,,
47660,2017,48.6433,,
47660,2018,48.634,,
47660,2019,45.471,,
47660,2020,34.0064,,
47675,2016,36.5925,,
47675,2017,48.9089,,
47675,2018,51.8889,,
47675,2019,53.4798,,
47675,2020,28.309,,
47692,2016,40.5985,,
47692,2017,36.9436,,
47692,2018,45.138,,
47692,2019,42.6239,,
47692,2020,27.3252,,
47703,2016,38.9715,,
47703,2017,53.5591,,
47703,2018,46.6442,,
47703,2019,46.7827,,
47703,2020,32.1347,,
47707,2016,37.5721,,
47707,2017,36.8112,,
47707,2018,36.1389,,
47707,2019,53.681,,
47707,2020,35.5778,,
47720,2016,42.764,,
47720,2017,54.3561,,
47720,2018,40.6795,,
47720,2019,51.4359,,
47720,2020,51.1214,,
47745,2016,49.5399,,
47745,2017,41.9365,,
47745,2018,44.6035,,
47745,2019,65.0008,,
47745,2020,55.2663,,
47798,2016,29.9556,,
47798,2017,33.8543,,
47798,2018,37.7544,,
47798,2019,42.6655,,
47798,2020,43.3513,,
47960,2016,45.4355,,
47960,2017,47.9986,,
47960,2018,37.0407,,
47960,2019,41.1146,,
47960,2020,26.6329,,
47980,2016,45.4342,,
47980,2017,53.7289,,
47980,2018,42.8409,,
47980,2019,45.5597,,
47980,2020,31.0659,,
50001,2016,59.1332,,
50001,2017,57.1745,,
50001,2018,60.845,,
50001,2019,62.9568,,
50001,2020,63.9338,,
50006,2016,60.797,,
50006,2017,61.9522,,
50006,2018,61.51,,
50006,2019,66.4325,,
50006,2020,64.1033,,
50110,2016,62.8485,,
50110,2017,51.2624,,
50110,2018,60.9846,,
50110,2019,58.5185,,
50110,2020,54.8158,,
50124,2016,63.3543,,
50124,2017,62.7655,,
50124,2018,64.4392,,
50124,2019,21.5172,,
50124,2020,65.5483,,
50150,2016,61.1468,,
50150,2017,64.7551,,
50150,2018,56.9776,,
50150,2019,56.2761,,
50150,2020,65.0996,,
50223,2016,55.4948,,
50223,2017,62.3467,,
50223,2018,46.206,,
50223,2019,53.6801,,
50223,2020,54.0529,,
50226,2016,52.9501,,
50226,2017,56.404,,
50226,2018,63.4358,,
50226,2019,63.2907,,
50226,2020,63.4736,,
50245,2016,51.5177,,
50245,2017,42.5175,,
50245,2018,56.3265,,
50245,2019,53.645,,
50245,2020,47.2245,,
50251,2016,49.0384,,
50251,2017,51.299,,
50251,2018,59.3038,,
50251,2019,59.2806,,
50251,2020,53.9502,,
50270,2016,53.7511,,
50270,2017,48.7822,,
50270,2018,44.7707,,
50270,2019,46.4524,,
50270,2020,39.2562,,
50287,2016,57.5493,,
50287,2017,54.3301,,
50287,2018,52.1867,,
50287,2019,57.3023,,
50287,2020,53.9789,,
50313,2016,51.7847,,
50313,2017,49.3964,,
50313,2018,47.7127,,
50313,2019,57.0355,,
50313,2020,64.5641,,
50318,2016,56.9224,,
50318,2017,54.544,,
50318,2018,56.0244,,
50318,2019,61.7706,,
50318,2020,62.3595,,
50325,2016,39.0628,,
50325,2017,37.1241,,
50325,2018,40.1911,,
50325,2019,46.7751,,
50325,2020,49.5238,,
50330,2016,49.0705,,
50330,2017,47.6106,,
50330,2018,48.7961,,
50330,2019,52.9266,,
50330,2020,42.3435,,
50350,2016,38.9115,,
50350,2017,47.8587,,
50350,2018,39.9578,,
50350,2019,56.3854,,
50350,2020,48.4083,,
50370,2016,35.609,,
50370,2017,36.7399,,
50370,2018,50.6706,,
50370,2019,54.4236,,
50370,2020,48.3496,,
50400,2016,59.7783,,
50400,2017,57.1316,,
50400,2018,58.5067,,
50400,2019,58.2476,,
50400,2020,62.3235,,
50450,2016,43.3994,,
50450,2017,39.6594,,
50450,2018,42.7026,,
50450,2019,58.6551,,
50450,2020,67.1232,,
50568,2016,56.6483,,
50568,2017,58.7206,,
50568,2018,64.2818,,
50568,2019,57.964,,
50568,2020,62.3963,,
50573,2016,56.2207,,
50573,2017,50.9955,,
50573,2018,60.4274,,
50573,2019,65.5523,,
50573,2020,58.0147,,
50577,2016,58.3201,,
50577,2017,50.2132,,
50577,2018,62.3682,,
50577,2019,63.6128,,
50577,2020,53.9973,,
50590,2016,45.566,,
50590,2017,45.3704,,
50590,2018,51.3068,,
50590,2019,63.772,,
50590,2020,50.3504,,
50606,2016,66.8835,,
50606,2017,69.8533,,
50606,2018,68.0935,,
50606,2019,67.6588,,
50606,2020,73.2191,,
50680,2016,66.7812,,
50680,2017,73.2957,,
50680,2018,68.3318,,
50680,2019,70.9446,,
50680,2020,71.364,,
50683,2016,54.2194,,
50683,2017,50.9826,,
50683,2018,61.2302,,
50683,2019,57.8797,,
50683,2020,52.1915,,
50686,2016,42.3543,,
50686,2017,47.5961,,
50686,2018,55.9263,,
50686,2019,43.7033,,
50686,2020,49.7932,,
50689,2016,55.9958,,
50689,2017,54.6911,,
50689,2018,54.1049,,
50689,2019,60.5792,,
50689,2020,52.7995,,
50711,2016,46.964,,
50711,2017,47.8009,,
50711,2018,50.2211,,
50711,2019,58.5897,,
50711,2020,49.1514,,
52001,2016,65.8976,,
52001,2017,48.7633,,
52001,2018,57.5064,,
52001,2019,67.1725,,
52001,2020,59.5253,,
52019,2016,33.6274,,
52019,2017,40.2861,,
52019,2018,34.9535,,
52019,2019,55.3193,,
52019,2020,59.3988,,
52022,2016,47.179,,
52022,2017,50.4708,,
52022,2018,47.8596,,
52022,2019,31.8003,,
52022,2020,34.3082,,
52036,2016,48.1134,,
52036,2017,44.6793,,
52036,2018,31.1015,,
52036,2019,45.542,,
52036,2020,43.9639,,
52051,2016,45.1251,,
52051,2017,48.9553,,
52051,2018,44.8898,,
52051,2019,47.3259,,
52051,2020,29.6705,,
52079,2016,43.9471,,
52079,2017,46.9162,,
52079,2018,39.2692,,
52079,2019,46.43,,
52079,2020,47.0654,,
52083,2016,53.5343,,
52083,2017,44.4214,,
52083,2018,48.0708,,
52083,2019,52.6047,,
52083,2020,46.987,,
52110,2016,47.554,,
52110,2017,51.0693,,
52110,2018,52.8926,,
52110,2019,39.8018,,
52110,2020,50.9511,,
52203,2016,44.9067,,
52203,2017,50.552,,
52203,2018,45.9422,,
52203,2019,56.4687,,
52203,2020,53.2519,,
52207,2016,48.2616,,
52207,2017,53.602,,
52207,2018,48.567,,
52207,2019,56.2696,,
52207,2020,45.9148,,
52210,2016,56.3008,,
52210,2017,50.7382,,
52210,2018,47.129,,
52210,2019,58.8971,,
52210,2020,55.7359,,
52215,2016,36.5858,,
52215,2017,43.5607,,
52215,2018,34.9548,,
52215,2019,43.7407,,
52215,2020,47.1889,,
52224,2016,45.6086,,
52224,2017,46.5375,,
52224,2018,47.1691,,
52224,2019,50.212,,
52224,2020,28.9459,,
52227,2016,43.7491,,
52227,2017,43.0105,,
52227,2018,41.7165,,
52227,2019,46.5546,,
52227,2020,42.9372,,
52233,2016,41.9584,,
52233,2017,42.0,,
52233,2018,46.6435,,
52233,2019,55.3662,,
52233,2020,47.5753,,
52240,2016,51.7113,,
52240,2017,55.6029,,
52240,2018,52.9122,,
52240,2019,63.9336,,
52240,2020,65.0814,,
52250,2016,50.6251,,
52250,2017,39.1617,,
52250,2018,29.7223,,
52250,2019,21.8242,,
52250,2020,45.0856,,
52254,2016,49.6962,,
52254,2017,45.9458,,
52254,2018,48.8669,,
52254,2019,43.8485,,
52254,2020,47.5379,,
52256,2016,44.9309,,
52256,2017,43.3341,,
52256,2018,38.952,,
52256,2019,48.4143,,
52256,2020,44.9876,,
52258,2016,38.6653,,
52258,2017,40.7632,,
52258,2018,44.4953,,
52258,2019,55.7504,,
52258,2020,44.7973,,
52260,2016,36.5482,,
52260,2017,49.0665,,
52260,2018,47.3093,,
52260,2019,57.0666,,
52260,2020,47.0377,,
52287,2016,48.5317,,
52287,2017,37.4379,,
52287,2018,48.0083,,
52287,2019,49.0188,,
52287,2020,31.2369,,
52317,2016,47.5597,,
52317,2017,47.395,,
52317,2018,46.9988,,
52317,2019,52.3142,,
52317,2020,49.1414,,
52320,2016,45.1248,,
52320,2017,45.2209,,
52320,2018,43.1039,,
52320,2019,48.1255,,
52320,2020,49.4131,,
52323,2016,41.1829,,
52323,2017,51.7319,,
52323,2018,53.9382,,
52323,2019,55.8968,,
52323,2020,58.1232,,
52352,2016,52.6795,,
52352,2017,52.934,,
52352,2018,47.4759,,
52352,2019,57.0383,,
52352,2020,30.7698,,
52354,2016,42.4423,,
52354,2017,50.7761,,
52354,2018,52.6627,,
52354,2019,56.6539,,
52354,2020,46.7293,,
52356,2016,49.9532,,
52356,2017,45.4872,,
52356,2018,40.7928,,
52356,2019,63.5596,,
52356,2020,36.9843,,
52378,2016,47.3697,,
52378,2017,56.9957,,
52378,2018,50.952,,
52378,2019,55.9693,,
52378,2020,46.8556,,
52381,2016,46.3769,,
52381,2017,47.1309,,
52381,2018,42.1979,,
52381,2019,50.884,,
52381,2020,51.6218,,
52385,2016,47.6395,,
52385,2017,41.7386,,
52385,2018,44.1559,,
52385,2019,40.7137,,
52385,2020,36.6578,,
52390,2016,25.7629,,
52390,2017,29.1156,,
52390,2018,33.5978,,
52390,2019,34.9401,,
52390,2020,42.3433,,
52399,2016,43.2435,,
52399,2017,36.2315,,
52399,2018,45.2701,,
52399,2019,51.3245,,
52399,2020,54.0857,,
52405,2016,37.8005,,
52405,2017,41.5551,,
52405,2018,41.0013,,
52405,2019,50.5776,,
52405,2020,45.6193,,
52411,2016,48.0912,,
52411,2017,54.9985,,
52411,2018,48.9869,,
52411,2019,59.2105,,
52411,2020,57.4381,,
52418,2016,43.9413,,
52418,2017,42.0432,,
52418,2018,45.152,,
52418,2019,58.9818,,
52418,2020,47.1194,,
52427,2016,27.7146,,
52427,2017,42.5151,,
52427,2018,38.6704,,
52427,2019,48.4235,,
52427,2020,44.3484,,
52435,2016,41.6117,,
52435,2017,43.2152,,
52435,2018,46.0401,,
52435,2019,52.411,,
52435,2020,46.4294,,
52473,2016,32.5825,,
52473,2017,38.8243,,
52473,2018,39.554,,
52473,2019,41.1058,,
52473,2020,30.3529,,
52480,2016,49.3019,,
52480,2017,52.1839,,
52480,2018,45.4873,,
52480,2019,58.8266,,
52480,2020,48.86,,
52490,2016,32.0915,,
52490,2017,44.2361,,
52490,2018,40.3919,,
52490,2019,43.029,,
52490,2020,45.6007,,
52506,2016,42.4672,,
52506,2017,44.3025,,
52506,2018,44.7006,,
52506,2019,56.7406,,
52506,2020,29.8074,,
52520,2016,24.3341,,
52520,2017,29.9506,,
52520,2018,37.4998,,
52520,2019,53.3397,,
52520,2020,54.4032,,
52540,2016,34.7886,,
52540,2017,45.8194,,
52540,2018,39.2957,,
52540,2019,51.9713,,
52540,2020,57.0028,,
52560,2016,47.2286,,
52560,2017,48.4353,,
52560,2018,47.5476,,
52560,2019,44.8159,,
52560,2020,48.3068,,
52565,2016,39.4974,,
52565,2017,41.992,,
52565,2018,42.0939,,
52565,2019,51.6896,,
52565,2020,46.5461,,
52573,2016,49.2214,,
52573,2017,50.137,,
52573,2018,40.2438,,
52573,2019,52.1489,,
52573,2020,30.9237,,
52585,2016,49.5184,,
52585,2017,50.3341,,
52585,2018,41.234,,
52585,2019,54.7829,,
52585,2020,48.8213,,
52612,2016,40.2915,,
52612,2017,49.075,,
52612,2018,35.0751,,
52612,2019,41.2344,,
52612,2020,39.3266,,
52621,2016,35.505,,
52621,2017,37.6988,,
52621,2018,33.2654,,
52621,2019,41.0261,,
52621,2020,36.7629,,
52678,2016,49.2271,,
52678,2017,49.9013,,
52678,2018,46.8733,,
52678,2019,54.0026,,
52678,2020,30.5774,,
52683,2016,46.4219,,
52683,2017,43.2891,,
52683,2018,45.5336,,
52683,2019,49.9841,,
52683,2020,50.8487,,
52685,2016,34.2885,,
52685,2017,45.9523,,
52685,2018,51.1419,,
52685,2019,58.9893,,
52685,2020,49.2054,,
52687,2016,42.7834,,
52687,2017,35.5229,,
52687,2018,42.7607,,
52687,2019,39.6997,,
52687,2020,43.6523,,
52693,2016,47.3215,,
52693,2017,49.9462,,
52693,2018,49.7162,,
52693,2019,53.3158,,
52693,2020,50.6399,,
52694,2016,39.2172,,
52694,2017,44.6715,,
52694,2018,39.8487,,
52694,2019,44.7243,,
52694,2020,45.526,,
52696,2016,24.394,,
52696,2017,35.8288,,
52696,2018,37.2908,,
52696,2019,54.6059,,
52696,2020,40.9749,,
52699,2016,38.6579,,
52699,2017,34.2384,,
52699,2018,43.4012,,
52699,2019,46.7913,,
52699,2020,41.4448,,
52720,2016,50.5035,,
52720,2017,47.4289,,
52720,2018,41.4145,,
52720,2019,53.6469,,
52720,2020,27.205,,
52786,2016,47.2089,,
52786,2017,47.1145,,
52786,2018,42.9084,,
52786,2019,52.0501,,
52786,2020,50.1365,,
52788,2016,44.1951,,
52788,2017,54.356,,
52788,2018,50.2516,,
52788,2019,54.6749,,
52788,2020,56.0394,,
52835,2016,41.1275,,
52835,2017,33.4826,,
52835,2018,32.1184,,
52835,2019,45.709,,
52835,2020,44.5558,,
52838,2016,51.6471,,
52838,2017,46.3445,,
52838,2018,39.2289,,
52838,2019,43.9072,,
52838,2020,53.771,,
52885,2016,41.5833,,
52885,2017,35.5321,,
52885,2018,33.3628,,
52885,2019,45.8314,,
52885,2020,41.3092,,
54001,2016,48.505,,
54001,2017,57.0944,,
54001,2018,48.9714,,
54001,2019,67.9032,,
54001,2020,64.2371,,
54003,2016,51.8031,,
54003,2017,48.7764,,
54003,2018,50.2007,,
54003,2019,55.7196,,
54003,2020,45.1257,,
54051,2016,47.7108,,
54051,2017,51.2915,,
54051,2018,53.3373,,
54051,2019,57.4029,,
54051,2020,56.2953,,
54099,2016,47.3135,,
54099,2017,53.9099,,
54099,2018,52.8593,,
54099,2019,61.7131,,
54099,2020,53.0958,,
54109,2016,44.1835,,
54109,2017,42.6615,,
54109,2018,42.8542,,
54109,2019,47.1444,,
54109,2020,50.396,,
54125,2016,55.5631,,
54125,2017,54.9532,,
54125,2018,56.6092,,
54125,2019,59.0189,,
54125,2020,54.131,,
54128,2016,45.9031,,
54128,2017,40.2455,,
54128,2018,49.9941,,
54128,2019,52.221,,
54128,2020,49.0628,,
54172,2016,37.2312,,
54172,2017,52.5117,,
54172,2018,56.742,,
54172,2019,55.3786,,
54172,2020,56.4681,,
54174,2016,53.9941,,
54174,2017,49.7288,,
54174,2018,53.8907,,
54174,2019,57.0236,,
54174,2020,42.4818,,
54206,2016,37.9175,,
54206,2017,54.0728,,
54206,2018,48.9735,,
54206,2019,43.518,,
54206,2020,53.1031,,
54223,2016,45.1235,,
54223,2017,48.9498,,
54223,2018,48.8072,,
54223,2019,54.1061,,
54223,2020,46.8796,,
54239,2016,37.5307,,
54239,2017,41.3096,,
54239,2018,41.7219,,
54239,2019,53.6317,,
54239,2020,59.1073,,
54245,2016,50.8795,,
54245,2017,44.1807,,
54245,2018,48.0103,,
54245,2019,52.7098,,
54245,2020,44.1714,,
54250,2016,34.9046,,
54250,2017,38.4608,,
54250,2018,48.4601,,
54250,2019,47.4234,,
54250,2020,38.357,,
54261,2016,52.9729,,
54261,2017,56.2133,,
54261,2018,56.675,,
54261,2019,59.5685,,
54261,2020,58.8161,,
54313,2016,35.4067,,
54313,2017,35.6324,,
54313,2018,39.7471,,
54313,2019,43.7525,,
54313,2020,44.3908,,
54344,2016,37.7463,,
54344,2017,45.338,,
54344,2018,47.8886,,
54344,2019,53.5101,,
54344,2020,33.4819,,
54347,2016,46.2641,,
54347,2017,51.1439,,
54347,2018,46.1367,,
54347,2019,52.513,,
54347,2020,49.3367,,
54377,2016,38.195,,
54377,2017,35.5297,,
54377,2018,36.1976,,
54377,2019,54.8848,,
54377,2020,50.4023,,
54385,2016,52.7528,,
54385,2017,49.8203,,
54385,2018,56.3497,,
54385,2019,61.3254,,
54385,2020,47.281,,
54398,2016,27.7056,,
54398,2017,32.3058,,
54398,2018,36.2777,,
54398,2019,41.8103,,
54398,2020,48.988,,
54405,2016,53.0263,,
54405,2017,65.5296,,
54405,2018,32.4076,,
54405,2019,65.4096,,
54405,2020,53.9698,,
54418,2016,43.5193,,
54418,2017,16.3566,,
54418,2018,51.8709,,
54418,2019,44.7623,,
54418,2020,52.5772,,
54480,2016,48.2779,,
54480,2017,42.0008,,
54480,2018,56.3383,,
54480,2019,50.1153,,
54480,2020,51.6374,,
54498,2016,50.9337,,
54498,2017,56.003,,
54498,2018,54.692,,
54498,2019,54.12,,
54498,2020,50.8051,,
54518,2016,49.8858,,
54518,2017,38.6521,,
54518,2018,49.3878,,
54518,2019,59.2829,,
54518,2020,62.6048,,
54520,2016,51.1823,,
54520,2017,53.6312,,
54520,2018,57.0536,,
54520,2019,59.9214,,
54520,2020,47.3544,,
54553,2016,38.4662,,
54553,2017,30.325,,
54553,2018,39.4781,,
54553,2019,50.806,,
54553,2020,52.653,,
54599,2016,44.252,,
54599,2017,42.1246,,
54599,2018,44.9624,,
54599,2019,45.0513,,
54599,2020,48.1062,,
54660,2016,49.2464,,
54660,2017,51.7756,,
54660,2018,50.7642,,
54660,2019,49.7792,,
54660,2020,45.987,,
54670,2016,39.1019,,
54670,2017,35.2374,,
54670,2018,36.438,,
54670,2019,42.2888,,
54670,2020,41.6707,,
54673,2016,52.9339,,
54673,2017,55.5349,,
54673,2018,51.1589,,
54673,2019,50.2712,,
54673,2020,49.8717,,
54680,2016,46.207,,
54680,2017,37.327,,
54680,2018,46.5387,,
54680,2019,53.499,,
54680,2020,52.717,,
54720,2016,37.1685,,
54720,2017,26.9968,,
54720,2018,27.6195,,
54720,2019,53.5959,,
54720,2020,39.0483,,
54743,2016,40.1935,,
54743,2017,48.9856,,
54743,2018,51.6153,,
54743,2019,47.6431,,
54743,2020,50.6112,,
54800,2016,47.3112,,
54800,2017,45.6359,,
54800,2018,50.8366,,
54800,2019,46.2157,,
54800,2020,53.4254,,
54810,2016,30.1737,,
54810,2017,46.6482,,
54810,2018,50.7217,,
54810,2019,51.8307,,
54810,2020,53.5806,,
54820,2016,42.528,,
54820,2017,48.0756,,
54820,2018,55.445,,
54820,2019,63.5972,,
54820,2020,62.7063,,
54871,2016,44.4268,,
54871,2017,43.731,,
54871,2018,45.2803,,
54871,2019,51.3341,,
54871,2020,55.0714,,
54874,2016,48.6334,,
54874,2017,46.9982,,
54874,2018,54.9169,,
54874,2019,52.3388,,
54874,2020,51.7232,,
63001,2016,75.3937,,
63001,2017,75.0124,,
63001,2018,72.9875,,
63001,2019,74.2034,,
63001,2020,71.6746,,
63111,2016,62.5677,,
63111,2017,52.0677,,
63111,2018,61.3354,,
63111,2019,64.5606,,
63111,2020,63.8008,,
63130,2016,57.1727,,
63130,2017,56.3657,,
63130,2018,60.0108,,
63130,2019,55.2976,,
63130,2020,54.2215,,
63190,2016,50.2333,,
63190,2017,50.5958,,
63190,2018,56.1209,,
63190,2019,61.2169,,
63190,2020,59.7742,,
63212,2016,39.951,,
63212,2017,51.1509,,
63212,2018,54.9035,,
63212,2019,58.6907,,
63212,2020,59.2788,,
63272,2016,56.2617,,
63272,2017,52.2272,,
63272,2018,62.4527,,
63272,2019,68.6345,,
63272,2020,64.0825,,
63302,2016,56.3827,,
63302,2017,58.9357,,
63302,2018,57.7801,,
63302,2019,59.5075,,
63302,2020,51.9214,,
63401,2016,54.415,,
63401,2017,58.0193,,
63401,2018,52.2741,,
63401,2019,58.5947,,
63401,2020,68.312,,
63470,2016,59.6539,,
63470,2017,63.3142,,
63470,2018,62.6198,,
63470,2019,62.9217,,
63470,2020,55.798,,
63548,2016,49.5941,,
63548,2017,43.333,,
63548,2018,46.2109,,
63548,2019,56.8477,,
63548,2020,49.2473,,
63594,2016,61.2523,,
63594,2017,55.8037,,
63594,2018,55.3357,,
63594,2019,66.8584,,
63594,2020,65.9212,,
63690,2016,66.2776,,
63690,2017,56.4009,,
63690,2018,64.8372,,
63690,2019,63.9273,,
63690,2020,69.3218,,
66001,2016,75.794,,
66001,2017,76.4901,,
66001,2018,82.5873,,
66001,2019,82.236,,
66001,2020,80.4376,,
66045,2016,54.083,,
66045,2017,51.1695,,
66045,2018,48.3284,,
66045,2019,54.7599,,
66045,2020,48.2776,,
66075,2016,68.1888,,
66075,2017,65.6466,,
66075,2018,65.1168,,
66075,2019,73.622,,
66075,2020,70.8242,,
66088,2016,51.7575,,
66088,2017,53.1811,,
66088,2018,54.5226,,
66088,2019,50.633,,
66088,2020,55.055,,
66170,2016,64.0982,,
66170,2017,68.4824,,
66170,2018,61.2131,,
66170,2019,59.4459,,
66170,2020,68.7882,,
66318,2016,46.6179,,
66318,2017,45.7386,,
66318,2018,47.126,,
66318,2019,53.4432,,
66318,2020,27.4617,,
66383,2016,40.4337,,
66383,2017,43.2938,,
66383,2018,44.5683,,
66383,2019,53.9757,,
66383,2020,52.2678,,
66400,2016,55.2497,,
66400,2017,52.1429,,
66400,2018,49.1566,,
66400,2019,56.3105,,
66400,2020,55.6695,,
66440,2016,43.3485,,
66440,2017,43.8214,,
66440,2018,43.1419,,
66440,2019,59.6518,,
66440,2020,49.5787,,
66456,2016,44.3598,,
66456,2017,50.2713,,
66456,2018,47.5467,,
66456,2019,58.1519,,
66456,2020,54.0361,,
66572,2016,43.5998,,
66572,2017,49.2284,,
66572,2018,51.6428,,
66572,2019,57.1627,,
66572,2020,47.9913,,
66594,2016,44.8851,,
66594,2017,50.8353,,
66594,2018,58.1709,,
66594,2019,60.9514,,
66594,2020,57.7881,,
66682,2016,58.3049,,
66682,2017,66.2448,,
66682,2018,63.9295,,
66682,2019,68.2859,,
66682,2020,52.744,,
66687,2016,52.4714,,
66687,2017,52.0057,,
66687,2018,51.8453,,
66687,2019,61.8949,,
66687,2020,58.0442,,
68001,2016,60.9933,,
68001,2017,76.8703,,
68001,2018,75.8974,,
68001,2019,76.4808,,
68001,2020,76.4711,,
68013,2016,35.043,,
68013,2017,37.667,,
68013,2018,38.5622,,
68013,2019,45.857,,
68013,2020,27.035,,
68020,2016,45.7472,,
68020,2017,52.4769,,
68020,2018,46.8611,,
68020,2019,56.2979,,
68020,2020,56.6504,,
68051,2016,45.0099,,
68051,2017,45.9143,,
68051,2018,51.2574,,
68051,2019,53.6944,,
68051,2020,46.5939,,
68077,2016,43.3711,,
68077,2017,53.355,,
68077,2018,49.435,,
68077,2019,52.7042,,
68077,2020,52.576,,
68079,2016,56.5514,,
68079,2017,57.8125,,
68079,2018,62.9222,,
68079,2019,66.9636,,
68079,2020,63.5023,,
68081,2016,68.8084,,
68081,2017,66.7533,,
68081,2018,67.3806,,
68081,2019,70.3526,,
68081,2020,49.2214,,
68092,2016,51.9507,,
68092,2017,71.4262,,
68092,2018,63.6558,,
68092,2019,73.6691,,
68092,2020,62.7308,,
68101,2016,45.7593,,
68101,2017,48.0073,,
68101,2018,42.9462,,
68101,2019,52.8944,,
68101,2020,44.2009,,
68121,2016,55.8297,,
68121,2017,55.2113,,
68121,2018,57.0046,,
68121,2019,68.8751,,
68121,2020,40.8093,,
68132,2016,60.9746,,
68132,2017,51.756,,
68132,2018,50.0297,,
68132,2019,51.653,,
68132,2020,44.7545,,
68147,2016,48.6428,,
68147,2017,53.7455,,
68147,2018,44.9586,,
68147,2019,58.9111,,
68147,2020,50.1596,,
68152,2016,30.8152,,
68152,2017,45.5807,,
68152,2018,41.4611,,
68152,2019,55.3521,,
68152,2020,51.4336,,
68160,2016,31.9502,,
68160,2017,31.1139,,
68160,2018,42.6908,,
68160,2019,39.5943,,
68160,2020,20.2391,,
68162,2016,46.9,,
68162,2017,52.3438,,
68162,2018,52.1082,,
68162,2019,46.2341,,
68162,2020,43.9104,,
68167,2016,55.9063,,
68167,2017,51.0313,,
68167,2018,58.1271,,
68167,2019,56.6899,,
68167,2020,38.0367,,
68169,2016,40.2641,,
68169,2017,41.3471,,
68169,2018,40.5166,,
68169,2019,53.4394,,
68169,2020,40.8655,,
68176,2016,50.7154,,
68176,2017,55.5878,,
68176,2018,51.9079,,
68176,2019,52.6744,,
68176,2020,50.9759,,
68179,2016,39.9914,,
68179,2017,53.0015,,
68179,2018,53.3055,,
68179,2019,44.2995,,
68179,2020,60.6484,,
68190,2016,52.4134,,
68190,2017,51.6172,,
68190,2018,53.2016,,
68190,2019,66.7948,,
68190,2020,60.7476,,
68207,2016,45.2412,,
68207,2017,49.0747,,
68207,2018,47.9859,,
68207,2019,56.0799,,
68207,2020,53.2753,,
68209,2016,48.7987,,
68209,2017,54.9207,,
68209,2018,58.4837,,
68209,2019,60.0352,,
68209,2020,53.2127,,
68211,2016,49.6999,,
68211,2017,60.8314,,
68211,2018,58.9918,,
68211,2019,57.8993,,
68211,2020,29.2967,,
68217,2016,43.9154,,
68217,2017,40.9813,,
68217,2018,54.6832,,
68217,2019,64.0992,,
68217,2020,53.3027,,
68229,2016,59.1465,,
68229,2017,49.9676,,
68229,2018,32.9333,,
68229,2019,62.437,,
68229,2020,56.5785,,
68235,2016,50.4617,,
68235,2017,53.5612,,
68235,2018,54.756,,
68235,2019,54.8903,,
68235,2020,24.1893,,
68245,2016,50.1888,,
68245,2017,51.0116,,
68245,2018,56.1626,,
68245,2019,57.1219,,
68245,2020,29.1156,,
68250,2016,38.7709,,
68250,2017,36.2975,,
68250,2018,41.1345,,
68250,2019,49.9348,,
68250,2020,42.4805,,
68255,2016,35.0808,,
68255,2017,39.8008,,
68255,2018,52.4141,,
68255,2019,35.1567,,
68255,2020,24.5485,,
68264,2016,46.7407,,
68264,2017,53.2731,,
68264,2018,49.6894,,
68264,2019,54.9754,,
68264,2020,45.1002,,
68266,2016,46.2028,,
68266,2017,32.856,,
68266,2018,45.4704,,
68266,2019,56.3846,,
68266,2020,47.025,,
68271,2016,45.2749,,
68271,2017,46.4409,,
68271,2018,57.0053,,
68271,2019,58.0051,,
68271,2020,49.9736,,
68276,2016,74.8144,,
68276,2017,78.1347,,
68276,2018,78.4878,,
68276,2019,76.2158,,
68276,2020,79.7523,,
68296,2016,48.983,,
68296,2017,62.1041,,
68296,2018,52.8556,,
68296,2019,60.0662,,
68296,2020,60.9434,,
68298,2016,40.6493,,
68298,2017,47.5593,,
68298,2018,52.8131,,
68298,2019,59.1523,,
68298,2020,53.4746,,
68307,2016,62.591,,
68307,2017,67.8083,,
68307,2018,63.5171,,
68307,2019,67.6927,,
68307,2020,70.4088,,
68318,2016,37.7881,,
68318,2017,50.009,,
68318,2018,40.9174,,
68318,2019,46.7705,,
68318,2020,39.9484,,
68320,2016,46.8773,,
68320,2017,44.6869,,
68320,2018,50.7611,,
68320,2019,57.1799,,
68320,2020,59.5241,,
68322,2016,48.9536,,
68322,2017,57.3065,,
68322,2018,64.5987,,
68322,2019,58.0484,,
68322,2020,50.3708,,
68324,2016,29.0774,,
68324,2017,52.5396,,
68324,2018,52.8158,,
68324,2019,61.3112,,
68324,2020,34.1388,,
68327,2016,57.4325,,
68327,2017,48.5129,,
68327,2018,59.3802,,
68327,2019,55.6935,,
68327,2020,37.6216,,
68344,2016,56.0122,,
68344,2017,59.8774,,
68344,2018,53.1934,,
68344,2019,58.6688,,
68344,2020,29.1499,,
68368,2016,32.922,,
68368,2017,53.915,,
68368,2018,45.9857,,
68368,2019,59.9677,,
68368,2020,55.7,,
68370,2016,43.5659,,
68370,2017,49.8343,,
68370,2018,55.2659,,
68370,2019,57.534,,
68370,2020,46.8075,,
68377,2016,36.1964,,
68377,2017,44.4227,,
68377,2018,56.8268,,
68377,2019,60.1105,,
68377,2020,50.5509,,
68385,2016,41.1757,,
68385,2017,39.7064,,
68385,2018,37.1424,,
68385,2019,51.3878,,
68385,2020,40.9633,,
68397,2016,42.9091,,
68397,2017,45.8434,,
68397,2018,45.2498,,
68397,2019,47.9659,,
68397,2020,44.3309,,
68406,2016,53.4429,,
68406,2017,66.9089,,
68406,2018,62.9567,,
68406,2019,70.1357,,
68406,2020,56.424,,
68418,2016,47.16,,
68418,2017,58.9822,,
68418,2018,62.5192,,
68418,2019,64.592,,
68418,2020,55.676,,
68425,2016,38.8865,,
68425,2017,48.8335,,
68425,2018,51.8093,,
68425,2019,57.6296,,
68425,2020,51.3449,,
68432,2016,52.8684,,
68432,2017,42.5617,,
68432,2018,48.5066,,
68432,2019,52.4012,,
68432,2020,48.787,,
68444,2016,47.9251,,
68444,2017,58.5687,,
68444,2018,57.6715,,
68444,2019,50.547,,
68444,2020,35.3901,,
68464,2016,40.1346,,
68464,2017,49.1759,,
68464,2018,46.6659,,
68464,2019,57.402,,
68464,2020,44.1793,,
68468,2016,45.3877,,
68468,2017,45.9521,,
68468,2018,48.2227,,
68468,2019,48.135,,
68468,2020,43.2383,,
68498,2016,43.9896,,
68498,2017,46.5085,,
68498,2018,48.9434,,
68498,2019,59.2528,,
68498,2020,56.9689,,
68500,2016,53.0896,,
68500,2017,43.5002,,
68500,2018,55.3159,,
68500,2019,57.2054,,
68500,2020,30.0632,,
68502,2016,39.8271,,
68502,2017,50.2419,,
68502,2018,50.6719,,
68502,2019,55.2767,,
68502,2020,50.4624,,
68522,2016,51.7218,,
68522,2017,45.659,,
68522,2018,51.1367,,
68522,2019,68.1089,,
68522,2020,50.8815,,
68524,2016,49.927,,
68524,2017,53.2181,,
68524,2018,58.259,,
68524,2019,58.9707,,
68524,2020,56.0712,,
68533,2016,55.4242,,
68533,2017,50.4249,,
68533,2018,59.3423,,
68533,2019,51.4789,,
68533,2020,37.8352,,
68547,2016,64.5114,,
68547,2017,64.3382,,
68547,2018,68.9069,,
68547,2019,67.8689,,
68547,2020,43.132,,
68549,2016,51.1415,,
68549,2017,34.5561,,
68549,2018,34.6017,,
68549,2019,62.5821,,
68549,2020,57.454,,
68572,2016,50.9335,,
68572,2017,60.3083,,
68572,2018,60.4413,,
68572,2019,60.3625,,
68572,2020,67.2288,,
68573,2016,58.796,,
68573,2017,56.0316,,
68573,2018,55.9459,,
68573,2019,58.5291,,
68573,2020,49.1983,,
68575,2016,42.5965,,
68575,2017,43.5597,,
68575,2018,50.3002,,
68575,2019,38.2964,,
68575,2020,52.3787,,
68615,2016,46.3201,,
68615,2017,52.4447,,
68615,2018,53.7663,,
68615,2019,39.5672,,
68615,2020,52.403,,
68655,2016,50.8905,,
68655,2017,61.6993,,
68655,2018,60.0878,,
68655,2019,55.1503,,
68655,2020,37.9936,,
68669,2016,46.185,,
68669,2017,45.8538,,
68669,2018,49.0706,,
68669,2019,57.9078,,
68669,2020,64.1774,,
68673,2016,49.0128,,
68673,2017,52.0356,,
68673,2018,48.4821,,
68673,2019,53.516,,
68673,2020,46.6226,,
68679,2016,67.7995,,
68679,2017,67.0522,,
68679,2018,62.7644,,
68679,2019,67.8698,,
68679,2020,63.424,,
68682,2016,45.9937,,
68682,2017,58.8224,,
68682,2018,30.0886,,
68682,2019,56.0594,,
68682,2020,47.2728,,
68684,2016,42.2193,,
68684,2017,53.9001,,
68684,2018,38.5094,,
68684,2019,60.2056,,
68684,2020,56.0745,,
68686,2016,43.7014,,
68686,2017,35.7472,,
68686,2018,41.5465,,
68686,2019,44.0486,,
68686,2020,45.209,,
68689,2016,44.8782,,
68689,2017,51.0171,,
68689,2018,53.5126,,
68689,2019,53.6258,,
68689,2020,38.5636,,
68705,2016,47.4343,,
68705,2017,44.6682,,
68705,2018,55.5074,,
68705,2019,48.9355,,
68705,2020,42.129,,
68720,2016,51.1022,,
68720,2017,50.8933,,
68720,2018,54.4809,,
68720,2019,45.0171,,
68720,2020,45.6647,,
68745,2016,54.4633,,
68745,2017,55.2277,,
68745,2018,38.7111,,
68745,2019,58.216,,
68745,2020,54.4846,,
68755,2016,63.0391,,
68755,2017,58.7954,,
68755,2018,55.7385,,
68755,2019,65.6482,,
68755,2020,66.0971,,
68770,2016,48.6005,,
68770,2017,50.895,,
68770,2018,53.7844,,
68770,2019,63.3808,,
68770,2020,62.6981,,
68773,2016,25.3086,,
68773,2017,45.9252,,
68773,2018,49.1844,,
68773,2019,58.3654,,
68773,2020,48.2474,,
68780,2016,54.4399,,
68780,2017,59.571,,
68780,2018,54.5699,,
68780,2019,55.8391,,
68780,2020,47.7988,,
68820,2016,50.5282,,
68820,2017,55.9585,,
68820,2018,52.6739,,
68820,2019,56.3528,,
68820,2020,38.6931,,
68855,2016,54.2026,,
68855,2017,45.1053,,
68855,2018,52.5216,,
68855,2019,58.6885,,
68855,2020,57.9231,,
68861,2016,49.52,,
68861,2017,50.9698,,
68861,2018,57.7741,,
68861,2019,61.6894,,
68861,2020,58.53,,
68867,2016,46.3744,,
68867,2017,47.7669,,
68867,2018,44.6689,,
68867,2019,54.712,,
68867,2020,50.3393,,
68872,2016,64.0539,,
68872,2017,69.6411,,
68872,2018,63.1116,,
68872,2019,58.0774,,
68872,2020,55.8097,,
68895,2016,59.1619,,
68895,2017,59.4162,,
68895,2018,67.1949,,
68895,2019,61.2601,,
68895,2020,35.4589,,
70001,2016,47.8382,,
70001,2017,57.5453,,
70001,2018,55.6486,,
70001,2019,55.0391,,
70001,2020,56.3123,,
70110,2016,28.9732,,
70110,2017,38.9799,,
70110,2018,46.988,,
70110,2019,51.3328,,
70110,2020,57.4062,,
70124,2016,40.5576,,
70124,2017,41.3848,,
70124,2018,36.8436,,
70124,2019,43.1191,,
70124,2020,41.3105,,
70204,2016,40.1813,,
70204,2017,45.2961,,
70204,2018,25.0535,,
70204,2019,31.2562,,
70204,2020,44.7519,,
70215,2016,46.466,,
70215,2017,40.7475,,
70215,2018,43.8678,,
70215,2019,47.3609,,
70215,2020,53.0647,,
70221,2016,55.7147,,
70221,2017,55.2221,,
70221,2018,56.1111,,
70221,2019,65.7386,,
70221,2020,59.0291,,
70230,2016,39.968,,
70230,2017,38.5339,,
70230,2018,41.1917,,
70230,2019,27.6387,,
70230,2020,34.564,,
70233,2016,42.7741,,
70233,2017,33.7633,,
70233,2018,43.3473,,
70233,2019,41.4085,,
70233,2020,40.7476,,
70235,2016,34.44,,
70235,2017,35.5532,,
70235,2018,35.1264,,
70235,2019,41.8685,,
70235,2020,26.2908,,
70265,2016,29.8143,,
70265,2017,37.6431,,
70265,2018,24.2542,,
70265,2019,31.1694,,
70265,2020,51.8327,,
70400,2016,34.9181,,
70400,2017,45.4515,,
70400,2018,49.4133,,
70400,2019,42.4944,,
70400,2020,39.761,,
70418,2016,31.9968,,
70418,2017,34.1841,,
70418,2018,50.2178,,
70418,2019,42.9985,,
70418,2020,20.8166,,
70429,2016,39.6137,,
70429,2017,43.3587,,
70429,2018,45.0348,,
70429,2019,47.6702,,
70429,2020,25.5353,,
70473,2016,37.0167,,
70473,2017,33.1072,,
70473,2018,28.9795,,
70473,2019,34.104,,
70473,2020,30.3356,,
70508,2016,41.6499,,
70508,2017,38.4222,,
70508,2018,31.4703,,
70508,2019,41.7377,,
70508,2020,39.8811,,
70523,2016,46.8014,,
70523,2017,43.0408,,
70523,2018,37.3141,,
70523,2019,54.5453,,
70523,2020,45.7055,,
70670,2016,39.9379,,
70670,2017,28.1106,,
70670,2018,36.8169,,
70670,2019,45.8776,,
70670,2020,42.2603,,
70678,2016,36.1879,,
70678,2017,46.7987,,
70678,2018,38.0367,,
70678,2019,34.7555,,
70678,2020,39.1089,,
70702,2016,37.9382,,
70702,2017,40.5198,,
70702,2018,41.0741,,
70702,2019,27.2567,,
70702,2020,29.0348,,
70708,2016,45.7748,,
70708,2017,49.3842,,
70708,2018,47.1122,,
70708,2019,49.2503,,
70708,2020,48.5713,,
70713,2016,35.3859,,
70713,2017,35.7447,,
70713,2018,24.6248,,
70713,2019,30.2744,,
70713,2020,45.888,,
70717,2016,39.2899,,
70717,2017,32.6861,,
70717,2018,40.2145,,
70717,2019,27.0143,,
70717,2020,41.4589,,
70742,2016,35.7246,,
70742,2017,39.709,,
70742,2018,41.5329,,
70742,2019,47.4804,,
70742,2020,50.8877,,
70771,2016,41.1472,,
70771,2017,43.4538,,
70771,2018,47.3515,,
70771,2019,23.8517,,
70771,2020,24.8442,,
70820,2016,54.2484,,
70820,2017,54.2888,,
70820,2018,54.6589,,
70820,2019,26.5711,,
70820,2020,45.0745,,
70823,2016,52.7041,,
70823,2017,52.9264,,
70823,2018,53.8108,,
70823,2019,53.6828,,
70823,2020,46.1258,,
73001,2016,65.0296,,
73001,2017,66.0552,,
73001,2018,59.2085,,
73001,2019,70.7937,,
73001,2020,70.469,,
73024,2016,46.259,,
73024,2017,45.477,,
73024,2018,52.2925,,
73024,2019,50.7685,,
73024,2020,41.6972,,
73026,2016,56.8933,,
73026,2017,68.0042,,
73026,2018,68.8029,,
73026,2019,69.4763,,
73026,2020,58.895,,
73030,2016,55.3381,,
73030,2017,58.2385,,
73030,2018,56.7267,,
73030,2019,65.1346,,
73030,2020,57.0698,,
73043,2016,41.5596,,
73043,2017,48.0105,,
73043,2018,41.2916,,
73043,2019,44.658,,
73043,2020,33.6551,,
73055,2016,58.9034,,
73055,2017,51.5925,,
73055,2018,58.9529,,
73055,2019,66.9048,,
73055,2020,67.1366,,
73067,2016,34.8291,,
73067,2017,41.3507,,
73067,2018,38.3678,,
73067,2019,37.9776,,
73067,2020,40.1057,,
73124,2016,53.7473,,
73124,2017,52.237,,
73124,2018,45.9928,,
73124,2019,53.9523,,
73124,2020,43.8527,,
73148,2016,65.514,,
73148,2017,69.7774,,
73148,2018,72.2443,,
73148,2019,68.8363,,
73148,2020,74.0674,,
73152,2016,49.2856,,
73152,2017,45.7883,,
73152,2018,45.5393,,
73152,2019,52.0004,,
73152,2020,50.1901,,
73168,2016,51.5522,,
73168,2017,51.4732,,
73168,2018,49.2883,,
73168,2019,54.4255,,
73168,2020,44.9793,,
73200,2016,53.4673,,
73200,2017,58.1009,,
73200,2018,52.6644,,
73200,2019,50.948,,
73200,2020,58.7667,,
73217,2016,45.7135,,
73217,2017,40.038,,
73217,2018,38.2876,,
73217,2019,30.9291,,
73217,2020,40.6339,,
73226,2016,32.968,,
73226,2017,47.3094,,
73226,2018,47.8241,,
73226,2019,54.0603,,
73226,2020,41.6603,,
73236,2016,42.651,,
73236,2017,49.1757,,
73236,2018,49.0241,,
73236,2019,47.1589,,
73236,2020,44.5305,,
73268,2016,58.9853,,
73268,2017,54.1743,,
73268,2018,58.5613,,
73268,2019,59.6738,,
73268,2020,58.3573,,
73270,2016,50.9995,,
73270,2017,50.3263,,
73270,2018,42.7465,,
73270,2019,55.1871,,
73270,2020,52.0579,,
73275,2016,59.4761,,
73275,2017,64.7236,,
73275,2018,60.035,,
73275,2019,67.3136,,
73275,2020,54.2908,,
73283,2016,53.6001,,
73283,2017,37.5009,,
73283,2018,54.5987,,
73283,2019,47.7426,,
73283,2020,49.8541,,
73319,2016,56.784,,
73319,2017,51.9407,,
73319,2018,58.6391,,
73319,2019,62.384,,
73319,2020,64.2877,,
73347,2016,41.3925,,
73347,2017,42.0967,,
73347,2018,39.6721,,
73347,2019,42.9364,,
73347,2020,49.8056,,
73349,2016,43.3399,,
73349,2017,48.5981,,
73349,2018,53.623,,
73349,2019,62.7297,,
73349,2020,58.0297,,
73352,2016,49.0254,,
73352,2017,33.2842,,
73352,2018,50.8623,,
73352,2019,53.2317,,
73352,2020,42.3531,,
73408,2016,55.0665,,
73408,2017,59.1874,,
73408,2018,52.6734,,
73408,2019,59.4974,,
73408,2020,57.4668,,
73411,2016,48.2319,,
73411,2017,49.2192,,
73411,2018,50.8519,,
73411,2019,50.0254,,
73411,2020,52.3267,,
73443,2016,59.3535,,
73443,2017,57.9035,,
73443,2018,57.3392,,
73443,2019,57.0933,,
73443,2020,53.8794,,
73449,2016,63.948,,
73449,2017,59.1059,,
73449,2018,64.5757,,
73449,2019,69.0246,,
73449,2020,71.0089,,
73461,2016,37.9834,,
73461,2017,36.0879,,
73461,2018,42.0681,,
73461,2019,52.3727,,
73461,2020,37.8933,,
73483,2016,39.8454,,
73483,2017,44.3528,,
73483,2018,44.0506,,
73483,2019,44.1284,,
73483,2020,47.545,,
73504,2016,38.7119,,
73504,2017,48.4768,,
73504,2018,46.4591,,
73504,2019,52.3796,,
73504,2020,38.0506,,
73520,2016,41.459,,
73520,2017,45.9322,,
73520,2018,47.6106,,
73520,2019,62.7969,,
73520,2020,47.9695,,
73547,2016,35.1463,,
73547,2017,55.5896,,
73547,2018,47.7652,,
73547,2019,62.3889,,
73547,2020,59.9054,,
73555,2016,28.9969,,
73555,2017,44.8048,,
73555,2018,47.2595,,
73555,2019,54.1306,,
73555,2020,57.7356,,
73563,2016,48.2758,,
73563,2017,51.08,,
73563,2018,51.1627,,
73563,2019,46.269,,
73563,2020,39.5443,,
73585,2016,52.7899,,
73585,2017,50.6032,,
73585,2018,53.1555,,
73585,2019,57.8972,,
73585,2020,50.8629,,
73616,2016,46.8635,,
73616,2017,47.2814,,
73616,2018,48.3494,,
73616,2019,51.6205,,
73616,2020,45.299,,
73622,2016,43.634,,
73622,2017,47.4771,,
73622,2018,47.6287,,
73622,2019,47.6124,,
73622,2020,46.9656,,
73624,2016,43.9728,,
73624,2017,51.483,,
73624,2018,49.6041,,
73624,2019,52.8154,,
73624,2020,51.2303,,
73671,2016,44.1636,,
73671,2017,52.7693,,
73671,2018,61.2688,,
73671,2019,64.9302,,
73671,2020,64.1189,,
73675,2016,42.0158,,
73675,2017,43.1939,,
73675,2018,43.6708,,
73675,2019,48.4844,,
73675,2020,42.6294,,
73678,2016,43.4713,,
73678,2017,50.0522,,
73678,2018,44.5893,,
73678,2019,50.8954,,
73678,2020,53.2791,,
73686,2016,46.7911,,
73686,2017,49.9997,,
73686,2018,47.9897,,
73686,2019,56.3204,,
73686,2020,51.7859,,
73770,2016,43.446,,
73770,2017,43.1745,,
73770,2018,44.458,,
73770,2019,59.6407,,
73770,2020,59.3422,,
73854,2016,37.1955,,
73854,2017,38.7555,,
73854,2018,49.6019,,
73854,2019,58.3074,,
73854,2020,43.02,,
73861,2016,47.1793,,
73861,2017,46.353,,
73861,2018,44.3115,,
73861,2019,45.4442,,
73861,2020,30.2994,,
73870,2016,35.8712,,
73870,2017,33.8262,,
73870,2018,39.1423,,
73870,2019,54.4088,,
73870,2020,49.9515,,
73873,2016,41.7396,,
73873,2017,45.8532,,
73873,2018,40.4883,,
73873,2019,42.2935,,
73873,2020,35.7945,,
76001,2016,77.1979,,
76001,2017,63.8175,,
76001,2018,81.3794,,
76001,2019,83.7441,,
76001,2020,86.4462,,
76020,2016,52.4842,,
76020,2017,48.2566,,
76020,2018,50.0867,,
76020,2019,60.4153,,
76020,2020,61.5915,,
76036,2016,55.2701,,
76036,2017,62.7071,,
76036,2018,58.5667,,
76036,2019,65.4478,,
76036,2020,60.4451,,
76041,2016,53.1387,,
76041,2017,49.156,,
76041,2018,53.1963,,
76041,2019,57.32,,
76041,2020,57.8554,,
76054,2016,47.84,,
76054,2017,45.9642,,
76054,2018,44.2808,,
76054,2019,61.4162,,
76054,2020,55.599,,
76100,2016,56.7634,,
76100,2017,54.4936,,
76100,2018,51.0017,,
76100,2019,60.8349,,
76100,2020,54.1787,,
76109,2016,53.6526,,
76109,2017,53.5256,,
76109,2018,62.8829,,
76109,2019,61.1587,,
76109,2020,53.7387,,
76111,2016,64.8207,,
76111,2017,63.4853,,
76111,2018,68.7274,,
76111,2019,64.5123,,
76111,2020,58.2549,,
76113,2016,55.454,,
76113,2017,65.7961,,
76113,2018,61.822,,
76113,2019,59.2114,,
76113,2020,71.0338,,
76122,2016,50.6723,,
76122,2017,54.5268,,
76122,2018,50.9885,,
76122,2019,54.5934,,
76122,2020,52.4876,,
76126,2016,53.9037,,
76126,2017,55.1686,,
76126,2018,65.0684,,
76126,2019,62.1821,,
76126,2020,60.9299,,
76130,2016,62.8669,,
76130,2017,74.4141,,
76130,2018,71.8899,,
76130,2019,68.4641,,
76130,2020,66.6008,,
76147,2016,62.4993,,
76147,2017,59.7459,,
76147,2018,65.8869,,
76147,2019,68.0094,,
76147,2020,65.4652,,
76233,2016,51.0618,,
76233,2017,56.8592,,
76233,2018,57.168,,
76233,2019,59.4474,,
76233,2020,57.4044,,
76243,2016,40.922,,
76243,2017,41.0617,,
76243,2018,45.544,,
76243,2019,52.5934,,
76243,2020,53.9061,,
76246,2016,43.2513,,
76246,2017,46.29,,
76246,2018,53.8146,,
76246,2019,54.8895,,
76246,2020,53.7467,,
76248,2016,60.928,,
76248,2017,59.3737,,
76248,2018,61.9592,,
76248,2019,65.2503,,
76248,2020,60.3619,,
76250,2016,51.4582,,
76250,2017,48.3659,,
76250,2018,44.8281,,
76250,2019,51.2339,,
76250,2020,61.8544,,
76275,2016,50.3044,,
76275,2017,49.1523,,
76275,2018,49.4568,,
76275,2019,51.877,,
76275,2020,52.189,,
76306,2016,53.6742,,
76306,2017,41.4072,,
76306,2018,43.0821,,
76306,2019,51.7605,,
76306,2020,48.9278,,
76318,2016,51.653,,
76318,2017,44.458,,
76318,2018,59.9169,,
76318,2019,60.8109,,
76318,2020,58.5739,,
76364,2016,44.652,,
76364,2017,48.5568,,
76364,2018,72.0679,,
76364,2019,68.647,,
76364,2020,68.8049,,
76377,2016,47.7907,,
76377,2017,51.5236,,
76377,2018,56.6376,,
76377,2019,46.1299,,
76377,2020,49.6036,,
76400,2016,58.2912,,
76400,2017,57.618,,
76400,2018,57.3527,,
76400,2019,65.1631,,
76400,2020,62.8225,,
76403,2016,61.2969,,
76403,2017,59.9324,,
76403,2018,57.2037,,
76403,2019,60.8296,,
76403,2020,61.612,,
76497,2016,52.6844,,
76497,2017,47.6304,,
76497,2018,58.4253,,
76497,2019,52.3564,,
76497,2020,65.3348,,
76520,2016,76.5485,,
76520,2017,76.7738,,
76520,2018,73.9199,,
76520,2019,73.045,,
76520,2020,64.7919,,
76563,2016,58.0092,,
76563,2017,58.7713,,
76563,2018,56.7037,,
76563,2019,62.1805,,
76563,2020,54.3818,,
76606,2016,53.6434,,
76606,2017,58.3549,,
76606,2018,55.7103,,
76606,2019,59.3696,,
76606,2020,62.7272,,
76616,2016,52.0722,,
76616,2017,61.3058,,
76616,2018,66.6191,,
76616,2019,64.3374,,
76616,2020,69.7932,,
76622,2016,60.2902,,
76622,2017,58.2453,,
76622,2018,60.1092,,
76622,2019,61.9596,,
76622,2020,65.2315,,
76670,2016,58.9166,,
76670,2017,59.3635,,
76670,2018,55.6221,,
76670,2019,68.1568,,
76670,2020,54.0386,,
76736,2016,48.787,,
76736,2017,52.8184,,
76736,2018,51.8195,,
76736,2019,53.6907,,
76736,2020,52.1233,,
76823,2016,53.424,,
76823,2017,51.3511,,
76823,2018,48.5532,,
76823,2019,58.1853,,
76823,2020,58.8527,,
76828,2016,42.9974,,
76828,2017,49.1607,,
76828,2018,53.3346,,
76828,2019,60.387,,
76828,2020,58.628,,
76834,2016,67.9048,,
76834,2017,62.3778,,
76834,2018,68.8561,,
76834,2019,69.5183,,
76834,2020,59.4526,,
76845,2016,48.9418,,
76845,2017,57.3113,,
76845,2018,50.174,,
76845,2019,61.0721,,
76845,2020,61.3257,,
76863,2016,54.3728,,
76863,2017,54.1072,,
76863,2018,53.5409,,
76863,2019,54.4226,,
76863,2020,63.5617,,
76869,2016,51.9909,,
76869,2017,57.7673,,
76869,2018,44.7779,,
76869,2019,53.2346,,
76869,2020,65.567,,
76890,2016,72.581,,
76890,2017,70.4756,,
76890,2018,63.0499,,
76890,2019,50.8644,,
76890,2020,62.9784,,
76892,2016,73.9333,,
76892,2017,78.7364,,
76892,2018,72.1797,,
76892,2019,73.6209,,
76892,2020,78.345,,
76895,2016,64.9378,,
76895,2017,58.2469,,
76895,2018,63.2443,,
76895,2019,71.7599,,
76895,2020,67.2646,,
81001,2016,51.8882,,
81001,2017,54.3144,,
81001,2018,53.7478,,
81001,2019,54.4091,,
81001,2020,58.3014,,
81065,2016,45.5323,,
81065,2017,52.8044,,
81065,2018,55.7813,,
81065,2019,55.6799,,
81065,2020,59.1235,,
81220,2016,56.2178,,
81220,2017,45.7053,,
81220,2018,50.0478,,
81220,2019,45.19,,
81220,2020,45.4897,,
81300,2016,47.2638,,
81300,2017,45.6466,,
81300,2018,47.7968,,
81300,2019,58.3337,,
81300,2020,50.396,,
81591,2016,51.0209,,
81591,2017,57.6971,,
81591,2018,49.0038,,
81591,2019,57.7021,,
81591,2020,44.4821,,
81736,2016,53.8704,,
81736,2017,53.3181,,
81736,2018,56.0165,,
81736,2019,57.4183,,
81736,2020,52.175,,
81794,2016,50.7621,,
81794,2017,34.4428,,
81794,2018,52.2464,,
81794,2019,58.5365,,
81794,2020,55.5253,,
85001,2016,62.1155,,
85001,2017,60.9634,,
85001,2018,53.4094,,
85001,2019,67.6053,,
85001,2020,67.0596,,
85010,2016,50.15,,
85010,2017,58.6289,,
85010,2018,55.761,,
85010,2019,62.4589,,
85010,2020,63.5601,,
85015,2016,39.5192,,
85015,2017,44.9544,,
85015,2018,52.1357,,
85015,2019,55.9826,,
85015,2020,51.8747,,
85125,2016,45.2705,,
85125,2017,51.9069,,
85125,2018,43.7134,,
85125,2019,43.146,,
85125,2020,40.3832,,
85136,2016,41.1042,,
85136,2017,50.6348,,
85136,2018,50.6968,,
85136,2019,33.3082,,
85136,2020,58.6344,,
85139,2016,55.3865,,
85139,2017,59.173,,
85139,2018,66.6144,,
85139,2019,66.3597,,
85139,2020,62.2318,,
85162,2016,46.7893,,
85162,2017,56.2179,,
85162,2018,59.6766,,
85162,2019,63.5497,,
85162,2020,60.1589,,
85225,2016,52.538,,
85225,2017,46.2098,,
85225,2018,43.6944,,
85225,2019,61.3754,,
85225,2020,56.6968,,
85230,2016,48.7649,,
85230,2017,55.4158,,
85230,2018,59.2808,,
85230,2019,59.7463,,
85230,2020,60.7298,,
85250,2016,58.1818,,
85250,2017,58.1005,,
85250,2018,55.8378,,
85250,2019,57.7871,,
85250,2020,57.5224,,
85263,2016,56.8744,,
85263,2017,49.4665,,
85263,2018,54.1488,,
85263,2019,60.754,,
85263,2020,55.733,,
85279,2016,50.7166,,
85279,2017,27.3625,,
85279,2018,34.0369,,
85279,2019,55.0128,,
85279,2020,45.9173,,
85300,2016,52.6364,,
85300,2017,38.3432,,
85300,2018,57.5948,,
85300,2019,64.4663,,
85300,2020,57.4228,,
85315,2016,38.1611,,
85315,2017,31.4504,,
85315,2018,45.377,,
85315,2019,47.5499,,
85315,2020,34.6992,,
85325,2016,49.199,,
85325,2017,50.4423,,
85325,2018,50.271,,
85325,2019,62.5948,,
85325,2020,59.3077,,
85400,2016,41.4809,,
85400,2017,37.262,,
85400,2018,43.9811,,
85400,2019,38.0004,,
85400,2020,44.4608,,
85410,2016,55.3545,,
85410,2017,53.0801,,
85410,2018,61.9193,,
85410,2019,62.8082,,
85410,2020,65.7199,,
85430,2016,45.9092,,
85430,2017,48.9029,,
85430,2018,46.0723,,
85430,2019,53.7583,,
85430,2020,53.3915,,
85440,2016,49.544,,
85440,2017,44.9024,,
85440,2018,46.8105,,
85440,2019,57.5445,,
85440,2020,41.908,,
86001,2016,48.07,,
86001,2017,46.5672,,
86001,2018,49.0503,,
86001,2019,42.0475,,
86001,2020,46.3457,,
86219,2016,35.0182,,
86219,2017,46.279,,
86219,2018,52.9681,,
86219,2019,62.6577,,
86219,2020,55.8232,,
86320,2016,42.7677,,
86320,2017,37.303,,
86320,2018,43.1236,,
86320,2019,54.2363,,
86320,2020,59.145,,
86568,2016,33.0045,,
86568,2017,40.3097,,
86568,2018,51.7402,,
86568,2019,46.5864,,
86568,2020,50.9151,,
86569,2016,35.571,,
86569,2017,40.195,,
86569,2018,35.9294,,
86569,2019,41.0619,,
86569,2020,42.6796,,
86571,2016,39.8836,,
86571,2017,23.8921,,
86571,2018,20.8035,,
86571,2019,50.5028,,
86571,2020,55.4494,,
86573,2016,30.4279,,
86573,2017,33.2932,,
86573,2018,17.3317,,
86573,2019,36.4415,,
86573,2020,24.7357,,
86749,2016,48.3904,,
86749,2017,52.404,,
86749,2018,56.3066,,
86749,2019,55.3632,,
86749,2020,43.9563,,
86755,2016,47.7579,,
86755,2017,36.885,,
86755,2018,58.7798,,
86755,2019,22.231,,
86755,2020,52.1726,,
86757,2016,37.9268,,
86757,2017,38.3109,,
86757,2018,40.2003,,
86757,2019,36.3882,,
86757,2020,51.3796,,
86760,2016,38.756,,
86760,2017,39.2627,,
86760,2018,45.3607,,
86760,2019,55.8274,,
86760,2020,46.5217,,
86865,2016,41.5395,,
86865,2017,49.4498,,
86865,2018,51.2264,,
86865,2019,37.4718,,
86865,2020,30.7191,,
86885,2016,45.4663,,
86885,2017,42.3518,,
86885,2018,45.1013,,
86885,2019,46.9642,,
86885,2020,44.2317,,
88564,2016,45.9404,,
88564,2017,47.9658,,
88564,2018,46.8859,,
88564,2019,56.1287,,
88564,2020,43.9195,,
91001,2016,48.9182,,
91001,2017,53.6411,,
91001,2018,42.9957,,
91001,2019,33.3984,,
91001,2020,35.5625,,
91540,2016,40.1754,,
91540,2017,48.0313,,
91540,2018,29.8891,,
91540,2019,28.3486,,
91540,2020,20.4522,,
94001,2016,33.1242,,
94001,2017,44.8337,,
94001,2018,52.2657,,
94001,2019,46.0202,,
94001,2020,34.4005,,
95001,2016,51.0788,,
95001,2017,49.9529,,
95001,2018,50.4186,,
95001,2019,55.4275,,
95001,2020,55.2392,,
95015,2016,46.3644,,
95015,2017,33.5714,,
95015,2018,41.0415,,
95015,2019,56.0532,,
95015,2020,55.5228,,
95025,2016,41.8009,,
95025,2017,41.7096,,
95025,2018,41.4924,,
95025,2019,47.5408,,
95025,2020,45.1701,,
95200,2016,25.9857,,
95200,2017,26.4798,,
95200,2018,39.7448,,
95200,2019,44.7122,,
95200,2020,20.9691,,
97001,2016,50.0931,,
97001,2017,45.4682,,
97001,2018,40.8853,,
97001,2019,47.4367,,
97001,2020,49.8469,,
97161,2016,38.4473,,
97161,2017,41.3681,,
97161,2018,43.9467,,
97161,2019,47.6552,,
97161,2020,39.808,,
97666,2016,33.4391,,
97666,2017,38.6333,,
97666,2018,35.0956,,
97666,2019,42.4705,,
97666,2020,29.8854,,
99001,2016,53.3341,,
99001,2017,42.4458,,
99001,2018,52.6854,,
99001,2019,57.5668,,
99001,2020,59.4936,,
99524,2016,44.3358,,
99524,2017,33.5295,,
99524,2018,44.465,,
99524,2019,56.287,,
99524,2020,29.2182,,
99624,2016,45.947,,
99624,2017,23.7312,,
99624,2018,37.6974,,
99624,2019,48.8865,,
99624,2020,27.5185,,
99773,2016,40.9447,,
99773,2017,26.2705,,
99773,2018,31.6546,,
99773,2019,41.5129,,
99773,2020,20.2559,,
