cod_divipola,anio,valor,numerador,denominador
05001,2000,55.86,,
05001,2001,64.06,,
05001,2002,70.8,,
05001,2003,70.85,,
05001,2004,74.12,,
05001,2005,75.7198,,
05001,2006,77.59,,
05001,2007,80.66,,
05001,2008,80.82,,
05001,2009,75.91,,
05001,2010,89.43,,
05001,2011,84.36,,
05001,2012,83.22,,
05001,2013,84.82,,
05001,2014,85.4979,,
05001,2015,83.7331,,
05001,2016,81.15,,
05001,2017,83.6125,,
05001,2018,83.1074,,
05001,2019,81.9176,,
05001,2020,81.51,,
05002,2000,52.09,,
05002,2001,56.24,,
05002,2002,52.5,,
05002,2003,50.52,,
05002,2004,48.01,,
05002,2005,51.4121,,
05002,2006,53.25,,
05002,2007,55.83,,
05002,2008,57.46,,
05002,2009,57.79,,
05002,2010,67.98,,
05002,2011,71.29,,
05002,2012,69.68,,
05002,2013,71.67,,
05002,2014,70.1124,,
05002,2015,71.8402,,
05002,2016,68.49,,
05002,2017,68.5537,,
05002,2018,71.4882,,
05002,2019,69.8742,,
05002,2020,69.83,,
05004,2000,53.55,,
05004,2001,48.48,,
05004,2002,27.57,,
05004,2003,42.51,,
05004,2004,40.69,,
05004,2005,56.9521,,
05004,2006,55.48,,
05004,2007,52.35,,
05004,2008,52.72,,
05004,2009,39.8,,
05004,2010,46.46,,
05004,2011,61.16,,
05004,2012,54.56,,
05004,2013,58.87,,
05004,2014,59.8473,,
05004,2015,52.7468,,
05004,2016,61.32,,
05004,2017,63.1369,,
05004,2018,61.0203,,
05004,2019,66.0814,,
05004,2020,59.83,,
05021,2000,55.7,,
05021,2001,59.99,,
05021,2002,59.19,,
05021,2003,65.76,,
05021,2004,64.83,,
05021,2005,64.3213,,
05021,2006,62.26,,
05021,2007,60.95,,
05021,2008,48.96,,
05021,2009,55.06,,
05021,2010,63.82,,
05021,2011,69.05,,
05021,2012,59.52,,
05021,2013,62.14,,
05021,2014,67.7071,,
05021,2015,62.9123,,
05021,2016,64.56,,
05021,2017,69.9773,,
05021,2018,62.8794,,
05021,2019,68.0673,,
05021,2020,57.69,,
05030,2000,43.94,,
05030,2001,50.49,,
05030,2002,47.71,,
05030,2003,55.17,,
05030,2004,62.06,,
05030,2005,66.3185,,
05030,2006,65.47,,
05030,2007,73.22,,
05030,2008,67.31,,
05030,2009,59.7,,
05030,2010,69.97,,
05030,2011,74.61,,
05030,2012,71.29,,
05030,2013,73.5,,
05030,2014,74.1036,,
05030,2015,75.7804,,
05030,2016,75.56,,
05030,2017,76.4048,,
05030,2018,77.4455,,
05030,2019,77.1369,,
05030,2020,78.74,,
05031,2000,58.01,,
05031,2001,55.97,,
05031,2002,58.54,,
05031,2003,59.69,,
05031,2004,57.09,,
05031,2005,59.0197,,
05031,2006,57.7,,
05031,2007,59.9,,
05031,2008,67.48,,
05031,2009,64.85,,
05031,2010,73.09,,
05031,2011,73.48,,
05031,2012,67.95,,
05031,2013,70.8,,
05031,2014,73.6494,,
05031,2015,72.7318,,
05031,2016,69.08,,
05031,2017,69.9963,,
05031,2018,70.5282,,
05031,2019,70.3873,,
05031,2020,55.47,,
05034,2000,55.17,,
05034,2001,50.79,,
05034,2002,56.8,,
05034,2003,59.81,,
05034,2004,53.19,,
05034,2005,57.7004,,
05034,2006,60.15,,
05034,2007,65.82,,
05034,2008,60.05,,
05034,2009,55.04,,
05034,2010,69.43,,
05034,2011,69.12,,
05034,2012,69.03,,
05034,2013,70.7,,
05034,2014,71.9765,,
05034,2015,67.5986,,
05034,2016,66.44,,
05034,2017,65.8797,,
05034,2018,65.3111,,
05034,2019,72.4442,,
05034,2020,71.51,,
05036,2000,54.78,,
05036,2001,47.59,,
05036,2002,57.17,,
05036,2003,63.44,,
05036,2004,50.35,,
05036,2005,53.8079,,
05036,2006,63.03,,
05036,2007,64.89,,
05036,2008,52.47,,
05036,2009,41.86,,
05036,2010,57.44,,
05036,2011,70.23,,
05036,2012,65.56,,
05036,2013,65.54,,
05036,2014,64.8979,,
05036,2015,66.6658,,
05036,2016,66.83,,
05036,2017,69.7131,,
05036,2018,66.9349,,
05036,2019,72.7739,,
05036,2020,66.89,,
05038,2000,61.59,,
05038,2001,60.6,,
05038,2002,60.27,,
05038,2003,57.95,,
05038,2004,54.48,,
05038,2005,61.1523,,
05038,2006,62.04,,
05038,2007,67.59,,
05038,2008,68.85,,
05038,2009,53.64,,
05038,2010,66.86,,
05038,2011,65.81,,
05038,2012,63.88,,
05038,2013,61.46,,
05038,2014,61.4914,,
05038,2015,64.661,,
05038,2016,63.61,,
05038,2017,65.4589,,
05038,2018,63.2154,,
05038,2019,68.1405,,
05038,2020,63.87,,
05040,2000,48.74,,
05040,2001,54.96,,
05040,2002,64.81,,
05040,2003,50.83,,
05040,2004,58.82,,
05040,2005,69.5055,,
05040,2006,69.33,,
05040,2007,71.66,,
05040,2008,79.39,,
05040,2009,71.37,,
05040,2010,82.06,,
05040,2011,75.83,,
05040,2012,68.73,,
05040,2013,71.1,,
05040,2014,70.404,,
05040,2015,73.2369,,
05040,2016,68.07,,
05040,2017,68.338,,
05040,2018,67.9817,,
05040,2019,68.8487,,
05040,2020,72.06,,
05042,2000,59.18,,
05042,2001,55.05,,
05042,2002,49.21,,
05042,2003,57.09,,
05042,2004,64.63,,
05042,2005,64.5155,,
05042,2006,66.64,,
05042,2007,74.63,,
05042,2008,64.61,,
05042,2009,62.87,,
05042,2010,71.58,,
05042,2011,76.75,,
05042,2012,74.11,,
05042,2013,73.34,,
05042,2014,74.3052,,
05042,2015,75.1512,,
05042,2016,75.71,,
05042,2017,73.8589,,
05042,2018,74.8876,,
05042,2019,73.9548,,
05042,2020,73.71,,
05044,2000,48.96,,
05044,2001,54.74,,
05044,2002,46.1,,
05044,2003,54.47,,
05044,2004,55.64,,
05044,2005,57.0028,,
05044,2006,56.48,,
05044,2007,58.36,,
05044,2008,54.63,,
05044,2009,58.02,,
05044,2010,63.51,,
05044,2011,62.23,,
05044,2012,61.8,,
05044,2013,62.44,,
05044,2014,62.6377,,
05044,2015,60.9014,,
05044,2016,62.24,,
05044,2017,61.195,,
05044,2018,65.6104,,
05044,2019,66.5407,,
05044,2020,60.48,,
05045,2000,57.18,,
05045,2001,56.88,,
05045,2002,57.59,,
05045,2003,49.87,,
05045,2004,60.25,,
05045,2005,64.6415,,
05045,2006,59.49,,
05045,2007,61.81,,
05045,2008,62.59,,
05045,2009,59.43,,
05045,2010,75.09,,
05045,2011,70.26,,
05045,2012,69.38,,
05045,2013,63.06,,
05045,2014,73.1627,,
05045,2015,75.4066,,
05045,2016,74.32,,
05045,2017,73.8699,,
05045,2018,72.7836,,
05045,2019,75.6701,,
05045,2020,72.3,,
05051,2000,49.52,,
05051,2001,56.23,,
05051,2002,53.67,,
05051,2003,50.66,,
05051,2004,38.7,,
05051,2005,50.5368,,
05051,2006,53.52,,
05051,2007,60.22,,
05051,2009,41.06,,
05051,2010,60.26,,
05051,2011,46.76,,
05051,2012,61.48,,
05051,2013,66.55,,
05051,2014,71.0493,,
05051,2015,66.9884,,
05051,2016,67.56,,
05051,2017,66.8517,,
05051,2018,66.8605,,
05051,2019,69.0277,,
05051,2020,70.15,,
05055,2001,57.5,,
05055,2002,54.07,,
05055,2003,48.37,,
05055,2004,29.36,,
05055,2005,52.6413,,
05055,2006,52.73,,
05055,2007,34.8,,
05055,2008,56.19,,
05055,2009,56.66,,
05055,2010,62.8,,
05055,2011,50.56,,
05055,2012,59.48,,
05055,2013,62.08,,
05055,2014,59.9209,,
05055,2015,56.1576,,
05055,2016,59.94,,
05055,2017,61.8723,,
05055,2018,62.6203,,
05055,2019,67.2162,,
05055,2020,65.64,,
05059,2000,51.87,,
05059,2001,49.1,,
05059,2002,51.18,,
05059,2003,53.74,,
05059,2004,61.09,,
05059,2005,58.4755,,
05059,2006,59.75,,
05059,2007,60.28,,
05059,2008,60.61,,
05059,2009,56.34,,
05059,2010,68.29,,
05059,2011,65.12,,
05059,2012,59.45,,
05059,2013,57.06,,
05059,2014,61.7169,,
05059,2015,55.8803,,
05059,2016,61.11,,
05059,2017,64.0936,,
05059,2018,65.6622,,
05059,2019,65.5486,,
05059,2020,65.64,,
05079,2000,52.48,,
05079,2001,55.74,,
05079,2002,56.26,,
05079,2003,59.05,,
05079,2004,62.42,,
05079,2005,67.3255,,
05079,2006,68.03,,
05079,2007,59.23,,
05079,2008,71.67,,
05079,2009,65.22,,
05079,2010,78.42,,
05079,2011,78.15,,
05079,2012,76.3,,
05079,2013,76.34,,
05079,2014,72.9463,,
05079,2015,75.8818,,
05079,2016,72.61,,
05079,2017,79.2178,,
05079,2018,75.9115,,
05079,2019,74.5175,,
05079,2020,72.59,,
05086,2000,56.8,,
05086,2001,54.05,,
05086,2002,58.85,,
05086,2003,49.52,,
05086,2004,44.23,,
05086,2005,52.1324,,
05086,2006,56.7,,
05086,2007,66.65,,
05086,2008,34.02,,
05086,2009,52.53,,
05086,2010,60.75,,
05086,2011,67.26,,
05086,2012,62.74,,
05086,2013,65.07,,
05086,2014,64.3297,,
05086,2015,67.6733,,
05086,2016,66.07,,
05086,2017,68.3039,,
05086,2018,65.8196,,
05086,2019,74.7788,,
05086,2020,66.13,,
05088,2000,48.75,,
05088,2001,51.81,,
05088,2002,57.47,,
05088,2003,55.67,,
05088,2004,62.78,,
05088,2005,60.5206,,
05088,2006,71.08,,
05088,2007,74.86,,
05088,2008,69.79,,
05088,2009,72.84,,
05088,2010,77.33,,
05088,2011,73.04,,
05088,2012,75.74,,
05088,2013,73.77,,
05088,2014,74.7271,,
05088,2015,79.4727,,
05088,2016,79.26,,
05088,2017,74.1095,,
05088,2018,74.2183,,
05088,2019,71.8606,,
05088,2020,76.21,,
05091,2001,51.38,,
05091,2002,51.06,,
05091,2003,41.07,,
05091,2004,28.42,,
05091,2005,52.0768,,
05091,2006,57.43,,
05091,2007,39.45,,
05091,2008,65.17,,
05091,2009,58.82,,
05091,2010,71.2,,
05091,2011,72.82,,
05091,2012,66.78,,
05091,2013,60.71,,
05091,2014,61.4516,,
05091,2015,62.7083,,
05091,2016,60.58,,
05091,2017,59.7475,,
05091,2018,64.0851,,
05091,2019,66.5392,,
05091,2020,68.56,,
05093,2000,58.37,,
05093,2001,54.88,,
05093,2002,54.34,,
05093,2003,57.84,,
05093,2004,58.85,,
05093,2005,57.0788,,
05093,2006,59.49,,
05093,2007,62.9,,
05093,2008,60.68,,
05093,2009,60.45,,
05093,2010,67.19,,
05093,2011,67.63,,
05093,2012,62.04,,
05093,2013,65.82,,
05093,2014,68.2418,,
05093,2015,56.881,,
05093,2016,63.69,,
05093,2017,63.8017,,
05093,2018,66.6836,,
05093,2019,67.1319,,
05093,2020,64.18,,
05101,2000,54.58,,
05101,2001,58.24,,
05101,2002,52.44,,
05101,2003,52.16,,
05101,2004,54.38,,
05101,2005,59.182,,
05101,2006,60.75,,
05101,2007,63.05,,
05101,2008,58.28,,
05101,2009,56.64,,
05101,2010,70.71,,
05101,2011,66.45,,
05101,2012,64.85,,
05101,2013,66.79,,
05101,2014,67.4705,,
05101,2015,68.5537,,
05101,2016,69.68,,
05101,2017,73.7129,,
05101,2018,73.3595,,
05101,2019,70.8697,,
05101,2020,72.34,,
05107,2000,54.32,,
05107,2001,47.95,,
05107,2002,61.4,,
05107,2003,62.42,,
05107,2004,57.59,,
05107,2005,61.0369,,
05107,2006,61.13,,
05107,2007,58.18,,
05107,2008,57.87,,
05107,2009,57.85,,
05107,2010,65.11,,
05107,2011,67.86,,
05107,2012,64.7,,
05107,2013,74.87,,
05107,2014,78.2137,,
05107,2015,81.859,,
05107,2016,82.68,,
05107,2017,83.5745,,
05107,2018,81.642,,
05107,2019,78.93,,
05107,2020,73.62,,
05113,2000,49.98,,
05113,2001,48.67,,
05113,2002,60.46,,
05113,2003,43.26,,
05113,2004,42.88,,
05113,2005,54.6183,,
05113,2006,49.98,,
05113,2007,53.56,,
05113,2008,54.26,,
05113,2009,55.98,,
05113,2010,39.36,,
05113,2011,55.92,,
05113,2012,58.62,,
05113,2013,61.14,,
05113,2014,66.3826,,
05113,2015,63.2918,,
05113,2016,59.06,,
05113,2017,62.6139,,
05113,2018,65.8311,,
05113,2019,75.9121,,
05113,2020,76.27,,
05120,2000,53.25,,
05120,2001,54.13,,
05120,2003,38.39,,
05120,2004,60.22,,
05120,2005,63.523,,
05120,2006,63.06,,
05120,2007,58.15,,
05120,2009,57.54,,
05120,2010,61.51,,
05120,2011,63.66,,
05120,2012,69.31,,
05120,2013,73.13,,
05120,2014,67.3952,,
05120,2015,71.8649,,
05120,2016,46.61,,
05120,2017,62.1354,,
05120,2018,64.3382,,
05120,2019,44.5482,,
05120,2020,69.39,,
05125,2000,51.6,,
05125,2001,56.79,,
05125,2002,49.68,,
05125,2003,41.54,,
05125,2004,43.74,,
05125,2005,50.6372,,
05125,2006,52.88,,
05125,2007,44.4,,
05125,2008,64.12,,
05125,2009,56.58,,
05125,2010,65.65,,
05125,2011,61.93,,
05125,2012,61.31,,
05125,2013,57.87,,
05125,2014,61.482,,
05125,2015,63.2183,,
05125,2016,60.54,,
05125,2017,64.256,,
05125,2018,61.7537,,
05125,2019,66.3094,,
05125,2020,66.34,,
05129,2000,53.94,,
05129,2001,53.78,,
05129,2002,59.08,,
05129,2003,66.96,,
05129,2004,65.17,,
05129,2005,67.6977,,
05129,2006,70.85,,
05129,2007,72.98,,
05129,2008,72.92,,
05129,2009,70.82,,
05129,2010,77.27,,
05129,2011,81.25,,
05129,2012,76.36,,
05129,2013,79.34,,
05129,2014,76.2507,,
05129,2015,80.0822,,
05129,2016,75.74,,
05129,2017,75.9682,,
05129,2018,78.4717,,
05129,2019,79.1003,,
05129,2020,78.04,,
05134,2000,51.86,,
05134,2001,50.42,,
05134,2002,52.52,,
05134,2004,58.43,,
05134,2005,59.7866,,
05134,2006,60.5,,
05134,2007,50.7,,
05134,2008,44.4,,
05134,2009,49.25,,
05134,2010,56.14,,
05134,2011,45.18,,
05134,2012,54.46,,
05134,2013,55.66,,
05134,2014,59.2641,,
05134,2015,63.2944,,
05134,2016,57.02,,
05134,2017,56.0894,,
05134,2018,58.9765,,
05134,2019,61.3113,,
05134,2020,60.49,,
05138,2000,46.71,,
05138,2001,56.04,,
05138,2002,58.23,,
05138,2003,50.25,,
05138,2004,49.76,,
05138,2005,47.2648,,
05138,2006,52.55,,
05138,2007,39.54,,
05138,2008,45.79,,
05138,2009,49.1,,
05138,2010,60.62,,
05138,2011,62.11,,
05138,2012,61.4,,
05138,2013,63.21,,
05138,2014,65.5969,,
05138,2015,66.2428,,
05138,2016,64.66,,
05138,2017,63.05,,
05138,2018,66.5086,,
05138,2019,73.9974,,
05138,2020,71.84,,
05142,2000,50.64,,
05142,2001,53.57,,
05142,2002,15.13,,
05142,2003,32.89,,
05142,2004,41.39,,
05142,2005,50.9775,,
05142,2006,52.52,,
05142,2007,61.17,,
05142,2008,53.75,,
05142,2009,58.29,,
05142,2010,54.39,,
05142,2011,62.89,,
05142,2012,64.28,,
05142,2013,62.54,,
05142,2014,63.5549,,
05142,2015,64.3109,,
05142,2016,61.34,,
05142,2017,61.1044,,
05142,2018,61.5598,,
05142,2019,67.3988,,
05142,2020,60.77,,
05145,2000,56.93,,
05145,2001,55.26,,
05145,2002,45.4,,
05145,2003,56.87,,
05145,2004,49.06,,
05145,2005,57.9654,,
05145,2006,54.87,,
05145,2007,58.67,,
05145,2008,54.6,,
05145,2009,51.03,,
05145,2010,69.88,,
05145,2011,45.06,,
05145,2012,47.34,,
05145,2013,61.33,,
05145,2014,61.2057,,
05145,2015,65.6304,,
05145,2016,55.87,,
05145,2017,56.936,,
05145,2018,62.3683,,
05145,2019,60.1226,,
05145,2020,47.32,,
05147,2000,45.94,,
05147,2001,50.43,,
05147,2002,51.67,,
05147,2003,51.94,,
05147,2004,56.07,,
05147,2005,58.924,,
05147,2006,59.65,,
05147,2007,63.29,,
05147,2008,57.41,,
05147,2009,52.04,,
05147,2010,53.3,,
05147,2011,72.36,,
05147,2012,72.2,,
05147,2013,71.77,,
05147,2014,73.3804,,
05147,2015,74.5004,,
05147,2016,71.9,,
05147,2017,70.4033,,
05147,2018,71.8368,,
05147,2019,71.5797,,
05147,2020,74.13,,
05148,2000,51.76,,
05148,2001,46.78,,
05148,2002,56.3,,
05148,2003,55.26,,
05148,2004,58.91,,
05148,2005,65.4132,,
05148,2006,65.85,,
05148,2007,74.68,,
05148,2008,72.71,,
05148,2009,67.09,,
05148,2010,73.06,,
05148,2011,75.88,,
05148,2012,74.43,,
05148,2013,77.65,,
05148,2014,77.5417,,
05148,2015,78.1069,,
05148,2016,76.5,,
05148,2017,78.2138,,
05148,2018,78.2034,,
05148,2019,78.0182,,
05148,2020,77.88,,
05150,2000,62.9,,
05150,2001,61.08,,
05150,2002,62.03,,
05150,2003,63.91,,
05150,2004,64.61,,
05150,2005,66.1712,,
05150,2006,58.97,,
05150,2007,62.29,,
05150,2008,60.79,,
05150,2009,68.17,,
05150,2010,78.33,,
05150,2011,71.23,,
05150,2012,63.46,,
05150,2013,62.37,,
05150,2014,65.1574,,
05150,2015,71.1704,,
05150,2016,64.02,,
05150,2017,63.7577,,
05150,2018,68.2099,,
05150,2019,73.1378,,
05150,2020,47.99,,
05154,2000,57.54,,
05154,2001,55.13,,
05154,2002,56.96,,
05154,2003,46.39,,
05154,2004,59.87,,
05154,2005,61.5395,,
05154,2006,69.43,,
05154,2007,72.54,,
05154,2008,57.65,,
05154,2009,58.46,,
05154,2010,71.66,,
05154,2011,72.14,,
05154,2012,75.37,,
05154,2013,77.55,,
05154,2014,78.1338,,
05154,2015,77.6328,,
05154,2016,75.27,,
05154,2017,75.7528,,
05154,2018,79.0751,,
05154,2019,75.54,,
05154,2020,73.63,,
05172,2000,60.18,,
05172,2001,56.25,,
05172,2002,50.67,,
05172,2003,54.05,,
05172,2004,57.44,,
05172,2005,50.2799,,
05172,2006,56.55,,
05172,2007,65.32,,
05172,2008,57.08,,
05172,2009,55.46,,
05172,2010,72.64,,
05172,2011,75.14,,
05172,2012,67.83,,
05172,2013,73.75,,
05172,2014,75.2805,,
05172,2015,71.1955,,
05172,2016,74.38,,
05172,2017,76.0847,,
05172,2018,73.5221,,
05172,2019,72.7491,,
05172,2020,73.83,,
05190,2000,51.19,,
05190,2002,57.06,,
05190,2003,40.35,,
05190,2004,50.53,,
05190,2005,57.6391,,
05190,2006,61.87,,
05190,2007,64.34,,
05190,2008,59.06,,
05190,2009,57.42,,
05190,2010,67.19,,
05190,2011,49.2,,
05190,2012,65.5,,
05190,2013,66.7,,
05190,2014,69.0947,,
05190,2015,71.7205,,
05190,2016,66.76,,
05190,2017,73.9087,,
05190,2018,70.2767,,
05190,2019,75.5408,,
05190,2020,73.15,,
05197,2000,50.87,,
05197,2001,51.43,,
05197,2002,54.44,,
05197,2003,49.68,,
05197,2004,51.97,,
05197,2005,55.2812,,
05197,2006,52.92,,
05197,2007,55.98,,
05197,2008,54.16,,
05197,2009,46.48,,
05197,2010,59.59,,
05197,2011,64.56,,
05197,2012,65.14,,
05197,2013,64.9,,
05197,2014,67.058,,
05197,2015,68.0885,,
05197,2016,67.12,,
05197,2017,69.1536,,
05197,2018,69.8568,,
05197,2019,76.0855,,
05197,2020,70.81,,
05206,2000,62.42,,
05206,2001,63.94,,
05206,2002,65.25,,
05206,2003,53.96,,
05206,2004,63.73,,
05206,2005,63.4086,,
05206,2006,59.63,,
05206,2007,58.5,,
05206,2008,61.55,,
05206,2009,60.51,,
05206,2010,70.36,,
05206,2011,69.43,,
05206,2012,66.04,,
05206,2013,65.94,,
05206,2014,69.3708,,
05206,2015,73.262,,
05206,2016,59.32,,
05206,2017,64.9064,,
05206,2018,66.8303,,
05206,2019,69.0715,,
05206,2020,70.74,,
05209,2000,49.65,,
05209,2001,52.83,,
05209,2002,54.92,,
05209,2003,56.91,,
05209,2004,58.87,,
05209,2005,58.9937,,
05209,2006,54.94,,
05209,2007,62.24,,
05209,2008,57.89,,
05209,2009,58.97,,
05209,2010,49.65,,
05209,2011,65.96,,
05209,2012,58.76,,
05209,2013,66.36,,
05209,2014,65.6801,,
05209,2015,68.8315,,
05209,2016,66.57,,
05209,2017,66.6751,,
05209,2018,69.3096,,
05209,2019,68.087,,
05209,2020,67.25,,
05212,2000,59.21,,
05212,2001,61.63,,
05212,2002,65.73,,
05212,2003,69.07,,
05212,2004,52.2,,
05212,2005,67.0747,,
05212,2006,69.71,,
05212,2007,72.55,,
05212,2008,77.75,,
05212,2009,74.6,,
05212,2010,81,,
05212,2011,81.93,,
05212,2012,80.16,,
05212,2013,81.65,,
05212,2014,82.8867,,
05212,2015,83.5764,,
05212,2016,80.36,,
05212,2017,79.3791,,
05212,2018,80.0259,,
05212,2019,81.2569,,
05212,2020,80.88,,
05234,2000,41.62,,
05234,2001,54.5,,
05234,2003,60.09,,
05234,2004,49.94,,
05234,2005,47.3571,,
05234,2006,56.62,,
05234,2007,51.93,,
05234,2008,53.89,,
05234,2009,53.91,,
05234,2010,59.88,,
05234,2011,60.93,,
05234,2012,64.59,,
05234,2013,59.74,,
05234,2014,64.3027,,
05234,2015,64.9989,,
05234,2016,58.73,,
05234,2017,57.3669,,
05234,2018,52.086,,
05234,2019,72.224,,
05234,2020,73.47,,
05237,2000,55.2,,
05237,2001,59.47,,
05237,2002,59.7,,
05237,2003,73.91,,
05237,2004,76.83,,
05237,2005,71.6404,,
05237,2006,67.92,,
05237,2007,78.42,,
05237,2008,74.76,,
05237,2009,69.51,,
05237,2010,84.14,,
05237,2011,81.44,,
05237,2012,75.09,,
05237,2013,77.87,,
05237,2014,77.0705,,
05237,2015,79.6331,,
05237,2016,75.77,,
05237,2017,72.0999,,
05237,2018,71.2988,,
05237,2019,75.7018,,
05237,2020,69.52,,
05240,2000,51.25,,
05240,2001,65.39,,
05240,2002,34.35,,
05240,2003,55.53,,
05240,2004,55.14,,
05240,2005,57.1469,,
05240,2006,64.38,,
05240,2007,49.63,,
05240,2008,57.29,,
05240,2009,63.68,,
05240,2010,65.39,,
05240,2011,65.04,,
05240,2012,63.31,,
05240,2013,64.91,,
05240,2014,64.0427,,
05240,2015,66.0108,,
05240,2016,64.42,,
05240,2017,64.7617,,
05240,2018,63.2033,,
05240,2019,64.5352,,
05240,2020,65.81,,
05250,2000,48.45,,
05250,2001,49.34,,
05250,2002,53.48,,
05250,2003,34.21,,
05250,2004,47.78,,
05250,2005,56.9696,,
05250,2006,63.5,,
05250,2007,56.76,,
05250,2008,58.15,,
05250,2009,61.54,,
05250,2010,63.3,,
05250,2011,67.96,,
05250,2012,67.09,,
05250,2013,68.78,,
05250,2014,68.5222,,
05250,2015,69.3928,,
05250,2016,64.49,,
05250,2017,63.976,,
05250,2018,68.7708,,
05250,2019,58.7391,,
05250,2020,66.15,,
05264,2000,62.48,,
05264,2001,60.73,,
05264,2002,68.37,,
05264,2003,58.67,,
05264,2004,62.12,,
05264,2005,64.01,,
05264,2006,65.26,,
05264,2007,63.81,,
05264,2008,57.14,,
05264,2009,58.46,,
05264,2010,75.18,,
05264,2011,65.34,,
05264,2012,65.07,,
05264,2013,65.36,,
05264,2014,65.8232,,
05264,2015,69.5289,,
05264,2016,67.18,,
05264,2017,70.5554,,
05264,2018,73.4179,,
05264,2019,76.4925,,
05264,2020,72.37,,
05266,2000,75.27,,
05266,2001,77.38,,
05266,2002,73.67,,
05266,2003,68.76,,
05266,2004,71.54,,
05266,2005,75.3725,,
05266,2006,75.48,,
05266,2007,81.61,,
05266,2008,84.36,,
05266,2009,72.58,,
05266,2010,85.16,,
05266,2011,84.87,,
05266,2012,84.67,,
05266,2013,84.34,,
05266,2014,85.2275,,
05266,2015,83.5003,,
05266,2016,82.52,,
05266,2017,82.2779,,
05266,2018,83.82,,
05266,2019,86.4769,,
05266,2020,84.97,,
05282,2000,51.67,,
05282,2001,56.06,,
05282,2002,44.78,,
05282,2003,42.97,,
05282,2004,50.55,,
05282,2005,57.0003,,
05282,2006,60.34,,
05282,2007,67.97,,
05282,2008,61.77,,
05282,2009,56.82,,
05282,2010,72.06,,
05282,2011,69.38,,
05282,2012,68.45,,
05282,2013,69.69,,
05282,2014,66.8782,,
05282,2015,54.9816,,
05282,2016,42.32,,
05282,2017,70.4806,,
05282,2018,72.5297,,
05282,2019,74.5581,,
05282,2020,70.27,,
05284,2000,52.75,,
05284,2001,48.51,,
05284,2002,62.72,,
05284,2003,52.07,,
05284,2004,52.83,,
05284,2005,54.299,,
05284,2006,58.23,,
05284,2007,55.81,,
05284,2008,62.31,,
05284,2009,58.14,,
05284,2010,66.52,,
05284,2011,66.37,,
05284,2012,61.78,,
05284,2013,62.51,,
05284,2014,63.3097,,
05284,2015,65.1256,,
05284,2016,61.03,,
05284,2017,61.3379,,
05284,2018,62.7384,,
05284,2019,67.8261,,
05284,2020,63.7,,
05306,2000,42.09,,
05306,2001,52.2,,
05306,2002,62.55,,
05306,2003,49.03,,
05306,2004,57.83,,
05306,2005,57.4862,,
05306,2006,55.45,,
05306,2007,55.29,,
05306,2008,63.67,,
05306,2009,55.19,,
05306,2010,61.68,,
05306,2011,53.84,,
05306,2012,64.48,,
05306,2013,63.7,,
05306,2014,66.0784,,
05306,2015,69.2619,,
05306,2016,61.87,,
05306,2017,64.5725,,
05306,2018,68.0974,,
05306,2019,72.8247,,
05306,2020,70.62,,
05308,2000,56.8,,
05308,2001,53.43,,
05308,2002,53.99,,
05308,2003,57.84,,
05308,2004,68.21,,
05308,2005,72.0465,,
05308,2006,75.08,,
05308,2007,81.05,,
05308,2008,83.14,,
05308,2009,75.31,,
05308,2010,82.76,,
05308,2011,81.63,,
05308,2012,83.39,,
05308,2013,82.43,,
05308,2014,81.2938,,
05308,2015,82.7442,,
05308,2016,78.79,,
05308,2017,81.9456,,
05308,2018,81.7194,,
05308,2019,82.5558,,
05308,2020,80.79,,
05310,2000,56.21,,
05310,2001,59.93,,
05310,2002,60.47,,
05310,2003,54.59,,
05310,2004,62.31,,
05310,2005,65.9509,,
05310,2006,68.81,,
05310,2007,70.37,,
05310,2008,66.03,,
05310,2009,44.72,,
05310,2010,49.34,,
05310,2011,63.38,,
05310,2012,66.67,,
05310,2013,61.58,,
05310,2014,68.0491,,
05310,2015,70.6343,,
05310,2016,64.61,,
05310,2017,63.169,,
05310,2018,63.2111,,
05310,2019,70.2317,,
05310,2020,69.47,,
05313,2000,52.47,,
05313,2001,52.43,,
05313,2002,46.53,,
05313,2003,53.28,,
05313,2004,46.56,,
05313,2005,53.3945,,
05313,2006,51.59,,
05313,2007,59.86,,
05313,2008,57.24,,
05313,2009,55.21,,
05313,2010,47.36,,
05313,2011,47.49,,
05313,2012,66.91,,
05313,2013,66.82,,
05313,2014,65.4056,,
05313,2015,65.6559,,
05313,2016,64.13,,
05313,2017,69.5993,,
05313,2018,70.4168,,
05313,2019,72.1562,,
05313,2020,70.67,,
05315,2000,49.63,,
05315,2001,53.5,,
05315,2002,63.27,,
05315,2003,62.51,,
05315,2004,65.41,,
05315,2005,63.1726,,
05315,2006,56.55,,
05315,2007,56.3,,
05315,2008,62.49,,
05315,2009,60.55,,
05315,2010,63.49,,
05315,2011,68.6,,
05315,2012,65.65,,
05315,2013,66.79,,
05315,2014,70.485,,
05315,2015,69.7305,,
05315,2016,62.34,,
05315,2017,68.1481,,
05315,2018,65.6621,,
05315,2019,71.2948,,
05315,2020,64.47,,
05318,2000,61.56,,
05318,2001,63.22,,
05318,2002,61.41,,
05318,2003,59.46,,
05318,2004,62.65,,
05318,2005,62.1315,,
05318,2006,64.12,,
05318,2007,71.27,,
05318,2008,71.81,,
05318,2009,73.38,,
05318,2010,83.8,,
05318,2011,79.91,,
05318,2012,80.04,,
05318,2013,82.39,,
05318,2014,82.3236,,
05318,2015,82.3813,,
05318,2016,83.42,,
05318,2017,85.4865,,
05318,2018,87.0415,,
05318,2019,86.9337,,
05318,2020,84.26,,
05321,2000,62.01,,
05321,2001,59.4,,
05321,2002,60.59,,
05321,2003,66.97,,
05321,2004,65.98,,
05321,2005,67.5314,,
05321,2006,66.65,,
05321,2007,74.23,,
05321,2008,73.21,,
05321,2009,69.75,,
05321,2010,75.55,,
05321,2011,76.38,,
05321,2012,76.55,,
05321,2013,68.27,,
05321,2014,77.0157,,
05321,2015,78.9033,,
05321,2016,74.8,,
05321,2017,74.9703,,
05321,2018,77.2248,,
05321,2019,79.5525,,
05321,2020,80.14,,
05347,2001,51.95,,
05347,2002,56.74,,
05347,2003,55.4,,
05347,2004,55.08,,
05347,2005,60.5097,,
05347,2006,54.75,,
05347,2007,61.99,,
05347,2008,58.54,,
05347,2009,60.23,,
05347,2010,65.8,,
05347,2011,66.77,,
05347,2012,61.31,,
05347,2013,62.11,,
05347,2014,65.6701,,
05347,2015,65.6994,,
05347,2016,59.34,,
05347,2017,58.7974,,
05347,2018,59.4858,,
05347,2019,59.2739,,
05347,2020,65.95,,
05353,2000,49.71,,
05353,2001,49.97,,
05353,2002,52.68,,
05353,2003,54.18,,
05353,2004,58.71,,
05353,2005,57.7505,,
05353,2006,59.13,,
05353,2007,70.28,,
05353,2008,55.78,,
05353,2009,57.41,,
05353,2010,67.09,,
05353,2011,70.21,,
05353,2012,61.73,,
05353,2013,62.81,,
05353,2014,68.1919,,
05353,2015,69.6486,,
05353,2016,65.61,,
05353,2017,69.6865,,
05353,2018,66.2808,,
05353,2019,67.5751,,
05353,2020,68.1,,
05360,2000,56.02,,
05360,2001,66.51,,
05360,2002,58.83,,
05360,2003,65.79,,
05360,2004,70.09,,
05360,2005,73.6382,,
05360,2006,76.06,,
05360,2007,80.25,,
05360,2008,79.67,,
05360,2009,76.98,,
05360,2010,88.67,,
05360,2011,84.92,,
05360,2012,85.38,,
05360,2013,83.95,,
05360,2014,83.1982,,
05360,2015,82.5625,,
05360,2016,81.2,,
05360,2017,81.2539,,
05360,2018,82.6978,,
05360,2019,83.1803,,
05360,2020,82.55,,
05361,2000,48.86,,
05361,2001,53.16,,
05361,2002,41.81,,
05361,2003,54.18,,
05361,2004,58.28,,
05361,2005,52.599,,
05361,2006,58.77,,
05361,2007,51.82,,
05361,2008,63.19,,
05361,2009,57.83,,
05361,2010,68.39,,
05361,2011,64.98,,
05361,2012,68.23,,
05361,2013,67.48,,
05361,2014,72.578,,
05361,2015,72.4427,,
05361,2016,69.95,,
05361,2017,73.0777,,
05361,2018,74.4761,,
05361,2019,52.325,,
05361,2020,67.16,,
05364,2000,52.32,,
05364,2001,57.34,,
05364,2002,56.9,,
05364,2003,54.53,,
05364,2004,51.82,,
05364,2005,60.7707,,
05364,2006,61.45,,
05364,2007,65.37,,
05364,2008,65.43,,
05364,2009,62.31,,
05364,2010,68.27,,
05364,2011,67.35,,
05364,2012,62.75,,
05364,2013,65.32,,
05364,2014,67.6464,,
05364,2015,69.1655,,
05364,2016,67.5,,
05364,2017,71.039,,
05364,2018,68.9239,,
05364,2019,71.3116,,
05364,2020,70.75,,
05368,2000,53.46,,
05368,2001,60.38,,
05368,2002,52.67,,
05368,2003,58.01,,
05368,2004,55.09,,
05368,2005,56.8305,,
05368,2006,57.81,,
05368,2007,51.74,,
05368,2008,57.19,,
05368,2009,51.23,,
05368,2010,60.54,,
05368,2011,66.04,,
05368,2012,70.02,,
05368,2013,67.58,,
05368,2014,74.4263,,
05368,2015,69.3258,,
05368,2016,66.81,,
05368,2017,70.6966,,
05368,2018,75.1121,,
05368,2019,76.1358,,
05368,2020,75.36,,
05376,2000,54.96,,
05376,2001,58.02,,
05376,2002,57.57,,
05376,2003,53.8,,
05376,2004,61.13,,
05376,2005,60.3104,,
05376,2006,65.14,,
05376,2007,70.12,,
05376,2008,75.26,,
05376,2009,71.13,,
05376,2010,81.4,,
05376,2011,75.98,,
05376,2012,80.18,,
05376,2013,80.4,,
05376,2014,78.4792,,
05376,2015,80.5231,,
05376,2016,78.83,,
05376,2017,81.2751,,
05376,2018,82.0813,,
05376,2019,82.1216,,
05376,2020,81.22,,
05380,2000,56.84,,
05380,2001,61.27,,
05380,2002,62.65,,
05380,2003,68.67,,
05380,2004,67.63,,
05380,2005,70.017,,
05380,2006,72.09,,
05380,2007,76.02,,
05380,2008,75.53,,
05380,2009,69.79,,
05380,2010,82.1,,
05380,2011,82.49,,
05380,2012,81.33,,
05380,2013,83.85,,
05380,2014,83.7718,,
05380,2015,83.1531,,
05380,2016,83.61,,
05380,2017,80.9286,,
05380,2018,83.1552,,
05380,2019,82.8558,,
05380,2020,80.83,,
05390,2000,52.91,,
05390,2001,56.14,,
05390,2002,52.66,,
05390,2003,59.31,,
05390,2004,60.44,,
05390,2005,61.8948,,
05390,2006,62.26,,
05390,2007,65.27,,
05390,2008,67.87,,
05390,2009,54.82,,
05390,2010,66.32,,
05390,2011,67.96,,
05390,2012,72.67,,
05390,2013,67.12,,
05390,2014,73.6434,,
05390,2015,70.9995,,
05390,2016,74.77,,
05390,2017,67.0064,,
05390,2018,72.7164,,
05390,2019,71.7919,,
05390,2020,66.99,,
05400,2000,59.65,,
05400,2001,53.26,,
05400,2002,55.52,,
05400,2003,57.04,,
05400,2004,60.87,,
05400,2005,60.2869,,
05400,2006,64.83,,
05400,2007,64.92,,
05400,2008,64.57,,
05400,2009,60.67,,
05400,2010,71.64,,
05400,2011,74.07,,
05400,2012,71.55,,
05400,2013,69.82,,
05400,2014,71.4553,,
05400,2015,77.3422,,
05400,2016,71.51,,
05400,2017,74.9617,,
05400,2018,75.4257,,
05400,2019,81.8171,,
05400,2020,74.8,,
05411,2000,43.97,,
05411,2001,47.1,,
05411,2002,50.36,,
05411,2003,36.63,,
05411,2004,49.82,,
05411,2005,46.7318,,
05411,2006,53.11,,
05411,2007,40.33,,
05411,2008,55.3,,
05411,2009,59.44,,
05411,2010,64.83,,
05411,2011,71.99,,
05411,2012,63.76,,
05411,2013,64.35,,
05411,2014,67.474,,
05411,2015,65.9301,,
05411,2016,64.21,,
05411,2017,63.895,,
05411,2018,66.1471,,
05411,2019,70.4826,,
05411,2020,67.29,,
05425,2000,52.08,,
05425,2001,63.52,,
05425,2002,54.87,,
05425,2003,62.55,,
05425,2004,64.86,,
05425,2005,61.8781,,
05425,2006,69.14,,
05425,2007,64.74,,
05425,2008,51.86,,
05425,2009,60.58,,
05425,2010,71.43,,
05425,2011,53.55,,
05425,2012,71.59,,
05425,2013,58.78,,
05425,2014,71.3584,,
05425,2015,76.2095,,
05425,2016,75.37,,
05425,2017,75.306,,
05425,2018,68.9778,,
05425,2019,72.8614,,
05425,2020,66.67,,
05440,2000,61.79,,
05440,2001,53.46,,
05440,2002,57.03,,
05440,2003,52.79,,
05440,2004,63.64,,
05440,2005,60.6297,,
05440,2006,63.37,,
05440,2007,68.37,,
05440,2008,67.02,,
05440,2009,64.39,,
05440,2010,77.17,,
05440,2011,76.41,,
05440,2012,73.5,,
05440,2013,75.03,,
05440,2014,76.1831,,
05440,2015,79.1494,,
05440,2016,77.97,,
05440,2017,78.2057,,
05440,2018,79.3422,,
05440,2019,78.1407,,
05440,2020,77.57,,
05467,2000,54.19,,
05467,2001,56.25,,
05467,2002,58.84,,
05467,2003,57.56,,
05467,2004,64.71,,
05467,2005,62.3504,,
05467,2006,52.27,,
05467,2007,60.7,,
05467,2008,57.2,,
05467,2009,57.87,,
05467,2010,73.72,,
05467,2011,69.05,,
05467,2012,67.23,,
05467,2013,66.71,,
05467,2014,66.3831,,
05467,2015,69.5205,,
05467,2016,62.18,,
05467,2017,63.2479,,
05467,2018,64.7736,,
05467,2019,54.8098,,
05467,2020,53.04,,
05475,2001,41.66,,
05475,2002,45.02,,
05475,2003,49.28,,
05475,2004,57.6,,
05475,2005,50.8368,,
05475,2006,59,,
05475,2007,61.82,,
05475,2008,40.14,,
05475,2009,49.94,,
05475,2010,60.66,,
05475,2011,39.34,,
05475,2012,55.51,,
05475,2013,41.49,,
05475,2014,65.7952,,
05475,2015,68.072,,
05475,2016,61.28,,
05475,2017,62.3331,,
05475,2018,60.528,,
05475,2019,59.5191,,
05475,2020,65.01,,
05480,2000,40.72,,
05480,2001,50.68,,
05480,2002,42.79,,
05480,2003,50.62,,
05480,2004,44.99,,
05480,2005,62.1285,,
05480,2006,63.08,,
05480,2007,65.17,,
05480,2008,57.93,,
05480,2009,58.61,,
05480,2010,68.07,,
05480,2011,63.21,,
05480,2012,60.16,,
05480,2013,62.92,,
05480,2014,61.9049,,
05480,2015,63.3963,,
05480,2016,47.23,,
05480,2017,62.445,,
05480,2018,69.8394,,
05480,2019,75.8354,,
05480,2020,68.31,,
05483,2000,52.73,,
05483,2001,53.73,,
05483,2002,47.33,,
05483,2003,53.22,,
05483,2004,61.26,,
05483,2005,57.411,,
05483,2006,54.93,,
05483,2007,61.02,,
05483,2008,65.66,,
05483,2009,57.02,,
05483,2010,68.18,,
05483,2011,59.4,,
05483,2012,65.65,,
05483,2013,60.3,,
05483,2014,61.0967,,
05483,2015,61.4408,,
05483,2016,60.23,,
05483,2017,58.5361,,
05483,2018,53.4355,,
05483,2019,49.3275,,
05483,2020,62.67,,
05490,2000,53.12,,
05490,2001,47.26,,
05490,2002,45.63,,
05490,2003,38.86,,
05490,2004,58.04,,
05490,2005,45.7299,,
05490,2006,56.15,,
05490,2007,59.25,,
05490,2008,53.64,,
05490,2009,51.77,,
05490,2010,53.5,,
05490,2011,58.22,,
05490,2012,55.67,,
05490,2013,64.08,,
05490,2014,68.4227,,
05490,2015,74.4977,,
05490,2016,71.76,,
05490,2017,72.3165,,
05490,2018,72.3905,,
05490,2019,74.562,,
05490,2020,72.97,,
05495,2001,58.9,,
05495,2003,46.83,,
05495,2004,66.31,,
05495,2005,69.356,,
05495,2006,63.75,,
05495,2007,52.67,,
05495,2008,62.95,,
05495,2009,47.97,,
05495,2010,67.51,,
05495,2011,65.22,,
05495,2012,59.84,,
05495,2013,65.67,,
05495,2014,67.3516,,
05495,2015,50.5051,,
05495,2016,68.55,,
05495,2017,60.0241,,
05495,2018,71.3532,,
05495,2019,55.5305,,
05495,2020,66.28,,
05501,2000,50.38,,
05501,2001,51.16,,
05501,2002,52.13,,
05501,2003,53.04,,
05501,2004,53.69,,
05501,2005,57.0334,,
05501,2006,58.98,,
05501,2007,56.62,,
05501,2008,53.19,,
05501,2009,57.88,,
05501,2010,68.85,,
05501,2011,65.74,,
05501,2012,58.04,,
05501,2013,60.4,,
05501,2014,62.0657,,
05501,2015,69.0222,,
05501,2016,58.95,,
05501,2017,62.9875,,
05501,2018,60.5839,,
05501,2019,69.7208,,
05501,2020,65.82,,
05541,2000,55.2,,
05541,2001,53.31,,
05541,2002,59.96,,
05541,2003,62.2,,
05541,2004,57.02,,
05541,2005,62.7872,,
05541,2006,64.06,,
05541,2007,66.4,,
05541,2008,68.6,,
05541,2009,66.65,,
05541,2010,78.58,,
05541,2011,74.41,,
05541,2012,72.93,,
05541,2013,72.59,,
05541,2014,69.4534,,
05541,2015,70.7273,,
05541,2016,69.93,,
05541,2017,71.7398,,
05541,2018,72.4714,,
05541,2019,75.7179,,
05541,2020,72.26,,
05543,2000,48.4,,
05543,2001,59.18,,
05543,2002,48.31,,
05543,2003,37.55,,
05543,2004,50.32,,
05543,2005,54.8685,,
05543,2006,47.91,,
05543,2007,48.51,,
05543,2008,56.82,,
05543,2009,54.29,,
05543,2010,60.43,,
05543,2011,60.77,,
05543,2012,62.48,,
05543,2013,61.74,,
05543,2014,62.0492,,
05543,2015,65.8332,,
05543,2016,61.53,,
05543,2017,63.251,,
05543,2018,63.3138,,
05543,2019,67.486,,
05543,2020,66.01,,
05576,2000,49.17,,
05576,2001,49.22,,
05576,2002,55.84,,
05576,2003,48.56,,
05576,2004,51.85,,
05576,2005,55.012,,
05576,2006,55.09,,
05576,2007,53.13,,
05576,2008,57.27,,
05576,2009,48.02,,
05576,2010,57.3,,
05576,2011,52.87,,
05576,2012,65.95,,
05576,2013,64.7,,
05576,2014,65.4377,,
05576,2015,67.4876,,
05576,2016,63.71,,
05576,2017,64.4766,,
05576,2018,66.7709,,
05576,2019,67.0695,,
05576,2020,67.21,,
05579,2000,50.15,,
05579,2002,27.08,,
05579,2003,48.52,,
05579,2004,42.33,,
05579,2005,58.4211,,
05579,2006,61.18,,
05579,2007,53.44,,
05579,2008,69.89,,
05579,2009,65.78,,
05579,2010,78.62,,
05579,2011,57.02,,
05579,2012,75.69,,
05579,2013,82.09,,
05579,2014,76.2757,,
05579,2015,59.0115,,
05579,2016,61.75,,
05579,2017,73.3079,,
05579,2018,78.6606,,
05579,2019,76.2042,,
05579,2020,77.37,,
05585,2000,54,,
05585,2001,57.79,,
05585,2002,56.12,,
05585,2003,68.27,,
05585,2004,63.96,,
05585,2005,65.035,,
05585,2006,65.01,,
05585,2007,56.67,,
05585,2008,64.79,,
05585,2009,61.03,,
05585,2010,56.78,,
05585,2011,59.8,,
05585,2012,72.82,,
05585,2013,71.12,,
05585,2014,74.4113,,
05585,2015,78.0512,,
05585,2016,73.3,,
05585,2017,70.9377,,
05585,2018,70.3896,,
05585,2019,73.4561,,
05585,2020,72.33,,
05591,2000,53.99,,
05591,2001,55.78,,
05591,2002,60.26,,
05591,2003,50.5,,
05591,2004,66.27,,
05591,2005,69.2361,,
05591,2006,70.41,,
05591,2007,74.97,,
05591,2008,72.44,,
05591,2009,69.04,,
05591,2010,77.19,,
05591,2011,76.75,,
05591,2012,72.03,,
05591,2013,72.06,,
05591,2014,71.7704,,
05591,2015,76.6833,,
05591,2016,76.66,,
05591,2017,75.4913,,
05591,2018,72.227,,
05591,2019,73.6039,,
05591,2020,79.08,,
05604,2000,61.88,,
05604,2001,53.36,,
05604,2002,51.19,,
05604,2003,33.88,,
05604,2004,33.35,,
05604,2005,44.6223,,
05604,2006,69.41,,
05604,2007,52.26,,
05604,2008,70.74,,
05604,2009,59.02,,
05604,2010,64.32,,
05604,2011,70.84,,
05604,2012,67.13,,
05604,2013,69.6,,
05604,2014,72.8436,,
05604,2015,75.9451,,
05604,2016,73.18,,
05604,2017,71.6322,,
05604,2018,71.3268,,
05604,2019,72.0351,,
05604,2020,70.2,,
05607,2000,58.02,,
05607,2001,60.24,,
05607,2002,62.11,,
05607,2003,67.13,,
05607,2004,64.1,,
05607,2005,71.293,,
05607,2006,72.9,,
05607,2007,80.84,,
05607,2008,80.71,,
05607,2009,75.49,,
05607,2010,85.89,,
05607,2011,83.37,,
05607,2012,82.78,,
05607,2013,84.72,,
05607,2014,85.4897,,
05607,2015,87.7865,,
05607,2016,85.21,,
05607,2017,86.4807,,
05607,2018,87.2865,,
05607,2019,87.3925,,
05607,2020,83.38,,
05615,2000,63.6,,
05615,2001,68.22,,
05615,2002,65.49,,
05615,2003,71.63,,
05615,2004,76.38,,
05615,2005,82.5906,,
05615,2006,86.98,,
05615,2007,89.74,,
05615,2008,89.08,,
05615,2009,88.46,,
05615,2010,92.66,,
05615,2011,86.41,,
05615,2012,88.83,,
05615,2013,90.73,,
05615,2014,90.8182,,
05615,2015,92.2443,,
05615,2016,91.25,,
05615,2017,89.7532,,
05615,2018,79.5256,,
05615,2019,85.9855,,
05615,2020,83.9,,
05628,2000,55.73,,
05628,2001,54.48,,
05628,2003,48.15,,
05628,2004,49.59,,
05628,2005,53.8807,,
05628,2006,55.27,,
05628,2007,49.73,,
05628,2008,55.23,,
05628,2009,50.98,,
05628,2010,60.43,,
05628,2011,63.73,,
05628,2012,59.78,,
05628,2013,58.51,,
05628,2014,62.1272,,
05628,2015,65.9881,,
05628,2016,61.11,,
05628,2017,59.0792,,
05628,2018,65.7639,,
05628,2019,66.1389,,
05628,2020,57.03,,
05631,2000,52.92,,
05631,2001,55.62,,
05631,2002,67.89,,
05631,2003,73.94,,
05631,2004,75.64,,
05631,2005,80.0944,,
05631,2006,82.73,,
05631,2007,87.25,,
05631,2008,88.87,,
05631,2009,75.29,,
05631,2010,87.05,,
05631,2011,77.37,,
05631,2012,80.65,,
05631,2013,80.58,,
05631,2014,79.0013,,
05631,2015,78.7404,,
05631,2016,78.2,,
05631,2017,81.195,,
05631,2018,82.0025,,
05631,2019,82.023,,
05631,2020,78.82,,
05642,2000,52.73,,
05642,2001,54.23,,
05642,2002,58.21,,
05642,2003,55.36,,
05642,2004,57.33,,
05642,2005,56.0397,,
05642,2006,56.61,,
05642,2007,54.86,,
05642,2008,65.15,,
05642,2009,59.58,,
05642,2010,67.88,,
05642,2011,70.25,,
05642,2012,65.87,,
05642,2013,64,,
05642,2014,63.2365,,
05642,2015,65.9695,,
05642,2016,62.48,,
05642,2017,65.2915,,
05642,2018,67.4741,,
05642,2019,67.9246,,
05642,2020,68.47,,
05647,2000,50.67,,
05647,2001,47.01,,
05647,2002,50.4,,
05647,2003,44.4,,
05647,2004,39.96,,
05647,2005,56.3735,,
05647,2006,57.89,,
05647,2007,55.38,,
05647,2008,49.53,,
05647,2009,50.37,,
05647,2010,56.19,,
05647,2011,61.84,,
05647,2012,63.49,,
05647,2013,43.18,,
05647,2014,64.2983,,
05647,2015,57.755,,
05647,2016,60.18,,
05647,2017,64.3822,,
05647,2018,63.0707,,
05647,2019,72.1309,,
05647,2020,66.74,,
05649,2000,60.68,,
05649,2001,60.57,,
05649,2002,57.2,,
05649,2003,57.41,,
05649,2004,50.84,,
05649,2005,66.3465,,
05649,2006,56.81,,
05649,2007,48.45,,
05649,2008,56.82,,
05649,2009,61.5,,
05649,2010,71.45,,
05649,2011,69.73,,
05649,2012,66.36,,
05649,2013,69.16,,
05649,2014,71.1827,,
05649,2015,70.9157,,
05649,2016,67.44,,
05649,2017,70.6446,,
05649,2018,70.5586,,
05649,2019,72.5659,,
05649,2020,73.04,,
05652,2000,55.79,,
05652,2001,51.1,,
05652,2002,58.94,,
05652,2003,56.41,,
05652,2004,50.86,,
05652,2005,55.859,,
05652,2006,57,,
05652,2007,63.04,,
05652,2008,60.3,,
05652,2009,57.64,,
05652,2010,61.47,,
05652,2011,63.15,,
05652,2012,64.3,,
05652,2013,62.05,,
05652,2014,68.95,,
05652,2015,72.2693,,
05652,2016,63.39,,
05652,2017,65.0099,,
05652,2018,66.727,,
05652,2019,69.7646,,
05652,2020,63.3,,
05656,2000,55.09,,
05656,2001,59,,
05656,2002,63.42,,
05656,2003,62.61,,
05656,2004,59.86,,
05656,2005,59.1501,,
05656,2006,63.44,,
05656,2007,66.51,,
05656,2008,69.54,,
05656,2009,65.07,,
05656,2010,74.26,,
05656,2011,75.26,,
05656,2012,73.98,,
05656,2013,73.46,,
05656,2014,75.9925,,
05656,2015,76.8019,,
05656,2016,77.27,,
05656,2017,78.8356,,
05656,2018,78.2539,,
05656,2019,77.6152,,
05656,2020,75.8,,
05658,2000,51.61,,
05658,2001,49.95,,
05658,2002,42.91,,
05658,2003,38.8,,
05658,2004,58.88,,
05658,2005,57.9637,,
05658,2006,53.67,,
05658,2007,62.55,,
05658,2008,62.99,,
05658,2009,61.66,,
05658,2010,72.32,,
05658,2011,66.6,,
05658,2012,60.43,,
05658,2013,66.09,,
05658,2014,64.7497,,
05658,2015,69.6229,,
05658,2016,60.13,,
05658,2017,63.9328,,
05658,2018,47.7885,,
05658,2019,58.8281,,
05658,2020,62.91,,
05659,2001,49.47,,
05659,2002,43.84,,
05659,2003,50.56,,
05659,2004,48.83,,
05659,2005,47.6909,,
05659,2006,46.77,,
05659,2007,50.96,,
05659,2008,36.2,,
05659,2009,51.12,,
05659,2010,58.54,,
05659,2011,63.86,,
05659,2012,61.63,,
05659,2013,64.83,,
05659,2014,64.9941,,
05659,2015,69.0219,,
05659,2016,65.54,,
05659,2017,68.4818,,
05659,2018,68.1104,,
05659,2019,72.3779,,
05659,2020,69.47,,
05660,2000,54.31,,
05660,2001,52.02,,
05660,2002,54.91,,
05660,2003,65.64,,
05660,2004,58.52,,
05660,2005,58.7047,,
05660,2006,59.94,,
05660,2007,61.63,,
05660,2008,66.48,,
05660,2009,59.02,,
05660,2010,65.42,,
05660,2011,66.58,,
05660,2012,65.69,,
05660,2013,66.41,,
05660,2014,69.0759,,
05660,2015,73.3388,,
05660,2016,66.67,,
05660,2017,64.6933,,
05660,2018,70.6223,,
05660,2019,74.806,,
05660,2020,72.07,,
05664,2000,52.79,,
05664,2001,54.51,,
05664,2002,59.54,,
05664,2003,55.47,,
05664,2004,57.54,,
05664,2005,62.6681,,
05664,2006,62.12,,
05664,2007,67.29,,
05664,2008,60.1,,
05664,2009,60.8,,
05664,2010,74.45,,
05664,2011,76.94,,
05664,2012,75.83,,
05664,2013,76.16,,
05664,2014,77.3449,,
05664,2015,74.8372,,
05664,2016,75.64,,
05664,2017,75.3618,,
05664,2018,76.771,,
05664,2019,76.4771,,
05664,2020,76.72,,
05665,2000,51.49,,
05665,2001,51.75,,
05665,2002,47.05,,
05665,2003,50.14,,
05665,2004,51.66,,
05665,2005,57.5786,,
05665,2006,51.66,,
05665,2007,49,,
05665,2008,48.12,,
05665,2009,50.91,,
05665,2010,55.21,,
05665,2011,56.56,,
05665,2012,58.24,,
05665,2013,59.9,,
05665,2014,67.8208,,
05665,2015,63.1044,,
05665,2016,66.87,,
05665,2017,68.2869,,
05665,2018,67.6366,,
05665,2019,69.4135,,
05665,2020,64.64,,
05667,2000,53.69,,
05667,2001,55.43,,
05667,2002,60.61,,
05667,2003,59.36,,
05667,2004,63.92,,
05667,2005,64.8226,,
05667,2006,61.35,,
05667,2007,60.92,,
05667,2008,62.74,,
05667,2009,61.58,,
05667,2010,67.7,,
05667,2011,68.59,,
05667,2012,67.52,,
05667,2013,69.57,,
05667,2014,74.7389,,
05667,2015,77.7319,,
05667,2016,62.53,,
05667,2017,65.0443,,
05667,2018,67.8883,,
05667,2019,72.7072,,
05667,2020,72.74,,
05670,2000,52.74,,
05670,2001,50.28,,
05670,2002,59.75,,
05670,2003,39.63,,
05670,2004,50.65,,
05670,2005,54.57,,
05670,2006,53.16,,
05670,2007,69.29,,
05670,2008,59.22,,
05670,2009,59.31,,
05670,2010,71.69,,
05670,2011,49.59,,
05670,2012,70.53,,
05670,2013,66.64,,
05670,2014,70.6254,,
05670,2015,72.212,,
05670,2016,63.34,,
05670,2017,68.2443,,
05670,2018,69.8785,,
05670,2019,73.055,,
05670,2020,68.49,,
05674,2000,47.43,,
05674,2001,51.11,,
05674,2002,59.06,,
05674,2003,52.9,,
05674,2004,56.13,,
05674,2005,61.1339,,
05674,2006,62.15,,
05674,2007,65.72,,
05674,2008,61.71,,
05674,2009,58.22,,
05674,2010,66.25,,
05674,2011,67.99,,
05674,2012,65.09,,
05674,2013,70.42,,
05674,2014,69.4699,,
05674,2015,73.5897,,
05674,2016,66.91,,
05674,2017,69.0124,,
05674,2018,71.3562,,
05674,2019,70.7269,,
05674,2020,71.79,,
05679,2000,72.64,,
05679,2001,52.81,,
05679,2002,59.95,,
05679,2003,52.96,,
05679,2004,62.77,,
05679,2005,51.0097,,
05679,2006,56.71,,
05679,2007,55.24,,
05679,2008,52.77,,
05679,2009,54.45,,
05679,2010,65.04,,
05679,2011,67.6,,
05679,2012,62.81,,
05679,2013,68.71,,
05679,2014,68.7233,,
05679,2015,68.7058,,
05679,2016,69.58,,
05679,2017,70.4673,,
05679,2018,70.8921,,
05679,2019,70.056,,
05679,2020,57.86,,
05686,2000,56.69,,
05686,2001,57.58,,
05686,2002,60.78,,
05686,2003,62.64,,
05686,2004,61.65,,
05686,2005,60.9795,,
05686,2006,64.41,,
05686,2007,67.39,,
05686,2008,65.73,,
05686,2009,65.86,,
05686,2010,77.52,,
05686,2011,75.63,,
05686,2012,74.08,,
05686,2013,76.99,,
05686,2014,76.9763,,
05686,2015,73.7904,,
05686,2016,73.71,,
05686,2017,73.4978,,
05686,2018,76.2297,,
05686,2019,76.9491,,
05686,2020,72.43,,
05690,2000,52.67,,
05690,2001,56.76,,
05690,2002,61.16,,
05690,2003,56.1,,
05690,2004,64.98,,
05690,2005,52.3727,,
05690,2006,57.93,,
05690,2007,58.62,,
05690,2008,63.74,,
05690,2009,66.93,,
05690,2010,75.53,,
05690,2011,73.69,,
05690,2012,67.26,,
05690,2013,64.52,,
05690,2014,70.3082,,
05690,2015,70.403,,
05690,2016,65.8,,
05690,2017,77.286,,
05690,2018,79.9552,,
05690,2019,89.4199,,
05690,2020,76.88,,
05697,2000,51.75,,
05697,2001,53.12,,
05697,2002,48.17,,
05697,2003,54.1,,
05697,2004,59.1,,
05697,2005,63.8099,,
05697,2006,66.62,,
05697,2007,70.99,,
05697,2008,70.58,,
05697,2009,68.37,,
05697,2010,59.45,,
05697,2011,75.4,,
05697,2012,72.68,,
05697,2013,74.93,,
05697,2014,74.3529,,
05697,2015,76.7944,,
05697,2016,74.15,,
05697,2017,75.3465,,
05697,2018,77.1264,,
05697,2019,77.6904,,
05697,2020,76.78,,
05736,2000,48.9,,
05736,2001,46.91,,
05736,2002,48.07,,
05736,2003,46.89,,
05736,2004,27.23,,
05736,2005,42.697,,
05736,2006,46.56,,
05736,2007,40.35,,
05736,2008,39.03,,
05736,2009,56.01,,
05736,2010,54.06,,
05736,2011,62.39,,
05736,2012,63.91,,
05736,2013,49.37,,
05736,2014,71.1471,,
05736,2015,68.5156,,
05736,2016,66.88,,
05736,2017,64.0235,,
05736,2018,63.4105,,
05736,2019,70.4538,,
05736,2020,67.75,,
05756,2000,52.11,,
05756,2001,54.39,,
05756,2002,55.22,,
05756,2003,45.87,,
05756,2004,58.65,,
05756,2005,60.825,,
05756,2006,64.51,,
05756,2007,67.61,,
05756,2008,72.01,,
05756,2009,63.22,,
05756,2010,82.97,,
05756,2011,77.81,,
05756,2012,75.17,,
05756,2013,76.6,,
05756,2014,77.0423,,
05756,2015,77.9386,,
05756,2016,77.29,,
05756,2017,75.9013,,
05756,2018,79.4222,,
05756,2019,79.4892,,
05756,2020,77.33,,
05761,2000,55.42,,
05761,2001,49.42,,
05761,2002,54.98,,
05761,2003,51.82,,
05761,2004,59.7,,
05761,2005,57.7585,,
05761,2006,63.02,,
05761,2007,58.54,,
05761,2008,63.39,,
05761,2009,60.32,,
05761,2010,71.72,,
05761,2011,68.87,,
05761,2012,72.27,,
05761,2013,68.25,,
05761,2014,72.4429,,
05761,2015,71.8283,,
05761,2016,70.81,,
05761,2017,71.5258,,
05761,2018,78.2631,,
05761,2019,78.0002,,
05761,2020,73.49,,
05789,2000,51.02,,
05789,2001,49.13,,
05789,2002,54.63,,
05789,2003,52.46,,
05789,2004,51.13,,
05789,2005,57.156,,
05789,2006,56.12,,
05789,2007,38.89,,
05789,2008,54.86,,
05789,2009,47.55,,
05789,2010,69.85,,
05789,2011,60.16,,
05789,2012,70.91,,
05789,2013,70.35,,
05789,2014,71.0637,,
05789,2015,72.9415,,
05789,2016,52.23,,
05789,2017,72.7827,,
05789,2018,75.2895,,
05789,2019,74.5753,,
05789,2020,70.26,,
05790,2000,52.41,,
05790,2001,59.44,,
05790,2002,59.93,,
05790,2003,64.19,,
05790,2004,69.56,,
05790,2005,63.0008,,
05790,2006,55.83,,
05790,2007,61.94,,
05790,2008,63.33,,
05790,2009,59.82,,
05790,2010,66.42,,
05790,2011,52.49,,
05790,2012,67.43,,
05790,2013,59.55,,
05790,2014,53.8373,,
05790,2015,75.3599,,
05790,2016,53.06,,
05790,2017,64.87,,
05790,2018,48.8519,,
05790,2020,67.48,,
05792,2000,50.18,,
05792,2001,54.55,,
05792,2002,58.39,,
05792,2003,55.38,,
05792,2004,54.02,,
05792,2005,56.7432,,
05792,2006,54.6,,
05792,2007,61.99,,
05792,2008,55.62,,
05792,2009,56.63,,
05792,2010,65.49,,
05792,2011,74.14,,
05792,2012,61.4,,
05792,2013,61.97,,
05792,2014,67.6096,,
05792,2015,67.8092,,
05792,2016,65.08,,
05792,2017,60.6612,,
05792,2018,70.5959,,
05792,2019,73.7098,,
05792,2020,67.22,,
05809,2000,53.8,,
05809,2001,54.19,,
05809,2002,52.7,,
05809,2003,56.8,,
05809,2004,51.58,,
05809,2005,56.9288,,
05809,2006,52.15,,
05809,2007,53.15,,
05809,2008,54.36,,
05809,2009,55.24,,
05809,2010,66.58,,
05809,2011,65.68,,
05809,2012,66.43,,
05809,2013,65.25,,
05809,2014,65.7375,,
05809,2015,65.6323,,
05809,2016,68.73,,
05809,2017,69.9642,,
05809,2018,67.1942,,
05809,2019,72.0568,,
05809,2020,72.36,,
05819,2000,46.07,,
05819,2001,48.58,,
05819,2002,55.93,,
05819,2003,48.57,,
05819,2004,52,,
05819,2005,55.6137,,
05819,2006,50.48,,
05819,2007,39.68,,
05819,2008,41.22,,
05819,2009,47.63,,
05819,2010,33.27,,
05819,2011,41.72,,
05819,2012,52.4,,
05819,2013,68.96,,
05819,2014,46.4266,,
05819,2015,43.4688,,
05819,2016,59.13,,
05819,2017,67.3953,,
05819,2018,67.4268,,
05819,2019,67.9132,,
05819,2020,53.73,,
05837,2000,55.88,,
05837,2001,62.59,,
05837,2002,51.86,,
05837,2003,58.23,,
05837,2004,53.79,,
05837,2005,59.2442,,
05837,2006,55.28,,
05837,2007,53.84,,
05837,2008,52.32,,
05837,2009,41.89,,
05837,2010,78.96,,
05837,2011,67.21,,
05837,2012,73.51,,
05837,2013,72.7,,
05837,2014,74.0253,,
05837,2015,74.345,,
05837,2016,71.9,,
05837,2017,70.5348,,
05837,2018,70.7975,,
05837,2019,53.8357,,
05837,2020,49.22,,
05842,2000,47.13,,
05842,2001,48.6,,
05842,2002,51.5,,
05842,2003,48.61,,
05842,2004,53.86,,
05842,2005,52.5719,,
05842,2006,51.98,,
05842,2007,43.35,,
05842,2008,50.05,,
05842,2009,42.33,,
05842,2010,64.53,,
05842,2011,65.4,,
05842,2012,62.86,,
05842,2013,66.38,,
05842,2014,69.351,,
05842,2015,70.3259,,
05842,2016,66.28,,
05842,2017,65.7734,,
05842,2018,67.2376,,
05842,2019,73.3516,,
05842,2020,72.99,,
05847,2000,50.15,,
05847,2001,53.48,,
05847,2002,50.66,,
05847,2003,54.83,,
05847,2004,57.33,,
05847,2005,58.7083,,
05847,2006,59.12,,
05847,2007,61.57,,
05847,2008,57.07,,
05847,2009,58.54,,
05847,2010,71.03,,
05847,2011,66.49,,
05847,2012,64.09,,
05847,2013,65.09,,
05847,2014,66.5466,,
05847,2015,70.3322,,
05847,2016,66.34,,
05847,2017,67.0667,,
05847,2018,68.2368,,
05847,2019,72.3815,,
05847,2020,70.15,,
05854,2000,51.4,,
05854,2001,57.55,,
05854,2002,49.69,,
05854,2003,62.71,,
05854,2004,59.99,,
05854,2005,67.1532,,
05854,2006,65.39,,
05854,2007,69.21,,
05854,2008,62.62,,
05854,2009,57.15,,
05854,2010,62.25,,
05854,2011,60.7,,
05854,2012,57.8,,
05854,2013,60.16,,
05854,2014,64.3654,,
05854,2015,70.5903,,
05854,2016,72.68,,
05854,2017,71.4106,,
05854,2018,71.4449,,
05854,2019,69.5303,,
05854,2020,66.97,,
05856,2000,54.43,,
05856,2001,53.1,,
05856,2002,51.85,,
05856,2003,51.83,,
05856,2004,48.29,,
05856,2005,46.8177,,
05856,2006,43.28,,
05856,2007,50.87,,
05856,2008,57.93,,
05856,2009,62.31,,
05856,2010,71.44,,
05856,2011,63.56,,
05856,2012,67.42,,
05856,2013,67.34,,
05856,2014,72.4558,,
05856,2015,71.3594,,
05856,2016,66.9,,
05856,2017,66.238,,
05856,2018,68.5377,,
05856,2019,70.6352,,
05856,2020,72.69,,
05858,2000,51.4,,
05858,2001,60.27,,
05858,2002,46.43,,
05858,2003,66.82,,
05858,2004,48.42,,
05858,2005,45.2793,,
05858,2006,53.41,,
05858,2007,60.46,,
05858,2008,54.49,,
05858,2009,55.33,,
05858,2010,67.04,,
05858,2011,68.46,,
05858,2012,60.99,,
05858,2013,63.47,,
05858,2014,64.6298,,
05858,2015,70.7229,,
05858,2016,63.7,,
05858,2017,67.3523,,
05858,2018,70.9796,,
05858,2019,74.6931,,
05858,2020,70.08,,
05861,2000,53.03,,
05861,2001,49.84,,
05861,2002,51.97,,
05861,2003,55.55,,
05861,2004,57.32,,
05861,2005,58.9638,,
05861,2006,59.06,,
05861,2007,65.59,,
05861,2008,64.39,,
05861,2009,61.16,,
05861,2010,70.41,,
05861,2011,70.79,,
05861,2012,68.35,,
05861,2013,68.65,,
05861,2014,70.3108,,
05861,2015,74.0411,,
05861,2016,70.83,,
05861,2017,73.5215,,
05861,2018,75.2088,,
05861,2019,78.3472,,
05861,2020,76.65,,
05873,2000,49.92,,
05873,2001,50.68,,
05873,2002,40.79,,
05873,2003,56.6,,
05873,2005,52.5706,,
05873,2006,58.29,,
05873,2007,61.11,,
05873,2008,57.46,,
05873,2009,58.82,,
05873,2010,62.96,,
05873,2011,61.21,,
05873,2012,58.97,,
05873,2013,55.39,,
05873,2014,59.8115,,
05873,2015,70.3011,,
05873,2016,59.53,,
05873,2017,63.8516,,
05873,2018,62.853,,
05873,2019,66.6296,,
05873,2020,68.9,,
05885,2000,51.1,,
05885,2001,51.11,,
05885,2002,57.72,,
05885,2003,53.93,,
05885,2004,51.22,,
05885,2005,53.0843,,
05885,2006,49.05,,
05885,2007,45.86,,
05885,2008,54.2,,
05885,2009,55.04,,
05885,2010,64.94,,
05885,2011,50.72,,
05885,2012,57.06,,
05885,2013,61.42,,
05885,2014,61.6727,,
05885,2015,59.5077,,
05885,2016,53.81,,
05885,2017,62.6586,,
05885,2018,59.4333,,
05885,2019,68.4067,,
05885,2020,66.33,,
05887,2000,59.37,,
05887,2001,51.48,,
05887,2002,53.16,,
05887,2003,52.12,,
05887,2004,61.02,,
05887,2005,59.1806,,
05887,2006,59.52,,
05887,2007,61.78,,
05887,2008,66.84,,
05887,2009,59.53,,
05887,2010,72.86,,
05887,2011,69.08,,
05887,2012,69.18,,
05887,2013,71.21,,
05887,2014,72.3846,,
05887,2015,76.346,,
05887,2016,70.78,,
05887,2017,73.6759,,
05887,2018,73.4436,,
05887,2019,73.1273,,
05887,2020,72.79,,
05890,2000,50.94,,
05890,2001,52.05,,
05890,2002,60.15,,
05890,2003,36.42,,
05890,2004,46.53,,
05890,2005,57.3508,,
05890,2006,61.16,,
05890,2007,45.11,,
05890,2008,53.22,,
05890,2009,58.17,,
05890,2010,71.8,,
05890,2011,69.08,,
05890,2012,66.86,,
05890,2013,66.51,,
05890,2014,68.8271,,
05890,2015,71.2553,,
05890,2016,68.95,,
05890,2017,73.3691,,
05890,2018,74.4608,,
05890,2019,74.1123,,
05890,2020,71.68,,
05893,2000,52.55,,
05893,2001,58.47,,
05893,2002,46.34,,
05893,2003,61.68,,
05893,2004,59.09,,
05893,2005,63.6359,,
05893,2006,63.51,,
05893,2007,80.55,,
05893,2008,81.47,,
05893,2009,70.36,,
05893,2010,81.03,,
05893,2011,82.05,,
05893,2012,78.93,,
05893,2013,79.61,,
05893,2014,80.11,,
05893,2015,80.1,,
05893,2016,77.9,,
05893,2017,78.0943,,
05893,2018,78.4388,,
05893,2019,79.2863,,
05893,2020,80.06,,
05895,2000,48.69,,
05895,2002,12.52,,
05895,2003,44.67,,
05895,2004,35.87,,
05895,2005,41.9216,,
05895,2006,55.02,,
05895,2007,39.45,,
05895,2008,42.53,,
05895,2009,34.19,,
05895,2010,53.04,,
05895,2011,71.33,,
05895,2012,62.61,,
05895,2013,48.75,,
05895,2014,73.1672,,
05895,2015,72.2015,,
05895,2016,71.26,,
05895,2017,71.7236,,
05895,2018,74.5123,,
05895,2019,78.4299,,
05895,2020,76.23,,
08001,2000,58.74,,
08001,2001,52.73,,
08001,2002,53.52,,
08001,2003,45.92,,
08001,2004,54.24,,
08001,2005,62.8083,,
08001,2006,62.91,,
08001,2007,67.4,,
08001,2008,70.56,,
08001,2009,70.42,,
08001,2010,84.81,,
08001,2011,80.78,,
08001,2012,80.77,,
08001,2013,78.99,,
08001,2014,80.4057,,
08001,2015,80.3558,,
08001,2016,81.02,,
08001,2017,81.1108,,
08001,2018,80.7911,,
08001,2019,78.9334,,
08001,2020,71.53,,
08078,2000,48.06,,
08078,2001,51.41,,
08078,2002,52.64,,
08078,2003,44.93,,
08078,2005,58.4354,,
08078,2006,57.14,,
08078,2007,56.05,,
08078,2008,67.86,,
08078,2009,57.4,,
08078,2010,71.07,,
08078,2011,70.58,,
08078,2012,67.7,,
08078,2013,74.32,,
08078,2014,75.1002,,
08078,2015,80.1514,,
08078,2016,70.73,,
08078,2017,75.202,,
08078,2018,72.4152,,
08078,2019,72.1433,,
08078,2020,71.81,,
08137,2000,44.85,,
08137,2002,48.08,,
08137,2003,48.35,,
08137,2004,49.7,,
08137,2005,50.9328,,
08137,2006,49.95,,
08137,2007,58.45,,
08137,2008,53.82,,
08137,2009,56.7,,
08137,2010,59.57,,
08137,2011,53.58,,
08137,2012,56.9,,
08137,2013,60.04,,
08137,2014,65.2863,,
08137,2015,66.4606,,
08137,2016,62.08,,
08137,2017,58.4794,,
08137,2018,56.9995,,
08137,2019,59.1426,,
08137,2020,59.21,,
08141,2003,47.62,,
08141,2004,32.47,,
08141,2005,47.9776,,
08141,2006,50.2,,
08141,2007,53.59,,
08141,2008,50.31,,
08141,2009,51.83,,
08141,2010,57.43,,
08141,2011,52.56,,
08141,2012,55.42,,
08141,2013,59.69,,
08141,2014,63.4767,,
08141,2015,60.8834,,
08141,2016,55.57,,
08141,2017,55.9464,,
08141,2018,60.803,,
08141,2019,58.9676,,
08141,2020,59.61,,
08296,2000,53.69,,
08296,2001,56.76,,
08296,2002,55.77,,
08296,2003,53,,
08296,2004,53.75,,
08296,2005,59.9015,,
08296,2006,62.46,,
08296,2007,66.82,,
08296,2008,65.49,,
08296,2009,62.36,,
08296,2010,70.06,,
08296,2011,69.91,,
08296,2012,69.3,,
08296,2013,78,,
08296,2014,82.0424,,
08296,2015,85.2165,,
08296,2016,81.14,,
08296,2017,81.014,,
08296,2018,80.2344,,
08296,2019,79.0268,,
08296,2020,78.17,,
08372,2000,51.94,,
08372,2001,55.49,,
08372,2002,60.88,,
08372,2003,53.62,,
08372,2004,44.77,,
08372,2005,57.0319,,
08372,2006,56.99,,
08372,2007,67.96,,
08372,2008,61.87,,
08372,2009,61.12,,
08372,2010,71.11,,
08372,2011,69.75,,
08372,2012,64.75,,
08372,2013,68.86,,
08372,2014,73.9203,,
08372,2015,78.2791,,
08372,2016,64.37,,
08372,2017,76.111,,
08372,2018,68.9737,,
08372,2019,71.4609,,
08372,2020,71.69,,
08421,2000,50.66,,
08421,2001,51.61,,
08421,2002,51.58,,
08421,2003,54.66,,
08421,2004,28.14,,
08421,2005,52.0701,,
08421,2006,56.9,,
08421,2007,40.54,,
08421,2008,56.43,,
08421,2009,56.38,,
08421,2010,65.86,,
08421,2011,61.64,,
08421,2012,62.13,,
08421,2013,62.04,,
08421,2014,65.6378,,
08421,2015,66.2468,,
08421,2016,66.22,,
08421,2017,72.4431,,
08421,2018,65.0526,,
08421,2019,71.3914,,
08421,2020,74.82,,
08433,2001,53.56,,
08433,2002,60.3,,
08433,2003,57.65,,
08433,2004,59.68,,
08433,2005,0,,
08433,2006,69.73,,
08433,2007,70.02,,
08433,2008,69.87,,
08433,2009,61.88,,
08433,2010,75.98,,
08433,2011,71.8,,
08433,2012,72.09,,
08433,2013,72.47,,
08433,2014,74.3444,,
08433,2015,74.5033,,
08433,2016,75.17,,
08433,2017,73.6802,,
08433,2018,78.8379,,
08433,2019,74.2335,,
08433,2020,72.79,,
08436,2000,51.36,,
08436,2001,49.66,,
08436,2002,46.75,,
08436,2003,42.16,,
08436,2004,41.7,,
08436,2005,53.4439,,
08436,2006,53.43,,
08436,2007,52.52,,
08436,2008,48.22,,
08436,2009,43.58,,
08436,2010,54.15,,
08436,2011,53.56,,
08436,2012,60.86,,
08436,2013,63.07,,
08436,2014,68.9678,,
08436,2015,58.9142,,
08436,2016,65.07,,
08436,2017,61.4222,,
08436,2018,62.8657,,
08436,2019,66.8271,,
08436,2020,70.68,,
08520,2000,43.25,,
08520,2001,42.97,,
08520,2002,30.89,,
08520,2003,45.55,,
08520,2004,51.04,,
08520,2005,0,,
08520,2006,53.71,,
08520,2007,58.22,,
08520,2008,55.65,,
08520,2009,53.55,,
08520,2010,17.19,,
08520,2011,63.55,,
08520,2012,55.09,,
08520,2013,65.15,,
08520,2014,63.9467,,
08520,2015,62.0376,,
08520,2016,68.16,,
08520,2017,62.1926,,
08520,2018,62.2654,,
08520,2019,67.3114,,
08520,2020,64.41,,
08549,2000,57.38,,
08549,2003,63.48,,
08549,2004,29.2,,
08549,2005,49.5938,,
08549,2006,50.83,,
08549,2007,59.54,,
08549,2008,60.76,,
08549,2009,56.82,,
08549,2010,60.38,,
08549,2011,62.67,,
08549,2012,59.09,,
08549,2013,66.65,,
08549,2014,70.0199,,
08549,2015,61.4372,,
08549,2016,56.16,,
08549,2017,54.6733,,
08549,2018,60.513,,
08549,2019,69.4878,,
08549,2020,60.43,,
08558,2000,46.23,,
08558,2001,48.01,,
08558,2002,53.34,,
08558,2003,51.9,,
08558,2004,55.5,,
08558,2005,53.1498,,
08558,2006,52.22,,
08558,2007,62.57,,
08558,2008,55.89,,
08558,2009,53.97,,
08558,2010,60.45,,
08558,2011,56.83,,
08558,2012,62.5,,
08558,2013,71.47,,
08558,2014,64.6342,,
08558,2015,65.4493,,
08558,2016,65.37,,
08558,2017,61.1261,,
08558,2018,63.052,,
08558,2019,62.4873,,
08558,2020,54.21,,
08560,2003,38.92,,
08560,2004,44.32,,
08560,2005,47.9519,,
08560,2006,52.36,,
08560,2007,58.23,,
08560,2008,52.58,,
08560,2009,56.1,,
08560,2010,60.46,,
08560,2011,61.04,,
08560,2012,63.36,,
08560,2013,56.15,,
08560,2014,42.5459,,
08560,2015,60.7107,,
08560,2016,66.22,,
08560,2017,62.237,,
08560,2018,62.185,,
08560,2019,63.2677,,
08560,2020,68.3,,
08573,2000,54.56,,
08573,2001,61.09,,
08573,2002,57.76,,
08573,2003,57.8,,
08573,2004,65.38,,
08573,2005,64.4965,,
08573,2006,65.59,,
08573,2007,71.94,,
08573,2008,70.26,,
08573,2009,71.89,,
08573,2010,83.35,,
08573,2011,81.09,,
08573,2012,82.7,,
08573,2013,83.99,,
08573,2014,83.6217,,
08573,2015,82.6405,,
08573,2016,81.42,,
08573,2017,82.4005,,
08573,2018,83.2587,,
08573,2019,84.2516,,
08573,2020,82.92,,
08606,2000,44.69,,
08606,2002,46.39,,
08606,2003,48.54,,
08606,2004,51.39,,
08606,2005,52.4325,,
08606,2006,54.3,,
08606,2007,56.31,,
08606,2008,51.11,,
08606,2009,52.54,,
08606,2010,55.32,,
08606,2011,58.73,,
08606,2012,50.19,,
08606,2013,69.34,,
08606,2014,70.4012,,
08606,2015,73.3806,,
08606,2016,59.21,,
08606,2017,65.3664,,
08606,2018,63.4449,,
08606,2019,58.5581,,
08606,2020,66.82,,
08634,2000,50.23,,
08634,2001,54.73,,
08634,2002,58.94,,
08634,2003,54.55,,
08634,2004,60.26,,
08634,2005,57.1129,,
08634,2006,59.67,,
08634,2007,61.63,,
08634,2008,64.83,,
08634,2009,58.8,,
08634,2010,70.86,,
08634,2011,67.23,,
08634,2012,66.96,,
08634,2013,69.34,,
08634,2014,69.8977,,
08634,2015,73.8568,,
08634,2016,68.27,,
08634,2017,70.7773,,
08634,2018,68.0487,,
08634,2019,70.4089,,
08634,2020,67.98,,
08638,2001,55.4,,
08638,2002,51.6,,
08638,2003,24.28,,
08638,2004,57.56,,
08638,2005,53.7483,,
08638,2006,59.67,,
08638,2007,63.53,,
08638,2008,42.2,,
08638,2009,58.25,,
08638,2010,71.53,,
08638,2011,65.98,,
08638,2012,67.5,,
08638,2013,74.8,,
08638,2014,76.5486,,
08638,2015,75.7809,,
08638,2016,74.09,,
08638,2017,74.779,,
08638,2018,72.2349,,
08638,2019,74.3714,,
08638,2020,75.24,,
08675,2003,43.48,,
08675,2004,52.65,,
08675,2005,48.7042,,
08675,2006,48.96,,
08675,2007,54.94,,
08675,2008,50.18,,
08675,2009,50.13,,
08675,2010,53.17,,
08675,2011,52.65,,
08675,2012,51.71,,
08675,2013,55.76,,
08675,2014,59.3028,,
08675,2015,71.461,,
08675,2016,55.76,,
08675,2017,61.7981,,
08675,2018,65.6616,,
08675,2019,56.2978,,
08675,2020,60.28,,
08685,2000,46.73,,
08685,2001,50.86,,
08685,2003,55.52,,
08685,2004,64.42,,
08685,2005,56.3334,,
08685,2006,62.39,,
08685,2007,63.87,,
08685,2008,59.47,,
08685,2009,60.78,,
08685,2010,68.49,,
08685,2011,70.45,,
08685,2012,73.86,,
08685,2013,69.79,,
08685,2014,75.6639,,
08685,2015,64.153,,
08685,2016,72.54,,
08685,2017,72.0834,,
08685,2018,73.1434,,
08685,2019,75.026,,
08685,2020,66.68,,
08758,2000,53.94,,
08758,2001,53.33,,
08758,2002,61.88,,
08758,2003,57.78,,
08758,2005,0,,
08758,2006,63.56,,
08758,2007,67.63,,
08758,2008,66.91,,
08758,2009,64.73,,
08758,2010,82.94,,
08758,2011,71.03,,
08758,2012,77.83,,
08758,2013,77.24,,
08758,2014,81.3604,,
08758,2015,80.5887,,
08758,2016,79.12,,
08758,2017,79.4644,,
08758,2018,78.8141,,
08758,2019,78.7102,,
08758,2020,75.13,,
08770,2000,48.02,,
08770,2001,48.2,,
08770,2002,52,,
08770,2003,46.59,,
08770,2004,53.17,,
08770,2005,52.886,,
08770,2006,54.59,,
08770,2007,54.9,,
08770,2008,60.91,,
08770,2009,57.49,,
08770,2010,56.43,,
08770,2011,58.57,,
08770,2012,69.7,,
08770,2013,62.78,,
08770,2014,62.6372,,
08770,2015,76.9341,,
08770,2016,69.49,,
08770,2017,67.8069,,
08770,2018,61.5382,,
08770,2019,63.0842,,
08770,2020,61.62,,
08832,2000,57.48,,
08832,2001,59.05,,
08832,2002,61.94,,
08832,2003,53.85,,
08832,2004,46.82,,
08832,2005,0,,
08832,2006,64.53,,
08832,2007,62.82,,
08832,2008,53.64,,
08832,2009,56.72,,
08832,2010,61.44,,
08832,2011,69,,
08832,2012,58.2,,
08832,2013,68.23,,
08832,2014,70.0057,,
08832,2015,70.2836,,
08832,2016,71.84,,
08832,2017,70.7307,,
08832,2018,75.3175,,
08832,2019,74.7408,,
08832,2020,72.67,,
08849,2001,52.88,,
08849,2002,55.13,,
08849,2003,31.76,,
08849,2004,36.49,,
08849,2005,50.8021,,
08849,2006,53.6,,
08849,2007,59.99,,
08849,2008,60.82,,
08849,2009,59.04,,
08849,2010,63,,
08849,2011,66.54,,
08849,2012,67.46,,
08849,2013,65.37,,
08849,2014,63.0619,,
08849,2015,65.9501,,
08849,2016,64.17,,
08849,2017,67.7856,,
08849,2018,65.7584,,
08849,2019,65.7791,,
08849,2020,68.53,,
11001,2000,67.45,,
11001,2001,65.21,,
11001,2002,67.54,,
11001,2003,73.26,,
11001,2004,69.79,,
11001,2005,70.08,,
11001,2006,73.41,,
11001,2007,76.63,,
11001,2008,77.33,,
11001,2009,73.87,,
11001,2010,80.98,,
11001,2011,83.7,,
11001,2012,83.4,,
11001,2013,84.47,,
11001,2014,85.0748,,
11001,2015,85.2062,,
11001,2016,82.5,,
11001,2017,83.87,,
11001,2018,85.3196,,
11001,2019,84.4116,,
11001,2020,83.25,,
13001,2000,62.07,,
13001,2001,66.74,,
13001,2002,62.24,,
13001,2003,60.25,,
13001,2004,60.74,,
13001,2005,70.0996,,
13001,2006,64.49,,
13001,2007,62.89,,
13001,2008,76.23,,
13001,2009,65.11,,
13001,2010,82.26,,
13001,2011,82.98,,
13001,2012,79.07,,
13001,2013,79.52,,
13001,2014,80.6751,,
13001,2015,78.7232,,
13001,2016,77.19,,
13001,2017,77.8455,,
13001,2018,78.9703,,
13001,2019,76.9751,,
13001,2020,75.34,,
13006,2000,49.63,,
13006,2001,52.26,,
13006,2002,49.57,,
13006,2003,47.34,,
13006,2004,44.76,,
13006,2005,57.3153,,
13006,2006,54.92,,
13006,2007,62.68,,
13006,2008,63.65,,
13006,2009,59.17,,
13006,2010,63.65,,
13006,2011,61.5,,
13006,2012,62.54,,
13006,2013,65.31,,
13006,2014,61.1474,,
13006,2015,67.6384,,
13006,2016,60.22,,
13006,2017,63.6516,,
13006,2018,70.6239,,
13006,2019,63.5283,,
13006,2020,60.48,,
13030,2001,48.47,,
13030,2002,55.53,,
13030,2003,51.83,,
13030,2004,59.3,,
13030,2005,61.5828,,
13030,2006,51.51,,
13030,2007,36.6,,
13030,2008,50.81,,
13030,2009,46.1,,
13030,2010,57.31,,
13030,2011,54.66,,
13030,2012,48.15,,
13030,2013,59.2,,
13030,2014,36.9147,,
13030,2015,60.7741,,
13030,2016,65.93,,
13030,2017,36.3667,,
13030,2018,55.0721,,
13030,2020,41,,
13042,2000,50.42,,
13042,2001,53.17,,
13042,2002,53.18,,
13042,2003,49.24,,
13042,2004,53.66,,
13042,2005,59.5959,,
13042,2006,57.55,,
13042,2007,65.88,,
13042,2008,59.71,,
13042,2009,57.76,,
13042,2010,61.24,,
13042,2011,0,,
13042,2012,43.69,,
13042,2013,56.74,,
13042,2014,65.5495,,
13042,2015,67.1802,,
13042,2016,62.59,,
13042,2017,59.0007,,
13042,2018,66.3988,,
13042,2019,63.6917,,
13042,2020,63.23,,
13052,2002,55.93,,
13052,2003,51.3,,
13052,2004,59.29,,
13052,2005,61.8697,,
13052,2006,55.82,,
13052,2007,61.97,,
13052,2008,59.52,,
13052,2009,62.4,,
13052,2010,72.64,,
13052,2011,71.23,,
13052,2012,68.24,,
13052,2013,68.63,,
13052,2014,71.781,,
13052,2015,73.9504,,
13052,2016,70.48,,
13052,2017,73.3806,,
13052,2018,73.824,,
13052,2019,67.2912,,
13052,2020,66.2,,
13062,2000,46.72,,
13062,2001,51.37,,
13062,2002,54.22,,
13062,2003,25.84,,
13062,2004,55.14,,
13062,2005,55.083,,
13062,2006,56.82,,
13062,2007,52.95,,
13062,2008,53.7,,
13062,2009,54.05,,
13062,2010,58.49,,
13062,2011,58.19,,
13062,2012,56.39,,
13062,2013,56.19,,
13062,2014,61.5515,,
13062,2015,65.7704,,
13062,2016,59.65,,
13062,2017,62.0302,,
13062,2018,52.1849,,
13062,2019,57.8412,,
13062,2020,53.16,,
13074,2001,54.68,,
13074,2002,59.09,,
13074,2003,44.89,,
13074,2005,49.6493,,
13074,2006,54.19,,
13074,2007,51.83,,
13074,2008,46.97,,
13074,2010,57.7,,
13074,2011,0,,
13074,2012,37.88,,
13074,2013,40.98,,
13074,2014,53.6334,,
13074,2015,18.2533,,
13074,2016,63.15,,
13074,2017,41.0759,,
13074,2018,57.8838,,
13074,2019,49.3428,,
13074,2020,56.39,,
13140,2000,43.88,,
13140,2003,49.59,,
13140,2004,52.77,,
13140,2005,54.8188,,
13140,2006,51.46,,
13140,2007,57.64,,
13140,2008,60.82,,
13140,2009,57.29,,
13140,2010,62.12,,
13140,2011,62.93,,
13140,2012,59.17,,
13140,2013,60.46,,
13140,2014,53.661,,
13140,2015,61.4997,,
13140,2016,65.53,,
13140,2017,60.8738,,
13140,2018,61.6777,,
13140,2019,64.8743,,
13140,2020,65.36,,
13160,2000,55.9,,
13160,2001,60.23,,
13160,2002,59.3,,
13160,2003,62.39,,
13160,2004,52.75,,
13160,2005,63.4934,,
13160,2006,74,,
13160,2007,80.07,,
13160,2008,78.75,,
13160,2009,63.87,,
13160,2010,71.36,,
13160,2011,69.6,,
13160,2012,71.53,,
13160,2013,74.08,,
13160,2014,65.3207,,
13160,2015,77.3117,,
13160,2016,73.77,,
13160,2017,62.9,,
13160,2018,72.0713,,
13160,2019,71.9314,,
13160,2020,70.79,,
13188,2001,48.42,,
13188,2002,48.79,,
13188,2003,47.34,,
13188,2004,44.34,,
13188,2005,51.6058,,
13188,2006,50.74,,
13188,2007,55.32,,
13188,2008,60.92,,
13188,2009,53.88,,
13188,2010,58.45,,
13188,2011,55.99,,
13188,2012,63.64,,
13188,2013,66.88,,
13188,2014,64.9449,,
13188,2015,47.5664,,
13188,2016,72.19,,
13188,2017,70.7586,,
13188,2018,54.1476,,
13188,2019,64.7915,,
13188,2020,66.79,,
13212,2000,48.62,,
13212,2001,51.84,,
13212,2002,62,,
13212,2003,54.56,,
13212,2004,59.57,,
13212,2005,56.0037,,
13212,2006,56.26,,
13212,2007,59.37,,
13212,2008,57.75,,
13212,2009,55.26,,
13212,2010,56.7,,
13212,2011,62.24,,
13212,2012,59.34,,
13212,2013,56.61,,
13212,2014,65.926,,
13212,2015,55.1507,,
13212,2016,56.65,,
13212,2017,58.1427,,
13212,2018,63.7466,,
13212,2019,68.1928,,
13212,2020,61.97,,
13222,2001,40.83,,
13222,2002,46.88,,
13222,2003,34.75,,
13222,2004,44.87,,
13222,2005,45.3037,,
13222,2006,52.74,,
13222,2007,35.75,,
13222,2008,54.47,,
13222,2009,55.4,,
13222,2010,56.5,,
13222,2011,59.61,,
13222,2012,53.95,,
13222,2013,57.17,,
13222,2014,62.5343,,
13222,2015,63.9023,,
13222,2016,62.82,,
13222,2017,68.0704,,
13222,2018,68.3955,,
13222,2019,65.2888,,
13222,2020,66.62,,
13244,2000,50.99,,
13244,2001,55.98,,
13244,2002,55.32,,
13244,2003,61.77,,
13244,2004,56.7,,
13244,2005,58.6331,,
13244,2006,58.14,,
13244,2007,53.43,,
13244,2008,49.93,,
13244,2010,63.29,,
13244,2011,67.51,,
13244,2012,67.62,,
13244,2013,68.11,,
13244,2014,63.4738,,
13244,2015,69.443,,
13244,2016,68.01,,
13244,2017,67.9622,,
13244,2018,67.9287,,
13244,2019,69.3648,,
13244,2020,69.33,,
13248,2001,50.26,,
13248,2002,50.68,,
13248,2003,61.06,,
13248,2004,55.4,,
13248,2005,51.1889,,
13248,2006,51.37,,
13248,2007,54.37,,
13248,2008,52.68,,
13248,2009,60.34,,
13248,2010,59.23,,
13248,2011,52.95,,
13248,2012,58.65,,
13248,2013,60.2,,
13248,2014,63.2871,,
13248,2015,54.7297,,
13248,2016,52.94,,
13248,2017,49.4004,,
13248,2018,39.8758,,
13248,2019,51.9712,,
13248,2020,48.71,,
13268,2000,46.93,,
13268,2001,48.75,,
13268,2002,22.88,,
13268,2003,46.27,,
13268,2004,56.97,,
13268,2005,49.436,,
13268,2006,52.03,,
13268,2007,49.19,,
13268,2008,58.52,,
13268,2009,51.91,,
13268,2010,53.72,,
13268,2011,50.17,,
13268,2012,52.72,,
13268,2013,56.98,,
13268,2014,65.8851,,
13268,2015,50.5141,,
13268,2016,58.87,,
13268,2017,61.4186,,
13268,2018,59.7864,,
13268,2019,60.7582,,
13268,2020,47.96,,
13300,2000,51.08,,
13300,2003,49.56,,
13300,2004,56.36,,
13300,2005,57.4936,,
13300,2006,52.18,,
13300,2007,52.37,,
13300,2008,51.93,,
13300,2009,52.28,,
13300,2010,59.37,,
13300,2011,60.3,,
13300,2012,55.84,,
13300,2013,55.16,,
13300,2014,53.2877,,
13300,2015,51.6522,,
13300,2016,53.63,,
13300,2017,58.7384,,
13300,2018,59.6558,,
13300,2020,59.93,,
13430,2000,40.3,,
13430,2001,47.32,,
13430,2002,54.65,,
13430,2003,53.59,,
13430,2004,57.66,,
13430,2005,60.622,,
13430,2006,54.95,,
13430,2007,63.53,,
13430,2008,59.56,,
13430,2009,57.72,,
13430,2010,79.7,,
13430,2011,73.6,,
13430,2012,68.94,,
13430,2013,75.08,,
13430,2014,73.8671,,
13430,2015,78.2059,,
13430,2016,74.49,,
13430,2017,77.0301,,
13430,2018,75.3234,,
13430,2019,74.233,,
13430,2020,74.43,,
13433,2001,53.19,,
13433,2002,57.68,,
13433,2003,50.71,,
13433,2004,52.53,,
13433,2005,54.6463,,
13433,2006,54.97,,
13433,2007,52.36,,
13433,2008,53.79,,
13433,2009,58.93,,
13433,2010,63.41,,
13433,2011,64.08,,
13433,2012,61.9,,
13433,2013,62.28,,
13433,2014,62.0696,,
13433,2015,68.7226,,
13433,2016,61.77,,
13433,2017,60.5631,,
13433,2018,63.1021,,
13433,2019,64.8635,,
13433,2020,39.33,,
13440,2001,49.83,,
13440,2002,59.03,,
13440,2003,38.51,,
13440,2004,52.99,,
13440,2005,58.1222,,
13440,2006,45.57,,
13440,2007,51.65,,
13440,2008,53.62,,
13440,2009,36.88,,
13440,2010,61,,
13440,2011,55.4,,
13440,2012,42.49,,
13440,2013,38.26,,
13440,2014,53.6306,,
13440,2015,61.7869,,
13440,2016,60.98,,
13440,2017,54.3696,,
13440,2018,59.0518,,
13440,2019,54.2966,,
13440,2020,57.18,,
13442,2000,45.31,,
13442,2001,43.5,,
13442,2002,61.22,,
13442,2003,57.18,,
13442,2004,55.99,,
13442,2005,57.5235,,
13442,2006,55.2,,
13442,2008,35.35,,
13442,2009,56.89,,
13442,2010,66.73,,
13442,2011,68.22,,
13442,2012,67.83,,
13442,2013,65.21,,
13442,2014,65.3803,,
13442,2015,47.2388,,
13442,2016,67.47,,
13442,2017,68.5384,,
13442,2018,71.4573,,
13442,2019,68.2564,,
13442,2020,54.44,,
13458,2000,47.04,,
13458,2004,47.14,,
13458,2005,51.8048,,
13458,2006,50.61,,
13458,2007,63.46,,
13458,2008,63.86,,
13458,2010,0,,
13458,2011,56.75,,
13458,2012,57.5,,
13458,2013,58.35,,
13458,2014,59.5777,,
13458,2015,43.4048,,
13458,2016,54.23,,
13458,2017,56.4785,,
13458,2018,58.688,,
13458,2019,63.9576,,
13458,2020,59.17,,
13468,2000,45.88,,
13468,2001,52.36,,
13468,2003,50.6,,
13468,2004,57.89,,
13468,2005,56.044,,
13468,2006,55.38,,
13468,2007,59.82,,
13468,2008,63.63,,
13468,2009,61.2,,
13468,2010,68.46,,
13468,2011,68.62,,
13468,2012,66.11,,
13468,2013,65.84,,
13468,2014,68.3783,,
13468,2015,68.0879,,
13468,2016,63.58,,
13468,2017,67.664,,
13468,2018,67.8135,,
13468,2019,63.1859,,
13468,2020,68.73,,
13473,2000,50.87,,
13473,2003,52.81,,
13473,2004,54.61,,
13473,2005,55.4246,,
13473,2006,53.88,,
13473,2007,59.81,,
13473,2008,56.26,,
13473,2009,58.05,,
13473,2010,66.63,,
13473,2011,52.64,,
13473,2012,56.07,,
13473,2013,51.58,,
13473,2014,62.0878,,
13473,2015,62.4004,,
13473,2016,51.36,,
13473,2017,61.4116,,
13473,2018,56.8283,,
13473,2019,65.4872,,
13473,2020,60.49,,
13490,2008,56.18,,
13490,2009,52.89,,
13490,2010,61.05,,
13490,2011,62.59,,
13490,2012,52.4,,
13490,2013,56.86,,
13490,2014,56.3522,,
13490,2015,63.7031,,
13490,2016,54.14,,
13490,2017,54.8996,,
13490,2018,55.3794,,
13490,2019,54.5955,,
13490,2020,53.15,,
13549,2001,49.86,,
13549,2002,57.78,,
13549,2003,56.02,,
13549,2004,36.98,,
13549,2005,52.647,,
13549,2006,55.83,,
13549,2007,54.39,,
13549,2008,52.41,,
13549,2009,51.11,,
13549,2010,52.09,,
13549,2011,49.57,,
13549,2012,41.86,,
13549,2013,52.97,,
13549,2014,52.622,,
13549,2015,67.2649,,
13549,2016,44.57,,
13549,2017,62.3816,,
13549,2018,46.788,,
13549,2019,49.1774,,
13549,2020,60.93,,
13580,2000,41.37,,
13580,2001,43.23,,
13580,2002,47,,
13580,2003,41.61,,
13580,2004,43.01,,
13580,2005,45.7637,,
13580,2008,46.47,,
13580,2009,43.96,,
13580,2010,58.8,,
13580,2011,63.99,,
13580,2012,58.88,,
13580,2013,57.36,,
13580,2014,58.9234,,
13580,2015,40.1655,,
13580,2016,63.63,,
13580,2017,61.7625,,
13580,2018,53.3585,,
13580,2019,58.7439,,
13580,2020,55.24,,
13600,2001,52.51,,
13600,2002,52.15,,
13600,2003,42.28,,
13600,2004,45.09,,
13600,2005,49.0224,,
13600,2006,54.25,,
13600,2007,41.34,,
13600,2008,54.29,,
13600,2009,55.9,,
13600,2010,57.53,,
13600,2011,44.06,,
13600,2012,55.26,,
13600,2013,54.69,,
13600,2014,55.2071,,
13600,2015,59.3635,,
13600,2016,45.71,,
13600,2017,62.5332,,
13600,2018,46.0985,,
13600,2019,56.4859,,
13600,2020,43.48,,
13620,2000,47.46,,
13620,2002,49.38,,
13620,2003,59.08,,
13620,2004,48.09,,
13620,2005,53.099,,
13620,2006,47.33,,
13620,2007,50.47,,
13620,2009,56.3,,
13620,2010,58.2,,
13620,2011,0,,
13620,2012,52.56,,
13620,2013,50.74,,
13620,2014,52.8854,,
13620,2015,60.2667,,
13620,2016,64.88,,
13620,2017,63.4859,,
13620,2018,59.3178,,
13620,2019,55.3495,,
13620,2020,57.57,,
13647,2000,52.6,,
13647,2001,63.4,,
13647,2002,54.53,,
13647,2003,42.31,,
13647,2004,49.26,,
13647,2005,58.8808,,
13647,2006,52.75,,
13647,2007,59.84,,
13647,2008,56.01,,
13647,2010,62.47,,
13647,2011,51.75,,
13647,2012,65.27,,
13647,2013,48.55,,
13647,2014,58.3488,,
13647,2015,63.3155,,
13647,2016,61.75,,
13647,2017,62.3328,,
13647,2018,54.8105,,
13647,2019,56.904,,
13647,2020,66.35,,
13650,2000,47.53,,
13650,2002,47,,
13650,2003,44.94,,
13650,2004,47.28,,
13650,2005,51.5437,,
13650,2006,48.35,,
13650,2007,59.36,,
13650,2008,50.18,,
13650,2009,48.55,,
13650,2010,34.89,,
13650,2011,43.8,,
13650,2012,42.3,,
13650,2013,49.48,,
13650,2014,52.2174,,
13650,2015,50.4849,,
13650,2016,53.39,,
13650,2017,48.8033,,
13650,2018,50.5758,,
13650,2019,56.1542,,
13650,2020,51.36,,
13654,2001,52.67,,
13654,2002,55.08,,
13654,2004,41.71,,
13654,2005,31.8047,,
13654,2006,56.65,,
13654,2007,38.64,,
13654,2008,58.06,,
13654,2009,56.34,,
13654,2010,64.22,,
13654,2011,62.51,,
13654,2012,58.02,,
13654,2013,59.89,,
13654,2014,63.8409,,
13654,2015,60.6682,,
13654,2016,65.05,,
13654,2017,65.0134,,
13654,2018,60.8653,,
13654,2019,62.6324,,
13654,2020,61.93,,
13655,2001,36.99,,
13655,2003,47.24,,
13655,2004,58.55,,
13655,2005,50.3515,,
13655,2006,62.04,,
13655,2007,52.99,,
13655,2008,56.87,,
13655,2009,56.57,,
13655,2010,58.51,,
13655,2011,59.52,,
13655,2012,54.79,,
13655,2013,54.45,,
13655,2014,35.4394,,
13655,2015,55.4473,,
13655,2016,57.36,,
13655,2017,57.967,,
13655,2018,60.3925,,
13655,2019,60.1773,,
13655,2020,60.55,,
13657,2000,47.61,,
13657,2001,53.74,,
13657,2002,52.92,,
13657,2003,38,,
13657,2004,55.65,,
13657,2005,54.7606,,
13657,2006,61.55,,
13657,2007,59.44,,
13657,2008,52.9,,
13657,2009,57.14,,
13657,2010,66.19,,
13657,2011,66.74,,
13657,2012,70.86,,
13657,2013,66.17,,
13657,2014,68.4265,,
13657,2015,64.7486,,
13657,2016,63.27,,
13657,2017,67.4766,,
13657,2018,63.4073,,
13657,2019,69.1935,,
13657,2020,67.71,,
13667,2000,46.3,,
13667,2001,48.87,,
13667,2002,47.95,,
13667,2003,48.37,,
13667,2005,49.5188,,
13667,2006,49.56,,
13667,2007,52.49,,
13667,2008,50.58,,
13667,2009,55.64,,
13667,2010,50.72,,
13667,2011,54.68,,
13667,2012,51.87,,
13667,2013,59.88,,
13667,2014,58.9136,,
13667,2015,60.9799,,
13667,2016,60.38,,
13667,2017,55.822,,
13667,2018,58.3278,,
13667,2019,50.3127,,
13667,2020,44.62,,
13670,2000,54.85,,
13670,2001,58.25,,
13670,2002,56.51,,
13670,2003,55.17,,
13670,2004,58.52,,
13670,2005,56.7698,,
13670,2006,56.43,,
13670,2007,36.81,,
13670,2008,55.56,,
13670,2009,59.16,,
13670,2010,66.5,,
13670,2011,47.68,,
13670,2012,61.86,,
13670,2013,52.92,,
13670,2014,49.7086,,
13670,2015,67.2879,,
13670,2016,59.82,,
13670,2017,61.5277,,
13670,2018,59.4231,,
13670,2019,51.5359,,
13670,2020,55.81,,
13673,2003,48.72,,
13673,2004,55.76,,
13673,2005,55.2488,,
13673,2006,61.22,,
13673,2007,56.84,,
13673,2008,60.19,,
13673,2009,56.7,,
13673,2010,52.37,,
13673,2011,39.89,,
13673,2012,49.95,,
13673,2013,57.43,,
13673,2014,50.0125,,
13673,2015,67.5,,
13673,2016,60.76,,
13673,2017,69.0514,,
13673,2018,62.2331,,
13673,2019,54.475,,
13673,2020,35.31,,
13683,2000,49.2,,
13683,2001,47.66,,
13683,2002,57.98,,
13683,2003,47.81,,
13683,2004,53.5,,
13683,2005,49.7672,,
13683,2006,54.15,,
13683,2007,66.69,,
13683,2008,67.3,,
13683,2009,61.44,,
13683,2010,65.11,,
13683,2011,67.76,,
13683,2012,64.38,,
13683,2013,63.78,,
13683,2014,65.2747,,
13683,2015,68.1012,,
13683,2016,65.08,,
13683,2017,64.8602,,
13683,2018,68.4133,,
13683,2019,62.0404,,
13683,2020,67.83,,
13688,2000,59.86,,
13688,2001,55.19,,
13688,2002,59.37,,
13688,2003,58.09,,
13688,2004,62.05,,
13688,2005,63.0312,,
13688,2006,60.17,,
13688,2007,59.16,,
13688,2008,60.01,,
13688,2009,61.31,,
13688,2010,71.47,,
13688,2011,71.48,,
13688,2012,55.24,,
13688,2013,70.2,,
13688,2014,71.0979,,
13688,2015,72.0393,,
13688,2016,67.78,,
13688,2017,70.7428,,
13688,2018,72.7182,,
13688,2019,71.7553,,
13688,2020,72.54,,
13744,2000,50.57,,
13744,2001,51.92,,
13744,2002,57.85,,
13744,2003,56.89,,
13744,2004,53.18,,
13744,2005,51.5029,,
13744,2006,54.06,,
13744,2007,63.55,,
13744,2008,65.65,,
13744,2009,56.69,,
13744,2010,66.41,,
13744,2011,47.26,,
13744,2012,59.11,,
13744,2013,59.01,,
13744,2014,63.9314,,
13744,2015,63.9552,,
13744,2016,63.67,,
13744,2017,66.5578,,
13744,2018,67.7958,,
13744,2019,70.4737,,
13744,2020,68.92,,
13760,2000,41.18,,
13760,2002,48.07,,
13760,2003,53.5,,
13760,2004,46.02,,
13760,2005,52.6025,,
13760,2006,49.76,,
13760,2007,49.37,,
13760,2008,52.92,,
13760,2010,59.43,,
13760,2011,0,,
13760,2012,54.34,,
13760,2013,61.99,,
13760,2014,60.3733,,
13760,2015,69.5954,,
13760,2016,60.43,,
13760,2017,61.5598,,
13760,2018,63.6614,,
13760,2019,61.65,,
13760,2020,56.2,,
13780,2000,48.83,,
13780,2001,49.49,,
13780,2002,27.75,,
13780,2003,12.81,,
13780,2004,49.98,,
13780,2005,51.8432,,
13780,2006,56.95,,
13780,2007,59.83,,
13780,2008,56.23,,
13780,2009,40.9,,
13780,2010,59.27,,
13780,2011,56.78,,
13780,2012,62.06,,
13780,2013,65.05,,
13780,2014,66.1426,,
13780,2015,65.3132,,
13780,2016,68.62,,
13780,2017,68.0931,,
13780,2018,58.9833,,
13780,2019,67.5748,,
13780,2020,65.64,,
13810,2003,47.61,,
13810,2004,44.32,,
13810,2005,49.0879,,
13810,2006,55.23,,
13810,2007,60.07,,
13810,2008,50.86,,
13810,2009,57.02,,
13810,2010,56.59,,
13810,2011,55.72,,
13810,2012,55.97,,
13810,2013,58.75,,
13810,2014,59.5173,,
13810,2015,39.9662,,
13810,2016,51.88,,
13810,2017,35.2331,,
13810,2018,54.9962,,
13810,2019,53.5193,,
13810,2020,58.23,,
13836,2000,61.6,,
13836,2002,66.86,,
13836,2003,50.19,,
13836,2004,68.43,,
13836,2005,69.3263,,
13836,2006,69.24,,
13836,2008,73.38,,
13836,2009,68.33,,
13836,2010,77.79,,
13836,2011,76.7,,
13836,2012,78.28,,
13836,2013,75.96,,
13836,2014,76.4213,,
13836,2015,78.281,,
13836,2016,78.17,,
13836,2017,77.324,,
13836,2018,77.8103,,
13836,2019,77.7369,,
13836,2020,79.22,,
13838,2000,50.24,,
13838,2001,52.93,,
13838,2002,57.49,,
13838,2003,51.23,,
13838,2004,54.23,,
13838,2005,57.2551,,
13838,2006,55.32,,
13838,2007,52.26,,
13838,2008,60,,
13838,2009,52.65,,
13838,2010,53.41,,
13838,2011,64.65,,
13838,2012,58.55,,
13838,2013,65.48,,
13838,2014,65.2723,,
13838,2015,68.7913,,
13838,2016,71.34,,
13838,2017,69.5215,,
13838,2018,66.3504,,
13838,2019,69.2877,,
13838,2020,66.75,,
13873,2000,48.66,,
13873,2001,47.78,,
13873,2002,57.05,,
13873,2003,39.26,,
13873,2004,33.22,,
13873,2005,53.6624,,
13873,2006,49.18,,
13873,2007,54.16,,
13873,2008,53.26,,
13873,2009,51.24,,
13873,2010,49.1,,
13873,2011,56.15,,
13873,2012,54.41,,
13873,2013,55.59,,
13873,2014,46.7196,,
13873,2015,60.1377,,
13873,2016,64.84,,
13873,2017,62.4155,,
13873,2018,65.9618,,
13873,2019,63.9604,,
13873,2020,52.55,,
13894,2000,45.3,,
13894,2001,48.62,,
13894,2002,55.44,,
13894,2003,56.26,,
13894,2004,59.51,,
13894,2005,53.9088,,
13894,2006,53.52,,
13894,2007,56.34,,
13894,2008,62.51,,
13894,2009,57.04,,
13894,2010,58.99,,
13894,2011,58.23,,
13894,2012,64.65,,
13894,2013,67.31,,
13894,2014,67.4413,,
13894,2015,66.0537,,
13894,2016,63.22,,
13894,2017,65.2424,,
13894,2018,64.9919,,
13894,2019,66.5515,,
13894,2020,63.71,,
15001,2000,57.69,,
15001,2001,57.19,,
15001,2002,63.49,,
15001,2003,60.4,,
15001,2004,64.63,,
15001,2005,69.896,,
15001,2006,68.7,,
15001,2007,72.23,,
15001,2008,74.32,,
15001,2009,67.51,,
15001,2010,83.53,,
15001,2011,75.87,,
15001,2012,77.34,,
15001,2013,78.49,,
15001,2014,77.3318,,
15001,2015,77.5754,,
15001,2016,76.77,,
15001,2017,77.7055,,
15001,2018,77.8369,,
15001,2019,77.4314,,
15001,2020,77.3,,
15022,2000,51.86,,
15022,2001,53.72,,
15022,2002,59.93,,
15022,2003,58.87,,
15022,2004,59.51,,
15022,2005,58.4233,,
15022,2006,56.25,,
15022,2007,56.2,,
15022,2008,60.31,,
15022,2009,57.73,,
15022,2010,59.86,,
15022,2011,62.95,,
15022,2012,62.9,,
15022,2013,63.56,,
15022,2014,66.5929,,
15022,2015,71.0426,,
15022,2016,61.28,,
15022,2017,59.1529,,
15022,2018,63.4891,,
15022,2019,62.846,,
15022,2020,61.8,,
15047,2000,57.09,,
15047,2001,55.19,,
15047,2002,56.71,,
15047,2003,58.05,,
15047,2004,65.42,,
15047,2005,63.3974,,
15047,2006,65.19,,
15047,2007,71.27,,
15047,2008,68.12,,
15047,2009,67.12,,
15047,2010,71.67,,
15047,2011,73.04,,
15047,2012,71.39,,
15047,2013,67.03,,
15047,2014,68.2632,,
15047,2015,68.8991,,
15047,2016,70.1,,
15047,2017,73.4044,,
15047,2018,69.7733,,
15047,2019,73.0043,,
15047,2020,67.58,,
15051,2000,54.4,,
15051,2001,53.5,,
15051,2002,59.04,,
15051,2003,53.45,,
15051,2004,56.18,,
15051,2005,56.3577,,
15051,2006,60.26,,
15051,2007,68.5,,
15051,2008,68.04,,
15051,2009,63.99,,
15051,2010,63.94,,
15051,2011,67.22,,
15051,2012,68.78,,
15051,2013,70.64,,
15051,2014,74.4043,,
15051,2015,75.1395,,
15051,2016,67.5,,
15051,2017,73.9705,,
15051,2018,81.4571,,
15051,2019,69.7414,,
15051,2020,66.85,,
15087,2000,53.33,,
15087,2001,51.84,,
15087,2002,53.94,,
15087,2003,54.79,,
15087,2004,53.52,,
15087,2005,60.134,,
15087,2006,59.12,,
15087,2007,64.58,,
15087,2008,60.26,,
15087,2009,60.27,,
15087,2010,74.71,,
15087,2011,71.6,,
15087,2012,64.88,,
15087,2013,62.63,,
15087,2014,67.6701,,
15087,2015,69.4427,,
15087,2016,69.92,,
15087,2017,69.1571,,
15087,2018,68.4559,,
15087,2019,67.3923,,
15087,2020,67.76,,
15090,2000,53.4,,
15090,2001,50.67,,
15090,2002,60.75,,
15090,2003,50.44,,
15090,2004,55.39,,
15090,2005,50.9923,,
15090,2006,57.8,,
15090,2007,53.56,,
15090,2008,52.9,,
15090,2009,52.75,,
15090,2010,56.65,,
15090,2011,60.17,,
15090,2012,57.67,,
15090,2013,59.71,,
15090,2014,63.6303,,
15090,2015,72.1039,,
15090,2016,64.61,,
15090,2017,59.3228,,
15090,2018,60.2484,,
15090,2019,61.7371,,
15090,2020,56.38,,
15092,2000,47.19,,
15092,2001,50.76,,
15092,2002,43.2,,
15092,2003,49.54,,
15092,2004,53.92,,
15092,2005,56.047,,
15092,2006,54.29,,
15092,2007,58.44,,
15092,2008,58.4,,
15092,2009,58.01,,
15092,2010,59.78,,
15092,2011,64.32,,
15092,2012,62.52,,
15092,2013,62.25,,
15092,2014,66.3767,,
15092,2015,66.7258,,
15092,2016,56.13,,
15092,2017,63.3668,,
15092,2018,63.301,,
15092,2019,64.8291,,
15092,2020,60.72,,
15097,2000,50.81,,
15097,2001,48.53,,
15097,2002,51.74,,
15097,2003,50.61,,
15097,2004,53.48,,
15097,2005,49.1503,,
15097,2006,52.09,,
15097,2007,53.89,,
15097,2008,55.5,,
15097,2009,56.4,,
15097,2010,59.72,,
15097,2011,63.6,,
15097,2012,61.23,,
15097,2013,61.38,,
15097,2014,62.0114,,
15097,2015,67.2803,,
15097,2016,65.53,,
15097,2017,64.7529,,
15097,2018,60.7645,,
15097,2019,59.857,,
15097,2020,60.13,,
15104,2000,72.13,,
15104,2001,64.96,,
15104,2002,62.53,,
15104,2003,50.06,,
15104,2004,65.01,,
15104,2005,62.1328,,
15104,2006,62.33,,
15104,2007,61.06,,
15104,2008,63.87,,
15104,2009,62.59,,
15104,2010,70.26,,
15104,2011,71.56,,
15104,2012,68.11,,
15104,2013,69.44,,
15104,2014,73.2238,,
15104,2015,76.2799,,
15104,2016,67.21,,
15104,2017,72.71,,
15104,2018,71.3413,,
15104,2019,71.1161,,
15104,2020,68.88,,
15106,2000,54.21,,
15106,2001,51.56,,
15106,2002,58.07,,
15106,2003,56.94,,
15106,2004,56.81,,
15106,2005,57.8007,,
15106,2006,60.37,,
15106,2007,64.88,,
15106,2008,67.7,,
15106,2009,59.19,,
15106,2010,62.59,,
15106,2011,64.58,,
15106,2012,61.36,,
15106,2013,61.32,,
15106,2014,65.0767,,
15106,2015,71.5412,,
15106,2016,60.11,,
15106,2017,62.7002,,
15106,2018,61.6204,,
15106,2019,64.9548,,
15106,2020,63.56,,
15109,2000,51.33,,
15109,2001,50.92,,
15109,2002,54.9,,
15109,2003,52.86,,
15109,2004,57.08,,
15109,2005,54.4741,,
15109,2006,57.03,,
15109,2007,60.5,,
15109,2008,61.51,,
15109,2009,58.76,,
15109,2010,70.39,,
15109,2011,66.02,,
15109,2012,65.45,,
15109,2013,62.47,,
15109,2014,67.3699,,
15109,2015,70.516,,
15109,2016,62.86,,
15109,2017,61.7192,,
15109,2018,62.3216,,
15109,2019,66.6964,,
15109,2020,61.21,,
15114,2000,51.42,,
15114,2001,49.99,,
15114,2002,57.52,,
15114,2003,54.58,,
15114,2004,61.28,,
15114,2005,55.6682,,
15114,2006,55.83,,
15114,2007,59.02,,
15114,2008,62.58,,
15114,2009,60.25,,
15114,2010,63.9,,
15114,2011,62.22,,
15114,2012,64.43,,
15114,2013,64.81,,
15114,2014,64.0367,,
15114,2015,70.304,,
15114,2016,63.68,,
15114,2017,61.7672,,
15114,2018,63.1278,,
15114,2019,68.0454,,
15114,2020,62.94,,
15131,2000,57.59,,
15131,2001,49.84,,
15131,2002,53.66,,
15131,2003,57.9,,
15131,2004,63.61,,
15131,2005,54.5992,,
15131,2006,54.64,,
15131,2007,60.13,,
15131,2008,63.52,,
15131,2009,53.86,,
15131,2010,59.11,,
15131,2011,70.65,,
15131,2012,59.65,,
15131,2013,62.4,,
15131,2014,62.0417,,
15131,2015,70.9427,,
15131,2016,64.12,,
15131,2017,65.8598,,
15131,2018,66.0156,,
15131,2019,64.2283,,
15131,2020,63.69,,
15135,2000,62.99,,
15135,2001,63.52,,
15135,2002,63.74,,
15135,2003,45.62,,
15135,2004,64.88,,
15135,2005,62.0882,,
15135,2006,61.65,,
15135,2007,69.08,,
15135,2008,69.74,,
15135,2009,65.48,,
15135,2010,75.81,,
15135,2011,77.27,,
15135,2012,72.61,,
15135,2013,68.11,,
15135,2014,79.2444,,
15135,2015,81.7128,,
15135,2016,77.11,,
15135,2017,78.8792,,
15135,2018,78.9429,,
15135,2019,79.0007,,
15135,2020,78.73,,
15162,2000,46.37,,
15162,2001,46.04,,
15162,2002,56.6,,
15162,2003,48.37,,
15162,2004,51.19,,
15162,2005,50.3993,,
15162,2006,52.71,,
15162,2007,57.52,,
15162,2008,54.74,,
15162,2009,52.96,,
15162,2010,60.66,,
15162,2011,60.57,,
15162,2012,53.95,,
15162,2013,69.62,,
15162,2014,68.5807,,
15162,2015,69.3747,,
15162,2016,58.27,,
15162,2017,61.1354,,
15162,2018,63.5755,,
15162,2019,68.6011,,
15162,2020,64.86,,
15172,2000,59.03,,
15172,2001,54.89,,
15172,2002,56.06,,
15172,2003,58.49,,
15172,2004,58.14,,
15172,2005,56.3759,,
15172,2006,57.69,,
15172,2007,63.65,,
15172,2008,62.87,,
15172,2009,61.46,,
15172,2010,64.61,,
15172,2011,59.89,,
15172,2012,62.75,,
15172,2013,65.13,,
15172,2014,65.5562,,
15172,2015,66.2321,,
15172,2016,60.24,,
15172,2017,63.0098,,
15172,2018,63.2552,,
15172,2019,67.0642,,
15172,2020,62.82,,
15176,2000,64.92,,
15176,2001,63.81,,
15176,2002,64.8,,
15176,2003,64.25,,
15176,2004,65.17,,
15176,2005,64.8659,,
15176,2006,60.73,,
15176,2007,70.63,,
15176,2008,73.25,,
15176,2009,70.06,,
15176,2010,82.59,,
15176,2011,77.55,,
15176,2012,85.23,,
15176,2013,85.23,,
15176,2014,85.2285,,
15176,2015,85.2285,,
15176,2016,73.46,,
15176,2017,76.2786,,
15176,2018,75.0736,,
15176,2019,75.1873,,
15176,2020,75.09,,
15180,2000,56.37,,
15180,2001,50.3,,
15180,2002,51.08,,
15180,2003,66.55,,
15180,2004,55.04,,
15180,2005,57.1821,,
15180,2006,57.75,,
15180,2007,58.15,,
15180,2008,60.78,,
15180,2009,56.18,,
15180,2010,58.81,,
15180,2011,60.19,,
15180,2012,58.8,,
15180,2013,61.14,,
15180,2014,61.1343,,
15180,2015,68.9023,,
15180,2016,67.01,,
15180,2017,66.1379,,
15180,2018,60.7193,,
15180,2019,62.0734,,
15180,2020,59.14,,
15183,2000,49.65,,
15183,2001,51.63,,
15183,2002,50.39,,
15183,2003,49.73,,
15183,2004,53.28,,
15183,2005,53.4648,,
15183,2006,55.21,,
15183,2007,53.21,,
15183,2008,59.21,,
15183,2009,58.59,,
15183,2010,59.64,,
15183,2011,60.96,,
15183,2012,61.43,,
15183,2013,61.44,,
15183,2014,63.0049,,
15183,2015,67.009,,
15183,2016,69.4,,
15183,2017,66.2094,,
15183,2018,64.5596,,
15183,2019,68.0953,,
15183,2020,63.47,,
15185,2000,51.05,,
15185,2001,49.33,,
15185,2002,56.02,,
15185,2003,53.57,,
15185,2004,60.83,,
15185,2005,59.3378,,
15185,2006,58.38,,
15185,2007,71.32,,
15185,2008,63.39,,
15185,2009,58.82,,
15185,2010,66.43,,
15185,2011,65.21,,
15185,2012,62.03,,
15185,2013,64.73,,
15185,2014,70.8945,,
15185,2015,71.2012,,
15185,2016,63.64,,
15185,2017,65.9362,,
15185,2018,66.2758,,
15185,2019,63.3305,,
15185,2020,70.49,,
15187,2000,51.38,,
15187,2001,49.78,,
15187,2002,58.49,,
15187,2003,59.04,,
15187,2004,57.95,,
15187,2005,53.4951,,
15187,2006,53.53,,
15187,2007,58.58,,
15187,2008,62.75,,
15187,2009,59.34,,
15187,2010,61,,
15187,2011,67.24,,
15187,2012,66.29,,
15187,2013,67.98,,
15187,2014,70.4315,,
15187,2015,71.853,,
15187,2016,61.83,,
15187,2017,65.8079,,
15187,2018,66.2863,,
15187,2019,64.3426,,
15187,2020,65.22,,
15189,2000,51.27,,
15189,2001,58.13,,
15189,2002,62.73,,
15189,2003,54.97,,
15189,2004,57.99,,
15189,2005,57.3216,,
15189,2006,55.3,,
15189,2007,59.12,,
15189,2008,59.18,,
15189,2009,59.4,,
15189,2010,64.92,,
15189,2011,63.81,,
15189,2012,56.36,,
15189,2013,64.59,,
15189,2014,67.5814,,
15189,2015,67.1751,,
15189,2016,65.53,,
15189,2017,64.4436,,
15189,2018,59.9877,,
15189,2019,64.7046,,
15189,2020,61.27,,
15204,2000,52.44,,
15204,2001,59.06,,
15204,2002,62.13,,
15204,2003,58.73,,
15204,2004,57.69,,
15204,2005,59.1677,,
15204,2006,56.64,,
15204,2007,65.09,,
15204,2008,67.46,,
15204,2009,69.21,,
15204,2010,70.9,,
15204,2011,72.68,,
15204,2012,73.13,,
15204,2013,70.93,,
15204,2014,73.1886,,
15204,2015,76.2233,,
15204,2016,72.1,,
15204,2017,74.6593,,
15204,2018,71.3091,,
15204,2019,68.7943,,
15204,2020,75.72,,
15212,2000,48.34,,
15212,2001,49.44,,
15212,2002,58.86,,
15212,2003,58.67,,
15212,2004,62.44,,
15212,2005,55.207,,
15212,2006,54.71,,
15212,2007,58.41,,
15212,2008,57.9,,
15212,2009,59.34,,
15212,2010,57.26,,
15212,2011,57.14,,
15212,2012,60.27,,
15212,2013,58.67,,
15212,2014,64.4957,,
15212,2015,65.7083,,
15212,2016,57.91,,
15212,2017,60.2412,,
15212,2018,63.3485,,
15212,2019,60.4939,,
15212,2020,61.74,,
15215,2000,51.01,,
15215,2001,49.08,,
15215,2002,55.25,,
15215,2003,58.59,,
15215,2004,60.14,,
15215,2005,64.6415,,
15215,2006,59.8,,
15215,2007,63.28,,
15215,2008,62.13,,
15215,2009,58.77,,
15215,2010,66.75,,
15215,2011,66.61,,
15215,2012,64.16,,
15215,2013,67.53,,
15215,2014,66.1765,,
15215,2015,70.7306,,
15215,2016,64.52,,
15215,2017,63.7523,,
15215,2018,68.8862,,
15215,2019,65.8604,,
15215,2020,57.23,,
15218,2000,50.18,,
15218,2001,49.32,,
15218,2002,51.49,,
15218,2003,52.95,,
15218,2004,51.53,,
15218,2005,51.7055,,
15218,2006,51.22,,
15218,2007,56.49,,
15218,2008,56.13,,
15218,2009,57.26,,
15218,2010,57.89,,
15218,2011,59.45,,
15218,2012,58.01,,
15218,2013,57.1,,
15218,2014,63.2047,,
15218,2015,66.2597,,
15218,2016,57.55,,
15218,2017,61.8271,,
15218,2018,62.2497,,
15218,2019,63.5187,,
15218,2020,59.16,,
15223,2000,59.2,,
15223,2001,56.87,,
15223,2002,55.35,,
15223,2003,54.58,,
15223,2004,53.51,,
15223,2005,59.4216,,
15223,2006,66.4,,
15223,2007,59.78,,
15223,2008,56.85,,
15223,2009,62.24,,
15223,2010,64.25,,
15223,2011,74.25,,
15223,2012,61.94,,
15223,2013,63.42,,
15223,2014,61.2123,,
15223,2015,65.832,,
15223,2016,69.61,,
15223,2017,57.4087,,
15223,2018,65.7792,,
15223,2019,66.5371,,
15223,2020,71.19,,
15224,2000,60.36,,
15224,2001,50.71,,
15224,2002,53.78,,
15224,2003,50.53,,
15224,2004,50.23,,
15224,2005,56.6184,,
15224,2006,56.72,,
15224,2007,60.62,,
15224,2008,55.1,,
15224,2009,58.19,,
15224,2010,61.58,,
15224,2011,63.39,,
15224,2012,63.13,,
15224,2013,66.25,,
15224,2014,70.5844,,
15224,2015,76.8574,,
15224,2016,59.84,,
15224,2017,61.4171,,
15224,2018,66.1657,,
15224,2019,68.2367,,
15224,2020,65.57,,
15226,2000,51.81,,
15226,2001,56.89,,
15226,2002,53.74,,
15226,2003,57.81,,
15226,2004,53.41,,
15226,2005,52.7866,,
15226,2006,55.1,,
15226,2007,60.66,,
15226,2008,57.84,,
15226,2009,62.95,,
15226,2010,64.54,,
15226,2011,59.14,,
15226,2012,58.82,,
15226,2013,57.67,,
15226,2014,65.4957,,
15226,2015,65.147,,
15226,2016,60.14,,
15226,2017,65.9218,,
15226,2018,63.146,,
15226,2019,63.7569,,
15226,2020,63.01,,
15232,2000,50.56,,
15232,2001,50.18,,
15232,2002,12.56,,
15232,2003,55.87,,
15232,2004,48.67,,
15232,2005,52.7035,,
15232,2006,50.32,,
15232,2007,55.96,,
15232,2008,54.78,,
15232,2009,58.06,,
15232,2010,62.09,,
15232,2011,63.95,,
15232,2012,61.45,,
15232,2013,61.53,,
15232,2014,58.7488,,
15232,2015,68.1761,,
15232,2016,61.26,,
15232,2017,65.5423,,
15232,2018,65.4231,,
15232,2019,65.2932,,
15232,2020,61.67,,
15236,2000,58.6,,
15236,2001,62.13,,
15236,2002,59.37,,
15236,2003,58.23,,
15236,2004,56.36,,
15236,2005,62.7593,,
15236,2006,64.9,,
15236,2007,67.23,,
15236,2008,67.15,,
15236,2009,59.61,,
15236,2010,66.02,,
15236,2011,61.92,,
15236,2012,63.06,,
15236,2013,58.82,,
15236,2014,67.4625,,
15236,2015,66.6536,,
15236,2016,61.88,,
15236,2017,63.267,,
15236,2018,64.6241,,
15236,2019,67.2453,,
15236,2020,60.26,,
15238,2000,61.19,,
15238,2002,63.52,,
15238,2003,60.89,,
15238,2004,62.53,,
15238,2005,65.1292,,
15238,2006,66.1,,
15238,2007,72.42,,
15238,2008,73.38,,
15238,2009,70.18,,
15238,2010,85.68,,
15238,2011,80.82,,
15238,2012,80.45,,
15238,2013,79.17,,
15238,2014,78.9557,,
15238,2015,79.2406,,
15238,2016,76.94,,
15238,2017,76.0026,,
15238,2018,76.3237,,
15238,2019,76.9418,,
15238,2020,75.36,,
15244,2000,57.35,,
15244,2001,50.51,,
15244,2002,52.82,,
15244,2003,51.06,,
15244,2004,55.33,,
15244,2005,56.7132,,
15244,2006,50.14,,
15244,2007,61.7,,
15244,2008,58.78,,
15244,2009,56.9,,
15244,2010,61.86,,
15244,2011,64.25,,
15244,2012,60.58,,
15244,2013,62.13,,
15244,2014,69.0261,,
15244,2015,70.0347,,
15244,2016,63.58,,
15244,2017,62.5413,,
15244,2018,63.7792,,
15244,2019,68.5451,,
15244,2020,68.01,,
15248,2000,51.93,,
15248,2001,50.75,,
15248,2002,53.47,,
15248,2003,60.6,,
15248,2005,59.3128,,
15248,2006,59.38,,
15248,2007,58.41,,
15248,2008,52.02,,
15248,2009,55.62,,
15248,2010,59.22,,
15248,2011,60.53,,
15248,2012,58.97,,
15248,2013,59.54,,
15248,2014,61.9056,,
15248,2015,65.993,,
15248,2016,62.01,,
15248,2017,65.4994,,
15248,2018,64.1687,,
15248,2019,67.22,,
15248,2020,63.22,,
15272,2000,52.09,,
15272,2001,55.7,,
15272,2002,52.48,,
15272,2003,57.87,,
15272,2004,58.57,,
15272,2005,61.5493,,
15272,2006,61.5,,
15272,2007,58.97,,
15272,2008,60.04,,
15272,2009,59.31,,
15272,2010,63.04,,
15272,2011,72.37,,
15272,2012,62.6,,
15272,2013,69.62,,
15272,2014,68.1546,,
15272,2015,72.5578,,
15272,2016,71.69,,
15272,2017,68.475,,
15272,2018,67.4449,,
15272,2019,66.9074,,
15272,2020,68.87,,
15276,2000,48.24,,
15276,2001,51.46,,
15276,2002,53.66,,
15276,2003,44.53,,
15276,2004,54.08,,
15276,2005,58.6926,,
15276,2006,54.83,,
15276,2007,61.74,,
15276,2008,62.16,,
15276,2009,59.26,,
15276,2010,60.29,,
15276,2011,58.24,,
15276,2012,58.38,,
15276,2013,64.68,,
15276,2014,63.546,,
15276,2015,64.2042,,
15276,2016,65.37,,
15276,2017,67.8835,,
15276,2018,68.9056,,
15276,2019,70.0473,,
15276,2020,61.92,,
15293,2000,54.06,,
15293,2001,53.79,,
15293,2002,60.8,,
15293,2003,56.13,,
15293,2004,56.61,,
15293,2005,55.7693,,
15293,2006,56.71,,
15293,2007,56.12,,
15293,2008,63.01,,
15293,2009,53.35,,
15293,2010,59.84,,
15293,2011,66.76,,
15293,2012,65.02,,
15293,2013,63.78,,
15293,2014,68.8181,,
15293,2015,71.3344,,
15293,2016,64.06,,
15293,2017,67.1642,,
15293,2018,66.1226,,
15293,2019,68.6294,,
15293,2020,61.89,,
15296,2000,58.79,,
15296,2001,55.72,,
15296,2002,62.76,,
15296,2003,60.51,,
15296,2004,54.61,,
15296,2005,55.7033,,
15296,2006,54.7,,
15296,2007,57.27,,
15296,2008,64.12,,
15296,2009,57.04,,
15296,2010,61.69,,
15296,2011,60.63,,
15296,2012,61.12,,
15296,2013,61.42,,
15296,2014,66.2537,,
15296,2015,66.3467,,
15296,2016,62.21,,
15296,2017,64.9466,,
15296,2018,64.9191,,
15296,2019,67.8206,,
15296,2020,63.28,,
15299,2000,66.78,,
15299,2001,62.42,,
15299,2002,68.35,,
15299,2003,64.79,,
15299,2004,67.51,,
15299,2005,66.7413,,
15299,2006,66.72,,
15299,2007,71.9,,
15299,2008,70.55,,
15299,2009,67.82,,
15299,2010,77.09,,
15299,2011,71.8,,
15299,2012,72.11,,
15299,2013,70.65,,
15299,2014,73.347,,
15299,2015,78.0192,,
15299,2016,77.25,,
15299,2017,74.153,,
15299,2018,74.0307,,
15299,2019,71.2197,,
15299,2020,73.86,,
15317,2000,53.68,,
15317,2001,50.1,,
15317,2002,55.83,,
15317,2003,53.56,,
15317,2004,51.61,,
15317,2005,53.8931,,
15317,2006,55.09,,
15317,2007,57.11,,
15317,2008,57.46,,
15317,2009,55.39,,
15317,2010,58.23,,
15317,2011,60.24,,
15317,2012,57.19,,
15317,2013,61.35,,
15317,2014,63.3509,,
15317,2015,62.6345,,
15317,2016,59.18,,
15317,2017,63.5652,,
15317,2018,58.1067,,
15317,2019,61.7266,,
15317,2020,63.85,,
15322,2000,56.84,,
15322,2001,68.92,,
15322,2002,66.25,,
15322,2003,63.75,,
15322,2004,59.68,,
15322,2005,63.4327,,
15322,2006,65.21,,
15322,2007,71.47,,
15322,2008,70.32,,
15322,2009,64.48,,
15322,2010,70.37,,
15322,2011,66.87,,
15322,2012,70.72,,
15322,2013,71.45,,
15322,2014,71.7517,,
15322,2015,74.6673,,
15322,2016,69.46,,
15322,2017,73.3373,,
15322,2018,75.3681,,
15322,2019,74.475,,
15322,2020,69.04,,
15325,2000,51.85,,
15325,2001,55.4,,
15325,2002,41.49,,
15325,2003,51.21,,
15325,2004,54.69,,
15325,2005,57.4604,,
15325,2006,56.41,,
15325,2007,60.34,,
15325,2008,68.34,,
15325,2009,58.36,,
15325,2010,61.74,,
15325,2011,64.34,,
15325,2012,61.71,,
15325,2013,65.48,,
15325,2014,70.7067,,
15325,2015,69.6439,,
15325,2016,59.2,,
15325,2017,66.7853,,
15325,2018,67.0139,,
15325,2019,65.6925,,
15325,2020,63.28,,
15332,2000,49.05,,
15332,2001,50.2,,
15332,2002,54.9,,
15332,2003,54.2,,
15332,2004,51.71,,
15332,2005,51.8742,,
15332,2006,54.41,,
15332,2007,54.9,,
15332,2008,52.49,,
15332,2009,56.09,,
15332,2010,61.24,,
15332,2011,62.64,,
15332,2012,56.67,,
15332,2013,60.48,,
15332,2014,59.6355,,
15332,2015,66.7073,,
15332,2016,64.31,,
15332,2017,64.5269,,
15332,2018,63.462,,
15332,2019,66.449,,
15332,2020,62.89,,
15362,2000,51.3,,
15362,2001,48.9,,
15362,2002,56.66,,
15362,2003,54.95,,
15362,2004,60.05,,
15362,2005,51.3645,,
15362,2006,57.16,,
15362,2007,64.08,,
15362,2008,61.18,,
15362,2009,59.75,,
15362,2010,68.58,,
15362,2011,60.15,,
15362,2012,73.47,,
15362,2013,71.33,,
15362,2014,63.5278,,
15362,2015,79.7341,,
15362,2016,76.3,,
15362,2017,67.4201,,
15362,2018,67.0443,,
15362,2019,65.578,,
15362,2020,64.88,,
15367,2000,57.01,,
15367,2001,64.35,,
15367,2002,70.14,,
15367,2003,51.89,,
15367,2004,68.21,,
15367,2005,62.959,,
15367,2006,62.4,,
15367,2007,72.16,,
15367,2008,63.24,,
15367,2009,64.37,,
15367,2010,72,,
15367,2011,68.96,,
15367,2012,74.62,,
15367,2013,76.46,,
15367,2014,78.0373,,
15367,2015,83.4265,,
15367,2016,80.18,,
15367,2017,79.8344,,
15367,2018,80.0093,,
15367,2019,80.9406,,
15367,2020,78.93,,
15368,2000,52.39,,
15368,2001,52.51,,
15368,2002,57.36,,
15368,2003,50.76,,
15368,2004,54.96,,
15368,2005,53.267,,
15368,2006,55.03,,
15368,2007,54.67,,
15368,2008,58.38,,
15368,2009,63.22,,
15368,2010,62.75,,
15368,2011,69.25,,
15368,2012,64.43,,
15368,2013,64.97,,
15368,2014,62.9268,,
15368,2015,72.4995,,
15368,2016,63.55,,
15368,2017,64.9996,,
15368,2018,63.5732,,
15368,2019,63.5031,,
15368,2020,62.27,,
15377,2000,49.88,,
15377,2002,53.88,,
15377,2003,51.34,,
15377,2004,49.91,,
15377,2005,48.112,,
15377,2006,53.71,,
15377,2007,62.24,,
15377,2008,62.42,,
15377,2009,55.88,,
15377,2010,58.45,,
15377,2011,56.66,,
15377,2012,59.18,,
15377,2013,59.73,,
15377,2014,60.0119,,
15377,2015,71.7515,,
15377,2016,68.45,,
15377,2017,68.9779,,
15377,2018,65.2893,,
15377,2019,69.8463,,
15377,2020,65.85,,
15380,2000,48.79,,
15380,2001,51.28,,
15380,2002,50.11,,
15380,2003,51.1,,
15380,2004,51.46,,
15380,2005,55.6661,,
15380,2006,54.59,,
15380,2007,56.95,,
15380,2008,55.45,,
15380,2009,63.9,,
15380,2010,67.24,,
15380,2011,67.5,,
15380,2012,63.15,,
15380,2013,66.76,,
15380,2014,64.1733,,
15380,2015,65.5501,,
15380,2016,58.51,,
15380,2017,62.3571,,
15380,2018,64.2156,,
15380,2019,71.79,,
15380,2020,63.65,,
15401,2000,50.7,,
15401,2001,53.11,,
15401,2002,50.78,,
15401,2003,56.91,,
15401,2004,56.5,,
15401,2005,56.5209,,
15401,2006,58.07,,
15401,2007,65.99,,
15401,2008,60.74,,
15401,2009,56.88,,
15401,2010,57.33,,
15401,2011,57.88,,
15401,2012,58.89,,
15401,2013,57.32,,
15401,2014,63.8727,,
15401,2015,69.4043,,
15401,2016,51.21,,
15401,2017,58.4172,,
15401,2018,57.9571,,
15401,2019,64.77,,
15401,2020,57.58,,
15403,2000,59.07,,
15403,2001,57.22,,
15403,2002,60.23,,
15403,2003,52.03,,
15403,2004,52.51,,
15403,2005,53.7991,,
15403,2006,55.36,,
15403,2007,59.62,,
15403,2008,55.7,,
15403,2009,56.25,,
15403,2010,59.24,,
15403,2011,61.23,,
15403,2012,60.72,,
15403,2013,61.58,,
15403,2014,66.9432,,
15403,2015,69.095,,
15403,2016,59.63,,
15403,2017,61.441,,
15403,2018,64.624,,
15403,2019,61.7924,,
15403,2020,62.07,,
15407,2000,60.29,,
15407,2001,64.81,,
15407,2002,59.44,,
15407,2003,60.81,,
15407,2004,63.48,,
15407,2005,64.3242,,
15407,2006,66.95,,
15407,2007,73.08,,
15407,2008,71.17,,
15407,2009,66.12,,
15407,2010,80.34,,
15407,2011,82.17,,
15407,2012,78.49,,
15407,2013,83.02,,
15407,2014,83.1184,,
15407,2015,83.0502,,
15407,2016,82.99,,
15407,2017,85.0547,,
15407,2018,84.6585,,
15407,2019,83.3775,,
15407,2020,81.07,,
15425,2000,63.93,,
15425,2001,62.24,,
15425,2002,62.84,,
15425,2003,57.44,,
15425,2004,57.19,,
15425,2005,62.082,,
15425,2006,59.13,,
15425,2007,58.98,,
15425,2008,72.24,,
15425,2009,63.24,,
15425,2010,70.03,,
15425,2011,65.43,,
15425,2012,60.79,,
15425,2013,69.3,,
15425,2014,73.6723,,
15425,2015,78.5345,,
15425,2016,64.44,,
15425,2017,69.3141,,
15425,2018,67.074,,
15425,2019,72.1495,,
15425,2020,69.53,,
15442,2001,51.62,,
15442,2002,56.92,,
15442,2003,56.55,,
15442,2004,52.66,,
15442,2005,57.5378,,
15442,2006,57.76,,
15442,2007,58.47,,
15442,2008,58,,
15442,2009,53.75,,
15442,2010,56.39,,
15442,2011,55.93,,
15442,2012,64.65,,
15442,2013,65.16,,
15442,2014,67.5415,,
15442,2015,70.9815,,
15442,2016,65.32,,
15442,2017,67.4767,,
15442,2018,66.3869,,
15442,2019,68.8171,,
15442,2020,66.79,,
15455,2000,64.62,,
15455,2001,69.6,,
15455,2002,68.01,,
15455,2003,60.78,,
15455,2004,63.2,,
15455,2005,61.5822,,
15455,2006,60.35,,
15455,2007,72.75,,
15455,2008,65.69,,
15455,2009,62.28,,
15455,2010,76.67,,
15455,2011,83.84,,
15455,2012,80.17,,
15455,2013,79.1,,
15455,2014,79.7159,,
15455,2015,86.074,,
15455,2016,81.9,,
15455,2017,84.2214,,
15455,2018,83.8981,,
15455,2019,84.2717,,
15455,2020,82.11,,
15464,2000,47.09,,
15464,2001,49.9,,
15464,2002,49.17,,
15464,2003,56.03,,
15464,2004,61.04,,
15464,2005,55.1442,,
15464,2006,55.18,,
15464,2007,62.35,,
15464,2008,57.73,,
15464,2009,57.85,,
15464,2010,58.13,,
15464,2011,64.68,,
15464,2012,64.07,,
15464,2013,66.07,,
15464,2014,66.7417,,
15464,2015,62.2106,,
15464,2016,68.78,,
15464,2017,73.1289,,
15464,2018,63.2608,,
15464,2019,65.8725,,
15464,2020,63.03,,
15466,2000,51.4,,
15466,2001,43.43,,
15466,2002,48.1,,
15466,2003,46.63,,
15466,2004,47.68,,
15466,2005,55.3337,,
15466,2006,54.35,,
15466,2007,55.97,,
15466,2008,55.2,,
15466,2009,57.37,,
15466,2010,62.02,,
15466,2011,65.18,,
15466,2012,64.47,,
15466,2013,64.53,,
15466,2014,61.607,,
15466,2015,68.0314,,
15466,2016,62.18,,
15466,2017,66.3732,,
15466,2018,66.0488,,
15466,2019,64.7728,,
15466,2020,63.34,,
15469,2000,52.74,,
15469,2001,52.95,,
15469,2002,57.97,,
15469,2003,57.99,,
15469,2004,35.53,,
15469,2005,60.1683,,
15469,2006,64.11,,
15469,2007,66.76,,
15469,2008,64.79,,
15469,2009,61.23,,
15469,2010,69.48,,
15469,2011,70.81,,
15469,2012,70.89,,
15469,2013,76.19,,
15469,2014,76.3634,,
15469,2015,76.6925,,
15469,2016,75.41,,
15469,2017,78.4603,,
15469,2018,77.2324,,
15469,2019,77.8961,,
15469,2020,75.91,,
15476,2000,47.83,,
15476,2001,53.31,,
15476,2002,54.75,,
15476,2003,48.04,,
15476,2004,54.53,,
15476,2005,56.2643,,
15476,2006,55.26,,
15476,2007,60.45,,
15476,2008,60.81,,
15476,2009,56.89,,
15476,2010,60.16,,
15476,2011,58.84,,
15476,2012,61.94,,
15476,2013,69.28,,
15476,2014,69.3545,,
15476,2015,71.0086,,
15476,2016,65.49,,
15476,2017,67.1546,,
15476,2018,69.1657,,
15476,2019,68.2408,,
15476,2020,68.94,,
15480,2000,58.07,,
15480,2001,52.94,,
15480,2002,52.23,,
15480,2003,56.92,,
15480,2004,66.15,,
15480,2005,59.6183,,
15480,2006,57.81,,
15480,2007,65.69,,
15480,2008,43.19,,
15480,2009,56.46,,
15480,2010,63.41,,
15480,2011,62.76,,
15480,2012,63.49,,
15480,2013,67.4,,
15480,2014,69.0673,,
15480,2015,68.4699,,
15480,2016,70.78,,
15480,2017,72.508,,
15480,2018,68.4269,,
15480,2019,74.352,,
15480,2020,66.44,,
15491,2000,76.44,,
15491,2001,76.31,,
15491,2002,74.86,,
15491,2003,73.81,,
15491,2004,83.57,,
15491,2005,83.5817,,
15491,2006,86.89,,
15491,2007,88.66,,
15491,2008,90.07,,
15491,2009,85.9,,
15491,2010,89.87,,
15491,2011,89.68,,
15491,2012,87.87,,
15491,2013,90.07,,
15491,2014,90.2453,,
15491,2015,91.7259,,
15491,2016,88.67,,
15491,2017,86.5733,,
15491,2018,87.848,,
15491,2019,88.1963,,
15491,2020,88.53,,
15494,2000,49.88,,
15494,2001,54.14,,
15494,2002,59.81,,
15494,2003,56.08,,
15494,2004,57.05,,
15494,2005,58.146,,
15494,2006,58.43,,
15494,2007,63.86,,
15494,2008,60.98,,
15494,2009,61.39,,
15494,2010,65.57,,
15494,2011,69.3,,
15494,2012,75.17,,
15494,2013,77.41,,
15494,2014,74.2035,,
15494,2015,70.7415,,
15494,2016,64.97,,
15494,2017,74.0267,,
15494,2018,71.8097,,
15494,2019,72.7118,,
15494,2020,70.59,,
15500,2000,50.67,,
15500,2002,54.53,,
15500,2003,61.8,,
15500,2004,55.29,,
15500,2005,56.0584,,
15500,2006,58.31,,
15500,2007,57.28,,
15500,2008,60.31,,
15500,2009,57.16,,
15500,2010,59.08,,
15500,2011,63.74,,
15500,2012,61.88,,
15500,2013,62.6,,
15500,2014,68.8818,,
15500,2015,74.7849,,
15500,2016,64.3,,
15500,2017,65.7743,,
15500,2018,65.5389,,
15500,2019,66.5226,,
15500,2020,64.5,,
15507,2000,66.53,,
15507,2001,64.12,,
15507,2002,64.88,,
15507,2003,57.95,,
15507,2004,56.91,,
15507,2005,62.5586,,
15507,2006,62.8,,
15507,2007,67.46,,
15507,2008,54.18,,
15507,2009,56.79,,
15507,2010,55.05,,
15507,2011,63.95,,
15507,2012,79.06,,
15507,2013,81.43,,
15507,2014,77.6082,,
15507,2015,85.5016,,
15507,2016,83.7,,
15507,2017,86.403,,
15507,2018,85.2618,,
15507,2019,85.1265,,
15507,2020,85.29,,
15511,2000,55.63,,
15511,2001,55.97,,
15511,2002,59.65,,
15511,2003,53.97,,
15511,2004,53.64,,
15511,2005,58.5147,,
15511,2006,53.48,,
15511,2007,59.74,,
15511,2008,62.61,,
15511,2009,59.44,,
15511,2010,62.44,,
15511,2011,62.66,,
15511,2012,64.7,,
15511,2013,65.73,,
15511,2014,64.904,,
15511,2015,72.8806,,
15511,2016,65.21,,
15511,2017,69.0595,,
15511,2018,64.5185,,
15511,2019,66.6893,,
15511,2020,68.35,,
15514,2000,63.95,,
15514,2001,62.02,,
15514,2002,65.96,,
15514,2003,56.16,,
15514,2004,63.23,,
15514,2005,58.2764,,
15514,2006,65.08,,
15514,2007,74.07,,
15514,2008,73.05,,
15514,2009,66.65,,
15514,2010,77.09,,
15514,2011,75.55,,
15514,2012,75.6,,
15514,2013,78.62,,
15514,2014,80.2563,,
15514,2015,81.1446,,
15514,2016,85.1,,
15514,2017,83.6404,,
15514,2018,82.5186,,
15514,2019,82.5711,,
15514,2020,82.33,,
15516,2000,61.15,,
15516,2001,62.11,,
15516,2002,69.96,,
15516,2003,68.84,,
15516,2004,68.14,,
15516,2005,75.175,,
15516,2006,72,,
15516,2007,73.12,,
15516,2008,75.34,,
15516,2009,70.08,,
15516,2010,83.72,,
15516,2011,78.16,,
15516,2012,72.84,,
15516,2013,72.46,,
15516,2014,80.7859,,
15516,2015,83.1127,,
15516,2016,79.82,,
15516,2017,81.2029,,
15516,2018,80.6352,,
15516,2019,80.8927,,
15516,2020,78.69,,
15518,2000,50.58,,
15518,2001,49.74,,
15518,2002,58.23,,
15518,2003,50,,
15518,2004,56.06,,
15518,2005,55.0729,,
15518,2006,58.65,,
15518,2007,63.04,,
15518,2008,54.85,,
15518,2009,56.38,,
15518,2010,67.71,,
15518,2011,71.6,,
15518,2012,63.24,,
15518,2013,51.25,,
15518,2014,63.598,,
15518,2015,66.7563,,
15518,2016,59.53,,
15518,2017,59.5602,,
15518,2018,68.5851,,
15518,2019,67.004,,
15518,2020,60.35,,
15522,2000,50.49,,
15522,2001,49.66,,
15522,2002,52.32,,
15522,2003,53.37,,
15522,2004,52.7,,
15522,2005,49.161,,
15522,2006,57.89,,
15522,2007,50.25,,
15522,2008,52.6,,
15522,2009,53.74,,
15522,2010,56.32,,
15522,2011,58.75,,
15522,2012,53.74,,
15522,2013,57.16,,
15522,2014,59.1423,,
15522,2015,60.5545,,
15522,2016,52.57,,
15522,2017,62.4052,,
15522,2018,59.519,,
15522,2019,52.1094,,
15522,2020,61.71,,
15531,2000,53.11,,
15531,2001,47.91,,
15531,2002,57.22,,
15531,2003,56.41,,
15531,2004,58.42,,
15531,2005,59.7197,,
15531,2006,58.77,,
15531,2007,58.3,,
15531,2008,59.29,,
15531,2009,52.76,,
15531,2010,62.84,,
15531,2011,62.69,,
15531,2012,63.16,,
15531,2013,64.9,,
15531,2014,62.6988,,
15531,2015,69.1224,,
15531,2016,62.81,,
15531,2017,65.1359,,
15531,2018,64.1757,,
15531,2019,64.0864,,
15531,2020,66.52,,
15533,2000,55.6,,
15533,2001,52.98,,
15533,2002,59.47,,
15533,2003,64.39,,
15533,2005,53.9289,,
15533,2006,52.38,,
15533,2007,54.96,,
15533,2008,68.72,,
15533,2009,63.52,,
15533,2010,66.05,,
15533,2011,73.19,,
15533,2012,58.01,,
15533,2013,61.55,,
15533,2014,58.4637,,
15533,2015,62.4904,,
15533,2016,61.22,,
15533,2017,65.3103,,
15533,2018,67.0717,,
15533,2019,68.9722,,
15533,2020,61.16,,
15537,2000,50.63,,
15537,2001,58.63,,
15537,2002,49.34,,
15537,2003,55.01,,
15537,2004,50.92,,
15537,2005,55.8105,,
15537,2006,58.68,,
15537,2007,66.46,,
15537,2008,61.68,,
15537,2009,59.67,,
15537,2010,70.05,,
15537,2011,70.09,,
15537,2012,67.77,,
15537,2013,64.45,,
15537,2014,65.2318,,
15537,2015,67.9216,,
15537,2016,71.95,,
15537,2017,71.4545,,
15537,2018,69.331,,
15537,2019,73.676,,
15537,2020,66.84,,
15542,2000,52.69,,
15542,2001,50.51,,
15542,2002,54.28,,
15542,2003,49.91,,
15542,2004,53.9,,
15542,2005,53.5789,,
15542,2006,53.1,,
15542,2007,61.69,,
15542,2008,63.86,,
15542,2009,60.18,,
15542,2010,66.31,,
15542,2011,68.97,,
15542,2012,67.89,,
15542,2013,65.47,,
15542,2014,69.2586,,
15542,2015,72.1123,,
15542,2016,65.43,,
15542,2017,65.3251,,
15542,2018,64.7363,,
15542,2019,65.1718,,
15542,2020,66.99,,
15550,2000,49.32,,
15550,2001,48.23,,
15550,2002,53.01,,
15550,2003,50.71,,
15550,2005,56.7658,,
15550,2006,59.25,,
15550,2007,68.29,,
15550,2008,67.87,,
15550,2009,59.27,,
15550,2010,64.37,,
15550,2011,0,,
15550,2012,59.52,,
15550,2013,62.53,,
15550,2014,66.6824,,
15550,2015,71.549,,
15550,2016,59.67,,
15550,2017,66.4115,,
15550,2018,64.5179,,
15550,2019,65.5795,,
15550,2020,58.2,,
15572,2000,65.1,,
15572,2001,60.59,,
15572,2002,61.04,,
15572,2003,58.36,,
15572,2004,58.49,,
15572,2005,66.6171,,
15572,2006,70.73,,
15572,2007,72.24,,
15572,2008,80.58,,
15572,2009,64.91,,
15572,2010,79.67,,
15572,2011,76.7,,
15572,2012,71.25,,
15572,2013,77.51,,
15572,2014,76.3471,,
15572,2015,82.3223,,
15572,2016,76.32,,
15572,2017,77.1803,,
15572,2018,74.4502,,
15572,2019,80.4583,,
15572,2020,79.48,,
15580,2000,52.36,,
15580,2001,50.21,,
15580,2002,54.05,,
15580,2003,52.49,,
15580,2004,50.71,,
15580,2005,56.1263,,
15580,2006,61.36,,
15580,2007,64.96,,
15580,2008,64.43,,
15580,2009,58.04,,
15580,2010,60.24,,
15580,2011,60.58,,
15580,2012,59.98,,
15580,2013,58.92,,
15580,2014,62.8598,,
15580,2015,72.9121,,
15580,2016,66.28,,
15580,2017,65.3733,,
15580,2018,66.3932,,
15580,2019,67.3789,,
15580,2020,61.67,,
15599,2000,63.91,,
15599,2001,60.2,,
15599,2002,56.3,,
15599,2003,53.73,,
15599,2004,60.63,,
15599,2005,61.285,,
15599,2006,63.51,,
15599,2007,57.77,,
15599,2008,66.24,,
15599,2009,59.94,,
15599,2010,73.51,,
15599,2011,68.67,,
15599,2012,74.78,,
15599,2013,72.61,,
15599,2014,66.236,,
15599,2015,76.2814,,
15599,2016,70.97,,
15599,2017,74.4295,,
15599,2018,74.889,,
15599,2019,75.289,,
15599,2020,75.31,,
15600,2000,52.58,,
15600,2001,52.62,,
15600,2002,56.87,,
15600,2003,50.08,,
15600,2004,46.29,,
15600,2005,52.8049,,
15600,2006,53.55,,
15600,2007,61.87,,
15600,2008,59.96,,
15600,2009,58.41,,
15600,2010,64.33,,
15600,2011,66.16,,
15600,2012,70.39,,
15600,2013,64.47,,
15600,2014,68.8743,,
15600,2015,68.0353,,
15600,2016,64.61,,
15600,2017,68.6874,,
15600,2018,66.4608,,
15600,2019,69.4583,,
15600,2020,65.79,,
15621,2000,51.55,,
15621,2001,49.22,,
15621,2002,56.51,,
15621,2003,57.65,,
15621,2004,49.44,,
15621,2005,52.5431,,
15621,2006,54.22,,
15621,2007,57.51,,
15621,2008,52.43,,
15621,2009,49.39,,
15621,2010,53.37,,
15621,2011,54.87,,
15621,2012,56.86,,
15621,2013,57.5,,
15621,2014,59.6206,,
15621,2015,64.8534,,
15621,2016,58.18,,
15621,2017,57.8348,,
15621,2018,53.8744,,
15621,2019,57.0407,,
15621,2020,57.58,,
15632,2000,52.12,,
15632,2001,52.33,,
15632,2002,62.11,,
15632,2003,57.46,,
15632,2004,58.22,,
15632,2005,59.1776,,
15632,2006,57.27,,
15632,2007,67.63,,
15632,2008,65.65,,
15632,2009,60.27,,
15632,2010,71.25,,
15632,2011,72.94,,
15632,2012,71.49,,
15632,2013,66.52,,
15632,2014,68.8419,,
15632,2015,76.6876,,
15632,2016,72.47,,
15632,2017,68.7824,,
15632,2018,71.3886,,
15632,2019,70.0548,,
15632,2020,69.04,,
15638,2000,53.47,,
15638,2001,58.32,,
15638,2002,56.77,,
15638,2003,58.05,,
15638,2004,63.3,,
15638,2005,62.4299,,
15638,2006,61.67,,
15638,2007,58.83,,
15638,2008,66.75,,
15638,2009,64.35,,
15638,2010,70.34,,
15638,2011,73.07,,
15638,2012,68.13,,
15638,2013,71.58,,
15638,2014,75.5642,,
15638,2015,79.6768,,
15638,2016,75.55,,
15638,2017,77.3613,,
15638,2018,78.9629,,
15638,2019,80.6032,,
15638,2020,77.58,,
15646,2000,58.16,,
15646,2001,62.91,,
15646,2002,65.93,,
15646,2003,64.34,,
15646,2004,64.64,,
15646,2005,62.6248,,
15646,2006,66.77,,
15646,2007,66.84,,
15646,2008,69.98,,
15646,2009,64.09,,
15646,2010,73.67,,
15646,2011,74.31,,
15646,2012,76.29,,
15646,2013,76.18,,
15646,2014,81.4675,,
15646,2015,84.2949,,
15646,2016,78.4,,
15646,2017,80.259,,
15646,2018,81.4779,,
15646,2019,82.6193,,
15646,2020,81.15,,
15660,2000,53.65,,
15660,2001,50.63,,
15660,2002,54.83,,
15660,2003,51.65,,
15660,2004,56.1,,
15660,2005,56.1212,,
15660,2006,61.13,,
15660,2007,63.02,,
15660,2008,54.29,,
15660,2009,54.39,,
15660,2010,58.47,,
15660,2011,58.59,,
15660,2012,59.07,,
15660,2013,56.56,,
15660,2014,66.6706,,
15660,2015,63.9244,,
15660,2016,56.69,,
15660,2017,61.4476,,
15660,2018,62.0551,,
15660,2019,65.6569,,
15660,2020,64.98,,
15664,2000,49.95,,
15664,2001,48.14,,
15664,2002,52.32,,
15664,2003,53.02,,
15664,2004,53.24,,
15664,2005,55.1767,,
15664,2006,58.4,,
15664,2007,60.36,,
15664,2008,59.38,,
15664,2009,59.16,,
15664,2010,65.61,,
15664,2011,66.59,,
15664,2012,63.11,,
15664,2013,67.5,,
15664,2014,67.8537,,
15664,2015,67.1759,,
15664,2016,66.95,,
15664,2017,66.7314,,
15664,2018,66.6023,,
15664,2019,71.9501,,
15664,2020,69.01,,
15667,2000,54.75,,
15667,2001,55.3,,
15667,2002,57,,
15667,2003,55.93,,
15667,2004,61.65,,
15667,2005,60.4886,,
15667,2006,65.56,,
15667,2007,75.72,,
15667,2008,68.46,,
15667,2009,66.4,,
15667,2010,70.37,,
15667,2011,64.5,,
15667,2012,66.68,,
15667,2013,67.69,,
15667,2014,71.4686,,
15667,2015,72.4883,,
15667,2016,63.43,,
15667,2017,64.5067,,
15667,2018,66.7473,,
15667,2019,69.9159,,
15667,2020,66.61,,
15673,2000,52.32,,
15673,2001,52.01,,
15673,2002,53.85,,
15673,2003,49.7,,
15673,2004,50.18,,
15673,2005,53.9947,,
15673,2006,50.75,,
15673,2007,55.95,,
15673,2008,56.81,,
15673,2009,58.58,,
15673,2010,62.77,,
15673,2011,67.05,,
15673,2012,66,,
15673,2013,62.17,,
15673,2014,61.9454,,
15673,2015,69.8535,,
15673,2016,62.41,,
15673,2017,65.1085,,
15673,2018,59.2177,,
15673,2019,60.9269,,
15673,2020,55.41,,
15676,2000,67.51,,
15676,2001,62.48,,
15676,2003,68.65,,
15676,2004,69.47,,
15676,2005,66.8036,,
15676,2006,65.57,,
15676,2007,71.42,,
15676,2008,72.05,,
15676,2009,68.01,,
15676,2010,73.53,,
15676,2011,66.85,,
15676,2012,70.04,,
15676,2013,62.77,,
15676,2014,66.6668,,
15676,2015,72.8711,,
15676,2016,67.74,,
15676,2017,70.1317,,
15676,2018,72.4389,,
15676,2019,68.5225,,
15676,2020,70.24,,
15681,2000,54.81,,
15681,2001,52.35,,
15681,2002,56.99,,
15681,2003,53.58,,
15681,2004,55.78,,
15681,2005,60.135,,
15681,2006,55.47,,
15681,2007,56.95,,
15681,2008,61.56,,
15681,2009,58.14,,
15681,2010,62.38,,
15681,2011,63.24,,
15681,2012,56.6,,
15681,2013,60.34,,
15681,2014,64.0503,,
15681,2015,69.8824,,
15681,2016,61.94,,
15681,2017,63.89,,
15681,2018,65.3309,,
15681,2019,68.8378,,
15681,2020,67.09,,
15686,2000,52.72,,
15686,2001,52.9,,
15686,2002,58.15,,
15686,2003,55.25,,
15686,2004,52.12,,
15686,2005,65.3912,,
15686,2006,68.11,,
15686,2007,72.38,,
15686,2008,67.31,,
15686,2009,60.52,,
15686,2010,69.68,,
15686,2011,70.17,,
15686,2012,72.64,,
15686,2013,68.93,,
15686,2014,70.5565,,
15686,2015,74.5296,,
15686,2016,65.75,,
15686,2017,68.8224,,
15686,2018,70.3769,,
15686,2019,70.4163,,
15686,2020,66.19,,
15690,2000,57.15,,
15690,2001,52.59,,
15690,2002,60.1,,
15690,2003,62.81,,
15690,2004,68.27,,
15690,2005,62.4896,,
15690,2006,63.93,,
15690,2007,72.4,,
15690,2008,72.49,,
15690,2009,65.8,,
15690,2010,76.77,,
15690,2011,72.59,,
15690,2012,52.44,,
15690,2013,72.29,,
15690,2014,68.4359,,
15690,2015,78.0798,,
15690,2016,76.44,,
15690,2017,75.7697,,
15690,2018,76.7773,,
15690,2019,75.7736,,
15690,2020,76.6,,
15693,2000,58.46,,
15693,2001,54.13,,
15693,2002,65.76,,
15693,2003,58.22,,
15693,2004,52.42,,
15693,2005,55.1931,,
15693,2006,57.55,,
15693,2007,61.69,,
15693,2008,61.83,,
15693,2009,63.05,,
15693,2010,68.78,,
15693,2011,70.07,,
15693,2012,70.26,,
15693,2013,71.28,,
15693,2014,72.9293,,
15693,2015,70.894,,
15693,2016,66.69,,
15693,2017,70.3999,,
15693,2018,72.1886,,
15693,2019,70.1109,,
15693,2020,82.42,,
15696,2000,66.8,,
15696,2001,66.56,,
15696,2002,67.05,,
15696,2003,48.42,,
15696,2004,60.2,,
15696,2005,54.1841,,
15696,2006,59.6,,
15696,2007,70.55,,
15696,2008,68.97,,
15696,2009,62.45,,
15696,2010,70.22,,
15696,2011,74.77,,
15696,2012,75,,
15696,2013,74.9,,
15696,2014,74.0213,,
15696,2015,84.2032,,
15696,2016,81.98,,
15696,2017,84.6841,,
15696,2018,82.6371,,
15696,2019,84.9322,,
15696,2020,84.3,,
15720,2000,51.16,,
15720,2001,51.83,,
15720,2002,52.4,,
15720,2003,48.16,,
15720,2004,48.92,,
15720,2005,54.9144,,
15720,2006,58.3,,
15720,2007,59.44,,
15720,2008,58.72,,
15720,2009,57.05,,
15720,2010,59.29,,
15720,2011,60.92,,
15720,2012,60.52,,
15720,2013,61.67,,
15720,2014,65.0503,,
15720,2015,71.9912,,
15720,2016,63.21,,
15720,2017,61.9097,,
15720,2018,59.5269,,
15720,2019,60.1831,,
15720,2020,58.29,,
15723,2000,49.26,,
15723,2001,49.1,,
15723,2002,40.8,,
15723,2003,49.01,,
15723,2004,54.58,,
15723,2005,50.2352,,
15723,2006,58.68,,
15723,2007,62.64,,
15723,2008,52.84,,
15723,2009,56.68,,
15723,2010,60.21,,
15723,2011,60.89,,
15723,2012,59.17,,
15723,2013,60.25,,
15723,2014,61.6622,,
15723,2015,66.9812,,
15723,2016,59.35,,
15723,2017,60.5382,,
15723,2018,61.815,,
15723,2019,64.0596,,
15723,2020,61.04,,
15740,2000,52.41,,
15740,2001,51.74,,
15740,2002,54.9,,
15740,2003,57.65,,
15740,2004,51.58,,
15740,2005,54.1847,,
15740,2006,52.69,,
15740,2007,57.02,,
15740,2008,66.92,,
15740,2009,59.46,,
15740,2010,64.67,,
15740,2011,68.09,,
15740,2012,52.13,,
15740,2013,62.33,,
15740,2014,65.8955,,
15740,2015,71.1825,,
15740,2016,63.34,,
15740,2017,66.4511,,
15740,2018,63.1344,,
15740,2019,66.6372,,
15740,2020,65.53,,
15753,2000,50.11,,
15753,2001,52.59,,
15753,2002,51.04,,
15753,2003,54.7,,
15753,2004,58.8,,
15753,2005,55.6018,,
15753,2006,57.38,,
15753,2007,57.66,,
15753,2008,55.65,,
15753,2009,56.38,,
15753,2010,60.42,,
15753,2011,63.97,,
15753,2012,64.1,,
15753,2013,65.01,,
15753,2014,68.8003,,
15753,2015,72.577,,
15753,2016,63.08,,
15753,2017,63.9079,,
15753,2018,67.7307,,
15753,2019,67.0033,,
15753,2020,66.7,,
15755,2000,63.65,,
15755,2001,49.19,,
15755,2002,50.61,,
15755,2003,51.72,,
15755,2004,55.65,,
15755,2005,55.7026,,
15755,2006,58.16,,
15755,2007,63.71,,
15755,2008,63.76,,
15755,2009,60,,
15755,2010,62.57,,
15755,2011,65.96,,
15755,2012,61.64,,
15755,2013,62.18,,
15755,2014,67.1554,,
15755,2015,71.0401,,
15755,2016,60.25,,
15755,2017,68.9676,,
15755,2018,65.3053,,
15755,2019,65.7486,,
15755,2020,61.96,,
15757,2000,51.58,,
15757,2001,51.3,,
15757,2002,54.02,,
15757,2003,62.6,,
15757,2004,63.2,,
15757,2005,64.3581,,
15757,2006,59.78,,
15757,2007,65.65,,
15757,2008,63.16,,
15757,2009,61.1,,
15757,2010,68.48,,
15757,2011,65.1,,
15757,2012,70.9,,
15757,2013,68.51,,
15757,2014,68.5564,,
15757,2015,74.8694,,
15757,2016,69.74,,
15757,2017,69.8711,,
15757,2018,72.6277,,
15757,2019,75.3385,,
15757,2020,69.39,,
15759,2000,62.64,,
15759,2001,63.91,,
15759,2002,65.46,,
15759,2003,64.92,,
15759,2004,66.6,,
15759,2005,68.0068,,
15759,2006,67.57,,
15759,2007,74.06,,
15759,2008,73.91,,
15759,2009,67.37,,
15759,2010,83.81,,
15759,2011,80.08,,
15759,2012,78.47,,
15759,2013,80.13,,
15759,2014,79.8608,,
15759,2015,79.4537,,
15759,2016,78.05,,
15759,2017,76.9181,,
15759,2018,77.4438,,
15759,2019,78.6347,,
15759,2020,76.66,,
15761,2000,51.94,,
15761,2001,54.12,,
15761,2002,62.79,,
15761,2003,58.78,,
15761,2004,60.9,,
15761,2005,56.4241,,
15761,2006,57.15,,
15761,2007,62.08,,
15761,2008,59.95,,
15761,2009,59.3,,
15761,2010,65.08,,
15761,2011,66.08,,
15761,2012,64.4,,
15761,2013,68.74,,
15761,2014,60.149,,
15761,2015,61.4817,,
15761,2016,63.42,,
15761,2017,69.6901,,
15761,2018,65.4901,,
15761,2019,64.5787,,
15761,2020,64.77,,
15762,2000,50.88,,
15762,2001,48.13,,
15762,2002,55.33,,
15762,2003,59.77,,
15762,2004,51.04,,
15762,2005,58.0107,,
15762,2006,53.5,,
15762,2007,63.21,,
15762,2008,54.84,,
15762,2009,59.03,,
15762,2010,59.02,,
15762,2011,66.37,,
15762,2012,62.95,,
15762,2013,65.13,,
15762,2014,65.8887,,
15762,2015,70.5356,,
15762,2016,56.08,,
15762,2017,65.9718,,
15762,2018,64.9297,,
15762,2019,66.3335,,
15762,2020,57.63,,
15763,2000,49.95,,
15763,2001,51.81,,
15763,2002,59.24,,
15763,2003,52.77,,
15763,2004,51.77,,
15763,2005,55.3022,,
15763,2006,56.51,,
15763,2007,57.57,,
15763,2008,61.06,,
15763,2009,64.28,,
15763,2010,68.89,,
15763,2011,70.99,,
15763,2012,65.12,,
15763,2013,69.88,,
15763,2014,70.5566,,
15763,2015,71.9164,,
15763,2016,73.86,,
15763,2017,74.2275,,
15763,2018,75.6268,,
15763,2019,75.3788,,
15763,2020,75.65,,
15764,2000,50.76,,
15764,2001,50.6,,
15764,2002,55.02,,
15764,2003,56.61,,
15764,2004,55.21,,
15764,2005,57.5877,,
15764,2006,56.13,,
15764,2007,66.68,,
15764,2008,58.14,,
15764,2009,59.8,,
15764,2010,63.03,,
15764,2011,63.3,,
15764,2012,67.01,,
15764,2013,66.98,,
15764,2014,71.2407,,
15764,2015,73.8695,,
15764,2016,65.13,,
15764,2017,70.3148,,
15764,2018,70.4579,,
15764,2019,70.959,,
15764,2020,68.34,,
15774,2000,51.42,,
15774,2001,49.54,,
15774,2002,53.06,,
15774,2003,50.31,,
15774,2005,51.7883,,
15774,2006,48.98,,
15774,2007,54.55,,
15774,2008,64.68,,
15774,2009,46.65,,
15774,2010,49.05,,
15774,2011,62.04,,
15774,2012,62.17,,
15774,2013,59.02,,
15774,2014,65.4738,,
15774,2015,53.2266,,
15774,2016,56.56,,
15774,2017,54.9687,,
15774,2018,55.7417,,
15774,2019,59.7914,,
15774,2020,56.79,,
15776,2000,55.02,,
15776,2001,49.98,,
15776,2002,62.15,,
15776,2003,60.1,,
15776,2004,59.71,,
15776,2005,61.3699,,
15776,2006,57.73,,
15776,2007,65.58,,
15776,2008,65.91,,
15776,2009,58.04,,
15776,2010,63.66,,
15776,2011,65.38,,
15776,2012,70.86,,
15776,2013,66.04,,
15776,2014,71.6643,,
15776,2015,75.2739,,
15776,2016,69.11,,
15776,2017,66.4189,,
15776,2018,77.8396,,
15776,2019,79.8143,,
15776,2020,72.35,,
15778,2000,52.27,,
15778,2001,50.51,,
15778,2002,56.12,,
15778,2003,57.46,,
15778,2004,54.6,,
15778,2005,59.074,,
15778,2006,51.97,,
15778,2007,61.44,,
15778,2008,58.69,,
15778,2009,63.59,,
15778,2010,64.02,,
15778,2011,62.27,,
15778,2012,65.85,,
15778,2013,65.88,,
15778,2014,63.8649,,
15778,2015,71.6126,,
15778,2016,63.52,,
15778,2017,65.4384,,
15778,2018,64.6492,,
15778,2019,66.0235,,
15778,2020,67.33,,
15790,2000,50.41,,
15790,2001,50.24,,
15790,2002,54.6,,
15790,2003,57.9,,
15790,2004,55.02,,
15790,2005,56.8732,,
15790,2006,57.86,,
15790,2007,60.64,,
15790,2008,56.79,,
15790,2009,58.58,,
15790,2010,58.23,,
15790,2011,63.5,,
15790,2012,60.79,,
15790,2013,61.09,,
15790,2014,62.6264,,
15790,2015,70.1651,,
15790,2016,57.73,,
15790,2017,62.2855,,
15790,2018,62.6173,,
15790,2019,63.6853,,
15790,2020,63.41,,
15798,2000,58.14,,
15798,2001,52.37,,
15798,2002,60.85,,
15798,2003,59.83,,
15798,2004,59.98,,
15798,2005,51.7442,,
15798,2006,59.7,,
15798,2007,61.04,,
15798,2008,57.63,,
15798,2009,57.34,,
15798,2010,64.35,,
15798,2011,62.28,,
15798,2012,60.68,,
15798,2013,61.82,,
15798,2014,61.2138,,
15798,2015,65.727,,
15798,2016,66.04,,
15798,2017,66.9572,,
15798,2018,67.553,,
15798,2019,65.4336,,
15798,2020,62.61,,
15804,2000,59.09,,
15804,2001,61.15,,
15804,2002,57.58,,
15804,2003,58.1,,
15804,2004,57.34,,
15804,2005,56.7937,,
15804,2006,57.65,,
15804,2007,61.33,,
15804,2008,58,,
15804,2009,59.35,,
15804,2010,65.44,,
15804,2011,64.29,,
15804,2012,66.66,,
15804,2013,68.47,,
15804,2014,75.0545,,
15804,2015,73.0519,,
15804,2016,69.65,,
15804,2017,70.5783,,
15804,2018,70.9688,,
15804,2019,71.4001,,
15804,2020,69.07,,
15806,2000,69.28,,
15806,2001,77.17,,
15806,2002,74.99,,
15806,2003,71.43,,
15806,2004,66.87,,
15806,2005,71.5171,,
15806,2006,72.65,,
15806,2007,76.46,,
15806,2008,77.03,,
15806,2009,79.05,,
15806,2010,87.33,,
15806,2011,85.5,,
15806,2012,82.61,,
15806,2013,81.5,,
15806,2014,81.7535,,
15806,2015,84.3878,,
15806,2016,82.39,,
15806,2017,83.8049,,
15806,2018,83.9288,,
15806,2019,82.4046,,
15806,2020,84.24,,
15808,2000,48.36,,
15808,2001,52.44,,
15808,2002,53,,
15808,2003,50.84,,
15808,2004,56.78,,
15808,2005,53.9163,,
15808,2006,49.1,,
15808,2007,51.51,,
15808,2008,55.03,,
15808,2009,54.34,,
15808,2010,58.95,,
15808,2011,57.29,,
15808,2012,62.86,,
15808,2013,58.79,,
15808,2014,63.5441,,
15808,2015,71.0929,,
15808,2016,61.04,,
15808,2017,60.281,,
15808,2018,62.9497,,
15808,2019,65.8668,,
15808,2020,59.11,,
15810,2000,55.19,,
15810,2001,48.22,,
15810,2002,53.98,,
15810,2003,50.94,,
15810,2004,52.04,,
15810,2005,0,,
15810,2006,52.47,,
15810,2007,53.47,,
15810,2008,57.26,,
15810,2009,55.73,,
15810,2010,57.7,,
15810,2011,62.68,,
15810,2012,61.75,,
15810,2013,60.53,,
15810,2014,63.1547,,
15810,2015,63.7824,,
15810,2016,58.21,,
15810,2017,65.6589,,
15810,2018,62.1652,,
15810,2019,66.59,,
15810,2020,59.69,,
15814,2000,57.37,,
15814,2001,54.51,,
15814,2002,51.27,,
15814,2003,55.41,,
15814,2004,63.4,,
15814,2005,62.4157,,
15814,2006,61.53,,
15814,2007,66.63,,
15814,2008,64.95,,
15814,2009,61.79,,
15814,2010,69.91,,
15814,2011,67.67,,
15814,2012,69.24,,
15814,2013,69.52,,
15814,2014,73.7785,,
15814,2015,73.5207,,
15814,2016,49.42,,
15814,2017,71.6938,,
15814,2018,68.6075,,
15814,2019,71.6115,,
15814,2020,69.84,,
15816,2000,51.32,,
15816,2001,51.71,,
15816,2002,53.65,,
15816,2003,57.64,,
15816,2004,45.75,,
15816,2005,55.1382,,
15816,2006,62.38,,
15816,2007,63.62,,
15816,2008,61.65,,
15816,2009,58.01,,
15816,2010,63.46,,
15816,2011,63.6,,
15816,2012,63.68,,
15816,2013,63.51,,
15816,2014,61.2406,,
15816,2015,71.8082,,
15816,2016,67.18,,
15816,2017,67.5283,,
15816,2018,63.8674,,
15816,2019,64.5974,,
15816,2020,62.45,,
15820,2000,49.05,,
15820,2001,49.52,,
15820,2002,70.13,,
15820,2003,53.46,,
15820,2005,51.5382,,
15820,2006,60.71,,
15820,2007,64.48,,
15820,2008,65.81,,
15820,2009,60.76,,
15820,2010,64.33,,
15820,2011,63.46,,
15820,2012,62.01,,
15820,2013,62.7,,
15820,2014,65.6887,,
15820,2015,57.7592,,
15820,2016,64.92,,
15820,2017,70.2824,,
15820,2018,65.383,,
15820,2019,66.3973,,
15820,2020,65.12,,
15822,2000,53.77,,
15822,2001,51.8,,
15822,2002,47.73,,
15822,2003,59.54,,
15822,2004,51.02,,
15822,2005,56.6738,,
15822,2006,55.55,,
15822,2007,58.43,,
15822,2008,63.01,,
15822,2009,60.74,,
15822,2010,68.64,,
15822,2011,67.14,,
15822,2012,64.68,,
15822,2013,63.88,,
15822,2014,66.5796,,
15822,2015,74.6477,,
15822,2016,68.63,,
15822,2017,66.8035,,
15822,2018,66.8558,,
15822,2019,68.7653,,
15822,2020,66.71,,
15832,2001,48.73,,
15832,2003,49.16,,
15832,2004,50.64,,
15832,2005,53.0978,,
15832,2006,59.03,,
15832,2007,66.59,,
15832,2008,62.74,,
15832,2009,57.17,,
15832,2010,57.4,,
15832,2011,60.28,,
15832,2012,58.24,,
15832,2013,64.93,,
15832,2014,69.558,,
15832,2015,78.3152,,
15832,2016,78.12,,
15832,2017,75.6259,,
15832,2018,69.4679,,
15832,2019,71.1659,,
15832,2020,74.07,,
15835,2000,51.88,,
15835,2001,51.03,,
15835,2002,55.01,,
15835,2003,48.82,,
15835,2004,51.79,,
15835,2005,57.2141,,
15835,2006,53.04,,
15835,2007,56.61,,
15835,2008,55.06,,
15835,2009,57.69,,
15835,2010,65.22,,
15835,2011,66.77,,
15835,2012,66.27,,
15835,2013,67.99,,
15835,2014,69.6394,,
15835,2015,72.7266,,
15835,2016,65.79,,
15835,2017,66.3746,,
15835,2018,65.2282,,
15835,2019,65.8163,,
15835,2020,65.14,,
15837,2000,62.96,,
15837,2001,60.25,,
15837,2002,66.37,,
15837,2003,76.32,,
15837,2004,79.57,,
15837,2005,75.3123,,
15837,2006,77.91,,
15837,2007,77.19,,
15837,2008,76.17,,
15837,2009,70.78,,
15837,2010,76.42,,
15837,2011,74.36,,
15837,2012,78.06,,
15837,2013,81.74,,
15837,2014,76.2091,,
15837,2015,79.6033,,
15837,2016,78.69,,
15837,2017,80.6693,,
15837,2018,84.4774,,
15837,2019,83.2096,,
15837,2020,79.82,,
15839,2000,46.51,,
15839,2001,48.74,,
15839,2002,42.57,,
15839,2003,47.34,,
15839,2004,50.81,,
15839,2005,52.4087,,
15839,2006,52.87,,
15839,2007,64.85,,
15839,2008,57.2,,
15839,2009,55.78,,
15839,2010,58.42,,
15839,2011,60.47,,
15839,2012,39,,
15839,2013,57.64,,
15839,2014,57.8383,,
15839,2015,71.7472,,
15839,2016,59.98,,
15839,2017,61.8677,,
15839,2018,69.7364,,
15839,2019,67.8565,,
15842,2000,60.77,,
15842,2001,58.64,,
15842,2002,58.48,,
15842,2003,52.03,,
15842,2004,49.77,,
15842,2005,54.3798,,
15842,2006,54.96,,
15842,2007,60.26,,
15842,2008,61.67,,
15842,2009,59.49,,
15842,2010,62.99,,
15842,2011,63.62,,
15842,2012,65.73,,
15842,2013,65.92,,
15842,2014,65.3194,,
15842,2015,69.0068,,
15842,2016,67.27,,
15842,2017,69.1915,,
15842,2018,68.1897,,
15842,2019,70.6613,,
15842,2020,71.37,,
15861,2000,55.48,,
15861,2001,61.63,,
15861,2002,64.28,,
15861,2003,59.14,,
15861,2004,65.62,,
15861,2005,61.7897,,
15861,2006,63.22,,
15861,2007,69.92,,
15861,2008,61.23,,
15861,2009,63.48,,
15861,2010,70.75,,
15861,2011,71.92,,
15861,2012,68.23,,
15861,2013,72.74,,
15861,2014,73.4706,,
15861,2015,78.0977,,
15861,2016,76.41,,
15861,2017,79.4879,,
15861,2018,77.3196,,
15861,2019,77.0388,,
15861,2020,75.42,,
15879,2000,52.09,,
15879,2001,48.36,,
15879,2002,58.35,,
15879,2003,53.16,,
15879,2004,52.05,,
15879,2005,55.3019,,
15879,2006,53.75,,
15879,2007,56.42,,
15879,2008,56.72,,
15879,2009,52.85,,
15879,2010,57.22,,
15879,2011,58.43,,
15879,2012,53.91,,
15879,2013,59.64,,
15879,2014,59.2158,,
15879,2015,68.2598,,
15879,2016,53.87,,
15879,2017,64.1083,,
15879,2018,63.0152,,
15879,2019,61.1049,,
15879,2020,61.44,,
15897,2000,64.07,,
15897,2001,64.6,,
15897,2002,63.26,,
15897,2003,57.65,,
15897,2004,62.03,,
15897,2005,57.2806,,
15897,2006,61.15,,
15897,2007,72.75,,
15897,2008,66.69,,
15897,2009,61.6,,
15897,2010,75.29,,
15897,2011,78.29,,
15897,2012,72.25,,
15897,2013,76.17,,
15897,2014,70.5194,,
15897,2015,69.88,,
15897,2016,80.8,,
15897,2017,81.4087,,
15897,2018,81.2758,,
15897,2019,81.0877,,
15897,2020,79.42,,
17001,2000,54.17,,
17001,2001,54.7,,
17001,2002,57.84,,
17001,2003,56.23,,
17001,2004,56.52,,
17001,2005,63.4365,,
17001,2006,68.64,,
17001,2007,74.09,,
17001,2008,73.47,,
17001,2009,69.19,,
17001,2010,85.28,,
17001,2011,81.57,,
17001,2012,79.4,,
17001,2013,79.22,,
17001,2014,78.829,,
17001,2015,79.7159,,
17001,2016,79.2,,
17001,2017,79.1929,,
17001,2018,78.3315,,
17001,2019,77.3491,,
17001,2020,76.35,,
17013,2000,51.37,,
17013,2001,54.53,,
17013,2002,53.92,,
17013,2003,53.09,,
17013,2004,53.47,,
17013,2005,52.6429,,
17013,2006,56,,
17013,2007,61.39,,
17013,2008,64.44,,
17013,2009,57.44,,
17013,2010,65.85,,
17013,2011,64.61,,
17013,2012,68.14,,
17013,2013,66.54,,
17013,2014,65.5017,,
17013,2015,67.3587,,
17013,2016,68.52,,
17013,2017,69.4321,,
17013,2018,72.6876,,
17013,2019,71.4482,,
17013,2020,69.61,,
17042,2000,54.75,,
17042,2001,53.57,,
17042,2002,56.76,,
17042,2003,58.07,,
17042,2004,58.16,,
17042,2005,61.8365,,
17042,2006,61.84,,
17042,2007,59.22,,
17042,2008,58.22,,
17042,2009,58.24,,
17042,2010,65.08,,
17042,2011,58.3,,
17042,2012,69.67,,
17042,2013,69.65,,
17042,2014,71.294,,
17042,2015,69.1066,,
17042,2016,69.47,,
17042,2017,69.9285,,
17042,2018,70.8431,,
17042,2019,70.5413,,
17042,2020,69.92,,
17050,2000,53.74,,
17050,2001,51.52,,
17050,2002,57.89,,
17050,2003,64.19,,
17050,2004,55.87,,
17050,2005,60.1552,,
17050,2006,61.46,,
17050,2007,66.18,,
17050,2008,65.89,,
17050,2009,61.96,,
17050,2010,63.9,,
17050,2011,64.1,,
17050,2012,71.39,,
17050,2013,66.65,,
17050,2014,66.3201,,
17050,2015,67.665,,
17050,2016,63.12,,
17050,2017,66.6599,,
17050,2018,68.3729,,
17050,2019,66.5653,,
17050,2020,67.47,,
17088,2000,52.72,,
17088,2001,57.25,,
17088,2002,51.89,,
17088,2003,57.45,,
17088,2004,55.59,,
17088,2005,55.5052,,
17088,2006,56.51,,
17088,2007,62.99,,
17088,2008,33.04,,
17088,2009,63.97,,
17088,2010,67.58,,
17088,2011,65.09,,
17088,2012,60.57,,
17088,2013,67.7,,
17088,2014,66.9735,,
17088,2015,70.4529,,
17088,2016,71.77,,
17088,2017,74.3388,,
17088,2018,76.6885,,
17088,2019,75.2571,,
17088,2020,68.51,,
17174,2000,53.08,,
17174,2001,58.66,,
17174,2002,52.43,,
17174,2003,45.37,,
17174,2004,46.24,,
17174,2005,37.0511,,
17174,2006,58.26,,
17174,2007,38.68,,
17174,2008,68.11,,
17174,2009,64.66,,
17174,2010,76.63,,
17174,2011,76.42,,
17174,2012,76.58,,
17174,2013,75.06,,
17174,2014,75.9544,,
17174,2015,77.183,,
17174,2016,74.13,,
17174,2017,72.2077,,
17174,2018,70.9999,,
17174,2019,72.2303,,
17174,2020,72.31,,
17272,2000,51.82,,
17272,2001,52.79,,
17272,2002,52.31,,
17272,2003,50.77,,
17272,2004,53.88,,
17272,2005,54.7576,,
17272,2006,57.61,,
17272,2007,56.93,,
17272,2008,55.1,,
17272,2009,56.58,,
17272,2010,63.58,,
17272,2011,64.26,,
17272,2012,63.73,,
17272,2013,64.53,,
17272,2014,65.4531,,
17272,2015,67.7504,,
17272,2016,64.29,,
17272,2017,66.6798,,
17272,2018,64.4239,,
17272,2019,68.972,,
17272,2020,67.09,,
17380,2001,57.9,,
17380,2002,62.5,,
17380,2003,58.77,,
17380,2004,64.07,,
17380,2005,63.1318,,
17380,2006,68.15,,
17380,2007,74.28,,
17380,2008,73.05,,
17380,2009,66.75,,
17380,2010,76.47,,
17380,2011,75.96,,
17380,2012,76.16,,
17380,2013,75.09,,
17380,2014,74.2892,,
17380,2015,74.8574,,
17380,2016,73.72,,
17380,2017,74.9894,,
17380,2018,74.7828,,
17380,2019,77.7811,,
17380,2020,62.9,,
17388,2000,48.3,,
17388,2001,48.26,,
17388,2002,56.97,,
17388,2003,58.15,,
17388,2004,58.2,,
17388,2005,57.3078,,
17388,2006,55.99,,
17388,2007,58.64,,
17388,2008,63.27,,
17388,2009,58.47,,
17388,2010,62.5,,
17388,2011,63.52,,
17388,2012,60.84,,
17388,2013,61.45,,
17388,2014,61.9301,,
17388,2015,54.4482,,
17388,2016,61.23,,
17388,2017,65.2818,,
17388,2018,48.4083,,
17388,2019,68.2497,,
17388,2020,69.05,,
17433,2000,48.27,,
17433,2001,48.77,,
17433,2002,51.87,,
17433,2003,53.15,,
17433,2004,55.91,,
17433,2005,58.8421,,
17433,2006,59.41,,
17433,2007,60.22,,
17433,2008,61.98,,
17433,2009,57.81,,
17433,2010,65.63,,
17433,2011,62.05,,
17433,2012,65.81,,
17433,2013,64.85,,
17433,2014,67.0638,,
17433,2015,66.7972,,
17433,2016,65.46,,
17433,2017,65.297,,
17433,2018,67.5005,,
17433,2019,69.0068,,
17433,2020,66.83,,
17442,2000,65.11,,
17442,2001,53.86,,
17442,2002,58.03,,
17442,2003,66.7,,
17442,2004,58.19,,
17442,2005,60.229,,
17442,2006,59.43,,
17442,2007,72.73,,
17442,2008,61.61,,
17442,2009,58.06,,
17442,2010,63.43,,
17442,2011,65.49,,
17442,2012,66.52,,
17442,2013,66.71,,
17442,2014,64.9367,,
17442,2015,62.2287,,
17442,2016,64.61,,
17442,2017,66.5237,,
17442,2018,67.4653,,
17442,2019,66.4904,,
17442,2020,68.55,,
17444,2000,48.92,,
17444,2001,47.62,,
17444,2002,54.68,,
17444,2003,57.11,,
17444,2004,54.74,,
17444,2005,57.8498,,
17444,2006,57.69,,
17444,2007,62.24,,
17444,2008,62.48,,
17444,2009,63.06,,
17444,2010,66.21,,
17444,2011,65.68,,
17444,2012,63.76,,
17444,2013,64.73,,
17444,2014,63.7788,,
17444,2015,63.2268,,
17444,2016,64.61,,
17444,2017,65.2006,,
17444,2018,66.4459,,
17444,2019,66.401,,
17444,2020,62.41,,
17446,2000,50.13,,
17446,2001,51.45,,
17446,2002,52.7,,
17446,2003,54.26,,
17446,2004,56.91,,
17446,2005,58.1026,,
17446,2006,57.02,,
17446,2007,55.98,,
17446,2008,57.06,,
17446,2009,57.78,,
17446,2010,62.66,,
17446,2011,61.78,,
17446,2012,62.19,,
17446,2013,57.68,,
17446,2014,62.5296,,
17446,2015,70.1858,,
17446,2016,60.49,,
17446,2017,66.5074,,
17446,2018,70.2633,,
17446,2019,65.712,,
17446,2020,63.97,,
17486,2000,53.29,,
17486,2001,52.05,,
17486,2002,56.13,,
17486,2003,53.76,,
17486,2004,50.33,,
17486,2005,58.0156,,
17486,2006,58.03,,
17486,2007,49.25,,
17486,2008,59.83,,
17486,2009,60.43,,
17486,2010,72.34,,
17486,2011,71.66,,
17486,2012,71.43,,
17486,2013,69.67,,
17486,2014,72.1171,,
17486,2015,73.2294,,
17486,2016,72.56,,
17486,2017,70.9328,,
17486,2018,73.2929,,
17486,2019,73.9041,,
17486,2020,72.02,,
17495,2001,56.63,,
17495,2002,69.38,,
17495,2003,65.85,,
17495,2004,60.98,,
17495,2005,59.4201,,
17495,2006,57.71,,
17495,2007,62.79,,
17495,2008,48.79,,
17495,2009,65.11,,
17495,2010,72.31,,
17495,2011,71.52,,
17495,2012,67.77,,
17495,2013,72.04,,
17495,2014,66.5177,,
17495,2015,69.5349,,
17495,2016,64.58,,
17495,2017,68.2817,,
17495,2018,67.8736,,
17495,2019,69.7367,,
17495,2020,67.86,,
17513,2000,50.41,,
17513,2001,53.58,,
17513,2002,46.52,,
17513,2003,51.19,,
17513,2004,52.29,,
17513,2005,52.4014,,
17513,2006,59.65,,
17513,2007,64.53,,
17513,2008,64.51,,
17513,2009,59.85,,
17513,2010,69.89,,
17513,2011,67.3,,
17513,2012,66.59,,
17513,2013,67.19,,
17513,2014,64.4417,,
17513,2015,65.4369,,
17513,2016,66.45,,
17513,2017,69.7088,,
17513,2018,70.6208,,
17513,2019,69.6168,,
17513,2020,69.07,,
17524,2000,50.93,,
17524,2001,54.76,,
17524,2002,61.1,,
17524,2003,56.58,,
17524,2004,61.06,,
17524,2005,63.9697,,
17524,2006,62.74,,
17524,2007,64.58,,
17524,2008,62.18,,
17524,2009,66.56,,
17524,2010,70.75,,
17524,2011,72.97,,
17524,2012,71.24,,
17524,2013,71.45,,
17524,2014,73.7307,,
17524,2015,72.4499,,
17524,2016,71.34,,
17524,2017,71.491,,
17524,2018,71.4051,,
17524,2019,72.8381,,
17524,2020,73.08,,
17541,2000,47.62,,
17541,2001,51.19,,
17541,2002,52.49,,
17541,2003,53.91,,
17541,2004,57.56,,
17541,2005,58.4346,,
17541,2006,57.89,,
17541,2007,61.54,,
17541,2008,60.23,,
17541,2009,60.15,,
17541,2010,70.67,,
17541,2011,68.67,,
17541,2012,69.13,,
17541,2013,68.11,,
17541,2014,69.225,,
17541,2015,69.7546,,
17541,2016,69.34,,
17541,2017,67.7904,,
17541,2018,58.1474,,
17541,2019,68.4208,,
17541,2020,66.2,,
17614,2000,56.11,,
17614,2001,53.53,,
17614,2002,56.56,,
17614,2003,50.85,,
17614,2004,60.8,,
17614,2005,60.1913,,
17614,2006,66.1,,
17614,2007,67.8,,
17614,2008,63.32,,
17614,2009,60.71,,
17614,2010,60.09,,
17614,2011,70.89,,
17614,2012,69.93,,
17614,2013,73.9,,
17614,2014,75.2849,,
17614,2015,76.4603,,
17614,2016,75.67,,
17614,2017,75.8918,,
17614,2018,80.7782,,
17614,2019,75.9005,,
17614,2020,74.16,,
17616,2000,51.33,,
17616,2001,50.42,,
17616,2002,54.35,,
17616,2003,56.82,,
17616,2004,62.65,,
17616,2005,57.0454,,
17616,2006,60.31,,
17616,2007,64.65,,
17616,2008,59.74,,
17616,2009,60.73,,
17616,2010,65.61,,
17616,2011,64.11,,
17616,2012,66.28,,
17616,2013,64.96,,
17616,2014,56.6643,,
17616,2015,67.7245,,
17616,2016,64.64,,
17616,2017,65.2608,,
17616,2018,69.2132,,
17616,2019,69.0766,,
17616,2020,69.07,,
17653,2000,49.83,,
17653,2001,51.5,,
17653,2002,64.2,,
17653,2003,30.77,,
17653,2004,36.16,,
17653,2005,46.489,,
17653,2006,49.81,,
17653,2007,39.53,,
17653,2008,46.06,,
17653,2009,48.47,,
17653,2010,65.35,,
17653,2011,63.64,,
17653,2012,66.58,,
17653,2013,68.61,,
17653,2014,70.6973,,
17653,2015,67.1666,,
17653,2016,68.5,,
17653,2017,67.8638,,
17653,2018,70.8354,,
17653,2019,70.0089,,
17653,2020,68.17,,
17662,2000,53.06,,
17662,2001,49.35,,
17662,2002,55.89,,
17662,2003,56.59,,
17662,2004,57.17,,
17662,2005,57.7947,,
17662,2006,61.42,,
17662,2007,51.19,,
17662,2008,51.6,,
17662,2009,53.65,,
17662,2010,57.21,,
17662,2011,67.37,,
17662,2012,65.53,,
17662,2013,67.38,,
17662,2014,68.7734,,
17662,2015,66.711,,
17662,2016,68.62,,
17662,2017,66.9129,,
17662,2018,64.0135,,
17662,2019,68.7785,,
17662,2020,67.36,,
17665,2000,48.92,,
17665,2001,49.69,,
17665,2002,52.96,,
17665,2003,57.45,,
17665,2004,54.68,,
17665,2005,51.0529,,
17665,2006,56.72,,
17665,2007,58.15,,
17665,2008,58.16,,
17665,2009,58.94,,
17665,2010,66.53,,
17665,2011,65.88,,
17665,2012,66.62,,
17665,2013,65.4,,
17665,2014,70.8304,,
17665,2015,65.0694,,
17665,2016,65.39,,
17665,2017,70.3949,,
17665,2018,71.3168,,
17665,2019,70.3028,,
17665,2020,69.8,,
17777,2000,59.5,,
17777,2001,59.56,,
17777,2002,61.23,,
17777,2003,56.08,,
17777,2004,59.06,,
17777,2005,61.0922,,
17777,2006,59.83,,
17777,2007,69.85,,
17777,2008,66.02,,
17777,2009,63.52,,
17777,2010,70.08,,
17777,2011,67.34,,
17777,2012,71.52,,
17777,2013,73.75,,
17777,2014,70.967,,
17777,2015,71.204,,
17777,2016,72.5,,
17777,2017,70.355,,
17777,2018,74.1799,,
17777,2019,71.6552,,
17777,2020,70.59,,
17867,2000,56.2,,
17867,2001,65.02,,
17867,2002,71.27,,
17867,2003,67.25,,
17867,2004,62.07,,
17867,2005,59.1837,,
17867,2006,61.03,,
17867,2007,62.12,,
17867,2008,65.78,,
17867,2009,64.51,,
17867,2010,66.27,,
17867,2011,63.98,,
17867,2012,69.06,,
17867,2013,68.67,,
17867,2014,71.4259,,
17867,2015,70.3887,,
17867,2016,52.19,,
17867,2017,73.8809,,
17867,2018,75.405,,
17867,2019,71.7557,,
17867,2020,70.2,,
17873,2000,50.82,,
17873,2001,54.24,,
17873,2002,40.87,,
17873,2003,55.79,,
17873,2004,64.45,,
17873,2005,67.9997,,
17873,2006,66.18,,
17873,2007,74.82,,
17873,2008,73.9,,
17873,2009,64.12,,
17873,2010,75.97,,
17873,2011,76.64,,
17873,2012,77.83,,
17873,2013,76.88,,
17873,2014,77.9498,,
17873,2015,78.6246,,
17873,2016,79.42,,
17873,2017,79.2129,,
17873,2018,80.0482,,
17873,2019,80.4697,,
17873,2020,78.61,,
17877,2000,51.57,,
17877,2001,51.24,,
17877,2002,54.63,,
17877,2003,61.24,,
17877,2004,56.43,,
17877,2005,60.3317,,
17877,2006,61.83,,
17877,2007,66.63,,
17877,2008,60.08,,
17877,2009,60.46,,
17877,2010,68.32,,
17877,2011,66.31,,
17877,2012,66.61,,
17877,2013,68.55,,
17877,2014,67.9136,,
17877,2015,76.5823,,
17877,2016,68.71,,
17877,2017,68.3879,,
17877,2018,70.0067,,
17877,2019,69.3988,,
17877,2020,69.98,,
18001,2000,50.88,,
18001,2001,60.58,,
18001,2002,56.32,,
18001,2003,59.18,,
18001,2004,59.6,,
18001,2005,64.0376,,
18001,2006,62.68,,
18001,2007,65.7,,
18001,2008,70.06,,
18001,2009,69.78,,
18001,2010,80.05,,
18001,2011,72.08,,
18001,2012,70.42,,
18001,2013,70.5,,
18001,2014,70.2966,,
18001,2015,72.7062,,
18001,2016,73.73,,
18001,2017,73.6527,,
18001,2018,73.4932,,
18001,2019,73.5482,,
18001,2020,69.22,,
18029,2000,44.45,,
18029,2001,48.2,,
18029,2002,55.7,,
18029,2003,52,,
18029,2004,54.87,,
18029,2005,57.2851,,
18029,2006,54.92,,
18029,2007,57.4,,
18029,2008,53.95,,
18029,2009,55.82,,
18029,2010,57.1,,
18029,2011,61.11,,
18029,2012,61.39,,
18029,2013,61.47,,
18029,2014,65.8351,,
18029,2015,69.3347,,
18029,2016,64.65,,
18029,2017,61.4834,,
18029,2018,60.1392,,
18029,2019,61.606,,
18029,2020,59.93,,
18094,2000,49.17,,
18094,2001,51.17,,
18094,2002,52.89,,
18094,2003,47.45,,
18094,2004,41.8,,
18094,2005,37.5864,,
18094,2006,45.79,,
18094,2007,34.78,,
18094,2008,58.52,,
18094,2009,58.88,,
18094,2010,64.07,,
18094,2011,64.01,,
18094,2012,67.31,,
18094,2013,70.89,,
18094,2014,67.6906,,
18094,2015,68.5345,,
18094,2016,71.29,,
18094,2017,69.3219,,
18094,2018,68.7718,,
18094,2019,65.3347,,
18094,2020,67.45,,
18150,2000,66.93,,
18150,2001,67.74,,
18150,2002,65.04,,
18150,2003,61.15,,
18150,2004,68.29,,
18150,2005,59.9484,,
18150,2006,60.32,,
18150,2007,56.22,,
18150,2008,64.95,,
18150,2009,57.47,,
18150,2010,67.65,,
18150,2011,62.38,,
18150,2012,68.77,,
18150,2013,67.01,,
18150,2014,82.5574,,
18150,2015,76.9735,,
18150,2016,65.48,,
18150,2017,70.788,,
18150,2018,72.8915,,
18150,2019,72.8094,,
18150,2020,73.1,,
18205,2000,62.24,,
18205,2001,51.38,,
18205,2002,57.94,,
18205,2003,51.56,,
18205,2004,57.55,,
18205,2005,59.3388,,
18205,2006,61.98,,
18205,2007,64.32,,
18205,2008,66.02,,
18205,2009,59.96,,
18205,2010,65.59,,
18205,2011,68.97,,
18205,2012,62.32,,
18205,2013,61.85,,
18205,2014,63.0598,,
18205,2015,72.9444,,
18205,2016,42.29,,
18205,2017,57.5385,,
18205,2018,63.0181,,
18205,2019,65.9204,,
18205,2020,58.85,,
18247,2000,55.78,,
18247,2001,54.62,,
18247,2002,57.11,,
18247,2003,57.51,,
18247,2004,53.91,,
18247,2005,51.702,,
18247,2006,56.91,,
18247,2007,61.21,,
18247,2008,62.62,,
18247,2009,59.91,,
18247,2010,69.51,,
18247,2011,67.27,,
18247,2012,64,,
18247,2013,67.04,,
18247,2014,66.7655,,
18247,2015,70.3531,,
18247,2016,69.55,,
18247,2017,68.8794,,
18247,2018,70.1093,,
18247,2019,68.8484,,
18247,2020,67.6,,
18256,2000,50.19,,
18256,2001,52.67,,
18256,2002,53.96,,
18256,2003,46.61,,
18256,2004,50.75,,
18256,2005,58.0007,,
18256,2006,59.05,,
18256,2007,63.64,,
18256,2008,58.64,,
18256,2009,57.17,,
18256,2010,64.99,,
18256,2011,62.79,,
18256,2012,62.67,,
18256,2013,65.19,,
18256,2014,67.1004,,
18256,2015,76.3065,,
18256,2016,69.56,,
18256,2017,68.6729,,
18256,2018,64.5705,,
18256,2019,68.2514,,
18256,2020,64.97,,
18410,2000,54.51,,
18410,2001,61.95,,
18410,2002,60.87,,
18410,2003,57.15,,
18410,2004,55.57,,
18410,2005,58.5203,,
18410,2006,58.2,,
18410,2007,62.63,,
18410,2008,61.43,,
18410,2009,58.73,,
18410,2010,62.48,,
18410,2011,64.07,,
18410,2012,65.79,,
18410,2013,68.91,,
18410,2014,67.4125,,
18410,2015,71.0374,,
18410,2016,68.67,,
18410,2017,67.8164,,
18410,2018,69.2994,,
18410,2019,67.4354,,
18410,2020,66.86,,
18460,2000,58.16,,
18460,2001,59.7,,
18460,2002,55.84,,
18460,2003,55.42,,
18460,2004,59.31,,
18460,2005,50.9706,,
18460,2006,56.3,,
18460,2007,36.4,,
18460,2008,53.96,,
18460,2009,56.68,,
18460,2010,63.37,,
18460,2011,64.07,,
18460,2012,57.07,,
18460,2013,60.25,,
18460,2014,71.0011,,
18460,2015,66.1694,,
18460,2016,61.27,,
18460,2017,62.2617,,
18460,2018,66.5791,,
18460,2019,63.8341,,
18460,2020,71.75,,
18479,2000,51.12,,
18479,2001,48.55,,
18479,2002,53.54,,
18479,2003,50.72,,
18479,2004,56.34,,
18479,2005,56.2505,,
18479,2006,53.7,,
18479,2007,62.75,,
18479,2008,56.39,,
18479,2009,54.65,,
18479,2010,59.33,,
18479,2011,61.12,,
18479,2012,60.64,,
18479,2013,63.47,,
18479,2014,63.9722,,
18479,2015,71.0168,,
18479,2016,61.01,,
18479,2017,64.6374,,
18479,2018,60.2054,,
18479,2019,61.7254,,
18479,2020,63.39,,
18592,2000,50.28,,
18592,2001,48.53,,
18592,2002,51.18,,
18592,2003,47.02,,
18592,2004,49.29,,
18592,2005,51.7219,,
18592,2006,57.12,,
18592,2007,55.81,,
18592,2008,58.22,,
18592,2009,56.32,,
18592,2010,70.81,,
18592,2011,65.21,,
18592,2012,66.88,,
18592,2013,68.29,,
18592,2014,69.8848,,
18592,2015,70.8263,,
18592,2016,69.46,,
18592,2017,72.1088,,
18592,2018,77.5046,,
18592,2019,69.6653,,
18592,2020,68.8,,
18610,2000,52.66,,
18610,2001,53.81,,
18610,2002,51.38,,
18610,2003,50.62,,
18610,2004,59.67,,
18610,2005,61.7376,,
18610,2006,63.01,,
18610,2007,68.17,,
18610,2008,65.69,,
18610,2009,60.36,,
18610,2010,67.82,,
18610,2011,69.87,,
18610,2012,70.18,,
18610,2013,68.37,,
18610,2014,71.3452,,
18610,2015,75.984,,
18610,2016,62.57,,
18610,2017,72.5941,,
18610,2018,70.3604,,
18610,2019,65.7035,,
18610,2020,67.09,,
18753,2000,60.88,,
18753,2001,52.05,,
18753,2002,48.88,,
18753,2003,42.36,,
18753,2004,52.92,,
18753,2005,60.2479,,
18753,2006,56.7,,
18753,2007,59.07,,
18753,2008,59.88,,
18753,2009,58.38,,
18753,2010,67.39,,
18753,2011,71.12,,
18753,2012,68.3,,
18753,2013,69.8,,
18753,2014,70.5787,,
18753,2015,73.722,,
18753,2016,72.9,,
18753,2017,73.8848,,
18753,2018,76.2359,,
18753,2019,74.0776,,
18753,2020,72.25,,
18756,2000,55.13,,
18756,2001,59,,
18756,2002,60.48,,
18756,2003,56.71,,
18756,2004,58.37,,
18756,2005,60.0391,,
18756,2006,54.62,,
18756,2007,61.05,,
18756,2008,66.82,,
18756,2009,61.76,,
18756,2010,64.27,,
18756,2011,64.79,,
18756,2012,64.55,,
18756,2013,63.22,,
18756,2014,67.1844,,
18756,2015,65.7051,,
18756,2016,62.1,,
18756,2017,63.6552,,
18756,2018,67.6956,,
18756,2019,35.578,,
18756,2020,61.72,,
18785,2000,60,,
18785,2001,51.37,,
18785,2002,53.52,,
18785,2003,52.55,,
18785,2004,58.82,,
18785,2005,61.7366,,
18785,2006,60.31,,
18785,2007,66.12,,
18785,2008,58.79,,
18785,2009,58.53,,
18785,2010,65.65,,
18785,2011,62.66,,
18785,2012,60.55,,
18785,2013,58.9,,
18785,2014,60.1919,,
18785,2015,76.9465,,
18785,2016,58.09,,
18785,2017,61.2146,,
18785,2018,63.3816,,
18785,2019,60.9528,,
18785,2020,58.7,,
18860,2000,51.12,,
18860,2001,48.4,,
18860,2002,52.26,,
18860,2003,54.47,,
18860,2004,52.86,,
18860,2005,53.8069,,
18860,2006,58.06,,
18860,2007,53.34,,
18860,2008,58.41,,
18860,2009,57.89,,
18860,2010,64.34,,
18860,2011,63.17,,
18860,2012,56.7,,
18860,2013,59.87,,
18860,2014,65.8796,,
18860,2015,69.434,,
18860,2016,58.04,,
18860,2017,60.1717,,
18860,2018,52.0378,,
18860,2019,64.5087,,
18860,2020,64.67,,
19001,2000,56.73,,
19001,2001,57.75,,
19001,2002,48.7,,
19001,2003,56.79,,
19001,2004,63.16,,
19001,2005,66.8118,,
19001,2006,62.88,,
19001,2007,69.93,,
19001,2008,71.15,,
19001,2009,63.54,,
19001,2010,83.85,,
19001,2011,75.72,,
19001,2012,78.83,,
19001,2013,79.04,,
19001,2014,78.3623,,
19001,2015,77.8434,,
19001,2016,77.37,,
19001,2017,78.4945,,
19001,2018,77.76,,
19001,2019,78.8446,,
19001,2020,77.69,,
19022,2000,63.64,,
19022,2001,57.36,,
19022,2003,47.85,,
19022,2005,54.4641,,
19022,2006,56.78,,
19022,2007,55.58,,
19022,2008,63.71,,
19022,2009,56.43,,
19022,2010,63.48,,
19022,2011,63.25,,
19022,2012,64.43,,
19022,2013,61.96,,
19022,2014,64.3055,,
19022,2015,63.9781,,
19022,2016,63.35,,
19022,2017,64.1059,,
19022,2018,62.3984,,
19022,2019,65.685,,
19022,2020,58.28,,
19050,2000,49.67,,
19050,2001,54.47,,
19050,2002,59.24,,
19050,2003,25.76,,
19050,2004,57.4,,
19050,2005,62.6544,,
19050,2006,63.48,,
19050,2007,64.5,,
19050,2008,66.3,,
19050,2009,62.96,,
19050,2010,66.87,,
19050,2011,67.96,,
19050,2012,66.5,,
19050,2013,63.56,,
19050,2014,65.258,,
19050,2015,68.3144,,
19050,2016,62.33,,
19050,2017,73.4223,,
19050,2018,72.2426,,
19050,2019,73.2155,,
19050,2020,70.7,,
19075,2000,54.21,,
19075,2001,54.02,,
19075,2002,49.67,,
19075,2003,36.07,,
19075,2004,15.1,,
19075,2005,59.9195,,
19075,2006,56.03,,
19075,2007,35.64,,
19075,2008,56.63,,
19075,2009,58.89,,
19075,2010,60.37,,
19075,2011,63.78,,
19075,2012,59.63,,
19075,2013,59.79,,
19075,2014,65.2864,,
19075,2015,52.8641,,
19075,2016,60.18,,
19075,2017,62.6361,,
19075,2018,64.1797,,
19075,2019,66.136,,
19075,2020,69.85,,
19100,2000,53.59,,
19100,2001,53.26,,
19100,2002,59.63,,
19100,2003,48.85,,
19100,2004,48.8,,
19100,2005,55.2275,,
19100,2006,54.17,,
19100,2007,61.56,,
19100,2008,57.13,,
19100,2009,57.18,,
19100,2010,61.69,,
19100,2011,63.11,,
19100,2012,63.96,,
19100,2013,63.4,,
19100,2014,66.4809,,
19100,2015,70.5278,,
19100,2016,61.85,,
19100,2017,59.4473,,
19100,2018,57.5713,,
19100,2019,65.6417,,
19100,2020,65.63,,
19110,2002,21.83,,
19110,2003,33.29,,
19110,2004,49.58,,
19110,2005,50.7406,,
19110,2006,54.8,,
19110,2007,60.42,,
19110,2008,56.91,,
19110,2009,57.48,,
19110,2010,56.56,,
19110,2011,65.53,,
19110,2012,54.25,,
19110,2013,59.17,,
19110,2014,63.5261,,
19110,2015,63.2816,,
19110,2016,60.59,,
19110,2017,59.5079,,
19110,2018,61.8812,,
19110,2019,77.2629,,
19110,2020,60.81,,
19130,2000,52.49,,
19130,2001,51.11,,
19130,2002,55.27,,
19130,2003,25.89,,
19130,2004,55.71,,
19130,2005,57.0961,,
19130,2006,57.88,,
19130,2007,64.29,,
19130,2008,63.4,,
19130,2009,59.02,,
19130,2010,65.52,,
19130,2011,63.58,,
19130,2012,65.65,,
19130,2013,65.55,,
19130,2014,67.9563,,
19130,2015,67.9365,,
19130,2016,66.74,,
19130,2017,68.6077,,
19130,2018,65.9438,,
19130,2019,70.0506,,
19130,2020,69.48,,
19137,2001,49.3,,
19137,2002,55.03,,
19137,2003,35.72,,
19137,2004,15.95,,
19137,2005,54.748,,
19137,2006,60.12,,
19137,2007,61.16,,
19137,2008,57.41,,
19137,2009,55.28,,
19137,2010,61.21,,
19137,2011,65.76,,
19137,2012,61,,
19137,2013,59.35,,
19137,2014,62.7565,,
19137,2015,54.1025,,
19137,2016,63.74,,
19137,2017,65.7183,,
19137,2018,63.59,,
19137,2019,67.5344,,
19137,2020,58.23,,
19142,2000,54.52,,
19142,2001,60.99,,
19142,2002,64.08,,
19142,2003,70.97,,
19142,2004,69.24,,
19142,2005,65.7019,,
19142,2006,73.13,,
19142,2007,70.69,,
19142,2008,61.67,,
19142,2009,62.2,,
19142,2010,72.51,,
19142,2011,55.79,,
19142,2012,73.62,,
19142,2013,71.32,,
19142,2014,73.2744,,
19142,2015,73.4524,,
19142,2016,74.13,,
19142,2017,71.6419,,
19142,2018,67.3877,,
19142,2019,69.2649,,
19142,2020,68.23,,
19212,2000,53.52,,
19212,2001,49.98,,
19212,2002,50.39,,
19212,2003,40.24,,
19212,2004,52.33,,
19212,2005,52.6453,,
19212,2006,59.97,,
19212,2007,63.93,,
19212,2008,61.75,,
19212,2009,59.41,,
19212,2010,67.26,,
19212,2011,67.05,,
19212,2012,65.76,,
19212,2013,65.65,,
19212,2014,69.1735,,
19212,2015,69.9364,,
19212,2016,68.21,,
19212,2017,67.5764,,
19212,2018,64.395,,
19212,2019,70.1397,,
19212,2020,67.85,,
19256,2000,53.26,,
19256,2002,61.27,,
19256,2003,52.83,,
19256,2004,35.35,,
19256,2005,60.2186,,
19256,2006,58.59,,
19256,2007,59.85,,
19256,2008,59.21,,
19256,2009,58.83,,
19256,2010,69.19,,
19256,2011,70.76,,
19256,2012,58.45,,
19256,2013,60.9,,
19256,2014,64.9304,,
19256,2015,64.9678,,
19256,2016,62.75,,
19256,2017,61.8524,,
19256,2018,65.5806,,
19256,2019,64.3101,,
19256,2020,63.02,,
19290,2000,56.82,,
19290,2001,51.35,,
19290,2002,54.01,,
19290,2003,53.82,,
19290,2004,53.14,,
19290,2005,51.6084,,
19290,2006,57.02,,
19290,2007,58.59,,
19290,2008,58.86,,
19290,2009,56.6,,
19290,2010,58.06,,
19290,2011,56.69,,
19290,2012,56.66,,
19290,2013,56.18,,
19290,2014,59.0874,,
19290,2015,64.3559,,
19290,2016,57.41,,
19290,2017,67.5279,,
19290,2018,59.3597,,
19290,2019,58.6629,,
19290,2020,59.87,,
19300,2008,81.69,,
19300,2009,65.49,,
19300,2010,80.2,,
19300,2011,81.41,,
19300,2012,77.41,,
19300,2013,78.04,,
19300,2014,77.2913,,
19300,2015,78.3793,,
19300,2016,75.62,,
19300,2017,77.4607,,
19300,2018,78.1477,,
19300,2019,76.4033,,
19300,2020,76.23,,
19318,2000,42.12,,
19318,2002,50.81,,
19318,2003,46.86,,
19318,2004,53.33,,
19318,2005,57.1396,,
19318,2006,52.82,,
19318,2007,54.8,,
19318,2008,53.33,,
19318,2009,43.86,,
19318,2010,55.36,,
19318,2011,43.56,,
19318,2012,55.37,,
19318,2013,43.77,,
19318,2014,48.5161,,
19318,2015,56.9124,,
19318,2016,53.01,,
19318,2017,62.0745,,
19318,2018,71.9639,,
19318,2019,71.496,,
19318,2020,67.78,,
19355,2000,53.85,,
19355,2001,53.33,,
19355,2002,57.59,,
19355,2003,50.73,,
19355,2004,56.19,,
19355,2005,60.0899,,
19355,2006,62.36,,
19355,2007,64.32,,
19355,2008,67.22,,
19355,2009,60.58,,
19355,2010,70.35,,
19355,2011,74.16,,
19355,2012,72.52,,
19355,2013,65.53,,
19355,2014,72.8678,,
19355,2015,76.9527,,
19355,2016,66.75,,
19355,2017,69.0592,,
19355,2018,65.8568,,
19355,2019,63.2183,,
19355,2020,63.14,,
19364,2000,54.3,,
19364,2001,52,,
19364,2002,54.9,,
19364,2003,55.89,,
19364,2004,58.6,,
19364,2005,56.4858,,
19364,2006,58.94,,
19364,2007,65.8,,
19364,2008,50.41,,
19364,2009,59.6,,
19364,2010,61.34,,
19364,2011,61.18,,
19364,2012,60.37,,
19364,2013,59.4,,
19364,2014,58.172,,
19364,2015,58.043,,
19364,2016,63.88,,
19364,2017,64.9003,,
19364,2018,64.2528,,
19364,2019,70.9414,,
19364,2020,60.07,,
19392,2000,56.94,,
19392,2001,60.95,,
19392,2002,54.04,,
19392,2003,51.37,,
19392,2004,53.76,,
19392,2005,56.2642,,
19392,2006,61.63,,
19392,2007,57.43,,
19392,2008,55.14,,
19392,2009,53.59,,
19392,2010,54.25,,
19392,2011,56.03,,
19392,2012,58.07,,
19392,2013,58.28,,
19392,2014,61.9089,,
19392,2015,68.622,,
19392,2016,58.67,,
19392,2017,61.5969,,
19392,2018,60.3189,,
19392,2019,63.4931,,
19392,2020,60.61,,
19397,2000,49.73,,
19397,2001,50.8,,
19397,2002,56.61,,
19397,2003,65.32,,
19397,2004,49.39,,
19397,2005,53.089,,
19397,2006,56.08,,
19397,2007,61,,
19397,2008,54.97,,
19397,2009,57.2,,
19397,2010,57.88,,
19397,2011,60.33,,
19397,2012,56.39,,
19397,2013,65.32,,
19397,2014,68.69,,
19397,2015,76.2289,,
19397,2016,61.66,,
19397,2017,62.4294,,
19397,2018,63.2254,,
19397,2019,61.866,,
19397,2020,60.84,,
19418,2000,53.15,,
19418,2003,54.26,,
19418,2004,53.41,,
19418,2005,54.8524,,
19418,2006,61.98,,
19418,2007,53.08,,
19418,2008,69.48,,
19418,2009,64.13,,
19418,2010,64.9,,
19418,2011,70.94,,
19418,2012,63.18,,
19418,2013,68.78,,
19418,2014,69.7206,,
19418,2015,67.6065,,
19418,2016,57.96,,
19418,2017,60.1762,,
19418,2018,65.924,,
19418,2019,78.9396,,
19418,2020,69.66,,
19450,2000,50.88,,
19450,2001,50.98,,
19450,2003,46.85,,
19450,2004,42.69,,
19450,2005,47.3779,,
19450,2006,52.89,,
19450,2007,55.09,,
19450,2008,66.41,,
19450,2009,57.8,,
19450,2010,63.2,,
19450,2011,62.63,,
19450,2012,59.43,,
19450,2013,54.88,,
19450,2014,58.5673,,
19450,2015,61.543,,
19450,2016,59.04,,
19450,2017,60.7772,,
19450,2018,63.0204,,
19450,2019,58.556,,
19450,2020,58.69,,
19455,2000,59.07,,
19455,2001,62.79,,
19455,2002,58.21,,
19455,2003,68.53,,
19455,2004,68.83,,
19455,2005,71.0262,,
19455,2006,72.58,,
19455,2007,81.39,,
19455,2008,73.37,,
19455,2009,68.05,,
19455,2010,77.52,,
19455,2011,79.79,,
19455,2012,73.11,,
19455,2013,75.2,,
19455,2014,76.1423,,
19455,2015,75.8679,,
19455,2016,75.91,,
19455,2017,76.4819,,
19455,2018,74.6818,,
19455,2019,73.7103,,
19455,2020,72.45,,
19473,2000,42.53,,
19473,2001,35.22,,
19473,2002,47.35,,
19473,2003,46.72,,
19473,2004,48.55,,
19473,2005,59.6352,,
19473,2006,52.16,,
19473,2007,59.96,,
19473,2008,57.93,,
19473,2009,56.81,,
19473,2010,66.52,,
19473,2011,66.9,,
19473,2012,64.59,,
19473,2013,64.14,,
19473,2014,67.7201,,
19473,2015,70.3297,,
19473,2016,64.2,,
19473,2017,67.1055,,
19473,2018,68.2026,,
19473,2019,72.4409,,
19473,2020,65.42,,
19513,2000,44.59,,
19513,2001,45.7,,
19513,2003,52.73,,
19513,2005,51.8505,,
19513,2006,53.98,,
19513,2007,34.92,,
19513,2008,51.36,,
19513,2009,56.6,,
19513,2010,62.73,,
19513,2011,63.52,,
19513,2012,63.35,,
19513,2013,66.95,,
19513,2014,72.7444,,
19513,2015,71.8359,,
19513,2016,67.02,,
19513,2017,65.7116,,
19513,2018,65.6851,,
19513,2019,65.0662,,
19513,2020,64.46,,
19517,2001,62.04,,
19517,2002,60.11,,
19517,2003,55.15,,
19517,2004,56.7,,
19517,2005,58.4291,,
19517,2006,65.48,,
19517,2007,63.92,,
19517,2008,62.77,,
19517,2009,58.89,,
19517,2010,70.53,,
19517,2011,66.4,,
19517,2012,64.77,,
19517,2013,63.84,,
19517,2014,71.2674,,
19517,2015,76.8055,,
19517,2016,68.1,,
19517,2017,71.3984,,
19517,2018,70.7805,,
19517,2019,75.4395,,
19517,2020,66.41,,
19532,2001,59.47,,
19532,2002,52.18,,
19532,2003,62.27,,
19532,2004,59.92,,
19532,2005,60.793,,
19532,2006,64.64,,
19532,2007,64.16,,
19532,2008,65.18,,
19532,2009,60.51,,
19532,2010,70.13,,
19532,2011,67.76,,
19532,2012,66.65,,
19532,2013,64.45,,
19532,2014,65.6499,,
19532,2015,69.3607,,
19532,2016,68.25,,
19532,2017,65.4221,,
19532,2018,68.8519,,
19532,2019,68.754,,
19532,2020,69.67,,
19533,2001,53.53,,
19533,2002,50.55,,
19533,2003,52.36,,
19533,2005,62.2825,,
19533,2006,66.71,,
19533,2007,63.75,,
19533,2008,67.89,,
19533,2009,58.69,,
19533,2010,63.19,,
19533,2011,69.26,,
19533,2012,62.26,,
19533,2013,63.3,,
19533,2014,68.4686,,
19533,2015,68.6711,,
19533,2016,59.64,,
19533,2017,62.0883,,
19533,2018,61.726,,
19533,2019,67.5999,,
19533,2020,61.97,,
19548,2000,51.32,,
19548,2001,52.94,,
19548,2002,60.77,,
19548,2003,59.33,,
19548,2004,61.89,,
19548,2005,62.7087,,
19548,2006,61.99,,
19548,2007,67.17,,
19548,2008,65.3,,
19548,2009,62.88,,
19548,2010,73.8,,
19548,2011,71.15,,
19548,2012,70.31,,
19548,2013,72.06,,
19548,2014,71.2819,,
19548,2015,72.7716,,
19548,2016,71.34,,
19548,2017,71.915,,
19548,2018,71.1666,,
19548,2019,70.1059,,
19548,2020,68.11,,
19573,2000,55.03,,
19573,2001,52.99,,
19573,2002,43.28,,
19573,2003,48.27,,
19573,2004,35.45,,
19573,2005,49.3307,,
19573,2006,61.2,,
19573,2007,65.13,,
19573,2008,65.64,,
19573,2009,62.07,,
19573,2010,74.17,,
19573,2011,70.37,,
19573,2012,71.6,,
19573,2013,71.16,,
19573,2014,71.6494,,
19573,2015,72.0178,,
19573,2016,69.48,,
19573,2017,74.8079,,
19573,2018,77.1394,,
19573,2019,74.1621,,
19573,2020,73.84,,
19585,2000,60.21,,
19585,2002,62.99,,
19585,2003,50.66,,
19585,2004,56.49,,
19585,2005,57.2052,,
19585,2006,56.86,,
19585,2007,57.9,,
19585,2008,58.49,,
19585,2009,55.91,,
19585,2010,61.23,,
19585,2011,61.92,,
19585,2012,65.78,,
19585,2013,62.07,,
19585,2014,64.2896,,
19585,2015,73.3979,,
19585,2016,68.76,,
19585,2017,61.1518,,
19585,2018,62.6063,,
19585,2019,63.4674,,
19585,2020,65.1,,
19622,2000,64.02,,
19622,2001,47.69,,
19622,2002,53.05,,
19622,2003,47.92,,
19622,2004,46.43,,
19622,2005,56.745,,
19622,2006,52.18,,
19622,2007,49.41,,
19622,2008,58.33,,
19622,2009,56.12,,
19622,2010,58.59,,
19622,2011,61.7,,
19622,2012,61.44,,
19622,2013,61.79,,
19622,2014,62.5693,,
19622,2015,65.4545,,
19622,2016,61.72,,
19622,2017,66.4291,,
19622,2018,61.6682,,
19622,2019,62.0873,,
19622,2020,59.96,,
19693,2000,56.48,,
19693,2001,52.88,,
19693,2002,56.52,,
19693,2003,54.98,,
19693,2004,54.36,,
19693,2005,58.0599,,
19693,2006,52.05,,
19693,2007,62.47,,
19693,2008,62.09,,
19693,2009,57.05,,
19693,2010,60.59,,
19693,2011,62.69,,
19693,2012,63.54,,
19693,2013,61.69,,
19693,2014,63.3417,,
19693,2015,67.7463,,
19693,2016,61.27,,
19693,2017,63.4671,,
19693,2018,62.3185,,
19693,2019,59.0616,,
19693,2020,58.96,,
19698,2000,51.45,,
19698,2001,65.1,,
19698,2002,60.34,,
19698,2003,22.02,,
19698,2004,61.64,,
19698,2005,63.7403,,
19698,2006,64.48,,
19698,2007,70.68,,
19698,2008,65.62,,
19698,2009,64.5,,
19698,2010,74.98,,
19698,2011,75.28,,
19698,2012,73.83,,
19698,2013,73.54,,
19698,2014,72.6913,,
19698,2015,73.6175,,
19698,2016,71.13,,
19698,2017,69.3958,,
19698,2018,72.8788,,
19698,2019,72.0705,,
19698,2020,70.28,,
19701,2000,50.07,,
19701,2001,48.56,,
19701,2002,53.18,,
19701,2003,57.42,,
19701,2004,61.73,,
19701,2005,54.683,,
19701,2006,52.3,,
19701,2007,59.18,,
19701,2008,58.67,,
19701,2009,56.41,,
19701,2010,52.75,,
19701,2011,57.38,,
19701,2012,53.67,,
19701,2013,58.06,,
19701,2014,60.6551,,
19701,2015,64.3089,,
19701,2016,60.7,,
19701,2017,63.9976,,
19701,2018,59.513,,
19701,2019,60.4265,,
19701,2020,59.01,,
19743,2000,55.74,,
19743,2001,49.86,,
19743,2002,57.12,,
19743,2003,56.12,,
19743,2004,58.11,,
19743,2005,65.459,,
19743,2006,58.01,,
19743,2007,64.82,,
19743,2008,56.97,,
19743,2009,50.72,,
19743,2010,62.38,,
19743,2011,64.41,,
19743,2012,66.38,,
19743,2013,59.66,,
19743,2014,64.1187,,
19743,2015,44.6341,,
19743,2016,59.8,,
19743,2017,58.1561,,
19743,2018,63.8562,,
19743,2019,65.5659,,
19743,2020,60.07,,
19760,2000,52.72,,
19760,2001,55.86,,
19760,2002,62.97,,
19760,2003,58.43,,
19760,2004,50.3,,
19760,2005,47.8807,,
19760,2006,59.13,,
19760,2007,62.85,,
19760,2008,59.91,,
19760,2009,57.8,,
19760,2010,58.77,,
19760,2011,61.31,,
19760,2012,59.04,,
19760,2013,63.3,,
19760,2014,67.1777,,
19760,2015,66.1016,,
19760,2016,68.86,,
19760,2017,66.4442,,
19760,2018,63.2212,,
19760,2019,61.0531,,
19760,2020,58.41,,
19780,2001,53.04,,
19780,2002,47.42,,
19780,2003,40.97,,
19780,2004,47.64,,
19780,2005,47.5874,,
19780,2006,49.98,,
19780,2007,63.48,,
19780,2008,54.61,,
19780,2009,59.98,,
19780,2010,64.57,,
19780,2011,0,,
19780,2012,59.38,,
19780,2013,63.89,,
19780,2014,60.1371,,
19780,2015,63.5503,,
19780,2016,58.31,,
19780,2017,66.0279,,
19780,2018,65.8596,,
19780,2019,65.0145,,
19780,2020,64.2,,
19785,2000,52.21,,
19785,2001,51.97,,
19785,2002,54.19,,
19785,2003,56.4,,
19785,2004,49.22,,
19785,2005,56.7443,,
19785,2006,60.67,,
19785,2007,58.81,,
19785,2008,62.53,,
19785,2009,60.86,,
19785,2010,63.68,,
19785,2011,64.96,,
19785,2012,59.28,,
19785,2013,64.64,,
19785,2014,64.5744,,
19785,2015,65.4784,,
19785,2016,59.57,,
19785,2017,66.4915,,
19785,2018,64.378,,
19785,2019,67.9621,,
19785,2020,63.89,,
19807,2000,56.06,,
19807,2001,55.64,,
19807,2002,59,,
19807,2003,60.23,,
19807,2004,60.08,,
19807,2005,61.137,,
19807,2006,60.95,,
19807,2007,67.47,,
19807,2008,63.96,,
19807,2009,60.53,,
19807,2010,71.22,,
19807,2011,68.6,,
19807,2012,67.48,,
19807,2013,66.73,,
19807,2014,66.7141,,
19807,2015,66.7661,,
19807,2016,65.92,,
19807,2017,67.9029,,
19807,2018,66.6788,,
19807,2019,65.5477,,
19807,2020,63.78,,
19809,2000,48.83,,
19809,2001,62.66,,
19809,2003,51.11,,
19809,2004,59.27,,
19809,2005,58.6499,,
19809,2006,55.48,,
19809,2007,55.7,,
19809,2008,61.85,,
19809,2009,53.84,,
19809,2010,60.19,,
19809,2011,63.39,,
19809,2012,69.26,,
19809,2013,70.53,,
19809,2014,74.5103,,
19809,2015,73.3997,,
19809,2016,69.65,,
19809,2017,65.8769,,
19809,2018,74.3496,,
19809,2019,72.6239,,
19809,2020,62,,
19821,2000,57.83,,
19821,2001,51.56,,
19821,2002,58.78,,
19821,2003,48.29,,
19821,2004,60.47,,
19821,2005,58.2167,,
19821,2006,57.12,,
19821,2007,63.44,,
19821,2008,64.05,,
19821,2009,58.02,,
19821,2010,64.99,,
19821,2011,60.46,,
19821,2012,68.45,,
19821,2013,67.45,,
19821,2014,67.058,,
19821,2015,70.46,,
19821,2016,74.14,,
19821,2017,65.1699,,
19821,2018,68.4806,,
19821,2019,74.5333,,
19821,2020,72.03,,
19824,2000,48.82,,
19824,2001,53.18,,
19824,2002,48.65,,
19824,2003,49.08,,
19824,2004,60.37,,
19824,2005,57.5793,,
19824,2006,58.25,,
19824,2007,59.27,,
19824,2008,58.67,,
19824,2009,56.53,,
19824,2010,60.12,,
19824,2011,63.74,,
19824,2012,63.37,,
19824,2013,61.44,,
19824,2014,68.6816,,
19824,2015,74.371,,
19824,2016,65.45,,
19824,2017,69.8122,,
19824,2018,67.6331,,
19824,2019,72.931,,
19824,2020,54.42,,
19845,2000,56.94,,
19845,2001,63.25,,
19845,2002,66.47,,
19845,2003,67.98,,
19845,2004,74.28,,
19845,2005,70.0049,,
19845,2006,72.07,,
19845,2007,76.58,,
19845,2008,73.91,,
19845,2009,70.94,,
19845,2010,78.42,,
19845,2011,70.04,,
19845,2012,76.2,,
19845,2013,77.18,,
19845,2014,77.4147,,
19845,2015,78.9874,,
19845,2016,76.37,,
19845,2017,77.7709,,
19845,2018,77.5779,,
19845,2019,82.2476,,
19845,2020,80.47,,
20001,2000,42.65,,
20001,2001,52.96,,
20001,2002,59.86,,
20001,2003,57.31,,
20001,2004,61.51,,
20001,2005,62.0802,,
20001,2006,60.01,,
20001,2007,65.34,,
20001,2008,69.05,,
20001,2009,65.79,,
20001,2010,84.32,,
20001,2011,75.41,,
20001,2012,74.64,,
20001,2013,79.23,,
20001,2014,79.0644,,
20001,2015,78.7248,,
20001,2016,77.11,,
20001,2017,78.2846,,
20001,2018,78.1067,,
20001,2019,77.7419,,
20001,2020,75.44,,
20011,2000,51.07,,
20011,2001,53.5,,
20011,2002,63.29,,
20011,2003,61.33,,
20011,2004,55.88,,
20011,2005,58.3531,,
20011,2006,63.28,,
20011,2007,68.02,,
20011,2008,72.5,,
20011,2009,66.25,,
20011,2010,72.11,,
20011,2011,74.52,,
20011,2012,75.42,,
20011,2013,74.27,,
20011,2014,75.9585,,
20011,2015,79.0075,,
20011,2016,74.25,,
20011,2017,74.7386,,
20011,2018,74.8528,,
20011,2019,73.4495,,
20011,2020,72.41,,
20013,2001,48.69,,
20013,2002,53.69,,
20013,2003,20.58,,
20013,2004,50.11,,
20013,2005,49.742,,
20013,2006,62.16,,
20013,2007,63.89,,
20013,2008,69.13,,
20013,2009,65.33,,
20013,2010,74.68,,
20013,2011,70.17,,
20013,2012,69.84,,
20013,2013,73.26,,
20013,2014,73.6534,,
20013,2015,74.4534,,
20013,2016,73.1,,
20013,2017,61.9314,,
20013,2018,70.8925,,
20013,2019,51.578,,
20013,2020,71.7,,
20032,2001,49.47,,
20032,2002,44.48,,
20032,2003,52.86,,
20032,2004,55.59,,
20032,2005,57.6961,,
20032,2006,58.84,,
20032,2007,67.76,,
20032,2008,64.74,,
20032,2009,58.72,,
20032,2010,62.42,,
20032,2011,64.48,,
20032,2012,65.63,,
20032,2013,66.81,,
20032,2014,67.6859,,
20032,2015,66.9979,,
20032,2016,60.37,,
20032,2017,61.3215,,
20032,2018,64.197,,
20032,2019,60.7621,,
20032,2020,60.03,,
20045,2000,48.36,,
20045,2001,48.68,,
20045,2002,51.62,,
20045,2003,53.86,,
20045,2004,56.82,,
20045,2005,65.1519,,
20045,2006,63.18,,
20045,2007,68.09,,
20045,2008,65.4,,
20045,2009,63.05,,
20045,2010,77.69,,
20045,2011,75.4,,
20045,2012,52.38,,
20045,2013,75.89,,
20045,2014,78.9183,,
20045,2015,79.076,,
20045,2016,75.55,,
20045,2017,70.3826,,
20045,2018,75.3646,,
20045,2019,74.3105,,
20045,2020,67.9,,
20060,2000,50.47,,
20060,2001,51.44,,
20060,2002,54.61,,
20060,2003,46.2,,
20060,2004,46.24,,
20060,2005,59.7972,,
20060,2006,59.72,,
20060,2007,68.31,,
20060,2008,66.7,,
20060,2009,68.14,,
20060,2010,76.99,,
20060,2011,69.66,,
20060,2012,66.88,,
20060,2013,68.93,,
20060,2014,75.4972,,
20060,2015,76.5183,,
20060,2016,75.36,,
20060,2017,73.377,,
20060,2018,73.5542,,
20060,2019,71.0379,,
20060,2020,72.23,,
20175,2001,49.66,,
20175,2002,46.59,,
20175,2003,45.03,,
20175,2004,44.01,,
20175,2005,44.8162,,
20175,2006,52.58,,
20175,2008,59.29,,
20175,2009,55.75,,
20175,2010,57.21,,
20175,2011,62.77,,
20175,2012,66.36,,
20175,2013,67.86,,
20175,2014,67.1705,,
20175,2015,72.1249,,
20175,2016,67.95,,
20175,2017,58.2887,,
20175,2018,65.5079,,
20175,2019,73.7987,,
20175,2020,70.78,,
20178,2000,50.17,,
20178,2001,61.28,,
20178,2003,59.86,,
20178,2004,69.61,,
20178,2005,65.1497,,
20178,2006,65.33,,
20178,2007,71.58,,
20178,2008,69.21,,
20178,2009,42.18,,
20178,2010,76.93,,
20178,2011,83.94,,
20178,2012,71.84,,
20178,2013,70.76,,
20178,2014,74.2592,,
20178,2015,79.2907,,
20178,2016,68.92,,
20178,2017,70.431,,
20178,2018,72.4509,,
20178,2019,62.9683,,
20178,2020,70.57,,
20228,2001,46.06,,
20228,2002,52.01,,
20228,2003,51.12,,
20228,2004,57.86,,
20228,2005,57.7315,,
20228,2006,64.08,,
20228,2007,59.32,,
20228,2008,59.41,,
20228,2009,58.61,,
20228,2010,78.16,,
20228,2011,68.69,,
20228,2012,73.11,,
20228,2013,74.67,,
20228,2014,70.4515,,
20228,2015,75.2743,,
20228,2016,75.37,,
20228,2017,75.19,,
20228,2018,73.0843,,
20228,2019,71.55,,
20228,2020,71.12,,
20238,2000,37.99,,
20238,2001,39.87,,
20238,2002,44.16,,
20238,2003,51.02,,
20238,2004,47.93,,
20238,2005,48.507,,
20238,2006,48.22,,
20238,2007,61.75,,
20238,2008,66.15,,
20238,2009,56.28,,
20238,2010,66.68,,
20238,2011,70.57,,
20238,2012,64.85,,
20238,2013,72.08,,
20238,2014,68.616,,
20238,2015,70.4249,,
20238,2016,70.96,,
20238,2017,70.3719,,
20238,2018,70.3907,,
20238,2019,71.1548,,
20238,2020,72.64,,
20250,2000,50.42,,
20250,2001,57.39,,
20250,2002,68.46,,
20250,2003,62.27,,
20250,2004,52.34,,
20250,2005,66.4357,,
20250,2006,62.61,,
20250,2007,71.18,,
20250,2008,71.31,,
20250,2009,63.05,,
20250,2010,64.61,,
20250,2011,70.59,,
20250,2012,70.89,,
20250,2013,78.26,,
20250,2014,75.8511,,
20250,2015,73.8725,,
20250,2016,71.69,,
20250,2017,70.9152,,
20250,2018,75.4212,,
20250,2019,75.1028,,
20250,2020,72.81,,
20295,2000,53.97,,
20295,2001,51.77,,
20295,2002,54.67,,
20295,2003,57.2,,
20295,2004,62.7,,
20295,2005,61.847,,
20295,2006,61.04,,
20295,2007,65.75,,
20295,2008,55.85,,
20295,2009,58.2,,
20295,2010,67.61,,
20295,2011,68.08,,
20295,2012,69.37,,
20295,2013,74.17,,
20295,2014,72.6291,,
20295,2015,75.1015,,
20295,2016,71.35,,
20295,2017,71.5855,,
20295,2018,67.4827,,
20295,2019,71.1709,,
20295,2020,65.77,,
20310,2000,50.93,,
20310,2001,50.96,,
20310,2002,52,,
20310,2003,45.06,,
20310,2004,51.53,,
20310,2005,51.9556,,
20310,2006,54.03,,
20310,2007,66.87,,
20310,2008,55.31,,
20310,2009,53.22,,
20310,2010,55.65,,
20310,2011,55.38,,
20310,2012,59.61,,
20310,2013,60.79,,
20310,2014,63.1211,,
20310,2015,62.1157,,
20310,2016,58.13,,
20310,2017,56.5642,,
20310,2018,59.3157,,
20310,2019,63.65,,
20310,2020,54.87,,
20383,2000,52.4,,
20383,2001,51.54,,
20383,2002,56.85,,
20383,2003,55.57,,
20383,2004,64.33,,
20383,2005,60.1263,,
20383,2006,62.79,,
20383,2007,55.71,,
20383,2008,61.42,,
20383,2009,59.64,,
20383,2010,66.4,,
20383,2011,66.26,,
20383,2012,72.02,,
20383,2013,69.33,,
20383,2014,68.9641,,
20383,2015,75.3728,,
20383,2016,69.39,,
20383,2017,70.1013,,
20383,2018,78.6493,,
20383,2019,77.1643,,
20383,2020,72.62,,
20400,2000,54.11,,
20400,2001,59.89,,
20400,2003,15.87,,
20400,2004,73.23,,
20400,2005,0,,
20400,2006,70.41,,
20400,2007,70.39,,
20400,2008,78.73,,
20400,2009,67.22,,
20400,2010,82.31,,
20400,2011,81.14,,
20400,2012,79.6,,
20400,2013,77.78,,
20400,2014,83.6941,,
20400,2015,82.1982,,
20400,2016,83.22,,
20400,2017,77.5768,,
20400,2018,80.5103,,
20400,2019,77.6612,,
20400,2020,69.49,,
20443,2001,44.52,,
20443,2003,58.7,,
20443,2004,33.85,,
20443,2005,62.5161,,
20443,2006,60.05,,
20443,2007,63.56,,
20443,2008,59.55,,
20443,2009,60.69,,
20443,2010,63.53,,
20443,2011,64.77,,
20443,2012,63.37,,
20443,2013,68.83,,
20443,2014,64.7372,,
20443,2015,67.5718,,
20443,2016,58.21,,
20443,2017,54.521,,
20443,2018,65.3093,,
20443,2019,63.5037,,
20443,2020,62.29,,
20517,2001,52.12,,
20517,2002,50.17,,
20517,2003,67.72,,
20517,2004,69.25,,
20517,2005,58.7365,,
20517,2006,61.97,,
20517,2007,64.36,,
20517,2008,54.47,,
20517,2009,54.02,,
20517,2010,63.02,,
20517,2011,57.52,,
20517,2012,67.05,,
20517,2013,66.76,,
20517,2014,66.9882,,
20517,2015,67.9397,,
20517,2016,65.99,,
20517,2017,65.2393,,
20517,2018,64.3144,,
20517,2020,63.06,,
20550,2000,58.71,,
20550,2001,49.65,,
20550,2002,45.65,,
20550,2003,57.11,,
20550,2004,58.51,,
20550,2005,52.3611,,
20550,2006,53.43,,
20550,2007,58.34,,
20550,2008,56.83,,
20550,2009,59.4,,
20550,2010,65.51,,
20550,2011,73.21,,
20550,2012,67.79,,
20550,2013,69.15,,
20550,2014,68.7016,,
20550,2015,72.8949,,
20550,2016,72.16,,
20550,2017,68.282,,
20550,2018,72.0989,,
20550,2019,70.6899,,
20550,2020,70.25,,
20570,2000,47.17,,
20570,2002,52.98,,
20570,2003,52.44,,
20570,2004,48.71,,
20570,2005,51.8429,,
20570,2006,52.49,,
20570,2007,53.48,,
20570,2008,51.61,,
20570,2009,59.78,,
20570,2010,62.11,,
20570,2011,65.65,,
20570,2012,62.35,,
20570,2013,59.45,,
20570,2014,58.9359,,
20570,2015,62.2396,,
20570,2016,58.21,,
20570,2017,57.4757,,
20570,2018,64.9805,,
20570,2019,67.1316,,
20570,2020,61.27,,
20614,2000,51.74,,
20614,2001,54.35,,
20614,2002,56.5,,
20614,2003,54.33,,
20614,2004,44.19,,
20614,2005,60.8351,,
20614,2006,63.96,,
20614,2007,68.71,,
20614,2008,65.92,,
20614,2009,56.99,,
20614,2010,66.72,,
20614,2011,68.62,,
20614,2012,65.85,,
20614,2013,65.98,,
20614,2014,71.167,,
20614,2015,56.2541,,
20614,2016,71.05,,
20614,2017,72.4419,,
20614,2018,73.7722,,
20614,2019,72.2593,,
20614,2020,73.8,,
20621,2000,46.05,,
20621,2001,46.26,,
20621,2003,48.98,,
20621,2004,53.12,,
20621,2005,62.3893,,
20621,2006,60.9,,
20621,2007,64.06,,
20621,2008,66.04,,
20621,2009,64.56,,
20621,2010,72.09,,
20621,2011,67.94,,
20621,2012,71.02,,
20621,2013,70.47,,
20621,2014,76.9549,,
20621,2015,68.7651,,
20621,2016,71.57,,
20621,2017,71.2241,,
20621,2018,71.0819,,
20621,2019,72.9247,,
20621,2020,68.25,,
20710,2000,55.74,,
20710,2001,56.71,,
20710,2002,60.87,,
20710,2003,64.51,,
20710,2004,50.92,,
20710,2005,68.7509,,
20710,2006,69.23,,
20710,2007,75.32,,
20710,2008,74.96,,
20710,2009,70.94,,
20710,2010,77.92,,
20710,2011,75.7,,
20710,2012,80.27,,
20710,2013,79.36,,
20710,2014,81.2921,,
20710,2015,80.6461,,
20710,2016,77.12,,
20710,2017,76.6224,,
20710,2018,76.0316,,
20710,2019,73.4866,,
20710,2020,73.79,,
20750,2000,45.94,,
20750,2001,42.93,,
20750,2002,44.53,,
20750,2003,43.94,,
20750,2004,60.24,,
20750,2005,62.1654,,
20750,2007,48.12,,
20750,2008,60.75,,
20750,2009,66.21,,
20750,2010,74.26,,
20750,2011,72.28,,
20750,2012,62.62,,
20750,2013,66.12,,
20750,2014,66.1756,,
20750,2015,63.3293,,
20750,2016,65.9,,
20750,2017,68.1294,,
20750,2018,71.158,,
20750,2019,70.3225,,
20750,2020,62.05,,
20770,2001,52.75,,
20770,2002,52.49,,
20770,2003,52.15,,
20770,2004,57.65,,
20770,2005,58.5333,,
20770,2006,59.87,,
20770,2007,63.63,,
20770,2008,71.28,,
20770,2009,64.55,,
20770,2010,72.47,,
20770,2011,70.67,,
20770,2012,72.24,,
20770,2013,70.5,,
20770,2014,70.6623,,
20770,2015,70.3779,,
20770,2016,76.08,,
20770,2017,76.2175,,
20770,2018,77.3375,,
20770,2019,78.6913,,
20770,2020,78.53,,
20787,2001,48.92,,
20787,2002,52.79,,
20787,2003,27.63,,
20787,2004,39.28,,
20787,2005,49.1042,,
20787,2006,54.81,,
20787,2007,57.74,,
20787,2008,53.89,,
20787,2009,62.34,,
20787,2010,62.27,,
20787,2011,63.42,,
20787,2012,63.99,,
20787,2013,64.22,,
20787,2014,72.0504,,
20787,2015,69.337,,
20787,2016,63.49,,
20787,2017,67.3024,,
20787,2018,51.9437,,
20787,2019,70.906,,
20787,2020,70.84,,
23001,2000,47.04,,
23001,2001,55.54,,
23001,2002,60.38,,
23001,2003,62.47,,
23001,2004,68.53,,
23001,2005,67.7939,,
23001,2006,66.26,,
23001,2007,72.95,,
23001,2008,73.51,,
23001,2009,67.4,,
23001,2010,88.5,,
23001,2011,75.52,,
23001,2012,77.48,,
23001,2013,76.96,,
23001,2014,77.675,,
23001,2015,73.135,,
23001,2016,75.07,,
23001,2017,74.215,,
23001,2018,73.4849,,
23001,2019,74.3512,,
23001,2020,74.05,,
23068,2000,49.36,,
23068,2001,53.97,,
23068,2003,55.87,,
23068,2004,57.77,,
23068,2005,49.9646,,
23068,2006,59.53,,
23068,2007,46.68,,
23068,2008,55.91,,
23068,2009,57.5,,
23068,2010,65.65,,
23068,2011,68.42,,
23068,2012,66.46,,
23068,2013,72.62,,
23068,2014,71.2345,,
23068,2015,78.2902,,
23068,2016,75.02,,
23068,2017,77.5192,,
23068,2018,74.9591,,
23068,2019,74.5478,,
23068,2020,72.7,,
23079,2002,62.57,,
23079,2003,59.18,,
23079,2004,62.82,,
23079,2005,59.7202,,
23079,2006,57.14,,
23079,2007,59.59,,
23079,2008,64.75,,
23079,2009,53.72,,
23079,2010,0,,
23079,2011,66.15,,
23079,2012,67.73,,
23079,2013,77.03,,
23079,2014,69.8053,,
23079,2015,56.8624,,
23079,2016,57.97,,
23079,2017,72.1147,,
23079,2018,75.2322,,
23079,2019,74.0309,,
23079,2020,72.55,,
23090,2001,47.9,,
23090,2002,57.13,,
23090,2003,51.95,,
23090,2004,55.37,,
23090,2005,48.7119,,
23090,2006,52.72,,
23090,2007,36.29,,
23090,2008,50.92,,
23090,2009,49.28,,
23090,2010,65.43,,
23090,2011,64.04,,
23090,2012,66.5,,
23090,2013,69.89,,
23090,2014,71.7486,,
23090,2015,75.6098,,
23090,2016,60.94,,
23090,2017,63.7732,,
23090,2018,60.7099,,
23090,2019,62.6478,,
23090,2020,63.59,,
23162,2000,53.44,,
23162,2001,53.79,,
23162,2002,57,,
23162,2003,52.8,,
23162,2004,25.73,,
23162,2005,63.0056,,
23162,2006,65.9,,
23162,2007,69.28,,
23162,2008,71.3,,
23162,2009,65.18,,
23162,2010,74.84,,
23162,2011,0,,
23162,2012,74.49,,
23162,2013,73.26,,
23162,2014,74.3192,,
23162,2015,74.0712,,
23162,2016,72.91,,
23162,2017,72.3421,,
23162,2018,74.4182,,
23162,2019,74.0932,,
23162,2020,72.89,,
23168,2001,43.11,,
23168,2002,53.95,,
23168,2003,53.8,,
23168,2004,48.51,,
23168,2005,59.2306,,
23168,2006,59.73,,
23168,2007,61.99,,
23168,2008,52.07,,
23168,2009,54.55,,
23168,2010,54.92,,
23168,2011,63.51,,
23168,2012,56.62,,
23168,2013,62.98,,
23168,2014,61.0428,,
23168,2015,62.779,,
23168,2016,56.15,,
23168,2017,62.8976,,
23168,2018,61.1476,,
23168,2019,47.0721,,
23168,2020,64.34,,
23182,2000,48.86,,
23182,2001,58.27,,
23182,2002,57.05,,
23182,2003,56.21,,
23182,2004,56.5,,
23182,2005,57.5317,,
23182,2006,59.59,,
23182,2007,62.4,,
23182,2008,68.6,,
23182,2009,60.99,,
23182,2010,66.85,,
23182,2011,65.96,,
23182,2012,77.77,,
23182,2013,72.7,,
23182,2014,73.9377,,
23182,2015,80.3294,,
23182,2016,70.95,,
23182,2017,67.9469,,
23182,2018,72.0323,,
23182,2019,73.3893,,
23182,2020,72.31,,
23189,2001,58.98,,
23189,2003,40.72,,
23189,2004,47.7,,
23189,2005,40.1996,,
23189,2006,54.44,,
23189,2007,59.21,,
23189,2008,59.88,,
23189,2009,63.12,,
23189,2010,69.16,,
23189,2011,74.09,,
23189,2012,71,,
23189,2013,73.08,,
23189,2014,75.0979,,
23189,2015,76.3546,,
23189,2016,74.68,,
23189,2017,74.4709,,
23189,2018,80.8321,,
23189,2019,78.7785,,
23189,2020,76.17,,
23300,2000,40.21,,
23300,2001,45.23,,
23300,2002,55.99,,
23300,2003,55.79,,
23300,2004,61.12,,
23300,2005,57.541,,
23300,2006,63.58,,
23300,2007,61.91,,
23300,2008,66.66,,
23300,2009,59.44,,
23300,2010,69.1,,
23300,2011,69.54,,
23300,2012,72.82,,
23300,2013,65.79,,
23300,2014,70.2096,,
23300,2015,64.4333,,
23300,2016,67.32,,
23300,2017,64.3328,,
23300,2018,62.467,,
23300,2019,66.0061,,
23300,2020,49.01,,
23350,2000,58.71,,
23350,2001,55.4,,
23350,2002,53.97,,
23350,2003,53.93,,
23350,2004,64.34,,
23350,2005,0,,
23350,2006,71.29,,
23350,2007,73.21,,
23350,2008,40.91,,
23350,2009,58.85,,
23350,2010,67.03,,
23350,2011,70.91,,
23350,2012,70.2,,
23350,2013,66.56,,
23350,2014,71.7374,,
23350,2015,75.0875,,
23350,2016,71.5,,
23350,2017,67.8096,,
23350,2018,67.8842,,
23350,2019,64.563,,
23350,2020,71.55,,
23417,2000,50.86,,
23417,2001,52.74,,
23417,2002,42.41,,
23417,2003,52.12,,
23417,2004,54,,
23417,2005,57.6785,,
23417,2006,51.29,,
23417,2007,59.38,,
23417,2008,65.96,,
23417,2009,57.96,,
23417,2010,77.08,,
23417,2011,74.59,,
23417,2012,74.39,,
23417,2013,75.15,,
23417,2014,74.1985,,
23417,2015,75.951,,
23417,2016,75.51,,
23417,2017,71.7329,,
23417,2018,62.2759,,
23417,2019,56.7318,,
23417,2020,70.09,,
23419,2000,45.92,,
23419,2002,53.58,,
23419,2003,53.97,,
23419,2004,55.31,,
23419,2005,0,,
23419,2006,54.49,,
23419,2007,60.7,,
23419,2008,70.98,,
23419,2009,61.49,,
23419,2010,69.42,,
23419,2011,55.91,,
23419,2012,69.7,,
23419,2013,45.4,,
23419,2014,62.7703,,
23419,2015,60.857,,
23419,2016,69.35,,
23419,2017,66.0565,,
23419,2018,66.7181,,
23419,2019,70.3113,,
23419,2020,66.54,,
23464,2001,49.75,,
23464,2002,54.36,,
23464,2003,51.86,,
23464,2004,58.85,,
23464,2005,56.8597,,
23464,2006,61.29,,
23464,2007,68.12,,
23464,2008,62.71,,
23464,2009,57.31,,
23464,2010,66.36,,
23464,2011,66.84,,
23464,2012,63.93,,
23464,2013,65.86,,
23464,2014,73.7726,,
23464,2015,74.6078,,
23464,2016,66.39,,
23464,2017,71.0853,,
23464,2018,70.0243,,
23464,2019,65.6328,,
23464,2020,68.3,,
23466,2000,62.61,,
23466,2001,52.36,,
23466,2002,63.09,,
23466,2003,56.3,,
23466,2004,68.71,,
23466,2005,56.8624,,
23466,2006,67.53,,
23466,2007,64.59,,
23466,2008,71.88,,
23466,2009,55.11,,
23466,2010,65.97,,
23466,2011,80.56,,
23466,2012,74.65,,
23466,2013,75.19,,
23466,2014,76.663,,
23466,2015,69.1376,,
23466,2016,73.58,,
23466,2017,75.7085,,
23466,2018,73.8483,,
23466,2019,74.6248,,
23466,2020,59.78,,
23500,2000,50.56,,
23500,2001,52.59,,
23500,2003,47.88,,
23500,2004,61.2,,
23500,2005,55.5627,,
23500,2006,56.32,,
23500,2007,57.47,,
23500,2008,66.05,,
23500,2009,57.32,,
23500,2010,65.33,,
23500,2011,0,,
23500,2012,65.59,,
23500,2013,52.88,,
23500,2014,67.9586,,
23500,2015,53.6005,,
23500,2016,65.42,,
23500,2017,70.1956,,
23500,2018,70.8701,,
23500,2019,73.5483,,
23500,2020,69.43,,
23555,2000,53.85,,
23555,2001,63.11,,
23555,2002,57.05,,
23555,2003,62.92,,
23555,2004,58.12,,
23555,2005,53.4671,,
23555,2006,58.97,,
23555,2007,48.1,,
23555,2008,69.8,,
23555,2009,59.75,,
23555,2010,73.25,,
23555,2011,73.33,,
23555,2012,70.88,,
23555,2013,76.96,,
23555,2014,77.6603,,
23555,2015,76.5596,,
23555,2016,71.36,,
23555,2017,71.7991,,
23555,2018,64.4592,,
23555,2019,75.0507,,
23555,2020,71.53,,
23570,2000,52.19,,
23570,2001,61.15,,
23570,2002,53.5,,
23570,2003,62.04,,
23570,2004,63.77,,
23570,2005,63.65,,
23570,2006,63.44,,
23570,2007,60.78,,
23570,2008,66.31,,
23570,2009,53.44,,
23570,2010,60.68,,
23570,2011,69.87,,
23570,2012,69.42,,
23570,2013,72.26,,
23570,2014,70.6799,,
23570,2015,78.7839,,
23570,2016,74.36,,
23570,2017,71.4683,,
23570,2018,70.3757,,
23570,2019,73.7748,,
23570,2020,69.44,,
23574,2003,44.8,,
23574,2004,60.46,,
23574,2005,53.1911,,
23574,2006,60.51,,
23574,2007,59.35,,
23574,2008,72.83,,
23574,2009,53.35,,
23574,2010,66.32,,
23574,2011,68.21,,
23574,2012,62.75,,
23574,2013,64.12,,
23574,2014,68.2133,,
23574,2015,70.4755,,
23574,2016,69.57,,
23574,2017,69.4651,,
23574,2018,67.5961,,
23574,2019,71.7777,,
23574,2020,65.53,,
23580,2000,57.38,,
23580,2003,68.03,,
23580,2004,35.93,,
23580,2005,41.8087,,
23580,2006,55.55,,
23580,2007,50.55,,
23580,2009,56,,
23580,2010,65.33,,
23580,2011,65.28,,
23580,2012,65.36,,
23580,2013,68.3,,
23580,2014,65.7888,,
23580,2015,64.923,,
23580,2016,69.25,,
23580,2017,72.9271,,
23580,2018,73.9496,,
23580,2019,71.8554,,
23580,2020,72.2,,
23586,2000,49.28,,
23586,2001,51.55,,
23586,2002,51.84,,
23586,2003,52.71,,
23586,2004,56.44,,
23586,2005,56.6604,,
23586,2006,57.28,,
23586,2007,56.32,,
23586,2008,62.16,,
23586,2009,54.48,,
23586,2010,66.97,,
23586,2011,67.09,,
23586,2012,65.6,,
23586,2013,61.2,,
23586,2014,65.0773,,
23586,2015,59.7956,,
23586,2016,58.19,,
23586,2017,67.8245,,
23586,2018,66.7741,,
23586,2019,70.8198,,
23586,2020,65.78,,
23660,2000,64.65,,
23660,2001,63.78,,
23660,2002,63.32,,
23660,2003,53.67,,
23660,2004,60.7,,
23660,2005,56.7868,,
23660,2006,60.87,,
23660,2007,59.81,,
23660,2008,66.92,,
23660,2009,63.67,,
23660,2010,76.92,,
23660,2011,71.91,,
23660,2012,72.34,,
23660,2013,73.2,,
23660,2014,75.3871,,
23660,2015,67.3976,,
23660,2016,81.81,,
23660,2017,81.0496,,
23660,2018,66.5009,,
23660,2019,83.0248,,
23660,2020,83.01,,
23670,2000,52.3,,
23670,2001,53.05,,
23670,2002,59.08,,
23670,2003,43.77,,
23670,2004,55.31,,
23670,2005,60.0347,,
23670,2006,60.88,,
23670,2007,58.29,,
23670,2008,66.24,,
23670,2009,43.41,,
23670,2010,60.63,,
23670,2011,68.44,,
23670,2012,43.98,,
23670,2013,62.19,,
23670,2014,74.449,,
23670,2015,73.1097,,
23670,2016,60.01,,
23670,2017,72.4875,,
23670,2018,75.0762,,
23670,2019,71.7928,,
23670,2020,71.97,,
23672,2000,59.48,,
23672,2001,61.71,,
23672,2002,48.32,,
23672,2003,25.37,,
23672,2004,51.22,,
23672,2005,63.2778,,
23672,2006,65.32,,
23672,2007,62.52,,
23672,2008,75.51,,
23672,2009,50.92,,
23672,2010,53.59,,
23672,2011,73.22,,
23672,2012,74.14,,
23672,2013,71.18,,
23672,2014,70.3233,,
23672,2015,73.5142,,
23672,2016,68.26,,
23672,2017,71.9222,,
23672,2018,74.525,,
23672,2019,74.0135,,
23672,2020,75.01,,
23675,2000,43.2,,
23675,2001,47.02,,
23675,2002,48.45,,
23675,2003,30.06,,
23675,2004,50.68,,
23675,2005,52.423,,
23675,2006,53.15,,
23675,2007,56.65,,
23675,2008,59.26,,
23675,2009,57.49,,
23675,2010,69.8,,
23675,2011,66.96,,
23675,2012,64.34,,
23675,2013,69.39,,
23675,2014,73.7132,,
23675,2015,66.561,,
23675,2016,67.33,,
23675,2017,74.7304,,
23675,2018,58.0917,,
23675,2019,72.7477,,
23675,2020,68.13,,
23678,2001,47.04,,
23678,2003,51.09,,
23678,2004,40.92,,
23678,2005,0,,
23678,2006,62.27,,
23678,2007,70.02,,
23678,2008,68.09,,
23678,2009,53.59,,
23678,2010,61,,
23678,2011,63.86,,
23678,2012,69.06,,
23678,2013,70.66,,
23678,2014,63.955,,
23678,2015,69.625,,
23678,2016,43.2,,
23678,2017,63.5188,,
23678,2018,51.4056,,
23678,2019,60.2063,,
23678,2020,61.98,,
23682,2009,57.83,,
23682,2010,59.15,,
23682,2011,63.69,,
23682,2012,65.21,,
23682,2013,71.05,,
23682,2014,73.4556,,
23682,2015,69.2755,,
23682,2016,60.59,,
23682,2017,63.9748,,
23682,2018,61.7628,,
23682,2019,72.969,,
23682,2020,63.6,,
23686,2001,52.93,,
23686,2002,57.73,,
23686,2003,50.75,,
23686,2004,54.88,,
23686,2005,53.7332,,
23686,2006,58.64,,
23686,2007,64.09,,
23686,2008,63.76,,
23686,2009,57.93,,
23686,2010,67.59,,
23686,2011,67.71,,
23686,2012,66.34,,
23686,2013,71.41,,
23686,2014,73.5656,,
23686,2015,58.922,,
23686,2016,67.9,,
23686,2017,65.6679,,
23686,2018,64.6871,,
23686,2019,67.9537,,
23686,2020,74.07,,
23807,2001,61.33,,
23807,2002,60.89,,
23807,2003,51.64,,
23807,2004,48.1,,
23807,2005,61.6769,,
23807,2006,60.93,,
23807,2007,64.19,,
23807,2008,62.19,,
23807,2009,62.27,,
23807,2010,74.12,,
23807,2011,71.42,,
23807,2012,71.38,,
23807,2013,73.25,,
23807,2014,73.0409,,
23807,2015,75.781,,
23807,2016,70.45,,
23807,2017,74.9655,,
23807,2018,75.5607,,
23807,2019,70.352,,
23807,2020,67.09,,
23815,2009,61.66,,
23815,2010,69.87,,
23815,2011,71.18,,
23815,2012,66.12,,
23815,2013,72.25,,
23815,2014,71.5969,,
23815,2015,74.6304,,
23815,2016,61.92,,
23815,2017,71.9895,,
23815,2018,72.7518,,
23815,2019,68.5309,,
23815,2020,64.11,,
23855,2000,50.14,,
23855,2001,55.85,,
23855,2002,56.46,,
23855,2003,42.3,,
23855,2004,58.31,,
23855,2005,61.4747,,
23855,2006,61.69,,
23855,2007,62.06,,
23855,2008,59.02,,
23855,2009,58.71,,
23855,2010,61.33,,
23855,2011,69.55,,
23855,2012,71.9,,
23855,2013,70.97,,
23855,2014,72.0897,,
23855,2015,75.4731,,
23855,2016,68.76,,
23855,2017,66.3517,,
23855,2018,63.9203,,
23855,2019,66.1571,,
23855,2020,65.66,,
25001,2000,57.87,,
25001,2001,56.49,,
25001,2002,57.62,,
25001,2003,54.93,,
25001,2004,56.97,,
25001,2005,60.7015,,
25001,2006,56.49,,
25001,2007,64.86,,
25001,2008,62.41,,
25001,2009,60.14,,
25001,2010,66.76,,
25001,2011,69.28,,
25001,2012,69.24,,
25001,2013,70.31,,
25001,2014,74.7476,,
25001,2015,77.1779,,
25001,2016,65.45,,
25001,2017,73.7226,,
25001,2018,74.5278,,
25001,2019,76.8902,,
25001,2020,69.98,,
25019,2000,55.01,,
25019,2001,55.66,,
25019,2002,60.01,,
25019,2003,47.03,,
25019,2004,60.99,,
25019,2005,62.5918,,
25019,2006,61.7,,
25019,2007,65.2,,
25019,2008,67.58,,
25019,2009,65.75,,
25019,2010,70.93,,
25019,2011,68.31,,
25019,2012,70.13,,
25019,2013,70.73,,
25019,2014,70.3938,,
25019,2015,75.5043,,
25019,2016,69.07,,
25019,2017,71.2828,,
25019,2018,75.1619,,
25019,2019,75.3692,,
25019,2020,69.56,,
25035,2000,67.92,,
25035,2001,58.07,,
25035,2002,66.71,,
25035,2003,65.11,,
25035,2004,68.7,,
25035,2005,72.6423,,
25035,2006,71.96,,
25035,2007,75.42,,
25035,2008,70.83,,
25035,2009,67.57,,
25035,2010,76.73,,
25035,2011,77.39,,
25035,2012,75.37,,
25035,2013,84.6,,
25035,2014,85.1373,,
25035,2015,85.5796,,
25035,2016,82.03,,
25035,2017,80.9279,,
25035,2018,82.7379,,
25035,2019,84.4841,,
25035,2020,79.96,,
25040,2000,57.55,,
25040,2001,55.69,,
25040,2002,57.09,,
25040,2003,56.19,,
25040,2004,57.74,,
25040,2005,63.8289,,
25040,2006,63.02,,
25040,2007,69.95,,
25040,2008,64.8,,
25040,2009,60.52,,
25040,2010,73.21,,
25040,2011,67.07,,
25040,2012,66.63,,
25040,2013,66.78,,
25040,2014,66.82,,
25040,2015,70.5325,,
25040,2016,65.98,,
25040,2017,67.1897,,
25040,2018,69.2399,,
25040,2019,67.1155,,
25040,2020,67.23,,
25053,2000,54.41,,
25053,2001,54.91,,
25053,2002,52.17,,
25053,2003,58.37,,
25053,2004,55.52,,
25053,2005,59.1949,,
25053,2006,59.65,,
25053,2007,61.81,,
25053,2008,63.26,,
25053,2009,59.32,,
25053,2010,70.89,,
25053,2011,67.43,,
25053,2012,64.96,,
25053,2013,64.45,,
25053,2014,65.4753,,
25053,2015,67.6359,,
25053,2016,62.95,,
25053,2017,67.6184,,
25053,2018,65.4364,,
25053,2019,67.6556,,
25053,2020,67.89,,
25086,2000,50.7,,
25086,2001,50.65,,
25086,2002,43.09,,
25086,2003,62.44,,
25086,2004,51.38,,
25086,2005,55.058,,
25086,2006,59.23,,
25086,2007,59.65,,
25086,2008,59.13,,
25086,2009,62.11,,
25086,2010,61.72,,
25086,2011,57.6,,
25086,2012,48.42,,
25086,2013,66.64,,
25086,2014,69.6541,,
25086,2015,75.7968,,
25086,2016,62.64,,
25086,2017,74.5578,,
25086,2018,68.7709,,
25086,2019,73.5324,,
25086,2020,64.49,,
25095,2000,62.74,,
25095,2001,51.38,,
25095,2002,51.31,,
25095,2003,46.6,,
25095,2004,61.99,,
25095,2005,58.0906,,
25095,2006,59.06,,
25095,2007,63.3,,
25095,2008,60.32,,
25095,2009,61.33,,
25095,2010,62.58,,
25095,2011,66.05,,
25095,2012,62.73,,
25095,2013,65.5,,
25095,2014,67.0378,,
25095,2015,71.5974,,
25095,2016,60.63,,
25095,2017,62.2073,,
25095,2018,65.5569,,
25095,2019,70.3968,,
25095,2020,62.7,,
25099,2000,60.56,,
25099,2001,60.2,,
25099,2002,61.43,,
25099,2003,54.46,,
25099,2004,57.6,,
25099,2005,63.2004,,
25099,2006,61.96,,
25099,2007,72.74,,
25099,2008,69.34,,
25099,2009,67.09,,
25099,2010,75.68,,
25099,2011,74.46,,
25099,2012,72.15,,
25099,2013,75.49,,
25099,2014,73.9406,,
25099,2015,74.8902,,
25099,2016,72.55,,
25099,2017,77.7912,,
25099,2018,76.7917,,
25099,2019,77.4929,,
25099,2020,73.46,,
25120,2000,48.44,,
25120,2002,52.62,,
25120,2003,57.95,,
25120,2004,45.83,,
25120,2005,43.2983,,
25120,2006,55.22,,
25120,2007,44.34,,
25120,2008,61.23,,
25120,2009,57,,
25120,2010,64.54,,
25120,2011,67.38,,
25120,2012,64.39,,
25120,2013,64.51,,
25120,2014,67.1263,,
25120,2015,68.9937,,
25120,2016,66.62,,
25120,2017,54.9105,,
25120,2018,73.0753,,
25120,2019,66.5251,,
25120,2020,65.97,,
25123,2000,52.94,,
25123,2001,51.21,,
25123,2002,55.83,,
25123,2003,56.66,,
25123,2004,50.11,,
25123,2005,61.4911,,
25123,2006,64.19,,
25123,2007,64.11,,
25123,2008,63.61,,
25123,2009,64.33,,
25123,2010,73.4,,
25123,2011,64.86,,
25123,2012,67.82,,
25123,2013,70.33,,
25123,2014,69.7789,,
25123,2015,73.0731,,
25123,2016,71.7,,
25123,2017,69.6808,,
25123,2018,69.8186,,
25123,2019,71.6642,,
25123,2020,70.02,,
25126,2000,72.36,,
25126,2001,67.24,,
25126,2002,69.65,,
25126,2003,72.5,,
25126,2004,76.16,,
25126,2005,76.9155,,
25126,2006,73.65,,
25126,2007,83.91,,
25126,2008,84.61,,
25126,2009,77.58,,
25126,2010,84.13,,
25126,2011,90,,
25126,2012,85.98,,
25126,2013,88.36,,
25126,2014,90.4068,,
25126,2015,91.7533,,
25126,2016,88.78,,
25126,2017,86.2756,,
25126,2018,87.2764,,
25126,2019,87.9417,,
25126,2020,85.3,,
25148,2002,52.62,,
25148,2003,24.49,,
25148,2004,32.29,,
25148,2005,52.8653,,
25148,2006,55.52,,
25148,2007,56.87,,
25148,2008,53.27,,
25148,2009,53.45,,
25148,2010,64.69,,
25148,2011,65.53,,
25148,2012,62.23,,
25148,2013,64.94,,
25148,2014,68.0154,,
25148,2015,72.1819,,
25148,2016,74.19,,
25148,2017,69.8003,,
25148,2018,71.3242,,
25148,2019,69.6818,,
25148,2020,66.65,,
25151,2000,57.51,,
25151,2001,60.9,,
25151,2002,61.18,,
25151,2003,61.73,,
25151,2004,57.85,,
25151,2005,60.5845,,
25151,2006,58.75,,
25151,2007,62.6,,
25151,2008,61.63,,
25151,2009,61.64,,
25151,2010,62.63,,
25151,2011,68.21,,
25151,2012,73.65,,
25151,2013,74.02,,
25151,2014,75.381,,
25151,2015,80.5943,,
25151,2016,79.82,,
25151,2017,77.0526,,
25151,2018,78.4732,,
25151,2019,74.5435,,
25151,2020,71.46,,
25154,2000,56.14,,
25154,2001,57.23,,
25154,2002,65.94,,
25154,2003,62.31,,
25154,2004,57.6,,
25154,2005,59.8459,,
25154,2006,59.59,,
25154,2007,60.57,,
25154,2008,57.65,,
25154,2009,61.54,,
25154,2010,65.81,,
25154,2011,67.06,,
25154,2012,65.3,,
25154,2013,65.41,,
25154,2014,72.914,,
25154,2015,75.3659,,
25154,2016,65.4,,
25154,2017,68.1426,,
25154,2018,69.4387,,
25154,2019,71.8135,,
25154,2020,65.88,,
25168,2000,52.17,,
25168,2001,55.37,,
25168,2002,51.28,,
25168,2003,61.2,,
25168,2004,57.91,,
25168,2005,61.0121,,
25168,2006,56.24,,
25168,2007,64.25,,
25168,2008,63.68,,
25168,2009,52.08,,
25168,2010,60.66,,
25168,2011,58.78,,
25168,2012,58.45,,
25168,2013,61.21,,
25168,2014,69.0945,,
25168,2015,74.5532,,
25168,2016,68.36,,
25168,2017,67.8661,,
25168,2019,64.56,,
25168,2020,64.53,,
25175,2000,73.15,,
25175,2001,76.62,,
25175,2002,76.48,,
25175,2003,74.03,,
25175,2004,76.14,,
25175,2005,82.2618,,
25175,2006,84.07,,
25175,2007,82.46,,
25175,2008,81.04,,
25175,2009,77.53,,
25175,2010,86.56,,
25175,2011,81.87,,
25175,2012,79.7,,
25175,2013,80.26,,
25175,2014,80.5093,,
25175,2015,84.2523,,
25175,2016,81.96,,
25175,2017,82.8135,,
25175,2018,82.6657,,
25175,2019,85.0156,,
25175,2020,79.36,,
25178,2000,54.4,,
25178,2001,61.94,,
25178,2002,63.89,,
25178,2003,71.57,,
25178,2004,60.73,,
25178,2005,60.5506,,
25178,2006,62.49,,
25178,2007,65.59,,
25178,2008,72.79,,
25178,2009,69.7,,
25178,2010,79,,
25178,2011,72.61,,
25178,2012,78.23,,
25178,2013,79.35,,
25178,2014,80.465,,
25178,2015,79.1339,,
25178,2016,76.23,,
25178,2017,77.485,,
25178,2018,76.7166,,
25178,2019,81.5286,,
25178,2020,74.13,,
25181,2000,56.33,,
25181,2002,59.44,,
25181,2003,55.19,,
25181,2004,62.52,,
25181,2005,67.1357,,
25181,2006,64.55,,
25181,2007,74.02,,
25181,2008,71.19,,
25181,2009,65,,
25181,2010,71.64,,
25181,2011,71.97,,
25181,2012,71.71,,
25181,2013,74.31,,
25181,2014,72.4666,,
25181,2015,72.0781,,
25181,2016,71.49,,
25181,2017,74.6351,,
25181,2018,77.1199,,
25181,2019,78.8828,,
25181,2020,76.54,,
25183,2000,62.75,,
25183,2001,62.55,,
25183,2002,63.95,,
25183,2003,64.18,,
25183,2004,59.91,,
25183,2005,68.687,,
25183,2006,69.68,,
25183,2007,75.59,,
25183,2008,73.91,,
25183,2009,67.92,,
25183,2010,70.97,,
25183,2011,72.26,,
25183,2012,74.4,,
25183,2013,73.77,,
25183,2014,77.1256,,
25183,2015,76.8553,,
25183,2016,73.87,,
25183,2017,73.3484,,
25183,2018,74.4916,,
25183,2019,79.4264,,
25183,2020,72.48,,
25200,2000,66.65,,
25200,2001,69.31,,
25200,2002,72.32,,
25200,2003,77.61,,
25200,2004,76.31,,
25200,2005,80.8127,,
25200,2006,76.68,,
25200,2007,82.19,,
25200,2008,82.75,,
25200,2009,75.27,,
25200,2010,73.86,,
25200,2011,83.12,,
25200,2012,80.98,,
25200,2013,83.92,,
25200,2014,81.5465,,
25200,2015,84.3285,,
25200,2016,77.46,,
25200,2017,77.4868,,
25200,2018,79.8835,,
25200,2019,79.409,,
25200,2020,78.01,,
25214,2000,69.31,,
25214,2001,73.68,,
25214,2002,77.32,,
25214,2003,77.03,,
25214,2004,74.22,,
25214,2005,81.7348,,
25214,2006,81.48,,
25214,2007,86.51,,
25214,2008,88.45,,
25214,2009,84.17,,
25214,2010,90.4,,
25214,2011,91.9,,
25214,2012,88.15,,
25214,2013,87.28,,
25214,2014,90.5726,,
25214,2015,89.9916,,
25214,2016,87.15,,
25214,2017,89.4943,,
25214,2018,92.0688,,
25214,2019,91.796,,
25214,2020,86.81,,
25224,2000,56.77,,
25224,2001,54.71,,
25224,2002,59.46,,
25224,2003,62.25,,
25224,2004,60.07,,
25224,2005,66.1481,,
25224,2006,59.75,,
25224,2007,51.26,,
25224,2008,61.18,,
25224,2009,60.72,,
25224,2010,67.38,,
25224,2011,70.4,,
25224,2012,65.14,,
25224,2013,71.29,,
25224,2014,62.9528,,
25224,2015,73.9848,,
25224,2016,69.99,,
25224,2017,75.3577,,
25224,2018,74.0028,,
25224,2019,75.3343,,
25224,2020,77.6,,
25245,2000,58.29,,
25245,2001,52.92,,
25245,2002,59.75,,
25245,2003,47.36,,
25245,2004,66.59,,
25245,2005,66.7158,,
25245,2006,66.29,,
25245,2007,69.81,,
25245,2008,72.6,,
25245,2009,69.54,,
25245,2010,77.23,,
25245,2011,75.08,,
25245,2012,73.26,,
25245,2013,75.97,,
25245,2014,76.7491,,
25245,2015,74.9262,,
25245,2016,72.88,,
25245,2017,73.0507,,
25245,2018,73.4794,,
25245,2019,75.5846,,
25245,2020,73.42,,
25258,2000,49.64,,
25258,2001,45.55,,
25258,2002,49,,
25258,2003,53.05,,
25258,2005,58.4334,,
25258,2006,49.02,,
25258,2007,61.62,,
25258,2008,57.46,,
25258,2009,54.82,,
25258,2010,54.37,,
25258,2011,60.54,,
25258,2012,64.99,,
25258,2013,64.35,,
25258,2014,61.022,,
25258,2015,69.4384,,
25258,2016,54.69,,
25258,2017,71.5534,,
25258,2018,66.193,,
25258,2019,70.6577,,
25258,2020,63.41,,
25260,2000,70.99,,
25260,2001,67.65,,
25260,2002,67.46,,
25260,2003,65.66,,
25260,2004,65.18,,
25260,2005,67.3827,,
25260,2006,68.89,,
25260,2007,73.3,,
25260,2008,72.36,,
25260,2009,72.1,,
25260,2010,80.01,,
25260,2011,80.12,,
25260,2012,76.79,,
25260,2013,76.21,,
25260,2014,76.0989,,
25260,2015,75.7671,,
25260,2016,74.25,,
25260,2017,79.0525,,
25260,2018,79.9744,,
25260,2019,79.9675,,
25260,2020,77.91,,
25269,2000,70.93,,
25269,2001,66.65,,
25269,2002,71.04,,
25269,2003,72.69,,
25269,2004,68.96,,
25269,2005,70.9643,,
25269,2006,69,,
25269,2007,73.1,,
25269,2008,77.73,,
25269,2009,70.94,,
25269,2010,83.44,,
25269,2011,78.25,,
25269,2012,76.35,,
25269,2013,76.08,,
25269,2014,76.7337,,
25269,2015,74.745,,
25269,2016,74.84,,
25269,2017,77.5478,,
25269,2018,77.2715,,
25269,2019,76.4066,,
25269,2020,76.25,,
25279,2000,60.2,,
25279,2001,55.78,,
25279,2002,62.34,,
25279,2003,57.53,,
25279,2004,64.82,,
25279,2005,73.4416,,
25279,2006,67.07,,
25279,2007,71.78,,
25279,2008,70.49,,
25279,2009,67.63,,
25279,2010,77.36,,
25279,2011,69.71,,
25279,2012,67.81,,
25279,2013,67.78,,
25279,2014,73.0704,,
25279,2015,74.7398,,
25279,2016,69.01,,
25279,2017,65.6229,,
25279,2018,70.588,,
25279,2019,71.3489,,
25279,2020,67.35,,
25281,2000,55.48,,
25281,2001,46.97,,
25281,2002,68.41,,
25281,2003,30.65,,
25281,2004,47.48,,
25281,2005,54.6699,,
25281,2006,56.25,,
25281,2007,51.47,,
25281,2008,67.14,,
25281,2009,59.83,,
25281,2010,68.22,,
25281,2011,64.09,,
25281,2012,63.58,,
25281,2013,67.43,,
25281,2014,64.5241,,
25281,2015,64.7395,,
25281,2016,66.55,,
25281,2017,61.4315,,
25281,2018,66.8799,,
25281,2019,68.5319,,
25281,2020,62.15,,
25286,2000,68.81,,
25286,2001,67.25,,
25286,2002,71.66,,
25286,2003,70.93,,
25286,2004,72.48,,
25286,2005,74.8914,,
25286,2006,75.09,,
25286,2007,83.51,,
25286,2008,80.47,,
25286,2009,73.23,,
25286,2010,81.74,,
25286,2011,85.65,,
25286,2012,81.23,,
25286,2013,82.95,,
25286,2014,88.1515,,
25286,2015,89.2088,,
25286,2016,86.5,,
25286,2017,84.4844,,
25286,2018,88.3247,,
25286,2019,86.7591,,
25286,2020,86.18,,
25288,2001,59.69,,
25288,2002,63.05,,
25288,2003,56.94,,
25288,2004,64.28,,
25288,2005,65.0788,,
25288,2006,59.36,,
25288,2007,51.98,,
25288,2008,64.33,,
25288,2009,63.68,,
25288,2010,73.79,,
25288,2011,66.06,,
25288,2012,68.67,,
25288,2013,65.53,,
25288,2014,67.0502,,
25288,2015,64.7564,,
25288,2016,61.54,,
25288,2017,76.2746,,
25288,2018,75.7589,,
25288,2019,77.4091,,
25288,2020,71.79,,
25290,2000,59.37,,
25290,2002,70.59,,
25290,2003,63.54,,
25290,2004,64.25,,
25290,2005,59.3821,,
25290,2006,62.04,,
25290,2007,66.93,,
25290,2008,67.59,,
25290,2009,65.13,,
25290,2010,82.95,,
25290,2011,74.02,,
25290,2012,72.43,,
25290,2013,77.92,,
25290,2014,78.6774,,
25290,2015,79.2395,,
25290,2016,77.49,,
25290,2017,78.208,,
25290,2018,77.252,,
25290,2019,77.6015,,
25290,2020,77.43,,
25293,2000,68.58,,
25293,2001,61.74,,
25293,2002,64.42,,
25293,2003,61.6,,
25293,2004,72.9,,
25293,2005,59.8554,,
25293,2006,58.15,,
25293,2007,62.01,,
25293,2008,69.21,,
25293,2009,67.99,,
25293,2010,63.51,,
25293,2011,56.51,,
25293,2012,67.32,,
25293,2013,66,,
25293,2014,71.8071,,
25293,2015,75.1063,,
25293,2016,65.31,,
25293,2017,71.3099,,
25293,2018,71.8085,,
25293,2019,68.56,,
25293,2020,66.18,,
25295,2000,61.51,,
25295,2001,67.64,,
25295,2002,64.45,,
25295,2003,68.98,,
25295,2004,62.2,,
25295,2005,62.4913,,
25295,2006,67.24,,
25295,2007,73.21,,
25295,2008,72.37,,
25295,2009,81.14,,
25295,2010,88,,
25295,2011,82.34,,
25295,2012,80.5,,
25295,2013,84.32,,
25295,2014,81.8961,,
25295,2015,84.9145,,
25295,2016,74.48,,
25295,2017,81.0456,,
25295,2019,81.64,,
25295,2020,76.44,,
25297,2000,52.79,,
25297,2001,58.36,,
25297,2002,64.69,,
25297,2003,62.65,,
25297,2004,61.28,,
25297,2005,61.6808,,
25297,2006,61.42,,
25297,2007,69.91,,
25297,2008,64.69,,
25297,2009,62.31,,
25297,2010,66.15,,
25297,2011,64.85,,
25297,2012,66.87,,
25297,2013,70.94,,
25297,2014,71.9069,,
25297,2015,74.062,,
25297,2016,68.21,,
25297,2017,69.0341,,
25297,2018,68.6973,,
25297,2019,69.634,,
25297,2020,63.71,,
25299,2000,55.16,,
25299,2001,57.95,,
25299,2002,58.96,,
25299,2003,51.04,,
25299,2004,58.17,,
25299,2005,55.2214,,
25299,2006,60.42,,
25299,2007,61.81,,
25299,2008,55.16,,
25299,2009,60.22,,
25299,2010,67.36,,
25299,2011,68.46,,
25299,2012,60.82,,
25299,2013,63.18,,
25299,2014,69.7259,,
25299,2015,70.2531,,
25299,2016,67.77,,
25299,2017,67.1664,,
25299,2018,70.0765,,
25299,2019,70.0817,,
25299,2020,60.31,,
25307,2000,55.77,,
25307,2001,59.7,,
25307,2002,55.04,,
25307,2003,62.81,,
25307,2004,56.52,,
25307,2005,69.2385,,
25307,2006,64.84,,
25307,2007,71.04,,
25307,2008,67.94,,
25307,2009,63.23,,
25307,2010,74.62,,
25307,2011,74.56,,
25307,2012,73.55,,
25307,2013,75.17,,
25307,2014,76.7608,,
25307,2015,76.9276,,
25307,2016,72.54,,
25307,2017,75.3643,,
25307,2018,76.4189,,
25307,2019,76.8207,,
25307,2020,77,,
25312,2000,62.92,,
25312,2001,69.11,,
25312,2002,64.49,,
25312,2003,71.12,,
25312,2004,68.39,,
25312,2005,69.4707,,
25312,2006,62.11,,
25312,2007,71.89,,
25312,2008,63.22,,
25312,2009,62.28,,
25312,2010,70.65,,
25312,2011,71.13,,
25312,2012,73.87,,
25312,2013,71.7,,
25312,2014,72.5388,,
25312,2015,75.4367,,
25312,2016,70.45,,
25312,2017,72.689,,
25312,2018,82.7204,,
25312,2019,77.8095,,
25312,2020,71.5,,
25317,2000,56.32,,
25317,2001,57.54,,
25317,2002,66.79,,
25317,2003,59.47,,
25317,2004,57.69,,
25317,2005,62.6366,,
25317,2006,66.37,,
25317,2007,73.7,,
25317,2008,56.75,,
25317,2009,59.96,,
25317,2010,66.58,,
25317,2011,65.83,,
25317,2012,68.72,,
25317,2013,73.7,,
25317,2014,70.1738,,
25317,2015,69.8365,,
25317,2016,64.33,,
25317,2017,72.0545,,
25317,2018,74.7219,,
25317,2019,77.8154,,
25317,2020,71.73,,
25320,2000,62.44,,
25320,2001,65.34,,
25320,2002,68.08,,
25320,2003,67.01,,
25320,2004,62.05,,
25320,2005,60.9183,,
25320,2006,68.88,,
25320,2007,68.65,,
25320,2008,69.21,,
25320,2009,62.82,,
25320,2010,74.56,,
25320,2011,76.11,,
25320,2012,73.75,,
25320,2013,77.8,,
25320,2014,77.3404,,
25320,2015,77.4722,,
25320,2016,75.05,,
25320,2017,77.3326,,
25320,2018,75.6594,,
25320,2019,77.4659,,
25320,2020,75.1,,
25322,2000,60.85,,
25322,2001,60.71,,
25322,2002,66.05,,
25322,2003,64.88,,
25322,2004,70.94,,
25322,2005,69.0219,,
25322,2006,69.89,,
25322,2007,81.52,,
25322,2008,75.06,,
25322,2009,70.54,,
25322,2010,80.66,,
25322,2011,78.51,,
25322,2012,77.25,,
25322,2013,79.38,,
25322,2014,80.9137,,
25322,2015,81.6256,,
25322,2016,80.91,,
25322,2017,78.1131,,
25322,2018,78.8381,,
25322,2019,81.4535,,
25322,2020,78.93,,
25324,2000,49.37,,
25324,2001,50.2,,
25324,2002,51.37,,
25324,2003,55.4,,
25324,2004,57.24,,
25324,2005,55.5878,,
25324,2006,56.13,,
25324,2007,60.42,,
25324,2008,56.36,,
25324,2009,53.27,,
25324,2010,59.18,,
25324,2011,59.02,,
25324,2012,58.28,,
25324,2013,63.45,,
25324,2014,63.8683,,
25324,2015,69.8635,,
25324,2016,57.96,,
25324,2017,65.6922,,
25324,2018,72.0995,,
25324,2019,64.9039,,
25324,2020,60.03,,
25326,2000,66.14,,
25326,2001,63.43,,
25326,2002,64.89,,
25326,2003,65.87,,
25326,2004,66.61,,
25326,2005,67.4366,,
25326,2006,63.41,,
25326,2007,70.71,,
25326,2008,67.9,,
25326,2009,67.75,,
25326,2010,75.44,,
25326,2011,76.87,,
25326,2012,75.87,,
25326,2013,77.3,,
25326,2014,76.165,,
25326,2015,74.6961,,
25326,2016,68.43,,
25326,2017,70.7442,,
25326,2018,72.3039,,
25326,2019,73.8207,,
25326,2020,70.41,,
25328,2000,57.73,,
25328,2001,56.63,,
25328,2002,51.89,,
25328,2003,52.74,,
25328,2004,57.04,,
25328,2005,50.5402,,
25328,2006,55.5,,
25328,2007,55.63,,
25328,2008,58.75,,
25328,2009,56.94,,
25328,2010,66.1,,
25328,2011,70.28,,
25328,2012,65.13,,
25328,2013,66.73,,
25328,2014,69.3203,,
25328,2015,75.5291,,
25328,2016,66.64,,
25328,2017,66.0127,,
25328,2018,66.1371,,
25328,2019,69.3506,,
25328,2020,66.69,,
25335,2000,60.28,,
25335,2001,54.27,,
25335,2002,59.22,,
25335,2003,56.22,,
25335,2004,56.83,,
25335,2005,55.6664,,
25335,2006,57.46,,
25335,2007,68.47,,
25335,2008,59.14,,
25335,2009,60,,
25335,2010,73.22,,
25335,2011,79.18,,
25335,2012,79.97,,
25335,2013,79.79,,
25335,2014,82.2265,,
25335,2015,86.5406,,
25335,2016,79.48,,
25335,2017,81.6993,,
25335,2018,81.2183,,
25335,2019,81.7429,,
25335,2020,81.76,,
25339,2000,49.2,,
25339,2001,48.14,,
25339,2002,55.72,,
25339,2003,35,,
25339,2004,54.21,,
25339,2005,59.5064,,
25339,2006,62.43,,
25339,2007,76.85,,
25339,2008,58.43,,
25339,2009,58.24,,
25339,2010,61.57,,
25339,2011,61.79,,
25339,2012,57.61,,
25339,2013,65.35,,
25339,2014,66.061,,
25339,2015,70.2951,,
25339,2016,64.49,,
25339,2017,62.9336,,
25339,2018,61.5259,,
25339,2019,61.3724,,
25339,2020,61.02,,
25368,2000,55.28,,
25368,2001,48.78,,
25368,2002,53.56,,
25368,2003,47.43,,
25368,2004,51.39,,
25368,2005,51.835,,
25368,2006,54.91,,
25368,2007,54.39,,
25368,2008,64.19,,
25368,2009,57.69,,
25368,2010,60.46,,
25368,2011,61.49,,
25368,2012,63.64,,
25368,2013,68.25,,
25368,2014,61.934,,
25368,2015,68.94,,
25368,2016,61.47,,
25368,2017,67.8677,,
25368,2018,70.0537,,
25368,2019,70.9271,,
25368,2020,62.52,,
25372,2000,50.47,,
25372,2001,58.51,,
25372,2002,55.77,,
25372,2003,64.23,,
25372,2004,46.04,,
25372,2005,62.291,,
25372,2006,60.88,,
25372,2007,82.05,,
25372,2008,68.67,,
25372,2009,63.09,,
25372,2010,72.03,,
25372,2011,67.61,,
25372,2012,69.9,,
25372,2013,70.15,,
25372,2014,68.631,,
25372,2015,74.8889,,
25372,2016,64.68,,
25372,2017,65.9054,,
25372,2018,65.2982,,
25372,2019,65.2728,,
25372,2020,61.74,,
25377,2000,62.71,,
25377,2001,76,,
25377,2002,65.36,,
25377,2003,68.37,,
25377,2004,71.33,,
25377,2005,69.8271,,
25377,2006,69.2,,
25377,2007,75.89,,
25377,2008,73.59,,
25377,2009,68.92,,
25377,2010,82.83,,
25377,2011,78.23,,
25377,2012,77.95,,
25377,2013,83.56,,
25377,2014,80.9075,,
25377,2015,80.027,,
25377,2016,84.05,,
25377,2017,79.3358,,
25377,2018,82.7571,,
25377,2019,77.9251,,
25377,2020,74.72,,
25386,2000,52.39,,
25386,2002,67.62,,
25386,2003,58.8,,
25386,2004,64.41,,
25386,2005,67.4283,,
25386,2006,66.66,,
25386,2007,74.11,,
25386,2008,70.76,,
25386,2009,68.46,,
25386,2010,81.96,,
25386,2011,79.4,,
25386,2012,77.43,,
25386,2013,80.01,,
25386,2014,79.7944,,
25386,2015,80.363,,
25386,2016,78.62,,
25386,2017,82.1395,,
25386,2018,80.9707,,
25386,2019,80.5835,,
25386,2020,77.55,,
25394,2001,51.53,,
25394,2002,39.94,,
25394,2003,56.06,,
25394,2004,39.36,,
25394,2005,59.4904,,
25394,2006,56.63,,
25394,2007,48.46,,
25394,2008,66.77,,
25394,2009,50.31,,
25394,2010,66.91,,
25394,2011,47.36,,
25394,2012,68.7,,
25394,2013,60.15,,
25394,2014,67.8669,,
25394,2015,64.9372,,
25394,2016,60.99,,
25394,2017,63.3698,,
25394,2018,70.1014,,
25394,2019,70.3112,,
25394,2020,65.13,,
25398,2001,55.23,,
25398,2002,49.95,,
25398,2003,52.42,,
25398,2004,58.53,,
25398,2005,59.8443,,
25398,2006,57.97,,
25398,2007,67.83,,
25398,2008,60.4,,
25398,2009,57.97,,
25398,2010,62.46,,
25398,2011,63.14,,
25398,2012,65.62,,
25398,2013,62.69,,
25398,2014,65.3155,,
25398,2015,65.7565,,
25398,2016,63.41,,
25398,2017,65.0583,,
25398,2018,69.5423,,
25398,2019,72.4646,,
25398,2020,62.69,,
25402,2000,60.04,,
25402,2001,68.99,,
25402,2002,70.41,,
25402,2003,63.41,,
25402,2004,64.38,,
25402,2005,66.3707,,
25402,2006,67.6,,
25402,2007,77.29,,
25402,2008,75.28,,
25402,2009,68.62,,
25402,2010,78,,
25402,2011,75.13,,
25402,2012,79.47,,
25402,2013,81.35,,
25402,2014,81.1611,,
25402,2015,83.0479,,
25402,2016,78.88,,
25402,2017,78.3411,,
25402,2018,76.0995,,
25402,2019,81.4975,,
25402,2020,76.54,,
25407,2000,50.55,,
25407,2001,51.45,,
25407,2002,58.57,,
25407,2003,48.02,,
25407,2004,35.47,,
25407,2005,55.4545,,
25407,2006,60.01,,
25407,2007,52.75,,
25407,2008,64.61,,
25407,2009,63.06,,
25407,2010,70.46,,
25407,2011,71.14,,
25407,2012,68.54,,
25407,2013,64.64,,
25407,2014,69.3073,,
25407,2015,72.3639,,
25407,2016,67.24,,
25407,2017,69.5756,,
25407,2018,68.1077,,
25407,2019,69.595,,
25407,2020,68.09,,
25426,2001,55.27,,
25426,2002,59.96,,
25426,2003,43.49,,
25426,2004,59.45,,
25426,2005,58.8036,,
25426,2006,61.28,,
25426,2007,69.83,,
25426,2008,62.54,,
25426,2009,61.99,,
25426,2010,66.53,,
25426,2011,66.95,,
25426,2012,63.28,,
25426,2013,65.82,,
25426,2014,68.3942,,
25426,2015,73.2619,,
25426,2016,69.07,,
25426,2017,70.4511,,
25426,2018,72.2946,,
25426,2019,72.431,,
25426,2020,68.7,,
25430,2000,69.12,,
25430,2001,61.21,,
25430,2002,67.69,,
25430,2003,68.06,,
25430,2004,67.26,,
25430,2005,72.0961,,
25430,2006,72.76,,
25430,2007,76.93,,
25430,2008,78.11,,
25430,2009,72.96,,
25430,2010,83.54,,
25430,2011,83.05,,
25430,2012,80.46,,
25430,2013,81.71,,
25430,2014,84.5567,,
25430,2015,85.088,,
25430,2016,85.22,,
25430,2017,83.2476,,
25430,2018,85.3716,,
25430,2019,83.6028,,
25430,2020,80.32,,
25436,2000,57.1,,
25436,2001,50.04,,
25436,2003,58.67,,
25436,2004,58.49,,
25436,2005,60.5381,,
25436,2006,60.7,,
25436,2007,66.16,,
25436,2008,60.07,,
25436,2009,60.31,,
25436,2010,68.2,,
25436,2011,71.26,,
25436,2012,68.37,,
25436,2013,60.72,,
25436,2014,66.4598,,
25436,2015,66.6285,,
25436,2016,65.06,,
25436,2017,67.4551,,
25436,2018,63.3088,,
25436,2019,63.1316,,
25436,2020,61.28,,
25438,2000,59.52,,
25438,2001,69.78,,
25438,2002,54.66,,
25438,2003,53.98,,
25438,2004,58.09,,
25438,2005,59.041,,
25438,2006,58.37,,
25438,2007,50.3,,
25438,2008,61.5,,
25438,2009,63.62,,
25438,2010,57.46,,
25438,2011,67.65,,
25438,2012,68.71,,
25438,2013,66.67,,
25438,2014,64.9645,,
25438,2015,69.1337,,
25438,2016,53,,
25438,2017,64.2817,,
25438,2018,65.3175,,
25438,2019,69.2173,,
25438,2020,66.91,,
25473,2001,73.02,,
25473,2002,76.01,,
25473,2003,79.46,,
25473,2004,68.16,,
25473,2005,69.8906,,
25473,2006,67.05,,
25473,2007,75.38,,
25473,2008,77.48,,
25473,2009,75.65,,
25473,2010,87.2,,
25473,2011,85.53,,
25473,2012,84.84,,
25473,2013,83.66,,
25473,2014,84.4614,,
25473,2015,86.3105,,
25473,2016,84.65,,
25473,2017,85.3878,,
25473,2018,83.9683,,
25473,2019,83.9394,,
25473,2020,81.69,,
25483,2000,51.35,,
25483,2001,50.36,,
25483,2002,53.91,,
25483,2003,58.03,,
25483,2005,55.0214,,
25483,2006,56.41,,
25483,2007,63.75,,
25483,2008,57.03,,
25483,2009,58.91,,
25483,2010,64.78,,
25483,2011,69.94,,
25483,2012,61.99,,
25483,2013,60.55,,
25483,2014,68.2552,,
25483,2015,71.8869,,
25483,2016,63.54,,
25483,2017,69.8277,,
25483,2018,69.5417,,
25483,2019,63.9208,,
25483,2020,64.42,,
25486,2000,54.7,,
25486,2001,53.94,,
25486,2002,59.91,,
25486,2003,62.26,,
25486,2004,60.44,,
25486,2005,55.1591,,
25486,2006,55.98,,
25486,2007,62.52,,
25486,2008,65.91,,
25486,2009,57.23,,
25486,2010,71.92,,
25486,2011,68.92,,
25486,2012,69.31,,
25486,2013,71.21,,
25486,2014,74.3495,,
25486,2015,76.4027,,
25486,2016,69.21,,
25486,2017,71.6142,,
25486,2018,77.2531,,
25486,2019,77.4885,,
25486,2020,67.61,,
25488,2000,60.66,,
25488,2001,70.92,,
25488,2002,66.49,,
25488,2003,64.4,,
25488,2004,68.96,,
25488,2005,62.3542,,
25488,2006,65.79,,
25488,2007,74.52,,
25488,2008,75.21,,
25488,2009,69.88,,
25488,2010,84.06,,
25488,2011,85.31,,
25488,2012,75.83,,
25488,2013,82.93,,
25488,2014,85.6107,,
25488,2015,86.0171,,
25488,2016,81.07,,
25488,2017,80.4016,,
25488,2018,81.9432,,
25488,2019,83.4278,,
25488,2020,79.82,,
25489,2000,60.46,,
25489,2001,54.88,,
25489,2002,43.44,,
25489,2003,50.86,,
25489,2004,48.91,,
25489,2005,48.9123,,
25489,2006,56.21,,
25489,2007,64.75,,
25489,2008,68.5,,
25489,2009,65.19,,
25489,2010,74.66,,
25489,2011,65.73,,
25489,2012,65.33,,
25489,2013,62.79,,
25489,2014,69.783,,
25489,2015,71.1668,,
25489,2016,67.91,,
25489,2017,68.7476,,
25489,2018,65.8085,,
25489,2019,71.9984,,
25489,2020,64.96,,
25491,2000,54.83,,
25491,2001,58.41,,
25491,2002,58.76,,
25491,2003,55.85,,
25491,2004,58.41,,
25491,2005,60.0776,,
25491,2006,60.21,,
25491,2007,59.45,,
25491,2008,61.26,,
25491,2009,65.29,,
25491,2010,69.25,,
25491,2011,71.16,,
25491,2012,66.71,,
25491,2013,67.63,,
25491,2014,67.9358,,
25491,2015,70.4151,,
25491,2016,63.55,,
25491,2017,69.9361,,
25491,2018,66.7352,,
25491,2019,68.2616,,
25491,2020,64.75,,
25506,2000,54.07,,
25506,2001,50.62,,
25506,2002,58.83,,
25506,2003,66.97,,
25506,2004,58.24,,
25506,2005,59.5006,,
25506,2006,60.32,,
25506,2007,67.19,,
25506,2008,64.96,,
25506,2009,59.26,,
25506,2010,64.46,,
25506,2011,63.62,,
25506,2012,64.92,,
25506,2013,61.08,,
25506,2014,61.8753,,
25506,2015,66.1397,,
25506,2016,65.98,,
25506,2017,64.8466,,
25506,2018,62.9873,,
25506,2019,64.5182,,
25506,2020,62.29,,
25513,2000,54.53,,
25513,2001,60.51,,
25513,2002,58.37,,
25513,2003,64.13,,
25513,2004,67.17,,
25513,2005,66.3243,,
25513,2006,65.47,,
25513,2007,73.74,,
25513,2008,70.3,,
25513,2009,66.97,,
25513,2010,75.25,,
25513,2011,72.13,,
25513,2012,73.86,,
25513,2013,74.25,,
25513,2014,75.2477,,
25513,2015,78.2757,,
25513,2016,74.97,,
25513,2017,76.2842,,
25513,2018,79.0363,,
25513,2019,79.9499,,
25513,2020,75.31,,
25518,2001,53.62,,
25518,2002,53.82,,
25518,2003,52.87,,
25518,2004,57.73,,
25518,2005,59.668,,
25518,2006,61.23,,
25518,2007,65.37,,
25518,2008,52.73,,
25518,2009,59.53,,
25518,2010,61.56,,
25518,2011,59.45,,
25518,2012,59.67,,
25518,2013,64.78,,
25518,2014,64.9254,,
25518,2015,70.0537,,
25518,2016,63.07,,
25518,2017,69.2241,,
25518,2018,67.4441,,
25518,2019,67.7653,,
25518,2020,63.95,,
25524,2000,57.27,,
25524,2002,54.06,,
25524,2003,53.95,,
25524,2004,51.99,,
25524,2005,53.5531,,
25524,2006,60.81,,
25524,2007,47.78,,
25524,2008,61.65,,
25524,2009,61.17,,
25524,2010,65.84,,
25524,2011,64.65,,
25524,2012,65.82,,
25524,2013,69.08,,
25524,2014,71.8735,,
25524,2015,72.8194,,
25524,2016,65.69,,
25524,2017,65.7041,,
25524,2018,68.4322,,
25524,2019,68.0209,,
25524,2020,65,,
25530,2000,68.42,,
25530,2002,58.01,,
25530,2003,56.19,,
25530,2004,61.11,,
25530,2005,53.619,,
25530,2006,67.3,,
25530,2007,71.62,,
25530,2008,66.52,,
25530,2009,64.56,,
25530,2010,66.72,,
25530,2011,72.23,,
25530,2012,70.56,,
25530,2013,71.67,,
25530,2014,78.2528,,
25530,2015,81.9303,,
25530,2016,78.03,,
25530,2017,78.1728,,
25530,2018,79.1609,,
25530,2019,79.958,,
25530,2020,77.6,,
25535,2000,55.83,,
25535,2001,55.38,,
25535,2002,63.25,,
25535,2003,54.75,,
25535,2004,57.73,,
25535,2005,56.9382,,
25535,2006,57.06,,
25535,2007,62.18,,
25535,2008,60.14,,
25535,2009,60.33,,
25535,2010,69.57,,
25535,2011,69.27,,
25535,2012,70.38,,
25535,2013,68.88,,
25535,2014,68.618,,
25535,2015,73.3157,,
25535,2016,69.66,,
25535,2017,67.381,,
25535,2018,65.7086,,
25535,2019,69.2903,,
25535,2020,65.74,,
25572,2000,52.98,,
25572,2001,59.52,,
25572,2002,62.21,,
25572,2003,55.73,,
25572,2004,65.92,,
25572,2005,64.7309,,
25572,2006,69.63,,
25572,2007,74.08,,
25572,2008,73.37,,
25572,2009,69.84,,
25572,2010,77.88,,
25572,2011,75.93,,
25572,2012,77.92,,
25572,2013,76.25,,
25572,2014,79.5052,,
25572,2015,77.2182,,
25572,2016,77.48,,
25572,2017,77.0047,,
25572,2018,61.7068,,
25572,2019,64.1632,,
25572,2020,73.41,,
25580,2000,54.16,,
25580,2001,54.66,,
25580,2002,55.4,,
25580,2003,58.66,,
25580,2004,60.21,,
25580,2005,59.3739,,
25580,2006,56.87,,
25580,2007,72.78,,
25580,2008,66.24,,
25580,2009,55.25,,
25580,2010,64.54,,
25580,2011,61.2,,
25580,2012,60.89,,
25580,2013,61.54,,
25580,2014,60.9626,,
25580,2015,77.9957,,
25580,2016,56.71,,
25580,2017,59.9565,,
25580,2018,64.1638,,
25580,2019,66.0238,,
25580,2020,64.19,,
25592,2000,52.82,,
25592,2001,51.56,,
25592,2002,54.91,,
25592,2003,54.33,,
25592,2004,57.73,,
25592,2005,59.1259,,
25592,2006,58.68,,
25592,2007,63.53,,
25592,2008,69.09,,
25592,2009,64.1,,
25592,2010,66.54,,
25592,2011,62.72,,
25592,2012,68.82,,
25592,2013,69.38,,
25592,2014,65.3001,,
25592,2015,73.2466,,
25592,2016,70.63,,
25592,2017,68.3202,,
25592,2018,67.1837,,
25592,2019,68.8351,,
25592,2020,68.21,,
25594,2000,56.65,,
25594,2001,49.13,,
25594,2002,56.19,,
25594,2003,58.95,,
25594,2004,53.7,,
25594,2005,55.7095,,
25594,2006,55.01,,
25594,2007,46.39,,
25594,2008,61.79,,
25594,2009,55.99,,
25594,2010,61.88,,
25594,2011,63.73,,
25594,2012,74.69,,
25594,2013,79.95,,
25594,2014,76.9763,,
25594,2015,83.8917,,
25594,2016,82.67,,
25594,2017,81.9763,,
25594,2018,73.3854,,
25594,2019,76.0774,,
25594,2020,69.86,,
25596,2000,56.2,,
25596,2001,51.7,,
25596,2002,52.27,,
25596,2003,55.57,,
25596,2004,56.57,,
25596,2005,56.3062,,
25596,2006,56.28,,
25596,2007,71.56,,
25596,2008,61.07,,
25596,2009,54.13,,
25596,2010,58.2,,
25596,2011,61.85,,
25596,2012,64.34,,
25596,2013,67.33,,
25596,2014,67.3194,,
25596,2015,68.5781,,
25596,2016,62.67,,
25596,2017,64.8896,,
25596,2018,63.5146,,
25596,2019,64.6026,,
25596,2020,59.19,,
25599,2000,58.29,,
25599,2001,53.25,,
25599,2002,54.44,,
25599,2003,59.9,,
25599,2004,58.6,,
25599,2005,62.4082,,
25599,2006,58.88,,
25599,2007,69.83,,
25599,2008,69.23,,
25599,2009,61.37,,
25599,2010,67.75,,
25599,2011,68.51,,
25599,2012,68.28,,
25599,2013,72.93,,
25599,2014,71.2474,,
25599,2015,73.0099,,
25599,2016,68.16,,
25599,2017,69.889,,
25599,2018,72.1647,,
25599,2019,74.313,,
25599,2020,68.16,,
25612,2000,60.21,,
25612,2001,67.08,,
25612,2002,71.83,,
25612,2003,69.69,,
25612,2004,68.72,,
25612,2005,74.1344,,
25612,2006,74.48,,
25612,2007,74.79,,
25612,2008,78.94,,
25612,2009,72.92,,
25612,2010,83.25,,
25612,2011,79.65,,
25612,2012,80.75,,
25612,2013,82.97,,
25612,2014,88.8939,,
25612,2015,88.7448,,
25612,2016,84.92,,
25612,2017,85.6547,,
25612,2018,82.6636,,
25612,2019,83.3758,,
25612,2020,79.57,,
25645,2000,57.41,,
25645,2001,55.45,,
25645,2002,70.24,,
25645,2003,63.48,,
25645,2004,66.73,,
25645,2005,65.1305,,
25645,2006,63.87,,
25645,2007,68.05,,
25645,2008,68.09,,
25645,2009,63.83,,
25645,2010,73.81,,
25645,2011,70.86,,
25645,2012,72.49,,
25645,2013,74.44,,
25645,2014,75.2427,,
25645,2015,74.6227,,
25645,2016,69.65,,
25645,2017,73.3651,,
25645,2018,71.8608,,
25645,2019,72.055,,
25645,2020,69.76,,
25649,2000,54.49,,
25649,2001,57.46,,
25649,2002,62.03,,
25649,2003,59.24,,
25649,2004,56.49,,
25649,2005,58.2656,,
25649,2006,61.35,,
25649,2007,68.16,,
25649,2008,69.26,,
25649,2009,61.45,,
25649,2010,74.37,,
25649,2011,71.55,,
25649,2012,65.68,,
25649,2013,69.86,,
25649,2014,65.9985,,
25649,2015,67.351,,
25649,2016,66.16,,
25649,2017,69.8377,,
25649,2018,66.5653,,
25649,2019,67.9791,,
25649,2020,63.24,,
25653,2000,53.12,,
25653,2002,46.63,,
25653,2003,52.45,,
25653,2004,54.22,,
25653,2005,54.8968,,
25653,2006,56.11,,
25653,2007,58.09,,
25653,2008,54.56,,
25653,2009,54.88,,
25653,2010,59.79,,
25653,2011,65.48,,
25653,2012,61.58,,
25653,2013,61.3,,
25653,2014,62.1341,,
25653,2015,65.9103,,
25653,2016,64.18,,
25653,2017,69.2938,,
25653,2018,70.5942,,
25653,2019,69.6232,,
25653,2020,62.18,,
25658,2000,54.45,,
25658,2001,67.69,,
25658,2002,61.22,,
25658,2003,60.51,,
25658,2004,34.95,,
25658,2005,65.4648,,
25658,2006,57.79,,
25658,2007,60.28,,
25658,2008,53.95,,
25658,2009,67.62,,
25658,2010,70.15,,
25658,2011,71.51,,
25658,2012,72.91,,
25658,2013,73.48,,
25658,2014,73.7213,,
25658,2015,72.8728,,
25658,2016,71.98,,
25658,2017,70.8204,,
25658,2018,74.5847,,
25658,2019,74.1292,,
25658,2020,70.5,,
25662,2000,52.3,,
25662,2001,50.88,,
25662,2002,60.49,,
25662,2003,55.45,,
25662,2004,65.99,,
25662,2005,62.7719,,
25662,2006,66.14,,
25662,2007,69.96,,
25662,2008,68.98,,
25662,2009,61.41,,
25662,2010,72.71,,
25662,2011,69.39,,
25662,2012,68.39,,
25662,2013,70.59,,
25662,2014,69.4384,,
25662,2015,76.5139,,
25662,2016,72.92,,
25662,2017,75.8453,,
25662,2018,70.1086,,
25662,2019,69.1257,,
25662,2020,63.79,,
25718,2000,56.38,,
25718,2001,53.85,,
25718,2002,59.56,,
25718,2003,54.48,,
25718,2004,53.78,,
25718,2005,59.7587,,
25718,2006,60.1,,
25718,2007,65.89,,
25718,2008,63.15,,
25718,2009,63.62,,
25718,2010,71.7,,
25718,2011,67.75,,
25718,2012,68.33,,
25718,2013,67.99,,
25718,2014,69.6144,,
25718,2015,71.417,,
25718,2016,71.03,,
25718,2017,71.4655,,
25718,2018,70.891,,
25718,2019,72.3757,,
25718,2020,68.74,,
25736,2000,60.14,,
25736,2001,60,,
25736,2002,60.46,,
25736,2003,61.22,,
25736,2004,69.01,,
25736,2005,68.6914,,
25736,2006,68.98,,
25736,2007,76.79,,
25736,2008,77.22,,
25736,2009,72.15,,
25736,2010,79.24,,
25736,2011,77.57,,
25736,2012,75.55,,
25736,2013,74.19,,
25736,2014,79.283,,
25736,2015,78.2345,,
25736,2016,82.41,,
25736,2017,78.8318,,
25736,2018,82.5695,,
25736,2019,86.9393,,
25736,2020,81.52,,
25740,2000,70.85,,
25740,2001,74.87,,
25740,2002,71.87,,
25740,2003,71.12,,
25740,2004,73.28,,
25740,2005,73.7421,,
25740,2006,76.66,,
25740,2007,83.7,,
25740,2008,82.41,,
25740,2009,76.59,,
25740,2010,83.9,,
25740,2011,83.4,,
25740,2012,83.27,,
25740,2013,83.58,,
25740,2014,83.2121,,
25740,2015,81.7327,,
25740,2016,80.42,,
25740,2017,80.0138,,
25740,2018,81.7083,,
25740,2019,80.9667,,
25740,2020,78.71,,
25743,2000,61.74,,
25743,2001,67.17,,
25743,2002,66.11,,
25743,2003,71.11,,
25743,2004,57.11,,
25743,2005,62.5375,,
25743,2006,60.86,,
25743,2007,55.04,,
25743,2008,62.85,,
25743,2009,64.75,,
25743,2010,71.27,,
25743,2011,70.72,,
25743,2012,68,,
25743,2013,72.02,,
25743,2014,73.8527,,
25743,2015,75.0366,,
25743,2016,71.99,,
25743,2017,76.3964,,
25743,2018,77.0712,,
25743,2019,76.6217,,
25743,2020,74.18,,
25745,2000,57.91,,
25745,2001,57.42,,
25745,2002,62.84,,
25745,2003,63,,
25745,2004,60.81,,
25745,2005,64.0197,,
25745,2006,64.12,,
25745,2007,69.56,,
25745,2008,67.31,,
25745,2009,66.83,,
25745,2010,74.04,,
25745,2011,76.32,,
25745,2012,73.4,,
25745,2013,71.18,,
25745,2014,71.7268,,
25745,2015,75.628,,
25745,2016,69.21,,
25745,2017,75.678,,
25745,2018,76.4369,,
25745,2019,76.6393,,
25745,2020,70.53,,
25754,2000,62.96,,
25754,2001,66.09,,
25754,2002,65.42,,
25754,2003,61.98,,
25754,2004,63.63,,
25754,2005,62.9698,,
25754,2006,65.55,,
25754,2007,73.98,,
25754,2008,71,,
25754,2009,63.28,,
25754,2010,80.47,,
25754,2011,76.47,,
25754,2012,76.11,,
25754,2013,78.2,,
25754,2014,76.6276,,
25754,2015,77.3956,,
25754,2016,76.19,,
25754,2017,79.332,,
25754,2018,78.9803,,
25754,2019,78.3366,,
25754,2020,77.11,,
25758,2000,70.95,,
25758,2001,69.77,,
25758,2002,67.32,,
25758,2003,73.08,,
25758,2004,73.89,,
25758,2005,76.5353,,
25758,2006,82.65,,
25758,2007,87.11,,
25758,2008,86.98,,
25758,2009,76.31,,
25758,2010,86.59,,
25758,2011,86.58,,
25758,2012,87.26,,
25758,2013,87.84,,
25758,2014,87.191,,
25758,2015,89.089,,
25758,2016,87.39,,
25758,2017,88.2547,,
25758,2018,87.1426,,
25758,2019,88.053,,
25758,2020,86.5,,
25769,2000,60.47,,
25769,2001,67.54,,
25769,2002,70.05,,
25769,2003,71.6,,
25769,2004,65.72,,
25769,2005,67.2177,,
25769,2006,71.37,,
25769,2007,79.35,,
25769,2008,78.89,,
25769,2009,69.24,,
25769,2010,82.29,,
25769,2011,77.58,,
25769,2012,80.12,,
25769,2013,79.58,,
25769,2014,77.8038,,
25769,2015,78.8729,,
25769,2016,75.44,,
25769,2017,80.2106,,
25769,2018,79.2588,,
25769,2019,78.9712,,
25769,2020,76.51,,
25772,2000,54.88,,
25772,2001,61.2,,
25772,2002,61.52,,
25772,2003,62.74,,
25772,2004,59.13,,
25772,2005,63.5254,,
25772,2006,64.81,,
25772,2007,67.98,,
25772,2008,64.64,,
25772,2009,63.4,,
25772,2010,75.56,,
25772,2011,75.42,,
25772,2012,73.85,,
25772,2013,74.71,,
25772,2014,72.5382,,
25772,2015,75.0954,,
25772,2016,67.82,,
25772,2017,71.0337,,
25772,2018,65.0254,,
25772,2019,69.1104,,
25772,2020,71.16,,
25777,2000,54.64,,
25777,2001,54.46,,
25777,2002,65.69,,
25777,2003,54.9,,
25777,2004,56.27,,
25777,2005,60.5524,,
25777,2006,63.09,,
25777,2007,68.14,,
25777,2008,64.71,,
25777,2009,62.75,,
25777,2010,58.01,,
25777,2011,62.57,,
25777,2012,57.85,,
25777,2013,63.79,,
25777,2014,65.9814,,
25777,2015,67.6598,,
25777,2016,66.65,,
25777,2017,70.3264,,
25777,2018,67.3078,,
25777,2019,69.2268,,
25777,2020,67.81,,
25779,2000,55.59,,
25779,2001,54.51,,
25779,2002,57.55,,
25779,2003,52.29,,
25779,2004,56.3,,
25779,2005,63.0252,,
25779,2006,59.94,,
25779,2007,61.58,,
25779,2008,62.93,,
25779,2009,61.94,,
25779,2010,66.73,,
25779,2011,58.69,,
25779,2012,67.23,,
25779,2013,69.08,,
25779,2014,66.9594,,
25779,2015,72.3455,,
25779,2016,64.84,,
25779,2017,66.7331,,
25779,2018,70.9655,,
25779,2019,74.4256,,
25779,2020,65.17,,
25781,2000,51.48,,
25781,2001,51.66,,
25781,2002,58.06,,
25781,2003,61.31,,
25781,2004,55.32,,
25781,2005,53.6044,,
25781,2006,57.95,,
25781,2007,67.22,,
25781,2008,59.75,,
25781,2009,61.63,,
25781,2010,68.78,,
25781,2011,71.5,,
25781,2012,69.71,,
25781,2013,71.26,,
25781,2014,68.8382,,
25781,2015,74.4662,,
25781,2016,68.27,,
25781,2017,68.3836,,
25781,2018,71.1107,,
25781,2019,74.063,,
25781,2020,65.87,,
25785,2000,64.19,,
25785,2001,62.35,,
25785,2002,64.78,,
25785,2003,63.53,,
25785,2004,64.06,,
25785,2005,69.9766,,
25785,2006,73.56,,
25785,2007,74.9,,
25785,2008,72.63,,
25785,2009,63.49,,
25785,2010,73.11,,
25785,2011,71.42,,
25785,2012,75.76,,
25785,2013,81.08,,
25785,2014,81.9748,,
25785,2015,79.1393,,
25785,2016,80.75,,
25785,2017,79.404,,
25785,2018,79.5475,,
25785,2019,78.9021,,
25785,2020,74.89,,
25793,2000,63.7,,
25793,2001,61.4,,
25793,2002,65.69,,
25793,2003,65.32,,
25793,2004,61.12,,
25793,2005,64.2408,,
25793,2006,62.78,,
25793,2007,62.51,,
25793,2008,59.55,,
25793,2009,58.41,,
25793,2010,68.16,,
25793,2011,68.2,,
25793,2012,67.84,,
25793,2013,66.7,,
25793,2014,72.8717,,
25793,2015,75.6593,,
25793,2016,68.91,,
25793,2017,73.7289,,
25793,2018,74.0087,,
25793,2019,71.8345,,
25793,2020,70.2,,
25797,2000,58.51,,
25797,2001,55.62,,
25797,2002,63.72,,
25797,2003,61,,
25797,2004,62.62,,
25797,2005,53.5599,,
25797,2006,60.32,,
25797,2007,72.28,,
25797,2008,70.71,,
25797,2009,70.06,,
25797,2010,72.3,,
25797,2011,75.41,,
25797,2012,70.46,,
25797,2013,70.14,,
25797,2014,68.8603,,
25797,2015,74.2135,,
25797,2016,71.72,,
25797,2017,70.6805,,
25797,2018,72.1787,,
25797,2019,71.7072,,
25797,2020,74.38,,
25799,2000,77.24,,
25799,2001,69.96,,
25799,2002,73.04,,
25799,2003,75.83,,
25799,2004,76.46,,
25799,2005,75.3387,,
25799,2006,77.61,,
25799,2007,83.76,,
25799,2008,83.66,,
25799,2009,80.93,,
25799,2010,89.81,,
25799,2011,88.71,,
25799,2012,87.38,,
25799,2013,85.98,,
25799,2014,86.426,,
25799,2015,90.4565,,
25799,2016,88.18,,
25799,2017,88.0691,,
25799,2018,88.5611,,
25799,2019,87.8051,,
25799,2020,86.1,,
25805,2000,49.6,,
25805,2001,48.61,,
25805,2002,52.24,,
25805,2003,53.54,,
25805,2004,52.98,,
25805,2005,55.5659,,
25805,2006,56.95,,
25805,2007,64.15,,
25805,2008,60.66,,
25805,2009,56.72,,
25805,2010,64.83,,
25805,2011,66.9,,
25805,2012,61.93,,
25805,2013,65,,
25805,2014,64.9548,,
25805,2015,68.7018,,
25805,2016,65.93,,
25805,2017,68.3975,,
25805,2018,64.4047,,
25805,2019,69.4522,,
25805,2020,67.11,,
25807,2000,55.88,,
25807,2002,63.19,,
25807,2003,55.88,,
25807,2004,58.06,,
25807,2005,61.6377,,
25807,2006,62.58,,
25807,2007,70.4,,
25807,2008,63.24,,
25807,2009,59.2,,
25807,2010,64.71,,
25807,2011,67.81,,
25807,2012,57.49,,
25807,2013,66.69,,
25807,2014,63.9696,,
25807,2015,62.6253,,
25807,2016,61.49,,
25807,2017,66.9731,,
25807,2018,67.7268,,
25807,2019,71.6205,,
25807,2020,64.75,,
25815,2000,55.97,,
25815,2001,56.74,,
25815,2002,62.75,,
25815,2003,56.21,,
25815,2004,58.85,,
25815,2005,58.9101,,
25815,2006,60.43,,
25815,2007,67.87,,
25815,2008,66.1,,
25815,2009,63.78,,
25815,2010,75.25,,
25815,2011,75.26,,
25815,2012,63.67,,
25815,2013,71.79,,
25815,2014,71.7645,,
25815,2015,74.5474,,
25815,2016,71.4,,
25815,2017,74.7314,,
25815,2018,74.903,,
25815,2019,76.8392,,
25815,2020,72.08,,
25817,2000,70.54,,
25817,2001,73.39,,
25817,2002,76.21,,
25817,2003,76.4,,
25817,2004,77.14,,
25817,2005,79.2482,,
25817,2006,74.11,,
25817,2007,82.84,,
25817,2008,84.49,,
25817,2009,82.67,,
25817,2010,92.1,,
25817,2011,86.16,,
25817,2012,84.52,,
25817,2013,87.82,,
25817,2014,86.5379,,
25817,2015,87.6736,,
25817,2016,86.74,,
25817,2017,87.2656,,
25817,2018,88.9847,,
25817,2019,89.1769,,
25817,2020,82.61,,
25823,2000,59.7,,
25823,2001,50.16,,
25823,2002,54.46,,
25823,2003,61,,
25823,2004,55.28,,
25823,2005,54.8188,,
25823,2006,53.25,,
25823,2007,56.65,,
25823,2008,58.65,,
25823,2009,54.59,,
25823,2010,56.61,,
25823,2011,62.45,,
25823,2012,60.12,,
25823,2013,63.43,,
25823,2014,68.5862,,
25823,2015,66.5537,,
25823,2016,36.29,,
25823,2017,61.253,,
25823,2018,60.1695,,
25823,2019,67.5313,,
25823,2020,62.95,,
25839,2000,56.76,,
25839,2001,57.84,,
25839,2002,64.13,,
25839,2003,31.22,,
25839,2004,54.02,,
25839,2005,61.6354,,
25839,2006,56.23,,
25839,2007,62.92,,
25839,2008,62.93,,
25839,2009,62.22,,
25839,2010,69.76,,
25839,2011,72.09,,
25839,2012,73.72,,
25839,2013,71.31,,
25839,2014,70.3822,,
25839,2015,77.3485,,
25839,2016,72.32,,
25839,2017,72.1485,,
25839,2018,70.7001,,
25839,2019,70.4481,,
25839,2020,64.8,,
25841,2000,61.27,,
25841,2001,51.23,,
25841,2002,58,,
25841,2003,51.72,,
25841,2004,61.72,,
25841,2005,66.8797,,
25841,2006,61.12,,
25841,2007,59.59,,
25841,2008,64.35,,
25841,2009,63.09,,
25841,2010,67.94,,
25841,2011,61.57,,
25841,2012,66.77,,
25841,2013,76.88,,
25841,2014,73.7493,,
25841,2015,77.389,,
25841,2016,67.91,,
25841,2017,66.2874,,
25841,2018,69.0015,,
25841,2020,64.58,,
25843,2000,61.15,,
25843,2001,60.13,,
25843,2002,65.23,,
25843,2003,67.69,,
25843,2004,68.62,,
25843,2005,69.8095,,
25843,2006,70.51,,
25843,2007,74.35,,
25843,2008,75.65,,
25843,2009,67.23,,
25843,2010,80.8,,
25843,2011,75.84,,
25843,2012,73.37,,
25843,2013,74.93,,
25843,2014,74.6367,,
25843,2015,79.4402,,
25843,2016,76.21,,
25843,2017,77.4426,,
25843,2018,77.0811,,
25843,2019,78.0118,,
25843,2020,77.04,,
25845,2000,56.13,,
25845,2001,50.9,,
25845,2002,54.21,,
25845,2003,62.52,,
25845,2004,60.16,,
25845,2005,63.074,,
25845,2006,59.3,,
25845,2007,77.53,,
25845,2008,67.85,,
25845,2009,63.64,,
25845,2010,71.39,,
25845,2011,67.78,,
25845,2012,63.56,,
25845,2013,67.46,,
25845,2014,69.4916,,
25845,2015,76.4201,,
25845,2016,64.87,,
25845,2017,69.912,,
25845,2018,70.2962,,
25845,2019,72.4492,,
25845,2020,66.67,,
25851,2000,53.95,,
25851,2001,53.35,,
25851,2002,56.89,,
25851,2003,58.34,,
25851,2004,56.77,,
25851,2005,60.0613,,
25851,2006,58.94,,
25851,2007,62.61,,
25851,2008,57.14,,
25851,2009,59.81,,
25851,2010,67,,
25851,2011,68.56,,
25851,2012,69.99,,
25851,2013,66.69,,
25851,2014,67.9438,,
25851,2015,74.4511,,
25851,2016,66.61,,
25851,2017,68.4406,,
25851,2018,67.446,,
25851,2019,71.8837,,
25851,2020,65.9,,
25862,2000,51.31,,
25862,2001,51.84,,
25862,2002,57.06,,
25862,2003,57.92,,
25862,2004,49.69,,
25862,2005,55.6039,,
25862,2006,57.54,,
25862,2007,63.58,,
25862,2008,63.49,,
25862,2009,58.75,,
25862,2010,61.21,,
25862,2011,63.53,,
25862,2012,59.11,,
25862,2013,62.72,,
25862,2014,65.8705,,
25862,2015,72.5794,,
25862,2016,63.95,,
25862,2017,66.9598,,
25862,2018,65.897,,
25862,2019,67.6104,,
25862,2020,66.55,,
25867,2000,58.19,,
25867,2001,54.63,,
25867,2002,58.98,,
25867,2003,38.67,,
25867,2004,14.06,,
25867,2005,54.0534,,
25867,2006,45.61,,
25867,2007,56.67,,
25867,2008,62.28,,
25867,2009,60.68,,
25867,2010,66.18,,
25867,2011,62.54,,
25867,2012,60.65,,
25867,2013,62.28,,
25867,2014,59.1839,,
25867,2015,66.2062,,
25867,2016,61.85,,
25867,2017,69.6113,,
25867,2018,72.8471,,
25867,2019,68.2159,,
25867,2020,62.4,,
25871,2001,50.58,,
25871,2002,58.22,,
25871,2003,54.24,,
25871,2004,57.3,,
25871,2005,56.4589,,
25871,2006,60.23,,
25871,2007,65.87,,
25871,2008,56.21,,
25871,2009,60.94,,
25871,2010,57.27,,
25871,2011,64.18,,
25871,2012,63.86,,
25871,2013,63.34,,
25871,2014,65.0417,,
25871,2015,69.7693,,
25871,2016,63.17,,
25871,2017,64.5243,,
25871,2018,64.0143,,
25871,2019,66.5515,,
25871,2020,60.07,,
25873,2000,63.88,,
25873,2001,57.2,,
25873,2002,63.68,,
25873,2003,56.53,,
25873,2004,61.22,,
25873,2005,63.977,,
25873,2006,64.63,,
25873,2007,69.51,,
25873,2008,66.01,,
25873,2009,64.6,,
25873,2010,73.87,,
25873,2011,72.87,,
25873,2012,68.02,,
25873,2013,66.85,,
25873,2014,69.834,,
25873,2015,78.2427,,
25873,2016,72.62,,
25873,2017,73.5547,,
25873,2018,76.5725,,
25873,2019,75.0592,,
25873,2020,70.54,,
25875,2000,57.55,,
25875,2001,59.01,,
25875,2002,61.73,,
25875,2003,62.4,,
25875,2004,67.33,,
25875,2005,65.9667,,
25875,2006,67.64,,
25875,2007,71.78,,
25875,2008,70.34,,
25875,2009,65.26,,
25875,2010,77.75,,
25875,2011,78.74,,
25875,2012,76.16,,
25875,2013,76.21,,
25875,2014,81.4069,,
25875,2015,77.0039,,
25875,2016,74.92,,
25875,2017,77.1236,,
25875,2018,78.5755,,
25875,2019,78.955,,
25875,2020,76.22,,
25878,2000,51.77,,
25878,2001,59.04,,
25878,2002,62.43,,
25878,2003,46.81,,
25878,2004,24.87,,
25878,2005,46.2475,,
25878,2006,52.61,,
25878,2007,71.69,,
25878,2008,55.61,,
25878,2009,57.41,,
25878,2010,61.51,,
25878,2011,63.87,,
25878,2012,62.84,,
25878,2013,60.54,,
25878,2014,65.1667,,
25878,2015,72.2504,,
25878,2016,68.63,,
25878,2017,66.5967,,
25878,2018,68.721,,
25878,2019,70.7985,,
25878,2020,68.56,,
25885,2000,50.65,,
25885,2001,62.82,,
25885,2002,57.47,,
25885,2003,63.51,,
25885,2004,57.27,,
25885,2005,59.7812,,
25885,2006,60.8,,
25885,2007,69.1,,
25885,2008,69.64,,
25885,2009,63.27,,
25885,2010,64.5,,
25885,2011,69.6,,
25885,2012,67.76,,
25885,2013,66.48,,
25885,2014,65.7038,,
25885,2015,71.1986,,
25885,2016,68.61,,
25885,2017,72.3562,,
25885,2018,67.6637,,
25885,2019,69.5858,,
25885,2020,66.57,,
25898,2000,53.15,,
25898,2001,61.51,,
25898,2002,63.18,,
25898,2003,61.78,,
25898,2004,54.5,,
25898,2005,57.9855,,
25898,2006,57.69,,
25898,2007,66.28,,
25898,2008,65.98,,
25898,2009,64.63,,
25898,2010,67.56,,
25898,2011,66.95,,
25898,2012,65.05,,
25898,2013,65.7,,
25898,2014,65.0032,,
25898,2015,68.3605,,
25898,2016,69.39,,
25898,2017,69.2005,,
25898,2018,71.0681,,
25898,2019,71.4549,,
25898,2020,63.77,,
25899,2000,65.36,,
25899,2001,66.35,,
25899,2002,63.33,,
25899,2003,55.92,,
25899,2004,65.9,,
25899,2005,67.9923,,
25899,2006,67,,
25899,2007,74.71,,
25899,2008,76.08,,
25899,2009,66.65,,
25899,2010,83.42,,
25899,2011,77.64,,
25899,2012,75.85,,
25899,2013,77.32,,
25899,2014,78.7785,,
25899,2015,78.9661,,
25899,2016,75.95,,
25899,2017,77.4476,,
25899,2018,78.5513,,
25899,2019,79.2376,,
25899,2020,77.39,,
27001,2000,49.13,,
27001,2001,51.87,,
27001,2002,47.22,,
27001,2003,44.39,,
27001,2004,57.52,,
27001,2005,55.8391,,
27001,2006,58.55,,
27001,2007,42.67,,
27001,2008,58,,
27001,2009,56.95,,
27001,2010,80.39,,
27001,2011,73.93,,
27001,2012,74.68,,
27001,2013,75.92,,
27001,2014,72.872,,
27001,2015,74.2416,,
27001,2016,72.91,,
27001,2017,74.8486,,
27001,2018,76.3012,,
27001,2019,75.7629,,
27001,2020,76.99,,
27006,2000,48.2,,
27006,2001,49.26,,
27006,2002,51.75,,
27006,2004,42,,
27006,2005,62.0632,,
27006,2006,51.45,,
27006,2007,55.72,,
27006,2008,66.86,,
27006,2009,48.61,,
27006,2010,41.91,,
27006,2011,60.46,,
27006,2012,56.88,,
27006,2013,57.13,,
27006,2014,58.9057,,
27006,2015,44.303,,
27006,2016,44.01,,
27006,2017,54.1613,,
27006,2018,44.8595,,
27006,2019,65.8568,,
27006,2020,63.09,,
27025,2000,58.97,,
27025,2002,37.66,,
27025,2003,47.67,,
27025,2004,29.71,,
27025,2005,56.8502,,
27025,2006,54.44,,
27025,2007,35.45,,
27025,2008,41.56,,
27025,2009,66.64,,
27025,2010,52.72,,
27025,2011,64.23,,
27025,2012,57.01,,
27025,2013,34.42,,
27025,2014,61.5104,,
27025,2015,60.8678,,
27025,2016,53.23,,
27025,2017,60.3124,,
27025,2018,61.3058,,
27025,2019,67.4469,,
27025,2020,47.51,,
27050,2000,63.78,,
27050,2001,49.98,,
27050,2002,55.18,,
27050,2003,51.47,,
27050,2004,57.35,,
27050,2005,44.5839,,
27050,2006,53,,
27050,2007,58.72,,
27050,2008,48.03,,
27050,2009,58.8,,
27050,2010,61.78,,
27050,2011,58.68,,
27050,2012,60.93,,
27050,2013,37.9,,
27050,2014,53.4037,,
27050,2015,61.6347,,
27050,2016,60.35,,
27050,2017,50.0244,,
27050,2019,63.4843,,
27050,2020,63.77,,
27073,2003,47.1,,
27073,2004,46.71,,
27073,2005,42.6779,,
27073,2006,49.25,,
27073,2007,59.99,,
27073,2008,46.93,,
27073,2009,55.48,,
27073,2010,63.06,,
27073,2011,65.26,,
27073,2012,66.91,,
27073,2013,31.82,,
27073,2014,65.5273,,
27073,2015,66.3141,,
27073,2016,61.79,,
27073,2017,68.5626,,
27073,2018,63.6606,,
27073,2019,70.5137,,
27073,2020,63.89,,
27075,2000,54.79,,
27075,2001,49.26,,
27075,2002,61.9,,
27075,2003,60.89,,
27075,2004,60.99,,
27075,2005,62.9652,,
27075,2006,61.76,,
27075,2007,36.56,,
27075,2008,65.1,,
27075,2009,52.86,,
27075,2010,64.69,,
27075,2011,55.51,,
27075,2012,60.82,,
27075,2013,60.09,,
27075,2014,66.2856,,
27075,2015,69.2352,,
27075,2016,65.72,,
27075,2017,64.5385,,
27075,2018,70.4401,,
27075,2019,70.0114,,
27075,2020,69.54,,
27077,2000,49.76,,
27077,2001,50.91,,
27077,2002,33.19,,
27077,2004,58.22,,
27077,2005,54.8271,,
27077,2006,50.48,,
27077,2007,70.91,,
27077,2008,61.28,,
27077,2009,66.19,,
27077,2010,72.73,,
27077,2011,69.46,,
27077,2012,70.85,,
27077,2013,54.99,,
27077,2014,75.2974,,
27077,2015,71.5495,,
27077,2016,69.2,,
27077,2017,68.6005,,
27077,2018,76.7603,,
27077,2019,77.8731,,
27077,2020,76.19,,
27099,2002,52.46,,
27099,2003,45.72,,
27099,2004,25.03,,
27099,2005,58.1702,,
27099,2006,57.2,,
27099,2007,57.83,,
27099,2008,62.96,,
27099,2009,57.98,,
27099,2010,31.42,,
27099,2011,66.97,,
27099,2012,67.97,,
27099,2013,61.56,,
27099,2014,66.5711,,
27099,2015,67.0711,,
27099,2016,63.9,,
27099,2017,64.0217,,
27099,2018,66.3718,,
27099,2019,62.1794,,
27099,2020,63.19,,
27135,2000,50.62,,
27135,2001,49.52,,
27135,2002,52.93,,
27135,2003,62.34,,
27135,2004,54.73,,
27135,2005,45.8909,,
27135,2006,46.25,,
27135,2007,51.71,,
27135,2008,62.04,,
27135,2009,48.56,,
27135,2010,63.96,,
27135,2011,0,,
27135,2012,65.49,,
27135,2013,72.33,,
27135,2014,63.8192,,
27135,2015,59.8306,,
27135,2016,50.45,,
27135,2017,57.9564,,
27135,2018,65.9272,,
27135,2019,45.5355,,
27135,2020,63.92,,
27150,2001,48.13,,
27150,2003,43.77,,
27150,2004,46.58,,
27150,2005,48.3725,,
27150,2006,52.97,,
27150,2007,51.47,,
27150,2008,54.54,,
27150,2009,50.94,,
27150,2010,63.93,,
27150,2011,61.96,,
27150,2012,58.34,,
27150,2013,37.28,,
27150,2014,48.4577,,
27150,2015,64.0454,,
27150,2016,52.64,,
27150,2017,66.3891,,
27150,2018,75.1551,,
27150,2019,76.835,,
27150,2020,63.66,,
27160,2001,49.24,,
27160,2002,55.55,,
27160,2003,55.91,,
27160,2004,50.53,,
27160,2005,55.2967,,
27160,2006,54.75,,
27160,2007,56.57,,
27160,2008,49.4,,
27160,2009,46.84,,
27160,2010,37.05,,
27160,2011,59.44,,
27160,2012,57.77,,
27160,2013,59.28,,
27160,2014,63.1808,,
27160,2015,59.2952,,
27160,2016,55.39,,
27160,2017,50.8604,,
27160,2018,57.3633,,
27160,2019,61.9816,,
27160,2020,61.86,,
27205,2001,45.16,,
27205,2002,52.56,,
27205,2003,56.28,,
27205,2004,55.38,,
27205,2005,58.2407,,
27205,2006,60.1,,
27205,2007,61.76,,
27205,2008,60.38,,
27205,2009,55.9,,
27205,2010,60.1,,
27205,2011,66.54,,
27205,2012,65.65,,
27205,2013,65.02,,
27205,2014,64.722,,
27205,2015,62.7018,,
27205,2016,58.65,,
27205,2017,60.9594,,
27205,2018,65.2424,,
27205,2019,63.7858,,
27205,2020,66.89,,
27245,2000,55.42,,
27245,2001,46.85,,
27245,2002,56.23,,
27245,2003,56.32,,
27245,2004,53.88,,
27245,2005,55.5024,,
27245,2006,54.84,,
27245,2007,55.9,,
27245,2008,52.3,,
27245,2009,53.73,,
27245,2010,61.51,,
27245,2011,46.99,,
27245,2012,67.34,,
27245,2013,57.21,,
27245,2014,59.6484,,
27245,2015,61.7989,,
27245,2016,65.32,,
27245,2017,67.1634,,
27245,2018,71.5321,,
27245,2019,71.3484,,
27245,2020,62.33,,
27250,2000,55.13,,
27250,2001,62.69,,
27250,2002,61.35,,
27250,2003,59.67,,
27250,2004,58.01,,
27250,2005,59.1747,,
27250,2006,56.46,,
27250,2007,56.81,,
27250,2008,55.07,,
27250,2009,58.83,,
27250,2010,58.28,,
27250,2011,58.84,,
27250,2012,59.02,,
27250,2013,59.54,,
27250,2014,70.5473,,
27250,2015,60.5205,,
27250,2016,63.68,,
27250,2017,65.261,,
27250,2018,68.4029,,
27250,2019,83.4533,,
27250,2020,76.19,,
27361,2001,48.47,,
27361,2002,46.39,,
27361,2003,18.16,,
27361,2004,50.56,,
27361,2005,44.8661,,
27361,2006,57.82,,
27361,2007,57.64,,
27361,2008,65.32,,
27361,2009,52.45,,
27361,2010,66.9,,
27361,2011,57.79,,
27361,2012,67.63,,
27361,2013,70.06,,
27361,2014,67.6089,,
27361,2015,60.7421,,
27361,2016,66.88,,
27361,2017,65.9373,,
27361,2018,68.7401,,
27361,2019,62.5927,,
27361,2020,69.21,,
27372,2000,47.05,,
27372,2001,48.35,,
27372,2002,38.08,,
27372,2003,60.13,,
27372,2004,55.85,,
27372,2005,62.8009,,
27372,2007,40.95,,
27372,2008,32.87,,
27372,2009,47.43,,
27372,2010,61.14,,
27372,2011,56.93,,
27372,2012,72.55,,
27372,2013,48.61,,
27372,2014,62.9042,,
27372,2015,61.9489,,
27372,2016,47.07,,
27372,2017,50.2965,,
27372,2018,74.3338,,
27372,2019,74.7998,,
27372,2020,67.81,,
27413,2000,52.48,,
27413,2001,52.55,,
27413,2002,57.83,,
27413,2003,50.93,,
27413,2004,46.56,,
27413,2005,37.1795,,
27413,2006,55.45,,
27413,2007,31.02,,
27413,2008,36.97,,
27413,2009,54.33,,
27413,2010,32.76,,
27413,2011,48.09,,
27413,2012,54.35,,
27413,2013,52.67,,
27413,2014,64.3589,,
27413,2015,65.0912,,
27413,2016,65.26,,
27413,2017,61.0458,,
27413,2018,58.3483,,
27413,2019,62.2221,,
27413,2020,57.49,,
27425,2002,50.88,,
27425,2003,45.51,,
27425,2004,59,,
27425,2005,57.4914,,
27425,2006,53.29,,
27425,2007,53.79,,
27425,2008,53.2,,
27425,2009,54.87,,
27425,2010,60.06,,
27425,2011,67.04,,
27425,2012,63.55,,
27425,2013,61.28,,
27425,2014,68.8774,,
27425,2015,66.4802,,
27425,2016,54.38,,
27425,2017,59.2654,,
27425,2018,62.3397,,
27425,2019,75.1034,,
27425,2020,70.18,,
27430,2001,47.09,,
27430,2002,55.27,,
27430,2003,58.02,,
27430,2004,53.59,,
27430,2005,49.1926,,
27430,2006,63.06,,
27430,2007,65.09,,
27430,2008,55.43,,
27430,2009,53.9,,
27430,2010,49.66,,
27430,2011,59.28,,
27430,2012,62.46,,
27430,2013,61.24,,
27430,2014,60.7977,,
27430,2015,49.4275,,
27430,2016,65.94,,
27430,2017,66.8185,,
27430,2018,70.7809,,
27430,2019,79.4283,,
27430,2020,74.17,,
27450,2001,49.02,,
27450,2002,51.73,,
27450,2003,51.98,,
27450,2004,57.25,,
27450,2005,56.596,,
27450,2006,48.44,,
27450,2007,49.24,,
27450,2008,55.01,,
27450,2009,38.33,,
27450,2010,51.25,,
27450,2011,48.88,,
27450,2012,54.91,,
27450,2013,61.37,,
27450,2014,67.8938,,
27450,2015,53.7131,,
27450,2016,58.55,,
27450,2017,61.5771,,
27450,2018,63.6698,,
27450,2019,72.6568,,
27450,2020,71.4,,
27491,2000,46.47,,
27491,2002,47.73,,
27491,2003,51.67,,
27491,2004,52.88,,
27491,2005,54.0758,,
27491,2006,55.59,,
27491,2007,68.34,,
27491,2008,59.75,,
27491,2009,57.77,,
27491,2010,62.48,,
27491,2011,41.63,,
27491,2012,66.03,,
27491,2013,65.22,,
27491,2014,68.4131,,
27491,2015,67.9705,,
27491,2016,59.08,,
27491,2017,60.735,,
27491,2018,60.147,,
27491,2019,73.3118,,
27491,2020,70.99,,
27495,2000,51.6,,
27495,2002,51.15,,
27495,2003,33.29,,
27495,2004,54.29,,
27495,2005,53.3547,,
27495,2006,48.31,,
27495,2007,45.42,,
27495,2008,59.08,,
27495,2009,54.29,,
27495,2010,55.82,,
27495,2011,59.29,,
27495,2012,58.88,,
27495,2013,57.13,,
27495,2014,55.6549,,
27495,2015,66.1391,,
27495,2016,55.7,,
27495,2017,59.4301,,
27495,2018,61.3482,,
27495,2019,65.3816,,
27495,2020,64.39,,
27580,2001,59.35,,
27580,2002,23.84,,
27580,2003,39.81,,
27580,2004,53.4,,
27580,2005,43.6777,,
27580,2006,53.28,,
27580,2007,57.04,,
27580,2008,47.08,,
27580,2009,55.08,,
27580,2010,58.67,,
27580,2011,57.54,,
27580,2012,58.6,,
27580,2013,62.76,,
27580,2014,61.3598,,
27580,2015,61.6541,,
27580,2016,58,,
27580,2017,59.0108,,
27580,2018,58.285,,
27580,2019,61.6343,,
27580,2020,63.6,,
27600,2001,49.93,,
27600,2002,56.25,,
27600,2003,24.79,,
27600,2005,54.2676,,
27600,2006,52.76,,
27600,2007,53.12,,
27600,2008,53.57,,
27600,2009,56.9,,
27600,2010,61.4,,
27600,2011,64.73,,
27600,2012,59.26,,
27600,2013,58.59,,
27600,2014,57.8102,,
27600,2015,63.8351,,
27600,2016,54.78,,
27600,2017,55.7765,,
27600,2018,60.1788,,
27600,2019,67.242,,
27600,2020,65.56,,
27615,2000,50.08,,
27615,2001,51.02,,
27615,2002,62.76,,
27615,2003,21.16,,
27615,2004,61.75,,
27615,2005,66.8967,,
27615,2006,57.89,,
27615,2007,67.42,,
27615,2008,69.19,,
27615,2009,65.92,,
27615,2010,73.31,,
27615,2011,70.18,,
27615,2012,68.68,,
27615,2013,64.82,,
27615,2014,68.321,,
27615,2015,66.6402,,
27615,2016,72.34,,
27615,2017,70.4385,,
27615,2018,80.971,,
27615,2019,79.9862,,
27615,2020,77.63,,
27660,2000,49.26,,
27660,2001,49.29,,
27660,2002,55.7,,
27660,2003,54.12,,
27660,2004,54.08,,
27660,2005,51.451,,
27660,2006,51.71,,
27660,2007,23.14,,
27660,2008,49.57,,
27660,2009,46.27,,
27660,2010,53.29,,
27660,2011,54.93,,
27660,2012,64.13,,
27660,2013,48.07,,
27660,2014,59.5044,,
27660,2015,74.5298,,
27660,2016,70.51,,
27660,2017,61.0561,,
27660,2018,67.9897,,
27660,2019,66.6032,,
27660,2020,67.7,,
27745,2000,52.86,,
27745,2001,56.53,,
27745,2002,56.35,,
27745,2003,49.86,,
27745,2004,53.08,,
27745,2005,57.8906,,
27745,2006,56.53,,
27745,2007,35.93,,
27745,2008,60.97,,
27745,2009,55.05,,
27745,2010,63.7,,
27745,2011,74.08,,
27745,2012,66.31,,
27745,2013,61.9,,
27745,2014,59.3681,,
27745,2015,68.6122,,
27745,2016,61.43,,
27745,2017,56.1455,,
27745,2018,46.4166,,
27745,2019,82.4211,,
27745,2020,74.02,,
27787,2000,46.19,,
27787,2002,42.06,,
27787,2003,38.83,,
27787,2005,18.2612,,
27787,2006,45.59,,
27787,2007,53.28,,
27787,2008,33.76,,
27787,2009,38.73,,
27787,2010,52.8,,
27787,2011,58.17,,
27787,2012,59.57,,
27787,2013,63.16,,
27787,2014,63.8299,,
27787,2015,39.2594,,
27787,2016,34.55,,
27787,2017,60.721,,
27787,2018,62.1534,,
27787,2019,65.0636,,
27787,2020,52.85,,
27800,2000,49.82,,
27800,2001,48.74,,
27800,2002,15.43,,
27800,2003,56.97,,
27800,2004,28.4,,
27800,2005,50.0199,,
27800,2006,55.67,,
27800,2007,71.65,,
27800,2008,37.44,,
27800,2009,53.92,,
27800,2010,60.62,,
27800,2011,63.67,,
27800,2012,54.07,,
27800,2013,49.58,,
27800,2014,57.889,,
27800,2015,48.1134,,
27800,2016,46.93,,
27800,2017,59.7628,,
27800,2018,56.8234,,
27800,2020,62,,
27810,2001,48.53,,
27810,2002,20.48,,
27810,2003,32.71,,
27810,2004,22.01,,
27810,2005,58.8294,,
27810,2006,57.51,,
27810,2007,64.32,,
27810,2008,62.98,,
27810,2009,55.31,,
27810,2010,61.53,,
27810,2011,58.24,,
27810,2012,63.64,,
27810,2013,38.1,,
27810,2014,44.1633,,
27810,2015,65.5959,,
27810,2016,65.71,,
27810,2017,44.5297,,
27810,2018,45.7054,,
27810,2020,43.9,,
41001,2000,53.28,,
41001,2001,60.31,,
41001,2002,66.33,,
41001,2003,62.31,,
41001,2005,57.6182,,
41001,2006,66.41,,
41001,2007,71.95,,
41001,2008,71.26,,
41001,2009,62.14,,
41001,2010,77.99,,
41001,2011,78.53,,
41001,2012,76.51,,
41001,2013,77.18,,
41001,2014,77.6718,,
41001,2015,78.3907,,
41001,2016,75.41,,
41001,2017,73.48,,
41001,2018,75.5371,,
41001,2019,75.1733,,
41001,2020,72.16,,
41006,2001,51.86,,
41006,2002,52.13,,
41006,2003,58.11,,
41006,2004,43.4,,
41006,2005,60.6584,,
41006,2006,60.67,,
41006,2007,68.2,,
41006,2008,65.03,,
41006,2009,57.75,,
41006,2010,68.05,,
41006,2011,67.06,,
41006,2012,64.47,,
41006,2013,67.02,,
41006,2014,67.5639,,
41006,2015,69.8402,,
41006,2016,74.69,,
41006,2017,71.6999,,
41006,2018,73.5068,,
41006,2019,71.2382,,
41006,2020,66.27,,
41013,2000,47.71,,
41013,2001,47.33,,
41013,2002,49.89,,
41013,2003,36.88,,
41013,2004,52.91,,
41013,2005,56.5687,,
41013,2006,57.19,,
41013,2007,57.16,,
41013,2008,58.06,,
41013,2009,54.81,,
41013,2010,57.68,,
41013,2011,64.14,,
41013,2012,66.45,,
41013,2013,68.61,,
41013,2014,67.0935,,
41013,2015,73.8898,,
41013,2016,70.07,,
41013,2017,64.6317,,
41013,2018,63.8549,,
41013,2019,66.0892,,
41013,2020,65.8,,
41016,2000,56.34,,
41016,2001,62.7,,
41016,2002,61.58,,
41016,2003,68.59,,
41016,2004,70.98,,
41016,2005,72.4753,,
41016,2006,74.89,,
41016,2007,81.47,,
41016,2008,78.15,,
41016,2009,61.94,,
41016,2010,76.17,,
41016,2011,72.23,,
41016,2012,71.11,,
41016,2013,65.2,,
41016,2014,70.664,,
41016,2015,80.0842,,
41016,2016,72.14,,
41016,2017,65.1575,,
41016,2018,73.7295,,
41016,2019,74.1492,,
41016,2020,70.39,,
41020,2001,59.28,,
41020,2002,55.06,,
41020,2003,51.97,,
41020,2004,53.67,,
41020,2005,58.3387,,
41020,2006,54.32,,
41020,2007,59.67,,
41020,2008,48.46,,
41020,2009,59.81,,
41020,2010,60.79,,
41020,2011,60.14,,
41020,2012,62.84,,
41020,2013,65.5,,
41020,2014,66.2844,,
41020,2015,66.5177,,
41020,2016,64.25,,
41020,2017,68.8154,,
41020,2018,66.8297,,
41020,2019,67.516,,
41020,2020,65.35,,
41026,2000,56.55,,
41026,2001,55.28,,
41026,2002,60.36,,
41026,2003,51.02,,
41026,2004,58.26,,
41026,2005,54.8464,,
41026,2006,54.95,,
41026,2007,66.71,,
41026,2008,68.92,,
41026,2009,62.1,,
41026,2010,66.5,,
41026,2011,65.99,,
41026,2012,66.73,,
41026,2013,68.96,,
41026,2014,70.57,,
41026,2015,78.5471,,
41026,2016,68.7,,
41026,2017,72.15,,
41026,2018,73.8687,,
41026,2019,72.6899,,
41026,2020,71.56,,
41078,2000,51.26,,
41078,2001,51.78,,
41078,2002,49.95,,
41078,2003,53.39,,
41078,2004,11.39,,
41078,2005,54.2403,,
41078,2006,61.21,,
41078,2007,58.52,,
41078,2008,65.06,,
41078,2009,57.8,,
41078,2010,60.26,,
41078,2011,60.24,,
41078,2012,60.6,,
41078,2013,62,,
41078,2014,65.5744,,
41078,2015,69.7877,,
41078,2016,62.01,,
41078,2017,64.0381,,
41078,2018,65.6149,,
41078,2019,68.8397,,
41078,2020,62.62,,
41132,2000,58.78,,
41132,2001,56.8,,
41132,2002,61.2,,
41132,2003,57.82,,
41132,2004,62.14,,
41132,2005,59.628,,
41132,2006,61.33,,
41132,2007,44.02,,
41132,2008,63.34,,
41132,2009,60.75,,
41132,2010,75.55,,
41132,2011,70.79,,
41132,2012,68.72,,
41132,2013,68.25,,
41132,2014,70.3484,,
41132,2015,73.057,,
41132,2016,70.33,,
41132,2017,70.2609,,
41132,2018,70.8873,,
41132,2019,71.9047,,
41132,2020,69.39,,
41206,2000,61.36,,
41206,2001,51.72,,
41206,2002,57.49,,
41206,2003,57.86,,
41206,2004,53.21,,
41206,2005,56.9637,,
41206,2006,60.12,,
41206,2007,54.64,,
41206,2008,55.59,,
41206,2009,51.96,,
41206,2010,55.07,,
41206,2011,51.63,,
41206,2012,56.51,,
41206,2013,59.81,,
41206,2014,62.954,,
41206,2015,61.5822,,
41206,2016,59.2,,
41206,2017,62.4534,,
41206,2018,62.3954,,
41206,2019,63.1457,,
41206,2020,60.96,,
41244,2000,50.97,,
41244,2001,46.98,,
41244,2002,53.39,,
41244,2003,49.36,,
41244,2004,50.25,,
41244,2005,49.8568,,
41244,2006,50.09,,
41244,2007,57.05,,
41244,2008,51.24,,
41244,2009,54.03,,
41244,2010,64.33,,
41244,2011,59.62,,
41244,2012,59.38,,
41244,2013,59.43,,
41244,2014,63.1553,,
41244,2015,60.4795,,
41244,2016,58.48,,
41244,2017,62.151,,
41244,2018,60.7607,,
41244,2019,67.1693,,
41244,2020,59.58,,
41298,2000,54.33,,
41298,2001,56.65,,
41298,2003,52.37,,
41298,2004,58.71,,
41298,2005,60.5277,,
41298,2006,64.77,,
41298,2007,64.74,,
41298,2008,66.08,,
41298,2009,62.28,,
41298,2010,72.96,,
41298,2011,72.84,,
41298,2012,71.21,,
41298,2013,71.69,,
41298,2014,71.8838,,
41298,2015,71.5825,,
41298,2016,71.21,,
41298,2017,71.0595,,
41298,2018,70.1833,,
41298,2019,71.0689,,
41298,2020,71.11,,
41306,2000,52.39,,
41306,2001,57.53,,
41306,2002,53.79,,
41306,2003,69.01,,
41306,2004,52.62,,
41306,2005,54.6171,,
41306,2006,61.01,,
41306,2007,53.51,,
41306,2008,59.76,,
41306,2009,57.72,,
41306,2010,72.87,,
41306,2011,71.05,,
41306,2012,71.72,,
41306,2013,78.22,,
41306,2014,80.3829,,
41306,2015,83.0989,,
41306,2016,79.93,,
41306,2017,77.5465,,
41306,2018,73.4831,,
41306,2019,72.4916,,
41306,2020,69.3,,
41319,2000,49.56,,
41319,2001,50.2,,
41319,2002,54.85,,
41319,2003,51.09,,
41319,2004,58.29,,
41319,2005,62.7515,,
41319,2006,62.62,,
41319,2007,70.53,,
41319,2008,70.82,,
41319,2009,61.08,,
41319,2010,67.95,,
41319,2011,69.8,,
41319,2012,66.18,,
41319,2013,67.01,,
41319,2014,68.8566,,
41319,2015,72.3237,,
41319,2016,64.86,,
41319,2017,66.1361,,
41319,2018,67.2616,,
41319,2019,67.7341,,
41319,2020,65.86,,
41349,2002,53.4,,
41349,2003,58.85,,
41349,2004,58.22,,
41349,2005,57.7576,,
41349,2006,59.67,,
41349,2007,58.58,,
41349,2008,63.91,,
41349,2009,57.69,,
41349,2010,63.89,,
41349,2011,62.77,,
41349,2012,64.04,,
41349,2013,60.54,,
41349,2014,66.0942,,
41349,2015,71.8546,,
41349,2016,70.09,,
41349,2017,69.2543,,
41349,2018,69.9062,,
41349,2019,70.4878,,
41349,2020,68.75,,
41357,2001,54.37,,
41357,2003,42.14,,
41357,2004,18.17,,
41357,2005,58.9105,,
41357,2006,55.85,,
41357,2007,61.96,,
41357,2008,60.77,,
41357,2009,54.1,,
41357,2010,62.09,,
41357,2011,60.21,,
41357,2012,58.27,,
41357,2013,56.66,,
41357,2014,62.1668,,
41357,2015,62.7384,,
41357,2016,57.65,,
41357,2017,57.7143,,
41357,2018,59.4199,,
41357,2019,64.2537,,
41357,2020,61.41,,
41359,2001,67.46,,
41359,2002,43.28,,
41359,2003,20.65,,
41359,2004,61.49,,
41359,2005,56.3037,,
41359,2006,56.6,,
41359,2007,58.6,,
41359,2008,55.43,,
41359,2009,58.74,,
41359,2010,67.92,,
41359,2011,69.77,,
41359,2012,65.38,,
41359,2013,68.47,,
41359,2014,67.7257,,
41359,2015,71.0897,,
41359,2016,64.92,,
41359,2017,64.1754,,
41359,2018,63.9902,,
41359,2019,66.6324,,
41359,2020,67.71,,
41378,2000,51.07,,
41378,2001,56.21,,
41378,2002,65.89,,
41378,2003,23.7,,
41378,2004,54.27,,
41378,2005,58.2,,
41378,2006,57.28,,
41378,2007,67.41,,
41378,2008,62.29,,
41378,2009,57.38,,
41378,2010,62.22,,
41378,2011,63.48,,
41378,2012,59.49,,
41378,2013,60.69,,
41378,2014,63.9272,,
41378,2015,63.3573,,
41378,2016,63.08,,
41378,2017,64.6289,,
41378,2018,63.4926,,
41378,2019,66.2143,,
41378,2020,61.17,,
41396,2000,46.56,,
41396,2001,55.49,,
41396,2002,56.48,,
41396,2003,55.99,,
41396,2004,57.69,,
41396,2005,60.479,,
41396,2006,57.11,,
41396,2007,59.34,,
41396,2008,58.47,,
41396,2009,61.22,,
41396,2010,67.16,,
41396,2011,66,,
41396,2012,68,,
41396,2013,71.06,,
41396,2014,70.1941,,
41396,2015,72.5409,,
41396,2016,68.32,,
41396,2017,69.4502,,
41396,2018,72.0302,,
41396,2019,73.0789,,
41396,2020,74.59,,
41483,2000,54.13,,
41483,2001,54.7,,
41483,2002,54.96,,
41483,2003,55.37,,
41483,2004,54.39,,
41483,2005,56.3952,,
41483,2006,58.08,,
41483,2007,55.74,,
41483,2008,54.93,,
41483,2009,55.52,,
41483,2010,63.33,,
41483,2011,61.31,,
41483,2012,58.46,,
41483,2013,61.25,,
41483,2014,64.3644,,
41483,2015,70.079,,
41483,2016,68.35,,
41483,2017,61.0483,,
41483,2018,63.2019,,
41483,2019,62.9116,,
41483,2020,59.49,,
41503,2000,49.32,,
41503,2001,63.1,,
41503,2002,58.18,,
41503,2003,54.04,,
41503,2004,23.27,,
41503,2005,52.5533,,
41503,2006,56.6,,
41503,2007,55.75,,
41503,2008,53.68,,
41503,2009,56.6,,
41503,2010,65.93,,
41503,2011,69.91,,
41503,2012,60.8,,
41503,2013,62.63,,
41503,2014,62.7262,,
41503,2015,65.8896,,
41503,2016,66.25,,
41503,2017,64.0322,,
41503,2018,60.9316,,
41503,2019,64.1742,,
41503,2020,59.09,,
41518,2000,49.6,,
41518,2001,54.73,,
41518,2002,51.67,,
41518,2003,37.6,,
41518,2004,52.65,,
41518,2005,55.0806,,
41518,2006,53.06,,
41518,2007,49.3,,
41518,2008,64.62,,
41518,2009,60.43,,
41518,2010,65.3,,
41518,2011,68.27,,
41518,2012,61.97,,
41518,2013,66.6,,
41518,2014,68.8639,,
41518,2015,73.3225,,
41518,2016,70.4,,
41518,2017,64.2751,,
41518,2018,66.9067,,
41518,2019,67.3831,,
41518,2020,65.21,,
41524,2000,56.3,,
41524,2001,61.08,,
41524,2002,65.63,,
41524,2003,68.22,,
41524,2004,71.77,,
41524,2005,70.6473,,
41524,2006,73.75,,
41524,2007,78.88,,
41524,2008,79.03,,
41524,2009,64.91,,
41524,2010,75.67,,
41524,2011,77,,
41524,2012,73.4,,
41524,2013,72.84,,
41524,2014,74.2271,,
41524,2015,79.151,,
41524,2016,79.09,,
41524,2017,79.633,,
41524,2018,80.7539,,
41524,2019,82.9317,,
41524,2020,79.58,,
41530,2000,59.6,,
41530,2001,51.18,,
41530,2002,55.88,,
41530,2003,60.97,,
41530,2004,57.03,,
41530,2005,57.4306,,
41530,2006,61.77,,
41530,2007,61.86,,
41530,2008,58.52,,
41530,2009,57.11,,
41530,2010,64.88,,
41530,2011,63.38,,
41530,2012,59.94,,
41530,2013,59.46,,
41530,2014,62.3562,,
41530,2015,69.1657,,
41530,2016,61.03,,
41530,2017,63.5197,,
41530,2018,64.9322,,
41530,2019,66.29,,
41530,2020,61.49,,
41548,2000,51.47,,
41548,2001,50.62,,
41548,2002,49.7,,
41548,2003,50.89,,
41548,2004,52.65,,
41548,2005,57.701,,
41548,2006,54.77,,
41548,2007,58.66,,
41548,2008,56.46,,
41548,2009,60.85,,
41548,2010,64.44,,
41548,2011,66.37,,
41548,2012,61.97,,
41548,2013,62.87,,
41548,2014,64.2379,,
41548,2015,65.215,,
41548,2016,60.75,,
41548,2017,62.8132,,
41548,2018,61.7529,,
41548,2019,61.3811,,
41548,2020,64.67,,
41551,2000,56.71,,
41551,2001,56.12,,
41551,2002,58.86,,
41551,2003,61.64,,
41551,2004,68,,
41551,2005,69.5312,,
41551,2006,68.19,,
41551,2007,69.48,,
41551,2008,72.86,,
41551,2009,62.37,,
41551,2010,81.2,,
41551,2011,73.37,,
41551,2012,73.2,,
41551,2013,74.59,,
41551,2014,75.8442,,
41551,2015,74.9846,,
41551,2016,72.06,,
41551,2017,73.6731,,
41551,2018,71.9695,,
41551,2019,73.6037,,
41551,2020,71,,
41615,2000,53.33,,
41615,2001,51.89,,
41615,2002,53.03,,
41615,2003,58.19,,
41615,2004,59.67,,
41615,2005,63.9354,,
41615,2006,64.45,,
41615,2007,72.02,,
41615,2008,73.52,,
41615,2009,67.74,,
41615,2010,75.18,,
41615,2011,76.58,,
41615,2012,75.25,,
41615,2013,71.33,,
41615,2014,72.4485,,
41615,2015,75.9267,,
41615,2016,73.05,,
41615,2017,74.1046,,
41615,2018,73.543,,
41615,2019,70.762,,
41615,2020,72,,
41660,2000,49.32,,
41660,2001,52.74,,
41660,2002,51.29,,
41660,2003,50.54,,
41660,2004,61.07,,
41660,2005,55.1624,,
41660,2006,54.44,,
41660,2007,54.06,,
41660,2008,56.21,,
41660,2009,57.29,,
41660,2010,59.67,,
41660,2011,62.15,,
41660,2012,58.84,,
41660,2013,66.02,,
41660,2014,67.8356,,
41660,2015,60.3305,,
41660,2016,57.41,,
41660,2017,60.5219,,
41660,2018,58.5863,,
41660,2019,62.8233,,
41660,2020,57.83,,
41668,2000,51.69,,
41668,2001,52.81,,
41668,2002,56.36,,
41668,2003,25.05,,
41668,2004,55.74,,
41668,2005,56.1132,,
41668,2006,57.64,,
41668,2007,58.73,,
41668,2008,58.21,,
41668,2009,57.26,,
41668,2010,67.58,,
41668,2011,65.46,,
41668,2012,65.58,,
41668,2013,66.97,,
41668,2014,68.6166,,
41668,2015,72.67,,
41668,2016,65.42,,
41668,2017,65.6971,,
41668,2018,69.7746,,
41668,2019,70.7526,,
41668,2020,70.92,,
41676,2000,52.14,,
41676,2001,50.1,,
41676,2003,58.58,,
41676,2004,62.16,,
41676,2005,56.5015,,
41676,2006,58.33,,
41676,2007,59.89,,
41676,2008,60.93,,
41676,2009,55.29,,
41676,2010,62.86,,
41676,2011,64.22,,
41676,2012,61.38,,
41676,2013,61.76,,
41676,2014,65.4579,,
41676,2015,64.9995,,
41676,2016,57.44,,
41676,2017,68.0255,,
41676,2018,64.6349,,
41676,2019,67.28,,
41676,2020,62.65,,
41770,2000,52.68,,
41770,2001,53.35,,
41770,2002,56.1,,
41770,2003,53.01,,
41770,2004,58.79,,
41770,2005,58.3651,,
41770,2006,57.62,,
41770,2007,55.45,,
41770,2008,62.37,,
41770,2009,63.08,,
41770,2010,66.59,,
41770,2011,62.55,,
41770,2012,66.91,,
41770,2013,69.57,,
41770,2014,67.2233,,
41770,2015,71.8975,,
41770,2016,66.8,,
41770,2017,69.397,,
41770,2018,70.5925,,
41770,2019,73.0222,,
41770,2020,67.6,,
41791,2000,54.08,,
41791,2001,52.33,,
41791,2002,51.8,,
41791,2003,52.64,,
41791,2004,53.6,,
41791,2005,54.3998,,
41791,2006,56.76,,
41791,2007,56.09,,
41791,2008,54.75,,
41791,2009,56.33,,
41791,2010,63.72,,
41791,2011,62.34,,
41791,2012,62.1,,
41791,2013,63.96,,
41791,2014,63.215,,
41791,2015,67.6447,,
41791,2016,59.59,,
41791,2017,66.2239,,
41791,2018,64.2059,,
41791,2019,67.3715,,
41791,2020,64.9,,
41797,2000,49.69,,
41797,2001,56.93,,
41797,2002,58.78,,
41797,2003,54.32,,
41797,2004,52.68,,
41797,2005,55.8962,,
41797,2006,58.04,,
41797,2007,71.09,,
41797,2008,64.07,,
41797,2009,57.83,,
41797,2010,64.99,,
41797,2011,71.48,,
41797,2012,68.97,,
41797,2013,66.36,,
41797,2014,72.223,,
41797,2015,73.6521,,
41797,2016,65.29,,
41797,2017,66.2997,,
41797,2018,68.6838,,
41797,2019,69.8519,,
41797,2020,66.95,,
41799,2000,50.67,,
41799,2001,52.33,,
41799,2002,52.96,,
41799,2003,49.19,,
41799,2004,46.01,,
41799,2005,52.73,,
41799,2006,55.39,,
41799,2007,59.02,,
41799,2008,58.29,,
41799,2009,61.56,,
41799,2010,69.94,,
41799,2011,67.57,,
41799,2012,64.58,,
41799,2013,65.99,,
41799,2014,68.7514,,
41799,2015,75.2017,,
41799,2016,68.16,,
41799,2017,64.079,,
41799,2018,62.5978,,
41799,2019,66.5652,,
41799,2020,63.18,,
41801,2000,49.26,,
41801,2001,57.1,,
41801,2002,40.1,,
41801,2003,41.05,,
41801,2004,51.53,,
41801,2005,53.5877,,
41801,2006,53.39,,
41801,2007,51.23,,
41801,2008,63.69,,
41801,2009,54.83,,
41801,2010,61.23,,
41801,2011,51.83,,
41801,2012,58.74,,
41801,2013,61.8,,
41801,2014,62.3278,,
41801,2015,64.6549,,
41801,2016,62,,
41801,2017,62.9325,,
41801,2018,63.9679,,
41801,2019,67.6758,,
41801,2020,62.41,,
41807,2000,56.62,,
41807,2001,57.71,,
41807,2002,55.6,,
41807,2003,52.29,,
41807,2004,53.23,,
41807,2005,55.5795,,
41807,2006,57.22,,
41807,2007,62.77,,
41807,2008,55.64,,
41807,2009,60.84,,
41807,2010,67.59,,
41807,2011,67.88,,
41807,2012,66.73,,
41807,2013,67.11,,
41807,2014,69.7301,,
41807,2015,70.725,,
41807,2016,64.59,,
41807,2017,64.7024,,
41807,2018,69.0782,,
41807,2019,68.2657,,
41807,2020,68.51,,
41872,2000,50.2,,
41872,2001,53.02,,
41872,2002,54.55,,
41872,2003,22.59,,
41872,2004,56.99,,
41872,2005,58.2387,,
41872,2006,51.54,,
41872,2007,60.18,,
41872,2008,63.49,,
41872,2009,58.79,,
41872,2010,62.48,,
41872,2011,62.31,,
41872,2012,61.14,,
41872,2013,59.93,,
41872,2014,62.0672,,
41872,2015,69.2449,,
41872,2016,62.67,,
41872,2017,66.4418,,
41872,2018,67.2486,,
41872,2019,68.6703,,
41872,2020,65.06,,
41885,2000,62.15,,
41885,2001,63.25,,
41885,2002,64.33,,
41885,2003,64.82,,
41885,2004,66.3,,
41885,2005,63.7546,,
41885,2006,68.2,,
41885,2007,74.91,,
41885,2008,74.66,,
41885,2009,58.39,,
41885,2010,71.75,,
41885,2011,71.65,,
41885,2012,73.04,,
41885,2013,76.3,,
41885,2014,74.1614,,
41885,2015,79.8084,,
41885,2016,69.84,,
41885,2017,63.9001,,
41885,2018,71.6252,,
41885,2019,73.3526,,
41885,2020,72.61,,
44001,2000,33.49,,
44001,2001,52.82,,
44001,2002,51.55,,
44001,2003,59.34,,
44001,2004,53.94,,
44001,2005,60.4749,,
44001,2006,60.85,,
44001,2007,60.14,,
44001,2008,65.07,,
44001,2009,64.88,,
44001,2010,81.4,,
44001,2011,71.02,,
44001,2012,75.36,,
44001,2013,76.62,,
44001,2014,76.3311,,
44001,2015,75.7924,,
44001,2016,71.7,,
44001,2017,70.8748,,
44001,2018,71.215,,
44001,2019,68.378,,
44001,2020,70.57,,
44035,2001,67.04,,
44035,2002,75.2,,
44035,2003,69.73,,
44035,2004,70.65,,
44035,2005,69.9849,,
44035,2006,73,,
44035,2007,75.75,,
44035,2008,74.91,,
44035,2009,60.52,,
44035,2010,71.89,,
44035,2011,78.57,,
44035,2012,80.43,,
44035,2013,72.41,,
44035,2014,76.3043,,
44035,2015,75.7839,,
44035,2016,77.36,,
44035,2017,73.6197,,
44035,2018,75.3893,,
44035,2019,73.1456,,
44035,2020,78.14,,
44078,2000,54.73,,
44078,2001,62.35,,
44078,2002,52.78,,
44078,2003,62.87,,
44078,2004,63.23,,
44078,2005,65.9679,,
44078,2006,61.29,,
44078,2007,72.42,,
44078,2008,78.62,,
44078,2009,63.87,,
44078,2010,77.08,,
44078,2011,78.08,,
44078,2012,79.57,,
44078,2013,73.26,,
44078,2014,78.1824,,
44078,2015,64.2611,,
44078,2016,65.59,,
44078,2017,59.0741,,
44078,2018,61.9876,,
44078,2019,74.5812,,
44078,2020,70.12,,
44090,2000,59.31,,
44090,2001,67.53,,
44090,2002,62.9,,
44090,2003,49.11,,
44090,2004,41.05,,
44090,2005,58.5318,,
44090,2006,66.92,,
44090,2007,67.11,,
44090,2008,74.87,,
44090,2009,68.01,,
44090,2010,77.26,,
44090,2011,61.38,,
44090,2012,58.56,,
44090,2013,72.76,,
44090,2014,73.7052,,
44090,2015,79.0122,,
44090,2016,75.15,,
44090,2017,72.6534,,
44090,2018,74.5181,,
44090,2019,74.3024,,
44090,2020,70.99,,
44098,2000,45.85,,
44098,2001,49.32,,
44098,2002,41.74,,
44098,2003,52.22,,
44098,2004,53.39,,
44098,2005,58.0816,,
44098,2006,55.38,,
44098,2007,68.98,,
44098,2008,70.14,,
44098,2009,68.94,,
44098,2010,69.41,,
44098,2011,71.24,,
44098,2012,62.13,,
44098,2013,67.7,,
44098,2014,65.9626,,
44098,2015,66.6799,,
44098,2016,52.21,,
44098,2017,59.117,,
44098,2018,59.4326,,
44098,2019,62.3917,,
44098,2020,62.34,,
44110,2000,52.44,,
44110,2002,61.97,,
44110,2003,63.56,,
44110,2004,54.66,,
44110,2005,50.6728,,
44110,2006,54.2,,
44110,2007,66.44,,
44110,2008,65.4,,
44110,2009,66.46,,
44110,2010,48.24,,
44110,2011,68.91,,
44110,2012,67.26,,
44110,2013,49.63,,
44110,2014,72.6828,,
44110,2015,66.3846,,
44110,2016,69.35,,
44110,2017,59.9967,,
44110,2018,63.7162,,
44110,2019,64.5322,,
44110,2020,63.54,,
44279,2000,49.93,,
44279,2001,49.51,,
44279,2002,33.94,,
44279,2003,49.8,,
44279,2004,49.27,,
44279,2005,52.735,,
44279,2006,52.8,,
44279,2007,35.75,,
44279,2008,53.05,,
44279,2009,63.75,,
44279,2010,73.14,,
44279,2011,82.16,,
44279,2012,72.85,,
44279,2013,76.83,,
44279,2014,63.6049,,
44279,2015,70.5154,,
44279,2016,70.65,,
44279,2017,72.9168,,
44279,2018,70.8485,,
44279,2019,77.5577,,
44279,2020,72.65,,
44378,2000,54.74,,
44378,2002,54.4,,
44378,2003,37.78,,
44378,2004,55.52,,
44378,2005,58.1566,,
44378,2006,74.02,,
44378,2007,79.33,,
44378,2008,77.08,,
44378,2009,61.21,,
44378,2010,76.35,,
44378,2011,69.34,,
44378,2012,69.13,,
44378,2013,74.22,,
44378,2014,68.4929,,
44378,2015,74.7529,,
44378,2016,62.82,,
44378,2017,69.0647,,
44378,2018,67.6816,,
44378,2019,69.515,,
44378,2020,66,,
44420,2001,49.15,,
44420,2002,44.27,,
44420,2003,40.23,,
44420,2004,50.23,,
44420,2005,54.5732,,
44420,2006,50.37,,
44420,2007,61.59,,
44420,2008,58.83,,
44420,2009,63.09,,
44420,2010,59.6,,
44420,2011,56.76,,
44420,2012,61.07,,
44420,2013,57.54,,
44420,2014,66.793,,
44420,2015,74.7954,,
44420,2016,64.96,,
44420,2017,61.757,,
44420,2018,60.2807,,
44420,2019,74.2619,,
44420,2020,59.65,,
44430,2000,47.05,,
44430,2002,60.74,,
44430,2003,77.46,,
44430,2004,64.88,,
44430,2005,64.545,,
44430,2006,62.67,,
44430,2007,68.89,,
44430,2008,71.73,,
44430,2009,60.7,,
44430,2010,78.39,,
44430,2011,71.09,,
44430,2012,71.05,,
44430,2013,80.69,,
44430,2014,73.4636,,
44430,2015,72.0544,,
44430,2016,70.28,,
44430,2017,65.518,,
44430,2018,47.5447,,
44430,2019,69.736,,
44430,2020,70.9,,
44560,2000,55.32,,
44560,2002,58.94,,
44560,2004,58.15,,
44560,2005,60.8849,,
44560,2006,66.24,,
44560,2007,53.64,,
44560,2008,64.73,,
44560,2009,59.24,,
44560,2010,71.93,,
44560,2011,54.66,,
44560,2012,69.24,,
44560,2013,72.68,,
44560,2014,69.6912,,
44560,2015,72.3228,,
44560,2016,70.03,,
44560,2017,67.6986,,
44560,2018,68.079,,
44560,2019,70.5175,,
44560,2020,65.64,,
44650,2000,48.92,,
44650,2001,53.34,,
44650,2002,53.11,,
44650,2003,52.29,,
44650,2004,57.92,,
44650,2005,58.5448,,
44650,2006,60.15,,
44650,2007,51.6,,
44650,2008,64.73,,
44650,2009,71.73,,
44650,2010,81.27,,
44650,2011,77.11,,
44650,2012,73.2,,
44650,2013,69.54,,
44650,2014,75.4263,,
44650,2015,75.0697,,
44650,2016,69.27,,
44650,2017,68.777,,
44650,2018,71.8278,,
44650,2019,74.1052,,
44650,2020,76.2,,
44847,2000,50.74,,
44847,2001,56.4,,
44847,2002,53.91,,
44847,2003,62.18,,
44847,2004,56.62,,
44847,2005,66.838,,
44847,2006,65.2,,
44847,2007,73.54,,
44847,2008,74.87,,
44847,2009,61.66,,
44847,2010,73.32,,
44847,2011,70.15,,
44847,2012,65.26,,
44847,2013,66.85,,
44847,2014,73.3659,,
44847,2015,73.3943,,
44847,2016,73.54,,
44847,2017,68.5771,,
44847,2018,69.6696,,
44847,2019,70.6072,,
44847,2020,68.18,,
44855,2000,50.12,,
44855,2002,55.41,,
44855,2003,51.77,,
44855,2004,56.79,,
44855,2005,53.529,,
44855,2006,55.97,,
44855,2007,66.53,,
44855,2008,52.65,,
44855,2009,61.12,,
44855,2010,66.07,,
44855,2011,67.77,,
44855,2012,65.64,,
44855,2013,62.86,,
44855,2014,64.8316,,
44855,2015,68.6233,,
44855,2016,64.6,,
44855,2017,57.9872,,
44855,2018,60.6809,,
44855,2019,62.825,,
44855,2020,63.51,,
44874,2000,46,,
44874,2001,54.47,,
44874,2003,40.68,,
44874,2004,49.8,,
44874,2005,46.1432,,
44874,2006,55.79,,
44874,2007,58.07,,
44874,2008,55.67,,
44874,2009,46.71,,
44874,2010,65.89,,
44874,2011,74.74,,
44874,2012,69.75,,
44874,2013,69.71,,
44874,2014,67.9369,,
44874,2015,73.6536,,
44874,2016,62.66,,
44874,2017,57.0991,,
44874,2018,66.2701,,
44874,2019,72.4608,,
44874,2020,59.42,,
47001,2000,55.44,,
47001,2001,52.52,,
47001,2003,63.36,,
47001,2004,67.1,,
47001,2005,62.3133,,
47001,2006,57.76,,
47001,2007,56.15,,
47001,2008,73.59,,
47001,2009,72.86,,
47001,2010,86.53,,
47001,2011,79.42,,
47001,2012,80.78,,
47001,2013,80.09,,
47001,2014,80.2073,,
47001,2015,78.5035,,
47001,2016,79.92,,
47001,2017,78.0887,,
47001,2018,74.241,,
47001,2019,75.9718,,
47001,2020,72.28,,
47030,2001,49.93,,
47030,2002,54.47,,
47030,2003,50.1,,
47030,2004,53.89,,
47030,2005,54.624,,
47030,2006,54.76,,
47030,2007,60.18,,
47030,2008,61.06,,
47030,2009,56.58,,
47030,2010,59.14,,
47030,2011,64.64,,
47030,2012,65.26,,
47030,2013,60.91,,
47030,2014,64.8133,,
47030,2015,63.4331,,
47030,2016,59.65,,
47030,2017,59.7921,,
47030,2018,56.7842,,
47030,2019,55.4765,,
47030,2020,57.02,,
47053,2001,40.47,,
47053,2002,43.6,,
47053,2003,39.37,,
47053,2004,44.1,,
47053,2005,44.6327,,
47053,2006,50.14,,
47053,2007,41.2,,
47053,2008,48.88,,
47053,2009,51.2,,
47053,2010,59.27,,
47053,2011,65.4,,
47053,2012,62.44,,
47053,2013,61.5,,
47053,2014,64.139,,
47053,2015,65.6295,,
47053,2016,65.12,,
47053,2017,65.4905,,
47053,2018,71.2281,,
47053,2019,69.3891,,
47053,2020,66.24,,
47058,2001,48.31,,
47058,2002,35.04,,
47058,2003,53.83,,
47058,2004,54.98,,
47058,2005,55.4601,,
47058,2006,59.45,,
47058,2007,63.81,,
47058,2008,64.88,,
47058,2009,62.92,,
47058,2010,66.96,,
47058,2011,63.39,,
47058,2012,59.7,,
47058,2013,65.42,,
47058,2014,61.1189,,
47058,2015,82.5226,,
47058,2016,66.19,,
47058,2017,63.6912,,
47058,2018,64.7635,,
47058,2019,68.412,,
47058,2020,66.06,,
47161,2001,62.74,,
47161,2002,54.31,,
47161,2003,55.73,,
47161,2004,54.84,,
47161,2005,56.2292,,
47161,2006,54.46,,
47161,2007,53.18,,
47161,2008,51.62,,
47161,2009,55.72,,
47161,2010,47.58,,
47161,2011,51.97,,
47161,2012,58.29,,
47161,2013,60,,
47161,2014,61.9429,,
47161,2015,59.0831,,
47161,2016,58.8,,
47161,2017,61.6833,,
47161,2018,62.7079,,
47161,2019,61.2748,,
47161,2020,62.33,,
47170,2000,44.04,,
47170,2001,47.96,,
47170,2002,49.98,,
47170,2003,49.55,,
47170,2004,56.93,,
47170,2005,54.6272,,
47170,2006,56.89,,
47170,2007,55.5,,
47170,2008,58.18,,
47170,2009,54.41,,
47170,2010,57.63,,
47170,2011,62.5,,
47170,2012,58.67,,
47170,2013,60.28,,
47170,2014,62.9802,,
47170,2015,63.1254,,
47170,2016,61.26,,
47170,2017,63.5771,,
47170,2018,65.196,,
47170,2019,66.0013,,
47170,2020,57.27,,
47189,2000,40.37,,
47189,2002,52.39,,
47189,2003,44.39,,
47189,2004,41.41,,
47189,2005,55.6373,,
47189,2006,57.55,,
47189,2007,61.81,,
47189,2008,40.78,,
47189,2009,58.9,,
47189,2010,75.09,,
47189,2011,76.06,,
47189,2012,74.72,,
47189,2013,82.7,,
47189,2014,78.2732,,
47189,2015,75.9928,,
47189,2016,69.68,,
47189,2017,72.2152,,
47189,2018,70.3883,,
47189,2019,73.0035,,
47189,2020,69.95,,
47205,2001,39.8,,
47205,2002,25.94,,
47205,2003,46.06,,
47205,2004,54.58,,
47205,2005,55.7586,,
47205,2006,54.94,,
47205,2007,61.05,,
47205,2008,58.14,,
47205,2009,56.61,,
47205,2010,54.3,,
47205,2011,55.45,,
47205,2012,54.1,,
47205,2013,54.92,,
47205,2014,57.528,,
47205,2015,57.6151,,
47205,2016,45.53,,
47205,2017,57.7759,,
47205,2018,60.0608,,
47205,2019,52.6412,,
47205,2020,53.48,,
47245,2000,47.75,,
47245,2001,47.94,,
47245,2002,53.12,,
47245,2003,47.73,,
47245,2004,49.71,,
47245,2005,57.1478,,
47245,2006,62.84,,
47245,2007,58.47,,
47245,2008,55.74,,
47245,2009,56.05,,
47245,2010,61.49,,
47245,2011,59.82,,
47245,2012,61.54,,
47245,2013,65.41,,
47245,2014,64.2737,,
47245,2015,71.7938,,
47245,2016,67.54,,
47245,2017,70.6742,,
47245,2018,63.4233,,
47245,2019,50.7331,,
47245,2020,62.96,,
47258,2000,50.35,,
47258,2001,48.32,,
47258,2002,52.78,,
47258,2003,54.32,,
47258,2004,43.8,,
47258,2005,58.4053,,
47258,2006,49.38,,
47258,2007,51.01,,
47258,2008,51.64,,
47258,2009,53.56,,
47258,2010,56.76,,
47258,2011,57.47,,
47258,2012,55.86,,
47258,2013,62.49,,
47258,2014,59.3859,,
47258,2015,64.8859,,
47258,2016,59.99,,
47258,2017,59.9017,,
47258,2018,58.5788,,
47258,2019,58.9224,,
47258,2020,57.72,,
47268,2000,48.29,,
47268,2001,66.79,,
47268,2002,53.84,,
47268,2003,51.1,,
47268,2004,54.7,,
47268,2005,55.6748,,
47268,2006,58.95,,
47268,2007,63.45,,
47268,2008,64.54,,
47268,2009,57.76,,
47268,2010,61.36,,
47268,2011,58.96,,
47268,2012,61.44,,
47268,2013,66.24,,
47268,2014,64.3574,,
47268,2015,67.3183,,
47268,2016,62.89,,
47268,2017,69.5709,,
47268,2018,71.7457,,
47268,2019,67.6235,,
47268,2020,53.89,,
47288,2000,49.92,,
47288,2001,56.28,,
47288,2002,58.25,,
47288,2003,58.71,,
47288,2004,60,,
47288,2005,59.3451,,
47288,2006,56.75,,
47288,2007,57.53,,
47288,2008,58.28,,
47288,2009,57.16,,
47288,2010,68.47,,
47288,2011,70.64,,
47288,2012,70.04,,
47288,2013,73.68,,
47288,2014,72.0705,,
47288,2015,71.5518,,
47288,2016,70.37,,
47288,2017,71.0123,,
47288,2018,73.563,,
47288,2019,71.7606,,
47288,2020,68.54,,
47318,2000,49.49,,
47318,2001,51.75,,
47318,2002,44.22,,
47318,2003,22.34,,
47318,2004,61.22,,
47318,2005,49.533,,
47318,2006,44.16,,
47318,2007,54.88,,
47318,2008,53.71,,
47318,2009,54.08,,
47318,2010,56.46,,
47318,2011,56.39,,
47318,2012,58.25,,
47318,2013,49.61,,
47318,2014,67.0514,,
47318,2015,53.2575,,
47318,2016,47.59,,
47318,2017,65.4111,,
47318,2018,69.7616,,
47318,2019,62.8198,,
47318,2020,46.68,,
47460,2001,50.41,,
47460,2002,57.29,,
47460,2003,55.8,,
47460,2004,63.46,,
47460,2005,61.8636,,
47460,2006,59.98,,
47460,2007,58.94,,
47460,2008,59.81,,
47460,2009,55.53,,
47460,2010,59.71,,
47460,2011,55.34,,
47460,2012,60.71,,
47460,2013,58.31,,
47460,2014,55.6229,,
47460,2015,67.8079,,
47460,2016,55.75,,
47460,2017,57.4477,,
47460,2018,58.1842,,
47460,2019,65.5259,,
47460,2020,59.73,,
47541,2001,43.02,,
47541,2002,53.39,,
47541,2003,48.86,,
47541,2004,39.18,,
47541,2005,50.729,,
47541,2006,52.68,,
47541,2007,57.43,,
47541,2008,55.57,,
47541,2009,54.08,,
47541,2010,54.81,,
47541,2011,53.84,,
47541,2012,51.91,,
47541,2013,52.58,,
47541,2014,54.0096,,
47541,2015,63.4942,,
47541,2016,60.24,,
47541,2017,57.2136,,
47541,2018,52.1239,,
47541,2019,52.8876,,
47541,2020,50.1,,
47545,2000,45.09,,
47545,2001,45.39,,
47545,2002,52.41,,
47545,2003,49.01,,
47545,2004,53.89,,
47545,2005,43.616,,
47545,2006,47.89,,
47545,2007,56.4,,
47545,2008,52.29,,
47545,2009,55.83,,
47545,2010,58.15,,
47545,2011,0,,
47545,2012,66.29,,
47545,2013,65.96,,
47545,2014,65.0425,,
47545,2015,72.0716,,
47545,2016,60.92,,
47545,2017,65.4377,,
47545,2018,65.3831,,
47545,2019,64.7898,,
47545,2020,61.39,,
47551,2000,46.52,,
47551,2001,50.04,,
47551,2003,58.78,,
47551,2004,61.47,,
47551,2005,57.3655,,
47551,2006,60.41,,
47551,2007,64.13,,
47551,2008,62.81,,
47551,2009,60.98,,
47551,2010,69.68,,
47551,2011,64.76,,
47551,2012,67.19,,
47551,2013,68.74,,
47551,2014,68.8008,,
47551,2015,73.6365,,
47551,2016,68.89,,
47551,2017,67.546,,
47551,2018,71.8211,,
47551,2019,68.4496,,
47551,2020,66.41,,
47555,2001,45.87,,
47555,2002,46.44,,
47555,2003,47.09,,
47555,2004,47.52,,
47555,2005,49.5472,,
47555,2006,48.65,,
47555,2007,46.9,,
47555,2008,51.47,,
47555,2009,56.63,,
47555,2010,58.02,,
47555,2011,48.89,,
47555,2012,65.7,,
47555,2013,68.59,,
47555,2014,67.9856,,
47555,2015,72.283,,
47555,2016,76.95,,
47555,2017,72.2524,,
47555,2018,72.9059,,
47555,2019,67.9743,,
47555,2020,52.56,,
47570,2000,47.58,,
47570,2001,46.67,,
47570,2002,52.69,,
47570,2003,51.29,,
47570,2004,58.9,,
47570,2005,55.3583,,
47570,2006,55.83,,
47570,2007,57.18,,
47570,2008,52.6,,
47570,2009,37.08,,
47570,2010,68.9,,
47570,2011,64.4,,
47570,2012,60.24,,
47570,2013,60.71,,
47570,2014,57.7202,,
47570,2015,60.2212,,
47570,2016,69.7,,
47570,2017,68.0027,,
47570,2018,71.1795,,
47570,2019,67.9334,,
47570,2020,65.63,,
47605,2000,49.98,,
47605,2001,45.74,,
47605,2002,49.47,,
47605,2003,50.16,,
47605,2004,51.66,,
47605,2005,53.6915,,
47605,2006,57.99,,
47605,2007,65.32,,
47605,2008,59.71,,
47605,2009,66.28,,
47605,2010,57.94,,
47605,2011,53.11,,
47605,2012,59.67,,
47605,2013,53.98,,
47605,2014,56.8729,,
47605,2015,64.0755,,
47605,2016,64.46,,
47605,2017,56.6858,,
47605,2018,59.9701,,
47605,2019,62.0796,,
47605,2020,58.54,,
47660,2002,53.48,,
47660,2003,57.83,,
47660,2004,60.24,,
47660,2005,54.284,,
47660,2006,55.05,,
47660,2007,60.67,,
47660,2008,60.2,,
47660,2009,54.36,,
47660,2010,55.98,,
47660,2011,63.25,,
47660,2012,60.08,,
47660,2013,60.94,,
47660,2014,51.4814,,
47660,2015,40.4674,,
47660,2016,54.16,,
47660,2017,55.7195,,
47660,2018,57.6514,,
47660,2019,60.3493,,
47660,2020,58.35,,
47675,2000,53.51,,
47675,2001,51.24,,
47675,2002,45.83,,
47675,2003,47.32,,
47675,2004,51.73,,
47675,2005,52.9815,,
47675,2006,55.12,,
47675,2007,56.74,,
47675,2008,57.61,,
47675,2009,51.4,,
47675,2010,56.55,,
47675,2011,57.38,,
47675,2012,61.91,,
47675,2013,59.82,,
47675,2014,58.3783,,
47675,2015,66.366,,
47675,2016,61.41,,
47675,2017,62.1866,,
47675,2018,72.129,,
47675,2019,70.6314,,
47675,2020,56.09,,
47692,2000,49.85,,
47692,2001,49.26,,
47692,2002,48.31,,
47692,2003,47.25,,
47692,2004,57.12,,
47692,2005,53.8584,,
47692,2006,56.03,,
47692,2007,54.74,,
47692,2008,60.92,,
47692,2009,56.73,,
47692,2010,61.73,,
47692,2011,61.54,,
47692,2012,59.69,,
47692,2013,66.43,,
47692,2014,67.9196,,
47692,2015,66.4241,,
47692,2016,59.97,,
47692,2017,62.9327,,
47692,2018,60.9876,,
47692,2019,61.338,,
47692,2020,56.92,,
47703,2000,46.1,,
47703,2001,45.6,,
47703,2002,50.76,,
47703,2003,51.46,,
47703,2004,51.17,,
47703,2005,49.5583,,
47703,2006,49.66,,
47703,2007,47.3,,
47703,2008,32.84,,
47703,2009,50.82,,
47703,2010,54.95,,
47703,2011,54.06,,
47703,2012,52.01,,
47703,2013,50.27,,
47703,2014,62.1241,,
47703,2015,39.8212,,
47703,2016,62.55,,
47703,2017,53.5449,,
47703,2018,60.8462,,
47703,2019,55.7815,,
47703,2020,60.78,,
47707,2000,60.25,,
47707,2001,47.25,,
47707,2002,49.13,,
47707,2003,45.47,,
47707,2004,57.63,,
47707,2005,56.3823,,
47707,2006,59.37,,
47707,2007,66.09,,
47707,2009,62.36,,
47707,2010,64.25,,
47707,2011,59.9,,
47707,2012,56.48,,
47707,2013,64.33,,
47707,2014,58.7128,,
47707,2015,46.4449,,
47707,2016,62.49,,
47707,2017,55.3134,,
47707,2018,59.7543,,
47707,2019,62.1386,,
47707,2020,62.2,,
47720,2001,50.77,,
47720,2002,55.61,,
47720,2003,66.28,,
47720,2004,58.95,,
47720,2005,55.1176,,
47720,2006,56.81,,
47720,2007,60.06,,
47720,2008,55.92,,
47720,2009,50.81,,
47720,2010,53.98,,
47720,2011,55.88,,
47720,2012,59.56,,
47720,2013,59.52,,
47720,2014,68.66,,
47720,2015,61.5315,,
47720,2016,57.11,,
47720,2017,59.8467,,
47720,2018,57.9232,,
47720,2019,59.4167,,
47720,2020,57.95,,
47745,2003,46.83,,
47745,2004,55.4,,
47745,2005,57.7432,,
47745,2006,56.47,,
47745,2007,59.51,,
47745,2008,57.63,,
47745,2009,62.69,,
47745,2010,74.86,,
47745,2011,63.51,,
47745,2012,69.88,,
47745,2013,68.2,,
47745,2014,71.1265,,
47745,2015,78.0511,,
47745,2016,64.55,,
47745,2017,77.1082,,
47745,2018,76.6661,,
47745,2019,78.2683,,
47745,2020,71.59,,
47798,2000,47.1,,
47798,2001,46.4,,
47798,2002,55.26,,
47798,2003,48.79,,
47798,2004,52.47,,
47798,2005,52.3252,,
47798,2006,53.93,,
47798,2007,53.72,,
47798,2008,32.36,,
47798,2009,54.54,,
47798,2010,55.68,,
47798,2011,47.41,,
47798,2012,58.39,,
47798,2013,60.27,,
47798,2014,60.3763,,
47798,2015,57.5228,,
47798,2016,47.72,,
47798,2017,65.5001,,
47798,2018,58.7093,,
47798,2019,56.09,,
47798,2020,64.6,,
47960,2001,53.74,,
47960,2004,53.44,,
47960,2005,54.5934,,
47960,2006,54.74,,
47960,2007,60.07,,
47960,2009,51.76,,
47960,2010,46.84,,
47960,2011,56.69,,
47960,2012,47.84,,
47960,2013,64.7,,
47960,2014,63.724,,
47960,2015,69.6518,,
47960,2016,53.16,,
47960,2017,55.2735,,
47960,2018,53.4959,,
47960,2019,55.0018,,
47960,2020,53.9,,
47980,2001,56.41,,
47980,2002,59.67,,
47980,2003,61.45,,
47980,2004,56.43,,
47980,2005,56.6813,,
47980,2006,57.39,,
47980,2007,58.43,,
47980,2008,50.69,,
47980,2009,52.81,,
47980,2010,61.32,,
47980,2011,68.7,,
47980,2012,63.41,,
47980,2013,67.34,,
47980,2014,69.1589,,
47980,2015,65.2416,,
47980,2016,69.41,,
47980,2017,75.4109,,
47980,2018,73.7845,,
47980,2019,75.4938,,
47980,2020,69.99,,
50001,2000,53.99,,
50001,2001,60.82,,
50001,2002,68.03,,
50001,2003,64.41,,
50001,2004,65.3,,
50001,2005,64.9046,,
50001,2006,63.07,,
50001,2007,66.78,,
50001,2008,70.8,,
50001,2009,66.22,,
50001,2010,83.59,,
50001,2011,79.33,,
50001,2012,76.6,,
50001,2013,73.37,,
50001,2014,73.6165,,
50001,2015,72.1598,,
50001,2016,69.16,,
50001,2017,70.3778,,
50001,2018,68.785,,
50001,2019,70.9619,,
50001,2020,71.2,,
50006,2000,55.96,,
50006,2001,60.29,,
50006,2002,60.3,,
50006,2003,59.98,,
50006,2004,67.32,,
50006,2005,65.7154,,
50006,2006,67.28,,
50006,2007,59.79,,
50006,2008,74.41,,
50006,2009,64.18,,
50006,2010,77.19,,
50006,2011,79.6,,
50006,2012,81.63,,
50006,2013,81.34,,
50006,2014,81.7051,,
50006,2015,85.5871,,
50006,2016,79.84,,
50006,2017,81.1775,,
50006,2018,77.8998,,
50006,2019,78.9321,,
50006,2020,77.91,,
50110,2000,50.54,,
50110,2001,48.33,,
50110,2002,53.35,,
50110,2003,49.67,,
50110,2004,62.64,,
50110,2005,64.0052,,
50110,2006,70.1,,
50110,2007,68.66,,
50110,2008,79.97,,
50110,2009,61.77,,
50110,2010,70.56,,
50110,2011,74.74,,
50110,2012,69.18,,
50110,2013,74.7,,
50110,2014,77.0501,,
50110,2015,81.9173,,
50110,2016,80.72,,
50110,2017,84.1519,,
50110,2018,84.3759,,
50110,2019,86.6629,,
50110,2020,84.98,,
50124,2000,50.77,,
50124,2001,50.1,,
50124,2002,53.53,,
50124,2003,54.02,,
50124,2004,53.15,,
50124,2005,66.6477,,
50124,2006,68.06,,
50124,2007,75.8,,
50124,2008,67.65,,
50124,2009,67.33,,
50124,2010,75.43,,
50124,2011,76.17,,
50124,2012,77.38,,
50124,2013,74.12,,
50124,2014,76.6453,,
50124,2015,79.5236,,
50124,2016,77.75,,
50124,2017,75.3097,,
50124,2018,80.8708,,
50124,2020,71.39,,
50150,2000,63.74,,
50150,2001,75.01,,
50150,2002,70.89,,
50150,2003,77.12,,
50150,2004,77.58,,
50150,2005,75.7919,,
50150,2006,76.53,,
50150,2007,82.92,,
50150,2008,80.26,,
50150,2009,66.99,,
50150,2010,81.67,,
50150,2011,81.34,,
50150,2012,79.58,,
50150,2013,81.48,,
50150,2014,86.4252,,
50150,2015,86.2784,,
50150,2016,82.84,,
50150,2017,79.3373,,
50150,2018,78.517,,
50150,2019,81.8638,,
50150,2020,78.82,,
50223,2000,65.26,,
50223,2001,57.58,,
50223,2002,53.21,,
50223,2003,56.66,,
50223,2004,56.93,,
50223,2005,55.0605,,
50223,2006,62.19,,
50223,2007,67.5,,
50223,2008,57.47,,
50223,2009,52.69,,
50223,2010,68.24,,
50223,2011,0,,
50223,2012,69.48,,
50223,2013,74.21,,
50223,2014,76.4261,,
50223,2015,72.7148,,
50223,2016,60.6,,
50223,2017,64.8832,,
50223,2018,63.0231,,
50223,2019,62.7067,,
50223,2020,67.17,,
50226,2000,54.51,,
50226,2001,55.82,,
50226,2003,47.29,,
50226,2004,58.69,,
50226,2005,62.7621,,
50226,2006,64.75,,
50226,2007,72.94,,
50226,2008,71.8,,
50226,2009,65.02,,
50226,2010,73.89,,
50226,2011,75.35,,
50226,2012,71.04,,
50226,2013,74.95,,
50226,2014,79.7545,,
50226,2015,83.3596,,
50226,2016,78.89,,
50226,2017,83.4839,,
50226,2018,81.4571,,
50226,2019,85.2028,,
50226,2020,81.86,,
50245,2001,50.59,,
50245,2002,60.64,,
50245,2003,57.93,,
50245,2004,56.67,,
50245,2005,56.0284,,
50245,2006,65.21,,
50245,2007,66.57,,
50245,2008,42.33,,
50245,2009,59.77,,
50245,2010,61.28,,
50245,2011,65.44,,
50245,2012,66.08,,
50245,2013,65.16,,
50245,2014,69.5048,,
50245,2015,67.3227,,
50245,2016,60.25,,
50245,2017,61.0362,,
50245,2018,62.5375,,
50245,2019,61.2844,,
50245,2020,63.01,,
50251,2000,51.94,,
50251,2001,52.33,,
50251,2002,57.39,,
50251,2003,56.11,,
50251,2004,58.27,,
50251,2005,57.971,,
50251,2006,59.69,,
50251,2007,61.67,,
50251,2008,59.92,,
50251,2009,59.97,,
50251,2010,63.19,,
50251,2011,67.96,,
50251,2012,64.56,,
50251,2013,65.25,,
50251,2014,71.5674,,
50251,2015,71.4975,,
50251,2016,65.89,,
50251,2017,67.0838,,
50251,2018,66.6409,,
50251,2019,64.141,,
50251,2020,64.79,,
50270,2000,46.41,,
50270,2002,65.56,,
50270,2003,59.36,,
50270,2004,40.02,,
50270,2005,43.3043,,
50270,2006,64.9,,
50270,2007,69.85,,
50270,2008,56.99,,
50270,2009,58.69,,
50270,2010,65.72,,
50270,2011,64.73,,
50270,2012,63.98,,
50270,2013,62.61,,
50270,2014,60.6152,,
50270,2015,62.2337,,
50270,2016,66.27,,
50270,2017,65.449,,
50270,2018,70.0363,,
50270,2019,73.0977,,
50270,2020,70.12,,
50287,2000,52.88,,
50287,2001,58.13,,
50287,2002,54.91,,
50287,2003,47.91,,
50287,2004,55.78,,
50287,2005,54.0153,,
50287,2006,66.51,,
50287,2007,72.28,,
50287,2008,72.23,,
50287,2009,64.41,,
50287,2010,69.42,,
50287,2011,69.76,,
50287,2012,73.12,,
50287,2013,72.57,,
50287,2014,66.7428,,
50287,2015,70.4236,,
50287,2016,72.06,,
50287,2017,66.0402,,
50287,2018,65.0148,,
50287,2019,67.7385,,
50287,2020,66.62,,
50313,2000,58.1,,
50313,2001,59.16,,
50313,2002,54.55,,
50313,2003,63.98,,
50313,2004,70.73,,
50313,2005,70.8146,,
50313,2006,69.4,,
50313,2007,76.48,,
50313,2008,73.12,,
50313,2009,66.91,,
50313,2010,76.18,,
50313,2011,78.93,,
50313,2012,77.72,,
50313,2013,80.18,,
50313,2014,77.7228,,
50313,2015,78.4502,,
50313,2016,75.65,,
50313,2017,74.99,,
50313,2018,76.2934,,
50313,2019,76.6678,,
50313,2020,76.45,,
50318,2000,59.4,,
50318,2001,56.67,,
50318,2002,55.71,,
50318,2003,57.46,,
50318,2004,65.9,,
50318,2005,62.8908,,
50318,2006,65.73,,
50318,2007,63.84,,
50318,2008,69.24,,
50318,2009,66.83,,
50318,2010,72.1,,
50318,2011,71.33,,
50318,2012,71.6,,
50318,2013,76.75,,
50318,2014,76.6156,,
50318,2015,77.4677,,
50318,2016,75.8,,
50318,2017,75.6587,,
50318,2018,75.8844,,
50318,2019,79.7499,,
50318,2020,74.11,,
50325,2000,51.95,,
50325,2001,55.43,,
50325,2002,55.78,,
50325,2003,49.88,,
50325,2004,51.78,,
50325,2005,58.6814,,
50325,2006,55.16,,
50325,2007,60.03,,
50325,2008,57.85,,
50325,2009,58.13,,
50325,2010,63.47,,
50325,2011,53.05,,
50325,2012,61.48,,
50325,2013,61.91,,
50325,2014,58.5236,,
50325,2015,70.8623,,
50325,2016,66.18,,
50325,2017,61.166,,
50325,2018,64.3724,,
50325,2019,66.4934,,
50325,2020,63.18,,
50330,2000,50.72,,
50330,2002,49.89,,
50330,2003,43.18,,
50330,2005,58.5768,,
50330,2006,56.2,,
50330,2007,61.02,,
50330,2008,54.42,,
50330,2009,60.74,,
50330,2010,66.58,,
50330,2011,66.31,,
50330,2012,61.59,,
50330,2013,64.08,,
50330,2014,66.229,,
50330,2015,64.4604,,
50330,2016,64.41,,
50330,2017,64.901,,
50330,2018,63.985,,
50330,2019,63.4482,,
50330,2020,66.35,,
50350,2001,54.95,,
50350,2002,55.63,,
50350,2003,61.04,,
50350,2004,65.56,,
50350,2005,49.452,,
50350,2006,61.81,,
50350,2007,65.38,,
50350,2008,66.52,,
50350,2009,62.19,,
50350,2010,64.39,,
50350,2011,64.87,,
50350,2012,64.25,,
50350,2013,64.75,,
50350,2014,65.7275,,
50350,2015,69.0048,,
50350,2016,64.6,,
50350,2017,72.239,,
50350,2018,67.8857,,
50350,2019,64.7904,,
50350,2020,63.9,,
50370,2000,52.56,,
50370,2002,53.54,,
50370,2003,41,,
50370,2004,55.39,,
50370,2005,57.1386,,
50370,2006,59.64,,
50370,2007,66.1,,
50370,2008,60.21,,
50370,2009,54.54,,
50370,2010,56.6,,
50370,2011,57.13,,
50370,2012,63.67,,
50370,2013,61.18,,
50370,2014,62.7635,,
50370,2015,70.9309,,
50370,2016,63.36,,
50370,2017,69.9233,,
50370,2018,65.7589,,
50370,2019,65.1992,,
50370,2020,70.39,,
50400,2000,55.42,,
50400,2001,55.85,,
50400,2002,59.04,,
50400,2003,56.23,,
50400,2004,52.38,,
50400,2005,61.3736,,
50400,2006,61.15,,
50400,2007,54.1,,
50400,2008,63.39,,
50400,2009,67.83,,
50400,2010,73.03,,
50400,2011,69.62,,
50400,2012,67.08,,
50400,2013,66.61,,
50400,2014,74.1661,,
50400,2015,72.4392,,
50400,2016,51.24,,
50400,2017,68.9493,,
50400,2018,66.9248,,
50400,2019,66.3859,,
50400,2020,70.88,,
50450,2000,57.56,,
50450,2001,50.36,,
50450,2002,55.67,,
50450,2003,59.37,,
50450,2004,57.86,,
50450,2005,61.0425,,
50450,2006,59.6,,
50450,2007,60.43,,
50450,2008,57.62,,
50450,2009,57.65,,
50450,2010,63.07,,
50450,2011,62.73,,
50450,2012,66.35,,
50450,2013,63.58,,
50450,2014,62.2344,,
50450,2015,69.0324,,
50450,2016,60.27,,
50450,2017,59.6563,,
50450,2018,62.0386,,
50450,2019,65.225,,
50450,2020,67.24,,
50568,2000,51.22,,
50568,2001,60.09,,
50568,2002,53.33,,
50568,2003,61.93,,
50568,2004,67.54,,
50568,2005,72.8391,,
50568,2006,73.34,,
50568,2007,79.71,,
50568,2008,78.81,,
50568,2009,71.12,,
50568,2010,84.24,,
50568,2011,81.47,,
50568,2012,79.52,,
50568,2013,84.95,,
50568,2014,84.6492,,
50568,2015,83.9913,,
50568,2016,83.58,,
50568,2017,79.7256,,
50568,2018,79.6031,,
50568,2019,80.361,,
50568,2020,78.35,,
50573,2000,60.66,,
50573,2001,61.03,,
50573,2002,65.3,,
50573,2003,64.95,,
50573,2004,67.74,,
50573,2005,66.5572,,
50573,2006,69.38,,
50573,2007,76.38,,
50573,2008,77.26,,
50573,2009,67.82,,
50573,2010,73.82,,
50573,2011,76.53,,
50573,2012,76.72,,
50573,2013,78.68,,
50573,2014,81.7444,,
50573,2015,83.1205,,
50573,2016,77.02,,
50573,2017,83.6363,,
50573,2018,79.7324,,
50573,2019,84.5823,,
50573,2020,80.38,,
50577,2000,73.27,,
50577,2001,60.07,,
50577,2002,67.18,,
50577,2003,63.99,,
50577,2004,65.21,,
50577,2005,63.6676,,
50577,2006,63.6,,
50577,2007,69.7,,
50577,2008,59.2,,
50577,2009,61.94,,
50577,2010,70.88,,
50577,2011,68.64,,
50577,2012,72.59,,
50577,2013,69.82,,
50577,2014,71.3268,,
50577,2015,74.4244,,
50577,2016,69.24,,
50577,2017,68.3745,,
50577,2018,68.8584,,
50577,2019,67.4604,,
50577,2020,64.14,,
50590,2000,50.15,,
50590,2001,55.33,,
50590,2002,61.46,,
50590,2003,61.58,,
50590,2004,60.92,,
50590,2005,27.1515,,
50590,2006,61.69,,
50590,2007,65.44,,
50590,2008,63.05,,
50590,2009,61.22,,
50590,2010,67.79,,
50590,2011,66.07,,
50590,2012,67.42,,
50590,2013,68.21,,
50590,2014,70.9642,,
50590,2015,71.651,,
50590,2016,68.95,,
50590,2017,66.0484,,
50590,2018,66.8844,,
50590,2019,65.6968,,
50590,2020,68.39,,
50606,2000,62.95,,
50606,2001,58.81,,
50606,2002,57.47,,
50606,2003,61.7,,
50606,2004,55.99,,
50606,2005,49.8841,,
50606,2006,57.67,,
50606,2007,66.11,,
50606,2008,65.63,,
50606,2009,66.27,,
50606,2010,75.08,,
50606,2011,71.37,,
50606,2012,72.39,,
50606,2013,74.64,,
50606,2014,74.2108,,
50606,2015,76.4166,,
50606,2016,76.68,,
50606,2017,79.5967,,
50606,2018,81.6787,,
50606,2019,79.9896,,
50606,2020,77.06,,
50680,2000,55.77,,
50680,2001,51.65,,
50680,2002,54.88,,
50680,2003,58.65,,
50680,2004,65.13,,
50680,2005,63.806,,
50680,2006,62.05,,
50680,2007,75.94,,
50680,2008,69.76,,
50680,2009,71.55,,
50680,2010,77.35,,
50680,2011,79.12,,
50680,2012,79.56,,
50680,2013,76.18,,
50680,2014,78.8625,,
50680,2015,77.8233,,
50680,2016,75.87,,
50680,2017,77.1943,,
50680,2018,78.1135,,
50680,2019,75.3055,,
50680,2020,70.47,,
50683,2000,51.94,,
50683,2001,57.33,,
50683,2002,52.19,,
50683,2003,53.55,,
50683,2004,57.12,,
50683,2005,62.4071,,
50683,2006,64.04,,
50683,2007,66.25,,
50683,2008,65.55,,
50683,2009,61.79,,
50683,2010,75.28,,
50683,2011,77.96,,
50683,2012,74.5,,
50683,2013,75.2,,
50683,2014,75.1038,,
50683,2015,70.3505,,
50683,2016,66.24,,
50683,2017,61.8759,,
50683,2018,66.5733,,
50683,2019,68.4651,,
50683,2020,65.78,,
50686,2000,49.52,,
50686,2001,47.76,,
50686,2002,52.87,,
50686,2003,62.95,,
50686,2004,62.27,,
50686,2005,59.393,,
50686,2006,58.8,,
50686,2007,62.23,,
50686,2008,64.59,,
50686,2009,60.46,,
50686,2010,63.81,,
50686,2011,63.32,,
50686,2012,64.14,,
50686,2013,61.43,,
50686,2014,65.3414,,
50686,2015,66.6206,,
50686,2016,64.62,,
50686,2017,63.8706,,
50686,2018,63.4435,,
50686,2019,60.5922,,
50686,2020,54.32,,
50689,2000,52.19,,
50689,2001,59.21,,
50689,2002,58.43,,
50689,2003,50.88,,
50689,2004,61.48,,
50689,2005,64.6509,,
50689,2006,65.37,,
50689,2007,75.84,,
50689,2008,71.99,,
50689,2009,66.57,,
50689,2010,77.82,,
50689,2011,73.96,,
50689,2012,76.17,,
50689,2013,74.18,,
50689,2014,80.4672,,
50689,2015,81.9071,,
50689,2016,70.32,,
50689,2017,71.6985,,
50689,2018,72.5374,,
50689,2019,72.4306,,
50689,2020,74.76,,
50711,2002,60.95,,
50711,2003,60.34,,
50711,2005,59.2963,,
50711,2006,64.07,,
50711,2007,75.47,,
50711,2008,58.77,,
50711,2009,63.13,,
50711,2010,65.8,,
50711,2011,75.25,,
50711,2012,66.68,,
50711,2013,66.42,,
50711,2014,74.2619,,
50711,2015,74.846,,
50711,2016,67.63,,
50711,2017,65.6771,,
50711,2018,65.6259,,
50711,2019,67.244,,
50711,2020,67.29,,
52001,2000,63.37,,
52001,2001,63.13,,
52001,2002,65.18,,
52001,2003,64.54,,
52001,2004,64.49,,
52001,2005,66.7442,,
52001,2006,68.22,,
52001,2007,70.9,,
52001,2008,71.04,,
52001,2009,65.87,,
52001,2010,84.06,,
52001,2011,75.14,,
52001,2012,74.52,,
52001,2013,69.92,,
52001,2014,76.1945,,
52001,2015,75.953,,
52001,2016,76.07,,
52001,2017,75.8076,,
52001,2018,76.8544,,
52001,2019,75.2134,,
52001,2020,74.25,,
52019,2000,52.05,,
52019,2001,50.84,,
52019,2002,61.96,,
52019,2003,63.13,,
52019,2004,58.03,,
52019,2005,62.9613,,
52019,2006,63.22,,
52019,2007,59,,
52019,2008,54.85,,
52019,2009,56.78,,
52019,2010,58.58,,
52019,2011,60.43,,
52019,2012,57.97,,
52019,2013,59.39,,
52019,2014,61.2427,,
52019,2015,67.3184,,
52019,2016,59.71,,
52019,2017,59.29,,
52019,2018,57.4739,,
52019,2019,59.2336,,
52019,2020,59.64,,
52022,2000,47.27,,
52022,2001,58.97,,
52022,2002,57.38,,
52022,2003,64.96,,
52022,2004,64.96,,
52022,2005,63.5334,,
52022,2006,61.55,,
52022,2007,66.66,,
52022,2008,58.14,,
52022,2009,58.16,,
52022,2010,57.53,,
52022,2011,59.93,,
52022,2012,56.28,,
52022,2013,55.4,,
52022,2014,59.8682,,
52022,2015,70.4439,,
52022,2016,59.4,,
52022,2017,61.3123,,
52022,2018,59.4133,,
52022,2019,61.5686,,
52022,2020,58.43,,
52036,2000,48.99,,
52036,2001,53.46,,
52036,2002,54.65,,
52036,2003,66.85,,
52036,2004,57.93,,
52036,2005,52.8338,,
52036,2006,50.4,,
52036,2007,53.58,,
52036,2008,50.41,,
52036,2009,55.7,,
52036,2010,58.67,,
52036,2011,57.82,,
52036,2012,62.46,,
52036,2013,62.96,,
52036,2014,63.7359,,
52036,2015,65.2175,,
52036,2016,62.93,,
52036,2017,65.0086,,
52036,2018,60.2491,,
52036,2019,59.0489,,
52036,2020,61.37,,
52051,2000,49.03,,
52051,2001,62.82,,
52051,2002,58.16,,
52051,2003,64.12,,
52051,2004,64.6,,
52051,2005,60.3718,,
52051,2006,47.81,,
52051,2007,56.67,,
52051,2008,61.12,,
52051,2009,60.01,,
52051,2010,66.83,,
52051,2011,65.95,,
52051,2012,62.18,,
52051,2013,62.99,,
52051,2014,63.2814,,
52051,2015,64.9282,,
52051,2016,66,,
52051,2017,64.1615,,
52051,2018,56.4199,,
52051,2019,55.3208,,
52051,2020,56.6,,
52079,2003,64.6,,
52079,2004,61.73,,
52079,2005,66.3464,,
52079,2006,62.53,,
52079,2007,61.78,,
52079,2008,58.43,,
52079,2009,62.19,,
52079,2010,68.01,,
52079,2011,61.69,,
52079,2012,62.56,,
52079,2013,55.2,,
52079,2014,68.9126,,
52079,2015,65.5589,,
52079,2016,64.87,,
52079,2017,67.172,,
52079,2018,70.4535,,
52079,2019,71.0616,,
52079,2020,67.94,,
52083,2000,43.18,,
52083,2001,55.57,,
52083,2002,60.48,,
52083,2003,47.69,,
52083,2004,38.68,,
52083,2005,67.8388,,
52083,2006,64.46,,
52083,2007,65.87,,
52083,2008,57.34,,
52083,2009,57.49,,
52083,2010,62.73,,
52083,2011,64.12,,
52083,2012,59.28,,
52083,2013,62.08,,
52083,2014,69.9121,,
52083,2015,68.7203,,
52083,2016,62.14,,
52083,2017,65.9875,,
52083,2018,68.3546,,
52083,2019,63.7898,,
52083,2020,60.67,,
52110,2000,49.78,,
52110,2001,54.4,,
52110,2002,58.63,,
52110,2003,55.8,,
52110,2004,64.68,,
52110,2005,64.5082,,
52110,2006,62.92,,
52110,2007,67.41,,
52110,2008,65.53,,
52110,2009,58.5,,
52110,2010,64.85,,
52110,2011,65.18,,
52110,2012,58.83,,
52110,2013,66.73,,
52110,2014,69.4497,,
52110,2015,74.3634,,
52110,2016,66.88,,
52110,2017,67.5669,,
52110,2018,68.8246,,
52110,2019,68.9089,,
52110,2020,63.47,,
52203,2000,49.01,,
52203,2001,60.63,,
52203,2002,52.08,,
52203,2003,63.32,,
52203,2004,63.04,,
52203,2005,66.2294,,
52203,2006,65.02,,
52203,2007,64.3,,
52203,2008,63.2,,
52203,2009,60.11,,
52203,2010,64.79,,
52203,2011,63.96,,
52203,2012,60.1,,
52203,2013,62.08,,
52203,2014,65.9744,,
52203,2015,62.6633,,
52203,2016,59.53,,
52203,2017,59.2371,,
52203,2018,64.8231,,
52203,2019,63.5657,,
52203,2020,62.17,,
52207,2000,48.5,,
52207,2001,61.07,,
52207,2002,53.73,,
52207,2003,29.04,,
52207,2004,57.95,,
52207,2005,52.0813,,
52207,2006,58.24,,
52207,2007,66.69,,
52207,2008,61.74,,
52207,2009,57.4,,
52207,2010,59.45,,
52207,2011,62.06,,
52207,2012,62.43,,
52207,2013,65.52,,
52207,2014,64.8764,,
52207,2015,62.3106,,
52207,2016,65.06,,
52207,2017,65.1025,,
52207,2018,65.0944,,
52207,2019,62.1446,,
52207,2020,60.87,,
52210,2000,47.74,,
52210,2001,68.84,,
52210,2002,66.47,,
52210,2003,62.86,,
52210,2004,54.5,,
52210,2005,54.8128,,
52210,2006,58.3,,
52210,2007,56.11,,
52210,2008,59.03,,
52210,2009,58.19,,
52210,2010,61.17,,
52210,2011,58.68,,
52210,2012,58.8,,
52210,2013,63.35,,
52210,2014,64.1388,,
52210,2015,70.4516,,
52210,2016,60.16,,
52210,2017,66.5945,,
52210,2018,62.9801,,
52210,2019,65.4655,,
52210,2020,64.39,,
52215,2000,47.51,,
52215,2002,43.06,,
52215,2003,57.28,,
52215,2004,52.62,,
52215,2005,57.5915,,
52215,2006,55.38,,
52215,2007,53.55,,
52215,2008,68.92,,
52215,2009,55.84,,
52215,2010,61.39,,
52215,2011,58.35,,
52215,2012,61.5,,
52215,2013,59.01,,
52215,2014,67.9058,,
52215,2015,69.3183,,
52215,2016,63.03,,
52215,2017,62.6671,,
52215,2018,63.1988,,
52215,2019,67.8882,,
52215,2020,68.75,,
52224,2000,46.05,,
52224,2001,59.34,,
52224,2002,63.07,,
52224,2003,50.52,,
52224,2004,54.05,,
52224,2005,64.1566,,
52224,2006,55,,
52224,2007,53.93,,
52224,2008,49.49,,
52224,2009,51.7,,
52224,2010,70.24,,
52224,2011,54.51,,
52224,2012,58.55,,
52224,2013,63.01,,
52224,2014,63.7117,,
52224,2015,62.7373,,
52224,2016,60.69,,
52224,2017,58.8496,,
52224,2018,59.9163,,
52224,2019,61.2569,,
52224,2020,61.24,,
52227,2000,55.82,,
52227,2001,51.06,,
52227,2002,59.69,,
52227,2003,48.17,,
52227,2004,59.5,,
52227,2005,57.0434,,
52227,2006,58.49,,
52227,2007,65.05,,
52227,2008,57.04,,
52227,2009,59.9,,
52227,2010,64.29,,
52227,2011,53.46,,
52227,2012,65.67,,
52227,2013,68.62,,
52227,2014,70.8733,,
52227,2015,72.9963,,
52227,2016,64.01,,
52227,2017,68.611,,
52227,2018,70.1172,,
52227,2019,68.5967,,
52227,2020,65.61,,
52233,2000,47.65,,
52233,2003,56.25,,
52233,2004,64.53,,
52233,2005,65.1813,,
52233,2006,64.01,,
52233,2007,68.74,,
52233,2008,65.21,,
52233,2009,61.14,,
52233,2010,61.94,,
52233,2011,58.37,,
52233,2012,59.99,,
52233,2013,61.48,,
52233,2014,63.8033,,
52233,2015,68.61,,
52233,2016,66.07,,
52233,2017,65.8501,,
52233,2018,68.613,,
52233,2019,67.6461,,
52233,2020,60.31,,
52240,2000,64.84,,
52240,2001,62.1,,
52240,2002,65.49,,
52240,2003,67.59,,
52240,2004,64.06,,
52240,2005,67.7208,,
52240,2006,67.75,,
52240,2007,71.45,,
52240,2008,64.39,,
52240,2009,59.65,,
52240,2010,72.56,,
52240,2011,65.27,,
52240,2012,65.46,,
52240,2013,65.82,,
52240,2014,68.9921,,
52240,2015,74.6068,,
52240,2016,63.82,,
52240,2017,66.8578,,
52240,2018,68.5374,,
52240,2019,72.5273,,
52240,2020,74.98,,
52250,2000,49.23,,
52250,2001,45.4,,
52250,2002,54.41,,
52250,2003,56.41,,
52250,2004,61.2,,
52250,2005,64.7476,,
52250,2006,63.87,,
52250,2007,62.17,,
52250,2008,67.38,,
52250,2009,64.04,,
52250,2010,72.86,,
52250,2011,57.52,,
52250,2012,64.17,,
52250,2013,58.4,,
52250,2014,66.6695,,
52250,2015,70.824,,
52250,2016,65.06,,
52250,2017,60.0909,,
52250,2018,64.1879,,
52250,2019,60.1639,,
52250,2020,61.67,,
52254,2000,50.19,,
52254,2001,48.16,,
52254,2003,54.19,,
52254,2004,56.28,,
52254,2005,57.3753,,
52254,2006,54.65,,
52254,2007,65.82,,
52254,2008,60.08,,
52254,2009,57.07,,
52254,2010,65.26,,
52254,2011,66.45,,
52254,2012,60.98,,
52254,2013,65.6,,
52254,2014,71.009,,
52254,2015,65.1332,,
52254,2016,60.54,,
52254,2017,68.807,,
52254,2018,66.0379,,
52254,2019,56.176,,
52254,2020,57.94,,
52256,2000,53.4,,
52256,2001,52.55,,
52256,2002,63.78,,
52256,2003,66.89,,
52256,2004,15.25,,
52256,2005,62.0281,,
52256,2006,61.16,,
52256,2007,66.92,,
52256,2008,61.34,,
52256,2009,60.58,,
52256,2010,58.66,,
52256,2011,60.83,,
52256,2012,55.8,,
52256,2013,59.69,,
52256,2014,61.2512,,
52256,2015,72.3768,,
52256,2016,65.48,,
52256,2017,62.9338,,
52256,2018,62.6605,,
52256,2019,63.5539,,
52256,2020,59.13,,
52258,2000,50.4,,
52258,2001,55.31,,
52258,2003,68.47,,
52258,2004,65.14,,
52258,2005,66.279,,
52258,2006,63.03,,
52258,2007,71.39,,
52258,2008,55.95,,
52258,2009,59.16,,
52258,2010,62.84,,
52258,2011,66.89,,
52258,2012,62.79,,
52258,2013,60,,
52258,2014,60.6016,,
52258,2015,69.3096,,
52258,2016,62.7,,
52258,2017,63.9919,,
52258,2018,66.1616,,
52258,2019,65.6322,,
52258,2020,66.33,,
52260,2000,62.47,,
52260,2001,61.61,,
52260,2002,66.63,,
52260,2003,64.61,,
52260,2004,57.13,,
52260,2005,65.6808,,
52260,2006,63.38,,
52260,2007,48.63,,
52260,2008,37.52,,
52260,2009,53.88,,
52260,2010,61.93,,
52260,2011,55.89,,
52260,2012,56.14,,
52260,2013,58.71,,
52260,2014,60.4446,,
52260,2015,64.0334,,
52260,2016,63.29,,
52260,2017,65.0338,,
52260,2018,65.7915,,
52260,2019,73.0958,,
52260,2020,66.29,,
52287,2001,67.59,,
52287,2002,48.64,,
52287,2003,50.82,,
52287,2004,54.04,,
52287,2005,65.3752,,
52287,2006,66.48,,
52287,2007,64.96,,
52287,2008,51.81,,
52287,2009,54.93,,
52287,2010,62.8,,
52287,2011,59.94,,
52287,2012,57.98,,
52287,2013,62.36,,
52287,2014,64.0191,,
52287,2015,62.3057,,
52287,2016,62.05,,
52287,2017,61.9551,,
52287,2018,64.6537,,
52287,2019,63.8909,,
52287,2020,63.39,,
52317,2000,70.92,,
52317,2001,64.66,,
52317,2002,64.61,,
52317,2003,63.82,,
52317,2004,63.09,,
52317,2005,62.7199,,
52317,2006,56,,
52317,2007,63.37,,
52317,2008,60.91,,
52317,2009,59.16,,
52317,2010,59.88,,
52317,2011,63.48,,
52317,2012,67.04,,
52317,2013,61.85,,
52317,2014,65.4012,,
52317,2015,64.3225,,
52317,2016,62.29,,
52317,2017,63.892,,
52317,2018,66.9271,,
52317,2019,70.2013,,
52317,2020,62.92,,
52320,2000,56.42,,
52320,2001,55.12,,
52320,2002,56.22,,
52320,2003,52.17,,
52320,2004,52.07,,
52320,2005,58.8512,,
52320,2006,55.08,,
52320,2007,59.71,,
52320,2008,63.35,,
52320,2009,61.12,,
52320,2010,66.18,,
52320,2011,62.8,,
52320,2012,62.98,,
52320,2013,64.43,,
52320,2014,66.5746,,
52320,2015,69.8193,,
52320,2016,58.99,,
52320,2017,62.7501,,
52320,2018,62.508,,
52320,2019,65.0696,,
52320,2020,60.72,,
52323,2001,48.19,,
52323,2002,62.21,,
52323,2003,67.94,,
52323,2004,66.5,,
52323,2005,60.0825,,
52323,2006,58.09,,
52323,2007,55.21,,
52323,2008,57.33,,
52323,2009,57.44,,
52323,2010,64.23,,
52323,2011,64.38,,
52323,2012,57.61,,
52323,2013,66,,
52323,2014,57.0107,,
52323,2015,66.7724,,
52323,2016,62.07,,
52323,2017,63.726,,
52323,2018,65.5183,,
52323,2019,62.7882,,
52323,2020,61.77,,
52352,2002,56.58,,
52352,2003,64.51,,
52352,2004,55.05,,
52352,2005,55.6847,,
52352,2006,53.08,,
52352,2007,57.42,,
52352,2008,56.69,,
52352,2009,56.08,,
52352,2010,57.84,,
52352,2011,43.89,,
52352,2012,57.43,,
52352,2013,60.68,,
52352,2014,64.113,,
52352,2015,63.9457,,
52352,2016,61.97,,
52352,2017,60.7436,,
52352,2018,63.5339,,
52352,2019,67.5882,,
52352,2020,80.16,,
52354,2000,48.44,,
52354,2001,53.43,,
52354,2002,51.74,,
52354,2003,64.16,,
52354,2004,42.09,,
52354,2005,58.4526,,
52354,2006,55.66,,
52354,2007,63.13,,
52354,2008,69.37,,
52354,2009,66.13,,
52354,2010,71.04,,
52354,2011,69.12,,
52354,2012,68.66,,
52354,2013,64.98,,
52354,2014,69.4157,,
52354,2015,75.2459,,
52354,2016,64.79,,
52354,2017,68.6708,,
52354,2018,65.9211,,
52354,2019,63.1574,,
52354,2020,69.37,,
52356,2000,62.72,,
52356,2001,49.41,,
52356,2002,70.35,,
52356,2003,69.88,,
52356,2004,68.91,,
52356,2005,71.7552,,
52356,2006,71.36,,
52356,2007,74.46,,
52356,2008,63.29,,
52356,2009,60.02,,
52356,2010,73.15,,
52356,2011,69.45,,
52356,2012,68.04,,
52356,2013,65.68,,
52356,2014,71.0264,,
52356,2015,69.8477,,
52356,2016,66.65,,
52356,2017,68.1785,,
52356,2018,68.7611,,
52356,2019,68.1986,,
52356,2020,68.47,,
52378,2000,49.26,,
52378,2001,49.82,,
52378,2002,56.32,,
52378,2003,55.46,,
52378,2004,57.37,,
52378,2005,57.1742,,
52378,2006,53.59,,
52378,2007,52.91,,
52378,2008,57.65,,
52378,2009,58.01,,
52378,2010,63.17,,
52378,2011,68.81,,
52378,2012,62.66,,
52378,2013,63.33,,
52378,2014,66.926,,
52378,2015,64.957,,
52378,2016,65.78,,
52378,2017,70.9349,,
52378,2018,71.1875,,
52378,2019,68.0194,,
52378,2020,63.99,,
52381,2000,52.25,,
52381,2001,64.42,,
52381,2002,65.61,,
52381,2003,64.46,,
52381,2004,65.12,,
52381,2005,69.3512,,
52381,2006,67.6,,
52381,2007,73.03,,
52381,2008,68.15,,
52381,2009,60.35,,
52381,2010,60.15,,
52381,2011,65.21,,
52381,2012,61.36,,
52381,2013,61.16,,
52381,2014,64.9217,,
52381,2015,70.5058,,
52381,2016,63.05,,
52381,2017,70.9028,,
52381,2018,70.7576,,
52381,2019,63.7278,,
52381,2020,62.08,,
52385,2000,48.18,,
52385,2001,53.07,,
52385,2002,65.41,,
52385,2003,63.5,,
52385,2004,60.3,,
52385,2005,64.8811,,
52385,2006,64.5,,
52385,2007,67.92,,
52385,2008,58.26,,
52385,2009,57.98,,
52385,2010,60.54,,
52385,2011,62.47,,
52385,2012,58.56,,
52385,2013,58.23,,
52385,2014,66.783,,
52385,2015,68.5404,,
52385,2016,65.43,,
52385,2017,59.9866,,
52385,2018,66.4039,,
52385,2019,61.2646,,
52385,2020,61.35,,
52390,2000,48.89,,
52390,2001,56.72,,
52390,2005,62.6501,,
52390,2006,66.1,,
52390,2007,51.33,,
52390,2008,59.65,,
52390,2009,37.33,,
52390,2010,52.27,,
52390,2011,59.19,,
52390,2012,61.44,,
52390,2013,65.12,,
52390,2014,64.7752,,
52390,2015,73.1696,,
52390,2016,67.58,,
52390,2017,62.1562,,
52390,2018,61.2923,,
52390,2019,60.3299,,
52390,2020,63.58,,
52399,2000,51.6,,
52399,2001,52.73,,
52399,2002,65.45,,
52399,2003,61.34,,
52399,2004,57.03,,
52399,2005,55.1341,,
52399,2006,58.84,,
52399,2007,63.06,,
52399,2008,62.11,,
52399,2009,60.31,,
52399,2010,68.83,,
52399,2011,64.89,,
52399,2012,63.61,,
52399,2013,65.5,,
52399,2014,71.4345,,
52399,2015,71.5581,,
52399,2016,65.25,,
52399,2017,69.4699,,
52399,2018,70.2124,,
52399,2019,69.7947,,
52399,2020,71.1,,
52405,2000,49.25,,
52405,2001,60.68,,
52405,2002,58.64,,
52405,2003,65.86,,
52405,2004,65.84,,
52405,2005,66.1158,,
52405,2006,57.85,,
52405,2007,71.25,,
52405,2008,65.68,,
52405,2009,62.38,,
52405,2010,59.48,,
52405,2011,63.99,,
52405,2012,58.16,,
52405,2013,60.31,,
52405,2014,61.9089,,
52405,2015,68.0516,,
52405,2016,63.06,,
52405,2017,62.4687,,
52405,2018,64.2762,,
52405,2019,66.6267,,
52405,2020,63.52,,
52411,2000,52.31,,
52411,2001,49.91,,
52411,2002,63.95,,
52411,2003,63.39,,
52411,2004,56.71,,
52411,2005,58.1001,,
52411,2006,52,,
52411,2007,57.7,,
52411,2008,43.35,,
52411,2009,55.82,,
52411,2010,59.18,,
52411,2011,59.1,,
52411,2012,59.56,,
52411,2013,59.76,,
52411,2014,58.549,,
52411,2015,58.9032,,
52411,2016,57.38,,
52411,2017,61.608,,
52411,2018,63.8676,,
52411,2019,60.9681,,
52411,2020,61.27,,
52418,2000,61.97,,
52418,2001,52.08,,
52418,2002,50.41,,
52418,2003,50.8,,
52418,2004,27.95,,
52418,2005,68.9449,,
52418,2006,66.15,,
52418,2007,70,,
52418,2008,54.41,,
52418,2009,57.05,,
52418,2010,59.16,,
52418,2011,59.96,,
52418,2012,59.47,,
52418,2013,63.29,,
52418,2014,65.4465,,
52418,2015,67.8717,,
52418,2016,63.51,,
52418,2017,71.1119,,
52418,2018,67.8445,,
52418,2019,68.9546,,
52418,2020,63.54,,
52427,2005,56.6631,,
52427,2006,62.83,,
52427,2007,39.84,,
52427,2008,64.04,,
52427,2009,59,,
52427,2010,57.88,,
52427,2011,55,,
52427,2012,54.69,,
52427,2013,56.96,,
52427,2014,60.5482,,
52427,2015,65.4415,,
52427,2016,61.25,,
52427,2017,61.7145,,
52427,2018,64.1314,,
52427,2019,65.0993,,
52427,2020,61.13,,
52435,2000,51.69,,
52435,2001,71.11,,
52435,2002,66.82,,
52435,2003,65.13,,
52435,2004,56.17,,
52435,2005,55.9431,,
52435,2006,57.19,,
52435,2007,55.99,,
52435,2008,57.05,,
52435,2009,54.31,,
52435,2010,58.6,,
52435,2011,60.14,,
52435,2012,61.18,,
52435,2013,58.99,,
52435,2014,69.7952,,
52435,2015,67.4949,,
52435,2016,62.71,,
52435,2017,64.098,,
52435,2018,64.5511,,
52435,2019,64.6757,,
52435,2020,60.31,,
52473,2000,48.21,,
52473,2002,48.11,,
52473,2003,65.62,,
52473,2005,51.9143,,
52473,2006,49.84,,
52473,2007,61.35,,
52473,2008,57.78,,
52473,2009,57.99,,
52473,2010,53.14,,
52473,2011,69.19,,
52473,2012,59.49,,
52473,2013,57.79,,
52473,2014,61.3148,,
52473,2015,63.774,,
52473,2016,58.4,,
52473,2017,55.2033,,
52473,2018,55.4587,,
52473,2019,68.9456,,
52473,2020,56.83,,
52480,2002,52.22,,
52480,2003,63.25,,
52480,2004,40.35,,
52480,2005,58.3259,,
52480,2006,64.19,,
52480,2007,64.81,,
52480,2008,59.89,,
52480,2009,55.51,,
52480,2010,60.76,,
52480,2011,62.62,,
52480,2012,60.55,,
52480,2013,65.86,,
52480,2014,68.7338,,
52480,2015,60.3435,,
52480,2016,62.08,,
52480,2017,66.2997,,
52480,2018,61.9451,,
52480,2019,63.5837,,
52480,2020,62.52,,
52490,2001,60.34,,
52490,2002,58.25,,
52490,2003,64.04,,
52490,2004,66.01,,
52490,2005,66.0095,,
52490,2006,71.07,,
52490,2007,57.94,,
52490,2008,68.07,,
52490,2009,62.8,,
52490,2010,66.14,,
52490,2011,57.08,,
52490,2012,52.93,,
52490,2013,62.84,,
52490,2014,62.7763,,
52490,2015,67.4645,,
52490,2016,69.38,,
52490,2017,69.2323,,
52490,2018,71.7212,,
52490,2019,65.3863,,
52490,2020,66.22,,
52506,2000,52.13,,
52506,2001,46.11,,
52506,2002,50.38,,
52506,2003,62.2,,
52506,2004,57.48,,
52506,2005,58.4817,,
52506,2006,54.3,,
52506,2007,53.29,,
52506,2008,63.38,,
52506,2009,56.69,,
52506,2010,61.67,,
52506,2011,62.54,,
52506,2012,62.33,,
52506,2013,74.1,,
52506,2014,73.7206,,
52506,2015,68.0012,,
52506,2016,62.66,,
52506,2017,68.7371,,
52506,2018,61.3815,,
52506,2019,60.0264,,
52506,2020,63.54,,
52520,2000,64.94,,
52520,2005,65.7949,,
52520,2006,58.92,,
52520,2007,67.36,,
52520,2008,64.67,,
52520,2009,54.79,,
52520,2010,58.86,,
52520,2011,53.95,,
52520,2012,53.45,,
52520,2013,54.95,,
52520,2014,55.3064,,
52520,2015,57.915,,
52520,2016,49.6,,
52520,2017,56.503,,
52520,2018,55.9738,,
52520,2019,61.435,,
52520,2020,59.74,,
52540,2000,57.45,,
52540,2001,60.03,,
52540,2002,65.32,,
52540,2003,58.26,,
52540,2004,58.67,,
52540,2005,64.3283,,
52540,2006,62.09,,
52540,2007,64.88,,
52540,2008,52.85,,
52540,2009,61.3,,
52540,2010,64.17,,
52540,2011,62.64,,
52540,2012,65.62,,
52540,2013,65.1,,
52540,2014,70.0856,,
52540,2015,67.7911,,
52540,2016,61.49,,
52540,2017,63.8794,,
52540,2018,64.9069,,
52540,2019,68.2631,,
52540,2020,65.67,,
52560,2000,52.88,,
52560,2001,54.08,,
52560,2002,62.52,,
52560,2003,54.66,,
52560,2004,58.14,,
52560,2005,55.6476,,
52560,2006,54.96,,
52560,2007,61.35,,
52560,2008,60.55,,
52560,2009,54.15,,
52560,2010,59.06,,
52560,2011,57.62,,
52560,2012,58.69,,
52560,2013,61.37,,
52560,2014,62.8869,,
52560,2015,65.992,,
52560,2016,60.83,,
52560,2017,66.6753,,
52560,2018,62.5742,,
52560,2019,62.8025,,
52560,2020,61.19,,
52565,2000,54.54,,
52565,2001,58.01,,
52565,2002,56.24,,
52565,2003,61.25,,
52565,2004,57.93,,
52565,2005,62.2507,,
52565,2006,65.62,,
52565,2007,67.21,,
52565,2008,68.65,,
52565,2009,60.61,,
52565,2010,61.53,,
52565,2011,59.96,,
52565,2012,60.95,,
52565,2013,61.36,,
52565,2014,65.3567,,
52565,2015,66.1001,,
52565,2016,64.24,,
52565,2017,61.8515,,
52565,2018,61.4781,,
52565,2019,61.2319,,
52565,2020,60.14,,
52573,2000,53.8,,
52573,2001,47.72,,
52573,2002,58.26,,
52573,2003,56.8,,
52573,2004,61.41,,
52573,2005,62.1697,,
52573,2006,61.68,,
52573,2007,66.49,,
52573,2008,62.77,,
52573,2009,58.11,,
52573,2010,63.07,,
52573,2011,69.7,,
52573,2012,75.42,,
52573,2013,68.66,,
52573,2014,78.0534,,
52573,2015,73.4654,,
52573,2016,68.14,,
52573,2017,73.0021,,
52573,2018,68.8037,,
52573,2019,69.4173,,
52573,2020,66.26,,
52585,2000,59.02,,
52585,2001,49.49,,
52585,2002,49.93,,
52585,2003,52.47,,
52585,2004,59.44,,
52585,2005,59.5229,,
52585,2006,59.28,,
52585,2007,60.11,,
52585,2008,50.33,,
52585,2009,56.46,,
52585,2010,60.27,,
52585,2011,65.08,,
52585,2012,61.42,,
52585,2013,65.54,,
52585,2014,68.3363,,
52585,2015,66.4675,,
52585,2016,68.18,,
52585,2017,68.828,,
52585,2018,67.8865,,
52585,2019,66.6283,,
52585,2020,66.43,,
52612,2000,62.79,,
52612,2001,66.59,,
52612,2002,66.77,,
52612,2003,48.25,,
52612,2004,62.82,,
52612,2005,67.4753,,
52612,2006,67.89,,
52612,2007,67.99,,
52612,2008,63.02,,
52612,2009,64.06,,
52612,2010,69,,
52612,2011,68.16,,
52612,2012,71.85,,
52612,2013,65.55,,
52612,2014,64.6681,,
52612,2015,57.1636,,
52612,2016,65.15,,
52612,2017,64.3075,,
52612,2018,62.5105,,
52612,2019,63.6784,,
52612,2020,66.64,,
52621,2003,63.28,,
52621,2005,63.0528,,
52621,2006,65.46,,
52621,2007,69.76,,
52621,2008,53.12,,
52621,2009,51.22,,
52621,2010,53.45,,
52621,2011,61.12,,
52621,2012,57.56,,
52621,2013,58.79,,
52621,2014,38.9015,,
52621,2015,58.0757,,
52621,2016,51.46,,
52621,2017,46.5055,,
52621,2018,53.5794,,
52621,2019,62.4542,,
52621,2020,61.98,,
52678,2000,51.31,,
52678,2001,49.97,,
52678,2002,57.43,,
52678,2003,62.01,,
52678,2004,63.35,,
52678,2005,67.197,,
52678,2006,66.11,,
52678,2007,64.94,,
52678,2008,62.25,,
52678,2009,58.34,,
52678,2010,67.87,,
52678,2011,69.99,,
52678,2012,66.03,,
52678,2013,68.29,,
52678,2014,68.2365,,
52678,2015,68.3648,,
52678,2016,66.07,,
52678,2017,64.762,,
52678,2018,67.4081,,
52678,2019,68.1742,,
52678,2020,69.06,,
52683,2000,51.62,,
52683,2001,54.87,,
52683,2002,59.68,,
52683,2003,52.65,,
52683,2004,57.72,,
52683,2005,61.8242,,
52683,2006,58.51,,
52683,2007,61.58,,
52683,2008,63.88,,
52683,2009,62.38,,
52683,2010,71.06,,
52683,2011,68.78,,
52683,2012,61.93,,
52683,2013,64.17,,
52683,2014,67.1284,,
52683,2015,71.9874,,
52683,2016,65.58,,
52683,2017,65.291,,
52683,2018,68.3013,,
52683,2019,67.8956,,
52683,2020,64.33,,
52685,2000,51.44,,
52685,2001,59.4,,
52685,2002,63.56,,
52685,2003,62.1,,
52685,2004,64.32,,
52685,2005,65.3107,,
52685,2006,65.26,,
52685,2007,70.31,,
52685,2008,64.76,,
52685,2009,60.88,,
52685,2010,62.75,,
52685,2011,65.85,,
52685,2012,64.74,,
52685,2013,64.3,,
52685,2014,70.9509,,
52685,2015,63.8009,,
52685,2016,64.34,,
52685,2017,57.9083,,
52685,2018,60.7347,,
52685,2019,60.9812,,
52685,2020,62.01,,
52687,2001,58.8,,
52687,2003,65.06,,
52687,2004,68.56,,
52687,2005,64.2313,,
52687,2006,46.63,,
52687,2007,72.22,,
52687,2008,65.45,,
52687,2009,57.44,,
52687,2010,63.4,,
52687,2011,60.15,,
52687,2012,61.36,,
52687,2013,63.89,,
52687,2014,66.8626,,
52687,2015,69.1187,,
52687,2016,67.11,,
52687,2017,67.8342,,
52687,2018,66.6833,,
52687,2019,65.9994,,
52687,2020,63.97,,
52693,2000,54.15,,
52693,2001,60.14,,
52693,2002,61.02,,
52693,2003,58.38,,
52693,2004,62.68,,
52693,2005,63.4993,,
52693,2006,59.75,,
52693,2007,67.72,,
52693,2008,64.23,,
52693,2009,61.3,,
52693,2010,63.6,,
52693,2011,55.18,,
52693,2012,63.38,,
52693,2013,66.64,,
52693,2014,64.6728,,
52693,2015,68.9915,,
52693,2016,66.16,,
52693,2017,68.2186,,
52693,2018,71.266,,
52693,2019,66.796,,
52693,2020,62.15,,
52694,2000,49.31,,
52694,2001,62.04,,
52694,2003,59.97,,
52694,2004,56.98,,
52694,2005,60.6699,,
52694,2006,59.49,,
52694,2007,58.03,,
52694,2008,55.19,,
52694,2009,56.73,,
52694,2010,54.94,,
52694,2011,57.72,,
52694,2012,64.47,,
52694,2013,65.15,,
52694,2014,68.1896,,
52694,2015,76.9585,,
52694,2016,64.66,,
52694,2017,62.7804,,
52694,2018,66.9778,,
52694,2019,64.2035,,
52694,2020,63.82,,
52696,2001,46.56,,
52696,2003,60.18,,
52696,2005,47.642,,
52696,2006,64.56,,
52696,2007,53.6,,
52696,2008,67.91,,
52696,2009,63.29,,
52696,2010,67.85,,
52696,2011,64.05,,
52696,2012,70.59,,
52696,2013,70.45,,
52696,2014,66.1852,,
52696,2015,69.7798,,
52696,2016,65.16,,
52696,2017,61.3529,,
52696,2018,66.368,,
52696,2019,63.9335,,
52696,2020,65.62,,
52699,2000,50.61,,
52699,2001,61.01,,
52699,2002,54.64,,
52699,2003,47.88,,
52699,2004,53.4,,
52699,2005,61.2389,,
52699,2006,45.53,,
52699,2007,61.43,,
52699,2008,63.9,,
52699,2009,61.51,,
52699,2010,64.53,,
52699,2011,64.64,,
52699,2012,60.4,,
52699,2013,62.13,,
52699,2014,65.3808,,
52699,2015,69.1104,,
52699,2016,70.64,,
52699,2017,63.54,,
52699,2018,66.8631,,
52699,2019,75.3753,,
52699,2020,64.58,,
52720,2000,50.11,,
52720,2003,46.13,,
52720,2004,50.94,,
52720,2005,58.5428,,
52720,2006,52.44,,
52720,2007,55.51,,
52720,2008,49.93,,
52720,2009,53.35,,
52720,2010,61.35,,
52720,2011,60.3,,
52720,2012,65.57,,
52720,2013,59.85,,
52720,2014,63.7745,,
52720,2015,70.3153,,
52720,2016,64.15,,
52720,2017,63.081,,
52720,2018,62.215,,
52720,2019,63.143,,
52720,2020,65.2,,
52786,2000,52.09,,
52786,2001,72.76,,
52786,2002,68.36,,
52786,2003,70.53,,
52786,2004,66.96,,
52786,2005,68.6378,,
52786,2006,67.44,,
52786,2007,64.58,,
52786,2008,66.05,,
52786,2009,60.08,,
52786,2010,65.5,,
52786,2011,64.09,,
52786,2012,66.47,,
52786,2013,69.13,,
52786,2014,69.5102,,
52786,2015,66.8464,,
52786,2016,65.91,,
52786,2017,66.1514,,
52786,2018,69.5438,,
52786,2019,69.4552,,
52786,2020,65.49,,
52788,2000,60.95,,
52788,2001,65.45,,
52788,2002,70.55,,
52788,2003,69.99,,
52788,2004,68.59,,
52788,2005,68.7326,,
52788,2006,67.02,,
52788,2007,64.94,,
52788,2008,65.72,,
52788,2009,61.45,,
52788,2010,64.55,,
52788,2011,61.47,,
52788,2012,63.78,,
52788,2013,67.21,,
52788,2014,70.2592,,
52788,2015,61.9733,,
52788,2016,59.78,,
52788,2017,62.5929,,
52788,2018,67.3291,,
52788,2019,67.121,,
52788,2020,67.73,,
52835,2003,57.48,,
52835,2004,34.49,,
52835,2005,61.7131,,
52835,2006,63.65,,
52835,2007,67.7,,
52835,2008,62.2,,
52835,2009,60.74,,
52835,2010,63.97,,
52835,2011,58.31,,
52835,2012,67.96,,
52835,2013,66.41,,
52835,2014,73.4594,,
52835,2015,50.2791,,
52835,2016,67.39,,
52835,2017,67.3413,,
52835,2018,67.0767,,
52835,2019,67.8319,,
52835,2020,66.74,,
52838,2000,58.22,,
52838,2001,51.44,,
52838,2002,65.08,,
52838,2003,63.08,,
52838,2004,61.62,,
52838,2005,61.5787,,
52838,2006,60.34,,
52838,2007,65.25,,
52838,2008,64.86,,
52838,2009,65.38,,
52838,2010,70.85,,
52838,2011,69.36,,
52838,2012,64.42,,
52838,2013,81.49,,
52838,2014,62.8075,,
52838,2015,65.0916,,
52838,2016,58.4,,
52838,2017,60.6517,,
52838,2018,77.3826,,
52838,2019,68.1563,,
52838,2020,68.09,,
52885,2000,55.88,,
52885,2002,60.16,,
52885,2003,37.2,,
52885,2004,60.41,,
52885,2005,65.9301,,
52885,2006,65.11,,
52885,2007,62.52,,
52885,2008,57.41,,
52885,2009,49.66,,
52885,2010,55.2,,
52885,2011,65.83,,
52885,2012,56.73,,
52885,2013,61.57,,
52885,2014,67.2003,,
52885,2015,66.2913,,
52885,2016,59.32,,
52885,2017,60.4522,,
52885,2018,62.0377,,
52885,2019,60.5564,,
52885,2020,54.91,,
54001,2000,52.48,,
54001,2001,63.03,,
54001,2002,63.71,,
54001,2003,59.05,,
54001,2004,62.95,,
54001,2005,62.4297,,
54001,2006,58.36,,
54001,2007,72.47,,
54001,2008,68.32,,
54001,2009,61.94,,
54001,2010,84.71,,
54001,2011,77.42,,
54001,2012,76.13,,
54001,2013,76.5,,
54001,2014,77.697,,
54001,2015,76.7549,,
54001,2016,76.8,,
54001,2017,76.4816,,
54001,2018,75.3223,,
54001,2019,76.9642,,
54001,2020,76.07,,
54003,2000,48.62,,
54003,2001,48.74,,
54003,2003,58.81,,
54003,2004,47.65,,
54003,2005,51.1957,,
54003,2006,51.12,,
54003,2007,45.26,,
54003,2008,54.68,,
54003,2009,55.71,,
54003,2010,70.02,,
54003,2011,63.84,,
54003,2012,56.63,,
54003,2013,70.02,,
54003,2014,74.4516,,
54003,2015,68.609,,
54003,2016,65.2,,
54003,2017,64.3531,,
54003,2018,68.6797,,
54003,2019,68.9358,,
54003,2020,64.35,,
54051,2000,47.93,,
54051,2001,48.56,,
54051,2002,53.35,,
54051,2003,54.76,,
54051,2004,55.15,,
54051,2005,55.6348,,
54051,2006,54.68,,
54051,2007,58.63,,
54051,2008,61.03,,
54051,2009,58.75,,
54051,2010,53.47,,
54051,2011,56.66,,
54051,2012,63.35,,
54051,2013,64.74,,
54051,2014,64.3989,,
54051,2015,63.8107,,
54051,2016,62.6,,
54051,2017,62.5282,,
54051,2018,62.278,,
54051,2019,61.6161,,
54051,2020,62.22,,
54099,2000,51.81,,
54099,2001,48.32,,
54099,2002,54.88,,
54099,2003,53.72,,
54099,2004,58.26,,
54099,2005,54.6783,,
54099,2006,56.36,,
54099,2007,61,,
54099,2008,61.2,,
54099,2009,57.25,,
54099,2010,70.88,,
54099,2011,63.52,,
54099,2012,63.45,,
54099,2013,63.74,,
54099,2014,69.2104,,
54099,2015,70.7191,,
54099,2016,64.29,,
54099,2017,65.6325,,
54099,2018,64.0814,,
54099,2019,67.2966,,
54099,2020,65.63,,
54109,2000,50.54,,
54109,2001,49.74,,
54109,2002,52.69,,
54109,2003,49.06,,
54109,2004,54.12,,
54109,2005,54.6275,,
54109,2006,54.69,,
54109,2007,55.91,,
54109,2008,51.44,,
54109,2009,58.32,,
54109,2010,58.86,,
54109,2011,57.79,,
54109,2012,67.95,,
54109,2013,65.18,,
54109,2014,54.1211,,
54109,2015,62.8647,,
54109,2016,57.17,,
54109,2017,56.5479,,
54109,2018,57.1848,,
54109,2019,59.1683,,
54109,2020,59.64,,
54125,2000,50.94,,
54125,2001,49.92,,
54125,2002,55.46,,
54125,2003,53.17,,
54125,2004,56.29,,
54125,2005,56.5935,,
54125,2006,57.44,,
54125,2007,62.62,,
54125,2008,71.15,,
54125,2009,61.94,,
54125,2010,59.62,,
54125,2011,55.36,,
54125,2012,57.55,,
54125,2013,60.9,,
54125,2014,65.9501,,
54125,2015,65.0518,,
54125,2016,54.44,,
54125,2017,61.419,,
54125,2018,62.8817,,
54125,2019,60.1443,,
54125,2020,58.01,,
54128,2000,52.43,,
54128,2001,50.1,,
54128,2002,55.57,,
54128,2003,49.63,,
54128,2004,54.69,,
54128,2005,54.2483,,
54128,2006,53.47,,
54128,2008,50.8,,
54128,2009,51.6,,
54128,2010,51.27,,
54128,2011,50.99,,
54128,2012,57.11,,
54128,2013,57.57,,
54128,2014,56.4965,,
54128,2015,58.4372,,
54128,2016,54.06,,
54128,2017,63.8153,,
54128,2018,68.5959,,
54128,2019,65.7668,,
54128,2020,60.68,,
54172,2000,49.12,,
54172,2001,47.66,,
54172,2002,53.82,,
54172,2003,54.02,,
54172,2004,61.09,,
54172,2005,57.9989,,
54172,2006,60.91,,
54172,2007,65.41,,
54172,2008,62.37,,
54172,2009,62.68,,
54172,2010,69.65,,
54172,2011,62.79,,
54172,2012,63.67,,
54172,2013,63.72,,
54172,2014,68.209,,
54172,2015,69.4506,,
54172,2016,68.43,,
54172,2017,72.2901,,
54172,2018,71.8276,,
54172,2019,70.6798,,
54172,2020,73.19,,
54174,2000,48.81,,
54174,2001,48.33,,
54174,2002,55.63,,
54174,2003,55.32,,
54174,2004,56.43,,
54174,2005,54.2021,,
54174,2006,56.72,,
54174,2007,57.93,,
54174,2008,62.3,,
54174,2009,57.84,,
54174,2010,64.66,,
54174,2011,65.02,,
54174,2012,56.72,,
54174,2013,61.19,,
54174,2014,67.2668,,
54174,2015,76.8204,,
54174,2016,68.97,,
54174,2017,71.7638,,
54174,2018,69.5566,,
54174,2019,68.2138,,
54174,2020,65.78,,
54206,2000,47.2,,
54206,2001,55.35,,
54206,2002,63.58,,
54206,2003,53.67,,
54206,2004,55.6,,
54206,2005,53.0408,,
54206,2006,50.71,,
54206,2007,43.98,,
54206,2008,61.73,,
54206,2009,55.4,,
54206,2010,55.05,,
54206,2011,60.41,,
54206,2012,59.5,,
54206,2013,61.81,,
54206,2014,65.4494,,
54206,2015,49.1536,,
54206,2016,59.74,,
54206,2017,62.6858,,
54206,2018,67.2232,,
54206,2019,65.2276,,
54206,2020,66.61,,
54223,2000,49.79,,
54223,2001,47.73,,
54223,2002,53.3,,
54223,2003,54.08,,
54223,2004,54.97,,
54223,2005,56.2309,,
54223,2006,57.79,,
54223,2007,63.33,,
54223,2008,60.73,,
54223,2009,60.04,,
54223,2010,64.91,,
54223,2011,60.31,,
54223,2012,59.8,,
54223,2013,63.39,,
54223,2014,60.03,,
54223,2015,62.5286,,
54223,2016,60.26,,
54223,2017,59.7186,,
54223,2018,63.5289,,
54223,2019,62.6645,,
54223,2020,62.63,,
54239,2000,49.38,,
54239,2001,48.73,,
54239,2002,52.96,,
54239,2003,51.82,,
54239,2004,55.04,,
54239,2005,52.9331,,
54239,2006,51.78,,
54239,2007,54.35,,
54239,2008,51.94,,
54239,2009,55.04,,
54239,2010,55.86,,
54239,2011,63.76,,
54239,2012,69.66,,
54239,2013,70.91,,
54239,2014,69.9315,,
54239,2015,61.8525,,
54239,2016,67.73,,
54239,2017,69.8365,,
54239,2018,67.9639,,
54239,2019,64.5193,,
54239,2020,62.28,,
54245,2000,50.17,,
54245,2001,52.91,,
54245,2002,58.73,,
54245,2003,49.53,,
54245,2004,52.62,,
54245,2005,57.9645,,
54245,2006,58.38,,
54245,2007,61.12,,
54245,2008,64.26,,
54245,2009,63.45,,
54245,2010,66.17,,
54245,2011,73.1,,
54245,2012,63.17,,
54245,2013,67.8,,
54245,2014,67.9086,,
54245,2015,60.8138,,
54245,2016,61.46,,
54245,2017,58.028,,
54245,2018,58.4245,,
54245,2019,67.2919,,
54245,2020,63.74,,
54250,2000,54.27,,
54250,2001,52.6,,
54250,2003,56.51,,
54250,2004,51.82,,
54250,2005,50.8451,,
54250,2006,63.89,,
54250,2007,65.22,,
54250,2008,65.17,,
54250,2009,62.38,,
54250,2010,66.58,,
54250,2011,67.01,,
54250,2012,63.22,,
54250,2013,66.54,,
54250,2014,66.6665,,
54250,2015,70.1056,,
54250,2016,64.09,,
54250,2017,64.8951,,
54250,2018,67.7252,,
54250,2019,67.9188,,
54250,2020,67.01,,
54261,2002,53.43,,
54261,2003,35.14,,
54261,2004,45.25,,
54261,2005,63.1099,,
54261,2006,63.63,,
54261,2007,64.65,,
54261,2008,58.32,,
54261,2009,54.47,,
54261,2010,62.01,,
54261,2011,60.03,,
54261,2012,60.71,,
54261,2013,63.02,,
54261,2014,60.363,,
54261,2015,73.2871,,
54261,2016,73.45,,
54261,2017,72.7206,,
54261,2018,76.0136,,
54261,2019,72.1423,,
54261,2020,75.24,,
54313,2000,47.69,,
54313,2001,47.17,,
54313,2002,51.83,,
54313,2003,50.36,,
54313,2004,53.01,,
54313,2005,54.6767,,
54313,2006,55.79,,
54313,2007,55.39,,
54313,2008,54.71,,
54313,2009,58.36,,
54313,2010,60.14,,
54313,2011,58.86,,
54313,2012,57.72,,
54313,2013,58.25,,
54313,2014,67.6305,,
54313,2015,62.761,,
54313,2016,62.51,,
54313,2017,69.4184,,
54313,2018,68.4731,,
54313,2019,68.63,,
54313,2020,58.36,,
54344,2000,49.86,,
54344,2001,49.98,,
54344,2002,51.2,,
54344,2003,58.24,,
54344,2004,54.13,,
54344,2005,55.0642,,
54344,2006,53.87,,
54344,2007,57.7,,
54344,2008,62.49,,
54344,2009,56.49,,
54344,2010,56.06,,
54344,2011,60.68,,
54344,2012,60.96,,
54344,2013,59.89,,
54344,2014,61.5023,,
54344,2015,61.2235,,
54344,2016,62.57,,
54344,2017,64.1579,,
54344,2018,65.0756,,
54344,2019,66.7292,,
54344,2020,61.66,,
54347,2000,53.81,,
54347,2001,53.73,,
54347,2002,61.79,,
54347,2003,57.23,,
54347,2004,64.9,,
54347,2005,53.2237,,
54347,2006,57.32,,
54347,2007,57.29,,
54347,2008,54.17,,
54347,2009,56.6,,
54347,2010,63.26,,
54347,2011,64.06,,
54347,2012,60.53,,
54347,2013,64.81,,
54347,2014,62.0135,,
54347,2015,67.4937,,
54347,2016,60.42,,
54347,2017,61.0737,,
54347,2018,59.8843,,
54347,2019,64.2761,,
54347,2020,57.04,,
54377,2000,48.46,,
54377,2001,53.32,,
54377,2002,55.54,,
54377,2003,50.6,,
54377,2004,52.53,,
54377,2005,53.2415,,
54377,2006,54.58,,
54377,2007,55.91,,
54377,2008,59.95,,
54377,2009,63.15,,
54377,2010,63.07,,
54377,2011,61.25,,
54377,2012,62.41,,
54377,2013,58.56,,
54377,2014,62.6692,,
54377,2015,71.3238,,
54377,2016,58.52,,
54377,2017,69.5889,,
54377,2018,67.6554,,
54377,2019,75.8243,,
54377,2020,77.13,,
54385,2000,58.66,,
54385,2001,54.27,,
54385,2002,53.48,,
54385,2003,54.54,,
54385,2004,65.77,,
54385,2005,62.2897,,
54385,2006,61.7,,
54385,2007,66.78,,
54385,2008,62.86,,
54385,2009,62.83,,
54385,2010,68.7,,
54385,2011,67.72,,
54385,2012,68.08,,
54385,2013,66.29,,
54385,2014,66.5935,,
54385,2015,75.2636,,
54385,2016,68.5,,
54385,2017,74.3602,,
54385,2018,70.1788,,
54385,2019,70.483,,
54385,2020,68.58,,
54398,2000,52.7,,
54398,2001,51.9,,
54398,2002,59.29,,
54398,2003,64.54,,
54398,2004,61.23,,
54398,2005,58.83,,
54398,2006,53.73,,
54398,2007,51.33,,
54398,2008,56.9,,
54398,2009,55.59,,
54398,2010,59.99,,
54398,2011,59.5,,
54398,2012,58.93,,
54398,2013,59.96,,
54398,2014,63.8095,,
54398,2015,58.1821,,
54398,2016,51.82,,
54398,2017,56.7041,,
54398,2018,60.9762,,
54398,2019,64.5847,,
54398,2020,64.5,,
54405,2000,51.95,,
54405,2001,59.95,,
54405,2002,66.71,,
54405,2003,64.34,,
54405,2004,62.78,,
54405,2005,63.5905,,
54405,2006,62.23,,
54405,2007,65.68,,
54405,2008,64.4,,
54405,2009,62.97,,
54405,2010,74.35,,
54405,2011,75.43,,
54405,2012,76.1,,
54405,2013,79.23,,
54405,2014,78.1105,,
54405,2015,81.1796,,
54405,2016,80.06,,
54405,2017,79.9953,,
54405,2018,79.8925,,
54405,2019,78.391,,
54405,2020,78.02,,
54418,2000,49.84,,
54418,2001,50.2,,
54418,2002,51.87,,
54418,2003,51.37,,
54418,2004,51.17,,
54418,2005,50.3372,,
54418,2006,51.23,,
54418,2007,52.92,,
54418,2008,59.29,,
54418,2009,56.07,,
54418,2010,57.77,,
54418,2011,63.96,,
54418,2012,63.19,,
54418,2013,62.1,,
54418,2014,66.6688,,
54418,2015,71.7253,,
54418,2016,57.45,,
54418,2017,56.1817,,
54418,2018,61.3427,,
54418,2019,60.0233,,
54418,2020,61.76,,
54480,2000,53.82,,
54480,2001,51.68,,
54480,2002,55.54,,
54480,2003,55.1,,
54480,2004,57.22,,
54480,2005,57.1953,,
54480,2006,56.7,,
54480,2007,60.99,,
54480,2008,59.22,,
54480,2009,58.41,,
54480,2010,61.39,,
54480,2011,61.41,,
54480,2012,66.92,,
54480,2013,65.58,,
54480,2014,70.9535,,
54480,2015,71.7909,,
54480,2016,62.72,,
54480,2017,66.0057,,
54480,2018,65.1955,,
54480,2019,46.0945,,
54480,2020,56.99,,
54498,2001,50.19,,
54498,2002,54.77,,
54498,2003,57.86,,
54498,2004,47.86,,
54498,2005,50.1247,,
54498,2006,59.31,,
54498,2007,55.08,,
54498,2008,62.25,,
54498,2009,64.73,,
54498,2010,79.04,,
54498,2011,71.25,,
54498,2012,68.97,,
54498,2013,76.34,,
54498,2014,73.1821,,
54498,2015,71.0221,,
54498,2016,69.88,,
54498,2017,70.5773,,
54498,2018,71.1699,,
54498,2019,70.8681,,
54498,2020,69.02,,
54518,2000,47.2,,
54518,2001,40.93,,
54518,2002,54.5,,
54518,2003,53.3,,
54518,2004,46.87,,
54518,2005,55.1049,,
54518,2006,57.48,,
54518,2007,62.17,,
54518,2008,65.65,,
54518,2009,67.07,,
54518,2010,75.18,,
54518,2011,72.83,,
54518,2012,70.72,,
54518,2013,71.44,,
54518,2014,74.0326,,
54518,2015,73.376,,
54518,2016,72.65,,
54518,2017,72.975,,
54518,2018,71.216,,
54518,2019,73.6264,,
54518,2020,72.12,,
54520,2000,51.5,,
54520,2001,50.84,,
54520,2002,53.94,,
54520,2003,57.1,,
54520,2004,55.44,,
54520,2005,56.3767,,
54520,2006,59.7,,
54520,2007,61.54,,
54520,2008,65.68,,
54520,2009,61.37,,
54520,2010,65.03,,
54520,2011,65.15,,
54520,2012,67,,
54520,2013,64.94,,
54520,2014,67.1713,,
54520,2015,74.1114,,
54520,2016,63.45,,
54520,2017,66.5266,,
54520,2018,64.2034,,
54520,2019,65.4667,,
54520,2020,63.76,,
54553,2000,52.6,,
54553,2001,46.88,,
54553,2002,46.46,,
54553,2003,45.19,,
54553,2004,51.17,,
54553,2005,52.3672,,
54553,2006,50.82,,
54553,2007,57.49,,
54553,2008,57.58,,
54553,2009,55.33,,
54553,2010,56.79,,
54553,2011,64.28,,
54553,2012,68.06,,
54553,2013,60.88,,
54553,2014,63.0499,,
54553,2015,65.5153,,
54553,2016,65.1,,
54553,2017,61.7081,,
54553,2018,65.5275,,
54553,2019,67.0177,,
54553,2020,64.32,,
54599,2001,46.76,,
54599,2002,48.15,,
54599,2003,47.08,,
54599,2004,46.37,,
54599,2005,58.048,,
54599,2006,56.93,,
54599,2007,62.98,,
54599,2008,62.06,,
54599,2009,58.76,,
54599,2010,59.98,,
54599,2011,58.27,,
54599,2012,59.57,,
54599,2013,62.07,,
54599,2014,64.884,,
54599,2015,69.4575,,
54599,2016,61.31,,
54599,2017,60.9707,,
54599,2018,67.4412,,
54599,2019,64.247,,
54599,2020,60.75,,
54660,2000,54.54,,
54660,2001,49.06,,
54660,2002,58.46,,
54660,2003,54.33,,
54660,2004,54.75,,
54660,2005,53.5061,,
54660,2006,54.08,,
54660,2007,57.17,,
54660,2008,62.55,,
54660,2009,58.6,,
54660,2010,62.2,,
54660,2011,62.08,,
54660,2012,61.75,,
54660,2013,65.41,,
54660,2014,61.9051,,
54660,2015,61.884,,
54660,2016,64.15,,
54660,2017,67.9547,,
54660,2018,66.8815,,
54660,2019,65.4233,,
54660,2020,58.02,,
54670,2000,50.33,,
54670,2001,48.36,,
54670,2002,56.43,,
54670,2003,54.52,,
54670,2004,56.62,,
54670,2005,54.1231,,
54670,2006,50.19,,
54670,2008,60.41,,
54670,2009,58.77,,
54670,2010,61.99,,
54670,2011,64.97,,
54670,2012,60.71,,
54670,2013,62.62,,
54670,2014,67.5186,,
54670,2015,71.048,,
54670,2016,58.47,,
54670,2017,55.9138,,
54670,2018,62.2895,,
54670,2019,66.2055,,
54670,2020,67.23,,
54673,2000,52.73,,
54673,2001,59.75,,
54673,2002,63.88,,
54673,2003,58.44,,
54673,2004,60.12,,
54673,2005,62.0293,,
54673,2006,64.41,,
54673,2007,68.91,,
54673,2008,67.61,,
54673,2009,59.5,,
54673,2010,71.15,,
54673,2011,68.53,,
54673,2012,63.27,,
54673,2013,69.92,,
54673,2014,67.9584,,
54673,2015,71.1083,,
54673,2016,72.47,,
54673,2017,65.7945,,
54673,2018,65.3569,,
54673,2019,67.0951,,
54673,2020,74.04,,
54680,2000,47.72,,
54680,2001,44.98,,
54680,2002,54.23,,
54680,2003,51.62,,
54680,2004,53.44,,
54680,2005,50.9796,,
54680,2006,44.95,,
54680,2007,54.7,,
54680,2008,55.5,,
54680,2009,52.9,,
54680,2010,55.13,,
54680,2011,62.7,,
54680,2012,57.97,,
54680,2013,63.65,,
54680,2014,63.4355,,
54680,2015,57.3749,,
54680,2016,53.42,,
54680,2017,59.3481,,
54680,2018,58.6794,,
54680,2019,61.7454,,
54680,2020,63.46,,
54720,2000,47.48,,
54720,2001,49.13,,
54720,2002,60.12,,
54720,2003,42.98,,
54720,2004,51.91,,
54720,2005,60.3333,,
54720,2006,61.11,,
54720,2007,60.91,,
54720,2008,59.99,,
54720,2009,54.21,,
54720,2010,59.34,,
54720,2011,60.28,,
54720,2012,59.69,,
54720,2013,42.44,,
54720,2014,62.4526,,
54720,2015,63.5215,,
54720,2016,64.95,,
54720,2017,57.5829,,
54720,2018,68.584,,
54720,2019,69.3842,,
54720,2020,70.66,,
54743,2000,51.28,,
54743,2001,50.68,,
54743,2002,50.95,,
54743,2003,51.62,,
54743,2004,51.24,,
54743,2005,55.6632,,
54743,2006,55.89,,
54743,2007,53.17,,
54743,2008,48.87,,
54743,2009,55.68,,
54743,2010,57.49,,
54743,2011,58.62,,
54743,2012,62.15,,
54743,2013,60.64,,
54743,2014,60.6904,,
54743,2015,75.8181,,
54743,2016,60.39,,
54743,2017,70.8036,,
54743,2018,66.7923,,
54743,2019,67.4518,,
54743,2020,66.26,,
54800,2000,56.09,,
54800,2001,49.33,,
54800,2002,51.68,,
54800,2003,58.63,,
54800,2004,61.21,,
54800,2005,59.2601,,
54800,2006,60.28,,
54800,2007,64.96,,
54800,2008,65.29,,
54800,2009,57.79,,
54800,2010,58.04,,
54800,2011,63.72,,
54800,2012,59.87,,
54800,2013,63.06,,
54800,2014,65.9287,,
54800,2015,73.1535,,
54800,2016,65.24,,
54800,2017,64.4024,,
54800,2018,64.1611,,
54800,2019,64.2494,,
54800,2020,68.92,,
54810,2000,56.01,,
54810,2001,55.72,,
54810,2002,59.73,,
54810,2003,58.49,,
54810,2004,63.2,,
54810,2005,54.1753,,
54810,2006,64.93,,
54810,2007,73.1,,
54810,2008,72,,
54810,2009,63.29,,
54810,2010,69.32,,
54810,2011,68.81,,
54810,2012,75.2,,
54810,2013,74.53,,
54810,2014,75.1629,,
54810,2015,82.4822,,
54810,2016,72.51,,
54810,2017,75.6229,,
54810,2018,74.8402,,
54810,2019,73.5607,,
54810,2020,75.87,,
54820,2000,57.5,,
54820,2001,57.22,,
54820,2002,63.17,,
54820,2003,60.82,,
54820,2004,67.45,,
54820,2005,62.7175,,
54820,2006,62.46,,
54820,2007,71.52,,
54820,2008,70.9,,
54820,2009,63.9,,
54820,2010,65.28,,
54820,2011,66.82,,
54820,2012,65.49,,
54820,2013,68.81,,
54820,2014,75.8233,,
54820,2015,78.5198,,
54820,2016,72.22,,
54820,2017,74.1424,,
54820,2018,82.6458,,
54820,2019,78.2551,,
54820,2020,79.42,,
54871,2000,47.8,,
54871,2001,50.31,,
54871,2002,52.6,,
54871,2003,52.97,,
54871,2004,56.45,,
54871,2005,55.6266,,
54871,2006,58.33,,
54871,2007,58.88,,
54871,2008,60.47,,
54871,2009,56.79,,
54871,2010,57.63,,
54871,2011,59.28,,
54871,2012,59.67,,
54871,2013,61.44,,
54871,2014,64.5379,,
54871,2015,70.6087,,
54871,2016,63.05,,
54871,2017,62.6216,,
54871,2018,60.6334,,
54871,2019,66.3359,,
54871,2020,61.83,,
54874,2000,52.28,,
54874,2001,51.84,,
54874,2002,56.7,,
54874,2003,59.16,,
54874,2004,60.78,,
54874,2005,61.0239,,
54874,2006,58.44,,
54874,2007,53.85,,
54874,2008,53.77,,
54874,2009,57,,
54874,2010,68.86,,
54874,2011,57.8,,
54874,2012,68.9,,
54874,2013,71.17,,
54874,2014,75.3685,,
54874,2015,75.6842,,
54874,2016,74.23,,
54874,2017,70.9837,,
54874,2018,75.3102,,
54874,2019,77.4347,,
54874,2020,74.88,,
63001,2000,58.01,,
63001,2001,57.29,,
63001,2002,58.75,,
63001,2003,56.45,,
63001,2004,61.06,,
63001,2005,62.3475,,
63001,2006,60.77,,
63001,2007,66.91,,
63001,2008,68.02,,
63001,2009,64.98,,
63001,2010,80.17,,
63001,2011,78.38,,
63001,2012,78.26,,
63001,2013,78.14,,
63001,2014,77.1028,,
63001,2015,78.5141,,
63001,2016,74.92,,
63001,2017,73.0109,,
63001,2018,73.4567,,
63001,2019,75.2359,,
63001,2020,75.17,,
63111,2000,51.28,,
63111,2001,52.82,,
63111,2002,61.96,,
63111,2003,48.22,,
63111,2004,41.92,,
63111,2005,55.5218,,
63111,2006,57.55,,
63111,2007,54.33,,
63111,2008,53.31,,
63111,2009,53.63,,
63111,2010,65.86,,
63111,2011,61.98,,
63111,2012,67.41,,
63111,2013,64.65,,
63111,2014,63.5576,,
63111,2015,64.3684,,
63111,2016,63.41,,
63111,2017,68.7309,,
63111,2018,68.7772,,
63111,2019,66.8313,,
63111,2020,62.64,,
63130,2000,59.48,,
63130,2001,56.82,,
63130,2002,61.37,,
63130,2003,63.39,,
63130,2004,65.96,,
63130,2005,62.0102,,
63130,2006,65.33,,
63130,2007,65.96,,
63130,2008,71.41,,
63130,2009,62.35,,
63130,2010,76.02,,
63130,2011,71.12,,
63130,2012,71.64,,
63130,2013,73.1,,
63130,2014,73.7745,,
63130,2015,76.5387,,
63130,2016,74.54,,
63130,2017,72.1331,,
63130,2018,74.5363,,
63130,2019,73.1921,,
63130,2020,73.43,,
63190,2000,53.89,,
63190,2001,55.67,,
63190,2002,66.9,,
63190,2003,62.81,,
63190,2004,59.21,,
63190,2005,57.0415,,
63190,2006,59.14,,
63190,2007,59.91,,
63190,2008,61.95,,
63190,2009,63.06,,
63190,2010,73.86,,
63190,2011,70.75,,
63190,2012,68.28,,
63190,2013,70.33,,
63190,2014,74.0807,,
63190,2015,69.6926,,
63190,2016,70.09,,
63190,2017,71.9165,,
63190,2018,75.3149,,
63190,2019,74.7774,,
63190,2020,74.37,,
63212,2000,53.24,,
63212,2001,49.72,,
63212,2002,52.02,,
63212,2003,57.37,,
63212,2004,58.08,,
63212,2005,58.9746,,
63212,2006,56.04,,
63212,2007,57.09,,
63212,2008,55.86,,
63212,2009,55.89,,
63212,2010,65,,
63212,2011,61.61,,
63212,2012,65.09,,
63212,2013,63.78,,
63212,2014,66.2165,,
63212,2015,67.2172,,
63212,2016,60.34,,
63212,2017,70.6126,,
63212,2018,65.0494,,
63212,2019,67.7154,,
63212,2020,65.84,,
63272,2000,52.44,,
63272,2001,51.56,,
63272,2002,49.6,,
63272,2003,58.49,,
63272,2004,62.96,,
63272,2005,61.971,,
63272,2006,66.51,,
63272,2007,68.41,,
63272,2008,62.37,,
63272,2009,61.18,,
63272,2010,70.78,,
63272,2011,70.61,,
63272,2012,72.85,,
63272,2013,72.43,,
63272,2014,73.3052,,
63272,2015,73.5338,,
63272,2016,71.65,,
63272,2017,74.4296,,
63272,2018,72.7305,,
63272,2019,73.1666,,
63272,2020,69.84,,
63302,2001,58.08,,
63302,2002,54.64,,
63302,2003,55.16,,
63302,2004,57.91,,
63302,2005,59.5159,,
63302,2006,59.66,,
63302,2007,69.84,,
63302,2008,63.33,,
63302,2009,61.99,,
63302,2010,71.58,,
63302,2011,69.81,,
63302,2012,69.83,,
63302,2013,63.08,,
63302,2014,65.0351,,
63302,2015,69.2419,,
63302,2016,65.47,,
63302,2017,65.6835,,
63302,2018,63.334,,
63302,2019,64.3258,,
63302,2020,67.29,,
63401,2000,62.83,,
63401,2001,59.18,,
63401,2002,63.18,,
63401,2003,62.75,,
63401,2004,62.14,,
63401,2005,60.8956,,
63401,2006,63.1,,
63401,2007,69.49,,
63401,2008,69.28,,
63401,2009,66.73,,
63401,2010,75.1,,
63401,2011,71.74,,
63401,2012,72.49,,
63401,2013,74.72,,
63401,2014,73.4055,,
63401,2015,74.9773,,
63401,2016,72.72,,
63401,2017,75.7284,,
63401,2018,75.1061,,
63401,2019,76.2392,,
63401,2020,74.06,,
63470,2000,51.31,,
63470,2001,52.61,,
63470,2002,56.27,,
63470,2003,55.69,,
63470,2004,53.5,,
63470,2005,59.2436,,
63470,2006,59.67,,
63470,2007,66.09,,
63470,2008,59.41,,
63470,2009,60.63,,
63470,2010,74.75,,
63470,2011,75.19,,
63470,2012,74.08,,
63470,2013,73.58,,
63470,2014,74.3731,,
63470,2015,73.9363,,
63470,2016,75.55,,
63470,2017,73.3289,,
63470,2018,72.9462,,
63470,2019,75.7517,,
63470,2020,74.69,,
63548,2000,53.65,,
63548,2001,52.93,,
63548,2002,55.26,,
63548,2003,42.89,,
63548,2004,52.27,,
63548,2005,57.1699,,
63548,2006,52.39,,
63548,2007,60.28,,
63548,2008,49.4,,
63548,2009,48.01,,
63548,2010,56.94,,
63548,2011,60.77,,
63548,2012,64.79,,
63548,2013,64.13,,
63548,2014,64.0103,,
63548,2015,62.4498,,
63548,2016,61.89,,
63548,2017,63.769,,
63548,2018,62.614,,
63548,2019,59.1669,,
63548,2020,69.32,,
63594,2000,59.1,,
63594,2001,53.86,,
63594,2002,57.48,,
63594,2003,57.26,,
63594,2004,57.47,,
63594,2005,62.8193,,
63594,2006,60.22,,
63594,2007,63.65,,
63594,2008,63.57,,
63594,2009,62.72,,
63594,2010,72.76,,
63594,2011,69.46,,
63594,2012,70.56,,
63594,2013,72.44,,
63594,2014,73.3666,,
63594,2015,73.6138,,
63594,2016,72.23,,
63594,2017,73.9256,,
63594,2018,71.0648,,
63594,2019,72.2269,,
63594,2020,74.69,,
63690,2000,56.1,,
63690,2001,53.3,,
63690,2002,55.34,,
63690,2003,50.08,,
63690,2004,50.93,,
63690,2005,50.2669,,
63690,2006,56.85,,
63690,2007,62.58,,
63690,2008,58.91,,
63690,2009,57.22,,
63690,2010,73.17,,
63690,2011,71.13,,
63690,2012,66.63,,
63690,2013,71.11,,
63690,2014,72.4441,,
63690,2015,73.9908,,
63690,2016,74.11,,
63690,2017,75.9546,,
63690,2018,73.9941,,
63690,2019,76.9369,,
63690,2020,73.56,,
66001,2000,64.59,,
66001,2001,66.61,,
66001,2002,72.24,,
66001,2003,65.61,,
66001,2004,67.63,,
66001,2005,68.3848,,
66001,2006,69.75,,
66001,2007,72.91,,
66001,2008,71.3,,
66001,2009,65.6,,
66001,2010,79.23,,
66001,2011,77.32,,
66001,2012,76.48,,
66001,2013,80.56,,
66001,2014,79.7866,,
66001,2015,79.7698,,
66001,2016,80.4,,
66001,2017,79.0721,,
66001,2018,79.2825,,
66001,2019,79.4936,,
66001,2020,79.29,,
66045,2000,59.15,,
66045,2001,55.66,,
66045,2002,58.67,,
66045,2003,57.9,,
66045,2004,58.73,,
66045,2005,59.9585,,
66045,2006,60.5,,
66045,2007,58.44,,
66045,2008,64.03,,
66045,2009,60.65,,
66045,2010,68.03,,
66045,2011,69.16,,
66045,2012,69.38,,
66045,2013,67.79,,
66045,2014,67.216,,
66045,2015,68.3004,,
66045,2016,66.25,,
66045,2017,67.8336,,
66045,2018,65.5992,,
66045,2019,70.4168,,
66045,2020,68.01,,
66075,2000,52.21,,
66075,2001,54.97,,
66075,2002,61.93,,
66075,2003,60.13,,
66075,2004,55.61,,
66075,2005,56.4408,,
66075,2006,64.53,,
66075,2007,65.92,,
66075,2008,69.98,,
66075,2009,65.67,,
66075,2010,75.63,,
66075,2011,72.48,,
66075,2012,70.67,,
66075,2013,75.28,,
66075,2014,76.9153,,
66075,2015,76.3251,,
66075,2016,77.43,,
66075,2017,73.3449,,
66075,2018,72.2788,,
66075,2019,73.3198,,
66075,2020,72.94,,
66088,2000,50.77,,
66088,2001,52.36,,
66088,2002,40.15,,
66088,2003,52.49,,
66088,2004,56.55,,
66088,2005,58.8898,,
66088,2006,57.66,,
66088,2007,60.06,,
66088,2008,57.93,,
66088,2009,59.05,,
66088,2010,70.86,,
66088,2011,65.63,,
66088,2012,65.42,,
66088,2013,67.94,,
66088,2014,68.6127,,
66088,2015,69.9122,,
66088,2016,72.67,,
66088,2017,71.8191,,
66088,2018,72.7598,,
66088,2019,71.8748,,
66088,2020,69.38,,
66170,2000,56.96,,
66170,2001,55.27,,
66170,2002,56.28,,
66170,2003,62.01,,
66170,2004,64.39,,
66170,2005,65.5305,,
66170,2006,66.41,,
66170,2007,71.8,,
66170,2008,71.87,,
66170,2009,66.05,,
66170,2010,81.71,,
66170,2011,75.34,,
66170,2012,77.42,,
66170,2013,77.96,,
66170,2014,72.1073,,
66170,2015,75.8326,,
66170,2016,75.67,,
66170,2017,75.047,,
66170,2018,76.6617,,
66170,2019,74.6814,,
66170,2020,73.59,,
66318,2000,46.26,,
66318,2001,47.07,,
66318,2002,51.55,,
66318,2003,53.77,,
66318,2004,54.48,,
66318,2005,55.8227,,
66318,2006,58.17,,
66318,2007,56.76,,
66318,2008,53.42,,
66318,2009,53.59,,
66318,2010,62.16,,
66318,2011,61.89,,
66318,2012,61.28,,
66318,2013,62.59,,
66318,2014,64.9509,,
66318,2015,64.4273,,
66318,2016,58.68,,
66318,2017,62.5447,,
66318,2018,67.825,,
66318,2019,66.8699,,
66318,2020,70.72,,
66383,2000,50.99,,
66383,2001,46.26,,
66383,2002,56.12,,
66383,2003,52.7,,
66383,2004,56.62,,
66383,2005,54.1034,,
66383,2006,53.21,,
66383,2007,60.18,,
66383,2008,54.15,,
66383,2009,54.7,,
66383,2010,59.81,,
66383,2011,60.79,,
66383,2012,60.38,,
66383,2013,69.17,,
66383,2014,65.1816,,
66383,2015,68.3407,,
66383,2016,65.63,,
66383,2017,67.5207,,
66383,2018,65.397,,
66383,2019,70.3126,,
66383,2020,58.15,,
66400,2000,61.09,,
66400,2001,56.78,,
66400,2002,55.42,,
66400,2003,55.01,,
66400,2004,58.56,,
66400,2005,57.1025,,
66400,2006,59.42,,
66400,2007,65.49,,
66400,2008,63.95,,
66400,2009,62.59,,
66400,2010,71.83,,
66400,2011,66.61,,
66400,2012,67.63,,
66400,2013,65.72,,
66400,2014,70.3143,,
66400,2015,72.7015,,
66400,2016,71.21,,
66400,2017,70.9763,,
66400,2018,70.5657,,
66400,2019,74.1465,,
66400,2020,72.11,,
66440,2000,55.64,,
66440,2001,47.04,,
66440,2002,55.91,,
66440,2003,58.69,,
66440,2004,55.72,,
66440,2005,60.248,,
66440,2006,57.96,,
66440,2007,57.19,,
66440,2008,54.9,,
66440,2009,57.52,,
66440,2010,64.62,,
66440,2011,64.76,,
66440,2012,62.91,,
66440,2013,63.61,,
66440,2014,63.3276,,
66440,2015,63.9362,,
66440,2016,63.13,,
66440,2017,65.8431,,
66440,2018,67.7994,,
66440,2019,70.937,,
66440,2020,70.41,,
66456,2000,49.88,,
66456,2001,50.57,,
66456,2002,54.28,,
66456,2003,56.08,,
66456,2004,56.87,,
66456,2005,56.7918,,
66456,2006,57.44,,
66456,2007,64.05,,
66456,2008,56.45,,
66456,2009,58.68,,
66456,2010,61.88,,
66456,2011,67.27,,
66456,2012,65.86,,
66456,2013,62.27,,
66456,2014,67.0856,,
66456,2015,65.7898,,
66456,2016,64.88,,
66456,2017,67.4779,,
66456,2018,66.3155,,
66456,2019,68.9278,,
66456,2020,67.9,,
66572,2000,50.39,,
66572,2001,50.31,,
66572,2002,47.26,,
66572,2003,43.5,,
66572,2004,51.8,,
66572,2005,54.4978,,
66572,2006,60.31,,
66572,2007,57.83,,
66572,2008,53.86,,
66572,2009,57.55,,
66572,2010,62.46,,
66572,2011,63.25,,
66572,2012,65,,
66572,2013,67.94,,
66572,2014,65.0242,,
66572,2015,69.5123,,
66572,2016,69.4,,
66572,2017,67.1838,,
66572,2018,66.352,,
66572,2019,68.4258,,
66572,2020,67.98,,
66594,2000,54.01,,
66594,2001,57.81,,
66594,2002,58.97,,
66594,2003,55.1,,
66594,2004,55.09,,
66594,2005,56.8323,,
66594,2006,59.83,,
66594,2007,58.8,,
66594,2008,51.1,,
66594,2009,46.98,,
66594,2010,62.31,,
66594,2011,66.83,,
66594,2012,65.9,,
66594,2013,68.38,,
66594,2014,68.9092,,
66594,2015,70.8507,,
66594,2016,72.34,,
66594,2017,73.1057,,
66594,2018,73.4224,,
66594,2019,72.3707,,
66594,2020,70,,
66682,2000,54.35,,
66682,2001,56.9,,
66682,2002,58.09,,
66682,2003,62.68,,
66682,2004,63.46,,
66682,2005,61.3374,,
66682,2006,64.83,,
66682,2007,63.61,,
66682,2008,61.98,,
66682,2009,62.07,,
66682,2010,71.84,,
66682,2011,70.17,,
66682,2012,70.52,,
66682,2013,71.45,,
66682,2014,71.4939,,
66682,2015,75.9834,,
66682,2016,73.57,,
66682,2017,74.6543,,
66682,2018,74.4948,,
66682,2019,74.7512,,
66682,2020,75.33,,
66687,2000,51.71,,
66687,2001,52.12,,
66687,2002,49.4,,
66687,2003,51.84,,
66687,2004,54.71,,
66687,2005,55.9705,,
66687,2006,56.51,,
66687,2007,58.52,,
66687,2008,54.74,,
66687,2009,47.4,,
66687,2010,65.58,,
66687,2011,68.09,,
66687,2012,64.13,,
66687,2013,64.46,,
66687,2014,66.6494,,
66687,2015,68.9873,,
66687,2016,69.23,,
66687,2017,67.3471,,
66687,2018,71.9989,,
66687,2019,71.0111,,
66687,2020,68.64,,
68001,2000,57.25,,
68001,2001,64.62,,
68001,2002,60.55,,
68001,2003,59.5,,
68001,2004,64.57,,
68001,2005,70.5409,,
68001,2006,70.32,,
68001,2007,75.42,,
68001,2008,75.41,,
68001,2009,71.85,,
68001,2010,87.01,,
68001,2011,79.54,,
68001,2012,79.53,,
68001,2013,83.12,,
68001,2014,82.8085,,
68001,2015,83.4291,,
68001,2016,75.96,,
68001,2017,79.7598,,
68001,2018,79.5444,,
68001,2019,80.2273,,
68001,2020,80.01,,
68013,2000,50.54,,
68013,2001,57.13,,
68013,2002,52.29,,
68013,2003,50.44,,
68013,2004,53.8,,
68013,2005,55.3376,,
68013,2006,56.07,,
68013,2007,61.15,,
68013,2008,62.44,,
68013,2009,58.61,,
68013,2010,61.99,,
68013,2011,69.31,,
68013,2012,61.12,,
68013,2013,58.35,,
68013,2014,57.8601,,
68013,2015,62.1554,,
68013,2016,55.23,,
68013,2017,58.9889,,
68013,2018,59.5747,,
68013,2019,62.5906,,
68013,2020,63.16,,
68020,2000,51.35,,
68020,2002,50.97,,
68020,2003,54.41,,
68020,2004,54.95,,
68020,2005,49.2247,,
68020,2006,57.96,,
68020,2007,58.83,,
68020,2008,67,,
68020,2009,53.9,,
68020,2010,66.36,,
68020,2011,67.37,,
68020,2012,61.53,,
68020,2013,73.54,,
68020,2014,76.2141,,
68020,2015,78.6189,,
68020,2016,74.33,,
68020,2017,77.9421,,
68020,2018,73.6495,,
68020,2019,73.7051,,
68020,2020,72.44,,
68051,2000,49.3,,
68051,2001,59.62,,
68051,2002,58.31,,
68051,2003,60.75,,
68051,2004,62.93,,
68051,2005,58.9014,,
68051,2006,61.03,,
68051,2007,66.92,,
68051,2008,61.59,,
68051,2009,60.1,,
68051,2010,68.57,,
68051,2011,68.85,,
68051,2012,70.09,,
68051,2013,69.19,,
68051,2014,71.4817,,
68051,2015,73.639,,
68051,2016,67.66,,
68051,2017,71.2137,,
68051,2018,70.4267,,
68051,2019,71.418,,
68051,2020,65.82,,
68077,2000,52.22,,
68077,2001,68.2,,
68077,2002,66.43,,
68077,2003,60.39,,
68077,2004,61.18,,
68077,2005,64.6217,,
68077,2006,66.17,,
68077,2007,70.65,,
68077,2008,70.95,,
68077,2009,60.69,,
68077,2010,77.48,,
68077,2011,74.52,,
68077,2012,75.6,,
68077,2013,77.86,,
68077,2014,75.5677,,
68077,2015,75.2512,,
68077,2016,69.02,,
68077,2017,69.4345,,
68077,2018,68.6075,,
68077,2019,72.4863,,
68077,2020,67.94,,
68079,2000,45.22,,
68079,2001,51.52,,
68079,2002,58.8,,
68079,2003,59.36,,
68079,2004,63.29,,
68079,2005,58.8333,,
68079,2006,57.58,,
68079,2007,60.99,,
68079,2008,66.88,,
68079,2009,58.36,,
68079,2010,77.57,,
68079,2011,72.09,,
68079,2012,68.62,,
68079,2013,74.17,,
68079,2014,76.7905,,
68079,2015,78.2905,,
68079,2016,72.46,,
68079,2017,76.1964,,
68079,2018,74.827,,
68079,2019,76.345,,
68079,2020,76.49,,
68081,2000,68.22,,
68081,2001,70.76,,
68081,2002,71.58,,
68081,2003,70.21,,
68081,2004,71.48,,
68081,2005,74.31,,
68081,2006,73.86,,
68081,2007,80.26,,
68081,2008,83.34,,
68081,2009,74.88,,
68081,2010,86.66,,
68081,2011,84.72,,
68081,2012,85.41,,
68081,2013,84.9,,
68081,2014,85.2771,,
68081,2015,83.9332,,
68081,2016,82.13,,
68081,2017,80.8598,,
68081,2018,80.568,,
68081,2019,81.6576,,
68081,2020,79.68,,
68092,2000,49.11,,
68092,2001,52.62,,
68092,2002,51.32,,
68092,2003,50.6,,
68092,2004,48.94,,
68092,2005,59.2305,,
68092,2006,62.06,,
68092,2007,67.27,,
68092,2008,60.91,,
68092,2009,56.93,,
68092,2010,65.42,,
68092,2011,77.92,,
68092,2012,79.23,,
68092,2013,80.82,,
68092,2014,78.3325,,
68092,2015,78.4607,,
68092,2016,55.58,,
68092,2017,73.7057,,
68092,2018,75.98,,
68092,2019,76.5725,,
68092,2020,72.63,,
68101,2000,62,,
68101,2001,52.35,,
68101,2002,57.59,,
68101,2003,58.42,,
68101,2004,59.43,,
68101,2005,55.4954,,
68101,2006,59,,
68101,2007,54.53,,
68101,2008,55.96,,
68101,2009,56.98,,
68101,2010,65.48,,
68101,2011,60.76,,
68101,2012,64.63,,
68101,2013,66.79,,
68101,2014,68.9232,,
68101,2015,72.5564,,
68101,2016,69.43,,
68101,2017,71.1169,,
68101,2018,67.2125,,
68101,2019,66.71,,
68101,2020,63.74,,
68121,2000,49.72,,
68121,2001,60.04,,
68121,2002,60.91,,
68121,2003,56.47,,
68121,2004,63.01,,
68121,2005,58.5182,,
68121,2006,55.97,,
68121,2007,67.16,,
68121,2008,57.02,,
68121,2009,57.59,,
68121,2010,62.8,,
68121,2011,65.99,,
68121,2012,66.01,,
68121,2013,64.99,,
68121,2014,66.3344,,
68121,2015,70.0259,,
68121,2016,63.93,,
68121,2017,65.2654,,
68121,2018,69.1803,,
68121,2019,69.3307,,
68121,2020,61.47,,
68132,2001,51.33,,
68132,2002,59.69,,
68132,2003,52.44,,
68132,2004,61.9,,
68132,2005,61.7779,,
68132,2006,60.68,,
68132,2007,57.64,,
68132,2008,56.38,,
68132,2009,61.38,,
68132,2010,57.25,,
68132,2011,66.32,,
68132,2012,80.7,,
68132,2013,73.34,,
68132,2014,58.8507,,
68132,2015,65.7465,,
68132,2016,60.78,,
68132,2017,64.7547,,
68132,2018,68.4472,,
68132,2019,68.5006,,
68132,2020,58.06,,
68147,2000,54.21,,
68147,2001,53.64,,
68147,2002,58.85,,
68147,2003,49.69,,
68147,2004,59.54,,
68147,2005,57.3528,,
68147,2006,54.97,,
68147,2007,57.05,,
68147,2008,53.13,,
68147,2009,55.09,,
68147,2010,61.02,,
68147,2011,63.5,,
68147,2012,63.24,,
68147,2013,63.94,,
68147,2014,63.481,,
68147,2015,68.0119,,
68147,2016,62.8,,
68147,2017,62.1452,,
68147,2018,61.1702,,
68147,2019,61.3166,,
68147,2020,58.6,,
68152,2000,51.61,,
68152,2001,50.26,,
68152,2002,53.04,,
68152,2003,53.67,,
68152,2004,55.87,,
68152,2005,53.2012,,
68152,2006,52.36,,
68152,2007,52.99,,
68152,2008,60.47,,
68152,2009,59.64,,
68152,2010,62.87,,
68152,2011,60.91,,
68152,2012,57.92,,
68152,2013,62.66,,
68152,2014,59.5156,,
68152,2015,70.9501,,
68152,2016,64.86,,
68152,2017,60.9951,,
68152,2018,56.0994,,
68152,2019,61.9886,,
68152,2020,59.96,,
68160,2000,49.35,,
68160,2001,50.75,,
68160,2002,51.14,,
68160,2003,51.91,,
68160,2004,54.3,,
68160,2005,57.7911,,
68160,2006,55.38,,
68160,2007,58.12,,
68160,2008,58.41,,
68160,2009,56.12,,
68160,2010,60.37,,
68160,2011,59.43,,
68160,2012,57.17,,
68160,2013,62.94,,
68160,2014,65.5924,,
68160,2015,74.4367,,
68160,2016,65.52,,
68160,2017,59.2552,,
68160,2018,61.4638,,
68160,2019,64.3193,,
68160,2020,54.9,,
68162,2000,53.41,,
68162,2001,59.57,,
68162,2002,55.09,,
68162,2003,57.34,,
68162,2004,56.62,,
68162,2005,58.5666,,
68162,2006,57.14,,
68162,2007,60.83,,
68162,2008,57.83,,
68162,2009,57.39,,
68162,2010,69.11,,
68162,2011,72.5,,
68162,2012,63.85,,
68162,2013,65.46,,
68162,2014,69.0328,,
68162,2015,71.7235,,
68162,2016,61.7,,
68162,2017,62.5005,,
68162,2018,61.6425,,
68162,2019,66.5837,,
68162,2020,61.85,,
68167,2001,51.93,,
68167,2002,49.4,,
68167,2003,56.34,,
68167,2004,62.57,,
68167,2005,63.2066,,
68167,2006,61.72,,
68167,2007,46.24,,
68167,2008,65.96,,
68167,2009,63.03,,
68167,2010,75.9,,
68167,2011,71.76,,
68167,2012,65.81,,
68167,2013,62.29,,
68167,2014,63.1516,,
68167,2015,71.3265,,
68167,2016,67.93,,
68167,2017,67.7895,,
68167,2018,62.3907,,
68167,2019,65.8733,,
68167,2020,66.34,,
68169,2002,56.91,,
68169,2003,51.05,,
68169,2004,51.46,,
68169,2005,52.4699,,
68169,2006,53.39,,
68169,2007,54.63,,
68169,2008,56.36,,
68169,2009,56.95,,
68169,2010,56.02,,
68169,2011,57.59,,
68169,2012,61.44,,
68169,2013,59.05,,
68169,2014,58.3598,,
68169,2015,59.7374,,
68169,2016,55.66,,
68169,2017,60.3057,,
68169,2018,58.3979,,
68169,2019,66.7989,,
68169,2020,73.21,,
68176,2000,53.22,,
68176,2001,51.37,,
68176,2002,56.19,,
68176,2003,56.56,,
68176,2004,55.84,,
68176,2005,57.3986,,
68176,2006,57.79,,
68176,2007,62.27,,
68176,2008,62.94,,
68176,2009,61.7,,
68176,2010,64.05,,
68176,2011,68.3,,
68176,2012,60.26,,
68176,2013,63.25,,
68176,2014,62.6538,,
68176,2015,67.6299,,
68176,2016,66.31,,
68176,2017,67.8608,,
68176,2018,62.4716,,
68176,2019,65.1362,,
68176,2020,73.51,,
68179,2000,50.34,,
68179,2001,54.41,,
68179,2002,61.65,,
68179,2003,61.58,,
68179,2004,62.89,,
68179,2005,65.1948,,
68179,2006,59.36,,
68179,2007,64.96,,
68179,2008,67.15,,
68179,2009,61.25,,
68179,2010,66.1,,
68179,2011,67.39,,
68179,2012,65.69,,
68179,2013,67.03,,
68179,2014,69.335,,
68179,2015,69.4946,,
68179,2016,70.9,,
68179,2017,63.0465,,
68179,2018,67.0913,,
68179,2019,61.3642,,
68179,2020,66.83,,
68190,2000,62.29,,
68190,2001,64.38,,
68190,2002,64.68,,
68190,2003,63.34,,
68190,2004,69.02,,
68190,2005,61.2427,,
68190,2006,68.07,,
68190,2007,75.62,,
68190,2008,75.39,,
68190,2009,70.11,,
68190,2010,82.25,,
68190,2011,80.68,,
68190,2012,79.92,,
68190,2013,79.31,,
68190,2014,83.1961,,
68190,2015,82.4266,,
68190,2016,84.58,,
68190,2017,83.282,,
68190,2018,82.804,,
68190,2019,83.3659,,
68190,2020,81.35,,
68207,2000,54.12,,
68207,2001,53.92,,
68207,2002,57.77,,
68207,2003,54.92,,
68207,2004,56.09,,
68207,2005,57.3212,,
68207,2006,51.29,,
68207,2007,52.22,,
68207,2008,58.89,,
68207,2009,52.59,,
68207,2010,63.52,,
68207,2011,61.49,,
68207,2012,55.07,,
68207,2013,55.16,,
68207,2014,60.5572,,
68207,2015,70.8654,,
68207,2016,64.12,,
68207,2017,64.2354,,
68207,2018,62.359,,
68207,2019,63.0691,,
68207,2020,60.49,,
68209,2000,52.46,,
68209,2001,51.15,,
68209,2002,57.61,,
68209,2003,58.82,,
68209,2004,59.58,,
68209,2005,59.7305,,
68209,2006,59.74,,
68209,2007,66.95,,
68209,2008,65.08,,
68209,2009,61.57,,
68209,2010,69.38,,
68209,2011,71.83,,
68209,2012,63.96,,
68209,2013,62.03,,
68209,2014,68.7785,,
68209,2015,74.2785,,
68209,2016,64.18,,
68209,2017,62.6194,,
68209,2018,62.7257,,
68209,2019,67.2155,,
68209,2020,65.27,,
68211,2000,47.21,,
68211,2001,60.39,,
68211,2002,63.57,,
68211,2003,60.29,,
68211,2004,58.6,,
68211,2005,57.3053,,
68211,2006,56.36,,
68211,2007,60.09,,
68211,2008,62.77,,
68211,2009,59.2,,
68211,2010,66.09,,
68211,2011,71.27,,
68211,2012,64.9,,
68211,2013,66.24,,
68211,2014,63.3146,,
68211,2015,69.8184,,
68211,2016,61.8,,
68211,2017,67.5374,,
68211,2018,70.6069,,
68211,2019,66.7297,,
68211,2020,63.23,,
68217,2000,48.95,,
68217,2001,49.2,,
68217,2002,54.12,,
68217,2003,51.46,,
68217,2004,61.17,,
68217,2005,60.5008,,
68217,2006,57.77,,
68217,2007,63.18,,
68217,2008,64.54,,
68217,2009,59.15,,
68217,2010,64.53,,
68217,2011,66.51,,
68217,2012,66.1,,
68217,2013,63.96,,
68217,2014,69.6916,,
68217,2015,72.3554,,
68217,2016,63.67,,
68217,2017,63.3848,,
68217,2018,65.0026,,
68217,2019,68.5089,,
68217,2020,62.86,,
68229,2000,47.4,,
68229,2001,50.21,,
68229,2002,56.6,,
68229,2003,53.25,,
68229,2004,56.99,,
68229,2005,56.455,,
68229,2006,56.18,,
68229,2007,62.18,,
68229,2008,64.36,,
68229,2009,65.04,,
68229,2010,69.08,,
68229,2011,71.62,,
68229,2012,67.67,,
68229,2013,69.41,,
68229,2014,68.5114,,
68229,2015,72.6841,,
68229,2016,71.27,,
68229,2017,71.5408,,
68229,2018,73.2905,,
68229,2019,71.8653,,
68229,2020,70.91,,
68235,2000,49.43,,
68235,2001,52.47,,
68235,2002,55.21,,
68235,2003,65.59,,
68235,2004,54.79,,
68235,2005,57.4195,,
68235,2006,62.1,,
68235,2007,63.44,,
68235,2008,61.06,,
68235,2009,66.82,,
68235,2010,66.81,,
68235,2011,67.72,,
68235,2012,63.23,,
68235,2013,64.79,,
68235,2014,68.4691,,
68235,2015,70.2915,,
68235,2016,67.04,,
68235,2017,65.8845,,
68235,2018,69.1994,,
68235,2019,64.6386,,
68245,2000,46.93,,
68245,2001,47.35,,
68245,2002,56.33,,
68245,2003,59,,
68245,2004,18.4,,
68245,2005,58.5726,,
68245,2006,56.16,,
68245,2007,59.15,,
68245,2008,57.18,,
68245,2009,53.51,,
68245,2010,64.08,,
68245,2011,58.7,,
68245,2012,60.32,,
68245,2013,60.93,,
68245,2014,68.4415,,
68245,2015,66.6687,,
68245,2016,64.85,,
68245,2017,69.362,,
68245,2018,67.4837,,
68245,2019,63.3679,,
68245,2020,60.94,,
68250,2000,45.83,,
68250,2001,55.19,,
68250,2002,54.96,,
68250,2003,54,,
68250,2004,54.42,,
68250,2005,56.5092,,
68250,2006,56.19,,
68250,2007,62.79,,
68250,2008,59.98,,
68250,2009,58.05,,
68250,2010,60.42,,
68250,2011,63.14,,
68250,2012,59.07,,
68250,2013,62.77,,
68250,2014,67.0332,,
68250,2015,68.8893,,
68250,2016,65.84,,
68250,2017,63.9317,,
68250,2018,60.4327,,
68250,2019,63.4314,,
68250,2020,61.22,,
68255,2000,45.5,,
68255,2001,50.14,,
68255,2002,55.45,,
68255,2003,39.32,,
68255,2004,44.73,,
68255,2005,46.008,,
68255,2006,62.82,,
68255,2007,63.87,,
68255,2008,64.31,,
68255,2009,60.2,,
68255,2010,62.85,,
68255,2011,69.95,,
68255,2012,66.78,,
68255,2013,65.73,,
68255,2014,65.875,,
68255,2015,68.6551,,
68255,2016,65.92,,
68255,2017,65.445,,
68255,2018,64.6418,,
68255,2019,64.1259,,
68255,2020,68.65,,
68264,2000,49.01,,
68264,2001,52.66,,
68264,2002,57.01,,
68264,2003,44.77,,
68264,2004,63.73,,
68264,2005,58.5193,,
68264,2006,57.85,,
68264,2007,65.4,,
68264,2008,62.36,,
68264,2009,60.33,,
68264,2010,65.45,,
68264,2011,64.21,,
68264,2012,61.88,,
68264,2013,64.45,,
68264,2014,60.2164,,
68264,2015,73.6866,,
68264,2016,62.78,,
68264,2017,64.9146,,
68264,2018,65.0073,,
68264,2019,66.1857,,
68264,2020,58.47,,
68266,2000,52.61,,
68266,2001,62.35,,
68266,2002,63.81,,
68266,2003,64.21,,
68266,2004,57.79,,
68266,2005,61.0366,,
68266,2006,59.56,,
68266,2007,59.56,,
68266,2008,55.56,,
68266,2009,56.29,,
68266,2010,60.95,,
68266,2011,65.43,,
68266,2012,61.95,,
68266,2013,59.6,,
68266,2014,64.4922,,
68266,2015,64.9153,,
68266,2016,57.37,,
68266,2017,68.7179,,
68266,2018,62.9282,,
68266,2019,67.2773,,
68266,2020,61.62,,
68271,2000,72.07,,
68271,2001,63.02,,
68271,2002,67.38,,
68271,2003,57.65,,
68271,2004,65.31,,
68271,2005,64.8884,,
68271,2006,68.09,,
68271,2007,75.31,,
68271,2008,70.71,,
68271,2009,68.26,,
68271,2010,75.21,,
68271,2011,77.3,,
68271,2012,78.06,,
68271,2013,79.18,,
68271,2014,81.0153,,
68271,2015,83.7786,,
68271,2016,81.58,,
68271,2017,82.5192,,
68271,2018,81.8525,,
68271,2019,82.1042,,
68271,2020,81.13,,
68276,2000,55.25,,
68276,2001,56.37,,
68276,2002,65.16,,
68276,2003,66.04,,
68276,2004,68.53,,
68276,2005,67.0439,,
68276,2006,64.8,,
68276,2007,67.51,,
68276,2008,69.6,,
68276,2009,64.63,,
68276,2010,79.76,,
68276,2011,74.88,,
68276,2012,76.18,,
68276,2013,79.74,,
68276,2014,81.0092,,
68276,2015,81.8102,,
68276,2016,80.08,,
68276,2017,80.2648,,
68276,2018,81.7698,,
68276,2019,80.3083,,
68276,2020,81.15,,
68296,2000,52,,
68296,2001,51.55,,
68296,2002,54.78,,
68296,2003,56.43,,
68296,2004,57.06,,
68296,2005,54.7386,,
68296,2006,59.01,,
68296,2007,72.25,,
68296,2008,66.87,,
68296,2009,58.89,,
68296,2010,65.55,,
68296,2011,66.52,,
68296,2012,63.75,,
68296,2013,62.09,,
68296,2014,63.6516,,
68296,2015,66.5232,,
68296,2016,63.08,,
68296,2017,66.2394,,
68296,2018,62.1828,,
68296,2019,72.1832,,
68296,2020,65.91,,
68298,2000,52.08,,
68298,2001,53.69,,
68298,2002,52.15,,
68298,2003,56.79,,
68298,2004,59,,
68298,2005,61.889,,
68298,2006,56.68,,
68298,2007,56.49,,
68298,2008,55.53,,
68298,2009,57.08,,
68298,2010,54.62,,
68298,2011,62.95,,
68298,2012,53.57,,
68298,2013,59.46,,
68298,2014,60.4733,,
68298,2015,68.9709,,
68298,2016,53.13,,
68298,2017,59.0785,,
68298,2018,57.761,,
68298,2019,62.089,,
68298,2020,60.97,,
68307,2000,58.8,,
68307,2001,68.44,,
68307,2002,66.16,,
68307,2003,66.24,,
68307,2004,66.56,,
68307,2005,65.0282,,
68307,2006,68.06,,
68307,2007,72.23,,
68307,2008,69.37,,
68307,2009,66.76,,
68307,2010,85.89,,
68307,2011,80.53,,
68307,2012,79.68,,
68307,2013,78.72,,
68307,2014,78.3426,,
68307,2015,79.857,,
68307,2016,78.53,,
68307,2017,82.0355,,
68307,2018,78.903,,
68307,2019,76.5787,,
68307,2020,71.37,,
68318,2001,54.98,,
68318,2002,53.29,,
68318,2003,54.61,,
68318,2004,55.13,,
68318,2005,54.6637,,
68318,2006,55.27,,
68318,2007,43.35,,
68318,2008,54.6,,
68318,2009,50.25,,
68318,2010,61.52,,
68318,2011,61.55,,
68318,2012,60.19,,
68318,2013,55.5,,
68318,2014,57.8011,,
68318,2015,61.8498,,
68318,2016,57.03,,
68318,2017,61.6417,,
68318,2018,61.7111,,
68318,2019,61.0897,,
68318,2020,59.79,,
68320,2000,56.09,,
68320,2001,53.08,,
68320,2002,55.44,,
68320,2003,52.72,,
68320,2004,61.61,,
68320,2005,59.7201,,
68320,2006,60.51,,
68320,2007,66.68,,
68320,2008,67.97,,
68320,2009,64,,
68320,2010,67.97,,
68320,2011,72.89,,
68320,2012,79.66,,
68320,2013,65.91,,
68320,2014,63.689,,
68320,2015,68.6991,,
68320,2016,65.79,,
68320,2017,68.3827,,
68320,2018,66.7331,,
68320,2019,67.5491,,
68320,2020,69.19,,
68322,2000,50,,
68322,2002,58.7,,
68322,2003,53.89,,
68322,2004,57.22,,
68322,2005,58.3359,,
68322,2006,60.92,,
68322,2007,63.16,,
68322,2008,55.14,,
68322,2009,54.92,,
68322,2010,61.56,,
68322,2011,62.49,,
68322,2012,67.69,,
68322,2013,61.96,,
68322,2014,67.6131,,
68322,2015,75.478,,
68322,2016,63.75,,
68322,2017,67.5574,,
68322,2018,67.3658,,
68322,2019,68.1646,,
68322,2020,67.22,,
68324,2000,57.24,,
68324,2001,58.72,,
68324,2002,60.83,,
68324,2003,60.02,,
68324,2004,62.23,,
68324,2005,55.929,,
68324,2006,57.13,,
68324,2007,60.41,,
68324,2008,51.74,,
68324,2009,55.18,,
68324,2010,55.92,,
68324,2011,69.45,,
68324,2012,70.34,,
68324,2013,73.65,,
68324,2014,70.2674,,
68324,2015,67.3677,,
68324,2016,60.94,,
68324,2017,62.7254,,
68324,2018,62.6022,,
68324,2019,67.4827,,
68324,2020,63.63,,
68327,2000,47.4,,
68327,2001,56.99,,
68327,2002,56.96,,
68327,2003,55.9,,
68327,2004,57.4,,
68327,2005,62.5603,,
68327,2006,59.69,,
68327,2007,58.08,,
68327,2008,49.74,,
68327,2009,55.44,,
68327,2010,65.29,,
68327,2011,78.2,,
68327,2012,69.84,,
68327,2013,69.78,,
68327,2014,68.6415,,
68327,2015,65.5125,,
68327,2016,70.28,,
68327,2017,69.1365,,
68327,2018,66.0574,,
68327,2019,68.332,,
68327,2020,63.5,,
68344,2000,50.13,,
68344,2001,49.02,,
68344,2002,51.98,,
68344,2003,57.58,,
68344,2004,59.09,,
68344,2005,58.5386,,
68344,2006,57.81,,
68344,2007,63.94,,
68344,2008,64.47,,
68344,2009,62.37,,
68344,2010,64.47,,
68344,2011,61.82,,
68344,2012,61.76,,
68344,2013,63.65,,
68344,2014,70.5666,,
68344,2015,74.2448,,
68344,2016,62.34,,
68344,2017,66.3923,,
68344,2018,64.5555,,
68344,2019,63.4075,,
68344,2020,62.21,,
68368,2000,65.99,,
68368,2001,60.27,,
68368,2002,49.87,,
68368,2003,58.93,,
68368,2004,54.59,,
68368,2005,59.0128,,
68368,2006,64.44,,
68368,2007,62.04,,
68368,2008,70.12,,
68368,2009,64.53,,
68368,2010,74.36,,
68368,2011,61.15,,
68368,2012,62.5,,
68368,2013,72.55,,
68368,2014,75.4034,,
68368,2015,80.8669,,
68368,2016,77.52,,
68368,2017,83.1154,,
68368,2018,79.615,,
68368,2019,81.4672,,
68368,2020,77.18,,
68370,2000,53.61,,
68370,2001,50.29,,
68370,2002,53.32,,
68370,2003,53.9,,
68370,2004,55.24,,
68370,2005,53.874,,
68370,2006,54.66,,
68370,2007,57.89,,
68370,2008,63.62,,
68370,2009,57.91,,
68370,2010,60.21,,
68370,2011,64.95,,
68370,2012,64.01,,
68370,2013,60.39,,
68370,2014,55.1871,,
68370,2015,65.7106,,
68370,2016,62.88,,
68370,2017,58.846,,
68370,2018,63.1102,,
68370,2019,67.4708,,
68370,2020,57.18,,
68377,2000,52.84,,
68377,2001,62.4,,
68377,2002,61.91,,
68377,2003,63.83,,
68377,2004,58.7,,
68377,2005,60.4503,,
68377,2006,61.29,,
68377,2007,67.65,,
68377,2008,66.11,,
68377,2009,62.84,,
68377,2010,64.94,,
68377,2011,70.37,,
68377,2012,70.25,,
68377,2013,73.84,,
68377,2014,73.9096,,
68377,2015,84.1616,,
68377,2016,75.58,,
68377,2017,73.9654,,
68377,2018,75.9249,,
68377,2019,79.1335,,
68377,2020,75.75,,
68385,2000,47.4,,
68385,2002,49.51,,
68385,2003,57.47,,
68385,2004,61.23,,
68385,2005,64.0398,,
68385,2006,63.31,,
68385,2007,31.55,,
68385,2008,60.09,,
68385,2009,56.26,,
68385,2010,62.08,,
68385,2011,69.87,,
68385,2012,66.17,,
68385,2013,72.8,,
68385,2014,75.6546,,
68385,2015,71.0541,,
68385,2016,62.85,,
68385,2017,72.5071,,
68385,2018,74.0478,,
68385,2019,71.7078,,
68385,2020,65.24,,
68397,2000,51.27,,
68397,2001,53.78,,
68397,2002,61.98,,
68397,2003,57.16,,
68397,2004,57.82,,
68397,2005,52.2898,,
68397,2006,56.81,,
68397,2007,63.97,,
68397,2008,58.53,,
68397,2009,58.17,,
68397,2010,64.48,,
68397,2011,64.75,,
68397,2012,60.42,,
68397,2013,65.43,,
68397,2014,64.583,,
68397,2015,61.8996,,
68397,2016,63.86,,
68397,2017,68.3174,,
68397,2018,68.2319,,
68397,2019,66.5568,,
68397,2020,64.14,,
68406,2000,61.65,,
68406,2001,62.44,,
68406,2002,66.19,,
68406,2003,63.61,,
68406,2004,63,,
68406,2005,65.7497,,
68406,2006,69.88,,
68406,2007,70.87,,
68406,2008,70.42,,
68406,2009,68.23,,
68406,2010,80.56,,
68406,2011,78.51,,
68406,2012,75.5,,
68406,2013,78.2,,
68406,2014,77.1884,,
68406,2015,83.5216,,
68406,2016,75.98,,
68406,2017,80.4398,,
68406,2018,78.4548,,
68406,2019,79.8526,,
68406,2020,80.46,,
68418,2000,52.88,,
68418,2001,52.63,,
68418,2002,58.28,,
68418,2003,52.58,,
68418,2004,57.7,,
68418,2005,56.0889,,
68418,2006,60.36,,
68418,2007,64.25,,
68418,2008,59.18,,
68418,2009,63.87,,
68418,2010,74.11,,
68418,2011,75.63,,
68418,2012,72.26,,
68418,2013,76.32,,
68418,2014,77.5747,,
68418,2015,76.4875,,
68418,2016,75.23,,
68418,2017,77.9153,,
68418,2018,77.198,,
68418,2019,79.4981,,
68418,2020,76.97,,
68425,2000,53.86,,
68425,2002,45.88,,
68425,2003,50.85,,
68425,2004,59.81,,
68425,2005,52.4966,,
68425,2006,53.45,,
68425,2007,64.41,,
68425,2008,60.58,,
68425,2009,53.11,,
68425,2010,58.69,,
68425,2011,63.86,,
68425,2012,55.79,,
68425,2013,59.4,,
68425,2014,61.9256,,
68425,2015,63.3531,,
68425,2016,54.93,,
68425,2017,64.386,,
68425,2018,67.7062,,
68425,2019,65.7403,,
68425,2020,57.25,,
68432,2000,48.29,,
68432,2001,51.42,,
68432,2002,53.34,,
68432,2003,48.84,,
68432,2004,49.78,,
68432,2005,57.1169,,
68432,2006,57.27,,
68432,2007,58.46,,
68432,2008,61.38,,
68432,2009,63.96,,
68432,2010,71.87,,
68432,2011,75.58,,
68432,2012,76.78,,
68432,2013,73.06,,
68432,2014,72.0297,,
68432,2015,72.4021,,
68432,2016,71.87,,
68432,2017,72.4096,,
68432,2018,72.1699,,
68432,2019,72.517,,
68432,2020,71.06,,
68444,2000,50.86,,
68444,2001,50.52,,
68444,2002,52.42,,
68444,2003,52.05,,
68444,2004,52.01,,
68444,2005,57.0135,,
68444,2006,58.79,,
68444,2007,65.58,,
68444,2008,55.38,,
68444,2009,54.95,,
68444,2010,62.25,,
68444,2011,65.17,,
68444,2012,61.56,,
68444,2013,64.31,,
68444,2014,64.0197,,
68444,2015,68.2455,,
68444,2016,58.62,,
68444,2017,64.874,,
68444,2018,63.2675,,
68444,2019,70.1402,,
68444,2020,68.33,,
68464,2000,49.41,,
68464,2002,57.63,,
68464,2003,56.25,,
68464,2004,57.55,,
68464,2005,58.0217,,
68464,2006,58.48,,
68464,2007,61.03,,
68464,2008,61.3,,
68464,2009,61.76,,
68464,2010,68.89,,
68464,2011,67.89,,
68464,2012,64.41,,
68464,2013,65.1,,
68464,2014,66.4227,,
68464,2015,68.8841,,
68464,2016,63.18,,
68464,2017,68.8974,,
68464,2018,69.2221,,
68464,2019,69.1136,,
68464,2020,67.22,,
68468,2000,55.32,,
68468,2001,54.33,,
68468,2002,51.31,,
68468,2003,60.9,,
68468,2004,55.93,,
68468,2005,57.0095,,
68468,2006,55.73,,
68468,2007,58.51,,
68468,2008,55.02,,
68468,2009,56.66,,
68468,2010,67.39,,
68468,2011,66.66,,
68468,2012,69.04,,
68468,2013,62.35,,
68468,2014,62.1321,,
68468,2015,67.9634,,
68468,2016,62.52,,
68468,2017,60.4894,,
68468,2018,59.0229,,
68468,2019,63.7408,,
68468,2020,62.31,,
68498,2000,49.04,,
68498,2001,55.61,,
68498,2002,56.58,,
68498,2003,55.55,,
68498,2004,59.95,,
68498,2005,62.0023,,
68498,2006,55.27,,
68498,2007,58.65,,
68498,2008,53.15,,
68498,2009,55.89,,
68498,2010,62.16,,
68498,2011,66.98,,
68498,2012,65.68,,
68498,2013,62.12,,
68498,2014,71.5787,,
68498,2015,75.289,,
68498,2016,66.36,,
68498,2017,67.2062,,
68498,2018,67.6702,,
68498,2019,67.8655,,
68498,2020,67.04,,
68500,2000,49.5,,
68500,2001,59.81,,
68500,2002,61.36,,
68500,2003,57.75,,
68500,2004,60.97,,
68500,2005,66.1856,,
68500,2006,66.66,,
68500,2007,69.46,,
68500,2008,70.23,,
68500,2009,66.16,,
68500,2010,76.06,,
68500,2011,73.49,,
68500,2012,70.27,,
68500,2013,69.87,,
68500,2014,68.8034,,
68500,2015,74.4874,,
68500,2016,69.13,,
68500,2017,71.5705,,
68500,2018,69.321,,
68500,2019,72.2953,,
68500,2020,67.23,,
68502,2000,53.13,,
68502,2001,54.87,,
68502,2002,55.68,,
68502,2003,51.67,,
68502,2004,49.34,,
68502,2005,56.6425,,
68502,2006,53.18,,
68502,2007,65.02,,
68502,2008,57.38,,
68502,2009,55.02,,
68502,2010,57.31,,
68502,2011,61.19,,
68502,2012,52.79,,
68502,2013,55.73,,
68502,2014,63.7549,,
68502,2015,64.603,,
68502,2016,58.18,,
68502,2017,61.053,,
68502,2018,60.0025,,
68502,2019,59.9228,,
68522,2000,59.16,,
68522,2001,54.76,,
68522,2002,61.64,,
68522,2003,61.53,,
68522,2004,60.8,,
68522,2005,59.6589,,
68522,2006,57.09,,
68522,2007,62.53,,
68522,2008,63.63,,
68522,2009,59.1,,
68522,2010,64.96,,
68522,2011,66.59,,
68522,2012,63.58,,
68522,2013,61.98,,
68522,2014,65.6416,,
68522,2015,72.3245,,
68522,2016,59.3,,
68522,2017,65.1349,,
68522,2018,62.7562,,
68522,2019,65.3642,,
68522,2020,62.9,,
68524,2000,48.98,,
68524,2001,51.17,,
68524,2002,56.37,,
68524,2003,54.26,,
68524,2004,53.3,,
68524,2005,53.7249,,
68524,2006,56.98,,
68524,2007,60.82,,
68524,2008,58.76,,
68524,2009,63.2,,
68524,2010,65.36,,
68524,2011,71,,
68524,2012,63.94,,
68524,2013,60.94,,
68524,2014,65.3717,,
68524,2015,75.1592,,
68524,2016,65.75,,
68524,2017,67.0847,,
68524,2018,61.5391,,
68524,2019,63.805,,
68524,2020,59.93,,
68533,2000,59.51,,
68533,2001,59.99,,
68533,2002,65.52,,
68533,2003,57.57,,
68533,2004,60.73,,
68533,2005,64.3885,,
68533,2006,61.83,,
68533,2007,69.45,,
68533,2008,66.69,,
68533,2009,61.89,,
68533,2010,73.33,,
68533,2011,69.85,,
68533,2012,67.56,,
68533,2013,65.92,,
68533,2014,71.4199,,
68533,2015,72.2504,,
68533,2016,69.97,,
68533,2017,69.3563,,
68533,2018,68.6836,,
68533,2019,67.6496,,
68533,2020,65.05,,
68547,2000,50.31,,
68547,2001,54.44,,
68547,2002,57.68,,
68547,2003,59.18,,
68547,2004,63.28,,
68547,2005,66.2587,,
68547,2006,68.44,,
68547,2007,77.94,,
68547,2008,71.24,,
68547,2009,76.53,,
68547,2010,87.6,,
68547,2011,81.3,,
68547,2012,77.75,,
68547,2013,80.52,,
68547,2014,80.1715,,
68547,2015,82.0007,,
68547,2016,76.12,,
68547,2017,74.3758,,
68547,2018,73.7588,,
68547,2019,73.6424,,
68547,2020,75.88,,
68549,2000,56.08,,
68549,2001,60.64,,
68549,2002,56.41,,
68549,2003,61.38,,
68549,2004,62.39,,
68549,2005,61.7623,,
68549,2006,61.77,,
68549,2007,65.11,,
68549,2008,59.81,,
68549,2009,62.72,,
68549,2010,72.23,,
68549,2011,74.07,,
68549,2012,75,,
68549,2013,75.3,,
68549,2014,75.6129,,
68549,2015,78.5379,,
68549,2016,72.82,,
68549,2017,74.8929,,
68549,2018,80.5376,,
68549,2019,78.69,,
68549,2020,75.26,,
68572,2000,64.23,,
68572,2001,65.27,,
68572,2002,51.02,,
68572,2003,56.12,,
68572,2004,52.53,,
68572,2005,56.5039,,
68572,2006,60.02,,
68572,2007,53.84,,
68572,2008,56.16,,
68572,2009,64.63,,
68572,2010,75.57,,
68572,2011,75.36,,
68572,2012,73.62,,
68572,2013,71.87,,
68572,2014,73.6792,,
68572,2015,75.0846,,
68572,2016,83.16,,
68572,2017,83.1151,,
68572,2018,81.7616,,
68572,2019,84.0696,,
68572,2020,81.91,,
68573,2001,67.11,,
68573,2003,61.43,,
68573,2004,69.2,,
68573,2005,64.3995,,
68573,2006,66.1,,
68573,2007,75.43,,
68573,2008,71.17,,
68573,2009,68.88,,
68573,2010,74.75,,
68573,2011,79.16,,
68573,2012,74.69,,
68573,2013,76.19,,
68573,2014,78.7282,,
68573,2015,77.9777,,
68573,2016,73.61,,
68573,2017,70.7392,,
68573,2018,73.7568,,
68573,2019,73.1168,,
68573,2020,75.69,,
68575,2000,50.29,,
68575,2001,51.4,,
68575,2002,57.03,,
68575,2003,58.48,,
68575,2004,63.82,,
68575,2005,61.4782,,
68575,2006,64.69,,
68575,2007,63.02,,
68575,2008,64.83,,
68575,2009,63.33,,
68575,2010,73.26,,
68575,2011,77.05,,
68575,2012,70.28,,
68575,2013,77.89,,
68575,2014,74.862,,
68575,2015,75.0658,,
68575,2016,74.04,,
68575,2017,74.8738,,
68575,2018,71.6022,,
68575,2019,73.8771,,
68575,2020,73.1,,
68615,2000,52.13,,
68615,2001,55.7,,
68615,2002,59.03,,
68615,2003,52.73,,
68615,2004,56.5,,
68615,2005,58.1691,,
68615,2006,62.75,,
68615,2007,68.42,,
68615,2008,63.97,,
68615,2009,63.1,,
68615,2010,73.1,,
68615,2011,75.55,,
68615,2012,74.42,,
68615,2013,72.56,,
68615,2014,74.317,,
68615,2015,77.4536,,
68615,2016,75.18,,
68615,2017,77.057,,
68615,2018,66.7265,,
68615,2019,72.3424,,
68615,2020,71.62,,
68655,2000,53.89,,
68655,2003,48.44,,
68655,2004,48.29,,
68655,2005,69.7526,,
68655,2006,70.84,,
68655,2007,75.42,,
68655,2008,77.1,,
68655,2009,64.66,,
68655,2010,79.96,,
68655,2011,76.15,,
68655,2012,70.59,,
68655,2013,74.51,,
68655,2014,72.4594,,
68655,2015,74.2809,,
68655,2016,57.16,,
68655,2017,60.8583,,
68655,2018,62.575,,
68655,2019,75.2535,,
68655,2020,69.51,,
68669,2000,51.1,,
68669,2001,52.71,,
68669,2002,56.72,,
68669,2003,56.84,,
68669,2004,59.3,,
68669,2005,59.2964,,
68669,2006,61.03,,
68669,2007,66.41,,
68669,2008,65.92,,
68669,2009,67.59,,
68669,2010,79.5,,
68669,2011,65.39,,
68669,2012,63.28,,
68669,2013,66.36,,
68669,2014,64.043,,
68669,2015,71.6291,,
68669,2016,63.9,,
68669,2017,64.0568,,
68669,2018,65.21,,
68669,2019,69.873,,
68669,2020,63.81,,
68673,2000,56.82,,
68673,2001,52.85,,
68673,2002,63.66,,
68673,2003,55.17,,
68673,2004,55.76,,
68673,2005,57.0064,,
68673,2006,55.63,,
68673,2007,58.06,,
68673,2008,58.55,,
68673,2009,56.98,,
68673,2010,63.81,,
68673,2011,65.82,,
68673,2012,59.53,,
68673,2013,62.35,,
68673,2014,70.0899,,
68673,2015,73.4953,,
68673,2016,73.33,,
68673,2017,64.8233,,
68673,2018,61.3209,,
68673,2019,62.5065,,
68673,2020,58.56,,
68679,2000,49.07,,
68679,2001,51.84,,
68679,2002,61.17,,
68679,2003,58.74,,
68679,2004,70.28,,
68679,2005,74.0881,,
68679,2006,74.17,,
68679,2007,79.65,,
68679,2008,78.59,,
68679,2009,73.5,,
68679,2010,84.5,,
68679,2011,82.24,,
68679,2012,79.94,,
68679,2013,83.64,,
68679,2014,81.5348,,
68679,2015,81.3342,,
68679,2016,78.42,,
68679,2017,78.2437,,
68679,2018,78.5094,,
68679,2019,76.8476,,
68679,2020,77.13,,
68682,2000,49.3,,
68682,2001,49.28,,
68682,2002,51.68,,
68682,2003,56.17,,
68682,2004,53.23,,
68682,2005,56.1903,,
68682,2006,55.44,,
68682,2007,55.84,,
68682,2008,56.36,,
68682,2009,52.26,,
68682,2010,59.77,,
68682,2011,54.87,,
68682,2012,57.84,,
68682,2013,59.07,,
68682,2014,60.0884,,
68682,2015,66.7085,,
68682,2016,54.76,,
68682,2017,65.3375,,
68682,2018,60.5723,,
68682,2019,61.8302,,
68682,2020,57.04,,
68684,2000,49.55,,
68684,2001,50.58,,
68684,2002,58.98,,
68684,2003,50.21,,
68684,2004,56.76,,
68684,2005,61.5513,,
68684,2006,60.81,,
68684,2007,59.71,,
68684,2008,59.48,,
68684,2009,59.01,,
68684,2010,60.72,,
68684,2011,64.93,,
68684,2012,59.8,,
68684,2013,60.93,,
68684,2014,65.2463,,
68684,2015,70.7915,,
68684,2016,64.96,,
68684,2017,68.9047,,
68684,2018,59.416,,
68684,2019,69.0849,,
68684,2020,61.11,,
68686,2000,50.21,,
68686,2001,58.92,,
68686,2002,59.17,,
68686,2003,55.91,,
68686,2004,53.54,,
68686,2005,55.4013,,
68686,2006,53.84,,
68686,2007,61.05,,
68686,2008,55.78,,
68686,2009,54.11,,
68686,2010,62.58,,
68686,2011,61.99,,
68686,2012,62.12,,
68686,2013,61.56,,
68686,2014,64.0736,,
68686,2015,68.7181,,
68686,2016,67.08,,
68686,2017,62.7127,,
68686,2018,61.9843,,
68686,2019,62.2753,,
68686,2020,59,,
68689,2000,53.76,,
68689,2001,57.95,,
68689,2002,57.04,,
68689,2003,60.58,,
68689,2004,65.92,,
68689,2005,66.7349,,
68689,2006,72.34,,
68689,2007,76.03,,
68689,2008,74.7,,
68689,2009,62.33,,
68689,2010,68.25,,
68689,2011,69.44,,
68689,2012,63.1,,
68689,2013,77.03,,
68689,2014,76.7501,,
68689,2015,76.4789,,
68689,2016,76.29,,
68689,2017,72.185,,
68689,2018,76.0214,,
68689,2019,76.9056,,
68689,2020,74.81,,
68705,2002,55.39,,
68705,2003,58.43,,
68705,2004,59.44,,
68705,2005,59.0467,,
68705,2006,60.49,,
68705,2007,52.94,,
68705,2008,52.11,,
68705,2009,56.73,,
68705,2010,59.13,,
68705,2011,62.34,,
68705,2012,61.92,,
68705,2013,62.06,,
68705,2014,69.1923,,
68705,2015,69.8362,,
68705,2016,62.06,,
68705,2017,65.1828,,
68705,2018,62.4262,,
68705,2019,64.5247,,
68705,2020,60.36,,
68720,2001,50.53,,
68720,2003,46.05,,
68720,2004,59.21,,
68720,2005,54.2692,,
68720,2006,52.2,,
68720,2007,52.26,,
68720,2008,62.87,,
68720,2009,59.29,,
68720,2010,61.03,,
68720,2011,61.35,,
68720,2012,52.64,,
68720,2013,54.76,,
68720,2014,67.4859,,
68720,2015,69.6799,,
68720,2016,63.33,,
68720,2017,61.3838,,
68720,2018,65.7276,,
68720,2019,62.3423,,
68720,2020,65.07,,
68745,2000,58.81,,
68745,2001,62.93,,
68745,2002,57.25,,
68745,2003,57.24,,
68745,2004,53.39,,
68745,2005,59.5995,,
68745,2006,58.61,,
68745,2007,59.56,,
68745,2008,62.52,,
68745,2009,63.24,,
68745,2010,67.35,,
68745,2011,70.69,,
68745,2012,69.75,,
68745,2013,72.89,,
68745,2014,73.3286,,
68745,2015,80.8809,,
68745,2016,72.16,,
68745,2017,71.7548,,
68745,2018,72.1235,,
68745,2019,72.9675,,
68745,2020,71.05,,
68755,2000,52.3,,
68755,2001,61.15,,
68755,2002,68.59,,
68755,2003,68.71,,
68755,2004,68.22,,
68755,2005,72.1262,,
68755,2006,72.27,,
68755,2007,77.75,,
68755,2008,75.86,,
68755,2009,71.14,,
68755,2010,84.35,,
68755,2011,77.64,,
68755,2012,72.28,,
68755,2013,76.77,,
68755,2014,79.9967,,
68755,2015,79.3366,,
68755,2016,78.97,,
68755,2017,76.3947,,
68755,2018,79.5275,,
68755,2019,78.1498,,
68755,2020,77.19,,
68770,2000,52.16,,
68770,2001,54.22,,
68770,2002,61.93,,
68770,2003,57.93,,
68770,2004,63.11,,
68770,2005,61.6979,,
68770,2006,61.96,,
68770,2007,69.3,,
68770,2008,58.7,,
68770,2009,56.56,,
68770,2010,71.5,,
68770,2011,71.51,,
68770,2012,62.9,,
68770,2013,67.65,,
68770,2014,63.6428,,
68770,2015,65.2619,,
68770,2016,63.15,,
68770,2017,66.1534,,
68770,2018,67.3537,,
68770,2019,68.2355,,
68770,2020,64.52,,
68773,2000,47.85,,
68773,2001,51.59,,
68773,2002,50.39,,
68773,2003,49.85,,
68773,2004,52.6,,
68773,2005,55.9732,,
68773,2006,57.65,,
68773,2007,52.69,,
68773,2008,58.08,,
68773,2009,59.06,,
68773,2010,61.08,,
68773,2011,66.01,,
68773,2012,58.83,,
68773,2013,64.86,,
68773,2014,64.2168,,
68773,2015,65.0354,,
68773,2016,64.59,,
68773,2017,71.7697,,
68773,2018,65.5473,,
68773,2019,63.8394,,
68773,2020,62.32,,
68780,2000,48.14,,
68780,2001,52.1,,
68780,2002,53.33,,
68780,2003,52.52,,
68780,2004,54.16,,
68780,2005,52.8558,,
68780,2006,59.69,,
68780,2007,66.79,,
68780,2008,62.38,,
68780,2009,56.34,,
68780,2010,61.68,,
68780,2011,62.37,,
68780,2012,60.38,,
68780,2013,65.4,,
68780,2014,62.0496,,
68780,2015,69.688,,
68780,2016,62.52,,
68780,2017,63.3938,,
68780,2018,68.8468,,
68780,2019,68.2644,,
68780,2020,61.8,,
68820,2000,52.54,,
68820,2001,56.28,,
68820,2002,62.41,,
68820,2003,51.08,,
68820,2004,31.04,,
68820,2005,29.5744,,
68820,2006,56.79,,
68820,2007,57.14,,
68820,2008,56.62,,
68820,2009,61.11,,
68820,2010,67.93,,
68820,2011,71.01,,
68820,2012,70.83,,
68820,2013,66.47,,
68820,2014,73.7924,,
68820,2015,76.6427,,
68820,2016,72.12,,
68820,2017,76.0253,,
68820,2018,73.917,,
68820,2019,75.6099,,
68820,2020,58.04,,
68855,2000,60.1,,
68855,2001,55.03,,
68855,2002,61.14,,
68855,2003,57.19,,
68855,2004,61.75,,
68855,2005,62.5062,,
68855,2006,59.85,,
68855,2007,61.47,,
68855,2008,64.08,,
68855,2009,55.67,,
68855,2010,61.32,,
68855,2011,64.46,,
68855,2012,65.98,,
68855,2013,63.54,,
68855,2014,66.799,,
68855,2015,67.5258,,
68855,2016,67.81,,
68855,2017,70.3528,,
68855,2018,67.1162,,
68855,2019,69.5882,,
68855,2020,67.03,,
68861,2000,52.93,,
68861,2001,59.29,,
68861,2002,60.12,,
68861,2003,65.7,,
68861,2004,51.49,,
68861,2005,59.3977,,
68861,2006,59.73,,
68861,2007,65.14,,
68861,2008,64.9,,
68861,2009,60.78,,
68861,2010,67.12,,
68861,2011,71.37,,
68861,2012,73.82,,
68861,2013,72.72,,
68861,2014,72.0548,,
68861,2015,68.7314,,
68861,2016,69.06,,
68861,2017,71.8947,,
68861,2018,69.7042,,
68861,2019,65.3981,,
68861,2020,68.91,,
68867,2000,50.02,,
68867,2001,49.02,,
68867,2002,56.85,,
68867,2003,52.72,,
68867,2004,59.97,,
68867,2005,58.8695,,
68867,2006,62.29,,
68867,2007,63.34,,
68867,2008,53.71,,
68867,2009,54.51,,
68867,2010,61.09,,
68867,2011,62.64,,
68867,2012,65.83,,
68867,2013,66.45,,
68867,2014,63.8176,,
68867,2015,67.5123,,
68867,2016,60.91,,
68867,2017,60.1561,,
68867,2018,60.9938,,
68867,2019,64.5632,,
68867,2020,57.96,,
68872,2000,53.21,,
68872,2001,53.1,,
68872,2002,56.74,,
68872,2003,55.17,,
68872,2004,56.07,,
68872,2005,55.9772,,
68872,2006,55.46,,
68872,2007,55.16,,
68872,2008,59.5,,
68872,2009,57.28,,
68872,2010,66.04,,
68872,2011,72.31,,
68872,2012,65.55,,
68872,2013,67.04,,
68872,2014,69.3679,,
68872,2015,76.6123,,
68872,2016,74.97,,
68872,2017,70.8671,,
68872,2018,68.6849,,
68872,2019,70.0015,,
68872,2020,64.64,,
68895,2000,49.78,,
68895,2001,55.9,,
68895,2002,52.68,,
68895,2003,59.83,,
68895,2004,58.38,,
68895,2005,58.8464,,
68895,2006,61.07,,
68895,2007,47.33,,
68895,2008,66.34,,
68895,2009,60.62,,
68895,2010,76.2,,
68895,2011,73.35,,
68895,2012,66.6,,
68895,2013,65.91,,
68895,2014,64.141,,
68895,2015,70.7356,,
68895,2016,71.32,,
68895,2017,70.3013,,
68895,2018,72.5005,,
68895,2019,70.6715,,
68895,2020,69.19,,
70001,2000,49.69,,
70001,2001,51.62,,
70001,2002,57.85,,
70001,2003,60.15,,
70001,2004,64.38,,
70001,2005,65.31,,
70001,2006,66.48,,
70001,2007,71.85,,
70001,2008,70.53,,
70001,2009,63.88,,
70001,2010,83.24,,
70001,2011,77.94,,
70001,2012,76.84,,
70001,2013,81.46,,
70001,2014,76.2871,,
70001,2015,77.5247,,
70001,2016,77.55,,
70001,2017,76.8926,,
70001,2018,77.2287,,
70001,2019,76.9521,,
70001,2020,73.76,,
70110,2000,53.47,,
70110,2002,55.93,,
70110,2003,55.71,,
70110,2004,50.43,,
70110,2005,51.5203,,
70110,2006,58.11,,
70110,2007,59.89,,
70110,2008,59.36,,
70110,2009,54.67,,
70110,2010,56.86,,
70110,2011,54.27,,
70110,2012,61.3,,
70110,2013,66.9,,
70110,2014,69.2041,,
70110,2015,66.1837,,
70110,2016,48.67,,
70110,2017,68.1051,,
70110,2018,65.5359,,
70110,2019,62.9754,,
70110,2020,66.49,,
70124,2003,50.99,,
70124,2004,54.29,,
70124,2005,55.3752,,
70124,2007,59.67,,
70124,2008,56.9,,
70124,2009,57.77,,
70124,2010,59.48,,
70124,2011,61.29,,
70124,2012,66.35,,
70124,2013,67.65,,
70124,2014,65.0562,,
70124,2015,69.3066,,
70124,2016,56.91,,
70124,2017,61.1566,,
70124,2018,59.2083,,
70124,2019,59.4222,,
70124,2020,62.09,,
70204,2000,49.91,,
70204,2001,52.05,,
70204,2002,52.16,,
70204,2003,53.98,,
70204,2005,49.2588,,
70204,2006,55.02,,
70204,2007,53.66,,
70204,2008,64.77,,
70204,2009,56.46,,
70204,2010,57.78,,
70204,2011,60.91,,
70204,2012,62.04,,
70204,2013,61.56,,
70204,2014,65.5088,,
70204,2015,66.353,,
70204,2016,61.56,,
70204,2017,65.7943,,
70204,2018,55.4376,,
70204,2019,46.556,,
70204,2020,62.37,,
70215,2002,53.23,,
70215,2003,51.47,,
70215,2004,53.06,,
70215,2005,49.8228,,
70215,2006,53.66,,
70215,2007,49.86,,
70215,2008,53.5,,
70215,2009,51.89,,
70215,2010,47.97,,
70215,2011,51.56,,
70215,2012,72.86,,
70215,2013,70.94,,
70215,2014,71.8888,,
70215,2015,73.9803,,
70215,2016,71.73,,
70215,2017,69.1441,,
70215,2018,75.109,,
70215,2019,71.1692,,
70215,2020,70.04,,
70221,2002,49,,
70221,2004,77.27,,
70221,2005,34.2033,,
70221,2007,54.76,,
70221,2008,62.26,,
70221,2009,54.95,,
70221,2010,52.36,,
70221,2011,60.98,,
70221,2012,50.57,,
70221,2013,77.32,,
70221,2014,77.1339,,
70221,2015,49.4399,,
70221,2016,79.83,,
70221,2017,80.0988,,
70221,2018,80.2064,,
70221,2019,80.0891,,
70221,2020,83.78,,
70230,2001,48.33,,
70230,2004,61.42,,
70230,2005,56.7575,,
70230,2007,53.05,,
70230,2008,57.47,,
70230,2009,53.36,,
70230,2010,0,,
70230,2011,0,,
70230,2012,51.11,,
70230,2013,62.18,,
70230,2014,58.8961,,
70230,2015,64.3464,,
70230,2016,57.77,,
70230,2017,58.6494,,
70230,2018,56.2046,,
70230,2019,55.6462,,
70230,2020,49.65,,
70233,2002,53.86,,
70233,2003,53.69,,
70233,2004,49.84,,
70233,2005,53.6437,,
70233,2006,52.99,,
70233,2007,38.56,,
70233,2008,58.6,,
70233,2009,44.29,,
70233,2010,56.85,,
70233,2011,40.5,,
70233,2012,61.11,,
70233,2013,63.51,,
70233,2014,67.2805,,
70233,2015,71.2046,,
70233,2016,64.57,,
70233,2017,60.2908,,
70233,2018,59.7567,,
70233,2019,58.1073,,
70233,2020,63.54,,
70235,2000,51.67,,
70235,2001,57.58,,
70235,2002,56.53,,
70235,2003,23.6,,
70235,2004,49.51,,
70235,2005,55.6874,,
70235,2006,54.09,,
70235,2007,57.6,,
70235,2008,65.05,,
70235,2009,59.25,,
70235,2010,64.77,,
70235,2011,65.67,,
70235,2012,66.19,,
70235,2013,70.12,,
70235,2014,66.114,,
70235,2015,66.4545,,
70235,2016,59.92,,
70235,2017,69.1035,,
70235,2018,66.2424,,
70235,2019,71.9391,,
70235,2020,65.28,,
70265,2001,51.68,,
70265,2003,61.01,,
70265,2004,49.87,,
70265,2005,57.4431,,
70265,2006,60.65,,
70265,2007,70.03,,
70265,2008,66.79,,
70265,2009,58.38,,
70265,2010,62.52,,
70265,2011,60.9,,
70265,2012,60.81,,
70265,2013,66.13,,
70265,2014,68.23,,
70265,2015,72.7855,,
70265,2016,55.5,,
70265,2017,61.1757,,
70265,2018,63.8701,,
70265,2019,64.3106,,
70265,2020,65.43,,
70400,2000,46.79,,
70400,2001,52.44,,
70400,2002,54,,
70400,2003,58.44,,
70400,2004,57.45,,
70400,2005,58.1462,,
70400,2006,57.87,,
70400,2007,68.47,,
70400,2008,59.51,,
70400,2009,58.67,,
70400,2010,60.99,,
70400,2011,64.89,,
70400,2012,70.6,,
70400,2013,71.69,,
70400,2014,74.8425,,
70400,2015,66.1637,,
70400,2016,60.79,,
70400,2017,59.6256,,
70400,2018,70.2021,,
70400,2019,68.2583,,
70400,2020,64.48,,
70418,2001,55.58,,
70418,2002,59.26,,
70418,2003,58.89,,
70418,2004,54.58,,
70418,2005,59.6645,,
70418,2007,54.12,,
70418,2008,56.74,,
70418,2009,45.26,,
70418,2010,61.72,,
70418,2011,0,,
70418,2012,58.13,,
70418,2013,60.52,,
70418,2014,58.4317,,
70418,2015,74.2287,,
70418,2016,51.82,,
70418,2017,62.0544,,
70418,2018,63.0785,,
70418,2019,62.5969,,
70418,2020,60.68,,
70429,2001,51.13,,
70429,2002,51.42,,
70429,2003,54.28,,
70429,2004,58.27,,
70429,2005,57.9401,,
70429,2006,61.35,,
70429,2007,67.31,,
70429,2008,67.74,,
70429,2009,55.2,,
70429,2010,59.27,,
70429,2011,66.17,,
70429,2012,66.46,,
70429,2013,70.5,,
70429,2014,73.6905,,
70429,2015,73.5328,,
70429,2016,65.01,,
70429,2017,64.1487,,
70429,2018,63.2914,,
70429,2019,62.1847,,
70473,2000,49.98,,
70473,2001,52.93,,
70473,2002,56.07,,
70473,2003,57.16,,
70473,2004,56.32,,
70473,2005,61.8784,,
70473,2007,62.46,,
70473,2008,58.73,,
70473,2009,55.94,,
70473,2010,0,,
70473,2011,42.15,,
70473,2012,64,,
70473,2013,62.83,,
70473,2014,56.3298,,
70473,2015,55.037,,
70473,2016,63.78,,
70473,2017,62.4668,,
70473,2018,61.0221,,
70473,2019,66.1125,,
70473,2020,66.49,,
70508,2000,51.01,,
70508,2001,52.52,,
70508,2002,56.37,,
70508,2003,57.23,,
70508,2004,56.88,,
70508,2005,56.3841,,
70508,2006,59.17,,
70508,2007,59.92,,
70508,2008,62.31,,
70508,2009,55.75,,
70508,2010,59.38,,
70508,2011,60.53,,
70508,2012,64.09,,
70508,2013,59.77,,
70508,2014,53.7747,,
70508,2015,68.1917,,
70508,2016,71.02,,
70508,2017,64.7986,,
70508,2018,67.524,,
70508,2019,65.8501,,
70508,2020,65.53,,
70523,2001,53.72,,
70523,2002,63.96,,
70523,2003,57.28,,
70523,2004,56.3,,
70523,2005,53.8699,,
70523,2006,54.82,,
70523,2007,59.37,,
70523,2008,57.51,,
70523,2009,50.63,,
70523,2010,58.99,,
70523,2011,58.31,,
70523,2012,54.88,,
70523,2013,64.62,,
70523,2014,68.1583,,
70523,2015,69.3097,,
70523,2016,48.08,,
70523,2017,63.2906,,
70523,2018,51.0297,,
70523,2019,58.8745,,
70523,2020,57.9,,
70670,2000,48,,
70670,2002,57.38,,
70670,2003,54.81,,
70670,2004,57.76,,
70670,2005,60.1603,,
70670,2006,60.27,,
70670,2007,58.01,,
70670,2008,57.2,,
70670,2009,50.64,,
70670,2010,64.08,,
70670,2011,68.07,,
70670,2012,64.32,,
70670,2013,70.21,,
70670,2014,70.8916,,
70670,2015,72.4045,,
70670,2016,62.73,,
70670,2017,72.3419,,
70670,2018,70.3998,,
70670,2019,72.8911,,
70670,2020,68.84,,
70678,2002,64.52,,
70678,2003,31.67,,
70678,2004,36.55,,
70678,2005,58.5833,,
70678,2006,54.64,,
70678,2007,53.94,,
70678,2008,54.2,,
70678,2009,55,,
70678,2010,47.16,,
70678,2011,47.99,,
70678,2012,54.62,,
70678,2013,62.81,,
70678,2014,68.4968,,
70678,2015,71.8617,,
70678,2016,58.8,,
70678,2017,68.293,,
70678,2018,66.4939,,
70678,2019,63.927,,
70678,2020,45.56,,
70702,2000,51.82,,
70702,2001,52.68,,
70702,2003,44.7,,
70702,2004,56.92,,
70702,2005,55.2007,,
70702,2006,54.73,,
70702,2007,60.48,,
70702,2008,62.39,,
70702,2009,56.3,,
70702,2010,59.36,,
70702,2011,63.92,,
70702,2012,62.76,,
70702,2013,63.38,,
70702,2014,66.126,,
70702,2015,75.874,,
70702,2016,65.45,,
70702,2017,70.4611,,
70702,2018,63.8577,,
70702,2019,65.35,,
70702,2020,65.39,,
70708,2000,50.9,,
70708,2001,56.1,,
70708,2002,48.71,,
70708,2003,49.36,,
70708,2004,55.16,,
70708,2005,54.4646,,
70708,2006,53.64,,
70708,2007,56.89,,
70708,2008,46.7,,
70708,2009,55.96,,
70708,2010,66.79,,
70708,2011,52.34,,
70708,2012,65.89,,
70708,2013,69.66,,
70708,2014,73.7281,,
70708,2015,73.4225,,
70708,2016,72.85,,
70708,2017,69.2914,,
70708,2018,72.7735,,
70708,2019,74.0053,,
70708,2020,71.33,,
70713,2000,51.4,,
70713,2001,53.57,,
70713,2002,54.36,,
70713,2003,45.45,,
70713,2004,57.2,,
70713,2005,0,,
70713,2007,76.62,,
70713,2008,65.24,,
70713,2009,54.98,,
70713,2010,66.26,,
70713,2011,68.17,,
70713,2012,67.15,,
70713,2013,65.68,,
70713,2014,67.5219,,
70713,2015,69.9794,,
70713,2016,64.82,,
70713,2017,73.1191,,
70713,2018,62.1708,,
70713,2019,72.8128,,
70713,2020,70.39,,
70717,2002,45.3,,
70717,2003,48.91,,
70717,2004,53.37,,
70717,2005,55.5371,,
70717,2006,54.65,,
70717,2007,64.89,,
70717,2008,73.26,,
70717,2009,61.41,,
70717,2010,64.54,,
70717,2011,68.45,,
70717,2012,65.92,,
70717,2013,73.8,,
70717,2014,75.3481,,
70717,2015,76.0435,,
70717,2016,73.03,,
70717,2017,70.2351,,
70717,2018,70.6031,,
70717,2019,70.9051,,
70717,2020,68.57,,
70742,2001,54.88,,
70742,2002,62.19,,
70742,2003,55.82,,
70742,2004,58.19,,
70742,2005,59.6466,,
70742,2006,61.05,,
70742,2007,49.71,,
70742,2008,59.98,,
70742,2009,58.49,,
70742,2010,70.49,,
70742,2011,74.79,,
70742,2012,67.53,,
70742,2013,70.95,,
70742,2014,53.4274,,
70742,2015,69.9848,,
70742,2016,64.14,,
70742,2017,72.5604,,
70742,2018,80.7262,,
70742,2019,76.7921,,
70742,2020,73.37,,
70771,2000,54.84,,
70771,2001,50.76,,
70771,2002,54.17,,
70771,2003,55.49,,
70771,2004,53.84,,
70771,2005,53.2517,,
70771,2006,56.63,,
70771,2007,52.92,,
70771,2008,52.89,,
70771,2009,53.69,,
70771,2010,55.7,,
70771,2011,62.21,,
70771,2012,56.19,,
70771,2013,63.01,,
70771,2014,63.3828,,
70771,2015,64.6114,,
70771,2016,55.55,,
70771,2017,59.8251,,
70771,2018,59.5202,,
70771,2019,60.955,,
70771,2020,51.75,,
70820,2001,35.98,,
70820,2002,49.77,,
70820,2003,55.66,,
70820,2005,0,,
70820,2006,67.36,,
70820,2007,44.18,,
70820,2008,46.04,,
70820,2009,56.25,,
70820,2010,64.28,,
70820,2011,71.62,,
70820,2012,75.17,,
70820,2013,74.79,,
70820,2014,77.5555,,
70820,2015,76.8354,,
70820,2016,73.96,,
70820,2017,74.2547,,
70820,2018,74.3754,,
70820,2019,54.9322,,
70820,2020,78.26,,
70823,2001,53.27,,
70823,2002,64.6,,
70823,2003,63.65,,
70823,2004,58.98,,
70823,2005,63.4228,,
70823,2006,65.85,,
70823,2007,68.95,,
70823,2008,71.54,,
70823,2009,61.42,,
70823,2010,70.94,,
70823,2011,70.01,,
70823,2012,61.51,,
70823,2013,71.76,,
70823,2014,71.7043,,
70823,2015,60.1168,,
70823,2016,72.01,,
70823,2017,72.6561,,
70823,2018,54.3688,,
70823,2019,67.7493,,
70823,2020,69.36,,
73001,2000,46.26,,
73001,2001,44.11,,
73001,2002,50.64,,
73001,2003,53.1,,
73001,2004,58.85,,
73001,2005,61.658,,
73001,2006,63.78,,
73001,2007,67.98,,
73001,2008,72.63,,
73001,2009,64.48,,
73001,2010,83.36,,
73001,2011,74.89,,
73001,2012,74.59,,
73001,2013,76.03,,
73001,2014,75.5686,,
73001,2015,79.023,,
73001,2016,75.5,,
73001,2017,75.8693,,
73001,2018,74.0425,,
73001,2019,76.088,,
73001,2020,74.78,,
73024,2000,55.89,,
73024,2001,55.87,,
73024,2002,63.8,,
73024,2003,54.88,,
73024,2004,61.34,,
73024,2005,62.3379,,
73024,2006,61.95,,
73024,2007,74.69,,
73024,2008,67.15,,
73024,2009,65.34,,
73024,2010,69.39,,
73024,2011,68.16,,
73024,2012,67.81,,
73024,2013,64,,
73024,2014,61.4106,,
73024,2015,70.966,,
73024,2016,67.8,,
73024,2017,67.4608,,
73024,2018,62.3522,,
73024,2019,62.2649,,
73024,2020,63.43,,
73026,2000,47.92,,
73026,2001,50.78,,
73026,2002,53.38,,
73026,2003,37.29,,
73026,2004,51.85,,
73026,2005,67.7707,,
73026,2006,67.29,,
73026,2007,70.58,,
73026,2008,70.11,,
73026,2009,66.07,,
73026,2010,75.01,,
73026,2011,71.78,,
73026,2012,76.39,,
73026,2013,75.74,,
73026,2014,75.2456,,
73026,2015,77.5101,,
73026,2016,77.33,,
73026,2017,74.4659,,
73026,2018,78.213,,
73026,2019,76.3061,,
73026,2020,73.06,,
73030,2000,45.45,,
73030,2001,42.57,,
73030,2002,48.28,,
73030,2003,47.71,,
73030,2004,34.54,,
73030,2005,49.3875,,
73030,2006,52.9,,
73030,2007,55.46,,
73030,2008,53.06,,
73030,2009,61.3,,
73030,2010,63.63,,
73030,2011,65.02,,
73030,2012,65.38,,
73030,2013,68.45,,
73030,2014,66.5676,,
73030,2015,63.5824,,
73030,2016,66.93,,
73030,2017,66.3328,,
73030,2018,67.8881,,
73030,2019,72.0803,,
73030,2020,63.55,,
73043,2000,49.24,,
73043,2001,49.85,,
73043,2002,52.52,,
73043,2003,55.68,,
73043,2004,57.28,,
73043,2005,56.3455,,
73043,2006,60.22,,
73043,2007,61.7,,
73043,2008,64.26,,
73043,2009,60.88,,
73043,2010,62.16,,
73043,2011,66.26,,
73043,2012,61.82,,
73043,2013,67.74,,
73043,2014,69.3815,,
73043,2015,65.3188,,
73043,2016,59.79,,
73043,2017,63.011,,
73043,2018,60.3888,,
73043,2019,59.4252,,
73043,2020,62.6,,
73055,2000,45.29,,
73055,2001,49.71,,
73055,2002,56.1,,
73055,2004,50.55,,
73055,2005,48.7656,,
73055,2006,60.04,,
73055,2007,46.21,,
73055,2008,64.09,,
73055,2009,50.32,,
73055,2010,62.76,,
73055,2011,53.17,,
73055,2012,65.28,,
73055,2013,69.16,,
73055,2014,71.2939,,
73055,2015,76.6083,,
73055,2016,72.09,,
73055,2017,72.0844,,
73055,2018,73.2364,,
73055,2019,74.8856,,
73055,2020,76.02,,
73067,2000,49.98,,
73067,2001,53.85,,
73067,2002,53.7,,
73067,2003,58.59,,
73067,2004,57.73,,
73067,2005,53.9478,,
73067,2006,59.36,,
73067,2007,57.99,,
73067,2008,52.98,,
73067,2009,57.84,,
73067,2010,64.74,,
73067,2011,60.45,,
73067,2012,63.17,,
73067,2013,62.28,,
73067,2014,62.7167,,
73067,2015,52.4512,,
73067,2016,60.56,,
73067,2017,64.8367,,
73067,2018,64.4918,,
73067,2019,65.6327,,
73067,2020,67.27,,
73124,2000,49.35,,
73124,2001,50.51,,
73124,2002,56.32,,
73124,2003,57.81,,
73124,2004,58.93,,
73124,2005,63.9283,,
73124,2006,63.75,,
73124,2007,62.96,,
73124,2008,58.42,,
73124,2009,59.92,,
73124,2010,69.96,,
73124,2011,69.66,,
73124,2012,72.8,,
73124,2013,68.23,,
73124,2014,70.3001,,
73124,2015,70.2486,,
73124,2016,70.07,,
73124,2017,67.2596,,
73124,2018,72.1763,,
73124,2019,76.1921,,
73124,2020,66.13,,
73148,2000,57.79,,
73148,2001,56.3,,
73148,2002,50.85,,
73148,2003,59.79,,
73148,2004,62.89,,
73148,2005,65.7835,,
73148,2006,62.33,,
73148,2007,67.71,,
73148,2008,67.75,,
73148,2009,66.29,,
73148,2010,74.74,,
73148,2011,71.88,,
73148,2012,71.69,,
73148,2013,73.99,,
73148,2014,76.0204,,
73148,2015,72.2636,,
73148,2016,73.69,,
73148,2017,70.74,,
73148,2018,76.1919,,
73148,2019,73.9916,,
73148,2020,71.76,,
73152,2000,52.83,,
73152,2001,53.24,,
73152,2002,59.66,,
73152,2003,49.6,,
73152,2004,41.62,,
73152,2005,59.4116,,
73152,2006,56.71,,
73152,2007,52.63,,
73152,2008,60.87,,
73152,2009,66.78,,
73152,2010,63.33,,
73152,2011,58.32,,
73152,2012,59.1,,
73152,2013,60.72,,
73152,2014,64.3413,,
73152,2015,68.4329,,
73152,2016,59.85,,
73152,2017,63.5555,,
73152,2018,63.104,,
73152,2019,63.0302,,
73152,2020,59.56,,
73168,2000,48.65,,
73168,2001,49,,
73168,2002,52.4,,
73168,2003,58.49,,
73168,2004,50.79,,
73168,2005,56.6084,,
73168,2006,58.09,,
73168,2007,62.45,,
73168,2008,61,,
73168,2009,60.03,,
73168,2010,74.01,,
73168,2011,70.78,,
73168,2012,69.75,,
73168,2013,69.02,,
73168,2014,72.3862,,
73168,2015,76.7217,,
73168,2016,69.98,,
73168,2017,71.7076,,
73168,2018,69.4039,,
73168,2019,68.9407,,
73168,2020,72.34,,
73200,2000,57.91,,
73200,2001,56.68,,
73200,2002,61.12,,
73200,2003,60.77,,
73200,2004,65.55,,
73200,2005,62.8995,,
73200,2006,64.95,,
73200,2007,73.52,,
73200,2008,65.74,,
73200,2009,62.64,,
73200,2010,73.81,,
73200,2011,75.44,,
73200,2012,73.48,,
73200,2013,76.3,,
73200,2014,74.9596,,
73200,2015,74.2527,,
73200,2016,71.69,,
73200,2017,72.0875,,
73200,2018,73.5218,,
73200,2019,71.8288,,
73200,2020,68.52,,
73217,2001,48.06,,
73217,2002,36.22,,
73217,2003,54,,
73217,2004,46.93,,
73217,2005,41.1563,,
73217,2006,39.97,,
73217,2007,57.37,,
73217,2008,45.21,,
73217,2009,54.04,,
73217,2010,73.12,,
73217,2011,69.69,,
73217,2012,63.73,,
73217,2013,66.14,,
73217,2014,73.3884,,
73217,2015,73.8277,,
73217,2016,67.77,,
73217,2017,69.0397,,
73217,2018,71.4668,,
73217,2019,71.5232,,
73217,2020,66.2,,
73226,2000,49.08,,
73226,2001,49.66,,
73226,2002,51.73,,
73226,2003,37.55,,
73226,2004,52.89,,
73226,2005,58.015,,
73226,2006,61.18,,
73226,2007,56.84,,
73226,2008,54.73,,
73226,2009,58.67,,
73226,2010,64.17,,
73226,2011,64.09,,
73226,2012,60.44,,
73226,2013,65,,
73226,2014,60.2573,,
73226,2015,64.356,,
73226,2016,36.87,,
73226,2017,65.5943,,
73226,2018,60.4439,,
73226,2019,61.6876,,
73226,2020,59.41,,
73236,2000,49.12,,
73236,2001,50.44,,
73236,2002,54.19,,
73236,2003,50.26,,
73236,2004,49.87,,
73236,2005,48.4718,,
73236,2006,49.27,,
73236,2007,35.21,,
73236,2008,60.45,,
73236,2009,57.98,,
73236,2010,66.14,,
73236,2011,66.14,,
73236,2012,59.64,,
73236,2013,60.12,,
73236,2014,63.0146,,
73236,2015,61.0091,,
73236,2016,59.21,,
73236,2017,63.6886,,
73236,2018,61.9027,,
73236,2019,66.9382,,
73236,2020,62.36,,
73268,2000,44.57,,
73268,2001,53.59,,
73268,2003,46.2,,
73268,2004,54.14,,
73268,2005,65.9485,,
73268,2006,68.56,,
73268,2007,73.54,,
73268,2008,78.01,,
73268,2009,71.02,,
73268,2010,78.27,,
73268,2011,78.34,,
73268,2012,76.87,,
73268,2013,76.56,,
73268,2014,77.1703,,
73268,2015,80.1445,,
73268,2016,76.32,,
73268,2017,75.793,,
73268,2018,77.6716,,
73268,2019,74.5473,,
73268,2020,77.02,,
73270,2000,49.81,,
73270,2001,50.9,,
73270,2002,51.06,,
73270,2003,54.03,,
73270,2004,54.4,,
73270,2005,53.195,,
73270,2006,54.89,,
73270,2007,58.75,,
73270,2008,63.15,,
73270,2009,61.32,,
73270,2010,66.29,,
73270,2011,69.82,,
73270,2012,63.13,,
73270,2013,65.03,,
73270,2014,61.2011,,
73270,2015,72.1365,,
73270,2016,66.93,,
73270,2017,67.6435,,
73270,2018,65.9742,,
73270,2019,68.3344,,
73270,2020,58.21,,
73275,2000,53.13,,
73275,2001,51.58,,
73275,2002,54.48,,
73275,2003,57.65,,
73275,2004,58.69,,
73275,2005,51.3575,,
73275,2006,65.57,,
73275,2007,75.39,,
73275,2008,66.95,,
73275,2009,62.59,,
73275,2010,69.16,,
73275,2011,73.63,,
73275,2012,77.46,,
73275,2013,75.35,,
73275,2014,76.9711,,
73275,2015,80.7735,,
73275,2016,77.92,,
73275,2017,77.501,,
73275,2018,76.5402,,
73275,2019,79.6774,,
73275,2020,73.42,,
73283,2000,51.98,,
73283,2001,45.66,,
73283,2002,43.32,,
73283,2003,49.35,,
73283,2004,54.73,,
73283,2005,55.3272,,
73283,2006,59.6,,
73283,2007,61.26,,
73283,2008,61.95,,
73283,2009,61.44,,
73283,2010,67.17,,
73283,2011,63.31,,
73283,2012,70.41,,
73283,2013,69.16,,
73283,2014,68.5932,,
73283,2015,70.0511,,
73283,2016,68.62,,
73283,2017,65.7662,,
73283,2018,70.4155,,
73283,2019,69.4335,,
73283,2020,69.78,,
73319,2000,56.16,,
73319,2001,52.79,,
73319,2002,56.69,,
73319,2003,44.82,,
73319,2004,58.15,,
73319,2005,53.6489,,
73319,2006,66.56,,
73319,2007,52.15,,
73319,2008,71.91,,
73319,2009,67.61,,
73319,2010,76.54,,
73319,2011,74.75,,
73319,2012,74.19,,
73319,2013,73.45,,
73319,2014,73.5952,,
73319,2015,74.7449,,
73319,2016,74.64,,
73319,2017,75.4252,,
73319,2018,72.9607,,
73319,2019,74.5839,,
73319,2020,73.39,,
73347,2001,48.98,,
73347,2002,34.74,,
73347,2003,38.06,,
73347,2004,50.73,,
73347,2005,55.8592,,
73347,2006,60.68,,
73347,2007,62.52,,
73347,2008,63.84,,
73347,2009,57.67,,
73347,2010,70.29,,
73347,2011,70.92,,
73347,2012,66.83,,
73347,2013,60.84,,
73347,2014,66.1421,,
73347,2015,73.22,,
73347,2016,67.4,,
73347,2017,66.5225,,
73347,2018,69.6071,,
73347,2019,72.6616,,
73347,2020,71.88,,
73349,2000,53.98,,
73349,2001,58.14,,
73349,2002,48.84,,
73349,2003,55.7,,
73349,2004,59.51,,
73349,2005,64.2623,,
73349,2006,58.92,,
73349,2007,67.78,,
73349,2008,50.8,,
73349,2009,54.49,,
73349,2010,74.26,,
73349,2011,77.47,,
73349,2012,77.06,,
73349,2013,75.8,,
73349,2014,76.8203,,
73349,2015,75.7867,,
73349,2016,74.02,,
73349,2017,75.3919,,
73349,2018,77.4908,,
73349,2019,74.5361,,
73349,2020,72.2,,
73352,2000,50.45,,
73352,2001,52.26,,
73352,2002,60.04,,
73352,2003,54.83,,
73352,2004,50.38,,
73352,2005,62.2811,,
73352,2006,66.55,,
73352,2007,58.43,,
73352,2008,67.07,,
73352,2009,56.38,,
73352,2010,65.49,,
73352,2011,63.71,,
73352,2012,63.11,,
73352,2013,61.73,,
73352,2014,65.1786,,
73352,2015,63.9496,,
73352,2016,60.32,,
73352,2017,63.4891,,
73352,2018,62.0644,,
73352,2019,61.065,,
73352,2020,59.61,,
73408,2000,39.14,,
73408,2001,55.08,,
73408,2003,39.03,,
73408,2004,56.07,,
73408,2005,52.113,,
73408,2006,62.72,,
73408,2007,64.84,,
73408,2008,67.69,,
73408,2009,60.62,,
73408,2010,67.51,,
73408,2011,71.49,,
73408,2012,66.22,,
73408,2013,70.86,,
73408,2014,73.9513,,
73408,2015,73.6647,,
73408,2016,73.9,,
73408,2017,72.8296,,
73408,2018,73.7661,,
73408,2019,72.6287,,
73408,2020,72.57,,
73411,2000,39.2,,
73411,2001,42.63,,
73411,2002,45.22,,
73411,2003,47.02,,
73411,2004,54.85,,
73411,2005,49.2998,,
73411,2006,53.99,,
73411,2007,64.03,,
73411,2008,65.56,,
73411,2009,61.17,,
73411,2010,72.6,,
73411,2011,71.19,,
73411,2012,71.5,,
73411,2013,68.73,,
73411,2014,73.4811,,
73411,2015,75.9154,,
73411,2016,73.54,,
73411,2017,70.5628,,
73411,2018,73.4723,,
73411,2019,73.7341,,
73411,2020,70.53,,
73443,2000,54.56,,
73443,2001,50.11,,
73443,2002,65.43,,
73443,2003,58.39,,
73443,2004,52.44,,
73443,2005,63.0865,,
73443,2006,66.92,,
73443,2007,76.89,,
73443,2008,73.57,,
73443,2009,67.48,,
73443,2010,70.5,,
73443,2011,76.48,,
73443,2012,75.08,,
73443,2013,76.51,,
73443,2014,75.7198,,
73443,2015,75.6087,,
73443,2016,73.84,,
73443,2017,74.8309,,
73443,2018,74.2328,,
73443,2019,73.3196,,
73443,2020,75.32,,
73449,2000,52.51,,
73449,2001,65.09,,
73449,2002,71.09,,
73449,2003,72.05,,
73449,2004,70.37,,
73449,2005,71.9406,,
73449,2006,67.12,,
73449,2007,75.79,,
73449,2008,76.92,,
73449,2009,64.79,,
73449,2010,77.37,,
73449,2011,69.63,,
73449,2012,76.4,,
73449,2013,79.56,,
73449,2014,77.6675,,
73449,2015,81.1982,,
73449,2016,75.52,,
73449,2017,76.1497,,
73449,2018,78.4459,,
73449,2019,77.8127,,
73449,2020,77.38,,
73461,2000,49.08,,
73461,2002,53.67,,
73461,2003,51.25,,
73461,2004,54.86,,
73461,2005,56.1904,,
73461,2006,55.38,,
73461,2007,58.07,,
73461,2008,60.23,,
73461,2009,56.01,,
73461,2010,61.69,,
73461,2011,60.01,,
73461,2012,63.97,,
73461,2013,62.58,,
73461,2014,63.8332,,
73461,2015,74.6352,,
73461,2016,65.45,,
73461,2017,63.9707,,
73461,2018,61.6412,,
73461,2019,62.6939,,
73461,2020,65.38,,
73483,2000,61.38,,
73483,2001,54.57,,
73483,2002,51.66,,
73483,2003,43.76,,
73483,2004,44.64,,
73483,2005,48.5925,,
73483,2006,59.81,,
73483,2007,54.81,,
73483,2008,53.4,,
73483,2009,58.38,,
73483,2010,58.99,,
73483,2011,65.67,,
73483,2012,71.25,,
73483,2013,69.59,,
73483,2014,73.8114,,
73483,2015,73.0367,,
73483,2016,71.03,,
73483,2017,70.4698,,
73483,2018,70.0624,,
73483,2019,74.225,,
73483,2020,69.53,,
73504,2000,52.53,,
73504,2001,52.98,,
73504,2002,54.32,,
73504,2003,52.59,,
73504,2004,60.67,,
73504,2005,62.1914,,
73504,2006,64.7,,
73504,2007,66.5,,
73504,2008,67.34,,
73504,2009,61.48,,
73504,2010,70.7,,
73504,2011,71.07,,
73504,2012,65.61,,
73504,2013,65.92,,
73504,2014,69.3073,,
73504,2015,73.8489,,
73504,2016,68.24,,
73504,2017,67.0849,,
73504,2018,69.8933,,
73504,2019,65.302,,
73504,2020,67.2,,
73520,2000,51.42,,
73520,2001,53.39,,
73520,2002,55.96,,
73520,2003,51.58,,
73520,2004,55.45,,
73520,2005,52.5983,,
73520,2006,54.24,,
73520,2007,64.46,,
73520,2008,60.87,,
73520,2009,58.6,,
73520,2010,66.68,,
73520,2011,63.11,,
73520,2012,58.07,,
73520,2013,61.12,,
73520,2014,61.9477,,
73520,2015,61.3441,,
73520,2016,63.95,,
73520,2017,57.4232,,
73520,2018,62.8273,,
73520,2019,67.934,,
73520,2020,61.69,,
73547,2000,55.35,,
73547,2001,56.56,,
73547,2002,59.21,,
73547,2003,55.82,,
73547,2004,62.01,,
73547,2005,64.5905,,
73547,2006,69.16,,
73547,2007,65.59,,
73547,2008,69.15,,
73547,2009,62.75,,
73547,2010,74.57,,
73547,2011,74.34,,
73547,2012,69.71,,
73547,2013,69.14,,
73547,2014,71.1647,,
73547,2015,72.2533,,
73547,2016,72.86,,
73547,2017,74.9676,,
73547,2018,68.659,,
73547,2019,73.8843,,
73547,2020,71.41,,
73555,2000,52.72,,
73555,2001,51.87,,
73555,2002,55.19,,
73555,2003,56.05,,
73555,2004,57.82,,
73555,2005,58.9856,,
73555,2006,55.18,,
73555,2007,59.98,,
73555,2008,64.45,,
73555,2009,59.4,,
73555,2010,68.02,,
73555,2011,65.49,,
73555,2012,65.14,,
73555,2013,65.78,,
73555,2014,66.027,,
73555,2015,68.523,,
73555,2016,68.02,,
73555,2017,68.7574,,
73555,2018,72.6489,,
73555,2019,69.4963,,
73555,2020,71.09,,
73563,2000,49.89,,
73563,2001,51.46,,
73563,2002,52.77,,
73563,2003,53.32,,
73563,2004,49.58,,
73563,2005,59.8799,,
73563,2006,62.41,,
73563,2007,64.49,,
73563,2008,63.67,,
73563,2009,58.5,,
73563,2010,63.9,,
73563,2011,67.1,,
73563,2012,65.66,,
73563,2013,71.22,,
73563,2014,67.1101,,
73563,2015,76.3549,,
73563,2016,64.98,,
73563,2017,64.2711,,
73563,2018,65.7469,,
73563,2019,69.4184,,
73563,2020,64.57,,
73585,2000,52.67,,
73585,2001,58.95,,
73585,2002,59.41,,
73585,2003,55.58,,
73585,2004,64.71,,
73585,2005,64.9289,,
73585,2006,62.2,,
73585,2007,71.56,,
73585,2008,76.45,,
73585,2009,63.7,,
73585,2010,74.9,,
73585,2011,73.62,,
73585,2012,76.67,,
73585,2013,68.72,,
73585,2014,67.0017,,
73585,2015,71.69,,
73585,2016,65.36,,
73585,2017,68.5001,,
73585,2018,71.2465,,
73585,2019,71.1702,,
73585,2020,72.18,,
73616,2000,55.62,,
73616,2001,58.03,,
73616,2002,53.99,,
73616,2003,48.21,,
73616,2004,52.52,,
73616,2005,57.3227,,
73616,2006,60.11,,
73616,2007,58.32,,
73616,2008,56.71,,
73616,2009,57.17,,
73616,2010,63.52,,
73616,2011,62.19,,
73616,2012,63.66,,
73616,2013,62.75,,
73616,2014,65.0583,,
73616,2015,67.8319,,
73616,2016,64.45,,
73616,2017,66.5304,,
73616,2018,64.4109,,
73616,2019,65.1908,,
73616,2020,62.63,,
73622,2000,49.91,,
73622,2001,53.32,,
73622,2002,59.6,,
73622,2003,55.32,,
73622,2004,55.77,,
73622,2005,55.0296,,
73622,2006,55.02,,
73622,2007,69.48,,
73622,2008,55.98,,
73622,2009,50.29,,
73622,2010,55.23,,
73622,2011,42.44,,
73622,2012,58.24,,
73622,2013,64.67,,
73622,2014,60.9647,,
73622,2015,71.7043,,
73622,2016,69.62,,
73622,2017,74.3307,,
73622,2018,63.0245,,
73622,2019,63.2666,,
73622,2020,62.55,,
73624,2000,49.95,,
73624,2001,51.04,,
73624,2002,53.96,,
73624,2003,50.89,,
73624,2004,48.73,,
73624,2005,45.9767,,
73624,2006,52.24,,
73624,2007,53.03,,
73624,2008,54.53,,
73624,2009,52.74,,
73624,2010,61.85,,
73624,2011,60.9,,
73624,2012,62.16,,
73624,2013,63.77,,
73624,2014,64.5379,,
73624,2015,67.9114,,
73624,2016,62.59,,
73624,2017,63.7694,,
73624,2018,64.6868,,
73624,2019,68.6767,,
73624,2020,64.38,,
73671,2000,53.29,,
73671,2001,57.52,,
73671,2002,56.21,,
73671,2003,48.4,,
73671,2004,61.02,,
73671,2005,65.2204,,
73671,2006,69.76,,
73671,2007,70.42,,
73671,2008,71.33,,
73671,2009,68.68,,
73671,2010,73.89,,
73671,2011,67.15,,
73671,2012,71.85,,
73671,2013,73.13,,
73671,2014,74.1153,,
73671,2015,76.6584,,
73671,2016,72.5,,
73671,2017,73.0508,,
73671,2018,73.4067,,
73671,2019,72.9234,,
73671,2020,71.09,,
73675,2000,56.36,,
73675,2001,53.89,,
73675,2002,53.4,,
73675,2003,52.89,,
73675,2004,55.02,,
73675,2005,57.4294,,
73675,2006,53.17,,
73675,2007,58.37,,
73675,2008,59.87,,
73675,2009,58.31,,
73675,2010,63.82,,
73675,2011,61.41,,
73675,2012,61.25,,
73675,2013,62.88,,
73675,2014,65.5977,,
73675,2015,66.4174,,
73675,2016,64.04,,
73675,2017,65.6595,,
73675,2018,67.4625,,
73675,2019,68.874,,
73675,2020,64.61,,
73678,2003,55.96,,
73678,2004,60.08,,
73678,2005,61.266,,
73678,2006,59.31,,
73678,2008,67.61,,
73678,2009,64.79,,
73678,2010,64.21,,
73678,2011,67.38,,
73678,2012,64.16,,
73678,2013,66.01,,
73678,2014,69.5032,,
73678,2015,72.3406,,
73678,2016,67.04,,
73678,2017,67.7197,,
73678,2018,70.0964,,
73678,2019,71.3321,,
73678,2020,63.18,,
73686,2000,51.03,,
73686,2001,50.93,,
73686,2002,56.29,,
73686,2003,54.08,,
73686,2004,52.21,,
73686,2005,57.1226,,
73686,2006,60.41,,
73686,2007,57.79,,
73686,2008,56.9,,
73686,2009,57.16,,
73686,2010,60.72,,
73686,2011,59.26,,
73686,2012,62.35,,
73686,2013,62.54,,
73686,2014,68.1318,,
73686,2015,65.1959,,
73686,2016,48.06,,
73686,2017,61.4997,,
73686,2018,67.2759,,
73686,2019,60.7618,,
73686,2020,64.95,,
73770,2000,48.81,,
73770,2001,50.08,,
73770,2003,51.26,,
73770,2004,52.84,,
73770,2005,50.7084,,
73770,2006,57.15,,
73770,2007,56.73,,
73770,2008,58.09,,
73770,2009,58.62,,
73770,2010,61.73,,
73770,2011,62.29,,
73770,2012,61.2,,
73770,2013,66.17,,
73770,2014,63.9823,,
73770,2015,64.3807,,
73770,2016,66.15,,
73770,2017,66.4196,,
73770,2018,70.261,,
73770,2019,70.1674,,
73770,2020,65.99,,
73854,2000,47.09,,
73854,2001,48.85,,
73854,2002,53.72,,
73854,2003,51.25,,
73854,2004,53,,
73854,2005,55.5217,,
73854,2006,49.06,,
73854,2008,47.18,,
73854,2009,46.11,,
73854,2010,51.47,,
73854,2011,52.68,,
73854,2012,52.46,,
73854,2013,54.63,,
73854,2014,55.9662,,
73854,2015,56.6383,,
73854,2016,58.25,,
73854,2017,61.8668,,
73854,2018,62.2332,,
73854,2019,63.8489,,
73854,2020,59.82,,
73861,2000,52.39,,
73861,2001,51.61,,
73861,2002,56.4,,
73861,2003,60.95,,
73861,2004,56.8,,
73861,2005,63.9652,,
73861,2006,67.75,,
73861,2007,64.49,,
73861,2008,67.85,,
73861,2009,65.51,,
73861,2010,71.45,,
73861,2011,72.06,,
73861,2012,70.62,,
73861,2013,75.79,,
73861,2014,74.8432,,
73861,2015,76.3212,,
73861,2016,73.52,,
73861,2017,72.1409,,
73861,2018,71.9527,,
73861,2019,69.2476,,
73861,2020,69.6,,
73870,2000,53.36,,
73870,2001,63.81,,
73870,2002,61.97,,
73870,2003,50.95,,
73870,2004,55.82,,
73870,2005,49.5465,,
73870,2006,54.68,,
73870,2007,56.02,,
73870,2008,59.04,,
73870,2009,54.79,,
73870,2010,55.81,,
73870,2011,53.72,,
73870,2012,63.69,,
73870,2013,70.52,,
73870,2014,56.3287,,
73870,2015,70.4277,,
73870,2016,56.21,,
73870,2017,57.5096,,
73870,2018,53.5906,,
73870,2019,65.2457,,
73870,2020,64.46,,
73873,2000,53.87,,
73873,2001,53.49,,
73873,2002,51.94,,
73873,2003,52.17,,
73873,2004,53.22,,
73873,2005,51.5572,,
73873,2006,53.29,,
73873,2007,63.01,,
73873,2008,57.94,,
73873,2009,51.55,,
73873,2010,62.8,,
73873,2011,55.6,,
73873,2012,56.53,,
73873,2013,58.33,,
73873,2014,64.3576,,
73873,2015,58.7888,,
73873,2016,60.77,,
73873,2017,56.281,,
73873,2018,58.747,,
73873,2019,58.0943,,
73873,2020,59.51,,
76001,2000,51.56,,
76001,2001,57.13,,
76001,2002,46.17,,
76001,2003,49.7,,
76001,2004,49.94,,
76001,2005,57.2815,,
76001,2006,61.76,,
76001,2007,69.28,,
76001,2008,69.21,,
76001,2009,63.2,,
76001,2010,83.16,,
76001,2011,76.67,,
76001,2012,73.57,,
76001,2013,74.09,,
76001,2014,79.0165,,
76001,2015,80.7292,,
76001,2016,79.86,,
76001,2017,80.1438,,
76001,2018,81.1272,,
76001,2019,81.2993,,
76001,2020,80.36,,
76020,2000,51.31,,
76020,2001,55.67,,
76020,2002,52.83,,
76020,2003,58.98,,
76020,2004,58.24,,
76020,2005,58.1831,,
76020,2006,57.37,,
76020,2007,59.13,,
76020,2008,56.6,,
76020,2009,54.8,,
76020,2010,54.45,,
76020,2011,62.63,,
76020,2012,63.03,,
76020,2013,63.41,,
76020,2014,66.0286,,
76020,2015,70.6947,,
76020,2016,57.92,,
76020,2017,66.2686,,
76020,2018,65.1702,,
76020,2019,68.5603,,
76020,2020,69.02,,
76036,2000,59.18,,
76036,2001,59.98,,
76036,2002,60.66,,
76036,2003,60.5,,
76036,2004,60.22,,
76036,2005,65.3647,,
76036,2006,66.91,,
76036,2007,72.47,,
76036,2008,64.36,,
76036,2009,63.68,,
76036,2010,73.24,,
76036,2011,73.27,,
76036,2012,71.45,,
76036,2013,70.95,,
76036,2014,70.8941,,
76036,2015,70.8773,,
76036,2016,67.45,,
76036,2017,72.0741,,
76036,2018,73.3344,,
76036,2019,72.7944,,
76036,2020,72.52,,
76041,2000,54.09,,
76041,2001,59.17,,
76041,2002,59.81,,
76041,2003,61.83,,
76041,2004,57.61,,
76041,2005,56.6154,,
76041,2006,62.26,,
76041,2007,63.31,,
76041,2008,57.39,,
76041,2009,58.49,,
76041,2010,67.25,,
76041,2011,64.39,,
76041,2012,67.38,,
76041,2013,67.38,,
76041,2014,68.6254,,
76041,2015,67.6897,,
76041,2016,66.92,,
76041,2017,62.7118,,
76041,2018,68.631,,
76041,2019,68.0852,,
76041,2020,70.81,,
76054,2000,56.31,,
76054,2001,56.99,,
76054,2002,59.38,,
76054,2003,53.3,,
76054,2004,57.28,,
76054,2005,58.7519,,
76054,2006,55.86,,
76054,2007,56.94,,
76054,2008,53.8,,
76054,2009,55.1,,
76054,2010,59.41,,
76054,2011,59.92,,
76054,2012,58.01,,
76054,2013,60.4,,
76054,2014,64.1001,,
76054,2015,63.1082,,
76054,2016,59.8,,
76054,2017,64.652,,
76054,2018,63.0937,,
76054,2019,65.7861,,
76054,2020,63.73,,
76100,2000,55.86,,
76100,2001,57.25,,
76100,2002,63.47,,
76100,2003,62.67,,
76100,2004,58.82,,
76100,2005,55.2355,,
76100,2006,55.75,,
76100,2007,69.03,,
76100,2008,56.29,,
76100,2009,54.02,,
76100,2010,67.79,,
76100,2011,67.95,,
76100,2012,65.66,,
76100,2013,66.48,,
76100,2014,67.8555,,
76100,2015,69.2578,,
76100,2016,66.18,,
76100,2017,67.3519,,
76100,2018,70.0916,,
76100,2019,73.289,,
76100,2020,68.91,,
76109,2001,62.59,,
76109,2002,59.16,,
76109,2003,56.32,,
76109,2004,42.43,,
76109,2005,51.7313,,
76109,2006,55.46,,
76109,2007,65.62,,
76109,2008,56.77,,
76109,2009,66.09,,
76109,2010,75.17,,
76109,2011,73.94,,
76109,2012,69.47,,
76109,2013,73.25,,
76109,2014,71.9922,,
76109,2015,73.2852,,
76109,2016,75.73,,
76109,2017,75.5528,,
76109,2018,71.8587,,
76109,2019,61.8816,,
76109,2020,60.78,,
76111,2000,57.23,,
76111,2001,61.97,,
76111,2002,68.14,,
76111,2003,53.69,,
76111,2004,54.13,,
76111,2005,60.0124,,
76111,2006,63.32,,
76111,2007,64.61,,
76111,2008,62.59,,
76111,2009,60.77,,
76111,2010,65.9,,
76111,2011,68.15,,
76111,2012,65.13,,
76111,2013,68.55,,
76111,2014,70.972,,
76111,2015,70.621,,
76111,2016,68.96,,
76111,2017,69.8127,,
76111,2018,72.4657,,
76111,2019,71.303,,
76111,2020,72.46,,
76113,2000,57.49,,
76113,2001,63.93,,
76113,2002,64.23,,
76113,2003,58.62,,
76113,2004,58.82,,
76113,2005,62.8361,,
76113,2006,69.18,,
76113,2007,75.45,,
76113,2008,70.08,,
76113,2009,65.82,,
76113,2010,79.57,,
76113,2011,75.94,,
76113,2012,75.96,,
76113,2013,74.7,,
76113,2014,80.1639,,
76113,2015,76.4485,,
76113,2016,76.44,,
76113,2017,78.0787,,
76113,2018,79.8337,,
76113,2019,80.7412,,
76113,2020,76.31,,
76122,2000,50.46,,
76122,2001,59.25,,
76122,2002,59.35,,
76122,2003,59.41,,
76122,2004,59.78,,
76122,2005,58.3607,,
76122,2006,61.23,,
76122,2007,63.79,,
76122,2008,64.39,,
76122,2009,58.62,,
76122,2010,68.48,,
76122,2011,63.31,,
76122,2012,65.02,,
76122,2013,64.77,,
76122,2014,67.1422,,
76122,2015,67.9443,,
76122,2016,66.13,,
76122,2017,65.3657,,
76122,2018,72.5616,,
76122,2019,70.6842,,
76122,2020,69.22,,
76126,2000,62.52,,
76126,2001,60.61,,
76126,2002,63.12,,
76126,2003,61.67,,
76126,2004,63.2,,
76126,2005,65.8327,,
76126,2006,66.26,,
76126,2007,66.82,,
76126,2008,70.79,,
76126,2009,55.35,,
76126,2010,73.67,,
76126,2011,65.12,,
76126,2012,66.59,,
76126,2013,66.82,,
76126,2014,66.893,,
76126,2015,68.4887,,
76126,2016,64.21,,
76126,2017,68.5369,,
76126,2018,70.4367,,
76126,2019,71.3148,,
76126,2020,70.3,,
76130,2000,52.33,,
76130,2001,51.46,,
76130,2002,64.56,,
76130,2003,69.79,,
76130,2004,66.06,,
76130,2005,70.4453,,
76130,2006,72.14,,
76130,2007,75.18,,
76130,2008,73.52,,
76130,2009,66.65,,
76130,2010,77.87,,
76130,2011,78.94,,
76130,2012,76.87,,
76130,2013,76.57,,
76130,2014,75.7376,,
76130,2015,75.7727,,
76130,2016,75.18,,
76130,2017,76.5521,,
76130,2018,77.9162,,
76130,2019,79.211,,
76130,2020,78.05,,
76147,2000,59.53,,
76147,2001,58.88,,
76147,2002,69.55,,
76147,2003,62,,
76147,2004,62.2,,
76147,2005,64.7659,,
76147,2006,65.34,,
76147,2007,43.17,,
76147,2008,62.88,,
76147,2009,63.55,,
76147,2010,79.34,,
76147,2011,46.8,,
76147,2012,70.97,,
76147,2013,67.96,,
76147,2014,73.5287,,
76147,2015,73.0404,,
76147,2016,72.06,,
76147,2017,74.5739,,
76147,2018,74.4936,,
76147,2019,75.3257,,
76147,2020,73.77,,
76233,2000,56.79,,
76233,2001,62.47,,
76233,2002,53.09,,
76233,2003,58.38,,
76233,2004,54.89,,
76233,2005,52.3707,,
76233,2006,57.22,,
76233,2007,58.6,,
76233,2008,67.83,,
76233,2009,59.19,,
76233,2010,71.94,,
76233,2011,73.53,,
76233,2012,75.13,,
76233,2013,76.78,,
76233,2014,75.7423,,
76233,2015,74.9074,,
76233,2016,76.15,,
76233,2017,76.5136,,
76233,2018,76.7751,,
76233,2019,75.4165,,
76233,2020,74.64,,
76243,2001,54.26,,
76243,2002,58.03,,
76243,2003,58.73,,
76243,2004,57.93,,
76243,2005,58.1421,,
76243,2006,52.84,,
76243,2007,53.98,,
76243,2008,52.6,,
76243,2009,55.17,,
76243,2010,64.18,,
76243,2011,60.53,,
76243,2012,61.3,,
76243,2013,61.63,,
76243,2014,59.9252,,
76243,2015,64.348,,
76243,2016,60.2,,
76243,2017,56.6815,,
76243,2018,62.4222,,
76243,2019,63.3439,,
76243,2020,63.94,,
76246,2000,49.94,,
76246,2001,62.85,,
76246,2002,55.97,,
76246,2003,54.47,,
76246,2004,56.35,,
76246,2005,54.0123,,
76246,2006,57.69,,
76246,2007,61.6,,
76246,2008,52.85,,
76246,2009,57.6,,
76246,2010,58.05,,
76246,2011,53.55,,
76246,2012,52.78,,
76246,2013,59.53,,
76246,2014,65.2442,,
76246,2015,62.8489,,
76246,2016,58.67,,
76246,2017,62.3012,,
76246,2018,59.7265,,
76246,2019,60.8923,,
76246,2020,61.89,,
76248,2000,65.24,,
76248,2001,69.26,,
76248,2002,70.13,,
76248,2003,70.09,,
76248,2004,68.56,,
76248,2005,70.7758,,
76248,2006,70.61,,
76248,2007,78.36,,
76248,2008,74.34,,
76248,2009,69.94,,
76248,2010,77.97,,
76248,2011,76.66,,
76248,2012,77.78,,
76248,2013,75.19,,
76248,2014,72.7842,,
76248,2015,76.096,,
76248,2016,75.09,,
76248,2017,76.1295,,
76248,2018,76.99,,
76248,2019,72.4653,,
76248,2020,73.48,,
76250,2000,51.12,,
76250,2001,55.42,,
76250,2002,62.42,,
76250,2003,56.87,,
76250,2004,56.35,,
76250,2005,56.1309,,
76250,2006,57.88,,
76250,2007,61.77,,
76250,2008,58.64,,
76250,2009,58.13,,
76250,2010,64.03,,
76250,2011,61.42,,
76250,2012,60.7,,
76250,2013,62.63,,
76250,2014,64.4113,,
76250,2015,66.3852,,
76250,2016,61.08,,
76250,2017,61.3689,,
76250,2018,66.8459,,
76250,2019,65.2343,,
76250,2020,72.27,,
76275,2000,44.42,,
76275,2001,46.33,,
76275,2002,52.22,,
76275,2003,57.27,,
76275,2004,57.46,,
76275,2005,61.7735,,
76275,2006,61.01,,
76275,2007,60.68,,
76275,2008,53.48,,
76275,2009,60.98,,
76275,2010,67.75,,
76275,2011,65.79,,
76275,2012,68.2,,
76275,2013,68.18,,
76275,2014,69.0055,,
76275,2015,70.7653,,
76275,2016,68.35,,
76275,2017,69.8775,,
76275,2018,69.5344,,
76275,2019,71.0078,,
76275,2020,70.76,,
76306,2000,59.48,,
76306,2001,61.01,,
76306,2002,58.68,,
76306,2003,58.12,,
76306,2004,57.71,,
76306,2005,59.3479,,
76306,2006,59.58,,
76306,2007,61.23,,
76306,2008,58.09,,
76306,2009,57.95,,
76306,2010,66.87,,
76306,2011,67.02,,
76306,2012,68.35,,
76306,2013,70.55,,
76306,2014,71.953,,
76306,2015,74.6144,,
76306,2016,70.19,,
76306,2017,75.339,,
76306,2018,73.5677,,
76306,2019,73.332,,
76306,2020,71.74,,
76318,2000,50.66,,
76318,2001,55.39,,
76318,2002,55.75,,
76318,2003,56.03,,
76318,2004,53.15,,
76318,2005,62.7703,,
76318,2006,66.16,,
76318,2007,73.72,,
76318,2008,72.59,,
76318,2009,66.64,,
76318,2010,66.19,,
76318,2011,74.01,,
76318,2012,73.67,,
76318,2013,69.49,,
76318,2014,72.1137,,
76318,2015,72.3073,,
76318,2016,68.83,,
76318,2017,73.6775,,
76318,2018,73.9252,,
76318,2019,71.589,,
76318,2020,70.3,,
76364,2000,51.68,,
76364,2001,61.36,,
76364,2002,54.81,,
76364,2003,40.62,,
76364,2004,50.61,,
76364,2005,66.6363,,
76364,2006,66.04,,
76364,2007,72.42,,
76364,2008,65.48,,
76364,2009,66.96,,
76364,2010,75.68,,
76364,2011,57.28,,
76364,2012,62.26,,
76364,2013,70.31,,
76364,2014,73.2406,,
76364,2015,75.7999,,
76364,2016,69.5,,
76364,2017,73.4567,,
76364,2018,73.1644,,
76364,2019,74.479,,
76364,2020,72.56,,
76377,2000,47.53,,
76377,2001,47.45,,
76377,2002,55.81,,
76377,2003,51.61,,
76377,2004,49.8,,
76377,2005,50.2099,,
76377,2006,55.09,,
76377,2007,59.24,,
76377,2008,59.46,,
76377,2009,59.85,,
76377,2010,67.26,,
76377,2011,67.61,,
76377,2012,70.81,,
76377,2013,72.42,,
76377,2014,71.2365,,
76377,2015,71.5297,,
76377,2016,66.83,,
76377,2017,71.3464,,
76377,2018,70.6032,,
76377,2019,58.9876,,
76377,2020,71.04,,
76400,2000,56.03,,
76400,2001,56.3,,
76400,2002,61.97,,
76400,2003,61.15,,
76400,2004,61.22,,
76400,2005,60.861,,
76400,2006,56.61,,
76400,2007,64.05,,
76400,2008,58.69,,
76400,2009,61.28,,
76400,2010,71.77,,
76400,2011,76.5,,
76400,2012,66.3,,
76400,2013,68.98,,
76400,2014,70.8503,,
76400,2015,69.8207,,
76400,2016,70.33,,
76400,2017,71.6355,,
76400,2018,72.0547,,
76400,2019,70.4818,,
76400,2020,72.07,,
76403,2000,53.79,,
76403,2001,61.01,,
76403,2002,47.43,,
76403,2003,54.11,,
76403,2004,63.19,,
76403,2005,60.3726,,
76403,2006,61.8,,
76403,2007,63.68,,
76403,2008,60.86,,
76403,2009,60.7,,
76403,2010,66.82,,
76403,2011,68.83,,
76403,2012,68.45,,
76403,2013,67.2,,
76403,2014,67.7944,,
76403,2015,68.953,,
76403,2016,69.6,,
76403,2017,69.252,,
76403,2018,67.5305,,
76403,2019,68.8432,,
76403,2020,69.43,,
76497,2000,52.16,,
76497,2001,53.76,,
76497,2002,57.9,,
76497,2003,62.02,,
76497,2004,64.21,,
76497,2005,65.1587,,
76497,2006,65.16,,
76497,2007,68.2,,
76497,2008,65.41,,
76497,2009,65.69,,
76497,2010,71,,
76497,2011,71.36,,
76497,2012,68.29,,
76497,2013,69.34,,
76497,2014,73.8801,,
76497,2015,71.2545,,
76497,2016,67.71,,
76497,2017,69.8166,,
76497,2018,69.6003,,
76497,2019,66.3628,,
76497,2020,72.35,,
76520,2000,58.47,,
76520,2001,55.15,,
76520,2002,59.25,,
76520,2003,50.14,,
76520,2004,60.29,,
76520,2005,61.2558,,
76520,2006,64.33,,
76520,2007,64.81,,
76520,2008,71.62,,
76520,2009,66.54,,
76520,2010,79.84,,
76520,2011,77.79,,
76520,2012,74.86,,
76520,2013,73.84,,
76520,2014,76.6553,,
76520,2015,76.4605,,
76520,2016,75.16,,
76520,2017,74.468,,
76520,2018,75.0187,,
76520,2019,75.5448,,
76520,2020,74.03,,
76563,2001,44.02,,
76563,2002,54.26,,
76563,2003,54.98,,
76563,2004,51.86,,
76563,2005,56.6382,,
76563,2006,59.74,,
76563,2007,67.58,,
76563,2008,65.4,,
76563,2009,62.65,,
76563,2010,72.09,,
76563,2011,73.73,,
76563,2012,75.27,,
76563,2013,75.09,,
76563,2014,76.4789,,
76563,2015,77.0615,,
76563,2016,76.93,,
76563,2017,75.2942,,
76563,2018,76.1124,,
76563,2019,74.5705,,
76563,2020,72.26,,
76606,2000,56.44,,
76606,2001,51.78,,
76606,2002,45.39,,
76606,2003,54.25,,
76606,2004,54.81,,
76606,2005,57.1966,,
76606,2006,58.81,,
76606,2007,56.3,,
76606,2008,56.64,,
76606,2009,58.82,,
76606,2010,67.46,,
76606,2011,59.69,,
76606,2012,64.51,,
76606,2013,68.14,,
76606,2014,69.7393,,
76606,2015,68.9646,,
76606,2016,69.76,,
76606,2017,69.9358,,
76606,2018,68.8602,,
76606,2019,68.5969,,
76606,2020,68.18,,
76616,2000,53.22,,
76616,2001,54.51,,
76616,2002,56.3,,
76616,2003,56.9,,
76616,2004,62.97,,
76616,2005,65.2306,,
76616,2006,62.36,,
76616,2007,66.67,,
76616,2008,59.48,,
76616,2009,60.25,,
76616,2010,66.18,,
76616,2011,67.21,,
76616,2012,68.83,,
76616,2013,67.1,,
76616,2014,69.0691,,
76616,2015,68.826,,
76616,2016,70.13,,
76616,2017,71.1008,,
76616,2018,72.0295,,
76616,2019,73.3746,,
76616,2020,76.74,,
76622,2000,50.23,,
76622,2001,53.87,,
76622,2002,49.34,,
76622,2003,46.96,,
76622,2004,59.68,,
76622,2005,61.012,,
76622,2006,61.13,,
76622,2007,65.22,,
76622,2008,59.13,,
76622,2009,59.49,,
76622,2010,68.54,,
76622,2011,68.46,,
76622,2012,67.3,,
76622,2013,69.25,,
76622,2014,69.9776,,
76622,2015,72.7374,,
76622,2016,70.7,,
76622,2017,71.1791,,
76622,2018,72.4434,,
76622,2019,73.7805,,
76622,2020,72.97,,
76670,2000,54.19,,
76670,2001,58.39,,
76670,2002,58.13,,
76670,2003,56.19,,
76670,2004,53.74,,
76670,2005,56.7363,,
76670,2006,55.91,,
76670,2007,61.43,,
76670,2008,55.3,,
76670,2009,60.88,,
76670,2010,74.47,,
76670,2011,72.64,,
76670,2012,66.02,,
76670,2013,69.21,,
76670,2014,70.8982,,
76670,2015,78.1954,,
76670,2016,71.84,,
76670,2017,70.7543,,
76670,2018,70.6539,,
76670,2019,71.7589,,
76670,2020,68.94,,
76736,2000,47.1,,
76736,2001,53.09,,
76736,2002,56.11,,
76736,2003,55.47,,
76736,2004,52.37,,
76736,2005,59.7784,,
76736,2006,59.24,,
76736,2007,64.76,,
76736,2008,63.98,,
76736,2009,58.92,,
76736,2010,70.06,,
76736,2011,57.67,,
76736,2012,68.68,,
76736,2013,67.66,,
76736,2014,66.7201,,
76736,2015,71.478,,
76736,2016,69.08,,
76736,2017,67.8967,,
76736,2018,70.9188,,
76736,2019,70.7598,,
76736,2020,70.21,,
76823,2000,55.76,,
76823,2001,55.16,,
76823,2002,53.56,,
76823,2003,56.83,,
76823,2004,56.93,,
76823,2005,60.0006,,
76823,2006,58.23,,
76823,2007,58.89,,
76823,2008,57.41,,
76823,2009,57.18,,
76823,2010,65.84,,
76823,2011,64.62,,
76823,2012,62.42,,
76823,2013,62.68,,
76823,2014,64.6508,,
76823,2015,63.777,,
76823,2016,63.79,,
76823,2017,67.2366,,
76823,2018,65.3332,,
76823,2019,66.6841,,
76823,2020,69.14,,
76828,2000,54.49,,
76828,2001,55.1,,
76828,2002,48.92,,
76828,2003,57.4,,
76828,2004,56.01,,
76828,2005,50.8219,,
76828,2006,57.73,,
76828,2007,58.06,,
76828,2008,54.39,,
76828,2009,58.11,,
76828,2010,65.5,,
76828,2011,58.32,,
76828,2012,66.46,,
76828,2013,65.32,,
76828,2014,65.5142,,
76828,2015,68.4618,,
76828,2016,62.56,,
76828,2017,66.739,,
76828,2018,69.0856,,
76828,2019,69.7682,,
76828,2020,68.68,,
76834,2000,51.92,,
76834,2001,60.86,,
76834,2002,58.75,,
76834,2003,61.76,,
76834,2004,63.29,,
76834,2005,68.8735,,
76834,2006,69.1,,
76834,2007,74,,
76834,2008,72.57,,
76834,2009,68.07,,
76834,2010,83.65,,
76834,2011,81.05,,
76834,2012,80.42,,
76834,2013,78.85,,
76834,2014,78.9602,,
76834,2015,78.6033,,
76834,2016,59.92,,
76834,2017,77.3936,,
76834,2018,78.3114,,
76834,2019,77.5774,,
76834,2020,78.63,,
76845,2000,51.56,,
76845,2001,55.92,,
76845,2002,55.43,,
76845,2003,54.59,,
76845,2004,54.53,,
76845,2005,51.9528,,
76845,2006,57.51,,
76845,2007,63.32,,
76845,2008,64.95,,
76845,2009,59.93,,
76845,2010,65.66,,
76845,2011,64.45,,
76845,2012,65.87,,
76845,2013,66.93,,
76845,2014,68.609,,
76845,2015,63.2045,,
76845,2016,68.01,,
76845,2017,66.0049,,
76845,2018,63.5587,,
76845,2019,75.0374,,
76845,2020,63.37,,
76863,2000,53.33,,
76863,2001,55.87,,
76863,2002,61.45,,
76863,2003,54.96,,
76863,2004,56.47,,
76863,2005,56.8473,,
76863,2006,57.14,,
76863,2007,59.08,,
76863,2008,58.06,,
76863,2009,55.94,,
76863,2010,63.49,,
76863,2011,59.33,,
76863,2012,60.68,,
76863,2013,62.96,,
76863,2014,63.2366,,
76863,2015,65.6127,,
76863,2016,63.96,,
76863,2017,63.7842,,
76863,2018,59.5083,,
76863,2019,56.3773,,
76863,2020,67.43,,
76869,2000,51.69,,
76869,2001,51.91,,
76869,2002,54.97,,
76869,2003,57.93,,
76869,2004,50.5,,
76869,2005,58.7829,,
76869,2006,56.17,,
76869,2007,64.67,,
76869,2008,58.63,,
76869,2009,58.8,,
76869,2010,67.01,,
76869,2011,65.56,,
76869,2012,69.49,,
76869,2013,70.15,,
76869,2014,67.6869,,
76869,2015,68.995,,
76869,2016,65.85,,
76869,2017,70.0653,,
76869,2018,65.9766,,
76869,2019,65.7675,,
76869,2020,66.53,,
76890,2000,58.1,,
76890,2001,64.77,,
76890,2002,65.29,,
76890,2003,67.85,,
76890,2004,66.75,,
76890,2005,66.276,,
76890,2006,63.74,,
76890,2007,69.7,,
76890,2008,65.71,,
76890,2009,64.37,,
76890,2010,74.1,,
76890,2011,68.12,,
76890,2012,72.07,,
76890,2013,77.12,,
76890,2014,79.1732,,
76890,2015,74.5988,,
76890,2016,75.22,,
76890,2017,76.0557,,
76890,2018,77.304,,
76890,2019,74.2143,,
76890,2020,71.7,,
76892,2000,68.51,,
76892,2001,74.01,,
76892,2002,76.27,,
76892,2003,78.65,,
76892,2004,79.67,,
76892,2005,81.0802,,
76892,2006,81.92,,
76892,2007,87.41,,
76892,2008,88.17,,
76892,2009,80.79,,
76892,2010,84.63,,
76892,2011,83.32,,
76892,2012,80.58,,
76892,2013,82.24,,
76892,2014,86.4143,,
76892,2015,84.264,,
76892,2016,80.55,,
76892,2017,80.2795,,
76892,2018,80.3357,,
76892,2019,81.8386,,
76892,2020,82.32,,
76895,2000,58.17,,
76895,2001,62.86,,
76895,2002,61.18,,
76895,2003,63.71,,
76895,2004,62.68,,
76895,2005,64.3213,,
76895,2006,64.42,,
76895,2007,73.02,,
76895,2008,68.42,,
76895,2009,69.63,,
76895,2010,77.64,,
76895,2011,74.86,,
76895,2012,75.11,,
76895,2013,72.81,,
76895,2014,74.4546,,
76895,2015,75.199,,
76895,2016,76.91,,
76895,2017,76.0736,,
76895,2018,74.8638,,
76895,2019,73.4131,,
76895,2020,75.73,,
81001,2000,51.28,,
81001,2001,60.92,,
81001,2002,65.28,,
81001,2003,70.48,,
81001,2004,66.01,,
81001,2005,64.6207,,
81001,2006,68.14,,
81001,2007,78.98,,
81001,2008,74.66,,
81001,2009,60.49,,
81001,2010,67.08,,
81001,2011,76.18,,
81001,2012,75.83,,
81001,2013,77.66,,
81001,2014,80.5009,,
81001,2015,81.5828,,
81001,2016,79.19,,
81001,2017,76.3764,,
81001,2018,78.5111,,
81001,2019,79.84,,
81001,2020,72.72,,
81065,2000,57.9,,
81065,2001,59.78,,
81065,2003,52.14,,
81065,2004,46.53,,
81065,2005,58.378,,
81065,2006,67.87,,
81065,2007,79.89,,
81065,2008,80.39,,
81065,2009,62.95,,
81065,2010,74.14,,
81065,2011,73.19,,
81065,2012,68.22,,
81065,2013,85.41,,
81065,2014,60.2089,,
81065,2015,80.9886,,
81065,2016,72.05,,
81065,2017,72.5641,,
81065,2018,75.0286,,
81065,2019,72.7088,,
81065,2020,70.36,,
81220,2000,52.96,,
81220,2001,48.76,,
81220,2002,61.02,,
81220,2005,54.6706,,
81220,2006,65.51,,
81220,2007,60.92,,
81220,2008,56.3,,
81220,2009,62.51,,
81220,2010,72.32,,
81220,2011,75.48,,
81220,2012,77.74,,
81220,2013,73.09,,
81220,2014,67.7545,,
81220,2015,74.3297,,
81220,2016,71.87,,
81220,2017,62.7758,,
81220,2018,60.9934,,
81220,2019,62.7498,,
81220,2020,72.89,,
81300,2000,51.74,,
81300,2001,51.81,,
81300,2003,61.82,,
81300,2004,59.16,,
81300,2005,69.4416,,
81300,2006,59.33,,
81300,2007,67.31,,
81300,2008,61.4,,
81300,2009,60.99,,
81300,2010,66.38,,
81300,2011,77.87,,
81300,2012,70.89,,
81300,2013,70.66,,
81300,2014,70.2201,,
81300,2015,73.8595,,
81300,2016,70.74,,
81300,2017,71.1521,,
81300,2018,67.878,,
81300,2019,73.1706,,
81300,2020,67.71,,
81591,2000,53.57,,
81591,2001,56.44,,
81591,2002,64.09,,
81591,2003,53.32,,
81591,2005,58.9494,,
81591,2006,63.54,,
81591,2007,60.25,,
81591,2008,64.36,,
81591,2009,70.36,,
81591,2010,74.51,,
81591,2011,81.14,,
81591,2012,64.95,,
81591,2013,76.03,,
81591,2014,72.2918,,
81591,2015,75.6116,,
81591,2016,72.43,,
81591,2017,67.7391,,
81591,2018,64.8118,,
81591,2019,69.2505,,
81591,2020,62.36,,
81736,2000,67.6,,
81736,2001,53.73,,
81736,2002,64.66,,
81736,2003,63.85,,
81736,2004,63.43,,
81736,2005,34.9779,,
81736,2006,46.53,,
81736,2007,57.24,,
81736,2008,54.58,,
81736,2009,42.72,,
81736,2010,77.31,,
81736,2011,80.22,,
81736,2012,72.84,,
81736,2013,73.8,,
81736,2014,73.5843,,
81736,2015,84.3644,,
81736,2016,75.28,,
81736,2017,78.5352,,
81736,2018,77.508,,
81736,2019,77.9123,,
81736,2020,74.84,,
81794,2000,53.37,,
81794,2001,51.79,,
81794,2002,58.66,,
81794,2003,55.89,,
81794,2004,56.44,,
81794,2005,58.1426,,
81794,2006,65.2,,
81794,2007,74.19,,
81794,2008,62.73,,
81794,2009,66.4,,
81794,2010,76.08,,
81794,2011,77.14,,
81794,2012,69.59,,
81794,2013,73.09,,
81794,2014,75.4385,,
81794,2015,73.5454,,
81794,2016,70.86,,
81794,2017,72.3124,,
81794,2018,73.638,,
81794,2019,73.4278,,
81794,2020,70.2,,
85001,2000,65.05,,
85001,2001,61.95,,
85001,2002,65.89,,
85001,2003,71.03,,
85001,2004,72.46,,
85001,2005,74.3601,,
85001,2006,74.24,,
85001,2007,75.87,,
85001,2008,76.01,,
85001,2009,67.37,,
85001,2010,82.81,,
85001,2011,79.92,,
85001,2012,79.49,,
85001,2013,82.13,,
85001,2014,80.2379,,
85001,2015,80.4028,,
85001,2016,74.24,,
85001,2017,72.8545,,
85001,2018,70.9205,,
85001,2019,71.5595,,
85001,2020,72.95,,
85010,2000,54.81,,
85010,2001,62.54,,
85010,2002,68.95,,
85010,2003,72.43,,
85010,2004,65.56,,
85010,2005,75.0712,,
85010,2006,76.21,,
85010,2007,82.08,,
85010,2008,81.63,,
85010,2009,65.6,,
85010,2010,78.57,,
85010,2011,81.02,,
85010,2012,76.89,,
85010,2013,76.93,,
85010,2014,79.4065,,
85010,2015,83.265,,
85010,2016,80.53,,
85010,2017,80.6644,,
85010,2018,77.7397,,
85010,2019,80.3034,,
85010,2020,78.54,,
85015,2000,67.61,,
85015,2001,57.68,,
85015,2002,57.84,,
85015,2003,62.37,,
85015,2004,57.31,,
85015,2005,63.5099,,
85015,2006,65.74,,
85015,2007,63.97,,
85015,2008,63.28,,
85015,2009,61.06,,
85015,2010,63.88,,
85015,2011,68.5,,
85015,2012,59.31,,
85015,2013,61.23,,
85015,2014,70.8569,,
85015,2015,78.4079,,
85015,2016,66.33,,
85015,2017,65.0302,,
85015,2018,67.3226,,
85015,2019,70.546,,
85015,2020,59.48,,
85125,2000,55.64,,
85125,2001,53.77,,
85125,2002,55.75,,
85125,2003,61.61,,
85125,2004,55.99,,
85125,2005,56.2048,,
85125,2006,63.2,,
85125,2007,65.22,,
85125,2008,63.47,,
85125,2009,71.64,,
85125,2010,73.1,,
85125,2011,67.2,,
85125,2012,69.22,,
85125,2013,71.17,,
85125,2014,72.0845,,
85125,2015,66.1891,,
85125,2016,73.44,,
85125,2017,76.2312,,
85125,2018,70.8131,,
85125,2019,75.5113,,
85125,2020,70.79,,
85136,2001,56.48,,
85136,2002,60.21,,
85136,2003,62.48,,
85136,2004,65.4,,
85136,2005,57.5421,,
85136,2006,63.86,,
85136,2008,59.37,,
85136,2009,53.27,,
85136,2010,57.99,,
85136,2011,52.56,,
85136,2012,58.57,,
85136,2013,62.96,,
85136,2014,67.9929,,
85136,2015,59.8882,,
85136,2016,67.55,,
85136,2017,61.2094,,
85136,2018,61.4988,,
85136,2019,60.7069,,
85136,2020,59.9,,
85139,2000,63.98,,
85139,2001,64.92,,
85139,2002,62.63,,
85139,2003,70.52,,
85139,2004,72.29,,
85139,2005,70.2215,,
85139,2006,68.77,,
85139,2007,73.62,,
85139,2008,72.15,,
85139,2009,63.98,,
85139,2010,77.13,,
85139,2011,77.06,,
85139,2012,80.36,,
85139,2013,82.71,,
85139,2014,79.9959,,
85139,2015,80.3165,,
85139,2016,70.89,,
85139,2017,71.9982,,
85139,2018,74.1495,,
85139,2019,76.9667,,
85139,2020,76.97,,
85162,2000,72.86,,
85162,2001,73.66,,
85162,2002,73.93,,
85162,2003,67.7,,
85162,2004,71.16,,
85162,2005,70.5265,,
85162,2006,77.26,,
85162,2007,81.12,,
85162,2008,80.32,,
85162,2009,80.72,,
85162,2010,94.19,,
85162,2011,91.48,,
85162,2012,91.67,,
85162,2013,84.92,,
85162,2014,86.6351,,
85162,2015,91.6102,,
85162,2016,90.74,,
85162,2017,90.6763,,
85162,2018,90.2638,,
85162,2019,90.732,,
85162,2020,88.91,,
85225,2000,55.8,,
85225,2001,54.08,,
85225,2002,57.23,,
85225,2003,61.09,,
85225,2004,62.12,,
85225,2005,65.7923,,
85225,2006,65.91,,
85225,2007,74.25,,
85225,2008,74,,
85225,2009,73.24,,
85225,2010,75.36,,
85225,2011,76.53,,
85225,2012,72.47,,
85225,2013,75.27,,
85225,2014,71.8735,,
85225,2015,72.5135,,
85225,2016,72.63,,
85225,2017,76.9612,,
85225,2018,73.7207,,
85225,2019,71.3795,,
85225,2020,64.16,,
85230,2000,58.58,,
85230,2001,65.43,,
85230,2002,62.43,,
85230,2003,67.01,,
85230,2004,70.01,,
85230,2005,72.2072,,
85230,2006,71.93,,
85230,2007,79.2,,
85230,2008,79.85,,
85230,2009,65.34,,
85230,2010,77.43,,
85230,2011,78.54,,
85230,2012,82.91,,
85230,2013,86.53,,
85230,2014,81.5119,,
85230,2015,83.7722,,
85230,2016,71.51,,
85230,2017,70.4016,,
85230,2018,72.8074,,
85230,2019,81.3572,,
85230,2020,68.21,,
85250,2000,56.04,,
85250,2001,55.64,,
85250,2002,62.36,,
85250,2003,68.18,,
85250,2004,62.78,,
85250,2005,66.5539,,
85250,2006,64.75,,
85250,2007,74.17,,
85250,2008,74.9,,
85250,2009,69.26,,
85250,2010,79.37,,
85250,2011,81.62,,
85250,2012,70.28,,
85250,2013,75.11,,
85250,2014,76.8469,,
85250,2015,76.6114,,
85250,2016,72.95,,
85250,2017,71.9259,,
85250,2018,73.7064,,
85250,2019,76.3507,,
85250,2020,71.68,,
85263,2000,54.91,,
85263,2001,56,,
85263,2002,62.36,,
85263,2003,62.38,,
85263,2004,58.38,,
85263,2005,59.4882,,
85263,2006,69.17,,
85263,2007,73.58,,
85263,2008,79.77,,
85263,2009,67.83,,
85263,2010,77.9,,
85263,2011,78.58,,
85263,2012,72.91,,
85263,2013,73.8,,
85263,2014,78.543,,
85263,2015,78.6687,,
85263,2016,74.11,,
85263,2017,72.3538,,
85263,2018,71.0061,,
85263,2019,73.9755,,
85263,2020,77.79,,
85279,2000,58.65,,
85279,2001,59.68,,
85279,2002,55.19,,
85279,2003,69.2,,
85279,2004,58.86,,
85279,2005,63.1689,,
85279,2006,64.13,,
85279,2007,62.85,,
85279,2008,73.92,,
85279,2009,65.49,,
85279,2010,74.51,,
85279,2011,61.25,,
85279,2012,60,,
85279,2013,83.29,,
85279,2014,77.4505,,
85279,2015,84.0224,,
85279,2016,76.63,,
85279,2017,61.4421,,
85279,2018,64.4957,,
85279,2019,62.9378,,
85279,2020,56.45,,
85300,2000,62.69,,
85300,2001,51.17,,
85300,2002,64.67,,
85300,2003,61.14,,
85300,2004,68.78,,
85300,2005,67.2631,,
85300,2006,71.38,,
85300,2007,62.98,,
85300,2008,68.41,,
85300,2009,68.18,,
85300,2010,79.45,,
85300,2011,78.32,,
85300,2012,77.91,,
85300,2013,82.84,,
85300,2014,82.6664,,
85300,2015,88.6558,,
85300,2016,86.28,,
85300,2017,87.8539,,
85300,2018,89.3858,,
85300,2019,90.5578,,
85300,2020,83.07,,
85315,2000,59.19,,
85315,2002,58.22,,
85315,2005,60.2496,,
85315,2006,66.03,,
85315,2007,57.64,,
85315,2008,54.5,,
85315,2009,62.31,,
85315,2010,78.21,,
85315,2011,64.52,,
85315,2012,58.05,,
85315,2013,60.34,,
85315,2014,59.6028,,
85315,2015,67.4653,,
85315,2016,57.68,,
85315,2017,65.8568,,
85315,2018,65.0046,,
85315,2019,62.0704,,
85315,2020,63.98,,
85325,2000,56.13,,
85325,2001,56.66,,
85325,2002,60.17,,
85325,2003,65.78,,
85325,2004,64.7,,
85325,2005,70.0785,,
85325,2006,72.87,,
85325,2007,76.51,,
85325,2008,75.71,,
85325,2009,64.1,,
85325,2010,73.21,,
85325,2011,76.68,,
85325,2012,69.9,,
85325,2013,75.33,,
85325,2014,81.7675,,
85325,2015,81.735,,
85325,2016,82.81,,
85325,2017,72.5237,,
85325,2018,74.0299,,
85325,2019,75.464,,
85325,2020,75.71,,
85400,2000,57.84,,
85400,2001,51.01,,
85400,2002,58.55,,
85400,2003,59.08,,
85400,2004,60.53,,
85400,2005,61.7819,,
85400,2006,70.03,,
85400,2007,68.56,,
85400,2008,63.99,,
85400,2009,63.14,,
85400,2010,63.83,,
85400,2011,64.62,,
85400,2012,64.61,,
85400,2013,68.76,,
85400,2014,69.0345,,
85400,2015,66.2542,,
85400,2016,61.43,,
85400,2017,61.471,,
85400,2018,60.8866,,
85400,2019,62.6104,,
85400,2020,62.54,,
85410,2000,56.23,,
85410,2001,65.84,,
85410,2002,72.26,,
85410,2003,70.94,,
85410,2004,70.67,,
85410,2005,73.2278,,
85410,2006,70.23,,
85410,2007,76.18,,
85410,2008,75.76,,
85410,2009,65.61,,
85410,2010,79.9,,
85410,2011,76.67,,
85410,2012,77.37,,
85410,2013,77.29,,
85410,2014,78.0437,,
85410,2015,80.3062,,
85410,2016,76.31,,
85410,2017,76.6551,,
85410,2018,76.3554,,
85410,2019,78.7306,,
85410,2020,79.92,,
85430,2000,58.41,,
85430,2001,61.83,,
85430,2002,62.64,,
85430,2003,64.27,,
85430,2004,67.21,,
85430,2005,73.8669,,
85430,2006,73.72,,
85430,2007,66.33,,
85430,2008,78.32,,
85430,2009,67.38,,
85430,2010,75.01,,
85430,2011,75.22,,
85430,2012,74.29,,
85430,2013,81.67,,
85430,2014,77.9028,,
85430,2015,77.7092,,
85430,2016,67.97,,
85430,2017,68.0422,,
85430,2018,66.7951,,
85430,2019,69.9775,,
85430,2020,70.18,,
85440,2000,59.69,,
85440,2001,53.98,,
85440,2002,62.52,,
85440,2003,66.24,,
85440,2004,61.82,,
85440,2005,63.6225,,
85440,2006,65.86,,
85440,2007,78.45,,
85440,2008,75.05,,
85440,2009,72.07,,
85440,2010,81.87,,
85440,2011,77.15,,
85440,2012,79.32,,
85440,2013,75.97,,
85440,2014,72.6847,,
85440,2015,77.8812,,
85440,2016,75.39,,
85440,2017,78.4756,,
85440,2018,78.1507,,
85440,2019,78.5077,,
85440,2020,74.89,,
86001,2000,49.33,,
86001,2001,52.19,,
86001,2002,52.85,,
86001,2003,51.64,,
86001,2004,44.91,,
86001,2005,56.6557,,
86001,2006,60.86,,
86001,2007,51.54,,
86001,2008,46.2,,
86001,2009,51.1,,
86001,2010,55.47,,
86001,2011,71.75,,
86001,2012,69.38,,
86001,2013,57.41,,
86001,2014,52.9341,,
86001,2015,65.1485,,
86001,2016,67.71,,
86001,2017,66.4713,,
86001,2018,73.4222,,
86001,2019,70.8175,,
86001,2020,65.76,,
86219,2000,44.77,,
86219,2001,48.4,,
86219,2002,55.43,,
86219,2003,38.69,,
86219,2004,55.35,,
86219,2005,56.6391,,
86219,2006,59.02,,
86219,2007,40.55,,
86219,2008,49.92,,
86219,2009,56.02,,
86219,2010,60.93,,
86219,2011,61.53,,
86219,2012,73.27,,
86219,2013,56.67,,
86219,2014,62.9509,,
86219,2015,70.014,,
86219,2016,58.24,,
86219,2017,48.0712,,
86219,2018,65.5895,,
86219,2019,69.5697,,
86219,2020,61.77,,
86320,2000,52.71,,
86320,2001,56.69,,
86320,2002,59.68,,
86320,2003,58.37,,
86320,2004,59.99,,
86320,2005,60.782,,
86320,2006,63.71,,
86320,2007,69.47,,
86320,2008,74.11,,
86320,2009,60.16,,
86320,2010,71.51,,
86320,2011,70.5,,
86320,2012,68.95,,
86320,2013,72.38,,
86320,2014,76.7032,,
86320,2015,71.411,,
86320,2016,70.17,,
86320,2017,71.8199,,
86320,2018,70.6717,,
86320,2019,75.4261,,
86320,2020,72,,
86568,2000,51.82,,
86568,2001,49.49,,
86568,2003,40.74,,
86568,2004,62.51,,
86568,2005,54.1923,,
86568,2006,61.59,,
86568,2007,66.27,,
86568,2008,68.24,,
86568,2009,56.12,,
86568,2010,50.61,,
86568,2011,71.83,,
86568,2012,74.46,,
86568,2013,77.38,,
86568,2014,76.1329,,
86568,2015,75.3141,,
86568,2016,52.07,,
86568,2017,70.9367,,
86568,2018,67.464,,
86568,2019,66.8062,,
86568,2020,66.54,,
86569,2000,55.11,,
86569,2001,52.56,,
86569,2002,57.68,,
86569,2003,55.9,,
86569,2004,56.16,,
86569,2005,56.1723,,
86569,2006,59.72,,
86569,2007,66.37,,
86569,2008,61.68,,
86569,2009,59.26,,
86569,2010,69.58,,
86569,2011,77.43,,
86569,2012,65.47,,
86569,2013,73.23,,
86569,2014,75.3104,,
86569,2015,74.6381,,
86569,2016,65.04,,
86569,2017,70.8225,,
86569,2018,62.872,,
86569,2019,70.1955,,
86569,2020,65.56,,
86571,2000,51.34,,
86571,2001,57.74,,
86571,2002,58.08,,
86571,2003,58.87,,
86571,2004,58.54,,
86571,2005,56.8302,,
86571,2006,57.37,,
86571,2007,58.96,,
86571,2008,56.56,,
86571,2009,58.46,,
86571,2010,65.75,,
86571,2011,63.84,,
86571,2012,63.1,,
86571,2013,65.67,,
86571,2014,67.9288,,
86571,2015,64.4905,,
86571,2016,54.67,,
86571,2017,58.4707,,
86571,2018,59.1534,,
86571,2019,58.0943,,
86571,2020,56.91,,
86573,2000,53.02,,
86573,2001,52.99,,
86573,2002,53.87,,
86573,2003,54.65,,
86573,2004,51.87,,
86573,2005,60.5136,,
86573,2006,56.95,,
86573,2007,64.93,,
86573,2009,58.05,,
86573,2010,65.14,,
86573,2011,68.16,,
86573,2012,66.5,,
86573,2013,56.15,,
86573,2014,57.1658,,
86573,2015,49.5224,,
86573,2016,60.01,,
86573,2017,43.158,,
86573,2018,42.9198,,
86573,2019,65.959,,
86573,2020,64.68,,
86749,2000,46.88,,
86749,2001,46.83,,
86749,2002,51.47,,
86749,2003,44.61,,
86749,2004,56.48,,
86749,2005,61.6377,,
86749,2006,57.29,,
86749,2007,38.9,,
86749,2008,68.89,,
86749,2009,62.01,,
86749,2010,65.99,,
86749,2011,78.6,,
86749,2012,65.28,,
86749,2013,61.22,,
86749,2014,68.3506,,
86749,2015,72.3941,,
86749,2016,62.07,,
86749,2017,66.1112,,
86749,2018,68.4598,,
86749,2019,67.8215,,
86749,2020,59.46,,
86755,2000,47.78,,
86755,2001,49.22,,
86755,2002,56.57,,
86755,2003,37.56,,
86755,2004,50.59,,
86755,2005,52.6925,,
86755,2006,55.5,,
86755,2007,40.1,,
86755,2008,55.62,,
86755,2009,60.23,,
86755,2010,67.18,,
86755,2011,75.95,,
86755,2012,59.89,,
86755,2013,63.91,,
86755,2014,73.9222,,
86755,2015,55.3931,,
86755,2016,73.54,,
86755,2017,68.9592,,
86755,2018,69.2327,,
86755,2020,63.35,,
86757,2000,61.47,,
86757,2001,65.56,,
86757,2002,58.75,,
86757,2003,59.73,,
86757,2004,64.65,,
86757,2005,64.4888,,
86757,2006,60.21,,
86757,2007,44.25,,
86757,2008,40.19,,
86757,2009,59.38,,
86757,2010,62.98,,
86757,2011,65.73,,
86757,2012,60.93,,
86757,2013,58.35,,
86757,2014,53.0253,,
86757,2015,73.1819,,
86757,2016,61.05,,
86757,2017,72.9547,,
86757,2018,70.8473,,
86757,2019,73.2482,,
86757,2020,71.61,,
86760,2000,46.92,,
86760,2001,50.78,,
86760,2002,53.97,,
86760,2003,53.77,,
86760,2004,57.82,,
86760,2005,55.6779,,
86760,2006,53.46,,
86760,2007,57,,
86760,2008,57.9,,
86760,2009,43.52,,
86760,2010,52.87,,
86760,2011,63.49,,
86760,2012,63.23,,
86760,2013,63.82,,
86760,2014,69.126,,
86760,2015,71.9387,,
86760,2016,63.52,,
86760,2017,65.8377,,
86760,2018,72.13,,
86760,2019,70.9318,,
86760,2020,63.66,,
86865,2000,54.63,,
86865,2001,55.59,,
86865,2002,58.54,,
86865,2003,30.45,,
86865,2004,44.27,,
86865,2005,58.3695,,
86865,2006,62.18,,
86865,2007,62.83,,
86865,2008,58.62,,
86865,2009,45.06,,
86865,2010,73.53,,
86865,2011,75.57,,
86865,2012,62.71,,
86865,2013,65.83,,
86865,2014,70.3212,,
86865,2015,76.8764,,
86865,2016,66.75,,
86865,2017,70.1597,,
86865,2018,71.8406,,
86865,2019,74.5639,,
86865,2020,72.72,,
86885,2000,51.21,,
86885,2001,51.6,,
86885,2002,59.13,,
86885,2003,56.04,,
86885,2004,59.29,,
86885,2005,56.1533,,
86885,2006,54.62,,
86885,2007,63.42,,
86885,2008,66.21,,
86885,2009,62.16,,
86885,2010,70.79,,
86885,2011,77.64,,
86885,2012,72.49,,
86885,2013,75.6,,
86885,2014,75.761,,
86885,2015,81.5352,,
86885,2016,72.45,,
86885,2017,73.6756,,
86885,2018,74.1482,,
86885,2019,72.5954,,
86885,2020,69.82,,
88001,2005,53.61,,
88564,2000,51.32,,
88564,2001,51.4,,
88564,2002,54.73,,
88564,2003,23.7,,
88564,2004,44.18,,
88564,2005,48.2097,,
88564,2006,51.06,,
88564,2007,64.06,,
88564,2008,70.89,,
88564,2009,66.53,,
88564,2010,71.9,,
88564,2011,73.7,,
88564,2012,70.06,,
88564,2013,69.91,,
88564,2014,67.3887,,
88564,2015,68.828,,
88564,2016,71.79,,
88564,2017,72.4346,,
88564,2018,69.6704,,
88564,2019,73.5974,,
88564,2020,68.37,,
91001,2000,57.71,,
91001,2001,54.19,,
91001,2002,55.83,,
91001,2003,53.11,,
91001,2004,60.44,,
91001,2005,65.8611,,
91001,2006,65.79,,
91001,2007,79.17,,
91001,2008,73.16,,
91001,2009,61.19,,
91001,2010,80.8,,
91001,2011,74.4,,
91001,2012,73.96,,
91001,2013,73.27,,
91001,2014,73.2364,,
91001,2015,74.2597,,
91001,2016,69.77,,
91001,2017,66.0752,,
91001,2018,72.0379,,
91001,2019,74.7348,,
91001,2020,70.19,,
91540,2000,49.29,,
91540,2001,49.09,,
91540,2002,54.2,,
91540,2003,56.08,,
91540,2004,56.85,,
91540,2005,55.9145,,
91540,2006,60.06,,
91540,2007,66.81,,
91540,2009,42.34,,
91540,2010,49.86,,
91540,2011,0,,
91540,2012,64.71,,
91540,2013,67.14,,
91540,2014,68.4792,,
91540,2015,72.1239,,
91540,2016,65.32,,
91540,2017,68.5342,,
91540,2018,71.8936,,
91540,2019,50.9278,,
91540,2020,68.36,,
94001,2000,52.09,,
94001,2001,56.58,,
94001,2002,47.18,,
94001,2003,46.26,,
94001,2004,60.23,,
94001,2005,56.0957,,
94001,2006,58.51,,
94001,2007,62.29,,
94001,2008,46.48,,
94001,2009,62.51,,
94001,2010,69.28,,
94001,2011,69.22,,
94001,2012,65.5,,
94001,2013,66.83,,
94001,2014,69.4771,,
94001,2015,73.8413,,
94001,2016,74.35,,
94001,2017,70.8892,,
94001,2018,71.575,,
94001,2019,74.3026,,
94001,2020,69.98,,
95001,2000,50.95,,
95001,2001,59.98,,
95001,2002,59.63,,
95001,2003,62.26,,
95001,2004,62.89,,
95001,2005,60.5947,,
95001,2006,62.14,,
95001,2007,63.25,,
95001,2008,63.04,,
95001,2009,64.13,,
95001,2010,72.46,,
95001,2011,72.3,,
95001,2012,69.08,,
95001,2013,67.94,,
95001,2014,70.7975,,
95001,2015,76.865,,
95001,2016,75.45,,
95001,2017,71.5843,,
95001,2018,72.5432,,
95001,2019,71.4121,,
95001,2020,70.68,,
95015,2001,55.69,,
95015,2003,45.85,,
95015,2004,49.83,,
95015,2005,48.1398,,
95015,2006,53.41,,
95015,2007,47.11,,
95015,2008,37.27,,
95015,2009,53.57,,
95015,2010,66.78,,
95015,2011,63.65,,
95015,2012,61.44,,
95015,2013,63.81,,
95015,2014,70.351,,
95015,2015,68.9188,,
95015,2016,65.19,,
95015,2017,58.8777,,
95015,2018,60.5111,,
95015,2019,64.5787,,
95015,2020,62.68,,
95025,2000,51.62,,
95025,2001,51.98,,
95025,2002,56.93,,
95025,2003,49.51,,
95025,2004,57.41,,
95025,2005,51.9389,,
95025,2006,52.02,,
95025,2007,58.69,,
95025,2008,58.61,,
95025,2009,58.55,,
95025,2010,64.33,,
95025,2011,63.69,,
95025,2012,64.02,,
95025,2013,64.43,,
95025,2014,72.9518,,
95025,2015,66.3065,,
95025,2016,66.28,,
95025,2017,63.993,,
95025,2018,66.4418,,
95025,2019,65.6469,,
95025,2020,62.77,,
95200,2000,48.74,,
95200,2002,27.3,,
95200,2003,44.88,,
95200,2004,38.65,,
95200,2005,34.9386,,
95200,2006,47.61,,
95200,2007,53.44,,
95200,2009,56.58,,
95200,2010,58.5,,
95200,2011,62.52,,
95200,2012,57.84,,
95200,2013,59.73,,
95200,2014,61.8359,,
95200,2015,38.6076,,
95200,2016,56.67,,
95200,2017,54.9961,,
95200,2018,66.5389,,
95200,2019,62.4588,,
95200,2020,61.09,,
97001,2000,50.92,,
97001,2001,55.1,,
97001,2002,64.69,,
97001,2003,61.72,,
97001,2004,60.98,,
97001,2005,64.949,,
97001,2006,60.14,,
97001,2007,60.69,,
97001,2008,61.81,,
97001,2009,47.83,,
97001,2010,52.78,,
97001,2011,66.7,,
97001,2012,64.79,,
97001,2013,69.46,,
97001,2014,79.6191,,
97001,2015,74.7361,,
97001,2016,73.36,,
97001,2017,67.8085,,
97001,2018,69.4236,,
97001,2019,73.0505,,
97001,2020,68.22,,
97161,2000,50.34,,
97161,2001,53.82,,
97161,2002,60.67,,
97161,2003,56.3,,
97161,2004,51.29,,
97161,2005,54.5712,,
97161,2006,51.5,,
97161,2007,59.75,,
97161,2008,64.53,,
97161,2009,61.63,,
97161,2010,64.58,,
97161,2011,65.01,,
97161,2012,61.62,,
97161,2013,61.71,,
97161,2014,63.7803,,
97161,2015,63.7371,,
97161,2016,58.89,,
97161,2017,58.098,,
97161,2018,64.9123,,
97161,2019,64.3201,,
97161,2020,56.81,,
97666,2000,54.09,,
97666,2001,56.65,,
97666,2002,61.12,,
97666,2004,52.9,,
97666,2005,61.0383,,
97666,2006,54.2,,
97666,2007,63.67,,
97666,2008,51.24,,
97666,2009,54.87,,
97666,2010,64.16,,
97666,2011,61.16,,
97666,2012,62.93,,
97666,2013,66.53,,
97666,2014,70.4347,,
97666,2015,69.2609,,
97666,2016,65.89,,
97666,2017,49.3291,,
97666,2018,76.5709,,
97666,2019,67.7316,,
97666,2020,32.23,,
99001,2000,53.23,,
99001,2001,52.98,,
99001,2002,55.23,,
99001,2003,53.03,,
99001,2004,55.98,,
99001,2005,57.577,,
99001,2006,55.55,,
99001,2007,56.96,,
99001,2008,58.6,,
99001,2009,62.29,,
99001,2010,72.89,,
99001,2011,71.94,,
99001,2012,70.48,,
99001,2013,71.33,,
99001,2014,73.8666,,
99001,2015,81.204,,
99001,2016,71.86,,
99001,2017,71.778,,
99001,2018,71.856,,
99001,2019,72.8497,,
99001,2020,70.86,,
99524,2000,54.65,,
99524,2001,59.25,,
99524,2002,56.07,,
99524,2003,55.91,,
99524,2004,52.65,,
99524,2005,58.6317,,
99524,2006,58.27,,
99524,2007,62.63,,
99524,2009,57.53,,
99524,2010,62.83,,
99524,2011,0,,
99524,2012,62.53,,
99524,2013,70.52,,
99524,2014,72.237,,
99524,2015,68.2021,,
99524,2016,66.68,,
99524,2017,69.4851,,
99524,2018,69.1413,,
99524,2019,67.5841,,
99524,2020,63.38,,
99624,2001,50.48,,
99624,2002,54.58,,
99624,2003,50.94,,
99624,2004,52.31,,
99624,2005,52.4247,,
99624,2006,58.56,,
99624,2007,62.05,,
99624,2008,50.01,,
99624,2009,56.1,,
99624,2010,64.78,,
99624,2011,65.68,,
99624,2012,68.23,,
99624,2013,66.84,,
99624,2014,70.2268,,
99624,2015,72.2465,,
99624,2016,63.11,,
99624,2017,58.1957,,
99624,2018,59.0299,,
99624,2019,64.2687,,
99624,2020,62.55,,
99773,2001,52.91,,
99773,2002,49.85,,
99773,2003,47.28,,
99773,2004,47.9,,
99773,2005,48.857,,
99773,2007,33.86,,
99773,2008,35.12,,
99773,2009,34.03,,
99773,2010,42.98,,
99773,2011,0,,
99773,2012,45.27,,
99773,2013,43.87,,
99773,2014,71.1535,,
99773,2015,76.1523,,
99773,2016,60.25,,
99773,2017,55.16,,
99773,2019,68.7597,,
99773,2020,62.68,,
