cod_divipola,anio,valor,numerador,denominador
05001,1993,0.3537,6,1696362
05001,1994,0,0,1726016
05001,1995,0,0,1756761
05001,1996,0.3356,6,1787831
05001,1997,0.0551,1,1816301
05001,1998,0.1624,3,1847391
05001,1999,0.1065,2,1877865
05001,2000,0.2621,5,1907859
05001,2001,0.3098,6,1936860
05001,2002,0.916,18,1965015
05001,2003,1.1041,22,1992640
05001,2004,0.1485,3,2019930
05001,2005,0.2932,6,2046341
05001,2006,0.1446,3,2074195
05001,2007,0.2379,5,2101771
05001,2008,0.1409,3,2129336
05001,2009,0.1391,3,2157094
05001,2010,0.2288,5,2185539
05001,2011,0.1355,3,2213549
05001,2012,0.357,8,2240690
05001,2013,0,0,2266969
05001,2014,0.0872,2,2293601
05001,2015,0.0431,1,2320791
05001,2016,0,0,2351077
05001,2017,0.0419,1,2385018
05001,2018,0,0,2427133
05001,2019,0,0,2455336
05001,2020,0,0,2489955
05002,1993,3.8662,1,25865
05002,2001,0,0,23978
05002,2002,0,0,23732
05002,2003,4.2611,1,23468
05002,2005,0,0,22942
05004,2000,36.2582,1,2758
05021,2013,0,0,4672
05021,2014,0,0,4674
05030,2001,0,0,26347
05031,1994,4.8735,1,20519
05031,1998,4.6635,1,21443
05031,2001,4.5198,1,22125
05031,2002,4.4789,1,22327
05031,2004,4.4008,1,22723
05031,2009,4.2066,1,23772
05031,2014,8.0798,2,24753
05031,2019,7.5469,2,26501
05034,2003,0,0,41827
05034,2004,2.3866,1,41901
05034,2005,0,0,41876
05034,2006,0,0,41913
05034,2009,0,0,42074
05034,2011,0,0,42173
05034,2012,2.3665,1,42257
05034,2014,2.3589,1,42393
05038,2001,7.9911,1,12514
05038,2002,8.0522,1,12419
05038,2003,8.1149,1,12323
05038,2005,8.2014,1,12193
05040,2001,6.5876,1,15180
05040,2003,12.8858,2,15521
05040,2004,6.3796,1,15675
05040,2005,18.9239,3,15853
05040,2006,6.2321,1,16046
05040,2008,12.207,2,16384
05040,2010,5.9762,1,16733
05040,2011,17.7431,3,16908
05040,2012,0,0,17072
05040,2013,0,0,17264
05040,2015,22.8128,4,17534
05040,2017,11.1167,2,17991
05040,2018,5.4594,1,18317
05040,2019,0,0,18801
05042,1999,8.9158,2,22432
05042,2003,0,0,23119
05044,1995,44.1891,3,6789
05045,1993,0,0,64625
05045,1994,4.4862,3,66872
05045,1995,5.7846,4,69149
05045,1996,2.798,2,71480
05045,1997,0,0,73747
05045,1998,1.3139,1,76108
05045,1999,1.2756,1,78396
05045,2000,4.9571,4,80693
05045,2001,2.4107,2,82962
05045,2002,3.5227,3,85163
05045,2003,4.5791,4,87353
05045,2004,1.117,1,89523
05045,2005,3.2724,3,91677
05045,2006,2.131,2,93851
05045,2007,3.1253,3,95990
05045,2008,1.0191,1,98124
05045,2009,1.9944,2,100282
05045,2010,2.9277,3,102469
05045,2011,0,0,104703
05045,2012,0.936,1,106833
05045,2013,5.5091,6,108910
05045,2014,0.9002,1,111088
05045,2015,3.5322,4,113243
05045,2016,0,0,115555
05045,2017,0,0,118064
05045,2018,0,0,121014
05045,2019,0,0,121255
05045,2020,1.6439,2,121664
05051,1999,6.7875,2,29466
05051,2000,0,0,29449
05051,2001,3.3996,1,29415
05051,2002,0,0,29358
05051,2004,0,0,29292
05051,2008,3.44,1,29070
05051,2013,3.4544,1,28949
05055,1994,8.7673,1,11406
05055,1997,9.1861,1,10886
05055,1999,56.6893,6,10584
05055,2000,115.2848,12,10409
05055,2001,48.7948,5,10247
05055,2002,119.0122,12,10083
05055,2003,40.3307,4,9918
05055,2004,92.2888,9,9752
05055,2005,41.7145,4,9589
05055,2006,53.0673,5,9422
05055,2007,53.9898,5,9261
05055,2008,21.9467,2,9113
05055,2009,11.1844,1,8941
05059,2014,18.5632,1,5387
05079,2003,0,0,42463
05079,2007,0,0,44721
05088,1993,0,0,286370
05088,1994,0,0,295918
05088,1998,0,0,334603
05088,1999,0.5809,2,344281
05088,2000,0,0,353884
05088,2001,0,0,363286
05088,2002,0.8053,3,372537
05088,2003,1.0479,4,381700
05088,2004,0.2559,1,390777
05088,2005,0,0,399798
05088,2006,0,0,408940
05088,2007,0,0,417978
05088,2008,0,0,427040
05088,2009,0,0,436136
05088,2011,0,0,454478
05088,2012,0,0,463443
05088,2013,0,0,472177
05088,2014,0,0,481036
05088,2015,0,0,490014
05088,2016,0.2002,1,499621
05088,2017,0,0,510031
05088,2018,0,0,522259
05088,2019,0,0,537451
05091,1996,16.0102,2,12492
05091,2007,0,0,11315
05093,1994,6.3135,1,15839
05093,1998,6.3263,1,15807
05093,1999,31.6616,5,15792
05093,2000,76.0794,12,15773
05093,2001,6.3528,1,15741
05093,2002,12.7218,2,15721
05093,2003,6.3727,1,15692
05093,2004,0,0,15665
05093,2008,0,0,15563
05101,1999,0,0,28160
05101,2001,10.7477,3,27913
05101,2003,3.6169,1,27648
05101,2004,3.6401,1,27472
05101,2005,0,0,27346
05101,2007,3.6954,1,27061
05107,2002,11.6009,1,8620
05107,2003,0,0,8570
05107,2006,23.7897,2,8407
05107,2010,0,0,8256
05107,2011,24.3546,2,8212
05113,1995,12.6711,1,7892
05113,2003,23.8436,2,8388
05120,1997,4.396,1,22748
05120,2001,8.356,2,23935
05120,2006,3.9565,1,25275
05120,2009,7.6684,2,26081
05120,2010,15.1728,4,26363
05120,2011,11.2452,3,26678
05120,2012,11.1309,3,26952
05120,2013,14.7097,4,27193
05120,2014,10.9079,3,27503
05120,2015,14.3828,4,27811
05120,2016,14.2177,4,28134
05120,2017,14.01,4,28551
05120,2018,17.2331,5,29014
05120,2019,51.4544,15,29152
05120,2020,6.8243,2,29307
05125,2003,12.9366,1,7730
05129,2000,3.3439,2,59811
05134,2002,10.0786,1,9922
05134,2005,10.248,1,9758
05134,2007,10.3573,1,9655
05134,2008,10.4134,1,9603
05138,2002,0,0,17815
05138,2003,17.0039,3,17643
05138,2004,5.73,1,17452
05138,2018,12.8775,2,15531
05147,2000,0,0,29363
05147,2001,0,0,30400
05147,2002,6.3662,2,31416
05147,2003,3.0848,1,32417
05147,2005,2.9037,1,34439
05147,2006,2.8225,1,35430
05147,2007,2.7454,1,36425
05147,2008,5.3422,2,37438
05147,2011,4.9416,2,40473
05147,2012,0,0,41450
05147,2014,4.6116,2,43369
05147,2015,0,0,44404
05148,2002,4.3584,2,45888
05148,2003,2.1416,1,46693
05148,2005,2.0728,1,48245
05148,2006,0,0,49038
05148,2008,0,0,50612
05154,1998,1.6581,1,60309
05154,2002,1.5077,1,66324
05154,2003,0,0,67770
05154,2004,4.3348,3,69208
05154,2005,4.2475,3,70630
05154,2006,0,0,72063
05154,2007,2.7205,2,73515
05154,2008,0,0,74919
05154,2009,1.3097,1,76352
05154,2010,1.2849,1,77825
05154,2011,2.5229,2,79274
05154,2012,1.2389,1,80719
05154,2013,0,0,82081
05154,2014,1.198,1,83472
05154,2015,1.1775,1,84926
05154,2016,0,0,86492
05154,2017,0,0,88188
05154,2018,0,0,90211
05154,2019,1.0989,1,91003
05154,2020,1.0885,1,91873
05172,1995,8.8464,3,33912
05172,1996,2.8599,1,34966
05172,1997,0,0,35994
05172,1998,2.6996,1,37043
05172,1999,0,0,38111
05172,2001,2.4895,1,40168
05172,2002,2.4297,1,41158
05172,2003,2.373,1,42140
05172,2004,0,0,43138
05172,2006,4.434,2,45106
05172,2009,2.0826,1,48017
05190,2006,10.4811,1,9541
05190,2011,0,0,9637
05197,1994,4.4162,1,22644
05197,1998,9.3519,2,21386
05197,2000,4.8204,1,20745
05197,2002,19.9054,4,20095
05197,2003,10.1235,2,19756
05197,2004,10.2939,2,19429
05197,2007,0,0,18454
05209,1996,0,0,21896
05209,1997,0,0,21884
05209,2004,4.6283,1,21606
05209,2005,4.641,1,21547
05212,2002,0,0,60283
05212,2005,0,0,63378
05212,2016,0,0,74957
05234,1994,4.5872,1,21800
05234,1996,4.5737,1,21864
05234,1997,9.1133,2,21946
05234,1998,9.0905,2,22001
05234,1999,4.5317,1,22067
05234,2000,18.084,4,22119
05234,2001,36.1043,8,22158
05234,2002,13.5342,3,22166
05234,2003,36.0133,8,22214
05234,2004,40.4276,9,22262
05234,2005,13.4704,3,22271
05234,2006,8.969,2,22299
05234,2007,4.4743,1,22350
05234,2009,4.4661,1,22391
05234,2010,0,0,22435
05234,2011,4.4456,1,22494
05234,2013,0,0,22542
05234,2014,4.4307,1,22570
05234,2015,4.4261,1,22593
05234,2016,0,0,22673
05234,2018,4.3388,1,23048
05234,2019,4.2702,1,23418
05237,1995,0,0,13927
05237,2002,0,0,15470
05237,2003,0,0,15660
05237,2008,0,0,16681
05237,2016,0,0,18332
05240,2003,0,0,13956
05240,2013,7.9258,1,12617
05240,2020,15.9426,2,12545
05250,1997,3.1619,1,31627
05250,1999,2.9744,1,33620
05250,2000,2.8893,1,34610
05250,2001,2.8113,1,35571
05250,2003,24.0365,9,37443
05250,2004,2.6061,1,38371
05250,2005,12.7317,5,39272
05250,2006,12.4273,5,40234
05250,2007,9.7177,4,41162
05250,2008,14.265,6,42061
05250,2009,6.9816,3,42970
05250,2010,2.2777,1,43903
05250,2011,2.2281,1,44881
05250,2012,6.5527,3,45783
05250,2013,6.427,3,46678
05250,2014,14.7179,7,47561
05250,2015,4.1243,2,48493
05250,2016,0,0,49488
05250,2018,3.8559,2,51868
05250,2019,1.8993,1,52651
05250,2020,7.4779,4,53491
05264,1996,0,0,7454
05266,2002,0.6153,1,162531
05266,2006,0,0,178564
05266,2007,0,0,182627
05266,2019,0,0,235397
05282,2015,4.1564,1,24059
05284,1999,0,0,24080
05284,2001,8.4395,2,23698
05284,2003,17.1829,4,23279
05284,2004,0,0,23066
05308,2002,2.5685,1,38933
05308,2003,0,0,39686
05308,2019,0,0,54202
05310,2004,0,0,9648
05310,2008,10.3918,1,9623
05313,1998,6.2077,1,16109
05313,1999,12.6823,2,15770
05313,2000,6.4641,1,15470
05313,2001,6.6024,1,15146
05313,2002,6.7513,1,14812
05313,2003,20.6996,3,14493
05313,2004,14.1193,2,14165
05313,2005,7.2036,1,13882
05313,2008,7.7178,1,12957
05315,2010,0,0,6549
05315,2011,0,0,6523
05315,2012,0,0,6521
05318,2000,0,0,39318
05318,2003,0,0,41805
05318,2008,0,0,45940
05321,2000,0,0,6146
05321,2003,0,0,6525
05347,2013,0,0,5807
05353,2007,18.8111,1,5316
05360,1993,0,0,171206
05360,1996,0,0,184376
05360,1998,0,0,192965
05360,2000,0.4961,1,201572
05360,2002,0,0,209868
05360,2003,0,0,213921
05360,2004,0,0,217935
05360,2005,1.3518,3,221921
05360,2010,0,0,242150
05360,2011,0,0,246219
05360,2017,0.369,1,271038
05360,2018,0.3613,1,276746
05361,1999,7.7598,2,25774
05361,2000,0,0,25800
05361,2001,7.7411,2,25836
05361,2002,19.3013,5,25905
05361,2003,19.2782,5,25936
05361,2004,11.5576,3,25957
05361,2005,26.8951,7,26027
05361,2006,3.8398,1,26043
05361,2007,7.6708,2,26073
05361,2008,7.6587,2,26114
05361,2009,3.8218,1,26166
05361,2010,19.044,5,26255
05361,2011,34.1725,9,26337
05361,2012,15.1486,4,26405
05361,2013,18.9229,5,26423
05361,2014,18.9157,5,26433
05361,2015,3.7695,1,26529
05361,2016,0,0,26625
05361,2017,7.4666,2,26786
05361,2018,14.7792,4,27065
05361,2019,7.2359,2,27640
05376,2000,0,0,45454
05376,2001,2.1497,1,46519
05376,2004,0,0,49648
05376,2006,1.9337,1,51714
05376,2007,1.8947,1,52779
05376,2008,0,0,53831
05376,2014,1.6662,1,60018
05376,2016,0,0,62185
05380,1998,0,0,47044
05380,2001,0,0,50712
05380,2002,0,0,51875
05380,2005,0,0,55384
05380,2011,0,0,62544
05380,2013,0,0,64870
05380,2014,0,0,66035
05380,2016,0,0,68483
05400,1994,0,0,16346
05400,1999,0,0,17437
05400,2000,5.6654,1,17651
05400,2002,5.5374,1,18059
05400,2004,5.4289,1,18420
05400,2005,0,0,18610
05411,1995,9.0769,1,11017
05411,1997,27.4048,3,10947
05411,1998,9.2013,1,10868
05411,2002,28.132,3,10664
05411,2006,0,0,10451
05425,1994,10.8202,1,9242
05425,1995,0,0,9166
05425,2005,0,0,8688
05440,1999,0,0,46903
05440,2003,1.9795,1,50518
05440,2004,0,0,51391
05467,2002,12.3609,1,8090
05467,2006,12.9719,1,7709
05475,2005,27.6932,1,3611
05475,2008,25.6674,1,3896
05475,2011,47.8469,2,4180
05475,2013,22.7739,1,4391
05475,2015,21.7912,1,4589
05475,2017,20.7987,1,4808
05475,2019,19.685,1,5080
05480,1998,17.7415,2,11273
05480,2002,16.9563,2,11795
05480,2003,0,0,11927
05480,2004,24.8715,3,12062
05480,2005,8.2136,1,12175
05480,2008,7.9694,1,12548
05480,2010,7.7973,1,12825
05480,2011,0,0,12940
05480,2013,0,0,13231
05483,1993,6.5552,1,15255
05483,1996,0,0,14576
05483,1999,50.1648,7,13954
05483,2000,21.8436,3,13734
05483,2001,7.3893,1,13533
05483,2002,22.5191,3,13322
05483,2003,15.2882,2,13082
05483,2007,0,0,12234
05483,2015,0,0,10650
05490,1995,0,0,32219
05490,1997,3.0169,1,33147
05490,1999,17.6284,6,34036
05490,2000,26.0998,9,34483
05490,2001,17.192,6,34900
05490,2002,48.145,17,35310
05490,2003,61.616,22,35705
05490,2004,41.557,15,36095
05490,2005,27.4228,10,36466
05490,2010,2.6003,1,38457
05490,2013,2.5242,1,39617
05495,2001,5.399,1,18522
05495,2005,9.9113,2,20179
05495,2008,4.6738,1,21396
05495,2009,4.5827,1,21821
05495,2010,4.4914,1,22265
05495,2011,4.4113,1,22669
05495,2013,4.2713,1,23412
05495,2015,4.1224,1,24258
05495,2016,4.0491,1,24697
05495,2017,0,0,25165
05495,2020,0,0,27004
05501,1997,0,0,3236
05501,2004,0,0,3214
05541,2000,0,0,17662
05543,1998,12.9032,1,7750
05543,1999,12.8966,1,7754
05543,2000,12.8833,1,7762
05543,2002,25.7467,2,7768
05543,2003,12.7812,1,7824
05543,2005,51.1378,4,7822
05543,2007,0,0,7851
05543,2017,12.4642,1,8023
05579,1999,3.0519,1,32766
05579,2000,0,0,33133
05579,2001,5.9766,2,33464
05579,2002,5.9193,2,33788
05579,2003,11.7281,4,34106
05579,2004,2.9054,1,34419
05579,2005,8.6386,3,34728
05579,2008,0,0,35674
05579,2012,10.8175,4,36977
05579,2014,2.6604,1,37588
05579,2015,0,0,37917
05579,2017,0,0,38721
05579,2018,0,0,39317
05579,2019,0,0,39202
05585,2003,6.5134,1,15353
05585,2004,6.5552,1,15255
05591,1994,9.1802,1,10893
05591,1998,0,0,12114
05591,1999,0,0,12402
05591,2000,0,0,12716
05591,2001,30.7527,4,13007
05591,2003,7.3627,1,13582
05591,2013,0,0,16417
05604,1994,4.5608,1,21926
05604,2000,4.2389,1,23591
05604,2002,0,0,24066
05604,2003,0,0,24305
05604,2004,12.2175,3,24555
05604,2005,32.2776,8,24785
05604,2007,3.9559,1,25279
05604,2009,7.7567,2,25784
05604,2010,0,0,26045
05604,2012,7.5332,2,26549
05604,2013,0,0,26684
05604,2014,3.715,1,26918
05604,2017,0,0,27869
05604,2018,3.5183,1,28423
05604,2020,6.6542,2,30056
05607,2004,0,0,18503
05607,2020,0,0,24807
05615,1999,0,0,92704
05615,2000,0,0,94958
05615,2001,0,0,97161
05615,2003,0,0,101457
05615,2004,1.9304,2,103608
05615,2011,0,0,118781
05615,2012,0,0,120936
05615,2013,0,0,123017
05615,2014,0,0,125195
05615,2015,0,0,127391
05631,2007,0,0,61730
05642,2007,0,0,19569
05647,2002,12.7129,1,7866
05647,2003,12.7698,1,7831
05647,2009,13.3245,1,7505
05647,2010,13.3994,1,7463
05647,2012,27.0819,2,7385
05647,2017,0,0,7243
05647,2018,0,0,7215
05649,1995,4.1789,1,23930
05649,1997,4.3,1,23256
05649,1998,4.3664,1,22902
05649,2000,8.996,2,22232
05649,2001,13.7224,3,21862
05649,2002,4.652,1,21496
05649,2003,4.7326,1,21130
05649,2004,9.6376,2,20752
05649,2005,4.9012,1,20403
05649,2008,10.3386,2,19345
05652,1993,15.6838,1,6376
05652,1995,15.8554,1,6307
05652,1997,31.9846,2,6253
05652,1998,32.1699,2,6217
05652,1999,48.5515,3,6179
05652,2001,48.9396,3,6130
05652,2002,147.6378,9,6096
05652,2003,66.368,4,6027
05652,2005,16.6945,1,5990
05659,2001,0,0,15241
05660,1999,21.6513,3,13856
05660,2000,43.4625,6,13805
05660,2001,21.8388,3,13737
05660,2002,7.3185,1,13664
05660,2003,0,0,13623
05660,2005,7.4085,1,13498
05660,2007,0,0,13398
05664,1995,5.9938,1,16684
05664,2003,0,0,18511
05664,2016,4.7112,1,21226
05665,1993,0,0,24814
05665,1994,0,0,25051
05665,1995,0,0,25267
05665,1996,0,0,25496
05665,1997,3.8787,1,25782
05665,1998,3.8417,1,26030
05665,1999,0,0,26284
05665,2000,3.771,1,26518
05665,2001,3.7385,1,26749
05665,2002,3.7058,1,26985
05665,2003,3.6755,1,27207
05665,2004,3.6478,1,27414
05665,2005,3.6199,1,27625
05665,2006,3.5929,1,27833
05665,2007,0,0,28042
05667,1996,0,0,17579
05667,1998,0,0,17412
05667,2000,17.4004,3,17241
05667,2001,5.8374,1,17131
05667,2006,6.0241,1,16600
05667,2007,12.1153,2,16508
05670,1996,4.8235,1,20732
05670,2000,4.7879,1,20886
05670,2001,4.7829,1,20908
05670,2002,4.7824,1,20910
05670,2004,0,0,20907
05670,2007,4.7799,1,20921
05670,2008,0,0,20932
05674,1995,4.5821,1,21824
05674,2000,4.5725,1,21870
05674,2020,0,0,23262
05679,2002,3.4666,1,28847
05679,2003,3.4866,1,28681
05679,2008,0,0,27790
05686,2006,0,0,32006
05690,2002,6.9488,1,14391
05697,2000,0,0,29266
05697,2002,0,0,29925
05697,2003,0,0,30228
05736,1996,3.6967,1,27051
05736,1997,3.6292,1,27554
05736,1999,3.4982,1,28586
05736,2000,3.4367,1,29098
05736,2001,10.1437,3,29575
05736,2002,0,0,30041
05736,2003,13.11,4,30511
05736,2004,3.2302,1,30958
05736,2005,3.1783,1,31463
05736,2007,6.1738,2,32395
05736,2008,3.0443,1,32848
05736,2009,0,0,33310
05736,2010,2.9616,1,33766
05736,2011,2.9206,1,34239
05736,2016,8.1956,3,36605
05736,2017,5.3805,2,37171
05736,2018,10.5541,4,37900
05736,2020,5.2333,2,38217
05756,1996,5.0182,2,39855
05756,1999,2.5379,1,39402
05756,2000,5.0983,2,39229
05756,2001,2.5611,1,39046
05756,2002,18.0162,7,38854
05756,2003,25.8839,10,38634
05756,2005,5.2432,2,38145
05756,2006,5.2704,2,37948
05756,2007,2.6482,1,37762
05756,2008,2.6626,1,37557
05756,2020,0,0,36598
05761,1997,0,0,13874
05761,1998,0,0,13940
05761,2000,7.1271,1,14031
05761,2005,6.9999,1,14286
05789,2002,5.3093,1,18835
05790,1993,5.6494,1,17701
05790,1999,5.005,1,19980
05790,2000,4.9106,1,20364
05790,2003,4.6627,1,21447
05790,2004,18.3537,4,21794
05790,2005,4.5165,1,22141
05790,2006,35.611,8,22465
05790,2007,13.1429,3,22826
05790,2008,4.3167,1,23166
05790,2009,8.4958,2,23541
05790,2010,4.1824,1,23910
05790,2011,12.3533,3,24285
05790,2012,4.07,1,24570
05790,2013,8.0402,2,24875
05790,2014,7.9393,2,25191
05790,2015,3.9114,1,25566
05790,2016,15.4006,4,25973
05790,2017,3.7877,1,26401
05790,2018,18.546,5,26960
05790,2019,10.9589,3,27375
05790,2020,7.1932,2,27804
05819,1994,16.1134,1,6206
05819,2003,70.1262,4,5704
05819,2010,18.8076,1,5317
05819,2018,20.028,1,4993
05837,1995,2.276,2,87875
05837,1997,0,0,91229
05837,1998,3.2294,3,92897
05837,1999,3.1733,3,94540
05837,2000,8.3188,8,96168
05837,2001,7.1645,7,97704
05837,2002,8.0635,8,99213
05837,2003,12.911,13,100689
05837,2004,8.8082,9,102178
05837,2005,5.792,6,103592
05837,2006,0.9519,1,105057
05837,2007,0.9386,1,106537
05837,2008,0.9258,1,108017
05837,2010,0,0,111028
05837,2011,0.8881,1,112602
05837,2013,1.731,2,115542
05837,2014,0,0,117026
05837,2015,0.8434,1,118571
05837,2016,0,0,120238
05837,2018,0,0,124559
05837,2020,0.7819,1,127888
05842,2000,0,0,8088
05842,2001,0,0,8026
05842,2002,12.5897,1,7943
05842,2004,0,0,7765
05842,2005,13.0039,1,7690
05842,2008,13.4084,1,7458
05847,1996,0,0,28599
05847,1998,3.4746,1,28780
05847,1999,0,0,28860
05847,2000,3.4593,1,28908
05847,2001,3.4526,1,28964
05847,2003,3.4449,1,29028
05847,2004,6.8854,2,29047
05847,2006,6.867,2,29125
05847,2007,10.2712,3,29208
05847,2008,3.4292,1,29161
05847,2010,6.8204,2,29324
05847,2012,3.4054,1,29365
05847,2013,6.8011,2,29407
05847,2014,3.3956,1,29450
05847,2015,3.3852,1,29540
05847,2016,3.3748,1,29631
05847,2018,3.3183,1,30136
05854,2002,7.3459,1,13613
05854,2004,22.0523,3,13604
05854,2005,0,0,13596
05854,2009,7.3508,1,13604
05854,2011,7.3335,1,13636
05854,2013,7.3271,1,13648
05854,2014,14.6509,2,13651
05854,2015,7.3003,1,13698
05854,2016,14.6167,2,13683
05854,2017,0,0,13700
05854,2018,14.4949,2,13798
05854,2019,21.325,3,14068
05858,2002,8.2352,1,12143
05858,2005,8.3105,1,12033
05858,2011,8.4118,1,11888
05858,2016,8.5056,1,11757
05861,1997,7.9327,1,12606
05873,2000,12.8684,1,7771
05873,2005,12.3183,1,8118
05873,2009,23.9177,2,8362
05873,2013,11.5594,1,8651
05873,2014,11.4312,1,8748
05873,2015,11.3947,1,8776
05873,2017,11.1582,1,8962
05885,2001,12.8883,1,7759
05885,2004,13.0293,1,7675
05885,2005,0,0,7669
05885,2006,26.1506,2,7648
05887,2007,5.1384,2,38923
05887,2009,0,0,39289
05887,2011,2.5201,1,39681
05887,2012,0,0,39868
05887,2013,0,0,40070
05887,2015,2.4741,1,40418
05887,2016,2.4575,1,40691
05887,2017,0,0,41029
05887,2018,0,0,41553
05887,2019,0,0,41595
05887,2020,2.3976,1,41708
05890,1993,4.4683,1,22380
05890,1996,4.4795,1,22324
05890,2002,4.4735,1,22354
05890,2003,4.4817,1,22313
05890,2005,4.4924,1,22260
05893,1994,9.4056,1,10632
05893,2000,0,0,12778
05893,2002,0,0,13460
05893,2003,0,0,13804
05893,2007,6.6155,1,15116
05893,2008,12.9066,2,15496
05893,2010,18.5667,3,16158
05895,1994,4.3543,1,22966
05895,1997,4.3085,1,23210
05895,2001,4.2589,1,23480
05895,2004,4.2298,1,23642
05895,2007,4.2086,1,23761
05895,2013,4.1594,1,24042
05895,2018,0,0,24659
05895,2019,0,0,25015
08001,1995,0,0,983505
08001,1996,0,0,996262
08001,1997,0,0,1008573
08001,1998,0,0,1020549
08001,2000,0,0,1043327
08001,2001,0.0949,1,1053899
08001,2002,0,0,1063877
08001,2003,0.0932,1,1073146
08001,2005,0,0,1090935
08001,2006,0,0,1098936
08001,2010,0,0,1128038
08001,2011,0,0,1134420
08001,2012,0,0,1140345
08001,2013,0,0,1146186
08001,2015,0,0,1158051
08001,2017,0,0,1180860
08078,1999,0,0,46797
08078,2011,0,0,56000
08078,2013,0,0,57347
08078,2016,0,0,59622
08078,2017,0,0,60676
08296,2017,0,0,58493
08433,1998,0,0,83350
08433,2004,0,0,97159
08549,1994,0,0,4638
08560,2002,0,0,19035
08573,2005,0,0,37735
08758,2000,0.5416,2,369257
08758,2002,0,0,396604
08758,2003,0.2439,1,409938
08758,2004,0,0,423016
08758,2012,0,0,521275
08758,2014,0,0,543857
11001,1993,0.0389,2,5138233
11001,1994,0,0,5296708
11001,1995,0,0,5455819
11001,1996,0,0,5614203
11001,1997,0.0173,1,5768738
11001,1998,0,0,5916230
11001,1999,0.0165,1,6055303
11001,2000,0.0485,3,6184880
11001,2001,0.0634,4,6304362
11001,2002,0.0935,6,6414904
11001,2003,0.1381,9,6518528
11001,2004,0.272,18,6616513
11001,2005,0.0894,6,6710910
11001,2006,0.1029,7,6801343
11001,2007,0.0291,2,6884569
11001,2008,0.0287,2,6960512
11001,2009,0,0,7031399
11001,2010,0,0,7096886
11001,2011,0.028,2,7152656
11001,2012,0,0,7195980
11001,2013,0,0,7228427
11001,2014,0.0138,1,7252949
11001,2015,0,0,7273265
11001,2016,0,0,7300918
11001,2017,0,0,7337449
11001,2018,0,0,7391056
11001,2019,0.0133,1,7533202
11001,2020,0,0,7717564
13001,1995,0,0,687500
13001,1997,0,0,721430
13001,1999,0.1317,1,759052
13001,2000,0.2585,2,773653
13001,2001,0,0,787731
13001,2002,0,0,801358
13001,2003,0.1228,1,814309
13001,2004,0,0,826818
13001,2005,0,0,838757
13001,2006,0,0,850452
13001,2007,0.1161,1,861563
13001,2008,0.1147,1,871497
13001,2009,0,0,884136
13001,2010,0,0,893696
13001,2012,0,0,911414
13001,2015,0.1069,1,935887
13006,2006,5.0277,1,19890
13006,2013,0,0,22295
13006,2015,4.355,1,22962
13006,2016,0,0,23384
13006,2017,4.2012,1,23803
13042,2003,13.0242,1,7678
13042,2004,12.9803,1,7704
13042,2005,12.9685,1,7711
13042,2006,12.9769,1,7706
13042,2013,0,0,7535
13042,2015,13.5208,1,7396
13042,2019,39.2979,3,7634
13074,1997,7.7924,1,12833
13074,1998,0,0,12799
13074,2001,7.6764,1,13027
13160,1996,22.482,1,4448
13160,1999,20.4415,1,4892
13160,2003,17.6056,1,5680
13160,2005,16.5344,1,6048
13160,2007,31.2891,2,6392
13160,2010,14.4781,1,6907
13160,2011,14.2005,1,7042
13160,2012,13.8293,1,7231
13160,2013,13.5172,1,7398
13160,2015,39.0879,3,7675
13212,1998,7.0107,1,14264
13212,2002,13.8533,2,14437
13212,2007,6.6676,1,14998
13244,1995,1.5084,1,66294
13244,2000,0,0,66375
13244,2001,2.9944,2,66792
13244,2003,1.4794,1,67596
13244,2004,1.472,1,67933
13244,2005,2.9296,2,68268
13244,2006,1.4585,1,68564
13244,2007,1.4532,1,68815
13244,2008,1.449,1,69012
13248,2014,11.9617,1,8360
13248,2017,11.7827,1,8487
13430,1999,0,0,108268
13430,2001,0.8968,1,111507
13430,2010,0,0,123845
13430,2013,0,0,126913
13430,2014,0.7822,1,127838
13430,2015,0,0,128781
13430,2016,0,0,129878
13442,1999,2.7506,1,36356
13442,2002,0,0,37993
13442,2004,2.557,1,39109
13442,2006,2.4865,1,40217
13458,1999,11.241,1,8896
13458,2001,10.3391,1,9672
13458,2004,9.2174,1,10849
13458,2005,8.919,1,11212
13458,2006,17.2073,2,11623
13458,2007,8.2912,1,12061
13458,2010,7.6324,1,13102
13458,2012,7.2041,1,13881
13458,2014,6.8315,1,14638
13458,2016,38.9231,6,15415
13458,2018,12.2122,2,16377
13458,2020,6.0147,1,16626
13473,2006,11.5701,2,17286
13473,2007,11.2911,2,17713
13473,2011,10.4064,2,19219
13473,2012,15.3139,3,19590
13473,2013,14.9858,3,20019
13473,2014,4.9032,1,20395
13473,2015,9.6085,2,20815
13473,2017,9.2268,2,21676
13473,2019,4.3298,1,23096
13473,2020,4.1603,1,24037
13490,2009,21.9974,1,4546
13490,2013,30.6701,2,6521
13490,2015,13.2118,1,7569
13490,2019,0,0,9917
13549,2018,4.1315,1,24204
13600,2004,13.5126,2,14801
13600,2013,9.1233,1,10961
13600,2018,9.4295,1,10605
13650,2001,9.827,1,10176
13654,2001,4.0841,1,24485
13654,2005,4.0705,1,24567
13654,2019,0,0,24584
13655,2006,0,0,7343
13657,2002,3.0373,1,32924
13667,2003,4.1549,1,24068
13667,2005,0,0,23039
13670,1999,4.849,1,20623
13670,2000,4.7488,1,21058
13670,2001,4.6538,1,21488
13670,2002,9.1278,2,21911
13670,2003,4.4783,1,22330
13670,2004,4.4012,1,22721
13670,2005,4.3266,1,23113
13670,2006,17.0358,4,23480
13670,2007,4.1923,1,23853
13670,2008,8.2669,2,24193
13670,2009,8.1623,2,24503
13670,2012,3.9373,1,25398
13670,2013,0,0,25649
13670,2014,23.1768,6,25888
13670,2015,7.6494,2,26146
13670,2016,0,0,26436
13670,2020,3.5509,1,28162
13683,2004,17.8742,3,16784
13683,2005,5.8391,1,17126
13683,2007,5.6252,1,17777
13683,2009,0,0,18422
13683,2010,5.343,1,18716
13683,2011,5.2662,1,18989
13683,2012,10.3729,2,19281
13683,2013,41.0404,8,19493
13683,2014,10.1168,2,19769
13683,2015,14.9574,3,20057
13683,2016,4.9283,1,20291
13683,2018,4.7708,1,20961
13683,2019,4.6891,1,21326
13688,1996,5.5732,1,17943
13688,1998,5.2359,1,19099
13688,2000,0,0,20426
13688,2001,4.727,1,21155
13688,2002,13.7049,3,21890
13688,2003,8.8464,2,22608
13688,2004,8.5745,2,23325
13688,2005,16.632,4,24050
13688,2007,19.6248,5,25478
13688,2008,3.8223,1,26162
13688,2009,7.4755,2,26754
13688,2010,7.299,2,27401
13688,2011,3.5657,1,28045
13688,2012,6.9757,2,28671
13688,2013,13.6668,4,29268
13688,2014,0,0,29863
13688,2015,3.2789,1,30498
13688,2016,6.435,2,31080
13688,2017,0,0,31756
13688,2018,6.1237,2,32660
13688,2020,0,0,33382
13744,1998,0,0,11426
13744,2001,8.142,1,12282
13744,2006,0,0,13987
13744,2012,0,0,15941
13744,2013,6.1607,1,16232
13744,2014,0,0,16608
13744,2015,0,0,16895
13744,2016,0,0,17260
13744,2019,0,0,18265
13744,2020,5.4192,1,18453
13810,2002,26.8673,4,14888
13810,2004,6.5091,1,15363
13810,2005,6.4205,1,15575
13810,2009,6.1226,1,16333
13810,2010,6.0503,1,16528
13810,2013,11.7309,2,17049
13810,2014,5.8136,1,17201
13810,2015,11.5201,2,17361
13810,2016,5.7094,1,17515
13810,2017,5.6344,1,17748
13836,1995,0,0,57893
13836,2017,0,0,102688
13873,2004,0,0,19866
13894,2003,8.7681,1,11405
15001,1995,0,0,108993
15001,1996,0,0,111985
15001,1999,0,0,121007
15001,2000,0.8066,1,123975
15001,2001,0,0,126886
15001,2002,0,0,129744
15001,2003,0,0,132661
15001,2004,0,0,135482
15001,2005,0,0,138131
15001,2006,0,0,140936
15001,2007,0,0,143677
15001,2011,0.6467,1,154630
15001,2013,0.6262,1,159682
15001,2015,0,0,164693
15047,1997,0,0,16258
15047,2002,6.2559,1,15985
15087,2000,12.1669,1,8219
15090,2004,0,0,1872
15097,2003,0,0,9033
15135,2003,25.2845,1,3955
15176,1996,0,0,40032
15176,2001,0,0,43987
15176,2005,0,0,46905
15176,2007,0,0,48379
15176,2013,0,0,52614
15180,1999,17.319,1,5774
15183,1999,7.8983,1,12661
15183,2000,8.0691,1,12393
15183,2004,8.8269,1,11329
15183,2006,0,0,10795
15183,2008,9.7352,1,10272
15185,2010,0,0,5873
15204,1997,0,0,10792
15204,2000,8.9993,1,11112
15204,2001,0,0,11160
15204,2002,0,0,11233
15204,2003,0,0,11286
15204,2004,0,0,11365
15223,2009,11.8511,1,8438
15223,2012,11.0975,1,9011
15223,2013,10.8378,1,9227
15223,2015,10.4026,1,9613
15236,2004,32.5309,1,3074
15238,2001,0,0,92541
15238,2005,0,0,99730
15238,2009,0,0,106885
15238,2010,0,0,108694
15244,2002,17.7148,1,5645
15244,2015,45.3309,2,4412
15299,2004,6.3187,1,15826
15299,2005,6.2723,1,15943
15322,2004,19.6021,2,10203
15332,2004,19.8807,1,5030
15367,2006,0,0,6876
15367,2012,0,0,6966
15377,2000,44.613,2,4483
15377,2001,22.5938,1,4426
15377,2002,45.798,2,4367
15377,2013,26.5816,1,3762
15377,2014,0,0,3710
15401,2002,0,0,1774
15407,2007,0,0,12390
15425,2004,20.4583,1,4888
15455,1998,22.304,2,8967
15455,2003,11.1557,1,8964
15455,2004,44.7628,4,8936
15455,2005,11.1957,1,8932
15455,2014,0,0,8745
15464,2002,19.2086,1,5206
15480,1998,0,0,11008
15491,2004,0,0,13573
15514,2004,51.2426,2,3903
15514,2005,52.0562,2,3842
15516,2001,3.8178,1,26193
15516,2002,0,0,26573
15516,2020,0,0,35217
15518,2001,36.2056,1,2762
15518,2012,80.5153,2,2484
15518,2016,41.7537,1,2395
15522,1999,44.843,1,2230
15533,2003,80.1603,2,2495
15533,2004,40.2414,1,2485
15533,2006,40.1445,1,2491
15550,2003,294.6376,5,1697
15550,2004,59.1366,1,1691
15550,2008,57.0776,1,1752
15572,1993,6.0698,2,32950
15572,1996,2.8883,1,34622
15572,1999,0,0,36411
15572,2000,0,0,36973
15572,2001,5.3299,2,37524
15572,2003,2.5892,1,38622
15572,2004,2.5553,1,39135
15572,2006,0,0,40176
15572,2008,0,0,41251
15572,2009,0,0,41789
15572,2012,0,0,43419
15572,2015,0,0,44938
15572,2019,0,0,47185
15646,1994,0,0,14014
15646,1995,0,0,14184
15646,2009,0,0,16496
15664,2003,0,0,5389
15664,2009,0,0,5184
15664,2016,0,0,4973
15667,2002,0,0,6160
15667,2003,16.4231,1,6089
15667,2004,16.518,1,6054
15681,2006,0,0,6604
15686,2009,0,0,7204
15690,2000,20.5508,1,4866
15755,1996,9.5538,1,10467
15755,1997,9.7333,1,10274
15755,1998,9.8493,1,10153
15755,2002,10.5252,1,9501
15755,2005,11.1371,1,8979
15755,2006,11.2524,1,8887
15757,2007,0,0,8011
15759,1993,0,0,88074
15759,1995,0,0,91369
15759,1999,1.0186,1,98177
15759,2001,0.9853,1,101489
15759,2003,1.9098,2,104724
15759,2004,2.8235,3,106252
15759,2010,0,0,115536
15798,2004,22.805,1,4385
15806,2004,9.5877,1,10430
15822,2002,0,0,5198
15861,2003,0,0,13653
17001,1993,0,0,371264
17001,1994,0.2669,1,374606
17001,1997,0,0,384083
17001,1998,0,0,386286
17001,1999,0,0,389158
17001,2000,0,0,391712
17001,2001,0,0,393881
17001,2002,0,0,395829
17001,2003,0.2515,1,397597
17001,2004,0,0,399117
17001,2005,0.2499,1,400148
17001,2006,0.249,1,401526
17001,2007,0,0,403186
17001,2008,0,0,404836
17001,2009,0,0,406601
17001,2010,0,0,408785
17001,2011,0,0,411019
17001,2012,0,0,413420
17001,2013,0,0,415873
17001,2014,0,0,418619
17001,2015,0,0,421538
17001,2016,0,0,425208
17001,2017,0,0,429333
17001,2018,0,0,434403
17001,2020,0,0,447015
17013,2000,0,0,28485
17013,2002,7.1914,2,27811
17013,2004,7.3932,2,27052
17013,2006,0,0,26210
17013,2008,0,0,25479
17013,2009,0,0,25111
17042,1997,12.4844,5,40050
17042,1999,2.5126,1,39800
17042,2000,2.5218,1,39654
17042,2004,0,0,38677
17042,2005,0,0,38357
17042,2015,2.7718,1,36078
17050,1998,21.1446,3,14188
17088,2000,0,0,13975
17174,2004,0,0,51505
17174,2010,0,0,50674
17272,2012,8.0341,1,12447
17380,1994,1.5078,1,66322
17380,1999,0,0,67897
17380,2000,1.4676,1,68140
17380,2001,4.3915,3,68314
17380,2002,1.4606,1,68463
17380,2003,1.4583,1,68571
17380,2005,1.4572,1,68623
17380,2010,0,0,69145
17388,2004,11.4142,1,8761
17433,2002,4.1044,1,24364
17433,2003,4.1864,1,23887
17433,2004,8.5383,2,23424
17433,2005,0,0,22888
17433,2006,0,0,22421
17442,2001,0,0,8417
17442,2004,0,0,8467
17442,2006,0,0,8510
17444,2002,6.4579,1,15485
17444,2003,0,0,15324
17444,2010,0,0,14059
17446,2004,27.7855,1,3599
17486,2005,0,0,24817
17486,2008,0,0,23697
17486,2009,0,0,23325
17486,2010,0,0,22947
17486,2011,0,0,22672
17495,2001,12.5913,1,7942
17524,2000,0,0,18739
17541,2000,0,0,28183
17541,2002,7.3421,2,27240
17541,2003,7.4892,2,26705
17541,2004,3.825,1,26144
17541,2005,3.9062,1,25600
17541,2015,0,0,20791
17541,2018,0,0,19905
17614,1994,2.9621,1,33760
17614,1998,0,0,37274
17614,2001,2.5193,1,39693
17614,2002,0,0,40379
17614,2003,2.4358,1,41054
17614,2004,4.7981,2,41683
17614,2005,0,0,42238
17614,2006,7.01,3,42796
17614,2007,4.6093,2,43391
17614,2008,0,0,43930
17614,2009,0,0,44527
17614,2010,0,0,45135
17614,2011,0,0,45694
17614,2012,0,0,46249
17614,2013,0,0,46838
17614,2014,2.1049,1,47509
17614,2016,0,0,48898
17616,2002,0,0,14222
17616,2013,0,0,11622
17653,2002,8.3326,2,24002
17653,2003,4.242,1,23574
17653,2005,4.3619,1,22926
17653,2008,0,0,21896
17653,2009,4.6313,1,21592
17662,1996,4.9865,2,40108
17662,1997,2.5023,1,39963
17662,1999,3.2036,1,31215
17662,2000,3.2617,1,30659
17662,2001,6.6591,2,30034
17662,2002,6.8069,2,29382
17662,2003,17.3738,5,28779
17662,2004,7.1164,2,28104
17662,2005,14.5906,4,27415
17662,2006,14.9415,4,26771
17662,2007,19.1747,5,26076
17662,2010,4.1278,1,24226
17665,2005,0,0,8364
17665,2008,0,0,7421
17777,2000,3.7319,1,26796
17777,2006,3.6735,1,27222
17867,2013,0,0,10333
17867,2014,0,0,10212
17867,2015,0,0,10190
17873,2003,0,0,51463
17873,2004,0,0,52255
17873,2008,0,0,55249
17877,2006,7.2601,1,13774
18001,1994,0,0,124545
18001,1995,3.9343,5,127088
18001,1996,0.7706,1,129766
18001,1997,0.7605,1,131487
18001,1998,3.7181,5,134479
18001,1999,0,0,137740
18001,2000,1.4173,2,141115
18001,2001,0,0,144547
18001,2002,3.3822,5,147833
18001,2003,6.6338,10,150744
18001,2004,3.2627,5,153247
18001,2005,3.2253,5,155026
18001,2006,2.5523,4,156723
18001,2007,5.6902,9,158167
18001,2008,0,0,159503
18001,2009,1.8666,3,160721
18001,2010,0,0,161863
18001,2011,1.8412,3,162937
18001,2012,1.8306,3,163885
18001,2013,0.6068,1,164798
18001,2014,3.6223,6,165639
18001,2015,1.2022,2,166359
18001,2016,0,0,167157
18001,2017,0,0,167802
18001,2018,1.1862,2,168606
18001,2019,0,0,170885
18001,2020,0.5765,1,173469
18029,1998,0,0,8455
18029,2004,14.0095,1,7138
18094,1998,0,0,13652
18094,1999,0,0,13549
18094,2001,7.525,1,13289
18094,2002,7.6017,1,13155
18094,2003,15.3787,2,13005
18094,2004,23.301,3,12875
18094,2012,8.4402,1,11848
18094,2020,17.8747,2,11189
18150,1994,7.2254,1,13840
18150,1995,6.8078,1,14689
18150,1999,5.5325,1,18075
18150,2000,10.6011,2,18866
18150,2001,15.2664,3,19651
18150,2002,14.7304,3,20366
18150,2003,9.4872,2,21081
18150,2004,18.3318,4,21820
18150,2005,17.7865,4,22489
18150,2006,17.2779,4,23151
18150,2007,16.7785,4,23840
18150,2008,16.3339,4,24489
18150,2009,19.906,5,25118
18150,2010,11.6428,3,25767
18150,2011,26.5222,7,26393
18150,2012,14.8121,4,27005
18150,2013,28.9708,8,27614
18150,2014,17.7292,5,28202
18150,2015,27.7855,8,28792
18150,2016,6.809,2,29373
18150,2017,6.6908,2,29892
18150,2018,16.4501,5,30395
18150,2019,0,0,30785
18150,2020,3.2112,1,31141
18205,1996,17.6803,1,5656
18205,2002,30.9741,2,6457
18205,2003,15.2555,1,6555
18205,2005,0,0,6758
18205,2006,14.6563,1,6823
18205,2007,43.5287,3,6892
18205,2008,14.3062,1,6990
18205,2009,14.1523,1,7066
18205,2010,13.9978,1,7144
18205,2011,55.5093,4,7206
18205,2012,13.8255,1,7233
18205,2013,27.3336,2,7317
18205,2014,27.0416,2,7396
18205,2015,13.4156,1,7454
18205,2018,13.1544,1,7602
18205,2019,13.1285,1,7617
18247,2002,4.6698,1,21414
18247,2003,0,0,21351
18247,2004,0,0,21291
18247,2005,9.4607,2,21140
18247,2006,4.756,1,21026
18247,2007,9.5552,2,20931
18247,2008,4.8091,1,20794
18247,2009,4.8419,1,20653
18247,2010,4.8807,1,20489
18247,2011,9.8198,2,20367
18247,2012,14.8339,3,20224
18247,2013,0,0,20072
18247,2014,25.0828,5,19934
18247,2015,0,0,19764
18247,2019,0,0,19390
18256,2001,6.2356,1,16037
18256,2003,0,0,16329
18256,2004,6.0827,1,16440
18256,2005,6.0361,1,16567
18256,2006,5.9934,1,16685
18256,2007,5.9435,1,16825
18256,2008,5.8997,1,16950
18256,2009,11.7048,2,17087
18256,2010,17.454,3,17188
18256,2011,0,0,17337
18256,2012,5.7303,1,17451
18410,1999,26.5692,4,15055
18410,2000,6.6587,1,15018
18410,2001,13.4336,2,14888
18410,2002,13.5511,2,14759
18410,2003,20.4876,3,14643
18410,2004,13.7315,2,14565
18410,2005,20.7025,3,14491
18410,2006,13.815,2,14477
18410,2007,27.5957,4,14495
18410,2008,41.3708,6,14503
18410,2011,13.6968,2,14602
18410,2012,40.9864,6,14639
18410,2013,20.4652,3,14659
18410,2014,20.4652,3,14659
18410,2015,6.7926,1,14722
18410,2016,6.7935,1,14720
18460,1993,10.9541,1,9129
18460,2000,10.6191,1,9417
18460,2003,10.7573,1,9296
18460,2005,10.8389,1,9226
18460,2008,32.1165,3,9341
18460,2013,10.4199,1,9597
18460,2014,20.8572,2,9589
18592,1997,3.1808,1,31439
18592,1998,3.1934,1,31315
18592,2001,3.2547,1,30725
18592,2002,6.5669,2,30456
18592,2003,9.9384,3,30186
18592,2005,6.7449,2,29652
18592,2006,10.2017,3,29407
18592,2007,13.7005,4,29196
18592,2008,3.4502,1,28984
18592,2009,3.4769,1,28761
18592,2010,17.5131,5,28550
18592,2011,7.0587,2,28334
18592,2012,3.5586,1,28101
18592,2013,3.5912,1,27846
18592,2014,10.87,3,27599
18592,2015,3.6586,1,27333
18592,2017,0,0,26841
18592,2020,3.7213,1,26872
18610,1998,39.3391,3,7626
18610,1999,25.1984,2,7937
18610,2003,10.8038,1,9256
18610,2005,10.2733,1,9734
18610,2006,0,0,10003
18610,2007,9.7637,1,10242
18610,2008,9.5157,1,10509
18610,2009,9.2833,1,10772
18610,2011,17.8079,2,11231
18610,2012,8.6979,1,11497
18610,2013,17.0823,2,11708
18610,2014,8.3872,1,11923
18610,2015,41.0644,5,12176
18610,2016,0,0,12379
18610,2019,0,0,12889
18753,1995,5.6497,2,35400
18753,1997,8.0686,3,37181
18753,1998,5.2487,2,38105
18753,1999,2.5636,1,39008
18753,2000,7.5504,3,39733
18753,2001,0,0,40428
18753,2002,9.7283,4,41117
18753,2003,23.9561,10,41743
18753,2004,2.3584,1,42401
18753,2005,18.6185,8,42968
18753,2006,20.6394,9,43606
18753,2007,24.8537,11,44259
18753,2008,31.1624,14,44926
18753,2009,17.5508,8,45582
18753,2010,21.6132,10,46268
18753,2011,14.9247,7,46902
18753,2012,33.6693,16,47521
18753,2013,41.5645,20,48118
18753,2014,24.6488,12,48684
18753,2015,6.0967,3,49207
18753,2016,2.0088,1,49782
18753,2017,3.9777,2,50280
18753,2018,7.8885,4,50707
18753,2019,1.9565,1,51111
18753,2020,1.9399,1,51548
18756,2004,11.1932,1,8934
18756,2006,10.8108,1,9250
18756,2007,31.8201,3,9428
18756,2008,20.8529,2,9591
18756,2009,20.4708,2,9770
18756,2010,20.0783,2,9961
18756,2011,29.6413,3,10121
18756,2012,38.9067,4,10281
18756,2013,76.5038,8,10457
18756,2014,37.7038,4,10609
18756,2015,27.8603,3,10768
18756,2016,9.1466,1,10933
18756,2017,9.0212,1,11085
18756,2019,18.005,2,11108
18756,2020,18.1488,2,11020
18785,1998,11.5969,1,8623
18785,2003,0,0,7942
18785,2004,12.8025,1,7811
18785,2005,26.0756,2,7670
18785,2006,13.1944,1,7579
18785,2007,26.7451,2,7478
18785,2009,13.8389,1,7226
18785,2010,13.9958,1,7145
18785,2012,57.7201,4,6930
18785,2013,14.7189,1,6794
18785,2014,14.988,1,6672
18785,2017,15.7729,1,6340
18785,2020,15.9236,1,6280
18860,1994,5.112,1,19562
18860,1996,4.5354,1,22049
18860,1998,0,0,14112
18860,1999,7.2828,1,13731
18860,2002,8.0913,1,12359
18860,2003,16.7827,2,11917
18860,2004,8.6858,1,11513
18860,2009,0,0,9795
18860,2010,10.5541,1,9475
18860,2020,14.2613,1,7012
19001,1993,0.4584,1,218157
19001,1995,0,0,227455
19001,1996,0,0,231963
19001,1997,0,0,236320
19001,1998,0,0,243034
19001,1999,0,0,243219
19001,2000,0,0,249792
19001,2001,0,0,256541
19001,2002,0.3836,1,260679
19001,2003,1.1335,3,264657
19001,2004,0,0,268568
19001,2005,0,0,272261
19001,2006,0.3621,1,276137
19001,2007,0.3615,1,276645
19001,2008,0,0,282115
19001,2009,0.35,1,285751
19001,2010,0.3455,1,289412
19001,2011,0,0,292988
19001,2012,0,0,296431
19001,2013,1.0006,3,299819
19001,2014,0,0,303267
19001,2015,0,0,306782
19001,2016,0,0,310409
19001,2017,0,0,314054
19001,2018,0,0,318055
19001,2019,0,0,324594
19001,2020,0,0,331304
19022,2008,10.5641,2,18932
19022,2012,5.3553,1,18673
19050,2001,9.2128,2,21709
19050,2002,4.5442,1,22006
19050,2003,8.9582,2,22326
19050,2005,8.7596,2,22832
19050,2006,4.3329,1,23079
19050,2007,29.8139,7,23479
19050,2008,12.6941,3,23633
19050,2009,16.7602,4,23866
19050,2010,29.0204,7,24121
19050,2011,12.3011,3,24388
19050,2012,12.1758,3,24639
19050,2013,44.2389,11,24865
19050,2014,7.9697,2,25095
19050,2015,3.9484,1,25327
19050,2016,3.909,1,25582
19050,2018,3.8256,1,26140
19050,2019,3.7895,1,26389
19050,2020,7.5134,2,26619
19075,2000,10.3595,2,19306
19075,2007,4.9754,1,20099
19075,2011,0,0,20438
19075,2013,4.8494,1,20621
19100,1998,1.6853,1,59335
19100,1999,3.3601,2,59522
19100,2002,2.0876,1,47902
19100,2003,2.1152,1,47277
19100,2007,2.2231,1,44982
19100,2008,4.5307,2,44143
19100,2012,2.4021,1,41631
19100,2013,2.4387,1,41005
19100,2015,5.0368,2,39708
19110,2001,12.8728,3,23305
19110,2003,4.1068,1,24350
19110,2006,3.873,1,25820
19110,2014,3.3829,1,29560
19130,1995,2.5824,1,38724
19130,2000,2.5356,1,39439
19130,2002,2.5276,1,39563
19130,2003,2.5176,1,39720
19130,2006,2.4872,1,40206
19130,2009,0,0,40712
19130,2011,2.4389,1,41002
19130,2012,2.4326,1,41109
19130,2014,2.4164,1,41384
19130,2020,4.6174,2,43314
19137,1996,4.3743,1,22861
19137,1997,4.2128,1,23737
19137,2000,0,0,26155
19137,2002,0,0,27722
19137,2006,6.4698,2,30913
19137,2008,3.074,1,32531
19137,2009,6.0047,2,33307
19137,2010,20.5786,7,34016
19137,2011,5.7567,2,34742
19137,2012,19.7161,7,35504
19137,2013,2.7583,1,36254
19137,2014,5.4066,2,36992
19137,2015,2.6504,1,37730
19142,2007,4.7279,1,21151
19142,2008,22.8238,5,21907
19142,2010,8.4527,2,23661
19142,2013,3.825,1,26144
19142,2014,3.7177,1,26898
19142,2019,3.2955,1,30344
19142,2020,3.2733,1,30550
19212,1999,4.3182,1,23158
19212,2000,8.573,2,23329
19212,2001,8.5023,2,23523
19212,2002,21.1327,5,23660
19212,2003,4.2043,1,23785
19212,2004,8.3668,2,23904
19212,2005,16.6521,4,24021
19212,2006,0,0,24128
19212,2007,16.5625,4,24151
19212,2009,8.2021,2,24384
19212,2010,4.0858,1,24475
19212,2012,8.1093,2,24663
19212,2013,0,0,24727
19212,2014,4.0235,1,24854
19212,2019,3.8935,1,25684
19212,2020,3.8305,1,26106
19256,1998,2.0044,1,49889
19256,1999,1.9789,1,50533
19256,2000,1.9807,1,50487
19256,2001,1.9831,1,50425
19256,2002,7.9003,4,50631
19256,2003,1.9659,1,50867
19256,2004,7.8289,4,51093
19256,2005,5.8493,3,51288
19256,2006,11.6484,6,51509
19256,2007,11.5258,6,52057
19256,2008,5.7686,3,52006
19256,2009,1.917,1,52164
19256,2010,5.7315,3,52342
19256,2011,3.8081,2,52520
19256,2012,5.6953,3,52675
19256,2013,13.2498,7,52831
19256,2014,16.9789,9,53007
19256,2015,1.8793,1,53211
19256,2016,1.871,1,53446
19256,2017,3.7296,2,53625
19256,2018,5.5664,3,53895
19256,2019,1.8334,1,54544
19256,2020,7.247,4,55195
19290,2000,0,0,5784
19318,2005,3.6502,1,27396
19318,2007,3.6503,1,27395
19318,2009,3.6451,1,27434
19318,2010,32.7702,9,27464
19318,2012,3.6397,1,27475
19318,2013,3.6405,1,27469
19318,2014,3.6395,1,27476
19318,2015,3.6403,1,27470
19318,2017,3.6331,1,27525
19318,2018,3.6206,1,27620
19318,2019,10.7535,3,27898
19355,2000,13.5007,3,22221
19355,2001,8.8798,2,22523
19355,2005,4.1497,1,24098
19355,2010,3.8417,1,26030
19355,2011,11.3757,3,26372
19355,2012,7.4847,2,26721
19355,2013,3.6915,1,27089
19355,2020,3.4427,1,29047
19364,1999,9.0926,1,10998
19364,2000,8.7958,1,11369
19364,2001,8.5492,1,11697
19364,2002,16.5494,2,12085
19364,2003,8.0147,1,12477
19364,2005,7.5494,1,13246
19364,2007,14.2776,2,14008
19364,2009,20.4443,3,14674
19364,2010,6.6481,1,15042
19364,2011,6.4906,1,15407
19364,2012,19.021,3,15772
19364,2013,18.6116,3,16119
19364,2014,42.5015,7,16470
19364,2015,23.7812,4,16820
19392,2001,8.2488,1,12123
19392,2005,8.5092,1,11752
19392,2008,8.6768,1,11525
19392,2014,9.1066,1,10981
19397,1995,4.6944,1,21302
19397,2000,4.5428,1,22013
19397,2002,4.5015,1,22215
19397,2003,4.4687,1,22378
19397,2004,4.4431,1,22507
19418,2009,5.7254,1,17466
19450,2004,5.0597,1,19764
19450,2006,0,0,20183
19450,2008,9.6815,2,20658
19450,2010,4.7481,1,21061
19450,2017,4.4627,1,22408
19455,1997,11.78,3,25467
19455,2001,0,0,26825
19455,2006,0,0,28280
19455,2008,10.4319,3,28758
19455,2010,3.4145,1,29287
19455,2011,3.3855,1,29538
19455,2012,3.3584,1,29776
19455,2013,0,0,30029
19455,2014,0,0,30244
19455,2015,0,0,30514
19455,2018,0,0,31363
19455,2019,3.1585,1,31661
19473,2005,0,0,29691
19473,2011,5.8777,2,34027
19473,2012,5.7675,2,34677
19473,2013,2.8269,1,35374
19473,2014,2.7721,1,36074
19473,2015,2.7203,1,36761
19473,2018,2.5749,1,38836
19473,2019,2.5088,1,39859
19517,1998,4.0061,1,24962
19517,2008,5.5755,2,35871
19517,2010,2.6396,1,37885
19517,2012,5.0174,2,39861
19517,2013,7.3461,3,40838
19517,2019,2.129,1,46971
19517,2020,4.1516,2,48174
19532,2001,2.7692,1,36112
19532,2002,8.2944,3,36169
19532,2003,5.5235,2,36209
19532,2004,5.5125,2,36281
19532,2005,8.2599,3,36320
19532,2006,11.0014,4,36359
19532,2007,0,0,36431
19532,2008,2.7443,1,36439
19532,2009,2.7409,1,36485
19532,2010,2.7415,1,36477
19532,2011,5.4757,2,36525
19532,2012,8.2014,3,36579
19532,2013,5.4673,2,36581
19532,2014,5.4576,2,36646
19532,2015,8.1757,3,36694
19532,2019,5.3727,2,37225
19532,2020,5.3169,2,37616
19533,2001,21.0172,1,4758
19533,2002,0,0,4962
19533,2005,34.6681,2,5769
19533,2007,0,0,6239
19533,2009,29.8151,2,6708
19533,2010,43.3025,3,6928
19533,2011,13.9315,1,7178
19533,2012,27.0234,2,7401
19533,2013,13.1079,1,7629
19533,2017,11.7385,1,8519
19548,1993,3.4229,1,29215
19548,2001,0,0,33181
19548,2006,0,0,35591
19548,2007,2.7728,1,36065
19548,2010,2.6767,1,37360
19548,2020,0,0,41657
19573,2001,7.5451,3,39761
19573,2005,2.4781,1,40354
19573,2008,2.4692,1,40499
19573,2009,0,0,40595
19573,2013,2.4356,1,41057
19573,2019,0,0,42120
19573,2020,0,0,42617
19585,2007,0,0,14544
19622,2011,0,0,11346
19622,2019,0,0,11572
19693,1996,10.3541,1,9658
19693,1999,10.0949,1,9906
19693,2000,10.0867,1,9914
19693,2001,20.245,2,9879
19693,2002,20.0461,2,9977
19698,1999,0,0,86425
19698,2000,1.1376,1,87904
19698,2001,0,0,89455
19698,2002,1.1009,1,90837
19698,2003,1.085,1,92169
19698,2004,0,0,93500
19698,2005,0,0,94742
19698,2006,0,0,96065
19698,2007,0,0,97115
19698,2008,0,0,98428
19698,2009,1.0035,1,99650
19698,2010,0.9914,1,100867
19698,2011,0.9798,1,102064
19698,2012,0.9689,1,103205
19698,2013,0.9581,1,104375
19698,2014,1.8953,2,105525
19698,2017,0,0,109215
19698,2019,0,0,113322
19698,2020,0.8602,1,116253
19701,1994,9.6219,1,10393
19701,1995,27.9434,3,10736
19701,1996,27.0222,3,11102
19701,1997,30.5998,2,6536
19701,1998,15.6397,1,6394
19701,1999,77.8452,5,6423
19701,2000,125.8059,8,6359
19701,2001,16.0772,1,6220
19701,2002,32.4359,2,6166
19701,2003,81.7528,5,6116
19701,2006,16.728,1,5978
19701,2008,34.188,2,5850
19701,2009,17.2354,1,5802
19701,2010,34.8736,2,5735
19701,2011,17.5162,1,5709
19743,2009,3.1812,1,31435
19743,2012,2.9911,1,33432
19743,2013,2.9364,1,34055
19760,1995,9.7238,1,10284
19760,1999,18.1225,2,11036
19760,2001,17.8158,2,11226
19760,2004,17.0111,2,11757
19760,2013,0,0,13137
19780,2002,11.3632,3,26401
19780,2009,3.4565,1,28931
19780,2010,6.8336,2,29267
19780,2012,3.3446,1,29899
19780,2013,23.1704,7,30211
19780,2015,6.4725,2,30900
19780,2017,3.1659,1,31587
19780,2019,9.1274,3,32868
19780,2020,8.865,3,33841
19785,2004,0,0,9926
19785,2005,0,0,9858
19807,2005,3.0353,1,32946
19807,2009,0,0,33747
19807,2011,0,0,34108
19807,2015,0,0,34868
19809,2000,4.7904,1,20875
19809,2001,4.7333,1,21127
19809,2004,4.5312,1,22069
19809,2011,4.1413,1,24147
19809,2012,4.0975,1,24405
19809,2014,4.0061,1,24962
19809,2020,3.6887,1,27110
19821,2000,5.4924,1,18207
19821,2001,5.2301,1,19120
19821,2002,4.9635,1,20147
19821,2003,4.7293,1,21145
19821,2004,4.5177,1,22135
19821,2005,8.6606,2,23093
19821,2006,4.1501,1,24096
19821,2007,15.8655,4,25212
19821,2008,26.8066,7,26113
19821,2009,22.1803,6,27051
19821,2010,17.8463,5,28017
19821,2011,6.914,2,28927
19821,2012,20.1538,6,29771
19821,2013,32.6232,10,30653
19821,2014,15.8403,5,31565
19821,2015,6.158,2,32478
19821,2016,0,0,33386
19821,2017,11.6543,4,34322
19821,2020,8.1891,3,36634
19824,2014,4.4098,1,22677
19845,2012,0,0,19011
19845,2016,0,0,20139
20001,1998,0,0,318020
20001,1999,0,0,326742
20001,2000,0.5986,2,334100
20001,2001,0.8775,3,341894
20001,2002,0.8566,3,350235
20001,2003,2.506,9,359142
20001,2004,1.086,4,368337
20001,2005,1.0603,4,377260
20001,2006,2.5906,10,386014
20001,2007,0,0,394429
20001,2008,0,0,402539
20001,2009,0.2437,1,410263
20001,2010,0,0,417914
20001,2011,0,0,425252
20001,2012,0,0,432509
20001,2013,0,0,439872
20001,2014,0,0,447218
20001,2015,0,0,454906
20001,2017,0,0,474596
20001,2019,0,0,512113
20011,1999,2.7654,2,72321
20011,2000,1.3509,1,74023
20011,2003,1.2509,1,79942
20011,2004,2.4352,2,82129
20011,2006,1.1587,1,86302
20011,2011,1.0519,1,95063
20011,2012,0,0,96687
20013,1999,2.1,1,47619
20013,2000,6.2282,3,48168
20013,2001,2.0499,1,48782
20013,2002,2.0228,1,49437
20013,2004,3.9375,2,50794
20013,2005,1.9444,1,51429
20013,2009,1.8627,1,53685
20013,2012,0,0,55429
20013,2013,1.7851,1,56018
20032,2008,0,0,17918
20045,2000,6.2131,1,16095
20045,2002,6.0241,1,16600
20045,2004,5.8572,1,17073
20178,2000,0,0,21386
20178,2003,0,0,22125
20178,2014,11.885,3,25242
20228,1996,3.4401,1,29069
20228,1999,3.349,1,29860
20228,2002,0,0,30812
20228,2004,3.197,1,31279
20228,2005,3.175,1,31496
20228,2006,3.1509,1,31737
20228,2007,9.3706,3,32015
20228,2014,0,0,34643
20228,2015,0,0,35086
20228,2017,2.7535,1,36317
20238,2003,3.724,1,26853
20238,2004,3.7136,1,26928
20238,2005,7.4145,2,26974
20238,2006,11.0861,3,27061
20250,2000,0,0,26057
20250,2004,0,0,27086
20295,2004,0,0,12591
20295,2007,0,0,12832
20310,2003,15.8303,1,6317
20310,2016,22.2272,1,4499
20383,2004,7.4245,1,13469
20383,2009,0,0,13864
20383,2012,6.8046,1,14696
20400,2003,3.1629,1,31617
20400,2004,0,0,32414
20400,2012,0,0,39592
20400,2014,0,0,41521
20443,2002,0,0,7284
20443,2003,13.4156,1,7454
20443,2005,0,0,7844
20517,1997,6.9262,1,14438
20517,2003,6.5011,1,15382
20517,2005,6.378,1,15679
20517,2006,6.3255,1,15809
20517,2017,0,0,18050
20517,2018,0,0,18559
20550,1996,7.2616,1,13771
20550,2008,5.9158,1,16904
20550,2012,0,0,18085
20550,2019,0,0,21468
20570,1998,5.1282,1,19500
20570,2000,0,0,20112
20570,2001,4.8912,1,20445
20570,2005,0,0,20504
20570,2006,9.7585,2,20495
20621,1998,0,0,21000
20621,2000,4.6322,1,21588
20621,2001,4.5739,1,21863
20621,2004,4.4314,1,22566
20621,2005,4.391,1,22774
20621,2007,4.3057,1,23225
20621,2011,4.0878,1,24463
20710,1995,5.7964,1,17252
20710,2003,0,0,19920
20710,2005,0,0,20574
20710,2007,0,0,21279
20710,2014,0,0,23951
20750,2002,6.0514,1,16525
20750,2003,6.0624,1,16495
20750,2004,6.0739,1,16464
20750,2006,6.1087,1,16370
20750,2007,0,0,16437
20750,2011,5.8931,1,16969
20770,2001,0,0,19354
20770,2003,5.0457,1,19819
20770,2004,0,0,20034
20770,2005,0,0,20170
20770,2008,0,0,20983
20770,2009,4.6768,1,21382
20770,2011,0,0,22262
20787,2005,7.7065,1,12976
23001,1994,1.4565,5,343287
23001,1997,0,0,361433
23001,2000,0,0,385065
23001,2002,0.2504,1,399292
23001,2003,0.7388,3,406055
23001,2004,0.2423,1,412751
23001,2005,0.9542,4,419219
23001,2006,0.7047,3,425734
23001,2007,0,0,432186
23001,2008,0.2299,1,434989
23001,2012,0,0,457571
23001,2013,0,0,462946
23001,2014,0,0,468171
23001,2015,0.2112,1,473413
23001,2016,0.2089,1,478806
23001,2017,0.2064,1,484400
23001,2019,0,0,503974
23001,2020,0,0,517476
23068,2001,0,0,47546
23068,2004,2.0938,1,47761
23068,2008,0,0,47737
23068,2009,0,0,47718
23068,2020,4.1438,2,48265
23079,2006,5.3937,1,18540
23079,2008,0,0,19013
23079,2012,5.0385,1,19847
23079,2013,0,0,20029
23090,2002,0,0,13697
23090,2003,0,0,13823
23090,2007,6.994,1,14298
23090,2016,6.6353,1,15071
23090,2017,6.5681,1,15225
23162,1998,0,0,80479
23162,2002,0,0,86164
23162,2004,0,0,88919
23162,2005,0,0,90252
23182,2005,0,0,42438
23417,2004,0,0,120531
23466,2001,1.4534,1,68802
23466,2002,0,0,69805
23466,2004,0,0,71688
23466,2007,1.3443,1,74387
23466,2010,1.4212,1,70365
23466,2011,0,0,71803
23466,2014,1.317,1,75933
23466,2020,0,0,84104
23555,1995,0,0,57232
23555,2000,1.7053,1,58639
23555,2001,0,0,59061
23555,2004,1.6589,1,60282
23555,2007,1.629,1,61388
23555,2009,1.6194,1,61751
23574,2002,0,0,17797
23574,2009,0,0,20473
23580,2002,3.4368,1,29097
23580,2007,3.005,1,33278
23580,2011,0,0,36450
23580,2013,0,0,37977
23580,2018,2.3881,1,41875
23580,2020,2.2996,1,43486
23675,2012,5.7829,2,34585
23678,1998,0,0,21305
23678,2000,0,0,21824
23678,2018,0,0,26959
23686,2001,0,0,46305
23807,2002,7.856,6,76375
23807,2003,2.5799,2,77522
23807,2004,1.2718,1,78628
23807,2005,2.5063,2,79799
23807,2006,4.9417,4,80944
23807,2010,2.3546,2,84939
23807,2013,1.1403,1,87699
23807,2014,3.3871,3,88571
23807,2015,2.2363,2,89435
23807,2016,2.214,2,90335
23807,2018,1.083,1,92339
23807,2020,1.0445,1,95738
23855,2004,3.2608,1,30667
23855,2006,0,0,31492
25001,1995,0,0,11655
25001,1996,0,0,11391
25001,1998,0,0,10832
25001,1999,0,0,10608
25001,2000,0,0,10456
25001,2001,0,0,10289
25001,2002,0,0,10190
25001,2003,0,0,10118
25001,2004,9.9631,1,10037
25001,2005,0,0,9817
25001,2006,0,0,9771
25001,2007,0,0,9746
25035,1999,0,0,9624
25035,2000,0,0,9657
25035,2002,0,0,9741
25035,2010,0,0,10971
25095,2000,37.7216,1,2651
25095,2003,40.9836,1,2440
25095,2004,41.2201,1,2426
25099,1995,0,0,5320
25120,1998,0,0,4140
25120,1999,48.7448,2,4103
25120,2003,25.3293,1,3948
25120,2011,0,0,4048
25126,2018,0,0,87218
25148,1994,0,0,17667
25148,2000,6.7981,1,14710
25148,2011,8.1427,1,12281
25148,2013,0,0,12236
25151,2003,0,0,15040
25151,2015,0,0,15858
25168,1999,22.1976,1,4505
25168,2000,183.4862,8,4360
25168,2001,23.4632,1,4262
25175,2004,0,0,73252
25175,2011,0,0,93454
25200,2002,0,0,14929
25214,2010,0,0,22193
25214,2014,0,0,26474
25245,1994,0,0,17403
25258,2002,19.216,1,5204
25258,2003,39.2157,2,5100
25260,1999,0,0,13026
25260,2006,0,0,14201
25260,2013,0,0,17600
25269,1995,0,0,72759
25269,2000,0,0,75925
25269,2003,0,0,79931
25269,2004,0,0,81563
25269,2005,0,0,83290
25269,2010,0,0,97080
25269,2011,0,0,100825
25269,2015,0,0,119469
25269,2016,0,0,125326
25279,2000,0,0,10751
25279,2002,9.5493,1,10472
25286,2000,0,0,46561
25286,2004,0,0,51217
25286,2005,0,0,52598
25286,2006,0,0,54222
25290,1994,0,0,77085
25290,1995,0,0,77061
25290,1998,0,0,77672
25290,1999,0,0,78337
25290,2000,0,0,79179
25290,2001,0,0,80150
25290,2002,1.2303,1,81278
25290,2003,1.2114,1,82552
25290,2004,0,0,83989
25290,2005,0,0,85634
25290,2012,0,0,105592
25290,2013,0,0,109808
25290,2014,0,0,114409
25293,1999,15.2138,1,6573
25293,2005,18.2949,1,5466
25297,2001,9.8039,1,10200
25297,2002,20.1248,2,9938
25307,2000,1.3875,1,72073
25307,2004,0,0,72138
25307,2007,0,0,74056
25307,2009,0,0,76561
25307,2012,0,0,82148
25307,2014,0,0,87063
25307,2015,1.1125,1,89887
25320,1995,4.1939,1,23844
25320,1997,8.6081,2,23234
25320,1998,0,0,23038
25320,2000,4.3952,1,22752
25320,2001,4.409,1,22681
25320,2002,0,0,22626
25320,2003,4.4195,1,22627
25322,2000,0,0,12383
25335,1999,21.4823,1,4655
25335,2002,21.6967,1,4609
25339,1996,25.9673,1,3851
25339,2002,29.8597,1,3349
25372,2003,15.1999,1,6579
25377,2002,0,0,19900
25386,1995,0,0,20993
25394,1996,8.0522,1,12419
25394,1999,0,0,11314
25394,2000,18.1587,2,11014
25394,2002,0,0,10480
25394,2003,9.757,1,10249
25394,2004,9.9532,1,10047
25394,2005,10.1204,1,9881
25398,1999,28.3366,2,7058
25398,2003,15.6201,1,6402
25398,2004,15.9236,1,6280
25402,2000,0,0,11567
25402,2006,0,0,12020
25430,2003,0,0,57594
25430,2006,0,0,63309
25430,2012,0,0,81469
25430,2020,0,0,122381
25438,1995,8.409,1,11892
25438,2001,10.174,1,9829
25438,2002,31.3939,3,9556
25438,2003,10.7423,1,9309
25473,2001,0,0,53737
25506,2002,25.2525,1,3960
25506,2007,0,0,3792
25513,2002,4.5939,1,21768
25518,2002,58.6052,3,5119
25518,2005,0,0,4733
25530,2003,36.7175,2,5447
25530,2005,36.0166,2,5553
25535,2002,0,0,8548
25572,2005,0,0,11636
25580,2006,0,0,3222
25592,2000,39.5726,2,5054
25596,2000,25.8031,2,7751
25596,2003,13.9723,1,7157
25599,1998,27.7585,2,7205
25612,1998,0,0,7181
25645,2006,0,0,9489
25662,2013,0,0,7768
25718,2003,11.5367,1,8668
25718,2004,0,0,8632
25740,1996,0,0,21037
25743,1999,5.9049,1,16935
25743,2000,5.946,1,16818
25743,2001,5.9823,1,16716
25743,2002,6.0028,1,16659
25743,2003,6.0241,1,16600
25743,2009,0,0,17207
25743,2010,0,0,17470
25745,2007,0,0,9373
25754,1993,0,0,232411
25754,1994,0,0,239856
25754,1995,0,0,247522
25754,1996,0,0,251935
25754,1997,0,0,260123
25754,1998,0,0,266871
25754,1999,1.0874,3,275880
25754,2000,0,0,285320
25754,2001,0,0,295286
25754,2002,0.327,1,305809
25754,2003,0,0,316859
25754,2004,0,0,328536
25754,2005,0,0,340626
25754,2006,0,0,354472
25754,2007,0,0,369592
25754,2008,0,0,386131
25754,2009,0,0,404309
25754,2010,0,0,424252
25754,2011,0,0,445740
25754,2012,0.2132,1,469029
25754,2014,0,0,521345
25754,2015,0,0,550626
25754,2017,0,0,618820
25754,2020,0,0,729462
25758,2002,0,0,14395
25758,2003,0,0,14687
25758,2005,0,0,15329
25781,2002,0,0,4139
25805,2002,25.1319,1,3979
25805,2003,0,0,3929
25815,2008,7.3508,1,13604
25817,2017,0,0,37633
25823,1998,0,0,5330
25823,2002,20.9644,1,4770
25823,2003,21.4133,1,4670
25839,2000,9.7475,1,10259
25839,2005,11.1769,1,8947
25845,1995,14.1323,1,7076
25851,1999,0,0,4438
25862,2003,13.4481,1,7436
25875,1994,0,0,22121
25875,2002,14.8743,3,20169
25875,2003,4.966,1,20137
25875,2005,4.9561,1,20177
25878,1996,0,0,15154
25878,2000,14.5497,2,13746
25878,2002,15.1366,2,13213
25878,2006,0,0,12452
25878,2010,0,0,12249
25885,2002,0,0,14660
25899,1998,0,0,74396
25899,2000,0,0,75699
25899,2002,0,0,77579
25899,2006,0,0,83211
25899,2013,0,0,103968
25899,2014,0,0,108243
25899,2018,0,0,134624
27001,1996,0,0,89651
27001,1998,0,0,88207
27001,2000,1.0648,1,93911
27001,2001,1.0183,1,98200
27001,2002,4.9021,5,101997
27001,2003,0.9615,1,104009
27001,2004,2.8251,3,106192
27001,2005,0.923,1,108343
27001,2006,0.9051,1,110490
27001,2007,4.4416,5,112573
27001,2008,2.6192,3,114540
27001,2009,6.0101,7,116471
27001,2010,0,0,118339
27001,2011,1.6668,2,119989
27001,2012,2.4659,3,121657
27001,2013,3.2474,4,123177
27001,2014,1.6055,2,124568
27001,2015,1.5884,2,125909
27001,2016,0.7867,1,127119
27001,2017,0.7799,1,128214
27001,2018,1.5478,2,129217
27001,2019,0.7621,1,131208
27001,2020,0.7508,1,133199
27006,2000,20.3314,2,9837
27006,2001,0,0,10035
27006,2002,9.705,1,10304
27006,2010,8.0645,1,12400
27025,2003,11.9111,2,16791
27025,2006,10.4926,2,19061
27025,2007,25.2067,5,19836
27025,2008,4.8596,1,20578
27025,2009,9.3668,2,21352
27025,2010,4.5312,1,22069
27025,2011,8.7696,2,22806
27025,2013,8.261,2,24210
27025,2014,4.0127,1,24921
27025,2015,7.8085,2,25613
27025,2016,7.6112,2,26277
27025,2017,7.4234,2,26942
27025,2018,10.8719,3,27594
27025,2019,3.5923,1,27837
27050,2001,23.663,1,4226
27050,2014,17.2473,1,5798
27073,2002,12.3518,1,8096
27073,2004,11.8161,1,8463
27073,2007,10.9854,1,9103
27073,2009,10.5164,1,9509
27073,2010,20.6462,2,9687
27073,2012,9.9334,1,10067
27073,2013,19.6194,2,10194
27073,2014,9.6553,1,10357
27073,2015,18.9735,2,10541
27073,2016,28.0557,3,10693
27073,2017,9.2166,1,10850
27073,2018,9.0711,1,11024
27075,2007,0,0,8335
27075,2017,0,0,10077
27075,2018,0,0,10119
27075,2019,9.7609,1,10245
27075,2020,0,0,10349
27077,2008,8.9542,2,22336
27077,2009,4.318,1,23159
27077,2011,16.1492,4,24769
27077,2012,7.8232,2,25565
27077,2013,3.7967,1,26339
27077,2014,11.0717,3,27096
27077,2015,25.1238,7,27862
27077,2016,52.4421,15,28603
27077,2017,3.4133,1,29297
27077,2019,3.2416,1,30849
27077,2020,3.1503,1,31743
27099,1993,13.2345,1,7556
27099,2005,11.4639,1,8723
27099,2006,11.0865,1,9020
27099,2007,10.7538,1,9299
27099,2009,20.3149,2,9845
27099,2012,0,0,10641
27099,2014,17.9695,2,11130
27099,2017,8.4395,1,11849
27099,2018,8.2788,1,12079
27099,2019,8.1713,1,12238
27135,2007,17.6991,1,5650
27135,2010,0,0,5813
27150,2003,0,0,4404
27150,2005,16.2522,1,6153
27150,2007,12.5016,1,7999
27150,2010,9.267,1,10791
27150,2013,7.3201,1,13661
27150,2014,13.6556,2,14646
27150,2018,5.4256,1,18431
27150,2019,0,0,19111
27160,2009,14.708,1,6799
27160,2012,15.4273,1,6482
27160,2015,16.3372,1,6121
27205,1995,6.0223,1,16605
27205,2005,9.6321,1,10382
27205,2006,9.4268,1,10608
27205,2011,17.1777,2,11643
27205,2014,8.2088,1,12182
27205,2015,8.0985,1,12348
27205,2017,7.9479,1,12582
27205,2018,7.9008,1,12657
27245,1996,17.0126,1,5878
27245,1998,16.581,1,6031
27245,2003,16.0205,1,6242
27245,2004,15.6814,1,6377
27245,2006,14.9454,1,6691
27245,2008,0,0,6973
27250,2004,19.5103,2,10251
27250,2007,7.866,1,12713
27250,2008,7.3915,1,13529
27250,2011,6.2379,1,16031
27250,2013,5.6654,1,17651
27250,2019,4.4512,1,22466
27361,2003,6.0467,2,33076
27361,2004,3.0173,1,33142
27361,2007,6.0065,2,33297
27361,2008,3.007,1,33256
27361,2009,3.012,1,33200
27361,2010,6.0436,2,33093
27361,2011,3.037,1,32927
27361,2013,3.0761,1,32509
27361,2014,9.3067,3,32235
27361,2015,3.1347,1,31901
27361,2016,3.1669,1,31577
27372,2000,26.3574,1,3794
27372,2001,25.641,1,3900
27372,2004,23.015,1,4345
27372,2017,15.2999,1,6536
27413,2002,11.1645,1,8957
27413,2009,20.9556,2,9544
27413,2010,10.4275,1,9590
27413,2011,20.6847,2,9669
27413,2012,30.9055,3,9707
27413,2013,10.2807,1,9727
27413,2014,30.7062,3,9770
27413,2018,20.4457,2,9782
27413,2020,10.0261,1,9974
27425,2004,29.2483,1,3419
27425,2006,22.5378,1,4437
27425,2010,15.4727,1,6463
27425,2011,14.3102,1,6988
27425,2013,24.7739,2,8073
27425,2014,23.2369,2,8607
27425,2015,22.007,2,9088
27425,2016,10.3616,1,9651
27425,2017,9.7905,1,10214
27425,2018,18.7424,2,10671
27430,2000,9.2115,1,10856
27430,2005,8.673,1,11530
27430,2009,0,0,12789
27430,2011,7.4499,1,13423
27450,2008,21.0526,2,9500
27450,2010,10.2093,1,9795
27450,2013,9.8795,1,10122
27450,2014,9.8116,1,10192
27450,2015,9.7352,1,10272
27450,2017,9.5238,1,10500
27491,1999,13.1234,1,7620
27491,2001,14.3082,1,6989
27491,2005,39.9042,3,7518
27491,2006,78.1963,6,7673
27491,2007,25.4745,2,7851
27491,2008,12.4906,1,8006
27491,2009,12.3183,1,8118
27491,2010,96.9697,8,8250
27491,2012,11.755,1,8507
27491,2014,11.4732,1,8716
27491,2015,22.4871,2,8894
27491,2016,22.1729,2,9020
27495,2003,10.6168,1,9419
27495,2012,7.3812,1,13548
27495,2014,13.8303,2,14461
27495,2015,6.7245,1,14871
27495,2020,5.7991,1,17244
27580,2009,0,0,7614
27580,2010,0,0,7412
27580,2011,27.7008,2,7220
27580,2012,14.3802,1,6954
27580,2013,14.9499,1,6689
27580,2015,15.9872,1,6255
27580,2016,16.65,1,6006
27580,2017,17.5193,1,5708
27615,1997,0,0,24556
27615,1999,4.1281,1,24224
27615,2000,8.2593,2,24215
27615,2001,14.544,3,20627
27615,2002,8.9505,2,22345
27615,2003,8.2792,2,24157
27615,2004,19.2189,5,26016
27615,2005,7.1515,2,27966
27615,2006,3.3401,1,29939
27615,2008,5.8955,2,33924
27615,2009,8.3479,3,35937
27615,2010,5.2726,2,37932
27615,2011,5.0104,2,39917
27615,2012,2.3866,1,41901
27615,2014,4.3624,2,45846
27615,2015,4.1853,2,47786
27615,2016,2.0117,1,49710
27615,2017,3.8787,2,51564
27615,2018,3.7424,2,53441
27660,2000,59.8205,3,5015
27660,2001,20.4457,1,4891
27660,2003,40.8747,2,4893
27660,2004,20.3169,1,4922
27660,2005,40.3388,2,4958
27660,2006,20.0723,1,4982
27660,2007,0,0,5004
27660,2010,39.2003,2,5102
27660,2011,19.7472,1,5064
27660,2012,19.581,1,5107
27660,2013,58.6625,3,5114
27660,2014,39.208,2,5101
27660,2015,97.7517,5,5115
27660,2016,19.459,1,5139
27660,2017,58.7199,3,5109
27745,2004,41.1862,1,2428
27745,2010,36.523,1,2738
27745,2015,32.6264,1,3065
27787,2000,6.9464,1,14396
27787,2002,0,0,13013
27787,2003,7.4845,1,13361
27787,2007,13.5153,2,14798
27787,2008,6.5872,1,15181
27787,2009,19.3311,3,15519
27787,2010,31.6096,5,15818
27787,2011,18.6104,3,16120
27787,2012,24.3146,4,16451
27787,2013,17.9276,3,16734
27787,2014,17.673,3,16975
27787,2015,46.2161,8,17310
27787,2016,34.2153,6,17536
27787,2017,33.6398,6,17836
27787,2018,33.3111,6,18012
27787,2019,5.4927,1,18206
27800,1999,10.0251,1,9975
27800,2000,20.1755,2,9913
27800,2001,20.2347,2,9884
27800,2002,29.973,3,10009
27800,2003,19.5867,2,10211
27800,2004,38.3509,4,10430
27800,2005,9.3817,1,10659
27800,2008,8.8527,1,11296
27800,2010,17.1512,2,11661
27800,2011,8.4488,1,11836
27800,2016,7.9334,1,12605
27810,2003,0,0,7486
41001,1994,0.3838,1,260567
41001,1995,0.7535,2,265441
41001,1996,0,0,270199
41001,1998,0,0,279359
41001,1999,0,0,283683
41001,2000,1.042,3,287912
41001,2001,0.6848,2,292050
41001,2002,1.3512,4,296036
41001,2003,1.6674,5,299865
41001,2004,1.3174,4,303633
41001,2005,0.3253,1,307365
41001,2006,0.3214,1,311129
41001,2007,0.9527,3,314910
41001,2008,0.3138,1,318661
41001,2009,0.9304,3,322439
41001,2010,0.3065,1,326219
41001,2011,0.606,2,330022
41001,2012,0.899,3,333717
41001,2013,0.889,3,337452
41001,2014,0.8792,3,341232
41001,2015,0,0,345066
41001,2016,0,0,349048
41001,2017,0.2833,1,352999
41001,2018,0,0,357376
41001,2019,0,0,364508
41001,2020,0,0,371690
41006,2002,5.0961,1,19623
41006,2004,0,0,20229
41006,2006,0,0,20856
41006,2007,4.7221,1,21177
41006,2008,4.6518,1,21497
41006,2010,0,0,22130
41006,2011,0,0,22458
41006,2018,0,0,24777
41013,2001,0,0,7593
41013,2005,0,0,7868
41013,2006,0,0,7907
41013,2011,0,0,8292
41016,2006,7.214,1,13862
41016,2007,7.1215,1,14042
41016,2014,6.4943,1,15398
41020,1994,5.0818,1,19678
41020,1997,0,0,20088
41020,1998,0,0,20241
41020,1999,4.9111,1,20362
41020,2002,0,0,20697
41020,2003,14.4016,3,20831
41020,2004,9.5579,2,20925
41020,2005,4.7556,1,21028
41020,2006,18.9286,4,21132
41020,2007,18.8049,4,21271
41020,2008,9.3611,2,21365
41020,2009,18.6471,4,21451
41020,2010,9.2683,2,21579
41020,2012,9.1794,2,21788
41020,2013,0,0,21929
41020,2014,4.545,1,22002
41020,2018,8.8909,2,22495
41026,2008,26.3644,1,3793
41078,1998,12.2384,1,8171
41078,2003,12.222,1,8182
41078,2005,24.2807,2,8237
41078,2006,12.13,1,8244
41078,2012,48.3267,4,8277
41078,2015,12.089,1,8272
41132,2004,0,0,29076
41132,2005,0,0,29210
41132,2007,3.3917,1,29484
41132,2008,3.377,1,29612
41132,2017,0,0,30926
41206,2006,12.1021,1,8263
41206,2007,12.285,1,8140
41298,1993,2.0247,1,49389
41298,1998,0,0,54291
41298,2000,0,0,56205
41298,2003,0,0,58940
41298,2005,0,0,60676
41298,2006,0,0,61572
41298,2007,0,0,62437
41298,2008,0,0,63330
41298,2010,0,0,65096
41298,2011,0,0,65965
41298,2012,0,0,66861
41298,2013,0,0,67731
41298,2014,0,0,68655
41298,2015,0,0,69534
41298,2020,0,0,73890
41306,2002,0,0,22675
41306,2004,4.3662,1,22903
41306,2006,0,0,23113
41306,2007,4.304,1,23234
41306,2013,0,0,23938
41319,2006,0,0,15397
41319,2009,0,0,15992
41319,2010,0,0,16209
41319,2011,0,0,16465
41319,2013,5.933,1,16855
41319,2018,0,0,17884
41349,2015,0,0,7085
41357,2000,25.243,2,7923
41357,2001,12.5109,1,7993
41357,2006,23.9636,2,8346
41357,2008,11.7661,1,8499
41357,2009,11.7014,1,8546
41359,1997,5.3732,1,18611
41359,1999,5.1994,1,19233
41359,2003,4.8731,1,20521
41359,2005,0,0,21115
41359,2007,0,0,21759
41378,2007,0,0,10908
41378,2012,16.9837,2,11776
41396,1995,2.3189,1,43124
41396,2001,0,0,47929
41396,2003,2.0206,1,49490
41396,2006,0,0,51720
41396,2008,1.8782,1,53242
41396,2009,1.8506,1,54037
41396,2010,0,0,54803
41396,2013,0,0,57062
41396,2017,0,0,60232
41396,2020,0,0,63357
41518,2012,0,0,6134
41524,1999,0,0,20475
41524,2003,0,0,21733
41524,2007,0,0,22893
41524,2015,0,0,25345
41530,2002,11.5808,1,8635
41530,2003,0,0,8795
41530,2004,0,0,8952
41530,2013,0,0,10310
41530,2014,0,0,10453
41530,2020,0,0,11420
41548,1999,0,0,11741
41548,2003,0,0,12191
41548,2004,8.1374,1,12289
41551,2001,0,0,88708
41551,2002,0,0,90851
41551,2003,1.076,1,92938
41551,2005,0,0,97084
41551,2006,0,0,99157
41551,2007,0.988,1,101217
41551,2009,0,0,105379
41551,2010,0,0,107467
41551,2011,0.9127,1,109564
41551,2012,0,0,111616
41551,2013,0,0,113663
41551,2014,0,0,115759
41551,2015,0,0,117876
41551,2016,0,0,120010
41551,2018,0,0,124359
41551,2020,0,0,130115
41615,1995,6.4662,1,15465
41615,1999,0,0,17032
41615,2006,0,0,19718
41615,2011,0,0,21629
41660,1999,11.609,1,8614
41660,2005,0,0,9185
41660,2007,0,0,9366
41660,2011,10.2881,1,9720
41668,1995,0,0,24677
41668,1999,0,0,26183
41668,2000,0,0,26556
41668,2002,3.6665,1,27274
41668,2003,3.6186,1,27635
41668,2004,3.5735,1,27984
41668,2007,3.4461,1,29018
41668,2008,0,0,29371
41668,2009,0,0,29735
41668,2012,0,0,30820
41676,2000,0,0,9358
41676,2003,10.5009,1,9523
41676,2009,10.1327,1,9869
41770,1998,7.3497,1,13606
41770,2003,6.3918,1,15645
41770,2007,0,0,17239
41770,2010,0,0,18474
41770,2011,0,0,18895
41770,2013,0,0,19732
41770,2014,0,0,20130
41791,2012,6.0987,1,16397
41797,2015,0,0,10364
41799,1999,8.8176,1,11341
41799,2000,17.5562,2,11392
41799,2003,8.7245,1,11462
41799,2004,34.8068,4,11492
41799,2005,8.6979,1,11497
41801,1999,0,0,7327
41801,2012,0,0,7847
41807,2002,5.3036,1,18855
41807,2007,5.063,1,19751
41872,2007,0,0,7188
41872,2013,0,0,7196
44001,2000,0.745,1,134226
44001,2002,0.7321,1,136588
44001,2003,2.1949,3,136682
44001,2005,0.7288,1,137204
44001,2006,0.7209,1,138725
44001,2007,0.7093,1,140977
44001,2009,0.679,1,147265
44001,2010,0.6629,1,150847
44001,2011,0.6471,1,154539
44001,2012,0,0,158325
44001,2013,0.6165,1,162196
44001,2014,1.2043,2,166070
44001,2018,0,0,188019
44078,2000,4.6382,1,21560
44078,2004,0,0,24492
44078,2009,0,0,28076
44078,2012,0,0,30225
44078,2013,0,0,30949
44090,2002,5.8435,1,17113
44090,2003,0,0,19169
44090,2006,4.0632,1,24611
44090,2007,3.8451,1,26007
44090,2013,0,0,32021
44279,2001,2.737,1,36537
44279,2012,2.7223,1,36734
44279,2013,2.6663,1,37505
44279,2014,2.6152,1,38238
44279,2015,2.5589,1,39079
44279,2018,2.3379,1,42774
44420,2004,0,0,2703
44430,1999,0.7463,1,133993
44430,2001,0,0,124686
44430,2006,1.5684,2,127518
44430,2007,0.7713,1,129655
44430,2010,0.722,1,138504
44430,2017,0.6108,1,163731
44650,1995,2.3911,1,41821
44650,1999,2.3438,1,42666
44650,2001,0,0,42314
44650,2003,2.3919,1,41807
44650,2004,2.4118,1,41462
44650,2005,2.4303,1,41147
44855,1995,7.1705,1,13946
44874,2004,3.9233,1,25489
44874,2007,8.325,2,24024
47001,1993,0,0,306021
47001,1994,0.3151,1,317402
47001,1996,0,0,331323
47001,1999,1.1326,4,353165
47001,2000,0.5697,2,351041
47001,2001,0.2752,1,363433
47001,2002,0.2694,1,371261
47001,2003,0,0,379029
47001,2004,1.5509,6,386883
47001,2005,0,0,394687
47001,2006,0.9933,4,402708
47001,2007,0.487,2,410646
47001,2008,0,0,418511
47001,2012,0.223,1,448452
47001,2013,0,0,455526
47001,2017,0,0,486246
47053,2003,3.1634,1,31612
47058,1998,0,0,25959
47189,1999,0.6832,1,146370
47189,2000,3.7136,4,107712
47189,2002,1.8249,2,109595
47189,2003,1.8137,2,110274
47189,2004,5.4066,6,110976
47189,2007,0,0,113116
47189,2009,0,0,114429
47189,2013,0,0,116349
47245,2001,0,0,51398
47245,2005,1.8385,1,54393
47268,2004,0,0,16272
47288,1999,1.9609,1,50996
47288,2003,0,0,53374
47288,2006,1.7909,1,55839
47288,2007,1.7638,1,56697
47460,2005,0,0,13402
47551,2004,3.2592,1,30682
47555,1998,3.2838,2,60905
47555,2000,2.2169,1,45108
47555,2001,2.1629,1,46235
47555,2002,0,0,47061
47570,2000,5.2176,1,19166
47692,2006,6.3347,1,15786
47707,2001,2.9313,1,34115
47960,2002,0,0,7950
47980,2004,2.3158,1,43182
47980,2006,0,0,46378
50001,1993,0,0,244620
50001,1994,0,0,257399
50001,1995,0,0,268020
50001,1996,0,0,279195
50001,1997,0.3434,1,291228
50001,1998,0,0,304027
50001,1999,0.6297,2,317617
50001,2000,0.603,2,331663
50001,2001,0.5782,2,345880
50001,2002,0.278,1,359715
50001,2003,1.6088,6,372957
50001,2004,3.1111,12,385719
50001,2005,3.7659,15,398309
50001,2006,0,0,410314
50001,2007,0.4742,2,421747
50001,2008,0.462,2,432864
50001,2009,0.2254,1,443635
50001,2010,0.2202,1,454178
50001,2011,0.2153,1,464527
50001,2012,0.4215,2,474503
50001,2013,0.2065,1,484216
50001,2014,0,0,493721
50001,2015,0.1988,1,503042
50001,2016,0,0,512462
50001,2017,0,0,521700
50001,2018,0,0,531285
50001,2019,0,0,542056
50001,2020,0,0,554012
50006,1999,0,0,50521
50006,2000,0,0,52622
50006,2001,0,0,54765
50006,2002,0,0,56865
50006,2003,0,0,58964
50006,2004,3.2733,2,61101
50006,2005,0,0,63217
50006,2006,3.0611,2,65336
50006,2007,0,0,67387
50006,2009,0,0,71399
50006,2010,1.363,1,73370
50006,2012,1.2956,1,77187
50006,2014,1.237,1,80841
50006,2015,0,0,82619
50110,2000,0,0,3426
50110,2001,0,0,3551
50110,2003,26.062,1,3837
50110,2004,24.8324,1,4027
50110,2005,23.7925,1,4203
50124,1997,0,0,3470
50124,2005,0,0,4307
50124,2011,0,0,5137
50150,1996,0,0,6892
50150,2000,0,0,8079
50150,2013,8.0128,1,12480
50223,1998,0,0,4714
50223,2003,0,0,5236
50223,2004,18.6532,1,5361
50223,2007,0,0,5736
50223,2008,0,0,5824
50226,1995,0,0,13525
50226,1999,0,0,15156
50226,2003,0,0,16712
50226,2004,5.8497,1,17095
50226,2006,0,0,18001
50245,2001,46.0193,1,2173
50251,2002,24.5128,2,8159
50251,2003,24.8262,2,8056
50251,2004,12.4425,1,8037
50251,2008,12.4425,1,8037
50251,2009,12.4409,1,8038
50251,2012,12.4394,1,8039
50270,1999,33.4672,1,2988
50270,2000,65.9631,2,3032
50270,2001,0,0,3007
50270,2005,32.1958,1,3106
50270,2007,0,0,3231
50287,2002,0,0,7951
50287,2003,12.1907,1,8203
50287,2009,0,0,9803
50287,2011,0,0,10333
50287,2013,0,0,10857
50287,2015,8.7558,1,11421
50313,1996,0,0,41058
50313,1998,2.2857,1,43751
50313,1999,0,0,45160
50313,2000,6.4409,3,46577
50313,2001,4.1621,2,48053
50313,2002,4.0381,2,49528
50313,2003,1.9637,1,50925
50313,2004,1.9104,1,52344
50313,2005,1.86,1,53762
50313,2006,0,0,55118
50313,2007,1.7724,1,56420
50313,2008,1.7333,1,57695
50313,2009,0,0,58928
50313,2010,3.3265,2,60123
50313,2011,0,0,61327
50313,2012,0,0,62484
50313,2013,0,0,63543
50313,2014,1.5476,1,64615
50313,2015,0,0,65696
50313,2016,2.9978,2,66715
50318,2001,9.3765,1,10665
50318,2004,0,0,11272
50318,2010,0,0,12596
50318,2014,7.4822,1,13365
50318,2015,7.3325,1,13638
50318,2016,7.2385,1,13815
50325,1993,13.6314,1,7336
50325,1994,13.8947,1,7197
50325,1996,13.7779,1,7258
50325,1997,27.7354,2,7211
50325,1999,84.4951,6,7101
50325,2001,43.7509,3,6857
50325,2002,14.8104,1,6752
50325,2003,14.9633,1,6683
50325,2004,105.3424,7,6645
50325,2005,134.5291,9,6690
50325,2006,59.7461,4,6695
50325,2007,74.129,5,6745
50325,2009,0,0,6811
50325,2010,29.3384,2,6817
50325,2013,28.9645,2,6905
50330,1997,18.4247,2,10855
50330,1998,18.5151,2,10802
50330,1999,37.3832,4,10700
50330,2000,18.859,2,10605
50330,2001,9.4994,1,10527
50330,2002,47.9708,5,10423
50330,2003,47.9019,5,10438
50330,2004,9.573,1,10446
50330,2006,9.494,1,10533
50330,2007,9.4331,1,10601
50330,2008,18.7301,2,10678
50330,2009,9.3153,1,10735
50330,2010,9.2894,1,10765
50330,2011,27.6421,3,10853
50330,2012,9.1651,1,10911
50330,2014,18.1934,2,10993
50330,2016,0,0,11021
50350,2000,0,0,14635
50350,2001,6.66,1,15015
50350,2002,12.9618,2,15430
50350,2004,24.2365,4,16504
50350,2005,11.6727,2,17134
50350,2006,22.4127,4,17847
50350,2007,5.3824,1,18579
50350,2008,5.1784,1,19311
50350,2009,24.9041,5,20077
50350,2010,14.3885,3,20850
50350,2011,18.5099,4,21610
50350,2012,22.3414,5,22380
50350,2013,34.5543,8,23152
50350,2014,8.3756,2,23879
50350,2015,8.1284,2,24605
50350,2016,3.9471,1,25335
50350,2017,11.4815,3,26129
50350,2018,3.7227,1,26862
50350,2019,14.5783,4,27438
50370,1996,12.7959,1,7815
50370,1997,12.6711,1,7892
50370,1998,38.0325,3,7888
50370,1999,12.6968,1,7876
50370,2000,25.6213,2,7806
50370,2001,25.7566,2,7765
50370,2003,52.0833,4,7680
50370,2004,51.8269,4,7718
50370,2005,25.5102,2,7840
50370,2006,75.5097,6,7946
50370,2007,12.4332,1,8043
50370,2008,36.7017,3,8174
50370,2009,60.3136,5,8290
50370,2010,35.7143,3,8400
50370,2011,46.8933,4,8530
50370,2012,46.3017,4,8639
50370,2013,34.2466,3,8760
50370,2014,22.5887,2,8854
50400,1997,9.7163,1,10292
50400,1999,9.7059,1,10303
50400,2000,0,0,10226
50400,2003,0,0,10214
50400,2005,0,0,10316
50400,2006,9.6479,1,10365
50400,2007,9.542,1,10480
50400,2008,9.4313,1,10603
50400,2010,9.2653,1,10793
50400,2011,9.1929,1,10878
50400,2013,0,0,11084
50450,1997,0,0,7695
50450,2000,26.1097,2,7660
50450,2001,0,0,7579
50450,2002,13.2802,1,7530
50450,2003,53.2056,4,7518
50450,2004,39.5257,3,7590
50450,2005,26.079,2,7669
50450,2013,12.3062,1,8126
50450,2014,12.2534,1,8161
50450,2015,12.1581,1,8225
50450,2018,0,0,8379
50568,1997,0,0,18644
50568,2000,4.6395,1,21554
50568,2001,8.8956,2,22483
50568,2002,21.2929,5,23482
50568,2003,20.4349,5,24468
50568,2004,27.4316,7,25518
50568,2005,18.7786,5,26626
50568,2007,6.9032,2,28972
50568,2009,0,0,31310
50568,2010,0,0,32491
50568,2013,8.3479,3,35937
50568,2014,2.6961,1,37091
50568,2015,2.6216,1,38144
50568,2017,2.4735,1,40428
50568,2018,0,0,41515
50573,1998,4.522,1,22114
50573,1999,0,0,22496
50573,2000,4.3787,1,22838
50573,2001,8.6225,2,23195
50573,2002,12.7043,3,23614
50573,2003,8.3264,2,24020
50573,2004,16.3807,4,24419
50573,2005,4.0188,1,24883
50573,2007,3.8764,1,25797
50573,2008,0,0,26270
50573,2009,3.7418,1,26725
50573,2011,0,0,27614
50573,2012,0,0,28028
50577,1995,12.0992,1,8265
50577,2002,11.7069,1,8542
50577,2003,23.1348,2,8645
50577,2004,0,0,8744
50577,2005,11.3148,1,8838
50577,2010,10.5075,1,9517
50577,2013,10.1698,1,9833
50577,2014,0,0,9913
50590,1993,7.731,1,12935
50590,1998,7.7531,1,12898
50590,1999,7.845,1,12747
50590,2002,24.1488,3,12423
50590,2004,24.1935,3,12400
50590,2005,64.0923,8,12482
50590,2006,23.9196,3,12542
50590,2007,7.9384,1,12597
50590,2008,15.7679,2,12684
50590,2009,23.5405,3,12744
50590,2010,15.6152,2,12808
50590,2011,15.5594,2,12854
50590,2012,38.8259,5,12878
50590,2013,7.703,1,12982
50590,2014,7.684,1,13014
50590,2017,7.6728,1,13033
50590,2020,7.5386,1,13265
50606,2000,8.0795,1,12377
50606,2015,0,0,17331
50680,2000,13.7438,1,7276
50680,2001,0,0,7512
50680,2002,12.9651,1,7713
50680,2003,12.5172,1,7989
50680,2006,0,0,8829
50680,2007,0,0,9133
50680,2009,0,0,9699
50680,2012,9.4029,1,10635
50680,2014,0,0,11266
50683,1997,24.2395,2,8251
50683,1999,12.1714,1,8216
50683,2002,12.3335,1,8108
50683,2004,12.2684,1,8151
50683,2005,12.1433,1,8235
50683,2007,11.9133,1,8394
50683,2008,11.8008,1,8474
50683,2009,11.6754,1,8565
50683,2015,11.1421,1,8975
50686,2004,73.9098,1,1353
50689,1998,5.3333,1,18750
50689,1999,0,0,19232
50689,2000,5.081,1,19681
50689,2002,9.6932,2,20633
50689,2003,0,0,21050
50689,2004,13.9613,3,21488
50689,2005,4.5654,1,21904
50689,2008,8.6367,2,23157
50689,2009,4.2465,1,23549
50689,2011,4.1135,1,24310
50689,2014,7.8883,2,25354
50711,1994,5.4954,1,18197
50711,1996,5.4514,1,18344
50711,1997,5.4621,1,18308
50711,1998,10.9957,2,18189
50711,1999,22.2494,4,17978
50711,2000,16.9281,3,17722
50711,2001,22.8728,4,17488
50711,2002,28.8085,5,17356
50711,2003,63.7644,11,17251
50711,2005,58.0248,10,17234
50711,2006,23.1562,4,17274
50711,2007,57.6302,10,17352
50711,2008,28.6812,5,17433
50711,2009,22.8558,4,17501
50711,2010,22.7415,4,17589
50711,2011,51.0638,9,17625
50711,2012,56.5771,10,17675
50711,2013,33.9251,6,17686
50711,2015,5.6199,1,17794
50711,2017,11.3071,2,17688
52001,1993,0,0,287316
52001,1995,0,0,306438
52001,1996,0,0,315523
52001,1997,0,0,324274
52001,1998,0,0,332970
52001,1999,0,0,341050
52001,2000,0,0,344512
52001,2001,0,0,349707
52001,2002,0.283,1,353375
52001,2003,0.2801,1,356963
52001,2004,0.8322,3,360469
52001,2005,0,0,363816
52001,2006,0,0,367356
52001,2007,0,0,370582
52001,2008,0,0,373304
52001,2009,0,0,375760
52001,2010,0,0,378072
52001,2011,0,0,380245
52001,2012,0,0,382333
52001,2013,0,0,384087
52001,2014,0,0,385710
52001,2015,0,0,387388
52001,2016,0,0,389184
52001,2017,0,0,390727
52001,2018,0,0,392934
52001,2019,0,0,395380
52001,2020,0,0,397905
52019,2011,9.5475,1,10474
52022,1997,0,0,6122
52022,1998,0,0,6177
52079,2002,7.5158,3,39916
52079,2003,12.1841,5,41037
52079,2004,2.3716,1,42166
52079,2005,4.6252,2,43241
52079,2006,18.0176,8,44401
52079,2007,6.5922,3,45508
52079,2008,8.5936,4,46546
52079,2009,23.1311,11,47555
52079,2010,12.362,6,48536
52079,2011,10.0998,5,49506
52079,2012,5.9466,3,50449
52079,2013,1.9476,1,51345
52079,2014,11.4896,6,52221
52079,2015,9.4166,5,53098
52079,2016,1.8524,1,53984
52079,2017,3.647,2,54839
52079,2018,1.7977,1,55628
52079,2019,1.745,1,57305
52079,2020,1.6957,1,58972
52083,2013,0,0,5918
52215,2013,6.6379,1,15065
52227,2000,4.0465,1,24713
52227,2013,2.9469,1,33934
52227,2017,2.7579,1,36260
52233,2002,31.5358,2,6342
52233,2003,15.7803,1,6337
52233,2004,15.7604,1,6345
52233,2005,47.5285,3,6312
52233,2007,15.8705,1,6301
52233,2008,15.8932,1,6292
52233,2009,16.1551,1,6190
52233,2013,16.4772,1,6069
52233,2014,0,0,6043
52233,2018,67.2721,4,5946
52240,1999,0,0,12632
52240,2009,0,0,14294
52250,2003,4.3668,1,22900
52250,2004,4.3605,1,22933
52250,2006,8.6972,2,22996
52250,2007,13.0248,3,23033
52250,2009,21.7297,5,23010
52250,2010,17.4095,4,22976
52250,2012,8.734,2,22899
52250,2013,13.1234,3,22860
52250,2015,4.3973,1,22741
52250,2017,8.8617,2,22569
52250,2019,4.4553,1,22445
52250,2020,4.4673,1,22385
52254,1999,10.2145,1,9790
52256,1998,10.1174,1,9884
52256,1999,19.978,2,10011
52256,2000,39.5179,4,10122
52256,2001,9.7333,1,10274
52256,2002,0,0,10364
52256,2006,9.1042,1,10984
52256,2012,8.5295,1,11724
52258,1999,8.2183,1,12168
52258,2000,16.3092,2,12263
52258,2001,8.0658,1,12398
52258,2003,7.8771,1,12695
52258,2005,7.7018,1,12984
52258,2006,7.5999,1,13158
52260,2003,0,0,18424
52260,2018,0,0,14286
52317,2011,5.4756,1,18263
52356,2006,2.8321,3,105928
52356,2008,0.9247,1,108147
52356,2010,0.9091,1,110004
52356,2012,1.7899,2,111737
52356,2013,0.889,1,112485
52356,2014,0.8835,1,113186
52356,2015,0.8777,1,113934
52378,2000,5.1403,1,19454
52378,2002,5.1337,1,19479
52385,2003,28.8475,2,6933
52385,2008,14.5943,1,6852
52385,2009,14.7102,1,6798
52390,2004,25.4485,2,7859
52390,2019,13.3511,1,7490
52399,2003,3.5364,1,28277
52399,2006,0,0,29237
52399,2007,0,0,29545
52405,2003,20.2655,2,9869
52405,2015,20.2491,2,9877
52405,2018,10.2344,1,9771
52411,2000,16.5741,2,12067
52411,2002,8.3956,1,11911
52418,2002,9.0621,1,11035
52418,2005,9.2345,1,10829
52427,2007,5.3502,1,18691
52427,2010,14.6384,3,20494
52427,2011,4.7508,1,21049
52427,2012,41.6705,9,21598
52427,2013,4.5188,1,22130
52427,2014,4.414,1,22655
52427,2015,8.6207,2,23200
52435,2012,0,0,8569
52490,2004,3.6362,1,27501
52490,2006,3.6559,1,27353
52490,2007,11.0177,3,27229
52490,2009,3.701,1,27020
52490,2010,3.7244,1,26850
52490,2011,7.4898,2,26703
52490,2012,7.5378,2,26533
52490,2013,3.7979,1,26330
52490,2015,3.8531,1,25953
52490,2016,3.879,1,25780
52490,2017,3.913,1,25556
52490,2019,7.8091,2,25611
52490,2020,15.4751,4,25848
52520,2007,16.2496,2,12308
52520,2012,15.1126,2,13234
52520,2013,7.4488,1,13425
52520,2015,7.268,1,13759
52520,2017,7.1124,1,14060
52540,1998,10.9661,1,9119
52540,2002,21.5401,2,9285
52540,2003,42.6621,4,9376
52540,2004,84.8987,8,9423
52540,2005,63.2444,6,9487
52540,2006,62.9525,6,9531
52540,2008,10.3659,1,9647
52540,2010,10.2955,1,9713
52540,2011,0,0,9748
52540,2012,30.678,3,9779
52540,2013,10.2051,1,9799
52540,2014,20.4123,2,9798
52540,2015,0,0,9847
52540,2018,10.1051,1,9896
52573,2000,10.7875,1,9270
52573,2001,43.2386,4,9251
52585,2006,5.7481,1,17397
52612,1994,9.3041,1,10748
52612,1999,7.9158,1,12633
52612,2002,7.239,1,13814
52612,2006,6.4671,1,15463
52612,2008,0,0,16202
52612,2009,6.0314,1,16580
52612,2011,5.7737,1,17320
52612,2012,33.9156,6,17691
52621,2005,8.5572,1,11686
52621,2006,8.471,1,11805
52621,2007,0,0,11950
52621,2008,0,0,12003
52621,2009,8.2672,1,12096
52621,2011,24.5118,3,12239
52621,2012,8.1208,1,12314
52621,2013,0,0,12353
52621,2014,8.0321,1,12450
52621,2016,7.9271,1,12615
52621,2017,15.8428,2,12624
52621,2018,15.8003,2,12658
52621,2019,7.9447,1,12587
52678,1997,2.3719,1,42161
52678,2001,2.5238,1,39623
52678,2002,0,0,39116
52678,2003,0,0,38585
52678,2004,0,0,38069
52678,2006,2.7036,1,36988
52678,2007,2.7443,1,36439
52678,2008,2.7923,1,35813
52678,2009,5.6799,2,35212
52678,2011,2.9439,1,33968
52678,2012,9.0066,3,33309
52678,2016,3.2547,1,30725
52683,1995,3.6095,1,27705
52683,2002,0,0,25707
52683,2012,8.7758,2,22790
52683,2014,0,0,22136
52685,2009,0,0,9540
52687,2009,5.6076,1,17833
52687,2017,5.4171,1,18460
52693,1997,0,0,18154
52693,2001,5.6805,1,17604
52696,2002,9.0876,1,11004
52696,2003,8.9278,1,11201
52696,2008,8.2645,1,12100
52696,2011,7.958,1,12566
52696,2012,7.8808,1,12689
52696,2014,0,0,12929
52696,2018,7.4505,1,13422
52699,2003,10.3061,1,9703
52699,2006,9.9582,1,10042
52699,2007,9.8756,1,10126
52699,2009,19.4099,2,10304
52699,2011,9.6311,1,10383
52786,2002,10.9872,2,18203
52786,2006,5.4543,1,18334
52786,2012,0,0,18197
52786,2014,0,0,18127
52788,2002,7.9095,1,12643
52788,2018,0,0,13514
52835,1999,0.5743,1,174137
52835,2000,1.1202,2,178538
52835,2001,2.7265,5,183386
52835,2002,0.5313,1,188204
52835,2003,1.0365,2,192963
52835,2004,1.0117,2,197689
52835,2005,4.4492,9,202285
52835,2006,1.4486,3,207097
52835,2007,4.2503,9,211748
52835,2008,2.314,5,216073
52835,2009,1.816,4,220262
52835,2010,3.1206,7,224316
52835,2011,5.6946,13,228287
52835,2012,7.7529,18,232172
52835,2013,5.0881,12,235844
52835,2014,5.0122,12,239414
52835,2015,6.5844,16,243000
52835,2016,4.461,11,246582
52835,2017,2.4002,6,249983
52835,2018,2.7598,7,253643
52835,2019,0.7769,2,257419
52835,2020,4.2117,11,261178
52838,2011,2.292,1,43630
52838,2020,0,0,45627
54001,1993,0.2085,1,479718
54001,1996,0.1911,1,523280
54001,1997,0,0,537017
54001,1998,0,0,549714
54001,1999,0,0,561568
54001,2000,0.3494,2,572454
54001,2001,0.1717,1,582538
54001,2002,0,0,591823
54001,2003,0.4995,3,600580
54001,2004,0.6571,4,608740
54001,2005,0.4866,3,616511
54001,2006,0,0,624184
54001,2007,0,0,631419
54001,2008,0,0,638035
54001,2009,0,0,644212
54001,2010,0,0,649990
54001,2011,0,0,655161
54001,2012,0.3031,2,659886
54001,2013,0.301,2,664411
54001,2014,0,0,668507
54001,2015,0,0,672777
54001,2016,0.1471,1,680030
54001,2017,0.1448,1,690699
54001,2018,0.1405,1,711714
54001,2019,0.2717,2,736089
54001,2020,0,0,765533
54003,2014,0,0,30281
54003,2018,3.1461,1,31785
54051,1998,10.0614,1,9939
54051,2000,10.2533,1,9753
54051,2002,10.4015,1,9614
54128,1999,8.9079,1,11226
54128,2000,9.0058,1,11104
54128,2001,27.1813,3,11037
54128,2002,18.2133,2,10981
54128,2004,0,0,10884
54128,2018,0,0,10997
54172,2004,0,0,14902
54206,2001,0,0,17863
54206,2002,5.6035,1,17846
54206,2003,5.6101,1,17825
54206,2008,0,0,17870
54206,2017,5.5559,1,17999
54206,2018,5.4165,1,18462
54206,2019,10.491,2,19064
54206,2020,15.2161,3,19716
54223,2013,0,0,7890
54239,2003,0,0,4609
54245,2002,7.7006,1,12986
54245,2004,7.7417,1,12917
54245,2013,7.845,1,12747
54245,2016,7.8088,1,12806
54245,2017,7.7863,1,12843
54245,2018,7.6028,1,13153
54250,1998,8.6498,1,11561
54250,1999,8.3984,1,11907
54250,2001,7.9039,1,12652
54250,2002,7.6722,1,13034
54250,2003,7.4444,1,13433
54250,2004,21.681,3,13837
54250,2006,13.624,2,14680
54250,2007,13.2521,2,15092
54250,2008,12.8941,2,15511
54250,2009,0,0,15973
54250,2010,12.2399,2,16340
54250,2011,5.9666,1,16760
54250,2012,17.4999,3,17143
54250,2013,5.7113,1,17509
54250,2014,11.1888,2,17875
54250,2015,5.4807,1,18246
54250,2016,16.1057,3,18627
54250,2017,10.4058,2,19220
54250,2018,4.9803,1,20079
54250,2019,4.6777,1,21378
54261,1997,0,0,18078
54261,2000,0,0,19268
54261,2004,9.6034,2,20826
54261,2005,4.7154,1,21207
54261,2010,0,0,23149
54344,1994,10.1071,1,9894
54344,2004,21.732,2,9203
54344,2008,32.0102,3,9372
54344,2009,10.6406,1,9398
54344,2014,63.0517,6,9516
54344,2017,10.2817,1,9726
54344,2018,10.004,1,9996
54344,2020,18.9825,2,10536
54385,1995,0,0,5307
54385,1998,17.1792,1,5821
54385,1999,33.2557,2,6014
54385,2000,0,0,6210
54398,1997,13.2275,1,7560
54398,2003,13.7476,1,7274
54398,2010,13.887,1,7201
54398,2014,13.7684,1,7263
54405,2001,0,0,55432
54405,2005,0,0,64085
54405,2006,0,0,66129
54405,2013,0,0,78495
54405,2018,0,0,89100
54405,2020,0,0,97133
54498,1997,0,0,91781
54498,1998,0,0,93559
54498,1999,1.0499,1,95251
54498,2000,2.0651,2,96849
54498,2002,0,0,99714
54498,2003,0.9899,1,101022
54498,2004,0.9778,1,102271
54498,2005,0,0,103443
54498,2006,0,0,104607
54498,2007,0,0,105752
54498,2008,0.9366,1,106769
54498,2010,0.9206,1,108624
54498,2011,0,0,109403
54498,2012,0.908,1,110137
54498,2013,0.9024,1,110817
54498,2014,0,0,111409
54498,2015,0,0,111985
54498,2016,0,0,113120
54498,2017,0,0,114809
54498,2018,0,0,118266
54498,2019,0.8185,1,122171
54498,2020,0.7902,1,126550
54518,1999,2.1101,1,47392
54518,2012,0,0,48674
54518,2013,0,0,48617
54553,1999,19.5046,1,5127
54553,2001,0,0,5585
54553,2003,0,0,5942
54660,2002,9.4931,1,10534
54670,1996,9.739,1,10268
54670,2000,9.9128,1,10088
54670,2004,9.6759,1,10335
54670,2008,9.3817,1,10659
54670,2010,9.1794,1,10894
54670,2014,8.9127,1,11220
54670,2016,17.4856,2,11438
54670,2019,8.058,1,12410
54720,1998,4.3687,1,22890
54720,2000,4.3817,1,22822
54720,2001,0,0,22851
54720,2012,8.3777,2,23873
54720,2014,4.1703,1,23979
54720,2015,4.1698,1,23982
54720,2016,12.4141,3,24166
54720,2018,7.9501,2,25157
54720,2020,3.7247,1,26848
54800,1996,6.6885,1,14951
54800,1999,0,0,14556
54800,2000,6.8861,1,14522
54800,2003,6.9046,1,14483
54800,2006,13.599,2,14707
54800,2009,6.6733,1,14985
54800,2011,6.6007,1,15150
54800,2012,13.1199,2,15244
54800,2013,6.5466,1,15275
54800,2016,0,0,15494
54800,2017,12.7299,2,15711
54800,2020,11.5574,2,17305
54810,1993,2.5654,1,38980
54810,1998,4.9564,2,40352
54810,1999,2.4548,1,40736
54810,2001,4.8027,2,41643
54810,2002,7.119,3,42141
54810,2004,6.9281,3,43302
54810,2005,2.2777,1,43903
54810,2006,2.2441,1,44561
54810,2008,4.3624,2,45846
54810,2009,4.3026,2,46483
54810,2010,2.1223,1,47118
54810,2011,2.096,1,47709
54810,2012,6.2138,3,48280
54810,2013,2.0483,1,48820
54810,2014,4.053,2,49346
54810,2016,3.948,2,50659
54810,2017,5.8017,3,51709
54810,2018,9.3266,5,53610
54810,2020,5.055,3,59347
54820,2000,6.47,1,15456
54820,2012,6.6124,1,15123
54820,2013,6.6155,1,15116
54874,1999,0,0,85815
54874,2000,0,0,87116
54874,2009,0,0,94697
63001,1997,0,0,260548
63001,1998,0,0,263505
63001,1999,0,0,266130
63001,2000,0,0,268351
63001,2001,0,0,270246
63001,2002,0.7357,2,271839
63001,2003,0.3662,1,273101
63001,2004,0,0,274282
63001,2005,0,0,275385
63001,2006,0,0,276605
63001,2007,0,0,277645
63001,2008,0,0,278566
63001,2009,0,0,279490
63001,2010,0,0,280619
63001,2011,0,0,281880
63001,2012,0,0,283086
63001,2013,0,0,284183
63001,2014,0,0,285490
63001,2015,0,0,287036
63001,2016,0,0,289151
63001,2017,0,0,291698
63001,2018,0,0,295208
63001,2019,0,0,297241
63001,2020,0.3339,1,299485
63130,1993,1.5341,1,65183
63130,1997,1.4959,1,66851
63130,2001,1.4704,1,68009
63130,2002,0,0,68179
63130,2003,0,0,68341
63130,2004,0,0,68474
63130,2005,0,0,68633
63130,2007,0,0,69001
63130,2008,1.446,1,69156
63130,2009,1.443,1,69300
63130,2010,0,0,69501
63130,2012,0,0,70025
63130,2014,0,0,70565
63190,2009,0,0,26025
63190,2014,3.7113,1,26945
63212,2000,0,0,5634
63212,2001,0,0,5554
63212,2002,17.9759,1,5563
63212,2004,0,0,5512
63212,2006,0,0,5527
63212,2009,0,0,5486
63272,2014,0,0,11781
63302,2008,0,0,8339
63302,2013,0,0,7816
63401,1995,0,0,26358
63401,1999,0,0,27993
63401,2004,0,0,29416
63401,2005,0,0,29704
63401,2009,0,0,30587
63401,2013,0,0,31667
63470,1997,0,0,36231
63470,1999,0,0,36376
63470,2010,0,0,36066
63470,2011,2.7731,1,36061
63470,2012,0,0,36053
63548,2000,14.1363,1,7074
63548,2003,14.8302,1,6743
63548,2006,0,0,6360
63548,2012,52.9661,3,5664
63594,2008,0,0,31770
63594,2013,0,0,30928
63690,2002,0,0,7849
66001,1994,0,0,372637
66001,1995,0,0,379266
66001,1999,0,0,402917
66001,2000,0.2453,1,407719
66001,2001,0.2427,1,412033
66001,2002,0,0,415900
66001,2003,0,0,419451
66001,2004,0.2364,1,423023
66001,2005,0.2344,1,426566
66001,2006,0.2325,1,430198
66001,2007,0,0,433632
66001,2008,1.6037,7,436494
66001,2009,0.2276,1,439370
66001,2010,0.226,1,442493
66001,2011,0.2245,1,445438
66001,2012,0,0,448174
66001,2013,0.222,1,450422
66001,2014,0,0,452676
66001,2015,0,0,455559
66001,2016,0,0,459033
66001,2017,0,0,462668
66001,2018,0,0,467261
66001,2020,0,0,477044
66045,2003,0,0,14209
66045,2005,0,0,13941
66045,2010,0,0,13292
66045,2011,0,0,13129
66075,2002,0,0,7962
66075,2007,13.4156,1,7454
66075,2008,0,0,7319
66075,2013,0,0,6719
66088,2002,3.8746,1,25809
66088,2004,0,0,25643
66088,2010,0,0,25157
66170,1994,0,0,147588
66170,1999,0,0,167314
66170,2000,0,0,170732
66170,2001,0,0,173940
66170,2002,0,0,176913
66170,2003,0,0,179747
66170,2004,0.5478,1,182554
66170,2005,0,0,185340
66170,2006,0,0,188123
66170,2007,0,0,190824
66170,2008,0,0,193204
66170,2010,0,0,198093
66318,1996,7.2348,1,13822
66318,2007,0,0,12912
66383,2003,0,0,8468
66383,2014,0,0,7673
66400,2004,3.4643,1,28866
66400,2005,0,0,28824
66400,2006,0,0,28781
66400,2007,0,0,28695
66440,2007,0,0,18924
66456,1994,38.5773,5,12961
66456,2003,6.8484,1,14602
66456,2004,20.3514,3,14741
66456,2005,6.7114,1,14900
66456,2007,0,0,15189
66456,2015,6.1256,1,16325
66572,1994,24.0655,3,12466
66572,1996,7.8015,1,12818
66572,1998,7.5781,1,13196
66572,1999,7.4755,1,13377
66572,2000,22.1943,3,13517
66572,2002,0,0,13785
66572,2003,14.3688,2,13919
66572,2004,7.1088,1,14067
66572,2005,14.1054,2,14179
66572,2007,6.9137,1,14464
66572,2008,6.8611,1,14575
66572,2010,6.7331,1,14852
66572,2012,13.19,2,15163
66572,2015,12.8238,2,15596
66594,1993,3.2805,1,30483
66594,1997,0,0,30261
66594,1998,3.3162,1,30155
66594,2000,3.3435,1,29909
66594,2001,6.7252,2,29739
66594,2002,6.7625,2,29575
66594,2003,10.2135,3,29373
66594,2004,6.8535,2,29182
66594,2005,6.8904,2,29026
66594,2008,3.505,1,28531
66594,2010,3.5422,1,28231
66594,2011,0,0,28107
66682,1994,0,0,72681
66682,1999,0,0,75439
66682,2003,0,0,76354
66682,2004,0,0,76477
66682,2012,0,0,77206
66682,2014,0,0,77042
66682,2017,0,0,77472
66687,2003,6.6033,1,15144
66687,2005,27.137,4,14740
66687,2011,0,0,13662
66687,2015,0,0,13081
66687,2020,7.6929,1,12999
68001,1993,0.7747,3,387236
68001,1994,0,0,395712
68001,1995,0,0,404395
68001,1997,0.2371,1,421729
68001,1998,0.2324,1,430229
68001,1999,0.4562,2,438388
68001,2000,0,0,446629
68001,2001,0.44,2,454518
68001,2002,0.6489,3,462341
68001,2003,0.2128,1,469905
68001,2004,0.2094,1,477547
68001,2005,0.4124,2,484962
68001,2006,0,0,492693
68001,2007,0.1999,1,500260
68001,2008,0,0,507605
68001,2009,0.1942,1,514867
68001,2010,0,0,522105
68001,2011,0,0,528984
68001,2012,0,0,535617
68001,2013,0,0,542098
68001,2014,0,0,548447
68001,2015,0,0,554885
68001,2016,0.1779,1,562123
68001,2017,0,0,570253
68001,2018,0,0,581138
68001,2019,0,0,590543
68001,2020,0,0,601668
68077,2005,3.9499,1,25317
68081,1993,1.2704,2,157432
68081,1997,0.6017,1,166205
68081,1999,1.7609,3,170366
68081,2000,2.3212,4,172323
68081,2001,2.296,4,174217
68081,2002,3.9763,7,176044
68081,2003,3.3751,6,177775
68081,2004,0,0,179516
68081,2005,0.5517,1,181263
68081,2006,0.5463,1,183041
68081,2007,1.0823,2,184791
68081,2008,0,0,186460
68081,2010,0,0,189727
68081,2011,1.0459,2,191231
68081,2012,0.519,1,192673
68081,2013,0.5152,1,194104
68081,2014,0,0,195446
68081,2015,0,0,196832
68081,2016,0,0,198513
68081,2017,0,0,200583
68081,2018,0.9826,2,203539
68081,2019,0,0,208608
68081,2020,0,0,214541
68092,2003,16.9463,1,5901
68162,2015,15.0966,1,6624
68167,1998,6.8032,1,14699
68167,2001,6.9657,1,14356
68167,2003,7.0998,1,14085
68176,2001,29.6296,1,3375
68176,2006,61.5006,2,3252
68190,2000,4.1164,1,24293
68190,2001,4.036,1,24777
68190,2002,3.9629,1,25234
68190,2004,3.8212,1,26170
68190,2005,0,0,26661
68190,2018,0,0,32862
68207,1999,30.4183,2,6575
68207,2015,0,0,5838
68209,1993,0,0,2429
68211,2001,0,0,3903
68217,2000,0,0,6137
68217,2001,16.442,1,6082
68217,2002,33.3667,2,5994
68229,2013,0,0,11977
68235,1994,25.996,4,15387
68235,1995,19.1877,3,15635
68235,1996,6.3012,1,15870
68235,1997,6.1904,1,16154
68235,1998,6.1039,1,16383
68235,2002,5.7954,1,17255
68235,2004,0,0,17713
68235,2005,5.5748,1,17938
68235,2011,5.214,1,19179
68250,1997,16.6141,1,6019
68250,2000,34.0078,2,5881
68250,2001,17.0999,1,5848
68250,2002,34.6741,2,5768
68250,2005,17.6429,1,5668
68255,1994,0,0,13078
68255,1999,7.529,1,13282
68255,2005,0,0,13390
68255,2007,0,0,13426
68255,2008,0,0,13436
68255,2013,7.4223,1,13473
68255,2018,0,0,13714
68276,1995,0,0,182774
68276,2000,0,0,208190
68276,2002,0,0,217851
68276,2003,0,0,222548
68276,2004,0,0,227283
68276,2005,0,0,231908
68276,2006,0,0,236668
68276,2012,0,0,263601
68276,2019,0,0,297269
68307,1999,0,0,96382
68307,2001,0,0,103324
68307,2002,0,0,106736
68307,2003,0,0,110105
68307,2004,0.8811,1,113496
68307,2005,0,0,116868
68307,2006,0,0,120256
68307,2007,0,0,123604
68307,2008,0,0,126935
68307,2011,0,0,136721
68307,2012,0,0,139843
68307,2013,0,0,142982
68322,1994,0,0,2325
68324,2006,20.35,1,4914
68368,1993,25.9336,1,3856
68385,2003,0,0,10586
68385,2004,28.4279,3,10553
68397,2003,16.7813,1,5959
68406,2003,0,0,32651
68406,2008,5.6156,2,35615
68432,2000,5.5494,1,18020
68432,2002,5.4428,1,18373
68432,2004,5.3456,1,18707
68432,2005,0,0,18876
68432,2007,0,0,19195
68444,1998,18.1554,1,5508
68464,2018,0,0,10522
68533,1997,28.547,1,3503
68533,2019,0,0,4836
68547,1993,0,0,75791
68547,1997,1.093,1,91494
68547,1999,0,0,99317
68547,2000,0,0,103180
68547,2001,0,0,107007
68547,2002,0.9026,1,110792
68547,2003,0,0,114513
68547,2004,0,0,118261
68547,2005,0.8196,1,122004
68547,2006,0,0,125784
68547,2007,0,0,129531
68547,2008,0,0,133245
68547,2009,0,0,136929
68547,2017,0.6031,1,165817
68575,2000,3.7652,1,26559
68575,2004,0,0,27939
68575,2007,0,0,28941
68575,2012,0,0,30527
68615,1994,0,0,27653
68615,1998,0,0,27560
68615,2002,0,0,27304
68615,2003,7.3546,2,27194
68615,2005,0,0,27076
68615,2020,0,0,27402
68655,2000,0,0,25848
68655,2001,30.4692,8,26256
68655,2003,3.6892,1,27106
68655,2004,7.2664,2,27524
68679,1999,2.4167,1,41379
68679,2001,0,0,42983
68679,2007,0,0,47657
68682,1997,0,0,3210
68684,2005,0,0,5401
68689,1994,8.0656,3,37195
68689,1996,0,0,36920
68689,1997,2.7189,1,36779
68689,1998,2.7278,1,36660
68689,2001,5.5282,2,36178
68689,2002,2.782,1,35945
68689,2003,5.5982,2,35726
68689,2005,2.8289,1,35349
68720,2000,24.1896,1,4134
68745,2001,9.9305,1,10070
68745,2007,10.007,1,9993
68755,2001,0,0,26559
68755,2006,0,0,28250
68755,2007,0,0,28587
68755,2011,0,0,29836
68770,2000,0,0,10617
68773,1996,9.6395,1,10374
68773,1997,9.7742,1,10231
68773,2000,0,0,9810
68773,2004,10.826,1,9237
68773,2007,0,0,8708
68780,1994,22.0167,1,4542
68780,1997,22.3614,1,4472
68780,1999,22.5938,1,4426
68780,2000,91.2409,4,4384
68780,2001,68.6656,3,4369
68780,2002,22.9674,1,4354
68820,2002,15.1676,1,6593
68820,2004,0,0,6686
68861,1999,0,0,19610
68861,2002,4.9089,1,20371
68861,2003,0,0,20627
68861,2005,4.7384,1,21104
68861,2016,0,0,23554
68895,2000,20.2306,2,9886
68895,2002,0,0,9813
70001,1993,0,0,196547
70001,1997,0,0,211505
70001,1999,0,0,216170
70001,2001,0,0,223225
70001,2002,1.7775,4,225038
70001,2003,0.4366,1,229035
70001,2004,0,0,232250
70001,2007,0,0,241380
70001,2008,0,0,244436
70001,2012,0,0,256326
70001,2014,0.3814,1,262199
70001,2016,0,0,268622
70001,2018,0,0,277775
70204,2000,0,0,8781
70204,2002,0,0,8754
70204,2004,11.5088,1,8689
70215,1997,0,0,63688
70215,2001,0,0,58980
70215,2002,0,0,59262
70215,2003,0,0,59839
70215,2004,1.6571,1,60348
70215,2018,0,0,67379
70230,1998,0,0,4190
70230,1999,23.9866,1,4169
70230,2000,23.8095,1,4200
70230,2002,23.8039,1,4201
70230,2004,23.7192,1,4216
70233,2004,9.5057,1,10520
70265,2005,0,0,14565
70265,2012,6.1977,1,16135
70265,2017,5.7717,1,17326
70429,1995,27.0302,7,25897
70473,1997,52.6639,6,11393
70508,1993,4.5319,1,22066
70508,1998,4.5907,1,21783
70508,2000,4.5769,1,21849
70508,2001,4.5664,1,21899
70508,2002,13.6575,3,21966
70508,2003,4.5473,1,21991
70508,2004,13.6042,3,22052
70508,2006,9.0432,2,22116
70508,2008,0,0,22204
70670,2008,0,0,38307
70678,2001,3.9139,1,25550
70708,2005,0,0,47924
70708,2006,2.057,1,48614
70713,2002,2.2151,1,45145
70713,2007,2.1555,1,46393
70713,2011,0,0,47367
70771,2007,3.9285,1,25455
70823,2006,5.4648,1,18299
73001,1994,0,0,401236
73001,1995,0,0,409158
73001,1997,0.2365,1,422812
73001,1998,0.2325,1,430158
73001,1999,0.4574,2,437245
73001,2000,0,0,444266
73001,2001,0.4435,2,450923
73001,2002,0.4375,2,457111
73001,2003,0.2159,1,463139
73001,2004,0.4268,2,468632
73001,2005,0.8453,4,473220
73001,2006,0.4182,2,478255
73001,2007,0.4142,2,482895
73001,2008,0.4102,2,487511
73001,2009,0,0,492013
73001,2010,0,0,496428
73001,2011,0.1997,1,500754
73001,2012,0,0,504843
73001,2013,0,0,508870
73001,2014,0,0,512749
73001,2015,0,0,516759
73001,2016,0.384,2,520856
73001,2019,0.1874,1,533745
73001,2020,0,0,538183
73026,2000,0,0,9035
73026,2006,11.2133,1,8918
73043,2000,75.7146,8,10566
73043,2002,9.5057,1,10520
73043,2005,9.6006,1,10416
73043,2006,29.0698,3,10320
73043,2007,9.6834,1,10327
73043,2013,9.8863,1,10115
73043,2016,0,0,10088
73055,2002,0,0,14416
73055,2006,0,0,13978
73067,1998,0,0,21574
73067,1999,13.9782,3,21462
73067,2000,4.6845,1,21347
73067,2004,4.8179,1,20756
73067,2006,14.6441,3,20486
73067,2007,0,0,20353
73067,2008,4.9432,1,20230
73067,2012,5.0546,1,19784
73067,2013,0,0,19710
73124,2003,10.337,2,19348
73124,2004,5.1875,1,19277
73124,2005,5.2252,1,19138
73124,2007,5.2568,1,19023
73124,2011,5.3308,1,18759
73124,2014,0,0,18589
73124,2020,0,0,18990
73148,2012,0,0,9557
73152,2009,14.7929,1,6760
73168,1998,6.0895,3,49265
73168,1999,2.0232,1,49426
73168,2000,10.0904,5,49552
73168,2001,2.0143,1,49644
73168,2002,4.0228,2,49716
73168,2003,8.0426,4,49735
73168,2004,10.042,5,49791
73168,2005,8.0339,4,49789
73168,2006,8.0289,4,49820
73168,2007,14.0354,7,49874
73168,2008,2.0057,1,49858
73168,2009,8.0191,4,49881
73168,2010,2.0035,1,49913
73168,2011,4.0058,2,49927
73168,2012,12.0142,6,49941
73168,2013,2.0003,1,49992
73168,2014,5.9945,3,50046
73168,2020,0,0,51522
73217,2006,16.5017,4,24240
73217,2007,0,0,24076
73226,2003,8.2386,1,12138
73226,2004,0,0,11889
73236,1999,19.7122,2,10146
73236,2000,9.9187,1,10082
73236,2002,0,0,9922
73236,2003,10.2072,1,9797
73236,2006,10.5407,1,9487
73236,2008,10.8003,1,9259
73268,2002,0,0,69303
73268,2006,0,0,69698
73268,2008,0,0,69773
73268,2012,0,0,69985
73270,2001,9.203,1,10866
73275,1999,0,0,27091
73275,2001,0,0,27468
73283,2003,3.1663,1,31583
73283,2014,0,0,31118
73319,2000,0,0,35593
73319,2004,8.5837,3,34950
73319,2008,0,0,34284
73347,2003,10.9361,1,9144
73347,2005,11.2575,1,8883
73347,2010,12.1743,1,8214
73349,2001,3.571,1,28003
73349,2006,3.683,1,27152
73352,2000,0,0,11836
73352,2005,0,0,11797
73352,2006,8.5172,1,11741
73408,2002,5.776,1,17313
73408,2005,5.6773,1,17614
73411,1994,0,0,43951
73411,1995,2.2879,1,43709
73411,1998,2.3307,1,42905
73411,2001,2.3723,1,42154
73411,2002,2.3885,1,41868
73411,2003,0,0,41563
73411,2004,2.4248,1,41241
73411,2005,2.4495,1,40825
73411,2006,2.4694,1,40496
73411,2007,7.4703,3,40159
73411,2008,2.5107,1,39830
73411,2014,0,0,37925
73411,2016,2.6815,1,37293
73443,1996,0,0,32101
73443,2001,2.9593,1,33792
73443,2003,2.9054,1,34419
73443,2004,2.8828,1,34689
73443,2007,2.8314,1,35318
73443,2009,0,0,35765
73449,2000,0,0,28554
73449,2007,0,0,31972
73449,2010,3.0082,1,33242
73449,2018,0,0,36544
73461,2000,27.4198,1,3647
73461,2006,26.2055,1,3816
73483,1994,5.0241,1,19904
73483,1996,0,0,19458
73483,1998,62.9393,12,19066
73483,2002,0,0,18238
73483,2004,5.6233,1,17783
73483,2006,5.7981,1,17247
73483,2007,5.8751,1,17021
73483,2018,6.7372,1,14843
73504,2005,8.7189,3,34408
73504,2006,8.7382,3,34332
73504,2009,2.919,1,34258
73504,2010,2.9183,1,34266
73520,2003,0,0,12610
73520,2006,8.3773,1,11937
73555,1993,7.8336,2,25531
73555,1998,3.9305,1,25442
73555,1999,11.798,3,25428
73555,2000,11.78,3,25467
73555,2001,3.9267,1,25467
73555,2002,3.9279,1,25459
73555,2003,23.5812,6,25444
73555,2004,39.367,10,25402
73555,2005,27.6025,7,25360
73555,2006,39.426,10,25364
73555,2007,43.3651,11,25366
73555,2008,19.7161,5,25360
73555,2009,23.6416,6,25379
73555,2010,27.5721,7,25388
73555,2011,43.3293,11,25387
73555,2012,11.798,3,25428
73555,2013,15.7159,4,25452
73555,2014,31.3725,8,25500
73555,2020,3.8105,1,26243
73563,1995,10.1698,1,9833
73563,2001,10.4866,1,9536
73616,1993,3.8292,1,26115
73616,1997,3.9451,1,25348
73616,1998,0,0,25184
73616,2000,4.0136,1,24915
73616,2001,8.0704,2,24782
73616,2002,4.0632,1,24611
73616,2003,8.1947,2,24406
73616,2004,12.3752,3,24242
73616,2005,12.4688,3,24060
73616,2006,16.7008,4,23951
73616,2007,8.4012,2,23806
73616,2008,12.678,3,23663
73616,2009,4.2513,1,23522
73616,2010,8.5423,2,23413
73616,2011,8.58,2,23310
73616,2013,17.3018,4,23119
73616,2014,8.6873,2,23022
73616,2020,8.6345,2,23163
73622,1999,16.2259,1,6163
73622,2002,16.6196,1,6017
73622,2003,33.206,2,6023
73622,2011,17.6647,1,5661
73622,2013,17.8285,1,5609
73624,2002,4.2628,1,23459
73624,2003,4.2805,1,23362
73624,2004,0,0,23213
73624,2005,8.6957,2,23000
73624,2006,4.3636,1,22917
73624,2007,4.3912,1,22773
73624,2008,4.4113,1,22669
73624,2011,4.4769,1,22337
73624,2015,0,0,21897
73624,2018,0,0,21673
73671,2002,0,0,14687
73675,2002,6.2201,1,16077
73675,2005,6.4973,1,15391
73675,2006,6.595,1,15163
73675,2008,6.793,1,14721
73675,2009,6.8923,1,14509
73675,2011,7.0887,1,14107
73675,2012,7.1849,1,13918
73675,2013,7.2727,1,13750
73678,2000,0,0,14618
73678,2002,6.8989,1,14495
73678,2003,13.9072,2,14381
73678,2004,7.0028,1,14280
73678,2005,35.2584,5,14181
73686,2000,0,0,6808
73686,2001,14.8721,1,6724
73686,2006,0,0,6470
73686,2007,15.647,1,6391
73686,2009,16.0205,1,6242
73854,2004,123.5439,7,5666
73854,2015,0,0,5390
73861,2000,0,0,14611
73870,2004,17.9711,2,11129
73870,2012,0,0,9964
73873,1995,12.3762,1,8080
73873,1996,12.5282,1,7982
73873,1999,13.2083,1,7571
73873,2004,14.5012,1,6896
76001,1993,0,0,1847224
76001,1994,0,0,1873393
76001,1995,0,0,1898665
76001,1996,0,0,1922911
76001,1997,0,0,1945976
76001,1998,0.0508,1,1967697
76001,1999,0,0,1988016
76001,2000,0,0,2006728
76001,2001,0.2471,5,2023671
76001,2002,0.049,1,2039176
76001,2003,0.0974,2,2054026
76001,2004,0.0483,1,2069046
76001,2005,0.0959,2,2084896
76001,2006,0.4284,9,2100705
76001,2007,0.2365,5,2114530
76001,2008,0.0941,2,2125561
76001,2009,0.0468,1,2135980
76001,2010,0.1863,4,2146535
76001,2011,0.0927,2,2156926
76001,2012,0,0,2165625
76001,2013,0,0,2172204
76001,2014,0.1377,3,2178842
76001,2015,0,0,2186576
76001,2016,0,0,2195915
76001,2017,0,0,2205615
76001,2018,0.0449,1,2227649
76001,2019,0,0,2248066
76001,2020,0,0,2272432
76036,2003,4.6337,1,21581
76054,2000,0,0,7697
76054,2001,0,0,7550
76054,2010,0,0,6437
76100,2002,5.6379,1,17737
76100,2010,0,0,16940
76100,2016,6.2046,1,16117
76109,1999,0.3648,1,274145
76109,2000,1.0844,3,276643
76109,2001,0,0,278922
76109,2002,0,0,281018
76109,2003,1.0599,3,283050
76109,2004,1.0522,3,285118
76109,2005,0.6959,2,287378
76109,2006,1.3814,4,289561
76109,2007,2.0584,6,291494
76109,2008,1.7061,5,293067
76109,2009,0.3395,1,294554
76109,2010,0,0,296080
76109,2011,0.336,1,297593
76109,2013,0.3334,1,299904
76109,2014,2.6587,8,300895
76109,2015,0,0,302099
76109,2016,0.6589,2,303516
76109,2017,0.6557,2,305003
76109,2018,0.3245,1,308193
76109,2019,0.3207,1,311801
76111,2000,0,0,123824
76111,2003,0,0,124936
76111,2004,1.5967,2,125256
76111,2007,0,0,126314
76111,2012,0,0,126800
76111,2013,0,0,126678
76111,2018,0,0,127542
76113,2001,0,0,25315
76113,2002,3.9513,1,25308
76113,2003,3.9576,1,25268
76113,2004,15.851,4,25235
76113,2007,0,0,25156
76113,2009,0,0,24998
76113,2014,0,0,24514
76122,2004,0,0,32575
76122,2012,0,0,30469
76126,2001,0,0,15452
76126,2004,6.2641,1,15964
76126,2007,6.0511,1,16526
76126,2008,6.0078,1,16645
76126,2014,5.713,1,17504
76130,1998,0,0,67799
76130,1999,0,0,69162
76130,2000,0,0,70439
76130,2001,0,0,71742
76130,2002,0,0,72997
76130,2006,1.279,1,78188
76130,2010,0,0,82881
76130,2014,0,0,86968
76130,2016,0,0,89130
76147,2002,1.5123,2,132252
76147,2005,0,0,133450
76147,2007,0.745,1,134223
76147,2008,0,0,134394
76147,2009,0.7434,1,134524
76147,2010,0,0,134635
76147,2011,0,0,134788
76147,2012,0,0,134829
76147,2013,0,0,134754
76147,2014,0,0,134684
76147,2015,0,0,134645
76147,2016,0,0,134759
76147,2019,0,0,137048
76233,1994,0,0,38639
76233,1995,2.5581,1,39091
76233,2001,2.3864,1,41905
76233,2002,7.0897,3,42315
76233,2004,2.3144,1,43207
76233,2005,2.2899,1,43670
76233,2007,0,0,44547
76233,2010,0,0,45589
76243,2003,35.2889,4,11335
76246,1998,0,0,10589
76246,2005,10.7227,1,9326
76246,2012,12.5141,1,7991
76248,2003,1.8546,1,53919
76248,2006,0,0,54697
76250,2004,8.8324,1,11322
76250,2005,8.955,1,11167
76250,2013,10.2543,1,9752
76250,2016,10.9242,1,9154
76275,1996,1.9164,1,52180
76275,1998,1.8873,1,52986
76275,2001,3.7035,2,54003
76275,2002,1.8427,1,54267
76275,2004,7.3041,4,54764
76275,2005,10.899,6,55051
76275,2006,3.6145,2,55333
76275,2007,1.7991,1,55583
76275,2008,5.3818,3,55743
76275,2010,1.7839,1,56056
76275,2013,0,0,56382
76275,2019,0,0,57629
76275,2020,5.1768,3,57951
76318,2017,0,0,32910
76364,1997,0,0,93158
76364,2000,2.8771,3,104270
76364,2001,1.8558,2,107772
76364,2002,0.8991,1,111219
76364,2003,0,0,114622
76364,2005,0,0,121430
76364,2006,0.8012,1,124817
76364,2007,0,0,128074
76364,2009,0,0,134125
76364,2011,1.4279,2,140066
76364,2012,0,0,142873
76364,2017,0,0,156313
76400,2013,0,0,32972
76400,2016,0,0,33412
76497,2007,0,0,14053
76497,2015,0,0,12785
76520,2002,0,0,316254
76520,2003,0.3138,1,318691
76520,2004,0,0,321229
76520,2005,0.3088,1,323868
76520,2006,0,0,326564
76520,2007,0,0,328949
76520,2009,0,0,332743
76520,2010,0,0,334667
76520,2011,0.5943,2,336520
76520,2012,0,0,338121
76520,2013,0,0,339398
76520,2014,0.2935,1,340670
76520,2019,0,0,356492
76520,2020,0,0,364382
76563,2002,2.1987,1,45482
76563,2004,4.3602,2,45869
76563,2008,4.2939,2,46578
76563,2012,2.1287,1,46976
76563,2013,2.1255,1,47047
76606,2001,6.6304,1,15082
76616,2001,6.0277,1,16590
76616,2004,6.0691,1,16477
76616,2007,6.1158,1,16351
76622,1997,0,0,36702
76622,2010,0,0,37223
76622,2013,0,0,36984
76736,2004,7.8801,4,50761
76736,2014,2.2518,1,44408
76823,2006,0,0,15932
76828,1997,0,0,21045
76828,2002,0,0,20810
76828,2005,0,0,20596
76828,2013,10.1673,2,19671
76828,2015,0,0,19430
76834,1994,0,0,169308
76834,1997,0.5648,1,177063
76834,1998,0,0,179460
76834,2000,1.6312,3,183915
76834,2001,0,0,185925
76834,2002,1.0648,2,187820
76834,2003,0,0,189695
76834,2005,0.5168,1,193485
76834,2006,1.0235,2,195411
76834,2007,0,0,197178
76834,2008,1.0066,2,198680
76834,2009,0,0,200099
76834,2010,0.4963,1,201504
76834,2011,0.4926,1,202988
76834,2012,0.4895,1,204279
76834,2013,0,0,205344
76834,2014,0,0,206352
76834,2015,0,0,207485
76834,2016,0,0,208855
76834,2018,0,0,212677
76845,2004,0,0,5961
76869,2001,0,0,11370
76892,1994,0,0,76260
76892,1998,1.2046,1,83018
76892,1999,0,0,84568
76892,2004,0,0,91546
76892,2008,1.0343,1,96682
76895,2003,2.5033,1,39947
81001,1993,0,0,64010
81001,1996,1.4848,1,67347
81001,1997,1.4638,1,68315
81001,1999,2.8584,2,69969
81001,2001,5.6155,4,71231
81001,2002,4.1836,3,71708
81001,2003,15.2488,11,72137
81001,2004,4.1365,3,72525
81001,2005,5.5008,4,72717
81001,2007,0,0,73475
81001,2008,2.7053,2,73928
81001,2009,1.3433,1,74441
81001,2010,2.6668,2,74997
81001,2011,3.9701,3,75564
81001,2012,1.3138,1,76116
81001,2013,2.6042,2,76798
81001,2014,1.2893,1,77560
81001,2015,0,0,78436
81001,2016,0,0,79833
81001,2017,1.2221,1,81824
81001,2018,7.0102,6,85590
81001,2019,1.1512,1,86867
81001,2020,1.132,1,88336
81065,1996,2.8755,1,34776
81065,1997,2.8225,1,35430
81065,1999,5.4536,2,36673
81065,2002,0,0,38345
81065,2003,5.1508,2,38829
81065,2004,10.1895,4,39256
81065,2005,12.6208,5,39617
81065,2006,7.4906,3,40050
81065,2007,2.4685,1,40511
81065,2008,7.3169,3,41001
81065,2009,9.6369,4,41507
81065,2010,14.2765,6,42027
81065,2011,14.103,6,42544
81065,2012,13.9243,6,43090
81065,2013,9.1521,4,43706
81065,2014,15.7835,7,44350
81065,2015,6.6594,3,45049
81065,2016,2.1699,1,46085
81065,2017,4.2157,2,47442
81065,2018,4.0126,2,49843
81065,2019,3.9456,2,50689
81065,2020,1.9363,1,51644
81220,1999,19.0985,1,5236
81220,2000,0,0,5121
81220,2005,21.7817,1,4591
81300,1994,11.0205,1,9074
81300,2002,0,0,12536
81300,2004,7.585,1,13184
81300,2005,7.4256,1,13467
81300,2007,7.0952,1,14094
81300,2008,20.7929,3,14428
81300,2009,13.5566,2,14753
81300,2010,6.6428,1,15054
81300,2011,6.5007,1,15383
81300,2012,12.7097,2,15736
81300,2013,31.1061,5,16074
81300,2014,0,0,16432
81300,2015,5.946,1,16818
81300,2016,11.5587,2,17303
81300,2017,11.1632,2,17916
81300,2018,15.8437,3,18935
81300,2019,10.414,2,19205
81591,2003,49.4927,2,4041
81591,2004,25.1193,1,3981
81591,2005,25.2143,1,3966
81591,2014,24.7341,1,4043
81591,2015,24.6002,1,4065
81591,2019,22.3964,1,4465
81591,2020,22.0119,1,4543
81736,1993,2.0444,1,48915
81736,1995,2.0203,1,49498
81736,1997,2.0002,1,49996
81736,1999,1.9868,1,50332
81736,2001,7.9236,4,50482
81736,2002,11.8873,6,50474
81736,2003,1.9831,1,50425
81736,2004,13.8886,7,50401
81736,2005,11.9424,6,50241
81736,2006,5.9779,3,50185
81736,2007,1.9923,1,50192
81736,2008,1.9918,1,50206
81736,2009,1.9885,1,50290
81736,2010,3.9668,2,50419
81736,2011,3.9579,2,50532
81736,2012,5.9207,3,50670
81736,2013,0,0,50884
81736,2014,5.8626,3,51172
81736,2016,5.7418,3,52248
81736,2017,1.8759,1,53309
81736,2018,1.7998,1,55562
81736,2019,3.5447,2,56423
81794,1996,3.0289,1,33015
81794,1999,14.5188,5,34438
81794,2000,5.741,2,34837
81794,2001,5.6833,2,35191
81794,2002,16.9033,6,35496
81794,2003,25.1607,9,35770
81794,2004,30.5073,11,36057
81794,2005,27.5839,10,36253
81794,2006,10.9571,4,36506
81794,2007,13.5929,5,36784
81794,2008,10.7776,4,37114
81794,2009,24.0301,9,37453
81794,2010,21.1422,8,37839
81794,2011,10.4748,4,38187
81794,2012,20.7474,8,38559
81794,2013,10.2625,4,38977
81794,2014,17.7363,7,39467
81794,2015,2.4993,1,40011
81794,2016,4.9028,2,40793
81794,2017,2.3861,1,41909
81794,2018,6.8276,3,43939
81794,2019,9.0062,4,44414
81794,2020,0,0,44966
85001,1994,1.2668,1,78941
85001,1995,0,0,84344
85001,1996,0,0,89417
85001,1998,0,0,98455
85001,1999,0,0,102602
85001,2000,1.8774,2,106533
85001,2001,0.9067,1,110288
85001,2002,10.5307,12,113953
85001,2003,3.4044,4,117496
85001,2004,4.9569,6,121043
85001,2005,2.4092,3,124523
85001,2006,1.5617,2,128065
85001,2007,0,0,131507
85001,2008,0,0,134889
85001,2009,0.7234,1,138244
85001,2010,0,0,141548
85001,2011,0,0,144801
85001,2012,0,0,148007
85001,2013,0,0,151210
85001,2014,0,0,154298
85001,2015,0,0,157417
85001,2017,0,0,164295
85001,2019,0,0,173316
85001,2020,0,0,178549
85010,1995,4.1962,1,23831
85010,1998,0,0,25468
85010,1999,3.8404,1,26039
85010,2001,3.6797,1,27176
85010,2002,7.2098,2,27740
85010,2003,14.1328,4,28303
85010,2004,20.767,6,28892
85010,2005,3.3922,1,29479
85010,2007,0,0,30670
85010,2019,0,0,37507
85015,1998,180.424,4,2217
85015,1999,89.8876,2,2225
85015,2000,274.3484,6,2187
85015,2001,89.5656,2,2233
85015,2002,0,0,2282
85015,2003,44.0917,1,2268
85015,2008,0,0,2395
85125,2001,9.9512,1,10049
85125,2002,0,0,10153
85125,2003,9.722,1,10286
85125,2004,9.5914,1,10426
85125,2011,8.785,1,11383
85136,2013,143.9885,2,1389
85136,2016,71.0227,1,1408
85139,1999,7.9227,1,12622
85139,2000,7.7954,1,12828
85139,2001,15.2929,2,13078
85139,2003,7.3932,1,13526
85139,2004,21.7265,3,13808
85139,2005,0,0,14030
85139,2010,0,0,15253
85139,2019,0,0,17666
85162,2000,8.0775,1,12380
85162,2001,0,0,12663
85162,2002,15.4751,2,12924
85162,2003,15.1274,2,13221
85162,2004,51.8557,7,13499
85162,2010,0,0,15213
85225,1997,14.497,1,6898
85225,2002,28.6246,2,6987
85225,2004,13.9063,1,7191
85225,2005,0,0,7291
85225,2015,0,0,8394
85230,1994,0,0,6797
85230,2002,12.332,1,8109
85230,2004,11.67,1,8569
85230,2005,11.352,1,8809
85250,1995,0,0,22592
85250,1999,4.0054,1,24966
85250,2000,11.7486,3,25535
85250,2001,19.1681,5,26085
85250,2002,11.2515,3,26663
85250,2003,14.6918,4,27226
85250,2004,28.7811,8,27796
85250,2005,38.7447,11,28391
85250,2007,0,0,29579
85250,2009,0,0,30767
85250,2011,0,0,31940
85250,2016,0,0,34790
85250,2018,0,0,36274
85250,2019,0,0,36850
85263,1997,11.6442,1,8588
85263,1998,0,0,8682
85263,2000,0,0,8959
85263,2002,21.6967,2,9218
85263,2003,0,0,9404
85263,2004,10.4537,1,9566
85263,2014,8.8849,1,11255
85279,2000,0,0,1813
85279,2002,111.6695,2,1791
85300,2000,63.1313,2,3168
85300,2001,31.2695,1,3198
85300,2002,0,0,3202
85300,2007,0,0,3354
85300,2008,0,0,3378
85315,1998,69.4927,1,1439
85315,2003,63.8978,1,1565
85315,2010,55.371,1,1806
85315,2013,53.5332,1,1868
85315,2015,50.2008,1,1992
85315,2016,49.505,1,2020
85325,1994,27.9916,2,7145
85325,2003,14.4113,1,6939
85325,2004,14.2187,1,7033
85400,1995,26.9651,2,7417
85400,1999,14.9656,1,6682
85400,2005,15.1057,1,6620
85400,2014,0,0,6761
85410,2001,0,0,15272
85410,2002,6.3416,1,15769
85410,2003,0,0,16213
85410,2004,29.8972,5,16724
85410,2005,23.2504,4,17204
85410,2009,0,0,19174
85410,2011,0,0,20105
85410,2012,0,0,20577
85410,2014,0,0,21493
85410,2019,0,0,24050
85410,2020,0,0,24635
85430,2001,10.3788,1,9635
85430,2003,0,0,10031
85430,2005,9.5868,1,10431
85440,1999,0,0,22908
85440,2000,8.4846,2,23572
85440,2001,8.2587,2,24217
85440,2002,8.0512,2,24841
85440,2003,3.9253,1,25476
85440,2004,7.6596,2,26111
85440,2005,11.2229,3,26731
85440,2010,0,0,29949
85440,2012,3.2041,1,31210
85440,2017,2.8975,1,34513
86001,1996,4.415,1,22650
86001,1997,4.0888,1,24457
86001,1998,0,0,26394
86001,1999,7.0442,2,28392
86001,2000,3.2893,1,30402
86001,2001,9.2902,3,32292
86001,2002,0,0,34050
86001,2003,39.2355,14,35682
86001,2004,2.6895,1,37182
86001,2005,7.7608,3,38656
86001,2006,0,0,40069
86001,2007,4.8277,2,41428
86001,2008,2.3364,1,42800
86001,2009,6.7929,3,44164
86001,2010,6.5879,3,45538
86001,2011,0,0,46891
86001,2012,2.0749,1,48194
86001,2013,0,0,49499
86001,2014,0,0,50761
86001,2015,0,0,52078
86001,2018,0,0,56390
86001,2019,0,0,58127
86001,2020,0,0,59862
86219,2000,0,0,3824
86320,1997,4.4891,1,22276
86320,1999,0,0,24055
86320,2000,4.0145,1,24910
86320,2001,0,0,25738
86320,2003,10.9983,3,27277
86320,2004,0,0,27998
86320,2005,3.4808,1,28729
86320,2006,20.4214,6,29381
86320,2007,3.3251,1,30074
86320,2008,3.2499,1,30770
86320,2010,0,0,32155
86320,2011,0,0,32839
86320,2012,2.9817,1,33538
86320,2013,5.8473,2,34204
86320,2014,0,0,34847
86320,2020,2.6112,1,38297
86568,1995,2.8524,1,35058
86568,1996,2.7406,1,36489
86568,2000,0,0,42708
86568,2001,11.3012,5,44243
86568,2002,2.1888,1,45687
86568,2003,8.4983,4,47068
86568,2004,4.1378,2,48335
86568,2005,2.0171,1,49577
86568,2006,3.9394,2,50769
86568,2007,5.7757,3,51942
86568,2008,13.1777,7,53120
86568,2009,16.5804,9,54281
86568,2010,9.0145,5,55466
86568,2011,15.8921,9,56632
86568,2012,3.4623,2,57765
86568,2013,15.2882,9,58869
86568,2014,0,0,59952
86568,2015,1.6371,1,61084
86568,2017,0,0,63570
86568,2018,4.6236,3,64884
86568,2020,0,0,67293
86569,1997,8.2291,1,12152
86569,1998,16.3265,2,12250
86569,2001,7.9872,1,12520
86569,2002,7.9101,1,12642
86569,2005,15.116,2,13231
86569,2006,7.4366,1,13447
86569,2007,7.3223,1,13657
86569,2010,13.9889,2,14297
86569,2012,6.7472,1,14821
86569,2013,6.656,1,15024
86569,2014,6.5651,1,15232
86569,2015,0,0,15418
86569,2017,6.3195,1,15824
86569,2018,0,0,16086
86571,1994,0,0,20626
86571,1996,13.7243,3,21859
86571,1997,8.9413,2,22368
86571,1998,4.3941,1,22758
86571,1999,4.3348,1,23069
86571,2000,4.2911,1,23304
86571,2002,8.3091,2,24070
86571,2003,12.213,3,24564
86571,2004,7.9504,2,25156
86571,2005,31.0246,8,25786
86571,2006,26.461,7,26454
86571,2007,36.8121,10,27165
86571,2008,17.9327,5,27882
86571,2009,17.4782,5,28607
86571,2010,34.1064,10,29320
86571,2011,19.9395,6,30091
86571,2012,16.2364,5,30795
86571,2013,15.8645,5,31517
86571,2014,21.7486,7,32186
86571,2015,9.1144,3,32915
86571,2016,5.9407,2,33666
86571,2017,5.7993,2,34487
86571,2018,5.6508,2,35393
86571,2020,5.3439,2,37426
86573,1994,6.907,1,14478
86573,1999,0,0,17555
86573,2000,5.506,1,18162
86573,2001,5.3333,1,18750
86573,2003,5.0368,1,19854
86573,2004,4.8928,1,20438
86573,2005,4.7574,1,21020
86573,2006,4.6326,1,21586
86573,2007,13.5465,3,22146
86573,2008,22.0303,5,22696
86573,2009,34.3628,8,23281
86573,2010,16.7624,4,23863
86573,2011,65.555,16,24407
86573,2012,20.0312,5,24961
86573,2013,31.343,8,25524
86573,2014,7.6814,2,26037
86573,2015,7.5182,2,26602
86573,2017,18.0434,5,27711
86573,2018,21.0822,6,28460
86573,2019,3.3526,1,29828
86573,2020,3.2002,1,31248
86755,2001,0,0,4659
86757,1996,8.0412,1,12436
86757,1998,31.0463,4,12884
86757,1999,7.6664,1,13044
86757,2000,7.5267,1,13286
86757,2006,6.7549,1,14804
86757,2009,19.0428,3,15754
86757,2010,18.637,3,16097
86757,2011,6.0894,1,16422
86757,2012,5.9834,1,16713
86757,2013,11.7233,2,17060
86757,2014,11.4699,2,17437
86757,2015,5.6497,1,17700
86757,2020,0,0,19185
86760,2000,19.9124,1,5022
86865,1994,3.8078,1,26262
86865,1995,0,0,26583
86865,1998,3.6743,1,27216
86865,1999,3.6507,1,27392
86865,2000,7.2653,2,27528
86865,2001,10.8182,3,27731
86865,2002,3.5714,1,28000
86865,2003,7.0631,2,28316
86865,2004,6.9828,2,28642
86865,2005,6.9111,2,28939
86865,2007,3.3772,1,29610
86865,2008,3.3348,1,29987
86865,2009,3.2996,1,30307
86865,2011,3.2205,1,31051
86865,2012,6.3806,2,31345
86865,2013,6.3159,2,31666
86865,2014,3.1287,1,31962
86885,1999,0,0,16615
86885,2000,11.7502,2,17021
86885,2001,5.732,1,17446
86885,2003,5.4798,1,18249
86885,2004,10.7308,2,18638
86885,2005,0,0,19026
86885,2006,5.1626,1,19370
86885,2008,0,0,20111
86885,2010,0,0,20860
86885,2012,0,0,21599
86885,2013,4.5681,1,21891
86885,2014,8.9831,2,22264
91001,1996,3.3492,1,29858
91001,1997,0,0,30617
91001,1999,3.1052,1,32204
91001,2000,3.0277,1,33028
91001,2002,0,0,34568
91001,2003,0,0,35401
91001,2008,0,0,39242
91001,2011,0,0,41918
91001,2015,0,0,45414
91001,2019,0,0,49058
91263,2008,37.2717,1,2683
91405,2002,40.7332,1,2455
91405,2007,38.2702,1,2613
91405,2014,35.2858,1,2834
91405,2019,33.2226,1,3010
91407,2015,28.4414,1,3516
91407,2017,26.9614,1,3709
91430,2006,133.6898,1,748
91540,2014,11.3148,1,8838
91669,1998,98.2318,1,1018
91669,2003,84.674,1,1181
91669,2011,66.9344,1,1494
91669,2019,56.4016,1,1773
91798,2003,41.5282,1,2408
94001,1993,0,0,12180
94001,1994,7.8964,1,12664
94001,1999,6.3267,1,15806
94001,2001,0,0,17236
94001,2004,10.2881,2,19440
94001,2005,14.8574,3,20192
94001,2006,4.7776,1,20931
94001,2007,9.2132,2,21708
94001,2009,4.2904,1,23308
94001,2012,3.8785,1,25783
94001,2013,0,0,26633
94001,2014,0,0,27494
94001,2017,3.3015,1,30289
94343,2001,114.0901,4,3506
94343,2005,22.5479,1,4435
94343,2011,16.6945,1,5990
94343,2012,15.9719,1,6261
94343,2013,15.2858,1,6542
94663,2008,94.7867,1,1055
94663,2012,95.9693,1,1042
94663,2013,97.0874,1,1030
94888,2004,166.113,1,602
94888,2008,147.929,1,676
95001,1994,0,0,42929
95001,1995,2.2636,1,44177
95001,1998,2.1151,1,47278
95001,1999,4.1601,2,48076
95001,2000,8.2038,4,48758
95001,2001,12.1874,6,49231
95001,2002,16.1619,8,49499
95001,2003,2.0154,1,49618
95001,2004,8.0658,4,49592
95001,2005,6.0987,3,49191
95001,2006,14.3504,7,48779
95001,2007,8.2512,4,48478
95001,2008,12.4388,6,48236
95001,2009,16.6337,8,48095
95001,2010,8.3186,4,48085
95001,2011,0,0,48211
95001,2012,8.2597,4,48428
95001,2013,10.2528,5,48767
95001,2014,10.1486,5,49268
95001,2015,4.0132,2,49835
95001,2016,3.9519,2,50608
95001,2017,5.8242,3,51509
95001,2018,3.7844,2,52849
95001,2019,1.883,1,53107
95001,2020,1.8715,1,53432
95015,1994,35.0877,2,5700
95015,1998,44.5633,3,6732
95015,1999,28.9059,2,6919
95015,2000,28.177,2,7098
95015,2002,26.8853,2,7439
95015,2003,39.8618,3,7526
95015,2005,13.0022,1,7691
95015,2007,25.7533,2,7766
95015,2009,63.3152,5,7897
95015,2011,12.3092,1,8124
95015,2014,11.655,1,8580
95015,2015,22.865,2,8747
95015,2018,10.4965,1,9527
95025,1994,13.488,1,7414
95025,2001,10.5977,1,9436
95025,2002,62.0732,6,9666
95025,2003,10.1071,1,9894
95025,2005,9.8406,1,10162
95025,2006,58.179,6,10313
95025,2007,19.1534,2,10442
95025,2008,28.3179,3,10594
95025,2010,9.0942,1,10996
95025,2011,17.8747,2,11189
95025,2012,8.7237,1,11463
95025,2013,8.5412,1,11708
95025,2015,8.0762,1,12382
95025,2016,7.8444,1,12748
95025,2018,14.6714,2,13632
95200,1998,0,0,6334
95200,1999,31.4911,2,6351
95200,2000,31.4021,2,6369
95200,2001,62.5293,4,6397
95200,2002,15.6201,1,6402
95200,2004,31.4911,2,6351
95200,2005,15.9949,1,6252
95200,2006,32.2321,2,6205
95200,2007,65.1148,4,6143
95200,2008,48.9396,3,6130
95200,2009,32.5998,2,6135
95200,2010,48.9636,3,6127
95200,2011,32.6371,2,6128
95200,2012,65.0407,4,6150
95200,2013,48.4183,3,6196
95200,2014,31.8725,2,6275
95200,2015,15.7134,1,6364
95200,2016,15.4703,1,6464
95200,2018,14.7929,1,6760
97001,1995,8.3486,1,11978
97001,1999,7.2176,1,13855
97001,2000,0,0,14499
97001,2001,6.5928,1,15168
97001,2004,5.6625,1,17660
97001,2005,48.4914,9,18560
97001,2007,19.7307,4,20273
97001,2008,4.717,1,21200
97001,2009,13.5263,3,22179
97001,2010,12.9752,3,23121
97001,2011,8.3212,2,24035
97001,2013,3.8815,1,25763
97001,2014,3.7535,1,26642
97001,2015,3.6413,1,27463
97001,2017,0,0,29067
97161,1997,70.1262,1,1426
97161,2000,66.2691,1,1509
97161,2002,60.6428,1,1649
97161,2004,55.0358,1,1817
97161,2005,51.5996,1,1938
97161,2007,48.7092,1,2053
97161,2008,140.5152,3,2135
97161,2015,0,0,2710
97511,2008,34.9895,1,2858
97511,2009,33.4113,1,2993
97511,2013,28.7936,1,3473
97511,2016,26.1301,1,3827
97511,2017,50.5945,2,3953
99001,1995,0,0,16159
99001,1998,0,0,16800
99001,2001,11.3928,2,17555
99001,2002,5.6196,1,17795
99001,2003,0,0,18060
99001,2004,0,0,18306
99001,2008,0,0,19307
99001,2009,5.1206,1,19529
99001,2012,0,0,20047
99001,2013,0,0,20136
99001,2014,0,0,20287
99524,1995,14.2674,1,7009
99524,2000,13.1268,1,7618
99524,2002,12.6088,1,7931
99624,2013,26.5534,1,3766
99773,1993,3.589,1,27863
99773,1996,3.1097,1,32157
99773,1999,2.7095,1,36907
99773,2000,7.7563,3,38678
99773,2001,4.9543,2,40369
99773,2002,11.8759,5,42102
99773,2003,15.9642,7,43848
99773,2004,13.1501,6,45627
99773,2005,12.6553,6,47411
99773,2006,4.0645,2,49206
99773,2008,7.5522,4,52965
99773,2010,14.0793,8,56821
99773,2011,1.7028,1,58728
99773,2012,1.6485,1,60663
99773,2013,4.7946,3,62571
99773,2014,6.2075,4,64438
99773,2015,0,0,66322
