cod_divipola,anio,valor,numerador,denominador
05001,2010,59.9734,,
05001,2011,72.7702,,
05001,2012,86.2043,,
05001,2013,84.229,,
05001,2014,85.1857,,
05001,2015,86.6861,,
05002,2010,54.5472,,
05002,2011,67.3648,,
05002,2012,75.2176,,
05002,2013,82.0735,,
05002,2014,72.2735,,
05002,2015,72.3427,,
05004,2010,51.7971,,
05004,2011,51.3441,,
05004,2012,62.2703,,
05004,2013,60.831,,
05004,2014,73.1627,,
05004,2015,66.064,,
05021,2010,45.4946,,
05021,2011,70.3863,,
05021,2012,79.4006,,
05021,2013,86.379,,
05021,2014,74.1698,,
05021,2015,69.0322,,
05030,2010,59.2436,,
05030,2011,63.8097,,
05030,2012,85.3975,,
05030,2013,69.5546,,
05030,2014,72.8966,,
05030,2015,73.4174,,
05031,2010,39.6926,,
05031,2011,54.5878,,
05031,2012,77.5478,,
05031,2013,81.747,,
05031,2014,77.359,,
05031,2015,68.9994,,
05034,2010,56.923,,
05034,2011,62.5404,,
05034,2012,79.0993,,
05034,2013,82.2578,,
05034,2014,74.9041,,
05034,2015,72.5432,,
05036,2010,49.056,,
05036,2011,71.7093,,
05036,2012,81.5793,,
05036,2013,73.3786,,
05036,2014,63.8423,,
05036,2015,66.4016,,
05038,2010,59.1392,,
05038,2011,70.3439,,
05038,2012,71.7534,,
05038,2013,69.5427,,
05038,2014,59.7311,,
05038,2015,63.4243,,
05040,2010,50.4445,,
05040,2011,63.4479,,
05040,2012,73.593,,
05040,2013,60.855,,
05040,2014,66.1049,,
05040,2015,74.6505,,
05042,2010,54.0778,,
05042,2011,72.6371,,
05042,2012,73.4135,,
05042,2013,75.9885,,
05042,2014,77.9199,,
05042,2015,72.2888,,
05044,2010,59.4096,,
05044,2011,57.2022,,
05044,2012,79.0771,,
05044,2013,77.9881,,
05044,2014,72.8001,,
05044,2015,70.1774,,
05045,2010,48.7534,,
05045,2011,61.902,,
05045,2012,83.1349,,
05045,2013,75.0474,,
05045,2014,78.9493,,
05045,2015,72.6422,,
05051,2010,61.491,,
05051,2011,46.9467,,
05051,2012,79.1266,,
05051,2013,76.4799,,
05051,2014,73.9005,,
05051,2015,63.7044,,
05055,2010,47.1827,,
05055,2011,63.9805,,
05055,2012,58.4264,,
05055,2013,50.8274,,
05055,2014,49.8426,,
05055,2015,61.9358,,
05059,2010,48.7661,,
05059,2011,44.1145,,
05059,2012,60.4041,,
05059,2013,60.5109,,
05059,2014,53.7247,,
05059,2015,71.405,,
05079,2010,58.0017,,
05079,2011,81.5063,,
05079,2012,84.0682,,
05079,2013,87.2967,,
05079,2014,73.9902,,
05079,2015,72.9682,,
05086,2010,51.9857,,
05086,2011,66.3842,,
05086,2012,77.1921,,
05086,2013,79.6899,,
05086,2014,75.7469,,
05086,2015,76.4851,,
05088,2010,59.9974,,
05088,2011,60.8494,,
05088,2012,81.3295,,
05088,2013,80.2687,,
05088,2014,87.2074,,
05088,2015,77.6168,,
05091,2010,46.4826,,
05091,2011,61.044,,
05091,2012,72.914,,
05091,2013,76.7391,,
05091,2014,71.7149,,
05091,2015,76.0169,,
05093,2010,62.5985,,
05093,2011,62.0068,,
05093,2012,84.6855,,
05093,2013,76.2741,,
05093,2014,61.6189,,
05093,2015,59.1981,,
05101,2010,59.2183,,
05101,2011,49.6931,,
05101,2012,73.3571,,
05101,2013,73.7435,,
05101,2014,72.5576,,
05101,2015,69.0403,,
05107,2010,63.9963,,
05107,2011,66.1438,,
05107,2012,79.4849,,
05107,2013,60.3615,,
05107,2014,56.5695,,
05107,2015,71.004,,
05113,2010,43.7322,,
05113,2011,68.8904,,
05113,2012,79.126,,
05113,2013,76.1254,,
05113,2014,67.9904,,
05113,2015,59.9069,,
05120,2010,54.5566,,
05120,2011,52.6512,,
05120,2012,65.6902,,
05120,2013,60.265,,
05120,2014,47.6705,,
05120,2015,56.9225,,
05125,2010,63.3127,,
05125,2011,67.0568,,
05125,2012,78.4482,,
05125,2013,76.2611,,
05125,2014,69.4609,,
05125,2015,78.3755,,
05129,2010,50.818,,
05129,2011,64.3349,,
05129,2012,83.5584,,
05129,2013,74.256,,
05129,2014,61.3551,,
05129,2015,68.9345,,
05134,2010,43.2636,,
05134,2011,49.5705,,
05134,2012,71.8021,,
05134,2013,67.1959,,
05134,2014,71.3162,,
05134,2015,63.2847,,
05138,2010,44.2891,,
05138,2011,63.3223,,
05138,2012,72.244,,
05138,2013,73.7959,,
05138,2014,79.8151,,
05138,2015,81.2704,,
05142,2010,50.3529,,
05142,2011,49.6588,,
05142,2012,79.5061,,
05142,2013,73.1666,,
05142,2014,69.3349,,
05142,2015,67.0062,,
05145,2010,56.0671,,
05145,2011,69.7029,,
05145,2012,71.3167,,
05145,2013,69.281,,
05145,2014,62.4127,,
05145,2015,60.7891,,
05147,2010,48.026,,
05147,2011,57.2819,,
05147,2012,68.4455,,
05147,2013,78.8309,,
05147,2014,65.9507,,
05147,2015,71.9431,,
05148,2010,54.5629,,
05148,2011,68.8897,,
05148,2012,88.4794,,
05148,2013,82.0362,,
05148,2014,83.4235,,
05148,2015,77.1022,,
05150,2010,60.3488,,
05150,2011,68.7307,,
05150,2012,79.1791,,
05150,2013,74.4998,,
05150,2014,77.1691,,
05150,2015,77.1164,,
05154,2010,53.5143,,
05154,2011,60.7962,,
05154,2012,87.3437,,
05154,2013,85.2022,,
05154,2014,68.6902,,
05154,2015,81.7493,,
05172,2010,59.2399,,
05172,2011,59.2719,,
05172,2012,72.1942,,
05172,2013,84.8366,,
05172,2014,77.4258,,
05172,2015,69.4962,,
05190,2010,40.4979,,
05190,2011,58.5525,,
05190,2012,68.5961,,
05190,2013,77.6509,,
05190,2014,72.5713,,
05190,2015,62.5657,,
05197,2010,45.983,,
05197,2011,63.649,,
05197,2012,69.0223,,
05197,2013,77.3971,,
05197,2014,73.9573,,
05197,2015,77.1489,,
05206,2010,53.1587,,
05206,2011,60.0502,,
05206,2012,83.629,,
05206,2013,76.0815,,
05206,2014,78.2834,,
05206,2015,73.3603,,
05209,2010,59.3481,,
05209,2011,74.5879,,
05209,2012,88.7729,,
05209,2013,79.1029,,
05209,2014,78.7093,,
05209,2015,78.7893,,
05212,2010,61.5414,,
05212,2011,66.9657,,
05212,2012,88.7158,,
05212,2013,86.5525,,
05212,2014,82.0487,,
05212,2015,77.0459,,
05234,2010,48.8443,,
05234,2011,64.2754,,
05234,2012,67.0577,,
05234,2013,84.657,,
05234,2014,79.1898,,
05234,2015,75.1889,,
05237,2010,54.9587,,
05237,2011,79.2805,,
05237,2012,78.7,,
05237,2013,70.1422,,
05237,2014,62.5132,,
05237,2015,64.5862,,
05240,2010,52.3573,,
05240,2011,58.2723,,
05240,2012,77.4024,,
05240,2013,74.3627,,
05240,2014,63.7513,,
05240,2015,71.4901,,
05250,2010,57.7063,,
05250,2011,68.8138,,
05250,2012,81.3248,,
05250,2013,77.875,,
05250,2014,80.8124,,
05250,2015,77.2586,,
05264,2010,60.8528,,
05264,2011,70.128,,
05264,2012,69.4217,,
05264,2013,73.7234,,
05264,2014,80.8903,,
05264,2015,75.4117,,
05266,2010,73.3982,,
05266,2011,84.6856,,
05266,2012,85.9592,,
05266,2013,90.4725,,
05266,2014,88.8396,,
05266,2015,88.2644,,
05282,2010,62.1313,,
05282,2011,77.2079,,
05282,2012,80.8581,,
05282,2013,71.507,,
05282,2014,77.3932,,
05282,2015,74.3593,,
05284,2010,50.0751,,
05284,2011,58.5486,,
05284,2012,76.8425,,
05284,2013,80.4927,,
05284,2014,64.8905,,
05284,2015,71.3612,,
05306,2010,53.5042,,
05306,2011,53.7409,,
05306,2012,69.9005,,
05306,2013,64.1168,,
05306,2014,56.733,,
05306,2015,56.9012,,
05308,2010,68.2215,,
05308,2011,77.0508,,
05308,2012,85.2695,,
05308,2013,74.5692,,
05308,2014,58.1835,,
05308,2015,77.9745,,
05310,2010,38.8125,,
05310,2011,40.281,,
05310,2012,71.1109,,
05310,2013,85.0485,,
05310,2014,72.3557,,
05310,2015,65.9169,,
05313,2010,58.7628,,
05313,2011,71.3614,,
05313,2012,82.6414,,
05313,2013,83.6539,,
05313,2014,69.3651,,
05313,2015,63.4493,,
05315,2010,60.1113,,
05315,2011,64.2601,,
05315,2012,83.2219,,
05315,2013,78.482,,
05315,2014,70.6221,,
05315,2015,76.9546,,
05318,2010,67.612,,
05318,2011,77.3208,,
05318,2012,84.5795,,
05318,2013,79.3015,,
05318,2014,82.8431,,
05318,2015,83.7163,,
05321,2010,69.7331,,
05321,2011,71.823,,
05321,2012,77.3841,,
05321,2013,70.7911,,
05321,2014,77.7901,,
05321,2015,80.5484,,
05347,2010,53.8941,,
05347,2011,48.3403,,
05347,2012,81.0465,,
05347,2013,69.0805,,
05347,2014,72.5166,,
05347,2015,75.5696,,
05353,2010,52.2443,,
05353,2011,53.6951,,
05353,2012,70.6943,,
05353,2013,61.0431,,
05353,2014,68.5465,,
05353,2015,69.9921,,
05360,2010,52.5736,,
05360,2011,65.8367,,
05360,2012,88.9592,,
05360,2013,89.021,,
05360,2014,90.1673,,
05360,2015,84.8137,,
05361,2010,36.9174,,
05361,2011,66.3856,,
05361,2012,69.7878,,
05361,2013,66.1902,,
05361,2014,49.0525,,
05361,2015,66.1351,,
05364,2010,56.4594,,
05364,2011,71.5946,,
05364,2012,74.9582,,
05364,2013,56.674,,
05364,2014,60.928,,
05364,2015,76.1907,,
05368,2010,54.6838,,
05368,2011,68.7537,,
05368,2012,74.2741,,
05368,2013,61.5572,,
05368,2014,66.0973,,
05368,2015,67.4594,,
05376,2010,64.2226,,
05376,2011,68.4245,,
05376,2012,80.9802,,
05376,2013,80.7118,,
05376,2014,88.8363,,
05376,2015,89.2775,,
05380,2010,70.275,,
05380,2011,70.988,,
05380,2012,85.0897,,
05380,2013,86.3967,,
05380,2014,80.7601,,
05380,2015,81.9719,,
05390,2010,56.7065,,
05390,2011,64.479,,
05390,2012,65.0253,,
05390,2013,67.8499,,
05390,2014,68.1879,,
05390,2015,70.367,,
05400,2010,52.3869,,
05400,2011,68.0033,,
05400,2012,73.1385,,
05400,2013,81.7944,,
05400,2014,75.08,,
05400,2015,82.4175,,
05411,2010,67.9263,,
05411,2011,64.6388,,
05411,2012,76.0258,,
05411,2013,76.8213,,
05411,2014,72.6849,,
05411,2015,72.6514,,
05425,2010,47.7197,,
05425,2011,54.6012,,
05425,2012,65.7848,,
05425,2013,63.6072,,
05425,2014,56.0083,,
05425,2015,69.2719,,
05440,2010,65.0024,,
05440,2011,75.2818,,
05440,2012,83.58,,
05440,2013,76.1383,,
05440,2014,82.5645,,
05440,2015,72.7105,,
05467,2010,47.2006,,
05467,2011,52.3591,,
05467,2012,82.0962,,
05467,2013,83.4957,,
05467,2014,76.9897,,
05467,2015,73.1494,,
05475,2010,50.7399,,
05475,2011,34.8288,,
05475,2012,54.1789,,
05475,2013,40.6513,,
05475,2014,36.8186,,
05475,2015,30.2074,,
05480,2010,33.7145,,
05480,2011,66.9903,,
05480,2012,66.4689,,
05480,2013,57.5345,,
05480,2014,53.1521,,
05480,2015,47.9145,,
05483,2010,60.1268,,
05483,2011,62.3963,,
05483,2012,67.5662,,
05483,2013,83.6482,,
05483,2014,71.4153,,
05483,2015,67.0215,,
05490,2010,52.691,,
05490,2011,63.7146,,
05490,2012,75.9409,,
05490,2013,68.4127,,
05490,2014,66.2072,,
05490,2015,66.9504,,
05495,2010,49.6801,,
05495,2011,48.1141,,
05495,2012,76.7799,,
05495,2013,40.9657,,
05495,2014,39.1881,,
05495,2015,57.7255,,
05501,2010,50.6256,,
05501,2011,58.4033,,
05501,2012,76.4425,,
05501,2013,69.5094,,
05501,2014,52.6466,,
05501,2015,72.9947,,
05541,2010,53.1358,,
05541,2011,82.3042,,
05541,2012,80.0478,,
05541,2013,77.6094,,
05541,2014,74.1346,,
05541,2015,67.2028,,
05543,2010,53.194,,
05543,2011,64.9815,,
05543,2012,72.6335,,
05543,2013,79.8501,,
05543,2014,72.4867,,
05543,2015,71.977,,
05576,2010,41.6581,,
05576,2011,69.9429,,
05576,2012,67.1384,,
05576,2013,58.0702,,
05576,2014,73.8883,,
05576,2015,70.1118,,
05579,2010,47.5029,,
05579,2011,61.805,,
05579,2012,84.4468,,
05579,2013,73.2901,,
05579,2014,60.833,,
05579,2015,58.3375,,
05585,2010,53.5055,,
05585,2011,72.7528,,
05585,2012,71.6843,,
05585,2013,48.7501,,
05585,2014,68.4272,,
05585,2015,72.2547,,
05591,2010,59.1379,,
05591,2011,78.2287,,
05591,2012,87.2178,,
05591,2013,69.0949,,
05591,2014,69.756,,
05591,2015,64.2084,,
05604,2010,56.3035,,
05604,2011,65.1086,,
05604,2012,62.9782,,
05604,2013,73.7973,,
05604,2014,77.6009,,
05604,2015,70.5861,,
05607,2010,57.6138,,
05607,2011,82.687,,
05607,2012,91.7834,,
05607,2013,91.0317,,
05607,2014,82.8144,,
05607,2015,78.5514,,
05615,2010,68.9158,,
05615,2011,79.2451,,
05615,2012,88.5839,,
05615,2013,89.4519,,
05615,2014,86.8821,,
05615,2015,77.1162,,
05628,2010,54.1723,,
05628,2011,67.698,,
05628,2012,82.2718,,
05628,2013,77.7268,,
05628,2014,82.7166,,
05628,2015,80.9089,,
05631,2010,56.1842,,
05631,2011,83.5328,,
05631,2012,91.6806,,
05631,2013,85.3739,,
05631,2014,87.9822,,
05631,2015,81.2904,,
05642,2010,44.6866,,
05642,2011,58.0062,,
05642,2012,73.6421,,
05642,2013,72.189,,
05642,2014,75.4156,,
05642,2015,70.5844,,
05647,2010,52.1698,,
05647,2011,53.9575,,
05647,2012,68.5899,,
05647,2013,52.6391,,
05647,2014,66.2452,,
05647,2015,65.6741,,
05649,2010,51.1379,,
05649,2011,65.2212,,
05649,2012,79.5471,,
05649,2013,67.3461,,
05649,2014,62.8658,,
05649,2015,67.1662,,
05652,2010,45.0209,,
05652,2011,68.7288,,
05652,2012,81.6365,,
05652,2013,65.7901,,
05652,2014,66.3868,,
05652,2015,74.5587,,
05656,2010,57.0475,,
05656,2011,73.399,,
05656,2012,85.313,,
05656,2013,87.0609,,
05656,2014,77.4104,,
05656,2015,76.102,,
05658,2010,68.8661,,
05658,2011,59.4823,,
05658,2012,80.9624,,
05658,2013,77.6494,,
05658,2014,67.3024,,
05658,2015,67.0526,,
05659,2010,50.9139,,
05659,2011,65.4618,,
05659,2012,84.2131,,
05659,2013,83.104,,
05659,2014,66.8426,,
05659,2015,67.3198,,
05660,2010,53.7012,,
05660,2011,52.2804,,
05660,2012,85.5438,,
05660,2013,82.6612,,
05660,2014,81.1472,,
05660,2015,75.68,,
05664,2010,51.3677,,
05664,2011,79.5565,,
05664,2012,74.0747,,
05664,2013,73.7895,,
05664,2014,73.3275,,
05664,2015,69.4111,,
05665,2010,54.0247,,
05665,2011,50.8124,,
05665,2012,75.9996,,
05665,2013,68.519,,
05665,2014,59.3942,,
05665,2015,64.5581,,
05667,2010,43.6409,,
05667,2011,70.9157,,
05667,2012,57.0215,,
05667,2013,70.1259,,
05667,2014,63.849,,
05667,2015,75.8685,,
05670,2010,58.2721,,
05670,2011,61.0296,,
05670,2012,78.6016,,
05670,2013,76.8107,,
05670,2014,75.6374,,
05670,2015,65.3989,,
05674,2010,61.0063,,
05674,2011,60.0623,,
05674,2012,79.4151,,
05674,2013,71.4413,,
05674,2014,75.4323,,
05674,2015,73.966,,
05679,2010,51.5612,,
05679,2011,46.2478,,
05679,2012,57.7317,,
05679,2013,48.7332,,
05679,2014,59.8612,,
05679,2015,73.1252,,
05686,2010,50.084,,
05686,2011,57.073,,
05686,2012,76.1238,,
05686,2013,75.1141,,
05686,2014,79.7326,,
05686,2015,79.277,,
05690,2010,58.0785,,
05690,2011,55.0657,,
05690,2012,78.5217,,
05690,2013,83.4694,,
05690,2014,78.4508,,
05690,2015,77.7687,,
05697,2010,62.1618,,
05697,2011,65.1088,,
05697,2012,76.9947,,
05697,2013,76.698,,
05697,2014,75.6351,,
05697,2015,81.9572,,
05736,2010,35.2221,,
05736,2011,66.9915,,
05736,2012,62.6537,,
05736,2013,49.709,,
05736,2014,44.6775,,
05736,2015,48.9155,,
05756,2010,51.3132,,
05756,2011,66.6953,,
05756,2012,77.3306,,
05756,2013,67.9546,,
05756,2014,76.2188,,
05756,2015,79.8261,,
05761,2010,39.8565,,
05761,2011,53.245,,
05761,2012,81.9113,,
05761,2013,64.6837,,
05761,2014,70.0719,,
05761,2015,73.0007,,
05789,2010,50.3594,,
05789,2011,46.5645,,
05789,2012,68.3788,,
05789,2013,66.3549,,
05789,2014,58.9348,,
05789,2015,65.2904,,
05790,2010,42.4913,,
05790,2011,42.2733,,
05790,2012,62.4163,,
05790,2013,69.6725,,
05790,2014,66.6646,,
05790,2015,69.9164,,
05792,2010,36.1606,,
05792,2011,45.8194,,
05792,2012,72.7706,,
05792,2013,62.6401,,
05792,2014,63.714,,
05792,2015,72.4133,,
05809,2010,58.0391,,
05809,2011,61.2795,,
05809,2012,82.4791,,
05809,2013,65.9445,,
05809,2014,72.0596,,
05809,2015,70.0183,,
05819,2010,47.7038,,
05819,2011,45.4541,,
05819,2012,75.477,,
05819,2013,62.2887,,
05819,2014,47.0371,,
05819,2015,60.119,,
05837,2010,35.0093,,
05837,2011,39.8591,,
05837,2012,73.6276,,
05837,2013,69.3807,,
05837,2014,69.8745,,
05837,2015,77.022,,
05842,2010,34.6757,,
05842,2011,55.1267,,
05842,2012,48.7697,,
05842,2013,45.4368,,
05842,2014,41.5595,,
05842,2015,58.2383,,
05847,2010,63.7124,,
05847,2011,71.8935,,
05847,2012,77.1055,,
05847,2013,66.3942,,
05847,2014,51.5555,,
05847,2015,70.0538,,
05854,2010,52.13,,
05854,2011,62.0549,,
05854,2012,68.6614,,
05854,2013,65.5465,,
05854,2014,54.5462,,
05854,2015,63.5953,,
05856,2010,50.0314,,
05856,2011,54.7704,,
05856,2012,69.3629,,
05856,2013,64.6158,,
05856,2014,61.4833,,
05856,2015,61.6114,,
05858,2010,50.6576,,
05858,2011,60.3444,,
05858,2012,73.327,,
05858,2013,72.2605,,
05858,2014,73.1251,,
05858,2015,75.9477,,
05861,2010,56.6303,,
05861,2011,65.2821,,
05861,2012,77.315,,
05861,2013,76.1718,,
05861,2014,61.1483,,
05861,2015,73.336,,
05873,2010,48.1443,,
05873,2011,60.6796,,
05873,2012,76.214,,
05873,2013,77.1786,,
05873,2014,61.2249,,
05873,2015,76.9028,,
05885,2010,55.9707,,
05885,2011,56.6425,,
05885,2012,79.9861,,
05885,2013,65.3554,,
05885,2014,68.9932,,
05885,2015,72.0243,,
05887,2010,51.9021,,
05887,2011,65.3843,,
05887,2012,70.5515,,
05887,2013,77.8219,,
05887,2014,67.1834,,
05887,2015,69.1214,,
05890,2010,49.2833,,
05890,2011,55.3961,,
05890,2012,68.0945,,
05890,2013,68.4702,,
05890,2014,66.2402,,
05890,2015,76.6014,,
05893,2010,51.4768,,
05893,2011,70.5168,,
05893,2012,69.3582,,
05893,2013,68.5557,,
05893,2014,78.7074,,
05893,2015,74.3103,,
05895,2010,30.6473,,
05895,2011,43.9723,,
05895,2012,71.1008,,
05895,2013,72.6915,,
05895,2014,59.0745,,
05895,2015,54.9738,,
08001,2010,58.7197,,
08001,2011,55.7242,,
08001,2012,74.5037,,
08001,2013,67.9847,,
08001,2014,80.6972,,
08001,2015,75.9467,,
08078,2010,56.3496,,
08078,2011,53.1559,,
08078,2012,62.969,,
08078,2013,61.8145,,
08078,2014,56.2139,,
08078,2015,62.5709,,
08137,2010,32.2995,,
08137,2011,32.864,,
08137,2012,49.6685,,
08137,2013,55.2503,,
08137,2014,44.6307,,
08137,2015,40.0069,,
08141,2010,42.0821,,
08141,2011,45.6021,,
08141,2012,60.5778,,
08141,2013,48.7095,,
08141,2014,31.0013,,
08141,2015,44.4249,,
08296,2010,61.4429,,
08296,2011,76.0493,,
08296,2012,62.1815,,
08296,2013,73.8683,,
08296,2014,54.7709,,
08296,2015,62.7284,,
08372,2010,43.8061,,
08372,2011,40.0102,,
08372,2012,55.5729,,
08372,2013,55.1123,,
08372,2014,63.6609,,
08372,2015,46.5294,,
08421,2010,54.0011,,
08421,2011,53.5318,,
08421,2012,63.6869,,
08421,2013,62.4217,,
08421,2014,39.5867,,
08421,2015,55.7148,,
08433,2010,47.5938,,
08433,2011,39.1282,,
08433,2012,46.788,,
08433,2013,68.6892,,
08433,2014,59.0775,,
08433,2015,62.1599,,
08436,2010,47.2486,,
08436,2011,24.4898,,
08436,2012,42.5706,,
08436,2013,60.6759,,
08436,2014,33.0412,,
08436,2015,50.8158,,
08520,2010,35.782,,
08520,2011,44.562,,
08520,2012,66.0455,,
08520,2013,64.1286,,
08520,2014,50.2389,,
08520,2015,56.7926,,
08549,2010,44.0895,,
08549,2011,49.6626,,
08549,2012,48.0606,,
08549,2013,49.2651,,
08549,2014,64.2025,,
08549,2015,45.0846,,
08558,2010,40.2978,,
08558,2011,32.2515,,
08558,2012,33.8583,,
08558,2013,65.0686,,
08558,2014,41.0848,,
08558,2015,46.6547,,
08560,2010,50.2299,,
08560,2011,37.7601,,
08560,2012,44.7302,,
08560,2013,55.095,,
08560,2014,46.1005,,
08560,2015,51.1931,,
08573,2010,53.4125,,
08573,2011,54.2309,,
08573,2012,72.3763,,
08573,2013,70.438,,
08573,2014,65.704,,
08573,2015,63.4294,,
08606,2010,52.8313,,
08606,2011,40.5476,,
08606,2012,58.6431,,
08606,2013,72.8135,,
08606,2014,50.6155,,
08606,2015,56.4825,,
08634,2010,70.5338,,
08634,2011,63.624,,
08634,2012,70.5759,,
08634,2013,73.0719,,
08634,2014,64.4279,,
08634,2015,62.8291,,
08638,2010,46.0996,,
08638,2011,61.1197,,
08638,2012,70.2345,,
08638,2013,66.9697,,
08638,2014,61.8177,,
08638,2015,64.4725,,
08675,2010,15.6634,,
08675,2011,26.4092,,
08675,2012,34.9182,,
08675,2013,53.5362,,
08675,2014,42.8067,,
08675,2015,41.336,,
08685,2010,50.9521,,
08685,2011,50.6566,,
08685,2012,66.5894,,
08685,2013,68.4672,,
08685,2014,70.5388,,
08685,2015,73.2423,,
08758,2010,66.2856,,
08758,2011,53.7727,,
08758,2012,56.4669,,
08758,2013,62.8373,,
08758,2014,50.1079,,
08758,2015,61.1452,,
08770,2010,52.1859,,
08770,2011,56.6724,,
08770,2012,61.9243,,
08770,2013,66.7782,,
08770,2014,50.7415,,
08770,2015,60.6493,,
08832,2010,47.4563,,
08832,2011,49.4994,,
08832,2012,53.8337,,
08832,2013,53.7056,,
08832,2014,47.1858,,
08832,2015,53.168,,
08849,2010,57.6885,,
08849,2011,55.9975,,
08849,2012,66.6679,,
08849,2013,61.5301,,
08849,2014,56.5527,,
08849,2015,59.7912,,
11001,2010,65.7244,,
11001,2011,54.4775,,
11001,2012,43.9974,,
11001,2013,70.098,,
11001,2014,61.4624,,
11001,2015,83.2282,,
13001,2010,56.2224,,
13001,2011,55.3231,,
13001,2012,68.9275,,
13001,2013,73.9862,,
13001,2014,68.1227,,
13001,2015,68.6602,,
13006,2010,36.589,,
13006,2011,33.7749,,
13006,2012,67.9716,,
13006,2013,44.7846,,
13006,2014,67.0573,,
13006,2015,59.6186,,
13030,2010,22.8265,,
13030,2011,16.8706,,
13030,2012,52.3355,,
13030,2013,33.6415,,
13030,2014,43.044,,
13030,2015,53.2083,,
13042,2010,45.4507,,
13042,2011,44.739,,
13042,2012,59.3776,,
13042,2013,41.7205,,
13042,2014,47.2099,,
13042,2015,58.9884,,
13052,2010,42.2157,,
13052,2011,52.2176,,
13052,2012,61.4859,,
13052,2013,66.2251,,
13052,2014,58.07,,
13052,2015,44.0513,,
13062,2010,46.7263,,
13062,2011,48.9227,,
13062,2012,70.8574,,
13062,2013,70.3146,,
13062,2014,57.9997,,
13062,2015,59.8406,,
13074,2010,27.2573,,
13074,2011,27.0149,,
13074,2012,68.6707,,
13074,2013,62.7865,,
13074,2014,30.1654,,
13074,2015,33.9642,,
13140,2010,45.6186,,
13140,2011,39.5584,,
13140,2012,59.7538,,
13140,2013,65.7687,,
13140,2014,39.9085,,
13140,2015,49.2322,,
13160,2010,47.3652,,
13160,2011,32.4828,,
13160,2012,55.2762,,
13160,2013,51.7807,,
13160,2014,37.0074,,
13160,2015,56.7582,,
13188,2010,33.1414,,
13188,2011,38.4634,,
13188,2012,65.8787,,
13188,2013,69.2817,,
13188,2014,39.0229,,
13188,2015,46.5127,,
13212,2010,36.747,,
13212,2011,30.7217,,
13212,2012,44.0907,,
13212,2013,66.6292,,
13212,2014,46.592,,
13212,2015,58.5951,,
13222,2010,29.6187,,
13222,2011,55.6067,,
13222,2012,66.8071,,
13222,2013,59.7709,,
13222,2014,42.6183,,
13222,2015,54.3888,,
13244,2010,27.5852,,
13244,2011,25.0438,,
13244,2012,52.1569,,
13244,2013,45.6742,,
13244,2014,31.1688,,
13244,2015,44.3075,,
13248,2010,61.0951,,
13248,2011,57.7207,,
13248,2012,84.3183,,
13248,2013,74.8099,,
13248,2014,67.4725,,
13248,2015,66.8613,,
13268,2010,40.966,,
13268,2011,30.5183,,
13268,2012,55.76,,
13268,2013,58.3967,,
13268,2014,50.6228,,
13268,2015,69.2475,,
13300,2010,40.9739,,
13300,2011,54.2067,,
13300,2012,55.9469,,
13300,2013,60.2017,,
13300,2014,52.7776,,
13300,2015,58.6711,,
13430,2010,31.3818,,
13430,2011,35.5994,,
13430,2012,54.6173,,
13430,2013,61.4807,,
13430,2014,44.0123,,
13430,2015,59.1858,,
13433,2010,45.8772,,
13433,2011,47.837,,
13433,2012,70.5924,,
13433,2013,65.9673,,
13433,2014,39.2974,,
13433,2015,53.7335,,
13440,2010,35.9741,,
13440,2011,30.7491,,
13440,2012,51.6444,,
13440,2013,58.3253,,
13440,2014,47.3545,,
13440,2015,56.1505,,
13442,2010,46.342,,
13442,2011,45.2194,,
13442,2012,49.5523,,
13442,2013,65.7306,,
13442,2014,48.5035,,
13442,2015,52.6072,,
13458,2010,20.7925,,
13458,2011,25.3636,,
13458,2012,54.8608,,
13458,2013,50.9471,,
13458,2014,42.1558,,
13458,2015,42.9825,,
13468,2010,27.881,,
13468,2011,25.9949,,
13468,2012,56.5578,,
13468,2013,45.815,,
13468,2014,48.0052,,
13468,2015,53.0744,,
13473,2010,24.4203,,
13473,2011,39.4972,,
13473,2012,75.4308,,
13473,2013,79.3555,,
13473,2014,55.924,,
13473,2015,46.5104,,
13490,2010,18.2744,,
13490,2011,30.9565,,
13490,2012,48.0403,,
13490,2013,60.9216,,
13490,2014,65.4896,,
13490,2015,61.6099,,
13549,2010,58.9957,,
13549,2011,56.3758,,
13549,2012,50.464,,
13549,2013,47.1318,,
13549,2014,28.2469,,
13549,2015,51.2698,,
13580,2010,40.9099,,
13580,2011,29.9072,,
13580,2012,45.0763,,
13580,2013,50.7617,,
13580,2014,42.4439,,
13580,2015,36.1202,,
13600,2010,35.2129,,
13600,2011,30.0402,,
13600,2012,50.9629,,
13600,2013,46.2635,,
13600,2014,48.5327,,
13600,2015,62.4468,,
13620,2010,37.513,,
13620,2011,31.801,,
13620,2012,43.8417,,
13620,2013,41.1801,,
13620,2014,33.0173,,
13620,2015,46.8523,,
13647,2010,42.0142,,
13647,2011,40.0831,,
13647,2012,57.4199,,
13647,2013,48.5411,,
13647,2014,37.6649,,
13647,2015,50.6184,,
13650,2010,39.7218,,
13650,2011,35.4641,,
13650,2012,57.7063,,
13650,2013,54.9083,,
13650,2014,46.1577,,
13650,2015,57.3724,,
13654,2010,49.4056,,
13654,2011,50.2042,,
13654,2012,68.8671,,
13654,2013,65.5354,,
13654,2014,52.0207,,
13654,2015,62.3514,,
13655,2010,40.4767,,
13655,2011,26.3655,,
13655,2012,32.8877,,
13655,2013,50.0242,,
13655,2014,20.9325,,
13655,2015,44.036,,
13657,2010,42.4336,,
13657,2011,47.3785,,
13657,2012,83.7415,,
13657,2013,72.129,,
13657,2014,67.2662,,
13657,2015,64.367,,
13667,2010,38.5661,,
13667,2011,29.0105,,
13667,2012,62.4351,,
13667,2013,68.8037,,
13667,2014,47.1775,,
13667,2015,60.2181,,
13670,2010,43.2739,,
13670,2011,38.9343,,
13670,2012,53.7006,,
13670,2013,66.8138,,
13670,2014,45.5902,,
13670,2015,53.4544,,
13673,2010,43.4799,,
13673,2011,33.4068,,
13673,2012,51.8387,,
13673,2013,53.635,,
13673,2014,45.1272,,
13673,2015,43.928,,
13683,2010,39.2939,,
13683,2011,49.7135,,
13683,2012,63.1687,,
13683,2013,58.2657,,
13683,2014,57.3767,,
13683,2015,49.9908,,
13688,2010,47.8056,,
13688,2011,57.2531,,
13688,2012,86.397,,
13688,2013,84.9212,,
13688,2014,74.2674,,
13688,2015,80.6999,,
13744,2010,55.8683,,
13744,2011,29.1275,,
13744,2012,57.0463,,
13744,2013,58.0612,,
13744,2014,55.2908,,
13744,2015,66.2636,,
13760,2010,46.7496,,
13760,2011,32.0405,,
13760,2012,51.1388,,
13760,2013,50.3154,,
13760,2014,45.523,,
13760,2015,41.7601,,
13780,2010,54.2514,,
13780,2011,54.5647,,
13780,2012,73.0239,,
13780,2013,65.3801,,
13780,2014,66.9865,,
13780,2015,67.2939,,
13810,2010,31.1607,,
13810,2011,47.6557,,
13810,2012,60.0655,,
13810,2013,67.7237,,
13810,2014,45.7161,,
13810,2015,45.42,,
13836,2010,29.408,,
13836,2011,47.5642,,
13836,2012,65.9814,,
13836,2013,63.1334,,
13836,2014,26.9898,,
13836,2015,42.4056,,
13838,2010,34.053,,
13838,2011,34.2885,,
13838,2012,59.3358,,
13838,2013,47.3381,,
13838,2014,48.7911,,
13838,2015,49.0342,,
13873,2010,35.9644,,
13873,2011,39.3439,,
13873,2012,48.2102,,
13873,2013,53.8948,,
13873,2014,39.9421,,
13873,2015,56.5285,,
13894,2010,41.9644,,
13894,2011,38.7062,,
13894,2012,64.6129,,
13894,2013,77.5376,,
13894,2014,59.7468,,
13894,2015,45.0116,,
15001,2010,50.0098,,
15001,2011,58.2669,,
15001,2012,73.539,,
15001,2013,82.8474,,
15001,2014,86.8044,,
15001,2015,80.4262,,
15022,2010,58.3036,,
15022,2011,49.0095,,
15022,2012,61.5438,,
15022,2013,74.042,,
15022,2014,71.8174,,
15022,2015,68.7304,,
15047,2010,55.437,,
15047,2011,43.9302,,
15047,2012,60.679,,
15047,2013,65.2921,,
15047,2014,61.5508,,
15047,2015,69.5768,,
15051,2010,63.6152,,
15051,2011,49.0627,,
15051,2012,65.876,,
15051,2013,65.864,,
15051,2014,70.4683,,
15051,2015,75.4451,,
15087,2010,55.3151,,
15087,2011,57.8022,,
15087,2012,66.0666,,
15087,2013,64.8667,,
15087,2014,57.9927,,
15087,2015,73.0196,,
15090,2010,48.4245,,
15090,2011,33.9374,,
15090,2012,55.9199,,
15090,2013,69.3214,,
15090,2014,75.2325,,
15090,2015,72.219,,
15092,2010,63.5138,,
15092,2011,49.163,,
15092,2012,63.3006,,
15092,2013,73.7852,,
15092,2014,77.9025,,
15092,2015,74.6989,,
15097,2010,49.9477,,
15097,2011,41.5268,,
15097,2012,57.8323,,
15097,2013,75.1389,,
15097,2014,70.4959,,
15097,2015,76.7927,,
15104,2010,48.8518,,
15104,2011,55.3393,,
15104,2012,60.8582,,
15104,2013,70.6509,,
15104,2014,81.5594,,
15104,2015,84.1306,,
15106,2010,47.9149,,
15106,2011,52.7186,,
15106,2012,64.533,,
15106,2013,77.5047,,
15106,2014,52.8239,,
15106,2015,74.8422,,
15109,2010,59.1256,,
15109,2011,56.2333,,
15109,2012,66.0068,,
15109,2013,68.411,,
15109,2014,62.3095,,
15109,2015,76.9971,,
15114,2010,53.1804,,
15114,2011,43.7752,,
15114,2012,62.7495,,
15114,2013,77.44,,
15114,2014,73.7718,,
15114,2015,72.3071,,
15131,2010,59.1503,,
15131,2011,49.5271,,
15131,2012,65.0271,,
15131,2013,74.6496,,
15131,2014,56.2689,,
15131,2015,64.2443,,
15135,2010,52.0314,,
15135,2011,50.3131,,
15135,2012,64.9979,,
15135,2013,57.3161,,
15135,2014,63.2178,,
15135,2015,66.8627,,
15162,2010,56.2569,,
15162,2011,35.4389,,
15162,2012,66.8654,,
15162,2013,75.2677,,
15162,2014,77.8136,,
15162,2015,67.8379,,
15172,2010,42.8719,,
15172,2011,63.7128,,
15172,2012,55.6652,,
15172,2013,70.7376,,
15172,2014,62.0202,,
15172,2015,78.9974,,
15176,2010,68.1023,,
15176,2011,59.0759,,
15176,2012,72.1993,,
15176,2013,86.3246,,
15176,2014,86.6075,,
15176,2015,79.0657,,
15180,2010,58.5226,,
15180,2011,50.1516,,
15180,2012,66.8297,,
15180,2013,77.7278,,
15180,2014,74.3234,,
15180,2015,81.3653,,
15183,2010,48.3331,,
15183,2011,47.4739,,
15183,2012,53.1373,,
15183,2013,72.3763,,
15183,2014,67.3542,,
15183,2015,61.7582,,
15185,2010,38.9689,,
15185,2011,33.5316,,
15185,2012,46.1711,,
15185,2013,74.3081,,
15185,2014,78.7126,,
15185,2015,77.9385,,
15187,2010,51.4439,,
15187,2011,46.1732,,
15187,2012,65.5307,,
15187,2013,82.5083,,
15187,2014,81.9332,,
15187,2015,81.7609,,
15189,2010,63.0705,,
15189,2011,61.71,,
15189,2012,60.4526,,
15189,2013,75.7149,,
15189,2014,75.3314,,
15189,2015,78.6838,,
15204,2010,59.0947,,
15204,2011,42.9284,,
15204,2012,61.2738,,
15204,2013,72.135,,
15204,2014,80.4062,,
15204,2015,82.4785,,
15212,2010,44.7576,,
15212,2011,49.4783,,
15212,2012,52.7238,,
15212,2013,64.2142,,
15212,2014,51.3804,,
15212,2015,58.5959,,
15215,2010,63.5706,,
15215,2011,62.3694,,
15215,2012,69.2591,,
15215,2013,82.6628,,
15215,2014,79.5885,,
15215,2015,74.4071,,
15218,2010,51.4524,,
15218,2011,45.4358,,
15218,2012,51.8954,,
15218,2013,59.6416,,
15218,2014,55.2685,,
15218,2015,67.8191,,
15223,2010,35.721,,
15223,2011,53.3105,,
15223,2012,68.1217,,
15223,2013,73.8785,,
15223,2014,72.3587,,
15223,2015,75.4934,,
15224,2010,51.5859,,
15224,2011,48.2311,,
15224,2012,56.7807,,
15224,2013,76.2833,,
15224,2014,77.5901,,
15224,2015,76.6497,,
15226,2010,49.2563,,
15226,2011,56.3126,,
15226,2012,67.197,,
15226,2013,72.8619,,
15226,2014,80.5968,,
15226,2015,73.7934,,
15232,2010,45.8146,,
15232,2011,32.1457,,
15232,2012,65.9346,,
15232,2013,58.089,,
15232,2014,61.0025,,
15232,2015,66.7295,,
15236,2010,49.4258,,
15236,2011,54.5267,,
15236,2012,53.0823,,
15236,2013,77.4554,,
15236,2014,75.6659,,
15236,2015,83.423,,
15238,2010,83.3278,,
15238,2011,67.6979,,
15238,2012,75.0176,,
15238,2013,82.4207,,
15238,2014,84.6476,,
15238,2015,86.7819,,
15244,2010,49.8175,,
15244,2011,48.2519,,
15244,2012,56.6634,,
15244,2013,70.0804,,
15244,2014,71.3554,,
15244,2015,80.452,,
15248,2010,55.6051,,
15248,2011,46.0357,,
15248,2012,51.5192,,
15248,2013,73.5886,,
15248,2014,69.615,,
15248,2015,77.473,,
15272,2010,53.0141,,
15272,2011,41.2508,,
15272,2012,65.358,,
15272,2013,79.3496,,
15272,2014,73.3032,,
15272,2015,73.4618,,
15276,2010,44.6569,,
15276,2011,41.8434,,
15276,2012,54.42,,
15276,2013,71.7373,,
15276,2014,70.0282,,
15276,2015,50.9672,,
15293,2010,39.109,,
15293,2011,39.4866,,
15293,2012,57.7176,,
15293,2013,82.1141,,
15293,2014,68.4838,,
15293,2015,80.2118,,
15296,2010,51.2267,,
15296,2011,55.6299,,
15296,2012,59.2235,,
15296,2013,72.5526,,
15296,2014,66.6388,,
15296,2015,63.5292,,
15299,2010,45.3338,,
15299,2011,41.1171,,
15299,2012,66.6659,,
15299,2013,81.551,,
15299,2014,78.8226,,
15299,2015,82.456,,
15317,2010,55.1065,,
15317,2011,55.4161,,
15317,2012,68.5305,,
15317,2013,72.2951,,
15317,2014,71.5328,,
15317,2015,73.1726,,
15322,2010,32.9984,,
15322,2011,40.0034,,
15322,2012,60.1503,,
15322,2013,71.8159,,
15322,2014,73.1808,,
15322,2015,77.9692,,
15325,2010,67.4629,,
15325,2011,57.089,,
15325,2012,60.2328,,
15325,2013,79.0063,,
15325,2014,73.5666,,
15325,2015,74.6878,,
15332,2010,57.0491,,
15332,2011,43.0497,,
15332,2012,52.4578,,
15332,2013,71.06,,
15332,2014,67.4317,,
15332,2015,70.1379,,
15362,2010,52.1122,,
15362,2011,53.5648,,
15362,2012,62.6834,,
15362,2013,73.0763,,
15362,2014,64.7232,,
15362,2015,73.0974,,
15367,2010,63.9512,,
15367,2011,57.0364,,
15367,2012,67.777,,
15367,2013,80.3686,,
15367,2014,78.4134,,
15367,2015,81.7655,,
15368,2010,58.612,,
15368,2011,64.1711,,
15368,2012,67.7628,,
15368,2013,83.3598,,
15368,2014,67.4084,,
15368,2015,77.715,,
15377,2010,69.0606,,
15377,2011,53.119,,
15377,2012,57.4391,,
15377,2013,68.1257,,
15377,2014,69.1768,,
15377,2015,76.9532,,
15380,2010,39.2208,,
15380,2011,31.9676,,
15380,2012,54.2821,,
15380,2013,62.5812,,
15380,2014,56.6146,,
15380,2015,65.5902,,
15401,2010,51.5122,,
15401,2011,50.1469,,
15401,2012,51.788,,
15401,2013,74.5513,,
15401,2014,60.7757,,
15401,2015,75.5183,,
15403,2010,51.1673,,
15403,2011,60.6235,,
15403,2012,65.0911,,
15403,2013,70.5472,,
15403,2014,64.2591,,
15403,2015,73.452,,
15407,2010,60.2219,,
15407,2011,50.8972,,
15407,2012,59.835,,
15407,2013,74.6527,,
15407,2014,75.6838,,
15407,2015,66.1122,,
15425,2010,53.1856,,
15425,2011,58.0823,,
15425,2012,58.5702,,
15425,2013,78.9376,,
15425,2014,83.6487,,
15425,2015,78.2148,,
15442,2010,59.0835,,
15442,2011,62.3866,,
15442,2012,74.3452,,
15442,2013,75.5057,,
15442,2014,73.1022,,
15442,2015,80.4498,,
15455,2010,58.5068,,
15455,2011,65.7378,,
15455,2012,67.357,,
15455,2013,85.3728,,
15455,2014,60.773,,
15455,2015,76.848,,
15464,2010,54.4975,,
15464,2011,61.7659,,
15464,2012,66.5765,,
15464,2013,76.7847,,
15464,2014,76.6164,,
15464,2015,76.3815,,
15466,2010,39.2382,,
15466,2011,49.7699,,
15466,2012,56.6306,,
15466,2013,73.1491,,
15466,2014,57.9313,,
15466,2015,66.2693,,
15469,2010,58.0012,,
15469,2011,54.4427,,
15469,2012,61.9818,,
15469,2013,86.8496,,
15469,2014,81.2357,,
15469,2015,86.5022,,
15476,2010,48.0793,,
15476,2011,32.3633,,
15476,2012,59.4394,,
15476,2013,77.6371,,
15476,2014,81.9492,,
15476,2015,82.2234,,
15480,2010,41.5339,,
15480,2011,53.3914,,
15480,2012,52.3006,,
15480,2013,74.7935,,
15480,2014,64.8262,,
15480,2015,71.4984,,
15491,2010,65.2751,,
15491,2011,71.1443,,
15491,2012,57.9641,,
15491,2013,77.2215,,
15491,2014,78.075,,
15491,2015,74.3035,,
15494,2010,46.4439,,
15494,2011,64.0564,,
15494,2012,59.5746,,
15494,2013,73.7729,,
15494,2014,73.9557,,
15494,2015,78.6363,,
15500,2010,45.4767,,
15500,2011,43.0455,,
15500,2012,54.5136,,
15500,2013,76.9102,,
15500,2014,66.8689,,
15500,2015,71.0883,,
15507,2010,50.6376,,
15507,2011,59.088,,
15507,2012,58.0415,,
15507,2013,71.8914,,
15507,2014,61.9707,,
15507,2015,60.7782,,
15511,2010,48.6849,,
15511,2011,51.6073,,
15511,2012,61.0747,,
15511,2013,81.1131,,
15511,2014,72.6552,,
15511,2015,74.5169,,
15514,2010,48.1565,,
15514,2011,54.4632,,
15514,2012,56.7179,,
15514,2013,73.8285,,
15514,2014,62.0453,,
15514,2015,64.2834,,
15516,2010,65.7271,,
15516,2011,63.5019,,
15516,2012,79.3847,,
15516,2013,65.9377,,
15516,2014,73.4756,,
15516,2015,77.7927,,
15518,2010,60.7317,,
15518,2011,56.7154,,
15518,2012,55.4833,,
15518,2013,66.2959,,
15518,2014,54.2121,,
15518,2015,61.6048,,
15522,2010,32.0282,,
15522,2011,37.1731,,
15522,2012,48.2076,,
15522,2013,50.4395,,
15522,2014,61.276,,
15522,2015,64.7447,,
15531,2010,61.5079,,
15531,2011,60.2732,,
15531,2012,63.9859,,
15531,2013,77.9848,,
15531,2014,77.2314,,
15531,2015,85.1564,,
15533,2010,48.6166,,
15533,2011,56.0845,,
15533,2012,57.1529,,
15533,2013,71.5112,,
15533,2014,72.6226,,
15533,2015,70.6666,,
15537,2010,49.4956,,
15537,2011,46.342,,
15537,2012,68.6055,,
15537,2013,76.6288,,
15537,2014,64.6808,,
15537,2015,64.1356,,
15542,2010,58.362,,
15542,2011,55.9327,,
15542,2012,58.7497,,
15542,2013,69.9108,,
15542,2014,54.1098,,
15542,2015,62.8724,,
15550,2010,51.3371,,
15550,2011,56.8649,,
15550,2012,54.0486,,
15550,2013,73.3699,,
15550,2014,63.4871,,
15550,2015,58.3265,,
15572,2010,63.475,,
15572,2011,53.2549,,
15572,2012,63.5325,,
15572,2013,69.5461,,
15572,2014,72.0402,,
15572,2015,73.914,,
15580,2010,33.3473,,
15580,2011,44.8255,,
15580,2012,58.0185,,
15580,2013,66.6918,,
15580,2014,66.614,,
15580,2015,70.4059,,
15599,2010,47.8699,,
15599,2011,52.7741,,
15599,2012,67.5069,,
15599,2013,74.9963,,
15599,2014,64.5614,,
15599,2015,69.6814,,
15600,2010,66.7731,,
15600,2011,72.8706,,
15600,2012,69.7524,,
15600,2013,75.8076,,
15600,2014,79.1888,,
15600,2015,81.7689,,
15621,2010,51.3733,,
15621,2011,45.3057,,
15621,2012,48.8421,,
15621,2013,59.6718,,
15621,2014,62.3544,,
15621,2015,75.5873,,
15632,2010,58.3485,,
15632,2011,63.9892,,
15632,2012,73.1284,,
15632,2013,76.2577,,
15632,2014,73.7393,,
15632,2015,84.484,,
15638,2010,49.1315,,
15638,2011,40.057,,
15638,2012,51.0384,,
15638,2013,58.8547,,
15638,2014,46.474,,
15638,2015,53.9157,,
15646,2010,48.9792,,
15646,2011,46.1427,,
15646,2012,53.9191,,
15646,2013,81.5505,,
15646,2014,77.4394,,
15646,2015,78.804,,
15660,2010,59.2849,,
15660,2011,56.9805,,
15660,2012,64.8056,,
15660,2013,80.1409,,
15660,2014,75.3148,,
15660,2015,64.504,,
15664,2010,49.0429,,
15664,2011,45.5053,,
15664,2012,56.8987,,
15664,2013,69.7141,,
15664,2014,78.6798,,
15664,2015,75.2596,,
15667,2010,53.2754,,
15667,2011,47.7179,,
15667,2012,67.258,,
15667,2013,79.6703,,
15667,2014,76.8648,,
15667,2015,64.645,,
15673,2010,59.1059,,
15673,2011,46.9295,,
15673,2012,61.7626,,
15673,2013,75.4117,,
15673,2014,60.0426,,
15673,2015,55.541,,
15676,2010,54.3506,,
15676,2011,36.5002,,
15676,2012,63.4258,,
15676,2013,77.2657,,
15676,2014,74.553,,
15676,2015,75.734,,
15681,2010,63.9823,,
15681,2011,54.0843,,
15681,2012,63.808,,
15681,2013,70.8589,,
15681,2014,66.9716,,
15681,2015,69.9412,,
15686,2010,43.3874,,
15686,2011,54.1507,,
15686,2012,56.3451,,
15686,2013,71.343,,
15686,2014,64.6907,,
15686,2015,68.5618,,
15690,2010,51.2776,,
15690,2011,72.8702,,
15690,2012,70.4196,,
15690,2013,82.6402,,
15690,2014,63.0456,,
15690,2015,80.8191,,
15693,2010,56.8251,,
15693,2011,45.6361,,
15693,2012,68.6447,,
15693,2013,74.76,,
15693,2014,76.4608,,
15693,2015,73.468,,
15696,2010,48.1178,,
15696,2011,42.1128,,
15696,2012,57.3756,,
15696,2013,71.0972,,
15696,2014,75.1272,,
15696,2015,80.1294,,
15720,2010,41.3866,,
15720,2011,45.4658,,
15720,2012,54.1567,,
15720,2013,65.389,,
15720,2014,67.7953,,
15720,2015,72.3219,,
15723,2010,52.4536,,
15723,2011,53.7557,,
15723,2012,70.8553,,
15723,2013,75.4696,,
15723,2014,72.2233,,
15723,2015,70.9826,,
15740,2010,53.6926,,
15740,2011,55.7521,,
15740,2012,68.9658,,
15740,2013,70.9337,,
15740,2014,74.0028,,
15740,2015,71.0739,,
15753,2010,43.5408,,
15753,2011,49.2,,
15753,2012,57.0659,,
15753,2013,74.9194,,
15753,2014,78.5663,,
15753,2015,80.0872,,
15755,2010,60.741,,
15755,2011,33.9338,,
15755,2012,60.5163,,
15755,2013,71.3007,,
15755,2014,72.9644,,
15755,2015,74.4233,,
15757,2010,46.1756,,
15757,2011,46.9627,,
15757,2012,58.8057,,
15757,2013,65.6172,,
15757,2014,87.9235,,
15757,2015,71.1792,,
15759,2010,55.3176,,
15759,2011,56.6368,,
15759,2012,78.5672,,
15759,2013,79.4928,,
15759,2014,73.2409,,
15759,2015,79.2012,,
15761,2010,39.2537,,
15761,2011,49.8184,,
15761,2012,64.4132,,
15761,2013,60.3067,,
15761,2014,50.6452,,
15761,2015,65.061,,
15762,2010,55.313,,
15762,2011,47.3177,,
15762,2012,67.0982,,
15762,2013,74.1761,,
15762,2014,85.4354,,
15762,2015,84.2381,,
15763,2010,53.2261,,
15763,2011,59.6824,,
15763,2012,69.6999,,
15763,2013,74.7137,,
15763,2014,62.7631,,
15763,2015,69.5766,,
15764,2010,43.1713,,
15764,2011,55.0782,,
15764,2012,72.0374,,
15764,2013,82.2084,,
15764,2014,75.0505,,
15764,2015,70.5423,,
15774,2010,43.5721,,
15774,2011,47.0971,,
15774,2012,60.6932,,
15774,2013,74.2275,,
15774,2014,66.6116,,
15774,2015,63.9853,,
15776,2010,33.0657,,
15776,2011,49.8802,,
15776,2012,53.7297,,
15776,2013,72.9092,,
15776,2014,74.664,,
15776,2015,77.0211,,
15778,2010,61.8112,,
15778,2011,47.9283,,
15778,2012,63.594,,
15778,2013,73.945,,
15778,2014,65.5577,,
15778,2015,66.8079,,
15790,2010,54.4729,,
15790,2011,55.5562,,
15790,2012,48.0191,,
15790,2013,59.3457,,
15790,2014,65.0463,,
15790,2015,71.0086,,
15798,2010,43.7065,,
15798,2011,40.0983,,
15798,2012,48.5063,,
15798,2013,63.0608,,
15798,2014,75.3166,,
15798,2015,72.5246,,
15804,2010,39.472,,
15804,2011,49.1832,,
15804,2012,62.2515,,
15804,2013,72.7883,,
15804,2014,71.9787,,
15804,2015,81.1202,,
15806,2010,54.8138,,
15806,2011,74.3921,,
15806,2012,75.4673,,
15806,2013,73.6116,,
15806,2014,76.7613,,
15806,2015,64.8194,,
15808,2010,47.086,,
15808,2011,48.2562,,
15808,2012,62.1736,,
15808,2013,73.4218,,
15808,2014,60.0634,,
15808,2015,72.1772,,
15810,2010,57.9866,,
15810,2011,46.988,,
15810,2012,62.7387,,
15810,2013,72.6414,,
15810,2014,70.8509,,
15810,2015,75.525,,
15814,2010,39.2524,,
15814,2011,46.184,,
15814,2012,61.4884,,
15814,2013,72.6805,,
15814,2014,89.8703,,
15814,2015,81.4086,,
15816,2010,52.4238,,
15816,2011,44.7614,,
15816,2012,66.7907,,
15816,2013,79.0828,,
15816,2014,82.6597,,
15816,2015,83.6323,,
15820,2010,41.5694,,
15820,2011,38.4908,,
15820,2012,57.1942,,
15820,2013,76.6806,,
15820,2014,69.4277,,
15820,2015,62.9532,,
15822,2010,49.735,,
15822,2011,55.3273,,
15822,2012,57.5351,,
15822,2013,68.6812,,
15822,2014,73.1752,,
15822,2015,75.7696,,
15832,2010,52.452,,
15832,2011,51.7143,,
15832,2012,64.018,,
15832,2013,81.7885,,
15832,2014,79.862,,
15832,2015,72.8094,,
15835,2010,52.2642,,
15835,2011,34.7349,,
15835,2012,64.4782,,
15835,2013,76.3737,,
15835,2014,79.8592,,
15835,2015,84.955,,
15837,2010,57.7875,,
15837,2011,52.0943,,
15837,2012,60.1467,,
15837,2013,77.7975,,
15837,2014,76.6362,,
15837,2015,72.5868,,
15839,2010,43.8505,,
15839,2011,51.7888,,
15839,2012,53.3405,,
15839,2013,61.6669,,
15839,2014,78.0999,,
15839,2015,71.3253,,
15842,2010,42.2304,,
15842,2011,54.584,,
15842,2012,52.7605,,
15842,2013,69.0675,,
15842,2014,75.537,,
15842,2015,68.9296,,
15861,2010,47.3458,,
15861,2011,45.6308,,
15861,2012,62.9984,,
15861,2013,70.6613,,
15861,2014,68.8904,,
15861,2015,66.9434,,
15879,2010,54.1122,,
15879,2011,45.7668,,
15879,2012,71.737,,
15879,2013,78.5428,,
15879,2014,81.3007,,
15879,2015,82.9426,,
15897,2010,51.7568,,
15897,2011,55.063,,
15897,2012,56.7491,,
15897,2013,63.6853,,
15897,2014,66.8975,,
15897,2015,70.8819,,
17001,2010,53.1986,,
17001,2011,64.4886,,
17001,2012,81.9967,,
17001,2013,78.4258,,
17001,2014,82.2467,,
17001,2015,80.4465,,
17013,2010,64.9745,,
17013,2011,55.4317,,
17013,2012,83.655,,
17013,2013,83.7465,,
17013,2014,81.8209,,
17013,2015,74.5317,,
17042,2010,61.4106,,
17042,2011,53.7075,,
17042,2012,79.8055,,
17042,2013,75.7279,,
17042,2014,78.0275,,
17042,2015,77.5773,,
17050,2010,57.0147,,
17050,2011,52.028,,
17050,2012,86.7181,,
17050,2013,82.8876,,
17050,2014,68.6763,,
17050,2015,75.4414,,
17088,2010,58.2474,,
17088,2011,51.4694,,
17088,2012,61.9258,,
17088,2013,55.2281,,
17088,2014,70.5215,,
17088,2015,77.0346,,
17174,2010,68.579,,
17174,2011,61.2813,,
17174,2012,71.3437,,
17174,2013,69.8393,,
17174,2014,74.4749,,
17174,2015,69.659,,
17272,2010,57.4946,,
17272,2011,48.4713,,
17272,2012,81.0126,,
17272,2013,73.329,,
17272,2014,70.5485,,
17272,2015,77.7529,,
17380,2010,64.6007,,
17380,2011,63.8093,,
17380,2012,82.8811,,
17380,2013,76.1722,,
17380,2014,75.6121,,
17380,2015,77.2767,,
17388,2010,59.4293,,
17388,2011,43.5443,,
17388,2012,79.0272,,
17388,2013,79.4369,,
17388,2014,76.0582,,
17388,2015,56.0526,,
17433,2010,58.6792,,
17433,2011,50.439,,
17433,2012,85.1294,,
17433,2013,72.5935,,
17433,2014,73.1073,,
17433,2015,72.6282,,
17442,2010,60.9229,,
17442,2011,43.3546,,
17442,2012,78.1163,,
17442,2013,73.1123,,
17442,2014,81.0577,,
17442,2015,79.2408,,
17444,2010,57.8295,,
17444,2011,54.9619,,
17444,2012,78.1026,,
17444,2013,77.2791,,
17444,2014,57.3545,,
17444,2015,69.9787,,
17446,2010,52.6539,,
17446,2011,54.6134,,
17446,2012,74.404,,
17446,2013,66.5312,,
17446,2014,71.4827,,
17446,2015,67.3519,,
17486,2010,55.9822,,
17486,2011,50.3753,,
17486,2012,82.0183,,
17486,2013,64.0888,,
17486,2014,74.675,,
17486,2015,67.305,,
17495,2010,58.9381,,
17495,2011,42.7292,,
17495,2012,83.618,,
17495,2013,68.8634,,
17495,2014,67.6188,,
17495,2015,69.1387,,
17513,2010,56.5349,,
17513,2011,58.5773,,
17513,2012,85.8484,,
17513,2013,67.461,,
17513,2014,72.8325,,
17513,2015,71.4393,,
17524,2010,48.3888,,
17524,2011,43.6414,,
17524,2012,81.5621,,
17524,2013,74.7795,,
17524,2014,60.29,,
17524,2015,74.4501,,
17541,2010,43.7568,,
17541,2011,43.252,,
17541,2012,74.6084,,
17541,2013,72.5412,,
17541,2014,64.8958,,
17541,2015,67.3981,,
17614,2010,64.378,,
17614,2011,48.9367,,
17614,2012,81.5286,,
17614,2013,79.6236,,
17614,2014,77.5504,,
17614,2015,78.026,,
17616,2010,57.5511,,
17616,2011,48.4753,,
17616,2012,64.5097,,
17616,2013,61.5162,,
17616,2014,73.2368,,
17616,2015,60.3169,,
17653,2010,63.9216,,
17653,2011,48.6015,,
17653,2012,75.2675,,
17653,2013,68.9337,,
17653,2014,69.1763,,
17653,2015,70.4959,,
17662,2010,51.6094,,
17662,2011,50.4238,,
17662,2012,88.4732,,
17662,2013,74.6149,,
17662,2014,74.2566,,
17662,2015,69.7359,,
17665,2010,51.0758,,
17665,2011,48.1983,,
17665,2012,79.3938,,
17665,2013,68.5129,,
17665,2014,76.3507,,
17665,2015,79.6018,,
17777,2010,39.3697,,
17777,2011,51.4997,,
17777,2012,82.056,,
17777,2013,73.5119,,
17777,2014,75.16,,
17777,2015,75.0012,,
17867,2010,67.6396,,
17867,2011,59.8756,,
17867,2012,79.8612,,
17867,2013,79.4976,,
17867,2014,81.1071,,
17867,2015,70.7119,,
17873,2010,59.6494,,
17873,2011,48.939,,
17873,2012,79.6856,,
17873,2013,81.0653,,
17873,2014,75.639,,
17873,2015,70.0043,,
17877,2010,72.0638,,
17877,2011,54.8152,,
17877,2012,84.6055,,
17877,2013,72.7703,,
17877,2014,72.0404,,
17877,2015,73.6314,,
18001,2010,64.351,,
18001,2011,78.2203,,
18001,2012,71.1861,,
18001,2013,78.282,,
18001,2014,77.0852,,
18001,2015,67.1922,,
18029,2010,42.6321,,
18029,2011,46.0303,,
18029,2012,57.5037,,
18029,2013,59.644,,
18029,2014,50.6833,,
18029,2015,60.5932,,
18094,2010,52.9634,,
18094,2011,50.1793,,
18094,2012,68.5898,,
18094,2013,61.1801,,
18094,2014,63.8672,,
18094,2015,65.7432,,
18150,2010,38.336,,
18150,2011,35.6017,,
18150,2012,61.9809,,
18150,2013,59.1331,,
18150,2014,70.5666,,
18150,2015,64.0337,,
18205,2010,54.048,,
18205,2011,50.1178,,
18205,2012,70.3475,,
18205,2013,77.8069,,
18205,2014,71.179,,
18205,2015,69.9713,,
18247,2010,66.0022,,
18247,2011,59.1334,,
18247,2012,72.3036,,
18247,2013,66.3406,,
18247,2014,64.3218,,
18247,2015,64.2404,,
18256,2010,52.1687,,
18256,2011,67.7389,,
18256,2012,73.5987,,
18256,2013,71.4065,,
18256,2014,71.1898,,
18256,2015,65.2076,,
18410,2010,62.987,,
18410,2011,58.3349,,
18410,2012,80.7829,,
18410,2013,73.6034,,
18410,2014,60.7339,,
18410,2015,74.2532,,
18460,2010,58.1289,,
18460,2011,47.6862,,
18460,2012,61.3753,,
18460,2013,55.7793,,
18460,2014,58.8474,,
18460,2015,63.9003,,
18479,2010,43.4611,,
18479,2011,46.746,,
18479,2012,63.0625,,
18479,2013,69.0241,,
18479,2014,59.3485,,
18479,2015,67.5963,,
18592,2010,28.5219,,
18592,2011,35.3209,,
18592,2012,65.2548,,
18592,2013,58.2263,,
18592,2014,43.9548,,
18592,2015,54.1502,,
18610,2010,49.8451,,
18610,2011,54.0709,,
18610,2012,78.6723,,
18610,2013,73.4126,,
18610,2014,67.1795,,
18610,2015,65.966,,
18753,2010,38.7447,,
18753,2011,50.5528,,
18753,2012,68.2045,,
18753,2013,67.5969,,
18753,2014,69.381,,
18753,2015,65.1637,,
18756,2010,43.693,,
18756,2011,41.2921,,
18756,2012,75.0479,,
18756,2013,61.9082,,
18756,2014,64.9083,,
18756,2015,56.0215,,
18785,2010,55.8142,,
18785,2011,59.8928,,
18785,2012,80.8329,,
18785,2013,70.334,,
18785,2014,65.8401,,
18785,2015,66.8491,,
18860,2010,48.6404,,
18860,2011,47.3118,,
18860,2012,58.164,,
18860,2013,55.5692,,
18860,2014,60.3834,,
18860,2015,69.3161,,
19001,2010,63.5567,,
19001,2011,60.7644,,
19001,2012,75.6744,,
19001,2013,79.4269,,
19001,2014,75.2262,,
19001,2015,68.1833,,
19022,2010,41.2236,,
19022,2011,46.913,,
19022,2012,59.5083,,
19022,2013,49.345,,
19022,2014,45.2545,,
19022,2015,71.4794,,
19050,2010,38.6423,,
19050,2011,49.0188,,
19050,2012,76.6198,,
19050,2013,68.4677,,
19050,2014,62.2617,,
19050,2015,59.479,,
19075,2010,47.109,,
19075,2011,45.7647,,
19075,2012,63.0016,,
19075,2013,72.1119,,
19075,2014,57.7128,,
19075,2015,56.7124,,
19100,2010,58.5258,,
19100,2011,48.863,,
19100,2012,68.8045,,
19100,2013,66.2349,,
19100,2014,64.0162,,
19100,2015,77.1856,,
19110,2010,22.5065,,
19110,2011,27.4532,,
19110,2012,58.4206,,
19110,2013,47.4974,,
19110,2014,61.574,,
19110,2015,56.6537,,
19130,2010,57.1677,,
19130,2011,66.768,,
19130,2012,75.8008,,
19130,2013,75.0389,,
19130,2014,75.4554,,
19130,2015,68.8763,,
19137,2010,43.3383,,
19137,2011,48.1314,,
19137,2012,64.2842,,
19137,2013,62.9508,,
19137,2014,55.6971,,
19137,2015,64.0607,,
19142,2010,53.9641,,
19142,2011,49.3955,,
19142,2012,73.2699,,
19142,2013,71.9011,,
19142,2014,54.1968,,
19142,2015,65.2583,,
19212,2010,52.1731,,
19212,2011,43.7894,,
19212,2012,73.6442,,
19212,2013,62.8366,,
19212,2014,72.4897,,
19212,2015,79.1786,,
19256,2010,50.4722,,
19256,2011,49.8046,,
19256,2012,68.5201,,
19256,2013,75.3847,,
19256,2014,72.2288,,
19256,2015,76.5747,,
19290,2010,27.7652,,
19290,2011,35.7701,,
19290,2012,79.1662,,
19290,2013,74.6487,,
19290,2014,57.8374,,
19290,2015,57.7687,,
19300,2010,52.6395,,
19300,2011,46.3303,,
19300,2012,68.2347,,
19300,2013,77.5223,,
19300,2014,72.9493,,
19300,2015,70.4625,,
19318,2010,34.9089,,
19318,2011,32.1866,,
19318,2012,51.3386,,
19318,2013,58.1137,,
19318,2014,31.6131,,
19318,2015,50.8481,,
19355,2010,41.4059,,
19355,2011,42.4807,,
19355,2012,71.3199,,
19355,2013,62.9877,,
19355,2014,57.4555,,
19355,2015,64.6194,,
19364,2010,50.4722,,
19364,2011,66.0176,,
19364,2012,74.5295,,
19364,2013,61.3666,,
19364,2014,50.8381,,
19364,2015,68.8929,,
19392,2010,53.6896,,
19392,2011,55.1371,,
19392,2012,79.6614,,
19392,2013,76.0918,,
19392,2014,69.0856,,
19392,2015,72.3716,,
19397,2010,53.2048,,
19397,2011,44.4311,,
19397,2012,75.6103,,
19397,2013,75.7163,,
19397,2014,63.1785,,
19397,2015,74.0307,,
19418,2010,19.6931,,
19418,2011,41.1123,,
19418,2012,52.8846,,
19418,2013,59.9223,,
19418,2014,50.6678,,
19418,2015,59.9077,,
19450,2010,53.8932,,
19450,2011,37.2037,,
19450,2012,66.9,,
19450,2013,56.0772,,
19450,2014,58.5313,,
19450,2015,62.8788,,
19455,2010,58.7179,,
19455,2011,51.3657,,
19455,2012,80.6196,,
19455,2013,78.9684,,
19455,2014,76.1469,,
19455,2015,76.7265,,
19473,2010,63.5053,,
19473,2011,61.4652,,
19473,2012,77.0874,,
19473,2013,70.712,,
19473,2014,78.1039,,
19473,2015,70.6867,,
19513,2010,48.9329,,
19513,2011,51.9304,,
19513,2012,60.2214,,
19513,2013,45.7171,,
19513,2014,62.8633,,
19513,2015,67.7576,,
19517,2010,50.1248,,
19517,2011,49.7147,,
19517,2012,71.286,,
19517,2013,79.9321,,
19517,2014,72.6518,,
19517,2015,72.8371,,
19532,2010,52.6542,,
19532,2011,50.3735,,
19532,2012,71.3163,,
19532,2013,77.6863,,
19532,2014,66.1646,,
19532,2015,70.6347,,
19533,2010,42.7215,,
19533,2011,39.7197,,
19533,2012,68.6287,,
19533,2013,62.4586,,
19533,2014,63.7248,,
19533,2015,49.4044,,
19548,2010,62.1701,,
19548,2011,57.1301,,
19548,2012,77.1678,,
19548,2013,74.381,,
19548,2014,73.2187,,
19548,2015,66.3028,,
19573,2010,65.1895,,
19573,2011,68.5786,,
19573,2012,68.6734,,
19573,2013,54.2011,,
19573,2014,61.7007,,
19573,2015,69.1217,,
19585,2010,26.685,,
19585,2011,36.3204,,
19585,2012,66.9618,,
19585,2013,52.3393,,
19585,2014,46.1723,,
19585,2015,54.5836,,
19622,2010,48.4755,,
19622,2011,54.7019,,
19622,2012,75.3483,,
19622,2013,65.0237,,
19622,2014,72.1809,,
19622,2015,62.4172,,
19693,2010,52.2779,,
19693,2011,40.9997,,
19693,2012,73.5007,,
19693,2013,62.8631,,
19693,2014,68.7187,,
19693,2015,72.6311,,
19698,2010,53.2891,,
19698,2011,52.6732,,
19698,2012,85.1777,,
19698,2013,74.2225,,
19698,2014,64.3294,,
19698,2015,68.9579,,
19701,2010,55.0103,,
19701,2011,52.819,,
19701,2012,54.3556,,
19701,2013,71.3568,,
19701,2014,59.1289,,
19701,2015,61.3277,,
19743,2010,44.3729,,
19743,2011,55.914,,
19743,2012,74.4995,,
19743,2013,74.8654,,
19743,2014,69.0938,,
19743,2015,67.4117,,
19760,2010,65.0914,,
19760,2011,54.0861,,
19760,2012,72.8041,,
19760,2013,68.9941,,
19760,2014,69.5403,,
19760,2015,69.0128,,
19780,2010,41.2918,,
19780,2011,39.7149,,
19780,2012,70.6593,,
19780,2013,65.3566,,
19780,2014,70.0925,,
19780,2015,75.0998,,
19785,2010,54.2626,,
19785,2011,41.0785,,
19785,2012,76.5269,,
19785,2013,77.4979,,
19785,2014,57.499,,
19785,2015,67.4073,,
19807,2010,46.1574,,
19807,2011,46.7921,,
19807,2012,74.1299,,
19807,2013,75.405,,
19807,2014,58.2441,,
19807,2015,73.5325,,
19809,2010,35.3408,,
19809,2011,47.0014,,
19809,2012,61.2858,,
19809,2013,64.8431,,
19809,2014,41.4701,,
19809,2015,46.7579,,
19821,2010,50.2327,,
19821,2011,41.5896,,
19821,2012,64.5011,,
19821,2013,61.9105,,
19821,2014,65.486,,
19821,2015,66.8002,,
19824,2010,54.789,,
19824,2011,49.2627,,
19824,2012,74.9164,,
19824,2013,66.5846,,
19824,2014,57.4312,,
19824,2015,69.2111,,
19845,2010,49.6742,,
19845,2011,44.0324,,
19845,2012,69.4614,,
19845,2013,67.9405,,
19845,2014,71.8834,,
19845,2015,72.4173,,
20001,2010,72.6088,,
20001,2011,57.9585,,
20001,2012,83.6193,,
20001,2013,70.5148,,
20001,2014,75.1086,,
20001,2015,71.7512,,
20011,2010,53.3422,,
20011,2011,47.1174,,
20011,2012,58.7111,,
20011,2013,61.3264,,
20011,2014,64.8307,,
20011,2015,57.3987,,
20013,2010,66.0545,,
20013,2011,47.9618,,
20013,2012,73.6433,,
20013,2013,47.325,,
20013,2014,56.4849,,
20013,2015,45.1147,,
20032,2010,33.9785,,
20032,2011,40.9262,,
20032,2012,62.1568,,
20032,2013,68.7139,,
20032,2014,71.578,,
20032,2015,58.0484,,
20045,2010,65.2935,,
20045,2011,62.292,,
20045,2012,78.3676,,
20045,2013,79.5164,,
20045,2014,79.7171,,
20045,2015,79.4225,,
20060,2010,53.9559,,
20060,2011,47.2947,,
20060,2012,55.1395,,
20060,2013,72.7852,,
20060,2014,60.3994,,
20060,2015,57.4022,,
20175,2010,33.8738,,
20175,2011,39.1095,,
20175,2012,56.3773,,
20175,2013,64.3095,,
20175,2014,50.7024,,
20175,2015,51.0724,,
20178,2010,45.6197,,
20178,2011,42.5814,,
20178,2012,53.5267,,
20178,2013,53.9623,,
20178,2014,53.7336,,
20178,2015,51.8201,,
20228,2010,46.9127,,
20228,2011,46.3226,,
20228,2012,77.6845,,
20228,2013,78.1871,,
20228,2014,55.8094,,
20228,2015,72.9492,,
20238,2010,40.3297,,
20238,2011,54.3781,,
20238,2012,77.4628,,
20238,2013,72.9904,,
20238,2014,76.8695,,
20238,2015,72.9493,,
20250,2010,46.4947,,
20250,2011,45.5853,,
20250,2012,61.2012,,
20250,2013,68.6209,,
20250,2014,68.7729,,
20250,2015,65.8829,,
20295,2010,40.7824,,
20295,2011,44.8824,,
20295,2012,80.0814,,
20295,2013,69.5178,,
20295,2014,65.6173,,
20295,2015,54.2195,,
20310,2010,41.9325,,
20310,2011,49.592,,
20310,2012,67.7455,,
20310,2013,58.7048,,
20310,2014,61.1476,,
20310,2015,62.9126,,
20383,2010,52.6969,,
20383,2011,49.1017,,
20383,2012,68.0994,,
20383,2013,71.0847,,
20383,2014,75.609,,
20383,2015,75.4105,,
20400,2010,52.2334,,
20400,2011,52.0403,,
20400,2012,72.2766,,
20400,2013,78.2649,,
20400,2014,79.031,,
20400,2015,76.719,,
20443,2010,53.3655,,
20443,2011,71.7848,,
20443,2012,76.2552,,
20443,2013,66.5548,,
20443,2014,69.7644,,
20443,2015,72.9531,,
20517,2010,31.8944,,
20517,2011,41.2343,,
20517,2012,62.012,,
20517,2013,64.043,,
20517,2014,48.5452,,
20517,2015,55.8577,,
20550,2010,65.802,,
20550,2011,46.7763,,
20550,2012,79.9493,,
20550,2013,78.106,,
20550,2014,47.9825,,
20550,2015,67.3745,,
20570,2010,56.8478,,
20570,2011,66.2995,,
20570,2012,76.5102,,
20570,2013,81.3565,,
20570,2014,41.0148,,
20570,2015,57.402,,
20614,2010,55.204,,
20614,2011,45.8872,,
20614,2012,62.7688,,
20614,2013,64.7222,,
20614,2014,61.7033,,
20614,2015,53.3235,,
20621,2010,51.3191,,
20621,2011,50.4789,,
20621,2012,72.9998,,
20621,2013,59.4292,,
20621,2014,62.1719,,
20621,2015,66.2237,,
20710,2010,63.0237,,
20710,2011,59.7811,,
20710,2012,72.4502,,
20710,2013,72.0502,,
20710,2014,66.0628,,
20710,2015,59.8286,,
20750,2010,71.0867,,
20750,2011,64.3775,,
20750,2012,78.5887,,
20750,2013,76.9174,,
20750,2014,70.9579,,
20750,2015,73.7465,,
20770,2010,55.2638,,
20770,2011,57.9221,,
20770,2012,68.1211,,
20770,2013,71.2137,,
20770,2014,60.8711,,
20770,2015,59.4634,,
20787,2010,49.9419,,
20787,2011,44.9053,,
20787,2012,41.8242,,
20787,2013,47.7961,,
20787,2014,65.236,,
20787,2015,67.0954,,
23001,2010,56.2619,,
23001,2011,64.9426,,
23001,2012,58.1868,,
23001,2013,76.2816,,
23001,2014,67.988,,
23001,2015,77.5022,,
23068,2010,48.2088,,
23068,2011,47.7847,,
23068,2012,55.5894,,
23068,2013,40.5441,,
23068,2014,71.5787,,
23068,2015,76.666,,
23079,2010,36.6866,,
23079,2011,51.8838,,
23079,2012,54.9537,,
23079,2013,68.8276,,
23079,2014,58.5071,,
23079,2015,75.8349,,
23090,2010,44.7212,,
23090,2011,43.8052,,
23090,2012,60.1513,,
23090,2013,68.1153,,
23090,2014,51.7168,,
23090,2015,52.2535,,
23162,2010,38.0395,,
23162,2011,49.6194,,
23162,2012,50.3318,,
23162,2013,72.6329,,
23162,2014,71.858,,
23162,2015,70.6087,,
23168,2010,46.4843,,
23168,2011,41.9142,,
23168,2012,70.8179,,
23168,2013,75.7892,,
23168,2014,69.3117,,
23168,2015,68.9543,,
23182,2010,40.9134,,
23182,2011,50.3083,,
23182,2012,76.5679,,
23182,2013,60.8193,,
23182,2014,62.3485,,
23182,2015,69.3089,,
23189,2010,41.6037,,
23189,2011,31.8071,,
23189,2012,51.5822,,
23189,2013,57.1942,,
23189,2014,43.1059,,
23189,2015,55.993,,
23300,2010,38.6874,,
23300,2011,52.7373,,
23300,2012,72.1181,,
23300,2013,48.595,,
23300,2014,51.3666,,
23300,2015,62.5917,,
23350,2010,47.2767,,
23350,2011,36.232,,
23350,2012,72.5839,,
23350,2013,77.821,,
23350,2014,79.9256,,
23350,2015,68.8697,,
23417,2010,51.9413,,
23417,2011,72.8075,,
23417,2012,71.3346,,
23417,2013,64.9943,,
23417,2014,72.709,,
23417,2015,65.129,,
23419,2010,51.5663,,
23419,2011,45.7355,,
23419,2012,46.7679,,
23419,2013,35.0118,,
23419,2014,52.2491,,
23419,2015,68.0597,,
23464,2010,38.8712,,
23464,2011,41.5578,,
23464,2012,64.3119,,
23464,2013,75.9423,,
23464,2014,72.8004,,
23464,2015,66.4518,,
23466,2010,40.1043,,
23466,2011,44.4632,,
23466,2012,71.6916,,
23466,2013,76.6901,,
23466,2014,80.0302,,
23466,2015,78.2012,,
23500,2010,41.9638,,
23500,2011,33.3931,,
23500,2012,45.8065,,
23500,2013,41.9064,,
23500,2014,62.86,,
23500,2015,63.4984,,
23555,2010,54.9266,,
23555,2011,47.5432,,
23555,2012,68.4382,,
23555,2013,81.2492,,
23555,2014,80.258,,
23555,2015,75.5555,,
23570,2010,60.9033,,
23570,2011,47.7209,,
23570,2012,76.8963,,
23570,2013,80.937,,
23570,2014,78.3346,,
23570,2015,74.995,,
23574,2010,45.4958,,
23574,2011,33.1958,,
23574,2012,52.1405,,
23574,2013,81.5407,,
23574,2014,65.1935,,
23574,2015,47.9943,,
23580,2010,25.4965,,
23580,2011,30.1579,,
23580,2012,79.3314,,
23580,2013,59.4573,,
23580,2014,64.7664,,
23580,2015,48.6036,,
23586,2010,40.0786,,
23586,2011,47.3532,,
23586,2012,70.6244,,
23586,2013,74.0209,,
23586,2014,54.9742,,
23586,2015,56.8895,,
23660,2010,55.1805,,
23660,2011,73.2156,,
23660,2012,81.2717,,
23660,2013,73.1686,,
23660,2014,73.6363,,
23660,2015,77.9099,,
23670,2010,53.8485,,
23670,2011,62.1835,,
23670,2012,72.463,,
23670,2013,70.3025,,
23670,2014,79.7365,,
23670,2015,75.6992,,
23672,2010,50.4327,,
23672,2011,44.5333,,
23672,2012,68.6481,,
23672,2013,77.3668,,
23672,2014,73.9445,,
23672,2015,74.0846,,
23675,2010,25.3087,,
23675,2011,34.2736,,
23675,2012,70.9704,,
23675,2013,42.8066,,
23675,2014,47.802,,
23675,2015,58.4267,,
23678,2010,34.6837,,
23678,2011,33.9861,,
23678,2012,37.4045,,
23678,2013,44.1247,,
23678,2014,25.3781,,
23678,2015,47.6572,,
23682,2012,60.844,,
23682,2013,62.2788,,
23682,2014,69.28,,
23682,2015,69.5619,,
23686,2010,43.0871,,
23686,2011,40.8614,,
23686,2012,64.4941,,
23686,2013,65.3232,,
23686,2014,61.9134,,
23686,2015,58.4347,,
23807,2010,44.6018,,
23807,2011,46.5,,
23807,2012,61.8874,,
23807,2013,73.4447,,
23807,2014,67.1315,,
23807,2015,68.6242,,
23815,2010,35.1926,,
23815,2011,40.7448,,
23815,2012,59.666,,
23815,2013,53.4856,,
23815,2014,43.5958,,
23815,2015,55.8776,,
23855,2010,42.5465,,
23855,2011,34.0463,,
23855,2012,73.4305,,
23855,2013,76.9809,,
23855,2014,73.1907,,
23855,2015,67.2106,,
25001,2010,45.3044,,
25001,2011,63.6027,,
25001,2012,73.5828,,
25001,2013,61.1575,,
25001,2014,64.6765,,
25001,2015,60.3116,,
25019,2010,49.5396,,
25019,2011,42.5783,,
25019,2012,69.4078,,
25019,2013,68.0548,,
25019,2014,49.7338,,
25019,2015,62.9431,,
25035,2010,65.5593,,
25035,2011,55.6707,,
25035,2012,73.7369,,
25035,2013,69.9782,,
25035,2014,79.5457,,
25035,2015,73.1893,,
25040,2010,61.1023,,
25040,2011,65.4189,,
25040,2012,82.4628,,
25040,2013,73.018,,
25040,2014,79.459,,
25040,2015,61.8466,,
25053,2010,62.3387,,
25053,2011,62.8447,,
25053,2012,82.5994,,
25053,2013,78.1834,,
25053,2014,70.1985,,
25053,2015,64.7274,,
25086,2010,45.8119,,
25086,2011,42.2096,,
25086,2012,77.1859,,
25086,2013,70.3644,,
25086,2014,70.6019,,
25086,2015,62.0839,,
25095,2010,43.6061,,
25095,2011,58.735,,
25095,2012,66.3701,,
25095,2013,68.3274,,
25095,2014,71.0703,,
25095,2015,63.7339,,
25099,2010,61.5221,,
25099,2011,56.3246,,
25099,2012,82.7159,,
25099,2013,78.7237,,
25099,2014,61.3216,,
25099,2015,70.3815,,
25120,2010,28.1351,,
25120,2011,40.4855,,
25120,2012,56.7473,,
25120,2013,49.6758,,
25120,2014,48.54,,
25120,2015,53.9012,,
25123,2010,40.2084,,
25123,2011,54.6534,,
25123,2012,80.7565,,
25123,2013,78.3538,,
25123,2014,71.4333,,
25123,2015,61.7894,,
25126,2010,69.9798,,
25126,2011,76.0009,,
25126,2012,80.8138,,
25126,2013,80.2963,,
25126,2014,74.2764,,
25126,2015,75.9802,,
25148,2010,38.6146,,
25148,2011,35.909,,
25148,2012,60.1502,,
25148,2013,56.5465,,
25148,2014,67.0313,,
25148,2015,54.0183,,
25151,2010,57.0457,,
25151,2011,58.5558,,
25151,2012,72.5721,,
25151,2013,59.4089,,
25151,2014,78.323,,
25151,2015,69.1383,,
25154,2010,57.8248,,
25154,2011,53.3609,,
25154,2012,80.103,,
25154,2013,75.8045,,
25154,2014,69.4437,,
25154,2015,72.1768,,
25168,2010,52.6218,,
25168,2011,46.6598,,
25168,2012,71.8975,,
25168,2013,62.945,,
25168,2014,65.5594,,
25168,2015,62.957,,
25175,2010,68.9531,,
25175,2011,77.7781,,
25175,2012,76.1245,,
25175,2013,84.431,,
25175,2014,81.7879,,
25175,2015,66.7393,,
25178,2010,62.806,,
25178,2011,59.1296,,
25178,2012,76.2521,,
25178,2013,75.4516,,
25178,2014,80.8275,,
25178,2015,64.555,,
25181,2010,45.0539,,
25181,2011,47.4567,,
25181,2012,86.1119,,
25181,2013,73.7041,,
25181,2014,67.8179,,
25181,2015,67.3791,,
25183,2010,49.0178,,
25183,2011,54.2635,,
25183,2012,77.2856,,
25183,2013,70.1375,,
25183,2014,82.7189,,
25183,2015,71.6875,,
25200,2010,58.9952,,
25200,2011,67.8425,,
25200,2012,81.291,,
25200,2013,80.2388,,
25200,2014,77.0448,,
25200,2015,70.4031,,
25214,2010,69.8567,,
25214,2011,76.3422,,
25214,2012,70.0243,,
25214,2013,60.3781,,
25214,2014,67.7895,,
25214,2015,58.6102,,
25224,2010,59.365,,
25224,2011,51.3448,,
25224,2012,80.299,,
25224,2013,82.4009,,
25224,2014,79.144,,
25224,2015,73.6778,,
25245,2010,65.1893,,
25245,2011,61.1625,,
25245,2012,77.5711,,
25245,2013,65.7611,,
25245,2014,66.664,,
25245,2015,71.9817,,
25258,2010,60.0738,,
25258,2011,62.9654,,
25258,2012,70.2088,,
25258,2013,62.2076,,
25258,2014,59.5353,,
25258,2015,63.9042,,
25260,2010,70.6127,,
25260,2011,72.7259,,
25260,2012,78.0595,,
25260,2013,83.5878,,
25260,2014,62.1848,,
25260,2015,77.1453,,
25269,2010,52.808,,
25269,2011,63.8938,,
25269,2012,79.0457,,
25269,2013,84.8655,,
25269,2014,82.6,,
25269,2015,70.2508,,
25279,2010,37.9374,,
25279,2011,50.8926,,
25279,2012,69.3611,,
25279,2013,64.6036,,
25279,2014,72.7538,,
25279,2015,72.8109,,
25281,2010,72.6523,,
25281,2011,45.6116,,
25281,2012,75.7134,,
25281,2013,71.1115,,
25281,2014,60.1843,,
25281,2015,64.5784,,
25286,2010,64.6232,,
25286,2011,68.4513,,
25286,2012,79.1394,,
25286,2013,84.8276,,
25286,2014,84.2831,,
25286,2015,73.1459,,
25288,2010,37.5457,,
25288,2011,41.7661,,
25288,2012,80.5737,,
25288,2013,81.2192,,
25288,2014,73.8968,,
25288,2015,67.6473,,
25290,2010,65.0466,,
25290,2011,67.7832,,
25290,2012,76.0435,,
25290,2013,72.963,,
25290,2014,73.4377,,
25290,2015,71.5006,,
25293,2010,37.6703,,
25293,2011,52.0277,,
25293,2012,61.9563,,
25293,2013,56.2549,,
25293,2014,63.5449,,
25293,2015,58.6457,,
25295,2010,59.6732,,
25295,2011,73.3391,,
25295,2012,74.3388,,
25295,2013,85.0507,,
25295,2014,82.2267,,
25295,2015,70.6794,,
25297,2010,53.0387,,
25297,2011,48.3457,,
25297,2012,70.6434,,
25297,2013,79.1368,,
25297,2014,64.264,,
25297,2015,65.4498,,
25299,2010,50.9857,,
25299,2011,51.553,,
25299,2012,74.0593,,
25299,2013,70.7071,,
25299,2014,60.0763,,
25299,2015,61.6648,,
25307,2010,67.8781,,
25307,2011,67.9538,,
25307,2012,81.4692,,
25307,2013,66.1505,,
25307,2014,76.4188,,
25307,2015,63.4726,,
25312,2010,51.0025,,
25312,2011,56.4376,,
25312,2012,72.7945,,
25312,2013,52.636,,
25312,2014,66.6234,,
25312,2015,59.949,,
25317,2010,44.7444,,
25317,2011,60.2213,,
25317,2012,82.2819,,
25317,2013,77.0204,,
25317,2014,68.8757,,
25317,2015,68.4193,,
25320,2010,59.5016,,
25320,2011,66.1075,,
25320,2012,68.0755,,
25320,2013,79.5338,,
25320,2014,70.9449,,
25320,2015,56.547,,
25322,2010,48.529,,
25322,2011,32.5051,,
25322,2012,71.3099,,
25322,2013,82.0381,,
25322,2014,76.8155,,
25322,2015,70.3699,,
25324,2010,51.9395,,
25324,2011,59.2461,,
25324,2012,80.5945,,
25324,2013,69.9987,,
25324,2014,60.0538,,
25324,2015,63.5415,,
25326,2010,47.861,,
25326,2011,52.017,,
25326,2012,75.3634,,
25326,2013,71.5111,,
25326,2014,55.8822,,
25326,2015,65.0734,,
25328,2010,53.5904,,
25328,2011,46.2353,,
25328,2012,85.8443,,
25328,2013,77.444,,
25328,2014,74.3709,,
25328,2015,58.2801,,
25335,2010,50.1158,,
25335,2011,57.4012,,
25335,2012,79.1641,,
25335,2013,83.6848,,
25335,2014,78.4048,,
25335,2015,73.52,,
25339,2010,50.3818,,
25339,2011,38.1534,,
25339,2012,72.4498,,
25339,2013,70.1522,,
25339,2014,67.9544,,
25339,2015,60.282,,
25368,2010,54.8356,,
25368,2011,63.8903,,
25368,2012,69.2034,,
25368,2013,66.196,,
25368,2014,69.2639,,
25368,2015,57.69,,
25372,2010,45.2577,,
25372,2011,46.7668,,
25372,2012,60.5052,,
25372,2013,71.7939,,
25372,2014,72.7858,,
25372,2015,77.1954,,
25377,2010,53.9521,,
25377,2011,70.2906,,
25377,2012,78.5335,,
25377,2013,74.5833,,
25377,2014,76.3093,,
25377,2015,67.6625,,
25386,2010,42.158,,
25386,2011,59.6965,,
25386,2012,72.2055,,
25386,2013,77.9523,,
25386,2014,76.2937,,
25386,2015,75.5846,,
25394,2010,55.7968,,
25394,2011,42.3599,,
25394,2012,59.4126,,
25394,2013,54.4057,,
25394,2014,66.9292,,
25394,2015,66.3658,,
25398,2010,43.2695,,
25398,2011,43.8923,,
25398,2012,74.7286,,
25398,2013,75.0137,,
25398,2014,77.8763,,
25398,2015,60.6205,,
25402,2010,42.3995,,
25402,2011,41.2392,,
25402,2012,79.0804,,
25402,2013,72.8876,,
25402,2014,69.1761,,
25402,2015,67.0125,,
25407,2010,45.4479,,
25407,2011,46.2051,,
25407,2012,77.8027,,
25407,2013,77.5209,,
25407,2014,76.8574,,
25407,2015,68.718,,
25426,2010,37.3589,,
25426,2011,65.8773,,
25426,2012,67.1972,,
25426,2013,75.8196,,
25426,2014,72.5949,,
25426,2015,74.4659,,
25430,2010,62.8022,,
25430,2011,71.3739,,
25430,2012,78.9333,,
25430,2013,82.8758,,
25430,2014,83.4749,,
25430,2015,69.5635,,
25436,2010,55.3685,,
25436,2011,43.4555,,
25436,2012,77.576,,
25436,2013,65.8702,,
25436,2014,71.102,,
25436,2015,62.3991,,
25438,2010,52.6443,,
25438,2011,54.28,,
25438,2012,78.4708,,
25438,2013,77.3677,,
25438,2014,73.0055,,
25438,2015,61.6185,,
25473,2010,62.8228,,
25473,2011,62.3264,,
25473,2012,87.5105,,
25473,2013,84.8243,,
25473,2014,91.8963,,
25473,2015,94.5081,,
25483,2010,56.1382,,
25483,2011,62.679,,
25483,2012,69.5414,,
25483,2013,74.3546,,
25483,2014,71.1139,,
25483,2015,67.6661,,
25486,2010,55.9128,,
25486,2011,59.437,,
25486,2012,68.7178,,
25486,2013,68.3074,,
25486,2014,75.5903,,
25486,2015,69.6354,,
25488,2010,65.4689,,
25488,2011,72.3437,,
25488,2012,84.8582,,
25488,2013,79.9384,,
25488,2014,79.9456,,
25488,2015,73.0533,,
25489,2010,41.7002,,
25489,2011,62.9817,,
25489,2012,72.0617,,
25489,2013,78.2026,,
25489,2014,76.2507,,
25489,2015,70.295,,
25491,2010,41.3314,,
25491,2011,64.5112,,
25491,2012,76.5421,,
25491,2013,74.8542,,
25491,2014,83.0175,,
25491,2015,77.2035,,
25506,2010,40.3167,,
25506,2011,47.6264,,
25506,2012,80.3366,,
25506,2013,68.651,,
25506,2014,72.5118,,
25506,2015,75.9652,,
25513,2010,68.3089,,
25513,2011,71.0309,,
25513,2012,86.3774,,
25513,2013,69.698,,
25513,2014,72.9926,,
25513,2015,68.9786,,
25518,2010,36.9133,,
25518,2011,23.8899,,
25518,2012,72.1335,,
25518,2013,67.4055,,
25518,2014,67.8297,,
25518,2015,58.7582,,
25524,2010,67.1197,,
25524,2011,37.8381,,
25524,2012,81.9358,,
25524,2013,70.9307,,
25524,2014,68.4243,,
25524,2015,69.8244,,
25530,2010,42.8491,,
25530,2011,62.6247,,
25530,2012,70.4573,,
25530,2013,70.9915,,
25530,2014,72.3108,,
25530,2015,69.3168,,
25535,2010,52.4631,,
25535,2011,51.7402,,
25535,2012,77.9115,,
25535,2013,67.0822,,
25535,2014,70.9649,,
25535,2015,69.6775,,
25572,2010,43.9303,,
25572,2011,35.2417,,
25572,2012,74.3302,,
25572,2013,70.5007,,
25572,2014,56.0819,,
25572,2015,61.3202,,
25580,2010,40.4445,,
25580,2011,39.267,,
25580,2012,69.4075,,
25580,2013,69.5911,,
25580,2014,62.0842,,
25580,2015,51.9805,,
25592,2010,63.8296,,
25592,2011,63.4001,,
25592,2012,70.7983,,
25592,2013,67.0738,,
25592,2014,69.0486,,
25592,2015,72.9461,,
25594,2010,22.8026,,
25594,2011,53.2264,,
25594,2012,63.7031,,
25594,2013,58.6341,,
25594,2014,66.7873,,
25594,2015,55.492,,
25596,2010,56.5106,,
25596,2011,49.3937,,
25596,2012,72.4194,,
25596,2013,71.4907,,
25596,2014,75.2385,,
25596,2015,67.1495,,
25599,2010,61.6087,,
25599,2011,44.9357,,
25599,2012,66.7649,,
25599,2013,75.0767,,
25599,2014,73.3837,,
25599,2015,61.0713,,
25612,2010,74.5994,,
25612,2011,62.6314,,
25612,2012,75.6968,,
25612,2013,77.9611,,
25612,2014,66.4215,,
25612,2015,67.2009,,
25645,2010,49.7299,,
25645,2011,48.6156,,
25645,2012,74.02,,
25645,2013,65.0465,,
25645,2014,67.1475,,
25645,2015,87.296,,
25649,2010,60.038,,
25649,2011,54.1303,,
25649,2012,86.4238,,
25649,2013,80.5656,,
25649,2014,75.9723,,
25649,2015,75.3274,,
25653,2010,35.2307,,
25653,2011,55.5111,,
25653,2012,77.3473,,
25653,2013,61.8598,,
25653,2014,67.1733,,
25653,2015,62.8717,,
25658,2010,48.137,,
25658,2011,35.0046,,
25658,2012,47.2405,,
25658,2013,62.6945,,
25658,2014,54.8107,,
25658,2015,54.7764,,
25662,2010,57.2073,,
25662,2011,54.4666,,
25662,2012,66.2836,,
25662,2013,68.8756,,
25662,2014,67.6637,,
25662,2015,60.7636,,
25718,2010,50.6359,,
25718,2011,48.4278,,
25718,2012,74.9862,,
25718,2013,82.1282,,
25718,2014,76.9274,,
25718,2015,65.4548,,
25736,2010,61.1926,,
25736,2011,61.6401,,
25736,2012,73.5087,,
25736,2013,71.3982,,
25736,2014,66.1174,,
25736,2015,62.7485,,
25740,2010,77.1702,,
25740,2011,78.8578,,
25740,2012,84.8427,,
25740,2013,75.6875,,
25740,2014,74.9497,,
25740,2015,78.5435,,
25743,2010,53.9114,,
25743,2011,56.0007,,
25743,2012,78.9311,,
25743,2013,75.759,,
25743,2014,79.7582,,
25743,2015,78.5353,,
25745,2010,61.0087,,
25745,2011,38.0893,,
25745,2012,67.6161,,
25745,2013,61.2409,,
25745,2014,66.9332,,
25745,2015,59.947,,
25754,2010,66.9592,,
25754,2011,72.6755,,
25754,2012,74.7538,,
25754,2013,79.0456,,
25754,2014,73.9419,,
25754,2015,75.8243,,
25758,2010,59.5193,,
25758,2011,54.6329,,
25758,2012,74.4899,,
25758,2013,66.4185,,
25758,2014,79.5028,,
25758,2015,68.2597,,
25769,2010,58.3212,,
25769,2011,67.6299,,
25769,2012,86.9152,,
25769,2013,73.7405,,
25769,2014,75.5648,,
25769,2015,73.8112,,
25772,2010,45.732,,
25772,2011,58.4109,,
25772,2012,65.5288,,
25772,2013,77.1538,,
25772,2014,81.1404,,
25772,2015,71.6535,,
25777,2010,51.5932,,
25777,2011,57.2935,,
25777,2012,70.4166,,
25777,2013,78.0209,,
25777,2014,75.6932,,
25777,2015,69.6477,,
25779,2010,56.8006,,
25779,2011,53.2755,,
25779,2012,76.2613,,
25779,2013,67.6694,,
25779,2014,76.9652,,
25779,2015,69.7227,,
25781,2010,54.2196,,
25781,2011,34.9989,,
25781,2012,79.9373,,
25781,2013,74.2845,,
25781,2014,70.0979,,
25781,2015,65.9259,,
25785,2010,62.8146,,
25785,2011,60.1682,,
25785,2012,86.7686,,
25785,2013,81.9988,,
25785,2014,89.6449,,
25785,2015,78.1563,,
25793,2010,48.3925,,
25793,2011,53.5849,,
25793,2012,81.0085,,
25793,2013,78.0707,,
25793,2014,81.4752,,
25793,2015,80.6035,,
25797,2010,47.2443,,
25797,2011,45.2896,,
25797,2012,81.0552,,
25797,2013,82.8928,,
25797,2014,78.185,,
25797,2015,67.7967,,
25799,2010,57.3398,,
25799,2011,57.4231,,
25799,2012,85.103,,
25799,2013,81.3656,,
25799,2014,64.6752,,
25799,2015,70.453,,
25805,2010,40.3771,,
25805,2011,32.511,,
25805,2012,71.9021,,
25805,2013,66.83,,
25805,2014,70.0066,,
25805,2015,65.3071,,
25807,2010,29.4423,,
25807,2011,43.5863,,
25807,2012,57.2865,,
25807,2013,72.8126,,
25807,2014,70.7475,,
25807,2015,60.335,,
25815,2010,64.403,,
25815,2011,53.3191,,
25815,2012,70.5629,,
25815,2013,66.4486,,
25815,2014,75.9638,,
25815,2015,75.0106,,
25817,2010,66.4607,,
25817,2011,82.1956,,
25817,2012,81.0416,,
25817,2013,83.6949,,
25817,2014,78.0655,,
25817,2015,64.922,,
25823,2010,39.4156,,
25823,2011,51.5948,,
25823,2012,73.2614,,
25823,2013,67.0131,,
25823,2014,50.8975,,
25823,2015,53.4787,,
25839,2010,36.0266,,
25839,2011,46.2054,,
25839,2012,61.9527,,
25839,2013,63.2679,,
25839,2014,63.4092,,
25839,2015,67.1888,,
25841,2010,55.2682,,
25841,2011,39.3183,,
25841,2012,63.7738,,
25841,2013,66.3303,,
25841,2014,71.4013,,
25841,2015,65.5696,,
25843,2010,49.0981,,
25843,2011,69.8295,,
25843,2012,74.5337,,
25843,2013,75.0237,,
25843,2014,57.0398,,
25843,2015,63.2256,,
25845,2010,46.5857,,
25845,2011,59.2263,,
25845,2012,74.516,,
25845,2013,75.478,,
25845,2014,69.4003,,
25845,2015,51.6843,,
25851,2010,47.0242,,
25851,2011,46.4626,,
25851,2012,74.9697,,
25851,2013,70.141,,
25851,2014,77.2444,,
25851,2015,66.9413,,
25862,2010,23.5174,,
25862,2011,54.3543,,
25862,2012,61.2402,,
25862,2013,74.2149,,
25862,2014,68.7841,,
25862,2015,63.895,,
25867,2010,50.5137,,
25867,2011,35.2436,,
25867,2012,62.1977,,
25867,2013,66.8869,,
25867,2014,59.3041,,
25867,2015,57.6968,,
25871,2010,40.0052,,
25871,2011,50.3464,,
25871,2012,83.8072,,
25871,2013,72.9536,,
25871,2014,66.692,,
25871,2015,63.5179,,
25873,2010,65.0815,,
25873,2011,70.6474,,
25873,2012,82.0102,,
25873,2013,77.3771,,
25873,2014,67.1008,,
25873,2015,69.233,,
25875,2010,63.627,,
25875,2011,58.1851,,
25875,2012,73.8538,,
25875,2013,75.4448,,
25875,2014,67.6887,,
25875,2015,74.9468,,
25878,2010,34.9681,,
25878,2011,33.6949,,
25878,2012,62.345,,
25878,2013,44.6493,,
25878,2014,64.509,,
25878,2015,56.1678,,
25885,2010,60.4156,,
25885,2011,51.5588,,
25885,2012,73.4968,,
25885,2013,62.5575,,
25885,2014,57.8731,,
25885,2015,50.3974,,
25898,2010,51.7522,,
25898,2011,60.5961,,
25898,2012,79.1504,,
25898,2013,73.1855,,
25898,2014,66.0608,,
25898,2015,69.4445,,
25899,2010,48.1135,,
25899,2011,74.786,,
25899,2012,84.74,,
25899,2013,86.8976,,
25899,2014,83.4109,,
25899,2015,74.7925,,
27001,2010,38.3909,,
27001,2011,50.9666,,
27001,2012,74.5882,,
27001,2013,72.9635,,
27001,2014,79.5005,,
27001,2015,74.825,,
27006,2010,28.0931,,
27006,2011,39.3073,,
27006,2012,60.0157,,
27006,2013,78.4278,,
27006,2014,51.7815,,
27006,2015,61.7261,,
27025,2010,46.5093,,
27025,2011,49.6822,,
27025,2012,73.277,,
27025,2013,53.2626,,
27025,2014,43.9073,,
27025,2015,57.0898,,
27050,2010,46.7465,,
27050,2011,45.1327,,
27050,2012,60.7997,,
27050,2013,60.2009,,
27050,2014,48.3616,,
27050,2015,58.8424,,
27073,2010,36.3099,,
27073,2011,54.9636,,
27073,2012,45.2798,,
27073,2013,65.2843,,
27073,2014,26.1212,,
27073,2015,52.6767,,
27075,2010,25.7465,,
27075,2011,44.517,,
27075,2012,43.7242,,
27075,2013,52.5225,,
27075,2014,39.3546,,
27075,2015,54.3647,,
27077,2010,35.7998,,
27077,2011,52.9799,,
27077,2012,68.6591,,
27077,2013,75.2921,,
27077,2014,64.4556,,
27077,2015,54.8138,,
27099,2010,39.9957,,
27099,2011,46.5207,,
27099,2012,75.2496,,
27099,2013,58.2856,,
27099,2014,58.7784,,
27099,2015,66.6491,,
27135,2010,31.0876,,
27135,2011,60.2633,,
27135,2012,67.0292,,
27135,2013,58.9746,,
27135,2014,45.6716,,
27135,2015,70.6309,,
27150,2010,46.4812,,
27150,2011,50.1675,,
27150,2012,79.016,,
27150,2013,58.7943,,
27150,2014,39.7153,,
27150,2015,51.7363,,
27160,2010,56.8106,,
27160,2011,41.4697,,
27160,2012,51.3569,,
27160,2013,53.3087,,
27160,2014,44.8297,,
27160,2015,59.6458,,
27205,2010,29.5391,,
27205,2011,48.4737,,
27205,2012,47.1347,,
27205,2013,49.0486,,
27205,2014,34.8083,,
27205,2015,63.7348,,
27245,2010,60.4514,,
27245,2011,48.3887,,
27245,2012,69.8502,,
27245,2013,73.496,,
27245,2014,69.2687,,
27245,2015,73.14,,
27250,2010,19.5921,,
27250,2011,33.0447,,
27250,2012,71.0302,,
27250,2013,74.2988,,
27250,2014,63.7755,,
27250,2015,66.5381,,
27361,2010,37.7088,,
27361,2011,54.1963,,
27361,2012,47.0112,,
27361,2013,48.7895,,
27361,2014,38.6857,,
27361,2015,50.2312,,
27372,2010,29.042,,
27372,2011,45.0075,,
27372,2012,62.1993,,
27372,2013,69.9005,,
27372,2014,46.2985,,
27372,2015,63.5199,,
27413,2010,35.9207,,
27413,2011,49.7163,,
27413,2012,61.7238,,
27413,2013,51.2469,,
27413,2014,38.5,,
27413,2015,59.1769,,
27425,2010,35.3015,,
27425,2011,37.0887,,
27425,2012,73.7398,,
27425,2013,56.4469,,
27425,2014,49.9793,,
27425,2015,54.9769,,
27430,2010,41.0192,,
27430,2011,45.6111,,
27430,2012,55.935,,
27430,2013,65.7337,,
27430,2014,66.2218,,
27430,2015,48.0032,,
27450,2010,32.7739,,
27450,2011,31.4952,,
27450,2012,58.9731,,
27450,2013,66.8495,,
27450,2014,57.619,,
27450,2015,47.5042,,
27491,2010,38.1785,,
27491,2011,55.2467,,
27491,2012,59.3992,,
27491,2013,66.3367,,
27491,2014,49.5294,,
27491,2015,58.9173,,
27495,2010,49.5675,,
27495,2011,36.7324,,
27495,2012,53.4674,,
27495,2013,56.3254,,
27495,2014,57.4619,,
27495,2015,63.954,,
27580,2010,44.9932,,
27580,2011,34.1995,,
27580,2012,56.6708,,
27580,2013,74.2398,,
27580,2014,50.035,,
27580,2015,59.9852,,
27600,2010,34.0879,,
27600,2011,55.1928,,
27600,2012,75.3377,,
27600,2013,69.3878,,
27600,2014,57.1044,,
27600,2015,54.6981,,
27615,2010,34.9024,,
27615,2011,45.5082,,
27615,2012,59.0531,,
27615,2013,52.1842,,
27615,2014,32.9288,,
27615,2015,52.559,,
27660,2010,41.2103,,
27660,2011,38.5228,,
27660,2012,49.905,,
27660,2013,65.7917,,
27660,2014,68.7024,,
27660,2015,78.3559,,
27745,2010,31.3379,,
27745,2011,43.4079,,
27745,2012,60.2837,,
27745,2013,40.1391,,
27745,2014,25.553,,
27745,2015,57.029,,
27787,2010,46.593,,
27787,2011,50.434,,
27787,2012,66.498,,
27787,2013,69.5945,,
27787,2014,51.724,,
27787,2015,53.3948,,
27800,2010,49.9842,,
27800,2011,43.9536,,
27800,2012,57.0964,,
27800,2013,53.4616,,
27800,2014,46.4923,,
27800,2015,53.3855,,
27810,2010,43.0973,,
27810,2011,51.1231,,
27810,2012,53.6576,,
27810,2013,54.2995,,
27810,2014,32.9641,,
27810,2015,51.4168,,
41001,2010,56.3095,,
41001,2011,70.0867,,
41001,2012,78.6644,,
41001,2013,82.1928,,
41001,2014,70.4022,,
41001,2015,78.3597,,
41006,2010,52.8563,,
41006,2011,48.7119,,
41006,2012,73.6456,,
41006,2013,71.569,,
41006,2014,62.0696,,
41006,2015,78.3355,,
41013,2010,52.9526,,
41013,2011,61.6222,,
41013,2012,61.4816,,
41013,2013,61.2338,,
41013,2014,63.5788,,
41013,2015,63.7619,,
41016,2010,43.4431,,
41016,2011,43.3054,,
41016,2012,66.3754,,
41016,2013,76.2427,,
41016,2014,67.6129,,
41016,2015,57.3608,,
41020,2010,31.593,,
41020,2011,43.2921,,
41020,2012,67.6067,,
41020,2013,78.6388,,
41020,2014,70.8224,,
41020,2015,59.7967,,
41026,2010,50.0074,,
41026,2011,52.3657,,
41026,2012,75.1504,,
41026,2013,75.1571,,
41026,2014,75.4473,,
41026,2015,75.9347,,
41078,2010,52.0416,,
41078,2011,54.9419,,
41078,2012,70.8295,,
41078,2013,70.5157,,
41078,2014,54.4649,,
41078,2015,70.8236,,
41132,2010,62.0254,,
41132,2011,46.8804,,
41132,2012,72.1857,,
41132,2013,71.9029,,
41132,2014,62.2031,,
41132,2015,51.3571,,
41206,2010,53.6361,,
41206,2011,56.6428,,
41206,2012,80.3112,,
41206,2013,70.2681,,
41206,2014,66.1542,,
41206,2015,73.8573,,
41244,2010,46.736,,
41244,2011,40.0218,,
41244,2012,68.6755,,
41244,2013,68.8348,,
41244,2014,46.9294,,
41244,2015,60.7439,,
41298,2010,47.8568,,
41298,2011,50.7809,,
41298,2012,58.1505,,
41298,2013,64.2938,,
41298,2014,47.6792,,
41298,2015,67.2075,,
41306,2010,51.2102,,
41306,2011,57.2011,,
41306,2012,75.5212,,
41306,2013,76.031,,
41306,2014,71.5932,,
41306,2015,76.2839,,
41319,2010,61.9877,,
41319,2011,60.5736,,
41319,2012,76.0206,,
41319,2013,71.905,,
41319,2014,76.0043,,
41319,2015,64.592,,
41349,2010,51.7114,,
41349,2011,41.8744,,
41349,2012,62.0859,,
41349,2013,73.0864,,
41349,2014,69.6395,,
41349,2015,64.4374,,
41357,2010,59.9577,,
41357,2011,48.6596,,
41357,2012,67.7249,,
41357,2013,71.4366,,
41357,2014,70.8223,,
41357,2015,73.8953,,
41359,2010,47.0854,,
41359,2011,51.8851,,
41359,2012,58.7379,,
41359,2013,48.2223,,
41359,2014,58.5483,,
41359,2015,72.5672,,
41378,2010,63.9115,,
41378,2011,53.0453,,
41378,2012,75.9456,,
41378,2013,79.5438,,
41378,2014,63.9878,,
41378,2015,68.3383,,
41396,2010,54.0371,,
41396,2011,62.8903,,
41396,2012,73.4775,,
41396,2013,77.5464,,
41396,2014,62.9583,,
41396,2015,76.3658,,
41483,2010,49.4785,,
41483,2011,50.1912,,
41483,2012,65.649,,
41483,2013,76.7209,,
41483,2014,67.3184,,
41483,2015,53.6865,,
41503,2010,47.5987,,
41503,2011,62.8157,,
41503,2012,74.5036,,
41503,2013,67.7723,,
41503,2014,45.4327,,
41503,2015,68.4142,,
41518,2010,74.3717,,
41518,2011,65.4193,,
41518,2012,69.6616,,
41518,2013,57.0826,,
41518,2014,60.8869,,
41518,2015,66.9164,,
41524,2010,58.0215,,
41524,2011,64.044,,
41524,2012,74.3654,,
41524,2013,65.3241,,
41524,2014,68.3474,,
41524,2015,65.6588,,
41530,2010,46.9368,,
41530,2011,55.8832,,
41530,2012,66.9317,,
41530,2013,72.4371,,
41530,2014,59.1963,,
41530,2015,69.7039,,
41548,2010,74.668,,
41548,2011,70.4499,,
41548,2012,77.0699,,
41548,2013,66.7128,,
41548,2014,59.2968,,
41548,2015,62.4231,,
41551,2010,52.4792,,
41551,2011,58.0666,,
41551,2012,71.8449,,
41551,2013,80.4452,,
41551,2014,68.3066,,
41551,2015,68.4375,,
41615,2010,57.3678,,
41615,2011,62.1826,,
41615,2012,78.3607,,
41615,2013,73.2024,,
41615,2014,74.7636,,
41615,2015,75.9716,,
41660,2010,54.0208,,
41660,2011,61.0671,,
41660,2012,73.3554,,
41660,2013,65.7585,,
41660,2014,63.1296,,
41660,2015,69.3478,,
41668,2010,47.4477,,
41668,2011,49.3515,,
41668,2012,76.2803,,
41668,2013,70.1951,,
41668,2014,54.1703,,
41668,2015,65.328,,
41676,2010,51.5562,,
41676,2011,52.3443,,
41676,2012,71.7329,,
41676,2013,52.6264,,
41676,2014,67.897,,
41676,2015,69.8697,,
41770,2010,62.6545,,
41770,2011,58.8821,,
41770,2012,83.5636,,
41770,2013,87.7636,,
41770,2014,80.3935,,
41770,2015,74.3646,,
41791,2010,51.2272,,
41791,2011,54.0418,,
41791,2012,71.8421,,
41791,2013,68.1767,,
41791,2014,65.6771,,
41791,2015,69.2018,,
41797,2010,58.7577,,
41797,2011,65.357,,
41797,2012,74.3105,,
41797,2013,71.2673,,
41797,2014,60.1749,,
41797,2015,66.6422,,
41799,2010,50.2068,,
41799,2011,38.9629,,
41799,2012,69.5725,,
41799,2013,66.1097,,
41799,2014,65.005,,
41799,2015,69.8079,,
41801,2010,66.0385,,
41801,2011,59.4769,,
41801,2012,60.416,,
41801,2013,62.6145,,
41801,2014,73.1014,,
41801,2015,75.6913,,
41807,2010,39.3188,,
41807,2011,54.8674,,
41807,2012,72.499,,
41807,2013,75.3206,,
41807,2014,64.1132,,
41807,2015,68.4514,,
41872,2010,52.5868,,
41872,2011,55.1042,,
41872,2012,66.156,,
41872,2013,56.3834,,
41872,2014,57.9481,,
41872,2015,64.8929,,
41885,2010,58.4595,,
41885,2011,57.7947,,
41885,2012,74.4012,,
41885,2013,69.7938,,
41885,2014,72.1978,,
41885,2015,72.5346,,
44001,2010,54.2728,,
44001,2011,46.701,,
44001,2012,69.7684,,
44001,2013,65.0716,,
44001,2014,76.451,,
44001,2015,80.4315,,
44035,2010,42.5026,,
44035,2011,43.849,,
44035,2012,58.7804,,
44035,2013,64.481,,
44035,2014,53.0962,,
44035,2015,70.6823,,
44078,2010,34.0416,,
44078,2011,61.4582,,
44078,2012,64.0883,,
44078,2013,45.1902,,
44078,2014,51.5376,,
44078,2015,58.98,,
44090,2010,49.6509,,
44090,2011,40.1232,,
44090,2012,73.9224,,
44090,2013,62.5346,,
44090,2014,63.6827,,
44090,2015,66.1593,,
44098,2010,33.73,,
44098,2011,52.7485,,
44098,2012,78.4582,,
44098,2013,66.6865,,
44098,2014,59.0789,,
44098,2015,66.1233,,
44110,2010,26.2292,,
44110,2011,33.5695,,
44110,2012,64.0018,,
44110,2013,67.5627,,
44110,2014,70.68,,
44110,2015,68.631,,
44279,2010,50.983,,
44279,2011,46.5607,,
44279,2012,61.3801,,
44279,2013,65.6166,,
44279,2014,53.9185,,
44279,2015,53.5492,,
44378,2010,49.7993,,
44378,2011,48.0771,,
44378,2012,64.4494,,
44378,2013,60.3228,,
44378,2014,68.1287,,
44378,2015,74.226,,
44420,2010,39.7801,,
44420,2011,50.1363,,
44420,2012,70.844,,
44420,2013,59.3069,,
44420,2014,57.2827,,
44420,2015,58.3979,,
44430,2010,44.8624,,
44430,2011,50.7732,,
44430,2012,63.9754,,
44430,2013,64.6851,,
44430,2014,65.4849,,
44430,2015,67.7421,,
44560,2010,56.1554,,
44560,2011,40.4005,,
44560,2012,63.5413,,
44560,2013,63.9009,,
44560,2014,70.4014,,
44560,2015,68.1304,,
44650,2010,71.9844,,
44650,2011,47.3762,,
44650,2012,69.097,,
44650,2013,64.9584,,
44650,2014,47.65,,
44650,2015,46.7401,,
44847,2010,39.8912,,
44847,2011,39.1927,,
44847,2012,77.6809,,
44847,2013,50.5832,,
44847,2014,59.8234,,
44847,2015,66.5765,,
44855,2010,35.8557,,
44855,2011,32.4787,,
44855,2012,68.3885,,
44855,2013,66.0159,,
44855,2014,61.1849,,
44855,2015,48.1409,,
44874,2010,49.2162,,
44874,2011,28.3541,,
44874,2012,66.4455,,
44874,2013,58.9888,,
44874,2014,50.5042,,
44874,2015,53.2012,,
47001,2010,66.167,,
47001,2011,72.7453,,
47001,2012,56.8434,,
47001,2013,75.0144,,
47001,2014,68.8857,,
47001,2015,60.8355,,
47030,2010,37.7035,,
47030,2011,34.2011,,
47030,2012,67.8119,,
47030,2013,79.8932,,
47030,2014,84.4261,,
47030,2015,76.0991,,
47053,2010,35.844,,
47053,2011,42.7244,,
47053,2012,43.2743,,
47053,2013,66.5079,,
47053,2014,71.5341,,
47053,2015,68.2128,,
47058,2010,41.3248,,
47058,2011,37.5997,,
47058,2012,51.3002,,
47058,2013,36.5088,,
47058,2014,37.5349,,
47058,2015,65.157,,
47161,2010,35.6669,,
47161,2011,28.4966,,
47161,2012,64.0468,,
47161,2013,45.2553,,
47161,2014,54.0387,,
47161,2015,53.8474,,
47170,2010,30.883,,
47170,2011,30.3858,,
47170,2012,63.6572,,
47170,2013,63.9985,,
47170,2014,44.3094,,
47170,2015,54.8075,,
47189,2010,51.8525,,
47189,2011,51.0992,,
47189,2012,57.8085,,
47189,2013,64.323,,
47189,2014,54.5686,,
47189,2015,55.2749,,
47205,2010,31.4739,,
47205,2011,31.3158,,
47205,2012,71.3299,,
47205,2013,52.0984,,
47205,2014,59.6601,,
47205,2015,71.5099,,
47245,2010,40.0358,,
47245,2011,34.8588,,
47245,2012,52.0854,,
47245,2013,56.0304,,
47245,2014,45.0409,,
47245,2015,69.1079,,
47258,2010,54.8756,,
47258,2011,39.1932,,
47258,2012,62.3743,,
47258,2013,45.6868,,
47258,2014,46.2438,,
47258,2015,54.9916,,
47268,2010,23.1178,,
47268,2011,25.7487,,
47268,2012,74.7935,,
47268,2013,65.0191,,
47268,2014,45.8752,,
47268,2015,68.4095,,
47288,2010,50.097,,
47288,2011,41.5612,,
47288,2012,77.5206,,
47288,2013,50.4814,,
47288,2014,49.2275,,
47288,2015,77.1716,,
47318,2010,36.513,,
47318,2011,56.0359,,
47318,2012,42.6419,,
47318,2013,28.1571,,
47318,2014,32.7433,,
47318,2015,41.9315,,
47460,2010,59.8217,,
47460,2011,30.8128,,
47460,2012,56.0657,,
47460,2013,75.544,,
47460,2014,41.9914,,
47460,2015,40.746,,
47541,2010,37.2201,,
47541,2011,47.6569,,
47541,2012,57.8008,,
47541,2013,51.0641,,
47541,2014,32.5592,,
47541,2015,43.6605,,
47545,2010,47.6775,,
47545,2011,53.6149,,
47545,2012,65.7241,,
47545,2013,64.5241,,
47545,2014,58.7662,,
47545,2015,61.2765,,
47551,2010,29.5552,,
47551,2011,54.4786,,
47551,2012,71.263,,
47551,2013,51.1123,,
47551,2014,39.4116,,
47551,2015,69.7907,,
47555,2010,45.9137,,
47555,2011,45.598,,
47555,2012,60.9591,,
47555,2013,60.4119,,
47555,2014,67.1193,,
47555,2015,63.1308,,
47570,2010,37.343,,
47570,2011,39.1387,,
47570,2012,75.5008,,
47570,2013,37.4717,,
47570,2014,37.331,,
47570,2015,45.8497,,
47605,2010,35.146,,
47605,2011,29.729,,
47605,2012,56.3881,,
47605,2013,38.4527,,
47605,2014,43.7249,,
47605,2015,54.34,,
47660,2010,53.1424,,
47660,2011,45.9576,,
47660,2012,73.96,,
47660,2013,56.2319,,
47660,2014,52.6131,,
47660,2015,74.0934,,
47675,2010,50.2105,,
47675,2011,45.0258,,
47675,2012,72.8166,,
47675,2013,62.409,,
47675,2014,45.8341,,
47675,2015,59.4363,,
47692,2010,48.0776,,
47692,2011,52.5798,,
47692,2012,60.9632,,
47692,2013,55.6758,,
47692,2014,56.506,,
47692,2015,63.3722,,
47703,2010,41.9198,,
47703,2011,45.3902,,
47703,2012,51.951,,
47703,2013,64.4944,,
47703,2014,48.0909,,
47703,2015,52.132,,
47707,2010,39.0429,,
47707,2011,43.2657,,
47707,2012,68.5578,,
47707,2013,48.1858,,
47707,2014,48.7215,,
47707,2015,64.3324,,
47720,2010,56.1758,,
47720,2011,24.3236,,
47720,2012,53.8706,,
47720,2013,52.9599,,
47720,2014,69.8446,,
47720,2015,71.4269,,
47745,2010,38.8765,,
47745,2011,45.3207,,
47745,2012,59.9319,,
47745,2013,66.5273,,
47745,2014,40.9146,,
47745,2015,39.2238,,
47798,2010,44.9006,,
47798,2011,34.2984,,
47798,2012,64.3266,,
47798,2013,52.4137,,
47798,2014,51.8407,,
47798,2015,64.1457,,
47960,2010,43.4604,,
47960,2011,24.5983,,
47960,2012,50.4448,,
47960,2013,54.9208,,
47960,2014,56.2566,,
47960,2015,55.4362,,
47980,2010,36.1695,,
47980,2011,29.2393,,
47980,2012,53.0276,,
47980,2013,75.3898,,
47980,2014,60.1589,,
47980,2015,49.7635,,
50001,2010,69.4477,,
50001,2011,57.7273,,
50001,2012,80.569,,
50001,2013,81.5097,,
50001,2014,77.6019,,
50001,2015,83.4849,,
50006,2010,72.5499,,
50006,2011,64.3683,,
50006,2012,77.0792,,
50006,2013,86.1897,,
50006,2014,78.1957,,
50006,2015,90.494,,
50110,2010,31.0802,,
50110,2011,41.7845,,
50110,2012,77.2462,,
50110,2013,83.5119,,
50110,2014,80.9515,,
50110,2015,79.01,,
50124,2010,57.9618,,
50124,2011,33.5301,,
50124,2012,63.1414,,
50124,2013,63.3665,,
50124,2014,73.3045,,
50124,2015,73.8477,,
50150,2010,82.3349,,
50150,2011,81.5534,,
50150,2012,91.9182,,
50150,2013,89.3236,,
50150,2014,75.2947,,
50150,2015,80.9729,,
50223,2010,48.3217,,
50223,2011,32.6587,,
50223,2012,73.4391,,
50223,2013,76.1753,,
50223,2014,65.7258,,
50223,2015,66.9861,,
50226,2010,63.4302,,
50226,2011,47.0489,,
50226,2012,66.6774,,
50226,2013,74.3091,,
50226,2014,61.0437,,
50226,2015,74.8634,,
50245,2010,43.5449,,
50245,2011,59.4682,,
50245,2012,67.8667,,
50245,2013,57.7386,,
50245,2014,60.2209,,
50245,2015,63.3512,,
50251,2010,56.2944,,
50251,2011,41.9163,,
50251,2012,66.8692,,
50251,2013,60.4049,,
50251,2014,68.7611,,
50251,2015,72.5621,,
50270,2010,39.5982,,
50270,2011,34.6235,,
50270,2012,64.1869,,
50270,2013,77.5311,,
50270,2014,63.6757,,
50270,2015,62.9892,,
50287,2010,43.5445,,
50287,2011,41.3029,,
50287,2012,74.9577,,
50287,2013,81.5813,,
50287,2014,67.5275,,
50287,2015,74.0775,,
50313,2010,61.8933,,
50313,2011,62.5772,,
50313,2012,69.6935,,
50313,2013,74.8819,,
50313,2014,61.6082,,
50313,2015,75.2839,,
50318,2010,46.7011,,
50318,2011,52.4161,,
50318,2012,71.257,,
50318,2013,74.0481,,
50318,2014,62.0438,,
50318,2015,75.4001,,
50325,2010,36.8091,,
50325,2011,35.5108,,
50325,2012,65.9418,,
50325,2013,73.31,,
50325,2014,66.1497,,
50325,2015,62.1584,,
50330,2010,56.2652,,
50330,2011,44.703,,
50330,2012,72.1593,,
50330,2013,77.4611,,
50330,2014,69.9574,,
50330,2015,71.1799,,
50350,2010,45.1077,,
50350,2011,47.0015,,
50350,2012,69.9766,,
50350,2013,73.4404,,
50350,2014,68.763,,
50350,2015,75.7101,,
50370,2010,43.6346,,
50370,2011,39.0036,,
50370,2012,66.5485,,
50370,2013,69.5937,,
50370,2014,67.0051,,
50370,2015,65.1001,,
50400,2010,46.8428,,
50400,2011,38.1771,,
50400,2012,72.9005,,
50400,2013,70.8051,,
50400,2014,76.5809,,
50400,2015,78.0555,,
50450,2010,67.1041,,
50450,2011,55.2259,,
50450,2012,75.812,,
50450,2013,77.6599,,
50450,2014,85.3146,,
50450,2015,77.6671,,
50568,2010,64.4052,,
50568,2011,66.0569,,
50568,2012,83.4681,,
50568,2013,79.3794,,
50568,2014,66.6739,,
50568,2015,76.3335,,
50573,2010,62.8099,,
50573,2011,65.5767,,
50573,2012,61.4231,,
50573,2013,66.3105,,
50573,2014,62.8898,,
50573,2015,62.6911,,
50577,2010,68.1526,,
50577,2011,66.8257,,
50577,2012,82.92,,
50577,2013,81.7394,,
50577,2014,79.991,,
50577,2015,78.5985,,
50590,2010,56.0773,,
50590,2011,56.3993,,
50590,2012,76.5391,,
50590,2013,80.5502,,
50590,2014,68.0848,,
50590,2015,68.3507,,
50606,2010,49.3928,,
50606,2011,43.653,,
50606,2012,78.1922,,
50606,2013,73.533,,
50606,2014,63.1414,,
50606,2015,72.9877,,
50680,2010,34.6094,,
50680,2011,46.2611,,
50680,2012,70.0775,,
50680,2013,78.8845,,
50680,2014,78.4833,,
50680,2015,79.8662,,
50683,2010,62.0621,,
50683,2011,51.1899,,
50683,2012,80.3507,,
50683,2013,67.1653,,
50683,2014,82.4403,,
50683,2015,75.677,,
50686,2010,37.7526,,
50686,2011,31.3645,,
50686,2012,63.6734,,
50686,2013,75.4646,,
50686,2014,53.54,,
50686,2015,59.7339,,
50689,2010,58.265,,
50689,2011,63.6826,,
50689,2012,72.82,,
50689,2013,78.4898,,
50689,2014,66.0381,,
50689,2015,72.1897,,
50711,2010,52.6482,,
50711,2011,49.7132,,
50711,2012,71.5114,,
50711,2013,82.9106,,
50711,2014,82.5814,,
50711,2015,72.411,,
52001,2010,77.1529,,
52001,2011,51.8653,,
52001,2012,64.0151,,
52001,2013,75.0943,,
52001,2014,66.506,,
52001,2015,81.5898,,
52019,2010,60.3796,,
52019,2011,69.8407,,
52019,2012,60.5561,,
52019,2013,71.8608,,
52019,2014,67.2911,,
52019,2015,64.5241,,
52022,2010,68.2281,,
52022,2011,74.5609,,
52022,2012,66.6872,,
52022,2013,65.2595,,
52022,2014,67.8643,,
52022,2015,71.4479,,
52036,2010,41.8669,,
52036,2011,34.0772,,
52036,2012,64.2834,,
52036,2013,60.171,,
52036,2014,62.8578,,
52036,2015,70.9756,,
52051,2010,48.2068,,
52051,2011,73.3382,,
52051,2012,61.6351,,
52051,2013,77.2649,,
52051,2014,74.3986,,
52051,2015,76.1028,,
52079,2010,54.1482,,
52079,2011,46.6255,,
52079,2012,54.7343,,
52079,2013,57.2687,,
52079,2014,56.3769,,
52079,2015,72.9858,,
52083,2010,54.4552,,
52083,2011,59.3302,,
52083,2012,65.863,,
52083,2013,83.0917,,
52083,2014,74.7129,,
52083,2015,78.2833,,
52110,2010,62.0345,,
52110,2011,58.1772,,
52110,2012,57.7977,,
52110,2013,69.0482,,
52110,2014,57.4455,,
52110,2015,66.7275,,
52203,2010,56.7689,,
52203,2011,62.1781,,
52203,2012,54.4255,,
52203,2013,62.0364,,
52203,2014,65.8266,,
52203,2015,62.6917,,
52207,2010,53.1199,,
52207,2011,70.2059,,
52207,2012,87.3836,,
52207,2013,75.072,,
52207,2014,68.5903,,
52207,2015,68.4712,,
52210,2010,57.037,,
52210,2011,59.2375,,
52210,2012,67.5838,,
52210,2013,74.9349,,
52210,2014,68.1232,,
52210,2015,76.4517,,
52215,2010,53.573,,
52215,2011,64.0796,,
52215,2012,62.7436,,
52215,2013,67.2105,,
52215,2014,61.4576,,
52215,2015,73.3003,,
52224,2010,54.0732,,
52224,2011,63.3273,,
52224,2012,84.8853,,
52224,2013,84.1445,,
52224,2014,72.5475,,
52224,2015,76.8687,,
52227,2010,60.6462,,
52227,2011,66.8647,,
52227,2012,62.6653,,
52227,2013,80.1941,,
52227,2014,57.4561,,
52227,2015,67.4209,,
52233,2010,42.4535,,
52233,2011,44.7147,,
52233,2012,68.501,,
52233,2013,73.1097,,
52233,2014,73.2745,,
52233,2015,77.5905,,
52240,2010,55.8896,,
52240,2011,62.0765,,
52240,2012,67.6936,,
52240,2013,68.956,,
52240,2014,70.0845,,
52240,2015,70.9408,,
52250,2010,32.1832,,
52250,2011,50.2952,,
52250,2012,46.2636,,
52250,2013,75.6732,,
52250,2014,58.703,,
52250,2015,53.2411,,
52254,2010,27.3207,,
52254,2011,65.9818,,
52254,2012,59.9383,,
52254,2013,67.8362,,
52254,2014,64.9998,,
52254,2015,75.5931,,
52256,2010,35.9408,,
52256,2011,57.2681,,
52256,2012,61.083,,
52256,2013,73.8626,,
52256,2014,57.8601,,
52256,2015,63.6325,,
52258,2010,44.602,,
52258,2011,70.3683,,
52258,2012,65.2654,,
52258,2013,82.3601,,
52258,2014,64.0462,,
52258,2015,63.8308,,
52260,2010,43.3218,,
52260,2011,41.3172,,
52260,2012,63.1394,,
52260,2013,68.9475,,
52260,2014,58.7943,,
52260,2015,55.0799,,
52287,2010,52.415,,
52287,2011,70.4597,,
52287,2012,63.9711,,
52287,2013,71.6027,,
52287,2014,68.1272,,
52287,2015,70.186,,
52317,2010,61.0069,,
52317,2011,54.4142,,
52317,2012,67.8966,,
52317,2013,83.2829,,
52317,2014,73.6439,,
52317,2015,77.2792,,
52320,2010,64.3844,,
52320,2011,77.0651,,
52320,2012,64.9894,,
52320,2013,73.1808,,
52320,2014,59.7051,,
52320,2015,74.9541,,
52323,2010,68.0098,,
52323,2011,60.6733,,
52323,2012,82.882,,
52323,2013,82.8652,,
52323,2014,68.6247,,
52323,2015,75.6067,,
52352,2010,43.8067,,
52352,2011,61.7979,,
52352,2012,70.3821,,
52352,2013,85.582,,
52352,2014,72.6828,,
52352,2015,75.2485,,
52354,2010,51.6256,,
52354,2011,62.7639,,
52354,2012,55.8588,,
52354,2013,72.8583,,
52354,2014,70.7124,,
52354,2015,61.4973,,
52356,2010,77.312,,
52356,2011,73.8725,,
52356,2012,79.0069,,
52356,2013,78.072,,
52356,2014,70.4279,,
52356,2015,65.8934,,
52378,2010,52.5603,,
52378,2011,67.4955,,
52378,2012,71.0773,,
52378,2013,74.538,,
52378,2014,62.9654,,
52378,2015,65.3077,,
52381,2010,40.7466,,
52381,2011,64.3613,,
52381,2012,63.7306,,
52381,2013,79.1532,,
52381,2014,79.0132,,
52381,2015,76.1383,,
52385,2010,49.2008,,
52385,2011,41.8583,,
52385,2012,53.3262,,
52385,2013,76.7877,,
52385,2014,70.1354,,
52385,2015,74.5093,,
52390,2010,49.5116,,
52390,2011,52.9438,,
52390,2012,47.9285,,
52390,2013,66.6676,,
52390,2014,51.8326,,
52390,2015,33.1771,,
52399,2010,59.9352,,
52399,2011,56.8933,,
52399,2012,57.4235,,
52399,2013,54.1613,,
52399,2014,58.2075,,
52399,2015,62.059,,
52405,2010,56.3186,,
52405,2011,34.6223,,
52405,2012,57.1269,,
52405,2013,70.5386,,
52405,2014,55.0916,,
52405,2015,69.9382,,
52411,2010,55.9568,,
52411,2011,65.1929,,
52411,2012,62.1982,,
52411,2013,73.46,,
52411,2014,73.551,,
52411,2015,67.1193,,
52418,2010,53.3512,,
52418,2011,46.8761,,
52418,2012,68.1979,,
52418,2013,70.6016,,
52418,2014,53.3624,,
52418,2015,57.428,,
52427,2010,47.5286,,
52427,2011,46.591,,
52427,2012,55.5017,,
52427,2013,79.8121,,
52427,2014,74.7122,,
52427,2015,53.1443,,
52435,2010,52.0801,,
52435,2011,56.3324,,
52435,2012,65.1337,,
52435,2013,70.2292,,
52435,2014,69.2753,,
52435,2015,67.3974,,
52473,2010,53.5387,,
52473,2011,51.375,,
52473,2012,57.7156,,
52473,2013,64.311,,
52473,2014,48.8135,,
52473,2015,40.2892,,
52480,2010,37.5185,,
52480,2011,54.8761,,
52480,2012,60.4992,,
52480,2013,75.0903,,
52480,2014,48.7165,,
52480,2015,57.0587,,
52490,2010,57.3653,,
52490,2011,45.9771,,
52490,2012,42.3789,,
52490,2013,68.7977,,
52490,2014,60.7944,,
52490,2015,50.4188,,
52506,2010,59.1538,,
52506,2011,67.5845,,
52506,2012,63.4188,,
52506,2013,69.6249,,
52506,2014,72.4141,,
52506,2015,72.532,,
52520,2010,34.9897,,
52520,2011,48.8368,,
52520,2012,70.3269,,
52520,2013,51.9448,,
52520,2014,42.6828,,
52520,2015,36.0472,,
52540,2010,55.8017,,
52540,2011,68.4814,,
52540,2012,63.9916,,
52540,2013,68.7752,,
52540,2014,63.5889,,
52540,2015,59.7493,,
52560,2010,49.6591,,
52560,2011,55.0003,,
52560,2012,64.9613,,
52560,2013,82.1573,,
52560,2014,79.6244,,
52560,2015,68.7467,,
52565,2010,53.4605,,
52565,2011,65.12,,
52565,2012,50.1178,,
52565,2013,51.1875,,
52565,2014,58.6356,,
52565,2015,65.9686,,
52573,2010,55.9345,,
52573,2011,64.868,,
52573,2012,69.8939,,
52573,2013,76.8574,,
52573,2014,75.7433,,
52573,2015,70.2048,,
52585,2010,50.8402,,
52585,2011,50.5226,,
52585,2012,64.4063,,
52585,2013,70.6516,,
52585,2014,67.5842,,
52585,2015,68.2797,,
52612,2010,50.014,,
52612,2011,47.0827,,
52612,2012,54.8345,,
52612,2013,80.6265,,
52612,2014,66.9756,,
52612,2015,64.2145,,
52621,2010,41.7667,,
52621,2011,43.087,,
52621,2012,55.3398,,
52621,2013,62.1947,,
52621,2014,64.9686,,
52621,2015,68.5679,,
52678,2010,55.5158,,
52678,2011,64.8241,,
52678,2012,72.602,,
52678,2013,71.6748,,
52678,2014,65.4521,,
52678,2015,67.4352,,
52683,2010,67.6077,,
52683,2011,56.9804,,
52683,2012,51.1298,,
52683,2013,71.6227,,
52683,2014,67.8414,,
52683,2015,67.4191,,
52685,2010,54.379,,
52685,2011,66.2191,,
52685,2012,61.6554,,
52685,2013,70.6311,,
52685,2014,56.9423,,
52685,2015,51.3785,,
52687,2010,44.8131,,
52687,2011,48.5802,,
52687,2012,65.9007,,
52687,2013,62.583,,
52687,2014,56.3595,,
52687,2015,72.035,,
52693,2010,53.6432,,
52693,2011,64.6697,,
52693,2012,69.024,,
52693,2013,79.4538,,
52693,2014,84.5866,,
52693,2015,81.0957,,
52694,2010,50.0397,,
52694,2011,58.2894,,
52694,2012,63.3125,,
52694,2013,66.3076,,
52694,2014,65.9949,,
52694,2015,71.6031,,
52696,2010,62.6036,,
52696,2011,64.666,,
52696,2012,54.6004,,
52696,2013,76.0908,,
52696,2014,52.8362,,
52696,2015,55.8969,,
52699,2010,41.8452,,
52699,2011,50.2037,,
52699,2012,60.531,,
52699,2013,67.3067,,
52699,2014,75.235,,
52699,2015,74.0305,,
52720,2010,41.4541,,
52720,2011,58.0865,,
52720,2012,61.5134,,
52720,2013,75.1946,,
52720,2014,61.6522,,
52720,2015,71.2365,,
52786,2010,60.7209,,
52786,2011,51.58,,
52786,2012,66.0593,,
52786,2013,78.9923,,
52786,2014,66.0947,,
52786,2015,72.5621,,
52788,2010,63.3377,,
52788,2011,63.4128,,
52788,2012,69.2441,,
52788,2013,64.7905,,
52788,2014,70.276,,
52788,2015,63.5413,,
52835,2010,38.7492,,
52835,2011,55.1889,,
52835,2012,53.7825,,
52835,2013,59.3144,,
52835,2014,37.9816,,
52835,2015,45.9563,,
52838,2010,64.6918,,
52838,2011,52.5115,,
52838,2012,63.3206,,
52838,2013,80.8274,,
52838,2014,64.9442,,
52838,2015,72.7807,,
52885,2010,46.0005,,
52885,2011,58.2834,,
52885,2012,68.2323,,
52885,2013,83.4636,,
52885,2014,79.2984,,
52885,2015,76.509,,
54001,2010,62.6598,,
54001,2011,56.939,,
54001,2012,72.4159,,
54001,2013,78.203,,
54001,2014,71.3021,,
54001,2015,72.3336,,
54003,2010,47.2706,,
54003,2011,42.6142,,
54003,2012,74.8754,,
54003,2013,73.7452,,
54003,2014,73.4575,,
54003,2015,61.046,,
54051,2010,44.2492,,
54051,2011,36.5858,,
54051,2012,60.222,,
54051,2013,74.4287,,
54051,2014,59.23,,
54051,2015,65.2147,,
54099,2010,41.246,,
54099,2011,34.025,,
54099,2012,63.6294,,
54099,2013,73.188,,
54099,2014,79.7469,,
54099,2015,62.7788,,
54109,2010,40.0058,,
54109,2011,28.9825,,
54109,2012,58.642,,
54109,2013,65.8449,,
54109,2014,57.7025,,
54109,2015,58.2354,,
54125,2010,50.8435,,
54125,2011,42.5785,,
54125,2012,82.881,,
54125,2013,71.8604,,
54125,2014,69.6277,,
54125,2015,75.563,,
54128,2010,56.4254,,
54128,2011,50.4654,,
54128,2012,70.8412,,
54128,2013,50.131,,
54128,2014,53.0935,,
54128,2015,56.5496,,
54172,2010,61.3863,,
54172,2011,53.7076,,
54172,2012,77.4682,,
54172,2013,53.5225,,
54172,2014,70.4761,,
54172,2015,66.5525,,
54174,2010,56.9986,,
54174,2011,60.3665,,
54174,2012,74.1181,,
54174,2013,66.4613,,
54174,2014,60.8308,,
54174,2015,66.6409,,
54206,2010,43.5659,,
54206,2011,37.2484,,
54206,2012,56.3459,,
54206,2013,60.1266,,
54206,2014,56.7214,,
54206,2015,57.2147,,
54223,2010,52.3096,,
54223,2011,32.6333,,
54223,2012,72.9286,,
54223,2013,75.2738,,
54223,2014,69.6428,,
54223,2015,70.05,,
54239,2010,58.3693,,
54239,2011,47.7968,,
54239,2012,67.944,,
54239,2013,74.2837,,
54239,2014,66.3664,,
54239,2015,67.7062,,
54245,2010,48.4133,,
54245,2011,50.9141,,
54245,2012,81.3799,,
54245,2013,75.3737,,
54245,2014,69.0277,,
54245,2015,68.0491,,
54250,2010,46.5204,,
54250,2011,48.623,,
54250,2012,63.8275,,
54250,2013,72.2325,,
54250,2014,74.1289,,
54250,2015,66.2454,,
54261,2010,65.027,,
54261,2011,56.7812,,
54261,2012,77.8713,,
54261,2013,82.1779,,
54261,2014,74.7277,,
54261,2015,74.7415,,
54313,2010,33.503,,
54313,2011,40.6697,,
54313,2012,64.815,,
54313,2013,69.9128,,
54313,2014,55.5405,,
54313,2015,68.7721,,
54344,2010,43.8467,,
54344,2011,35.2454,,
54344,2012,65.9009,,
54344,2013,59.0585,,
54344,2014,60.1675,,
54344,2015,72.324,,
54347,2010,64.1529,,
54347,2011,60.4249,,
54347,2012,71.4949,,
54347,2013,61.568,,
54347,2014,61.7937,,
54347,2015,61.4484,,
54377,2010,50.4773,,
54377,2011,42.7065,,
54377,2012,67.737,,
54377,2013,60.4212,,
54377,2014,51.5283,,
54377,2015,60.6855,,
54385,2010,52.3744,,
54385,2011,46.8456,,
54385,2012,77.4443,,
54385,2013,72.3851,,
54385,2014,52.7832,,
54385,2015,66.9428,,
54398,2010,37.1138,,
54398,2011,56.9413,,
54398,2012,74.7122,,
54398,2013,74.8399,,
54398,2014,79.1805,,
54398,2015,77.2191,,
54405,2010,72.6522,,
54405,2011,62.84,,
54405,2012,77.9624,,
54405,2013,81.3334,,
54405,2014,73.7914,,
54405,2015,70.594,,
54418,2010,50.907,,
54418,2011,34.9902,,
54418,2012,44.9689,,
54418,2013,48.2473,,
54418,2014,58.2034,,
54418,2015,65.2259,,
54480,2010,38.1929,,
54480,2011,61.667,,
54480,2012,79.1178,,
54480,2013,67.6744,,
54480,2014,55.1642,,
54480,2015,59.5124,,
54498,2010,57.738,,
54498,2011,49.0353,,
54498,2012,70.0236,,
54498,2013,64.2951,,
54498,2014,60.855,,
54498,2015,73.1779,,
54518,2010,49.0877,,
54518,2011,50.9597,,
54518,2012,68.4042,,
54518,2013,63.9684,,
54518,2014,60.0272,,
54518,2015,73.2258,,
54520,2010,49.8492,,
54520,2011,62.573,,
54520,2012,69.1509,,
54520,2013,68.814,,
54520,2014,66.065,,
54520,2015,68.5627,,
54553,2010,43.6994,,
54553,2011,43.4329,,
54553,2012,65.5789,,
54553,2013,61.3963,,
54553,2014,48.484,,
54553,2015,59.7386,,
54599,2010,50.0594,,
54599,2011,48.8709,,
54599,2012,75.7184,,
54599,2013,69.1784,,
54599,2014,62.96,,
54599,2015,59.5649,,
54660,2010,49.2933,,
54660,2011,40.7888,,
54660,2012,74.9147,,
54660,2013,65.9954,,
54660,2014,58.4371,,
54660,2015,75.2614,,
54670,2010,51.2403,,
54670,2011,42.2789,,
54670,2012,77.6273,,
54670,2013,65.2985,,
54670,2014,64.7262,,
54670,2015,66.9656,,
54673,2010,56.3387,,
54673,2011,44.0132,,
54673,2012,69.9856,,
54673,2013,67.6631,,
54673,2014,57.2739,,
54673,2015,70.2663,,
54680,2010,51.2293,,
54680,2011,42.597,,
54680,2012,59.6582,,
54680,2013,61.6818,,
54680,2014,46.2329,,
54680,2015,58.9781,,
54720,2010,55.4375,,
54720,2011,47.2646,,
54720,2012,68.1989,,
54720,2013,49.7583,,
54720,2014,58.9751,,
54720,2015,66.7192,,
54743,2010,48.4703,,
54743,2011,42.1614,,
54743,2012,71.0529,,
54743,2013,64.6722,,
54743,2014,50.9687,,
54743,2015,70.5523,,
54800,2010,74.9523,,
54800,2011,60.027,,
54800,2012,83.4867,,
54800,2013,80.6114,,
54800,2014,63.6599,,
54800,2015,72.6944,,
54810,2010,57.8534,,
54810,2011,51.8381,,
54810,2012,80.3322,,
54810,2013,70.4312,,
54810,2014,58.6634,,
54810,2015,64.2621,,
54820,2010,70.3501,,
54820,2011,36.5386,,
54820,2012,71.0935,,
54820,2013,67.4685,,
54820,2014,66.9698,,
54820,2015,60.4936,,
54871,2010,45.4967,,
54871,2011,39.8338,,
54871,2012,60.6413,,
54871,2013,60.0041,,
54871,2014,62.4565,,
54871,2015,69.5312,,
54874,2010,47.4435,,
54874,2011,66.4742,,
54874,2012,80.3854,,
54874,2013,76.2692,,
54874,2014,67.143,,
54874,2015,68.6119,,
63001,2010,65.0513,,
63001,2011,78.8218,,
63001,2012,77.7033,,
63001,2013,82.3426,,
63001,2014,72.8991,,
63001,2015,81.7744,,
63111,2010,50.3426,,
63111,2011,52.7932,,
63111,2012,68.1753,,
63111,2013,72.9948,,
63111,2014,68.413,,
63111,2015,73.5875,,
63130,2010,61.1658,,
63130,2011,65.7324,,
63130,2012,71.6562,,
63130,2013,75.4459,,
63130,2014,76.2365,,
63130,2015,71.8735,,
63190,2010,61.4943,,
63190,2011,62.9402,,
63190,2012,84.3536,,
63190,2013,76.4523,,
63190,2014,71.9064,,
63190,2015,74.7497,,
63212,2010,60.7056,,
63212,2011,45.8803,,
63212,2012,77.8168,,
63212,2013,84.6015,,
63212,2014,68.343,,
63212,2015,78.7319,,
63272,2010,73.2701,,
63272,2011,66.2183,,
63272,2012,86.3631,,
63272,2013,82.0772,,
63272,2014,82.9529,,
63272,2015,76.4376,,
63302,2010,65.6329,,
63302,2011,62.7505,,
63302,2012,82.9282,,
63302,2013,81.927,,
63302,2014,79.9899,,
63302,2015,80.8173,,
63401,2010,54.3777,,
63401,2011,50.2584,,
63401,2012,76.9843,,
63401,2013,75.8009,,
63401,2014,68.0604,,
63401,2015,76.9796,,
63470,2010,69.612,,
63470,2011,59.8872,,
63470,2012,80.8166,,
63470,2013,84.3444,,
63470,2014,86.1615,,
63470,2015,83.2485,,
63548,2010,47.5712,,
63548,2011,43.5021,,
63548,2012,73.0798,,
63548,2013,68.3417,,
63548,2014,77.9748,,
63548,2015,79.6973,,
63594,2010,48.6948,,
63594,2011,52.5697,,
63594,2012,69.9413,,
63594,2013,73.3822,,
63594,2014,69.9811,,
63594,2015,76.2888,,
63690,2010,62.9415,,
63690,2011,59.6804,,
63690,2012,71.7546,,
63690,2013,70.8225,,
63690,2014,75.0948,,
63690,2015,72.2469,,
66001,2010,66.7365,,
66001,2011,73.2838,,
66001,2012,81.4222,,
66001,2013,77.5696,,
66001,2014,74.4119,,
66001,2015,76.2651,,
66045,2010,56.6139,,
66045,2011,59.8734,,
66045,2012,70.704,,
66045,2013,65.7213,,
66045,2014,63.7277,,
66045,2015,69.983,,
66075,2010,67.0341,,
66075,2011,60.0289,,
66075,2012,80.1083,,
66075,2013,65.5561,,
66075,2014,73.2835,,
66075,2015,82.2525,,
66088,2010,53.6745,,
66088,2011,62.8752,,
66088,2012,74.2611,,
66088,2013,76.3782,,
66088,2014,65.3151,,
66088,2015,75.582,,
66170,2010,74.2383,,
66170,2011,67.2564,,
66170,2012,60.143,,
66170,2013,82.0594,,
66170,2014,71.8474,,
66170,2015,77.0051,,
66318,2010,63.6879,,
66318,2011,62.6015,,
66318,2012,78.8372,,
66318,2013,71.3242,,
66318,2014,74.6935,,
66318,2015,76.6701,,
66383,2010,52.6911,,
66383,2011,46.7543,,
66383,2012,79.6081,,
66383,2013,65.4697,,
66383,2014,62.6411,,
66383,2015,60.4747,,
66400,2010,61.0079,,
66400,2011,54.2729,,
66400,2012,83.3595,,
66400,2013,77.3551,,
66400,2014,75.9659,,
66400,2015,76.9637,,
66440,2010,60.9762,,
66440,2011,54.2156,,
66440,2012,72.0351,,
66440,2013,71.0944,,
66440,2014,65.7164,,
66440,2015,75.0221,,
66456,2010,50.301,,
66456,2011,51.7,,
66456,2012,77.482,,
66456,2013,76.3266,,
66456,2014,74.0886,,
66456,2015,79.0261,,
66572,2010,48.4519,,
66572,2011,43.1753,,
66572,2012,67.4564,,
66572,2013,67.2434,,
66572,2014,56.9559,,
66572,2015,61.6115,,
66594,2010,60.2239,,
66594,2011,66.3308,,
66594,2012,84.7183,,
66594,2013,83.435,,
66594,2014,80.2046,,
66594,2015,78.3261,,
66682,2010,52.5452,,
66682,2011,62.6854,,
66682,2012,85.2975,,
66682,2013,75.4876,,
66682,2014,65.8495,,
66682,2015,66.2031,,
66687,2010,63.3406,,
66687,2011,53.2628,,
66687,2012,74.1209,,
66687,2013,80.1201,,
66687,2014,85.5785,,
66687,2015,72.6616,,
68001,2010,58.944,,
68001,2011,73.6121,,
68001,2012,84.9101,,
68001,2013,79.3987,,
68001,2014,66.7865,,
68001,2015,71.8033,,
68013,2010,49.0873,,
68013,2011,70.3596,,
68013,2012,73.9587,,
68013,2013,80.2379,,
68013,2014,65.4377,,
68013,2015,64.7268,,
68020,2010,54.4354,,
68020,2011,50.1957,,
68020,2012,58.492,,
68020,2013,57.3012,,
68020,2014,66.85,,
68020,2015,57.0411,,
68051,2010,48.5979,,
68051,2011,46.6823,,
68051,2012,76.3354,,
68051,2013,73.5792,,
68051,2014,77.9724,,
68051,2015,68.3626,,
68077,2010,68.1028,,
68077,2011,37.7911,,
68077,2012,68.2066,,
68077,2013,74.3319,,
68077,2014,71.5716,,
68077,2015,68.2268,,
68079,2010,52.2598,,
68079,2011,46.6114,,
68079,2012,58.9886,,
68079,2013,81.1791,,
68079,2014,56.1158,,
68079,2015,66.4226,,
68081,2010,71.7199,,
68081,2011,57.6505,,
68081,2012,64.7394,,
68081,2013,76.805,,
68081,2014,76.3373,,
68081,2015,79.8711,,
68092,2010,49.2682,,
68092,2011,39.0846,,
68092,2012,63.9328,,
68092,2013,72.3353,,
68092,2014,73.8037,,
68092,2015,68.2939,,
68101,2010,60.1842,,
68101,2011,70.3825,,
68101,2012,59.4175,,
68101,2013,66.4952,,
68101,2014,76.7858,,
68101,2015,74.5958,,
68121,2010,59.7843,,
68121,2011,56.1549,,
68121,2012,75.6399,,
68121,2013,82.122,,
68121,2014,78.9356,,
68121,2015,74.918,,
68132,2010,63.823,,
68132,2011,55.5237,,
68132,2012,66.9007,,
68132,2013,74.4256,,
68132,2014,73.8575,,
68132,2015,69.3799,,
68147,2010,43.573,,
68147,2011,45.5358,,
68147,2012,73.2674,,
68147,2013,66.1476,,
68147,2014,51.1637,,
68147,2015,68.8804,,
68152,2010,38.413,,
68152,2011,44.1813,,
68152,2012,70.9477,,
68152,2013,67.9345,,
68152,2014,65.3456,,
68152,2015,60.8986,,
68160,2010,45.476,,
68160,2011,48.7546,,
68160,2012,64.2511,,
68160,2013,61.2695,,
68160,2014,40.7689,,
68160,2015,50.0793,,
68162,2010,39.8069,,
68162,2011,48.937,,
68162,2012,68.2021,,
68162,2013,71.1461,,
68162,2014,70.8171,,
68162,2015,73.4389,,
68167,2010,57.1899,,
68167,2011,67.0112,,
68167,2012,61.3755,,
68167,2013,67.3695,,
68167,2014,60.0874,,
68167,2015,65.984,,
68169,2010,41.8353,,
68169,2011,53.0173,,
68169,2012,63.1394,,
68169,2013,66.067,,
68169,2014,56.8237,,
68169,2015,72.2957,,
68176,2010,48.9459,,
68176,2011,63.8252,,
68176,2012,73.6219,,
68176,2013,64.683,,
68176,2014,65.5924,,
68176,2015,68.422,,
68179,2010,54.6844,,
68179,2011,40.9654,,
68179,2012,70.3979,,
68179,2013,77.1472,,
68179,2014,64.629,,
68179,2015,69.5856,,
68190,2010,62.8418,,
68190,2011,55.2609,,
68190,2012,66.0231,,
68190,2013,76.216,,
68190,2014,69.6729,,
68190,2015,57.8298,,
68207,2010,62.1216,,
68207,2011,48.2016,,
68207,2012,73.7022,,
68207,2013,74.4003,,
68207,2014,66.0769,,
68207,2015,66.2723,,
68209,2010,69.7568,,
68209,2011,61.8129,,
68209,2012,71.8939,,
68209,2013,76.9348,,
68209,2014,67.5985,,
68209,2015,62.3831,,
68211,2010,71.3726,,
68211,2011,74.5333,,
68211,2012,68.1073,,
68211,2013,72.098,,
68211,2014,66.5933,,
68211,2015,61.4507,,
68217,2010,43.2777,,
68217,2011,47.0588,,
68217,2012,68.0848,,
68217,2013,73.4749,,
68217,2014,60.5777,,
68217,2015,58.4884,,
68229,2010,60.681,,
68229,2011,58.8152,,
68229,2012,69.0482,,
68229,2013,79.4072,,
68229,2014,82.0411,,
68229,2015,75.0217,,
68235,2010,63.0188,,
68235,2011,43.7691,,
68235,2012,75.6174,,
68235,2013,77.4577,,
68235,2014,76.0369,,
68235,2015,69.9352,,
68245,2010,55.3589,,
68245,2011,62.3104,,
68245,2012,74.5552,,
68245,2013,77.3409,,
68245,2014,72.8449,,
68245,2015,74.0826,,
68250,2010,54.9747,,
68250,2011,44.2898,,
68250,2012,58.1655,,
68250,2013,54.3335,,
68250,2014,51.4238,,
68250,2015,59.897,,
68255,2010,39.7358,,
68255,2011,35.3404,,
68255,2012,65.4157,,
68255,2013,62.5832,,
68255,2014,46.7425,,
68255,2015,49.1156,,
68264,2010,54.4689,,
68264,2011,45.1146,,
68264,2012,70.0242,,
68264,2013,81.3721,,
68264,2014,77.0728,,
68264,2015,67.2665,,
68266,2010,47.0221,,
68266,2011,67.1072,,
68266,2012,74.3731,,
68266,2013,72.3649,,
68266,2014,66.548,,
68266,2015,64.6983,,
68271,2010,54.8504,,
68271,2011,49.7788,,
68271,2012,69.0492,,
68271,2013,67.1555,,
68271,2014,74.336,,
68271,2015,71.7526,,
68276,2010,61.5578,,
68276,2011,52.9724,,
68276,2012,72.8419,,
68276,2013,81.4726,,
68276,2014,73.176,,
68276,2015,77.4921,,
68296,2010,56.4517,,
68296,2011,51.9126,,
68296,2012,69.9011,,
68296,2013,71.4117,,
68296,2014,73.4438,,
68296,2015,71.9287,,
68298,2010,65.9132,,
68298,2011,40.2925,,
68298,2012,63.9792,,
68298,2013,78.7717,,
68298,2014,80.7356,,
68298,2015,71.4713,,
68307,2010,48.9223,,
68307,2011,42.6914,,
68307,2012,74.3957,,
68307,2013,84.2513,,
68307,2014,79.9564,,
68307,2015,70.5261,,
68318,2010,44.7189,,
68318,2011,31.6124,,
68318,2012,60.5329,,
68318,2013,74.0717,,
68318,2014,48.1528,,
68318,2015,55.4853,,
68320,2010,62.1674,,
68320,2011,57.6068,,
68320,2012,71.3129,,
68320,2013,77.3042,,
68320,2014,62.3596,,
68320,2015,72.1696,,
68322,2010,62.0358,,
68322,2011,54.4953,,
68322,2012,75.3118,,
68322,2013,81.7693,,
68322,2014,79.3436,,
68322,2015,68.6683,,
68324,2010,49.0064,,
68324,2011,41.3755,,
68324,2012,73.222,,
68324,2013,67.6638,,
68324,2014,54.0829,,
68324,2015,66.2035,,
68327,2010,60.5612,,
68327,2011,66.7046,,
68327,2012,66.8912,,
68327,2013,76.1321,,
68327,2014,76.4582,,
68327,2015,68.111,,
68344,2010,72.6546,,
68344,2011,47.5884,,
68344,2012,71.8429,,
68344,2013,72.3594,,
68344,2014,66.0905,,
68344,2015,62.6669,,
68368,2010,53.543,,
68368,2011,46.9655,,
68368,2012,54.5975,,
68368,2013,69.5974,,
68368,2014,66.1304,,
68368,2015,63.1068,,
68370,2010,50.2733,,
68370,2011,39.1369,,
68370,2012,68.9156,,
68370,2013,67.9875,,
68370,2014,69.1009,,
68370,2015,53.6476,,
68377,2010,44.2719,,
68377,2011,42.0398,,
68377,2012,68.5173,,
68377,2013,69.9788,,
68377,2014,65.4063,,
68377,2015,61.1836,,
68385,2010,39.8307,,
68385,2011,39.6494,,
68385,2012,62.8878,,
68385,2013,78.9462,,
68385,2014,66.2159,,
68385,2015,58.3717,,
68397,2010,35.6848,,
68397,2011,37.3768,,
68397,2012,45.0453,,
68397,2013,65.1138,,
68397,2014,65.9665,,
68397,2015,49.4358,,
68406,2010,70.6541,,
68406,2011,52.1287,,
68406,2012,71.8571,,
68406,2013,84.5003,,
68406,2014,75.7899,,
68406,2015,64.4326,,
68418,2010,38.8996,,
68418,2011,52.0284,,
68418,2012,59.5592,,
68418,2013,77.7107,,
68418,2014,67.0736,,
68418,2015,65.3074,,
68425,2010,37.2742,,
68425,2011,40.5968,,
68425,2012,68.2615,,
68425,2013,64.8818,,
68425,2014,64.9242,,
68425,2015,56.4129,,
68432,2010,70.7024,,
68432,2011,48.7674,,
68432,2012,74.4875,,
68432,2013,75.8338,,
68432,2014,65.3165,,
68432,2015,58.2436,,
68444,2010,53.4362,,
68444,2011,54.2171,,
68444,2012,74.6267,,
68444,2013,70.0066,,
68444,2014,54.3249,,
68444,2015,55.5627,,
68464,2010,46.8646,,
68464,2011,41.5758,,
68464,2012,66.7906,,
68464,2013,69.9029,,
68464,2014,62.491,,
68464,2015,67.7116,,
68468,2010,42.5417,,
68468,2011,32.7428,,
68468,2012,69.3311,,
68468,2013,77.3916,,
68468,2014,65.1864,,
68468,2015,65.3449,,
68498,2010,41.2513,,
68498,2011,53.1633,,
68498,2012,67.56,,
68498,2013,72.8966,,
68498,2014,73.3839,,
68498,2015,72.3925,,
68500,2010,69.9917,,
68500,2011,58.5906,,
68500,2012,76.7608,,
68500,2013,76.5905,,
68500,2014,67.8537,,
68500,2015,69.4305,,
68502,2010,47.8803,,
68502,2011,38.0456,,
68502,2012,66.8335,,
68502,2013,63.4544,,
68502,2014,65.6242,,
68502,2015,55.4619,,
68522,2010,64.8594,,
68522,2011,50.6255,,
68522,2012,63.3162,,
68522,2013,76.8632,,
68522,2014,68.6055,,
68522,2015,76.4459,,
68524,2010,52.6801,,
68524,2011,66.6785,,
68524,2012,74.389,,
68524,2013,72.6664,,
68524,2014,64.6634,,
68524,2015,71.1789,,
68533,2010,54.3848,,
68533,2011,59.1406,,
68533,2012,76.9442,,
68533,2013,81.6503,,
68533,2014,76.3369,,
68533,2015,67.6968,,
68547,2010,53.7353,,
68547,2011,54.9999,,
68547,2012,72.648,,
68547,2013,83.3956,,
68547,2014,82.9891,,
68547,2015,72.9954,,
68549,2010,64.1276,,
68549,2011,62.57,,
68549,2012,68.9641,,
68549,2013,79.0964,,
68549,2014,74.5967,,
68549,2015,67.1091,,
68572,2010,45.5821,,
68572,2011,71.032,,
68572,2012,57.9815,,
68572,2013,69.4722,,
68572,2014,66.5417,,
68572,2015,55.9399,,
68573,2010,32.2387,,
68573,2011,38.1447,,
68573,2012,62.5116,,
68573,2013,51.4362,,
68573,2014,50.5929,,
68573,2015,64.7865,,
68575,2010,50.5132,,
68575,2011,44.3175,,
68575,2012,57.5048,,
68575,2013,65.3696,,
68575,2014,41.0568,,
68575,2015,47.7557,,
68615,2010,53.9684,,
68615,2011,51.4112,,
68615,2012,65.8757,,
68615,2013,71.107,,
68615,2014,44.953,,
68615,2015,44.8567,,
68655,2010,48.2961,,
68655,2011,48.5508,,
68655,2012,64.7249,,
68655,2013,71.1788,,
68655,2014,62.6873,,
68655,2015,64.2278,,
68669,2010,48.0857,,
68669,2011,61.8993,,
68669,2012,67.5403,,
68669,2013,82.4567,,
68669,2014,65.2928,,
68669,2015,52.3256,,
68673,2010,63.8869,,
68673,2011,43.731,,
68673,2012,74.2907,,
68673,2013,74.7803,,
68673,2014,51.0832,,
68673,2015,51.9682,,
68679,2010,62.9787,,
68679,2011,62.9841,,
68679,2012,74.373,,
68679,2013,82.052,,
68679,2014,74.3893,,
68679,2015,80.6275,,
68682,2010,59.3653,,
68682,2011,53.0185,,
68682,2012,65.0802,,
68682,2013,58.8982,,
68682,2014,65.0804,,
68682,2015,64.2081,,
68684,2010,24.2236,,
68684,2011,40.2285,,
68684,2012,54.248,,
68684,2013,69.3613,,
68684,2014,61.8278,,
68684,2015,56.1552,,
68686,2010,55.9249,,
68686,2011,66.2286,,
68686,2012,71.6581,,
68686,2013,72.7225,,
68686,2014,57.0611,,
68686,2015,62.5872,,
68689,2010,65.9849,,
68689,2011,62.1082,,
68689,2012,63.2164,,
68689,2013,74.5501,,
68689,2014,61.6175,,
68689,2015,65.2795,,
68705,2010,44.199,,
68705,2011,52.547,,
68705,2012,74.5835,,
68705,2013,76.9073,,
68705,2014,68.4511,,
68705,2015,71.1171,,
68720,2010,52.1178,,
68720,2011,37.2936,,
68720,2012,55.8048,,
68720,2013,74.7283,,
68720,2014,70.567,,
68720,2015,71.831,,
68745,2010,58.2754,,
68745,2011,48.8523,,
68745,2012,77.4794,,
68745,2013,79.8621,,
68745,2014,71.8644,,
68745,2015,73.1357,,
68755,2010,74.9487,,
68755,2011,64.3247,,
68755,2012,74.336,,
68755,2013,80.1894,,
68755,2014,79.5669,,
68755,2015,75.6989,,
68770,2010,55.1395,,
68770,2011,64.2718,,
68770,2012,75.2572,,
68770,2013,83.5794,,
68770,2014,71.6931,,
68770,2015,68.5537,,
68773,2010,47.5781,,
68773,2011,36.5764,,
68773,2012,55.0102,,
68773,2013,67.159,,
68773,2014,52.9059,,
68773,2015,68.684,,
68780,2010,75.0894,,
68780,2011,57.2346,,
68780,2012,75.8203,,
68780,2013,72.4311,,
68780,2014,67.9116,,
68780,2015,58.7456,,
68820,2010,44.8802,,
68820,2011,64.1283,,
68820,2012,72.5725,,
68820,2013,74.0186,,
68820,2014,58.7461,,
68820,2015,61.5348,,
68855,2010,53.4634,,
68855,2011,54.1972,,
68855,2012,59.8635,,
68855,2013,75.4611,,
68855,2014,69.5837,,
68855,2015,75.9414,,
68861,2010,47.2216,,
68861,2011,54.0974,,
68861,2012,57.977,,
68861,2013,74.5556,,
68861,2014,70.1012,,
68861,2015,70.1893,,
68867,2010,66.3491,,
68867,2011,52.1619,,
68867,2012,74.194,,
68867,2013,74.916,,
68867,2014,57.4455,,
68867,2015,57.9516,,
68872,2010,58.0075,,
68872,2011,57.8915,,
68872,2012,66.9299,,
68872,2013,68.0045,,
68872,2014,74.0265,,
68872,2015,68.6499,,
68895,2010,48.7745,,
68895,2011,58.7341,,
68895,2012,73.4176,,
68895,2013,76.1776,,
68895,2014,65.4418,,
68895,2015,62.7723,,
70001,2010,46.0097,,
70001,2011,54.1565,,
70001,2012,76.7617,,
70001,2013,64.4522,,
70001,2014,69.5722,,
70001,2015,75.7836,,
70110,2010,36.8138,,
70110,2011,46.6477,,
70110,2012,71.6754,,
70110,2013,57.8793,,
70110,2014,73.6811,,
70110,2015,70.8999,,
70124,2010,54.0755,,
70124,2011,35.0926,,
70124,2012,58.5823,,
70124,2013,56.0392,,
70124,2014,67.3278,,
70124,2015,68.1199,,
70204,2010,46.4702,,
70204,2011,33.4399,,
70204,2012,64.8885,,
70204,2013,43.2716,,
70204,2014,51.4443,,
70204,2015,59.762,,
70215,2010,28.5403,,
70215,2011,40.037,,
70215,2012,57.4914,,
70215,2013,69.4884,,
70215,2014,42.7413,,
70215,2015,65.5902,,
70221,2010,53.173,,
70221,2011,40.6953,,
70221,2012,59.4736,,
70221,2013,66.3683,,
70221,2014,60.2547,,
70221,2015,67.8045,,
70230,2010,27.3313,,
70230,2011,31.4908,,
70230,2012,61.9052,,
70230,2013,63.4624,,
70230,2014,41.608,,
70230,2015,56.6441,,
70233,2010,35.2293,,
70233,2011,28.2574,,
70233,2012,54.2665,,
70233,2013,41.7275,,
70233,2014,50.1499,,
70233,2015,62.6317,,
70235,2010,50.8164,,
70235,2011,35.3625,,
70235,2012,70.2392,,
70235,2013,69.4348,,
70235,2014,38.3795,,
70235,2015,43.169,,
70265,2010,22.2262,,
70265,2011,28.6419,,
70265,2012,69.1313,,
70265,2013,71.3699,,
70265,2014,43.7271,,
70265,2015,51.3222,,
70400,2010,53.9633,,
70400,2011,35.4909,,
70400,2012,65.066,,
70400,2013,61.562,,
70400,2014,55.4399,,
70400,2015,62.694,,
70418,2010,35.2595,,
70418,2011,35.1498,,
70418,2012,45.6064,,
70418,2013,80.5216,,
70418,2014,46.6124,,
70418,2015,53.9967,,
70429,2010,36.007,,
70429,2011,30.1781,,
70429,2012,59.4281,,
70429,2013,47.4277,,
70429,2014,50.1855,,
70429,2015,49.8198,,
70473,2010,28.4024,,
70473,2011,30.42,,
70473,2012,58.2818,,
70473,2013,52.6716,,
70473,2014,54.3978,,
70473,2015,65.8533,,
70508,2010,53.9823,,
70508,2011,57.0624,,
70508,2012,73.3771,,
70508,2013,72.4117,,
70508,2014,55.6408,,
70508,2015,58.9504,,
70523,2010,49.8457,,
70523,2011,46.1222,,
70523,2012,62.1092,,
70523,2013,64.1684,,
70523,2014,65.6426,,
70523,2015,67.5746,,
70670,2010,62.867,,
70670,2011,55.0136,,
70670,2012,67.6621,,
70670,2013,59.3013,,
70670,2014,65.2801,,
70670,2015,71.8306,,
70678,2010,45.2666,,
70678,2011,38.1222,,
70678,2012,66.5993,,
70678,2013,70.7871,,
70678,2014,52.6785,,
70678,2015,57.3842,,
70702,2010,37.1545,,
70702,2011,40.0311,,
70702,2012,66.0455,,
70702,2013,47.0981,,
70702,2014,54.7708,,
70702,2015,62.9744,,
70708,2010,38.6112,,
70708,2011,43.0023,,
70708,2012,56.0892,,
70708,2013,61.6673,,
70708,2014,65.2876,,
70708,2015,65.7797,,
70713,2010,48.178,,
70713,2011,34.3221,,
70713,2012,60.9866,,
70713,2013,56.1607,,
70713,2014,41.1139,,
70713,2015,49.2067,,
70717,2010,35.7744,,
70717,2011,40.4061,,
70717,2012,48.4376,,
70717,2013,65.2086,,
70717,2014,35.2995,,
70717,2015,59.954,,
70742,2010,44.9831,,
70742,2011,45.9799,,
70742,2012,71.141,,
70742,2013,51.0292,,
70742,2014,39.3748,,
70742,2015,46.8361,,
70771,2010,35.3922,,
70771,2011,36.0842,,
70771,2012,56.5771,,
70771,2013,61.0881,,
70771,2014,44.308,,
70771,2015,52.1356,,
70820,2010,30.256,,
70820,2011,41.3071,,
70820,2012,70.9331,,
70820,2013,72.1691,,
70820,2014,63.518,,
70820,2015,66.2178,,
70823,2010,43.6618,,
70823,2011,42.8925,,
70823,2012,57.725,,
70823,2013,49.8954,,
70823,2014,51.2092,,
70823,2015,67.8275,,
73001,2010,58.8,,
73001,2011,63.347,,
73001,2012,70.3168,,
73001,2013,82.9342,,
73001,2014,73.189,,
73001,2015,80.3214,,
73024,2010,46.7813,,
73024,2011,66.6937,,
73024,2012,81.0056,,
73024,2013,83.7932,,
73024,2014,66.6453,,
73024,2015,73.4958,,
73026,2010,52.9512,,
73026,2011,52.6549,,
73026,2012,66.7819,,
73026,2013,55.384,,
73026,2014,51.8124,,
73026,2015,56.573,,
73030,2010,34.6372,,
73030,2011,37.7689,,
73030,2012,73.7298,,
73030,2013,66.0146,,
73030,2014,56.9259,,
73030,2015,55.2596,,
73043,2010,41.5504,,
73043,2011,45.2141,,
73043,2012,71.8716,,
73043,2013,65.9929,,
73043,2014,66.8943,,
73043,2015,68.741,,
73055,2010,66.6656,,
73055,2011,53.9663,,
73055,2012,70.9127,,
73055,2013,68.9135,,
73055,2014,67.9085,,
73055,2015,74.9984,,
73067,2010,52.2246,,
73067,2011,50.9685,,
73067,2012,58.1879,,
73067,2013,45.9217,,
73067,2014,60.2269,,
73067,2015,64.9564,,
73124,2010,52.0329,,
73124,2011,40.775,,
73124,2012,69.1679,,
73124,2013,60.6643,,
73124,2014,67.2085,,
73124,2015,54.8974,,
73148,2010,69.9333,,
73148,2011,62.6985,,
73148,2012,72.8118,,
73148,2013,57.2718,,
73148,2014,61.8278,,
73148,2015,62.8663,,
73152,2010,47.7554,,
73152,2011,49.079,,
73152,2012,67.2774,,
73152,2013,79.3939,,
73152,2014,69.4148,,
73152,2015,77.9461,,
73168,2010,44.2263,,
73168,2011,51.2722,,
73168,2012,69.8132,,
73168,2013,71.5549,,
73168,2014,62.064,,
73168,2015,82.8223,,
73200,2010,60.9386,,
73200,2011,58.3051,,
73200,2012,72.2615,,
73200,2013,80.9668,,
73200,2014,70.2417,,
73200,2015,74.6124,,
73217,2010,56.1323,,
73217,2011,48.3799,,
73217,2012,67.3987,,
73217,2013,55.8004,,
73217,2014,62.6474,,
73217,2015,54.0854,,
73226,2010,33.2597,,
73226,2011,32.0468,,
73226,2012,58.7745,,
73226,2013,66.903,,
73226,2014,69.1591,,
73226,2015,67.0706,,
73236,2010,48.4139,,
73236,2011,54.0372,,
73236,2012,68.8814,,
73236,2013,68.1978,,
73236,2014,65.7369,,
73236,2015,69.5252,,
73268,2010,63.1474,,
73268,2011,43.8314,,
73268,2012,61.0018,,
73268,2013,67.4913,,
73268,2014,52.5114,,
73268,2015,69.3004,,
73270,2010,62.7548,,
73270,2011,58.5964,,
73270,2012,72.786,,
73270,2013,77.1171,,
73270,2014,72.6181,,
73270,2015,69.9211,,
73275,2010,56.9262,,
73275,2011,56.7713,,
73275,2012,63.7407,,
73275,2013,63.0076,,
73275,2014,66.0372,,
73275,2015,60.6156,,
73283,2010,71.3859,,
73283,2011,62.7318,,
73283,2012,78.3852,,
73283,2013,61.3142,,
73283,2014,72.7429,,
73283,2015,78.5922,,
73319,2010,53.5826,,
73319,2011,49.2472,,
73319,2012,56.293,,
73319,2013,67.6457,,
73319,2014,60.1565,,
73319,2015,67.0123,,
73347,2010,46.973,,
73347,2011,58.7199,,
73347,2012,67.8341,,
73347,2013,78.642,,
73347,2014,64.2138,,
73347,2015,73.7163,,
73349,2010,47.7303,,
73349,2011,51.4014,,
73349,2012,68.5333,,
73349,2013,77.0895,,
73349,2014,68.5093,,
73349,2015,65.4753,,
73352,2010,44.3019,,
73352,2011,45.8382,,
73352,2012,66.9121,,
73352,2013,80.9481,,
73352,2014,65.4595,,
73352,2015,65.1443,,
73408,2010,56.595,,
73408,2011,51.9773,,
73408,2012,71.4029,,
73408,2013,68.1932,,
73408,2014,55.3524,,
73408,2015,68.1409,,
73411,2010,57.5752,,
73411,2011,43.5062,,
73411,2012,68.0961,,
73411,2013,53.5498,,
73411,2014,65.8417,,
73411,2015,59.4202,,
73443,2010,77.9016,,
73443,2011,71.5222,,
73443,2012,72.8021,,
73443,2013,77.172,,
73443,2014,75.5714,,
73443,2015,64.0842,,
73449,2010,56.5446,,
73449,2011,52.0317,,
73449,2012,79.56,,
73449,2013,81.7206,,
73449,2014,77.8342,,
73449,2015,82.0495,,
73461,2010,50.0798,,
73461,2011,39.0182,,
73461,2012,74.3542,,
73461,2013,69.7568,,
73461,2014,63.0093,,
73461,2015,55.2235,,
73483,2010,62.3947,,
73483,2011,49.7358,,
73483,2012,65.6674,,
73483,2013,65.3473,,
73483,2014,50.4079,,
73483,2015,53.4848,,
73504,2010,56.4504,,
73504,2011,48.985,,
73504,2012,79.5843,,
73504,2013,76.6255,,
73504,2014,69.6448,,
73504,2015,69.7862,,
73520,2010,50.7456,,
73520,2011,48.7318,,
73520,2012,68.4278,,
73520,2013,56.8283,,
73520,2014,59.4762,,
73520,2015,60.7334,,
73547,2010,55.6086,,
73547,2011,62.5071,,
73547,2012,67.8982,,
73547,2013,71.6366,,
73547,2014,60.6146,,
73547,2015,65.393,,
73555,2010,46.3167,,
73555,2011,44.035,,
73555,2012,63.2382,,
73555,2013,63.9189,,
73555,2014,50.9973,,
73555,2015,54.8475,,
73563,2010,45.0306,,
73563,2011,47.7264,,
73563,2012,73.777,,
73563,2013,71.154,,
73563,2014,60.1326,,
73563,2015,56.1058,,
73585,2010,50.8034,,
73585,2011,54.8757,,
73585,2012,75.0149,,
73585,2013,85.4584,,
73585,2014,79.0158,,
73585,2015,74.0833,,
73616,2010,57.9738,,
73616,2011,68.0536,,
73616,2012,71.3212,,
73616,2013,72.2303,,
73616,2014,76.6006,,
73616,2015,79.8801,,
73622,2010,51.7892,,
73622,2011,33.3329,,
73622,2012,75.4364,,
73622,2013,64.5289,,
73622,2014,64.3656,,
73622,2015,68.9069,,
73624,2010,55.8766,,
73624,2011,38.5959,,
73624,2012,65.5587,,
73624,2013,52.1196,,
73624,2014,58.904,,
73624,2015,58.4047,,
73671,2010,52.5363,,
73671,2011,47.4086,,
73671,2012,66.3656,,
73671,2013,69.3906,,
73671,2014,48.424,,
73671,2015,56.4289,,
73675,2010,46.6264,,
73675,2011,48.2131,,
73675,2012,76.0026,,
73675,2013,77.7202,,
73675,2014,74.2029,,
73675,2015,70.4816,,
73678,2010,55.4158,,
73678,2011,55.4995,,
73678,2012,72.5223,,
73678,2013,78.7227,,
73678,2014,62.6617,,
73678,2015,70.3164,,
73686,2010,35.7383,,
73686,2011,50.377,,
73686,2012,67.6127,,
73686,2013,67.0381,,
73686,2014,47.0475,,
73686,2015,62.5439,,
73770,2010,42.1371,,
73770,2011,39.1789,,
73770,2012,62.5581,,
73770,2013,67.8625,,
73770,2014,47.1763,,
73770,2015,61.0716,,
73854,2010,49.0379,,
73854,2011,47.3082,,
73854,2012,60.1001,,
73854,2013,66.9963,,
73854,2014,52.0745,,
73854,2015,52.9219,,
73861,2010,40.9156,,
73861,2011,46.3127,,
73861,2012,72.5867,,
73861,2013,64.4657,,
73861,2014,70.7092,,
73861,2015,65.1096,,
73870,2010,50.4364,,
73870,2011,59.2443,,
73870,2012,72.576,,
73870,2013,71.1906,,
73870,2014,72.4831,,
73870,2015,71.7719,,
73873,2010,46.9189,,
73873,2011,47.8465,,
73873,2012,63.2212,,
73873,2013,63.6217,,
73873,2014,64.6024,,
73873,2015,57.5611,,
76001,2010,53.8943,,
76001,2011,68.8612,,
76001,2012,79.0211,,
76001,2013,82.6179,,
76001,2014,64.5358,,
76001,2015,78.2685,,
76020,2010,62.6564,,
76020,2011,63.7734,,
76020,2012,80.6971,,
76020,2013,73.137,,
76020,2014,71.5455,,
76020,2015,69.3397,,
76036,2010,58.9675,,
76036,2011,56.6903,,
76036,2012,68.8937,,
76036,2013,56.0942,,
76036,2014,74.6304,,
76036,2015,61.7413,,
76041,2010,72.6111,,
76041,2011,71.8161,,
76041,2012,87.0326,,
76041,2013,77.7245,,
76041,2014,66.2648,,
76041,2015,74.4576,,
76054,2010,45.9427,,
76054,2011,40.3159,,
76054,2012,76.2361,,
76054,2013,62.9122,,
76054,2014,74.802,,
76054,2015,65.6755,,
76100,2010,51.415,,
76100,2011,46.082,,
76100,2012,71.8381,,
76100,2013,77.5078,,
76100,2014,60.2726,,
76100,2015,75.4758,,
76109,2010,62.2516,,
76109,2011,49.1349,,
76109,2012,57.6002,,
76109,2013,51.6918,,
76109,2014,46.2138,,
76109,2015,53.4282,,
76111,2010,52.7436,,
76111,2011,61.7575,,
76111,2012,78.5227,,
76111,2013,71.2505,,
76111,2014,68.8358,,
76111,2015,67.5972,,
76113,2010,64.6762,,
76113,2011,57.9044,,
76113,2012,67.4173,,
76113,2013,59.6711,,
76113,2014,64.8638,,
76113,2015,60.9532,,
76122,2010,69.7092,,
76122,2011,73.574,,
76122,2012,83.6148,,
76122,2013,74.1272,,
76122,2014,78.9085,,
76122,2015,73.4493,,
76126,2010,34.1753,,
76126,2011,35.1755,,
76126,2012,63.5666,,
76126,2013,59.282,,
76126,2014,45.1366,,
76126,2015,53.9691,,
76130,2010,68.9495,,
76130,2011,72.591,,
76130,2012,77.9116,,
76130,2013,75.1125,,
76130,2014,60.94,,
76130,2015,70.2297,,
76147,2010,78.8745,,
76147,2011,66.988,,
76147,2012,79.0088,,
76147,2013,77.7578,,
76147,2014,76.9377,,
76147,2015,72.3794,,
76233,2010,64.8716,,
76233,2011,56.9136,,
76233,2012,73.12,,
76233,2013,58.7969,,
76233,2014,61.5155,,
76233,2015,71.3309,,
76243,2010,60.6603,,
76243,2011,57.9919,,
76243,2012,72.3774,,
76243,2013,80.5835,,
76243,2014,72.6863,,
76243,2015,68.5637,,
76246,2010,63.0145,,
76246,2011,44.3003,,
76246,2012,69.1481,,
76246,2013,68.2061,,
76246,2014,74.8053,,
76246,2015,66.8657,,
76248,2010,54.5508,,
76248,2011,61.9051,,
76248,2012,83.4474,,
76248,2013,77.5366,,
76248,2014,66.2009,,
76248,2015,70.5211,,
76250,2010,60.9224,,
76250,2011,59.3993,,
76250,2012,80.457,,
76250,2013,66.0447,,
76250,2014,74.6706,,
76250,2015,73.1688,,
76275,2010,58.259,,
76275,2011,54.4498,,
76275,2012,61.9432,,
76275,2013,64.7287,,
76275,2014,61.0977,,
76275,2015,59.572,,
76306,2010,58.4303,,
76306,2011,41.8534,,
76306,2012,71.7482,,
76306,2013,70.7933,,
76306,2014,62.3243,,
76306,2015,61.9312,,
76318,2010,51.5376,,
76318,2011,44.1891,,
76318,2012,71.9785,,
76318,2013,71.7394,,
76318,2014,63.0437,,
76318,2015,71.2455,,
76364,2010,67.0036,,
76364,2011,58.2402,,
76364,2012,79.8107,,
76364,2013,71.0229,,
76364,2014,69.403,,
76364,2015,76.1464,,
76377,2010,55.3797,,
76377,2011,46.8305,,
76377,2012,68.3627,,
76377,2013,52.1901,,
76377,2014,47.7239,,
76377,2015,63.5017,,
76400,2010,71.8522,,
76400,2011,59.7622,,
76400,2012,63.6868,,
76400,2013,51.6524,,
76400,2014,66.782,,
76400,2015,66.3321,,
76403,2010,60.3828,,
76403,2011,57.0888,,
76403,2012,81.4658,,
76403,2013,73.4869,,
76403,2014,79.1716,,
76403,2015,75.6576,,
76497,2010,67.284,,
76497,2011,67.3374,,
76497,2012,71.7479,,
76497,2013,75.3896,,
76497,2014,80.1595,,
76497,2015,71.5227,,
76520,2010,74.1049,,
76520,2011,69.1319,,
76520,2012,74.4173,,
76520,2013,82.7198,,
76520,2014,78.1543,,
76520,2015,83.0823,,
76563,2010,63.3488,,
76563,2011,51.7533,,
76563,2012,72.6012,,
76563,2013,68.6387,,
76563,2014,73.0466,,
76563,2015,66.5827,,
76606,2010,52.0259,,
76606,2011,69.0896,,
76606,2012,68.1646,,
76606,2013,61.8699,,
76606,2014,53.1393,,
76606,2015,67.4853,,
76616,2010,72.7173,,
76616,2011,66.2064,,
76616,2012,80.7906,,
76616,2013,76.2179,,
76616,2014,79.197,,
76616,2015,67.5668,,
76622,2010,52.4989,,
76622,2011,53.8328,,
76622,2012,71.0345,,
76622,2013,64.0011,,
76622,2014,65.9043,,
76622,2015,69.4002,,
76670,2010,65.1541,,
76670,2011,49.1225,,
76670,2012,77.2385,,
76670,2013,62.2336,,
76670,2014,69.9702,,
76670,2015,72.7064,,
76736,2010,54.8665,,
76736,2011,51.9969,,
76736,2012,74.5208,,
76736,2013,71.5378,,
76736,2014,72.9875,,
76736,2015,64.095,,
76823,2010,68.3593,,
76823,2011,52.5442,,
76823,2012,72.8918,,
76823,2013,76.3542,,
76823,2014,72.9016,,
76823,2015,70.8259,,
76828,2010,48.6042,,
76828,2011,42.0122,,
76828,2012,61.973,,
76828,2013,48.7193,,
76828,2014,57.9224,,
76828,2015,69.4974,,
76834,2010,65.2847,,
76834,2011,69.1229,,
76834,2012,77.4638,,
76834,2013,79.9982,,
76834,2014,80.5977,,
76834,2015,80.9114,,
76845,2010,64.9568,,
76845,2011,72.915,,
76845,2012,82.2033,,
76845,2013,66.6918,,
76845,2014,53.3565,,
76845,2015,69.5331,,
76863,2010,38.7866,,
76863,2011,58.162,,
76863,2012,68.7347,,
76863,2013,78.4898,,
76863,2014,51.9168,,
76863,2015,75.5143,,
76869,2010,54.6781,,
76869,2011,56.9413,,
76869,2012,81.3216,,
76869,2013,66.3683,,
76869,2014,68.8765,,
76869,2015,64.9737,,
76890,2010,52.3483,,
76890,2011,44.0166,,
76890,2012,85.6396,,
76890,2013,74.7428,,
76890,2014,55.8013,,
76890,2015,73.8366,,
76892,2010,66.6236,,
76892,2011,72.117,,
76892,2012,80.988,,
76892,2013,73.1031,,
76892,2014,79.0295,,
76892,2015,86.0262,,
76895,2010,59.9064,,
76895,2011,76.8458,,
76895,2012,85.9914,,
76895,2013,81.0771,,
76895,2014,78.1891,,
76895,2015,71.4971,,
81001,2010,74.277,,
81001,2011,60.8108,,
81001,2012,77.9987,,
81001,2013,75.368,,
81001,2014,72.9759,,
81001,2015,75.69,,
81065,2010,68.3587,,
81065,2011,73.1144,,
81065,2012,63.8424,,
81065,2013,57.0816,,
81065,2014,57.9425,,
81065,2015,61.4745,,
81220,2010,58.5682,,
81220,2011,53.3837,,
81220,2012,74.245,,
81220,2013,63.0802,,
81220,2014,59.1962,,
81220,2015,69.3786,,
81300,2010,60.4744,,
81300,2011,61.1506,,
81300,2012,74.298,,
81300,2013,74.4317,,
81300,2014,74.2663,,
81300,2015,74.3635,,
81591,2010,62.6285,,
81591,2011,49.8423,,
81591,2012,75.4151,,
81591,2013,67.3104,,
81591,2014,70.1133,,
81591,2015,64.5259,,
81736,2010,60.4814,,
81736,2011,62.7752,,
81736,2012,73.8075,,
81736,2013,64.3565,,
81736,2014,69.7847,,
81736,2015,68.7445,,
81794,2010,48.4882,,
81794,2011,74.7128,,
81794,2012,74.4255,,
81794,2013,63.1423,,
81794,2014,63.9773,,
81794,2015,64.9698,,
85001,2010,81.395,,
85001,2011,78.0348,,
85001,2012,62.2093,,
85001,2013,83.7168,,
85001,2014,76.2164,,
85001,2015,81.6552,,
85010,2010,71.4049,,
85010,2011,66.9125,,
85010,2012,65.5063,,
85010,2013,61.3468,,
85010,2014,87.8706,,
85010,2015,80.4715,,
85015,2010,51.2385,,
85015,2011,47.1525,,
85015,2012,39.2571,,
85015,2013,62.0632,,
85015,2014,63.3336,,
85015,2015,75.8208,,
85125,2010,55.4217,,
85125,2011,53.8025,,
85125,2012,49.7362,,
85125,2013,77.4761,,
85125,2014,74.7189,,
85125,2015,78.0686,,
85136,2010,50.9437,,
85136,2011,28.824,,
85136,2012,43.1618,,
85136,2013,74.2815,,
85136,2014,71.845,,
85136,2015,71.8042,,
85139,2010,65.7054,,
85139,2011,66.2044,,
85139,2012,53.1753,,
85139,2013,77.1654,,
85139,2014,75.9913,,
85139,2015,78.8008,,
85162,2010,82.0936,,
85162,2011,59.2541,,
85162,2012,69.2752,,
85162,2013,73.3644,,
85162,2014,69.2991,,
85162,2015,67.905,,
85225,2010,66.2771,,
85225,2011,58.965,,
85225,2012,48.0588,,
85225,2013,72.3191,,
85225,2014,68.7958,,
85225,2015,73.7792,,
85230,2010,66.7793,,
85230,2011,60.3554,,
85230,2012,52.0912,,
85230,2013,73.3075,,
85230,2014,74.5806,,
85230,2015,76.3241,,
85250,2010,68.5207,,
85250,2011,80.6852,,
85250,2012,58.0783,,
85250,2013,85.1137,,
85250,2014,80.1367,,
85250,2015,81.1998,,
85263,2010,67.6581,,
85263,2011,75.2626,,
85263,2012,56.9519,,
85263,2013,81.3695,,
85263,2014,74.9309,,
85263,2015,72.278,,
85279,2010,46.5975,,
85279,2011,32.3225,,
85279,2012,45.3625,,
85279,2013,72.126,,
85279,2014,69.1627,,
85279,2015,73.8326,,
85300,2010,44.8115,,
85300,2011,53.1612,,
85300,2012,61.57,,
85300,2013,88.1405,,
85300,2014,66.6286,,
85300,2015,73.3038,,
85315,2010,41.7916,,
85315,2011,47.7473,,
85315,2012,48.6669,,
85315,2013,69.0216,,
85315,2014,70.0018,,
85315,2015,71.9477,,
85325,2010,53.9802,,
85325,2011,57.6146,,
85325,2012,58.561,,
85325,2013,76.2673,,
85325,2014,71.2072,,
85325,2015,74.5421,,
85400,2010,61.1817,,
85400,2011,56.8682,,
85400,2012,60.1192,,
85400,2013,63.6239,,
85400,2014,63.2724,,
85400,2015,64.8733,,
85410,2010,71.8,,
85410,2011,69.9457,,
85410,2012,65.1257,,
85410,2013,78.974,,
85410,2014,73.8733,,
85410,2015,79.7471,,
85430,2010,66.8038,,
85430,2011,56.8504,,
85430,2012,51.2261,,
85430,2013,68.0968,,
85430,2014,61.145,,
85430,2015,60.678,,
85440,2010,79.6521,,
85440,2011,73.7438,,
85440,2012,57.811,,
85440,2013,82.9276,,
85440,2014,64.1624,,
85440,2015,74.5201,,
86001,2010,37.259,,
86001,2011,33.3018,,
86001,2012,67.5166,,
86001,2013,76.7404,,
86001,2014,69.4307,,
86001,2015,67.6395,,
86219,2010,56.8375,,
86219,2011,61.4762,,
86219,2012,74.6698,,
86219,2013,63.9531,,
86219,2014,62.3341,,
86219,2015,59.3833,,
86320,2010,51.9385,,
86320,2011,48.1467,,
86320,2012,65.8346,,
86320,2013,55.7655,,
86320,2014,46.3734,,
86320,2015,54.5374,,
86568,2010,54.9808,,
86568,2011,51.5205,,
86568,2012,70.0285,,
86568,2013,57.3737,,
86568,2014,54.3235,,
86568,2015,51.8286,,
86569,2010,42.8641,,
86569,2011,38.6002,,
86569,2012,59.2995,,
86569,2013,61.7715,,
86569,2014,49.656,,
86569,2015,53.0529,,
86571,2010,53.2259,,
86571,2011,48.4644,,
86571,2012,60.2427,,
86571,2013,58.8188,,
86571,2014,50.5558,,
86571,2015,46.7839,,
86573,2010,28.8147,,
86573,2011,41.475,,
86573,2012,63.9719,,
86573,2013,72.4114,,
86573,2014,73.1964,,
86573,2015,66.9631,,
86749,2010,44.0186,,
86749,2011,37.6775,,
86749,2012,53.9036,,
86749,2013,64.4142,,
86749,2014,51.3315,,
86749,2015,64.5647,,
86755,2010,27.4565,,
86755,2011,37.6661,,
86755,2012,70.071,,
86755,2013,66.6919,,
86755,2014,52.8128,,
86755,2015,59.0981,,
86757,2010,32.0606,,
86757,2011,48.4563,,
86757,2012,52.1133,,
86757,2013,48.5806,,
86757,2014,49.127,,
86757,2015,61.1965,,
86760,2010,38.9168,,
86760,2011,48.6314,,
86760,2012,82.1444,,
86760,2013,73.9228,,
86760,2014,67.0013,,
86760,2015,64.7938,,
86865,2010,35.4612,,
86865,2011,36.9341,,
86865,2012,68.8904,,
86865,2013,61.5787,,
86865,2014,54.934,,
86865,2015,65.9545,,
86885,2010,54.7242,,
86885,2011,48.9362,,
86885,2012,62.5041,,
86885,2013,50.2509,,
86885,2014,63.5617,,
86885,2015,67.5817,,
88564,2010,49.4832,,
88564,2011,54.402,,
88564,2012,59.1202,,
88564,2013,70.3015,,
88564,2014,64.0197,,
88564,2015,64.7086,,
91001,2010,62.0758,,
91001,2011,65.4571,,
91001,2012,66.1324,,
91001,2013,58.3251,,
91001,2014,64.0548,,
91001,2015,54.6153,,
91540,2010,38.994,,
91540,2011,60.1907,,
91540,2012,72.5447,,
91540,2013,43.0698,,
91540,2014,60.6427,,
91540,2015,59.7025,,
94001,2010,50.0388,,
94001,2011,39.3179,,
94001,2012,49.5317,,
94001,2013,82.8967,,
94001,2014,75.8216,,
94001,2015,75.4059,,
95001,2010,61.5425,,
95001,2011,71.3485,,
95001,2012,81.4797,,
95001,2013,83.823,,
95001,2014,79.0312,,
95001,2015,68.0325,,
95015,2010,57.7934,,
95015,2011,49.1052,,
95015,2012,71.2941,,
95015,2013,81.0817,,
95015,2014,65.3111,,
95015,2015,64.6438,,
95025,2010,66.412,,
95025,2011,54.0881,,
95025,2012,69.1775,,
95025,2013,77.7615,,
95025,2014,70.4914,,
95025,2015,68.7882,,
95200,2010,49.1938,,
95200,2011,45.2869,,
95200,2012,77.5633,,
95200,2013,75.8028,,
95200,2014,67.8848,,
95200,2015,60.5425,,
97001,2010,26.5315,,
97001,2011,52.6545,,
97001,2012,72.8145,,
97001,2013,77.6718,,
97001,2014,76.694,,
97001,2015,66.5389,,
97161,2010,45.2178,,
97161,2011,60.8548,,
97161,2012,74.7585,,
97161,2013,70.8649,,
97161,2014,76.4437,,
97161,2015,71.0037,,
97666,2010,36.956,,
97666,2011,37.5135,,
97666,2012,70.0836,,
97666,2013,61.3266,,
97666,2014,69.9567,,
97666,2015,70.5849,,
99001,2010,55.6245,,
99001,2011,35.2195,,
99001,2012,57.5897,,
99001,2013,77.547,,
99001,2014,70.0154,,
99001,2015,70.1926,,
99524,2010,56.993,,
99524,2011,38.5523,,
99524,2012,45.5853,,
99524,2013,65.143,,
99524,2014,69.333,,
99524,2015,66.1269,,
99624,2010,22.4649,,
99624,2011,29.5176,,
99624,2012,58.7963,,
99624,2013,66.1559,,
99624,2014,56.7364,,
99624,2015,49.7729,,
99773,2010,22.4766,,
99773,2011,22.8854,,
99773,2012,42.3361,,
99773,2013,53.9069,,
99773,2014,60.2147,,
99773,2015,68.3089,,
