cod_divipola,anio,valor,numerador,denominador
05001,1998,6.5709,12139,1847391
05001,1999,6.8541,12871,1877865
05001,2000,6.4821,12367,1907859
05001,2001,6.5074,12604,1936860
05001,2002,6.5786,12927,1965015
05001,2003,6.0578,12071,1992640
05001,2004,5.6992,11512,2019930
05001,2005,5.4918,11238,2046341
05001,2006,5.6996,11822,2074195
05001,2007,5.6029,11776,2101771
05001,2008,5.7901,12329,2129336
05001,2009,6.0345,13017,2157094
05001,2010,5.9921,13096,2185539
05001,2011,5.6344,12472,2213549
05001,2012,5.443,12196,2240690
05001,2013,5.3411,12108,2266969
05001,2014,5.4473,12494,2293601
05001,2015,5.5873,12967,2320791
05002,1998,5.7527,142,24684
05002,1999,6.0931,149,24454
05002,2000,6.7311,163,24216
05002,2001,7.5486,181,23978
05002,2002,4.7194,112,23732
05002,2003,5.6247,132,23468
05002,2004,5.5104,128,23229
05002,2005,5.6665,130,22942
05002,2006,5.1971,118,22705
05002,2007,4.6239,104,22492
05002,2008,4.9017,109,22237
05002,2009,4.6763,103,22026
05002,2010,5.774,126,21822
05002,2011,5.8745,127,21619
05002,2012,4.96,106,21371
05002,2013,5.0553,107,21166
05002,2014,6.8284,143,20942
05002,2015,5.2611,109,20718
05004,1998,6.4841,18,2776
05004,1999,6.2112,17,2737
05004,2000,6.5265,18,2758
05004,2001,5.5046,15,2725
05004,2002,2.9283,8,2732
05004,2003,7.6923,21,2730
05004,2004,4.7584,13,2732
05004,2005,3.6778,10,2719
05004,2006,1.5083,4,2652
05004,2007,3.775,10,2649
05004,2008,3.3886,9,2656
05004,2009,2.6286,7,2663
05004,2010,5.2731,14,2655
05004,2011,10.479,28,2672
05004,2012,8.2459,22,2668
05004,2013,2.6003,7,2692
05004,2014,7.1402,19,2661
05004,2015,2.2814,6,2630
05021,1998,5.8164,28,4814
05021,1999,5.1728,25,4833
05021,2000,11.0578,53,4793
05021,2001,11.7032,56,4785
05021,2002,5.461,26,4761
05021,2003,5.8997,28,4746
05021,2004,6.0988,29,4755
05021,2005,5.5038,26,4724
05021,2006,4.4444,21,4725
05021,2007,4.0451,19,4697
05021,2008,4.0607,19,4679
05021,2009,2.9825,14,4694
05021,2010,2.9921,14,4679
05021,2011,5.5579,26,4678
05021,2012,5.1624,24,4649
05021,2013,4.4949,21,4672
05021,2014,5.5627,26,4674
05021,2015,4.9145,23,4680
05030,1998,6.3427,163,25699
05030,1999,5.282,137,25937
05030,2000,5.4634,143,26174
05030,2001,6.3385,167,26347
05030,2002,4.9298,131,26573
05030,2003,5.0873,136,26733
05030,2004,5.2712,142,26939
05030,2005,5.0146,136,27121
05030,2006,5.7492,157,27308
05030,2007,5.3853,148,27482
05030,2008,5.7349,159,27725
05030,2009,5.8023,162,27920
05030,2010,8.6734,244,28132
05030,2011,6.172,175,28354
05030,2012,5.6878,162,28482
05030,2013,5.8721,169,28780
05030,2014,5.7463,166,28888
05030,2015,5.5258,161,29136
05031,1998,7.0886,152,21443
05031,1999,6.2687,136,21695
05031,2000,5.6608,124,21905
05031,2001,5.9209,131,22125
05031,2002,4.4341,99,22327
05031,2003,6.172,139,22521
05031,2004,5.501,125,22723
05031,2005,5.0146,115,22933
05031,2006,4.539,105,23133
05031,2007,5.1865,121,23330
05031,2008,5.0988,120,23535
05031,2009,4.6694,111,23772
05031,2010,5.7117,137,23986
05031,2011,4.2226,102,24156
05031,2012,4.3975,107,24332
05031,2013,4.2366,104,24548
05031,2014,3.8783,96,24753
05031,2015,5.2102,130,24951
05034,1998,6.3523,264,41560
05034,1999,5.4042,225,41634
05034,2000,6.4221,268,41731
05034,2001,5.6008,234,41780
05034,2002,5.5962,234,41814
05034,2003,6.1204,256,41827
05034,2004,4.9879,209,41901
05034,2005,5.564,233,41876
05034,2006,5.3921,226,41913
05034,2007,5.9354,249,41952
05034,2008,5.2663,221,41965
05034,2009,5.0863,214,42074
05034,2010,5.0057,211,42152
05034,2011,4.5527,192,42173
05034,2012,4.8749,206,42257
05034,2013,5.2502,222,42284
05034,2014,5.0244,213,42393
05034,2015,5.2229,222,42505
05036,1998,6.1585,37,6008
05036,1999,6.2248,37,5944
05036,2000,8.8733,53,5973
05036,2001,6.2479,37,5922
05036,2002,6.4157,38,5923
05036,2003,4.2351,25,5903
05036,2004,4.7668,28,5874
05036,2005,7.6726,45,5865
05036,2006,5.6237,33,5868
05036,2007,6.0014,35,5832
05036,2008,4.1287,24,5813
05036,2009,5.5239,32,5793
05036,2010,5.0043,29,5795
05036,2011,7.2401,42,5801
05036,2012,6.9156,40,5784
05036,2013,6.4091,37,5773
05036,2014,6.7416,39,5785
05036,2015,5.0035,29,5796
05038,1998,4.7873,61,12742
05038,1999,4.4304,56,12640
05038,2000,4.847,61,12585
05038,2001,6.7125,84,12514
05038,2002,6.2002,77,12419
05038,2003,6.9788,86,12323
05038,2004,4.7247,58,12276
05038,2005,4.2647,52,12193
05038,2006,6.6931,81,12102
05038,2007,4.402,53,12040
05038,2008,5.0969,61,11968
05038,2009,5.2888,63,11912
05038,2010,3.1216,37,11853
05038,2011,5.2596,62,11788
05038,2012,4.4467,52,11694
05038,2013,4.3736,51,11661
05038,2014,4.7471,55,11586
05038,2015,4.3335,50,11538
05040,1998,6.8474,100,14604
05040,1999,5.7394,85,14810
05040,2000,6.4649,97,15004
05040,2001,4.8748,74,15180
05040,2002,5.207,80,15364
05040,2003,4.4456,69,15521
05040,2004,5.4226,85,15675
05040,2005,4.4786,71,15853
05040,2006,5.2349,84,16046
05040,2007,4.9465,80,16173
05040,2008,3.6621,60,16384
05040,2009,3.741,62,16573
05040,2010,3.8845,65,16733
05040,2011,4.3766,74,16908
05040,2012,4.9789,85,17072
05040,2013,3.3596,58,17264
05040,2014,3.2791,57,17383
05040,2015,3.479,61,17534
05042,1998,5.844,130,22245
05042,1999,6.464,145,22432
05042,2000,6.503,147,22605
05042,2001,6.8496,156,22775
05042,2002,5.6182,129,22961
05042,2003,5.7096,132,23119
05042,2004,4.5931,107,23296
05042,2005,5.201,122,23457
05042,2006,4.5656,108,23655
05042,2007,5.4638,130,23793
05042,2008,5.0023,120,23989
05042,2009,6.6162,160,24183
05042,2010,6.1933,151,24381
05042,2011,4.078,100,24522
05042,2012,4.6562,115,24698
05042,2013,4.7833,119,24878
05042,2014,4.4267,111,25075
05042,2015,5.5441,140,25252
05044,1998,5.3066,36,6784
05044,1999,5.5882,38,6800
05044,2000,5.7378,39,6797
05044,2001,3.8162,26,6813
05044,2002,3.6668,25,6818
05044,2003,2.4978,17,6806
05044,2004,5.438,37,6804
05044,2005,5.2709,36,6830
05044,2006,4.5508,31,6812
05044,2007,4.6784,32,6840
05044,2008,3.496,24,6865
05044,2009,3.8017,26,6839
05044,2010,2.936,20,6812
05044,2011,4.0846,28,6855
05044,2012,5.5233,38,6880
05044,2013,2.611,18,6894
05044,2014,4.4895,31,6905
05044,2015,6.0206,42,6976
05045,1998,6.0835,463,76108
05045,1999,6.5947,517,78396
05045,2000,7.2249,583,80693
05045,2001,5.5688,462,82962
05045,2002,4.4738,381,85163
05045,2003,3.8465,336,87353
05045,2004,4.6804,419,89523
05045,2005,4.1014,376,91677
05045,2006,4.0703,382,93851
05045,2007,4.4171,424,95990
05045,2008,4.4128,433,98124
05045,2009,4.0984,411,100282
05045,2010,4.2062,431,102469
05045,2011,3.9445,413,104703
05045,2012,3.819,408,106833
05045,2013,3.333,363,108910
05045,2014,3.5197,391,111088
05045,2015,4.0179,455,113243
05051,1998,1.9001,56,29472
05051,1999,2.0023,59,29466
05051,2000,3.2259,95,29449
05051,2001,3.4676,102,29415
05051,2002,2.7931,82,29358
05051,2003,2.4178,71,29365
05051,2004,2.7311,80,29292
05051,2005,2.7028,79,29229
05051,2006,2.8778,84,29189
05051,2007,3.5018,102,29128
05051,2008,2.6832,78,29070
05051,2009,4.196,122,29075
05051,2010,3.2012,93,29052
05051,2011,3.338,97,29059
05051,2012,3.7523,109,29049
05051,2013,3.4198,99,28949
05051,2014,4.7384,137,28913
05051,2015,2.559,74,28917
05055,1998,4.7632,51,10707
05055,1999,7.3696,78,10584
05055,2000,7.5896,79,10409
05055,2001,7.3192,75,10247
05055,2002,8.43,85,10083
05055,2003,5.243,52,9918
05055,2004,7.7933,76,9752
05055,2005,4.38,42,9589
05055,2006,2.9718,28,9422
05055,2007,5.399,50,9261
05055,2008,5.4867,50,9113
05055,2009,4.2501,38,8941
05055,2010,3.9823,35,8789
05055,2011,3.1171,27,8662
05055,2012,3.6453,31,8504
05055,2013,4.5433,38,8364
05055,2014,4.1272,34,8238
05055,2015,3.9516,32,8098
05059,1998,6.4319,42,6530
05059,1999,3.714,24,6462
05059,2000,5.0039,32,6395
05059,2001,5.6962,36,6320
05059,2002,4.162,26,6247
05059,2003,4.8559,30,6178
05059,2004,3.9513,24,6074
05059,2005,5.0302,30,5964
05059,2006,5.752,34,5911
05059,2007,2.5575,15,5865
05059,2008,3.6484,21,5756
05059,2009,5.2622,30,5701
05059,2010,5.4848,31,5652
05059,2011,5.1823,29,5596
05059,2012,4.9064,27,5503
05059,2013,2.9299,16,5461
05059,2014,5.3833,29,5387
05059,2015,5.1117,27,5282
05079,1998,6.0835,240,39451
05079,1999,5.4365,218,40099
05079,2000,5.7495,234,40699
05079,2001,6.5121,269,41308
05079,2002,6.1824,259,41893
05079,2003,5.4871,233,42463
05079,2004,4.5778,197,43034
05079,2005,5.0454,220,43604
05079,2006,4.7139,208,44125
05079,2007,4.4722,200,44721
05079,2008,5.2769,239,45292
05079,2009,4.9227,226,45910
05079,2010,4.9668,231,46509
05079,2011,5.116,241,47107
05079,2012,4.8573,232,47763
05079,2013,5.0131,242,48274
05079,2014,4.6451,227,48869
05079,2015,4.561,226,49550
05086,1998,5.4663,32,5854
05086,1999,3.5733,21,5877
05086,2000,5.2928,31,5857
05086,2001,4.2452,25,5889
05086,2002,5.0753,30,5911
05086,2003,3.7168,22,5919
05086,2004,4.8748,29,5949
05086,2005,5.41,32,5915
05086,2006,6.2553,37,5915
05086,2007,4.415,26,5889
05086,2008,4.4376,26,5859
05086,2009,3.5885,21,5852
05086,2010,3.0769,18,5850
05086,2011,3.5617,21,5896
05086,2012,4.4038,26,5904
05086,2013,4.0719,24,5894
05086,2014,4.2194,25,5925
05086,2015,3.3636,20,5946
05088,1998,4.5845,1534,334603
05088,1999,4.4963,1548,344281
05088,2000,4.4054,1559,353884
05088,2001,4.5364,1648,363286
05088,2002,4.523,1685,372537
05088,2003,4.0424,1543,381700
05088,2004,3.9255,1534,390777
05088,2005,3.872,1548,399798
05088,2006,4.0544,1658,408940
05088,2007,3.828,1600,417978
05088,2008,3.8006,1623,427040
05088,2009,3.7626,1641,436136
05088,2010,3.9205,1746,445349
05088,2011,3.5117,1596,454478
05088,2012,3.7006,1715,463443
05088,2013,3.3907,1601,472177
05088,2014,3.507,1687,481036
05088,2015,3.6448,1786,490014
05091,1998,6.0143,74,12304
05091,1999,3.7665,46,12213
05091,2000,3.9699,48,12091
05091,2001,3.1751,38,11968
05091,2002,3.2057,38,11854
05091,2003,3.9122,46,11758
05091,2004,3.6967,43,11632
05091,2005,3.7346,43,11514
05091,2006,3.6009,41,11386
05091,2007,4.5073,51,11315
05091,2008,4.1904,47,11216
05091,2009,4.4112,49,11108
05091,2010,4.7303,52,10993
05091,2011,4.3111,47,10902
05091,2012,3.5136,38,10815
05091,2013,3.5478,38,10711
05091,2014,3.8563,41,10632
05091,2015,5.119,54,10549
05093,1998,5.6937,90,15807
05093,1999,7.7254,122,15792
05093,2000,8.1785,129,15773
05093,2001,7.6869,121,15741
05093,2002,4.5163,71,15721
05093,2003,5.4805,86,15692
05093,2004,3.7664,59,15665
05093,2005,5.5666,87,15629
05093,2006,4.7363,74,15624
05093,2007,5.2615,82,15585
05093,2008,5.0761,79,15563
05093,2009,5.0145,78,15555
05093,2010,4.4327,69,15566
05093,2011,5.2171,81,15526
05093,2012,4.777,74,15491
05093,2013,5.8506,91,15554
05093,2014,4.2738,66,15443
05093,2015,5.2505,81,15427
05101,1998,7.7802,220,28277
05101,1999,7.1378,201,28160
05101,2000,7.3881,207,28018
05101,2001,7.4876,209,27913
05101,2002,6.3811,177,27738
05101,2003,6.1849,171,27648
05101,2004,5.0233,138,27472
05101,2005,5.5584,152,27346
05101,2006,5.8531,159,27165
05101,2007,5.6908,154,27061
05101,2008,5.7934,156,26927
05101,2009,6.001,161,26829
05101,2010,6.6986,179,26722
05101,2011,5.4606,145,26554
05101,2012,6.0936,161,26421
05101,2013,5.628,148,26297
05101,2014,5.7285,150,26185
05101,2015,6.5585,171,26073
05107,1998,4.6809,41,8759
05107,1999,6.7329,59,8763
05107,2000,5.2795,46,8713
05107,2001,5.4273,47,8660
05107,2002,6.8445,59,8620
05107,2003,3.2672,28,8570
05107,2004,4.9111,42,8552
05107,2005,3.3038,28,8475
05107,2006,6.6611,56,8407
05107,2007,5.2512,44,8379
05107,2008,4.4428,37,8328
05107,2009,4.596,38,8268
05107,2010,4.845,40,8256
05107,2011,5.2362,43,8212
05107,2012,3.6617,30,8193
05107,2013,4.4031,36,8176
05107,2014,3.1961,26,8135
05107,2015,5.1929,42,8088
05113,1998,4.0877,33,8073
05113,1999,2.9455,24,8148
05113,2000,3.6603,30,8196
05113,2001,7.5977,63,8292
05113,2002,2.9926,25,8354
05113,2003,3.3381,28,8388
05113,2004,3.443,29,8423
05113,2005,2.5956,22,8476
05113,2006,4.9175,42,8541
05113,2007,3.9484,34,8611
05113,2008,2.8805,25,8679
05113,2009,2.5369,22,8672
05113,2010,3.3082,29,8766
05113,2011,2.2699,20,8811
05113,2012,5.2839,47,8895
05113,2013,4.1332,37,8952
05113,2014,3.6529,33,9034
05113,2015,3.296,30,9102
05120,1998,4.5987,106,23050
05120,1999,5.0525,118,23355
05120,2000,4.3539,103,23657
05120,2001,5.1389,123,23935
05120,2002,4.3367,105,24212
05120,2003,3.8009,93,24468
05120,2004,5.1721,128,24748
05120,2005,3.9202,98,24999
05120,2006,4.9456,125,25275
05120,2007,4.4667,114,25522
05120,2008,4.8828,126,25805
05120,2009,6.4031,167,26081
05120,2010,5.6139,148,26363
05120,2011,4.9104,131,26678
05120,2012,5.5283,149,26952
05120,2013,4.8174,131,27193
05120,2014,4.654,128,27503
05120,2015,4.8542,135,27811
05125,1998,4.6205,35,7575
05125,1999,5.3954,41,7599
05125,2000,6.6719,51,7644
05125,2001,6.3785,49,7682
05125,2002,5.0505,39,7722
05125,2003,5.1746,40,7730
05125,2004,4.9007,38,7754
05125,2005,7.4762,58,7758
05125,2006,4.2384,33,7786
05125,2007,3.9662,31,7816
05125,2008,4.7002,37,7872
05125,2009,4.0547,32,7892
05125,2010,3.9166,31,7915
05125,2011,4.1478,33,7956
05125,2012,3.1273,25,7994
05125,2013,2.9825,24,8047
05125,2014,4.321,35,8100
05125,2015,4.1626,34,8168
05129,1998,5.9759,344,57565
05129,1999,6.4402,378,58694
05129,2000,6.0022,359,59811
05129,2001,5.2873,322,60901
05129,2002,5.3896,334,61971
05129,2003,6.3456,400,63036
05129,2004,6.5537,420,64086
05129,2005,5.4843,357,65095
05129,2006,5.3486,354,66186
05129,2007,5.2203,351,67238
05129,2008,5.8868,402,68288
05129,2009,5.2654,365,69321
05129,2010,5.5955,394,70414
05129,2011,5.3725,384,71475
05129,2012,4.8409,351,72507
05129,2013,4.7336,348,73517
05129,2014,5.4744,408,74529
05129,2015,5.0382,381,75622
05134,1998,5.6868,58,10199
05134,1999,4.6214,47,10170
05134,2000,6.5698,66,10046
05134,2001,6.407,64,9989
05134,2002,5.9464,59,9922
05134,2003,3.5414,35,9883
05134,2004,3.8661,38,9829
05134,2005,4.2017,41,9758
05134,2006,5.1499,50,9709
05134,2007,5.8001,56,9655
05134,2008,4.9984,48,9603
05134,2009,4.9163,47,9560
05134,2010,4.2234,40,9471
05134,2011,3.7088,35,9437
05134,2012,3.6178,34,9398
05134,2013,3.5219,33,9370
05134,2014,4.0768,38,9321
05134,2015,4.9606,46,9273
05138,1998,5.4157,100,18465
05138,1999,4.6433,85,18306
05138,2000,6.7336,122,18118
05138,2001,4.3974,79,17965
05138,2002,4.2099,75,17815
05138,2003,5.3846,95,17643
05138,2004,5.2716,92,17452
05138,2005,5.0266,87,17308
05138,2006,4.3648,75,17183
05138,2007,4.6531,79,16978
05138,2008,4.2302,71,16784
05138,2009,4.0245,67,16648
05138,2010,5.266,87,16521
05138,2011,2.9944,49,16364
05138,2012,4.1962,68,16205
05138,2013,3.423,55,16068
05138,2014,4.5886,73,15909
05138,2015,4.8908,77,15744
05142,1998,8.2959,48,5786
05142,1999,6.135,35,5705
05142,2000,6.7364,38,5641
05142,2001,5.0098,28,5589
05142,2002,6.3475,35,5514
05142,2003,5.6881,31,5450
05142,2004,5.3833,29,5387
05142,2005,6.574,35,5324
05142,2006,6.1104,32,5237
05142,2007,6.5498,34,5191
05142,2008,5.0801,26,5118
05142,2009,5.5205,28,5072
05142,2010,4.7856,24,5015
05142,2011,5.0659,25,4935
05142,2012,6.5293,32,4901
05142,2013,6.5952,32,4852
05142,2014,4.1876,20,4776
05142,2015,7.1384,34,4763
05145,1998,6.9465,47,6766
05145,1999,6.1331,41,6685
05145,2000,7.8955,52,6586
05145,2001,9.2336,60,6498
05145,2002,7.0666,45,6368
05145,2003,5.2792,33,6251
05145,2004,6.7037,41,6116
05145,2005,7.2848,44,6040
05145,2006,5.0822,30,5903
05145,2007,5.184,30,5787
05145,2008,7.5624,43,5686
05145,2009,5.3638,30,5593
05145,2010,6.9091,38,5500
05145,2011,5.1756,28,5410
05145,2012,5.279,28,5304
05145,2013,3.4556,18,5209
05145,2014,5.6563,29,5127
05145,2015,4.7885,24,5012
05147,1998,4.4042,120,27247
05147,1999,5.5838,158,28296
05147,2000,5.2447,154,29363
05147,2001,4.4408,135,30400
05147,2002,4.4245,139,31416
05147,2003,4.1953,136,32417
05147,2004,4.6389,155,33413
05147,2005,4.9653,171,34439
05147,2006,3.7257,132,35430
05147,2007,3.6239,132,36425
05147,2008,4.1669,156,37438
05147,2009,4.1374,159,38430
05147,2010,3.424,135,39427
05147,2011,3.6321,147,40473
05147,2012,4.029,167,41450
05147,2013,3.3694,143,42441
05147,2014,3.3665,146,43369
05147,2015,3.4907,155,44404
05148,1998,4.1587,177,42561
05148,1999,4.2822,186,43436
05148,2000,4.7675,211,44258
05148,2001,6.5417,295,45095
05148,2002,4.3802,201,45888
05148,2003,3.7693,176,46693
05148,2004,4.2536,202,47489
05148,2005,3.6688,177,48245
05148,2006,3.0792,151,49038
05148,2007,3.151,157,49825
05148,2008,3.517,178,50612
05148,2009,3.4235,176,51409
05148,2010,3.5622,186,52215
05148,2011,2.6572,141,53063
05148,2012,2.7832,150,53894
05148,2013,3.2567,178,54657
05148,2014,3.4617,192,55464
05148,2015,3.3188,187,56346
05150,1998,6.7131,26,3873
05150,1999,10.8527,42,3870
05150,2000,9.7286,38,3906
05150,2001,7.7459,30,3873
05150,2002,8.8496,34,3842
05150,2003,8.8473,34,3843
05150,2004,9.1193,35,3838
05150,2005,7.0039,27,3855
05150,2006,8.6957,34,3910
05150,2007,5.9156,23,3888
05150,2008,9.5312,37,3882
05150,2009,6.6804,26,3892
05150,2010,6.9444,27,3888
05150,2011,7.4264,29,3905
05150,2012,8.1925,32,3906
05150,2013,5.6208,22,3914
05150,2014,8.3969,33,3930
05150,2015,7.1211,28,3932
05154,1998,5.4718,330,60309
05154,1999,4.7382,293,61838
05154,2000,5.0811,322,63372
05154,2001,4.4564,289,64851
05154,2002,4.2368,281,66324
05154,2003,4.2939,291,67770
05154,2004,4.9994,346,69208
05154,2005,4.8138,340,70630
05154,2006,4.9956,360,72063
05154,2007,5.033,370,73515
05154,2008,6.0332,452,74919
05154,2009,5.933,453,76352
05154,2010,5.0112,390,77825
05154,2011,4.2637,338,79274
05154,2012,3.7909,306,80719
05154,2013,4.4956,369,82081
05154,2014,4.6483,388,83472
05154,2015,4.7335,402,84926
05172,1998,6.8299,253,37043
05172,1999,5.7201,218,38111
05172,2000,6.9482,272,39147
05172,2001,6.0745,244,40168
05172,2002,5.4424,224,41158
05172,2003,4.9359,208,42140
05172,2004,5.0072,216,43138
05172,2005,5.2577,232,44126
05172,2006,4.8331,218,45106
05172,2007,4.9064,226,46062
05172,2008,5.2287,246,47048
05172,2009,4.4776,215,48017
05172,2010,5.3455,262,49013
05172,2011,4.8024,240,49975
05172,2012,4.1414,211,50949
05172,2013,4.0436,210,51934
05172,2014,4.3308,229,52877
05172,2015,4.3442,234,53865
05190,1998,8.8851,84,9454
05190,1999,8.6398,82,9491
05190,2000,9.0374,86,9516
05190,2001,8.1993,78,9513
05190,2002,7.346,70,9529
05190,2003,9.3448,89,9524
05190,2004,7.1451,68,9517
05190,2005,7.0393,67,9518
05190,2006,7.9656,76,9541
05190,2007,5.9698,57,9548
05190,2008,6.4691,62,9584
05190,2009,8.9667,86,9591
05190,2010,8.653,83,9592
05190,2011,7.6787,74,9637
05190,2012,5.2746,51,9669
05190,2013,6.515,63,9670
05190,2014,8.5257,82,9618
05190,2015,9.5963,92,9587
05197,1998,5.0968,109,21386
05197,1999,5.2669,111,21075
05197,2000,6.122,127,20745
05197,2001,6.5107,133,20428
05197,2002,9.057,182,20095
05197,2003,6.3272,125,19756
05197,2004,5.8675,114,19429
05197,2005,4.504,86,19094
05197,2006,3.9418,74,18773
05197,2007,4.4977,83,18454
05197,2008,5.4563,99,18144
05197,2009,3.9754,71,17860
05197,2010,4.4348,78,17588
05197,2011,4.2824,74,17280
05197,2012,4.2966,73,16990
05197,2013,5.5021,92,16721
05197,2014,5.2939,87,16434
05197,2015,3.9019,63,16146
05206,1998,4.7765,28,5862
05206,1999,7.7546,45,5803
05206,2000,6.7814,39,5751
05206,2001,7.5478,43,5697
05206,2002,4.0896,23,5624
05206,2003,6.1228,34,5553
05206,2004,4.0066,22,5491
05206,2005,3.8546,21,5448
05206,2006,4.287,23,5365
05206,2007,5.079,27,5316
05206,2008,3.8102,20,5249
05206,2009,6.1397,32,5212
05206,2010,3.6736,19,5172
05206,2011,6.638,34,5122
05206,2012,4.3367,22,5073
05206,2013,3.6116,18,4984
05206,2014,4.6757,23,4919
05206,2015,4.9211,24,4877
05209,1998,6.08,133,21875
05209,1999,5.4485,119,21841
05209,2000,4.4504,97,21796
05209,2001,5.2411,114,21751
05209,2002,4.4207,96,21716
05209,2003,4.1074,89,21668
05209,2004,5.3689,116,21606
05209,2005,4.5482,98,21547
05209,2006,4.9717,107,21522
05209,2007,5.1189,110,21489
05209,2008,4.8956,105,21448
05209,2009,4.9565,106,21386
05209,2010,4.8174,103,21381
05209,2011,4.9261,105,21315
05209,2012,3.9511,84,21260
05209,2013,4.1843,89,21270
05209,2014,4.3901,93,21184
05209,2015,5.2534,111,21129
05212,1998,4.9176,275,55922
05212,1999,5.2067,297,57042
05212,2000,5.418,315,58140
05212,2001,5.0314,298,59228
05212,2002,5.3912,325,60283
05212,2003,4.7941,294,61326
05212,2004,4.7779,298,62370
05212,2005,4.4179,280,63378
05212,2006,4.8261,311,64441
05212,2007,4.9781,326,65487
05212,2008,4.5099,300,66521
05212,2009,4.396,297,67562
05212,2010,4.851,333,68646
05212,2011,4.461,311,69716
05212,2012,4.1135,291,70742
05212,2013,4.2496,305,71772
05212,2014,4.423,322,72801
05212,2015,4.4582,329,73796
05234,1998,6.727,148,22001
05234,1999,7.7038,170,22067
05234,2000,5.3348,118,22119
05234,2001,4.6033,102,22158
05234,2002,4.9626,110,22166
05234,2003,4.9968,111,22214
05234,2004,4.9861,111,22262
05234,2005,5.6127,125,22271
05234,2006,4.4397,99,22299
05234,2007,4.698,105,22350
05234,2008,3.8498,86,22339
05234,2009,3.8408,86,22391
05234,2010,4.6356,104,22435
05234,2011,4.0455,91,22494
05234,2012,3.6845,83,22527
05234,2013,2.7061,61,22542
05234,2014,3.6774,83,22570
05234,2015,3.8508,87,22593
05237,1998,4.9911,73,14626
05237,1999,6.4738,96,14829
05237,2000,5.2419,79,15071
05237,2001,5.6345,86,15263
05237,2002,4.5249,70,15470
05237,2003,4.8531,76,15660
05237,2004,4.4758,71,15863
05237,2005,3.9223,63,16062
05237,2006,4.5527,74,16254
05237,2007,5.5903,92,16457
05237,2008,5.3354,89,16681
05237,2009,4.859,82,16876
05237,2010,3.8056,65,17080
05237,2011,5.8409,101,17292
05237,2012,4.1192,72,17479
05237,2013,3.908,69,17656
05237,2014,5.0793,91,17916
05237,2015,3.539,64,18084
05240,1998,5.2442,77,14683
05240,1999,5.7967,84,14491
05240,2000,5.5594,80,14390
05240,2001,5.616,80,14245
05240,2002,5.741,81,14109
05240,2003,5.7323,80,13956
05240,2004,6.0324,83,13759
05240,2005,4.8359,66,13648
05240,2006,5.9951,81,13511
05240,2007,4.5573,61,13385
05240,2008,6.0418,80,13241
05240,2009,4.2702,56,13114
05240,2010,5.3888,70,12990
05240,2011,5.6831,73,12845
05240,2012,5.8194,74,12716
05240,2013,4.5177,57,12617
05240,2014,5.6978,71,12461
05240,2015,5.4436,67,12308
05250,1998,4.411,144,32646
05250,1999,5.5919,188,33620
05250,2000,4.6518,161,34610
05250,2001,4.8635,173,35571
05250,2002,4.4073,161,36530
05250,2003,5.1812,194,37443
05250,2004,5.0038,192,38371
05250,2005,4.176,164,39272
05250,2006,4.7224,190,40234
05250,2007,3.8385,158,41162
05250,2008,4.8976,206,42061
05250,2009,5.2828,227,42970
05250,2010,3.9633,174,43903
05250,2011,3.9215,176,44881
05250,2012,4.7398,217,45783
05250,2013,4.4346,207,46678
05250,2014,4.6256,220,47561
05250,2015,4.2068,204,48493
05264,1998,4.743,37,7801
05264,1999,4.2644,34,7973
05264,2000,4.6631,38,8149
05264,2001,4.9214,41,8331
05264,2002,3.2964,28,8494
05264,2003,4.277,37,8651
05264,2004,4.9864,44,8824
05264,2005,4.1189,37,8983
05264,2006,3.1697,29,9149
05264,2007,3.7659,35,9294
05264,2008,2.6531,25,9423
05264,2009,4.1662,40,9601
05264,2010,2.6604,26,9773
05264,2011,5.0546,50,9892
05264,2012,4.0614,41,10095
05264,2013,2.4329,25,10276
05264,2014,4.1089,43,10465
05264,2015,3.8701,41,10594
05266,1998,5.3473,780,145868
05266,1999,4.936,741,150121
05266,2000,4.8921,755,154330
05266,2001,4.5503,721,158450
05266,2002,4.4791,728,162531
05266,2003,4.636,772,166523
05266,2004,5.0143,855,170513
05266,2005,4.7392,827,174501
05266,2006,4.7602,850,178564
05266,2007,4.6105,842,182627
05266,2008,4.919,918,186625
05266,2009,4.7676,909,190662
05266,2010,4.9452,963,194733
05266,2011,4.6938,933,198772
05266,2012,4.5721,927,202750
05266,2013,4.7228,976,206658
05266,2014,4.3259,911,210592
05266,2015,4.9641,1065,214539
05282,1998,5.9001,145,24576
05282,1999,4.8792,120,24594
05282,2000,4.7722,117,24517
05282,2001,5.0662,124,24476
05282,2002,5.9336,145,24437
05282,2003,5.7342,140,24415
05282,2004,5.2534,128,24365
05282,2005,5.5135,134,24304
05282,2006,4.2814,104,24291
05282,2007,5.363,130,24240
05282,2008,5.3339,129,24185
05282,2009,5.5043,133,24163
05282,2010,4.6363,112,24157
05282,2011,4.9196,119,24189
05282,2012,4.136,100,24178
05282,2013,5.0873,123,24178
05282,2014,4.5204,109,24113
05282,2015,5.1956,125,24059
05284,1998,5.3602,130,24253
05284,1999,5.4817,132,24080
05284,2000,5.775,138,23896
05284,2001,3.7978,90,23698
05284,2002,4.1706,98,23498
05284,2003,4.8971,114,23279
05284,2004,3.9018,90,23066
05284,2005,3.7199,85,22850
05284,2006,3.53,80,22663
05284,2007,3.8285,86,22463
05284,2008,4.6207,103,22291
05284,2009,3.8479,85,22090
05284,2010,4.3324,95,21928
05284,2011,4.0908,89,21756
05284,2012,3.9878,86,21566
05284,2013,3.8803,83,21390
05284,2014,4.6342,98,21147
05284,2015,4.7269,99,20944
05306,1998,4.9816,23,4617
05306,1999,6.0112,28,4658
05306,2000,5.1227,24,4685
05306,2001,4.6581,22,4723
05306,2002,4.1623,20,4805
05306,2003,3.0998,15,4839
05306,2004,4.4981,22,4891
05306,2005,3.6795,18,4892
05306,2006,5.0485,25,4952
05306,2007,3.6174,18,4976
05306,2008,2.9815,15,5031
05306,2009,3.144,16,5089
05306,2010,3.5019,18,5140
05306,2011,2.1077,11,5219
05306,2012,2.4654,13,5273
05306,2013,4.901,26,5305
05306,2014,5.6327,30,5326
05306,2015,4.6738,25,5349
05308,1998,4.3867,157,35790
05308,1999,4.3168,158,36601
05308,2000,6.0681,227,37409
05308,2001,5.0559,193,38173
05308,2002,5.1627,201,38933
05308,2003,4.3088,171,39686
05308,2004,4.5259,183,40434
05308,2005,4.2992,177,41170
05308,2006,4.5082,189,41924
05308,2007,5.0171,214,42654
05308,2008,4.7228,205,43406
05308,2009,3.9398,174,44165
05308,2010,4.1617,187,44934
05308,2011,3.8499,176,45715
05308,2012,4.0016,186,46481
05308,2013,4.3614,206,47233
05308,2014,4.5855,220,47977
05308,2015,4.4505,217,48759
05310,1998,7.6541,74,9668
05310,1999,6.2073,60,9666
05310,2000,6.7309,65,9657
05310,2001,7.0342,68,9667
05310,2002,6.299,61,9684
05310,2003,7.7495,75,9678
05310,2004,6.0116,58,9648
05310,2005,6.0153,58,9642
05310,2006,4.4671,43,9626
05310,2007,5.8091,56,9640
05310,2008,5.2998,51,9623
05310,2009,5.4848,53,9663
05310,2010,4.871,47,9649
05310,2011,5.5116,53,9616
05310,2012,6.6452,64,9631
05310,2013,6.9748,67,9606
05310,2014,4.6411,45,9696
05310,2015,6.4995,63,9693
05313,1998,6.7043,108,16109
05313,1999,7.1655,113,15770
05313,2000,9.6315,149,15470
05313,2001,7.9889,121,15146
05313,2002,10.1944,151,14812
05313,2003,9.5908,139,14493
05313,2004,6.1419,87,14165
05313,2005,6.2671,87,13882
05313,2006,3.9042,53,13575
05313,2007,3.7707,50,13260
05313,2008,4.7851,62,12957
05313,2009,3.4783,44,12650
05313,2010,4.6131,57,12356
05313,2011,4.0613,49,12065
05313,2012,4.0782,48,11770
05313,2013,3.6531,42,11497
05313,2014,4.8998,55,11225
05313,2015,4.1107,45,10947
05315,1998,4.2156,28,6642
05315,1999,10.1086,67,6628
05315,2000,6.0405,40,6622
05315,2001,6.1943,41,6619
05315,2002,6.2187,41,6593
05315,2003,6.067,40,6593
05315,2004,5.7751,38,6580
05315,2005,5.9379,39,6568
05315,2006,5.7953,38,6557
05315,2007,4.1127,27,6565
05315,2008,4.7502,31,6526
05315,2009,6.12,40,6536
05315,2010,4.2755,28,6549
05315,2011,5.2123,34,6523
05315,2012,3.5271,23,6521
05315,2013,3.9841,26,6526
05315,2014,4.1667,27,6480
05315,2015,3.8497,25,6494
05318,1998,4.4196,166,37560
05318,1999,4.032,155,38442
05318,2000,3.9422,155,39318
05318,2001,4.2344,170,40147
05318,2002,4.4581,183,41049
05318,2003,3.8512,161,41805
05318,2004,3.7054,158,42641
05318,2005,4.0535,176,43419
05318,2006,3.8873,172,44247
05318,2007,3.6809,166,45098
05318,2008,3.8093,175,45940
05318,2009,3.6982,173,46779
05318,2010,3.5872,171,47669
05318,2011,3.1737,154,48524
05318,2012,3.728,184,49356
05318,2013,3.7309,187,50122
05318,2014,4.0987,209,50992
05318,2015,3.6602,190,51910
05321,1998,5.3818,32,5946
05321,1999,5.0803,31,6102
05321,2000,6.8337,42,6146
05321,2001,7.2842,46,6315
05321,2002,5.0102,32,6387
05321,2003,5.364,35,6525
05321,2004,5.1159,34,6646
05321,2005,4.8824,33,6759
05321,2006,3.9405,27,6852
05321,2007,3.3022,23,6965
05321,2008,3.805,27,7096
05321,2009,3.3246,24,7219
05321,2010,3.1191,23,7374
05321,2011,3.6324,27,7433
05321,2012,3.5857,27,7530
05321,2013,4.0407,31,7672
05321,2014,3.9708,31,7807
05321,2015,4.0373,32,7926
05347,1998,5.3221,38,7140
05347,1999,6.9553,49,7045
05347,2000,7.0504,49,6950
05347,2001,6.1171,42,6866
05347,2002,5.6147,38,6768
05347,2003,4.1941,28,6676
05347,2004,3.4923,23,6586
05347,2005,5.346,35,6547
05347,2006,6.3953,41,6411
05347,2007,4.4283,28,6323
05347,2008,5.6306,35,6216
05347,2009,5.6699,35,6173
05347,2010,5.0811,31,6101
05347,2011,5.6752,34,5991
05347,2012,5.2542,31,5900
05347,2013,6.3716,37,5807
05347,2014,6.4799,37,5710
05347,2015,4.8128,27,5610
05353,1998,2.9929,16,5346
05353,1999,4.2959,23,5354
05353,2000,8.2212,44,5352
05353,2001,4.8354,26,5377
05353,2002,4.8625,26,5347
05353,2003,4.2894,23,5362
05353,2004,5.8183,31,5328
05353,2005,4.1392,22,5315
05353,2006,4.1291,22,5328
05353,2007,3.1979,17,5316
05353,2008,3.5667,19,5327
05353,2009,3.9355,21,5336
05353,2010,4.1052,22,5359
05353,2011,4.3103,23,5336
05353,2012,3.1728,17,5358
05353,2013,6.5141,35,5373
05353,2014,5.2103,28,5374
05353,2015,5.3833,29,5387
05360,1998,5.2445,1012,192965
05360,1999,5.5497,1095,197308
05360,2000,5.1297,1034,201572
05360,2001,5.2049,1071,205766
05360,2002,5.2938,1111,209868
05360,2003,4.6886,1003,213921
05360,2004,4.9602,1081,217935
05360,2005,4.5647,1013,221921
05360,2006,4.5668,1032,225978
05360,2007,4.6822,1077,230020
05360,2008,4.7776,1118,234011
05360,2009,5.3353,1270,238038
05360,2010,5.5585,1346,242150
05360,2011,4.8453,1193,246219
05360,2012,4.7445,1187,250184
05360,2013,4.6531,1182,254022
05360,2014,4.1864,1080,257978
05360,2015,4.3977,1152,261957
05361,1998,5.3303,137,25702
05361,1999,4.8886,126,25774
05361,2000,6.3953,165,25800
05361,2001,5.8446,151,25836
05361,2002,4.7867,124,25905
05361,2003,5.5136,143,25936
05361,2004,4.9312,128,25957
05361,2005,4.7259,123,26027
05361,2006,4.1086,107,26043
05361,2007,4.0655,106,26073
05361,2008,4.2889,112,26114
05361,2009,3.6689,96,26166
05361,2010,3.9231,103,26255
05361,2011,4.7841,126,26337
05361,2012,3.8629,102,26405
05361,2013,3.444,91,26423
05361,2014,4.5398,120,26433
05361,2015,3.9956,106,26529
05364,1998,5.8075,78,13431
05364,1999,7.2609,98,13497
05364,2000,7.5255,102,13554
05364,2001,7.3649,100,13578
05364,2002,6.8945,94,13634
05364,2003,6.9551,95,13659
05364,2004,6.0588,83,13699
05364,2005,5.6826,78,13726
05364,2006,7.6906,106,13783
05364,2007,7.4497,103,13826
05364,2008,5.4003,75,13888
05364,2009,6.1773,86,13922
05364,2010,6.586,92,13969
05364,2011,6.5457,92,14055
05364,2012,6.2385,88,14106
05364,2013,4.8701,69,14168
05364,2014,6.8372,97,14187
05364,2015,7.3493,105,14287
05368,1998,6.774,101,14910
05368,1999,4.8469,72,14855
05368,2000,5.2813,78,14769
05368,2001,5.1055,75,14690
05368,2002,5.2026,76,14608
05368,2003,4.4023,64,14538
05368,2004,5.3443,77,14408
05368,2005,5.0825,73,14363
05368,2006,4.9026,70,14278
05368,2007,4.8435,69,14246
05368,2008,4.0946,58,14165
05368,2009,5.2605,74,14067
05368,2010,4.9222,69,14018
05368,2011,5.0801,71,13976
05368,2012,4.5207,63,13936
05368,2013,4.3293,60,13859
05368,2014,5.4415,75,13783
05368,2015,3.508,48,13683
05376,1998,5.781,250,43245
05376,1999,5.2271,232,44384
05376,2000,4.6641,212,45454
05376,2001,6.062,282,46519
05376,2002,5.8433,278,47576
05376,2003,5.0206,244,48600
05376,2004,5.1966,258,49648
05376,2005,5.1482,261,50697
05376,2006,4.4669,231,51714
05376,2007,5.0209,265,52779
05376,2008,4.4584,240,53831
05376,2009,4.6292,254,54869
05376,2010,4.4175,247,55914
05376,2011,4.5471,259,56960
05376,2012,4.5396,263,57935
05376,2013,4.899,289,58992
05376,2014,4.7319,284,60018
05376,2015,4.6028,281,61050
05380,1998,4.7615,224,47044
05380,1999,4.4108,213,48291
05380,2000,4.7474,235,49501
05380,2001,4.6143,234,50712
05380,2002,4.3759,227,51875
05380,2003,4.1462,220,53060
05380,2004,3.9815,216,54251
05380,2005,4.2431,235,55384
05380,2006,4.7171,267,56603
05380,2007,4.6195,267,57798
05380,2008,4.9015,289,58962
05380,2009,4.2888,258,60156
05380,2010,4.6127,283,61352
05380,2011,4.7646,298,62544
05380,2012,4.6951,299,63683
05380,2013,4.2238,274,64870
05380,2014,3.8313,253,66035
05380,2015,4.0174,270,67208
05390,1998,4.3368,48,11068
05390,1999,3.9399,43,10914
05390,2000,3.0675,33,10758
05390,2001,6.4236,68,10586
05390,2002,6.3267,66,10432
05390,2003,4.3796,45,10275
05390,2004,4.1481,42,10125
05390,2005,4.3164,43,9962
05390,2006,3.8598,38,9845
05390,2007,3.0036,29,9655
05390,2008,4.951,47,9493
05390,2009,4.0577,38,9365
05390,2010,4.3526,40,9190
05390,2011,5.409,49,9059
05390,2012,4.1433,37,8930
05390,2013,4.328,38,8780
05390,2014,6.0262,52,8629
05390,2015,4.4875,38,8468
05400,1998,5.2793,91,17237
05400,1999,4.1865,73,17437
05400,2000,5.3255,94,17651
05400,2001,7.5045,134,17856
05400,2002,5.7035,103,18059
05400,2003,4.7167,86,18233
05400,2004,5.646,104,18420
05400,2005,4.46,83,18610
05400,2006,5.2646,99,18805
05400,2007,4.5235,86,19012
05400,2008,5.6724,109,19216
05400,2009,5.6073,109,19439
05400,2010,4.8937,96,19617
05400,2011,4.846,96,19810
05400,2012,4.8971,98,20012
05400,2013,4.644,94,20241
05400,2014,3.9696,81,20405
05400,2015,3.9374,81,20572
05411,1998,6.809,74,10868
05411,1999,5.2539,57,10849
05411,2000,5.4777,59,10771
05411,2001,4.1989,45,10717
05411,2002,5.3451,57,10664
05411,2003,5.4614,58,10620
05411,2004,5.5924,59,10550
05411,2005,4.7578,50,10509
05411,2006,4.7842,50,10451
05411,2007,4.6083,48,10416
05411,2008,3.9381,41,10411
05411,2009,5.4379,56,10298
05411,2010,4.5867,47,10247
05411,2011,5.574,57,10226
05411,2012,5.4102,55,10166
05411,2013,4.9368,50,10128
05411,2014,4.7497,48,10106
05411,2015,3.6659,37,10093
05425,1998,4.6445,42,9043
05425,1999,5.6787,51,8981
05425,2000,5.2549,47,8944
05425,2001,4.6088,41,8896
05425,2002,5.4286,48,8842
05425,2003,5.9064,52,8804
05425,2004,4.5699,40,8753
05425,2005,5.0645,44,8688
05425,2006,5.4449,47,8632
05425,2007,4.4201,38,8597
05425,2008,7.1328,61,8552
05425,2009,4.2453,36,8480
05425,2010,5.5615,47,8451
05425,2011,5.2312,44,8411
05425,2012,6.9081,58,8396
05425,2013,5.1362,43,8372
05425,2014,3.9635,33,8326
05425,2015,6.3725,53,8317
05440,1998,3.8532,177,45936
05440,1999,4.9677,233,46903
05440,2000,4.3697,209,47829
05440,2001,4.8226,235,48729
05440,2002,4.1104,204,49630
05440,2003,4.0382,204,50518
05440,2004,4.2225,217,51391
05440,2005,3.6943,193,52242
05440,2006,4.254,226,53126
05440,2007,3.4969,189,54048
05440,2008,3.6783,202,54917
05440,2009,3.3526,187,55778
05440,2010,3.3166,188,56685
05440,2011,3.1921,184,57642
05440,2012,3.4855,204,58528
05440,2013,3.6377,216,59378
05440,2014,3.8827,234,60268
05440,2015,3.8071,233,61201
05467,1998,5.1384,44,8563
05467,1999,6.4966,55,8466
05467,2000,8.3313,69,8282
05467,2001,10.022,82,8182
05467,2002,7.1693,58,8090
05467,2003,6.0068,48,7991
05467,2004,6.8002,54,7941
05467,2005,8.413,66,7845
05467,2006,5.3185,41,7709
05467,2007,6.5798,50,7599
05467,2008,6.881,52,7557
05467,2009,5.3655,40,7455
05467,2010,5.1764,38,7341
05467,2011,6.6243,48,7246
05467,2012,6.2937,45,7150
05467,2013,6.6516,47,7066
05467,2014,4.4406,31,6981
05467,2015,8.1195,56,6897
05475,1998,1.3694,4,2921
05475,1999,0.9924,3,3023
05475,2000,2.5616,8,3123
05475,2001,2.4984,8,3202
05475,2002,2.0896,7,3350
05475,2003,2.924,10,3420
05475,2004,4.5532,16,3514
05475,2005,2.2155,8,3611
05475,2006,1.6251,6,3692
05475,2007,3.4337,13,3786
05475,2008,3.0801,12,3896
05475,2009,3.7463,15,4004
05475,2010,2.2026,9,4086
05475,2011,2.8708,12,4180
05475,2012,1.6306,7,4293
05475,2013,1.8219,8,4391
05475,2014,1.5625,7,4480
05475,2015,2.1791,10,4589
05480,1998,7.0966,80,11273
05480,1999,3.8576,44,11406
05480,2000,3.8128,44,11540
05480,2001,3.4285,40,11667
05480,2002,3.3913,40,11795
05480,2003,4.3599,52,11927
05480,2004,4.2282,51,12062
05480,2005,4.6817,57,12175
05480,2006,3.1694,39,12305
05480,2007,3.7052,46,12415
05480,2008,7.4912,94,12548
05480,2009,5.205,66,12680
05480,2010,4.9123,63,12825
05480,2011,4.7141,61,12940
05480,2012,5.424,71,13090
05480,2013,4.0057,53,13231
05480,2014,5.155,69,13385
05480,2015,5.6246,76,13512
05483,1998,5.0754,72,14186
05483,1999,8.313,116,13954
05483,2000,7.2812,100,13734
05483,2001,7.0938,96,13533
05483,2002,5.4797,73,13322
05483,2003,6.1153,80,13082
05483,2004,7.8532,101,12861
05483,2005,7.6789,97,12632
05483,2006,4.7416,59,12443
05483,2007,4.8226,59,12234
05483,2008,4.6539,56,12033
05483,2009,4.3874,52,11852
05483,2010,4.3063,50,11611
05483,2011,7.0034,80,11423
05483,2012,4.2754,48,11227
05483,2013,4.9828,55,11038
05483,2014,7.3937,80,10820
05483,2015,5.1643,55,10650
05490,1998,2.7692,93,33584
05490,1999,2.8205,96,34036
05490,2000,3.248,112,34483
05490,2001,3.4384,120,34900
05490,2002,3.1436,111,35310
05490,2003,3.0808,110,35705
05490,2004,3.0475,110,36095
05490,2005,2.4406,89,36466
05490,2006,3.3392,123,36835
05490,2007,3.1429,117,37227
05490,2008,3.695,139,37618
05490,2009,4.1295,157,38019
05490,2010,3.5884,138,38457
05490,2011,3.3432,130,38885
05490,2012,3.3329,131,39305
05490,2013,3.3571,133,39617
05490,2014,3.7685,151,40069
05490,2015,3.8017,154,40508
05495,1998,4.6568,80,17179
05495,1999,4.5375,80,17631
05495,2000,2.8736,52,18096
05495,2001,3.5633,66,18522
05495,2002,2.5355,48,18931
05495,2003,2.9974,58,19350
05495,2004,3.5422,70,19762
05495,2005,3.2707,66,20179
05495,2006,4.3736,90,20578
05495,2007,3.3352,70,20988
05495,2008,4.0194,86,21396
05495,2009,4.6744,102,21821
05495,2010,4.2668,95,22265
05495,2011,3.1761,72,22669
05495,2012,2.0806,48,23070
05495,2013,3.0753,72,23412
05495,2014,3.4002,81,23822
05495,2015,2.3085,56,24258
05501,1998,4.9155,16,3255
05501,1999,3.7117,12,3233
05501,2000,3.1338,10,3191
05501,2001,5.2894,17,3214
05501,2002,3.7488,12,3201
05501,2003,3.1066,10,3219
05501,2004,4.6671,15,3214
05501,2005,2.7916,9,3224
05501,2006,4.7319,15,3170
05501,2007,4.4501,14,3146
05501,2008,2.2243,7,3147
05501,2009,5.7471,18,3132
05501,2010,2.2364,7,3130
05501,2011,5.1447,16,3110
05501,2012,5.8121,18,3097
05501,2013,7.0945,22,3101
05501,2014,3.5576,11,3092
05501,2015,2.9098,9,3093
05541,1998,5.1406,89,17313
05541,1999,5.9429,104,17500
05541,2000,7.5303,133,17662
05541,2001,10.5363,188,17843
05541,2002,6.9387,125,18015
05541,2003,6.3232,115,18187
05541,2004,5.0196,92,18328
05541,2005,4.487,83,18498
05541,2006,4.7097,88,18685
05541,2007,6.2069,117,18850
05541,2008,5.8292,111,19042
05541,2009,4.8882,94,19230
05541,2010,5.522,107,19377
05541,2011,4.4476,87,19561
05541,2012,5.1643,102,19751
05541,2013,4.687,93,19842
05541,2014,4.6995,94,20002
05541,2015,4.5728,92,20119
05543,1998,5.4194,42,7750
05543,1999,2.8372,22,7754
05543,2000,5.0245,39,7762
05543,2001,5.79,45,7772
05543,2002,4.7631,37,7768
05543,2003,2.4284,19,7824
05543,2004,2.1759,17,7813
05543,2005,4.091,32,7822
05543,2006,2.8093,22,7831
05543,2007,1.5285,12,7851
05543,2008,2.9333,23,7841
05543,2009,2.0406,16,7841
05543,2010,3.064,24,7833
05543,2011,3.416,27,7904
05543,2012,3.1482,25,7941
05543,2013,2.6448,21,7940
05543,2014,3.6538,29,7937
05543,2015,3.1344,25,7976
05576,1998,6.7238,62,9221
05576,1999,7.3785,68,9216
05576,2000,7.5098,69,9188
05576,2001,6.7671,62,9162
05576,2002,5.8069,53,9127
05576,2003,4.2966,39,9077
05576,2004,5.4318,49,9021
05576,2005,4.6828,42,8969
05576,2006,5.2485,47,8955
05576,2007,4.7101,42,8917
05576,2008,4.8391,43,8886
05576,2009,5.3143,47,8844
05576,2010,3.6347,32,8804
05576,2011,4.6612,41,8796
05576,2012,3.5433,31,8749
05576,2013,5.3881,47,8723
05576,2014,4.0119,35,8724
05576,2015,4.3473,38,8741
05579,1998,8.5214,276,32389
05579,1999,8.4539,277,32766
05579,2000,8.149,270,33133
05579,2001,8.7557,293,33464
05579,2002,7.843,265,33788
05579,2003,8.7081,297,34106
05579,2004,7.6992,265,34419
05579,2005,8.9841,312,34728
05579,2006,9.5295,334,35049
05579,2007,7.3534,260,35358
05579,2008,8.1852,292,35674
05579,2009,8.194,295,36002
05579,2010,8.1574,296,36286
05579,2011,7.1819,263,36620
05579,2012,7.3018,270,36977
05579,2013,6.1111,228,37309
05579,2014,5.0548,190,37588
05579,2015,5.0373,191,37917
05585,1998,4.3084,68,15783
05585,1999,4.6467,73,15710
05585,2000,5.8206,91,15634
05585,2001,6.6778,104,15574
05585,2002,4.1403,64,15458
05585,2003,4.0383,62,15353
05585,2004,4.4576,68,15255
05585,2005,4.5482,69,15171
05585,2006,3.6436,55,15095
05585,2007,4.5288,68,15015
05585,2008,5.1723,77,14887
05585,2009,3.902,58,14864
05585,2010,4.1949,62,14780
05585,2011,4.7632,70,14696
05585,2012,4.8497,71,14640
05585,2013,3.0127,44,14605
05585,2014,3.448,50,14501
05585,2015,4.4217,64,14474
05591,1998,3.1369,38,12114
05591,1999,5.0798,63,12402
05591,2000,5.5835,71,12716
05591,2001,6.1505,80,13007
05591,2002,4.9617,66,13302
05591,2003,5.0066,68,13582
05591,2004,5.2692,73,13854
05591,2005,4.5274,64,14136
05591,2006,5.9561,86,14439
05591,2007,4.6236,68,14707
05591,2008,5.334,80,14998
05591,2009,5.0419,77,15272
05591,2010,4.1739,65,15573
05591,2011,4.032,64,15873
05591,2012,3.9668,64,16134
05591,2013,4.3248,71,16417
05591,2014,5.2745,88,16684
05591,2015,3.7636,64,17005
05604,1998,5.3852,124,23026
05604,1999,4.9766,116,23309
05604,2000,7.9268,187,23591
05604,2001,8.6087,205,23813
05604,2002,5.194,125,24066
05604,2003,4.8961,119,24305
05604,2004,5.0092,123,24555
05604,2005,4.1557,103,24785
05604,2006,3.4355,86,25033
05604,2007,3.7581,95,25279
05604,2008,4.7035,120,25513
05604,2009,4.0723,105,25784
05604,2010,4.2235,110,26045
05604,2011,4.1785,110,26325
05604,2012,8.7009,231,26549
05604,2013,4.3097,115,26684
05604,2014,3.975,107,26918
05604,2015,4.189,114,27214
05607,1998,4.5612,75,16443
05607,1999,3.748,63,16809
05607,2000,3.3217,57,17160
05607,2001,5.4276,95,17503
05607,2002,4.3164,77,17839
05607,2003,4.4053,80,18160
05607,2004,4.4317,82,18503
05607,2005,4.0955,77,18801
05607,2006,3.7056,71,19160
05607,2007,4.0484,79,19514
05607,2008,4.0288,80,19857
05607,2009,3.5152,71,20198
05607,2010,3.0189,62,20537
05607,2011,3.2103,67,20870
05607,2012,3.6376,77,21168
05607,2013,4.0541,87,21460
05607,2014,3.5726,78,21833
05607,2015,3.3817,75,22178
05615,1998,4.4129,399,90417
05615,1999,4.8326,448,92704
05615,2000,4.3493,413,94958
05615,2001,4.4874,436,97161
05615,2002,4.9132,488,99324
05615,2003,4.3664,443,101457
05615,2004,3.88,402,103608
05615,2005,3.9079,413,105684
05615,2006,4.2094,454,107855
05615,2007,4.2171,464,110027
05615,2008,4.2962,482,112193
05615,2009,3.7863,433,114361
05615,2010,4.2462,495,116574
05615,2011,4.3441,516,118781
05615,2012,3.969,480,120936
05615,2013,3.6743,452,123017
05615,2014,4.6088,577,125195
05615,2015,4.4666,569,127391
05628,1998,4.8414,40,8262
05628,1999,4.6909,39,8314
05628,2000,4.8944,41,8377
05628,2001,3.6817,31,8420
05628,2002,5.0737,43,8475
05628,2003,4.7198,40,8475
05628,2004,4.9348,42,8511
05628,2005,3.9808,34,8541
05628,2006,4.3199,37,8565
05628,2007,4.0712,35,8597
05628,2008,4.978,43,8638
05628,2009,4.6088,40,8679
05628,2010,4.2587,37,8688
05628,2011,2.518,22,8737
05628,2012,2.7435,24,8748
05628,2013,2.3959,21,8765
05628,2014,4.8858,43,8801
05628,2015,2.0369,18,8837
05631,1998,3.2246,146,45277
05631,1999,3.562,168,47165
05631,2000,2.5502,125,49015
05631,2001,3.6185,184,50850
05631,2002,3.6054,190,52699
05631,2003,3.1192,170,54502
05631,2004,3.2675,184,56312
05631,2005,3.2004,186,58117
05631,2006,3.4039,204,59931
05631,2007,3.5153,217,61730
05631,2008,3.6185,230,63563
05631,2009,3.1054,203,65370
05631,2010,3.3781,227,67197
05631,2011,3.044,210,68989
05631,2012,2.769,196,70783
05631,2013,3.239,235,72553
05631,2014,3.3372,248,74314
05631,2015,3.8508,293,76089
05642,1998,7.9698,167,20954
05642,1999,6.0958,127,20834
05642,2000,4.9335,102,20675
05642,2001,5.2149,107,20518
05642,2002,4.7654,97,20355
05642,2003,5.4442,110,20205
05642,2004,5.139,103,20043
05642,2005,5.18,103,19884
05642,2006,4.816,95,19726
05642,2007,4.9568,97,19569
05642,2008,4.7374,92,19420
05642,2009,5.0804,98,19290
05642,2010,5.5854,107,19157
05642,2011,4.0445,77,19038
05642,2012,5.0473,95,18822
05642,2013,4.8113,90,18706
05642,2014,5.1632,96,18593
05642,2015,9.9853,184,18427
05647,1998,5.341,43,8051
05647,1999,5.991,48,8012
05647,2000,4.1436,33,7964
05647,2001,7.8352,62,7913
05647,2002,5.9751,47,7866
05647,2003,6.2572,49,7831
05647,2004,6.0544,47,7763
05647,2005,5.0656,39,7699
05647,2006,4.824,37,7670
05647,2007,4.4567,34,7629
05647,2008,4.0806,31,7597
05647,2009,4.93,37,7505
05647,2010,3.3499,25,7463
05647,2011,3.5022,26,7424
05647,2012,3.7915,28,7385
05647,2013,5.0409,37,7340
05647,2014,4.2356,31,7319
05647,2015,4.3956,32,7280
05649,1998,6.3313,145,22902
05649,1999,8.3791,189,22556
05649,2000,8.0065,178,22232
05649,2001,10.2003,223,21862
05649,2002,7.3502,158,21496
05649,2003,4.9692,105,21130
05649,2004,5.7344,119,20752
05649,2005,5.3424,109,20403
05649,2006,3.6409,73,20050
05649,2007,3.7552,74,19706
05649,2008,4.2905,83,19345
05649,2009,3.3144,63,19008
05649,2010,3.3665,63,18714
05649,2011,3.1596,58,18357
05649,2012,3.9931,72,18031
05649,2013,3.9517,70,17714
05649,2014,3.3345,58,17394
05649,2015,3.8787,66,17016
05652,1998,7.5599,47,6217
05652,1999,6.4735,40,6179
05652,2000,5.5025,34,6179
05652,2001,9.9511,61,6130
05652,2002,6.7257,41,6096
05652,2003,15.5965,94,6027
05652,2004,11.2976,68,6019
05652,2005,7.0117,42,5990
05652,2006,4.1932,25,5962
05652,2007,6.0616,36,5939
05652,2008,3.4014,20,5880
05652,2009,3.5787,21,5868
05652,2010,3.6021,21,5830
05652,2011,4.6368,27,5823
05652,2012,4.6753,27,5775
05652,2013,3.1496,18,5715
05652,2014,4.914,28,5698
05652,2015,6.5233,37,5672
05656,1998,5.6416,71,12585
05656,1999,5.1064,65,12729
05656,2000,4.823,62,12855
05656,2001,5.6275,73,12972
05656,2002,3.8183,50,13095
05656,2003,3.4764,46,13232
05656,2004,4.8795,65,13321
05656,2005,3.9347,53,13470
05656,2006,4.1863,57,13616
05656,2007,3.8616,53,13725
05656,2008,5.4062,75,13873
05656,2009,5.2068,73,14020
05656,2010,3.5393,50,14127
05656,2011,3.292,47,14277
05656,2012,4.3668,63,14427
05656,2013,4.596,67,14578
05656,2014,4.6265,68,14698
05656,2015,4.6622,69,14800
05658,1998,7.9156,24,3032
05658,1999,5.5411,17,3068
05658,2000,6.1688,19,3080
05658,2001,4.4771,14,3127
05658,2002,7.607,24,3155
05658,2003,5.9636,19,3186
05658,2004,4.3682,14,3205
05658,2005,4.329,14,3234
05658,2006,3.3629,11,3271
05658,2007,3.0377,10,3292
05658,2008,3.6166,12,3318
05658,2009,3.5928,12,3340
05658,2010,3.828,13,3396
05658,2011,4.6674,16,3428
05658,2012,5.2219,18,3447
05658,2013,4.2943,15,3493
05658,2014,3.6775,13,3535
05658,2015,3.8986,14,3591
05659,1998,1.7426,25,14346
05659,1999,1.229,18,14646
05659,2000,2.0067,30,14950
05659,2001,2.7557,42,15241
05659,2002,2.8989,45,15523
05659,2003,2.4077,38,15783
05659,2004,2.5552,41,16046
05659,2005,3.245,53,16333
05659,2006,2.5287,42,16609
05659,2007,2.3092,39,16889
05659,2008,2.3317,40,17155
05659,2009,3.2123,56,17433
05659,2010,3.5519,63,17737
05659,2011,2.5024,45,17983
05659,2012,3.5107,64,18230
05659,2013,2.9666,55,18540
05659,2014,4.5292,85,18767
05659,2015,4.3627,83,19025
05660,1998,5.3899,75,13915
05660,1999,7.2171,100,13856
05660,2000,5.7226,79,13805
05660,2001,5.0957,70,13737
05660,2002,6.9526,95,13664
05660,2003,5.2852,72,13623
05660,2004,3.3933,46,13556
05660,2005,6.5195,88,13498
05660,2006,4.0898,55,13448
05660,2007,3.3587,45,13398
05660,2008,4.0455,54,13348
05660,2009,4.5823,61,13312
05660,2010,5.293,70,13225
05660,2011,4.7774,63,13187
05660,2012,3.5701,47,13165
05660,2013,4.1093,54,13141
05660,2014,5.0521,66,13064
05660,2015,4.6076,60,13022
05664,1998,5.6867,99,17409
05664,1999,5.7211,101,17654
05664,2000,4.1979,75,17866
05664,2001,5.7548,104,18072
05664,2002,5.1935,95,18292
05664,2003,6.1585,114,18511
05664,2004,4.9711,93,18708
05664,2005,4.7038,89,18921
05664,2006,5.4931,105,19115
05664,2007,4.9664,96,19330
05664,2008,4.9578,97,19565
05664,2009,4.8507,96,19791
05664,2010,4.5455,91,20020
05664,2011,5.5396,112,20218
05664,2012,4.6081,94,20399
05664,2013,5.0991,105,20592
05664,2014,5.918,123,20784
05664,2015,4.6733,98,20970
05665,1998,2.9197,76,26030
05665,1999,2.5491,67,26284
05665,2000,3.4316,91,26518
05665,2001,3.2151,86,26749
05665,2002,2.7793,75,26985
05665,2003,2.6831,73,27207
05665,2004,2.4805,68,27414
05665,2005,2.3891,66,27625
05665,2006,2.515,70,27833
05665,2007,3.0312,85,28042
05665,2008,3.93,111,28244
05665,2009,3.547,101,28475
05665,2010,3.2716,94,28732
05665,2011,3.2435,94,28981
05665,2012,3.7029,108,29166
05665,2013,3.9511,116,29359
05665,2014,3.4547,102,29525
05665,2015,3.0209,90,29792
05667,1998,4.9391,86,17412
05667,1999,5.4796,95,17337
05667,2000,11.1942,193,17241
05667,2001,9.0479,155,17131
05667,2002,5.4108,92,17003
05667,2003,3.7856,64,16906
05667,2004,5.235,88,16810
05667,2005,3.4099,57,16716
05667,2006,3.8554,64,16600
05667,2007,3.8769,64,16508
05667,2008,4.5662,75,16425
05667,2009,4.5869,75,16351
05667,2010,4.4942,73,16243
05667,2011,4.2746,69,16142
05667,2012,3.9808,64,16077
05667,2013,4.6282,74,15989
05667,2014,4.2189,67,15881
05667,2015,4.9505,78,15756
05670,1998,3.886,81,20844
05670,1999,4.6525,97,20849
05670,2000,5.8891,123,20886
05670,2001,5.9307,124,20908
05670,2002,4.2085,88,20910
05670,2003,5.5021,115,20901
05670,2004,4.5439,95,20907
05670,2005,4.6836,98,20924
05670,2006,4.7362,99,20903
05670,2007,4.7321,99,20921
05670,2008,4.8729,102,20932
05670,2009,4.2929,90,20965
05670,2010,5.0933,107,21008
05670,2011,5.2744,111,21045
05670,2012,4.9401,104,21052
05670,2013,3.8376,81,21107
05670,2014,4.3592,92,21105
05670,2015,4.4873,95,21171
05674,1998,5.3505,117,21867
05674,1999,3.3887,74,21837
05674,2000,4.5267,99,21870
05674,2001,4.7118,103,21860
05674,2002,4.0299,88,21837
05674,2003,4.0328,88,21821
05674,2004,4.6347,101,21792
05674,2005,4.4575,97,21761
05674,2006,4.0499,88,21729
05674,2007,4.0052,87,21722
05674,2008,3.4983,76,21725
05674,2009,3.4992,76,21719
05674,2010,3.6329,79,21746
05674,2011,3.9517,86,21763
05674,2012,3.0785,67,21764
05674,2013,3.6297,79,21765
05674,2014,4.8258,105,21758
05674,2015,3.4404,75,21800
05679,1998,4.8784,144,29518
05679,1999,5.5874,164,29352
05679,2000,5.5103,161,29218
05679,2001,6.4058,186,29036
05679,2002,7.6611,221,28847
05679,2003,6.0319,173,28681
05679,2004,4.9114,140,28505
05679,2005,4.5987,130,28269
05679,2006,5.8357,164,28103
05679,2007,5.3698,150,27934
05679,2008,5.3616,149,27790
05679,2009,4.5603,126,27630
05679,2010,4.9055,135,27520
05679,2011,4.9281,135,27394
05679,2012,4.8849,133,27227
05679,2013,4.5846,124,27047
05679,2014,4.9083,132,26893
05679,2015,5.6778,152,26771
05686,1998,4.9871,147,29476
05686,1999,3.6881,110,29826
05686,2000,5.5045,166,30157
05686,2001,5.6731,173,30495
05686,2002,5.7147,176,30798
05686,2003,5.0466,157,31110
05686,2004,4.0118,126,31407
05686,2005,4.0048,127,31712
05686,2006,4.5929,147,32006
05686,2007,4.8575,157,32321
05686,2008,4.1982,137,32633
05686,2009,4.5243,149,32933
05686,2010,4.5374,151,33279
05686,2011,4.6786,157,33557
05686,2012,4.9005,166,33874
05686,2013,4.1229,141,34199
05686,2014,4.2334,146,34488
05686,2015,4.2996,150,34887
05690,1998,6.4021,96,14995
05690,1999,6.59,98,14871
05690,2000,6.1183,90,14710
05690,2001,5.9135,86,14543
05690,2002,4.1693,60,14391
05690,2003,5.1879,74,14264
05690,2004,5.1064,72,14100
05690,2005,4.5132,63,13959
05690,2006,4.5619,63,13810
05690,2007,4.3828,60,13690
05690,2008,4.2182,57,13513
05690,2009,4.5468,61,13416
05690,2010,4.2886,57,13291
05690,2011,4.7231,62,13127
05690,2012,3.3051,43,13010
05690,2013,5.0478,65,12877
05690,2014,3.5291,45,12751
05690,2015,3.8877,49,12604
05697,1998,5.7393,164,28575
05697,1999,6.3941,185,28933
05697,2000,7.9615,233,29266
05697,2001,6.6552,197,29601
05697,2002,6.6834,200,29925
05697,2003,5.8886,178,30228
05697,2004,5.2438,160,30512
05697,2005,4.6715,144,30825
05697,2006,5.2664,164,31141
05697,2007,5.0858,160,31460
05697,2008,4.9419,157,31769
05697,2009,4.3306,139,32097
05697,2010,4.4998,146,32446
05697,2011,5.0414,165,32729
05697,2012,4.2991,142,33030
05697,2013,4.3724,146,33391
05697,2014,4.5985,155,33707
05697,2015,4.296,146,33985
05736,1998,6.8393,192,28073
05736,1999,3.4283,98,28586
05736,2000,6.5984,192,29098
05736,2001,6.0524,179,29575
05736,2002,6.5577,197,30041
05736,2003,6.3911,195,30511
05736,2004,6.3312,196,30958
05736,2005,6.2295,196,31463
05736,2006,5.2935,169,31926
05736,2007,5.5873,181,32395
05736,2008,5.9973,197,32848
05736,2009,5.9742,199,33310
05736,2010,6.7524,228,33766
05736,2011,6.1042,209,34239
05736,2012,7.9482,276,34725
05736,2013,5.9062,208,35217
05736,2014,4.4028,157,35659
05736,2015,4.7661,172,36088
05756,1998,6.2938,249,39563
05756,1999,6.218,245,39402
05756,2000,7.4435,292,39229
05756,2001,7.2991,285,39046
05756,2002,7.3609,286,38854
05756,2003,7.0922,274,38634
05756,2004,5.7534,221,38412
05756,2005,6.6326,253,38145
05756,2006,5.6393,214,37948
05756,2007,5.4552,206,37762
05756,2008,5.7513,216,37557
05756,2009,4.9509,185,37367
05756,2010,5.0505,188,37224
05756,2011,5.27,195,37002
05756,2012,4.9151,181,36825
05756,2013,4.9425,181,36621
05756,2014,5.593,204,36474
05756,2015,4.9501,180,36363
05761,1998,5.8824,82,13940
05761,1999,5.7176,80,13992
05761,2000,6.3431,89,14031
05761,2001,5.6705,80,14108
05761,2002,3.6744,52,14152
05761,2003,5.2135,74,14194
05761,2004,5.6223,80,14229
05761,2005,4.6199,66,14286
05761,2006,4.808,69,14351
05761,2007,5.074,73,14387
05761,2008,4.8513,70,14429
05761,2009,5.871,85,14478
05761,2010,4.8299,70,14493
05761,2011,4.0608,59,14529
05761,2012,5.5571,81,14576
05761,2013,5.7487,84,14612
05761,2014,5.787,85,14688
05761,2015,6.2276,92,14773
05789,1998,5.3651,105,19571
05789,1999,5.8253,113,19398
05789,2000,6.1359,118,19231
05789,2001,5.3619,102,19023
05789,2002,5.5216,104,18835
05789,2003,5.7342,107,18660
05789,2004,6.0221,111,18432
05789,2005,5.422,99,18259
05789,2006,5.4198,98,18082
05789,2007,6.4743,116,17917
05789,2008,5.3578,95,17731
05789,2009,4.4369,78,17580
05789,2010,6.0944,106,17393
05789,2011,5.8646,101,17222
05789,2012,5.5715,95,17051
05789,2013,5.0851,86,16912
05789,2014,5.6093,94,16758
05789,2015,5.8561,97,16564
05790,1998,5.814,114,19608
05790,1999,8.4084,168,19980
05790,2000,9.0356,184,20364
05790,2001,10.6568,221,20738
05790,2002,9.0987,192,21102
05790,2003,9.8848,212,21447
05790,2004,7.8462,171,21794
05790,2005,8.762,194,22141
05790,2006,9.1253,205,22465
05790,2007,9.5943,219,22826
05790,2008,7.8132,181,23166
05790,2009,9.3454,220,23541
05790,2010,6.0226,144,23910
05790,2011,6.9179,168,24285
05790,2012,7.5295,185,24570
05790,2013,7.3568,183,24875
05790,2014,6.0736,153,25191
05790,2015,5.8672,150,25566
05792,1998,5.3199,36,6767
05792,1999,6.3922,43,6727
05792,2000,4.4723,30,6708
05792,2001,5.39,36,6679
05792,2002,5.5689,37,6644
05792,2003,3.8046,25,6571
05792,2004,1.9905,13,6531
05792,2005,4.7502,31,6526
05792,2006,3.5626,23,6456
05792,2007,3.577,23,6430
05792,2008,4.2194,27,6399
05792,2009,3.2756,21,6411
05792,2010,3.6056,23,6379
05792,2011,3.2884,21,6386
05792,2012,3.1591,20,6331
05792,2013,3.1852,20,6279
05792,2014,4.156,26,6256
05792,2015,6.7633,42,6210
05809,1998,6.2966,82,13023
05809,1999,5.9547,77,12931
05809,2000,6.1777,79,12788
05809,2001,4.9787,63,12654
05809,2002,6.3185,79,12503
05809,2003,4.9209,61,12396
05809,2004,3.9974,49,12258
05809,2005,5.8417,71,12154
05809,2006,4.1646,50,12006
05809,2007,6.3009,75,11903
05809,2008,5.8504,69,11794
05809,2009,4.6332,54,11655
05809,2010,5.8074,67,11537
05809,2011,5.0651,58,11451
05809,2012,4.4966,51,11342
05809,2013,5.4275,61,11239
05809,2014,6.0138,67,11141
05809,2015,6.4469,71,11013
05819,1998,6.4968,39,6003
05819,1999,6.5458,39,5958
05819,2000,7.9365,47,5922
05819,2001,5.9676,35,5865
05819,2002,6.3738,37,5805
05819,2003,4.9088,28,5704
05819,2004,4.7678,27,5663
05819,2005,3.574,20,5596
05819,2006,3.0504,17,5573
05819,2007,4.5637,25,5478
05819,2008,5.8878,32,5435
05819,2009,4.486,24,5350
05819,2010,4.89,26,5317
05819,2011,5.5186,29,5255
05819,2012,6.5397,34,5199
05819,2013,7.1719,37,5159
05819,2014,4.6939,24,5113
05819,2015,4.1298,21,5085
05837,1998,4.3704,406,92897
05837,1999,4.5589,431,94540
05837,2000,5.74,552,96168
05837,2001,5.138,502,97704
05837,2002,4.1527,412,99213
05837,2003,3.9826,401,100689
05837,2004,3.9441,403,102178
05837,2005,4.286,444,103592
05837,2006,4.5499,478,105057
05837,2007,4.421,471,106537
05837,2008,4.3419,469,108017
05837,2009,4.3015,471,109496
05837,2010,3.8639,429,111028
05837,2011,3.7744,425,112602
05837,2012,3.9798,454,114076
05837,2013,4.2755,494,115542
05837,2014,3.8368,449,117026
05837,2015,4.5289,537,118571
05842,1998,5.5873,46,8233
05842,1999,4.0407,33,8167
05842,2000,7.0475,57,8088
05842,2001,3.3641,27,8026
05842,2002,3.651,29,7943
05842,2003,2.4112,19,7880
05842,2004,3.8635,30,7765
05842,2005,5.2016,40,7690
05842,2006,5.1309,39,7601
05842,2007,4.2401,32,7547
05842,2008,3.8884,29,7458
05842,2009,5.5293,41,7415
05842,2010,4.9127,36,7328
05842,2011,3.3021,24,7268
05842,2012,4.0306,29,7195
05842,2013,3.0786,22,7146
05842,2014,3.1056,22,7084
05842,2015,3.9716,28,7050
05847,1998,6.984,201,28780
05847,1999,7.2765,210,28860
05847,2000,8.2676,239,28908
05847,2001,5.2479,152,28964
05847,2002,6.4129,186,29004
05847,2003,6.9243,201,29028
05847,2004,5.9903,174,29047
05847,2005,5.2623,153,29075
05847,2006,6.1459,179,29125
05847,2007,5.341,156,29208
05847,2008,5.5211,161,29161
05847,2009,4.7188,138,29245
05847,2010,5.5586,163,29324
05847,2011,4.5623,134,29371
05847,2012,4.1206,121,29365
05847,2013,4.8968,144,29407
05847,2014,4.4482,131,29450
05847,2015,5.2133,154,29540
05854,1998,6.8297,93,13617
05854,1999,8.5872,117,13625
05854,2000,9.6168,131,13622
05854,2001,7.7178,105,13605
05854,2002,7.4928,102,13613
05854,2003,9.7737,133,13608
05854,2004,9.85,134,13604
05854,2005,9.4881,129,13596
05854,2006,11.6766,159,13617
05854,2007,11.125,151,13573
05854,2008,9.2061,125,13578
05854,2009,10.1441,138,13604
05854,2010,9.0322,123,13618
05854,2011,6.0135,82,13636
05854,2012,6.524,89,13642
05854,2013,3.1506,43,13648
05854,2014,3.3697,46,13651
05854,2015,4.2342,58,13698
05856,1998,4.7308,42,8878
05856,1999,4.5772,40,8739
05856,2000,4.8724,42,8620
05856,2001,4.4669,38,8507
05856,2002,4.3047,36,8363
05856,2003,5.3405,44,8239
05856,2004,6.2893,51,8109
05856,2005,5.7767,46,7963
05856,2006,5.351,42,7849
05856,2007,5.5642,43,7728
05856,2008,4.22,32,7583
05856,2009,4.8115,36,7482
05856,2010,5.2896,39,7373
05856,2011,3.9857,29,7276
05856,2012,5.8774,42,7146
05856,2013,6.8357,48,7022
05856,2014,5.1956,36,6929
05856,2015,4.2516,29,6821
05858,1998,6.0403,74,12251
05858,1999,8.1739,100,12234
05858,2000,7.2915,89,12206
05858,2001,8.7035,106,12179
05858,2002,4.9411,60,12143
05858,2003,6.6865,81,12114
05858,2004,4.1428,50,12069
05858,2005,4.737,57,12033
05858,2006,4.7599,57,11975
05858,2007,4.8507,58,11957
05858,2008,5.5165,66,11964
05858,2009,4.0188,48,11944
05858,2010,5.6236,67,11914
05858,2011,5.6359,67,11888
05858,2012,7.2299,86,11895
05858,2013,4.2955,51,11873
05858,2014,5.2453,62,11820
05858,2015,4.6809,55,11750
05861,1998,6.2176,78,12545
05861,1999,7.2876,91,12487
05861,2000,6.7481,84,12448
05861,2001,6.7802,84,12389
05861,2002,5.2717,65,12330
05861,2003,6.6106,81,12253
05861,2004,5.6567,69,12198
05861,2005,6.5069,79,12141
05861,2006,6.37,77,12088
05861,2007,6.5604,79,12042
05861,2008,5.4271,65,11977
05861,2009,5.7973,69,11902
05861,2010,6.5684,78,11875
05861,2011,5.8539,69,11787
05861,2012,5.3223,63,11837
05861,2013,4.7566,56,11773
05861,2014,4.3627,51,11690
05861,2015,4.3867,51,11626
05873,1998,0.5267,4,7595
05873,1999,2.2066,17,7704
05873,2000,5.4047,42,7771
05873,2001,2.2892,18,7863
05873,2002,2.0248,16,7902
05873,2003,1.7437,14,8029
05873,2004,1.3653,11,8057
05873,2005,1.7246,14,8118
05873,2006,1.8362,15,8169
05873,2007,1.6978,14,8246
05873,2008,1.9247,16,8313
05873,2009,1.5547,13,8362
05873,2010,1.0666,9,8438
05873,2011,1.8832,16,8496
05873,2012,1.8672,16,8569
05873,2013,0.6936,6,8651
05873,2014,1.9433,17,8748
05873,2015,1.4813,13,8776
05885,1998,6.0411,47,7780
05885,1999,4.382,34,7759
05885,2000,7.9866,62,7763
05885,2001,8.1196,63,7759
05885,2002,4.7872,37,7729
05885,2003,4.9261,38,7714
05885,2004,3.6482,28,7675
05885,2005,3.9119,30,7669
05885,2006,4.3149,33,7648
05885,2007,3.664,28,7642
05885,2008,4.7164,36,7633
05885,2009,5.1289,39,7604
05885,2010,6.6912,51,7622
05885,2011,3.9448,30,7605
05885,2012,3.8183,29,7595
05885,2013,4.3559,33,7576
05885,2014,3.9531,30,7589
05885,2015,4.2072,32,7606
05887,1998,6.7313,250,37140
05887,1999,5.7769,216,37390
05887,2000,6.46,243,37616
05887,2001,7.1876,272,37843
05887,2002,6.5777,250,38007
05887,2003,6.5753,251,38173
05887,2004,5.8652,225,38362
05887,2005,5.683,219,38536
05887,2006,6.5839,255,38731
05887,2007,6.0889,237,38923
05887,2008,6.7804,265,39083
05887,2009,6.4904,255,39289
05887,2010,6.6597,263,39491
05887,2011,6.1742,245,39681
05887,2012,5.9195,236,39868
05887,2013,5.3656,215,40070
05887,2014,5.2465,211,40217
05887,2015,5.3442,216,40418
05890,1998,5.8579,131,22363
05890,1999,7.0605,158,22378
05890,2000,5.7255,128,22356
05890,2001,8.2312,184,22354
05890,2002,4.8314,108,22354
05890,2003,5.5125,123,22313
05890,2004,4.7991,107,22296
05890,2005,4.0881,91,22260
05890,2006,4.4063,98,22241
05890,2007,4.9973,111,22212
05890,2008,5.0027,111,22188
05890,2009,4.9512,110,22217
05890,2010,5.262,117,22235
05890,2011,5.4424,121,22233
05890,2012,4.5457,101,22219
05890,2013,4.1865,93,22214
05890,2014,4.5516,101,22190
05890,2015,3.6922,82,22209
05893,1998,4.1525,50,12041
05893,1999,3.7864,47,12413
05893,2000,6.8868,88,12778
05893,2001,5.5661,73,13115
05893,2002,3.7147,50,13460
05893,2003,2.9702,41,13804
05893,2004,4.7336,67,14154
05893,2005,4.5646,66,14459
05893,2006,4.5915,68,14810
05893,2007,4.1016,62,15116
05893,2008,4.0656,63,15496
05893,2009,4.4111,70,15869
05893,2010,5.2606,85,16158
05893,2011,3.6952,61,16508
05893,2012,4.6236,78,16870
05893,2013,4.482,77,17180
05893,2014,3.5437,62,17496
05893,2015,4.3788,78,17813
05895,1998,4.6376,108,23288
05895,1999,4.3247,101,23354
05895,2000,4.3934,103,23444
05895,2001,4.4719,105,23480
05895,2002,3.8218,90,23549
05895,2003,3.8121,90,23609
05895,2004,3.3415,79,23642
05895,2005,4.306,102,23688
05895,2006,4.5516,108,23728
05895,2007,4.3769,104,23761
05895,2008,4.6596,111,23822
05895,2009,6.3625,152,23890
05895,2010,7.2627,174,23958
05895,2011,7.9117,190,24015
05895,2012,5.2846,127,24032
05895,2013,6.3223,152,24042
05895,2014,5.0652,122,24086
05895,2015,4.5972,111,24145
08001,1998,5.2501,5358,1020549
08001,1999,5.0213,5183,1032205
08001,2000,5.1537,5377,1043327
08001,2001,5.3753,5665,1053899
08001,2002,5.2055,5538,1063877
08001,2003,5.5426,5948,1073146
08001,2004,5.4507,5898,1082061
08001,2005,5.3816,5871,1090935
08001,2006,5.4034,5938,1098936
08001,2007,5.189,5743,1106754
08001,2008,5.1728,5763,1114090
08001,2009,5.0659,5680,1121221
08001,2010,5.0645,5713,1128038
08001,2011,4.6068,5226,1134420
08001,2012,5.365,6118,1140345
08001,2013,5.7861,6632,1146186
08001,2014,5.9564,6861,1151863
08001,2015,6.3322,7333,1158051
08078,1998,3.0909,142,45941
08078,1999,3.0985,145,46797
08078,2000,3.2326,154,47639
08078,2001,3.53,171,48442
08078,2002,3.3929,167,49220
08078,2003,3.7814,189,49981
08078,2004,3.2898,167,50763
08078,2005,3.5695,184,51548
08078,2006,3.7486,196,52286
08078,2007,3.6609,194,52993
08078,2008,3.478,187,53767
08078,2009,3.1544,172,54527
08078,2010,3.452,191,55331
08078,2011,2.7321,153,56000
08078,2012,3.2821,186,56671
08078,2013,3.8014,218,57347
08078,2014,4.8247,280,58035
08078,2015,4.1534,244,58747
08137,1998,2.9194,71,24320
08137,1999,2.6396,64,24246
08137,2000,2.5623,62,24197
08137,2001,2.7751,67,24143
08137,2002,3.8203,92,24082
08137,2003,3.4188,82,23985
08137,2004,3.6469,87,23856
08137,2005,3.1129,74,23772
08137,2006,3.6737,87,23682
08137,2007,3.8126,90,23606
08137,2008,3.6999,87,23514
08137,2009,2.4357,57,23402
08137,2010,2.5763,60,23289
08137,2011,1.3842,32,23118
08137,2012,2.1354,49,22947
08137,2013,3.5436,81,22858
08137,2014,4.0048,91,22723
08137,2015,4.4692,101,22599
08141,1998,2.2534,27,11982
08141,1999,1.9703,24,12181
08141,2000,3.3975,42,12362
08141,2001,2.5561,32,12519
08141,2002,3.1486,40,12704
08141,2003,2.9403,38,12924
08141,2004,2.7559,36,13063
08141,2005,2.341,31,13242
08141,2006,2.7489,37,13460
08141,2007,2.7164,37,13621
08141,2008,2.6008,36,13842
08141,2009,3.1496,44,13970
08141,2010,2.4697,35,14172
08141,2011,2.7855,40,14360
08141,2012,2.2702,33,14536
08141,2013,2.3145,34,14690
08141,2014,3.699,55,14869
08141,2015,3.9907,60,15035
08296,1998,2.0662,68,32910
08296,1999,1.7459,60,34366
08296,2000,2.26,81,35841
08296,2001,2.79,104,37276
08296,2002,2.2999,89,38697
08296,2003,2.3182,93,40118
08296,2004,2.6785,111,41441
08296,2005,2.4061,103,42807
08296,2006,2.3546,104,44168
08296,2007,2.1077,96,45548
08296,2008,2.2197,104,46853
08296,2009,2.2018,106,48143
08296,2010,1.5979,79,49440
08296,2011,1.4986,76,50713
08296,2012,2.1594,112,51867
08296,2013,2.6545,141,53117
08296,2014,2.9823,162,54320
08296,2015,3.3132,184,55535
08372,1998,2.1378,31,14501
08372,1999,3.1682,47,14835
08372,2000,2.8437,43,15121
08372,2001,2.5349,39,15385
08372,2002,3.1284,49,15663
08372,2003,3.0709,49,15956
08372,2004,2.89,47,16263
08372,2005,2.8991,48,16557
08372,2006,2.8448,48,16873
08372,2007,3.0861,53,17174
08372,2008,2.5196,44,17463
08372,2009,2.7564,49,17777
08372,2010,2.4383,44,18045
08372,2011,1.9016,35,18406
08372,2012,3.5737,67,18748
08372,2013,3.2644,62,18993
08372,2014,3.9849,77,19323
08372,2015,2.7559,54,19594
08421,1998,2.5211,57,22609
08421,1999,3.2909,75,22790
08421,2000,2.5217,58,23000
08421,2001,3.6202,84,23203
08421,2002,4.1485,97,23382
08421,2003,3.43,81,23615
08421,2004,3.4846,83,23819
08421,2005,3.5735,86,24066
08421,2006,3.7891,92,24280
08421,2007,2.6939,66,24500
08421,2008,3.5918,89,24779
08421,2009,3.9128,98,25046
08421,2010,2.9198,74,25344
08421,2011,1.9917,51,25606
08421,2012,3.4762,90,25890
08421,2013,3.8251,100,26143
08421,2014,4.7802,126,26359
08421,2015,4.9143,131,26657
08433,1998,2.1476,179,83350
08433,1999,2.5418,218,85767
08433,2000,2.6335,232,88096
08433,2001,2.3444,212,90429
08433,2002,3.1391,291,92702
08433,2003,2.9703,282,94941
08433,2004,3.1392,305,97159
08433,2005,2.9695,295,99343
08433,2006,3.2407,329,101521
08433,2007,3.185,330,103612
08433,2008,2.8379,300,105711
08433,2009,2.5427,274,107760
08433,2010,1.8038,198,109771
08433,2011,1.79,200,111734
08433,2012,2.2086,251,113649
08433,2013,3.1245,361,115540
08433,2014,3.3728,396,117411
08433,2015,3.394,405,119329
08436,1998,2.1448,37,17251
08436,1999,2.468,43,17423
08436,2000,2.6185,46,17567
08436,2001,2.995,53,17696
08436,2002,3.0334,54,17802
08436,2003,3.9665,71,17900
08436,2004,2.7721,50,18037
08436,2005,2.3133,42,18156
08436,2006,3.5028,64,18271
08436,2007,3.0475,56,18376
08436,2008,2.8632,53,18511
08436,2009,2.4152,45,18632
08436,2010,2.2413,42,18739
08436,2011,2.6076,49,18791
08436,2012,2.911,55,18894
08436,2013,3.0615,58,18945
08436,2014,3.6813,70,19015
08436,2015,5.3459,102,19080
08520,1998,3.3652,68,20207
08520,1999,3.3813,70,20702
08520,2000,4.0718,86,21121
08520,2001,3.7577,81,21556
08520,2002,3.363,74,22004
08520,2003,3.8309,86,22449
08520,2004,4.1483,95,22901
08520,2005,2.9122,68,23350
08520,2006,3.0782,73,23715
08520,2007,3.6446,88,24145
08520,2008,4.1561,102,24542
08520,2009,3.533,88,24908
08520,2010,3.4344,87,25332
08520,2011,2.412,62,25705
08520,2012,3.1895,83,26023
08520,2013,3.5985,95,26400
08520,2014,3.9257,105,26747
08520,2015,3.6453,99,27158
08549,1998,1.2099,6,4959
08549,1999,1.7871,9,5036
08549,2000,2.1514,11,5113
08549,2001,2.9081,15,5158
08549,2002,2.2927,12,5234
08549,2003,1.8854,10,5304
08549,2004,2.0665,11,5323
08549,2005,0.7406,4,5401
08549,2006,2.7382,15,5478
08549,2007,2.5166,14,5563
08549,2008,1.9479,11,5647
08549,2009,1.214,7,5766
08549,2010,1.5322,9,5874
08549,2011,1.1779,7,5943
08549,2012,2.1706,13,5989
08549,2013,2.4744,15,6062
08549,2014,3.2648,20,6126
08549,2015,4.1929,26,6201
08558,1998,3.7394,50,13371
08558,1999,3.3861,46,13585
08558,2000,3.5359,49,13858
08558,2001,4.3262,61,14100
08558,2002,2.6518,38,14330
08558,2003,4.4707,65,14539
08558,2004,3.8628,57,14756
08558,2005,3.6674,55,14997
08558,2006,3.8018,58,15256
08558,2007,2.7719,43,15513
08558,2008,2.164,34,15712
08558,2009,3.0117,48,15938
08558,2010,1.98,32,16162
08558,2011,3.3052,54,16338
08558,2012,3.6849,61,16554
08558,2013,3.8988,65,16672
08558,2014,3.7879,64,16896
08558,2015,3.0427,52,17090
08560,1998,1.4358,26,18108
08560,1999,2.7776,51,18361
08560,2000,1.9365,36,18590
08560,2001,2.1273,40,18803
08560,2002,2.8369,54,19035
08560,2003,2.5908,50,19299
08560,2004,2.0976,41,19546
08560,2005,2.0215,40,19787
08560,2006,3.0394,61,20070
08560,2007,2.7588,56,20299
08560,2008,2.2363,46,20570
08560,2009,2.682,56,20880
08560,2010,1.9394,41,21141
08560,2011,1.8221,39,21404
08560,2012,2.5323,55,21719
08560,2013,2.5138,55,21879
08560,2014,3.0618,68,22209
08560,2015,3.6061,81,22462
08573,1998,2.1132,67,31705
08573,1999,2.3948,78,32571
08573,2000,2.1818,73,33459
08573,2001,2.5923,89,34333
08573,2002,2.4154,85,35191
08573,2003,2.4707,89,36022
08573,2004,2.8451,105,36906
08573,2005,2.8091,106,37735
08573,2006,2.8248,109,38587
08573,2007,2.9399,116,39457
08573,2008,2.5602,103,40231
08573,2009,2.608,107,41028
08573,2010,2.3654,99,41854
08573,2011,2.2287,95,42626
08573,2012,2.6493,115,43408
08573,2013,3.0762,136,44210
08573,2014,3.1365,141,44954
08573,2015,3.7384,171,45741
08606,1998,2.0917,44,21036
08606,1999,2.5409,54,21252
08606,2000,2.9817,64,21464
08606,2001,3.0937,67,21657
08606,2002,3.1111,68,21857
08606,2003,3.4419,76,22081
08606,2004,2.5057,56,22349
08606,2005,2.9678,67,22576
08606,2006,3.2908,75,22791
08606,2007,2.9524,68,23032
08606,2008,2.7965,65,23243
08606,2009,2.8547,67,23470
08606,2010,2.4046,57,23705
08606,2011,1.337,32,23934
08606,2012,2.3992,58,24175
08606,2013,2.9125,71,24378
08606,2014,4.3107,106,24590
08606,2015,4.3884,109,24838
08634,1998,2.7796,59,21226
08634,1999,3.2979,72,21832
08634,2000,3.6114,81,22429
08634,2001,3.4817,80,22977
08634,2002,4.5097,106,23505
08634,2003,2.9087,70,24066
08634,2004,3.9364,97,24642
08634,2005,3.0556,77,25200
08634,2006,3.7705,97,25726
08634,2007,2.8221,74,26222
08634,2008,2.951,79,26771
08634,2009,2.9345,80,27262
08634,2010,3.4918,97,27779
08634,2011,2.1226,60,28267
08634,2012,3.8333,110,28696
08634,2013,4.0365,118,29233
08634,2014,3.4081,101,29635
08634,2015,3.5196,106,30117
08638,1998,3.2412,226,69728
08638,1999,2.7951,198,70838
08638,2000,3.5289,254,71977
08638,2001,3.2043,234,73027
08638,2002,3.7924,281,74095
08638,2003,4.1342,311,75226
08638,2004,3.4883,266,76254
08638,2005,3.62,280,77347
08638,2006,3.9418,309,78391
08638,2007,3.7621,299,79476
08638,2008,3.9343,317,80573
08638,2009,3.8074,311,81682
08638,2010,2.4643,204,82781
08638,2011,3.1971,268,83826
08638,2012,4.3286,367,84785
08638,2013,4.3575,374,85830
08638,2014,4.4689,388,86822
08638,2015,4.5975,404,87874
08675,1998,2.5719,28,10887
08675,1999,1.8807,21,11166
08675,2000,2.5407,29,11414
08675,2001,1.4569,17,11669
08675,2002,1.3441,16,11904
08675,2003,1.5619,19,12165
08675,2004,2.3364,29,12412
08675,2005,3.3209,42,12647
08675,2006,1.9348,25,12921
08675,2007,2.2802,30,13157
08675,2008,1.8658,25,13399
08675,2009,2.1247,29,13649
08675,2010,1.5121,21,13888
08675,2011,1.557,22,14130
08675,2012,1.594,23,14429
08675,2013,1.7877,26,14544
08675,2014,1.9642,29,14764
08675,2015,2.5349,38,14991
08685,1998,3.7757,82,21718
08685,1999,3.6075,80,22176
08685,2000,4.3321,98,22622
08685,2001,3.6463,84,23037
08685,2002,4.1365,97,23450
08685,2003,4.1646,99,23772
08685,2004,3.8813,94,24219
08685,2005,3.6149,89,24620
08685,2006,3.2404,81,24997
08685,2007,3.7804,96,25394
08685,2008,3.8867,100,25729
08685,2009,3.7959,99,26081
08685,2010,3.9291,104,26469
08685,2011,3.1741,85,26779
08685,2012,3.5106,95,27061
08685,2013,3.862,106,27447
08685,2014,3.9262,109,27762
08685,2015,5.0877,143,28107
08758,1998,1.829,624,341170
08758,1999,2.3219,825,355316
08758,2000,2.2857,844,369257
08758,2001,2.5034,959,383086
08758,2002,2.6223,1040,396604
08758,2003,2.8687,1176,409938
08758,2004,2.8297,1197,423016
08758,2005,2.7056,1180,436131
08758,2006,2.8625,1285,448906
08758,2007,2.4918,1150,461506
08758,2008,2.7455,1301,473860
08758,2009,2.6704,1298,486066
08758,2010,2.319,1155,498057
08758,2011,2.0694,1055,509818
08758,2012,2.2714,1184,521275
08758,2013,2.7147,1446,532656
08758,2014,3.0854,1678,543857
08758,2015,3.2543,1807,555266
08770,1998,1.3333,14,10500
08770,1999,1.7078,18,10540
08770,2000,1.9789,21,10612
08770,2001,2.6158,28,10704
08770,2002,2.5012,27,10795
08770,2003,1.6587,18,10852
08770,2004,2.3757,26,10944
08770,2005,1.363,15,11005
08770,2006,3.158,35,11083
08770,2007,2.2494,25,11114
08770,2008,2.6853,30,11172
08770,2009,2.4856,28,11265
08770,2010,2.1347,24,11243
08770,2011,1.5917,18,11309
08770,2012,2.8968,33,11392
08770,2013,2.1891,25,11420
08770,2014,3.1422,36,11457
08770,2015,4.441,51,11484
08832,1998,2.4246,27,11136
08832,1999,2.0972,24,11444
08832,2000,2.3049,27,11714
08832,2001,2.3329,28,12002
08832,2002,1.7928,22,12271
08832,2003,2.8662,36,12560
08832,2004,2.6472,34,12844
08832,2005,2.2095,29,13125
08832,2006,2.455,33,13442
08832,2007,2.1804,30,13759
08832,2008,1.6395,23,14029
08832,2009,2.6599,38,14286
08832,2010,2.3331,34,14573
08832,2011,2.8919,43,14869
08832,2012,1.9049,29,15224
08832,2013,2.3138,36,15559
08832,2014,3.1009,49,15802
08832,2015,1.9293,31,16068
08849,1998,3.0798,26,8442
08849,1999,3.3569,29,8639
08849,2000,2.4895,22,8837
08849,2001,3.5379,32,9045
08849,2002,2.8126,26,9244
08849,2003,2.8641,27,9427
08849,2004,3.9485,38,9624
08849,2005,3.269,32,9789
08849,2006,3.3136,33,9959
08849,2007,2.754,28,10167
08849,2008,2.2209,23,10356
08849,2009,1.9971,21,10515
08849,2010,3.387,36,10629
08849,2011,2.8569,31,10851
08849,2012,2.9773,33,11084
08849,2013,1.9597,22,11226
08849,2014,2.5528,29,11360
08849,2015,3.7284,43,11533
11001,1998,4.0222,23796,5916230
11001,1999,4.1775,25296,6055303
11001,2000,4.0237,24886,6184880
11001,2001,4.0042,25244,6304362
11001,2002,3.8916,24964,6414904
11001,2003,3.9363,25659,6518528
11001,2004,3.9627,26219,6616513
11001,2005,3.9449,26474,6710910
11001,2006,3.9175,26644,6801343
11001,2007,3.9607,27268,6884569
11001,2008,3.9793,27698,6960512
11001,2009,3.8287,26921,7031399
11001,2010,4.048,28728,7096886
11001,2011,4.0219,28767,7152656
11001,2012,4.0556,29184,7195980
11001,2013,3.9501,28553,7228427
11001,2014,4.1036,29763,7252949
11001,2015,4.2416,30850,7273265
13001,1998,4.0378,2988,739998
13001,1999,4.2988,3263,759052
13001,2000,4.4891,3473,773653
13001,2001,4.2058,3313,787731
13001,2002,4.1342,3313,801358
13001,2003,4.2208,3437,814309
13001,2004,3.7929,3136,826818
13001,2005,3.8545,3233,838757
13001,2006,3.8803,3300,850452
13001,2007,3.5645,3071,861563
13001,2008,3.899,3398,871497
13001,2009,4.0311,3564,884136
13001,2010,3.8055,3401,893696
13001,2011,3.539,3195,902797
13001,2012,3.895,3550,911414
13001,2013,3.8552,3546,919794
13001,2014,4.4243,4105,927832
13001,2015,4.7858,4479,935887
13006,1998,1.1083,19,17143
13006,1999,2.1485,37,17221
13006,2000,2.1066,37,17564
13006,2001,1.5609,28,17938
13006,2002,1.3654,25,18310
13006,2003,1.9764,37,18721
13006,2004,1.7795,34,19106
13006,2005,1.6431,32,19475
13006,2006,2.3127,46,19890
13006,2007,1.9721,40,20283
13006,2008,1.9841,41,20664
13006,2009,1.819,38,20891
13006,2010,1.8859,40,21210
13006,2011,1.7139,37,21588
13006,2012,1.912,42,21967
13006,2013,2.1081,47,22295
13006,2014,2.7827,63,22640
13006,2015,2.5259,58,22962
13030,1998,1.6119,13,8065
13030,1999,0.368,3,8152
13030,2000,1.3234,11,8312
13030,2001,1.0635,9,8463
13030,2002,1.6251,14,8615
13030,2003,1.5998,14,8751
13030,2004,1.2343,11,8912
13030,2005,1.9912,18,9040
13030,2006,2.4984,23,9206
13030,2007,1.3867,13,9375
13030,2008,2.7302,26,9523
13030,2009,2.1827,21,9621
13030,2010,2.3607,23,9743
13030,2011,2.6302,26,9885
13030,2012,1.8,18,10000
13030,2013,1.68,17,10119
13030,2014,1.7474,18,10301
13030,2015,1.9272,20,10378
13042,1998,0.7842,6,7651
13042,1999,2.2413,17,7585
13042,2000,1.8334,14,7636
13042,2001,1.961,15,7649
13042,2002,2.8676,22,7672
13042,2003,1.5629,12,7678
13042,2004,2.7259,21,7704
13042,2005,2.075,16,7711
13042,2006,1.4275,11,7706
13042,2007,2.6004,20,7691
13042,2008,2.8612,22,7689
13042,2009,1.7013,13,7641
13042,2010,2.4974,19,7608
13042,2011,2.5026,19,7592
13042,2012,4.2216,32,7580
13042,2013,3.716,28,7535
13042,2014,5.2216,39,7469
13042,2015,4.1915,31,7396
13052,1998,2.5464,131,51446
13052,1999,3.3982,179,52675
13052,2000,3.3681,181,53739
13052,2001,3.5766,196,54801
13052,2002,3.3317,186,55828
13052,2003,2.9744,169,56819
13052,2004,3.3231,192,57778
13052,2005,3.4225,201,58729
13052,2006,3.0853,184,59637
13052,2007,2.2296,135,60549
13052,2008,3.8141,234,61351
13052,2009,2.9239,182,62246
13052,2010,3.2047,202,63032
13052,2011,3.262,208,63765
13052,2012,3.4116,220,64485
13052,2013,3.1297,204,65181
13052,2014,3.8418,253,65855
13052,2015,3.8601,257,66578
13062,1998,0.8082,7,8661
13062,1999,1.6194,14,8645
13062,2000,0.4632,4,8636
13062,2001,1.391,12,8627
13062,2002,0.9281,8,8620
13062,2003,0.8156,7,8583
13062,2004,0.6993,6,8580
13062,2005,1.166,10,8576
13062,2006,1.0542,9,8537
13062,2007,1.8722,16,8546
13062,2008,1.5136,13,8589
13062,2009,1.2963,11,8486
13062,2010,2.2272,19,8531
13062,2011,1.5412,13,8435
13062,2012,2.5108,21,8364
13062,2013,1.9143,16,8358
13062,2014,2.2939,19,8283
13062,2015,3.5496,29,8170
13074,1998,0.625,8,12799
13074,1999,1.8757,24,12795
13074,2000,1.2405,16,12898
13074,2001,1.4585,19,13027
13074,2002,1.8257,24,13146
13074,2003,1.2796,17,13285
13074,2004,1.9381,26,13415
13074,2005,1.699,23,13537
13074,2006,2.1239,29,13654
13074,2007,1.3071,18,13771
13074,2008,1.724,24,13921
13074,2009,2.2992,32,13918
13074,2010,1.6438,23,13992
13074,2011,2.3418,33,14092
13074,2012,1.9015,27,14199
13074,2013,2.8703,41,14284
13074,2014,2.0202,29,14355
13074,2015,2.5677,37,14410
13140,1998,2.5322,45,17771
13140,1999,3.6793,66,17938
13140,2000,4.4964,82,18237
13140,2001,3.0257,56,18508
13140,2002,2.979,56,18798
13140,2003,2.7822,53,19050
13140,2004,2.6937,52,19304
13140,2005,2.3027,45,19542
13140,2006,2.019,40,19812
13140,2007,1.7956,36,20049
13140,2008,2.7567,56,20314
13140,2009,2.7365,56,20464
13140,2010,2.9029,60,20669
13140,2011,2.5862,54,20880
13140,2012,3.8911,82,21074
13140,2013,4.8916,104,21261
13140,2014,4.197,90,21444
13140,2015,3.7481,81,21611
13160,1998,0.6295,3,4766
13160,1999,1.2265,6,4892
13160,2000,1.3712,7,5105
13160,2001,3.0132,16,5310
13160,2002,2.0007,11,5498
13160,2003,2.6408,15,5680
13160,2004,3.0727,18,5858
13160,2005,3.8029,23,6048
13160,2006,2.5777,16,6207
13160,2007,2.3467,15,6392
13160,2008,3.6408,24,6592
13160,2009,1.9314,13,6731
13160,2010,2.6061,18,6907
13160,2011,2.5561,18,7042
13160,2012,1.2446,9,7231
13160,2013,2.5683,19,7398
13160,2014,2.1277,16,7520
13160,2015,3.9088,30,7675
13188,1998,2.9216,22,7530
13188,1999,2.9378,23,7829
13188,2000,2.8093,23,8187
13188,2001,3.7594,32,8512
13188,2002,1.7024,15,8811
13188,2003,3.2888,30,9122
13188,2004,2.8599,27,9441
13188,2005,2.7684,27,9753
13188,2006,3.0785,31,10070
13188,2007,2.1201,22,10377
13188,2008,3.4673,37,10671
13188,2009,2.2858,25,10937
13188,2010,1.1595,13,11212
13188,2011,2.0844,24,11514
13188,2012,2.462,29,11779
13188,2013,2.2468,27,12017
13188,2014,3.5082,43,12257
13188,2015,3.1911,40,12535
13212,1998,0.7712,11,14264
13212,1999,1.9788,28,14150
13212,2000,1.5444,22,14245
13212,2001,2.2284,32,14360
13212,2002,1.7317,25,14437
13212,2003,2.3382,34,14541
13212,2004,1.7743,26,14654
13212,2005,2.0307,30,14773
13212,2006,2.1485,32,14894
13212,2007,2.0003,30,14998
13212,2008,2.1893,33,15073
13212,2009,2.325,35,15054
13212,2010,1.9822,30,15135
13212,2011,1.3126,20,15237
13212,2012,1.9595,30,15310
13212,2013,2.2751,35,15384
13212,2014,2.2685,35,15429
13212,2015,1.4869,23,15468
13222,1998,0.8306,9,10836
13222,1999,1.3636,15,11000
13222,2000,2.3123,26,11244
13222,2001,2.5222,29,11498
13222,2002,2.8021,33,11777
13222,2003,3.2449,39,12019
13222,2004,2.6095,32,12263
13222,2005,1.9263,24,12459
13222,2006,2.5249,32,12674
13222,2007,3.0265,39,12886
13222,2008,2.0691,27,13049
13222,2009,2.5728,34,13215
13222,2010,1.568,21,13393
13222,2011,2.2114,30,13566
13222,2012,2.9259,40,13671
13222,2013,2.0296,28,13796
13222,2014,2.2285,31,13911
13222,2015,2.4936,35,14036
13244,1998,4.1561,273,65686
13244,1999,4.3229,285,65928
13244,2000,4.5499,302,66375
13244,2001,3.0393,203,66792
13244,2002,2.7076,182,67218
13244,2003,3.5949,243,67596
13244,2004,2.9294,199,67933
13244,2005,2.8271,193,68268
13244,2006,2.5669,176,68564
13244,2007,1.7583,121,68815
13244,2008,2.9415,203,69012
13244,2009,2.735,189,69105
13244,2010,2.6008,180,69210
13244,2011,2.5828,179,69305
13244,2012,2.813,195,69322
13244,2013,3.2445,225,69348
13244,2014,3.3756,234,69322
13244,2015,3.2616,226,69291
13248,1998,2.4334,18,7397
13248,1999,2.5551,19,7436
13248,2000,3.063,23,7509
13248,2001,3.1654,24,7582
13248,2002,2.3616,18,7622
13248,2003,2.3349,18,7709
13248,2004,2.0489,16,7809
13248,2005,2.539,20,7877
13248,2006,5.4815,44,8027
13248,2007,3.9915,32,8017
13248,2008,3.5962,29,8064
13248,2009,3.7143,30,8077
13248,2010,3.9312,32,8140
13248,2011,4.0367,33,8175
13248,2012,4.2512,35,8233
13248,2013,4.087,34,8319
13248,2014,4.6651,39,8360
13248,2015,3.7273,31,8317
13268,1998,0.6673,8,11989
13268,1999,1.0297,12,11654
13268,2000,1.3065,15,11481
13268,2001,0.7088,8,11287
13268,2002,0.719,8,11126
13268,2003,0.8233,9,10931
13268,2004,1.0221,11,10762
13268,2005,2.468,26,10535
13268,2006,1.3542,14,10338
13268,2007,1.0861,11,10128
13268,2008,1.0075,10,9926
13268,2009,2.1768,21,9647
13268,2010,1.2705,12,9445
13268,2011,1.8444,17,9217
13268,2012,0.8893,8,8996
13268,2013,2.1704,19,8754
13268,2014,1.5348,13,8470
13268,2015,1.8144,15,8267
13300,1998,0.8466,12,14174
13300,1999,2.0176,28,13878
13300,2000,1.955,27,13811
13300,2001,1.5981,22,13766
13300,2002,1.0939,15,13713
13300,2003,0.5129,7,13649
13300,2004,1.3236,18,13599
13300,2005,0.7433,10,13454
13300,2006,1.3412,18,13421
13300,2007,1.0458,14,13387
13300,2008,1.8014,24,13323
13300,2009,1.597,21,13150
13300,2010,1.2234,16,13078
13300,2011,2.3112,30,12980
13300,2012,1.7861,23,12877
13300,2013,1.4904,19,12748
13300,2014,1.8225,23,12620
13300,2015,2.7235,34,12484
13430,1998,2.9213,312,106803
13430,1999,3.4267,371,108268
13430,2000,3.4945,384,109886
13430,2001,3.4258,382,111507
13430,2002,3.5453,401,113108
13430,2003,3.5154,403,114637
13430,2004,3.5215,409,116144
13430,2005,3.9288,462,117593
13430,2006,4.1762,497,119009
13430,2007,3.4555,416,120388
13430,2008,4.0537,493,121616
13430,2009,4.0746,500,122710
13430,2010,2.9876,370,123845
13430,2011,3.4818,435,124937
13430,2012,4.0099,505,125937
13430,2013,3.8767,492,126913
13430,2014,4.3258,553,127838
13430,2015,4.7367,610,128781
13433,1998,2.7895,62,22226
13433,1999,3.7221,83,22299
13433,2000,2.7887,63,22591
13433,2001,3.9358,90,22867
13433,2002,2.6327,61,23170
13433,2003,3.2349,76,23494
13433,2004,2.393,57,23819
13433,2005,2.7804,67,24097
13433,2006,2.8284,69,24395
13433,2007,2.6726,66,24695
13433,2008,2.5218,63,24982
13433,2009,2.3101,58,25107
13433,2010,2.7991,71,25365
13433,2011,3.1949,82,25666
13433,2012,3.6654,95,25918
13433,2013,2.794,73,26127
13433,2014,3.0371,80,26341
13433,2015,3.6461,97,26604
13440,1998,1.2325,11,8925
13440,1999,1.3497,12,8891
13440,2000,1.4509,13,8960
13440,2001,1.8731,17,9076
13440,2002,1.0909,10,9167
13440,2003,2.3804,22,9242
13440,2004,2.4541,23,9372
13440,2005,2.6438,25,9456
13440,2006,2.1013,20,9518
13440,2007,1.6655,16,9607
13440,2008,2.9792,29,9734
13440,2009,4.8319,47,9727
13440,2010,4.3918,43,9791
13440,2011,3.038,30,9875
13440,2012,2.6144,26,9945
13440,2013,1.798,18,10011
13440,2014,1.8825,19,10093
13440,2015,2.7384,28,10225
13442,1998,2.2709,82,36109
13442,1999,2.9431,107,36356
13442,2000,2.4395,90,36893
13442,2001,2.7244,102,37440
13442,2002,2.4478,93,37993
13442,2003,2.6454,102,38558
13442,2004,2.7104,106,39109
13442,2005,2.9238,116,39675
13442,2006,2.6854,108,40217
13442,2007,2.2563,92,40775
13442,2008,2.6635,110,41299
13442,2009,3.2213,134,41598
13442,2010,3.3999,143,42060
13442,2011,3.3376,142,42545
13442,2012,3.442,148,42998
13442,2013,4.1002,178,43413
13442,2014,4.2429,186,43838
13442,2015,3.8864,172,44257
13458,1998,1.3817,12,8685
13458,1999,1.0117,9,8896
13458,2000,0.3237,3,9267
13458,2001,0.8271,8,9672
13458,2002,0.8937,9,10071
13458,2003,1.4354,15,10450
13458,2004,1.4748,16,10849
13458,2005,0.6243,7,11212
13458,2006,1.1185,13,11623
13458,2007,1.4924,18,12061
13458,2008,1.3662,17,12443
13458,2009,1.4145,18,12725
13458,2010,0.8396,11,13102
13458,2011,0.9635,13,13492
13458,2012,0.9365,13,13881
13458,2013,1.9646,28,14252
13458,2014,1.0247,15,14638
13458,2015,1.2008,18,14990
13468,1998,2.8136,104,36963
13468,1999,3.2794,122,37202
13468,2000,2.6045,98,37627
13468,2001,2.7589,105,38058
13468,2002,3.5072,135,38492
13468,2003,2.5181,98,38919
13468,2004,2.8703,113,39369
13468,2005,3.4981,139,39736
13468,2006,2.9141,117,40150
13468,2007,2.2922,93,40573
13468,2008,2.7115,111,40937
13468,2009,3.0388,125,41134
13468,2010,3.712,154,41487
13468,2011,3.2068,134,41786
13468,2012,3.2316,136,42085
13468,2013,3.3472,142,42424
13468,2014,3.7031,158,42667
13468,2015,4.5158,194,42960
13473,1998,1.0601,15,14150
13473,1999,1.8777,27,14379
13473,2000,1.4882,22,14783
13473,2001,0.9223,14,15180
13473,2002,1.2816,20,15606
13473,2003,1.6862,27,16012
13473,2004,0.7912,13,16431
13473,2005,1.7816,30,16839
13473,2006,2.0826,36,17286
13473,2007,1.5243,27,17713
13473,2008,1.765,32,18130
13473,2009,1.7384,32,18408
13473,2010,1.5952,30,18806
13473,2011,1.3528,26,19219
13473,2012,1.2251,24,19590
13473,2013,1.3487,27,20019
13473,2014,0.6864,14,20395
13473,2015,1.2011,25,20815
13490,2008,0.2438,1,4101
13490,2009,0.22,1,4546
13490,2010,0.1985,1,5038
13490,2011,0.9035,5,5534
13490,2012,0.497,3,6036
13490,2013,0.7668,5,6521
13490,2014,0.8507,6,7053
13490,2015,1.5854,12,7569
13549,1998,0.7274,15,20620
13549,1999,0.7321,15,20489
13549,2000,1.2096,25,20668
13549,2001,1.1031,23,20850
13549,2002,1.3763,29,21071
13549,2003,2.0192,43,21296
13549,2004,2.0463,44,21502
13549,2005,2.2567,49,21713
13549,2006,1.6423,36,21921
13549,2007,1.3088,29,22158
13549,2008,2.7672,62,22405
13549,2009,2.6852,60,22345
13549,2010,2.4383,55,22557
13549,2011,2.5454,58,22786
13549,2012,1.3059,30,22972
13549,2013,1.9883,46,23135
13549,2014,2.0181,47,23289
13549,2015,1.751,41,23415
13580,1998,0.6608,3,4540
13580,1999,0.863,4,4635
13580,2000,0.4205,2,4756
13580,2001,3.2501,16,4923
13580,2002,2.1877,11,5028
13580,2003,2.3324,12,5145
13580,2004,3.4007,18,5293
13580,2005,2.0352,11,5405
13580,2006,2.3564,13,5517
13580,2007,1.4139,8,5658
13580,2008,1.5649,9,5751
13580,2009,1.7097,10,5849
13580,2010,1.1763,7,5951
13580,2011,1.3254,8,6036
13580,2012,0.163,1,6135
13580,2013,1.4483,9,6214
13580,2014,2.6873,17,6326
13580,2015,2.3559,15,6367
13600,1998,1.2471,19,15235
13600,1999,0.601,9,14974
13600,2000,1.5403,23,14932
13600,2001,0.8047,12,14912
13600,2002,1.0753,16,14879
13600,2003,1.9531,29,14848
13600,2004,1.5539,23,14801
13600,2005,1.7645,26,14735
13600,2006,1.6322,24,14704
13600,2007,0.8184,12,14663
13600,2008,1.669,19,11384
13600,2009,2.6695,30,11238
13600,2010,1.6936,19,11219
13600,2011,2.5189,28,11116
13600,2012,1.7232,19,11026
13600,2013,1.2773,14,10961
13600,2014,2.7698,30,10831
13600,2015,2.8845,31,10747
13620,1998,1.3532,9,6651
13620,1999,1.9345,13,6720
13620,2000,4.1207,28,6795
13620,2001,3.317,23,6934
13620,2002,3.7138,26,7001
13620,2003,2.6674,19,7123
13620,2004,3.4703,25,7204
13620,2005,3.3044,24,7263
13620,2006,2.1831,16,7329
13620,2007,2.551,19,7448
13620,2008,2.7944,21,7515
13620,2009,1.0576,8,7564
13620,2010,3.4094,26,7626
13620,2011,3.1246,24,7681
13620,2012,2.3361,18,7705
13620,2013,1.8086,14,7741
13620,2014,2.4297,19,7820
13620,2015,3.1843,25,7851
13647,1998,0.5381,8,14866
13647,1999,1.3263,20,15080
13647,2000,0.5891,9,15277
13647,2001,1.8715,29,15496
13647,2002,1.7866,28,15672
13647,2003,1.5756,25,15867
13647,2004,2.431,39,16043
13647,2005,1.7257,28,16225
13647,2006,2.1941,36,16408
13647,2007,1.7505,29,16567
13647,2008,2.573,43,16712
13647,2009,2.4908,42,16862
13647,2010,3.2315,55,17020
13647,2011,2.512,43,17118
13647,2012,2.4335,42,17259
13647,2013,2.3007,40,17386
13647,2014,2.3384,41,17533
13647,2015,3.2817,58,17674
13650,1998,0.2013,2,9935
13650,1999,0.504,5,9921
13650,2000,1.9938,20,10031
13650,2001,0.8844,9,10176
13650,2002,1.8484,19,10279
13650,2003,1.6299,17,10430
13650,2004,1.3194,14,10611
13650,2005,2.8983,31,10696
13650,2006,1.7494,19,10861
13650,2007,1.7251,19,11014
13650,2008,1.4314,16,11178
13650,2009,1.9599,22,11225
13650,2010,1.4957,17,11366
13650,2011,1.3922,16,11493
13650,2012,1.6367,19,11609
13650,2013,1.7138,20,11670
13650,2014,1.1812,14,11852
13650,2015,2.2592,27,11951
13654,1998,3.5075,85,24234
13654,1999,3.9074,95,24313
13654,2000,4.0938,100,24427
13654,2001,3.6757,90,24485
13654,2002,2.8977,71,24502
13654,2003,2.9707,73,24573
13654,2004,2.9726,73,24558
13654,2005,3.2971,81,24567
13654,2006,3.949,97,24563
13654,2007,2.6514,65,24515
13654,2008,3.0228,74,24481
13654,2009,3.1878,78,24468
13654,2010,1.8835,46,24423
13654,2011,1.478,36,24358
13654,2012,3.298,80,24257
13654,2013,3.7709,91,24132
13654,2014,3.6624,88,24028
13654,2015,3.3825,81,23947
13655,1999,0.1713,1,5838
13655,2001,0.1596,1,6264
13655,2002,2.7872,18,6458
13655,2003,0.8967,6,6691
13655,2004,1.1572,8,6913
13655,2005,3.2349,23,7110
13655,2006,0.4086,3,7343
13655,2007,1.1892,9,7568
13655,2008,1.0263,8,7795
13655,2009,1.1325,9,7947
13655,2010,1.1039,9,8153
13655,2011,1.3144,11,8369
13655,2012,1.0515,9,8559
13655,2013,2.0543,18,8762
13655,2014,1.3477,12,8904
13655,2015,0.3273,3,9166
13657,1998,3.2391,102,31490
13657,1999,3.8639,123,31833
13657,2000,3.7279,120,32190
13657,2001,3.7152,121,32569
13657,2002,3.4929,115,32924
13657,2003,3.6673,122,33267
13657,2004,3.1935,107,33506
13657,2005,3.5989,122,33899
13657,2006,3.1298,107,34188
13657,2007,2.8727,99,34462
13657,2008,3.0256,105,34704
13657,2009,3.2656,114,34909
13657,2010,3.4151,120,35138
13657,2011,3.4267,121,35311
13657,2012,3.295,117,35508
13657,2013,3.4201,122,35671
13657,2014,3.9939,143,35805
13657,2015,2.896,104,35911
13667,1998,0.1862,5,26859
13667,1999,0.5774,15,25977
13667,2000,0.4314,11,25501
13667,2001,0.5995,15,25021
13667,2002,0.6931,17,24528
13667,2003,0.6232,15,24068
13667,2004,0.9762,23,23561
13667,2005,1.4758,34,23039
13667,2006,1.6455,37,22485
13667,2007,0.9555,21,21978
13667,2008,1.82,39,21428
13667,2009,1.1126,23,20673
13667,2010,1.6942,34,20068
13667,2011,2.368,46,19426
13667,2012,2.343,44,18779
13667,2013,1.8767,34,18117
13667,2014,2.6369,46,17445
13667,2015,3.1043,52,16751
13670,1998,1.7284,35,20250
13670,1999,1.5517,32,20623
13670,2000,2.5169,53,21058
13670,2001,3.2111,69,21488
13670,2002,3.8793,85,21911
13670,2003,3.5378,79,22330
13670,2004,3.0809,70,22721
13670,2005,3.3747,78,23113
13670,2006,3.7905,89,23480
13670,2007,2.6831,64,23853
13670,2008,3.7614,91,24193
13670,2009,3.5914,88,24503
13670,2010,3.9905,99,24809
13670,2011,3.5834,90,25116
13670,2012,3.4648,88,25398
13670,2013,2.8851,74,25649
13670,2014,2.6653,69,25888
13670,2015,3.7482,98,26146
13673,1998,1.6816,19,11299
13673,1999,1.4981,17,11348
13673,2000,1.997,23,11517
13673,2001,2.0537,24,11686
13673,2002,1.1795,14,11869
13673,2003,2.9036,35,12054
13673,2004,2.6961,33,12240
13673,2005,2.1723,27,12429
13673,2006,2.0666,26,12581
13673,2007,1.3312,17,12770
13673,2008,1.6988,22,12950
13673,2009,2.3833,31,13007
13673,2010,1.4441,19,13157
13673,2011,1.4984,20,13348
13673,2012,2.0752,28,13493
13673,2013,2.4215,33,13628
13673,2014,3.1252,43,13759
13673,2015,2.3861,33,13830
13683,1998,3.6039,52,14429
13683,1999,4.4218,66,14926
13683,2000,5.3605,82,15297
13683,2001,3.7572,59,15703
13683,2002,4.2959,69,16062
13683,2003,3.9593,65,16417
13683,2004,3.2173,54,16784
13683,2005,4.6129,79,17126
13683,2006,2.9735,52,17488
13683,2007,3.2626,58,17777
13683,2008,2.7102,49,18080
13683,2009,4.3426,80,18422
13683,2010,3.3661,63,18716
13683,2011,3.4757,66,18989
13683,2012,3.8898,75,19281
13683,2013,3.3345,65,19493
13683,2014,3.3386,66,19769
13683,2015,4.2379,85,20057
13688,1998,2.8797,55,19099
13688,1999,4.0564,80,19722
13688,2000,2.4479,50,20426
13688,2001,3.3562,71,21155
13688,2002,3.7003,81,21890
13688,2003,2.6097,59,22608
13688,2004,2.7438,64,23325
13688,2005,3.0769,74,24050
13688,2006,2.3415,58,24770
13688,2007,1.6877,43,25478
13688,2008,3.249,85,26162
13688,2009,2.3548,63,26754
13688,2010,2.9196,80,27401
13688,2011,3.4944,98,28045
13688,2012,3.1042,89,28671
13688,2013,3.2117,94,29268
13688,2014,2.9468,88,29863
13688,2015,3.6396,111,30498
13744,1998,2.188,25,11426
13744,1999,2.8336,33,11646
13744,2000,3.0916,37,11968
13744,2001,1.3841,17,12282
13744,2002,3.6415,46,12632
13744,2003,2.931,38,12965
13744,2004,3.908,52,13306
13744,2005,3.369,46,13654
13744,2006,2.7883,39,13987
13744,2007,2.5084,36,14352
13744,2008,2.5172,37,14699
13744,2009,2.8763,43,14950
13744,2010,3.9929,61,15277
13744,2011,2.6895,42,15616
13744,2012,3.1993,51,15941
13744,2013,2.9571,48,16232
13744,2014,2.5891,43,16608
13744,2015,4.084,69,16895
13760,1998,2.1425,19,8868
13760,1999,2.2121,20,9041
13760,2000,2.1815,20,9168
13760,2001,1.2913,12,9293
13760,2002,1.3827,13,9402
13760,2003,2.103,20,9510
13760,2004,0.6251,6,9599
13760,2005,2.7832,27,9701
13760,2006,3.1662,31,9791
13760,2007,1.3181,13,9863
13760,2008,1.2088,12,9927
13760,2009,2.5889,26,10043
13760,2010,2.9674,30,10110
13760,2011,1.8743,19,10137
13760,2012,2.6362,27,10242
13760,2013,2.527,26,10289
13760,2014,3.0053,31,10315
13760,2015,4.3178,45,10422
13780,1998,1.0625,17,16000
13780,1999,1.0768,17,15787
13780,2000,0.9558,15,15693
13780,2001,1.2201,19,15572
13780,2002,1.8725,29,15487
13780,2003,1.43,22,15385
13780,2004,1.703,26,15267
13780,2005,1.7816,27,15155
13780,2006,2.7935,42,15035
13780,2007,1.6771,25,14907
13780,2008,1.1509,17,14771
13780,2009,2.9539,43,14557
13780,2010,2.0852,30,14387
13780,2011,2.3186,33,14233
13780,2012,2.0614,29,14068
13780,2013,3.1735,44,13865
13780,2014,3.3562,46,13706
13780,2015,3.6949,50,13532
13810,1998,0.984,14,14227
13810,1999,2.1142,30,14190
13810,2000,1.2452,18,14455
13810,2001,0.9552,14,14657
13810,2002,1.209,18,14888
13810,2003,1.521,23,15122
13810,2004,1.5622,24,15363
13810,2005,2.1188,33,15575
13810,2006,1.9605,31,15812
13810,2007,1.5587,25,16039
13810,2008,1.1069,18,16261
13810,2009,1.1021,18,16333
13810,2010,1.4521,24,16528
13810,2011,1.6766,28,16700
13810,2012,1.6619,28,16848
13810,2013,1.4664,25,17049
13810,2014,2.2092,38,17201
13810,2015,1.6704,29,17361
13836,1998,2.0331,133,65418
13836,1999,2.0984,143,68146
13836,2000,2.5245,178,70509
13836,2001,1.7587,128,72783
13836,2002,2.478,186,75060
13836,2003,2.6153,202,77238
13836,2004,2.2933,182,79363
13836,2005,2.3209,189,81435
13836,2006,2.2529,188,83448
13836,2007,2.096,179,85401
13836,2008,1.8107,158,87257
13836,2009,2.1263,190,89359
13836,2010,2.4688,225,91136
13836,2011,2.2722,211,92862
13836,2012,2.6133,247,94515
13836,2013,2.5898,249,96145
13836,2014,2.3959,234,97668
13836,2015,2.6603,264,99237
13838,1998,1.8435,23,12476
13838,1999,1.4109,18,12758
13838,2000,1.3104,17,12973
13838,2001,1.5149,20,13202
13838,2002,2.1629,29,13408
13838,2003,1.9741,27,13677
13838,2004,1.7309,24,13866
13838,2005,1.6353,23,14065
13838,2006,2.385,34,14256
13838,2007,2.0753,30,14456
13838,2008,1.9134,28,14634
13838,2009,2.9009,43,14823
13838,2010,2.8,42,15000
13838,2011,3.1687,48,15148
13838,2012,3.7201,57,15322
13838,2013,2.5179,39,15489
13838,2014,3.206,50,15596
13838,2015,3.1155,49,15728
13873,1998,1.6452,29,17627
13873,1999,2.213,40,18075
13873,2000,3.6876,68,18440
13873,2001,3.7216,70,18809
13873,2002,3.3307,64,19215
13873,2003,2.8149,55,19539
13873,2004,2.4665,49,19866
13873,2005,2.9721,60,20188
13873,2006,2.8265,58,20520
13873,2007,2.1137,44,20817
13873,2008,2.7467,58,21116
13873,2009,2.1452,46,21443
13873,2010,2.5311,55,21730
13873,2011,2.6453,58,21926
13873,2012,3.4316,76,22147
13873,2013,2.814,63,22388
13873,2014,3.4074,77,22598
13873,2015,2.9776,68,22837
13894,1998,3.8171,42,11003
13894,1999,3.3157,37,11159
13894,2000,2.5854,29,11217
13894,2001,2.0443,23,11251
13894,2002,2.2958,26,11325
13894,2003,1.5783,18,11405
13894,2004,2.5314,29,11456
13894,2005,2.4329,28,11509
13894,2006,3.632,42,11564
13894,2007,2.9361,34,11580
13894,2008,3.1034,36,11600
13894,2009,2.1537,25,11608
13894,2010,3.1724,37,11663
13894,2011,2.9162,34,11659
13894,2012,2.3132,27,11672
13894,2013,2.7362,32,11695
13894,2014,4.0875,48,11743
13894,2015,3.653,43,11771
15001,1998,4.0178,474,117976
15001,1999,4.1733,505,121007
15001,2000,4.6219,573,123975
15001,2001,4.6577,591,126886
15001,2002,4.1312,536,129744
15001,2003,3.6107,479,132661
15001,2004,3.7939,514,135482
15001,2005,4.3509,601,138131
15001,2006,3.8954,549,140936
15001,2007,3.7445,538,143677
15001,2008,4.5131,661,146463
15001,2009,3.6666,547,149183
15001,2010,3.935,598,151971
15001,2011,3.9837,616,154630
15001,2012,4.1733,656,157191
15001,2013,4.0268,643,159682
15001,2014,3.8785,629,162176
15001,2015,4.2746,704,164693
15022,1998,1.7733,11,6203
15022,1999,1.6734,10,5976
15022,2000,3.4644,20,5773
15022,2001,2.1731,12,5522
15022,2002,3.4039,18,5288
15022,2003,2.9609,15,5066
15022,2004,2.6782,13,4854
15022,2005,4.9229,23,4672
15022,2006,3.171,14,4415
15022,2007,3.0975,13,4197
15022,2008,4.7956,19,3962
15022,2009,4.2701,16,3747
15022,2010,3.1268,11,3518
15022,2011,6.331,21,3317
15022,2012,4.7725,15,3143
15022,2013,4.0998,12,2927
15022,2014,6.6421,18,2710
15022,2015,5.4602,14,2564
15047,1998,4.941,80,16191
15047,1999,5.6399,91,16135
15047,2000,5.3036,85,16027
15047,2001,4.0653,65,15989
15047,2002,6.1933,99,15985
15047,2003,5.0273,80,15913
15047,2004,5.2363,83,15851
15047,2005,5.5845,88,15758
15047,2006,5.6072,88,15694
15047,2007,5.3049,83,15646
15047,2008,4.8834,76,15563
15047,2009,4.7549,74,15563
15047,2010,4.8381,75,15502
15047,2011,5.0564,78,15426
15047,2012,6.1015,94,15406
15047,2013,4.4187,68,15389
15047,2014,6.6992,103,15375
15047,2015,4.8889,75,15341
15051,1998,2.7861,14,5025
15051,1999,6.5179,33,5063
15051,2000,4.5446,23,5061
15051,2001,5.9009,30,5084
15051,2002,4.7013,24,5105
15051,2003,3.0978,16,5165
15051,2004,5.0029,26,5197
15051,2005,4.2316,22,5199
15051,2006,6.501,34,5230
15051,2007,5.7252,30,5240
15051,2008,6.8027,36,5292
15051,2009,5.2641,28,5319
15051,2010,4.3355,23,5305
15051,2011,5.9858,32,5346
15051,2012,5.1785,28,5407
15051,2013,4.7402,26,5485
15051,2014,5.7741,32,5542
15051,2015,4.9813,28,5621
15087,1998,7.0871,59,8325
15087,1999,7.0252,58,8256
15087,2000,7.4218,61,8219
15087,2001,7.3019,60,8217
15087,2002,7.107,58,8161
15087,2003,7.0102,57,8131
15087,2004,5.9296,48,8095
15087,2005,6.8425,55,8038
15087,2006,6.279,50,7963
15087,2007,4.9255,39,7918
15087,2008,6.6225,52,7852
15087,2009,8.2062,64,7799
15087,2010,7.6356,59,7727
15087,2011,7.5847,58,7647
15087,2012,7.3723,56,7596
15087,2013,6.212,47,7566
15087,2014,8.102,61,7529
15087,2015,7.1751,54,7526
15090,1998,3.6269,7,1930
15090,1999,4.6368,9,1941
15090,2000,8.03,15,1868
15090,2001,6.5217,12,1840
15090,2002,6.5431,12,1834
15090,2003,5.3937,10,1854
15090,2004,4.2735,8,1872
15090,2005,9.5238,17,1785
15090,2006,6.5826,12,1823
15090,2007,8.2645,15,1815
15090,2008,9.5829,17,1774
15090,2009,7.9727,14,1756
15090,2010,8.4643,14,1654
15090,2011,7.3215,12,1639
15090,2012,8.2988,14,1687
15090,2013,9.9068,17,1716
15090,2014,7.5275,13,1727
15090,2015,5.3412,9,1685
15092,1998,6.079,16,2632
15092,1999,3.876,10,2580
15092,2000,7.8125,20,2560
15092,2001,2.4242,6,2475
15092,2002,6.5601,16,2439
15092,2003,6.6556,16,2404
15092,2004,5.9197,14,2365
15092,2005,4.7271,11,2327
15092,2006,6.9961,16,2287
15092,2007,7.3849,17,2302
15092,2008,7.1048,16,2252
15092,2009,6.2416,14,2243
15092,2010,4.0504,9,2222
15092,2011,5.3908,12,2226
15092,2012,4.5393,10,2203
15092,2013,5.6075,12,2140
15092,2014,5.717,12,2099
15092,2015,5.8824,12,2040
15097,1998,3.5427,37,10444
15097,1999,5.4123,55,10162
15097,2000,5.5691,55,9876
15097,2001,4.2691,41,9604
15097,2002,5.6843,53,9324
15097,2003,4.3175,39,9033
15097,2004,4.1171,36,8744
15097,2005,6.728,57,8472
15097,2006,5.62,46,8185
15097,2007,4.8168,38,7889
15097,2008,7.6216,58,7610
15097,2009,4.7406,35,7383
15097,2010,6.7482,48,7113
15097,2011,8.1823,56,6844
15097,2012,5.937,39,6569
15097,2013,6.8221,43,6303
15097,2014,6.6291,40,6034
15097,2015,9.1364,53,5801
15104,1998,7.6067,41,5390
15104,1999,6.6852,36,5385
15104,2000,4.6852,25,5336
15104,2001,9.1078,49,5380
15104,2002,5.6159,30,5342
15104,2003,8.2972,44,5303
15104,2004,5.6926,30,5270
15104,2005,8.4404,44,5213
15104,2006,8.882,46,5179
15104,2007,5.7926,30,5179
15104,2008,4.6784,24,5130
15104,2009,7.592,39,5137
15104,2010,10.6593,54,5066
15104,2011,11.753,59,5020
15104,2012,10,50,5000
15104,2013,10.7957,54,5002
15104,2014,10.2061,51,4997
15104,2015,8.8674,44,4962
15106,1998,6.0955,18,2953
15106,1999,3.8128,11,2885
15106,2000,5.7041,16,2805
15106,2001,6.4401,18,2795
15106,2002,7.2333,20,2765
15106,2003,6.3033,17,2697
15106,2004,5.2122,14,2686
15106,2005,9.1603,24,2620
15106,2006,5.8162,15,2579
15106,2007,4.6857,12,2561
15106,2008,4.7188,12,2543
15106,2009,4.3825,11,2510
15106,2010,6.4646,16,2475
15106,2011,3.2706,8,2446
15106,2012,4.9525,12,2423
15106,2013,6.2999,15,2381
15106,2014,7.2064,17,2359
15106,2015,6.0319,14,2321
15109,1998,3.5627,19,5333
15109,1999,7.4328,39,5247
15109,2000,6.1244,32,5225
15109,2001,5.0164,26,5183
15109,2002,7.7942,40,5132
15109,2003,5.923,30,5065
15109,2004,5.2,26,5000
15109,2005,7.0836,35,4941
15109,2006,5.5271,27,4885
15109,2007,6.4342,31,4818
15109,2008,5.4223,26,4795
15109,2009,5.7325,27,4710
15109,2010,5.8366,27,4626
15109,2011,8.6919,40,4602
15109,2012,6.9838,32,4582
15109,2013,5.5163,25,4532
15109,2014,8.2314,37,4495
15109,2015,7.1959,32,4447
15114,1998,2.3895,2,837
15114,1999,4.5096,4,887
15114,2000,3.5672,3,841
15114,2001,1.1574,1,864
15114,2002,9.1638,8,873
15114,2003,9.0498,8,884
15114,2004,1.0718,1,933
15114,2005,4.5249,4,884
15114,2006,4.3431,4,921
15114,2007,5.1975,5,962
15114,2008,2.002,2,999
15114,2009,1.9493,2,1026
15114,2010,5.7637,6,1041
15114,2011,3.8059,4,1051
15114,2012,6.5238,7,1073
15114,2013,0.9242,1,1082
15114,2014,8.2117,9,1096
15114,2015,4.562,5,1096
15131,1998,2.445,10,4090
15131,1999,2.7201,11,4044
15131,2000,5.3218,21,3946
15131,2001,6.435,25,3885
15131,2002,6.216,24,3861
15131,2003,4.4855,17,3790
15131,2004,4.0118,15,3739
15131,2005,5.1504,19,3689
15131,2006,4.9765,18,3617
15131,2007,3.9348,14,3558
15131,2008,5.1385,18,3503
15131,2009,5.5217,19,3441
15131,2010,5.8928,20,3394
15131,2011,7.4649,25,3349
15131,2012,7.8669,26,3305
15131,2013,5.5113,18,3266
15131,2014,7.0835,23,3247
15131,2015,6.1162,20,3270
15135,1998,3.9279,17,4328
15135,1999,4.0275,17,4221
15135,2000,6.4717,27,4172
15135,2001,6.0724,25,4117
15135,2002,7.4092,30,4049
15135,2003,6.574,26,3955
15135,2004,4.9261,19,3857
15135,2005,5.5468,21,3786
15135,2006,8.5265,32,3753
15135,2007,6.7622,25,3697
15135,2008,6.588,24,3643
15135,2009,5.822,21,3607
15135,2010,6.7208,24,3571
15135,2011,4.2857,15,3500
15135,2012,4.0804,14,3431
15135,2013,4.4749,15,3352
15135,2014,4.8164,16,3322
15135,2015,4.8691,16,3286
15162,1998,5.9263,27,4556
15162,1999,5.7778,26,4500
15162,2000,5.8296,26,4460
15162,2001,5.2296,23,4398
15162,2002,8.2588,36,4359
15162,2003,5.8099,25,4303
15162,2004,7.0705,30,4243
15162,2005,4.5509,19,4175
15162,2006,8.1849,34,4154
15162,2007,4.1585,17,4088
15162,2008,6.1881,25,4040
15162,2009,4.4933,18,4006
15162,2010,5.0531,20,3958
15162,2011,7.6687,30,3912
15162,2012,5.16,20,3876
15162,2013,8.8381,34,3847
15162,2014,8.605,33,3835
15162,2015,4.4179,17,3848
15172,1998,9.7471,37,3796
15172,1999,11.6341,44,3782
15172,2000,9.0788,34,3745
15172,2001,10.0054,37,3698
15172,2002,9.31,34,3652
15172,2003,8.8227,32,3627
15172,2004,6.4444,23,3569
15172,2005,7.4456,26,3492
15172,2006,11.1079,39,3511
15172,2007,6.9124,24,3472
15172,2008,7.8534,27,3438
15172,2009,10.8409,37,3413
15172,2010,7.9599,27,3392
15172,2011,11.976,40,3340
15172,2012,7.5165,25,3326
15172,2013,9.0552,30,3313
15172,2014,9.1269,30,3287
15172,2015,4.884,16,3276
15176,1998,6.1986,258,41622
15176,1999,7.3096,310,42410
15176,2000,7.1723,310,43222
15176,2001,6.07,267,43987
15176,2002,6.5497,293,44735
15176,2003,5.8478,266,45487
15176,2004,4.7854,221,46182
15176,2005,5.6497,265,46905
15176,2006,5.56,265,47662
15176,2007,5.5189,267,48379
15176,2008,6.0088,295,49095
15176,2009,5.3367,266,49844
15176,2010,5.2189,264,50585
15176,2011,4.6396,238,51297
15176,2012,6.2956,327,51941
15176,2013,5.987,315,52614
15176,2014,4.4072,235,53322
15176,2015,5.5826,301,53918
15180,1998,6.2829,37,5889
15180,1999,8.8327,51,5774
15180,2000,4.2365,24,5665
15180,2001,5.5496,31,5586
15180,2002,7.5437,41,5435
15180,2003,7.3239,39,5325
15180,2004,6.0906,32,5254
15180,2005,8.1238,42,5170
15180,2006,8.5199,43,5047
15180,2007,7.9188,39,4925
15180,2008,6.4436,31,4811
15180,2009,6.8027,32,4704
15180,2010,7.1739,33,4600
15180,2011,5.3715,24,4468
15180,2012,5.9442,26,4374
15180,2013,4.8589,21,4322
15180,2014,7.5955,32,4213
15180,2015,4.3062,18,4180
15183,1998,5.3368,69,12929
15183,1999,8.0562,102,12661
15183,2000,5.9711,74,12393
15183,2001,6.2613,76,12138
15183,2002,6.4038,76,11868
15183,2003,8.0346,93,11575
15183,2004,4.4135,50,11329
15183,2005,5.8845,65,11046
15183,2006,6.4845,70,10795
15183,2007,5.8018,61,10514
15183,2008,8.567,88,10272
15183,2009,7.2847,73,10021
15183,2010,7.3537,72,9791
15183,2011,7.3069,70,9580
15183,2012,6.5241,61,9350
15183,2013,6.7099,61,9091
15183,2014,6.4575,57,8827
15183,2015,7.8125,67,8576
15185,1998,3.8523,24,6230
15185,1999,3.231,20,6190
15185,2000,3.9056,24,6145
15185,2001,6.9022,42,6085
15185,2002,6.2935,38,6038
15185,2003,6.4752,39,6023
15185,2004,5.8314,35,6002
15185,2005,4.5219,27,5971
15185,2006,4.2244,25,5918
15185,2007,4.584,27,5890
15185,2008,4.7562,28,5887
15185,2009,7.6635,45,5872
15185,2010,6.4703,38,5873
15185,2011,5.3028,31,5846
15185,2012,6.3541,37,5823
15185,2013,5.8702,34,5792
15185,2014,5.5411,32,5775
15185,2015,5.2319,30,5734
15187,1998,2.1142,6,2838
15187,1999,4.2017,12,2856
15187,2000,8.775,25,2849
15187,2001,2.1375,6,2807
15187,2002,3.9076,11,2815
15187,2003,1.4265,4,2804
15187,2004,5.0305,14,2783
15187,2005,3.5868,10,2788
15187,2006,5.4074,15,2774
15187,2007,5.7678,16,2774
15187,2008,4.6729,13,2782
15187,2009,5.3706,15,2793
15187,2010,5.1338,14,2727
15187,2011,4.3181,12,2779
15187,2012,3.9668,11,2773
15187,2013,5.0107,14,2794
15187,2014,4.2373,12,2832
15187,2015,5.7348,16,2790
15189,1998,3.4536,18,5212
15189,1999,5.6289,29,5152
15189,2000,5.4581,28,5130
15189,2001,4.1371,21,5076
15189,2002,5.3518,27,5045
15189,2003,6.2212,31,4983
15189,2004,4.6474,23,4949
15189,2005,5.0968,25,4905
15189,2006,5.9548,29,4870
15189,2007,5.5762,27,4842
15189,2008,5.3641,26,4847
15189,2009,3.9411,19,4821
15189,2010,7.5456,36,4771
15189,2011,8.6846,41,4721
15189,2012,4.0408,19,4702
15189,2013,4.7099,22,4671
15189,2014,6.0371,28,4638
15189,2015,4.9367,23,4659
15204,1998,3.8553,42,10894
15204,1999,5.0009,55,10998
15204,2000,4.1397,46,11112
15204,2001,4.3907,49,11160
15204,2002,5.3414,60,11233
15204,2003,3.2784,37,11286
15204,2004,3.0796,35,11365
15204,2005,5.5118,63,11430
15204,2006,4.2649,49,11489
15204,2007,4.1458,48,11578
15204,2008,5.1361,60,11682
15204,2009,4.2524,50,11758
15204,2010,4.5624,54,11836
15204,2011,5.3543,64,11953
15204,2012,5.4708,66,12064
15204,2013,3.8616,47,12171
15204,2014,3.9763,49,12323
15204,2015,4.172,52,12464
15212,1998,2.328,11,4725
15212,1999,5.3568,25,4667
15212,2000,3.9284,18,4582
15212,2001,5.5605,25,4496
15212,2002,6.9914,31,4434
15212,2003,6.4205,28,4361
15212,2004,3.7313,16,4288
15212,2005,5.7061,24,4206
15212,2006,4.0748,17,4172
15212,2007,3.6541,15,4105
15212,2008,3.9496,16,4051
15212,2009,3.993,16,4007
15212,2010,5.5598,22,3957
15212,2011,5.9035,23,3896
15212,2012,5.9539,23,3863
15212,2013,3.1637,12,3793
15212,2014,6.9519,26,3740
15212,2015,6.9519,26,3740
15215,1998,7.1656,18,2512
15215,1999,8.7649,22,2510
15215,2000,4.3685,11,2518
15215,2001,2.8237,7,2479
15215,2002,5.6429,14,2481
15215,2003,7.9239,20,2524
15215,2004,8.3366,21,2519
15215,2005,7.6152,19,2495
15215,2006,6.0217,15,2491
15215,2007,6.8687,17,2475
15215,2008,5.2867,13,2459
15215,2009,4.9403,12,2429
15215,2010,7.4627,18,2412
15215,2011,5.7661,14,2428
15215,2012,5.392,13,2411
15215,2013,7.8642,19,2416
15215,2014,5.7661,14,2428
15215,2015,4.912,12,2443
15218,1998,2.5404,11,4330
15218,1999,3.5261,15,4254
15218,2000,4.3248,18,4162
15218,2001,7.0663,29,4104
15218,2002,3.0068,12,3991
15218,2003,5.364,21,3915
15218,2004,3.125,12,3840
15218,2005,5.0653,19,3751
15218,2006,3.2886,12,3649
15218,2007,7.8453,28,3569
15218,2008,6.6282,23,3470
15218,2009,5.3176,18,3385
15218,2010,6.5967,22,3335
15218,2011,7.1163,23,3232
15218,2012,5.9937,19,3170
15218,2013,6.3939,20,3128
15218,2014,5.5267,17,3076
15218,2015,7.6134,23,3021
15223,1998,5.5823,36,6449
15223,1999,5.5824,37,6628
15223,2000,6.4535,44,6818
15223,2001,7.3171,51,6970
15223,2002,6.0325,43,7128
15223,2003,4.3956,32,7280
15223,2004,3.0794,23,7469
15223,2005,3.1262,24,7677
15223,2006,3.073,24,7810
15223,2007,3.375,27,8000
15223,2008,3.7805,31,8200
15223,2009,3.5553,30,8438
15223,2010,3.5921,31,8630
15223,2011,2.611,23,8809
15223,2012,2.7744,25,9011
15223,2013,2.1676,20,9227
15223,2014,2.1231,20,9420
15223,2015,2.4966,24,9613
15224,1998,3.7736,13,3445
15224,1999,4.3529,15,3446
15224,2000,3.4652,12,3463
15224,2001,6.3128,22,3485
15224,2002,8.2881,29,3499
15224,2003,5.1873,18,3470
15224,2004,6.8415,24,3508
15224,2005,5.427,19,3501
15224,2006,3.9829,14,3515
15224,2007,5.6883,20,3516
15224,2008,4.8009,17,3541
15224,2009,5.3236,19,3569
15224,2010,6.9871,25,3578
15224,2011,8.1006,29,3580
15224,2012,5.5203,20,3623
15224,2013,4.3267,16,3698
15224,2014,4.3011,16,3720
15224,2015,3.7604,14,3723
15226,1998,5.2859,11,2081
15226,1999,2.4004,5,2083
15226,2000,5.3816,11,2044
15226,2001,4.4139,9,2039
15226,2002,1.9646,4,2036
15226,2003,4.4732,9,2012
15226,2004,4.5158,9,1993
15226,2005,5.1256,10,1951
15226,2006,8.2902,16,1930
15226,2007,7.2652,14,1927
15226,2008,4.1973,8,1906
15226,2009,7.4349,14,1883
15226,2010,7.4826,14,1871
15226,2011,6.4586,12,1858
15226,2012,5.8573,11,1878
15226,2013,5.9459,11,1850
15226,2014,7.1038,13,1830
15226,2015,4.4126,8,1813
15232,1998,2.8011,14,4998
15232,1999,4.2271,21,4968
15232,2000,3.8839,19,4892
15232,2001,2.6826,13,4846
15232,2002,3.1204,15,4807
15232,2003,4.4034,21,4769
15232,2004,4.0254,19,4720
15232,2005,5.7228,27,4718
15232,2006,2.9825,14,4694
15232,2007,3.4028,16,4702
15232,2008,4.4767,21,4691
15232,2009,5.5556,26,4680
15232,2010,3.6333,17,4679
15232,2011,4.9399,23,4656
15232,2012,2.812,13,4623
15232,2013,1.9322,9,4658
15232,2014,4.9367,23,4659
15232,2015,5.4124,25,4619
15236,1998,1.4514,5,3445
15236,1999,4.752,16,3367
15236,2000,4.4709,15,3355
15236,2001,3.6742,12,3266
15236,2002,4.686,15,3201
15236,2003,6.3898,20,3130
15236,2004,4.229,13,3074
15236,2005,4.5797,14,3057
15236,2006,4.3362,13,2998
15236,2007,5.1265,15,2926
15236,2008,5.856,17,2903
15236,2009,4.1696,12,2878
15236,2010,4.2842,12,2801
15236,2011,3.5958,10,2781
15236,2012,2.1938,6,2735
15236,2013,1.8477,5,2706
15236,2014,3.7538,10,2664
15236,2015,6.0883,16,2628
15238,1998,5.1708,449,86834
15238,1999,5.0144,445,88745
15238,2000,4.7223,428,90634
15238,2001,4.7114,436,92541
15238,2002,5.1918,490,94380
15238,2003,5.34,514,96255
15238,2004,4.4169,433,98033
15238,2005,4.432,442,99730
15238,2006,4.6777,475,101546
15238,2007,4.7036,486,103325
15238,2008,4.9543,521,105162
15238,2009,4.6218,494,106885
15238,2010,4.4897,488,108694
15238,2011,4.715,521,110498
15238,2012,4.5903,515,112192
15238,2013,4.9022,558,113827
15238,2014,4.987,576,115501
15238,2015,5.1639,605,117159
15244,1998,5.3316,32,6002
15244,1999,10.6114,63,5937
15244,2000,6.3269,37,5848
15244,2001,6.9529,40,5753
15244,2002,6.9088,39,5645
15244,2003,6.6751,37,5543
15244,2004,8.2117,45,5480
15244,2005,7.6966,41,5327
15244,2006,6.8156,36,5282
15244,2007,7.0203,36,5128
15244,2008,6.9916,35,5006
15244,2009,5.6887,28,4922
15244,2010,7.5665,37,4890
15244,2011,7.8969,38,4812
15244,2012,5.7313,27,4711
15244,2013,6.4739,30,4634
15244,2014,8.6188,39,4525
15244,2015,7.7063,34,4412
15248,1998,2.9802,11,3691
15248,1999,7.5635,28,3702
15248,2000,4.1414,15,3622
15248,2001,6.1026,22,3605
15248,2002,5.8857,21,3568
15248,2003,5.6338,20,3550
15248,2004,7.3864,26,3520
15248,2005,5.1933,18,3466
15248,2006,8.0972,28,3458
15248,2007,5.6113,19,3386
15248,2008,5.898,20,3391
15248,2009,8.1497,27,3313
15248,2010,6.6526,22,3307
15248,2011,7.5369,25,3317
15248,2012,5.5779,18,3227
15248,2013,5.6872,18,3165
15248,2014,6.1034,19,3113
15248,2015,3.5495,11,3099
15272,1998,7.7922,48,6160
15272,1999,5.017,31,6179
15272,2000,6.1064,38,6223
15272,2001,3.2103,20,6230
15272,2002,6.0917,38,6238
15272,2003,5.7618,36,6248
15272,2004,7.8262,49,6261
15272,2005,7.3624,46,6248
15272,2006,6.2003,39,6290
15272,2007,6.655,42,6311
15272,2008,5.5538,35,6302
15272,2009,5.0609,32,6323
15272,2010,8.0914,51,6303
15272,2011,5.0601,32,6324
15272,2012,4.885,31,6346
15272,2013,4.4269,28,6325
15272,2014,6.6288,42,6336
15272,2015,3.9069,25,6399
15276,1998,5.6604,24,4240
15276,1999,9.4271,39,4137
15276,2000,10.6885,43,4023
15276,2001,8.0463,32,3977
15276,2002,7.5605,30,3968
15276,2003,6.3939,25,3910
15276,2004,6.7392,26,3858
15276,2005,8.1557,31,3801
15276,2006,6.9742,26,3728
15276,2007,6.2842,23,3660
15276,2008,8.0355,29,3609
15276,2009,6.7663,24,3547
15276,2010,11.6543,41,3518
15276,2011,6.0345,21,3480
15276,2012,8.4351,29,3438
15276,2013,7.2823,25,3433
15276,2014,8.4795,29,3420
15276,2015,7.9063,27,3415
15293,1998,4.7976,16,3335
15293,1999,4.2879,14,3265
15293,2000,5.5607,18,3237
15293,2001,5.3375,17,3185
15293,2002,6.8793,22,3198
15293,2003,8.2226,26,3162
15293,2004,7.04,22,3125
15293,2005,4.8232,15,3110
15293,2006,7.2345,22,3041
15293,2007,4.6327,14,3022
15293,2008,7.4703,22,2945
15293,2009,5.8199,17,2921
15293,2010,6.5247,19,2912
15293,2011,5.8702,17,2896
15293,2012,6.6018,19,2878
15293,2013,6.1581,18,2923
15293,2014,7.6389,22,2880
15293,2015,5.9691,17,2848
15296,1998,4.6991,26,5533
15296,1999,5.6518,31,5485
15296,2000,8.8365,48,5432
15296,2001,3.525,19,5390
15296,2002,5.2161,28,5368
15296,2003,7.1942,38,5282
15296,2004,7.2519,38,5240
15296,2005,7.3501,38,5170
15296,2006,6.21,32,5153
15296,2007,7.2209,37,5124
15296,2008,6.8966,35,5075
15296,2009,6.1471,31,5043
15296,2010,5.7827,29,5015
15296,2011,5.6589,28,4948
15296,2012,7.7472,38,4905
15296,2013,4.7025,23,4891
15296,2014,5.5912,27,4829
15296,2015,5.5613,27,4855
15299,1998,7.6157,114,14969
15299,1999,7.673,116,15118
15299,2000,7.207,110,15263
15299,2001,7.3534,113,15367
15299,2002,7.6888,119,15477
15299,2003,7.0836,111,15670
15299,2004,8.088,128,15826
15299,2005,7.8404,125,15943
15299,2006,5.7847,93,16077
15299,2007,7.5636,123,16262
15299,2008,7.7218,127,16447
15299,2009,6.0895,101,16586
15299,2010,5.8487,98,16756
15299,2011,7.453,126,16906
15299,2012,5.9863,102,17039
15299,2013,6.0504,104,17189
15299,2014,5.787,100,17280
15299,2015,6.3789,111,17401
15317,1998,3.4884,9,2580
15317,1999,2.3465,6,2557
15317,2000,7.6397,19,2487
15317,2001,6.5493,16,2443
15317,2002,4.1632,10,2402
15317,2003,4.6394,11,2371
15317,2004,6.3857,15,2349
15317,2005,11.1757,25,2237
15317,2006,7.2464,16,2208
15317,2007,7.8413,17,2168
15317,2008,11.6279,25,2150
15317,2009,7.0755,15,2120
15317,2010,6.1846,13,2102
15317,2011,10.1498,21,2069
15317,2012,11.0737,23,2077
15317,2013,2.9644,6,2024
15317,2014,8.4451,17,2013
15317,2015,5.1626,10,1937
15322,1998,6.9951,70,10007
15322,1999,6.476,65,10037
15322,2000,6.5744,66,10039
15322,2001,7.651,77,10064
15322,2002,7.9059,80,10119
15322,2003,7.473,76,10170
15322,2004,7.4488,76,10203
15322,2005,7.6306,78,10222
15322,2006,6.1404,63,10260
15322,2007,6.4196,66,10281
15322,2008,8.3012,86,10360
15322,2009,8.0987,84,10372
15322,2010,7.8884,82,10395
15322,2011,6.987,73,10448
15322,2012,6.3992,67,10470
15322,2013,6.7709,71,10486
15322,2014,6.6439,70,10536
15322,2015,6.7382,71,10537
15325,1998,6.8397,39,5702
15325,1999,6.6499,37,5564
15325,2000,5.5026,30,5452
15325,2001,9.3633,50,5340
15325,2002,10.13,53,5232
15325,2003,8.2955,42,5063
15325,2004,8.9268,44,4929
15325,2005,6.4556,31,4802
15325,2006,10.1846,48,4713
15325,2007,7.1755,33,4599
15325,2008,10.5358,47,4461
15325,2009,8.6639,38,4386
15325,2010,9.4184,40,4247
15325,2011,7.0611,29,4107
15325,2012,8.2479,33,4001
15325,2013,9.0067,35,3886
15325,2014,11.6866,44,3765
15325,2015,9.48,35,3692
15332,1998,4.5897,25,5447
15332,1999,6.1224,33,5390
15332,2000,4.5215,24,5308
15332,2001,3.8175,20,5239
15332,2002,7.9242,41,5174
15332,2003,6.2696,32,5104
15332,2004,4.9702,25,5030
15332,2005,4.2339,21,4960
15332,2006,5.5339,27,4879
15332,2007,4.3614,21,4815
15332,2008,5.9097,28,4738
15332,2009,3.8111,18,4723
15332,2010,4.7019,22,4679
15332,2011,7.1661,33,4605
15332,2012,5.2516,24,4570
15332,2013,4.2222,19,4500
15332,2014,6.5537,29,4425
15332,2015,7.166,31,4326
15362,1998,7.1217,12,1685
15362,1999,7.1727,12,1673
15362,2000,4.6948,8,1704
15362,2001,2.978,5,1679
15362,2002,12.4113,21,1692
15362,2003,2.8653,5,1745
15362,2004,4.6003,8,1739
15362,2005,6.1625,11,1785
15362,2006,3.9019,7,1794
15362,2007,5.0028,9,1799
15362,2008,11.1794,20,1789
15362,2009,8.4746,15,1770
15362,2010,5.5897,10,1789
15362,2011,7.9281,15,1892
15362,2012,4.7669,9,1888
15362,2013,7.3452,14,1906
15362,2014,8.9568,17,1898
15362,2015,7.3298,14,1910
15367,1998,6.2976,43,6828
15367,1999,6.2829,43,6844
15367,2000,3.6496,25,6850
15367,2001,6.6696,46,6897
15367,2002,5.6851,39,6860
15367,2003,7.0032,48,6854
15367,2004,6.4084,44,6866
15367,2005,6.5617,45,6858
15367,2006,6.8354,47,6876
15367,2007,5.9472,41,6894
15367,2008,6.7104,46,6855
15367,2009,5.5217,38,6882
15367,2010,6.3685,44,6909
15367,2011,5.6172,39,6943
15367,2012,8.6133,60,6966
15367,2013,6.8886,48,6968
15367,2014,7.3066,51,6980
15367,2015,6.8778,48,6979
15368,1998,7.5173,37,4922
15368,1999,8.7935,43,4890
15368,2000,6.1703,30,4862
15368,2001,6.0912,29,4761
15368,2002,6.4894,31,4777
15368,2003,8.703,41,4711
15368,2004,9.2493,43,4649
15368,2005,7.6687,35,4564
15368,2006,7.2251,32,4429
15368,2007,9.2384,41,4438
15368,2008,6.618,29,4382
15368,2009,9.1015,39,4285
15368,2010,8.7699,37,4219
15368,2011,7.6739,32,4170
15368,2012,7.2904,30,4115
15368,2013,6.1713,25,4051
15368,2014,5.4294,22,4052
15368,2015,7.6449,31,4055
15377,1998,4.086,19,4650
15377,1999,4.3601,20,4587
15377,2000,5.7997,26,4483
15377,2001,2.7113,12,4426
15377,2002,4.3508,19,4367
15377,2003,3.2551,14,4301
15377,2004,6.596,28,4245
15377,2005,4.0807,17,4166
15377,2006,7.0611,29,4107
15377,2007,6.9204,28,4046
15377,2008,6.5098,26,3994
15377,2009,3.2713,13,3974
15377,2010,4.9121,19,3868
15377,2011,6.0241,23,3818
15377,2012,6.0702,23,3789
15377,2013,3.7214,14,3762
15377,2014,6.1995,23,3710
15377,2015,5.3981,20,3705
15380,1998,8.7582,28,3197
15380,1999,8.7774,28,3190
15380,2000,9.7331,31,3185
15380,2001,8.379,26,3103
15380,2002,6.1909,19,3069
15380,2003,8.6007,26,3023
15380,2004,12,36,3000
15380,2005,9.9502,30,3015
15380,2006,7.7493,23,2968
15380,2007,10.2634,30,2923
15380,2008,11.1111,32,2880
15380,2009,11.1615,32,2867
15380,2010,6.2959,18,2859
15380,2011,7.0151,20,2851
15380,2012,8.4093,24,2854
15380,2013,7.7739,22,2830
15380,2014,8.2055,23,2803
15380,2015,7.6614,21,2741
15401,1998,0.5255,1,1903
15401,1999,1.0811,2,1850
15401,2000,3.2189,6,1864
15401,2001,4.5249,8,1768
15401,2002,3.3822,6,1774
15401,2003,3.411,6,1759
15401,2004,2.9053,5,1721
15401,2005,1.1983,2,1669
15401,2006,4.3559,7,1607
15401,2007,4.5132,7,1551
15401,2008,3.9448,6,1521
15401,2009,5.5517,8,1441
15401,2010,3.4843,5,1435
15401,2011,5.8055,8,1378
15401,2012,5.8608,8,1365
15401,2013,4.5215,6,1327
15401,2014,3.861,5,1295
15401,2015,6.3492,8,1260
15403,1998,2.682,21,7830
15403,1999,4.2205,32,7582
15403,2000,4.7477,35,7372
15403,2001,2.4045,17,7070
15403,2002,5.129,35,6824
15403,2003,4.4086,29,6578
15403,2004,4.1087,26,6328
15403,2005,3.7823,23,6081
15403,2006,5.986,35,5847
15403,2007,4.1397,23,5556
15403,2008,6.174,33,5345
15403,2009,5.6997,29,5088
15403,2010,7.0481,34,4824
15403,2011,6.5402,30,4587
15403,2012,6.9093,30,4342
15403,2013,5.5502,23,4144
15403,2014,4.2908,17,3962
15403,2015,8.623,32,3711
15407,1998,5.3843,51,9472
15407,1999,5.1104,50,9784
15407,2000,6.1398,62,10098
15407,2001,6.1185,64,10460
15407,2002,4.7244,51,10795
15407,2003,4.0399,45,11139
15407,2004,4.8014,55,11455
15407,2005,4.6793,55,11754
15407,2006,4.3096,52,12066
15407,2007,3.3091,41,12390
15407,2008,4.5479,58,12753
15407,2009,4.5893,60,13074
15407,2010,3.2802,44,13414
15407,2011,4.0161,55,13695
15407,2012,3.9085,55,14072
15407,2013,3.6721,53,14433
15407,2014,4.2712,63,14750
15407,2015,4.8505,73,15050
15425,1998,6.1287,30,4895
15425,1999,9.4166,46,4885
15425,2000,7.9527,39,4904
15425,2001,6.5359,32,4896
15425,2002,6.5319,32,4899
15425,2003,7.1545,35,4892
15425,2004,10.2291,50,4888
15425,2005,5.9597,29,4866
15425,2006,7.1531,35,4893
15425,2007,7.6132,37,4860
15425,2008,7.3755,36,4881
15425,2009,5.3763,26,4836
15425,2010,6.1958,30,4842
15425,2011,7.8464,38,4843
15425,2012,4.9525,24,4846
15425,2013,7.0146,34,4847
15425,2014,7.6069,37,4864
15425,2015,4.1399,20,4831
15442,1998,3.1056,23,7406
15442,1999,2.7401,20,7299
15442,2000,6.3712,46,7220
15442,2001,4.4944,32,7120
15442,2002,5.988,42,7014
15442,2003,6.8017,47,6910
15442,2004,6.162,42,6816
15442,2005,8.8152,59,6693
15442,2006,4.531,30,6621
15442,2007,4.7758,31,6491
15442,2008,3.2624,21,6437
15442,2009,7.5829,48,6330
15442,2010,4.9624,31,6247
15442,2011,7.2557,45,6202
15442,2012,6.3601,39,6132
15442,2013,4.6365,28,6039
15442,2014,4.869,29,5956
15442,2015,5.1282,30,5850
15455,1998,5.799,52,8967
15455,1999,5.9139,53,8962
15455,2000,7.2642,65,8948
15455,2001,6.9142,62,8967
15455,2002,6.4718,58,8962
15455,2003,8.1437,73,8964
15455,2004,6.2668,56,8936
15455,2005,8.2848,74,8932
15455,2006,7.44,66,8871
15455,2007,7.2105,64,8876
15455,2008,7.915,70,8844
15455,2009,7.262,64,8813
15455,2010,6.4736,57,8805
15455,2011,6.1406,54,8794
15455,2012,8.0755,71,8792
15455,2013,6.4957,57,8775
15455,2014,7.0898,62,8745
15455,2015,7.6493,67,8759
15464,1998,4.9632,27,5440
15464,1999,3.3278,18,5409
15464,2000,6.574,35,5324
15464,2001,3.785,20,5284
15464,2002,5.1863,27,5206
15464,2003,6.7724,35,5168
15464,2004,7.228,37,5119
15464,2005,6.5321,33,5052
15464,2006,5.3699,27,5028
15464,2007,6.2287,31,4977
15464,2008,6.4686,32,4947
15464,2009,5.0927,25,4909
15464,2010,7.8351,38,4850
15464,2011,4.971,24,4828
15464,2012,7.1174,34,4777
15464,2013,6.0835,29,4767
15464,2014,6.927,33,4764
15464,2015,4.8401,23,4752
15466,1998,5.6486,29,5134
15466,1999,4.1144,21,5104
15466,2000,5.6941,29,5093
15466,2001,2.9744,15,5043
15466,2002,6.2025,31,4998
15466,2003,5.2664,26,4937
15466,2004,5.102,25,4900
15466,2005,6.3997,31,4844
15466,2006,4.8228,23,4769
15466,2007,4.0246,19,4721
15466,2008,6.6438,31,4666
15466,2009,6.502,30,4614
15466,2010,5.0273,23,4575
15466,2011,7.2719,33,4538
15466,2012,6.6994,30,4478
15466,2013,4.2831,19,4436
15466,2014,6.156,27,4386
15466,2015,4.1494,18,4338
15469,1998,8.1172,169,20820
15469,1999,6.9458,145,20876
15469,2000,6.8738,144,20949
15469,2001,7.1388,150,21012
15469,2002,7.1669,151,21069
15469,2003,6.9112,146,21125
15469,2004,6.364,135,21213
15469,2005,7.6735,163,21242
15469,2006,7.1271,152,21327
15469,2007,6.3433,136,21440
15469,2008,7.2049,155,21513
15469,2009,6.0581,131,21624
15469,2010,6.1138,133,21754
15469,2011,5.456,119,21811
15469,2012,6.8534,150,21887
15469,2013,6.0501,133,21983
15469,2014,6.1869,136,21982
15469,2015,6.9206,153,22108
15476,1998,4.222,21,4974
15476,1999,3.2083,16,4987
15476,2000,3.1841,16,5025
15476,2001,4.3712,22,5033
15476,2002,3.5615,18,5054
15476,2003,4.1667,21,5040
15476,2004,2.9516,15,5082
15476,2005,3.3294,17,5106
15476,2006,6.8133,35,5137
15476,2007,4.6711,24,5138
15476,2008,4.6512,24,5160
15476,2009,3.4569,18,5207
15476,2010,4.9723,26,5229
15476,2011,6.0802,32,5263
15476,2012,3.5849,19,5300
15476,2013,3.3708,18,5340
15476,2014,6.3338,34,5368
15476,2015,6.6372,36,5424
15480,1998,4.7238,52,11008
15480,1999,5.3417,58,10858
15480,2000,6.2488,67,10722
15480,2001,4.0535,43,10608
15480,2002,4.6472,49,10544
15480,2003,4.2214,44,10423
15480,2004,5.3445,55,10291
15480,2005,4.8252,49,10155
15480,2006,5.1041,51,9992
15480,2007,5.8645,58,9890
15480,2008,4.8299,47,9731
15480,2009,4.0646,39,9595
15480,2010,6.1285,58,9464
15480,2011,3.4093,32,9386
15480,2012,4.4382,41,9238
15480,2013,4.9521,45,9087
15480,2014,3.229,29,8981
15480,2015,3.7208,33,8869
15491,1998,4.3613,55,12611
15491,1999,4.689,60,12796
15491,2000,6.1857,80,12933
15491,2001,3.5101,46,13105
15491,2002,4.5008,60,13331
15491,2003,4.8406,65,13428
15491,2004,4.7152,64,13573
15491,2005,4.6726,64,13697
15491,2006,4.0533,56,13816
15491,2007,5.4224,76,14016
15491,2008,4.5377,64,14104
15491,2009,4.065,58,14268
15491,2010,4.6421,67,14433
15491,2011,4.4594,65,14576
15491,2012,3.6546,54,14776
15491,2013,4.7568,71,14926
15491,2014,5.4481,82,15051
15491,2015,3.1303,48,15334
15494,1998,3.9113,21,5369
15494,1999,5.8205,31,5326
15494,2000,5.1321,27,5261
15494,2001,5.5449,29,5230
15494,2002,6.1432,32,5209
15494,2003,6.3449,33,5201
15494,2004,5.7737,30,5196
15494,2005,5.0378,26,5161
15494,2006,5.6223,29,5158
15494,2007,5.6563,29,5127
15494,2008,7.6516,39,5097
15494,2009,6.0311,31,5140
15494,2010,6.4769,33,5095
15494,2011,6.6876,34,5084
15494,2012,6.5153,33,5065
15494,2013,4.9544,25,5046
15494,2014,5.581,28,5017
15494,2015,5.9916,30,5007
15500,1998,3.6058,9,2496
15500,1999,7.9936,20,2502
15500,2000,5.6293,14,2487
15500,2001,3.9952,10,2503
15500,2002,5.1793,13,2510
15500,2003,3.9683,10,2520
15500,2004,4.341,11,2534
15500,2005,4.3324,11,2539
15500,2006,4.2935,11,2562
15500,2007,4.2487,11,2589
15500,2008,5.3619,14,2611
15500,2009,3.7908,10,2638
15500,2010,5.293,14,2645
15500,2011,4.1338,11,2661
15500,2012,4.433,12,2707
15500,2013,4.7204,13,2754
15500,2014,5.3476,15,2805
15500,2015,4.2614,12,2816
15507,1998,4.386,35,7980
15507,1999,5.5083,44,7988
15507,2000,5.6313,45,7991
15507,2001,3.3754,27,7999
15507,2002,5.7673,46,7976
15507,2003,5.6547,45,7958
15507,2004,3.8999,31,7949
15507,2005,4.546,36,7919
15507,2006,4.2935,34,7919
15507,2007,5.0543,40,7914
15507,2008,4.2973,34,7912
15507,2009,4.1783,33,7898
15507,2010,5.289,42,7941
15507,2011,5.6976,45,7898
15507,2012,4.4416,35,7880
15507,2013,4.677,37,7911
15507,2014,4.557,36,7900
15507,2015,3.0465,24,7878
15511,1998,6.5554,22,3356
15511,1999,5.4928,18,3277
15511,2000,9.0427,29,3207
15511,2001,7.8444,25,3187
15511,2002,8.32,26,3125
15511,2003,10.4815,32,3053
15511,2004,9.9239,30,3023
15511,2005,10.3093,30,2910
15511,2006,10.2041,29,2842
15511,2007,11.0281,31,2811
15511,2008,7.2307,20,2766
15511,2009,6.2777,17,2708
15511,2010,10.3704,28,2700
15511,2011,7.485,20,2672
15511,2012,5.6604,15,2650
15511,2013,11.7781,31,2632
15511,2014,4.8946,13,2656
15511,2015,7.2134,19,2634
15514,1998,3.7594,16,4256
15514,1999,5.2519,22,4189
15514,2000,4.5983,19,4132
15514,2001,4.1965,17,4051
15514,2002,5.2579,21,3994
15514,2003,3.7774,15,3971
15514,2004,5.1243,20,3903
15514,2005,4.9453,19,3842
15514,2006,5.0079,19,3794
15514,2007,4.5896,17,3704
15514,2008,6.3048,23,3648
15514,2009,5.291,19,3591
15514,2010,3.3755,12,3555
15514,2011,4.2457,15,3533
15514,2012,4.2784,15,3506
15514,2013,3.7356,13,3480
15514,2014,4.9563,17,3430
15514,2015,5.291,18,3402
15516,1998,4.9332,123,24933
15516,1999,5.2841,134,25359
15516,2000,4.2302,109,25767
15516,2001,4.505,118,26193
15516,2002,4.9298,131,26573
15516,2003,5.1195,138,26956
15516,2004,4.8212,132,27379
15516,2005,5.4371,151,27772
15516,2006,5.2809,149,28215
15516,2007,5.3407,153,28648
15516,2008,4.8532,141,29053
15516,2009,4.8123,142,29508
15516,2010,4.6723,140,29964
15516,2011,4.2454,129,30386
15516,2012,4.4496,137,30789
15516,2013,5.0298,157,31214
15516,2014,4.7694,151,31660
15516,2015,5.2413,168,32053
15518,1998,6.9016,19,2753
15518,1999,2.8902,8,2768
15518,2000,3.9783,11,2765
15518,2001,2.1723,6,2762
15518,2002,2.5868,7,2706
15518,2003,3.7064,10,2698
15518,2004,3.7764,10,2648
15518,2005,4.9224,13,2641
15518,2006,6.1092,16,2619
15518,2007,3.0593,8,2615
15518,2008,4.2702,11,2576
15518,2009,4.3154,11,2549
15518,2010,2.3456,6,2558
15518,2011,2.4067,6,2493
15518,2012,4.4283,11,2484
15518,2013,3.2297,8,2477
15518,2014,6.0582,15,2476
15518,2015,2.8386,7,2466
15522,1998,4.5579,10,2194
15522,1999,4.0359,9,2230
15522,2000,4.9955,11,2202
15522,2001,4.1628,9,2162
15522,2002,6.9865,15,2147
15522,2003,4.2433,9,2121
15522,2004,8.3992,17,2024
15522,2005,6.806,14,2057
15522,2006,6.487,13,2004
15522,2007,9.1463,18,1968
15522,2008,5.6526,11,1946
15522,2009,8.9615,17,1897
15522,2010,6.3492,12,1890
15522,2011,6.3627,12,1886
15522,2012,6.4068,12,1873
15522,2013,9.6878,18,1858
15522,2014,3.2293,6,1858
15522,2015,6.0639,11,1814
15531,1998,6.5265,59,9040
15531,1999,5.7073,51,8936
15531,2000,6.6546,59,8866
15531,2001,5.0418,44,8727
15531,2002,4.0632,35,8614
15531,2003,6.5867,56,8502
15531,2004,5.471,46,8408
15531,2005,6.0161,50,8311
15531,2006,6.8318,56,8197
15531,2007,6.4277,52,8090
15531,2008,6.9678,56,8037
15531,2009,5.4527,43,7886
15531,2010,6.7801,53,7817
15531,2011,7.1494,55,7693
15531,2012,6.3133,48,7603
15531,2013,6.8774,52,7561
15531,2014,5.785,43,7433
15531,2015,5.4563,40,7331
15533,1998,0.8061,2,2481
15533,1999,1.2068,3,2486
15533,2000,2.0276,5,2466
15533,2001,1.6207,4,2468
15533,2002,2.4233,6,2476
15533,2003,1.6032,4,2495
15533,2004,2.0121,5,2485
15533,2005,4.0274,10,2483
15533,2006,1.2043,3,2491
15533,2007,2.035,5,2457
15533,2008,1.2014,3,2497
15533,2009,1.1981,3,2504
15533,2010,1.9976,5,2503
15533,2011,4.3877,11,2507
15533,2012,3.1834,8,2513
15533,2013,1.5754,4,2539
15533,2014,0.7846,2,2549
15533,2015,1.9516,5,2562
15537,1998,6.9204,40,5780
15537,1999,7.1678,41,5720
15537,2000,6.8819,39,5667
15537,2001,5.3485,30,5609
15537,2002,5.9729,33,5525
15537,2003,6.9725,38,5450
15537,2004,7.0909,38,5359
15537,2005,4.7519,25,5261
15537,2006,8.699,45,5173
15537,2007,6.8735,35,5092
15537,2008,6.195,31,5004
15537,2009,5.8397,29,4966
15537,2010,7.1196,35,4916
15537,2011,4.9587,24,4840
15537,2012,7.5016,36,4799
15537,2013,5.3591,25,4665
15537,2014,5.6818,26,4576
15537,2015,6.8222,31,4544
15542,1998,3.9541,40,10116
15542,1999,6.0144,60,9976
15542,2000,4.8955,48,9805
15542,2001,2.6971,26,9640
15542,2002,3.5891,34,9473
15542,2003,5.3769,50,9299
15542,2004,6.6974,61,9108
15542,2005,4.7048,42,8927
15542,2006,5.8419,51,8730
15542,2007,6.0648,52,8574
15542,2008,5.3661,45,8386
15542,2009,6.555,54,8238
15542,2010,4.4759,36,8043
15542,2011,5.8316,46,7888
15542,2012,6.8352,53,7754
15542,2013,4.9196,37,7521
15542,2014,3.9322,29,7375
15542,2015,4.4266,32,7229
15550,1998,4.1891,7,1671
15550,1999,6.5243,11,1686
15550,2000,4.7733,8,1676
15550,2001,0.5984,1,1671
15550,2002,3.5273,6,1701
15550,2003,1.7678,3,1697
15550,2004,5.9137,10,1691
15550,2005,7.6291,13,1704
15550,2006,1.1779,2,1698
15550,2007,3.5047,6,1712
15550,2008,3.4247,6,1752
15550,2009,5.685,10,1759
15550,2010,3.4904,6,1719
15550,2011,4.6431,8,1723
15550,2012,4.0253,7,1739
15550,2013,2.9002,5,1724
15550,2014,1.7371,3,1727
15550,2015,4.6296,8,1728
15572,1998,5.8876,211,35838
15572,1999,6.2618,228,36411
15572,2000,5.3823,199,36973
15572,2001,6.5825,247,37524
15572,2002,6.9081,263,38071
15572,2003,5.7221,221,38622
15572,2004,6.4392,252,39135
15572,2005,6.4858,257,39625
15572,2006,6.596,265,40176
15572,2007,5.1072,208,40727
15572,2008,6.2544,258,41251
15572,2009,5.5996,234,41789
15572,2010,5.9236,251,42373
15572,2011,5.5951,240,42895
15572,2012,5.9421,258,43419
15572,2013,5.734,252,43948
15572,2014,5.0365,224,44475
15572,2015,6.7426,303,44938
15580,1998,5.7551,29,5039
15580,1999,4.7876,24,5013
15580,2000,5.009,25,4991
15580,2001,4.6268,23,4971
15580,2002,5.6669,28,4941
15580,2003,5.4845,27,4923
15580,2004,5.517,27,4894
15580,2005,7.4242,36,4849
15580,2006,5.7566,28,4864
15580,2007,5.3476,26,4862
15580,2008,6.7887,33,4861
15580,2009,6.6075,32,4843
15580,2010,4.3677,21,4808
15580,2011,4.9741,24,4825
15580,2012,4.5748,22,4809
15580,2013,6.4894,31,4777
15580,2014,3.9232,19,4843
15580,2015,5.9732,29,4855
15599,1998,5.7124,53,9278
15599,1999,6.4718,60,9271
15599,2000,5.1364,48,9345
15599,2001,3.8384,36,9379
15599,2002,6.6964,63,9408
15599,2003,6.9009,65,9419
15599,2004,6.5859,62,9414
15599,2005,7.8456,74,9432
15599,2006,7.2095,68,9432
15599,2007,5.5978,53,9468
15599,2008,6.1162,58,9483
15599,2009,5.7876,55,9503
15599,2010,8.6416,82,9489
15599,2011,6.1612,59,9576
15599,2012,4.7862,46,9611
15599,2013,5.8067,56,9644
15599,2014,7.3476,71,9663
15599,2015,6.0982,59,9675
15600,1998,4.393,30,6829
15600,1999,4.8063,33,6866
15600,2000,4.9119,34,6922
15600,2001,4.8872,34,6957
15600,2002,3.8522,27,7009
15600,2003,5.4131,38,7020
15600,2004,4.5307,32,7063
15600,2005,5.0819,36,7084
15600,2006,3.2159,23,7152
15600,2007,5.0146,36,7179
15600,2008,3.1896,23,7211
15600,2009,4.392,32,7286
15600,2010,4.3615,32,7337
15600,2011,3.3862,25,7383
15600,2012,4.9745,37,7438
15600,2013,3.8718,29,7490
15600,2014,4.2463,32,7536
15600,2015,3.9641,30,7568
15621,1998,0.3148,1,3177
15621,1999,5.4071,17,3144
15621,2000,4.1814,13,3109
15621,2001,5.9074,18,3047
15621,2002,6.0873,18,2957
15621,2003,6.8776,20,2908
15621,2004,5.6758,16,2819
15621,2005,5.0215,14,2788
15621,2006,3.663,10,2730
15621,2007,6.234,17,2727
15621,2008,4.068,11,2704
15621,2009,9.0498,24,2652
15621,2010,8.3523,22,2634
15621,2011,5.289,14,2647
15621,2012,5.7056,15,2629
15621,2013,5.3929,14,2596
15621,2014,3.8926,10,2569
15621,2015,5.1875,13,2506
15632,1998,3.7258,50,13420
15632,1999,4.4836,60,13382
15632,2000,4.8634,65,13365
15632,2001,3.9671,53,13360
15632,2002,4.2014,56,13329
15632,2003,5.044,67,13283
15632,2004,5.6642,75,13241
15632,2005,5.5955,74,13225
15632,2006,5,66,13200
15632,2007,5.2281,69,13198
15632,2008,4.9355,65,13170
15632,2009,4.8632,64,13160
15632,2010,4.7825,63,13173
15632,2011,6.3907,84,13144
15632,2012,5.4591,72,13189
15632,2013,4.6959,62,13203
15632,2014,4.5266,60,13255
15632,2015,4.6498,62,13334
15638,1998,2.777,10,3601
15638,1999,3.7858,14,3698
15638,2000,3.4437,13,3775
15638,2001,4.1765,16,3831
15638,2002,2.033,8,3935
15638,2003,5.4713,22,4021
15638,2004,2.9247,12,4103
15638,2005,4.2624,18,4223
15638,2006,3.9747,17,4277
15638,2007,2.9892,13,4349
15638,2008,3.554,16,4502
15638,2009,3.5266,16,4537
15638,2010,5.3648,25,4660
15638,2011,4.2355,20,4722
15638,2012,2.0803,10,4807
15638,2013,2.6434,13,4918
15638,2014,4.1883,21,5014
15638,2015,4.8667,25,5137
15646,1998,3.7481,55,14674
15646,1999,5.3908,80,14840
15646,2000,4.8003,72,14999
15646,2001,4.745,72,15174
15646,2002,5.1412,79,15366
15646,2003,5.272,82,15554
15646,2004,5.2883,83,15695
15646,2005,6.0051,95,15820
15646,2006,4.9415,79,15987
15646,2007,4.8941,79,16142
15646,2008,5.2106,85,16313
15646,2009,4.6678,77,16496
15646,2010,4.4999,75,16667
15646,2011,5.8067,98,16877
15646,2012,4.6402,79,17025
15646,2013,4.0137,69,17191
15646,2014,4.4874,78,17382
15646,2015,4.7733,84,17598
15660,1998,4.5802,12,2620
15660,1999,5.5053,14,2543
15660,2000,4.7393,12,2532
15660,2001,4.5511,11,2417
15660,2002,5.0336,12,2384
15660,2003,5.9197,14,2365
15660,2004,5.737,13,2266
15660,2005,6.2724,14,2232
15660,2006,7.2793,16,2198
15660,2007,6.9509,15,2158
15660,2008,6.1004,13,2131
15660,2009,2.8708,6,2090
15660,2010,4.3626,9,2063
15660,2011,5.9731,12,2009
15660,2012,7.269,14,1926
15660,2013,4.772,9,1886
15660,2014,5.8855,11,1869
15660,2015,4.8544,9,1854
15664,1998,3.5511,20,5632
15664,1999,2.4915,14,5619
15664,2000,5.017,28,5581
15664,2001,2.8965,16,5524
15664,2002,4.9469,27,5458
15664,2003,6.1236,33,5389
15664,2004,5.7976,31,5347
15664,2005,6.8027,36,5292
15664,2006,5.1107,27,5283
15664,2007,6.2619,33,5270
15664,2008,6.115,32,5233
15664,2009,4.8225,25,5184
15664,2010,6.4227,33,5138
15664,2011,5.6974,29,5090
15664,2012,3.7669,19,5044
15664,2013,6.9721,35,5020
15664,2014,6.8054,34,4996
15664,2015,3.8061,19,4992
15667,1998,5.3789,34,6321
15667,1999,5.1029,32,6271
15667,2000,6.7383,42,6233
15667,2001,7.2231,45,6230
15667,2002,5.3571,33,6160
15667,2003,5.4196,33,6089
15667,2004,5.6161,34,6054
15667,2005,4.3522,26,5974
15667,2006,5.7705,34,5892
15667,2007,5.6113,33,5881
15667,2008,7.0423,41,5822
15667,2009,5.211,30,5757
15667,2010,6.3069,36,5708
15667,2011,4.2403,24,5660
15667,2012,5.6778,32,5636
15667,2013,5.8876,33,5605
15667,2014,4.7127,26,5517
15667,2015,5.2299,29,5545
15673,1998,5.3019,36,6790
15673,1999,8,53,6625
15673,2000,7.2913,47,6446
15673,2001,7.3342,46,6272
15673,2002,5.4028,33,6108
15673,2003,6.8908,41,5950
15673,2004,8.3435,48,5753
15673,2005,9.3744,52,5547
15673,2006,6.9159,37,5350
15673,2007,6.8781,36,5234
15673,2008,8.8817,44,4954
15673,2009,8.1369,39,4793
15673,2010,9.9761,46,4611
15673,2011,10.8328,48,4431
15673,2012,4.4486,19,4271
15673,2013,9.4914,39,4109
15673,2014,7.886,31,3931
15673,2015,6.2877,24,3817
15676,1998,7.5,27,3600
15676,1999,8.4507,30,3550
15676,2000,8.2433,29,3518
15676,2001,7.1901,25,3477
15676,2002,4.3554,15,3444
15676,2003,4.0924,14,3421
15676,2004,10.0503,34,3383
15676,2005,4.6097,15,3254
15676,2006,9.5414,31,3249
15676,2007,10.2104,33,3232
15676,2008,9.6966,31,3197
15676,2009,8.8189,28,3175
15676,2010,9.4727,30,3167
15676,2011,8.6207,27,3132
15676,2012,9.041,28,3097
15676,2013,7.4434,23,3090
15676,2014,9.7911,30,3064
15676,2015,10.1806,31,3045
15681,1998,4.878,33,6765
15681,1999,5.196,35,6736
15681,2000,4.318,29,6716
15681,2001,5.4945,37,6734
15681,2002,4.7983,32,6669
15681,2003,5.4192,36,6643
15681,2004,8.6207,57,6612
15681,2005,7.4141,49,6609
15681,2006,5.9055,39,6604
15681,2007,5.9136,39,6595
15681,2008,4.712,31,6579
15681,2009,3.9634,26,6560
15681,2010,4.8862,32,6549
15681,2011,4.5935,30,6531
15681,2012,4.3004,28,6511
15681,2013,7.3518,48,6529
15681,2014,4.1443,27,6515
15681,2015,5.5291,36,6511
15686,1998,4.1703,29,6954
15686,1999,6.8719,48,6985
15686,2000,5.8689,41,6986
15686,2001,6.865,48,6992
15686,2002,5.7053,40,7011
15686,2003,5.7037,40,7013
15686,2004,5.8313,41,7031
15686,2005,6.0632,43,7092
15686,2006,4.5013,32,7109
15686,2007,6.717,48,7146
15686,2008,7.3765,53,7185
15686,2009,8.1899,59,7204
15686,2010,6.7689,49,7239
15686,2011,5.3542,39,7284
15686,2012,5.49,40,7286
15686,2013,5.3381,39,7306
15686,2014,5.46,40,7326
15686,2015,4.6322,34,7340
15690,1998,5.2451,26,4957
15690,1999,6.1262,30,4897
15690,2000,5.1377,25,4866
15690,2001,4.9875,24,4812
15690,2002,5.0612,24,4742
15690,2003,6.0306,28,4643
15690,2004,4.3773,20,4569
15690,2005,6.4747,29,4479
15690,2006,4.5558,20,4390
15690,2007,6.0634,26,4288
15690,2008,5.6818,24,4224
15690,2009,6.4532,27,4184
15690,2010,3.647,15,4113
15690,2011,4.7006,19,4042
15690,2012,6.5277,26,3983
15690,2013,3.8531,15,3893
15690,2014,7.0203,27,3846
15690,2015,6.3009,24,3809
15693,1998,5.9366,67,11286
15693,1999,5.1079,58,11355
15693,2000,4.5486,52,11432
15693,2001,4.5029,52,11548
15693,2002,5.5016,64,11633
15693,2003,4.9324,58,11759
15693,2004,4.8248,57,11814
15693,2005,4.7907,57,11898
15693,2006,4.0057,48,11983
15693,2007,5.1452,62,12050
15693,2008,5.2524,64,12185
15693,2009,4.8171,59,12248
15693,2010,5.1132,63,12321
15693,2011,5.475,68,12420
15693,2012,5.0436,63,12491
15693,2013,4.7759,60,12563
15693,2014,4.531,57,12580
15693,2015,4.7446,60,12646
15696,1998,5.8534,19,3246
15696,1999,6.8493,22,3212
15696,2000,5.9598,19,3188
15696,2001,3.7559,12,3195
15696,2002,6.2676,20,3191
15696,2003,7.5448,24,3181
15696,2004,4.3805,14,3196
15696,2005,8.6179,27,3133
15696,2006,8.9172,28,3140
15696,2007,6.0298,19,3151
15696,2008,6.772,21,3101
15696,2009,6.1251,19,3102
15696,2010,5.7655,18,3122
15696,2011,7.3482,23,3130
15696,2012,5.0251,16,3184
15696,2013,5.3883,17,3155
15696,2014,6.0413,19,3145
15696,2015,7.619,24,3150
15720,1998,6.8007,23,3382
15720,1999,8.0742,27,3344
15720,2000,6.4735,21,3244
15720,2001,7.5353,24,3185
15720,2002,9.955,31,3114
15720,2003,9.9338,30,3020
15720,2004,8.7868,26,2959
15720,2005,6.8634,20,2914
15720,2006,11.5749,33,2851
15720,2007,7.5161,21,2794
15720,2008,11.6026,32,2758
15720,2009,9.7342,26,2671
15720,2010,13.0568,34,2604
15720,2011,7.837,20,2552
15720,2012,5.9242,15,2532
15720,2013,6.0193,15,2492
15720,2014,9.8969,24,2425
15720,2015,7.9431,19,2392
15723,1998,7.3111,9,1231
15723,1999,7.4751,9,1204
15723,2000,5.6634,7,1236
15723,2001,6.4935,8,1232
15723,2002,12.8205,16,1248
15723,2003,9.828,12,1221
15723,2004,6.4882,8,1233
15723,2005,11.6764,14,1199
15723,2006,5.6543,7,1238
15723,2007,6.6116,8,1210
15723,2008,11.8143,14,1185
15723,2009,6.0086,7,1165
15723,2010,10.4257,12,1151
15723,2011,9.5819,11,1148
15723,2012,5.2817,6,1136
15723,2013,3.5746,4,1119
15723,2014,7.2595,8,1102
15723,2015,2.7523,3,1090
15740,1998,4.0765,29,7114
15740,1999,4.3878,31,7065
15740,2000,4.5506,32,7032
15740,2001,4.7015,33,7019
15740,2002,4.5819,32,6984
15740,2003,4.7448,33,6955
15740,2004,3.886,27,6948
15740,2005,6.9778,48,6879
15740,2006,3.7973,26,6847
15740,2007,5.135,35,6816
15740,2008,5.1676,35,6773
15740,2009,5.4855,37,6745
15740,2010,4.6179,31,6713
15740,2011,5.102,34,6664
15740,2012,5.1274,34,6631
15740,2013,4.5235,30,6632
15740,2014,5.129,34,6629
15740,2015,6.0505,40,6611
15753,1998,5.8736,79,13450
15753,1999,4.2328,56,13230
15753,2000,6.7099,87,12966
15753,2001,6.743,86,12754
15753,2002,5.3493,67,12525
15753,2003,5.2657,65,12344
15753,2004,6.0176,73,12131
15753,2005,7.7389,92,11888
15753,2006,6.2505,73,11679
15753,2007,5.9378,68,11452
15753,2008,7.3883,83,11234
15753,2009,5.9848,66,11028
15753,2010,6.5741,71,10800
15753,2011,7.2986,77,10550
15753,2012,6.2257,64,10280
15753,2013,6.057,61,10071
15753,2014,7.575,75,9901
15753,2015,8.771,85,9691
15755,1998,2.9548,30,10153
15755,1999,4.7075,47,9984
15755,2000,4.3775,43,9823
15755,2001,4.0323,39,9672
15755,2002,6.5256,62,9501
15755,2003,6.1146,57,9322
15755,2004,6.3291,58,9164
15755,2005,6.4595,58,8979
15755,2006,8.6643,77,8887
15755,2007,8.1826,71,8677
15755,2008,7.0332,60,8531
15755,2009,5.1313,43,8380
15755,2010,5.925,49,8270
15755,2011,7.7453,63,8134
15755,2012,4.8946,39,7968
15755,2013,6.6327,52,7840
15755,2014,6.3744,49,7687
15755,2015,8.615,65,7545
15757,1998,6.1028,50,8193
15757,1999,6.4935,53,8162
15757,2000,5.6366,46,8161
15757,2001,8.5616,70,8176
15757,2002,7.47,61,8166
15757,2003,7.5077,61,8125
15757,2004,6.5335,53,8112
15757,2005,8.0585,65,8066
15757,2006,7.3265,59,8053
15757,2007,6.4911,52,8011
15757,2008,8.5,68,8000
15757,2009,5.7709,46,7971
15757,2010,4.6641,37,7933
15757,2011,5.8073,46,7921
15757,2012,6.4451,51,7913
15757,2013,5.8154,46,7910
15757,2014,7.094,56,7894
15757,2015,6.4894,51,7859
15759,1998,5.316,513,96501
15759,1999,5.1641,507,98177
15759,2000,5.2375,523,99856
15759,2001,4.4931,456,101489
15759,2002,5.3524,552,103132
15759,2003,5.271,552,104724
15759,2004,5.6846,604,106252
15759,2005,5.2635,567,107724
15759,2006,5.8187,636,109302
15759,2007,5.2058,577,110838
15759,2008,5.2411,589,112382
15759,2009,4.9947,569,113921
15759,2010,5.2451,606,115536
15759,2011,4.8032,562,117006
15759,2012,5.2003,616,118454
15759,2013,4.981,597,119855
15759,2014,5.2104,632,121297
15759,2015,4.9166,603,122646
15761,1998,6.7867,26,3831
15761,1999,7.1847,27,3758
15761,2000,6.9649,26,3733
15761,2001,5.4407,20,3676
15761,2002,8.2873,30,3620
15761,2003,10.3323,37,3581
15761,2004,8.547,30,3510
15761,2005,6.5827,23,3494
15761,2006,6.7134,23,3426
15761,2007,5.6464,19,3365
15761,2008,8.1571,27,3310
15761,2009,11.1559,36,3227
15761,2010,10.9204,35,3205
15761,2011,7.5829,24,3165
15761,2012,12.5644,39,3104
15761,2013,7.8921,24,3041
15761,2014,10.2243,31,3032
15761,2015,8.1994,25,3049
15762,1998,2.7109,8,2951
15762,1999,4.4218,13,2940
15762,2000,2.3801,7,2941
15762,2001,4.7847,14,2926
15762,2002,3.4294,10,2916
15762,2003,2.413,7,2901
15762,2004,2.4113,7,2903
15762,2005,6.1644,18,2920
15762,2006,3.7814,11,2909
15762,2007,4.8044,14,2914
15762,2008,6.9109,20,2894
15762,2009,5.8946,17,2884
15762,2010,4.1681,12,2879
15762,2011,4.1265,12,2908
15762,2012,3.753,11,2931
15762,2013,5.7413,17,2961
15762,2014,5.0641,15,2962
15762,2015,5.7239,17,2970
15763,1998,5.6723,44,7757
15763,1999,5.7923,45,7769
15763,2000,5.7811,45,7784
15763,2001,6.0249,47,7801
15763,2002,6.6829,52,7781
15763,2003,6.6907,52,7772
15763,2004,6.4218,50,7786
15763,2005,7.3021,57,7806
15763,2006,6.312,49,7763
15763,2007,6.2732,49,7811
15763,2008,5.9156,46,7776
15763,2009,4.7436,37,7800
15763,2010,7.6805,60,7812
15763,2011,5.6216,44,7827
15763,2012,7.4102,58,7827
15763,2013,4.842,38,7848
15763,2014,6.3068,50,7928
15763,2015,6.0165,48,7978
15764,1998,1.2665,7,5527
15764,1999,6.165,34,5515
15764,2000,5.0569,28,5537
15764,2001,5.2394,29,5535
15764,2002,4.1569,23,5533
15764,2003,4.322,24,5553
15764,2004,5.2046,29,5572
15764,2005,4.1464,23,5547
15764,2006,4.667,26,5571
15764,2007,5.3638,30,5593
15764,2008,3.9427,22,5580
15764,2009,7.2837,41,5629
15764,2010,5.815,33,5675
15764,2011,2.9919,17,5682
15764,2012,4.5694,26,5690
15764,2013,3.1463,18,5721
15764,2014,5.2247,30,5742
15764,2015,4.8586,28,5763
15774,1998,6.6244,23,3472
15774,1999,7.5603,26,3439
15774,2000,7.177,24,3344
15774,2001,6.6106,22,3328
15774,2002,7.3059,24,3285
15774,2003,5.5676,18,3233
15774,2004,9.0852,29,3192
15774,2005,6.2071,19,3061
15774,2006,9.4156,29,3080
15774,2007,10.1407,31,3057
15774,2008,4.9817,15,3011
15774,2009,5.38,16,2974
15774,2010,8.6494,26,3006
15774,2011,5.0471,15,2972
15774,2012,8.4517,25,2958
15774,2013,5.1317,15,2923
15774,2014,7.9612,23,2889
15774,2015,4.6562,13,2792
15776,1998,4.9971,26,5203
15776,1999,7.2464,38,5244
15776,2000,7.0369,37,5258
15776,2001,6.2524,33,5278
15776,2002,5.8304,31,5317
15776,2003,4.4776,24,5360
15776,2004,6.5153,35,5372
15776,2005,6.8241,37,5422
15776,2006,6.0539,33,5451
15776,2007,6.044,33,5460
15776,2008,4.1856,23,5495
15776,2009,4.871,27,5543
15776,2010,3.959,22,5557
15776,2011,6.5371,37,5660
15776,2012,4.8925,28,5723
15776,2013,5.1948,30,5775
15776,2014,4.3074,25,5804
15776,2015,5.1151,30,5865
15778,1998,6.4503,31,4806
15778,1999,7.5583,36,4763
15778,2000,7.1279,34,4770
15778,2001,9.0986,43,4726
15778,2002,10.2193,48,4697
15778,2003,9.495,44,4634
15778,2004,7.1382,33,4623
15778,2005,5.7206,26,4545
15778,2006,7.348,33,4491
15778,2007,9.1846,41,4464
15778,2008,11.0709,49,4426
15778,2009,7.7555,34,4384
15778,2010,10.6358,46,4325
15778,2011,7.211,31,4299
15778,2012,7.9663,34,4268
15778,2013,7.5472,32,4240
15778,2014,8.7347,37,4236
15778,2015,6.5743,28,4259
15790,1998,3.3003,25,7575
15790,1999,4.2644,32,7504
15790,2000,6.7558,50,7401
15790,2001,8.5048,62,7290
15790,2002,7.0892,51,7194
15790,2003,6.1893,44,7109
15790,2004,7.5649,53,7006
15790,2005,5.4747,38,6941
15790,2006,7.4747,51,6823
15790,2007,5.5191,37,6704
15790,2008,5.7523,38,6606
15790,2009,8.0148,52,6488
15790,2010,6.2325,40,6418
15790,2011,7.763,49,6312
15790,2012,5.454,34,6234
15790,2013,6.52,40,6135
15790,2014,5.9269,36,6074
15790,2015,4.6878,28,5973
15798,1998,10.2258,48,4694
15798,1999,8.202,38,4633
15798,2000,6.9793,32,4585
15798,2001,10.1166,46,4547
15798,2002,8.3484,37,4432
15798,2003,7.7325,34,4397
15798,2004,10.7184,47,4385
15798,2005,9.6222,41,4261
15798,2006,6.3785,27,4233
15798,2007,10.4687,44,4203
15798,2008,8.6207,36,4176
15798,2009,7.7501,32,4129
15798,2010,7.6205,31,4068
15798,2011,6.9376,28,4036
15798,2012,9.2662,37,3993
15798,2013,10.8285,43,3971
15798,2014,9.3458,37,3959
15798,2015,8.3144,33,3969
15804,1998,8.1587,81,9928
15804,1999,7.0186,69,9831
15804,2000,6.558,64,9759
15804,2001,8.3626,81,9686
15804,2002,6.2331,60,9626
15804,2003,7.0113,67,9556
15804,2004,6.4238,61,9496
15804,2005,5.5044,52,9447
15804,2006,7.2333,68,9401
15804,2007,7.1681,67,9347
15804,2008,7.122,66,9267
15804,2009,5.2265,48,9184
15804,2010,5.4669,50,9146
15804,2011,6.6974,61,9108
15804,2012,6.8433,62,9060
15804,2013,7.9708,72,9033
15804,2014,7.6294,69,9044
15804,2015,6.8912,62,8997
15806,1998,4.7867,45,9401
15806,1999,4.8007,46,9582
15806,2000,4.5961,45,9791
15806,2001,5.3074,53,9986
15806,2002,3.9444,40,10141
15806,2003,4.2814,44,10277
15806,2004,4.9856,52,10430
15806,2005,3.7825,40,10575
15806,2006,3.722,40,10747
15806,2007,4.6845,51,10887
15806,2008,4.4428,49,11029
15806,2009,4.7271,53,11212
15806,2010,4.8267,55,11395
15806,2011,4.8535,56,11538
15806,2012,4.7892,56,11693
15806,2013,4.9684,59,11875
15806,2014,5.1126,62,12127
15806,2015,4.3002,53,12325
15808,1998,5.056,14,2769
15808,1999,4.2239,12,2841
15808,2000,6.3582,18,2831
15808,2001,3.5075,10,2851
15808,2002,7.0102,20,2853
15808,2003,6.2959,18,2859
15808,2004,3.1904,9,2821
15808,2005,8.0589,23,2854
15808,2006,8.5179,25,2935
15808,2007,5.4201,16,2952
15808,2008,4.5045,13,2886
15808,2009,3.453,10,2896
15808,2010,5.1003,15,2941
15808,2011,6.6116,20,3025
15808,2012,3.8923,12,3083
15808,2013,5.7143,18,3150
15808,2014,4.0778,13,3188
15808,2015,5.9116,19,3214
15810,1998,3.4475,15,4351
15810,1999,4.8849,21,4299
15810,2000,5.2269,22,4209
15810,2001,4.8344,20,4137
15810,2002,4.6752,19,4064
15810,2003,7.2211,29,4016
15810,2004,6.8337,27,3951
15810,2005,5.9508,23,3865
15810,2006,6.051,23,3801
15810,2007,9.0885,34,3741
15810,2008,6.5129,24,3685
15810,2009,5.7487,21,3653
15810,2010,3.8663,14,3621
15810,2011,4.4668,16,3582
15810,2012,5.0905,18,3536
15810,2013,4.607,16,3473
15810,2014,5.4566,19,3482
15810,2015,6.0694,21,3460
15814,1998,2.2485,19,8450
15814,1999,3.7598,32,8511
15814,2000,3.8755,33,8515
15814,2001,3.7449,32,8545
15814,2002,3.3982,29,8534
15814,2003,3.5071,30,8554
15814,2004,3.0477,26,8531
15814,2005,5.6226,48,8537
15814,2006,5.3921,46,8531
15814,2007,5.0428,43,8527
15814,2008,5.872,50,8515
15814,2009,6.3299,54,8531
15814,2010,5.9677,51,8546
15814,2011,4.6899,40,8529
15814,2012,5.9705,51,8542
15814,2013,5.0093,43,8584
15814,2014,4.7713,41,8593
15814,2015,6.0297,52,8624
15816,1998,3.8069,19,4991
15816,1999,4.0339,20,4958
15816,2000,6.0938,30,4923
15816,2001,5.6934,28,4918
15816,2002,8.0197,39,4863
15816,2003,5.9905,29,4841
15816,2004,7.9933,38,4754
15816,2005,4.0668,19,4672
15816,2006,5.8315,27,4630
15816,2007,5.8913,27,4583
15816,2008,5.0527,23,4552
15816,2009,5.7535,26,4519
15816,2010,4.6865,21,4481
15816,2011,4.946,22,4448
15816,2012,4.7576,21,4414
15816,2013,5.6909,25,4393
15816,2014,5.7577,25,4342
15816,2015,6.465,28,4331
15820,1998,4.1794,15,3589
15820,1999,6.3413,23,3627
15820,2000,4.7039,17,3614
15820,2001,1.9241,7,3638
15820,2002,4.9875,18,3609
15820,2003,5.5741,20,3588
15820,2004,7.5503,27,3576
15820,2005,7.5885,27,3558
15820,2006,6.2094,22,3543
15820,2007,5.5617,20,3596
15820,2008,7.5885,27,3558
15820,2009,6.7321,24,3565
15820,2010,5.3642,19,3542
15820,2011,5.1049,18,3526
15820,2012,5.9507,21,3529
15820,2013,4.2409,15,3537
15820,2014,6.2042,22,3546
15820,2015,4.2206,15,3554
15822,1998,3.9496,21,5317
15822,1999,7.1375,38,5324
15822,2000,6.0173,32,5318
15822,2001,5.8502,31,5299
15822,2002,5.7715,30,5198
15822,2003,6.9579,36,5174
15822,2004,6.4028,33,5154
15822,2005,5.3784,28,5206
15822,2006,6.6251,34,5132
15822,2007,6.4605,33,5108
15822,2008,5.4549,28,5133
15822,2009,3.7131,19,5117
15822,2010,5.2734,27,5120
15822,2011,6.0452,31,5128
15822,2012,7.0354,36,5117
15822,2013,5.2734,27,5120
15822,2014,7.1048,36,5067
15822,2015,2.9633,15,5062
15832,1998,3.643,6,1647
15832,1999,4.3505,7,1609
15832,2000,3.6878,6,1627
15832,2001,6.6265,11,1660
15832,2002,6.6667,11,1650
15832,2003,3.0432,5,1643
15832,2004,6.0976,10,1640
15832,2005,3.1486,5,1588
15832,2006,6.9401,11,1585
15832,2007,3.1949,5,1565
15832,2008,3.7975,6,1580
15832,2009,7.6874,12,1561
15832,2010,5.1847,8,1543
15832,2011,5.102,8,1568
15832,2012,5.8177,9,1547
15832,2013,5.8328,9,1543
15832,2014,7.7872,12,1541
15832,2015,5.1948,8,1540
15835,1998,6.2211,43,6912
15835,1999,7.12,49,6882
15835,2000,6.0012,41,6832
15835,2001,5.176,35,6762
15835,2002,8.9619,60,6695
15835,2003,8.4401,56,6635
15835,2004,8.1399,54,6634
15835,2005,7.7626,51,6570
15835,2006,6.7891,44,6481
15835,2007,7.1785,46,6408
15835,2008,6.7209,43,6398
15835,2009,7.383,47,6366
15835,2010,9.4982,60,6317
15835,2011,6.869,43,6260
15835,2012,9.9936,62,6204
15835,2013,9.1027,56,6152
15835,2014,7.5041,46,6130
15835,2015,7.3505,45,6122
15837,1998,4.9638,37,7454
15837,1999,3.4437,26,7550
15837,2000,4.8871,37,7571
15837,2001,4.0752,31,7607
15837,2002,4.0795,31,7599
15837,2003,4.8723,37,7594
15837,2004,4.333,33,7616
15837,2005,5.2063,40,7683
15837,2006,5.0656,39,7699
15837,2007,5.8388,45,7707
15837,2008,4.5231,35,7738
15837,2009,4.1047,32,7796
15837,2010,5.2483,41,7812
15837,2011,5.5973,44,7861
15837,2012,6.4297,51,7932
15837,2013,4.7458,38,8007
15837,2014,5.6082,45,8024
15837,2015,4.594,37,8054
15839,1998,5.6993,13,2281
15839,1999,1.7444,4,2293
15839,2000,2.6316,6,2280
15839,2001,7.5522,17,2251
15839,2002,4.8867,11,2251
15839,2003,6.2893,14,2226
15839,2004,2.7211,6,2205
15839,2005,5.0459,11,2180
15839,2006,6.5116,14,2150
15839,2007,7.0323,15,2133
15839,2008,5.5223,12,2173
15839,2009,7.0028,15,2142
15839,2010,4.2513,9,2117
15839,2011,5.7225,12,2097
15839,2012,6.1905,13,2100
15839,2013,5.3243,11,2066
15839,2014,5.8423,12,2054
15839,2015,5.3763,11,2046
15842,1998,2.1493,18,8375
15842,1999,2.5301,21,8300
15842,2000,2.2986,19,8266
15842,2001,3.1762,26,8186
15842,2002,3.4343,28,8153
15842,2003,6.6815,54,8082
15842,2004,6.3774,51,7997
15842,2005,6.6784,53,7936
15842,2006,6.3444,50,7881
15842,2007,5.4861,43,7838
15842,2008,6.1705,48,7779
15842,2009,4.522,35,7740
15842,2010,7.6524,59,7710
15842,2011,5.5895,43,7693
15842,2012,6.1777,47,7608
15842,2013,7.0004,53,7571
15842,2014,6.612,50,7562
15842,2015,6.5186,49,7517
15861,1998,3.2655,43,13168
15861,1999,5.8043,77,13266
15861,2000,5.2942,71,13411
15861,2001,4.2912,58,13516
15861,2002,4.3485,59,13568
15861,2003,4.3946,60,13653
15861,2004,3.7893,52,13723
15861,2005,4.6969,65,13839
15861,2006,5.3945,75,13903
15861,2007,5.1454,72,13993
15861,2008,5.029,71,14118
15861,2009,5.4725,78,14253
15861,2010,5.2232,75,14359
15861,2011,4.8266,70,14503
15861,2012,5.0474,74,14661
15861,2013,4.3931,65,14796
15861,2014,4.8138,72,14957
15861,2015,5.0314,76,15105
15879,1998,4.4469,16,3598
15879,1999,6.9065,24,3475
15879,2000,5.1385,18,3503
15879,2001,5.541,19,3429
15879,2002,6.7508,23,3407
15879,2003,6.8108,23,3377
15879,2004,5.1112,17,3326
15879,2005,9.5679,31,3240
15879,2006,6.9819,22,3151
15879,2007,7.417,23,3101
15879,2008,8.7919,27,3071
15879,2009,5.1663,16,3097
15879,2010,5.9682,18,3016
15879,2011,7.0164,21,2993
15879,2012,10.4871,31,2956
15879,2013,6.432,19,2954
15879,2014,6.8213,20,2932
15879,2015,6.9132,20,2893
15897,1998,2.6702,14,5243
15897,1999,4.2324,22,5198
15897,2000,6.5751,34,5171
15897,2001,4.6838,24,5124
15897,2002,7.4715,38,5086
15897,2003,7.5277,38,5048
15897,2004,4.8077,24,4992
15897,2005,5.2653,26,4938
15897,2006,4.894,24,4904
15897,2007,7.1898,35,4868
15897,2008,5.1728,25,4833
15897,2009,6.2617,30,4791
15897,2010,8.4157,40,4753
15897,2011,8.4764,40,4719
15897,2012,8.9419,42,4697
15897,2013,4.7119,22,4669
15897,2014,6.0293,28,4644
15897,2015,5.7791,27,4672
17001,1998,5.3095,2051,386286
17001,1999,5.995,2333,389158
17001,2000,5.5194,2162,391712
17001,2001,5.4509,2147,393881
17001,2002,5.7121,2261,395829
17001,2003,5.7873,2301,397597
17001,2004,5.645,2253,399117
17001,2005,5.8203,2329,400148
17001,2006,5.5189,2216,401526
17001,2007,5.712,2303,403186
17001,2008,5.7529,2329,404836
17001,2009,5.1746,2104,406601
17001,2010,5.6778,2321,408785
17001,2011,5.4815,2253,411019
17001,2012,5.4352,2247,413420
17001,2013,5.3454,2223,415873
17001,2014,5.3891,2256,418619
17001,2015,5.5867,2355,421538
17013,1998,7.1185,207,29079
17013,1999,6.3236,182,28781
17013,2000,6.2489,178,28485
17013,2001,6.7481,190,28156
17013,2002,7.0476,196,27811
17013,2003,6.7053,184,27441
17013,2004,5.9885,162,27052
17013,2005,5.6714,151,26625
17013,2006,6.8295,179,26210
17013,2007,5.9192,153,25848
17013,2008,5.691,145,25479
17013,2009,5.3761,135,25111
17013,2010,6.6648,165,24757
17013,2011,6.5408,160,24462
17013,2012,5.9218,143,24148
17013,2013,6.7568,161,23828
17013,2014,6.6706,157,23536
17013,2015,6.9274,161,23241
17042,1998,6.1327,245,39950
17042,1999,5.5779,222,39800
17042,2000,7.162,284,39654
17042,2001,6.6393,262,39462
17042,2002,6.0402,237,39237
17042,2003,6.8518,267,38968
17042,2004,5.6881,220,38677
17042,2005,5.9442,228,38357
17042,2006,6.2296,237,38044
17042,2007,5.8246,220,37771
17042,2008,5.336,200,37481
17042,2009,5.4235,202,37245
17042,2010,6.2689,232,37008
17042,2011,5.7936,213,36765
17042,2012,5.5565,203,36534
17042,2013,5.9131,215,36360
17042,2014,6.3417,230,36268
17042,2015,6.2642,226,36078
17050,1998,7.0482,100,14188
17050,1999,7.2097,101,14009
17050,2000,7.9566,110,13825
17050,2001,6.0139,82,13635
17050,2002,8.5667,115,13424
17050,2003,7.2689,96,13207
17050,2004,7.233,94,12996
17050,2005,7.2202,92,12742
17050,2006,7.1662,90,12559
17050,2007,8.6752,107,12334
17050,2008,8.1737,99,12112
17050,2009,7.2758,86,11820
17050,2010,8.1336,95,11680
17050,2011,7.9771,92,11533
17050,2012,7.2616,83,11430
17050,2013,7.6008,85,11183
17050,2014,6.871,76,11061
17050,2015,8.1323,89,10944
17088,1998,5.9304,85,14333
17088,1999,6.9945,99,14154
17088,2000,6.3685,89,13975
17088,2001,8.3491,115,13774
17088,2002,6.4839,88,13572
17088,2003,6.88,92,13372
17088,2004,5.3394,70,13110
17088,2005,6.7484,87,12892
17088,2006,5.2789,67,12692
17088,2007,5.7069,71,12441
17088,2008,4.6607,57,12230
17088,2009,5.9285,71,11976
17088,2010,6.5962,78,11825
17088,2011,5.6555,66,11670
17088,2012,4.4417,51,11482
17088,2013,5.9324,67,11294
17088,2014,6.2173,69,11098
17088,2015,6.0186,66,10966
17174,1998,7.5762,394,52005
17174,1999,9.0012,468,51993
17174,2000,8.887,462,51986
17174,2001,9.306,483,51902
17174,2002,8.4728,439,51813
17174,2003,7.6825,397,51676
17174,2004,6.6984,345,51505
17174,2005,7.1949,369,51286
17174,2006,6.9444,355,51120
17174,2007,7.2,367,50972
17174,2008,7.041,358,50845
17174,2009,7.4731,379,50715
17174,2010,7.2818,369,50674
17174,2011,7.5716,383,50584
17174,2012,6.6945,338,50489
17174,2013,6.7485,341,50530
17174,2014,6.8126,344,50495
17174,2015,7.4876,379,50617
17272,1998,3.5681,57,15975
17272,1999,5.1981,82,15775
17272,2000,5.993,93,15518
17272,2001,6.2561,96,15345
17272,2002,4.8319,73,15108
17272,2003,6.0082,89,14813
17272,2004,4.959,72,14519
17272,2005,6.3743,91,14276
17272,2006,6.5686,92,14006
17272,2007,5.5637,76,13660
17272,2008,5.7488,77,13394
17272,2009,5.3747,71,13210
17272,2010,4.7976,62,12923
17272,2011,5.4928,70,12744
17272,2012,5.0615,63,12447
17272,2013,6.8265,84,12305
17272,2014,5.4613,66,12085
17272,2015,4.9389,59,11946
17380,1998,6.6287,448,67585
17380,1999,6.8928,468,67897
17380,2000,7.2645,495,68140
17380,2001,7.3484,502,68314
17380,2002,7.6099,521,68463
17380,2003,6.7813,465,68571
17380,2004,6.5111,447,68652
17380,2005,6.8199,468,68623
17380,2006,7.1077,488,68658
17380,2007,6.3704,438,68756
17380,2008,6.8417,471,68843
17380,2009,6.4104,442,68950
17380,2010,5.9585,412,69145
17380,2011,5.9062,409,69249
17380,2012,7.7488,538,69430
17380,2013,6.5866,459,69687
17380,2014,8.2049,574,69958
17380,2015,8.1233,571,70292
17388,1998,4.3371,44,10145
17388,1999,5.1427,51,9917
17388,2000,4.6239,45,9732
17388,2001,4.7224,45,9529
17388,2002,4.3057,40,9290
17388,2003,4.6476,42,9037
17388,2004,4.794,42,8761
17388,2005,5.651,48,8494
17388,2006,4.4444,37,8325
17388,2007,5.5748,45,8072
17388,2008,5.8801,46,7823
17388,2009,3.9474,30,7600
17388,2010,4.6164,34,7365
17388,2011,4.1841,30,7170
17388,2012,5.8647,41,6991
17388,2013,6.6825,45,6734
17388,2014,5.6274,37,6575
17388,2015,8.4335,54,6403
17433,1998,4.7199,123,26060
17433,1999,6.0831,156,25645
17433,2000,4.3618,110,25219
17433,2001,5.4037,134,24798
17433,2002,5.0484,123,24364
17433,2003,4.8562,116,23887
17433,2004,5.9768,140,23424
17433,2005,5.0682,116,22888
17433,2006,6.5564,147,22421
17433,2007,5.1528,113,21930
17433,2008,5.7209,123,21500
17433,2009,5.9857,126,21050
17433,2010,5.052,104,20586
17433,2011,4.5421,92,20255
17433,2012,5.7952,115,19844
17433,2013,4.6691,91,19490
17433,2014,5.1304,98,19102
17433,2015,4.9695,93,18714
17442,1998,3.031,25,8248
17442,1999,5.5402,46,8303
17442,2000,5.616,47,8369
17442,2001,4.6335,39,8417
17442,2002,4.3953,37,8418
17442,2003,3.6704,31,8446
17442,2004,4.8423,41,8467
17442,2005,5.0678,43,8485
17442,2006,5.1704,44,8510
17442,2007,6.5859,56,8503
17442,2008,4.2503,36,8470
17442,2009,3.3974,29,8536
17442,2010,4.7942,41,8552
17442,2011,5.2472,45,8576
17442,2012,5.2533,45,8566
17442,2013,5.7003,49,8596
17442,2014,3.9416,34,8626
17442,2015,4.9774,43,8639
17444,1998,6.1602,99,16071
17444,1999,5.9591,95,15942
17444,2000,6.7012,106,15818
17444,2001,5.4244,85,15670
17444,2002,6.3933,99,15485
17444,2003,5.8079,89,15324
17444,2004,5.5519,84,15130
17444,2005,5.2275,78,14921
17444,2006,4.4679,66,14772
17444,2007,5.2166,76,14569
17444,2008,6.8188,98,14372
17444,2009,5.9994,85,14168
17444,2010,5.9037,83,14059
17444,2011,6.3214,88,13921
17444,2012,5.3507,74,13830
17444,2013,6.7513,92,13627
17444,2014,6.2949,85,13503
17444,2015,6.8108,92,13508
17446,1998,2.7087,11,4061
17446,1999,5.7143,23,4025
17446,2000,7.5969,30,3949
17446,2001,7.2879,28,3842
17446,2002,7.9386,30,3779
17446,2003,6.7714,25,3692
17446,2004,7.2242,26,3599
17446,2005,4.635,16,3452
17446,2006,7.5846,26,3428
17446,2007,6.2612,21,3354
17446,2008,5.4828,18,3283
17446,2009,5.3059,17,3204
17446,2010,7.4651,23,3081
17446,2011,3.674,11,2994
17446,2012,3.0992,9,2904
17446,2013,6.3025,18,2856
17446,2014,3.5511,10,2816
17446,2015,6.1796,17,2751
17486,1998,5.9836,163,27241
17486,1999,6.5663,177,26956
17486,2000,6.5622,175,26668
17486,2001,6.6869,176,26320
17486,2002,6.6959,174,25986
17486,2003,6.0897,156,25617
17486,2004,6.7744,171,25242
17486,2005,6.9307,172,24817
17486,2006,5.7323,140,24423
17486,2007,6.5354,157,24023
17486,2008,7.8913,187,23697
17486,2009,6.045,141,23325
17486,2010,6.5804,151,22947
17486,2011,6.6602,151,22672
17486,2012,5.5796,125,22403
17486,2013,6.6126,146,22079
17486,2014,5.9776,130,21748
17486,2015,6.4477,139,21558
17495,1999,0.9798,8,8165
17495,2000,3.7166,30,8072
17495,2001,3.7774,30,7942
17495,2002,4.3612,34,7796
17495,2003,4.2958,33,7682
17495,2004,4.7783,36,7534
17495,2005,3.6575,27,7382
17495,2006,3.5917,26,7239
17495,2007,5.7934,41,7077
17495,2008,4.3184,30,6947
17495,2009,4.3885,30,6836
17495,2010,3.7054,25,6747
17495,2011,5.8726,39,6641
17495,2012,4.8937,32,6539
17495,2013,7.0104,45,6419
17495,2014,5.5468,35,6310
17495,2015,6.3674,40,6282
17513,1998,4.8724,97,19908
17513,1999,6.1449,121,19691
17513,2000,5.7099,111,19440
17513,2001,5.5625,107,19236
17513,2002,5.4296,103,18970
17513,2003,5.2457,98,18682
17513,2004,5.4321,100,18409
17513,2005,5.5313,100,18079
17513,2006,6.2248,111,17832
17513,2007,5.2344,92,17576
17513,2008,5.2604,91,17299
17513,2009,6.122,104,16988
17513,2010,6.2056,104,16759
17513,2011,5.1338,85,16557
17513,2012,6.3179,103,16303
17513,2013,6.6981,108,16124
17513,2014,5.728,91,15887
17513,2015,5.2685,83,15754
17524,1998,5.5162,105,19035
17524,1999,8.4746,160,18880
17524,2000,7.8446,147,18739
17524,2001,8.2364,153,18576
17524,2002,9.7917,180,18383
17524,2003,6.9299,126,18182
17524,2004,7.476,134,17924
17524,2005,6.9993,124,17716
17524,2006,6.5232,114,17476
17524,2007,6.2543,108,17268
17524,2008,8.0038,136,16992
17524,2009,6.4385,108,16774
17524,2010,7.0456,117,16606
17524,2011,6.3134,104,16473
17524,2012,6.8182,111,16280
17524,2013,6.035,97,16073
17524,2014,6.8386,109,15939
17524,2015,7.2766,115,15804
17541,1998,4.8084,140,29116
17541,1999,5.1653,148,28653
17541,2000,5.7836,163,28183
17541,2001,6.2002,172,27741
17541,2002,5.4699,149,27240
17541,2003,4.7557,127,26705
17541,2004,4.896,128,26144
17541,2005,6.25,160,25600
17541,2006,4.753,119,25037
17541,2007,5.7553,141,24499
17541,2008,5.8411,140,23968
17541,2009,4.7741,112,23460
17541,2010,5.4348,125,23000
17541,2011,5.4239,122,22493
17541,2012,5.6939,126,22129
17541,2013,5.6721,123,21685
17541,2014,5.7334,122,21279
17541,2015,5.0503,105,20791
17614,1998,8.5582,319,37274
17614,1999,10.1259,386,38120
17614,2000,10.5645,411,38904
17614,2001,9.8506,391,39693
17614,2002,7.9992,323,40379
17614,2003,8.8664,364,41054
17614,2004,8.4447,352,41683
17614,2005,7.292,308,42238
17614,2006,7.7344,331,42796
17614,2007,7.951,345,43391
17614,2008,7.8079,343,43930
17614,2009,6.3108,281,44527
17614,2010,7.5773,342,45135
17614,2011,8.1192,371,45694
17614,2012,7.438,344,46249
17614,2013,6.8107,319,46838
17614,2014,6.4198,305,47509
17614,2015,6.5183,314,48172
17616,1998,5.4945,83,15106
17616,1999,5.7097,85,14887
17616,2000,4.6259,68,14700
17616,2001,4.4303,64,14446
17616,2002,5.2735,75,14222
17616,2003,5.5055,77,13986
17616,2004,5.4601,75,13736
17616,2005,4.3814,59,13466
17616,2006,4.6237,61,13193
17616,2007,4.4919,58,12912
17616,2008,4.7386,60,12662
17616,2009,5.0716,63,12422
17616,2010,4.7588,58,12188
17616,2011,5.0867,61,11992
17616,2012,5.0766,60,11819
17616,2013,4.9045,57,11622
17616,2014,5.9754,68,11380
17616,2015,5.0834,57,11213
17653,1998,6.5287,164,25120
17653,1999,8.7702,218,24857
17653,2000,7.4845,184,24584
17653,2001,7.0365,171,24302
17653,2002,7.7077,185,24002
17653,2003,5.8539,138,23574
17653,2004,6.4876,151,23275
17653,2005,7.2843,167,22926
17653,2006,7.41,167,22537
17653,2007,7.3817,164,22217
17653,2008,7.3073,160,21896
17653,2009,5.5113,119,21592
17653,2010,6.5027,138,21222
17653,2011,5.5704,117,21004
17653,2012,5.9906,124,20699
17653,2013,5.9631,122,20459
17653,2014,6.7218,135,20084
17653,2015,6.5889,131,19882
17662,1998,3.5613,142,39873
17662,1999,5.0937,159,31215
17662,2000,4.4033,135,30659
17662,2001,5.3273,160,30034
17662,2002,6.4665,190,29382
17662,2003,5.9766,172,28779
17662,2004,5.9066,166,28104
17662,2005,5.0702,139,27415
17662,2006,6.1634,165,26771
17662,2007,5.0621,132,26076
17662,2008,4.3692,111,25405
17662,2009,5.3674,133,24779
17662,2010,4.9121,119,24226
17662,2011,4.3076,102,23679
17662,2012,4.7512,110,23152
17662,2013,4.8602,110,22633
17662,2014,4.5173,100,22137
17662,2015,5.3634,116,21628
17665,1998,1.7016,18,10578
17665,1999,2.4239,25,10314
17665,2000,3.4072,34,9979
17665,2001,3.8247,37,9674
17665,2002,2.8877,27,9350
17665,2003,2.6555,24,9038
17665,2004,3.3299,29,8709
17665,2005,3.7064,31,8364
17665,2006,3.2262,26,8059
17665,2007,3.9985,31,7753
17665,2008,4.5816,34,7421
17665,2009,2.3657,17,7186
17665,2010,4.356,30,6887
17665,2011,3.9502,26,6582
17665,2012,3.014,19,6304
17665,2013,3.6709,22,5993
17665,2014,4.0084,23,5738
17665,2015,5.8097,32,5508
17777,1998,6.8012,180,26466
17777,1999,7.3223,195,26631
17777,2000,7.5011,201,26796
17777,2001,6.8346,184,26922
17777,2002,7.2081,195,27053
17777,2003,5.9761,162,27108
17777,2004,6.4773,176,27172
17777,2005,6.1395,167,27201
17777,2006,5.8041,158,27222
17777,2007,5.3971,147,27237
17777,2008,5.0923,139,27296
17777,2009,6.0219,165,27400
17777,2010,5.542,152,27427
17777,2011,4.877,134,27476
17777,2012,5.8431,161,27554
17777,2013,5.9824,165,27581
17777,2014,5.8743,163,27748
17777,2015,5.7692,161,27907
17867,1998,3.6204,43,11877
17867,1999,4.4908,53,11802
17867,2000,4.6071,54,11721
17867,2001,5.7397,67,11673
17867,2002,3.5449,41,11566
17867,2003,5.8679,67,11418
17867,2004,6.0236,68,11289
17867,2005,5.3788,60,11155
17867,2006,7.5359,83,11014
17867,2007,5.1348,56,10906
17867,2008,4.4535,48,10778
17867,2009,5.5027,59,10722
17867,2010,5.7585,61,10593
17867,2011,3.6263,38,10479
17867,2012,5.5705,58,10412
17867,2013,5.6131,58,10333
17867,2014,5.7775,59,10212
17867,2015,5.5937,57,10190
17873,1998,3.5951,169,47008
17873,1999,4.3341,208,47992
17873,2000,3.9241,192,48929
17873,2001,3.9753,198,49807
17873,2002,3.9478,200,50661
17873,2003,4.2555,219,51463
17873,2004,3.7317,195,52255
17873,2005,4.0961,217,52977
17873,2006,3.7621,202,53693
17873,2007,3.6712,200,54478
17873,2008,4.4164,244,55249
17873,2009,4.266,239,56025
17873,2010,3.7117,211,56848
17873,2011,4.3864,253,57678
17873,2012,4.0017,234,58475
17873,2013,4.2111,250,59367
17873,2014,4.2615,257,60308
17873,2015,3.7096,227,61193
17877,1998,8.7198,129,14794
17877,1999,7.5433,111,14715
17877,2000,8.3556,122,14601
17877,2001,9.2612,134,14469
17877,2002,6.6964,96,14336
17877,2003,7.6561,109,14237
17877,2004,7.9455,112,14096
17877,2005,6.6863,93,13909
17877,2006,6.9697,96,13774
17877,2007,6.7468,92,13636
17877,2008,8.4865,115,13551
17877,2009,5.9621,80,13418
17877,2010,8.2084,109,13279
17877,2011,6.014,79,13136
17877,2012,7.1915,94,13071
17877,2013,6.7724,88,12994
17877,2014,6.5056,84,12912
17877,2015,6.6194,85,12841
18001,1998,5.4284,730,134479
18001,1999,5.779,796,137740
18001,2000,5.7329,809,141115
18001,2001,4.8289,698,144547
18001,2002,5.3303,788,147833
18001,2003,4.8891,737,150744
18001,2004,4.8941,750,153247
18001,2005,4.4896,696,155026
18001,2006,4.5941,720,156723
18001,2007,4.6217,731,158167
18001,2008,4.514,720,159503
18001,2009,4.4674,718,160721
18001,2010,4.6397,751,161863
18001,2011,4.6644,760,162937
18001,2012,4.7899,785,163885
18001,2013,5.085,838,164798
18001,2014,4.8479,803,165639
18001,2015,5.0734,844,166359
18029,1998,2.0106,17,8455
18029,1999,2.7886,23,8248
18029,2000,3.6043,29,8046
18029,2001,5.1059,40,7834
18029,2002,2.5049,19,7585
18029,2003,5.4444,40,7347
18029,2004,5.1835,37,7138
18029,2005,3.5827,25,6978
18029,2006,2.2095,15,6789
18029,2007,3.0428,20,6573
18029,2008,3.2818,21,6399
18029,2009,2.893,18,6222
18029,2010,3.9565,24,6066
18029,2011,3.5515,21,5913
18029,2012,2.9679,17,5728
18029,2013,3.2621,18,5518
18029,2014,3.9252,21,5350
18029,2015,4.6368,24,5176
18094,1998,3.223,44,13652
18094,1999,4.4284,60,13549
18094,2000,4.9188,66,13418
18094,2001,6.321,84,13289
18094,2002,7.3736,97,13155
18094,2003,3.5371,46,13005
18094,2004,4.5825,59,12875
18094,2005,4.005,51,12734
18094,2006,3.8849,49,12613
18094,2007,3.2882,41,12469
18094,2008,3.8854,48,12354
18094,2009,3.4333,42,12233
18094,2010,3.7169,45,12107
18094,2011,5.34,64,11985
18094,2012,4.2201,50,11848
18094,2013,3.4136,40,11718
18094,2014,4.4859,52,11592
18094,2015,3.5855,41,11435
18150,1998,9.2243,159,17237
18150,1999,6.1964,112,18075
18150,2000,5.5126,104,18866
18150,2001,5.8521,115,19651
18150,2002,5.6467,115,20366
18150,2003,5.1705,109,21081
18150,2004,6.462,141,21820
18150,2005,7.2925,164,22489
18150,2006,5.4857,127,23151
18150,2007,4.7819,114,23840
18150,2008,4.5735,112,24489
18150,2009,4.459,112,25118
18150,2010,4.4631,115,25767
18150,2011,3.8268,101,26393
18150,2012,4.2955,116,27005
18150,2013,3.6938,102,27614
18150,2014,3.9359,111,28202
18150,2015,2.3965,69,28792
18205,1998,17.3401,103,5940
18205,1999,15.9829,97,6069
18205,2000,11.138,69,6195
18205,2001,14.1158,89,6305
18205,2002,13.0091,84,6457
18205,2003,7.7803,51,6555
18205,2004,7.0687,47,6649
18205,2005,7.9905,54,6758
18205,2006,6.0091,41,6823
18205,2007,6.2391,43,6892
18205,2008,5.7225,40,6990
18205,2009,5.8024,41,7066
18205,2010,6.299,45,7144
18205,2011,5.5509,40,7206
18205,2012,6.7745,49,7233
18205,2013,5.8767,43,7317
18205,2014,6.3548,47,7396
18205,2015,4.8296,36,7454
18247,1998,5.7447,123,21411
18247,1999,6.0171,129,21439
18247,2000,6.0634,130,21440
18247,2001,5.6911,122,21437
18247,2002,7.7986,167,21414
18247,2003,5.7609,123,21351
18247,2004,5.1665,110,21291
18247,2005,4.7777,101,21140
18247,2006,5.0889,107,21026
18247,2007,4.6821,98,20931
18247,2008,5.819,121,20794
18247,2009,6.4397,133,20653
18247,2010,5.1735,106,20489
18247,2011,4.8608,99,20367
18247,2012,5.0435,102,20224
18247,2013,5.0319,101,20072
18247,2014,5.2674,105,19934
18247,2015,5.2621,104,19764
18256,1998,5.8995,91,15425
18256,1999,5.7446,90,15667
18256,2000,5.4245,86,15854
18256,2001,5.7367,92,16037
18256,2002,7.0466,114,16178
18256,2003,4.6543,76,16329
18256,2004,4.8662,80,16440
18256,2005,6.2775,104,16567
18256,2006,6.353,106,16685
18256,2007,4.101,69,16825
18256,2008,4.8378,82,16950
18256,2009,3.7455,64,17087
18256,2010,3.1999,55,17188
18256,2011,4.8451,84,17337
18256,2012,3.9539,69,17451
18256,2013,3.9276,69,17568
18256,2014,3.7922,67,17668
18256,2015,3.8847,69,17762
18410,1998,4.2429,64,15084
18410,1999,3.7861,57,15055
18410,2000,3.063,46,15018
18410,2001,4.0301,60,14888
18410,2002,4.2686,63,14759
18410,2003,2.8683,42,14643
18410,2004,5.424,79,14565
18410,2005,3.3124,48,14491
18410,2006,4.1445,60,14477
18410,2007,4.2773,62,14495
18410,2008,3.3097,48,14503
18410,2009,3.9202,57,14540
18410,2010,3.3654,49,14560
18410,2011,2.8763,42,14602
18410,2012,4.0303,59,14639
18410,2013,2.7287,40,14659
18410,2014,2.4558,36,14659
18410,2015,2.5812,38,14722
18460,1998,4.3405,41,9446
18460,1999,4.2364,40,9442
18460,2000,4.1414,39,9417
18460,2001,5.3385,50,9366
18460,2002,4.7322,44,9298
18460,2003,3.6575,34,9296
18460,2004,3.8974,36,9237
18460,2005,4.444,41,9226
18460,2006,3.4692,32,9224
18460,2007,3.994,37,9264
18460,2008,3.5328,33,9341
18460,2009,1.7072,16,9372
18460,2010,3.0822,29,9409
18460,2011,2.1142,20,9460
18460,2012,2.0931,20,9555
18460,2013,2.084,20,9597
18460,2014,1.7729,17,9589
18460,2015,2.0825,20,9604
18479,1998,3.4453,12,3483
18479,1999,6.2911,22,3497
18479,2000,5.6593,20,3534
18479,2001,6.7133,24,3575
18479,2002,5.8758,21,3574
18479,2003,6.1298,22,3589
18479,2004,7.7973,28,3591
18479,2005,3.3085,12,3627
18479,2006,4.9875,18,3609
18479,2007,5.8172,21,3610
18479,2008,3.2958,12,3641
18479,2009,3.8525,14,3634
18479,2010,5.1984,19,3655
18479,2011,2.1906,8,3652
18479,2012,4.6461,17,3659
18479,2013,1.6479,6,3641
18479,2014,2.7285,10,3665
18479,2015,4.8232,18,3732
18592,1998,4.0236,126,31315
18592,1999,4.3594,136,31197
18592,2000,4.5501,141,30988
18592,2001,5.6631,174,30725
18592,2002,4.8923,149,30456
18592,2003,5.2342,158,30186
18592,2004,4.7428,142,29940
18592,2005,5.3622,159,29652
18592,2006,5.3049,156,29407
18592,2007,4.5212,132,29196
18592,2008,4.3472,126,28984
18592,2009,3.8246,110,28761
18592,2010,3.7478,107,28550
18592,2011,4.0234,114,28334
18592,2012,3.1316,88,28101
18592,2013,4.4172,123,27846
18592,2014,3.4422,95,27599
18592,2015,3.9513,108,27333
18610,1998,7.4744,57,7626
18610,1999,8.4415,67,7937
18610,2000,6.6313,55,8294
18610,2001,7.5354,65,8626
18610,2002,6.363,57,8958
18610,2003,6.5903,61,9256
18610,2004,4.8345,46,9515
18610,2005,3.8011,37,9734
18610,2006,4.6986,47,10003
18610,2007,6.8346,70,10242
18610,2008,3.7111,39,10509
18610,2009,3.899,42,10772
18610,2010,4.5463,50,10998
18610,2011,4.9862,56,11231
18610,2012,4.001,46,11497
18610,2013,2.9894,35,11708
18610,2014,4.1936,50,11923
18610,2015,4.6813,57,12176
18753,1998,5.4324,207,38105
18753,1999,3.7428,146,39008
18753,2000,4.3289,172,39733
18753,2001,3.9082,158,40428
18753,2002,5.3749,221,41117
18753,2003,3.6174,151,41743
18753,2004,4.8348,205,42401
18753,2005,4.6081,198,42968
18753,2006,4.8159,210,43606
18753,2007,4.677,207,44259
18753,2008,4.1624,187,44926
18753,2009,4.8045,219,45582
18753,2010,4.8414,224,46268
18753,2011,4.1363,194,46902
18753,2012,3.4511,164,47521
18753,2013,3.9694,191,48118
18753,2014,3.6562,178,48684
18753,2015,4.0848,201,49207
18756,1998,6.8171,55,8068
18756,1999,5.3166,44,8276
18756,2000,5.4522,46,8437
18756,2001,3.3839,29,8570
18756,2002,4.729,41,8670
18756,2003,3.2947,29,8802
18756,2004,2.9102,26,8934
18756,2005,4.6256,42,9080
18756,2006,2.2703,21,9250
18756,2007,2.9699,28,9428
18756,2008,2.2938,22,9591
18756,2009,2.6612,26,9770
18756,2010,2.5098,25,9961
18756,2011,2.6677,27,10121
18756,2012,1.6535,17,10281
18756,2013,1.9126,20,10457
18756,2014,2.4507,26,10609
18756,2015,1.9502,21,10768
18785,1998,8.1178,70,8623
18785,1999,8.3628,71,8490
18785,2000,7.281,61,8378
18785,2001,7.4354,61,8204
18785,2002,5.2083,42,8064
18785,2003,4.7847,38,7942
18785,2004,4.3528,34,7811
18785,2005,4.3025,33,7670
18785,2006,6.2013,47,7579
18785,2007,3.878,29,7478
18785,2008,4.2472,31,7299
18785,2009,3.183,23,7226
18785,2010,3.9188,28,7145
18785,2011,4.7123,33,7003
18785,2012,4.1847,29,6930
18785,2013,3.2382,22,6794
18785,2014,3.5971,24,6672
18785,2015,3.6463,24,6582
18860,1998,6.5193,92,14112
18860,1999,5.6806,78,13731
18860,2000,4.131,55,13314
18860,2001,4.9821,64,12846
18860,2002,6.6348,82,12359
18860,2003,3.86,46,11917
18860,2004,3.7349,43,11513
18860,2005,2.6947,30,11133
18860,2006,2.9665,32,10787
18860,2007,2.9614,31,10468
18860,2008,3.0635,31,10119
18860,2009,2.5523,25,9795
18860,2010,2.1108,20,9475
18860,2011,3.3813,31,9168
18860,2012,2.9472,26,8822
18860,2013,1.5255,13,8522
18860,2014,4.1453,34,8202
18860,2015,2.5449,20,7859
19001,1998,4.2998,1045,243034
19001,1999,4.7981,1167,243219
19001,2000,4.4317,1107,249792
19001,2001,4.6581,1195,256541
19001,2002,4.9371,1287,260679
19001,2003,4.2772,1132,264657
19001,2004,4.7958,1288,268568
19001,2005,4.4516,1212,272261
19001,2006,4.6861,1294,276137
19001,2007,4.5184,1250,276645
19001,2008,4.7817,1349,282115
19001,2009,4.4199,1263,285751
19001,2010,4.3917,1271,289412
19001,2011,4.6213,1354,292988
19001,2012,4.5913,1361,296431
19001,2013,4.4327,1329,299819
19001,2014,4.7549,1442,303267
19001,2015,4.909,1506,306782
19022,1998,6.2439,121,19379
19022,1999,6.5215,127,19474
19022,2000,6.2594,121,19331
19022,2001,6.1497,118,19188
19022,2002,5.7939,111,19158
19022,2003,5.443,104,19107
19022,2004,5.248,100,19055
19022,2005,5.9486,113,18996
19022,2006,5.9059,112,18964
19022,2007,3.9372,75,19049
19022,2008,4.3313,82,18932
19022,2009,4.6147,87,18853
19022,2010,3.9408,74,18778
19022,2011,3.3083,62,18741
19022,2012,4.6591,87,18673
19022,2013,4.6212,86,18610
19022,2014,5.7121,106,18557
19022,2015,4.4814,83,18521
19050,1998,2.5389,53,20875
19050,1999,3.2813,70,21333
19050,2000,2.6047,56,21500
19050,2001,2.7178,59,21709
19050,2002,1.5905,35,22006
19050,2003,2.3291,52,22326
19050,2004,2.3875,54,22618
19050,2005,2.3651,54,22832
19050,2006,2.5998,60,23079
19050,2007,3.5777,84,23479
19050,2008,3.5967,85,23633
19050,2009,3.9806,95,23866
19050,2010,3.5239,85,24121
19050,2011,3.2803,80,24388
19050,2012,2.5569,63,24639
19050,2013,2.1717,54,24865
19050,2014,2.5105,63,25095
19050,2015,2.4085,61,25327
19075,1998,4.5664,87,19052
19075,1999,2.4398,47,19264
19075,2000,2.6417,51,19306
19075,2001,2.3237,45,19366
19075,2002,2.2059,43,19493
19075,2003,2.2946,45,19611
19075,2004,4.0071,79,19715
19075,2005,3.7856,75,19812
19075,2006,3.2117,64,19927
19075,2007,3.9803,80,20099
19075,2008,2.9317,59,20125
19075,2009,3.0658,62,20223
19075,2010,2.6071,53,20329
19075,2011,2.1529,44,20438
19075,2012,2.5813,53,20532
19075,2013,3.1521,65,20621
19075,2014,2.2725,47,20682
19075,2015,2.4108,50,20740
19100,1998,3.5561,211,59335
19100,1999,3.6457,217,59522
19100,2000,3.1381,155,49393
19100,2001,2.3493,114,48525
19100,2002,1.7327,83,47902
19100,2003,2.5805,122,47277
19100,2004,2.6587,124,46639
19100,2005,3.1114,143,45960
19100,2006,3.4633,157,45332
19100,2007,2.4899,112,44982
19100,2008,3.0129,133,44143
19100,2009,2.5049,109,43514
19100,2010,2.4949,107,42888
19100,2011,1.9884,84,42244
19100,2012,2.4981,104,41631
19100,2013,1.8534,76,41005
19100,2014,1.7861,72,40312
19100,2015,2.1154,84,39708
19110,1998,3.7534,82,21847
19110,1999,3.8056,86,22598
19110,2000,4.0103,92,22941
19110,2001,3.3898,79,23305
19110,2002,3.3558,80,23839
19110,2003,3.3676,82,24350
19110,2004,2.9382,73,24845
19110,2005,3.0812,78,25315
19110,2006,3.0596,79,25820
19110,2007,3.7672,100,26545
19110,2008,3.6484,98,26861
19110,2009,3.3675,92,27320
19110,2010,3.3839,94,27779
19110,2011,3.1156,88,28245
19110,2012,3.7972,109,28705
19110,2013,3.6668,107,29181
19110,2014,3.6198,107,29560
19110,2015,3.2643,98,30022
19130,1998,3.5884,140,39015
19130,1999,3.5933,142,39518
19130,2000,4.209,166,39439
19130,2001,3.6053,142,39387
19130,2002,2.8815,114,39563
19130,2003,2.6435,105,39720
19130,2004,2.831,113,39915
19130,2005,3.645,146,40055
19130,2006,3.4323,138,40206
19130,2007,3.614,147,40675
19130,2008,3.6974,150,40569
19130,2009,3.537,144,40712
19130,2010,3.7218,152,40840
19130,2011,3.1218,128,41002
19130,2012,3.284,135,41109
19130,2013,2.9328,121,41258
19130,2014,2.7305,113,41384
19130,2015,3.5392,147,41535
19137,1998,3.0258,74,24456
19137,1999,4.7434,121,25509
19137,2000,5.1233,134,26155
19137,2001,5.5471,149,26861
19137,2002,4.5812,127,27722
19137,2003,4.9109,140,28508
19137,2004,4.1616,122,29316
19137,2005,4.0526,122,30104
19137,2006,2.8143,87,30913
19137,2007,2.8833,92,31908
19137,2008,2.6744,87,32531
19137,2009,1.8615,62,33307
19137,2010,3.9981,136,34016
19137,2011,3.3965,118,34742
19137,2012,2.1124,75,35504
19137,2013,3.4203,124,36254
19137,2014,2.6763,99,36992
19137,2015,3.2865,124,37730
19142,1998,4.1241,162,39281
19142,1999,3.4322,138,40208
19142,2000,3.945,160,40558
19142,2001,3.7099,152,40971
19142,2002,3.9934,166,41569
19142,2003,3.7752,159,42117
19142,2004,3.4434,147,42690
19142,2005,3.8157,165,43242
19142,2006,4.1289,181,43837
19142,2007,6.2408,132,21151
19142,2008,4.5191,99,21907
19142,2009,5.0902,116,22789
19142,2010,5.3252,126,23661
19142,2011,4.7732,117,24512
19142,2012,4.8509,123,25356
19142,2013,4.437,116,26144
19142,2014,4.2754,115,26898
19142,2015,4.4425,123,27687
19212,1998,6.009,139,23132
19212,1999,6.4341,149,23158
19212,2000,8.0586,188,23329
19212,2001,7.0144,165,23523
19212,2002,6.0862,144,23660
19212,2003,7.9882,190,23785
19212,2004,6.7353,161,23904
19212,2005,6.2445,150,24021
19212,2006,6.6727,161,24128
19212,2007,5.3828,130,24151
19212,2008,5.264,128,24316
19212,2009,6.0285,147,24384
19212,2010,6.4964,159,24475
19212,2011,6.9182,170,24573
19212,2012,5.4332,134,24663
19212,2013,5.8236,144,24727
19212,2014,5.7134,142,24854
19212,2015,7.4657,186,24914
19256,1998,3.8886,194,49889
19256,1999,5.0264,254,50533
19256,2000,4.6745,236,50487
19256,2001,5.5528,280,50425
19256,2002,4.4044,223,50631
19256,2003,4.6789,238,50867
19256,2004,4.9322,252,51093
19256,2005,4.8549,249,51288
19256,2006,4.3099,222,51509
19256,2007,4.3606,227,52057
19256,2008,4.961,258,52006
19256,2009,4.4092,230,52164
19256,2010,4.3751,229,52342
19256,2011,3.0465,160,52520
19256,2012,3.588,189,52675
19256,2013,3.4449,182,52831
19256,2014,3.226,171,53007
19256,2015,4.266,227,53211
19290,1998,6.2733,37,5898
19290,1999,3.5678,21,5886
19290,2000,3.8036,22,5784
19290,2001,2.0906,12,5740
19290,2002,4.3737,25,5716
19290,2003,4.7619,27,5670
19290,2004,5.4965,31,5640
19290,2005,5.1629,29,5617
19290,2006,5.5926,31,5543
19290,2007,5.0125,28,5586
19290,2008,6.3165,35,5541
19290,2009,6.1339,34,5543
19290,2010,6.0241,33,5478
19290,2011,5.53,30,5425
19290,2012,4.6477,25,5379
19290,2013,4.3184,23,5326
19290,2014,6.8637,36,5245
19290,2015,4.0107,21,5236
19300,2007,1.4807,35,23637
19300,2008,2.7092,63,23254
19300,2009,2.9732,68,22871
19300,2010,2.9787,67,22493
19300,2011,1.7161,38,22143
19300,2012,3.6347,79,21735
19300,2013,2.9921,64,21390
19300,2014,3.1887,67,21012
19300,2015,3.8784,80,20627
19318,1998,4.1289,112,27126
19318,1999,3.0934,84,27155
19318,2000,2.3916,65,27178
19318,2001,2.86,78,27273
19318,2002,2.6353,72,27321
19318,2003,1.9733,54,27366
19318,2004,2.4459,67,27393
19318,2005,2.5916,71,27396
19318,2006,2.5155,69,27430
19318,2007,1.9347,53,27395
19318,2008,2.6255,72,27423
19318,2009,1.8955,52,27434
19318,2010,2.3667,65,27464
19318,2011,1.822,50,27443
19318,2012,2.0018,55,27475
19318,2013,2.4027,66,27469
19318,2014,2.2929,63,27476
19318,2015,2.9851,82,27470
19355,1998,6.3072,135,21404
19355,1999,6.006,132,21978
19355,2000,4.7703,106,22221
19355,2001,6.0383,136,22523
19355,2002,5.4983,126,22916
19355,2003,4.6324,108,23314
19355,2004,4.3819,104,23734
19355,2005,4.8967,118,24098
19355,2006,4.4946,110,24474
19355,2007,4.6261,116,25075
19355,2008,3.7132,94,25315
19355,2009,3.8917,100,25696
19355,2010,2.4587,64,26030
19355,2011,2.6922,71,26372
19355,2012,2.5074,67,26721
19355,2013,2.7687,75,27089
19355,2014,3.3858,93,27468
19355,2015,2.9495,82,27801
19364,1998,3.8023,40,10520
19364,1999,2.0004,22,10998
19364,2000,1.0555,12,11369
19364,2001,1.1969,14,11697
19364,2002,2.1514,26,12085
19364,2003,2.0037,25,12477
19364,2004,1.0882,14,12865
19364,2005,1.7364,23,13246
19364,2006,2.0549,28,13626
19364,2007,1.3564,19,14008
19364,2008,0.9757,14,14349
19364,2009,0.8859,13,14674
19364,2010,0.7313,11,15042
19364,2011,1.2332,19,15407
19364,2012,1.4583,23,15772
19364,2013,2.0473,33,16119
19364,2014,2.3679,39,16470
19364,2015,1.308,22,16820
19392,1998,3.4722,43,12384
19392,1999,5.9066,73,12359
19392,2000,5.6405,69,12233
19392,2001,5.0318,61,12123
19392,2002,2.9943,36,12023
19392,2003,3.3445,40,11960
19392,2004,5.5588,66,11873
19392,2005,3.8291,45,11752
19392,2006,4.7912,56,11688
19392,2007,4.4747,52,11621
19392,2008,3.3839,39,11525
19392,2009,2.624,30,11433
19392,2010,2.1192,24,11325
19392,2011,3.1253,35,11199
19392,2012,2.5139,28,11138
19392,2013,3.0766,34,11051
19392,2014,4.1891,46,10981
19392,2015,3.5662,39,10936
19397,1998,5.1166,111,21694
19397,1999,4.7329,104,21974
19397,2000,5.0879,112,22013
19397,2001,4.4867,99,22065
19397,2002,4.1864,93,22215
19397,2003,4.3346,97,22378
19397,2004,4.6652,105,22507
19397,2005,4.1891,95,22678
19397,2006,5.0866,116,22805
19397,2007,3.0269,70,23126
19397,2008,3.7167,86,23139
19397,2009,2.7097,63,23250
19397,2010,4.1888,98,23396
19397,2011,3.9521,93,23532
19397,2012,3.8853,92,23679
19397,2013,3.9069,93,23804
19397,2014,3.4287,82,23916
19397,2015,3.3579,81,24122
19418,1998,2.4351,39,16016
19418,1999,2.025,33,16296
19418,2000,1.6521,27,16343
19418,2001,0.9772,16,16374
19418,2002,1.4525,24,16523
19418,2003,1.6187,27,16680
19418,2004,0.714,12,16806
19418,2005,0.8264,14,16940
19418,2006,1.3479,23,17064
19418,2007,1.9644,34,17308
19418,2008,1.4376,25,17390
19418,2009,1.7749,31,17466
19418,2010,1.4211,25,17592
19418,2011,0.6213,11,17706
19418,2012,1.2343,22,17824
19418,2013,1.2267,22,17934
19418,2014,1.4959,27,18049
19418,2015,1.6509,30,18172
19450,1998,5.3983,99,18339
19450,1999,5.853,109,18623
19450,2000,5.9521,112,18817
19450,2001,5.7155,109,19071
19450,2002,4.5584,88,19305
19450,2003,5.3213,104,19544
19450,2004,5.2621,104,19764
19450,2005,5.7506,115,19998
19450,2006,4.3601,88,20183
19450,2007,4.1984,86,20484
19450,2008,3.8726,80,20658
19450,2009,3.3575,70,20849
19450,2010,2.564,54,21061
19450,2011,3.3338,71,21297
19450,2012,2.4652,53,21499
19450,2013,2.6749,58,21683
19450,2014,2.2412,49,21863
19450,2015,3.6845,81,21984
19455,1998,5.0699,131,25839
19455,1999,5.3073,138,26002
19455,2000,4.6587,123,26402
19455,2001,5.5172,148,26825
19455,2002,5.2701,143,27134
19455,2003,5.249,144,27434
19455,2004,4.3284,120,27724
19455,2005,3.9654,111,27992
19455,2006,5.4102,153,28280
19455,2007,4.9609,141,28422
19455,2008,4.8682,140,28758
19455,2009,4.5478,132,29025
19455,2010,4.951,145,29287
19455,2011,3.8933,115,29538
19455,2012,4.4667,133,29776
19455,2013,4.8953,147,30029
19455,2014,4.596,139,30244
19455,2015,4.7519,145,30514
19473,1998,3.6039,88,24418
19473,1999,3.8218,97,25381
19473,2000,3.5338,92,26034
19473,2001,3.6008,96,26661
19473,2002,3.2798,90,27441
19473,2003,3.897,110,28227
19473,2004,3.178,92,28949
19473,2005,3.0986,92,29691
19473,2006,3.3829,103,30447
19473,2007,2.6773,84,31375
19473,2008,3.0383,97,31926
19473,2009,2.8802,94,32637
19473,2010,3.1184,104,33350
19473,2011,1.9984,68,34027
19473,2012,3.0568,106,34677
19473,2013,2.516,89,35374
19473,2014,2.3008,83,36074
19473,2015,2.8019,103,36761
19513,1998,4.0343,39,9667
19513,1999,3.6296,35,9643
19513,2000,5.8745,57,9703
19513,2001,6.5607,64,9755
19513,2002,4.8047,47,9782
19513,2003,4.493,44,9793
19513,2004,5.2025,51,9803
19513,2005,4.575,45,9836
19513,2006,3.5533,35,9850
19513,2007,4.7016,46,9784
19513,2008,4.3664,43,9848
19513,2009,5.2926,52,9825
19513,2010,4.1595,41,9857
19513,2011,3.3503,33,9850
19513,2012,4.7784,47,9836
19513,2013,4.3744,43,9830
19513,2014,4.883,48,9830
19513,2015,4.879,48,9838
19517,1998,6.2896,157,24962
19517,1999,6.4676,170,26285
19517,2000,5.4631,149,27274
19517,2001,5.6949,161,28271
19517,2002,5.1411,151,29371
19517,2003,4.791,146,30474
19517,2004,4.9121,155,31555
19517,2005,4.2922,140,32617
19517,2006,3.8855,131,33715
19517,2007,3.1466,110,34958
19517,2008,2.8435,102,35871
19517,2009,2.4679,91,36873
19517,2010,2.0325,77,37885
19517,2011,2.6485,103,38890
19517,2012,2.9854,119,39861
19517,2013,2.8405,116,40838
19517,2014,2.6783,112,41818
19517,2015,2.5931,111,42806
19532,1998,4.0013,144,35988
19532,1999,3.3542,121,36074
19532,2000,4.1601,150,36057
19532,2001,4.2368,153,36112
19532,2002,4.8107,174,36169
19532,2003,4.3359,157,36209
19532,2004,4.1068,149,36281
19532,2005,5.5617,202,36320
19532,2006,5.1982,189,36359
19532,2007,5.1604,188,36431
19532,2008,3.8146,139,36439
19532,2009,4.5224,165,36485
19532,2010,3.6187,132,36477
19532,2011,4.2984,157,36525
19532,2012,3.882,142,36579
19532,2013,4.1005,150,36581
19532,2014,4.1751,153,36646
19532,2015,5.5867,205,36694
19533,1998,0.5056,2,3956
19533,1999,0.9423,4,4245
19533,2000,1.1047,5,4526
19533,2001,2.3119,11,4758
19533,2002,0.8061,4,4962
19533,2003,3.4423,18,5229
19533,2004,3.105,17,5475
19533,2005,0.8667,5,5769
19533,2006,0.5028,3,5966
19533,2007,2.0837,13,6239
19533,2008,2.0059,13,6481
19533,2009,1.3417,9,6708
19533,2010,2.1651,15,6928
19533,2011,2.229,16,7178
19533,2012,3.2428,24,7401
19533,2013,1.5729,12,7629
19533,2014,2.2927,18,7851
19533,2015,2.5913,21,8104
19548,1998,4.2902,136,31700
19548,1999,5.2764,170,32219
19548,2000,4.0069,131,32694
19548,2001,4.4604,148,33181
19548,2002,4.4529,150,33686
19548,2003,4.4766,153,34178
19548,2004,4.1253,143,34664
19548,2005,4.642,163,35114
19548,2006,4.8046,171,35591
19548,2007,4.6305,167,36065
19548,2008,4.1912,153,36505
19548,2009,3.9812,147,36924
19548,2010,4.4165,165,37360
19548,2011,3.9173,148,37781
19548,2012,3.7935,145,38223
19548,2013,4.1672,161,38635
19548,2014,3.9416,154,39070
19548,2015,4.555,180,39517
19573,1998,6.8793,269,39103
19573,1999,8.152,315,38641
19573,2000,7.699,302,39226
19573,2001,8.6265,343,39761
19573,2002,6.3329,253,39950
19573,2003,7.4809,300,40102
19573,2004,8.002,322,40240
19573,2005,7.7564,313,40354
19573,2006,7.8586,318,40465
19573,2007,7.0579,283,40097
19573,2008,6.5187,264,40499
19573,2009,7.6857,312,40595
19573,2010,6.2856,256,40728
19573,2011,7.2739,297,40831
19573,2012,5.3806,220,40888
19573,2013,6.6006,271,41057
19573,2014,6.0588,249,41097
19573,2015,6.4414,265,41140
19585,1998,5.2561,63,11986
19585,1999,4.6918,58,12362
19585,2000,4.6859,59,12591
19585,2001,4.9176,63,12811
19585,2002,5.1208,67,13084
19585,2003,4.6314,62,13387
19585,2004,4.7654,65,13640
19585,2005,5.0309,70,13914
19585,2006,3.8039,54,14196
19585,2007,3.7129,54,14544
19585,2008,3.5942,53,14746
19585,2009,2.9946,45,15027
19585,2010,2.6875,41,15256
19585,2011,3.2237,50,15510
19585,2012,2.1559,34,15771
19585,2013,2.5019,40,15988
19585,2014,2.8343,46,16230
19585,2015,3.758,62,16498
19622,1998,3.4899,39,11175
19622,1999,4.689,53,11303
19622,2000,4.9809,56,11243
19622,2001,4.9906,56,11221
19622,2002,3.9132,44,11244
19622,2003,5.7814,65,11243
19622,2004,4.0032,45,11241
19622,2005,6.3966,72,11256
19622,2006,4.0831,46,11266
19622,2007,4.7422,54,11387
19622,2008,4.4103,50,11337
19622,2009,4.8424,55,11358
19622,2010,3.8862,44,11322
19622,2011,2.9085,33,11346
19622,2012,3.8566,44,11409
19622,2013,3.3182,38,11452
19622,2014,4.1163,47,11418
19622,2015,3.3292,38,11414
19693,1998,7.8205,76,9718
19693,1999,5.6531,56,9906
19693,2000,6.6573,66,9914
19693,2001,7.8955,78,9879
19693,2002,6.8157,68,9977
19693,2003,6.3618,64,10060
19693,2004,5.4391,55,10112
19693,2005,7.9544,81,10183
19693,2006,7.0409,72,10226
19693,2007,5.5855,58,10384
19693,2008,6.3529,66,10389
19693,2009,4.6899,49,10448
19693,2010,4.0875,43,10520
19693,2011,5.6727,60,10577
19693,2012,4.1416,44,10624
19693,2013,5.8123,62,10667
19693,2014,6.1694,66,10698
19693,2015,4.0881,44,10763
19698,1998,3.5598,352,98881
19698,1999,4.0729,352,86425
19698,2000,4.7666,419,87904
19698,2001,4.7845,428,89455
19698,2002,4.4806,407,90837
19698,2003,3.8082,351,92169
19698,2004,3.8075,356,93500
19698,2005,3.9053,370,94742
19698,2006,4.1326,397,96065
19698,2007,3.7275,362,97115
19698,2008,4.0842,402,98428
19698,2009,4.014,400,99650
19698,2010,3.916,395,100867
19698,2011,3.8995,398,102064
19698,2012,4.0793,421,103205
19698,2013,3.9473,412,104375
19698,2014,4.1128,434,105525
19698,2015,4.4512,475,106712
19701,1998,1.8768,12,6394
19701,1999,1.0898,7,6423
19701,2000,1.4153,9,6359
19701,2001,2.4116,15,6220
19701,2002,1.6218,10,6166
19701,2003,2.1256,13,6116
19701,2004,1.1528,7,6072
19701,2005,1.3324,8,6004
19701,2006,2.1746,13,5978
19701,2007,1.0101,6,5940
19701,2008,2.2222,13,5850
19701,2009,0.5171,3,5802
19701,2010,1.0462,6,5735
19701,2011,2.9778,17,5709
19701,2012,2.3082,13,5632
19701,2013,3.0521,17,5570
19701,2014,2.7223,15,5510
19701,2015,1.275,7,5490
19743,1998,5.3555,126,23527
19743,1999,6.3102,154,24405
19743,2000,5.5855,140,25065
19743,2001,5.5283,142,25686
19743,2002,3.7817,100,26443
19743,2003,4.564,124,27169
19743,2004,4.3389,121,27887
19743,2005,4.0879,117,28621
19743,2006,4.2624,125,29326
19743,2007,4.5349,137,30210
19743,2008,4.581,141,30779
19743,2009,3.881,122,31435
19743,2010,3.6133,116,32104
19743,2011,2.9597,97,32774
19743,2012,1.7349,58,33432
19743,2013,1.9674,67,34055
19743,2014,3.0549,106,34698
19743,2015,2.8345,100,35280
19760,1998,4.1864,45,10749
19760,1999,3.5339,39,11036
19760,2000,3.4087,38,11148
19760,2001,4.2758,48,11226
19760,2002,3.858,44,11405
19760,2003,3.4623,40,11553
19760,2004,3.6574,43,11757
19760,2005,4.6187,55,11908
19760,2006,4.4709,54,12078
19760,2007,2.924,36,12312
19760,2008,5.1588,64,12406
19760,2009,3.5063,44,12549
19760,2010,3.7017,47,12697
19760,2011,2.1046,27,12829
19760,2012,4.1484,54,13017
19760,2013,3.7299,49,13137
19760,2014,3.3085,44,13299
19760,2015,2.9784,40,13430
19780,1998,1.4465,36,24888
19780,1999,1.3806,35,25352
19780,2000,1.4014,36,25688
19780,2001,1.614,42,26022
19780,2002,1.3636,36,26401
19780,2003,1.1574,31,26784
19780,2004,1.4743,40,27131
19780,2005,1.8172,50,27515
19780,2006,1.2557,35,27874
19780,2007,2.2948,65,28325
19780,2008,1.9582,56,28597
19780,2009,2.3159,67,28931
19780,2010,2.3234,68,29267
19780,2011,2.0628,61,29571
19780,2012,1.8395,55,29899
19780,2013,2.5818,78,30211
19780,2014,2.7795,85,30581
19780,2015,2.0712,64,30900
19785,2000,2.875,29,10087
19785,2001,3.7766,38,10062
19785,2002,0.5001,5,9998
19785,2003,2.1061,21,9971
19785,2004,2.7201,27,9926
19785,2005,3.2461,32,9858
19785,2006,3.769,37,9817
19785,2007,2.6401,26,9848
19785,2008,3.3742,33,9780
19785,2009,3.1759,31,9761
19785,2010,2.5707,25,9725
19785,2011,2.3797,23,9665
19785,2012,3.5251,34,9645
19785,2013,2.4971,24,9611
19785,2014,3.9608,38,9594
19785,2015,3.1348,30,9570
19807,1998,4.17,131,31415
19807,1999,5.1851,164,31629
19807,2000,5.2759,168,31843
19807,2001,4.8931,157,32086
19807,2002,4.3919,142,32332
19807,2003,4.4541,145,32554
19807,2004,4.2107,138,32774
19807,2005,4.5226,149,32946
19807,2006,4.7933,159,33171
19807,2007,5.2442,175,33370
19807,2008,4.7679,160,33558
19807,2009,4.8893,165,33747
19807,2010,4.655,158,33942
19807,2011,4.7789,163,34108
19807,2012,3.9901,137,34335
19807,2013,4.6762,161,34430
19807,2014,5.2444,182,34704
19807,2015,5.5638,194,34868
19809,1998,1.2887,26,20175
19809,1999,0.9705,20,20607
19809,2000,0.8623,18,20875
19809,2001,1.6566,35,21127
19809,2002,1.6309,35,21461
19809,2003,1.4234,31,21779
19809,2004,1.6312,36,22069
19809,2005,1.4746,33,22379
19809,2006,0.7492,17,22692
19809,2007,1.0426,24,23019
19809,2008,1.9304,45,23311
19809,2009,2.1606,51,23605
19809,2010,1.1312,27,23869
19809,2011,0.9525,23,24147
19809,2012,1.2702,31,24405
19809,2013,0.7292,18,24685
19809,2014,1.8829,47,24962
19809,2015,1.5082,38,25195
19821,1998,2.7294,44,16121
19821,1999,3.0103,52,17274
19821,2000,2.6913,49,18207
19821,2001,2.3013,44,19120
19821,2002,2.3329,47,20147
19821,2003,2.1282,45,21145
19821,2004,1.8071,40,22135
19821,2005,2.5982,60,23093
19821,2006,2.324,56,24096
19821,2007,2.6971,68,25212
19821,2008,2.6041,68,26113
19821,2009,2.6616,72,27051
19821,2010,2.0702,58,28017
19821,2011,2.3507,68,28927
19821,2012,1.1085,33,29771
19821,2013,1.6638,51,30653
19821,2014,1.489,47,31565
19821,2015,1.7242,56,32478
19824,1998,3.6941,54,14618
19824,1999,4.3719,67,15325
19824,2000,5.3972,85,15749
19824,2001,3.5847,58,16180
19824,2002,3.53,59,16714
19824,2003,2.9596,51,17232
19824,2004,3.9408,70,17763
19824,2005,3.0139,55,18249
19824,2006,3.6794,69,18753
19824,2007,2.217,43,19396
19824,2008,2.2725,45,19802
19824,2009,2.317,47,20285
19824,2010,3.0812,64,20771
19824,2011,2.6849,57,21230
19824,2012,3.0847,67,21720
19824,2013,1.979,44,22233
19824,2014,3.3073,75,22677
19824,2015,2.3749,55,23159
19845,1999,2.8552,43,15060
19845,2000,3.6812,57,15484
19845,2001,3.5289,56,15869
19845,2002,4.1466,67,16158
19845,2003,3.4589,57,16479
19845,2004,3.748,63,16809
19845,2005,4.0398,69,17080
19845,2006,4.9519,86,17367
19845,2007,4.2223,74,17526
19845,2008,3.8487,69,17928
19845,2009,4.0691,74,18186
19845,2010,3.7386,69,18456
19845,2011,3.9437,74,18764
19845,2012,3.9451,75,19011
19845,2013,4.001,77,19245
19845,2014,3.3238,65,19556
19845,2015,3.1255,62,19837
20001,1998,2.3835,758,318020
20001,1999,2.3688,774,326742
20001,2000,2.8315,946,334100
20001,2001,3.2261,1103,341894
20001,2002,3.7432,1311,350235
20001,2003,4.0012,1437,359142
20001,2004,3.4398,1267,368337
20001,2005,3.2789,1237,377260
20001,2006,3.2123,1240,386014
20001,2007,3.4683,1368,394429
20001,2008,3.8978,1569,402539
20001,2009,3.8244,1569,410263
20001,2010,3.5773,1495,417914
20001,2011,3.6378,1547,425252
20001,2012,3.5676,1543,432509
20001,2013,3.6261,1595,439872
20001,2014,3.8013,1700,447218
20001,2015,4.0822,1857,454906
20011,1998,3.7884,266,70214
20011,1999,4.3556,315,72321
20011,2000,5.039,373,74023
20011,2001,4.9716,377,75831
20011,2002,5.0247,391,77816
20011,2003,4.1905,335,79942
20011,2004,3.458,284,82129
20011,2005,4.5088,380,84279
20011,2006,3.7774,326,86302
20011,2007,4.2515,375,88205
20011,2008,3.8449,346,89990
20011,2009,4.0998,376,91712
20011,2010,4.0886,382,93430
20011,2011,3.5345,336,95063
20011,2012,3.3096,320,96687
20011,2013,3.5797,352,98333
20011,2014,3.6418,364,99950
20011,2015,4.0516,412,101688
20013,1998,4.8628,228,46887
20013,1999,4.137,197,47619
20013,2000,5.8545,282,48168
20013,2001,7.2568,354,48782
20013,2002,6.7561,334,49437
20013,2003,5.2289,262,50106
20013,2004,4.9612,252,50794
20013,2005,4.7833,246,51429
20013,2006,4.1341,215,52006
20013,2007,4.7167,248,52579
20013,2008,4.4776,238,53154
20013,2009,4.3029,231,53685
20013,2010,3.9805,216,54264
20013,2011,3.9568,217,54842
20013,2012,3.3376,185,55429
20013,2013,3.8023,213,56018
20013,2014,4.1688,236,56611
20013,2015,4.3476,249,57273
20032,1998,1.6989,31,18247
20032,1999,1.7547,32,18237
20032,2000,1.8009,33,18324
20032,2001,0.9248,17,18382
20032,2002,0.5991,11,18361
20032,2003,1.5883,29,18259
20032,2004,1.5999,29,18126
20032,2005,2.1685,39,17985
20032,2006,1.9537,35,17915
20032,2007,1.9556,35,17897
20032,2008,2.1766,39,17918
20032,2009,2.1625,39,18035
20032,2010,2.4819,45,18131
20032,2011,2.5205,46,18250
20032,2012,2.4427,45,18422
20032,2013,2.42,45,18595
20032,2014,2.7162,51,18776
20032,2015,3.4768,66,18983
20045,1998,1.8003,28,15553
20045,1999,1.7701,28,15818
20045,2000,1.2426,20,16095
20045,2001,2.2645,37,16339
20045,2002,4.0361,67,16600
20045,2003,3.7478,63,16810
20045,2004,3.5143,60,17073
20045,2005,2.4912,43,17261
20045,2006,2.2274,39,17509
20045,2007,2.8719,51,17758
20045,2008,2.4423,44,18016
20045,2009,2.404,44,18303
20045,2010,1.8835,35,18582
20045,2011,3.7674,71,18846
20045,2012,1.8791,36,19158
20045,2013,2.9289,57,19461
20045,2014,3.2387,64,19761
20045,2015,2.887,58,20090
20060,1998,2.1225,58,27326
20060,1999,2.9292,82,27994
20060,2000,3.1552,90,28524
20060,2001,3.9174,114,29101
20060,2002,4.375,130,29714
20060,2003,3.7772,115,30446
20060,2004,4.4494,139,31240
20060,2005,3.0967,99,31969
20060,2006,3.859,126,32651
20060,2007,3.7215,124,33320
20060,2008,3.6567,124,33910
20060,2009,2.6699,92,34458
20060,2010,3.5716,125,34998
20060,2011,3.6036,128,35520
20060,2012,3.3059,119,35996
20060,2013,3.0685,112,36500
20060,2014,3.0551,113,36987
20060,2015,3.4399,129,37501
20175,1998,0.9976,28,28067
20175,1999,1.5978,45,28164
20175,2000,2.385,68,28512
20175,2001,2.6453,76,28730
20175,2002,1.8367,53,28856
20175,2003,2.2231,64,28789
20175,2004,2.7629,79,28593
20175,2005,2.6747,76,28414
20175,2006,3.8825,110,28332
20175,2007,1.8682,53,28369
20175,2008,2.9089,83,28533
20175,2009,2.8441,82,28832
20175,2010,2.9459,86,29193
20175,2011,1.9952,59,29571
20175,2012,2.6638,80,30032
20175,2013,3.2123,98,30508
20175,2014,3.4117,106,31070
20175,2015,3.2596,103,31599
20178,1998,1.9245,40,20785
20178,1999,2.5646,54,21056
20178,2000,3.9278,84,21386
20178,2001,4.7494,103,21687
20178,2002,4.4649,98,21949
20178,2003,4.565,101,22125
20178,2004,4.1263,92,22296
20178,2005,2.5872,58,22418
20178,2006,3.4948,79,22605
20178,2007,4.4762,102,22787
20178,2008,4.9781,115,23101
20178,2009,3.2895,77,23408
20178,2010,4.3847,104,23719
20178,2011,3.2369,78,24097
20178,2012,2.578,63,24438
20178,2013,4.4679,111,24844
20178,2014,4.4767,113,25242
20178,2015,4.166,107,25684
20228,1998,4.0631,120,29534
20228,1999,4.2867,128,29860
20228,2000,4.137,125,30215
20228,2001,3.0482,93,30510
20228,2002,3.213,99,30812
20228,2003,3.668,114,31080
20228,2004,3.0692,96,31279
20228,2005,3.556,112,31496
20228,2006,3.9701,126,31737
20228,2007,3.8732,124,32015
20228,2008,3.8341,124,32341
20228,2009,3.1214,102,32678
20228,2010,3.607,119,32991
20228,2011,3.9242,131,33383
20228,2012,3.4606,117,33809
20228,2013,3.6245,124,34212
20228,2014,4.0412,140,34643
20228,2015,3.7907,133,35086
20238,1998,2.3969,63,26284
20238,1999,3.0315,80,26390
20238,2000,3.4271,91,26553
20238,2001,3.0346,81,26692
20238,2002,3.6559,98,26806
20238,2003,3.9474,106,26853
20238,2004,3.1566,85,26928
20238,2005,2.4468,66,26974
20238,2006,2.9932,81,27061
20238,2007,3.3873,92,27160
20238,2008,3.3663,92,27330
20238,2009,3.1636,87,27500
20238,2010,3.4344,95,27661
20238,2011,3.2308,90,27857
20238,2012,3.2822,92,28030
20238,2013,3.3613,95,28263
20238,2014,3.1288,89,28445
20238,2015,3.9016,112,28706
20250,1998,1.4849,37,24917
20250,1999,1.4223,36,25311
20250,2000,1.9189,50,26057
20250,2001,1.1644,31,26624
20250,2002,1.5567,42,26981
20250,2003,2.0635,56,27139
20250,2004,1.6614,45,27086
20250,2005,1.7019,46,27029
20250,2006,2.7336,74,27071
20250,2007,3.0774,84,27296
20250,2008,2.4546,68,27703
20250,2009,2.9349,83,28280
20250,2010,2.1047,61,28983
20250,2011,2.619,78,29782
20250,2012,2.9394,90,30619
20250,2013,2.761,87,31510
20250,2014,2.4653,80,32451
20250,2015,2.6891,90,33469
20295,1998,3.026,36,11897
20295,1999,4.3279,52,12015
20295,2000,4.7682,58,12164
20295,2001,3.9117,48,12271
20295,2002,3.2318,40,12377
20295,2003,4.2441,53,12488
20295,2004,3.8917,49,12591
20295,2005,4.2691,54,12649
20295,2006,3.7792,48,12701
20295,2007,3.8186,49,12832
20295,2008,4.7184,61,12928
20295,2009,3.3588,44,13100
20295,2010,4.2469,56,13186
20295,2011,3.2171,43,13366
20295,2012,1.4133,19,13444
20295,2013,2.6333,36,13671
20295,2014,2.0233,28,13839
20295,2015,2.1438,30,13994
20310,1998,1.2438,9,7236
20310,1999,0.4258,3,7045
20310,2000,0.725,5,6897
20310,2001,0.8905,6,6738
20310,2002,0.6157,4,6497
20310,2003,0.9498,6,6317
20310,2004,1.1517,7,6078
20310,2005,2.0534,12,5844
20310,2006,1.0722,6,5596
20310,2007,1.676,9,5370
20310,2008,3.0775,16,5199
20310,2009,2.3493,12,5108
20310,2010,2.2013,11,4997
20310,2011,2.449,12,4900
20310,2012,3.3167,16,4824
20310,2013,3.3741,16,4742
20310,2014,2.5957,12,4623
20310,2015,3.508,16,4561
20383,1998,2.0281,26,12820
20383,1999,2.5518,33,12932
20383,2000,3.7138,49,13194
20383,2001,2.9163,39,13373
20383,2002,2.6718,36,13474
20383,2003,3.8513,52,13502
20383,2004,4.3062,58,13469
20383,2005,3.7249,50,13423
20383,2006,2.6732,36,13467
20383,2007,3.841,52,13538
20383,2008,3.3663,46,13665
20383,2009,3.6065,50,13864
20383,2010,2.4086,34,14116
20383,2011,2.3614,34,14398
20383,2012,3.7425,55,14696
20383,2013,3.2077,48,14964
20383,2014,3.6582,56,15308
20383,2015,3.5247,55,15604
20400,1998,1.5037,41,27266
20400,1999,1.5282,43,28138
20400,2000,1.2049,35,29047
20400,2001,2.2059,66,29920
20400,2002,4.093,126,30784
20400,2003,2.4038,76,31617
20400,2004,2.7457,89,32414
20400,2005,2.6494,88,33215
20400,2006,1.7914,61,34052
20400,2007,1.346,47,34918
20400,2008,1.9806,71,35848
20400,2009,1.714,63,36756
20400,2010,1.6993,64,37662
20400,2011,2.2531,87,38613
20400,2012,2.1722,86,39592
20400,2013,2.22,90,40541
20400,2014,2.0231,84,41521
20400,2015,2.3746,101,42534
20443,1998,0.7563,5,6611
20443,1999,1.766,12,6795
20443,2000,1.0092,7,6936
20443,2001,3.2281,23,7125
20443,2002,2.0593,15,7284
20443,2003,2.6831,20,7454
20443,2004,3.9057,30,7681
20443,2005,4.462,35,7844
20443,2006,2.8678,23,8020
20443,2007,1.8414,15,8146
20443,2008,2.5316,21,8295
20443,2009,2.719,23,8459
20443,2010,2.0903,18,8611
20443,2011,2.5131,22,8754
20443,2012,2.7018,24,8883
20443,2013,3.5418,32,9035
20443,2014,2.8322,26,9180
20443,2015,3.2199,30,9317
20517,1998,4.6045,67,14551
20517,1999,4.5445,67,14743
20517,2000,5.2977,79,14912
20517,2001,5.3756,81,15068
20517,2002,3.9448,60,15210
20517,2003,4.4858,69,15382
20517,2004,5.9753,93,15564
20517,2005,4.911,77,15679
20517,2006,5.4399,86,15809
20517,2007,4.5582,73,16015
20517,2008,4.949,80,16165
20517,2009,4.0424,66,16327
20517,2010,4.4686,74,16560
20517,2011,4.322,72,16659
20517,2012,3.8491,65,16887
20517,2013,3.8152,65,17037
20517,2014,4.3446,75,17263
20517,2015,4.5874,80,17439
20550,1998,2.4625,35,14213
20550,1999,4.2644,62,14539
20550,2000,5.3281,79,14827
20550,2001,3.5025,53,15132
20550,2002,3.6982,57,15413
20550,2003,3.9566,62,15670
20550,2004,3.6439,58,15917
20550,2005,4.1466,67,16158
20550,2006,2.6852,44,16386
20550,2007,4.5632,76,16655
20550,2008,4.4368,75,16904
20550,2009,3.1984,55,17196
20550,2010,3.3162,58,17490
20550,2011,3.1455,56,17803
20550,2012,2.6541,48,18085
20550,2013,4.3948,81,18431
20550,2014,4.16,78,18750
20550,2015,3.9296,75,19086
20570,1998,0.0513,1,19500
20570,1999,0.8123,16,19698
20570,2000,1.3922,28,20112
20570,2001,0.7337,15,20445
20570,2002,1.65,34,20606
20570,2003,2.4205,50,20657
20570,2004,2.3821,49,20570
20570,2005,1.5119,31,20504
20570,2006,1.2686,26,20495
20570,2007,1.5982,33,20648
20570,2008,1.8195,38,20885
20570,2009,1.4587,31,21252
20570,2010,1.6595,36,21693
20570,2011,0.8569,19,22172
20570,2012,1.7195,39,22681
20570,2013,1.6343,38,23252
20570,2014,1.8459,44,23837
20570,2015,2.2087,54,24449
20614,1998,1.4592,20,13706
20614,1999,4.6522,64,13757
20614,2000,2.9414,41,13939
20614,2001,2.9177,41,14052
20614,2002,2.7609,39,14126
20614,2003,2.4129,34,14091
20614,2004,3.194,45,14089
20614,2005,2.2818,32,14024
20614,2006,3.2764,46,14040
20614,2007,2.8361,40,14104
20614,2008,3.1133,44,14133
20614,2009,2.5205,36,14283
20614,2010,2.486,36,14481
20614,2011,2.7857,41,14718
20614,2012,3.5559,53,14905
20614,2013,2.8454,43,15112
20614,2014,4.3628,67,15357
20614,2015,3.0704,48,15633
20621,1998,2.4762,52,21000
20621,1999,2.4431,52,21284
20621,2000,2.872,62,21588
20621,2001,3.7506,82,21863
20621,2002,3.5248,78,22129
20621,2003,3.714,83,22348
20621,2004,3.7667,85,22566
20621,2005,3.6445,83,22774
20621,2006,2.3932,55,22982
20621,2007,2.6265,61,23225
20621,2008,2.973,70,23545
20621,2009,2.3067,55,23844
20621,2010,2.7348,66,24133
20621,2011,2.698,66,24463
20621,2012,2.7426,68,24794
20621,2013,2.7412,69,25171
20621,2014,3.0949,79,25526
20621,2015,3.706,96,25904
20710,1998,2.9254,53,18117
20710,1999,4.0017,74,18492
20710,2000,4.6642,88,18867
20710,2001,5.8352,112,19194
20710,2002,4.2938,84,19563
20710,2003,4.2671,85,19920
20710,2004,4.5484,92,20227
20710,2005,4.3745,90,20574
20710,2006,3.3413,70,20950
20710,2007,3.9006,83,21279
20710,2008,5.1615,112,21699
20710,2009,4.9826,110,22077
20710,2010,3.4367,77,22405
20710,2011,3.5525,81,22801
20710,2012,3.1464,73,23201
20710,2013,3.7761,89,23569
20710,2014,4.0499,97,23951
20710,2015,3.817,93,24365
20750,1998,1.3586,22,16193
20750,1999,2.4634,40,16238
20750,2000,2.259,37,16379
20750,2001,3.0952,51,16477
20750,2002,3.6914,61,16525
20750,2003,3.4556,57,16495
20750,2004,4.191,69,16464
20750,2005,2.5002,41,16399
20750,2006,1.8326,30,16370
20750,2007,2.3727,39,16437
20750,2008,2.908,48,16506
20750,2009,3.3652,56,16641
20750,2010,3.211,54,16817
20750,2011,2.7108,46,16969
20750,2012,2.5657,44,17149
20750,2013,2.4747,43,17376
20750,2014,2.7835,49,17604
20750,2015,3.7615,67,17812
20770,1998,3.5078,64,18245
20770,1999,3.7209,69,18544
20770,2000,3.4783,66,18975
20770,2001,3.5135,68,19354
20770,2002,3.3163,65,19600
20770,2003,2.6742,53,19819
20770,2004,3.0947,62,20034
20770,2005,4.4621,90,20170
20770,2006,2.7015,55,20359
20770,2007,2.8555,59,20662
20770,2008,3.2407,68,20983
20770,2009,2.8529,61,21382
20770,2010,3.158,69,21849
20770,2011,2.5604,57,22262
20770,2012,2.8515,65,22795
20770,2013,3.3077,77,23279
20770,2014,3.4036,81,23798
20770,2015,3.2437,79,24355
20787,1998,2.3116,30,12978
20787,1999,1.7724,23,12977
20787,2000,1.7502,23,13141
20787,2001,2.1138,28,13246
20787,2002,2.9463,39,13237
20787,2003,2.2753,30,13185
20787,2004,2.6832,35,13044
20787,2005,2.6202,34,12976
20787,2006,3.4093,44,12906
20787,2007,4.1152,53,12879
20787,2008,3.6249,47,12966
20787,2009,3.9804,52,13064
20787,2010,3.7057,49,13223
20787,2011,3.355,45,13413
20787,2012,3.8991,53,13593
20787,2013,3.7126,51,13737
20787,2014,4.2119,59,14008
20787,2015,3.8648,55,14231
23001,1998,3.0083,1112,369646
23001,1999,3.2875,1241,377495
23001,2000,3.6513,1406,385065
23001,2001,3.5257,1383,392259
23001,2002,3.4962,1396,399292
23001,2003,3.2188,1307,406055
23001,2004,3.4549,1426,412751
23001,2005,3.5924,1506,419219
23001,2006,3.1639,1347,425734
23001,2007,3.4545,1493,432186
23001,2008,3.4714,1510,434989
23001,2009,3.7613,1658,440801
23001,2010,3.5766,1597,446519
23001,2011,3.8283,1731,452158
23001,2012,4.2485,1944,457571
23001,2013,4.3526,2015,462946
23001,2014,4.7098,2205,468171
23001,2015,4.7548,2251,473413
23068,1998,2.1141,100,47302
23068,1999,2.0256,96,47393
23068,2000,2.0856,99,47469
23068,2001,1.8508,88,47546
23068,2002,1.8261,87,47642
23068,2003,1.9499,93,47694
23068,2004,2.0728,99,47761
23068,2005,1.8616,89,47809
23068,2006,2.862,137,47869
23068,2007,2.9447,141,47882
23068,2008,2.1367,102,47737
23068,2009,2.6615,127,47718
23068,2010,3.1695,151,47642
23068,2011,4.2254,201,47570
23068,2012,3.9179,186,47474
23068,2013,3.4828,165,47375
23068,2014,3.8701,183,47285
23068,2015,3.8588,182,47165
23079,1998,2.6533,44,16583
23079,1999,3.328,56,16827
23079,2000,2.8726,49,17058
23079,2001,3.584,62,17299
23079,2002,3.0794,54,17536
23079,2003,3.0946,55,17773
23079,2004,3.3795,61,18050
23079,2005,3.6662,67,18275
23079,2006,3.6677,68,18540
23079,2007,3.6263,68,18752
23079,2008,4.0499,77,19013
23079,2009,3.697,71,19205
23079,2010,6.0213,117,19431
23079,2011,3.0553,60,19638
23079,2012,3.7789,75,19847
23079,2013,3.1454,63,20029
23079,2014,4.2517,86,20227
23079,2015,1.9097,39,20422
23090,1998,1.2817,17,13264
23090,1999,2.0243,27,13338
23090,2000,2.7505,37,13452
23090,2001,2.0626,28,13575
23090,2002,1.6062,22,13697
23090,2003,1.5192,21,13823
23090,2004,1.7229,24,13930
23090,2005,1.6396,23,14028
23090,2006,1.9044,27,14178
23090,2007,2.2381,32,14298
23090,2008,2.4267,35,14423
23090,2009,2.3456,34,14495
23090,2010,2.1876,32,14628
23090,2011,2.5162,37,14705
23090,2012,3.524,52,14756
23090,2013,3.226,48,14879
23090,2014,3.0819,46,14926
23090,2015,3.5395,53,14974
23162,1998,2.6094,210,80479
23162,1999,3.0516,250,81925
23162,2000,3.1785,265,83373
23162,2001,3.6453,309,84767
23162,2002,3.2728,282,86164
23162,2003,3.6666,321,87547
23162,2004,3.6325,323,88919
23162,2005,3.5235,318,90252
23162,2006,3.4271,314,91622
23162,2007,3.2695,304,92980
23162,2008,2.257,212,93929
23162,2009,3.5525,338,95145
23162,2010,3.3939,327,96349
23162,2011,3.4137,333,97549
23162,2012,3.2726,323,98697
23162,2013,3.4061,340,99821
23162,2014,4.0216,406,100954
23162,2015,4.2016,429,102105
23168,1998,4.211,55,13061
23168,1999,4.2961,57,13268
23168,2000,3.1194,42,13464
23168,2001,3.9336,54,13728
23168,2002,4.0805,57,13969
23168,2003,3.3199,47,14157
23168,2004,3.7469,54,14412
23168,2005,3.8225,56,14650
23168,2006,3.7617,56,14887
23168,2007,2.9819,45,15091
23168,2008,3.0591,47,15364
23168,2009,2.6877,42,15627
23168,2010,2.715,43,15838
23168,2011,2.4332,39,16028
23168,2012,3.6823,60,16294
23168,2013,3.2143,53,16489
23168,2014,3.5418,59,16658
23168,2015,2.2016,37,16806
23182,1998,3.2124,126,39223
23182,1999,3.4777,138,39681
23182,2000,3.6133,145,40129
23182,2001,3.3004,134,40601
23182,2002,2.8746,118,41049
23182,2003,3.2039,133,41512
23182,2004,3.1193,131,41997
23182,2005,3.0633,130,42438
23182,2006,3.7738,162,42928
23182,2007,3.4561,150,43402
23182,2008,2.9476,129,43764
23182,2009,2.6489,117,44170
23182,2010,3.4081,152,44599
23182,2011,3.7333,168,45000
23182,2012,3.852,175,45431
23182,2013,3.9972,183,45782
23182,2014,4.138,191,46158
23182,2015,4.3428,202,46514
23189,1998,2.8368,140,49351
23189,1999,2.5283,126,49836
23189,2000,3.0004,151,50327
23189,2001,3.9319,200,50866
23189,2002,3.3868,174,51376
23189,2003,3.2358,168,51919
23189,2004,3.6615,192,52438
23189,2005,3.5677,189,52976
23189,2006,3.2879,176,53529
23189,2007,4.1092,222,54025
23189,2008,3.282,179,54540
23189,2009,3.6184,199,54997
23189,2010,3.6782,204,55462
23189,2011,3.7595,210,55858
23189,2012,3.8171,215,56326
23189,2013,3.8925,221,56776
23189,2014,4.0036,229,57198
23189,2015,4.2862,247,57627
23300,1998,1.9163,37,19308
23300,1999,1.4488,28,19326
23300,2000,2.2275,43,19304
23300,2001,1.7091,33,19308
23300,2002,2.4338,47,19311
23300,2003,1.8634,36,19320
23300,2004,1.9624,38,19364
23300,2005,1.601,31,19363
23300,2006,1.6531,32,19358
23300,2007,1.7017,33,19392
23300,2008,1.2363,24,19413
23300,2009,1.1365,22,19357
23300,2010,2.2203,43,19367
23300,2011,1.1918,23,19298
23300,2012,2.4958,48,19232
23300,2013,1.7665,34,19247
23300,2014,2.4947,48,19241
23300,2015,2.3981,46,19182
23350,1998,0.7776,13,16719
23350,1999,1.3194,22,16674
23350,2000,1.2626,21,16632
23350,2001,2.2347,37,16557
23350,2002,1.5743,26,16515
23350,2003,1.9462,32,16442
23350,2004,1.8356,30,16343
23350,2005,1.9661,32,16276
23350,2006,2.6565,43,16187
23350,2007,2.9762,48,16128
23350,2008,2.6443,42,15883
23350,2009,5.634,89,15797
23350,2010,6.0579,95,15682
23350,2011,4.357,68,15607
23350,2012,3.7407,58,15505
23350,2013,3.8287,59,15410
23350,2014,3.9942,61,15272
23350,2015,4.1538,63,15167
23417,1998,2.0296,247,121697
23417,1999,2.141,260,121437
23417,2000,2.0456,248,121234
23417,2001,1.8833,228,121062
23417,2002,2.2169,268,120889
23417,2003,1.9884,240,120701
23417,2004,2.182,263,120531
23417,2005,2.2202,267,120257
23417,2006,2.1739,261,120060
23417,2007,2.462,295,119822
23417,2008,2.6719,319,119389
23417,2009,3.0272,360,118921
23417,2010,2.8962,343,118430
23417,2011,3.2903,388,117922
23417,2012,3.3582,394,117326
23417,2013,3.6494,426,116730
23417,2014,4.1429,481,116101
23417,2015,4.573,528,115461
23419,1998,1.6739,22,13143
23419,1999,1.7912,24,13399
23419,2000,2.0498,28,13660
23419,2001,1.5068,21,13937
23419,2002,1.6893,24,14207
23419,2003,2.4754,36,14543
23419,2004,2.2939,34,14822
23419,2005,1.5901,24,15093
23419,2006,2.3398,36,15386
23419,2007,2.6125,41,15694
23419,2008,2.3087,37,16026
23419,2009,2.332,38,16295
23419,2010,1.993,33,16558
23419,2011,2.1398,36,16824
23419,2012,2.2816,39,17093
23419,2013,1.2682,22,17347
23419,2014,2.0415,36,17634
23419,2015,3.1306,56,17888
23464,1998,1.4512,22,15160
23464,1999,2.532,39,15403
23464,2000,0.7667,12,15651
23464,2001,1.5722,25,15901
23464,2002,2.6609,43,16160
23464,2003,2.4383,40,16405
23464,2004,2.0471,34,16609
23464,2005,1.8385,31,16862
23464,2006,1.7572,30,17073
23464,2007,3.0063,52,17297
23464,2008,2.2314,39,17478
23464,2009,2.4905,44,17667
23464,2010,2.23,40,17937
23464,2011,2.537,46,18132
23464,2012,2.6732,49,18330
23464,2013,3.0184,56,18553
23464,2014,2.7268,51,18703
23464,2015,3.65,69,18904
23466,1998,1.9952,131,65658
23466,1999,2.0227,135,66741
23466,2000,2.1973,149,67812
23466,2001,2.093,144,68802
23466,2002,1.8194,127,69805
23466,2003,2.304,163,70747
23466,2004,2.0924,150,71688
23466,2005,1.5292,111,72587
23466,2006,2.7211,200,73501
23466,2007,3.1726,236,74387
23466,2008,3.5424,239,67469
23466,2009,3.9462,272,68927
23466,2010,3.5813,252,70365
23466,2011,4.1781,300,71803
23466,2012,3.4301,251,73175
23466,2013,3.7021,276,74553
23466,2014,3.806,289,75933
23466,2015,3.1308,242,77296
23500,1998,0.9716,20,20585
23500,1999,2.1418,45,21010
23500,2000,1.6319,35,21448
23500,2001,1.917,42,21909
23500,2002,1.4303,32,22373
23500,2003,1.7089,39,22822
23500,2004,1.3293,31,23320
23500,2005,1.6798,40,23813
23500,2006,1.3993,34,24297
23500,2007,1.4107,35,24811
23500,2008,1.6193,41,25320
23500,2009,1.3957,36,25793
23500,2010,1.1439,30,26225
23500,2011,1.3861,37,26693
23500,2012,1.8042,49,27159
23500,2013,1.9946,55,27574
23500,2014,1.3912,39,28034
23500,2015,1.826,52,28477
23555,1998,3.311,191,57687
23555,1999,3.0773,179,58167
23555,2000,4.144,243,58639
23555,2001,3.6572,216,59061
23555,2002,4.1698,248,59475
23555,2003,4.0908,245,59891
23555,2004,4.4458,268,60282
23555,2005,3.7425,227,60654
23555,2006,4.0465,247,61040
23555,2007,4.2354,260,61388
23555,2008,3.793,233,61429
23555,2009,5.5222,341,61751
23555,2010,4.1607,258,62009
23555,2011,4.142,258,62288
23555,2012,3.9644,248,62556
23555,2013,4.8106,302,62778
23555,2014,4.9839,314,63003
23555,2015,5.6433,357,63261
23570,1998,2.2045,56,25403
23570,1999,2.087,54,25874
23570,2000,3.1461,83,26382
23570,2001,1.8965,51,26891
23570,2002,2.407,66,27420
23570,2003,2.0393,57,27951
23570,2004,2.317,66,28485
23570,2005,1.5177,44,28992
23570,2006,2.5664,76,29614
23570,2007,2.7881,84,30128
23570,2008,1.8902,58,30685
23570,2009,2.6943,84,31177
23570,2010,2.021,64,31668
23570,2011,2.6434,85,32155
23570,2012,2.4492,80,32664
23570,2013,2.0531,68,33120
23570,2014,3.6589,123,33617
23570,2015,3.8134,130,34090
23574,1998,1.464,24,16394
23574,1999,1.2567,21,16711
23574,2000,2.1082,36,17076
23574,2001,1.3764,24,17437
23574,2002,1.2362,22,17797
23574,2003,1.4323,26,18153
23574,2004,1.5648,29,18533
23574,2005,1.3209,25,18927
23574,2006,1.9683,38,19306
23574,2007,1.5717,31,19724
23574,2008,2.0865,42,20129
23574,2009,1.8073,37,20473
23574,2010,2.2067,46,20846
23574,2011,1.9819,42,21192
23574,2012,1.8125,39,21517
23574,2013,1.4175,31,21869
23574,2014,2.0241,45,22232
23574,2015,2.7501,62,22545
23580,1998,1.735,45,25936
23580,1999,1.8334,49,26727
23580,2000,2.29,63,27511
23580,2001,2.7541,78,28321
23580,2002,1.684,49,29097
23580,2003,2.372,71,29933
23580,2004,3.1864,98,30756
23580,2005,3.101,98,31603
23580,2006,3.3602,109,32439
23580,2007,2.1936,73,33278
23580,2008,3.374,115,34084
23580,2009,3.0099,105,34885
23580,2010,2.8868,103,35680
23580,2011,2.524,92,36450
23580,2012,1.7467,65,37213
23580,2013,2.5542,97,37977
23580,2014,2.1181,82,38714
23580,2015,2.8116,111,39479
23586,1998,3.5381,47,13284
23586,1999,3.037,41,13500
23586,2000,3.214,44,13690
23586,2001,2.2985,32,13922
23586,2002,2.6213,37,14115
23586,2003,3.1442,45,14312
23586,2004,3.1039,45,14498
23586,2005,3.4593,51,14743
23586,2006,3.0784,46,14943
23586,2007,3.1685,48,15149
23586,2008,2.6743,41,15331
23586,2009,2.4485,38,15520
23586,2010,3.3159,52,15682
23586,2011,3.5222,56,15899
23586,2012,3.0352,49,16144
23586,2013,2.1471,35,16301
23586,2014,2.9213,48,16431
23586,2015,2.712,45,16593
23660,1998,3.5079,294,83810
23660,1999,3.1725,270,85107
23660,2000,3.3211,287,86418
23660,2001,3.3631,295,87716
23660,2002,3.0898,275,89003
23660,2003,3.1563,285,90296
23660,2004,3.2438,297,91560
23660,2005,3.2214,299,92816
23660,2006,3.4536,325,94104
23660,2007,3.2815,313,95383
23660,2008,3.2809,316,96314
23660,2009,3.5807,349,97467
23660,2010,3.012,297,98604
23660,2011,3.9206,391,99729
23660,2012,3.7007,373,100791
23660,2013,3.799,387,101868
23660,2014,4.2549,438,102940
23660,2015,4.3057,448,104047
23670,1998,1.5198,81,53298
23670,1999,1.1251,62,55105
23670,2000,1.3003,74,56912
23670,2001,0.9184,54,58798
23670,2002,0.922,56,60737
23670,2003,1.164,73,62717
23670,2004,1.3598,88,64717
23670,2005,1.1534,77,66760
23670,2006,1.2496,86,68821
23670,2007,1.3397,95,70909
23670,2008,2.1744,85,39092
23670,2009,3.3207,133,40052
23670,2010,1.8296,75,40992
23670,2011,2.0273,85,41927
23670,2012,1.7724,76,42880
23670,2013,1.8495,81,43795
23670,2014,1.6099,72,44724
23670,2015,2.5628,117,45654
23672,1998,1.7309,41,23687
23672,1999,1.32,32,24242
23672,2000,2.462,61,24777
23672,2001,2.411,61,25301
23672,2002,2.209,57,25803
23672,2003,2.3533,62,26346
23672,2004,2.4187,65,26874
23672,2005,2.4091,66,27396
23672,2006,2.0403,57,27937
23672,2007,1.6504,47,28478
23672,2008,2.977,86,28888
23672,2009,3.5016,103,29415
23672,2010,2.808,84,29914
23672,2011,3.7488,114,30410
23672,2012,3.4957,108,30895
23672,2013,3.2797,103,31405
23672,2014,3.3259,106,31871
23672,2015,3.8945,126,32353
23675,1998,1.3926,40,28723
23675,1999,2.0275,59,29100
23675,2000,2.2039,65,29493
23675,2001,2.1061,63,29913
23675,2002,2.3396,71,30347
23675,2003,2.5019,77,30776
23675,2004,2.4675,77,31206
23675,2005,2.4653,78,31639
23675,2006,2.804,90,32097
23675,2007,2.8256,92,32559
23675,2008,2.3617,78,33027
23675,2009,2.8413,95,33435
23675,2010,2.1861,74,33851
23675,2011,2.658,91,34236
23675,2012,2.9203,101,34585
23675,2013,2.886,101,34996
23675,2014,3.3965,120,35331
23675,2015,3.3017,118,35739
23678,1998,2.7693,59,21305
23678,1999,2.2288,48,21536
23678,2000,2.4285,53,21824
23678,2001,2.7151,60,22099
23678,2002,2.5933,58,22365
23678,2003,1.8954,43,22686
23678,2004,1.8284,42,22971
23678,2005,2.1057,49,23270
23678,2006,1.6958,40,23588
23678,2007,2.175,52,23908
23678,2008,1.9351,47,24288
23678,2009,1.9157,47,24534
23678,2010,2.5377,63,24826
23678,2011,1.7949,45,25071
23678,2012,2.2891,58,25337
23678,2013,2.4602,63,25608
23678,2014,2.7462,71,25854
23678,2015,2.6867,70,26054
23682,2008,0.5263,5,9501
23682,2010,0.8731,9,10308
23682,2011,1.1243,12,10673
23682,2012,0.6335,7,11050
23682,2013,0.7875,9,11428
23682,2014,0.8455,10,11828
23682,2015,1.3124,16,12191
23686,1998,1.2985,59,45436
23686,1999,2.2322,102,45695
23686,2000,2.175,100,45977
23686,2001,1.922,89,46305
23686,2002,1.5643,73,46667
23686,2003,1.8494,87,47043
23686,2004,2.2566,107,47416
23686,2005,2.032,97,47736
23686,2006,1.87,90,48129
23686,2007,2.7201,132,48528
23686,2008,1.5908,78,49031
23686,2009,2.4925,123,49348
23686,2010,2.337,116,49637
23686,2011,1.6626,83,49921
23686,2012,2.1724,109,50175
23686,2013,2.4193,122,50428
23686,2014,2.7029,137,50687
23686,2015,3.1609,161,50935
23807,1998,2.8534,205,71843
23807,1999,3.1526,230,72955
23807,2000,3.0505,226,74087
23807,2001,3.1239,235,75226
23807,2002,3.5614,272,76375
23807,2003,3.1475,244,77522
23807,2004,3.8154,300,78628
23807,2005,3.7845,302,79799
23807,2006,2.6932,218,80944
23807,2007,3.6308,298,82076
23807,2008,3.5056,291,83010
23807,2009,3.7267,313,83989
23807,2010,3.0257,257,84939
23807,2011,4.2609,366,85897
23807,2012,3.778,328,86819
23807,2013,4.0593,356,87699
23807,2014,3.6581,324,88571
23807,2015,4.2713,382,89435
23815,2008,0.4553,17,37337
23815,2009,0.0772,3,38878
23815,2010,0.7181,29,40382
23815,2011,0.8837,37,41868
23815,2012,0.8987,39,43394
23815,2013,1.5602,70,44866
23815,2014,1.2926,60,46418
23815,2015,1.0443,50,47879
23855,1998,3.1237,88,28172
23855,1999,2.8336,81,28586
23855,2000,2.8617,83,29004
23855,2001,3.2634,96,29417
23855,2002,3.3532,100,29822
23855,2003,2.9095,88,30246
23855,2004,3.0652,94,30667
23855,2005,3.3462,104,31080
23855,2006,3.2072,101,31492
23855,2007,2.8525,91,31902
23855,2008,3.6904,119,32246
23855,2009,4.0481,132,32608
23855,2010,2.9751,98,32940
23855,2011,2.7914,93,33317
23855,2012,3.4467,116,33655
23855,2013,3.3274,113,33960
23855,2014,3.7915,130,34287
23855,2015,3.6672,127,34631
25001,1998,14.3095,155,10832
25001,1999,15.2715,162,10608
25001,2000,16.7368,175,10456
25001,2001,16.7169,172,10289
25001,2002,23.7488,242,10190
25001,2003,15.2204,154,10118
25001,2004,13.5499,136,10037
25001,2005,13.6498,134,9817
25001,2006,12.9976,127,9771
25001,2007,14.9805,146,9746
25001,2008,11.2291,110,9796
25001,2009,11.6811,115,9845
25001,2010,13.7855,137,9938
25001,2011,13.2378,133,10047
25001,2012,9.1248,93,10192
25001,2013,11.3011,117,10353
25001,2014,10.8922,115,10558
25001,2015,12.1736,131,10761
25019,1998,3.7089,21,5662
25019,1999,1.7947,10,5572
25019,2000,0.9035,5,5534
25019,2001,3.837,21,5473
25019,2002,5.7567,31,5385
25019,2003,4.868,26,5341
25019,2004,4.5138,24,5317
25019,2005,5.4696,29,5302
25019,2006,6.2299,33,5297
25019,2007,4.8973,26,5309
25019,2008,4.8909,26,5316
25019,2009,4.4743,24,5364
25019,2010,3.1348,17,5423
25019,2011,3.4477,19,5511
25019,2012,4.1211,23,5581
25019,2013,5.1164,29,5668
25019,2014,4.4866,26,5795
25019,2015,4.7425,28,5904
25035,1998,6.1292,59,9626
25035,1999,5.7149,55,9624
25035,2000,6.4202,62,9657
25035,2001,6.3918,62,9700
25035,2002,6.9808,68,9741
25035,2003,6.3098,62,9826
25035,2004,7.2764,72,9895
25035,2005,8.606,86,9993
25035,2006,7.2042,73,10133
25035,2007,6.2269,64,10278
25035,2008,7.4456,78,10476
25035,2009,6.9114,74,10707
25035,2010,6.2893,69,10971
25035,2011,6.7251,76,11301
25035,2012,7.0617,82,11612
25035,2013,6.1935,74,11948
25035,2014,6.4741,80,12357
25035,2015,7.4068,95,12826
25040,1998,6.582,85,12914
25040,1999,6.9412,88,12678
25040,2000,7.4489,93,12485
25040,2001,8.5969,106,12330
25040,2002,8.3709,102,12185
25040,2003,8.8738,107,12058
25040,2004,8.207,98,11941
25040,2005,7.3257,87,11876
25040,2006,7.1949,85,11814
25040,2007,8.481,100,11791
25040,2008,6.5138,77,11821
25040,2009,7.4884,89,11885
25040,2010,8.1605,98,12009
25040,2011,6.6953,81,12098
25040,2012,6.6231,81,12230
25040,2013,9.342,116,12417
25040,2014,8.338,105,12593
25040,2015,8.2767,106,12807
25053,1998,4.5479,75,16491
25053,1999,5.4655,87,15918
25053,2000,4.1618,64,15378
25053,2001,4.5622,68,14905
25053,2002,5.959,86,14432
25053,2003,6.4438,90,13967
25053,2004,5.1603,70,13565
25053,2005,5.1332,68,13247
25053,2006,7.0669,91,12877
25053,2007,6.9339,87,12547
25053,2008,6.2602,77,12300
25053,2009,6.9554,84,12077
25053,2010,7.258,86,11849
25053,2011,7.978,93,11657
25053,2012,8.0216,92,11469
25053,2013,5.7436,65,11317
25053,2014,6.9649,78,11199
25053,2015,8.5903,95,11059
25086,1998,1.1249,2,1778
25086,1999,3.9615,7,1767
25086,2000,4.0912,7,1711
25086,2001,2.9568,5,1691
25086,2002,1.7847,3,1681
25086,2003,7.177,12,1672
25086,2004,3.6014,6,1666
25086,2005,7.5094,12,1598
25086,2006,1.9417,3,1545
25086,2007,3.8536,6,1557
25086,2008,5.6426,9,1595
25086,2009,4.3587,7,1606
25086,2010,6.8707,11,1601
25086,2011,5.5659,9,1617
25086,2012,1.8692,3,1605
25086,2013,3.6519,6,1643
25086,2014,4.1716,7,1678
25086,2015,2.9744,5,1681
25095,1998,6.591,18,2731
25095,1999,5.189,14,2698
25095,2000,3.7722,10,2651
25095,2001,4.9942,13,2603
25095,2002,8.0548,20,2483
25095,2003,10.2459,25,2440
25095,2004,5.3586,13,2426
25095,2005,6.2683,15,2393
25095,2006,11.5632,27,2335
25095,2007,7.401,17,2297
25095,2008,8.5911,20,2328
25095,2009,11.9575,27,2258
25095,2010,6.2222,14,2250
25095,2011,4.4484,10,2248
25095,2012,4.7271,11,2327
25095,2013,5.9398,14,2357
25095,2014,6.4907,15,2311
25095,2015,6.2604,15,2396
25099,1998,5.1499,28,5437
25099,1999,4.9405,27,5465
25099,2000,2.8876,16,5541
25099,2001,2.1436,12,5598
25099,2002,3.3275,19,5710
25099,2003,4.3014,25,5812
25099,2004,5.0531,30,5937
25099,2005,5.1333,31,6039
25099,2006,5,31,6200
25099,2007,4.7199,30,6356
25099,2008,3.6759,24,6529
25099,2009,3.7142,25,6731
25099,2010,5.148,36,6993
25099,2011,4.5624,33,7233
25099,2012,3.457,26,7521
25099,2013,5.2356,41,7831
25099,2014,4.8984,40,8166
25099,2015,2.9298,25,8533
25120,1998,4.8309,20,4140
25120,1999,3.8996,16,4103
25120,2000,4.6983,19,4044
25120,2001,6.5016,26,3999
25120,2002,6.8303,27,3953
25120,2003,6.5856,26,3948
25120,2004,3.3299,13,3904
25120,2005,4.8868,19,3888
25120,2006,5.6701,22,3880
25120,2007,3.8295,15,3917
25120,2008,4.3356,17,3921
25120,2009,3.0349,12,3954
25120,2010,5.2434,21,4005
25120,2011,3.4585,14,4048
25120,2012,3.17,13,4101
25120,2013,4.981,21,4216
25120,2014,3.7745,16,4239
25120,2015,4.6253,20,4324
25123,1998,4.0599,35,8621
25123,1999,5.6424,48,8507
25123,2000,7.1505,60,8391
25123,2001,6.6042,55,8328
25123,2002,6.555,54,8238
25123,2003,8.0655,66,8183
25123,2004,7.4801,61,8155
25123,2005,7.3828,60,8127
25123,2006,7.024,57,8115
25123,2007,7.3837,60,8126
25123,2008,7.9511,65,8175
25123,2009,7.1628,59,8237
25123,2010,8.2684,69,8345
25123,2011,6.8672,58,8446
25123,2012,7.6753,66,8599
25123,2013,6.1524,54,8777
25123,2014,7.8396,70,8929
25123,2015,5.9146,54,9130
25126,1998,2.8372,111,39123
25126,1999,2.5479,102,40033
25126,2000,3.0506,125,40975
25126,2001,2.8842,121,41953
25126,2002,3.7402,161,43046
25126,2003,3.6667,162,44182
25126,2004,2.996,136,45394
25126,2005,3.4297,160,46651
25126,2006,3.4501,166,48115
25126,2007,3.4977,174,49747
25126,2008,2.4053,124,51553
25126,2009,1.6431,88,53556
25126,2010,2.8694,160,55760
25126,2011,3.113,181,58143
25126,2012,2.7499,167,60729
25126,2013,2.9274,186,63537
25126,2014,3.3651,224,66565
25126,2015,2.8199,197,69860
25148,1998,4.7628,74,15537
25148,1999,8.8144,133,15089
25148,2000,7.6818,113,14710
25148,2001,9.6986,139,14332
25148,2002,7.5795,106,13985
25148,2003,7.2427,99,13669
25148,2004,6.4203,86,13395
25148,2005,7.2386,95,13124
25148,2006,9.7621,126,12907
25148,2007,7.4721,95,12714
25148,2008,7.6494,96,12550
25148,2009,7.9659,99,12428
25148,2010,9.3874,116,12357
25148,2011,6.677,82,12281
25148,2012,6.5333,80,12245
25148,2013,6.7833,83,12236
25148,2014,7.6772,94,12244
25148,2015,8.0744,99,12261
25151,1998,5.3136,86,16185
25151,1999,3.4591,55,15900
25151,2000,6.4586,101,15638
25151,2001,6.0995,94,15411
25151,2002,7.0344,107,15211
25151,2003,7.3803,111,15040
25151,2004,7.8576,117,14890
25151,2005,7.1738,106,14776
25151,2006,6.4639,95,14697
25151,2007,7.0956,104,14657
25151,2008,6.6157,97,14662
25151,2009,5.9047,87,14734
25151,2010,6.2082,92,14819
25151,2011,5.805,87,14987
25151,2012,6.2108,94,15135
25151,2013,6.455,99,15337
25151,2014,6.7953,106,15599
25151,2015,7.7563,123,15858
25154,1998,6.238,52,8336
25154,1999,5.6518,46,8139
25154,2000,5.6419,45,7976
25154,2001,6.2893,49,7791
25154,2002,5.615,43,7658
25154,2003,8.866,67,7557
25154,2004,7.1564,53,7406
25154,2005,6.9911,51,7295
25154,2006,4.8537,35,7211
25154,2007,7.1519,51,7131
25154,2008,7.3384,52,7086
25154,2009,7.9421,56,7051
25154,2010,5.2632,37,7030
25154,2011,6.5147,46,7061
25154,2012,6.2296,44,7063
25154,2013,6.9034,49,7098
25154,2014,6.5642,47,7160
25154,2015,4.2895,31,7227
25168,1998,3.0349,14,4613
25168,1999,8.2131,37,4505
25168,2000,5.0459,22,4360
25168,2001,5.1619,22,4262
25168,2002,7.3529,31,4216
25168,2003,8.491,35,4122
25168,2004,5.4174,22,4061
25168,2005,6.4822,26,4011
25168,2006,5.0556,20,3956
25168,2007,4.5535,18,3953
25168,2008,8.2645,32,3872
25168,2009,6.4533,25,3874
25168,2010,6.6735,26,3896
25168,2011,5.8899,23,3905
25168,2012,6.1872,24,3879
25168,2013,5.6818,22,3872
25168,2014,7.1502,28,3916
25168,2015,5.0671,20,3947
25175,1998,3.9633,253,63835
25175,1999,3.5163,229,65125
25175,2000,4.1197,274,66510
25175,2001,4.4245,301,68030
25175,2002,4.9536,345,69646
25175,2003,5.1972,371,71385
25175,2004,4.8736,357,73252
25175,2005,4.3594,328,75239
25175,2006,4.9518,384,77548
25175,2007,4.6315,371,80104
25175,2008,4.5328,376,82951
25175,2009,4.0407,348,86124
25175,2010,4.2504,381,89639
25175,2011,4.2695,399,93454
25175,2012,4.3845,428,97617
25175,2013,4.1032,419,102115
25175,2014,4.2157,451,106981
25175,2015,4.4366,498,112248
25178,1998,2.752,24,8721
25178,1999,2.5608,22,8591
25178,2000,6.3785,54,8466
25178,2001,7.4234,62,8352
25178,2002,5.571,46,8257
25178,2003,5.3928,44,8159
25178,2004,5.4287,44,8105
25178,2005,6.2259,50,8031
25178,2006,4.8756,39,7999
25178,2007,6.8647,55,8012
25178,2008,5.4822,44,8026
25178,2009,4.4554,36,8080
25178,2010,5.5276,45,8141
25178,2011,6.0687,50,8239
25178,2012,4.9279,41,8320
25178,2013,5.9207,50,8445
25178,2014,5.705,49,8589
25178,2015,5.372,47,8749
25181,1998,6.0813,66,10853
25181,1999,6.4685,69,10667
25181,2000,6.7975,71,10445
25181,2001,7.1012,73,10280
25181,2002,6.8195,69,10118
25181,2003,5.8052,58,9991
25181,2004,9.03,89,9856
25181,2005,7.5812,74,9761
25181,2006,8.052,78,9687
25181,2007,7.3629,71,9643
25181,2008,7.4704,72,9638
25181,2009,7.0452,68,9652
25181,2010,6.1849,60,9701
25181,2011,6.6544,65,9768
25181,2012,7.1001,70,9859
25181,2013,7.7426,77,9945
25181,2014,6.9382,70,10089
25181,2015,6.6471,68,10230
25183,1998,5.1089,83,16246
25183,1999,5.1008,82,16076
25183,2000,4.5138,72,15951
25183,2001,6.5599,104,15854
25183,2002,6.0829,96,15782
25183,2003,5.5905,88,15741
25183,2004,6.0429,95,15721
25183,2005,5.4071,85,15720
25183,2006,6.5873,104,15788
25183,2007,5.1579,82,15898
25183,2008,5.1655,83,16068
25183,2009,4.6046,75,16288
25183,2010,4.8907,81,16562
25183,2011,5.6326,95,16866
25183,2012,4.1841,72,17208
25183,2013,5.5584,98,17631
25183,2014,5.091,92,18071
25183,2015,5.123,95,18544
25200,1998,4.6114,68,14746
25200,1999,4.2677,63,14762
25200,2000,6.9008,102,14781
25200,2001,5.9243,88,14854
25200,2002,6.0285,90,14929
25200,2003,6.7837,102,15036
25200,2004,5.6739,86,15157
25200,2005,6.7395,103,15283
25200,2006,5.4201,84,15498
25200,2007,7.1238,112,15722
25200,2008,6.184,99,16009
25200,2009,5.62,92,16370
25200,2010,5.9634,100,16769
25200,2011,6.6141,114,17236
25200,2012,5.3606,95,17722
25200,2013,5.586,102,18260
25200,2014,5.8455,110,18818
25200,2015,5.7975,113,19491
25214,1998,2.245,35,15590
25214,1999,2.5696,41,15956
25214,2000,2.3267,38,16332
25214,2001,3.2302,54,16717
25214,2002,3.3809,58,17155
25214,2003,3.349,59,17617
25214,2004,3.5392,64,18083
25214,2005,2.5288,47,18586
25214,2006,3.4429,66,19170
25214,2007,3.1809,63,19806
25214,2008,2.533,52,20529
25214,2009,3.611,77,21324
25214,2010,2.9739,66,22193
25214,2011,2.767,64,23130
25214,2012,2.692,65,24146
25214,2013,3.2433,82,25283
25214,2014,3.2107,85,26474
25214,2015,2.8072,78,27786
25224,1998,3.2191,20,6213
25224,1999,1.7753,11,6196
25224,2000,4.3895,27,6151
25224,2001,4.1058,25,6089
25224,2002,4.9505,30,6060
25224,2003,7.1216,43,6038
25224,2004,6.993,42,6006
25224,2005,5.6347,34,6034
25224,2006,5.4735,33,6029
25224,2007,6.7357,41,6087
25224,2008,7.0135,43,6131
25224,2009,5.3132,33,6211
25224,2010,3.0178,19,6296
25224,2011,4.8589,31,6380
25224,2012,4.6204,30,6493
25224,2013,3.7707,25,6630
25224,2014,3.6977,25,6761
25224,2015,4.4727,31,6931
25245,1998,8.0352,135,16801
25245,1999,7.7621,130,16748
25245,2000,8.9718,150,16719
25245,2001,8.7336,146,16717
25245,2002,10.3763,174,16769
25245,2003,9.5719,161,16820
25245,2004,10.1088,171,16916
25245,2005,9.0968,155,17039
25245,2006,8.0223,138,17202
25245,2007,9.4128,164,17423
25245,2008,9.208,163,17702
25245,2009,8.3708,151,18039
25245,2010,8.3573,154,18427
25245,2011,8.7376,165,18884
25245,2012,8.475,164,19351
25245,2013,8.3338,166,19919
25245,2014,7.9315,163,20551
25245,2015,7.7315,164,21212
25258,1998,6.176,36,5829
25258,1999,5.4063,31,5734
25258,2000,5.2356,29,5539
25258,2001,5.9679,32,5362
25258,2002,6.9178,36,5204
25258,2003,10.7843,55,5100
25258,2004,6.6026,33,4998
25258,2005,7.3275,36,4913
25258,2006,9.9854,48,4807
25258,2007,9.4897,45,4742
25258,2008,5.3533,25,4670
25258,2009,8.6449,40,4627
25258,2010,7.8023,36,4614
25258,2011,5.6657,26,4589
25258,2012,3.2801,15,4573
25258,2013,7.0252,32,4555
25258,2014,7.0206,32,4558
25258,2015,5.262,24,4561
25260,1998,0.3856,5,12967
25260,1999,1.5354,20,13026
25260,2000,1.9794,26,13135
25260,2001,2.416,32,13245
25260,2002,2.4643,33,13391
25260,2003,2.58,35,13566
25260,2004,3.1993,44,13753
25260,2005,2.5164,35,13909
25260,2006,2.9575,42,14201
25260,2007,2.616,38,14526
25260,2008,2.8167,42,14911
25260,2009,2.2781,35,15364
25260,2010,2.785,44,15799
25260,2011,2.8112,46,16363
25260,2012,2.3003,39,16954
25260,2013,2.6705,47,17600
25260,2014,2.292,42,18325
25260,2015,2.5687,49,19076
25269,1998,4.2841,317,73994
25269,1999,3.8459,288,74885
25269,2000,2.6342,200,75925
25269,2001,3.8513,297,77116
25269,2002,4.9323,387,78462
25269,2003,4.4413,355,79931
25269,2004,4.941,403,81563
25269,2005,4.7785,398,83290
25269,2006,5.0458,431,85417
25269,2007,5.0427,443,87849
25269,2008,4.8251,437,90568
25269,2009,4.3994,412,93650
25269,2010,4.9444,480,97080
25269,2011,4.8202,486,100825
25269,2012,4.6129,484,104924
25269,2013,4.0683,445,109381
25269,2014,4.2988,491,114218
25269,2015,4.2438,507,119469
25279,1998,6.573,73,11106
25279,1999,7.3448,80,10892
25279,2000,8.3713,90,10751
25279,2001,6.5131,69,10594
25279,2002,7.8304,82,10472
25279,2003,6.9612,72,10343
25279,2004,6.1362,63,10267
25279,2005,5.9951,61,10175
25279,2006,9.2766,94,10133
25279,2007,6.4128,65,10136
25279,2008,7.0013,71,10141
25279,2009,6.4579,66,10220
25279,2010,6.3156,65,10292
25279,2011,5.6698,59,10406
25279,2012,7.0249,74,10534
25279,2013,5.9005,63,10677
25279,2014,6.3583,69,10852
25279,2015,6.1416,68,11072
25281,1998,3.4998,22,6286
25281,1999,1.4658,9,6140
25281,2000,5.1461,31,6024
25281,2001,4.2503,25,5882
25281,2002,3.4412,20,5812
25281,2003,7.9379,45,5669
25281,2004,8.053,45,5588
25281,2005,8.6988,48,5518
25281,2006,5.1207,28,5468
25281,2007,6.6531,36,5411
25281,2008,6.3433,34,5360
25281,2009,6.6902,36,5381
25281,2010,6.1373,33,5377
25281,2011,6.3386,34,5364
25281,2012,6.8888,37,5371
25281,2013,5.5402,30,5415
25281,2014,6.6176,36,5440
25281,2015,4.5537,25,5490
25286,1998,3.551,159,44776
25286,1999,3.9456,180,45621
25286,2000,3.6296,169,46561
25286,2001,4.0137,191,47587
25286,2002,4.2096,205,48698
25286,2003,4.5677,228,49916
25286,2004,4.1783,214,51217
25286,2005,4.5819,241,52598
25286,2006,3.873,210,54222
25286,2007,3.8894,218,56050
25286,2008,3.823,222,58069
25286,2009,3.4142,206,60336
25286,2010,3.7587,236,62788
25286,2011,3.0981,203,65524
25286,2012,3.7819,259,68485
25286,2013,3.7107,266,71685
25286,2014,3.0737,231,75153
25286,2015,3.7384,295,78910
25288,1998,5.618,27,4806
25288,1999,5.2554,25,4757
25288,2000,6.0021,28,4665
25288,2001,5.4502,25,4587
25288,2002,5.0505,23,4554
25288,2003,5.9894,27,4508
25288,2004,5.38,24,4461
25288,2005,4.5341,20,4411
25288,2006,8.0441,35,4351
25288,2007,8.9491,39,4358
25288,2008,5.7366,25,4358
25288,2009,5.7313,25,4362
25288,2010,6.621,29,4380
25288,2011,5.2142,23,4411
25288,2012,3.161,14,4429
25288,2013,6.6845,30,4488
25288,2014,6.6225,30,4530
25288,2015,3.6844,17,4614
25290,1998,4.828,375,77672
25290,1999,1.7361,136,78337
25290,2000,3.2963,261,79179
25290,2001,7.1616,574,80150
25290,2002,7.7143,627,81278
25290,2003,8.2493,681,82552
25290,2004,6.8461,575,83989
25290,2005,7.5437,646,85634
25290,2006,7.1987,630,87516
25290,2007,7.6041,682,89689
25290,2008,7.3986,682,92180
25290,2009,7.304,694,95017
25290,2010,8.1547,801,98226
25290,2011,7.903,804,101733
25290,2012,7.8131,825,105592
25290,2013,8.0231,881,109808
25290,2014,8.085,925,114409
25290,2015,8.2071,980,119409
25293,1998,4.3982,30,6821
25293,1999,3.4992,23,6573
25293,2000,3.6169,23,6359
25293,2001,4.3853,27,6157
25293,2002,4.3471,26,5981
25293,2003,5.0095,29,5789
25293,2004,9.583,54,5635
25293,2005,4.9396,27,5466
25293,2006,6.5678,35,5329
25293,2007,9.4759,49,5171
25293,2008,6.8346,35,5121
25293,2009,8.169,41,5019
25293,2010,9.647,47,4872
25293,2011,6.4142,31,4833
25293,2012,6.5263,31,4750
25293,2013,8.5985,40,4652
25293,2014,5.6633,26,4591
25293,2015,5.9354,27,4549
25295,1998,3.0105,23,7640
25295,1999,4.8457,38,7842
25295,2000,3.8543,31,8043
25295,2001,3.0019,25,8328
25295,2002,2.7021,23,8512
25295,2003,3.6199,32,8840
25295,2004,3.5227,32,9084
25295,2005,5.0327,47,9339
25295,2006,2.9977,29,9674
25295,2007,3.6867,37,10036
25295,2008,3.8344,40,10432
25295,2009,2.8501,31,10877
25295,2010,2.4644,28,11362
25295,2011,3.1182,37,11866
25295,2012,1.9314,24,12426
25295,2013,2.2251,29,13033
25295,2014,3.2166,44,13679
25295,2015,2.7097,39,14393
25297,1998,10.2169,114,11158
25297,1999,7.9519,86,10815
25297,2000,8.7711,92,10489
25297,2001,10.2941,105,10200
25297,2002,10.7668,107,9938
25297,2003,13.6195,132,9692
25297,2004,10.0433,95,9459
25297,2005,12.2374,113,9234
25297,2006,10.3684,94,9066
25297,2007,10.2524,91,8876
25297,2008,9.8207,86,8757
25297,2009,10.295,89,8645
25297,2010,11.4727,98,8542
25297,2011,10.4817,89,8491
25297,2012,12.2357,103,8418
25297,2013,11.1138,93,8368
25297,2014,10.2151,85,8321
25297,2015,11.5163,96,8336
25299,1998,6.5121,25,3839
25299,1999,6.9836,26,3723
25299,2000,7.7008,28,3636
25299,2001,8.1461,29,3560
25299,2002,4.8766,17,3486
25299,2003,10.3093,35,3395
25299,2004,11.8361,39,3295
25299,2005,11.5086,37,3215
25299,2006,11.2747,36,3193
25299,2007,8.1658,26,3184
25299,2008,6.7136,21,3128
25299,2009,9.6805,30,3099
25299,2010,7.8534,24,3056
25299,2011,8.5554,26,3039
25299,2012,10.589,32,3022
25299,2013,6.2644,19,3033
25299,2014,6.917,21,3036
25299,2015,6.5703,20,3044
25307,1998,7.849,573,73003
25307,1999,7.2754,527,72436
25307,2000,7.8531,566,72073
25307,2001,7.6397,549,71861
25307,2002,8.5906,617,71823
25307,2003,9.2916,668,71893
25307,2004,8.3867,605,72138
25307,2005,9.7568,708,72565
25307,2006,9.4681,693,73193
25307,2007,8.6421,640,74056
25307,2008,7.4354,559,75181
25307,2009,9.4435,723,76561
25307,2010,9.3205,729,78215
25307,2011,8.7443,700,80052
25307,2012,9.3003,764,82148
25307,2013,8.8886,751,84490
25307,2014,8.58,747,87063
25307,2015,10.2462,921,89887
25312,1998,3.5826,16,4466
25312,1999,2.6655,12,4502
25312,2000,4.3995,20,4546
25312,2001,4.1512,19,4577
25312,2002,4.7972,22,4586
25312,2003,4.7302,22,4651
25312,2004,5.3124,25,4706
25312,2005,4.1894,20,4774
25312,2006,2.0657,10,4841
25312,2007,2.822,14,4961
25312,2008,4.5581,23,5046
25312,2009,3.0746,16,5204
25312,2010,4.2999,23,5349
25312,2011,3.814,21,5506
25312,2012,4.7788,27,5650
25312,2013,3.2445,19,5856
25312,2014,3.1348,19,6061
25312,2015,3.1847,20,6280
25317,1998,4.7868,55,11490
25317,1999,5.2134,59,11317
25317,2000,3.9391,44,11170
25317,2001,5.2418,58,11065
25317,2002,6.023,66,10958
25317,2003,5.0514,55,10888
25317,2004,4.0632,44,10829
25317,2005,6.3972,69,10786
25317,2006,6.1236,66,10778
25317,2007,6.758,73,10802
25317,2008,7.1764,78,10869
25317,2009,5.6549,62,10964
25317,2010,6.0355,67,11101
25317,2011,5.7747,65,11256
25317,2012,5.6873,65,11429
25317,2013,4.8973,57,11639
25317,2014,4.2159,50,11860
25317,2015,4.2837,52,12139
25320,1998,6.4676,149,23038
25320,1999,6.8107,156,22905
25320,2000,8.1751,186,22752
25320,2001,7.363,167,22681
25320,2002,7.6461,173,22626
25320,2003,7.9109,179,22627
25320,2004,7.9456,180,22654
25320,2005,6.9515,158,22729
25320,2006,6.7325,154,22874
25320,2007,6.3283,146,23071
25320,2008,6.9745,163,23371
25320,2009,6.9921,166,23741
25320,2010,6.7478,163,24156
25320,2011,6.8479,169,24679
25320,2012,7.0063,177,25263
25320,2013,7.7639,201,25889
25320,2014,7.0706,188,26589
25320,2015,7.2707,199,27370
25322,1998,2.5245,32,12676
25322,1999,3.4348,43,12519
25322,2000,3.957,49,12383
25322,2001,4.6345,57,12299
25322,2002,3.1931,39,12214
25322,2003,4.5241,55,12157
25322,2004,5.8523,71,12132
25322,2005,4.6323,56,12089
25322,2006,5.861,71,12114
25322,2007,3.3748,41,12149
25322,2008,4.4042,54,12261
25322,2009,4.8348,60,12410
25322,2010,4.2208,53,12557
25322,2011,3.76,48,12766
25322,2012,3.2293,42,13006
25322,2013,4.5941,61,13278
25322,2014,4.6317,63,13602
25322,2015,2.8699,40,13938
25324,1998,4.2636,11,2580
25324,1999,5.6225,14,2490
25324,2000,6.1125,15,2454
25324,2001,5.304,13,2451
25324,2002,2.0842,5,2399
25324,2003,4.2159,10,2372
25324,2004,2.9674,7,2359
25324,2005,7.4319,18,2422
25324,2006,4.661,11,2360
25324,2007,9.6558,23,2382
25324,2008,4.1771,10,2394
25324,2009,3.7927,9,2373
25324,2010,7.4503,18,2416
25324,2011,4.0683,10,2458
25324,2012,6.4438,16,2483
25324,2013,5.56,14,2518
25324,2014,5.1669,13,2516
25324,2015,8.9494,23,2570
25326,1998,4.2537,23,5407
25326,1999,4.8698,26,5339
25326,2000,5.6872,30,5275
25326,2001,5.1863,27,5206
25326,2002,4.8281,25,5178
25326,2003,8.1458,42,5156
25326,2004,4.6948,24,5112
25326,2005,5.2952,27,5099
25326,2006,5.4784,28,5111
25326,2007,6.6341,34,5125
25326,2008,8.7532,45,5141
25326,2009,5.7915,30,5180
25326,2010,3.8066,20,5254
25326,2011,8.0419,43,5347
25326,2012,4.977,27,5425
25326,2013,5.0688,28,5524
25326,2014,6.2002,35,5645
25326,2015,5.5527,32,5763
25328,1998,7.163,28,3909
25328,1999,1.2933,5,3866
25328,2000,3.6449,14,3841
25328,2001,6.6155,25,3779
25328,2002,5.624,21,3734
25328,2003,11.0334,41,3716
25328,2004,5.6665,21,3706
25328,2005,5.3937,20,3708
25328,2006,7.8357,29,3701
25328,2007,6.7385,25,3710
25328,2008,8.3043,31,3733
25328,2009,6.2314,23,3691
25328,2010,3.4166,13,3805
25328,2011,4.434,17,3834
25328,2012,5.9818,23,3845
25328,2013,6.6787,26,3893
25328,2014,7.8421,31,3953
25328,2015,4.1708,17,4076
25335,1998,1.9133,9,4704
25335,1999,1.0741,5,4655
25335,2000,6.0397,28,4636
25335,2001,5.6253,26,4622
25335,2002,4.7733,22,4609
25335,2003,4.5504,21,4615
25335,2004,5.6375,26,4612
25335,2005,5.1524,24,4658
25335,2006,3.8676,18,4654
25335,2007,4.2283,20,4730
25335,2008,5.4829,26,4742
25335,2009,5.7827,28,4842
25335,2010,4.4418,22,4953
25335,2011,3.1596,16,5064
25335,2012,3.4783,18,5175
25335,2013,3.5869,19,5297
25335,2014,2.7528,15,5449
25335,2015,4.2911,24,5593
25339,1998,2.7203,10,3676
25339,1999,1.4057,5,3557
25339,2000,5.1502,18,3495
25339,2001,5.5637,19,3415
25339,2002,4.4789,15,3349
25339,2003,6.4161,21,3273
25339,2004,6.1939,20,3229
25339,2005,5.2976,17,3209
25339,2006,4.7468,15,3160
25339,2007,5.7125,18,3151
25339,2008,4.1707,13,3117
25339,2009,4.8278,15,3107
25339,2010,4.7725,15,3143
25339,2011,2.8754,9,3130
25339,2012,2.5445,8,3144
25339,2013,4.0932,13,3176
25339,2014,3.47,11,3170
25339,2015,4.9474,16,3234
25368,1998,4.1467,13,3135
25368,1999,4.6713,14,2997
25368,2000,6.1266,18,2938
25368,2001,5.618,16,2848
25368,2002,6.8966,19,2755
25368,2003,7.4655,20,2679
25368,2004,4.5854,12,2617
25368,2005,5.848,15,2565
25368,2006,7.2493,18,2483
25368,2007,4.1118,10,2432
25368,2008,7.0364,17,2416
25368,2009,3.7847,9,2378
25368,2010,7.8057,18,2306
25368,2011,3.881,9,2319
25368,2012,4.3497,10,2299
25368,2013,5.7599,13,2257
25368,2014,5.3215,12,2255
25368,2015,5.801,13,2241
25372,1998,8.691,65,7479
25372,1999,9.3458,68,7276
25372,2000,6.6384,47,7080
25372,2001,8.2825,57,6882
25372,2002,9.3583,63,6732
25372,2003,9.5759,63,6579
25372,2004,11.2184,72,6418
25372,2005,13.3907,84,6273
25372,2006,10.7509,66,6139
25372,2007,10.0148,61,6091
25372,2008,9.6909,58,5985
25372,2009,12.0176,71,5908
25372,2010,8.547,50,5850
25372,2011,6.5551,38,5797
25372,2012,6.9541,40,5752
25372,2013,8.3828,48,5726
25372,2014,8.7458,50,5717
25372,2015,5.5807,32,5734
25377,1998,4.0161,79,19671
25377,1999,4.4747,88,19666
25377,2000,4.6134,91,19725
25377,2001,4.4972,89,19790
25377,2002,4.5226,90,19900
25377,2003,5.2338,105,20062
25377,2004,4.8974,99,20215
25377,2005,4.5492,93,20443
25377,2006,4.5827,95,20730
25377,2007,4.2282,89,21049
25377,2008,4.1447,89,21473
25377,2009,4.5121,99,21941
25377,2010,3.3296,75,22525
25377,2011,3.976,92,23139
25377,2012,4.4095,105,23812
25377,2013,3.5799,88,24582
25377,2014,5.237,133,25396
25377,2015,4.3333,114,26308
25386,1998,7.8657,164,20850
25386,1999,9.0426,189,20901
25386,2000,9.2443,194,20986
25386,2001,7.7324,163,21080
25386,2002,7.7231,164,21235
25386,2003,8.819,189,21431
25386,2004,8.1308,176,21646
25386,2005,8.3447,183,21930
25386,2006,8.1754,182,22262
25386,2007,8.4727,192,22661
25386,2008,10.414,241,23142
25386,2009,7.8092,185,23690
25386,2010,7.5207,183,24333
25386,2011,7.2687,182,25039
25386,2012,8.3727,216,25798
25386,2013,7.5301,201,26693
25386,2014,7.2018,199,27632
25386,2015,8.4098,241,28657
25394,1998,10.1892,119,11679
25394,1999,10.4296,118,11314
25394,2000,11.2584,124,11014
25394,2001,10.1679,109,10720
25394,2002,14.7901,155,10480
25394,2003,12.8793,132,10249
25394,2004,11.2471,113,10047
25394,2005,9.2096,91,9881
25394,2006,10.92,106,9707
25394,2007,9.1166,87,9543
25394,2008,9.7303,92,9455
25394,2009,8.6733,81,9339
25394,2010,7.8791,73,9265
25394,2011,7.3474,68,9255
25394,2012,7.6046,70,9205
25394,2013,9.4751,87,9182
25394,2014,11.2078,103,9190
25394,2015,9.3377,86,9210
25398,1998,5.9245,43,7258
25398,1999,6.5174,46,7058
25398,2000,5.5241,38,6879
25398,2001,7.3145,49,6699
25398,2002,9.6448,63,6532
25398,2003,9.5283,61,6402
25398,2004,7.4841,47,6280
25398,2005,6.0114,37,6155
25398,2006,8.5752,52,6064
25398,2007,7.8753,47,5968
25398,2008,8.4846,50,5893
25398,2009,7.3718,43,5833
25398,2010,8.246,48,5821
25398,2011,7.9351,46,5797
25398,2012,7.8152,45,5758
25398,2013,6.9577,40,5749
25398,2014,8.2096,47,5725
25398,2015,8.7658,50,5704
25402,1998,7.7767,90,11573
25402,1999,7.9667,92,11548
25402,2000,6.5704,76,11567
25402,2001,7.1607,83,11591
25402,2002,7.4845,87,11624
25402,2003,7.0181,82,11684
25402,2004,6.9639,82,11775
25402,2005,6.3142,75,11878
25402,2006,7.4875,90,12020
25402,2007,6.7175,82,12207
25402,2008,7.5617,94,12431
25402,2009,5.5175,70,12687
25402,2010,6.472,84,12979
25402,2011,5.3379,71,13301
25402,2012,7.0237,96,13668
25402,2013,5.6124,79,14076
25402,2014,6.9574,101,14517
25402,2015,6.3906,96,15022
25407,1998,4.9003,44,8979
25407,1999,4.5295,40,8831
25407,2000,4.9335,43,8716
25407,2001,3.9338,34,8643
25407,2002,6.441,55,8539
25407,2003,5.7756,49,8484
25407,2004,5.9397,50,8418
25407,2005,5.963,50,8385
25407,2006,6.2568,52,8311
25407,2007,6.0954,51,8367
25407,2008,6.8998,58,8406
25407,2009,5.09,43,8448
25407,2010,4.9267,42,8525
25407,2011,6.8287,59,8640
25407,2012,6.3869,56,8768
25407,2013,5.8289,52,8921
25407,2014,3.96,36,9091
25407,2015,4.0984,38,9272
25426,1998,7.6726,60,7820
25426,1999,7.8411,60,7652
25426,2000,7.8976,58,7344
25426,2001,5.8107,42,7228
25426,2002,7.1541,50,6989
25426,2003,8.1955,56,6833
25426,2004,6.7436,45,6673
25426,2005,7.4729,49,6557
25426,2006,9.3648,60,6407
25426,2007,10.0915,64,6342
25426,2008,8.177,51,6237
25426,2009,6.1578,38,6171
25426,2010,5.7134,35,6126
25426,2011,8.4325,51,6048
25426,2012,11.6163,70,6026
25426,2013,9.6298,58,6023
25426,2014,6.0221,36,5978
25426,2015,8.1626,49,6003
25430,1998,2.8612,144,50329
25430,1999,3.1029,160,51565
25430,2000,2.9847,158,52937
25430,2001,3.4197,186,54390
25430,2002,2.7166,152,55953
25430,2003,3.108,179,57594
25430,2004,2.9324,174,59337
25430,2005,3.253,199,61175
25430,2006,3.4118,216,63309
25430,2007,2.9382,193,65687
25430,2008,2.7242,186,68277
25430,2009,2.5996,185,71165
25430,2010,2.8252,210,74332
25430,2011,2.5845,201,77772
25430,2012,2.6022,212,81469
25430,2013,2.6436,226,85489
25430,2014,2.5042,225,89848
25430,2015,3.2675,309,94567
25436,1998,8.5521,43,5028
25436,1999,8.8061,43,4883
25436,2000,9.322,44,4720
25436,2001,8.068,37,4586
25436,2002,11.8834,53,4460
25436,2003,10.1476,44,4336
25436,2004,9.6312,41,4257
25436,2005,12.3636,51,4125
25436,2006,12.0779,49,4057
25436,2007,10.4974,42,4001
25436,2008,10.8944,43,3947
25436,2009,10.0128,39,3895
25436,2010,8.3138,32,3849
25436,2011,11.0614,42,3797
25436,2012,9.6515,36,3730
25436,2013,10.9831,41,3733
25436,2014,7.5512,28,3708
25436,2015,9.1694,34,3708
25438,1998,5.6634,61,10771
25438,1999,4.9847,52,10432
25438,2000,6.3235,64,10121
25438,2001,5.3922,53,9829
25438,2002,5.5463,53,9556
25438,2003,4.6192,43,9309
25438,2004,4.1841,38,9082
25438,2005,6.0893,54,8868
25438,2006,4.1465,36,8682
25438,2007,5.8796,50,8504
25438,2008,4.9887,42,8419
25438,2009,5.7929,48,8286
25438,2010,3.8986,32,8208
25438,2011,5.2025,42,8073
25438,2012,6.3441,51,8039
25438,2013,5.3891,43,7979
25438,2014,5.0435,40,7931
25438,2015,5.2903,42,7939
25473,1998,0.9754,46,47160
25473,1999,1.1364,56,49278
25473,2000,1.6519,85,51457
25473,2001,1.9912,107,53737
25473,2002,2.2277,125,56112
25473,2003,2.2888,134,58547
25473,2004,2.1105,129,61122
25473,2005,2.0538,131,63784
25473,2006,2.4863,166,66765
25473,2007,2.4153,169,69971
25473,2008,2.7093,199,73451
25473,2009,2.1605,167,77296
25473,2010,2.3815,194,81462
25473,2011,2.3505,202,85939
25473,2012,2.3906,217,90773
25473,2013,2.1256,204,95973
25473,2014,2.5196,256,101605
25473,2015,2.4054,259,107674
25483,1998,10.6641,22,2063
25483,1999,7.5567,15,1985
25483,2000,7.0994,14,1972
25483,2001,6.1728,12,1944
25483,2002,8.7584,17,1941
25483,2003,8.938,17,1902
25483,2004,10.4167,20,1920
25483,2005,5.1467,10,1943
25483,2006,3.6383,7,1924
25483,2007,0.516,1,1938
25483,2008,9.4192,18,1911
25483,2009,10.8136,21,1942
25483,2010,5.6381,11,1951
25483,2011,9.5766,19,1984
25483,2012,6.9965,14,2001
25483,2013,8.7549,18,2056
25483,2014,6.6319,14,2111
25483,2015,7.3529,16,2176
25486,1998,4.5716,39,8531
25486,1999,4.5534,39,8565
25486,2000,5.4747,47,8585
25486,2001,5.1975,45,8658
25486,2002,4.147,36,8681
25486,2003,4.9115,43,8755
25486,2004,4.6406,41,8835
25486,2005,5.7213,51,8914
25486,2006,4.3027,39,9064
25486,2007,5.3244,49,9203
25486,2008,5.5296,52,9404
25486,2009,3.841,37,9633
25486,2010,6.6788,66,9882
25486,2011,4.9184,50,10166
25486,2012,4.6796,49,10471
25486,2013,4.9926,54,10816
25486,2014,4.2017,47,11186
25486,2015,4.7406,55,11602
25488,1998,3.5069,20,5703
25488,1999,3.7409,22,5881
25488,2000,6.2831,38,6048
25488,2001,4.176,26,6226
25488,2002,5.9748,38,6360
25488,2003,3.9957,26,6507
25488,2004,5.5639,37,6650
25488,2005,4.1255,28,6787
25488,2006,6.3483,44,6931
25488,2007,5.0769,36,7091
25488,2008,3.8283,28,7314
25488,2009,3.8513,29,7530
25488,2010,4.1248,32,7758
25488,2011,4.0897,33,8069
25488,2012,3.9568,33,8340
25488,2013,3.576,31,8669
25488,2014,2.5485,23,9025
25488,2015,2.5589,24,9379
25489,1998,3.863,15,3883
25489,1999,3.9308,15,3816
25489,2000,2.4168,9,3724
25489,2001,4.9532,18,3634
25489,2002,6.4534,23,3564
25489,2003,6.5527,23,3510
25489,2004,7.817,27,3454
25489,2005,8.8339,30,3396
25489,2006,10.089,34,3370
25489,2007,8.9713,30,3344
25489,2008,7.7891,26,3338
25489,2009,5.122,17,3319
25489,2010,6.3006,21,3333
25489,2011,7.2838,24,3295
25489,2012,4.8149,16,3323
25489,2013,4.4683,15,3357
25489,2014,4.7004,16,3404
25489,2015,6.8985,24,3479
25491,1998,5.6985,33,5791
25491,1999,5.6229,32,5691
25491,2000,7.1365,40,5605
25491,2001,6.9078,38,5501
25491,2002,8.2995,45,5422
25491,2003,7.4738,40,5352
25491,2004,7.5401,40,5305
25491,2005,7.5672,40,5286
25491,2006,7.7769,41,5272
25491,2007,7.4342,39,5246
25491,2008,8.5976,45,5234
25491,2009,7.2147,38,5267
25491,2010,6.997,37,5288
25491,2011,6.5092,35,5377
25491,2012,8.3565,45,5385
25491,2013,7.1272,39,5472
25491,2014,6.4678,36,5566
25491,2015,4.9751,28,5628
25506,1998,4.2017,18,4284
25506,1999,1.9143,8,4179
25506,2000,3.9149,16,4087
25506,2001,3.4965,14,4004
25506,2002,5.5556,22,3960
25506,2003,4.6166,18,3899
25506,2004,4.6656,18,3858
25506,2005,4.6936,18,3835
25506,2006,5.7788,22,3807
25506,2007,6.0654,23,3792
25506,2008,6.7042,25,3729
25506,2009,6.6684,25,3749
25506,2010,7.1732,27,3764
25506,2011,4.7783,18,3767
25506,2012,3.3925,13,3832
25506,2013,4.6308,18,3887
25506,2014,2.553,10,3917
25506,2015,3.5407,14,3954
25513,1998,8.8629,206,23243
25513,1999,7.3733,168,22785
25513,2000,8.4871,190,22387
25513,2001,6.5351,144,22035
25513,2002,8.2231,179,21768
25513,2003,8.9759,193,21502
25513,2004,7.5658,161,21280
25513,2005,8.2789,175,21138
25513,2006,8.3778,176,21008
25513,2007,8.9703,188,20958
25513,2008,9.0159,189,20963
25513,2009,8.409,177,21049
25513,2010,8.5402,181,21194
25513,2011,8.6896,186,21405
25513,2012,7.2072,156,21645
25513,2013,7.9825,175,21923
25513,2014,8.2192,183,22265
25513,2015,8.2977,188,22657
25518,1998,3.119,18,5771
25518,1999,3.9237,22,5607
25518,2000,4.2388,23,5426
25518,2001,4.5645,24,5258
25518,2002,4.1024,21,5119
25518,2003,6.6185,33,4986
25518,2004,5.1272,25,4876
25518,2005,4.4369,21,4733
25518,2006,4.7609,22,4621
25518,2007,5.9524,27,4536
25518,2008,5.1709,23,4448
25518,2009,6.1743,27,4373
25518,2010,6.0255,26,4315
25518,2011,5.3902,23,4267
25518,2012,7.1276,30,4209
25518,2013,6.1802,26,4207
25518,2014,6.6414,28,4216
25518,2015,5.4348,23,4232
25524,1998,3.396,15,4417
25524,1999,3.4674,15,4326
25524,2000,5.5853,24,4297
25524,2001,5.1911,22,4238
25524,2002,7.8459,33,4206
25524,2003,4.8263,20,4144
25524,2004,6.5359,27,4131
25524,2005,6.806,28,4114
25524,2006,4.6128,19,4119
25524,2007,4.1423,17,4104
25524,2008,8.0272,33,4111
25524,2009,6.25,26,4160
25524,2010,5.1875,22,4241
25524,2011,4.7015,20,4254
25524,2012,5.8059,25,4306
25524,2013,4.3369,19,4381
25524,2014,6.0579,27,4457
25524,2015,5.2957,24,4532
25530,1998,6.5851,35,5315
25530,1999,4.1284,22,5329
25530,2000,5.0562,27,5340
25530,2001,5.0177,27,5381
25530,2002,5.9193,32,5406
25530,2003,4.5897,25,5447
25530,2004,2.9096,16,5499
25530,2005,5.0423,28,5553
25530,2006,5.6298,32,5684
25530,2007,6.6064,38,5752
25530,2008,5.4109,32,5914
25530,2009,3.8004,23,6052
25530,2010,3.7211,23,6181
25530,2011,4.0625,26,6400
25530,2012,5.6112,37,6594
25530,2013,6.1448,42,6835
25530,2014,3.9649,28,7062
25530,2015,4.9295,36,7303
25535,1998,2.9399,27,9184
25535,1999,0.8897,8,8992
25535,2000,2.4881,22,8842
25535,2001,5.2861,46,8702
25535,2002,4.2115,36,8548
25535,2003,6.998,59,8431
25535,2004,4.4568,37,8302
25535,2005,4.3812,36,8217
25535,2006,6.12,50,8170
25535,2007,4.5494,37,8133
25535,2008,5.0717,41,8084
25535,2009,3.8248,31,8105
25535,2010,4.1805,34,8133
25535,2011,4.1539,34,8185
25535,2012,5.7053,47,8238
25535,2013,5.9981,50,8336
25535,2014,5.352,45,8408
25535,2015,4.0969,35,8543
25572,1998,5.4149,65,12004
25572,1999,6.993,83,11869
25572,2000,6.622,78,11779
25572,2001,7.3536,86,11695
25572,2002,8.3198,97,11659
25572,2003,7.5725,88,11621
25572,2004,6.7108,78,11623
25572,2005,7.3049,85,11636
25572,2006,7.7745,91,11705
25572,2007,6.444,76,11794
25572,2008,7.8833,94,11924
25572,2009,6.9393,84,12105
25572,2010,7.304,90,12322
25572,2011,6.2067,78,12567
25572,2012,6.999,90,12859
25572,2013,5.1664,68,13162
25572,2014,6.8777,93,13522
25572,2015,5.6851,79,13896
25580,1998,1.5781,6,3802
25580,1999,2.4239,9,3713
25580,2000,2.1792,8,3671
25580,2001,2.2422,8,3568
25580,2002,6.0155,21,3491
25580,2003,5.8514,20,3418
25580,2004,4.8295,16,3313
25580,2005,3.3475,11,3286
25580,2006,5.2762,17,3222
25580,2007,5.0031,16,3198
25580,2008,5.3849,17,3157
25580,2009,6.4123,20,3119
25580,2010,5.7711,18,3119
25580,2011,5.4698,17,3108
25580,2012,3.5043,11,3139
25580,2013,5.1331,16,3117
25580,2014,5.3426,17,3182
25580,2015,4.9953,16,3203
25592,1998,7.2626,39,5370
25592,1999,5.5909,29,5187
25592,2000,5.5402,28,5054
25592,2001,6.0338,30,4972
25592,2002,6.7678,33,4876
25592,2003,9.0794,43,4736
25592,2004,5.7791,27,4672
25592,2005,7.7821,36,4626
25592,2006,5.7093,26,4554
25592,2007,3.992,18,4509
25592,2008,5.5853,25,4476
25592,2009,4.9561,22,4439
25592,2010,6.1003,27,4426
25592,2011,4.2996,19,4419
25592,2012,5.3062,24,4523
25592,2013,4.0504,18,4444
25592,2014,3.1187,14,4489
25592,2015,5.0851,23,4523
25594,1998,6.4695,35,5410
25594,1999,4.3388,23,5301
25594,2000,5.0183,26,5181
25594,2001,4.9077,25,5094
25594,2002,5.5777,28,5020
25594,2003,9.5548,47,4919
25594,2004,7.4334,36,4843
25594,2005,5.6379,27,4789
25594,2006,6.7397,32,4748
25594,2007,8.9286,42,4704
25594,2008,5.7865,27,4666
25594,2009,3.6496,17,4658
25594,2010,5.1646,24,4647
25594,2011,6.4295,30,4666
25594,2012,4.4776,21,4690
25594,2013,6.3681,30,4711
25594,2014,5.9009,28,4745
25594,2015,7.0686,34,4810
25596,1998,6.8176,56,8214
25596,1999,8.1159,65,8009
25596,2000,6.8378,53,7751
25596,2001,7.4478,56,7519
25596,2002,10.7673,79,7337
25596,2003,10.0601,72,7157
25596,2004,9.9857,70,7010
25596,2005,9.3227,64,6865
25596,2006,8.2041,55,6704
25596,2007,8.6168,57,6615
25596,2008,8.8998,58,6517
25596,2009,7.0412,45,6391
25596,2010,8.4693,54,6376
25596,2011,8.2882,52,6274
25596,2012,5.7813,36,6227
25596,2013,7.9032,49,6200
25596,2014,8.5031,53,6233
25596,2015,5.9087,37,6262
25599,1998,5.1353,37,7205
25599,1999,8.7054,62,7122
25599,2000,6.7181,47,6996
25599,2001,7.3413,51,6947
25599,2002,6.1251,42,6857
25599,2003,7.9517,54,6791
25599,2004,8.7485,59,6744
25599,2005,9.5153,64,6726
25599,2006,9.35,63,6738
25599,2007,8.7902,59,6712
25599,2008,8.4407,57,6753
25599,2009,8.5106,58,6815
25599,2010,6.0949,42,6891
25599,2011,6.1499,43,6992
25599,2012,4.9254,35,7106
25599,2013,5.2602,38,7224
25599,2014,9.107,67,7357
25599,2015,4.6598,35,7511
25612,1998,3.0636,22,7181
25612,1999,3.8536,28,7266
25612,2000,3.9483,29,7345
25612,2001,6.4542,48,7437
25612,2002,3.3117,25,7549
25612,2003,6.3661,49,7697
25612,2004,4.6089,36,7811
25612,2005,5.6497,45,7965
25612,2006,6.7328,55,8169
25612,2007,4.5493,38,8353
25612,2008,4.7752,41,8586
25612,2009,5.079,45,8860
25612,2010,5.2459,48,9150
25612,2011,5.1644,49,9488
25612,2012,3.1418,31,9867
25612,2013,4.2062,43,10223
25612,2014,4.7802,51,10669
25612,2015,5.2233,58,11104
25645,1998,5.0434,50,9914
25645,1999,5.3148,52,9784
25645,2000,4.1344,40,9675
25645,2001,6.3601,61,9591
25645,2002,8.6089,82,9525
25645,2003,6.5373,62,9484
25645,2004,7.3988,70,9461
25645,2005,4.9667,47,9463
25645,2006,6.007,57,9489
25645,2007,7.0304,67,9530
25645,2008,5.3037,51,9616
25645,2009,4.6306,45,9718
25645,2010,6.4063,63,9834
25645,2011,5.413,54,9976
25645,2012,6.4986,66,10156
25645,2013,5.0217,52,10355
25645,2014,6.6206,70,10573
25645,2015,5.5412,60,10828
25649,1998,3.9325,41,10426
25649,1999,4.545,46,10121
25649,2000,4.8706,48,9855
25649,2001,6.8657,66,9613
25649,2002,5.5437,52,9380
25649,2003,6.9907,64,9155
25649,2004,4.7911,43,8975
25649,2005,5.5713,49,8795
25649,2006,5.0938,44,8638
25649,2007,7.7519,66,8514
25649,2008,5.1045,43,8424
25649,2009,5.6166,47,8368
25649,2010,5.4308,45,8286
25649,2011,6.2969,52,8258
25649,2012,3.5143,29,8252
25649,2013,4.8573,40,8235
25649,2014,5.8352,48,8226
25649,2015,4.5983,38,8264
25653,1998,4.7096,27,5733
25653,1999,6.0725,34,5599
25653,2000,4.2217,23,5448
25653,2001,3.5761,19,5313
25653,2002,5.5844,29,5193
25653,2003,6.0808,31,5098
25653,2004,4.6018,23,4998
25653,2005,5.3072,26,4899
25653,2006,2.4834,12,4832
25653,2007,5.8824,28,4760
25653,2008,5.7374,27,4706
25653,2009,4.5103,21,4656
25653,2010,5.3937,25,4635
25653,2011,5.6522,26,4600
25653,2012,2.1505,10,4650
25653,2013,4.3159,20,4634
25653,2014,5.571,26,4667
25653,2015,3.6139,17,4704
25658,1998,5.1428,38,7389
25658,1999,5.821,43,7387
25658,2000,5.2632,39,7410
25658,2001,4.8576,36,7411
25658,2002,5.7803,43,7439
25658,2003,6.95,52,7482
25658,2004,4.1136,31,7536
25658,2005,5.5416,42,7579
25658,2006,6.6702,51,7646
25658,2007,5.9309,46,7756
25658,2008,6.3387,50,7888
25658,2009,4.3403,35,8064
25658,2010,5.3385,44,8242
25658,2011,5.9088,50,8462
25658,2012,5.977,52,8700
25658,2013,6.8294,61,8932
25658,2014,6.2811,58,9234
25658,2015,5.8861,56,9514
25662,1998,6.0381,57,9440
25662,1999,7.0568,65,9211
25662,2000,7.7052,69,8955
25662,2001,7.5154,66,8782
25662,2002,9.324,80,8580
25662,2003,11.9303,100,8382
25662,2004,9.0997,75,8242
25662,2005,10.2242,83,8118
25662,2006,9.6022,77,8019
25662,2007,10.1036,80,7918
25662,2008,9.9388,78,7848
25662,2009,9.226,72,7804
25662,2010,9.6749,75,7752
25662,2011,10.3439,80,7734
25662,2012,9.0055,70,7773
25662,2013,7.724,60,7768
25662,2014,9.6092,75,7805
25662,2015,9.2958,73,7853
25718,1998,8.9099,81,9091
25718,1999,7.6923,69,8970
25718,2000,7.3571,65,8835
25718,2001,6.3636,56,8800
25718,2002,7.7892,68,8730
25718,2003,7.7296,67,8668
25718,2004,7.5301,65,8632
25718,2005,8.1272,70,8613
25718,2006,9.3772,81,8638
25718,2007,10.7328,93,8665
25718,2008,8.5038,74,8702
25718,2009,7.3906,65,8795
25718,2010,9.3468,83,8880
25718,2011,7.8505,71,9044
25718,2012,8.7346,80,9159
25718,2013,8.0145,75,9358
25718,2014,7.6416,73,9553
25718,2015,8.0843,79,9772
25736,1998,4.3005,32,7441
25736,1999,5.1041,38,7445
25736,2000,5.0619,38,7507
25736,2001,4.1158,31,7532
25736,2002,4.7638,36,7557
25736,2003,4.5854,35,7633
25736,2004,6.4717,50,7726
25736,2005,5.1236,40,7807
25736,2006,4.8016,38,7914
25736,2007,5.4631,44,8054
25736,2008,5.3665,44,8199
25736,2009,4.2888,36,8394
25736,2010,3.0173,26,8617
25736,2011,3.1624,28,8854
25736,2012,4.8246,44,9120
25736,2013,2.9743,28,9414
25736,2014,4.2155,41,9726
25736,2015,3.971,40,10073
25740,1998,3.871,81,20925
25740,1999,4.147,87,20979
25740,2000,4.8896,103,21065
25740,2001,5.6161,119,21189
25740,2002,8.705,186,21367
25740,2003,7.1372,154,21577
25740,2004,6.8283,149,21821
25740,2005,7.692,170,22101
25740,2006,7.0774,159,22466
25740,2007,5.8056,133,22909
25740,2008,6.4001,150,23437
25740,2009,5.2917,127,24000
25740,2010,6.7628,167,24694
25740,2011,6.9142,176,25455
25740,2012,4.2603,112,26289
25740,2013,4.1915,114,27198
25740,2014,4.4694,126,28192
25740,2015,5.0553,148,29276
25743,1998,6.0879,104,17083
25743,1999,1.24,21,16935
25743,2000,3.4487,58,16818
25743,2001,5.6832,95,16716
25743,2002,8.1638,136,16659
25743,2003,8.6747,144,16600
25743,2004,6.4442,107,16604
25743,2005,6.3852,106,16601
25743,2006,5.5133,92,16687
25743,2007,6.7825,114,16808
25743,2008,5.4232,92,16964
25743,2009,5.8116,100,17207
25743,2010,5.5524,97,17470
25743,2011,4.8849,87,17810
25743,2012,4.8485,88,18150
25743,2013,5.2269,97,18558
25743,2014,5.6206,107,19037
25743,2015,5.3758,105,19532
25745,1998,4.1823,38,9086
25745,1999,6.6313,60,9048
25745,2000,6.0949,55,9024
25745,2001,5.656,51,9017
25745,2002,6.5222,59,9046
25745,2003,5.953,54,9071
25745,2004,7.2488,66,9105
25745,2005,5.4561,50,9164
25745,2006,5.406,50,9249
25745,2007,5.4412,51,9373
25745,2008,5.983,57,9527
25745,2009,4.8514,47,9688
25745,2010,5.5539,55,9903
25745,2011,5.3249,54,10141
25745,2012,4.6048,48,10424
25745,2013,5.6808,61,10738
25745,2014,5.1537,57,11060
25745,2015,5.2475,60,11434
25754,1998,2.1096,563,266871
25754,1999,2.7186,750,275880
25754,2000,3.3261,949,285320
25754,2001,2.8142,831,295286
25754,2002,3.3256,1017,305809
25754,2003,3.3169,1051,316859
25754,2004,3.1747,1043,328536
25754,2005,3.4525,1176,340626
25754,2006,3.4728,1231,354472
25754,2007,3.282,1213,369592
25754,2008,3.2631,1260,386131
25754,2009,3.1263,1264,404309
25754,2010,3.0996,1315,424252
25754,2011,3.3428,1490,445740
25754,2012,3.0659,1438,469029
25754,2013,3.4179,1689,494162
25754,2014,3.2378,1688,521345
25754,2015,3.2944,1814,550626
25758,1998,2.4506,33,13466
25758,1999,4.2488,58,13651
25758,2000,4.2498,59,13883
25758,2001,3.893,55,14128
25758,2002,4.7239,68,14395
25758,2003,4.7661,70,14687
25758,2004,4.4664,67,15001
25758,2005,3.6532,56,15329
25758,2006,3.0484,48,15746
25758,2007,4.3873,71,16183
25758,2008,4.2556,71,16684
25758,2009,2.8366,49,17274
25758,2010,3.7374,67,17927
25758,2011,3.4377,64,18617
25758,2012,2.6825,52,19385
25758,2013,3.7627,76,20198
25758,2014,2.8924,61,21090
25758,2015,3.4894,77,22067
25769,1998,5.4692,83,15176
25769,1999,4.2271,63,14904
25769,2000,3.0723,45,14647
25769,2001,3.4631,50,14438
25769,2002,2.6744,38,14209
25769,2003,3.8503,54,14025
25769,2004,3.531,49,13877
25769,2005,4.5176,62,13724
25769,2006,4.8419,66,13631
25769,2007,4.3427,59,13586
25769,2008,3.4584,47,13590
25769,2009,3.302,45,13628
25769,2010,4.5952,63,13710
25769,2011,3.1794,44,13839
25769,2012,4.7241,66,13971
25769,2013,3.4641,49,14145
25769,2014,2.8569,41,14351
25769,2015,3.2203,47,14595
25772,1998,3.0624,35,11429
25772,1999,4.641,53,11420
25772,2000,5.0677,58,11445
25772,2001,4.798,55,11463
25772,2002,4.7751,55,11518
25772,2003,4.9236,57,11577
25772,2004,3.9397,46,11676
25772,2005,4.4953,53,11790
25772,2006,5.2804,63,11931
25772,2007,4.9566,60,12105
25772,2008,4.5414,56,12331
25772,2009,3.5661,45,12619
25772,2010,3.1724,41,12924
25772,2011,3.6147,48,13279
25772,2012,4.6873,64,13654
25772,2013,4.5467,64,14076
25772,2014,3.8544,56,14529
25772,2015,3.9896,60,15039
25777,1998,6.9402,34,4899
25777,1999,6.2513,30,4799
25777,2000,5.251,25,4761
25777,2001,5.768,27,4681
25777,2002,5.6083,26,4636
25777,2003,5.9133,27,4566
25777,2004,8.1877,37,4519
25777,2005,9.3479,42,4493
25777,2006,6.479,29,4476
25777,2007,6.4862,29,4471
25777,2008,6.5037,29,4459
25777,2009,6.6711,30,4497
25777,2010,6.4302,29,4510
25777,2011,5.9354,27,4549
25777,2012,5.2129,24,4604
25777,2013,5.519,26,4711
25777,2014,5.707,27,4731
25777,2015,6.215,30,4827
25779,1998,5.803,34,5859
25779,1999,9.5238,55,5775
25779,2000,6.1457,35,5695
25779,2001,8.5258,48,5630
25779,2002,5.9023,33,5591
25779,2003,7.6101,42,5519
25779,2004,6.3509,35,5511
25779,2005,7.1836,39,5429
25779,2006,7.5271,41,5447
25779,2007,8.2766,45,5437
25779,2008,8.6381,47,5441
25779,2009,7.2979,40,5481
25779,2010,8.353,46,5507
25779,2011,7.5323,42,5576
25779,2012,5.4568,31,5681
25779,2013,7.4835,43,5746
25779,2014,6.8364,40,5851
25779,2015,5.0159,30,5981
25781,1998,2.8958,12,4144
25781,1999,3.3907,14,4129
25781,2000,6.0401,25,4139
25781,2001,5.3295,22,4128
25781,2002,5.0737,21,4139
25781,2003,6.2545,26,4157
25781,2004,5.5169,23,4169
25781,2005,6.689,28,4186
25781,2006,5.6338,24,4260
25781,2007,3.9288,17,4327
25781,2008,4.7576,21,4414
25781,2009,4.9096,22,4481
25781,2010,3.9474,18,4560
25781,2011,6.2032,29,4675
25781,2012,3.1302,15,4792
25781,2013,4.2519,21,4939
25781,2014,4.7375,24,5066
25781,2015,3.6239,19,5243
25785,1998,3.0291,38,12545
25785,1999,4.4181,56,12675
25785,2000,4.2892,55,12823
25785,2001,3.9969,52,13010
25785,2002,4.4768,59,13179
25785,2003,5.8239,78,13393
25785,2004,5.1478,70,13598
25785,2005,3.7608,52,13827
25785,2006,4.3916,62,14118
25785,2007,4.9128,71,14452
25785,2008,3.9068,58,14846
25785,2009,4.2626,65,15249
25785,2010,4.8886,77,15751
25785,2011,4.2932,70,16305
25785,2012,3.3264,56,16835
25785,2013,3.784,66,17442
25785,2014,3.9742,72,18117
25785,2015,3.4982,66,18867
25793,1998,4.8691,32,6572
25793,1999,3.9725,26,6545
25793,2000,4.7758,31,6491
25793,2001,5.896,38,6445
25793,2002,4.3593,28,6423
25793,2003,4.5483,29,6376
25793,2004,6.2804,40,6369
25793,2005,5.7957,37,6384
25793,2006,4.0951,26,6349
25793,2007,4.0524,26,6416
25793,2008,2.1699,14,6452
25793,2009,3.6878,24,6508
25793,2010,3.9168,26,6638
25793,2011,2.9757,20,6721
25793,2012,5.6951,39,6848
25793,2013,3.2885,23,6994
25793,2014,4.6147,33,7151
25793,2015,4.4861,33,7356
25797,1998,5.0661,36,7106
25797,1999,3.3765,24,7108
25797,2000,5.6617,40,7065
25797,2001,3.1272,22,7035
25797,2002,5.3885,38,7052
25797,2003,6.0838,43,7068
25797,2004,5.3612,38,7088
25797,2005,6.0148,43,7149
25797,2006,5.1618,37,7168
25797,2007,4.4327,32,7219
25797,2008,5.3134,39,7340
25797,2009,5.3598,40,7463
25797,2010,4.6047,35,7601
25797,2011,4.8774,38,7791
25797,2012,4.2773,34,7949
25797,2013,5.3941,44,8157
25797,2014,4.1921,35,8349
25797,2015,3.6118,31,8583
25799,1998,3.6065,47,13032
25799,1999,4.4255,58,13106
25799,2000,5.7441,76,13231
25799,2001,4.1857,56,13379
25799,2002,5.1729,70,13532
25799,2003,4.5117,62,13742
25799,2004,5.3081,74,13941
25799,2005,4.0975,58,14155
25799,2006,5.0677,73,14405
25799,2007,4.4794,66,14734
25799,2008,4.0392,61,15102
25799,2009,4.1841,65,15535
25799,2010,4.1891,67,15994
25799,2011,4.7824,79,16519
25799,2012,3.0415,52,17097
25799,2013,3.5001,62,17714
25799,2014,3.3741,62,18375
25799,2015,3.2442,62,19111
25805,1998,3.4507,15,4347
25805,1999,1.4316,6,4191
25805,2000,4.7562,20,4205
25805,2001,7.5702,31,4095
25805,2002,9.8015,39,3979
25805,2003,7.89,31,3929
25805,2004,7.1813,28,3899
25805,2005,7.4685,29,3883
25805,2006,6.2402,24,3846
25805,2007,6.0257,23,3817
25805,2008,5.788,22,3801
25805,2009,5.0013,19,3799
25805,2010,5.2247,20,3828
25805,2011,10.4302,40,3835
25805,2012,8.3608,33,3947
25805,2013,9.0203,36,3991
25805,2014,5.9925,24,4005
25805,2015,8.489,35,4123
25807,1998,4.5597,16,3509
25807,1999,7.6313,26,3407
25807,2000,7.3292,25,3411
25807,2001,9.8039,32,3264
25807,2002,11.2782,36,3192
25807,2003,9.9938,32,3202
25807,2004,10.7352,33,3074
25807,2005,6.2997,19,3016
25807,2006,9.4054,28,2977
25807,2007,9.8505,29,2944
25807,2008,9.003,27,2999
25807,2009,5.6875,17,2989
25807,2010,6.847,20,2921
25807,2011,6.8966,20,2900
25807,2012,8.1136,24,2958
25807,2013,11.022,33,2994
25807,2014,8.6985,27,3104
25807,2015,6.4809,20,3086
25815,1998,6.1435,93,15138
25815,1999,8.3535,124,14844
25815,2000,9.7548,142,14557
25815,2001,8.7823,126,14347
25815,2002,8.1301,115,14145
25815,2003,8.4479,118,13968
25815,2004,7.894,109,13808
25815,2005,8.9696,123,13713
25815,2006,8.2857,113,13638
25815,2007,8.0194,109,13592
25815,2008,7.9388,108,13604
25815,2009,7.1067,97,13649
25815,2010,8.8954,122,13715
25815,2011,10.1229,140,13830
25815,2012,9.0585,127,14020
25815,2013,8.541,121,14167
25815,2014,9.2425,133,14390
25815,2015,8.8804,130,14639
25817,1998,2.9402,51,17346
25817,1999,3.7361,67,17933
25817,2000,3.0195,56,18546
25817,2001,3.4936,67,19178
25817,2002,2.573,51,19821
25817,2003,2.7816,57,20492
25817,2004,2.549,54,21185
25817,2005,2.5614,56,21863
25817,2006,2.6476,60,22662
25817,2007,2.5061,59,23543
25817,2008,1.877,46,24507
25817,2009,2.6616,68,25549
25817,2010,2.9224,78,26690
25817,2011,2.4347,68,27929
25817,2012,1.812,53,29250
25817,2013,2.4447,75,30678
25817,2014,1.8024,58,32179
25817,2015,1.8616,63,33841
25823,1998,6.7542,36,5330
25823,1999,2.6913,14,5202
25823,2000,6.141,31,5048
25823,2001,7.5773,37,4883
25823,2002,8.1761,39,4770
25823,2003,6.8522,32,4670
25823,2004,4.8087,22,4575
25823,2005,5.5617,25,4495
25823,2006,5.274,23,4361
25823,2007,11.6523,50,4291
25823,2008,8.9665,38,4238
25823,2009,7.6281,32,4195
25823,2010,5.7859,24,4148
25823,2011,7.2975,30,4111
25823,2012,5.8182,24,4125
25823,2013,7.3064,30,4106
25823,2014,7.1026,29,4083
25823,2015,8.5868,35,4076
25839,1998,5.8373,64,10964
25839,1999,4.7977,51,10630
25839,2000,4.3864,45,10259
25839,2001,6.3183,63,9971
25839,2002,7.2076,70,9712
25839,2003,7.2923,69,9462
25839,2004,8.2807,76,9178
25839,2005,7.9356,71,8947
25839,2006,7.9002,69,8734
25839,2007,7.2498,62,8552
25839,2008,9.636,81,8406
25839,2009,6.0547,50,8258
25839,2010,6.9913,57,8153
25839,2011,9.3191,75,8048
25839,2012,8.7533,70,7997
25839,2013,7.1933,57,7924
25839,2014,8.4518,66,7809
25839,2015,7.2501,56,7724
25841,1998,5.1268,37,7217
25841,1999,5.5406,39,7039
25841,2000,5.6253,39,6933
25841,2001,5.6047,38,6780
25841,2002,5.6784,38,6692
25841,2003,8.5982,56,6513
25841,2004,6.3774,41,6429
25841,2005,5.3687,34,6333
25841,2006,7.1474,45,6296
25841,2007,7.0865,44,6209
25841,2008,7.1151,44,6184
25841,2009,6.483,40,6170
25841,2010,7.772,48,6176
25841,2011,7.566,47,6212
25841,2012,9.1302,57,6243
25841,2013,8.9629,56,6248
25841,2014,7.9264,50,6308
25841,2015,7.8555,50,6365
25843,1998,5.4588,141,25830
25843,1999,6.21,161,25926
25843,2000,6.6697,174,26088
25843,2001,5.0618,133,26275
25843,2002,5.9564,158,26526
25843,2003,5.9275,159,26824
25843,2004,7.6575,208,27163
25843,2005,5.2263,144,27553
25843,2006,6.6315,186,28048
25843,2007,6.1103,175,28640
25843,2008,6.4439,189,29330
25843,2009,5.9419,179,30125
25843,2010,5.5452,172,31018
25843,2011,4.9335,158,32026
25843,2012,5.2554,174,33109
25843,2013,4.8397,166,34300
25843,2014,4.7707,170,35634
25843,2015,5.1011,189,37051
25845,1998,1.8168,12,6605
25845,1999,2.4691,16,6480
25845,2000,6.1215,39,6371
25845,2001,5.4149,34,6279
25845,2002,4.6699,29,6210
25845,2003,6.5285,40,6127
25845,2004,3.4653,21,6060
25845,2005,6.004,36,5996
25845,2006,6.0231,36,5977
25845,2007,6.3652,38,5970
25845,2008,5.1779,31,5987
25845,2009,4.8382,29,5994
25845,2010,2.8136,17,6042
25845,2011,5.0795,31,6103
25845,2012,5.692,35,6149
25845,2013,5.1422,32,6223
25845,2014,5.0433,32,6345
25845,2015,4.6454,30,6458
25851,1998,4.6245,21,4541
25851,1999,7.4358,33,4438
25851,2000,8.7437,38,4346
25851,2001,7.2668,31,4266
25851,2002,10.0167,42,4193
25851,2003,12.1981,50,4099
25851,2004,6.4886,26,4007
25851,2005,9.0316,36,3986
25851,2006,5.3218,21,3946
25851,2007,7.4435,29,3896
25851,2008,8.2305,32,3888
25851,2009,11.8222,46,3891
25851,2010,7.722,30,3885
25851,2011,9.7187,38,3910
25851,2012,4.842,19,3924
25851,2013,7.3195,29,3962
25851,2014,8.5277,34,3987
25851,2015,8.2728,33,3989
25862,1998,7.5695,64,8455
25862,1999,6.6951,55,8215
25862,2000,6.2743,50,7969
25862,2001,8.4291,66,7830
25862,2002,8.0358,61,7591
25862,2003,7.9344,59,7436
25862,2004,7.9605,58,7286
25862,2005,6.4345,46,7149
25862,2006,7.1235,50,7019
25862,2007,6.6407,46,6927
25862,2008,6.4375,44,6835
25862,2009,6.9557,47,6757
25862,2010,5.955,40,6717
25862,2011,7.0086,47,6706
25862,2012,7.8031,52,6664
25862,2013,6.1212,41,6698
25862,2014,7.2007,48,6666
25862,2015,7.6773,51,6643
25867,1998,4.3232,16,3701
25867,1999,4.3764,16,3656
25867,2000,5.2734,19,3603
25867,2001,4.2123,15,3561
25867,2002,4.2373,15,3540
25867,2003,9.9687,35,3511
25867,2004,6.0034,21,3498
25867,2005,8.2952,29,3496
25867,2006,10.5263,37,3515
25867,2007,7.1347,25,3504
25867,2008,6.5082,23,3534
25867,2009,6.4589,23,3561
25867,2010,7.2202,26,3601
25867,2011,6.5431,24,3668
25867,2012,6.7259,25,3717
25867,2013,6.3141,24,3801
25867,2014,6.6976,26,3882
25867,2015,6.0929,24,3939
25871,1998,2.3105,5,2164
25871,1999,6.1524,13,2113
25871,2000,8.8452,18,2035
25871,2001,9.1884,18,1959
25871,2002,7.2879,14,1921
25871,2003,8.547,16,1872
25871,2004,5.4975,10,1819
25871,2005,6.462,12,1857
25871,2006,5.5157,10,1813
25871,2007,3.9841,7,1757
25871,2008,7.5537,13,1721
25871,2009,9.959,17,1707
25871,2010,6.5166,11,1688
25871,2011,4.1322,7,1694
25871,2012,4.7591,8,1681
25871,2013,3.5864,6,1673
25871,2014,5.1517,9,1747
25871,2015,4.6485,8,1721
25873,1998,3.9194,58,14798
25873,1999,6.7109,98,14603
25873,2000,4.6441,67,14427
25873,2001,4.8323,69,14279
25873,2002,6.4306,91,14151
25873,2003,6.4007,90,14061
25873,2004,4.4257,62,14009
25873,2005,5.1672,72,13934
25873,2006,5.0969,71,13930
25873,2007,4.0781,57,13977
25873,2008,5.2639,74,14058
25873,2009,5.0039,71,14189
25873,2010,3.966,57,14372
25873,2011,3.7767,55,14563
25873,2012,4.5221,67,14816
25873,2013,3.7783,57,15086
25873,2014,4.2274,65,15376
25873,2015,4.1335,65,15725
25875,1998,8.0108,166,20722
25875,1999,6.4786,133,20529
25875,2000,7.7063,157,20373
25875,2001,7.0659,143,20238
25875,2002,8.3296,168,20169
25875,2003,7.3497,148,20137
25875,2004,6.4516,130,20150
25875,2005,7.1368,144,20177
25875,2006,7.2971,148,20282
25875,2007,7.6776,157,20449
25875,2008,7.7351,160,20685
25875,2009,7.6721,161,20985
25875,2010,6.7397,144,21366
25875,2011,6.9757,152,21790
25875,2012,7.5336,168,22300
25875,2013,6.7046,153,22820
25875,2014,5.7187,134,23432
25875,2015,8.7436,211,24132
25878,1998,6.8698,99,14411
25878,1999,8.3878,118,14068
25878,2000,8.0023,110,13746
25878,2001,7.4206,100,13476
25878,2002,6.0546,80,13213
25878,2003,8.4008,109,12975
25878,2004,7.2066,92,12766
25878,2005,8.3313,105,12603
25878,2006,7.549,94,12452
25878,2007,7.7752,96,12347
25878,2008,7.332,90,12275
25878,2009,7.671,94,12254
25878,2010,8.0823,99,12249
25878,2011,6.9359,85,12255
25878,2012,8.9264,110,12323
25878,2013,6.9562,86,12363
25878,2014,7.1388,89,12467
25878,2015,7.073,89,12583
25885,1998,5.2242,86,16462
25885,1999,4.8312,77,15938
25885,2000,7.4246,115,15489
25885,2001,7.7627,117,15072
25885,2002,6.9577,102,14660
25885,2003,8.9579,128,14289
25885,2004,8.3208,116,13941
25885,2005,7.1837,98,13642
25885,2006,8.2416,110,13347
25885,2007,7.8596,103,13105
25885,2008,8.0477,104,12923
25885,2009,6.8246,87,12748
25885,2010,6.1964,78,12588
25885,2011,6.8191,85,12465
25885,2012,6.5344,81,12396
25885,2013,7.2399,89,12293
25885,2014,7.7627,95,12238
25885,2015,6.139,75,12217
25898,1998,3.8236,15,3923
25898,1999,4.6476,18,3873
25898,2000,5.2165,20,3834
25898,2001,3.9318,15,3815
25898,2002,3.4437,13,3775
25898,2003,5.6165,21,3739
25898,2004,4.5297,17,3753
25898,2005,5.0667,19,3750
25898,2006,4.0128,15,3738
25898,2007,5.5821,21,3762
25898,2008,7.983,30,3758
25898,2009,6.2811,24,3821
25898,2010,5.673,22,3878
25898,2011,3.0472,12,3938
25898,2012,7.4925,30,4004
25898,2013,3.6792,15,4077
25898,2014,5.5489,23,4145
25898,2015,4.9435,21,4248
25899,1998,4.1803,311,74396
25899,1999,4.0809,306,74984
25899,2000,4.4651,338,75699
25899,2001,5.0539,387,76575
25899,2002,5.1303,398,77579
25899,2003,4.8263,380,78736
25899,2004,4.7848,383,80045
25899,2005,4.9588,404,81471
25899,2006,5.3238,443,83211
25899,2007,4.7394,404,85242
25899,2008,4.5796,401,87563
25899,2009,3.9799,359,90203
25899,2010,4.3888,409,93191
25899,2011,5.0576,488,96489
25899,2012,4.8174,482,100054
25899,2013,4.1936,436,103968
25899,2014,3.9818,431,108243
25899,2015,4.1112,464,112862
27001,1998,6.156,543,88207
27001,1999,4.3454,390,89751
27001,2000,5.601,526,93911
27001,2001,6.0183,591,98200
27001,2002,5.8041,592,101997
27001,2003,5.7399,597,104009
27001,2004,5.7914,615,106192
27001,2005,5.5564,602,108343
27001,2006,5.8376,645,110490
27001,2007,4.9213,554,112573
27001,2008,4.8193,552,114540
27001,2009,5.0742,591,116471
27001,2010,4.5209,535,118339
27001,2011,4.2671,512,119989
27001,2012,4.825,587,121657
27001,2013,4.6356,571,123177
27001,2014,4.8648,606,124568
27001,2015,5.3451,673,125909
27006,1998,2.6862,26,9679
27006,1999,2.2697,22,9693
27006,2000,2.2365,22,9837
27006,2001,4.4843,45,10035
27006,2002,2.7174,28,10304
27006,2003,2.7475,29,10555
27006,2004,1.576,17,10787
27006,2005,1.8927,21,11095
27006,2006,1.3189,15,11373
27006,2007,1.892,22,11628
27006,2008,2.6938,32,11879
27006,2009,3.4611,42,12135
27006,2010,2.4194,30,12400
27006,2011,2.8603,36,12586
27006,2012,3.269,42,12848
27006,2013,3.1432,41,13044
27006,2014,2.6393,35,13261
27006,2015,3.3477,45,13442
27025,1998,1.1537,18,15602
27025,1999,0.886,14,15801
27025,2000,1.2694,20,15756
27025,2001,0.5092,8,15711
27025,2002,0.3104,5,16109
27025,2003,0.2978,5,16791
27025,2004,0.2855,5,17512
27025,2005,0.7104,13,18300
27025,2006,0.682,13,19061
27025,2007,0.5545,11,19836
27025,2008,0.7775,16,20578
27025,2009,1.0303,22,21352
27025,2010,0.9516,21,22069
27025,2011,0.7893,18,22806
27025,2012,0.3827,9,23519
27025,2013,0.8674,21,24210
27025,2014,1.1236,28,24921
27025,2015,1.0542,27,25613
27050,1998,2.3849,10,4193
27050,1999,3.8425,16,4164
27050,2000,3.1041,13,4188
27050,2001,4.496,19,4226
27050,2002,3.4578,15,4338
27050,2003,3.1376,14,4462
27050,2004,3.0668,14,4565
27050,2005,3.1867,15,4707
27050,2006,3.3161,16,4825
27050,2007,3.0303,15,4950
27050,2008,4.1601,21,5048
27050,2009,3.4857,18,5164
27050,2010,2.4724,13,5258
27050,2011,4.2443,23,5419
27050,2012,2.6969,15,5562
27050,2013,2.9856,17,5694
27050,2014,3.1045,18,5798
27050,2015,2.7068,16,5911
27073,1998,1.0925,14,12815
27073,1999,0.38,5,13157
27073,2000,2.2239,18,8094
27073,2001,1.8736,15,8006
27073,2002,1.9763,16,8096
27073,2003,2.2941,19,8282
27073,2004,1.0635,9,8463
27073,2005,2.0752,18,8674
27073,2006,2.6981,24,8895
27073,2007,1.7577,16,9103
27073,2008,1.6122,15,9304
27073,2009,1.0516,10,9509
27073,2010,1.2388,12,9687
27073,2011,2.8283,28,9900
27073,2012,1.2913,13,10067
27073,2013,1.0791,11,10194
27073,2014,4.1518,43,10357
27073,2015,2.4666,26,10541
27075,1998,2.3595,16,6781
27075,1999,2.632,18,6839
27075,2000,1.7204,12,6975
27075,2001,3.5107,25,7121
27075,2002,4.0822,30,7349
27075,2003,1.3224,10,7562
27075,2004,0.7725,6,7767
27075,2005,1.1297,9,7967
27075,2006,2.3276,19,8163
27075,2007,0.9598,8,8335
27075,2008,2.2282,19,8527
27075,2009,2.512,22,8758
27075,2010,2.2314,20,8963
27075,2011,3.0881,28,9067
27075,2012,2.5812,24,9298
27075,2013,3.6838,35,9501
27075,2014,3.7337,36,9642
27075,2015,1.1229,11,9796
27077,1998,0.2393,7,29249
27077,1999,0.9036,15,16600
27077,2000,0.8348,14,16770
27077,2001,0.7708,13,16866
27077,2002,0.4597,8,17403
27077,2003,0.6592,12,18205
27077,2004,0.3164,6,18966
27077,2005,0.5047,10,19814
27077,2006,0.5324,11,20661
27077,2007,0.4659,10,21465
27077,2008,0.985,22,22336
27077,2009,0.5613,13,23159
27077,2010,1.4175,34,23986
27077,2011,0.9286,23,24769
27077,2012,0.8997,23,25565
27077,2013,0.6834,18,26339
27077,2014,0.7012,19,27096
27077,2015,1.1126,31,27862
27099,1998,6.1989,50,8066
27099,1999,2.1058,17,8073
27099,2000,1.2541,10,7974
27099,2001,1.9214,15,7807
27099,2002,2.4075,19,7892
27099,2003,1.7174,14,8152
27099,2004,0.7122,6,8425
27099,2005,1.3757,12,8723
27099,2006,1.9956,18,9020
27099,2007,1.5055,14,9299
27099,2008,0.6262,6,9581
27099,2009,1.5236,15,9845
27099,2010,1.1857,12,10121
27099,2011,1.7296,18,10407
27099,2012,1.5036,16,10641
27099,2013,0.8258,9,10899
27099,2014,0.8086,9,11130
27099,2015,2.6395,30,11366
27135,1998,0.5478,3,5476
27135,1999,2.4209,13,5370
27135,2000,3.5782,19,5310
27135,2001,3.6094,19,5264
27135,2002,0.5614,3,5344
27135,2003,2.2268,12,5389
27135,2004,1.652,9,5448
27135,2005,1.9964,11,5510
27135,2006,0.7147,4,5597
27135,2007,2.4779,14,5650
27135,2008,1.5751,9,5714
27135,2009,2.4272,14,5768
27135,2010,2.2364,13,5813
27135,2011,1.0199,6,5883
27135,2012,1.0104,6,5938
27135,2013,0.3342,2,5985
27135,2014,1.8239,11,6031
27135,2015,2.3045,14,6075
27150,2001,0.711,2,2813
27150,2002,0.2797,1,3575
27150,2003,0.6812,3,4404
27150,2004,0.5705,3,5259
27150,2005,0.4876,3,6153
27150,2006,0.7069,5,7073
27150,2007,0.8751,7,7999
27150,2008,0.5602,5,8926
27150,2009,1.6242,16,9851
27150,2010,1.112,12,10791
27150,2011,1.0234,12,11726
27150,2012,0.6292,8,12714
27150,2013,0.366,5,13661
27150,2014,0.4779,7,14646
27150,2015,0.1925,3,15585
27160,2000,0.1321,1,7571
27160,2001,0.9386,7,7458
27160,2002,1.0811,8,7400
27160,2003,0.4114,3,7293
27160,2004,1.2438,9,7236
27160,2005,0.5597,4,7147
27160,2006,0.9861,7,7099
27160,2007,1.2877,9,6989
27160,2008,1.1625,8,6882
27160,2009,1.765,12,6799
27160,2010,1.4916,10,6704
27160,2011,2.1228,14,6595
27160,2012,2.0056,13,6482
27160,2013,0.4705,3,6376
27160,2014,1.7513,11,6281
27160,2015,1.7971,11,6121
27205,1998,4.0339,71,17601
27205,1999,2.9962,53,17689
27205,2000,3.3057,59,17848
27205,2001,5.5479,52,9373
27205,2002,6.7769,66,9739
27205,2003,4.8392,48,9919
27205,2004,5.3019,54,10185
27205,2005,4.2381,44,10382
27205,2006,4.8077,51,10608
27205,2007,6.0002,65,10833
27205,2008,5.6078,62,11056
27205,2009,4.8858,55,11257
27205,2010,3.8361,44,11470
27205,2011,3.092,36,11643
27205,2012,3.8884,46,11830
27205,2013,3.7369,45,12042
27205,2014,4.1865,51,12182
27205,2015,5.0211,62,12348
27245,1998,8.2905,50,6031
27245,1999,7.996,48,6003
27245,2000,7.3652,44,5974
27245,2001,10.0184,60,5989
27245,2002,5.5747,34,6099
27245,2003,5.9276,37,6242
27245,2004,3.7635,24,6377
27245,2005,4.2781,28,6545
27245,2006,4.1847,28,6691
27245,2007,3.7989,26,6844
27245,2008,5.7364,40,6973
27245,2009,5.1974,37,7119
27245,2010,3.8483,28,7276
27245,2011,4.8524,36,7419
27245,2012,3.719,28,7529
27245,2013,4.4625,34,7619
27245,2014,5.6708,44,7759
27245,2015,3.064,24,7833
27250,1998,0.2866,2,6978
27250,1999,0.5357,4,7467
27250,2000,0.379,3,7916
27250,2001,0.3648,3,8223
27250,2002,0.3426,3,8756
27250,2003,0.1053,1,9496
27250,2005,0.2716,3,11046
27250,2006,0.5904,7,11857
27250,2007,0.7866,10,12713
27250,2008,0.2217,3,13529
27250,2009,0.558,8,14338
27250,2010,0.3294,5,15180
27250,2011,0.3743,6,16031
27250,2012,0.2374,4,16851
27250,2013,0.4532,8,17651
27250,2014,0.3787,7,18484
27250,2015,0.4152,8,19270
27361,1998,4.2082,112,26615
27361,1999,3.6764,120,32641
27361,2000,4.094,137,33464
27361,2001,2.7548,91,33033
27361,2002,2.1224,70,32982
27361,2003,1.9047,63,33076
27361,2004,2.9871,99,33142
27361,2005,2.5594,85,33211
27361,2006,3.366,112,33274
27361,2007,3.3937,113,33297
27361,2008,4.2398,141,33256
27361,2009,3.494,116,33200
27361,2010,2.6592,88,33093
27361,2011,2.6726,88,32927
27361,2012,2.7809,91,32723
27361,2013,2.5839,84,32509
27361,2014,3.3194,107,32235
27361,2015,2.6331,84,31901
27372,1998,0.2775,1,3603
27372,1999,0.5469,2,3657
27372,2000,0.2636,1,3794
27372,2001,0.2564,1,3900
27372,2002,0.4943,2,4046
27372,2004,0.9206,4,4345
27372,2006,0.2099,1,4765
27372,2007,2.0425,10,4896
27372,2008,2.3599,12,5085
27372,2009,0.9531,5,5246
27372,2010,0.9251,5,5405
27372,2011,0.5362,3,5595
27372,2012,2.4335,14,5753
27372,2013,1.3473,8,5938
27372,2014,1.6493,10,6063
27372,2015,1.1256,7,6219
27413,1998,2.4231,26,10730
27413,1999,1.5639,17,10870
27413,2000,2.39,22,9205
27413,2001,2.908,26,8941
27413,2002,1.563,14,8957
27413,2003,2.2217,20,9002
27413,2004,1.4251,13,9122
27413,2005,2.9332,27,9205
27413,2006,1.9353,18,9301
27413,2007,1.9143,18,9403
27413,2008,2.4277,23,9474
27413,2009,2.5147,24,9544
27413,2010,1.7727,17,9590
27413,2011,1.2411,12,9669
27413,2012,3.1936,31,9707
27413,2013,1.2337,12,9727
27413,2014,3.2753,32,9770
27413,2015,2.7487,27,9823
27425,1999,0.7321,1,1366
27425,2000,2.2818,4,1753
27425,2001,7.6118,16,2102
27425,2002,3.5644,9,2525
27425,2003,1.3619,4,2937
27425,2004,3.8023,13,3419
27425,2005,3.0817,12,3894
27425,2006,2.2538,10,4437
27425,2007,2.0346,10,4915
27425,2008,0.7352,4,5441
27425,2009,2.1904,13,5935
27425,2010,1.3925,9,6463
27425,2011,1.8603,13,6988
27425,2012,1.8592,14,7530
27425,2013,1.7342,14,8073
27425,2014,1.3942,12,8607
27425,2015,1.6505,15,9088
27430,1999,0.0896,1,11155
27430,2000,0.1842,2,10856
27430,2001,0.3784,4,10570
27430,2002,0.1888,2,10596
27430,2003,0.5502,6,10905
27430,2004,0.358,4,11173
27430,2005,0.8673,10,11530
27430,2006,0.1683,2,11881
27430,2007,0.8204,10,12189
27430,2008,1.0403,13,12496
27430,2009,0.9383,12,12789
27430,2010,1.1447,15,13104
27430,2011,0.6705,9,13423
27430,2012,1.2421,17,13686
27430,2013,1.075,15,13953
27430,2014,0.6334,9,14208
27430,2015,0.9036,13,14387
27450,2001,3.2818,28,8532
27450,2002,2.2026,19,8626
27450,2003,3.0745,27,8782
27450,2004,4.2534,38,8934
27450,2005,4.0749,37,9080
27450,2006,3.5823,33,9212
27450,2007,4.0577,38,9365
27450,2008,5.4737,52,9500
27450,2009,4.0214,39,9698
27450,2010,3.1649,31,9795
27450,2011,3.4278,34,9919
27450,2012,2.1998,22,10001
27450,2013,1.9759,20,10122
27450,2014,1.0793,11,10192
27450,2015,2.2391,23,10272
27491,1998,2.1981,17,7734
27491,1999,0.6562,5,7620
27491,2000,1.6028,12,7487
27491,2001,2.4324,17,6989
27491,2002,1.8408,13,7062
27491,2003,1.3845,10,7223
27491,2004,0.8129,6,7381
27491,2005,0.6651,5,7518
27491,2006,0.9123,7,7673
27491,2007,0.8916,7,7851
27491,2008,1.374,11,8006
27491,2009,1.4782,12,8118
27491,2010,2.303,19,8250
27491,2011,2.846,24,8433
27491,2012,1.4106,12,8507
27491,2013,2.6608,23,8644
27491,2014,1.721,15,8716
27491,2015,2.2487,20,8894
27495,1998,1.918,16,8342
27495,1999,1.4098,12,8512
27495,2000,0.8093,7,8649
27495,2001,0.9177,8,8717
27495,2002,1.1132,10,8983
27495,2003,0.9555,9,9419
27495,2004,2.0278,20,9863
27495,2005,0.6799,7,10296
27495,2006,0.5565,6,10782
27495,2007,1.5098,17,11260
27495,2008,1.7059,20,11724
27495,2009,0.6569,8,12178
27495,2010,1.1855,15,12653
27495,2011,0.6105,8,13103
27495,2012,0.1476,2,13548
27495,2013,0.214,3,14017
27495,2014,0.2075,3,14461
27495,2015,0.269,4,14871
27580,2001,0.9894,9,9096
27580,2002,0.2279,2,8774
27580,2003,0.4621,4,8657
27580,2004,0.4715,4,8483
27580,2005,1.4449,12,8305
27580,2006,0.613,5,8157
27580,2007,0.6258,5,7990
27580,2008,1.4063,11,7822
27580,2009,1.182,9,7614
27580,2010,0.8095,6,7412
27580,2011,1.662,12,7220
27580,2012,0.2876,2,6954
27580,2013,1.9435,13,6689
27580,2014,1.5359,10,6511
27580,2015,0.6395,4,6255
27600,1999,11.6525,11,944
27600,2000,9.397,12,1277
27600,2001,11.9422,19,1591
27600,2002,10.8167,20,1849
27600,2003,6.2668,14,2234
27600,2004,9.5166,25,2627
27600,2005,5.5646,17,3055
27600,2006,2.6432,9,3405
27600,2007,4.4444,17,3825
27600,2008,3.0842,13,4215
27600,2009,4.5632,21,4602
27600,2010,3.4041,17,4994
27600,2011,2.9256,16,5469
27600,2012,2.396,14,5843
27600,2013,3.8357,24,6257
27600,2014,2.5552,17,6653
27600,2015,3.2633,23,7048
27615,1998,0.3703,9,24306
27615,1999,0.5367,13,24224
27615,2000,0.5782,14,24215
27615,2001,0.9696,20,20627
27615,2002,0.358,8,22345
27615,2003,0.6209,15,24157
27615,2004,1.0378,27,26016
27615,2005,1.0727,30,27966
27615,2006,1.4697,44,29939
27615,2007,1.0025,32,31919
27615,2008,1.4149,48,33924
27615,2009,1.1409,41,35937
27615,2010,1.16,44,37932
27615,2011,1.1524,46,39917
27615,2012,1.1456,48,41901
27615,2013,1.0259,45,43866
27615,2014,0.7198,33,45846
27615,2015,1.13,54,47786
27660,1998,4.53,24,5298
27660,1999,3.4682,18,5190
27660,2000,3.1904,16,5015
27660,2001,3.2713,16,4891
27660,2002,3.2888,16,4865
27660,2003,5.7225,28,4893
27660,2004,3.2507,16,4922
27660,2005,4.4373,22,4958
27660,2006,3.8137,19,4982
27660,2007,3.5971,18,5004
27660,2008,3.5707,18,5041
27660,2009,4.5392,23,5067
27660,2010,3.92,20,5102
27660,2011,3.752,19,5064
27660,2012,5.0911,26,5107
27660,2013,4.693,24,5114
27660,2014,4.705,24,5101
27660,2015,4.3011,22,5115
27745,1998,2.8854,7,2426
27745,2000,1.2761,3,2351
27745,2001,0.8909,2,2245
27745,2002,4.4643,10,2240
27745,2003,0.8518,2,2348
27745,2004,2.0593,5,2428
27745,2005,3.2336,8,2474
27745,2006,2.4029,6,2497
27745,2007,0.3857,1,2593
27745,2008,2.259,6,2656
27745,2009,0.7364,2,2716
27745,2010,2.1914,6,2738
27745,2011,1.773,5,2820
27745,2012,5.2065,15,2881
27745,2013,1.6984,5,2944
27745,2014,1.3293,4,3009
27745,2015,1.6313,5,3065
27787,1998,6.2818,121,19262
27787,1999,4.8107,93,19332
27787,2000,6.3212,91,14396
27787,2001,4.6848,59,12594
27787,2002,7.0699,92,13013
27787,2003,5.6882,76,13361
27787,2004,4.2994,59,13723
27787,2005,3.906,55,14081
27787,2006,6.4373,93,14447
27787,2007,5.2034,77,14798
27787,2008,6.0602,92,15181
27787,2009,5.4772,85,15519
27787,2010,4.7414,75,15818
27787,2011,5.7072,92,16120
27787,2012,4.0119,66,16451
27787,2013,2.4501,41,16734
27787,2014,3.947,67,16975
27787,2015,3.7551,65,17310
27800,1998,1.393,14,10050
27800,1999,1.604,16,9975
27800,2000,1.2105,12,9913
27800,2001,1.5176,15,9884
27800,2002,1.1989,12,10009
27800,2003,1.2731,13,10211
27800,2004,0.9588,10,10430
27800,2005,0.3753,4,10659
27800,2006,1.1983,13,10849
27800,2007,2.1633,24,11094
27800,2008,2.8329,32,11296
27800,2009,2.0058,23,11467
27800,2010,3.6017,42,11661
27800,2011,2.3657,28,11836
27800,2012,2.2468,27,12017
27800,2013,3.0463,37,12146
27800,2014,1.7107,21,12276
27800,2015,2.3359,29,12415
27810,2000,1.5442,12,7771
27810,2001,2.1139,16,7569
27810,2002,1.5905,12,7545
27810,2003,0.9351,7,7486
27810,2004,1.6019,12,7491
27810,2005,3.0585,23,7520
27810,2006,1.0711,8,7469
27810,2007,1.7424,13,7461
27810,2008,1.8807,14,7444
27810,2009,2.9734,22,7399
27810,2010,2.9786,22,7386
27810,2011,3.1318,23,7344
27810,2012,2.0602,15,7281
27810,2013,1.3864,10,7213
27810,2014,2.2325,16,7167
27810,2015,1.9666,14,7119
41001,1998,4.5604,1274,279359
41001,1999,4.9034,1391,283683
41001,2000,4.6229,1331,287912
41001,2001,4.9341,1441,292050
41001,2002,5.0163,1485,296036
41001,2003,5.0456,1513,299865
41001,2004,4.9764,1511,303633
41001,2005,4.9485,1521,307365
41001,2006,5.0879,1583,311129
41001,2007,5.4111,1704,314910
41001,2008,5.3348,1700,318661
41001,2009,5.5669,1795,322439
41001,2010,5.2174,1702,326219
41001,2011,5.1572,1702,330022
41001,2012,5.4178,1808,333717
41001,2013,5.1059,1723,337452
41001,2014,5.486,1872,341232
41001,2015,6.2568,2159,345066
41006,1998,3.1131,57,18310
41006,1999,4.5018,84,18659
41006,2000,4.902,93,18972
41006,2001,5.6025,108,19277
41006,2002,4.4336,87,19623
41006,2003,5.927,118,19909
41006,2004,2.966,60,20229
41006,2005,4.0393,83,20548
41006,2006,4.6989,98,20856
41006,2007,5.1471,109,21177
41006,2008,4.3727,94,21497
41006,2009,4.2592,93,21835
41006,2010,3.4343,76,22130
41006,2011,3.2505,73,22458
41006,2012,4.6952,107,22789
41006,2013,5.0667,117,23092
41006,2014,4.1465,97,23393
41006,2015,5.0563,120,23733
41013,1998,4.9086,36,7334
41013,1999,5.6695,42,7408
41013,2000,5.8761,44,7488
41013,2001,6.585,50,7593
41013,2002,6.5377,50,7648
41013,2003,7.5237,58,7709
41013,2004,3.4602,27,7803
41013,2005,6.7361,53,7868
41013,2006,4.9323,39,7907
41013,2007,4.5124,36,7978
41013,2008,5.579,45,8066
41013,2009,7.2171,59,8175
41013,2010,4.615,38,8234
41013,2011,5.1857,43,8292
41013,2012,4.0433,34,8409
41013,2013,6.1473,52,8459
41013,2014,5.8921,50,8486
41013,2015,6.3114,54,8556
41016,1998,3.1842,39,12248
41016,1999,5.3677,67,12482
41016,2000,4.0961,52,12695
41016,2001,4.4916,58,12913
41016,2002,5.8068,76,13088
41016,2003,5.6404,75,13297
41016,2004,3.928,53,13493
41016,2005,4.8281,66,13670
41016,2006,6.0597,84,13862
41016,2007,4.5578,64,14042
41016,2008,5.6922,81,14230
41016,2009,4.7137,68,14426
41016,2010,6.0311,88,14591
41016,2011,4.6024,68,14775
41016,2012,5.2062,78,14982
41016,2013,4.8691,74,15198
41016,2014,5.5202,85,15398
41016,2015,5.5033,86,15627
41020,1998,6.2744,127,20241
41020,1999,6.5318,133,20362
41020,2000,6.4453,132,20480
41020,2001,8.2091,169,20587
41020,2002,8.2138,170,20697
41020,2003,6.0967,127,20831
41020,2004,6.2605,131,20925
41020,2005,5.4213,114,21028
41020,2006,6.5304,138,21132
41020,2007,5.6885,121,21271
41020,2008,5.1018,109,21365
41020,2009,4.8483,104,21451
41020,2010,5.8854,127,21579
41020,2011,4.198,91,21677
41020,2012,4.5438,99,21788
41020,2013,4.4234,97,21929
41020,2014,4.3178,95,22002
41020,2015,4.4734,99,22131
41026,1998,4.5317,15,3310
41026,1999,5.043,17,3371
41026,2000,4.6444,16,3445
41026,2001,4.0069,14,3494
41026,2002,6.5082,23,3534
41026,2003,6.7133,24,3575
41026,2004,3.027,11,3634
41026,2005,3.822,14,3663
41026,2006,5.3677,20,3726
41026,2007,5.5438,21,3788
41026,2008,4.4819,17,3793
41026,2009,4.9261,19,3857
41026,2010,4.557,18,3950
41026,2011,4.5685,18,3940
41026,2012,3.0457,12,3940
41026,2013,4.5135,18,3988
41026,2014,3.4602,14,4046
41026,2015,3.9043,16,4098
41078,1998,4.6506,38,8171
41078,1999,5.9727,49,8204
41078,2000,5.2318,43,8219
41078,2001,5.3829,44,8174
41078,2002,7.6726,63,8211
41078,2003,5.6221,46,8182
41078,2004,5.3856,44,8170
41078,2005,5.8274,48,8237
41078,2006,6.065,50,8244
41078,2007,4.2347,35,8265
41078,2008,4.0029,33,8244
41078,2009,4.4832,37,8253
41078,2010,3.9865,33,8278
41078,2011,4.9595,41,8267
41078,2012,4.2286,35,8277
41078,2013,4.8315,40,8279
41078,2014,5.0768,42,8273
41078,2015,4.7147,39,8272
41132,1998,6.5601,185,28201
41132,1999,6.17,175,28363
41132,2000,6.2818,179,28495
41132,2001,6.6983,192,28664
41132,2002,5.6901,164,28822
41132,2003,6.5238,189,28971
41132,2004,4.9525,144,29076
41132,2005,6.265,183,29210
41132,2006,5.0732,149,29370
41132,2007,5.0197,148,29484
41132,2008,5.4708,162,29612
41132,2009,5.2754,157,29761
41132,2010,5.7193,171,29899
41132,2011,5.4599,164,30037
41132,2012,5.6038,169,30158
41132,2013,6.5774,199,30255
41132,2014,6.3131,192,30413
41132,2015,6.5417,200,30573
41206,1998,4.7313,42,8877
41206,1999,4.5362,40,8818
41206,2000,5.9695,52,8711
41206,2001,4.5254,39,8618
41206,2002,4.2224,36,8526
41206,2003,5.5516,47,8466
41206,2004,3.6852,31,8412
41206,2005,2.8739,24,8351
41206,2006,4.7198,39,8263
41206,2007,3.5627,29,8140
41206,2008,6.0953,49,8039
41206,2009,4.6331,37,7986
41206,2010,3.6755,29,7890
41206,2011,4.7412,37,7804
41206,2012,4.1564,32,7699
41206,2013,4.712,36,7640
41206,2014,4.7613,36,7561
41206,2015,5.8472,44,7525
41244,1998,4.7662,16,3357
41244,1999,2.9206,10,3424
41244,2000,5.4755,19,3470
41244,2001,4.2918,15,3495
41244,2002,4.8145,17,3531
41244,2003,3.6455,13,3566
41244,2004,4.4482,16,3597
41244,2005,3.8388,14,3647
41244,2006,5.1729,19,3673
41244,2007,4.0075,15,3743
41244,2008,5.8871,22,3737
41244,2009,5.0185,19,3786
41244,2010,2.0785,8,3849
41244,2011,4.1344,16,3870
41244,2012,1.524,6,3937
41244,2013,2.7583,11,3988
41244,2014,7.723,31,4014
41244,2015,3.2226,13,4034
41298,1998,5.7468,312,54291
41298,1999,5.1393,284,55260
41298,2000,4.7505,267,56205
41298,2001,5.1626,295,57142
41298,2002,4.8921,284,58053
41298,2003,5.3953,318,58940
41298,2004,4.8814,292,59819
41298,2005,4.5652,277,60676
41298,2006,4.2065,259,61572
41298,2007,4.7888,299,62437
41298,2008,4.3897,278,63330
41298,2009,4.1586,267,64204
41298,2010,4.3781,285,65096
41298,2011,4.4114,291,65965
41298,2012,4.5467,304,66861
41298,2013,4.8575,329,67731
41298,2014,4.1366,284,68655
41298,2015,4.976,346,69534
41306,1998,6.5014,144,22149
41306,1999,6.3317,141,22269
41306,2000,5.4476,122,22395
41306,2001,6.0781,137,22540
41306,2002,5.7773,131,22675
41306,2003,6.2371,142,22767
41306,2004,5.9381,136,22903
41306,2005,5.1714,119,23011
41306,2006,6.187,143,23113
41306,2007,5.1218,119,23234
41306,2008,4.7131,110,23339
41306,2009,4.1722,98,23489
41306,2010,5.7259,135,23577
41306,2011,5.3174,126,23696
41306,2012,5.5791,133,23839
41306,2013,5.932,142,23938
41306,2014,5.1915,125,24078
41306,2015,5.5324,134,24221
41319,1998,5.2113,72,13816
41319,1999,4.3488,61,14027
41319,2000,3.9986,57,14255
41319,2001,4.8534,70,14423
41319,2002,4.8574,71,14617
41319,2003,5.1964,77,14818
41319,2004,3.8566,58,15039
41319,2005,4.6074,70,15193
41319,2006,5.7154,88,15397
41319,2007,6.0156,94,15626
41319,2008,5.0534,80,15831
41319,2009,4.8774,78,15992
41319,2010,4.0101,65,16209
41319,2011,3.9478,65,16465
41319,2012,4.2568,71,16679
41319,2013,4.1531,70,16855
41319,2014,4.3991,75,17049
41319,2015,4.8281,83,17191
41349,1998,4.8015,30,6248
41349,1999,7.6058,48,6311
41349,2000,4.2466,27,6358
41349,2001,5.3026,34,6412
41349,2002,4.9322,32,6488
41349,2003,5.0412,33,6546
41349,2004,4.542,30,6605
41349,2005,5.716,38,6648
41349,2006,5.249,35,6668
41349,2007,6.6815,45,6735
41349,2008,5.8875,40,6794
41349,2009,4.2391,29,6841
41349,2010,6.3953,44,6880
41349,2011,6.9095,48,6947
41349,2012,5.9914,42,7010
41349,2013,4.1059,29,7063
41349,2014,6.3443,45,7093
41349,2015,5.928,42,7085
41357,1998,5.8222,45,7729
41357,1999,7.2732,57,7837
41357,2000,4.5437,36,7923
41357,2001,4.5039,36,7993
41357,2002,4.8568,39,8030
41357,2003,7.3992,60,8109
41357,2004,3.8953,32,8215
41357,2005,6.5288,54,8271
41357,2006,4.6729,39,8346
41357,2007,4.5152,38,8416
41357,2008,5.2947,45,8499
41357,2009,6.0847,52,8546
41357,2010,4.528,39,8613
41357,2011,4.0341,35,8676
41357,2012,3.2117,28,8718
41357,2013,4.5553,40,8781
41357,2014,5.0676,45,8880
41357,2015,4.5677,41,8976
41359,1998,5.336,101,18928
41359,1999,2.9637,57,19233
41359,2000,4.6474,91,19581
41359,2001,4.0742,81,19881
41359,2002,4.8942,99,20228
41359,2003,5.0192,103,20521
41359,2004,3.9344,82,20842
41359,2005,5.4464,115,21115
41359,2006,4.1507,89,21442
41359,2007,4.1822,91,21759
41359,2008,4.5323,100,22064
41359,2009,5.0132,112,22341
41359,2010,4.1956,95,22643
41359,2011,3.4414,79,22956
41359,2012,5.3761,125,23251
41359,2013,4.1557,98,23582
41359,2014,4.5588,109,23910
41359,2015,4.4226,107,24194
41378,1998,4.2103,39,9263
41378,1999,4.025,38,9441
41378,2000,4.5681,44,9632
41378,2001,3.7744,37,9803
41378,2002,4.8135,48,9972
41378,2003,4.1249,42,10182
41378,2004,2.9033,30,10333
41378,2005,2.852,30,10519
41378,2006,4.0093,43,10725
41378,2007,4.6755,51,10908
41378,2008,4.5118,50,11082
41378,2009,4.4448,50,11249
41378,2010,3.9329,45,11442
41378,2011,3.873,45,11619
41378,2012,3.5666,42,11776
41378,2013,4.3544,52,11942
41378,2014,4.2243,51,12073
41378,2015,4.827,59,12223
41396,1998,4.8071,219,45558
41396,1999,3.4945,162,46358
41396,2000,4.6621,220,47189
41396,2001,4.7779,229,47929
41396,2002,3.7569,183,48711
41396,2003,3.334,165,49490
41396,2004,2.8853,145,50255
41396,2005,3.4316,175,50997
41396,2006,3.983,206,51720
41396,2007,3.9632,208,52483
41396,2008,2.8737,153,53242
41396,2009,3.4051,184,54037
41396,2010,3.5764,196,54803
41396,2011,3.9437,219,55532
41396,2012,3.2506,183,56298
41396,2013,3.1545,180,57062
41396,2014,3.6827,213,57838
41396,2015,4.3332,254,58617
41483,1998,3.2258,17,5270
41483,1999,6.9536,37,5321
41483,2000,5.761,31,5381
41483,2001,5.1404,28,5447
41483,2002,4.7144,26,5515
41483,2003,4.4851,25,5574
41483,2004,2.6648,15,5629
41483,2005,4.2291,24,5675
41483,2006,3.317,19,5728
41483,2007,4.652,27,5804
41483,2008,4.4559,26,5835
41483,2009,4.424,26,5877
41483,2010,4.5631,27,5917
41483,2011,6.1462,37,6020
41483,2012,4.6266,28,6052
41483,2013,4.4219,27,6106
41483,2014,2.2687,14,6171
41483,2015,3.9994,25,6251
41503,1998,3.2136,28,8713
41503,1999,3.8301,34,8877
41503,2000,4.554,41,9003
41503,2001,4.1575,38,9140
41503,2002,5.3868,50,9282
41503,2003,4.4539,42,9430
41503,2004,3.3392,32,9583
41503,2005,4.7565,46,9671
41503,2006,4.0593,40,9854
41503,2007,2.6042,26,9984
41503,2008,2.6604,27,10149
41503,2009,3.4017,35,10289
41503,2010,3.4529,36,10426
41503,2011,4.6415,49,10557
41503,2012,3.7425,40,10688
41503,2013,4.345,47,10817
41503,2014,3.0926,34,10994
41503,2015,4.0348,45,11153
41518,1998,3.2838,17,5177
41518,1999,3.2523,17,5227
41518,2000,3.5849,19,5300
41518,2001,3.5336,19,5377
41518,2002,4.9423,27,5463
41518,2003,5.4279,30,5527
41518,2004,4.2682,24,5623
41518,2005,4.7644,27,5667
41518,2006,4.0245,23,5715
41518,2007,3.8029,22,5785
41518,2008,4.7839,28,5853
41518,2009,3.3875,20,5904
41518,2010,3.8552,23,5966
41518,2011,4.9456,30,6066
41518,2012,3.4235,21,6134
41518,2013,4.5161,28,6200
41518,2014,3.1761,20,6297
41518,2015,4.0842,26,6366
41524,1998,3.9698,80,20152
41524,1999,4.7863,98,20475
41524,2000,4.7118,98,20799
41524,2001,5.545,117,21100
41524,2002,4.3911,94,21407
41524,2003,4.8314,105,21733
41524,2004,3.7249,82,22014
41524,2005,5.1523,115,22320
41524,2006,4.9501,112,22626
41524,2007,4.8486,111,22893
41524,2008,5.1726,120,23199
41524,2009,4.6793,110,23508
41524,2010,5.3732,128,23822
41524,2011,4.6406,112,24135
41524,2012,5.0418,123,24396
41524,2013,4.6016,114,24774
41524,2014,3.9901,100,25062
41524,2015,5.1292,130,25345
41530,1998,4.8695,39,8009
41530,1999,6.7402,55,8160
41530,2000,4.5723,38,8311
41530,2001,5.0767,43,8470
41530,2002,4.9797,43,8635
41530,2003,5.5713,49,8795
41530,2004,4.2449,38,8952
41530,2005,4.645,42,9042
41530,2006,4.2226,39,9236
41530,2007,4.7847,45,9405
41530,2008,3.3459,32,9564
41530,2009,3.1988,31,9691
41530,2010,3.144,31,9860
41530,2011,2.7989,28,10004
41530,2012,2.7518,28,10175
41530,2013,2.7158,28,10310
41530,2014,5.0703,53,10453
41530,2015,3.3828,36,10642
41548,1998,4.8999,57,11633
41548,1999,5.451,64,11741
41548,2000,3.873,46,11877
41548,2001,5.0897,61,11985
41548,2002,4.1422,50,12071
41548,2003,6.7263,82,12191
41548,2004,3.4177,42,12289
41548,2005,4.2873,53,12362
41548,2006,5.2133,65,12468
41548,2007,5.7252,72,12576
41548,2008,4.8066,61,12691
41548,2009,4.8468,62,12792
41548,2010,4.8103,62,12889
41548,2011,5.1594,67,12986
41548,2012,3.2832,43,13097
41548,2013,3.1927,42,13155
41548,2014,3.6199,48,13260
41548,2015,3.5923,48,13362
41551,1998,5.4429,447,82126
41551,1999,5.5016,464,84339
41551,2000,5.4548,472,86530
41551,2001,6.0648,538,88708
41551,2002,5.7237,520,90851
41551,2003,5.8856,547,92938
41551,2004,4.9042,466,95021
41551,2005,5.5107,535,97084
41551,2006,5.2644,522,99157
41551,2007,5.6809,575,101217
41551,2008,4.7241,488,103301
41551,2009,4.7068,496,105379
41551,2010,4.8759,524,107467
41551,2011,5.029,551,109564
41551,2012,4.8918,546,111616
41551,2013,4.8917,556,113663
41551,2014,4.8895,566,115759
41551,2015,4.8271,569,117876
41615,1998,3.3113,55,16610
41615,1999,3.5228,60,17032
41615,2000,4.3032,75,17429
41615,2001,5.1659,92,17809
41615,2002,3.8445,70,18208
41615,2003,4.3546,81,18601
41615,2004,3.7931,72,18982
41615,2005,4.3948,85,19341
41615,2006,4.6658,92,19718
41615,2007,3.4342,69,20092
41615,2008,4.3,88,20465
41615,2009,3.9306,82,20862
41615,2010,4.5675,97,21237
41615,2011,4.3923,95,21629
41615,2012,4.0394,89,22033
41615,2013,5.2288,117,22376
41615,2014,4.7491,108,22741
41615,2015,4.4938,104,23143
41660,1998,3.5154,30,8534
41660,1999,3.4827,30,8614
41660,2000,5.0511,44,8711
41660,2001,5.4416,48,8821
41660,2002,4.2649,38,8910
41660,2003,5.1037,46,9013
41660,2004,3.8474,35,9097
41660,2005,4.0283,37,9185
41660,2006,3.458,32,9254
41660,2007,3.7369,35,9366
41660,2008,4.7468,45,9480
41660,2009,4.1819,40,9565
41660,2010,4.874,47,9643
41660,2011,2.7778,27,9720
41660,2012,5.0875,50,9828
41660,2013,5.546,55,9917
41660,2014,4.6018,46,9996
41660,2015,4.7356,48,10136
41668,1998,5.347,138,25809
41668,1999,5.2324,137,26183
41668,2000,5.4978,146,26556
41668,2001,4.9422,133,26911
41668,2002,5.8664,160,27274
41668,2003,6.1878,171,27635
41668,2004,4.3954,123,27984
41668,2005,4.7644,135,28335
41668,2006,4.6015,132,28686
41668,2007,5.2726,153,29018
41668,2008,4.9368,145,29371
41668,2009,4.5065,134,29735
41668,2010,4.6849,141,30097
41668,2011,4.3363,132,30441
41668,2012,4.6398,143,30820
41668,2013,4.3358,135,31136
41668,2014,4.4425,140,31514
41668,2015,5.765,184,31917
41676,1998,3.1542,29,9194
41676,1999,4.6296,43,9288
41676,2000,4.2744,40,9358
41676,2001,4.7654,45,9443
41676,2002,3.8997,37,9488
41676,2003,4.6204,44,9523
41676,2004,3.4472,33,9573
41676,2005,3.013,29,9625
41676,2006,3.1969,31,9697
41676,2007,4.6987,46,9790
41676,2008,4.4743,44,9834
41676,2009,3.4451,34,9869
41676,2010,3.4281,34,9918
41676,2011,2.5058,25,9977
41676,2012,3.0954,31,10015
41676,2013,3.6721,37,10076
41676,2014,4.744,48,10118
41676,2015,4.914,50,10175
41770,1998,3.9688,54,13606
41770,1999,4.208,59,14021
41770,2000,3.6026,52,14434
41770,2001,4.4486,66,14836
41770,2002,3.937,60,15240
41770,2003,4.7939,75,15645
41770,2004,3.4928,56,16033
41770,2005,3.5243,58,16457
41770,2006,3.0296,51,16834
41770,2007,2.7264,47,17239
41770,2008,4.1926,74,17650
41770,2009,3.4378,62,18035
41770,2010,3.3561,62,18474
41770,2011,3.5459,67,18895
41770,2012,3.1565,61,19325
41770,2013,3.9023,77,19732
41770,2014,3.6264,73,20130
41770,2015,3.2683,67,20500
41791,1998,4.5744,64,13991
41791,1999,5.1535,73,14165
41791,2000,4.9446,71,14359
41791,2001,5.7056,83,14547
41791,2002,4.6255,68,14701
41791,2003,4.8397,72,14877
41791,2004,4.1191,62,15052
41791,2005,3.9409,60,15225
41791,2006,4.2907,66,15382
41791,2007,4.059,63,15521
41791,2008,4.5904,72,15685
41791,2009,4.4111,70,15869
41791,2010,3.5665,57,15982
41791,2011,3.2087,52,16206
41791,2012,4.696,77,16397
41791,2013,3.9874,66,16552
41791,2014,4.3088,72,16710
41791,2015,4.2664,72,16876
41797,1998,5.7203,49,8566
41797,1999,4.9414,43,8702
41797,2000,6.0268,53,8794
41797,2001,4.9472,44,8894
41797,2002,4.9003,44,8979
41797,2003,4.832,44,9106
41797,2004,4.2387,39,9201
41797,2005,5.374,50,9304
41797,2006,5.5167,52,9426
41797,2007,5.2471,50,9529
41797,2008,4.999,48,9602
41797,2009,5.5705,54,9694
41797,2010,5.2953,52,9820
41797,2011,3.7242,37,9935
41797,2012,3.4636,35,10105
41797,2013,5.3916,55,10201
41797,2014,5.2453,54,10295
41797,2015,6.4647,67,10364
41799,1998,1.5032,17,11309
41799,1999,1.5872,18,11341
41799,2000,2.3701,27,11392
41799,2001,3.3278,38,11419
41799,2002,4.5423,52,11448
41799,2003,4.7112,54,11462
41799,2004,3.8288,44,11492
41799,2005,3.8271,44,11497
41799,2006,3.8988,45,11542
41799,2007,3.2866,38,11562
41799,2008,3.281,38,11582
41799,2009,4.8297,56,11595
41799,2010,4.9905,58,11622
41799,2011,4.0423,47,11627
41799,2012,4.3852,51,11630
41799,2013,3.7762,44,11652
41799,2014,3.8491,45,11691
41799,2015,4.6233,54,11680
41801,1998,3.8626,28,7249
41801,1999,6.0052,44,7327
41801,2000,4.9013,36,7345
41801,2001,3.7802,28,7407
41801,2002,4.5668,34,7445
41801,2003,4.5497,34,7473
41801,2004,3.0695,23,7493
41801,2005,4.9406,37,7489
41801,2006,3.4157,26,7612
41801,2007,4.4843,34,7582
41801,2008,4.8544,37,7622
41801,2009,3.7859,29,7660
41801,2010,4.6572,36,7730
41801,2011,5.1381,40,7785
41801,2012,3.1859,25,7847
41801,2013,4.6806,37,7905
41801,2014,4.0573,32,7887
41801,2015,7.5605,60,7936
41807,1998,5.4108,98,18112
41807,1999,6.9961,128,18296
41807,2000,6.0094,111,18471
41807,2001,5.7838,108,18673
41807,2002,6.4174,121,18855
41807,2003,5.3085,101,19026
41807,2004,4.4719,86,19231
41807,2005,4.6917,91,19396
41807,2006,7.0027,137,19564
41807,2007,5.063,100,19751
41807,2008,5.562,111,19957
41807,2009,4.7809,96,20080
41807,2010,4.586,93,20279
41807,2011,4.5912,94,20474
41807,2012,5.4295,112,20628
41807,2013,4.7029,98,20838
41807,2014,4.5658,96,21026
41807,2015,5.0992,108,21180
41872,1998,4.776,34,7119
41872,1999,5.0669,36,7105
41872,2000,5.2186,37,7090
41872,2001,5.629,40,7106
41872,2002,4.4994,32,7112
41872,2003,5.3184,38,7145
41872,2004,4.7786,34,7115
41872,2005,4.6109,33,7157
41872,2006,4.3236,31,7170
41872,2007,4.7301,34,7188
41872,2008,5.4355,39,7175
41872,2009,4.6006,33,7173
41872,2010,5.1712,37,7155
41872,2011,7.1399,51,7143
41872,2012,5.3303,38,7129
41872,2013,3.1962,23,7196
41872,2014,3.8653,28,7244
41872,2015,7.0016,51,7284
41885,1998,4.048,26,6423
41885,1999,3.8598,25,6477
41885,2000,4.7256,31,6560
41885,2001,5.1097,34,6654
41885,2002,4.9268,33,6698
41885,2003,6.8047,46,6760
41885,2004,4.9628,34,6851
41885,2005,7.0871,49,6914
41885,2006,5.6018,39,6962
41885,2007,7.1154,50,7027
41885,2008,6.3488,45,7088
41885,2009,5.8906,42,7130
41885,2010,5.0097,36,7186
41885,2011,4.2723,31,7256
41885,2012,4.4953,33,7341
41885,2013,6.0712,45,7412
41885,2014,7.0922,53,7473
41885,2015,6.3467,48,7563
44001,1998,2.589,340,131326
44001,1999,2.5901,347,133973
44001,2000,3.0769,413,134226
44001,2001,2.6055,354,135869
44001,2002,3.0603,418,136588
44001,2003,2.6265,359,136682
44001,2004,3.5405,484,136704
44001,2005,3.5932,493,137204
44001,2006,3.6619,508,138725
44001,2007,3.7808,533,140977
44001,2008,3.3628,484,143929
44001,2009,3.531,520,147265
44001,2010,3.593,542,150847
44001,2011,3.8825,600,154539
44001,2012,3.657,579,158325
44001,2013,3.3355,541,162196
44001,2014,3.637,604,166070
44001,2015,3.6464,620,170031
44035,2000,0.3825,6,15685
44035,2001,0.8491,14,16488
44035,2002,0.6936,12,17302
44035,2003,0.4958,9,18152
44035,2004,1.113,21,18868
44035,2005,1.2809,25,19517
44035,2006,1.2393,25,20172
44035,2007,1.3932,29,20815
44035,2008,1.0732,23,21432
44035,2009,1.2678,28,22085
44035,2010,1.7162,39,22725
44035,2011,1.1972,28,23388
44035,2012,1.1222,27,24060
44035,2013,1.6173,40,24733
44035,2014,1.4168,36,25409
44035,2015,1.1893,31,26065
44078,1998,2.009,41,20408
44078,1999,3.0427,64,21034
44078,2000,1.2059,26,21560
44078,2001,3.3661,75,22281
44078,2002,1.9556,45,23011
44078,2003,0.4631,11,23755
44078,2004,2.2048,54,24492
44078,2005,2.7774,70,25203
44078,2006,2.8164,73,25920
44078,2007,2.8175,75,26619
44078,2008,2.2672,62,27346
44078,2009,2.8138,79,28076
44078,2010,2.2566,65,28804
44078,2011,1.9987,59,29519
44078,2012,2.3821,72,30225
44078,2013,2.488,77,30949
44078,2014,2.1453,68,31697
44078,2015,2.1612,70,32390
44090,1998,2.6889,30,11157
44090,1999,1.7977,22,12238
44090,2000,2.3383,32,13685
44090,2001,2.9555,45,15226
44090,2002,1.1687,20,17113
44090,2003,1.4085,27,19169
44090,2004,2.2651,48,21191
44090,2005,2.9529,68,23028
44090,2006,2.316,57,24611
44090,2007,2.8069,73,26007
44090,2008,1.9518,53,27155
44090,2009,2.4073,68,28247
44090,2010,2.2566,66,29247
44090,2011,1.2252,37,30198
44090,2012,2.024,63,31127
44090,2013,1.905,61,32021
44090,2014,1.791,59,32942
44090,2015,1.5076,51,33829
44098,1998,1.6397,16,9758
44098,1999,1.6155,16,9904
44098,2000,0.7938,8,10078
44098,2001,1.2562,13,10349
44098,2002,1.5045,16,10635
44098,2003,2.1045,23,10929
44098,2004,1.7827,20,11219
44098,2005,2.2813,26,11397
44098,2006,1.9081,22,11530
44098,2007,2.7508,32,11633
44098,2008,2.9909,35,11702
44098,2009,2.6296,31,11789
44098,2010,2.7808,33,11867
44098,2011,2.5996,31,11925
44098,2012,1.9178,23,11993
44098,2013,2.5707,31,12059
44098,2014,2.2239,27,12141
44098,2015,1.8702,23,12298
44110,1998,3.2214,26,8071
44110,1999,2.115,17,8038
44110,2000,1.7951,14,7799
44110,2001,2.5934,20,7712
44110,2002,2.2676,17,7497
44110,2003,2.3595,17,7205
44110,2004,3.1705,22,6939
44110,2005,5.5249,37,6697
44110,2006,2.4491,16,6533
44110,2007,3.545,23,6488
44110,2008,4.6555,30,6444
44110,2009,4.3458,28,6443
44110,2010,3.5532,23,6473
44110,2011,2.3017,15,6517
44110,2012,2.2859,15,6562
44110,2013,4.2175,28,6639
44110,2014,4.3446,29,6675
44110,2015,1.9168,13,6782
44279,1998,2.4394,90,36894
44279,1999,2.0419,76,37220
44279,2000,2.8069,103,36695
44279,2001,2.737,100,36537
44279,2002,3.2455,117,36050
44279,2003,2.6963,95,35233
44279,2004,3.337,115,34462
44279,2005,3.8123,129,33838
44279,2006,3.3315,112,33618
44279,2007,3.9108,132,33753
44279,2008,2.9898,102,34116
44279,2009,3.1739,110,34658
44279,2010,3.7946,134,35313
44279,2011,1.971,71,36023
44279,2012,2.3956,88,36734
44279,2013,2.4263,91,37505
44279,2014,3.2167,123,38238
44279,2015,3.1475,123,39079
44378,1998,1.2408,16,12895
44378,1999,0.6045,8,13234
44378,2000,1.328,18,13554
44378,2001,1.0065,14,13910
44378,2002,0.6307,9,14270
44378,2003,0.2742,4,14589
44378,2004,1.2106,18,14869
44378,2005,2.3833,36,15105
44378,2006,1.0421,16,15353
44378,2007,2.1132,33,15616
44378,2008,1.7619,28,15892
44378,2009,2.5284,41,16216
44378,2010,1.2696,21,16540
44378,2011,1.4248,24,16845
44378,2012,0.6977,12,17200
44378,2013,1.1962,21,17555
44378,2014,2.0114,36,17898
44378,2015,2.2958,42,18294
44420,1999,1.4472,4,2764
44420,2000,1.4425,4,2773
44420,2001,0.7115,2,2811
44420,2002,2.5418,7,2754
44420,2004,2.2198,6,2703
44420,2005,2.1994,6,2728
44420,2006,0.7286,2,2745
44420,2007,2.5353,7,2761
44420,2008,0.708,2,2825
44420,2009,1.3903,4,2877
44420,2010,2.3907,7,2928
44420,2011,1.6767,5,2982
44420,2012,0.6658,2,3004
44420,2013,2.2801,7,3070
44420,2014,1.9243,6,3118
44420,2015,0.9396,3,3193
44430,1998,1.7699,234,132213
44430,1999,2.5673,344,133993
44430,2000,3.1397,388,123578
44430,2001,3.1439,392,124686
44430,2002,3.1721,397,125155
44430,2003,3.2255,404,125250
44430,2004,2.8864,362,125417
44430,2005,3.1827,401,125992
44430,2006,2.7133,346,127518
44430,2007,2.7766,360,129655
44430,2008,2.6225,347,132319
44430,2009,2.7859,377,135324
44430,2010,2.7797,385,138504
44430,2011,2.6806,380,141759
44430,2012,2.5233,366,145050
44430,2013,2.5615,380,148351
44430,2014,2.6445,401,151637
44430,2015,2.9675,460,155013
44560,1998,0.9258,31,33486
44560,1999,1.0768,38,35290
44560,2000,1.1846,45,37988
44560,2001,0.9773,40,40930
44560,2002,0.673,30,44578
44560,2003,0.6983,34,48691
44560,2004,0.9277,49,52816
44560,2005,0.8852,50,56484
44560,2006,1.1581,69,59582
44560,2007,1.1595,72,62094
44560,2008,1.1203,72,64267
44560,2009,0.9217,61,66181
44560,2010,0.5448,37,67916
44560,2011,0.6613,46,69557
44560,2012,0.5764,41,71131
44560,2013,0.9215,67,72704
44560,2014,0.8892,66,74223
44560,2015,0.9372,71,75761
44650,1998,2.5672,109,42459
44650,1999,3.3751,144,42666
44650,2000,2.6479,112,42297
44650,2001,2.9541,125,42314
44650,2002,4.0092,169,42153
44650,2003,2.7507,115,41807
44650,2004,3.7384,155,41462
44650,2005,3.4753,143,41147
44650,2006,2.9238,120,41043
44650,2007,2.4833,102,41075
44650,2008,3.4629,143,41295
44650,2009,3.5369,147,41562
44650,2010,3.3644,141,41910
44650,2011,4.3275,183,42288
44650,2012,3.3501,143,42685
44650,2013,2.6442,114,43113
44650,2014,3.7641,164,43569
44650,2015,4.3394,191,44015
44847,1998,2.2928,142,61933
44847,1999,1.6317,107,65575
44847,2000,1.5547,111,71395
44847,2001,1.4173,110,77612
44847,2002,0.9115,78,85570
44847,2003,0.7188,68,94606
44847,2004,0.849,88,103653
44847,2005,0.7969,89,111677
44847,2006,0.8459,100,118214
44847,2007,0.7535,93,123425
44847,2008,1.0567,135,127751
44847,2009,1.0497,138,131471
44847,2010,0.8455,114,134825
44847,2011,0.6743,93,137911
44847,2012,0.6601,93,140878
44847,2013,0.6329,91,143784
44847,2014,0.6956,102,146629
44847,2015,0.7624,114,149529
44855,1998,1.4066,20,14219
44855,1999,2.3417,30,12811
44855,2000,2.5545,32,12527
44855,2001,2.3419,29,12383
44855,2002,2.5637,31,12092
44855,2003,2.5493,30,11768
44855,2004,4.0319,46,11409
44855,2005,2.5305,28,11065
44855,2006,3.0533,33,10808
44855,2007,2.4308,26,10696
44855,2008,2.7465,29,10559
44855,2009,2.7603,29,10506
44855,2010,2.7648,29,10489
44855,2011,4.2025,44,10470
44855,2012,2.8692,30,10456
44855,2013,2.2929,24,10467
44855,2014,3.0433,32,10515
44855,2015,3.3251,35,10526
44874,1998,2.5015,73,29183
44874,1999,1.9485,57,29253
44874,2000,2.624,75,28582
44874,2001,3.4464,97,28145
44874,2002,3.5019,96,27414
44874,2003,3.7457,99,26430
44874,2004,3.374,86,25489
44874,2005,3.3285,82,24636
44874,2006,3.2234,78,24198
44874,2007,3.663,88,24024
44874,2008,3.5327,85,24061
44874,2009,3.2999,80,24243
44874,2010,3.7513,92,24525
44874,2011,3.505,87,24822
44874,2012,2.943,74,25144
44874,2013,2.8269,72,25470
44874,2014,2.7845,72,25857
44874,2015,2.701,71,26287
47001,1998,4.1809,1465,350402
47001,1999,4.0802,1441,353165
47001,2000,4.4268,1554,351041
47001,2001,4.3749,1590,363433
47001,2002,4.4659,1658,371261
47001,2003,4.5986,1743,379029
47001,2004,4.1124,1591,386883
47001,2005,4.069,1606,394687
47001,2006,4.3381,1747,402708
47001,2007,4.6926,1927,410646
47001,2008,4.2771,1790,418511
47001,2009,4.4596,1901,426275
47001,2010,4.2704,1853,433916
47001,2011,4.6069,2033,441291
47001,2012,4.8456,2173,448452
47001,2013,4.9262,2244,455526
47001,2014,5.1515,2382,462394
47001,2015,5.0845,2386,469272
47030,1999,0.5524,6,10861
47030,2000,3.1354,34,10844
47030,2001,3.5301,39,11048
47030,2002,4.4271,50,11294
47030,2003,3.2935,38,11538
47030,2004,3.3062,39,11796
47030,2005,2.3233,28,12052
47030,2006,2.8437,35,12308
47030,2007,2.9459,37,12560
47030,2008,3.1243,40,12803
47030,2009,2.5276,33,13056
47030,2010,3.8306,51,13314
47030,2011,2.8717,39,13581
47030,2012,3.4652,48,13852
47030,2013,2.9842,42,14074
47030,2014,3.3621,48,14277
47030,2015,1.93,28,14508
47053,1998,2.8454,86,30224
47053,1999,2.9158,89,30523
47053,2000,3.0942,94,30379
47053,2001,3.2954,101,30649
47053,2002,5.3644,167,31131
47053,2003,4.5869,145,31612
47053,2004,3.8914,125,32122
47053,2005,3.9854,130,32619
47053,2006,3.7699,125,33157
47053,2007,4.0664,137,33691
47053,2008,3.3591,115,34235
47053,2009,4.3725,152,34763
47053,2010,3.4009,120,35285
47053,2011,2.9074,104,35771
47053,2012,2.6471,96,36266
47053,2013,3.13,115,36741
47053,2014,3.4673,129,37205
47053,2015,3.213,121,37659
47058,1998,1.9261,50,25959
47058,1999,2.202,59,26794
47058,2000,1.9625,52,26497
47058,2001,3.3234,88,26479
47058,2002,3.3727,90,26685
47058,2003,3.2344,87,26898
47058,2004,3.6506,99,27119
47058,2005,3.2191,88,27337
47058,2006,2.8655,79,27569
47058,2007,3.2736,91,27798
47058,2008,2.9948,84,28049
47058,2009,3.965,112,28247
47058,2010,3.5515,101,28439
47058,2011,2.1976,63,28668
47058,2012,2.7415,79,28816
47058,2013,2.6907,78,28989
47058,2014,3.09,90,29126
47058,2015,2.7347,80,29254
47161,1998,3.5606,47,13200
47161,1999,7.799,63,8078
47161,2000,3.8755,31,7999
47161,2001,3.7346,30,8033
47161,2002,3.335,27,8096
47161,2003,2.0724,17,8203
47161,2004,4.5822,38,8293
47161,2005,4.997,42,8405
47161,2006,3.524,30,8513
47161,2007,3.4969,30,8579
47161,2008,2.7583,24,8701
47161,2009,4.0793,36,8825
47161,2010,2.9181,26,8910
47161,2011,3.554,32,9004
47161,2012,4.1883,38,9073
47161,2013,3.0508,28,9178
47161,2014,3.1196,29,9296
47161,2015,2.1213,20,9428
47170,1998,0.9555,15,15699
47170,1999,2.4365,33,13544
47170,2000,2.1986,30,13645
47170,2001,1.9234,27,14038
47170,2002,2.0086,29,14438
47170,2003,1.9466,29,14898
47170,2004,1.8304,28,15297
47170,2005,2.2901,36,15720
47170,2006,3.1544,51,16168
47170,2007,2.6457,44,16631
47170,2008,2.8692,49,17078
47170,2009,3.082,54,17521
47170,2010,2.8379,51,17971
47170,2011,2.225,41,18427
47170,2012,1.9624,37,18854
47170,2013,2.6929,52,19310
47170,2014,3.2426,64,19737
47170,2015,2.0867,42,20127
47189,1998,3.9268,568,144648
47189,1999,3.58,524,146370
47189,2000,4.5213,487,107712
47189,2001,4.4805,488,108917
47189,2002,4.4619,489,109595
47189,2003,4.2168,465,110274
47189,2004,4.2532,472,110976
47189,2005,4.4778,500,111663
47189,2006,4.2356,476,112382
47189,2007,4.6501,526,113116
47189,2008,4.3503,495,113785
47189,2009,4.1598,476,114429
47189,2010,3.9038,449,115015
47189,2011,4.1811,483,115521
47189,2012,3.7342,433,115954
47189,2013,4.3146,502,116349
47189,2014,4.6825,546,116604
47189,2015,4.7206,552,116934
47205,1999,3.1015,28,9028
47205,2000,3.4742,31,8923
47205,2001,3.4855,31,8894
47205,2002,2.0118,18,8947
47205,2003,2.659,24,9026
47205,2004,2.8653,26,9074
47205,2005,2.2821,21,9202
47205,2006,4.0878,38,9296
47205,2007,3.6063,34,9428
47205,2008,3.8988,37,9490
47205,2009,4.5757,44,9616
47205,2010,3.0947,30,9694
47205,2011,3.4951,34,9728
47205,2012,3.2666,32,9796
47205,2013,2.937,29,9874
47205,2014,4.1161,41,9961
47205,2015,4.1812,42,10045
47245,1998,2.5555,130,50870
47245,1999,4.0811,209,51212
47245,2000,4.4108,224,50784
47245,2001,5.0975,262,51398
47245,2002,3.6262,189,52120
47245,2003,4.598,243,52849
47245,2004,4.7764,256,53597
47245,2005,3.8056,207,54393
47245,2006,4.1298,228,55209
47245,2007,4.303,241,56008
47245,2008,3.9249,223,56817
47245,2009,4.3203,249,57635
47245,2010,4.1946,245,58409
47245,2011,3.1258,185,59184
47245,2012,4.6061,276,59921
47245,2013,3.7921,230,60652
47245,2014,3.9596,243,61370
47245,2015,3.5122,218,62069
47258,1998,2.8221,47,16654
47258,1999,4.3572,75,17213
47258,2000,4.3623,67,15359
47258,2001,2.7966,43,15376
47258,2002,2.9251,46,15726
47258,2003,3.4828,56,16079
47258,2004,2.6727,44,16463
47258,2005,3.38,57,16864
47258,2006,3.3649,58,17237
47258,2007,3.0057,53,17633
47258,2008,2.4351,44,18069
47258,2009,3.2503,60,18460
47258,2010,1.9615,37,18863
47258,2011,2.7494,53,19277
47258,2012,2.6432,52,19673
47258,2013,2.3959,48,20034
47258,2014,3.7124,76,20472
47258,2015,3.2048,67,20906
47268,1998,2.9425,45,15293
47268,1999,3.051,47,15405
47268,2000,4.3208,66,15275
47268,2001,3.3425,52,15557
47268,2002,3.358,53,15783
47268,2003,3.0577,49,16025
47268,2004,1.9051,31,16272
47268,2005,3.2115,53,16503
47268,2006,4.0633,68,16735
47268,2007,2.8245,48,16994
47268,2008,3.7705,65,17239
47268,2009,4.5754,80,17485
47268,2010,3.0481,54,17716
47268,2011,3.7378,67,17925
47268,2012,2.8127,51,18132
47268,2013,2.9922,55,18381
47268,2014,4.3673,81,18547
47268,2015,3.6835,69,18732
47288,1998,2.1272,114,53592
47288,1999,3.0591,156,50996
47288,2000,3.4906,176,50421
47288,2001,4.8103,249,51764
47288,2002,5.6697,298,52560
47288,2003,5.6957,304,53374
47288,2004,5.0543,274,54211
47288,2005,3.8552,212,54990
47288,2006,4.1011,229,55839
47288,2007,4.2154,239,56697
47288,2008,4.1712,240,57537
47288,2009,4.6589,272,58383
47288,2010,3.8679,229,59205
47288,2011,3.5335,212,59997
47288,2012,3.6703,223,60758
47288,2013,3.7387,230,61519
47288,2014,3.9857,248,62222
47288,2015,4.1781,263,62947
47318,1998,3.7641,82,21785
47318,1999,3.8083,84,22057
47318,2000,3.499,77,22006
47318,2001,4.2377,92,21710
47318,2002,2.4155,53,21942
47318,2003,3.9641,88,22199
47318,2004,3.8751,87,22451
47318,2005,3.9585,90,22736
47318,2006,3.645,84,23045
47318,2007,3.4314,80,23314
47318,2008,4.6673,110,23568
47318,2009,3.7312,89,23853
47318,2010,3.1087,75,24126
47318,2011,3.1556,77,24401
47318,2012,2.9571,73,24686
47318,2013,4.143,103,24861
47318,2014,4.0175,101,25140
47318,2015,3.9758,101,25404
47460,2000,0.0871,1,11482
47460,2001,0.8563,10,11678
47460,2002,0.8264,10,12101
47460,2003,1.1183,14,12519
47460,2004,1.0797,14,12967
47460,2005,2.0892,28,13402
47460,2006,2.3113,32,13845
47460,2007,1.7481,25,14301
47460,2008,2.2376,33,14748
47460,2009,2.4982,38,15211
47460,2010,1.7862,28,15676
47460,2011,2.1094,34,16118
47460,2012,2.2903,38,16592
47460,2013,2.1162,36,17012
47460,2014,1.6014,28,17485
47460,2015,1.8976,34,17917
47541,1998,3.9518,42,10628
47541,1999,5.8003,47,8103
47541,2000,2.5948,18,6937
47541,2001,3.3372,23,6892
47541,2002,3.2932,23,6984
47541,2003,2.2538,16,7099
47541,2004,1.6604,12,7227
47541,2005,1.0883,8,7351
47541,2006,2.0043,15,7484
47541,2007,1.9675,15,7624
47541,2008,2.0566,16,7780
47541,2009,2.2854,18,7876
47541,2010,1.6278,13,7986
47541,2011,2.8318,23,8122
47541,2012,1.6972,14,8249
47541,2013,1.073,9,8388
47541,2014,1.1767,10,8498
47541,2015,2.4277,21,8650
47545,1998,1.205,14,11618
47545,1999,0.43,5,11629
47545,2000,0.4369,5,11444
47545,2001,0.2648,3,11328
47545,2002,0.969,11,11352
47545,2003,1.1466,13,11338
47545,2004,1.0532,12,11394
47545,2005,0.961,11,11447
47545,2006,1.1329,13,11475
47545,2007,1.8205,21,11535
47545,2008,1.378,16,11611
47545,2009,2.4878,29,11657
47545,2010,2.3107,27,11685
47545,2011,1.4501,17,11723
47545,2012,1.4471,17,11748
47545,2013,1.7062,20,11722
47545,2014,0.9328,11,11793
47545,2015,1.6928,20,11815
47551,1998,2.4369,101,41446
47551,1999,4.3813,129,29443
47551,2000,4.204,123,29258
47551,2001,4.0368,119,29479
47551,2002,3.3818,101,29866
47551,2003,4.161,126,30281
47551,2004,3.8459,118,30682
47551,2005,3.7909,118,31127
47551,2006,3.9905,126,31575
47551,2007,4.0889,131,32038
47551,2008,4.2435,138,32520
47551,2009,3.797,125,32921
47551,2010,2.3364,78,33384
47551,2011,3.6119,122,33777
47551,2012,4.3555,149,34210
47551,2013,3.4927,121,34644
47551,2014,3.372,118,34994
47551,2015,4.1833,148,35379
47555,1998,1.7733,108,60905
47555,1999,2.6175,159,60744
47555,2000,2.9485,133,45108
47555,2001,3.8932,180,46235
47555,2002,4.4198,208,47061
47555,2003,4.741,227,47880
47555,2004,4.1671,203,48715
47555,2005,4.4164,219,49588
47555,2006,2.9127,147,50468
47555,2007,3.776,194,51377
47555,2008,3.0234,158,52259
47555,2009,3.3502,178,53131
47555,2010,2.907,157,54008
47555,2011,3.6821,202,54860
47555,2012,3.8955,217,55706
47555,2013,3.6274,205,56515
47555,2014,3.4185,196,57335
47555,2015,4.0103,233,58101
47570,1998,2.0088,37,18419
47570,1999,2.8498,54,18949
47570,2000,2.8175,54,19166
47570,2001,2.4327,47,19320
47570,2002,3.1291,62,19814
47570,2003,1.8674,38,20349
47570,2004,2.7764,58,20890
47570,2005,3.3079,71,21464
47570,2006,3.0846,68,22045
47570,2007,3.3584,76,22630
47570,2008,3.273,76,23220
47570,2009,2.8504,68,23856
47570,2010,3.4766,85,24449
47570,2011,3.1931,80,25054
47570,2012,3.3104,85,25677
47570,2013,3.6931,97,26265
47570,2014,3.1683,85,26828
47570,2015,2.373,65,27391
47605,1998,2.8254,29,10264
47605,1999,1.9474,20,10270
47605,2000,2.3627,24,10158
47605,2001,1.0857,11,10132
47605,2002,0.8802,9,10225
47605,2003,1.3591,14,10301
47605,2004,1.2496,13,10403
47605,2005,3.7363,39,10438
47605,2006,3.5008,37,10569
47605,2007,2.4434,26,10641
47605,2008,2.9873,32,10712
47605,2009,2.7801,30,10791
47605,2010,1.7528,19,10840
47605,2011,1.7391,19,10925
47605,2012,1.9115,21,10986
47605,2013,2.3679,26,10980
47605,2014,1.1757,13,11057
47605,2015,1.5274,17,11130
47660,1999,0.1775,2,11267
47660,2000,0.7948,9,11324
47660,2001,0.533,6,11256
47660,2002,0.6961,8,11493
47660,2003,0.6842,8,11692
47660,2004,0.1675,2,11943
47660,2005,0.6585,8,12148
47660,2006,1.2912,16,12392
47660,2007,1.2664,16,12634
47660,2008,2.0157,26,12899
47660,2009,1.0627,14,13174
47660,2010,1.3383,18,13450
47660,2011,1.3895,19,13674
47660,2012,1.1507,16,13904
47660,2013,1.4137,20,14147
47660,2014,1.6667,24,14400
47660,2015,0.8874,13,14650
47675,1998,4.6582,40,8587
47675,1999,3.3545,29,8645
47675,2000,4.4496,38,8540
47675,2001,4.1696,36,8634
47675,2002,3.3143,29,8750
47675,2003,2.3745,21,8844
47675,2004,3.352,30,8950
47675,2005,2.968,27,9097
47675,2006,2.9237,27,9235
47675,2007,3.6364,34,9350
47675,2008,4.3386,41,9450
47675,2009,3.4617,33,9533
47675,2010,3.1008,30,9675
47675,2011,2.4472,24,9807
47675,2012,4.3369,43,9915
47675,2013,2.909,29,9969
47675,2014,3.5629,36,10104
47675,2015,4.879,50,10248
47692,1998,4.3687,62,14192
47692,1999,3.6539,53,14505
47692,2000,3.8525,56,14536
47692,2001,4.422,64,14473
47692,2002,3.7415,55,14700
47692,2003,4.6854,70,14940
47692,2004,3.4143,52,15230
47692,2005,3.8079,59,15494
47692,2006,3.104,49,15786
47692,2007,3.9796,64,16082
47692,2008,2.7491,45,16369
47692,2009,3.3025,55,16654
47692,2010,3.1857,54,16951
47692,2011,2.0279,35,17259
47692,2012,2.9081,51,17537
47692,2013,2.5291,45,17793
47692,2014,1.6615,30,18056
47692,2015,3.4952,64,18311
47703,1998,1.1459,9,7854
47703,1999,2.1066,17,8070
47703,2000,0.9822,8,8145
47703,2001,1.4844,12,8084
47703,2002,3.2791,27,8234
47703,2003,1.5417,13,8432
47703,2004,2.0986,18,8577
47703,2005,1.8244,16,8770
47703,2006,2.5652,23,8966
47703,2007,1.3132,12,9138
47703,2008,1.9309,18,9322
47703,2009,2.4134,23,9530
47703,2010,3.0763,30,9752
47703,2011,1.812,18,9934
47703,2012,2.0694,21,10148
47703,2013,2.7987,29,10362
47703,2014,2.2708,24,10569
47703,2015,2.6869,29,10793
47707,1998,2.9283,65,22197
47707,1999,2.6552,61,22974
47707,2000,2.233,79,35379
47707,2001,1.9639,67,34115
47707,2002,1.513,51,33707
47707,2003,1.1716,39,33288
47707,2004,1.307,43,32900
47707,2005,1.4768,48,32503
47707,2006,1.7455,56,32083
47707,2007,2.0842,66,31667
47707,2008,1.7954,56,31190
47707,2009,2.4723,76,30741
47707,2010,1.6878,51,30216
47707,2011,1.7197,51,29657
47707,2012,2.2353,65,29079
47707,2013,2.8772,82,28500
47707,2014,2.5528,71,27813
47707,2015,2.9564,80,27060
47720,2001,0.628,7,11147
47720,2002,0.5402,6,11106
47720,2003,0.9042,10,11060
47720,2004,1.0872,12,11038
47720,2005,1.7315,19,10973
47720,2006,1.6468,18,10930
47720,2007,1.6521,18,10895
47720,2008,1.4732,16,10861
47720,2009,2.2138,24,10841
47720,2010,1.7565,19,10817
47720,2011,1.581,17,10753
47720,2012,2.8934,31,10714
47720,2013,1.6922,18,10637
47720,2014,2.2663,24,10590
47720,2015,2.17,23,10599
47745,1998,2.9121,58,19917
47745,1999,2.7772,56,20164
47745,2000,4.3727,88,20125
47745,2001,2.8075,57,20303
47745,2002,2.5689,53,20631
47745,2003,2.2364,47,21016
47745,2004,1.5007,32,21323
47745,2005,2.3481,51,21720
47745,2006,3.3492,74,22095
47745,2007,2.3118,52,22493
47745,2008,2.4894,57,22897
47745,2009,2.4047,56,23288
47745,2010,2.4079,57,23672
47745,2011,2.6592,64,24067
47745,2012,2.4165,59,24415
47745,2013,2.9751,74,24873
47745,2014,3.2261,81,25108
47745,2015,3.0636,78,25460
47798,1998,1.4913,24,16093
47798,1999,1.79,29,16201
47798,2000,1.7754,21,11828
47798,2001,2.2135,26,11746
47798,2002,2.2056,26,11788
47798,2003,1.8543,22,11864
47798,2004,2.1768,26,11944
47798,2005,2.2453,27,12025
47798,2006,3.0566,37,12105
47798,2007,3.2827,40,12185
47798,2008,3.1725,39,12293
47798,2009,3.3169,41,12361
47798,2010,2.0077,25,12452
47798,2011,2.0749,26,12531
47798,2012,2.704,34,12574
47798,2013,2.374,30,12637
47798,2014,3.1424,40,12729
47798,2015,3.1257,40,12797
47960,2000,0.5044,4,7930
47960,2001,0.8917,7,7850
47960,2002,1.5094,12,7950
47960,2003,2.7177,22,8095
47960,2004,1.8389,15,8157
47960,2005,1.9238,16,8317
47960,2006,0.5924,5,8440
47960,2007,2.2168,19,8571
47960,2008,2.0749,18,8675
47960,2009,1.5905,14,8802
47960,2010,0.7856,7,8910
47960,2011,1.5599,14,8975
47960,2012,1.2119,11,9077
47960,2013,1.8498,17,9190
47960,2014,2.3679,22,9291
47960,2015,2.0249,19,9383
47980,2000,3.2155,125,38874
47980,2001,4.1449,161,38843
47980,2002,3.9521,159,40232
47980,2003,5.0664,211,41647
47980,2004,4.3305,187,43182
47980,2005,4.249,190,44716
47980,2006,4.183,194,46378
47980,2007,4.6211,222,48041
47980,2008,4.0616,202,49734
47980,2009,3.128,161,51471
47980,2010,3.5141,187,53214
47980,2011,3.1656,174,54966
47980,2012,3.9538,224,56655
47980,2013,3.8514,225,58421
47980,2014,3.1888,192,60210
47980,2015,3.5478,220,62011
50001,1998,4.9798,1514,304027
50001,1999,4.7762,1517,317617
50001,2000,4.797,1591,331663
50001,2001,4.967,1718,345880
50001,2002,4.6342,1667,359715
50001,2003,4.719,1760,372957
50001,2004,4.8559,1873,385719
50001,2005,4.5015,1793,398309
50001,2006,4.499,1846,410314
50001,2007,4.7398,1999,421747
50001,2008,4.6135,1997,432864
50001,2009,4.3527,1931,443635
50001,2010,4.7801,2171,454178
50001,2011,4.5552,2116,464527
50001,2012,4.8514,2302,474503
50001,2013,4.9792,2411,484216
50001,2014,4.7902,2365,493721
50001,2015,5.3634,2698,503042
50006,1998,4.3536,211,48466
50006,1999,3.939,199,50521
50006,2000,3.7437,197,52622
50006,2001,4.5832,251,54765
50006,2002,4.6602,265,56865
50006,2003,4.3756,258,58964
50006,2004,4.4844,274,61101
50006,2005,3.5275,223,63217
50006,2006,4.1937,274,65336
50006,2007,3.8583,260,67387
50006,2008,3.6733,255,69419
50006,2009,4.2017,300,71399
50006,2010,4.3206,317,73370
50006,2011,4.5017,339,75305
50006,2012,3.9903,308,77187
50006,2013,4.0362,319,79035
50006,2014,4.0326,326,80841
50006,2015,4.4663,369,82619
50110,1998,2.6481,8,3021
50110,1999,2.7726,9,3246
50110,2000,6.1296,21,3426
50110,2001,4.5058,16,3551
50110,2002,3.2476,12,3695
50110,2003,2.8668,11,3837
50110,2004,2.2349,9,4027
50110,2005,3.093,13,4203
50110,2006,2.7322,12,4392
50110,2007,4.3328,20,4616
50110,2008,5.4553,26,4766
50110,2009,2.6241,13,4954
50110,2010,4.3036,22,5112
50110,2011,3.9743,21,5284
50110,2012,3.1147,17,5458
50110,2013,2.8319,16,5650
50110,2014,5.487,32,5832
50110,2015,3.5324,21,5945
50124,1998,3.6242,13,3587
50124,1999,4.0541,15,3700
50124,2000,4.2172,16,3794
50124,2001,2.8646,11,3840
50124,2002,4.3191,17,3936
50124,2003,2.7107,11,4058
50124,2004,2.3918,10,4181
50124,2005,1.3931,6,4307
50124,2006,1.7986,8,4448
50124,2007,3.5034,16,4567
50124,2008,2.5375,12,4729
50124,2009,3.301,16,4847
50124,2010,3.3865,17,5020
50124,2011,2.5307,13,5137
50124,2012,2.8796,15,5209
50124,2013,3.5554,19,5344
50124,2014,3.2544,18,5531
50124,2015,3.148,18,5718
50150,1998,2.5142,19,7557
50150,1999,1.7956,14,7797
50150,2000,1.9804,16,8079
50150,2001,2.1554,18,8351
50150,2002,2.0984,18,8578
50150,2003,2.6915,24,8917
50150,2004,3.0379,28,9217
50150,2005,1.7794,17,9554
50150,2006,3.231,32,9904
50150,2007,2.3376,24,10267
50150,2008,3.6675,39,10634
50150,2009,2.7245,30,11011
50150,2010,3.2348,37,11438
50150,2011,2.5541,30,11746
50150,2012,3.6152,44,12171
50150,2013,3.6859,46,12480
50150,2014,3.0263,39,12887
50150,2015,2.8653,38,13262
50223,1998,4.8791,23,4714
50223,1999,2.4686,12,4861
50223,2000,3.0352,15,4942
50223,2001,4.9466,25,5054
50223,2002,4.3137,22,5100
50223,2003,3.6287,19,5236
50223,2004,3.7306,20,5361
50223,2005,3.1175,17,5453
50223,2006,3.5708,20,5601
50223,2007,4.8815,28,5736
50223,2008,4.636,27,5824
50223,2009,3.5182,21,5969
50223,2010,3.6036,22,6105
50223,2011,3.1974,20,6255
50223,2012,4.373,28,6403
50223,2013,3.6675,24,6544
50223,2014,3.4785,23,6612
50223,2015,4.0589,27,6652
50226,1998,4.7432,70,14758
50226,1999,4.6186,70,15156
50226,2000,5.0378,78,15483
50226,2001,4.4716,71,15878
50226,2002,4.6009,75,16301
50226,2003,4.5476,76,16712
50226,2004,4.6797,80,17095
50226,2005,3.0734,54,17570
50226,2006,5.0553,91,18001
50226,2007,3.5784,66,18444
50226,2008,4.451,84,18872
50226,2009,4.2472,82,19307
50226,2010,4.8679,96,19721
50226,2011,4.7664,96,20141
50226,2012,4.5764,94,20540
50226,2013,4.6809,98,20936
50226,2014,4.3497,93,21381
50226,2015,3.7819,82,21682
50245,1998,1.292,3,2322
50245,1999,4.8802,11,2254
50245,2000,4.4843,10,2230
50245,2001,1.3806,3,2173
50245,2002,5.2331,11,2102
50245,2003,3.9216,8,2040
50245,2004,3.5018,7,1999
50245,2005,1.4993,3,2001
50245,2006,4.5113,9,1995
50245,2007,3.5787,7,1956
50245,2008,2.5523,5,1959
50245,2009,3.0944,6,1939
50245,2010,4.1322,8,1936
50245,2011,2.065,4,1937
50245,2012,6.1856,12,1940
50245,2013,3.6345,7,1926
50245,2014,3.6803,7,1902
50245,2015,2.6998,5,1852
50251,1998,3.7667,33,8761
50251,1999,6.7223,58,8628
50251,2000,4.8503,41,8453
50251,2001,3.7322,31,8306
50251,2002,6.6185,54,8159
50251,2003,9.434,76,8056
50251,2004,4.2304,34,8037
50251,2005,3.7374,30,8027
50251,2006,3.3809,27,7986
50251,2007,3.483,28,8039
50251,2008,3.6083,29,8037
50251,2009,5.2252,42,8038
50251,2010,3.3561,27,8045
50251,2011,4.7158,38,8058
50251,2012,3.8562,31,8039
50251,2013,4.9913,40,8014
50251,2014,4.6372,37,7979
50251,2015,3.5097,28,7978
50270,1998,5.3637,16,2983
50270,1999,6.0241,18,2988
50270,2000,4.2876,13,3032
50270,2001,1.3302,4,3007
50270,2002,4.6558,14,3007
50270,2003,4.9652,15,3021
50270,2004,6.5253,20,3065
50270,2005,5.1513,16,3106
50270,2006,5.6764,18,3171
50270,2007,4.952,16,3231
50270,2008,4.5858,15,3271
50270,2009,3.2622,11,3372
50270,2010,5.2555,18,3425
50270,2011,4.6243,16,3460
50270,2012,4.2699,15,3513
50270,2013,2.7871,10,3588
50270,2014,5.1518,19,3688
50270,2015,4.5201,17,3761
50287,1998,5.5954,39,6970
50287,1999,5.0056,36,7192
50287,2000,5.7687,43,7454
50287,2001,7.5659,58,7666
50287,2002,5.2824,42,7951
50287,2003,4.8763,40,8203
50287,2004,4.5099,38,8426
50287,2005,6.5698,57,8676
50287,2006,6.6867,60,8973
50287,2007,5.7242,53,9259
50287,2008,5.6705,54,9523
50287,2009,4.8965,48,9803
50287,2010,5.3518,54,10090
50287,2011,4.5485,47,10333
50287,2012,4.2473,45,10595
50287,2013,3.9606,43,10857
50287,2014,5.3889,60,11134
50287,2015,5.4286,62,11421
50313,1998,7.497,328,43751
50313,1999,6.0895,275,45160
50313,2000,6.5483,305,46577
50313,2001,6.4512,310,48053
50313,2002,4.6842,232,49528
50313,2003,5.8321,297,50925
50313,2004,5.8077,304,52344
50313,2005,6.287,338,53762
50313,2006,5.4247,299,55118
50313,2007,5.2995,299,56420
50313,2008,5.7891,334,57695
50313,2009,5.4134,319,58928
50313,2010,5.0896,306,60123
50313,2011,5.756,353,61327
50313,2012,4.9453,309,62484
50313,2013,5.7599,366,63543
50313,2014,5.9584,385,64615
50313,2015,5.3276,350,65696
50318,1998,3.9604,40,10100
50318,1999,4.084,42,10284
50318,2000,5.9076,62,10495
50318,2001,4.4069,47,10665
50318,2002,4.9559,54,10896
50318,2003,3.9729,44,11075
50318,2004,5.7665,65,11272
50318,2005,3.8231,44,11509
50318,2006,4.7745,56,11729
50318,2007,3.935,47,11944
50318,2008,4.0253,49,12173
50318,2009,5.0839,63,12392
50318,2010,6.2718,79,12596
50318,2011,4.9169,63,12813
50318,2012,4.071,53,13019
50318,2013,2.9685,39,13138
50318,2014,4.4893,60,13365
50318,2015,3.3729,46,13638
50325,1998,5.7231,41,7164
50325,1999,2.5349,18,7101
50325,2000,3.0125,21,6971
50325,2001,2.9167,20,6857
50325,2002,3.4064,23,6752
50325,2003,1.9452,13,6683
50325,2004,3.3108,22,6645
50325,2005,2.2422,15,6690
50325,2006,2.6886,18,6695
50325,2007,1.1861,8,6745
50325,2008,5.3066,36,6784
50325,2009,3.9642,27,6811
50325,2010,3.9607,27,6817
50325,2011,3.6342,25,6879
50325,2012,4.0544,28,6906
50325,2013,3.7654,26,6905
50325,2014,4.9161,34,6916
50325,2015,2.2936,16,6976
50330,1998,3.8882,42,10802
50330,1999,2.4299,26,10700
50330,2000,3.4889,37,10605
50330,2001,4.2747,45,10527
50330,2002,6.7159,70,10423
50330,2003,6.9937,73,10438
50330,2004,6.6054,69,10446
50330,2005,4.489,47,10470
50330,2006,4.4622,47,10533
50330,2007,3.7732,40,10601
50330,2008,3.1841,34,10678
50330,2009,3.633,39,10735
50330,2010,5.0163,54,10765
50330,2011,5.0677,55,10853
50330,2012,3.1161,34,10911
50330,2013,3.9262,43,10952
50330,2014,3.7296,41,10993
50330,2015,4.7303,52,10993
50350,1998,2.6942,37,13733
50350,1999,1.967,28,14235
50350,2000,2.4599,36,14635
50350,2001,1.8648,28,15015
50350,2002,2.8516,44,15430
50350,2003,1.8875,30,15894
50350,2004,4.7867,79,16504
50350,2005,3.3267,57,17134
50350,2006,4.6506,83,17847
50350,2007,3.9292,73,18579
50350,2008,3.2106,62,19311
50350,2009,2.3908,48,20077
50350,2010,1.6787,35,20850
50350,2011,1.6659,36,21610
50350,2012,1.7426,39,22380
50350,2013,1.6845,39,23152
50350,2014,1.5076,36,23879
50350,2015,1.2599,31,24605
50370,1998,2.2819,18,7888
50370,1999,2.0315,16,7876
50370,2000,2.434,19,7806
50370,2001,2.5757,20,7765
50370,2002,4.1602,32,7692
50370,2003,3.125,24,7680
50370,2004,2.8505,22,7718
50370,2005,3.3163,26,7840
50370,2006,7.4251,59,7946
50370,2007,6.5896,53,8043
50370,2008,6.9733,57,8174
50370,2009,4.7045,39,8290
50370,2010,4.4048,37,8400
50370,2011,3.9859,34,8530
50370,2012,3.5884,31,8639
50370,2013,4.4521,39,8760
50370,2014,3.1624,28,8854
50370,2015,3.2391,29,8953
50400,1998,4.0745,42,10308
50400,1999,5.0471,52,10303
50400,2000,5.1829,53,10226
50400,2001,4.4178,45,10186
50400,2002,5.3239,54,10143
50400,2003,7.6366,78,10214
50400,2004,5.6591,58,10249
50400,2005,4.653,48,10316
50400,2006,5.0169,52,10365
50400,2007,4.2939,45,10480
50400,2008,5.3758,57,10603
50400,2009,4.9556,53,10695
50400,2010,4.3547,47,10793
50400,2011,3.4933,38,10878
50400,2012,4.4663,49,10971
50400,2013,3.6088,40,11084
50400,2014,5.2186,58,11114
50400,2015,3.9497,44,11140
50450,1998,2.9835,23,7709
50450,1999,3.6544,28,7662
50450,2000,4.9608,38,7660
50450,2001,6.0694,46,7579
50450,2002,5.0465,38,7530
50450,2003,2.5273,19,7518
50450,2004,6.9829,53,7590
50450,2005,4.5638,35,7669
50450,2006,4.4139,34,7703
50450,2007,3.4727,27,7775
50450,2008,3.6957,29,7847
50450,2009,3.0387,24,7898
50450,2010,3.1458,25,7947
50450,2011,2.7316,22,8054
50450,2012,2.4719,20,8091
50450,2013,5.7839,47,8126
50450,2014,3.9211,32,8161
50450,2015,3.769,31,8225
50568,1998,1.729,34,19664
50568,1999,2.3237,48,20657
50568,2000,1.8558,40,21554
50568,2001,1.6012,36,22483
50568,2002,1.2776,30,23482
50568,2003,2.7383,67,24468
50568,2004,2.3513,60,25518
50568,2005,1.9154,51,26626
50568,2006,2.4465,68,27795
50568,2007,2.8303,82,28972
50568,2008,3.0862,93,30134
50568,2009,2.6509,83,31310
50568,2010,3.2317,105,32491
50568,2011,3.121,105,33643
50568,2012,2.9592,103,34807
50568,2013,3.0053,108,35937
50568,2014,2.9387,109,37091
50568,2015,2.91,111,38144
50573,1998,5.8334,129,22114
50573,1999,5.601,126,22496
50573,2000,5.8674,134,22838
50573,2001,5.9064,137,23195
50573,2002,5.1241,121,23614
50573,2003,5.1624,124,24020
50573,2004,5.938,145,24419
50573,2005,4.3805,109,24883
50573,2006,5.4444,138,25347
50573,2007,4.768,123,25797
50573,2008,4.6821,123,26270
50573,2009,4.7895,128,26725
50573,2010,5.2992,144,27174
50573,2011,4.9975,138,27614
50573,2012,5.1377,144,28028
50573,2013,5.6245,160,28447
50573,2014,4.9249,142,28833
50573,2015,5.2648,154,29251
50577,1998,5.9552,51,8564
50577,1999,6.432,55,8551
50577,2000,4.3154,37,8574
50577,2001,4.4367,38,8565
50577,2002,5.7364,49,8542
50577,2003,6.8248,59,8645
50577,2004,5.032,44,8744
50577,2005,6.5626,58,8838
50577,2006,4.58,41,8952
50577,2007,4.1823,38,9086
50577,2008,4.2281,39,9224
50577,2009,3.6278,34,9372
50577,2010,3.2573,31,9517
50577,2011,4.1563,40,9624
50577,2012,3.0826,30,9732
50577,2013,3.2543,32,9833
50577,2014,3.5307,35,9913
50577,2015,2.8977,29,10008
50590,1998,2.0158,26,12898
50590,1999,2.3535,30,12747
50590,2000,3.5686,45,12610
50590,2001,3.5177,44,12508
50590,2002,3.7028,46,12423
50590,2003,5.6361,70,12420
50590,2004,4.1935,52,12400
50590,2005,5.0473,63,12482
50590,2006,4.5447,57,12542
50590,2007,4.0486,51,12597
50590,2008,3.7843,48,12684
50590,2009,3.9234,50,12744
50590,2010,2.9669,38,12808
50590,2011,3.4231,44,12854
50590,2012,3.2614,42,12878
50590,2013,3.6974,48,12982
50590,2014,2.7663,36,13014
50590,2015,3.5344,46,13015
50606,1998,3.3285,39,11717
50606,1999,4.0704,49,12038
50606,2000,3.7166,46,12377
50606,2001,3.865,49,12678
50606,2002,4.9091,64,13037
50606,2003,4.0519,54,13327
50606,2004,4.0918,56,13686
50606,2005,4.2041,59,14034
50606,2006,3.8897,56,14397
50606,2007,3.6593,54,14757
50606,2008,3.9088,59,15094
50606,2009,4.0119,62,15454
50606,2010,4.1854,66,15769
50606,2011,5.096,82,16091
50606,2012,3.7708,62,16442
50606,2013,4.2416,71,16739
50606,2014,3.3023,56,16958
50606,2015,4.039,70,17331
50680,1998,2.7884,19,6814
50680,1999,1.9881,14,7042
50680,2000,2.3364,17,7276
50680,2001,3.328,25,7512
50680,2002,2.3337,18,7713
50680,2003,2.6286,21,7989
50680,2004,3.1504,26,8253
50680,2005,3.1705,27,8516
50680,2006,2.8316,25,8829
50680,2007,2.7373,25,9133
50680,2008,3.0786,29,9420
50680,2009,4.021,39,9699
50680,2010,2.9934,30,10022
50680,2011,3.4989,36,10289
50680,2012,2.5388,27,10635
50680,2013,3.0022,33,10992
50680,2014,2.9292,33,11266
50680,2015,3.2932,38,11539
50683,1998,3.0233,25,8269
50683,1999,5.7205,47,8216
50683,2000,5.1157,42,8210
50683,2001,8.1041,66,8144
50683,2002,7.4001,60,8108
50683,2003,5.6867,46,8089
50683,2004,6.7476,55,8151
50683,2005,5.2216,43,8235
50683,2006,4.5761,38,8304
50683,2007,3.574,30,8394
50683,2008,5.0743,43,8474
50683,2009,3.3859,29,8565
50683,2010,3.5896,31,8636
50683,2011,3.6638,32,8734
50683,2012,4.6676,41,8784
50683,2013,2.6089,23,8816
50683,2014,3.8366,34,8862
50683,2015,3.8997,35,8975
50686,1998,8.3916,12,1430
50686,1999,4.1494,6,1446
50686,2000,2.809,4,1424
50686,2001,2.9197,4,1370
50686,2002,8.8365,12,1358
50686,2003,5.189,7,1349
50686,2004,1.4782,2,1353
50686,2005,2.9499,4,1356
50686,2006,1.4903,2,1342
50686,2007,4.461,6,1345
50686,2008,6.006,8,1332
50686,2009,3.7202,5,1344
50686,2010,3.6523,5,1369
50686,2011,8.0527,11,1366
50686,2012,5.1546,7,1358
50686,2013,3.5386,5,1413
50686,2014,7.9826,11,1378
50686,2015,2.2255,3,1348
50689,1998,4.8533,91,18750
50689,1999,5.7716,111,19232
50689,2000,5.1319,101,19681
50689,2001,5.161,104,20151
50689,2002,5.0405,104,20633
50689,2003,5.7482,121,21050
50689,2004,4.7934,103,21488
50689,2005,4.611,101,21904
50689,2006,5.2792,118,22352
50689,2007,4.8748,111,22770
50689,2008,4.9661,115,23157
50689,2009,4.4588,105,23549
50689,2010,4.7225,113,23928
50689,2011,5.1419,125,24310
50689,2012,4.4592,110,24668
50689,2013,4.079,102,25006
50689,2014,4.6935,119,25354
50689,2015,4.1685,107,25669
50711,1998,4.3983,80,18189
50711,1999,4.8949,88,17978
50711,2000,4.6834,83,17722
50711,2001,6.2328,109,17488
50711,2002,8.7578,152,17356
50711,2003,6.2025,107,17251
50711,2004,5.9358,102,17184
50711,2005,7.079,122,17234
50711,2006,7.2942,126,17274
50711,2007,7.6648,133,17352
50711,2008,6.1378,107,17433
50711,2009,5.5997,98,17501
50711,2010,4.7757,84,17589
50711,2011,4.3121,76,17625
50711,2012,6.0537,107,17675
50711,2013,4.2972,76,17686
50711,2014,4.9058,87,17734
50711,2015,4.8893,87,17794
52001,1998,4.4058,1467,332970
52001,1999,4.5917,1566,341050
52001,2000,4.8619,1675,344512
52001,2001,3.8975,1363,349707
52001,2002,4.8475,1713,353375
52001,2003,4.8128,1718,356963
52001,2004,4.7022,1695,360469
52001,2005,2.7102,986,363816
52001,2006,4.0533,1489,367356
52001,2007,4.4093,1634,370582
52001,2008,4.712,1759,373304
52001,2009,4.5135,1696,375760
52001,2010,4.8218,1823,378072
52001,2011,4.9573,1885,380245
52001,2012,4.7943,1833,382333
52001,2013,4.637,1781,384087
52001,2014,4.9545,1911,385710
52001,2015,5.3151,2059,387388
52019,1998,2.5806,30,11625
52019,1999,1.9946,23,11531
52019,2000,3.6768,42,11423
52019,2001,3.2738,37,11302
52019,2002,3.4747,39,11224
52019,2003,2.2407,25,11157
52019,2004,3.0653,34,11092
52019,2005,2.2694,25,11016
52019,2006,3.2048,35,10921
52019,2007,3.5971,39,10842
52019,2008,4.4668,48,10746
52019,2009,4.2222,45,10658
52019,2010,5.0261,53,10545
52019,2011,3.5326,37,10474
52019,2012,3.7663,39,10355
52019,2013,4.5979,47,10222
52019,2014,6.1362,62,10104
52019,2015,4.2271,42,9936
52022,1998,5.1805,32,6177
52022,1999,3.202,20,6246
52022,2000,5.3704,34,6331
52022,2001,4.2446,27,6361
52022,2002,5.5857,36,6445
52022,2003,5.8291,38,6519
52022,2004,3.6364,24,6600
52022,2005,3.2944,22,6678
52022,2006,3.2544,22,6760
52022,2007,3.214,22,6845
52022,2008,4.3403,30,6912
52022,2009,4.0328,28,6943
52022,2010,4.4381,31,6985
52022,2011,4.8254,34,7046
52022,2012,5.1057,36,7051
52022,2013,4.3478,31,7130
52022,2014,4.1448,30,7238
52022,2015,4.5555,33,7244
52036,1998,3.9343,40,10167
52036,1999,5.1414,52,10114
52036,2000,5.3678,54,10060
52036,2001,3.7063,37,9983
52036,2002,4.5317,45,9930
52036,2003,4.2493,42,9884
52036,2004,3.9679,39,9829
52036,2005,3.7898,37,9763
52036,2006,4.8047,47,9782
52036,2007,5.4718,53,9686
52036,2008,6.5714,63,9587
52036,2009,6.2184,59,9488
52036,2010,5.7428,54,9403
52036,2011,4.5984,43,9351
52036,2012,6.6431,62,9333
52036,2013,4.4387,41,9237
52036,2014,5.7446,52,9052
52036,2015,7.0486,63,8938
52051,1998,2.967,23,7752
52051,1999,2.0629,16,7756
52051,2000,3.5985,28,7781
52051,2001,2.9344,23,7838
52051,2002,2.7976,22,7864
52051,2003,3.2936,26,7894
52051,2004,3.8915,31,7966
52051,2005,3.4943,28,8013
52051,2006,2.4704,20,8096
52051,2007,3.8009,31,8156
52051,2008,3.1642,26,8217
52051,2009,3.9971,33,8256
52051,2010,4.9649,41,8258
52051,2011,4.8344,40,8274
52051,2012,4.5872,38,8284
52051,2013,4.3306,36,8313
52051,2014,3.8255,32,8365
52051,2015,4.5227,38,8402
52079,1998,2.2725,81,35644
52079,1999,0.8721,32,36695
52079,2000,1.1144,42,37687
52079,2001,1.3152,51,38778
52079,2002,1.8038,72,39916
52079,2003,1.4134,58,41037
52079,2004,1.8024,76,42166
52079,2005,1.3644,59,43241
52079,2006,2.072,92,44401
52079,2007,2.527,115,45508
52079,2008,1.8262,85,46546
52079,2009,2.2921,109,47555
52079,2010,2.0397,99,48536
52079,2011,1.7776,88,49506
52079,2012,1.8633,94,50449
52079,2013,1.4607,75,51345
52079,2014,1.3022,68,52221
52079,2015,1.3748,73,53098
52083,1998,8.0944,35,4324
52083,1999,1.1284,5,4431
52083,2000,5.0661,23,4540
52083,2001,6.2112,29,4669
52083,2002,5.4133,26,4803
52083,2003,1.8446,9,4879
52083,2004,3.7691,19,5041
52083,2005,1.1811,6,5080
52083,2006,5.5365,29,5238
52083,2007,4.6984,25,5321
52083,2008,4.9788,27,5423
52083,2009,4.1494,23,5543
52083,2010,4.7847,27,5643
52083,2011,5.7672,33,5722
52083,2012,4.0998,24,5854
52083,2013,4.3934,26,5918
52083,2014,5.0234,30,5972
52083,2015,5.1667,31,6000
52110,1998,3.1991,70,21881
52110,1999,4.2202,93,22037
52110,2000,3.2576,72,22102
52110,2001,3.3264,74,22246
52110,2002,3.7019,83,22421
52110,2003,3.4102,77,22579
52110,2004,4.5269,103,22753
52110,2005,3.4525,79,22882
52110,2006,4.9898,115,23047
52110,2007,4.664,108,23156
52110,2008,0.6456,15,23235
52110,2009,1.0238,24,23441
52110,2010,2.473,58,23453
52110,2011,2.8431,67,23566
52110,2012,3.1731,75,23636
52110,2013,4.1319,98,23718
52110,2014,4.2093,100,23757
52110,2015,4.119,98,23792
52203,1998,3.4831,31,8900
52203,1999,3.2791,29,8844
52203,2000,6.4553,57,8830
52203,2001,4.6438,41,8829
52203,2002,4.5424,40,8806
52203,2003,6.0016,53,8831
52203,2004,4.4328,39,8798
52203,2005,3.1793,28,8807
52203,2006,6.1204,54,8823
52203,2007,5.3415,47,8799
52203,2008,5.3586,47,8771
52203,2009,5.5809,49,8780
52203,2010,6.6445,58,8729
52203,2011,7.1322,62,8693
52203,2012,5.8796,51,8674
52203,2013,4.8651,42,8633
52203,2014,4.7045,41,8715
52203,2015,6.4524,56,8679
52207,1998,2.2375,27,12067
52207,1999,1.4828,18,12139
52207,2000,1.6356,20,12228
52207,2001,2.9119,36,12363
52207,2002,2.2457,28,12468
52207,2003,3.4173,43,12583
52207,2004,3.8561,49,12707
52207,2005,3.1989,41,12817
52207,2006,3.948,51,12918
52207,2007,4.6851,61,13020
52207,2008,5.7887,76,13129
52207,2009,4.1575,55,13229
52207,2010,4.6003,61,13260
52207,2011,4.6638,62,13294
52207,2012,4.1146,55,13367
52207,2013,4.9847,67,13441
52207,2014,4.4471,60,13492
52207,2015,3.7539,51,13586
52210,1998,2.3795,16,6724
52210,1999,4.0077,27,6737
52210,2000,4.8802,33,6762
52210,2001,2.6486,18,6796
52210,2002,4.3853,30,6841
52210,2003,4.0603,28,6896
52210,2004,5.326,37,6947
52210,2005,3.8582,27,6998
52210,2006,5.1341,36,7012
52210,2007,6.3739,45,7060
52210,2008,4.3773,31,7082
52210,2009,4.6479,33,7100
52210,2010,3.3524,24,7159
52210,2011,5.6378,40,7095
52210,2012,4.514,32,7089
52210,2013,5.0555,36,7121
52210,2014,4.7526,34,7154
52210,2015,3.0446,22,7226
52215,1998,3.438,45,13089
52215,1999,5.1461,68,13214
52215,2000,3.6657,49,13367
52215,2001,5.5737,75,13456
52215,2002,3.8731,53,13684
52215,2003,4.6347,64,13809
52215,2004,5.5197,77,13950
52215,2005,4.3953,62,14106
52215,2006,5.3929,77,14278
52215,2007,3.4002,49,14411
52215,2008,4.6703,68,14560
52215,2009,4.914,72,14652
52215,2010,3.5935,53,14749
52215,2011,3.7716,56,14848
52215,2012,4.8826,73,14951
52215,2013,4.7129,71,15065
52215,2014,3.8844,59,15189
52215,2015,6.2926,96,15256
52224,1998,3.0688,22,7169
52224,1999,3.2922,24,7290
52224,2000,4.5921,34,7404
52224,2001,6.6436,50,7526
52224,2002,7.0505,54,7659
52224,2003,4.6512,36,7740
52224,2004,3.19,25,7837
52224,2005,4.3827,35,7986
52224,2006,6.6617,54,8106
52224,2007,3.764,31,8236
52224,2008,3.9826,33,8286
52224,2009,5.9277,50,8435
52224,2010,5.2589,45,8557
52224,2011,4.274,37,8657
52224,2012,3.6647,32,8732
52224,2013,3.7351,33,8835
52224,2014,4.6901,42,8955
52224,2015,3.7921,34,8966
52227,1998,1.374,32,23289
52227,1999,1.8317,44,24021
52227,2000,2.266,56,24713
52227,2001,1.5325,39,25448
52227,2002,2.8595,75,26228
52227,2003,3.7456,101,26965
52227,2004,3.3154,92,27749
52227,2005,1.2633,36,28496
52227,2006,3.8986,114,29241
52227,2007,2.0676,62,29986
52227,2008,3.2873,101,30724
52227,2009,2.3264,73,31379
52227,2010,2.4674,79,32017
52227,2011,2.4183,79,32668
52227,2012,2.5501,85,33332
52227,2013,2.4754,84,33934
52227,2014,2.8701,99,34494
52227,2015,3.2768,115,35095
52233,1998,2.1961,14,6375
52233,1999,2.192,14,6387
52233,2000,4.0486,26,6422
52233,2001,5.037,32,6353
52233,2002,5.3611,34,6342
52233,2003,5.9965,38,6337
52233,2004,5.0433,32,6345
52233,2005,2.8517,18,6312
52233,2006,4.1322,26,6292
52233,2007,7.1417,45,6301
52233,2008,4.609,29,6292
52233,2009,4.0388,25,6190
52233,2010,4.8457,30,6191
52233,2011,3.7386,23,6152
52233,2012,4.0856,25,6119
52233,2013,4.7784,29,6069
52233,2014,4.6335,28,6043
52233,2015,5.6507,34,6017
52240,1998,2.807,35,12469
52240,1999,2.4541,31,12632
52240,2000,1.799,23,12785
52240,2001,3.166,41,12950
52240,2002,3.0441,40,13140
52240,2003,4.1168,55,13360
52240,2004,2.7387,37,13510
52240,2005,1.9721,27,13691
52240,2006,2.2371,31,13857
52240,2007,3.9205,55,14029
52240,2008,3.8861,55,14153
52240,2009,4.4774,64,14294
52240,2010,2.8395,41,14439
52240,2011,3.4334,50,14563
52240,2012,3.7458,55,14683
52240,2013,3.643,54,14823
52240,2014,4.4903,67,14921
52240,2015,3.1208,47,15060
52250,1998,1.2252,28,22853
52250,1999,1.1818,27,22846
52250,2000,1.2287,28,22788
52250,2001,1.622,37,22812
52250,2002,1.6636,38,22842
52250,2003,2.7948,64,22900
52250,2004,2.4855,57,22933
52250,2005,1.3949,32,22940
52250,2006,2.4787,57,22996
52250,2007,2.2576,52,23033
52250,2008,1.9094,44,23044
52250,2009,1.9557,45,23010
52250,2010,2.5244,58,22976
52250,2011,2.0923,48,22941
52250,2012,1.3101,30,22899
52250,2013,1.6623,38,22860
52250,2014,1.7555,40,22785
52250,2015,2.1987,50,22741
52254,1999,0.1021,1,9790
52254,2000,2.4889,24,9643
52254,2001,2.6283,25,9512
52254,2002,2.9548,28,9476
52254,2003,1.6079,15,9329
52254,2004,1.5173,14,9227
52254,2005,2.1954,20,9110
52254,2006,5.3203,48,9022
52254,2007,4.6208,41,8873
52254,2008,3.7766,33,8738
52254,2009,4.3926,38,8651
52254,2010,4.3458,37,8514
52254,2011,3.2223,27,8379
52254,2012,4.2595,35,8217
52254,2013,4.4433,36,8102
52254,2014,4.1327,33,7985
52254,2015,4.0832,32,7837
52256,1998,1.2141,12,9884
52256,1999,0.5993,6,10011
52256,2000,1.0867,11,10122
52256,2001,1.6547,17,10274
52256,2002,1.0614,11,10364
52256,2003,1.5198,16,10528
52256,2004,2.0611,22,10674
52256,2005,1.7544,19,10830
52256,2006,4.0969,45,10984
52256,2007,3.3276,37,11119
52256,2008,0.7116,8,11243
52256,2009,1.0557,12,11367
52256,2010,2.529,29,11467
52256,2011,2.5826,30,11616
52256,2012,1.3647,16,11724
52256,2013,1.4418,17,11791
52256,2014,2.6125,31,11866
52256,2015,2.5042,30,11980
52258,1998,1.8272,22,12040
52258,1999,1.0684,13,12168
52258,2000,2.6095,32,12263
52258,2001,2.7424,34,12398
52258,2002,2.073,26,12542
52258,2003,1.9693,25,12695
52258,2004,0.7793,10,12832
52258,2005,1.0783,14,12984
52258,2006,2.432,32,13158
52258,2007,1.3535,18,13299
52258,2008,1.7924,24,13390
52258,2009,2.2954,31,13505
52258,2010,2.9366,40,13621
52258,2011,2.2565,31,13738
52258,2012,1.8886,26,13767
52258,2013,1.8068,25,13837
52258,2014,2.0106,28,13926
52258,2015,1.639,23,14033
52260,1998,2.5699,76,29573
52260,1999,2.0646,40,19374
52260,2000,2.8805,55,19094
52260,2001,3.5036,66,18838
52260,2002,3.757,70,18632
52260,2003,4.1793,77,18424
52260,2004,4.8469,88,18156
52260,2005,2.7313,49,17940
52260,2006,4.5277,80,17669
52260,2007,4.3693,76,17394
52260,2008,4.4859,77,17165
52260,2009,4.5597,77,16887
52260,2010,5.7198,95,16609
52260,2011,5.4548,89,16316
52260,2012,5.2376,84,16038
52260,2013,4.5758,72,15735
52260,2014,5.1803,80,15443
52260,2015,6.7061,102,15210
52287,1998,5.7034,42,7364
52287,1999,4.8853,36,7369
52287,2000,5.0258,37,7362
52287,2001,3.4027,25,7347
52287,2002,6.0967,45,7381
52287,2003,3.6491,27,7399
52287,2004,5.9548,44,7389
52287,2005,3.0993,23,7421
52287,2006,4.8544,36,7416
52287,2007,5.9323,44,7417
52287,2008,4.7011,35,7445
52287,2009,5.4179,40,7383
52287,2010,6.2833,46,7321
52287,2011,7.36,54,7337
52287,2012,6.7861,50,7368
52287,2013,6.5076,48,7376
52287,2014,4.916,36,7323
52287,2015,5.9797,43,7191
52317,1998,3.8911,60,15420
52317,1999,2.8196,44,15605
52317,2000,4.6208,73,15798
52317,2001,3.5572,57,16024
52317,2002,4.6083,75,16275
52317,2003,4.6565,77,16536
52317,2004,5.0069,84,16777
52317,2005,2.9377,50,17020
52317,2006,4.1145,71,17256
52317,2007,4.2274,74,17505
52317,2008,4.1259,73,17693
52317,2009,4.1392,74,17878
52317,2010,3.8195,69,18065
52317,2011,5.3113,97,18263
52317,2012,3.6273,67,18471
52317,2013,4.1258,77,18663
52317,2014,4.6151,87,18851
52317,2015,3.898,74,18984
52320,1998,3.2629,44,13485
52320,1999,4.6282,62,13396
52320,2000,4.0647,54,13285
52320,2001,5.2938,70,13223
52320,2002,3.8701,51,13178
52320,2003,5.7962,76,13112
52320,2004,5.8251,76,13047
52320,2005,2.701,35,12958
52320,2006,5.7391,74,12894
52320,2007,6.7995,87,12795
52320,2008,4.7229,60,12704
52320,2009,6.0966,77,12630
52320,2010,5.3472,67,12530
52320,2011,6.0396,75,12418
52320,2012,5.5456,68,12262
52320,2013,6.9181,84,12142
52320,2014,5.7185,69,12066
52320,2015,6.006,72,11988
52323,1998,1.4414,9,6244
52323,1999,0.7935,5,6301
52323,2000,4.4199,28,6335
52323,2001,3.7518,24,6397
52323,2002,3.0965,20,6459
52323,2003,4.7803,31,6485
52323,2004,3.214,21,6534
52323,2005,3.4806,23,6608
52323,2006,5.3595,36,6717
52323,2007,5.7718,39,6757
52323,2008,6.1765,42,6800
52323,2009,4.8133,33,6856
52323,2010,4.9183,34,6913
52323,2011,5.0717,35,6901
52323,2012,4.0276,28,6952
52323,2013,4.8794,34,6968
52323,2014,3.5956,25,6953
52323,2015,4.0276,28,6952
52352,1998,4.0978,31,7565
52352,1999,1.7148,13,7581
52352,2000,2.241,17,7586
52352,2001,2.1017,16,7613
52352,2002,2.3563,18,7639
52352,2003,1.6993,13,7650
52352,2004,4.5632,35,7670
52352,2005,5.3316,41,7690
52352,2006,3.8855,30,7721
52352,2007,5.5671,43,7724
52352,2008,2.7276,21,7699
52352,2009,5.5982,43,7681
52352,2010,5.0453,39,7730
52352,2011,5.3233,41,7702
52352,2012,4.5249,35,7735
52352,2013,5.5736,43,7715
52352,2014,4.9255,38,7715
52352,2015,5.5888,43,7694
52354,1998,3.252,26,7995
52354,1999,4.2575,34,7986
52354,2000,2.6498,21,7925
52354,2001,2.6395,21,7956
52354,2002,5.7825,46,7955
52354,2003,4.7889,38,7935
52354,2004,5.6797,45,7923
52354,2005,3.6473,29,7951
52354,2006,4.0297,32,7941
52354,2007,4.6465,37,7963
52354,2008,6.5607,52,7926
52354,2009,6.5259,51,7815
52354,2010,5.0852,40,7866
52354,2011,5.1151,40,7820
52354,2012,5.0161,39,7775
52354,2013,5.304,41,7730
52354,2014,4.407,34,7715
52354,2015,5.3476,41,7667
52356,1998,3.9179,374,95460
52356,1999,4.591,444,96712
52356,2000,5.5827,547,97982
52356,2001,4.4781,446,99595
52356,2002,4.6378,468,100910
52356,2003,4.7751,488,102196
52356,2004,4.9582,513,103465
52356,2005,3.7541,393,104686
52356,2006,4.3331,459,105928
52356,2007,4.7246,506,107099
52356,2008,4.6233,500,108147
52356,2009,4.7383,517,109111
52356,2010,3.8271,421,110004
52356,2011,4.4639,495,110890
52356,2012,4.7343,529,111737
52356,2013,4.2672,480,112485
52356,2014,4.4705,506,113186
52356,2015,4.6781,533,113934
52378,1998,4.2527,83,19517
52378,1999,3.796,74,19494
52378,2000,4.5749,89,19454
52378,2001,4.8765,95,19481
52378,2002,5.3391,104,19479
52378,2003,4.2036,82,19507
52378,2004,3.5903,70,19497
52378,2005,3.178,62,19509
52378,2006,4.5124,88,19502
52378,2007,5.3402,104,19475
52378,2008,5.1353,100,19473
52378,2009,5.6293,109,19363
52378,2010,5.4772,106,19353
52378,2011,5.6037,108,19273
52378,2012,5.307,102,19220
52378,2013,5.0225,96,19114
52378,2014,5.7834,110,19020
52378,2015,5.1177,97,18954
52381,1998,3.8293,41,10707
52381,1999,1.8746,20,10669
52381,2000,1.5055,16,10628
52381,2001,3.3988,36,10592
52381,2002,5.0939,54,10601
52381,2003,4.2453,45,10600
52381,2004,2.46,26,10569
52381,2005,0.8499,9,10589
52381,2006,3.4955,37,10585
52381,2007,4.641,49,10558
52381,2008,2.3733,25,10534
52381,2009,3.3314,35,10506
52381,2010,2.96,31,10473
52381,2011,5.2697,55,10437
52381,2012,3.4622,36,10398
52381,2013,4.2231,44,10419
52381,2014,4.8487,50,10312
52381,2015,5.1682,53,10255
52385,1998,1.9952,14,7017
52385,1999,0.4267,3,7030
52385,2000,1.7227,12,6966
52385,2001,2.8662,20,6978
52385,2002,1.4302,10,6992
52385,2003,2.7405,19,6933
52385,2004,1.4384,10,6952
52385,2005,1.7319,12,6929
52385,2006,2.3085,16,6931
52385,2007,1.4554,10,6871
52385,2008,0.5838,4,6852
52385,2009,2.3536,16,6798
52385,2010,3.2506,22,6768
52385,2011,3.2362,22,6798
52385,2012,2.835,19,6702
52385,2013,3.4308,23,6704
52385,2014,3.0152,20,6633
52385,2015,3.7885,25,6599
52390,1998,0.3762,3,7975
52390,1999,0.377,3,7957
52390,2000,1.0078,8,7938
52390,2001,1.3965,11,7877
52390,2002,0.5074,4,7883
52390,2003,0.7608,6,7886
52390,2004,0.509,4,7859
52390,2005,1.6558,13,7851
52390,2006,2.3006,18,7824
52390,2007,1.2788,10,7820
52390,2008,1.4113,11,7794
52390,2009,0.9015,7,7765
52390,2010,1.6774,13,7750
52390,2011,1.4217,11,7737
52390,2012,1.4357,11,7662
52390,2013,0.6596,5,7580
52390,2014,0.6609,5,7566
52390,2015,1.5921,12,7537
52399,1998,3.6722,98,26687
52399,1999,3.7492,101,26939
52399,2000,4.0743,111,27244
52399,2001,4.4568,123,27598
52399,2002,4.3657,122,27945
52399,2003,3.9962,113,28277
52399,2004,4.3354,124,28602
52399,2005,3.0088,87,28915
52399,2006,3.9676,116,29237
52399,2007,4.197,124,29545
52399,2008,4.5616,136,29814
52399,2009,5.3878,162,30068
52399,2010,4.852,147,30297
52399,2011,4.3904,134,30521
52399,2012,4.1953,129,30749
52399,2013,4.9436,153,30949
52399,2014,5.1392,160,31133
52399,2015,5.137,161,31341
52405,1998,1.0166,10,9837
52405,1999,1.2205,12,9832
52405,2000,0.4072,4,9823
52405,2001,1.5289,15,9811
52405,2002,1.5241,15,9842
52405,2003,2.1279,21,9869
52405,2004,2.8352,28,9876
52405,2005,3.1313,31,9900
52405,2006,2.316,23,9931
52405,2007,3.1159,31,9949
52405,2008,4.025,40,9938
52405,2009,4.025,40,9938
52405,2010,4.0278,40,9931
52405,2011,2.6202,26,9923
52405,2012,3.3381,33,9886
52405,2013,3.3381,33,9886
52405,2014,3.1462,31,9853
52405,2015,2.9361,29,9877
52411,1998,2.7602,34,12318
52411,1999,3.7686,46,12206
52411,2000,4.6408,56,12067
52411,2001,3.9229,47,11981
52411,2002,3.6101,43,11911
52411,2003,5.0766,60,11819
52411,2004,5.7075,67,11739
52411,2005,3.2545,38,11676
52411,2006,5.5153,64,11604
52411,2007,6.6927,77,11505
52411,2008,7.1034,81,11403
52411,2009,5.5772,63,11296
52411,2010,5.1744,58,11209
52411,2011,5.3981,60,11115
52411,2012,6.1728,68,11016
52411,2013,6.717,73,10868
52411,2014,6.1544,66,10724
52411,2015,4.0762,43,10549
52418,1998,2.9927,34,11361
52418,1999,3.3697,38,11277
52418,2000,4.0243,45,11182
52418,2001,4.8618,54,11107
52418,2002,4.531,50,11035
52418,2003,5.0123,55,10973
52418,2004,5.6813,62,10913
52418,2005,3.8785,42,10829
52418,2006,5.667,61,10764
52418,2007,5.3127,57,10729
52418,2008,3.8596,41,10623
52418,2009,4.2816,45,10510
52418,2010,3.5488,37,10426
52418,2011,3.8786,40,10313
52418,2012,4.0271,41,10181
52418,2013,3.6695,37,10083
52418,2014,4.7752,48,10052
52418,2015,4.7576,47,9879
52427,1998,0.1537,2,13016
52427,1999,0.1468,2,13625
52427,2000,1.125,16,14222
52427,2001,0.6727,10,14865
52427,2002,0.3873,6,15493
52427,2003,0.6207,10,16112
52427,2004,0.3566,6,16826
52427,2005,0.3444,6,17422
52427,2006,0.6091,11,18059
52427,2007,0.535,10,18691
52427,2008,0.4662,9,19303
52427,2009,0.4526,9,19883
52427,2010,0.2928,6,20494
52427,2011,0.3326,7,21049
52427,2012,0.6482,14,21598
52427,2013,0.3615,8,22130
52427,2014,0.4855,11,22655
52427,2015,0.4741,11,23200
52435,1998,2.2846,17,7441
52435,1999,2.2646,17,7507
52435,2000,3.1788,24,7550
52435,2001,1.4308,11,7688
52435,2002,2.9743,23,7733
52435,2003,3.6882,29,7863
52435,2004,3.025,24,7934
52435,2005,3.3578,27,8041
52435,2006,3.5544,29,8159
52435,2007,2.9063,24,8258
52435,2008,4.5635,38,8327
52435,2009,5.4749,46,8402
52435,2010,4.4716,38,8498
52435,2011,3.4965,30,8580
52435,2012,6.1851,53,8569
52435,2013,3.5975,31,8617
52435,2014,3.3226,29,8728
52435,2015,4.5295,40,8831
52473,1998,0.7274,6,8249
52473,1999,0.7107,6,8442
52473,2000,0.5756,5,8687
52473,2001,0.8983,8,8906
52473,2002,0.1094,1,9137
52473,2003,0.2139,2,9349
52473,2004,0.3139,3,9556
52473,2005,1.129,11,9743
52473,2006,1.6038,16,9976
52473,2007,1.2808,13,10150
52473,2008,2.7019,28,10363
52473,2009,2.2704,24,10571
52473,2010,1.3026,14,10748
52473,2011,1.4675,16,10903
52473,2012,2.0781,23,11068
52473,2013,1.3382,15,11209
52473,2014,1.4948,17,11373
52473,2015,2.0799,24,11539
52480,2001,0.4114,2,4861
52480,2002,0.8354,4,4788
52480,2003,1.2594,6,4764
52480,2004,3.7752,18,4768
52480,2005,3.8095,18,4725
52480,2006,2.116,10,4726
52480,2007,3.6086,17,4711
52480,2008,4.4614,21,4707
52480,2009,3.4423,16,4648
52480,2010,4.8151,22,4569
52480,2011,4.6399,21,4526
52480,2012,6.1837,28,4528
52480,2013,5.9867,27,4510
52480,2014,5.392,24,4451
52480,2015,5.7445,25,4352
52490,1998,1.1025,31,28119
52490,1999,0.5717,16,27989
52490,2000,0.4315,12,27813
52490,2001,1.6955,47,27720
52490,2002,0.76,21,27631
52490,2003,1.0519,29,27569
52490,2004,0.5454,15,27501
52490,2005,0.511,14,27396
52490,2006,1.9742,54,27353
52490,2007,1.1385,31,27229
52490,2008,1.6946,46,27145
52490,2009,2.4796,67,27020
52490,2010,1.2291,33,26850
52490,2011,1.1235,30,26703
52490,2012,0.9799,26,26533
52490,2013,0.8355,22,26330
52490,2014,1.188,31,26095
52490,2015,1.3486,35,25953
52506,1998,2.7685,19,6863
52506,1999,1.3049,9,6897
52506,2000,1.4465,10,6913
52506,2001,1.7351,12,6916
52506,2002,5.9086,41,6939
52506,2003,6.7162,47,6998
52506,2004,4.6975,33,7025
52506,2005,1.2751,9,7058
52506,2006,4.9519,35,7068
52506,2007,4.5159,32,7086
52506,2008,3.6594,26,7105
52506,2009,3.0982,22,7101
52506,2010,5.2076,37,7105
52506,2011,5.1996,37,7116
52506,2012,4.7847,34,7106
52506,2013,6.0572,43,7099
52506,2014,4.2349,30,7084
52506,2015,4.822,34,7051
52520,1998,0.3875,4,10322
52520,1999,0.7589,8,10541
52520,2000,0.4645,5,10764
52520,2001,0.2732,3,10981
52520,2002,1.6057,18,11210
52520,2003,2.0112,23,11436
52520,2004,1.8871,22,11658
52520,2005,0.4208,5,11881
52520,2006,0.9918,12,12099
52520,2007,1.2187,15,12308
52520,2008,0.7993,10,12511
52520,2009,2.1236,27,12714
52520,2010,0.9292,12,12915
52520,2011,1.4524,19,13082
52520,2012,0.9823,13,13234
52520,2013,1.8622,25,13425
52520,2014,1.5438,21,13603
52520,2015,1.4536,20,13759
52540,1998,2.6319,24,9119
52540,1999,1.8573,17,9153
52540,2000,2.391,22,9201
52540,2001,5.2146,48,9205
52540,2002,5.1696,48,9285
52540,2003,6.0794,57,9376
52540,2004,7.4286,70,9423
52540,2005,3.4784,33,9487
52540,2006,6.7149,64,9531
52540,2007,7.7099,74,9598
52540,2008,4.1464,40,9647
52540,2009,4.5506,44,9669
52540,2010,4.53,44,9713
52540,2011,2.7698,27,9748
52540,2012,4.8062,47,9779
52540,2013,3.0615,30,9799
52540,2014,5.001,49,9798
52540,2015,4.0622,40,9847
52560,1998,2.7187,33,12138
52560,1999,2.2435,27,12035
52560,2000,4.523,54,11939
52560,2001,4.6327,55,11872
52560,2002,4.135,49,11850
52560,2003,4.3213,51,11802
52560,2004,5.5362,65,11741
52560,2005,4.2823,50,11676
52560,2006,4.6512,54,11610
52560,2007,6.5812,76,11548
52560,2008,5.7587,66,11461
52560,2009,6.0702,69,11367
52560,2010,5.5851,63,11280
52560,2011,4.9125,55,11196
52560,2012,5.5906,62,11090
52560,2013,4.5625,50,10959
52560,2014,4.8979,53,10821
52560,2015,5.239,56,10689
52565,1998,2.5647,24,9358
52565,1999,1.8567,17,9156
52565,2000,1.9043,17,8927
52565,2001,0.6852,6,8756
52565,2002,1.6388,14,8543
52565,2003,2.5063,21,8379
52565,2004,2.1924,18,8210
52565,2005,1.6173,13,8038
52565,2006,3.0663,24,7827
52565,2007,1.9478,15,7701
52565,2008,1.4667,11,7500
52565,2009,2.5935,19,7326
52565,2010,1.8282,13,7111
52565,2011,1.8705,13,6950
52565,2012,2.6862,18,6701
52565,2013,2.1572,14,6490
52565,2014,2.8495,18,6317
52565,2015,3.1353,19,6060
52573,1998,1.178,11,9338
52573,1999,1.2892,12,9308
52573,2000,6.5804,61,9270
52573,2001,5.4048,50,9251
52573,2002,5.9556,55,9235
52573,2003,3.6805,34,9238
52573,2004,3.5784,33,9222
52573,2005,1.5229,14,9193
52573,2006,4.1449,38,9168
52573,2007,6.4403,59,9161
52573,2008,5.0367,46,9133
52573,2009,4.9911,45,9016
52573,2010,5.673,51,8990
52573,2011,5.5935,50,8939
52573,2012,6.7039,60,8950
52573,2013,4.9327,44,8920
52573,2014,6.5411,58,8867
52573,2015,6.0413,53,8773
52585,1998,4.8858,83,16988
52585,1999,3.7596,64,17023
52585,2000,3.9845,68,17066
52585,2001,3.7952,65,17127
52585,2002,4.6514,80,17199
52585,2003,3.2436,56,17265
52585,2004,5.4853,95,17319
52585,2005,3.4566,60,17358
52585,2006,5.2883,92,17397
52585,2007,5.0306,88,17493
52585,2008,4.9643,87,17525
52585,2009,5.0583,89,17595
52585,2010,5.6433,99,17543
52585,2011,5.8149,102,17541
52585,2012,5.4729,96,17541
52585,2013,5.2955,93,17562
52585,2014,5.1476,90,17484
52585,2015,4.8414,85,17557
52612,1998,1.7977,22,12238
52612,1999,2.2956,29,12633
52612,2000,2.6921,35,13001
52612,2001,2.3884,32,13398
52612,2002,4.1262,57,13814
52612,2003,3.9434,56,14201
52612,2004,2.3968,35,14603
52612,2005,1.5988,24,15011
52612,2006,2.9102,45,15463
52612,2007,3.721,59,15856
52612,2008,2.9626,48,16202
52612,2009,2.8951,48,16580
52612,2010,3.0069,51,16961
52612,2011,4.157,72,17320
52612,2012,2.2045,39,17691
52612,2013,3.662,66,18023
52612,2014,2.8299,52,18375
52612,2015,2.8374,53,18679
52621,1998,0.1823,2,10971
52621,1999,0.4515,5,11075
52621,2000,0.18,2,11113
52621,2001,0.7138,8,11208
52621,2002,0.704,8,11364
52621,2003,0.2614,3,11477
52621,2004,0.5168,6,11610
52621,2005,0.6846,8,11686
52621,2006,1.2706,15,11805
52621,2007,1.0879,13,11950
52621,2008,1.4163,17,12003
52621,2009,1.9015,23,12096
52621,2010,2.1371,26,12166
52621,2011,1.4707,18,12239
52621,2012,1.4618,18,12314
52621,2013,0.9714,12,12353
52621,2014,1.5261,19,12450
52621,2015,1.5156,19,12536
52678,1998,1.6394,68,41478
52678,1999,2.7411,112,40860
52678,2000,3.2826,132,40212
52678,2001,3.0033,119,39623
52678,2002,3.4513,135,39116
52678,2003,3.8357,148,38585
52678,2004,3.9402,150,38069
52678,2005,1.5991,60,37521
52678,2006,3.6498,135,36988
52678,2007,3.7048,135,36439
52678,2008,4.2163,151,35813
52678,2009,3.9759,140,35212
52678,2010,2.8356,98,34560
52678,2011,3.3561,114,33968
52678,2012,3.6627,122,33309
52678,2013,3.7072,121,32639
52678,2014,4.1583,133,31984
52678,2015,4.1784,131,31352
52683,1998,3.7747,101,26757
52683,1999,2.151,57,26499
52683,2000,3.5541,93,26167
52683,2001,2.3921,62,25919
52683,2002,5.7961,149,25707
52683,2003,4.7574,121,25434
52683,2004,4.4055,111,25196
52683,2005,2.6456,66,24947
52683,2006,4.2978,106,24664
52683,2007,5.5793,136,24376
52683,2008,5.3937,130,24102
52683,2009,4.8836,116,23753
52683,2010,4.7381,111,23427
52683,2011,4.8393,112,23144
52683,2012,5.0022,114,22790
52683,2013,5.4338,122,22452
52683,2014,5.6921,126,22136
52683,2015,4.501,98,21773
52685,1998,1.6464,16,9718
52685,1999,2.5728,25,9717
52685,2000,2.4801,24,9677
52685,2001,2.6949,26,9648
52685,2002,0.9325,9,9651
52685,2003,0.9335,9,9641
52685,2004,1.1408,11,9642
52685,2005,2.2833,22,9635
52685,2006,4.3636,42,9625
52685,2007,3.0158,29,9616
52685,2008,1.9887,19,9554
52685,2009,2.0964,20,9540
52685,2010,3.7748,36,9537
52685,2011,3.1596,30,9495
52685,2012,2.2152,21,9480
52685,2013,3.6128,34,9411
52685,2014,4.2772,40,9352
52685,2015,3.213,30,9337
52687,1998,2.1221,35,16493
52687,1999,3.1957,53,16585
52687,2000,3.9533,66,16695
52687,2001,1.9666,33,16780
52687,2002,3.78,64,16931
52687,2003,3.1012,53,17090
52687,2004,3.8316,66,17225
52687,2005,3.9171,68,17360
52687,2006,4.5699,80,17506
52687,2007,3.743,66,17633
52687,2008,1.9142,34,17762
52687,2009,3.3085,59,17833
52687,2010,3.9603,71,17928
52687,2011,3.8839,70,18023
52687,2012,4.4737,81,18106
52687,2013,3.5836,65,18138
52687,2014,4.3004,78,18138
52687,2015,3.6125,66,18270
52693,1998,0.8331,15,18005
52693,1999,3.6404,65,17855
52693,2000,2.9932,53,17707
52693,2001,3.0675,54,17604
52693,2002,2.5689,45,17517
52693,2003,3.27,57,17431
52693,2004,4.6686,81,17350
52693,2005,2.2605,39,17253
52693,2006,5.0149,86,17149
52693,2007,5.4019,92,17031
52693,2008,5.3744,91,16932
52693,2009,5.8455,98,16765
52693,2010,5.4717,91,16631
52693,2011,4.7422,78,16448
52693,2012,5.8339,95,16284
52693,2013,3.955,64,16182
52693,2014,4.6109,74,16049
52693,2015,3.8333,61,15913
52694,1998,0.8457,5,5912
52694,1999,5.197,31,5965
52694,2000,5.1538,31,6015
52694,2001,4.6212,28,6059
52694,2002,4.2338,26,6141
52694,2003,5.507,34,6174
52694,2004,3.8579,24,6221
52694,2005,3.0245,19,6282
52694,2006,5.8167,37,6361
52694,2007,5.1651,33,6389
52694,2008,3.8694,25,6461
52694,2009,4.9185,32,6506
52694,2010,4.2715,28,6555
52694,2011,4.7372,31,6544
52694,2012,3.3588,22,6550
52694,2013,5.741,38,6619
52694,2014,5.2655,35,6647
52694,2015,4.3309,29,6696
52696,1998,0.484,5,10330
52696,1999,0.8571,9,10500
52696,2000,0.188,2,10636
52696,2001,0.5534,6,10843
52696,2002,0.4544,5,11004
52696,2003,0.6249,7,11201
52696,2004,0.7035,8,11372
52696,2005,0.2597,3,11551
52696,2006,0.6802,8,11762
52696,2007,0.2514,3,11933
52696,2008,0.9091,11,12100
52696,2009,0.8138,10,12288
52696,2010,0.6448,8,12407
52696,2011,0.6366,8,12566
52696,2012,0.9457,12,12689
52696,2013,0.9383,12,12789
52696,2014,0.7735,10,12929
52696,2015,1.0701,14,13083
52699,1998,3.2503,30,9230
52699,1999,3.2182,30,9322
52699,2000,3.8286,36,9403
52699,2001,2.5223,24,9515
52699,2002,3.7379,36,9631
52699,2003,4.0194,39,9703
52699,2004,2.7509,27,9815
52699,2005,2.1148,21,9930
52699,2006,3.1866,32,10042
52699,2007,3.5552,36,10126
52699,2008,4.3129,44,10202
52699,2009,3.2997,34,10304
52699,2010,3.2904,34,10333
52699,2011,2.3115,24,10383
52699,2012,2.5827,27,10454
52699,2013,3.7129,39,10504
52699,2014,5.4224,57,10512
52699,2015,3.7786,40,10586
52720,1998,4.0094,29,7233
52720,1999,2.3494,17,7236
52720,2000,6.0648,44,7255
52720,2001,4.813,35,7272
52720,2002,3.2698,24,7340
52720,2003,4.3632,32,7334
52720,2004,1.7699,13,7345
52720,2005,1.7541,13,7411
52720,2006,2.2995,17,7393
52720,2007,2.8371,21,7402
52720,2008,1.8924,14,7398
52720,2009,4.3325,32,7386
52720,2010,5.1491,38,7380
52720,2011,4.5051,33,7325
52720,2012,3.8298,28,7311
52720,2013,4.7971,35,7296
52720,2014,5.8872,43,7304
52720,2015,4.624,34,7353
52786,1998,3.9461,72,18246
52786,1999,3.6166,66,18249
52786,2000,3.6246,66,18209
52786,2001,4.8904,89,18199
52786,2002,4.1751,76,18203
52786,2003,3.8314,70,18270
52786,2004,4.1555,76,18289
52786,2005,3.006,55,18297
52786,2006,4.7998,88,18334
52786,2007,5.4104,99,18298
52786,2008,4.158,76,18278
52786,2009,6.3952,117,18295
52786,2010,6.1289,112,18274
52786,2011,5.575,102,18296
52786,2012,4.6711,85,18197
52786,2013,5.2431,95,18119
52786,2014,5.0753,92,18127
52786,2015,6.0972,110,18041
52788,1998,2.0114,25,12429
52788,1999,2.4788,31,12506
52788,2000,1.2761,16,12538
52788,2001,2.622,33,12586
52788,2002,4.983,63,12643
52788,2003,4.2211,54,12793
52788,2004,3.9646,51,12864
52788,2005,4.3313,56,12929
52788,2006,4.0663,53,13034
52788,2007,4.9721,65,13073
52788,2008,5.469,72,13165
52788,2009,6.1447,81,13182
52788,2010,4.0702,54,13267
52788,2011,5.1989,69,13272
52788,2012,4.4981,60,13339
52788,2013,4.5775,61,13326
52788,2014,5.2462,70,13343
52788,2015,4.3326,58,13387
52835,1998,1.1969,203,169598
52835,1999,2.4808,432,174137
52835,2000,2.6381,471,178538
52835,2001,2.1976,403,183386
52835,2002,2.391,450,188204
52835,2003,2.1455,414,192963
52835,2004,2.1347,422,197689
52835,2005,2.3482,475,202285
52835,2006,3.1,642,207097
52835,2007,3.1169,660,211748
52835,2008,3.0175,652,216073
52835,2009,3.405,750,220262
52835,2010,3.3123,743,224316
52835,2011,3.0882,705,228287
52835,2012,3.2088,745,232172
52835,2013,3.0868,728,235844
52835,2014,3.0533,731,239414
52835,2015,3.465,842,243000
52838,1998,2.6432,105,39725
52838,1999,2.7499,110,40001
52838,2000,2.1347,86,40287
52838,2001,3.0756,125,40643
52838,2002,4.0711,167,41021
52838,2003,2.8772,119,41359
52838,2004,2.373,99,41719
52838,2005,2.4252,102,42058
52838,2006,3.1616,134,42383
52838,2007,5.0354,215,42698
52838,2008,4.6328,199,42955
52838,2009,5.0927,220,43199
52838,2010,5.5959,243,43425
52838,2011,4.7674,208,43630
52838,2012,3.9266,172,43804
52838,2013,4.8891,215,43975
52838,2014,5.3484,236,44125
52838,2015,5.55,246,44324
52885,1998,3.7283,36,9656
52885,1999,5.4387,53,9745
52885,2000,5.9141,58,9807
52885,2001,3.5486,35,9863
52885,2002,3.6079,36,9978
52885,2003,4.7666,48,10070
52885,2004,3.6486,37,10141
52885,2005,3.222,33,10242
52885,2006,6.6841,69,10323
52885,2007,4.2373,44,10384
52885,2008,4.3046,45,10454
52885,2009,5.1365,54,10513
52885,2010,6.0315,64,10611
52885,2011,5.5171,59,10694
52885,2012,4.4622,48,10757
52885,2013,3.9121,42,10736
52885,2014,4.8077,52,10816
52885,2015,4.8624,53,10900
54001,1998,5.3864,2961,549714
54001,1999,6.0509,3398,561568
54001,2000,6.1839,3540,572454
54001,2001,5.955,3469,582538
54001,2002,6.6473,3934,591823
54001,2003,6.512,3911,600580
54001,2004,5.5097,3354,608740
54001,2005,5.5036,3393,616511
54001,2006,5.6986,3557,624184
54001,2007,5.5114,3480,631419
54001,2008,5.8617,3740,638035
54001,2009,5.8257,3753,644212
54001,2010,5.6509,3673,649990
54001,2011,5.6063,3673,655161
54001,2012,5.5494,3662,659886
54001,2013,5.6772,3772,664411
54001,2014,5.8324,3899,668507
54001,2015,5.892,3964,672777
54003,1998,3.0663,87,28373
54003,1999,4.3633,124,28419
54003,2000,4.3894,125,28478
54003,2001,4.6533,133,28582
54003,2002,3.4501,99,28695
54003,2003,4.3689,126,28840
54003,2004,4.4503,129,28987
54003,2005,3.7404,109,29141
54003,2006,4.1959,123,29314
54003,2007,3.968,117,29486
54003,2008,4.0151,119,29638
54003,2009,3.3559,100,29798
54003,2010,3.0079,90,29921
54003,2011,3.3607,101,30053
54003,2012,3.7135,112,30160
54003,2013,4.4293,134,30253
54003,2014,4.5903,139,30281
54003,2015,4.5787,139,30358
54051,1998,1.6098,16,9939
54051,1999,4.7779,47,9837
54051,2000,3.8962,38,9753
54051,2001,5.1658,50,9679
54051,2002,5.7208,55,9614
54051,2003,7.5133,72,9583
54051,2004,4.8087,46,9566
54051,2005,4.7022,45,9570
54051,2006,5.3577,51,9519
54051,2007,4.5216,43,9510
54051,2008,3.3652,32,9509
54051,2009,5.0484,48,9508
54051,2010,4.2212,40,9476
54051,2011,3.8003,36,9473
54051,2012,3.2982,31,9399
54051,2013,5.1244,48,9367
54051,2014,4.6147,43,9318
54051,2015,5.3642,50,9321
54099,1998,4.282,28,6539
54099,1999,5.6317,37,6570
54099,2000,4.5461,30,6599
54099,2001,6.3196,42,6646
54099,2002,4.1904,28,6682
54099,2003,6.5263,44,6742
54099,2004,5.8919,40,6789
54099,2005,3.9353,27,6861
54099,2006,4.0311,28,6946
54099,2007,4.2535,30,7053
54099,2008,5.1799,37,7143
54099,2009,4.0094,29,7233
54099,2010,4.6416,34,7325
54099,2011,4.0617,30,7386
54099,2012,4.859,36,7409
54099,2013,3.7787,28,7410
54099,2014,5.4732,41,7491
54099,2015,4.0935,31,7573
54109,1998,0.7685,4,5205
54109,1999,2.4981,13,5204
54109,2000,4.4325,23,5189
54109,2001,3.074,16,5205
54109,2002,2.1045,11,5227
54109,2003,1.9044,10,5251
54109,2004,2.8313,15,5298
54109,2005,2.0681,11,5319
54109,2006,3.5342,19,5376
54109,2007,2.395,13,5428
54109,2008,2.7288,15,5497
54109,2009,1.4467,8,5530
54109,2010,1.7794,10,5620
54109,2011,2.6367,15,5689
54109,2012,1.7431,10,5737
54109,2013,1.559,9,5773
54109,2014,2.4117,14,5805
54109,2015,1.3647,8,5862
54125,1998,1.6103,5,3105
54125,1999,2.6152,8,3059
54125,2000,0.9924,3,3023
54125,2001,3.6472,11,3016
54125,2002,3.3311,10,3002
54125,2003,4.0282,12,2979
54125,2004,4.4113,13,2947
54125,2005,2.7313,8,2929
54125,2006,2.4055,7,2910
54125,2007,2.4263,7,2885
54125,2008,5.2558,15,2854
54125,2009,4.9192,14,2846
54125,2010,4.6083,13,2821
54125,2011,2.4991,7,2801
54125,2012,3.5881,10,2787
54125,2013,3.2609,9,2760
54125,2014,6.2021,17,2741
54125,2015,4.8077,13,2704
54128,1998,1.145,13,11354
54128,1999,2.4942,28,11226
54128,2000,1.9813,22,11104
54128,2001,2.0839,23,11037
54128,2002,2.3677,26,10981
54128,2003,2.6567,29,10916
54128,2004,2.8482,31,10884
54128,2005,3.9558,43,10870
54128,2006,5.3397,58,10862
54128,2007,3.5065,38,10837
54128,2008,4.2475,46,10830
54128,2009,3.8878,42,10803
54128,2010,4.8471,52,10728
54128,2011,2.6205,28,10685
54128,2012,4.3107,46,10671
54128,2013,3.001,32,10663
54128,2014,3.2833,35,10660
54128,2015,3.1982,34,10631
54172,1998,4.3537,61,14011
54172,1999,5.3763,76,14136
54172,2000,6.5734,94,14300
54172,2001,4.4945,65,14462
54172,2002,4.8584,71,14614
54172,2003,5.0806,75,14762
54172,2004,5.6368,84,14902
54172,2005,4.2485,64,15064
54172,2006,4.9271,75,15222
54172,2007,4.4225,68,15376
54172,2008,5.3528,83,15506
54172,2009,3.6401,57,15659
54172,2010,3.3617,53,15766
54172,2011,3.458,55,15905
54172,2012,3.6813,59,16027
54172,2013,4.5849,74,16140
54172,2014,5.2511,85,16187
54172,2015,3.9951,65,16270
54174,1998,3.9451,42,10646
54174,1999,2.3547,25,10617
54174,2000,3.2982,35,10612
54174,2001,3.4846,37,10618
54174,2002,2.7317,29,10616
54174,2003,4.3347,46,10612
54174,2004,4.6001,49,10652
54174,2005,3.3673,36,10691
54174,2006,3.0703,33,10748
54174,2007,3.1479,34,10801
54174,2008,4.3302,47,10854
54174,2009,2.5667,28,10909
54174,2010,3.1019,34,10961
54174,2011,2.9099,32,10997
54174,2012,2.9878,33,11045
54174,2013,3.1888,35,10976
54174,2014,4.738,52,10975
54174,2015,3.8833,43,11073
54206,1998,3.4334,62,18058
54206,1999,5.1704,93,17987
54206,2000,5.8065,104,17911
54206,2001,4.8144,86,17863
54206,2002,3.3061,59,17846
54206,2003,3.7588,67,17825
54206,2004,3.3124,59,17812
54206,2005,3.6445,65,17835
54206,2006,3.0809,55,17852
54206,2007,3.1364,56,17855
54206,2008,3.1337,56,17870
54206,2009,2.5741,46,17870
54206,2010,3.2952,59,17905
54206,2011,2.9622,53,17892
54206,2012,3.5828,64,17863
54206,2013,3.3563,60,17877
54206,2014,2.7514,49,17809
54206,2015,3.4882,62,17774
54223,1998,3.1783,27,8495
54223,1999,6.9048,58,8400
54223,2000,6.2335,52,8342
54223,2001,4.9613,41,8264
54223,2002,4.5326,37,8163
54223,2003,8.934,73,8171
54223,2004,5.2995,43,8114
54223,2005,5.6853,46,8091
54223,2006,7.0423,57,8094
54223,2007,5.4469,44,8078
54223,2008,5.1027,41,8035
54223,2009,3.8711,31,8008
54223,2010,5.8986,47,7968
54223,2011,3.5305,28,7931
54223,2012,4.8004,38,7916
54223,2013,4.3093,34,7890
54223,2014,4.4411,35,7881
54223,2015,5.3245,42,7888
54239,1998,6.0758,29,4773
54239,1999,4.8493,23,4743
54239,2000,5.936,28,4717
54239,2001,5.3191,25,4700
54239,2002,4.7261,22,4655
54239,2003,5.6411,26,4609
54239,2004,7.5971,35,4607
54239,2005,4.9967,23,4603
54239,2006,3.9361,18,4573
54239,2007,3.2996,15,4546
54239,2008,5.5224,25,4527
54239,2009,4.2147,19,4508
54239,2010,4.4415,20,4503
54239,2011,6.257,28,4475
54239,2012,6.3148,28,4434
54239,2013,4.9706,22,4426
54239,2014,5.1872,23,4434
54239,2015,4.7415,21,4429
54245,1998,3.3442,45,13456
54245,1999,3.834,51,13302
54245,2000,3.8674,51,13187
54245,2001,4.1288,54,13079
54245,2002,4.3123,56,12986
54245,2003,3.322,43,12944
54245,2004,2.3225,30,12917
54245,2005,2.3223,30,12918
54245,2006,2.6426,34,12866
54245,2007,3.2749,42,12825
54245,2008,3.1165,40,12835
54245,2009,3.0305,39,12869
54245,2010,2.1749,28,12874
54245,2011,2.8787,37,12853
54245,2012,3.9981,51,12756
54245,2013,4.0794,52,12747
54245,2014,3.5289,45,12752
54245,2015,3.9987,51,12754
54250,1998,1.2975,15,11561
54250,1999,0.8398,10,11907
54250,2000,3.0947,38,12279
54250,2001,3.0825,39,12652
54250,2002,4.6033,60,13034
54250,2003,4.5411,61,13433
54250,2004,3.6135,50,13837
54250,2005,2.1756,31,14249
54250,2006,2.7929,41,14680
54250,2007,3.1805,48,15092
54250,2008,2.5143,39,15511
54250,2009,2.9425,47,15973
54250,2010,2.9376,48,16340
54250,2011,1.6706,28,16760
54250,2012,1.6917,29,17143
54250,2013,1.7705,31,17509
54250,2014,2.3497,42,17875
54250,2015,2.6855,49,18246
54261,1998,5.7266,106,18510
54261,1999,4.2821,81,18916
54261,2000,5.7608,111,19268
54261,2001,4.2822,84,19616
54261,2002,5.5422,111,20028
54261,2003,4.7022,96,20416
54261,2004,4.6576,97,20826
54261,2005,3.7723,80,21207
54261,2006,3.6101,78,21606
54261,2007,3.7254,82,22011
54261,2008,3.7492,84,22405
54261,2009,3.9085,89,22771
54261,2010,4.0175,93,23149
54261,2011,4.3377,102,23515
54261,2012,4.1092,98,23849
54261,2013,4.0563,98,24160
54261,2014,3.8559,94,24378
54261,2015,4.4489,110,24725
54313,1998,4.9825,37,7426
54313,1999,5.1553,38,7371
54313,2000,6.7031,49,7310
54313,2001,6.8738,50,7274
54313,2002,4.7026,34,7230
54313,2003,4.2954,31,7217
54313,2004,6.6593,48,7208
54313,2005,5.9964,43,7171
54313,2006,2.9248,21,7180
54313,2007,3.2011,23,7185
54313,2008,4.3074,31,7197
54313,2009,3.4887,25,7166
54313,2010,3.7324,27,7234
54313,2011,1.6711,12,7181
54313,2012,1.6954,12,7078
54313,2013,2.6992,19,7039
54313,2014,2.5381,18,7092
54313,2015,2.5327,18,7107
54344,1998,1.3892,13,9358
54344,1999,1.508,14,9284
54344,2000,1.4103,13,9218
54344,2001,0.6532,6,9185
54344,2002,1.5234,14,9190
54344,2003,2.2878,21,9179
54344,2004,1.3039,12,9203
54344,2005,2.2747,21,9232
54344,2006,2.4865,23,9250
54344,2007,1.6107,15,9313
54344,2008,1.6005,15,9372
54344,2009,1.8089,17,9398
54344,2010,1.3799,13,9421
54344,2011,1.6931,16,9450
54344,2012,2.0089,19,9458
54344,2013,1.8965,18,9491
54344,2014,1.5763,15,9516
54344,2015,1.4675,14,9540
54347,1998,1.0877,6,5516
54347,1999,2.7203,15,5514
54347,2000,0.7218,4,5542
54347,2001,0.8967,5,5576
54347,2002,2.8571,16,5600
54347,2003,3.3712,19,5636
54347,2004,1.7581,10,5688
54347,2005,1.3915,8,5749
54347,2006,1.5523,9,5798
54347,2007,2.2237,13,5846
54347,2008,2.0356,12,5895
54347,2009,1.8392,11,5981
54347,2010,2.4839,15,6039
54347,2011,1.1519,7,6077
54347,2012,0.9777,6,6137
54347,2013,1.7739,11,6201
54347,2014,1.9209,12,6247
54347,2015,1.4279,9,6303
54377,1998,4.908,32,6520
54377,1999,5.4205,35,6457
54377,2000,4.2254,27,6390
54377,2001,6.3082,40,6341
54377,2002,5.0665,32,6316
54377,2003,4.7748,30,6283
54377,2004,4.3042,27,6273
54377,2005,4.7862,30,6268
54377,2006,5.2724,33,6259
54377,2007,5.4244,34,6268
54377,2008,5.2749,33,6256
54377,2009,5.9314,37,6238
54377,2010,4.8536,30,6181
54377,2011,4.5491,28,6155
54377,2012,5.8776,36,6125
54377,2013,5.3886,33,6124
54377,2014,5.5393,34,6138
54377,2015,4.4096,27,6123
54385,1998,2.2333,13,5821
54385,1999,1.8291,11,6014
54385,2000,2.8986,18,6210
54385,2001,2.4887,16,6429
54385,2002,2.0993,14,6669
54385,2003,2.3182,16,6902
54385,2004,3.2181,23,7147
54385,2005,2.969,22,7410
54385,2006,4.5656,35,7666
54385,2007,3.6501,29,7945
54385,2008,3.7567,31,8252
54385,2009,4.2328,36,8505
54385,2010,4.3325,38,8771
54385,2011,2.7704,25,9024
54385,2012,1.5067,14,9292
54385,2013,2.0899,20,9570
54385,2014,2.2315,22,9859
54385,2015,2.1696,22,10140
54398,1998,1.8677,14,7496
54398,1999,2.154,16,7428
54398,2000,2.3013,17,7387
54398,2001,1.7711,13,7340
54398,2002,2.461,18,7314
54398,2003,1.3748,10,7274
54398,2004,2.7522,20,7267
54398,2005,2.8994,21,7243
54398,2006,2.4852,18,7243
54398,2007,3.053,22,7206
54398,2008,3.0441,22,7227
54398,2009,2.7782,20,7199
54398,2010,3.194,23,7201
54398,2011,2.9126,21,7210
54398,2012,4.4297,32,7224
54398,2013,4.1459,30,7236
54398,2014,3.5798,26,7263
54398,2015,3.4364,25,7275
54405,1998,2.9683,143,48176
54405,1999,3.2154,163,50693
54405,2000,4.0103,213,53113
54405,2001,4.4379,246,55432
54405,2002,4.7491,274,57695
54405,2003,4.4424,266,59877
54405,2004,3.9992,248,62012
54405,2005,3.745,240,64085
54405,2006,3.1907,211,66129
54405,2007,3.6397,248,68137
54405,2008,3.3832,237,70052
54405,2009,3.089,222,71867
54405,2010,3.8165,281,73628
54405,2011,3.2799,247,75308
54405,2012,3.3296,256,76886
54405,2013,3.3378,262,78495
54405,2014,3.9765,318,79969
54405,2015,3.2798,267,81407
54418,1998,1.5341,6,3911
54418,1999,2.8183,11,3903
54418,2000,2.0629,8,3878
54418,2001,3.6307,14,3856
54418,2002,3.6316,14,3855
54418,2003,1.5576,6,3852
54418,2004,2.3101,9,3896
54418,2005,3.5833,14,3907
54418,2006,2.3059,9,3903
54418,2007,3.872,15,3874
54418,2008,3.3428,13,3889
54418,2009,5.8899,23,3905
54418,2010,3.8501,15,3896
54418,2011,4.4352,17,3833
54418,2012,2.097,8,3815
54418,2013,3.9185,15,3828
54418,2014,2.8803,11,3819
54418,2015,3.134,12,3829
54480,1998,3.809,13,3413
54480,1999,4.3975,15,3411
54480,2000,6.7389,23,3413
54480,2001,3.4773,12,3451
54480,2002,6.3218,22,3480
54480,2003,6.3146,22,3484
54480,2004,5.7339,20,3488
54480,2005,4.8502,17,3505
54480,2006,4.2111,15,3562
54480,2007,5.3236,19,3569
54480,2008,4.9451,18,3640
54480,2009,4.3632,16,3667
54480,2010,4.5479,17,3738
54480,2011,3.183,12,3770
54480,2012,5.8216,22,3779
54480,2013,5.284,20,3785
54480,2014,3.6354,14,3851
54480,2015,6.1131,24,3926
54498,1998,3.5486,332,93559
54498,1999,4.4514,424,95251
54498,2000,3.9133,379,96849
54498,2001,3.9461,388,98325
54498,2002,3.9714,396,99714
54498,2003,4.2763,432,101022
54498,2004,4.3805,448,102271
54498,2005,4.7369,490,103443
54498,2006,5.0857,532,104607
54498,2007,4.8321,511,105752
54498,2008,5.1607,551,106769
54498,2009,4.9292,531,107725
54498,2010,4.3913,477,108624
54498,2011,4.2321,463,109403
54498,2012,4.7123,519,110137
54498,2013,5.0083,555,110817
54498,2014,5.3138,592,111409
54498,2015,6.0187,674,111985
54518,1998,5.2527,247,47023
54518,1999,5.2963,251,47392
54518,2000,5.3462,255,47697
54518,2001,5.6503,271,47962
54518,2002,5.5015,265,48169
54518,2003,5.1739,250,48319
54518,2004,5.4065,262,48460
54518,2005,4.796,233,48582
54518,2006,4.4752,218,48713
54518,2007,4.573,223,48765
54518,2008,5.1434,251,48800
54518,2009,4.7345,231,48791
54518,2010,5.1233,250,48797
54518,2011,4.8395,236,48765
54518,2012,4.9513,241,48674
54518,2013,4.8543,236,48617
54518,2014,4.9105,238,48468
54518,2015,5.2914,256,48380
54520,1998,4.2322,21,4962
54520,1999,3.6459,18,4937
54520,2000,4.2545,21,4936
54520,2001,4.0626,20,4923
54520,2002,6.3072,31,4915
54520,2003,5.2813,26,4923
54520,2004,5.0638,25,4937
54520,2005,4.4571,22,4936
54520,2006,4.4097,22,4989
54520,2007,4.8,24,5000
54520,2008,1.7925,9,5021
54520,2009,5.9512,30,5041
54520,2010,1.3848,7,5055
54520,2011,3.3531,17,5070
54520,2012,4.9058,25,5096
54520,2013,5.6685,29,5116
54520,2014,4.88,25,5123
54520,2015,3.8956,20,5134
54553,1998,5.698,28,4914
54553,1999,6.4365,33,5127
54553,2000,8.1406,44,5405
54553,2001,7.5201,42,5585
54553,2002,6.5984,38,5759
54553,2003,5.2171,31,5942
54553,2004,4.7533,29,6101
54553,2005,5.5327,35,6326
54553,2006,5.0691,33,6510
54553,2007,2.8537,19,6658
54553,2008,5.2616,36,6842
54553,2009,5.7069,40,7009
54553,2010,6.3052,45,7137
54553,2011,5.484,40,7294
54553,2012,5.7897,43,7427
54553,2013,6.5859,50,7592
54553,2014,5.6011,43,7677
54553,2015,7.0758,55,7773
54599,1998,4.7762,27,5653
54599,1999,4.5977,26,5655
54599,2000,6.5743,37,5628
54599,2001,3.1983,18,5628
54599,2002,4.102,23,5607
54599,2003,2.8434,16,5627
54599,2004,1.7765,10,5629
54599,2005,3.5455,20,5641
54599,2006,3.5411,20,5648
54599,2007,3.876,22,5676
54599,2008,3.1819,18,5657
54599,2009,1.3988,8,5719
54599,2010,3.3252,19,5714
54599,2011,3.8348,22,5737
54599,2012,2.0729,12,5789
54599,2013,2.9882,17,5689
54599,2014,3.3772,19,5626
54599,2015,4.5847,26,5671
54660,1998,4.2455,46,10835
54660,1999,3.7272,40,10732
54660,2000,3.1949,34,10642
54660,2001,5.0118,53,10575
54660,2002,3.8922,41,10534
54660,2003,2.8651,30,10471
54660,2004,3.8333,40,10435
54660,2005,4.8156,50,10383
54660,2006,3.3797,35,10356
54660,2007,3.4813,36,10341
54660,2008,2.6252,27,10285
54660,2009,3.7964,39,10273
54660,2010,3.8933,40,10274
54660,2011,4.02,41,10199
54660,2012,4.8347,49,10135
54660,2013,3.298,33,10006
54660,2014,4.0926,41,10018
54660,2015,3.096,31,10013
54670,1998,1.48,15,10135
54670,1999,0.793,8,10088
54670,2000,1.3878,14,10088
54670,2001,1.0845,11,10143
54670,2002,1.0786,11,10198
54670,2003,2.2398,23,10269
54670,2004,1.4514,15,10335
54670,2005,1.8253,19,10409
54670,2006,1.6183,17,10505
54670,2007,1.606,17,10585
54670,2008,2.1578,23,10659
54670,2009,1.95,21,10769
54670,2010,1.2851,14,10894
54670,2011,2.2775,25,10977
54670,2012,1.2632,14,11083
54670,2013,1.1672,13,11138
54670,2014,1.8717,21,11220
54670,2015,0.7082,8,11297
54673,1998,2.7397,12,4380
54673,1999,2.6894,12,4462
54673,2000,3.2758,15,4579
54673,2001,3.2065,15,4678
54673,2002,3.9882,19,4764
54673,2003,2.8595,14,4896
54673,2004,4.4106,22,4988
54673,2005,2.9343,15,5112
54673,2006,5.364,28,5220
54673,2007,4.4969,24,5337
54673,2008,5.2252,29,5550
54673,2009,4.05,23,5679
54673,2010,4.3539,25,5742
54673,2011,3.2357,19,5872
54673,2012,1.505,9,5980
54673,2013,3.5924,22,6124
54673,2014,5.111,32,6261
54673,2015,4.0855,26,6364
54680,1998,2.4297,7,2881
54680,1999,3.801,11,2894
54680,2000,2.4213,7,2891
54680,2001,4.5045,13,2886
54680,2002,4.1251,12,2909
54680,2003,6.5046,19,2921
54680,2004,3.7504,11,2933
54680,2005,2.0013,6,2998
54680,2006,3.2787,10,3050
54680,2007,3.5599,11,3090
54680,2008,2.253,7,3107
54680,2009,2.5575,8,3128
54680,2010,2.5381,8,3152
54680,2011,4.152,13,3131
54680,2012,2.5518,8,3135
54680,2013,3.1786,10,3146
54680,2014,4.4164,14,3170
54680,2015,5.022,16,3186
54720,1998,3.626,83,22890
54720,1999,3.1078,71,22846
54720,2000,4.3379,99,22822
54720,2001,4.3324,99,22851
54720,2002,4.5856,105,22898
54720,2003,2.7882,64,22954
54720,2004,4.385,101,23033
54720,2005,3.9763,92,23137
54720,2006,4.7699,111,23271
54720,2007,3.252,76,23370
54720,2008,4.7244,111,23495
54720,2009,3.2173,76,23622
54720,2010,4.3469,103,23695
54720,2011,2.6479,63,23792
54720,2012,2.9741,71,23873
54720,2013,2.6729,64,23944
54720,2014,3.5865,86,23979
54720,2015,3.7945,91,23982
54743,1998,4.7921,28,5843
54743,1999,6.4025,37,5779
54743,2000,5.381,31,5761
54743,2001,3.4916,20,5728
54743,2002,4.1863,24,5733
54743,2003,5.0761,29,5713
54743,2004,5.4215,31,5718
54743,2005,4.187,24,5732
54743,2006,4.5494,26,5715
54743,2007,2.9663,17,5731
54743,2008,2.6201,15,5725
54743,2009,4.8343,28,5792
54743,2010,3.771,22,5834
54743,2011,4.4498,26,5843
54743,2012,3.7562,22,5857
54743,2013,3.2534,19,5840
54743,2014,4.4399,26,5856
54743,2015,3.9009,23,5896
54800,1998,1.4337,21,14647
54800,1999,1.3053,19,14556
54800,2000,2.0658,30,14522
54800,2001,2.07,30,14493
54800,2002,1.1723,17,14501
54800,2003,2.7619,40,14483
54800,2004,1.9196,28,14586
54800,2005,3.1457,46,14623
54800,2006,1.4279,21,14707
54800,2007,2.0268,30,14802
54800,2008,1.6116,24,14892
54800,2009,2.7361,41,14985
54800,2010,2.5236,38,15058
54800,2011,2.4422,37,15150
54800,2012,2.296,35,15244
54800,2013,2.0949,32,15275
54800,2014,2.2822,35,15336
54800,2015,1.7536,27,15397
54810,1998,5.5759,225,40352
54810,1999,6.9226,282,40736
54810,2000,7.923,326,41146
54810,2001,7.1801,299,41643
54810,2002,7.4986,316,42141
54810,2003,5.7801,247,42733
54810,2004,5.9351,257,43302
54810,2005,4.4188,194,43903
54810,2006,4.3536,194,44561
54810,2007,4.0472,183,45216
54810,2008,3.2936,151,45846
54810,2009,3.4206,159,46483
54810,2010,3.7353,176,47118
54810,2011,3.8358,183,47709
54810,2012,3.7283,180,48280
54810,2013,3.6665,179,48820
54810,2014,3.6072,178,49346
54810,2015,3.4282,171,49880
54820,1998,4.8472,76,15679
54820,1999,4.3741,68,15546
54820,2000,5.4348,84,15456
54820,2001,5.4117,83,15337
54820,2002,5.0944,78,15311
54820,2003,5.7686,88,15255
54820,2004,4.7828,73,15263
54820,2005,4.8726,74,15187
54820,2006,5.0698,77,15188
54820,2007,5.5314,84,15186
54820,2008,5.1366,78,15185
54820,2009,4.8752,74,15179
54820,2010,6.1378,93,15152
54820,2011,6.0289,91,15094
54820,2012,4.761,72,15123
54820,2013,6.0201,91,15116
54820,2014,5.1166,77,15049
54820,2015,5.8843,88,14955
54871,1998,2.6514,13,4903
54871,1999,2.4625,12,4873
54871,2000,2.8665,14,4884
54871,2001,4.7025,23,4891
54871,2002,2.6727,13,4864
54871,2003,3.7159,18,4844
54871,2004,3.9297,19,4835
54871,2005,3.7037,18,4860
54871,2006,4.5258,22,4861
54871,2007,3.6885,18,4880
54871,2008,3.8847,19,4891
54871,2009,4.6786,23,4916
54871,2010,3.4469,17,4932
54871,2011,3.8847,19,4891
54871,2012,4.9434,24,4855
54871,2013,3.9395,19,4823
54871,2014,4.9886,24,4811
54871,2015,5.1932,25,4814
54874,1998,2.2751,192,84392
54874,1999,2.1208,182,85815
54874,2000,2.5828,225,87116
54874,2001,3.1504,278,88243
54874,2002,2.7658,247,89306
54874,2003,2.5259,228,90265
54874,2004,2.7108,247,91116
54874,2005,2.4253,223,91948
54874,2006,2.1787,202,92714
54874,2007,2.4278,227,93500
54874,2008,2.4541,231,94129
54874,2009,3.1258,296,94697
54874,2010,2.551,243,95255
54874,2011,2.7052,259,95743
54874,2012,3.0372,292,96141
54874,2013,2.8079,271,96514
54874,2014,3.4704,336,96818
54874,2015,2.934,285,97138
63001,1998,6.1858,1630,263505
63001,1999,8.5259,2269,266130
63001,2000,6.3834,1713,268351
63001,2001,6.224,1682,270246
63001,2002,5.4922,1493,271839
63001,2003,5.811,1587,273101
63001,2004,5.6621,1553,274282
63001,2005,6.2821,1730,275385
63001,2006,5.9254,1639,276605
63001,2007,6.2022,1722,277645
63001,2008,6.0811,1694,278566
63001,2009,6.2686,1752,279490
63001,2010,6.507,1826,280619
63001,2011,6.3006,1776,281880
63001,2012,6.4044,1813,283086
63001,2013,6.7738,1925,284183
63001,2014,7.037,2009,285490
63001,2015,7.4973,2152,287036
63111,1998,5.4054,18,3330
63111,1999,4.5413,15,3303
63111,2000,3.0451,10,3284
63111,2001,3.7003,12,3243
63111,2002,4.9938,16,3204
63111,2003,6.2992,20,3175
63111,2004,4.7229,15,3176
63111,2005,4.1244,13,3152
63111,2006,3.8388,12,3126
63111,2007,4.5176,14,3099
63111,2008,5.5483,17,3064
63111,2009,4.9116,15,3054
63111,2010,3.3167,10,3015
63111,2011,8.6551,26,3004
63111,2012,3.3591,10,2977
63111,2013,3.9696,12,3023
63111,2014,5.2632,16,3040
63111,2015,5.2016,16,3076
63130,1998,5.9088,397,67188
63130,1999,7.0081,473,67493
63130,2000,6.1504,417,67801
63130,2001,6.9403,472,68009
63130,2002,5.9696,407,68179
63130,2003,6.3359,433,68341
63130,2004,5.681,389,68474
63130,2005,6.2798,431,68633
63130,2006,6.45,444,68837
63130,2007,6.2898,434,69001
63130,2008,6.4347,445,69156
63130,2009,6.4069,444,69300
63130,2010,6.187,430,69501
63130,2011,5.9321,414,69790
63130,2012,6.6405,465,70025
63130,2013,6.4035,450,70274
63130,2014,6.4621,456,70565
63130,2015,6.5243,463,70965
63190,1998,4.4704,108,24159
63190,1999,6.241,152,24355
63190,2000,6.4792,159,24540
63190,2001,5.9808,148,24746
63190,2002,6.35,158,24882
63190,2003,6.3885,160,25045
63190,2004,5.517,139,25195
63190,2005,5.5246,140,25341
63190,2006,5.5246,141,25522
63190,2007,6.7289,173,25710
63190,2008,5.6054,145,25868
63190,2009,4.8031,125,26025
63190,2010,6.6448,174,26186
63190,2011,5.7654,152,26364
63190,2012,6.774,180,26572
63190,2013,6.0527,162,26765
63190,2014,5.7896,156,26945
63190,2015,6.1983,168,27104
63212,1998,3.033,17,5605
63212,1999,6.0326,34,5636
63212,2000,6.5673,37,5634
63212,2001,5.9417,33,5554
63212,2002,4.6737,26,5563
63212,2003,3.7817,21,5553
63212,2004,4.3541,24,5512
63212,2005,4.7016,26,5530
63212,2006,4.8851,27,5527
63212,2007,4.7575,26,5465
63212,2008,6.7753,37,5461
63212,2009,4.1925,23,5486
63212,2010,5.0881,28,5503
63212,2011,3.4577,19,5495
63212,2012,4.019,22,5474
63212,2013,4.2248,23,5444
63212,2014,6.4114,35,5459
63212,2015,5.4387,30,5516
63272,1998,4.7919,57,11895
63272,1999,5.5649,66,11860
63272,2000,5.6655,67,11826
63272,2001,5.9282,70,11808
63272,2002,5.4366,64,11772
63272,2003,5.2739,62,11756
63272,2004,4.511,53,11749
63272,2005,5.2052,61,11719
63272,2006,5.1155,60,11729
63272,2007,6.0498,71,11736
63272,2008,5.7221,67,11709
63272,2009,4.3471,51,11732
63272,2010,7.4131,87,11736
63272,2011,5.7784,68,11768
63272,2012,4.9996,59,11801
63272,2013,5.5757,66,11837
63272,2014,5.0929,60,11781
63272,2015,4.8768,58,11893
63302,1998,5.4184,52,9597
63302,1999,7.5037,71,9462
63302,2000,7.2233,68,9414
63302,2001,7.9853,74,9267
63302,2002,7.043,64,9087
63302,2003,9.0331,81,8967
63302,2004,6.3291,56,8848
63302,2005,5.1535,45,8732
63302,2006,6.3165,54,8549
63302,2007,7.4424,63,8465
63302,2008,4.6768,39,8339
63302,2009,8.0439,66,8205
63302,2010,7.241,59,8148
63302,2011,6.0787,49,8061
63302,2012,6.0347,48,7954
63302,2013,6.2692,49,7816
63302,2014,7.393,57,7710
63302,2015,4.8385,37,7647
63401,1998,6.2595,173,27638
63401,1999,6.5016,182,27993
63401,2000,5.9679,169,28318
63401,2001,5.8292,167,28649
63401,2002,5.0092,145,28947
63401,2003,6.0303,176,29186
63401,2004,6.5271,192,29416
63401,2005,6.5984,196,29704
63401,2006,5.814,174,29928
63401,2007,6.6616,201,30173
63401,2008,6.4503,196,30386
63401,2009,6.4733,198,30587
63401,2010,6.6075,204,30874
63401,2011,6.7548,210,31089
63401,2012,5.9852,188,31411
63401,2013,6.1894,196,31667
63401,2014,6.6107,211,31918
63401,2015,5.6896,183,32164
63470,1998,5.8103,211,36315
63470,1999,6.3503,231,36376
63470,2000,6.3206,230,36389
63470,2001,7.249,264,36419
63470,2002,6.0494,220,36367
63470,2003,6.3586,231,36329
63470,2004,6.0915,221,36280
63470,2005,7.5061,272,36237
63470,2006,6.5484,237,36192
63470,2007,6.2507,226,36156
63470,2008,6.5884,238,36124
63470,2009,7.5386,272,36081
63470,2010,7.514,271,36066
63470,2011,7.2932,263,36061
63470,2012,6.3795,230,36053
63470,2013,7.6253,275,36064
63470,2014,7.7017,278,36096
63470,2015,6.5045,235,36129
63548,1998,6.0943,45,7384
63548,1999,7.4761,54,7223
63548,2000,9.4713,67,7074
63548,2001,7.7531,54,6965
63548,2002,5.6984,39,6844
63548,2003,4.894,33,6743
63548,2004,7.529,50,6641
63548,2005,6.5046,42,6457
63548,2006,5.6604,36,6360
63548,2007,9.7491,61,6257
63548,2008,6.2234,38,6106
63548,2009,4.9933,30,6008
63548,2010,4.5624,27,5918
63548,2011,7.9379,46,5795
63548,2012,7.4153,42,5664
63548,2013,5.5957,31,5540
63548,2014,7.9001,43,5443
63548,2015,8.1481,44,5400
63594,1998,6.7298,226,33582
63594,1999,5.9189,198,33452
63594,2000,6.6068,220,33299
63594,2001,7.0074,232,33108
63594,2002,7.1661,236,32933
63594,2003,6.4766,212,32733
63594,2004,6.7017,218,32529
63594,2005,6.9642,225,32308
63594,2006,6.1289,197,32143
63594,2007,7.1648,229,31962
63594,2008,7.6802,244,31770
63594,2009,6.6814,211,31580
63594,2010,6.4958,204,31405
63594,2011,5.6936,178,31263
63594,2012,7.5572,235,31096
63594,2013,6.9193,214,30928
63594,2014,7.3035,225,30807
63594,2015,6.1915,190,30687
63690,1998,4.3336,33,7615
63690,1999,4.5419,35,7706
63690,2000,4.2652,33,7737
63690,2001,6.2869,49,7794
63690,2002,5.0962,40,7849
63690,2003,4.8229,38,7879
63690,2004,4.1682,33,7917
63690,2005,4.6348,37,7983
63690,2006,4.3365,35,8071
63690,2007,4.0575,33,8133
63690,2008,4.6477,38,8176
63690,2009,4.481,37,8257
63690,2010,3.5817,30,8376
63690,2011,4.3432,37,8519
63690,2012,4.6598,40,8584
63690,2013,5.571,48,8616
63690,2014,4.4745,39,8716
63690,2015,3.7217,33,8867
66001,1998,6.4593,2568,397567
66001,1999,6.5547,2641,402917
66001,2000,6.3156,2575,407719
66001,2001,6.4048,2639,412033
66001,2002,6.3044,2622,415900
66001,2003,6.4155,2691,419451
66001,2004,6.2904,2661,423023
66001,2005,6.7094,2862,426566
66001,2006,6.0042,2583,430198
66001,2007,6.4709,2806,433632
66001,2008,6.5568,2862,436494
66001,2009,6.1907,2720,439370
66001,2010,6.5086,2880,442493
66001,2011,6.0412,2691,445438
66001,2012,6.3011,2824,448174
66001,2013,6.1631,2776,450422
66001,2014,6.424,2908,452676
66001,2015,6.9738,3177,455559
66045,1998,6.5474,97,14815
66045,1999,6.0351,89,14747
66045,2000,6.2235,91,14622
66045,2001,6.3405,92,14510
66045,2002,8.0167,115,14345
66045,2003,4.8561,69,14209
66045,2004,6.9034,97,14051
66045,2005,5.3798,75,13941
66045,2006,5.2016,72,13842
66045,2007,6.0038,82,13658
66045,2008,5.3871,73,13551
66045,2009,5.4376,73,13425
66045,2010,5.9434,79,13292
66045,2011,5.484,72,13129
66045,2012,6.4561,84,13011
66045,2013,6.0329,78,12929
66045,2014,5.9172,76,12844
66045,2015,7.0395,89,12643
66075,1998,4.4455,37,8323
66075,1999,5.6984,47,8248
66075,2000,6.0427,49,8109
66075,2001,4.9733,40,8043
66075,2002,6.2798,50,7962
66075,2003,3.8324,30,7828
66075,2004,6.7638,52,7688
66075,2005,4.4867,34,7578
66075,2006,4.3772,33,7539
66075,2007,5.2321,39,7454
66075,2008,3.5524,26,7319
66075,2009,4.7552,34,7150
66075,2010,4.5597,32,7018
66075,2011,5.2166,36,6901
66075,2012,4.9963,34,6805
66075,2013,5.3579,36,6719
66075,2014,5.8682,39,6646
66075,2015,3.9424,26,6595
66088,1998,6.5095,169,25962
66088,1999,6.4683,168,25973
66088,2000,6.4757,168,25943
66088,2001,5.5287,143,25865
66088,2002,5.9669,154,25809
66088,2003,5.4849,141,25707
66088,2004,6.3565,163,25643
66088,2005,5.6767,145,25543
66088,2006,5.5734,142,25478
66088,2007,5.7035,145,25423
66088,2008,5.255,133,25309
66088,2009,6.069,153,25210
66088,2010,5.8433,147,25157
66088,2011,6.4943,163,25099
66088,2012,5.6486,141,24962
66088,2013,4.9944,124,24828
66088,2014,5.9267,147,24803
66088,2015,6.0363,149,24684
66170,1998,4.386,718,163702
66170,1999,4.6798,783,167314
66170,2000,4.3167,737,170732
66170,2001,4.5878,798,173940
66170,2002,4.8216,853,176913
66170,2003,4.7901,861,179747
66170,2004,4.826,881,182554
66170,2005,4.9207,912,185340
66170,2006,5.1084,961,188123
66170,2007,5.0675,967,190824
66170,2008,5.2173,1008,193204
66170,2009,4.9896,976,195605
66170,2010,5.0229,995,198093
66170,2011,4.9017,983,200541
66170,2012,4.6166,936,202746
66170,2013,4.9958,1023,204771
66170,2014,4.8311,999,206786
66170,2015,4.7869,1001,209111
66318,1998,5.0332,69,13709
66318,1999,5.0627,69,13629
66318,2000,5.0806,69,13581
66318,2001,5.3361,72,13493
66318,2002,4.0368,54,13377
66318,2003,5.5652,74,13297
66318,2004,3.9385,52,13203
66318,2005,6.0985,80,13118
66318,2006,4.4427,58,13055
66318,2007,4.4919,58,12912
66318,2008,5.298,68,12835
66318,2009,4.8631,62,12749
66318,2010,4.165,53,12725
66318,2011,4.8347,61,12617
66318,2012,6.7211,84,12498
66318,2013,5.2293,65,12430
66318,2014,5.0864,63,12386
66318,2015,5.3044,65,12254
66383,1998,6.5849,58,8808
66383,1999,7.4311,65,8747
66383,2000,5.6328,49,8699
66383,2001,5.2162,45,8627
66383,2002,4.332,37,8541
66383,2003,4.1332,35,8468
66383,2004,6.2075,52,8377
66383,2005,5.2961,44,8308
66383,2006,6.6699,55,8246
66383,2007,4.8792,40,8198
66383,2008,5.1648,42,8132
66383,2009,6.387,51,7985
66383,2010,6.4729,51,7879
66383,2011,4.5483,36,7915
66383,2012,3.9275,31,7893
66383,2013,5.3867,42,7797
66383,2014,6.6467,51,7673
66383,2015,5.6334,43,7633
66400,1998,8.4752,245,28908
66400,1999,9.09,263,28933
66400,2000,7.9685,231,28989
66400,2001,11.2864,327,28973
66400,2002,10.0211,290,28939
66400,2003,8.7167,252,28910
66400,2004,8.3836,242,28866
66400,2005,8.4999,245,28824
66400,2006,9.0685,261,28781
66400,2007,8.2941,238,28695
66400,2008,8.7756,251,28602
66400,2009,8.5215,243,28516
66400,2010,7.3811,210,28451
66400,2011,7.3993,210,28381
66400,2012,7.8829,223,28289
66400,2013,7.9481,224,28183
66400,2014,8.8038,247,28056
66400,2015,7.507,210,27974
66440,1998,5.7649,119,20642
66440,1999,5.558,114,20511
66440,2000,5.5162,112,20304
66440,2001,5.8564,118,20149
66440,2002,6.8624,137,19964
66440,2003,5.8319,115,19719
66440,2004,6.8521,134,19556
66440,2005,6.8944,133,19291
66440,2006,5.3275,102,19146
66440,2007,6.8167,129,18924
66440,2008,6.093,114,18710
66440,2009,6.3212,117,18509
66440,2010,5.9469,109,18329
66440,2011,4.6878,85,18132
66440,2012,6.4718,116,17924
66440,2013,5.9833,106,17716
66440,2014,6.2087,109,17556
66440,2015,6.1417,107,17422
66456,1998,6.3039,87,13801
66456,1999,6.149,86,13986
66456,2000,5.0847,72,14160
66456,2001,5.2407,75,14311
66456,2002,5.4736,79,14433
66456,2003,6.0266,88,14602
66456,2004,4.613,68,14741
66456,2005,3.7584,56,14900
66456,2006,4.5945,69,15018
66456,2007,5.1353,78,15189
66456,2008,3.1984,49,15320
66456,2009,4.1445,64,15442
66456,2010,4.3623,68,15588
66456,2011,5.3955,85,15754
66456,2012,4.5734,73,15962
66456,2013,4.3371,70,16140
66456,2014,4.8059,78,16230
66456,2015,3.3078,54,16325
66572,1998,6.5171,86,13196
66572,1999,5.9804,80,13377
66572,2000,5.4006,73,13517
66572,2001,5.8565,80,13660
66572,2002,6.5288,90,13785
66572,2003,6.9689,97,13919
66572,2004,5.616,79,14067
66572,2005,5.4306,77,14179
66572,2006,6.2155,89,14319
66572,2007,4.9087,71,14464
66572,2008,5.6261,82,14575
66572,2009,4.8221,71,14724
66572,2010,5.3191,79,14852
66572,2011,5.6531,85,15036
66572,2012,5.8036,88,15163
66572,2013,4.4433,68,15304
66572,2014,4.7255,73,15448
66572,2015,4.5524,71,15596
66594,1998,5.6044,169,30155
66594,1999,7.722,232,30044
66594,2000,6.6201,198,29909
66594,2001,6.5234,194,29739
66594,2002,6.7963,201,29575
66594,2003,6.7749,199,29373
66594,2004,5.9968,175,29182
66594,2005,5.34,155,29026
66594,2006,5.3669,155,28881
66594,2007,5.816,167,28714
66594,2008,5.4327,155,28531
66594,2009,5.2533,149,28363
66594,2010,4.9945,141,28231
66594,2011,5.7993,163,28107
66594,2012,4.9753,139,27938
66594,2013,5.4556,151,27678
66594,2014,5.1877,143,27565
66594,2015,5.026,138,27457
66682,1998,5.0272,377,74992
66682,1999,5.4083,408,75439
66682,2000,5.6877,431,75777
66682,2001,5.4174,412,76051
66682,2002,5.354,408,76205
66682,2003,5.3304,407,76354
66682,2004,4.9427,378,76477
66682,2005,5.9253,454,76620
66682,2006,5.7943,445,76800
66682,2007,6.0299,464,76950
66682,2008,5.718,440,76950
66682,2009,4.9738,383,77004
66682,2010,5.7342,442,77081
66682,2011,5.1824,400,77184
66682,2012,4.6888,362,77206
66682,2013,5.5108,425,77121
66682,2014,5.3218,410,77042
66682,2015,5.5506,428,77109
66687,1998,7.0299,112,15932
66687,1999,5.4614,86,15747
66687,2000,6.6939,105,15686
66687,2001,7.2483,112,15452
66687,2002,7.325,112,15290
66687,2003,5.7448,87,15144
66687,2004,5.3648,80,14912
66687,2005,6.6486,98,14740
66687,2006,6.235,91,14595
66687,2007,5.9876,86,14363
66687,2008,7.0803,101,14265
66687,2009,4.7606,67,14074
66687,2010,6.954,96,13805
66687,2011,4.3917,60,13662
66687,2012,5.475,74,13516
66687,2013,7.3271,98,13375
66687,2014,5.5078,73,13254
66687,2015,5.0455,66,13081
68001,1998,6.5872,2834,430229
68001,1999,6.7497,2959,438388
68001,2000,6.0833,2717,446629
68001,2001,6.3122,2869,454518
68001,2002,6.1232,2831,462341
68001,2003,6.2459,2935,469905
68001,2004,5.9303,2832,477547
68001,2005,5.5406,2687,484962
68001,2006,5.9875,2950,492693
68001,2007,6.2068,3105,500260
68001,2008,5.8116,2950,507605
68001,2009,5.8811,3028,514867
68001,2010,5.9413,3102,522105
68001,2011,5.1363,2717,528984
68001,2012,5.8979,3159,535617
68001,2013,6.4084,3474,542098
68001,2014,6.0881,3339,548447
68001,2015,6.5779,3650,554885
68013,1998,4.2918,9,2097
68013,1999,5.3038,11,2074
68013,2000,4.7664,10,2098
68013,2001,6.7082,14,2087
68013,2002,5.3012,11,2075
68013,2003,4.8662,10,2055
68013,2004,6.8527,14,2043
68013,2005,8.2524,17,2060
68013,2006,6.3819,13,2037
68013,2007,8.9865,18,2003
68013,2008,5.991,12,2003
68013,2009,4.9579,10,2017
68013,2010,1.5159,3,1979
68013,2011,9.7837,19,1942
68013,2012,7.8288,15,1916
68013,2013,8.4477,16,1894
68013,2014,6.9593,13,1868
68013,2015,9.1546,17,1857
68020,1998,4.6065,24,5210
68020,1999,4.4764,23,5138
68020,2000,4.1056,21,5115
68020,2001,3.9604,20,5050
68020,2002,4.0161,20,4980
68020,2003,6.2778,31,4938
68020,2004,7.2584,35,4822
68020,2005,5.6379,27,4789
68020,2006,5.5096,26,4719
68020,2007,4.958,23,4639
68020,2008,7.1677,33,4604
68020,2009,5.4933,25,4551
68020,2010,3.7677,17,4512
68020,2011,6.7295,30,4458
68020,2012,4.7533,21,4418
68020,2013,6.4176,28,4363
68020,2014,4.8656,21,4316
68020,2015,4.9077,21,4279
68051,1998,6.0822,46,7563
68051,1999,3.8093,29,7613
68051,2000,4.5728,35,7654
68051,2001,5.456,42,7698
68051,2002,7.6594,59,7703
68051,2003,4.2597,33,7747
68051,2004,4.9153,38,7731
68051,2005,5.0472,39,7727
68051,2006,4.4964,35,7784
68051,2007,4.3556,34,7806
68051,2008,5.6037,44,7852
68051,2009,4.3,34,7907
68051,2010,4.7889,38,7935
68051,2011,5.0169,40,7973
68051,2012,4.0135,32,7973
68051,2013,5.4795,44,8030
68051,2014,4.8351,39,8066
68051,2015,4.1009,33,8047
68077,1998,5.5246,122,22083
68077,1999,5.8083,131,22554
68077,2000,4.6005,106,23041
68077,2001,4.8486,114,23512
68077,2002,5.3229,128,24047
68077,2003,5.7725,141,24426
68077,2004,3.8587,96,24879
68077,2005,5.2534,133,25317
68077,2006,2.447,63,25746
68077,2007,2.1739,57,26220
68077,2008,3.6743,98,26672
68077,2009,4.1348,112,27087
68077,2010,5.1258,141,27508
68077,2011,4.296,120,27933
68077,2012,3.0047,85,28289
68077,2013,4.5539,130,28547
68077,2014,4.723,137,29007
68077,2015,5.3112,156,29372
68079,1998,5.7191,48,8393
68079,1999,4.9203,42,8536
68079,2000,3.8141,33,8652
68079,2001,5.3739,47,8746
68079,2002,4.7641,42,8816
68079,2003,4.6036,41,8906
68079,2004,4.0004,36,8999
68079,2005,4.6286,42,9074
68079,2006,4.4682,41,9176
68079,2007,3.7695,35,9285
68079,2008,3.8318,36,9395
68079,2009,3.5714,34,9520
68079,2010,4.6787,45,9618
68079,2011,3.3933,33,9725
68079,2012,5.1308,50,9745
68079,2013,5.2846,52,9840
68079,2014,3.2265,32,9918
68079,2015,3.2019,32,9994
68081,1998,5.3047,893,168342
68081,1999,5.4999,937,170366
68081,2000,6.9347,1195,172323
68081,2001,6.1303,1068,174217
68081,2002,4.7659,839,176044
68081,2003,5.0907,905,177775
68081,2004,5.1973,933,179516
68081,2005,4.899,888,181263
68081,2006,4.4853,821,183041
68081,2007,4.6323,856,184791
68081,2008,5.5937,1043,186460
68081,2009,5.5499,1044,188110
68081,2010,5.9348,1126,189727
68081,2011,5.7888,1107,191231
68081,2012,5.159,994,192673
68081,2013,5.5383,1075,194104
68081,2014,5.7203,1118,195446
68081,2015,5.8781,1157,196832
68092,1998,3.0411,18,5919
68092,1999,1.8654,11,5897
68092,2000,3.5515,21,5913
68092,2001,4.2137,25,5933
68092,2002,3.8779,23,5931
68092,2003,3.3893,20,5901
68092,2004,3.9076,23,5886
68092,2005,3.2573,19,5833
68092,2006,3.594,21,5843
68092,2007,4.1166,24,5830
68092,2008,3.5953,21,5841
68092,2009,4.2728,25,5851
68092,2010,3.591,21,5848
68092,2011,3.4118,20,5862
68092,2012,4.0816,24,5880
68092,2013,2.8872,17,5888
68092,2014,5.4256,32,5898
68092,2015,4.2474,25,5886
68101,1998,3.2954,60,18207
68101,1999,4.9748,89,17890
68101,2000,3.942,69,17504
68101,2001,4.1399,71,17150
68101,2002,4.4792,75,16744
68101,2003,4.6911,77,16414
68101,2004,3.5514,57,16050
68101,2005,5.2937,83,15679
68101,2006,3.2699,50,15291
68101,2007,3.7456,56,14951
68101,2008,4.8683,71,14584
68101,2009,2.674,38,14211
68101,2010,3.1038,43,13854
68101,2011,4.0065,54,13478
68101,2012,3.1212,41,13136
68101,2013,2.0327,26,12791
68101,2014,4.4134,55,12462
68101,2015,4.2069,51,12123
68121,1998,4.1417,9,2173
68121,1999,8.0645,18,2232
68121,2000,5.403,12,2221
68121,2001,2.7422,6,2188
68121,2002,9.6774,21,2170
68121,2003,5.1258,11,2146
68121,2004,6.9509,15,2158
68121,2005,6.4695,14,2164
68121,2006,8.9412,19,2125
68121,2007,4.8263,10,2072
68121,2008,6.262,13,2076
68121,2009,5.8224,12,2061
68121,2010,6.7698,14,2068
68121,2011,4.3626,9,2063
68121,2012,5.3398,11,2060
68121,2013,5.8708,12,2044
68121,2014,4.5158,9,1993
68121,2015,6.6907,13,1943
68132,1998,2.5141,4,1591
68132,1999,3.1037,5,1611
68132,2000,4.4192,7,1584
68132,2001,4.9813,8,1606
68132,2002,6.6788,11,1647
68132,2003,2.9377,5,1702
68132,2004,5.7604,10,1736
68132,2005,2.2831,4,1752
68132,2006,3.3994,6,1765
68132,2007,3.3352,6,1799
68132,2008,3.7899,7,1847
68132,2009,1.5848,3,1893
68132,2010,1.5601,3,1923
68132,2011,1.0045,2,1991
68132,2012,1.4896,3,2014
68132,2013,1.9714,4,2029
68132,2014,1.9493,4,2052
68132,2015,0.9704,2,2061
68147,1998,4.662,32,6864
68147,1999,7.4879,51,6811
68147,2000,7.3342,49,6681
68147,2001,6.0478,40,6614
68147,2002,8.2317,54,6560
68147,2003,9.0909,59,6490
68147,2004,7.7967,50,6413
68147,2005,6.9686,44,6314
68147,2006,4.774,30,6284
68147,2007,6.2792,39,6211
68147,2008,8.1195,50,6158
68147,2009,6.3893,39,6104
68147,2010,6.6346,40,6029
68147,2011,5.698,34,5967
68147,2012,9.1728,54,5887
68147,2013,6.1707,36,5834
68147,2014,7.1094,41,5767
68147,2015,7.1905,41,5702
68152,1998,3.0411,17,5590
68152,1999,3.8016,21,5524
68152,2000,6.6079,36,5448
68152,2001,3.8976,21,5388
68152,2002,4.5369,24,5290
68152,2003,5.7781,30,5192
68152,2004,5.0771,26,5121
68152,2005,4.516,23,5093
68152,2006,6.3656,32,5027
68152,2007,3.2096,16,4985
68152,2008,5.7377,28,4880
68152,2009,2.6837,13,4844
68152,2010,4.1832,20,4781
68152,2011,4.4053,21,4767
68152,2012,4.4814,21,4686
68152,2013,4.7691,22,4613
68152,2014,2.4224,11,4541
68152,2015,3.8392,17,4428
68160,1998,3.176,7,2204
68160,1999,3.615,8,2213
68160,2000,3.214,7,2178
68160,2001,2.7422,6,2188
68160,2002,7.8089,17,2177
68160,2003,1.8257,4,2191
68160,2004,1.8349,4,2180
68160,2005,4.583,10,2182
68160,2006,6.4815,14,2160
68160,2007,1.4019,3,2140
68160,2008,3.7683,8,2123
68160,2009,5.6899,12,2109
68160,2010,3.815,8,2097
68160,2011,3.8204,8,2094
68160,2012,2.8708,6,2090
68160,2013,2.9268,6,2050
68160,2014,2.4655,5,2028
68160,2015,3.4739,7,2015
68162,1998,5.408,34,6287
68162,1999,4.2701,27,6323
68162,2000,5.2034,33,6342
68162,2001,3.776,24,6356
68162,2002,3.7618,24,6380
68162,2003,3.4413,22,6393
68162,2004,2.5004,16,6399
68162,2005,3.8989,25,6412
68162,2006,5.1163,33,6450
68162,2007,4.0279,26,6455
68162,2008,3.2318,21,6498
68162,2009,3.3753,22,6518
68162,2010,2.7494,18,6547
68162,2011,2.7389,18,6572
68162,2012,1.9754,13,6581
68162,2013,3.6364,24,6600
68162,2014,4.2347,28,6612
68162,2015,2.7174,18,6624
68167,1998,6.395,94,14699
68167,1999,6.2427,91,14577
68167,2000,4.906,71,14472
68167,2001,8.4982,122,14356
68167,2002,6.6742,95,14234
68167,2003,6.8868,97,14085
68167,2004,7.0175,98,13965
68167,2005,6.8052,94,13813
68167,2006,6.8698,94,13683
68167,2007,7.8955,107,13552
68167,2008,6.3291,85,13430
68167,2009,5.5643,74,13299
68167,2010,6.7552,89,13175
68167,2011,5.4481,71,13032
68167,2012,5.9634,77,12912
68167,2013,5.6342,72,12779
68167,2014,6.3517,80,12595
68167,2015,6.6661,83,12451
68169,1998,4.0816,14,3430
68169,1999,5.0792,17,3347
68169,2000,5.0595,17,3360
68169,2001,8.3757,28,3343
68169,2002,5.5232,18,3259
68169,2003,5.2566,17,3234
68169,2004,4.0448,13,3214
68169,2005,3.7855,12,3170
68169,2006,5.3814,17,3159
68169,2007,5.1364,16,3115
68169,2008,6.8762,21,3054
68169,2009,4.2834,13,3035
68169,2010,3.6077,11,3049
68169,2011,7.2872,22,3019
68169,2012,4.9587,15,3025
68169,2013,3.9933,12,3005
68169,2014,3.3478,10,2987
68169,2015,5.123,15,2928
68176,1998,4.6729,16,3424
68176,1999,5.2988,18,3397
68176,2000,7.8534,27,3438
68176,2001,5.037,17,3375
68176,2002,5.3428,18,3369
68176,2003,7.8788,26,3300
68176,2004,6.0735,20,3293
68176,2005,5.9025,19,3219
68176,2006,4.305,14,3252
68176,2007,3.4624,11,3177
68176,2008,1.8927,6,3170
68176,2009,3.1596,10,3165
68176,2010,4.1349,13,3144
68176,2011,4.164,13,3122
68176,2012,2.9173,9,3085
68176,2013,4.2651,13,3048
68176,2014,3.6352,11,3026
68176,2015,2.3458,7,2984
68179,1998,4.9084,30,6112
68179,1999,5.4214,33,6087
68179,2000,5.4772,33,6025
68179,2001,6.2353,37,5934
68179,2002,5.6565,33,5834
68179,2003,7.2401,42,5801
68179,2004,6.6007,38,5757
68179,2005,6.1275,35,5712
68179,2006,6.4148,36,5612
68179,2007,6.4702,36,5564
68179,2008,4.3423,24,5527
68179,2009,6.6007,36,5454
68179,2010,6.1009,33,5409
68179,2011,5.0364,27,5361
68179,2012,5.4522,29,5319
68179,2013,5.1224,27,5271
68179,2014,7.1045,37,5208
68179,2015,3.685,19,5156
68190,1998,4.9367,115,23295
68190,1999,4.0792,97,23779
68190,2000,5.6806,138,24293
68190,2001,5.9329,147,24777
68190,2002,5.3896,136,25234
68190,2003,6.1868,159,25700
68190,2004,5.9228,155,26170
68190,2005,6.0763,162,26661
68190,2006,5.7543,156,27110
68190,2007,5.0406,139,27576
68190,2008,6.4238,180,28021
68190,2009,4.6343,132,28483
68190,2010,5.534,160,28912
68190,2011,4.1168,121,29392
68190,2012,4.457,133,29841
68190,2013,3.2698,99,30277
68190,2014,4.4953,138,30699
68190,2015,4.3968,137,31159
68207,1998,4.2239,28,6629
68207,1999,6.2357,41,6575
68207,2000,5.6705,37,6525
68207,2001,6.0334,39,6464
68207,2002,5.4688,35,6400
68207,2003,7.2441,46,6350
68207,2004,6.3522,40,6297
68207,2005,4.7657,30,6295
68207,2006,4.6616,29,6221
68207,2007,5.1797,32,6178
68207,2008,5.6791,35,6163
68207,2009,4.2651,26,6096
68207,2010,5.4545,33,6050
68207,2011,5.8033,35,6031
68207,2012,3.5076,21,5987
68207,2013,5.8745,35,5958
68207,2014,5.0804,30,5905
68207,2015,6.1665,36,5838
68209,1998,3.87,10,2584
68209,1999,4.6136,12,2601
68209,2000,4.958,13,2622
68209,2001,5.6327,15,2663
68209,2002,6.7064,18,2684
68209,2003,4.4346,12,2706
68209,2004,2.1954,6,2733
68209,2005,6.9041,19,2752
68209,2006,3.9049,11,2817
68209,2007,5.6557,16,2829
68209,2008,5.6338,16,2840
68209,2009,2.811,8,2846
68209,2010,3.465,10,2886
68209,2011,3.7866,11,2905
68209,2012,5.7941,17,2934
68209,2013,2.6873,8,2977
68209,2014,4.2498,13,3059
68209,2015,4.522,14,3096
68211,1998,8.6735,34,3920
68211,1999,12.8238,50,3899
68211,2000,8.4724,33,3895
68211,2001,9.2237,36,3903
68211,2002,11.3813,44,3866
68211,2003,10.8808,42,3860
68211,2004,10.1668,39,3836
68211,2005,13.4194,52,3875
68211,2006,11.1312,43,3863
68211,2007,13.3298,51,3826
68211,2008,8.9757,34,3788
68211,2009,4.5081,17,3771
68211,2010,11.0497,42,3801
68211,2011,7.431,28,3768
68211,2012,7.1259,27,3789
68211,2013,10.0849,38,3768
68211,2014,13.1121,49,3737
68211,2015,9.2694,34,3668
68217,1998,6.3005,39,6190
68217,1999,5.657,35,6187
68217,2000,4.0737,25,6137
68217,2001,6.5768,40,6082
68217,2002,5.8392,35,5994
68217,2003,4.223,25,5920
68217,2004,6.1602,36,5844
68217,2005,7.619,44,5775
68217,2006,8.3726,48,5733
68217,2007,4.4045,25,5676
68217,2008,4.9893,28,5612
68217,2009,4.1464,23,5547
68217,2010,7.8524,43,5476
68217,2011,6.8633,37,5391
68217,2012,4.8381,26,5374
68217,2013,4.536,24,5291
68217,2014,5.3702,28,5214
68217,2015,5.4253,28,5161
68229,1998,3.4351,36,10480
68229,1999,4.914,52,10582
68229,2000,4.3035,46,10689
68229,2001,4.9931,54,10815
68229,2002,3.5721,39,10918
68229,2003,4.0768,45,11038
68229,2004,4.9389,55,11136
68229,2005,4.5491,51,11211
68229,2006,5.6537,64,11320
68229,2007,4.0203,46,11442
68229,2008,3.9005,45,11537
68229,2009,4.8135,56,11634
68229,2010,4.2448,50,11779
68229,2011,5.9142,70,11836
68229,2012,4.7039,56,11905
68229,2013,3.7572,45,11977
68229,2014,4.8017,58,12079
68229,2015,3.7052,45,12145
68235,1998,2.0753,34,16383
68235,1999,2.2274,37,16611
68235,2000,3.0886,52,16836
68235,2001,3.1644,54,17065
68235,2002,2.492,43,17255
68235,2003,2.6308,46,17485
68235,2004,2.6534,47,17713
68235,2005,2.9546,53,17938
68235,2006,3.4738,63,18136
68235,2007,2.7246,50,18351
68235,2008,2.5879,48,18548
68235,2009,2.452,46,18760
68235,2010,3.0103,57,18935
68235,2011,2.3985,46,19179
68235,2012,2.0134,39,19370
68235,2013,2.1435,42,19594
68235,2014,2.3734,47,19803
68235,2015,2.098,42,20019
68245,1998,3.5942,9,2504
68245,1999,4.6985,12,2554
68245,2000,7.2845,18,2471
68245,2001,8.1934,20,2441
68245,2002,3.2587,8,2455
68245,2003,3.7037,9,2430
68245,2004,4.1288,10,2422
68245,2005,7.5157,18,2395
68245,2006,4.1118,10,2432
68245,2007,7.9899,19,2378
68245,2008,7.4236,17,2290
68245,2009,5.2863,12,2270
68245,2010,3.9683,9,2268
68245,2011,7.5522,17,2251
68245,2012,3.5149,8,2276
68245,2013,4.0232,9,2237
68245,2014,5.425,12,2212
68245,2015,3.1905,7,2194
68250,1998,3.0498,18,5902
68250,1999,4.409,26,5897
68250,2000,3.5708,21,5881
68250,2001,2.907,17,5848
68250,2002,4.3343,25,5768
68250,2003,6.121,35,5718
68250,2004,2.9909,17,5684
68250,2005,3.5286,20,5668
68250,2006,1.0724,6,5595
68250,2007,1.0674,6,5621
68250,2008,1.2552,7,5577
68250,2009,0.8999,5,5556
68250,2010,0.7228,4,5534
68250,2011,2.1842,12,5494
68250,2012,1.0963,6,5473
68250,2013,3.1319,17,5428
68250,2014,2.7866,15,5383
68250,2015,2.8111,15,5336
68255,1998,5.2886,70,13236
68255,1999,6.3996,85,13282
68255,2000,4.4271,59,13327
68255,2001,5.4821,73,13316
68255,2002,4.2668,57,13359
68255,2003,5.5183,74,13410
68255,2004,4.5448,61,13422
68255,2005,4.705,63,13390
68255,2006,4.6983,63,13409
68255,2007,4.9903,67,13426
68255,2008,5.1355,69,13436
68255,2009,4.9825,67,13447
68255,2010,4.5984,62,13483
68255,2011,4.2969,58,13498
68255,2012,4.1552,56,13477
68255,2013,3.1173,42,13473
68255,2014,5.6594,76,13429
68255,2015,4.3987,59,13413
68264,1998,2.1708,6,2764
68264,1999,4.298,12,2792
68264,2000,7.6032,21,2762
68264,2001,3.2621,9,2759
68264,2002,3.6403,10,2747
68264,2003,5.4625,15,2746
68264,2004,3.7258,10,2684
68264,2005,6.7239,18,2677
68264,2006,5.9413,16,2693
68264,2007,5.4965,15,2729
68264,2008,3.3064,9,2722
68264,2009,3.3532,9,2684
68264,2010,1.8904,5,2645
68264,2011,1.1468,3,2616
68264,2012,1.9246,5,2598
68264,2013,3.87,10,2584
68264,2014,2.7184,7,2575
68264,2015,5.0841,13,2557
68266,1998,2.508,11,4386
68266,1999,4.6361,20,4314
68266,2000,4.2363,18,4249
68266,2001,3.568,15,4204
68266,2002,4.8204,20,4149
68266,2003,3.9091,16,4093
68266,2004,4.6948,19,4047
68266,2005,4.7488,19,4001
68266,2006,3.5632,14,3929
68266,2007,4.111,16,3892
68266,2008,4.9621,19,3829
68266,2009,4.4352,17,3833
68266,2010,3.9746,15,3774
68266,2011,4.5797,17,3712
68266,2012,5.4245,20,3687
68266,2013,4.1051,15,3654
68266,2014,4.1402,15,3623
68266,2015,5.8382,21,3597
68271,1998,0.9453,6,6347
68271,1999,2.8346,18,6350
68271,2000,3.8302,24,6266
68271,2001,6.263,39,6227
68271,2002,4.7131,29,6153
68271,2003,2.1252,13,6117
68271,2004,1.3212,8,6055
68271,2005,2.9945,18,6011
68271,2006,2.5092,15,5978
68271,2007,1.8367,11,5989
68271,2008,4.0534,24,5921
68271,2009,3.9176,23,5871
68271,2010,5.3155,31,5832
68271,2011,5.86,34,5802
68271,2012,2.2456,13,5789
68271,2013,3.2998,19,5758
68271,2014,4.0316,23,5705
68271,2015,4.0586,23,5667
68276,1998,3.2841,651,198230
68276,1999,3.2868,668,203236
68276,2000,3.4488,718,208190
68276,2001,3.6661,781,213031
68276,2002,3.6447,794,217851
68276,2003,3.8778,863,222548
68276,2004,4.1578,945,227283
68276,2005,4.2862,994,231908
68276,2006,4.2676,1010,236668
68276,2007,4.4285,1069,241392
68276,2008,4.0651,1000,245996
68276,2009,3.888,974,250517
68276,2010,4.3446,1108,255032
68276,2011,3.6009,934,259380
68276,2012,3.8922,1026,263601
68276,2013,4.2686,1143,267769
68276,2014,4.4361,1206,271859
68276,2015,4.0689,1123,275996
68296,1998,3.2343,11,3401
68296,1999,5.0671,17,3355
68296,2000,3.6485,12,3289
68296,2001,3.9216,13,3315
68296,2002,4.2761,14,3274
68296,2003,5.2615,17,3231
68296,2004,3.7939,12,3163
68296,2005,8.5039,27,3175
68296,2006,4.7801,15,3138
68296,2007,3.8548,12,3113
68296,2008,4.5307,14,3090
68296,2009,1.6329,5,3062
68296,2010,1.9769,6,3035
68296,2011,3.3058,10,3025
68296,2012,5.6704,17,2998
68296,2013,7.6565,23,3004
68296,2014,7.3358,22,2999
68296,2015,8.7248,26,2980
68298,1998,4.3496,21,4828
68298,1999,10.6405,51,4793
68298,2000,7.5662,36,4758
68298,2001,4.9145,23,4680
68298,2002,5.809,27,4648
68298,2003,6.2852,29,4614
68298,2004,4.163,19,4564
68298,2005,4.6646,21,4502
68298,2006,4.676,21,4491
68298,2007,2.0257,9,4443
68298,2008,1.8071,8,4427
68298,2009,3.8733,17,4389
68298,2010,3.9572,17,4296
68298,2011,2.1176,9,4250
68298,2012,4.0486,17,4199
68298,2013,4.5574,19,4169
68298,2014,5.0529,21,4156
68298,2015,8.7421,36,4118
68307,1998,3.1972,297,92894
68307,1999,4.2643,411,96382
68307,2000,3.8143,381,99888
68307,2001,4.123,426,103324
68307,2002,4.216,450,106736
68307,2003,3.9508,435,110105
68307,2004,3.9561,449,113496
68307,2005,4.2184,493,116868
68307,2006,3.6339,437,120256
68307,2007,3.851,476,123604
68307,2008,3.7342,474,126935
68307,2009,3.9623,516,130227
68307,2010,3.6325,485,133518
68307,2011,3.189,436,136721
68307,2012,3.697,517,139843
68307,2013,3.9376,563,142982
68307,2014,3.7657,550,146055
68307,2015,3.5999,537,149171
68318,1998,6.5799,47,7143
68318,1999,6.0924,43,7058
68318,2000,6,42,7000
68318,2001,5.3299,37,6942
68318,2002,4.2225,29,6868
68318,2003,5.0052,34,6793
68318,2004,3.8456,26,6761
68318,2005,4.9254,33,6700
68318,2006,4.8625,32,6581
68318,2007,4.7335,31,6549
68318,2008,5.5581,36,6477
68318,2009,1.4021,9,6419
68318,2010,2.8262,18,6369
68318,2011,4.1146,26,6319
68318,2012,3.6624,23,6280
68318,2013,3.8548,24,6226
68318,2014,3.2658,20,6124
68318,2015,3.801,23,6051
68320,1998,7.2799,44,6044
68320,1999,7.7246,46,5955
68320,2000,6.7648,40,5913
68320,2001,4.3253,25,5780
68320,2002,6.3236,36,5693
68320,2003,5.8782,33,5614
68320,2004,6.4947,36,5543
68320,2005,6.4338,35,5440
68320,2006,6.5044,35,5381
68320,2007,4.9187,26,5286
68320,2008,7.8907,41,5196
68320,2009,3.3184,17,5123
68320,2010,5.3434,27,5053
68320,2011,5.9988,30,5001
68320,2012,5.0761,25,4925
68320,2013,5.1685,25,4837
68320,2014,5.8824,28,4760
68320,2015,6.4157,30,4676
68322,1998,5.5225,13,2354
68322,1999,8.0782,19,2352
68322,2000,3.4014,8,2352
68322,2001,7.6498,18,2353
68322,2002,5.6277,13,2310
68322,2003,4.2937,10,2329
68322,2004,5.1657,12,2323
68322,2005,6.8995,16,2319
68322,2006,5.9651,14,2347
68322,2007,7.1249,17,2386
68322,2008,7.5949,18,2370
68322,2009,2.1204,5,2358
68322,2010,5.5225,13,2354
68322,2011,3.4203,8,2339
68322,2012,3.4217,8,2338
68322,2013,9.009,21,2331
68322,2014,2.9979,7,2335
68322,2015,5.589,13,2326
68324,1998,4.616,25,5416
68324,1999,5.5679,30,5388
68324,2000,6.9917,37,5292
68324,2001,6.687,35,5234
68324,2002,5.8434,30,5134
68324,2003,7.088,36,5079
68324,2004,5.171,26,5028
68324,2005,5.6715,28,4937
68324,2006,7.9365,39,4914
68324,2007,5.3487,26,4861
68324,2008,3.3181,16,4822
68324,2009,5.4507,26,4770
68324,2010,4.8905,23,4703
68324,2011,3.9054,18,4609
68324,2012,2.659,12,4513
68324,2013,4.0259,18,4471
68324,2014,5.6561,25,4420
68324,2015,6.876,30,4363
68327,1998,2.3987,10,4169
68327,1999,5.2009,22,4230
68327,2000,5.8727,25,4257
68327,2001,4.6307,20,4319
68327,2002,5.0309,22,4373
68327,2003,3.8707,17,4392
68327,2004,4.6959,21,4472
68327,2005,4.6667,21,4500
68327,2006,4.6184,21,4547
68327,2007,4.5782,21,4587
68327,2008,4.1054,19,4628
68327,2009,6.3654,30,4713
68327,2010,6.0912,29,4761
68327,2011,5.0367,24,4765
68327,2012,4.5586,22,4826
68327,2013,3.8532,19,4931
68327,2014,4.8368,24,4962
68327,2015,4.2416,21,4951
68344,1998,2.5565,6,2347
68344,1999,6.0449,14,2316
68344,2000,4.7089,11,2336
68344,2001,8.2789,19,2295
68344,2002,2.1552,5,2320
68344,2003,4.3066,10,2322
68344,2004,1.7723,4,2257
68344,2005,2.6076,6,2301
68344,2006,7.0114,16,2282
68344,2007,7.8091,18,2305
68344,2008,4.3706,10,2288
68344,2009,0.4312,1,2319
68344,2010,2.5963,6,2311
68344,2011,4.7332,11,2324
68344,2012,0.8617,2,2321
68344,2013,3.9029,9,2306
68344,2014,2.1654,5,2309
68344,2015,2.1711,5,2303
68368,1998,7.723,29,3755
68368,1999,7.584,28,3692
68368,2000,6.5182,24,3682
68368,2001,9.8522,36,3654
68368,2002,6.8474,25,3651
68368,2003,9.2694,34,3668
68368,2004,7.0845,26,3670
68368,2005,8.2554,30,3634
68368,2006,7.4668,27,3616
68368,2007,8.9013,32,3595
68368,2008,7.0146,25,3564
68368,2009,7.355,26,3535
68368,2010,3.4208,12,3508
68368,2011,5.1606,18,3488
68368,2012,6.0993,21,3443
68368,2013,6.4327,22,3420
68368,2014,6.4782,22,3396
68368,2015,4.4563,15,3366
68370,1998,1.5516,2,1289
68370,2000,3.87,5,1292
68370,2001,0.7782,1,1285
68370,2002,3.9062,5,1280
68370,2003,0.7837,1,1276
68370,2004,1.5349,2,1303
68370,2005,2.3401,3,1282
68370,2006,3.1348,4,1276
68370,2007,3.9277,5,1273
68370,2008,1.5773,2,1268
68370,2009,3.962,5,1262
68370,2010,2.2989,3,1305
68370,2011,3.0581,4,1308
68370,2012,2.2918,3,1309
68370,2013,0.7663,1,1305
68370,2014,6.1633,8,1298
68370,2015,4.6476,6,1291
68377,1998,0.9109,7,7685
68377,1999,1.1866,9,7585
68377,2000,1.3254,10,7545
68377,2001,1.9971,15,7511
68377,2002,3.3743,25,7409
68377,2003,2.3332,17,7286
68377,2004,1.9428,14,7206
68377,2005,1.2653,9,7113
68377,2006,1.9855,14,7051
68377,2007,2.2896,16,6988
68377,2008,2.5978,18,6929
68377,2009,3.0675,21,6846
68377,2010,1.6282,11,6756
68377,2011,1.1967,8,6685
68377,2012,2.4187,16,6615
68377,2013,2.1417,14,6537
68377,2014,3.7186,24,6454
68377,2015,3.3029,21,6358
68385,1998,3.8541,41,10638
68385,1999,4.1318,44,10649
68385,2000,5.0852,54,10619
68385,2001,6.4109,68,10607
68385,2002,6.9904,74,10586
68385,2003,5.9513,63,10586
68385,2004,7.6755,81,10553
68385,2005,5.8079,61,10503
68385,2006,6.3919,67,10482
68385,2007,6.2917,66,10490
68385,2008,6.3067,66,10465
68385,2009,5.9364,62,10444
68385,2010,4.599,48,10437
68385,2011,4.4167,46,10415
68385,2012,4.8239,50,10365
68385,2013,4.5574,47,10313
68385,2014,3.5842,37,10323
68385,2015,5.4327,56,10308
68397,1998,4.2506,27,6352
68397,1999,5.2232,33,6318
68397,2000,7.2196,45,6233
68397,2001,6.0202,37,6146
68397,2002,4.7974,29,6045
68397,2003,4.6988,28,5959
68397,2004,4.5747,27,5902
68397,2005,4.1202,24,5825
68397,2006,6.2457,36,5764
68397,2007,5.816,33,5674
68397,2008,5.7133,32,5601
68397,2009,4.3165,24,5560
68397,2010,3.6496,20,5480
68397,2011,4.805,26,5411
68397,2012,2.8111,15,5336
68397,2013,3.0453,16,5254
68397,2014,4.8216,25,5185
68397,2015,5.887,30,5096
68406,1998,4.7408,140,29531
68406,1999,4.6052,139,30183
68406,2000,4.187,129,30810
68406,2001,4.927,155,31459
68406,2002,5.0834,163,32065
68406,2003,4.3797,143,32651
68406,2004,4.6615,155,33251
68406,2005,3.7805,128,33858
68406,2006,4.529,156,34445
68406,2007,4.223,148,35046
68406,2008,3.4817,124,35615
68406,2009,4.2284,153,36184
68406,2010,3.861,142,36778
68406,2011,3.1824,119,37393
68406,2012,3.032,115,37929
68406,2013,3.4584,133,38457
68406,2014,2.9978,117,39028
68406,2015,3.585,142,39610
68418,1998,2.5084,27,10764
68418,1999,3.6536,40,10948
68418,2000,2.6928,30,11141
68418,2001,3.0913,35,11322
68418,2002,3.5805,41,11451
68418,2003,2.3218,27,11629
68418,2004,1.9485,23,11804
68418,2005,4.5998,55,11957
68418,2006,3.3055,40,12101
68418,2007,4.1684,51,12235
68418,2008,3.062,38,12410
68418,2009,3.7585,47,12505
68418,2010,3.8818,49,12623
68418,2011,2.1071,27,12814
68418,2012,2.8622,37,12927
68418,2013,2.3682,31,13090
68418,2014,3.8505,51,13245
68418,2015,2.4579,33,13426
68425,1998,4.386,16,3648
68425,1999,8.5825,31,3612
68425,2000,5.4426,19,3491
68425,2001,5.5507,19,3423
68425,2002,3.9322,13,3306
68425,2003,6.7609,22,3254
68425,2004,5.9786,19,3178
68425,2005,6.7676,21,3103
68425,2006,4.9004,15,3061
68425,2007,6.3952,19,2971
68425,2008,4.4812,13,2901
68425,2009,1.7519,5,2854
68425,2010,1.4446,4,2769
68425,2011,0.3708,1,2697
68425,2012,1.5175,4,2636
68425,2013,4.7133,12,2546
68425,2014,3.6931,9,2437
68425,2015,4.1982,10,2382
68432,1998,5.951,105,17644
68432,1999,5.7829,103,17811
68432,2000,6.3818,115,18020
68432,2001,7.5324,137,18188
68432,2002,6.0959,112,18373
68432,2003,5.7713,107,18540
68432,2004,6.2009,116,18707
68432,2005,6.1454,116,18876
68432,2006,5.7794,110,19033
68432,2007,4.9492,95,19195
68432,2008,5.0622,98,19359
68432,2009,5.2793,103,19510
68432,2010,5.2784,104,19703
68432,2011,6.7452,134,19866
68432,2012,4.6051,92,19978
68432,2013,5.6427,113,20026
68432,2014,5.6183,113,20113
68432,2015,6.2145,126,20275
68444,1998,4.3573,24,5508
68444,1999,6.0022,33,5498
68444,2000,8.069,44,5453
68444,2001,6.8303,37,5417
68444,2002,5.2006,28,5384
68444,2003,4.4978,24,5336
68444,2004,4.8946,26,5312
68444,2005,4.7331,25,5282
68444,2006,4.0084,21,5239
68444,2007,5.1497,27,5243
68444,2008,4.4137,23,5211
68444,2009,4.0354,21,5204
68444,2010,3.8573,20,5185
68444,2011,3.8805,20,5154
68444,2012,3.6658,19,5183
68444,2013,5.0564,26,5142
68444,2014,3.7826,19,5023
68444,2015,5.652,28,4954
68464,1998,6.0016,69,11497
68464,1999,7.3491,84,11430
68464,2000,8.4211,96,11400
68464,2001,6.169,70,11347
68464,2002,7.5201,85,11303
68464,2003,7.2006,81,11249
68464,2004,5.8108,65,11186
68464,2005,7.1917,80,11124
68464,2006,6.1372,68,11080
68464,2007,5.5616,61,10968
68464,2008,6.6703,73,10944
68464,2009,6.9891,76,10874
68464,2010,5.532,60,10846
68464,2011,5.7402,62,10801
68464,2012,5.6792,61,10741
68464,2013,6.4649,69,10673
68464,2014,6.5082,69,10602
68464,2015,5.1219,54,10543
68468,1998,5.1965,32,6158
68468,1999,5.8862,36,6116
68468,2000,4.8293,29,6005
68468,2001,5.457,32,5864
68468,2002,6.2446,36,5765
68468,2003,4.4185,25,5658
68468,2004,5.2422,29,5532
68468,2005,4.6024,25,5432
68468,2006,5.0467,27,5350
68468,2007,4.7765,25,5234
68468,2008,4.281,22,5139
68468,2009,6.7353,34,5048
68468,2010,6.8812,34,4941
68468,2011,4.7678,23,4824
68468,2012,4.4435,21,4726
68468,2013,3.6797,17,4620
68468,2014,6.2043,28,4513
68468,2015,5.2404,23,4389
68498,1998,3.8124,20,5246
68498,1999,4.1604,22,5288
68498,2000,6.2205,33,5305
68498,2001,4.4994,24,5334
68498,2002,4.1276,22,5330
68498,2003,6.5901,35,5311
68498,2004,7.0129,37,5276
68498,2005,8.6255,46,5333
68498,2006,6.5092,35,5377
68498,2007,5.218,28,5366
68498,2008,3.8882,21,5401
68498,2009,4.7847,26,5434
68498,2010,6.2169,34,5469
68498,2011,4.1879,23,5492
68498,2012,3.4395,19,5524
68498,2013,5.247,29,5527
68498,2014,3.4339,19,5533
68498,2015,4.3337,24,5538
68500,1998,5.5643,53,9525
68500,1999,7.7115,74,9596
68500,2000,6.4169,62,9662
68500,2001,5.0448,49,9713
68500,2002,8.0653,79,9795
68500,2003,6.514,64,9825
68500,2004,6.9909,69,9870
68500,2005,6.255,62,9912
68500,2006,7.3176,73,9976
68500,2007,6.3663,64,10053
68500,2008,6.321,64,10125
68500,2009,3.3399,34,10180
68500,2010,5.1728,53,10246
68500,2011,5.3248,55,10329
68500,2012,3.5502,37,10422
68500,2013,4.317,45,10424
68500,2014,6.2875,66,10497
68500,2015,5.9949,63,10509
68502,1998,6.7217,44,6546
68502,1999,8.1761,52,6360
68502,2000,8.2033,51,6217
68502,2001,8.046,49,6090
68502,2002,7.0082,42,5993
68502,2003,5.9122,35,5920
68502,2004,7.1144,41,5763
68502,2005,9.9626,56,5621
68502,2006,5.6343,31,5502
68502,2007,5.3893,29,5381
68502,2008,5.5102,29,5263
68502,2009,5.256,27,5137
68502,2010,2.7783,14,5039
68502,2011,2.0292,10,4928
68502,2012,7.5047,36,4797
68502,2013,7.2448,34,4693
68502,2014,7.4171,34,4584
68502,2015,7.7916,35,4492
68522,1998,3.4364,4,1164
68522,1999,8.285,10,1207
68522,2000,5.6911,7,1230
68522,2001,5.8333,7,1200
68522,2002,8.2237,10,1216
68522,2003,8.1766,10,1223
68522,2004,4.0323,5,1240
68522,2005,2.3791,3,1261
68522,2006,7.9114,10,1264
68522,2007,7.1372,9,1261
68522,2008,11.1732,14,1253
68522,2009,2.3603,3,1271
68522,2010,4.5907,6,1307
68522,2011,7.5019,10,1333
68522,2012,8.2707,11,1330
68522,2013,2.9985,4,1334
68522,2014,11.0051,15,1363
68522,2015,2.1723,3,1381
68524,1998,4.5434,10,2201
68524,1999,4.5725,10,2187
68524,2000,4.1171,9,2186
68524,2001,5.885,13,2209
68524,2002,3.1194,7,2244
68524,2003,7.0578,16,2267
68524,2004,7.0485,16,2270
68524,2005,4.7271,11,2327
68524,2006,5.4968,13,2365
68524,2007,5.0484,12,2377
68524,2008,7.1399,17,2381
68524,2009,0.4193,1,2385
68524,2010,2.499,6,2401
68524,2011,4.5568,11,2414
68524,2012,4.0209,10,2487
68524,2013,7.9968,20,2501
68524,2014,7.1885,18,2504
68524,2015,7.9872,20,2504
68533,1998,3.0951,11,3554
68533,1999,3.8976,14,3592
68533,2000,4.0961,15,3662
68533,2001,4.8296,18,3727
68533,2002,5.0465,19,3765
68533,2003,3.9164,15,3830
68533,2004,4.638,18,3881
68533,2005,4.0578,16,3943
68533,2006,4.006,16,3994
68533,2007,4.6798,19,4060
68533,2008,3.9389,16,4062
68533,2009,3.3702,14,4154
68533,2010,3.5361,15,4242
68533,2011,3.9425,17,4312
68533,2012,2.5137,11,4376
68533,2013,4.4883,20,4456
68533,2014,3.5619,16,4492
68533,2015,4.6501,21,4516
68547,1998,4.0033,382,95422
68547,1999,3.8563,383,99317
68547,2000,3.615,373,103180
68547,2001,3.9156,419,107007
68547,2002,3.7187,412,110792
68547,2003,3.9297,450,114513
68547,2004,3.746,443,118261
68547,2005,3.7786,461,122004
68547,2006,3.6094,454,125784
68547,2007,3.4123,442,129531
68547,2008,3.3922,452,133245
68547,2009,3.9875,546,136929
68547,2010,3.556,500,140607
68547,2011,3.1768,458,144171
68547,2012,3.3113,489,147676
68547,2013,3.9688,600,151179
68547,2014,3.6346,562,154625
68547,2015,3.4338,543,158135
68549,1998,3.0857,13,4213
68549,1999,4.7596,20,4202
68549,2000,4.4444,19,4275
68549,2001,2.7791,12,4318
68549,2002,4.3578,19,4360
68549,2003,2.9458,13,4413
68549,2004,5.1523,23,4464
68549,2005,3.7828,17,4494
68549,2006,4.833,22,4552
68549,2007,4.7702,22,4612
68549,2008,4.5093,21,4657
68549,2009,4.2753,20,4678
68549,2010,5.042,24,4760
68549,2011,4.9803,24,4819
68549,2012,5.551,27,4864
68549,2013,6.1013,30,4917
68549,2014,4.0266,20,4967
68549,2015,3.1898,16,5016
68572,1998,8.3322,125,15002
68572,1999,7.0371,106,15063
68572,2000,6.5095,98,15055
68572,2001,5.2702,79,14990
68572,2002,6.146,92,14969
68572,2003,7.106,106,14917
68572,2004,5.5798,83,14875
68572,2005,7.3351,109,14860
68572,2006,5.8847,87,14784
68572,2007,6.5111,96,14744
68572,2008,6.9835,103,14749
68572,2009,5.5756,82,14707
68572,2010,5.5908,82,14667
68572,2011,5.5404,81,14620
68572,2012,3.3642,49,14565
68572,2013,6.4649,94,14540
68572,2014,7.166,104,14513
68572,2015,6.1498,89,14472
68573,1998,1.2291,8,6509
68573,1999,2.2817,15,6574
68573,2000,4.0749,27,6626
68573,2001,2.8499,19,6667
68573,2002,5.0663,34,6711
68573,2003,5.0177,34,6776
68573,2004,2.4894,17,6829
68573,2005,2.0358,14,6877
68573,2006,1.7261,12,6952
68573,2007,2.8527,20,7011
68573,2008,1.8424,13,7056
68573,2009,2.378,17,7149
68573,2010,2.5267,18,7124
68573,2011,2.3578,17,7210
68573,2012,2.3374,17,7273
68573,2013,2.1873,16,7315
68573,2014,2.8548,21,7356
68573,2015,4.5748,34,7432
68575,1998,3.2539,84,25815
68575,1999,3.015,79,26202
68575,2000,3.4263,91,26559
68575,2001,3.6037,97,26917
68575,2002,4.6616,127,27244
68575,2003,2.6825,74,27586
68575,2004,3.8298,107,27939
68575,2005,3.1117,88,28280
68575,2006,3.6339,104,28619
68575,2007,3.248,94,28941
68575,2008,3.5247,103,29222
68575,2009,3.6549,108,29549
68575,2010,4.0852,122,29864
68575,2011,3.9748,120,30190
68575,2012,2.4241,74,30527
68575,2013,2.7278,84,30794
68575,2014,3.0243,94,31082
68575,2015,3.308,104,31439
68615,1998,5.6241,155,27560
68615,1999,4.7204,130,27540
68615,2000,6.0057,165,27474
68615,2001,4.9299,135,27384
68615,2002,4.981,136,27304
68615,2003,5.185,141,27194
68615,2004,3.616,98,27102
68615,2005,4.9121,133,27076
68615,2006,4.9341,133,26955
68615,2007,4.5348,122,26903
68615,2008,4.7291,127,26855
68615,2009,4.5597,122,26756
68615,2010,3.5251,94,26666
68615,2011,2.1057,56,26594
68615,2012,2.9826,79,26487
68615,2013,3.2198,85,26399
68615,2014,3.5391,93,26278
68615,2015,3.9663,104,26221
68655,1998,5.1303,128,24950
68655,1999,4.2548,108,25383
68655,2000,4.2556,110,25848
68655,2001,3.9991,105,26256
68655,2002,5.2085,139,26687
68655,2003,3.8737,105,27106
68655,2004,4.1418,114,27524
68655,2005,3.7643,105,27894
68655,2006,3.852,109,28297
68655,2007,4.1802,120,28707
68655,2008,3.0609,89,29076
68655,2009,4.2474,125,29430
68655,2010,4.3299,129,29793
68655,2011,4.0126,121,30155
68655,2012,3.7037,113,30510
68655,2013,3.571,110,30804
68655,2014,4.1078,128,31160
68655,2015,3.5231,111,31506
68669,1998,4.6824,53,11319
68669,1999,7.0687,79,11176
68669,2000,5.1635,57,11039
68669,2001,6.4132,70,10915
68669,2002,5.3823,58,10776
68669,2003,4.9728,53,10658
68669,2004,4.3914,46,10475
68669,2005,5.1257,53,10340
68669,2006,6.475,66,10193
68669,2007,4.1691,42,10074
68669,2008,5.425,54,9954
68669,2009,4.179,41,9811
68669,2010,5.4848,53,9663
68669,2011,5.1536,49,9508
68669,2012,3.9526,37,9361
68669,2013,4.2286,39,9223
68669,2014,5.1648,47,9100
68669,2015,5.2286,47,8989
68673,1998,2.6651,9,3377
68673,1999,1.4957,5,3343
68673,2000,3.8981,13,3335
68673,2001,5.1484,17,3302
68673,2002,6.092,20,3283
68673,2003,3.0628,10,3265
68673,2004,8.0296,26,3238
68673,2005,4.9782,16,3214
68673,2006,2.5023,8,3197
68673,2007,1.5768,5,3171
68673,2008,1.9114,6,3139
68673,2009,0.6398,2,3126
68673,2010,2.8818,9,3123
68673,2011,1.2949,4,3089
68673,2012,5.4226,17,3135
68673,2013,2.9306,9,3071
68673,2014,3.6316,11,3029
68673,2015,4.0255,12,2981
68679,1998,6.2167,252,40536
68679,1999,5.7517,238,41379
68679,2000,5.786,244,42171
68679,2001,6.3048,271,42983
68679,2002,5.5724,244,43787
68679,2003,6.3699,284,44585
68679,2004,6.3265,287,45365
68679,2005,5.2078,240,46085
68679,2006,4.8427,227,46875
68679,2007,4.7632,227,47657
68679,2008,5.2655,255,48428
68679,2009,4.6357,228,49184
68679,2010,4.8693,243,49904
68679,2011,4.5072,228,50586
68679,2012,4.9013,251,51211
68679,2013,5.1025,265,51935
68679,2014,5.4209,285,52574
68679,2015,5.5619,296,53219
68682,1998,6.2735,20,3188
68682,1999,6.6267,21,3169
68682,2000,6.8182,21,3080
68682,2001,8.1833,25,3055
68682,2002,5.291,16,3024
68682,2003,8.7307,26,2978
68682,2004,6.2587,18,2876
68682,2005,5.9754,17,2845
68682,2006,11.7941,33,2798
68682,2007,5.8694,16,2726
68682,2008,5.6883,15,2637
68682,2009,4.5714,12,2625
68682,2010,6.5739,17,2586
68682,2011,7.4921,19,2536
68682,2012,5.6225,14,2490
68682,2013,6.5041,16,2460
68682,2014,6.2267,15,2409
68682,2015,7.9832,19,2380
68684,1998,3.533,21,5944
68684,1999,3.0659,18,5871
68684,2000,5.5296,32,5787
68684,2001,4.8951,28,5720
68684,2002,4.7949,27,5631
68684,2003,5.2375,29,5537
68684,2004,6.4315,35,5442
68684,2005,6.4803,35,5401
68684,2006,5.2641,28,5319
68684,2007,4.7783,25,5232
68684,2008,5.255,27,5138
68684,2009,4.5473,23,5058
68684,2010,6.2538,31,4957
68684,2011,4.7102,23,4883
68684,2012,4.7937,23,4798
68684,2013,6.1402,29,4723
68684,2014,7.2977,34,4659
68684,2015,5.4693,25,4571
68686,1998,6.3343,23,3631
68686,1999,6.2217,22,3536
68686,2000,2.9019,10,3446
68686,2001,8.2377,28,3399
68686,2002,9.5981,32,3334
68686,2003,6.9973,23,3287
68686,2004,4.6282,15,3241
68686,2005,2.8364,9,3173
68686,2006,3.5088,11,3135
68686,2007,2.9051,9,3098
68686,2008,4.9164,15,3051
68686,2009,6.9791,21,3009
68686,2010,5.5249,16,2896
68686,2011,4.5249,13,2873
68686,2012,3.9554,11,2781
68686,2013,2.193,6,2736
68686,2014,4.8059,13,2705
68686,2015,4.1369,11,2659
68689,1998,4.419,162,36660
68689,1999,4.6808,171,36532
68689,2000,5.0311,183,36374
68689,2001,4.3673,158,36178
68689,2002,4.2009,151,35945
68689,2003,4.1147,147,35726
68689,2004,4.2798,152,35516
68689,2005,4.696,166,35349
68689,2006,3.9559,139,35137
68689,2007,3.6341,127,34947
68689,2008,4.3177,150,34741
68689,2009,4.1997,145,34526
68689,2010,4.6358,159,34298
68689,2011,5.0989,174,34125
68689,2012,4.3028,146,33931
68689,2013,3.9151,132,33716
68689,2014,3.8265,128,33451
68689,2015,3.5491,118,33248
68705,1998,0.4223,1,2368
68705,1999,2.5136,6,2387
68705,2000,2.9775,7,2351
68705,2001,2.9876,7,2343
68705,2002,1.7182,4,2328
68705,2003,2.1441,5,2332
68705,2004,2.145,5,2331
68705,2005,5.126,12,2341
68705,2006,5.1173,12,2345
68705,2007,2.9775,7,2351
68705,2008,4.1563,10,2406
68705,2009,1.2526,3,2395
68705,2010,1.6779,4,2384
68705,2011,2.4969,6,2403
68705,2012,5.8504,14,2393
68705,2013,2.5157,6,2385
68705,2014,2.5295,6,2372
68705,2015,1.6956,4,2359
68720,1998,1.4151,6,4240
68720,1999,2.368,10,4223
68720,2000,2.6609,11,4134
68720,2001,2.4582,10,4068
68720,2002,1.2282,5,4071
68720,2003,2.241,9,4016
68720,2004,2.5349,10,3945
68720,2005,2.8336,11,3882
68720,2006,3.3819,13,3844
68720,2007,1.3096,5,3818
68720,2008,1.3154,5,3801
68720,2009,3.7244,14,3759
68720,2010,2.9341,11,3749
68720,2011,3.0154,11,3648
68720,2012,3.0488,11,3608
68720,2013,1.1173,4,3580
68720,2014,1.4132,5,3538
68720,2015,2.2766,8,3514
68745,1998,4.2961,43,10009
68745,1999,4.6883,47,10025
68745,2000,3.9675,40,10082
68745,2001,3.575,36,10070
68745,2002,4.0715,41,10070
68745,2003,4.0768,41,10057
68745,2004,4.6771,47,10049
68745,2005,4.6967,47,10007
68745,2006,5.0055,50,9989
68745,2007,4.2029,42,9993
68745,2008,3.2918,33,10025
68745,2009,2.7997,28,10001
68745,2010,4.7928,48,10015
68745,2011,3.8133,38,9965
68745,2012,2.9163,29,9944
68745,2013,3.1329,31,9895
68745,2014,3.3394,33,9882
68745,2015,2.8363,28,9872
68755,1998,6.4362,164,25481
68755,1999,5.9231,153,25831
68755,2000,6.601,173,26208
68755,2001,6.1749,164,26559
68755,2002,7.0213,189,26918
68755,2003,6.2759,171,27247
68755,2004,6.1997,171,27582
68755,2005,6.2722,175,27901
68755,2006,7.4336,210,28250
68755,2007,5.1772,148,28587
68755,2008,5.981,173,28925
68755,2009,1.1282,33,29250
68755,2010,5.0069,148,29559
68755,2011,5.2621,157,29836
68755,2012,3.5231,106,30087
68755,2013,4.3203,131,30322
68755,2014,6.9004,211,30578
68755,2015,6.1487,190,30901
68770,1998,6.6436,71,10687
68770,1999,8.916,95,10655
68770,2000,7.8177,83,10617
68770,2001,6.989,74,10588
68770,2002,7.1191,75,10535
68770,2003,8.4722,89,10505
68770,2004,6.8801,72,10465
68770,2005,7.5043,78,10394
68770,2006,7.8208,81,10357
68770,2007,5.8298,60,10292
68770,2008,4.5649,47,10296
68770,2009,1.9585,20,10212
68770,2010,3.3494,34,10151
68770,2011,2.4755,25,10099
68770,2012,4.2629,43,10087
68770,2013,5.4585,55,10076
68770,2014,5.7959,58,10007
68770,2015,6.1449,61,9927
68773,1998,3.3637,34,10108
68773,1999,3.0151,30,9950
68773,2000,4.6891,46,9810
68773,2001,4.0356,39,9664
68773,2002,4.938,47,9518
68773,2003,4.4786,42,9378
68773,2004,5.413,50,9237
68773,2005,4.7572,43,9039
68773,2006,5.1685,46,8900
68773,2007,4.4786,39,8708
68773,2008,5.5145,47,8523
68773,2009,4.8903,41,8384
68773,2010,4.1162,34,8260
68773,2011,3.4696,28,8070
68773,2012,3.2895,26,7904
68773,2013,2.97,23,7744
68773,2014,3.0235,23,7607
68773,2015,3.6135,27,7472
68780,1998,5.4054,24,4440
68780,1999,2.4853,11,4426
68780,2000,6.615,29,4384
68780,2001,5.4932,24,4369
68780,2002,3.4451,15,4354
68780,2003,5.7991,25,4311
68780,2004,3.7357,16,4283
68780,2005,2.8215,12,4253
68780,2006,4.9447,21,4247
68780,2007,4.954,21,4239
68780,2008,2.6029,11,4226
68780,2009,3.8214,16,4187
68780,2010,4.8638,20,4112
68780,2011,7.3439,30,4085
68780,2012,3.2035,13,4058
68780,2013,1.9876,8,4025
68780,2014,2.9828,12,4023
68780,2015,2.2366,9,4024
68820,1998,2.9678,19,6402
68820,1999,4.2188,27,6400
68820,2000,4.1692,27,6476
68820,2001,3.9755,26,6540
68820,2002,3.7919,25,6593
68820,2003,4.2239,28,6629
68820,2004,2.6922,18,6686
68820,2005,3.7236,25,6714
68820,2006,3.1148,21,6742
68820,2007,3.6873,25,6780
68820,2008,3.37,23,6825
68820,2009,3.6284,25,6890
68820,2010,1.295,9,6950
68820,2011,3.289,23,6993
68820,2012,2.8502,20,7017
68820,2013,2.2769,16,7027
68820,2014,2.5532,18,7050
68820,2015,3.2573,23,7061
68855,1998,5.3888,28,5196
68855,1999,7.4613,39,5227
68855,2000,7.8155,41,5246
68855,2001,9.0532,48,5302
68855,2002,8.7883,47,5348
68855,2003,8.3597,45,5383
68855,2004,6.0829,33,5425
68855,2005,5.1039,28,5486
68855,2006,7.2163,40,5543
68855,2007,5.1684,29,5611
68855,2008,7.397,42,5678
68855,2009,5.0931,29,5694
68855,2010,5.431,31,5708
68855,2011,6.4292,37,5755
68855,2012,3.9676,23,5797
68855,2013,4.6272,27,5835
68855,2014,5.6237,33,5868
68855,2015,6.6057,39,5904
68861,1998,5.6424,109,19318
68861,1999,5.8644,115,19610
68861,2000,5.0277,100,19890
68861,2001,6.0552,122,20148
68861,2002,5.7435,117,20371
68861,2003,7.4175,153,20627
68861,2004,6.6577,139,20878
68861,2005,5.4966,116,21104
68861,2006,6.0996,130,21313
68861,2007,5.3364,115,21550
68861,2008,5.4218,118,21764
68861,2009,4.9597,109,21977
68861,2010,6.0781,135,22211
68861,2011,6.0946,137,22479
68861,2012,4.9361,112,22690
68861,2013,5.852,134,22898
68861,2014,6.0698,140,23065
68861,2015,6.021,140,23252
68867,1998,4.7619,9,1890
68867,1999,2.588,5,1932
68867,2000,4.2644,8,1876
68867,2001,1.569,3,1912
68867,2002,2.5733,5,1943
68867,2003,4.0363,8,1982
68867,2004,2.524,5,1981
68867,2005,2.9703,6,2020
68867,2006,6.0945,12,1969
68867,2007,5.0839,10,1967
68867,2008,5.991,12,2003
68867,2009,6.9034,14,2028
68867,2010,3.4965,7,2002
68867,2011,1.9891,4,2011
68867,2012,3.986,8,2007
68867,2013,4.4423,9,2026
68867,2014,2.4498,5,2041
68867,2015,3.912,8,2045
68872,1998,5.4219,39,7193
68872,1999,5.674,41,7226
68872,2000,5.1006,37,7254
68872,2001,4.4168,32,7245
68872,2002,4.1311,30,7262
68872,2003,3.6991,27,7299
68872,2004,4.9013,36,7345
68872,2005,3.7946,28,7379
68872,2006,3.7675,28,7432
68872,2007,3.4909,26,7448
68872,2008,5.7272,43,7508
68872,2009,3.9698,30,7557
68872,2010,6.7398,51,7567
68872,2011,3.9756,30,7546
68872,2012,5.1383,39,7590
68872,2013,6.2893,48,7632
68872,2014,5.8609,45,7678
68872,2015,5.0492,39,7724
68895,1998,7.474,74,9901
68895,1999,7.9846,79,9894
68895,2000,6.7773,67,9886
68895,2001,6.4994,64,9847
68895,2002,7.3372,72,9813
68895,2003,6.9473,68,9788
68895,2004,7.3733,72,9765
68895,2005,8.5189,83,9743
68895,2006,7.0856,69,9738
68895,2007,6.277,61,9718
68895,2008,7.6399,74,9686
68895,2009,4.1365,40,9670
68895,2010,6.5448,63,9626
68895,2011,5.9468,57,9585
68895,2012,5.7549,55,9557
68895,2013,6.5989,63,9547
68895,2014,6.2092,59,9502
68895,2015,5.1819,49,9456
70001,1998,2.906,619,213009
70001,1999,3.7609,813,216170
70001,2000,4.0602,892,219691
70001,2001,3.8481,859,223225
70001,2002,3.786,852,225038
70001,2003,3.2528,745,229035
70001,2004,3.8062,884,232250
70001,2005,3.7964,893,235222
70001,2006,4.0997,977,238311
70001,2007,4.2547,1027,241380
70001,2008,4.0583,992,244436
70001,2009,4.1749,1033,247432
70001,2010,4.1132,1030,250413
70001,2011,3.828,970,253394
70001,2012,4.7479,1217,256326
70001,2013,4.7787,1239,259277
70001,2014,4.5805,1201,262199
70001,2015,5.4636,1449,265212
70110,1998,2.3616,20,8469
70110,1999,1.9934,17,8528
70110,2000,2.8955,25,8634
70110,2001,1.9433,17,8748
70110,2002,3.6459,32,8777
70110,2003,3.9308,35,8904
70110,2004,3,27,9000
70110,2005,2.7382,25,9130
70110,2006,4.6754,43,9197
70110,2007,3.8885,36,9258
70110,2008,2.4583,23,9356
70110,2009,2.751,26,9451
70110,2010,3.6738,35,9527
70110,2011,3.7441,36,9615
70110,2012,4.4157,43,9738
70110,2013,3.7537,37,9857
70110,2014,4.7504,47,9894
70110,2015,3.9125,39,9968
70124,1998,0.474,5,10548
70124,1999,0.7443,8,10748
70124,2000,1.9197,21,10939
70124,2001,1.4341,16,11157
70124,2002,1.3144,15,11412
70124,2003,1.6375,19,11603
70124,2004,2.1203,25,11791
70124,2005,0.9968,12,12039
70124,2006,1.3843,17,12281
70124,2007,1.1984,15,12517
70124,2008,1.0209,13,12734
70124,2009,2.3202,30,12930
70124,2010,1.4418,19,13178
70124,2011,2.4671,33,13376
70124,2012,1.4725,20,13582
70124,2013,2.8331,39,13766
70124,2014,2.5685,36,14016
70124,2015,2.1724,31,14270
70204,1998,4.0849,36,8813
70204,1999,3.1858,28,8789
70204,2000,5.2386,46,8781
70204,2001,2.5134,22,8753
70204,2002,3.1985,28,8754
70204,2003,2.6331,23,8735
70204,2004,4.1432,36,8689
70204,2005,2.4121,21,8706
70204,2006,2.3034,20,8683
70204,2007,2.4185,21,8683
70204,2008,3.1077,27,8688
70204,2009,1.8486,16,8655
70204,2010,1.7393,15,8624
70204,2011,1.9687,17,8635
70204,2012,3.36,29,8631
70204,2013,3.4034,29,8521
70204,2014,2.5698,22,8561
70204,2015,2.2209,19,8555
70215,1998,3.6001,207,57498
70215,1999,3.7275,216,57947
70215,2000,4.1218,241,58470
70215,2001,3.4588,204,58980
70215,2002,3.6955,219,59262
70215,2003,3.9105,234,59839
70215,2004,4.1924,253,60348
70215,2005,4.0988,249,60750
70215,2006,3.6595,224,61211
70215,2007,4.5246,279,61663
70215,2008,3.5901,223,62115
70215,2009,3.8041,238,62564
70215,2010,3.5705,225,63016
70215,2011,3.2309,205,63449
70215,2012,2.8178,180,63879
70215,2013,3.6355,234,64366
70215,2014,4.0305,261,64756
70215,2015,4.7696,311,65205
70221,2002,0.4057,6,14788
70221,2003,1.5335,23,14998
70221,2004,2.0956,32,15270
70221,2005,2.3221,36,15503
70221,2006,1.5884,25,15739
70221,2007,1.316,21,15957
70221,2008,2.351,38,16163
70221,2009,2.9188,48,16445
70221,2010,2.3442,39,16637
70221,2011,2.4993,42,16805
70221,2012,3.0619,52,16983
70221,2013,2.7884,48,17214
70221,2014,2.0743,36,17355
70221,2015,2.7958,49,17526
70230,1998,2.3866,10,4190
70230,1999,1.6791,7,4169
70230,2000,2.619,11,4200
70230,2001,4.5314,19,4193
70230,2002,3.3325,14,4201
70230,2003,4.5174,19,4206
70230,2004,1.8975,8,4216
70230,2005,2.8136,12,4265
70230,2006,1.1669,5,4285
70230,2007,1.6279,7,4300
70230,2008,3.0466,13,4267
70230,2009,2.3546,10,4247
70230,2010,2.5683,11,4283
70230,2011,2.3354,10,4282
70230,2012,2.5641,11,4290
70230,2013,2.318,10,4314
70230,2014,3.4396,15,4361
70230,2015,2.5063,11,4389
70233,1999,0.0927,1,10790
70233,2000,0.7478,8,10698
70233,2001,2.2561,24,10638
70233,2002,1.7908,19,10610
70233,2003,1.9907,21,10549
70233,2004,1.1407,12,10520
70233,2005,1.338,14,10463
70233,2006,2.499,26,10404
70233,2007,2.1264,22,10346
70233,2008,1.1627,12,10321
70233,2009,1.7522,18,10273
70233,2010,2.3449,24,10235
70233,2011,2.6551,27,10169
70233,2012,3.2651,33,10107
70233,2013,2.1893,22,10049
70233,2014,2.1019,21,9991
70233,2015,4.0136,40,9966
70235,1998,1.8148,29,15980
70235,1999,2.0293,33,16262
70235,2000,2.7192,45,16549
70235,2001,2.1403,36,16820
70235,2002,2.5142,43,17103
70235,2003,3.682,64,17382
70235,2004,2.6587,47,17678
70235,2005,2.6736,48,17953
70235,2006,2.5752,47,18251
70235,2007,3.9929,74,18533
70235,2008,2.602,49,18832
70235,2009,3.0378,58,19093
70235,2010,3.4557,67,19388
70235,2011,1.83,36,19672
70235,2012,2.2585,45,19925
70235,2013,1.8277,37,20244
70235,2014,1.604,33,20574
70235,2015,2.7409,57,20796
70265,1998,0.6938,9,12972
70265,1999,0.9095,12,13194
70265,2000,0.6703,9,13426
70265,2001,1.2472,17,13630
70265,2002,1.6541,23,13905
70265,2003,1.3483,19,14092
70265,2004,0.9065,13,14341
70265,2005,2.1284,31,14565
70265,2006,1.9603,29,14794
70265,2007,1.6649,25,15016
70265,2008,1.9667,30,15254
70265,2009,2.5225,39,15461
70265,2010,1.8478,29,15694
70265,2011,0.8791,14,15926
70265,2012,1.3635,22,16135
70265,2013,2.1466,35,16305
70265,2014,3.0795,51,16561
70265,2015,1.7834,30,16822
70400,1998,1.6453,15,9117
70400,1999,1.6202,15,9258
70400,2000,1.3797,13,9422
70400,2001,2.8216,27,9569
70400,2002,3.2871,32,9735
70400,2003,2.8329,28,9884
70400,2004,4.6916,47,10018
70400,2005,2.553,26,10184
70400,2006,2.3191,24,10349
70400,2007,3.7182,39,10489
70400,2008,3.1982,34,10631
70400,2009,3.6121,39,10797
70400,2010,4.2805,47,10980
70400,2011,3.2362,36,11124
70400,2012,3.1889,36,11289
70400,2013,4.0425,46,11379
70400,2014,4.4091,51,11567
70400,2015,3.4057,40,11745
70418,1998,2.1383,39,18239
70418,1999,2.1111,39,18474
70418,2000,3.644,68,18661
70418,2001,2.9688,56,18863
70418,2002,2.6112,50,19148
70418,2003,2.7394,53,19347
70418,2004,3.0716,60,19534
70418,2005,2.9827,59,19781
70418,2006,2.7521,55,19985
70418,2007,3.9461,80,20273
70418,2008,2.7365,56,20464
70418,2009,3.2452,67,20646
70418,2010,2.2983,48,20885
70418,2011,2.3714,50,21085
70418,2012,2.3004,49,21301
70418,2013,2.3228,50,21526
70418,2014,2.8019,61,21771
70418,2015,3.5599,78,21911
70429,1998,1.8711,50,26722
70429,1999,2.0553,56,27247
70429,2000,2.8553,79,27668
70429,2001,1.9576,55,28095
70429,2002,0.9399,27,28726
70429,2003,0.7218,21,29095
70429,2004,1.3177,39,29596
70429,2005,1.5645,47,30042
70429,2006,0.95,29,30527
70429,2007,1.9993,62,31011
70429,2008,1.207,38,31483
70429,2009,1.5965,51,31945
70429,2010,1.6658,54,32417
70429,2011,1.581,52,32891
70429,2012,1.9181,64,33366
70429,2013,1.3598,46,33829
70429,2014,2.5077,86,34295
70429,2015,1.8129,63,34751
70473,1998,2.3474,27,11502
70473,1999,2.9971,35,11678
70473,2000,2.8639,34,11872
70473,2001,2.5737,31,12045
70473,2002,2.7027,33,12210
70473,2003,3.1429,39,12409
70473,2004,1.9093,24,12570
70473,2005,3.4488,44,12758
70473,2006,2.1665,28,12924
70473,2007,3.5897,47,13093
70473,2008,3.2404,43,13270
70473,2009,2.2338,30,13430
70473,2010,2.6447,36,13612
70473,2011,3.482,48,13785
70473,2012,1.8032,25,13864
70473,2013,2.6971,38,14089
70473,2014,3.5888,51,14211
70473,2015,3.1385,45,14338
70508,1998,3.0299,66,21783
70508,1999,3.4364,75,21825
70508,2000,4.2565,93,21849
70508,2001,4.1554,91,21899
70508,2002,4.2793,94,21966
70508,2003,4.8202,106,21991
70508,2004,3.1743,70,22052
70508,2005,4.033,89,22068
70508,2006,4.0695,90,22116
70508,2007,3.4273,76,22175
70508,2008,3.0175,67,22204
70508,2009,3.143,70,22272
70508,2010,3.3611,75,22314
70508,2011,2.3245,52,22370
70508,2012,3.1762,71,22354
70508,2013,3.4893,78,22354
70508,2014,3.6941,83,22468
70508,2015,3.2083,72,22442
70523,1998,0.7297,6,8223
70523,1999,2.1142,18,8514
70523,2000,3.4215,30,8768
70523,2001,2.5482,23,9026
70523,2002,2.1402,20,9345
70523,2003,2.2883,22,9614
70523,2004,3.1386,31,9877
70523,2005,2.7543,28,10166
70523,2006,1.4386,15,10427
70523,2007,2.803,30,10703
70523,2008,2.9131,32,10985
70523,2009,3.0099,34,11296
70523,2010,3.0258,35,11567
70523,2011,3.2828,39,11880
70523,2012,2.7154,33,12153
70523,2013,3.051,38,12455
70523,2014,2.9881,38,12717
70523,2015,2.4457,32,13084
70670,1998,2.8846,89,30853
70670,1999,3.3212,105,31615
70670,2000,4.0557,131,32300
70670,2001,2.9645,98,33058
70670,2002,3.134,106,33823
70670,2003,3.2714,113,34542
70670,2004,3.4263,121,35315
70670,2005,2.9681,107,36050
70670,2006,3.8884,143,36776
70670,2007,3.7027,139,37540
70670,2008,3.0282,116,38307
70670,2009,3.9166,153,39064
70670,2010,3.0655,122,39798
70670,2011,2.712,110,40561
70670,2012,3.4622,143,41303
70670,2013,3.5669,150,42053
70670,2014,4.3441,186,42817
70670,2015,3.1454,137,43556
70678,1998,0.3181,8,25149
70678,1999,0.6715,17,25316
70678,2000,1.101,28,25431
70678,2001,1.2524,32,25550
70678,2002,1.1966,31,25907
70678,2003,1.503,39,25948
70678,2004,1.6066,42,26142
70678,2005,0.9133,24,26278
70678,2006,1.2849,34,26461
70678,2007,1.5022,40,26628
70678,2008,1.7556,47,26771
70678,2009,1.7812,48,26948
70678,2010,1.9187,52,27102
70678,2011,1.8334,50,27272
70678,2012,2.5151,69,27434
70678,2013,2.5057,69,27537
70678,2014,1.951,54,27678
70678,2015,2.5117,70,27870
70702,1998,3.7559,40,10650
70702,1999,2.4981,27,10808
70702,2000,3.1096,34,10934
70702,2001,3.1689,35,11045
70702,2002,4.1953,47,11203
70702,2003,2.3831,27,11330
70702,2004,4.5332,52,11471
70702,2005,3.7047,43,11607
70702,2006,2.385,28,11740
70702,2007,3.7844,45,11891
70702,2008,3.1585,38,12031
70702,2009,3.7817,46,12164
70702,2010,3.8249,47,12288
70702,2011,3.5535,44,12382
70702,2012,2.373,30,12642
70702,2013,4.1578,53,12747
70702,2014,4.0022,51,12743
70702,2015,3.185,41,12873
70708,1998,1.3197,57,43193
70708,1999,2.5994,114,43857
70708,2000,2.7613,123,44544
70708,2001,3.207,145,45213
70708,2002,2.4419,112,45865
70708,2003,1.7397,81,46561
70708,2004,2.5179,119,47261
70708,2005,2.024,97,47924
70708,2006,2.1599,105,48614
70708,2007,2.5148,124,49308
70708,2008,2.48,124,49999
70708,2009,2.7231,138,50678
70708,2010,3.4067,175,51370
70708,2011,2.6125,136,52057
70708,2012,2.7683,146,52739
70708,2013,3.1065,166,53436
70708,2014,3.1595,171,54122
70708,2015,3.4108,187,54826
70713,1998,4.0709,179,43971
70713,1999,3.5475,157,44257
70713,2000,4.1596,185,44475
70713,2001,3.4443,154,44712
70713,2002,2.8796,130,45145
70713,2003,2.825,128,45310
70713,2004,2.6971,123,45605
70713,2005,2.6169,120,45856
70713,2006,3.3601,155,46130
70713,2007,2.4788,115,46393
70713,2008,3.1726,148,46649
70713,2009,3.9232,184,46901
70713,2010,3.0121,142,47143
70713,2011,3.1668,150,47367
70713,2012,2.8996,138,47593
70713,2013,3.4284,164,47836
70713,2014,3.4322,165,48074
70713,2015,3.458,167,48294
70717,1998,2.3203,40,17239
70717,1999,1.7363,30,17278
70717,2000,2.5378,44,17338
70717,2001,3.3389,58,17371
70717,2002,3.6201,63,17403
70717,2003,1.0872,19,17476
70717,2004,3.1353,55,17542
70717,2005,2.7854,49,17592
70717,2006,4.0256,71,17637
70717,2007,3.6725,65,17699
70717,2008,3.2111,57,17751
70717,2009,3.5921,64,17817
70717,2010,3.3037,59,17859
70717,2011,3.5137,63,17930
70717,2012,2.3379,42,17965
70717,2013,3.8766,70,18057
70717,2014,4.245,77,18139
70717,2015,4.6886,85,18129
70742,1998,2.0996,67,31911
70742,1999,3.2652,104,31851
70742,2000,3.8996,124,31798
70742,2001,4.0006,127,31745
70742,2002,3.5718,113,31637
70742,2003,3.5753,113,31606
70742,2004,3.929,124,31560
70742,2005,4.0689,128,31458
70742,2006,3.8223,120,31395
70742,2007,4.2803,134,31306
70742,2008,4.1268,129,31259
70742,2009,3.7194,116,31188
70742,2010,3.7608,117,31110
70742,2011,3.5145,109,31014
70742,2012,4.0732,126,30934
70742,2013,4.1573,128,30789
70742,2014,4.4589,137,30725
70742,2015,5.0614,155,30624
70771,1998,1.7389,39,22428
70771,1999,3.2502,74,22768
70771,2000,3.9886,92,23066
70771,2001,3.1686,74,23354
70771,2002,2.6013,62,23834
70771,2003,1.4113,34,24091
70771,2004,3.1076,76,24456
70771,2005,2.6659,66,24757
70771,2006,2.671,67,25084
70771,2007,2.6714,68,25455
70771,2008,2.135,55,25761
70771,2009,2.1436,56,26124
70771,2010,1.5859,42,26484
70771,2011,1.1938,32,26805
70771,2012,1.6204,44,27153
70771,2013,2.2918,63,27489
70771,2014,3.6053,100,27737
70771,2015,2.8095,79,28119
70820,1998,2.1068,83,39397
70820,1999,3.2064,130,40544
70820,2000,3.8655,161,41651
70820,2001,3.6001,154,42777
70820,2002,3.6615,109,29769
70820,2003,3.6315,109,30015
70820,2004,3.3755,102,30218
70820,2005,2.9622,90,30383
70820,2006,3.3355,102,30580
70820,2007,3.5771,110,30751
70820,2008,3.3926,105,30950
70820,2009,3.8233,119,31125
70820,2010,3.8989,122,31291
70820,2011,3.3702,106,31452
70820,2012,3.1962,101,31600
70820,2013,3.2108,102,31768
70820,2014,4.0414,129,31920
70820,2015,3.0823,99,32119
70823,1998,4.1907,69,16465
70823,1999,4.613,77,16692
70823,2000,4.4368,75,16904
70823,2001,2.5746,44,17090
70823,2002,2.8177,49,17390
70823,2003,4.0914,72,17598
70823,2004,3.707,66,17804
70823,2005,3.715,67,18035
70823,2006,3.6068,66,18299
70823,2007,4.1667,77,18480
70823,2008,3.2563,61,18733
70823,2009,3.4227,65,18991
70823,2010,3.855,74,19196
70823,2011,3.3954,66,19438
70823,2012,3.3564,66,19664
70823,2013,4.9246,98,19900
70823,2014,3.8362,77,20072
70823,2015,3.6433,74,20311
73001,1998,4.7471,2042,430158
73001,1999,5.2579,2299,437245
73001,2000,5.5215,2453,444266
73001,2001,6.0432,2725,450923
73001,2002,5.0972,2330,457111
73001,2003,5.1604,2390,463139
73001,2004,3.7898,1776,468632
73001,2005,5.2745,2496,473220
73001,2006,5.2942,2532,478255
73001,2007,5.1585,2491,482895
73001,2008,5.1466,2509,487511
73001,2009,5.1808,2549,492013
73001,2010,5.6625,2811,496428
73001,2011,5.6275,2818,500754
73001,2012,5.7206,2888,504843
73001,2013,5.6773,2889,508870
73001,2014,5.8333,2991,512749
73001,2015,6.057,3130,516759
73024,1998,4.4707,25,5592
73024,1999,3.2491,18,5540
73024,2000,4.9306,27,5476
73024,2001,4.4045,24,5449
73024,2002,3.8867,21,5403
73024,2003,5.6211,30,5337
73024,2004,6.4272,34,5290
73024,2005,6.6502,35,5263
73024,2006,5.7949,30,5177
73024,2007,4.8819,25,5121
73024,2008,8.5047,43,5056
73024,2009,4.1494,21,5061
73024,2010,6.2337,31,4973
73024,2011,5.3564,26,4854
73024,2012,7.9564,38,4776
73024,2013,6.7912,32,4712
73024,2014,7.1059,33,4644
73024,2015,7.4203,34,4582
73026,1998,5.4939,50,9101
73026,1999,6.3834,58,9086
73026,2000,4.5379,41,9035
73026,2001,4.974,45,9047
73026,2002,5.6397,51,9043
73026,2003,4.308,39,9053
73026,2004,3.3208,30,9034
73026,2005,5.8114,52,8948
73026,2006,5.943,53,8918
73026,2007,5.3751,48,8930
73026,2008,4.7313,42,8877
73026,2009,5.9178,52,8787
73026,2010,5.949,52,8741
73026,2011,4.1054,36,8769
73026,2012,5.4801,48,8759
73026,2013,4.0027,35,8744
73026,2014,5.8493,51,8719
73026,2015,6.3044,55,8724
73030,1998,7.9286,64,8072
73030,1999,6.6308,53,7993
73030,2000,6.772,54,7974
73030,2001,9.7161,77,7925
73030,2002,8.1177,64,7884
73030,2003,7.0621,55,7788
73030,2004,5.7135,44,7701
73030,2005,9.6505,74,7668
73030,2006,7.4941,57,7606
73030,2007,5.7936,43,7422
73030,2008,7.1131,53,7451
73030,2009,7.6046,56,7364
73030,2010,7.5612,55,7274
73030,2011,8.805,63,7155
73030,2012,9.3194,66,7082
73030,2013,7.8673,55,6991
73030,2014,7.3434,51,6945
73030,2015,9.7242,67,6890
73043,1998,4.3302,46,10623
73043,1999,4.607,49,10636
73043,2000,5.3,56,10566
73043,2001,4.3676,46,10532
73043,2002,4.7529,50,10520
73043,2003,3.7153,39,10497
73043,2004,3.8292,40,10446
73043,2005,4.0323,42,10416
73043,2006,6.686,69,10320
73043,2007,4.067,42,10327
73043,2008,3.981,41,10299
73043,2009,3.912,40,10225
73043,2010,5.0177,51,10164
73043,2011,4.5293,46,10156
73043,2012,5.5309,56,10125
73043,2013,4.2511,43,10115
73043,2014,4.95,50,10101
73043,2015,4.0751,41,10061
73055,1998,5.6413,83,14713
73055,1999,6.9644,102,14646
73055,2000,6.1055,89,14577
73055,2001,6.3448,92,14500
73055,2002,5.3413,77,14416
73055,2003,6.2792,90,14333
73055,2004,4.9195,70,14229
73055,2005,6.8711,97,14117
73055,2006,7.2256,101,13978
73055,2007,6.71,93,13860
73055,2008,6.3305,87,13743
73055,2009,6.3161,86,13616
73055,2010,6.213,84,13520
73055,2011,7.161,96,13406
73055,2012,7.0597,94,13315
73055,2013,6.9023,91,13184
73055,2014,6.4392,84,13045
73055,2015,5.8678,76,12952
73067,1998,2.3176,50,21574
73067,1999,2.3297,50,21462
73067,2000,2.6233,56,21347
73067,2001,3.4379,73,21234
73067,2002,2.2781,48,21070
73067,2003,2.6732,56,20949
73067,2004,1.9272,40,20756
73067,2005,3.0106,62,20594
73067,2006,3.4658,71,20486
73067,2007,3.0462,62,20353
73067,2008,3.1142,63,20230
73067,2009,2.5841,52,20123
73067,2010,2.7514,55,19990
73067,2011,3.018,60,19881
73067,2012,4.3469,86,19784
73067,2013,3.8559,76,19710
73067,2014,2.8018,55,19630
73067,2015,4.1388,81,19571
73124,1998,6.2487,122,19524
73124,1999,6.251,122,19517
73124,2000,7.3484,143,19460
73124,2001,7.4665,145,19420
73124,2002,5.7231,111,19395
73124,2003,7.3909,143,19348
73124,2004,5.8619,113,19277
73124,2005,5.9045,113,19138
73124,2006,6.0822,116,19072
73124,2007,6.4659,123,19023
73124,2008,5.7004,108,18946
73124,2009,4.9751,94,18894
73124,2010,6.1594,116,18833
73124,2011,6.2903,118,18759
73124,2012,6.2443,117,18737
73124,2013,5.1463,96,18654
73124,2014,6.563,122,18589
73124,2015,5.6152,104,18521
73148,1998,5.404,42,7772
73148,1999,6.559,52,7928
73148,2000,5.9516,48,8065
73148,2001,5.6022,46,8211
73148,2002,5.7464,48,8353
73148,2003,7.1832,61,8492
73148,2004,5.7911,50,8634
73148,2005,5.2416,46,8776
73148,2006,4.7544,42,8834
73148,2007,6.6927,60,8965
73148,2008,5.6007,51,9106
73148,2009,5.7434,53,9228
73148,2010,5.66,53,9364
73148,2011,5.6091,53,9449
73148,2012,5.5457,53,9557
73148,2013,6.0938,59,9682
73148,2014,5.9554,58,9739
73148,2015,8.1152,80,9858
73152,1998,4.2629,31,7272
73152,1999,7.0883,51,7195
73152,2000,7.9498,57,7170
73152,2001,7.5683,54,7135
73152,2002,6.7691,48,7091
73152,2003,7.8125,55,7040
73152,2004,4.2863,30,6999
73152,2005,6.3556,44,6923
73152,2006,5.2386,36,6872
73152,2007,5.7227,39,6815
73152,2008,4.9978,34,6803
73152,2009,5.4734,37,6760
73152,2010,5.3852,36,6685
73152,2011,5.6035,37,6603
73152,2012,5.3879,35,6496
73152,2013,5.7427,37,6443
73152,2014,4.5214,29,6414
73152,2015,5.3117,34,6401
73168,1998,5.0746,250,49265
73168,1999,5.6448,279,49426
73168,2000,5.9332,294,49552
73168,2001,5.3582,266,49644
73168,2002,5.9739,297,49716
73168,2003,5.4087,269,49735
73168,2004,6.0654,302,49791
73168,2005,5.2622,262,49789
73168,2006,6.0217,300,49820
73168,2007,6.6367,331,49874
73168,2008,5.3552,267,49858
73168,2009,5.1924,259,49881
73168,2010,6.1307,306,49913
73168,2011,5.7083,285,49927
73168,2012,6.5477,327,49941
73168,2013,5.7809,289,49992
73168,2014,5.9345,297,50046
73168,2015,6.0109,301,50076
73200,1998,4.229,39,9222
73200,1999,3.8101,35,9186
73200,2000,4.4092,40,9072
73200,2001,5.3033,48,9051
73200,2002,6.6571,60,9013
73200,2003,7.2423,65,8975
73200,2004,5.0477,45,8915
73200,2005,5.9098,52,8799
73200,2006,6.3189,55,8704
73200,2007,7.0651,61,8634
73200,2008,7.4906,64,8544
73200,2009,7.7501,66,8516
73200,2010,8.0264,68,8472
73200,2011,7.5,63,8400
73200,2012,7.1822,60,8354
73200,2013,7.8379,65,8293
73200,2014,6.5391,54,8258
73200,2015,9.0667,75,8272
73217,1998,5.7659,148,25668
73217,1999,5.6116,143,25483
73217,2000,5.4908,139,25315
73217,2001,6.1308,154,25119
73217,2002,6.0168,150,24930
73217,2003,4.8081,119,24750
73217,2004,5.0858,125,24578
73217,2005,5.9033,144,24393
73217,2006,5.8993,143,24240
73217,2007,6.9364,167,24076
73217,2008,5.7296,137,23911
73217,2009,6.2729,149,23753
73217,2010,6.0065,142,23641
73217,2011,5.5766,131,23491
73217,2012,5.4359,127,23363
73217,2013,6.2753,146,23266
73217,2014,5.7337,133,23196
73217,2015,6.9532,160,23011
73226,1998,3.5117,47,13384
73226,1999,4.6328,61,13167
73226,2000,3.3398,43,12875
73226,2001,4.5163,57,12621
73226,2002,4.1939,52,12399
73226,2003,4.4488,54,12138
73226,2004,6.1401,73,11889
73226,2005,6.1254,71,11591
73226,2006,6.612,75,11343
73226,2007,4.3119,48,11132
73226,2008,5.1471,56,10880
73226,2009,5.529,59,10671
73226,2010,5.2642,55,10448
73226,2011,5.1728,53,10246
73226,2012,6.1741,62,10042
73226,2013,6.2564,61,9750
73226,2014,6.1227,58,9473
73226,2015,7.5472,70,9275
73236,1998,5.6558,58,10255
73236,1999,5.618,57,10146
73236,2000,6.4471,65,10082
73236,2001,5.2979,53,10004
73236,2002,4.6362,46,9922
73236,2003,7.7575,76,9797
73236,2004,4.7374,46,9710
73236,2005,4.8826,47,9626
73236,2006,7.5893,72,9487
73236,2007,5.4278,51,9396
73236,2008,5.6162,52,9259
73236,2009,6.0031,55,9162
73236,2010,9.4714,86,9080
73236,2011,7.227,65,8994
73236,2012,7.2113,64,8875
73236,2013,6.1454,54,8787
73236,2014,5.3831,47,8731
73236,2015,5.8925,51,8655
73268,1998,5.9845,409,68343
73268,1999,5.7841,397,68637
73268,2000,6.5866,454,68928
73268,2001,6.0151,416,69159
73268,2002,6.3201,438,69303
73268,2003,6.7515,469,69466
73268,2004,6.5838,458,69565
73268,2005,7.1698,499,69597
73268,2006,6.3273,441,69698
73268,2007,6.4241,448,69737
73268,2008,6.0625,423,69773
73268,2009,6.3873,446,69826
73268,2010,6.5991,461,69858
73268,2011,6.5353,457,69928
73268,2012,6.7014,469,69985
73268,2013,6.8956,483,70045
73268,2014,6.5073,456,70075
73268,2015,8.5953,603,70155
73270,1998,3.6585,42,11480
73270,1999,3.3733,38,11265
73270,2000,4.0702,45,11056
73270,2001,5.7059,62,10866
73270,2002,3.8354,41,10690
73270,2003,5.6057,59,10525
73270,2004,4.2881,44,10261
73270,2005,3.8837,39,10042
73270,2006,5.2937,52,9823
73270,2007,3.4282,33,9626
73270,2008,3.818,36,9429
73270,2009,4.8775,45,9226
73270,2010,6.5403,59,9021
73270,2011,5.3367,47,8807
73270,2012,5.7998,50,8621
73270,2013,4.6137,39,8453
73270,2014,5.307,44,8291
73270,2015,3.9298,32,8143
73275,1998,4.2313,114,26942
73275,1999,3.9497,107,27091
73275,2000,4.7515,130,27360
73275,2001,4.2959,118,27468
73275,2002,4.5291,125,27599
73275,2003,4.473,124,27722
73275,2004,3.7048,103,27802
73275,2005,4.3094,120,27846
73275,2006,4.4387,124,27936
73275,2007,5.7574,161,27964
73275,2008,5.6386,158,28021
73275,2009,6.4884,182,28050
73275,2010,5.481,154,28097
73275,2011,5.7828,163,28187
73275,2012,5.8794,166,28234
73275,2013,6.7627,191,28243
73275,2014,7.1479,202,28260
73275,2015,7.3906,209,28279
73283,1998,5.4507,173,31739
73283,1999,5.8044,184,31700
73283,2000,7.0289,223,31726
73283,2001,7.3421,233,31735
73283,2002,6.2431,198,31715
73283,2003,5.8576,185,31583
73283,2004,6.0848,192,31554
73283,2005,6.5168,205,31457
73283,2006,6.8998,217,31450
73283,2007,6.3635,200,31429
73283,2008,7.1458,224,31347
73283,2009,6.0693,190,31305
73283,2010,6.244,195,31230
73283,2011,6.3064,197,31238
73283,2012,6.1667,192,31135
73283,2013,5.8824,183,31110
73283,2014,6.6842,208,31118
73283,2015,5.6953,177,31078
73319,1998,6.535,234,35807
73319,1999,6.7189,240,35720
73319,2000,6.6024,235,35593
73319,2001,7.1172,252,35407
73319,2002,6.8035,240,35276
73319,2003,7.1213,250,35106
73319,2004,6.8097,238,34950
73319,2005,7.0443,245,34780
73319,2006,6.5491,227,34661
73319,2007,6.8749,237,34473
73319,2008,6.9712,239,34284
73319,2009,7.3555,251,34124
73319,2010,7.4944,254,33892
73319,2011,6.919,234,33820
73319,2012,7.8742,265,33654
73319,2013,7.8118,262,33539
73319,2014,7.1863,240,33397
73319,2015,8.482,282,33247
73347,1998,6.3998,63,9844
73347,1999,5.6515,55,9732
73347,2000,5.4462,52,9548
73347,2001,6.9009,65,9419
73347,2002,5.287,49,9268
73347,2003,5.6868,52,9144
73347,2004,6.1899,56,9047
73347,2005,6.3042,56,8883
73347,2006,4.6825,41,8756
73347,2007,5.337,46,8619
73347,2008,5.4188,46,8489
73347,2009,5.9801,50,8361
73347,2010,4.1393,34,8214
73347,2011,4.4477,36,8094
73347,2012,5.5186,44,7973
73347,2013,5.1216,40,7810
73347,2014,5.988,46,7682
73347,2015,5.1208,39,7616
73349,1998,8.6634,245,28280
73349,1999,7.8654,222,28225
73349,2000,8.2501,232,28121
73349,2001,9.1419,256,28003
73349,2002,9.1118,254,27876
73349,2003,7.3151,203,27751
73349,2004,8.4881,234,27568
73349,2005,8.956,245,27356
73349,2006,8.1762,222,27152
73349,2007,8.4846,229,26990
73349,2008,10.1003,270,26732
73349,2009,8.1193,215,26480
73349,2010,8.7479,230,26292
73349,2011,9.4705,247,26081
73349,2012,10.4755,271,25870
73349,2013,9.747,250,25649
73349,2014,10.4494,266,25456
73349,2015,10.7986,273,25281
73352,1998,5.846,69,11803
73352,1999,6.0073,71,11819
73352,2000,5.1538,61,11836
73352,2001,6.6599,79,11862
73352,2002,6.8378,81,11846
73352,2003,4.218,50,11854
73352,2004,4.2326,50,11813
73352,2005,5.4251,64,11797
73352,2006,5.1103,60,11741
73352,2007,5.618,66,11748
73352,2008,4.6067,54,11722
73352,2009,4.2731,50,11701
73352,2010,4.4414,52,11708
73352,2011,4.7684,56,11744
73352,2012,4.6773,55,11759
73352,2013,5.256,62,11796
73352,2014,4.8371,57,11784
73352,2015,4.6828,55,11745
73408,1998,6.4985,109,16773
73408,1999,4.9223,83,16862
73408,2000,6.7492,115,17039
73408,2001,7.2248,124,17163
73408,2002,7.22,125,17313
73408,2003,7.4567,130,17434
73408,2004,6.6701,117,17541
73408,2005,7.6076,134,17614
73408,2006,7.4078,131,17684
73408,2007,6.9292,123,17751
73408,2008,7.5571,135,17864
73408,2009,7.8274,140,17886
73408,2010,7.0054,126,17986
73408,2011,8.086,146,18056
73408,2012,7.6016,138,18154
73408,2013,6.7059,122,18193
73408,2014,7.0669,129,18254
73408,2015,7.4102,136,18353
73411,1998,6.829,293,42905
73411,1999,8.8106,376,42676
73411,2000,7.2812,309,42438
73411,2001,7.5438,318,42154
73411,2002,6.4727,271,41868
73411,2003,6.3999,266,41563
73411,2004,6.2802,259,41241
73411,2005,6.4911,265,40825
73411,2006,6.8155,276,40496
73411,2007,7.4454,299,40159
73411,2008,7.3563,293,39830
73411,2009,6.9441,274,39458
73411,2010,7.8648,308,39162
73411,2011,7.4842,291,38882
73411,2012,7.3543,283,38481
73411,2013,7.0738,270,38169
73411,2014,7.2248,274,37925
73411,2015,7.446,280,37604
73443,1998,5.8581,192,32775
73443,1999,5.5725,185,33199
73443,2000,6.6982,224,33442
73443,2001,6.392,216,33792
73443,2002,5.4216,185,34123
73443,2003,5.6364,194,34419
73443,2004,5.5926,194,34689
73443,2005,5.6562,197,34829
73443,2006,7.0685,248,35085
73443,2007,6.399,226,35318
73443,2008,6.1857,220,35566
73443,2009,6.4029,229,35765
73443,2010,5.2532,189,35978
73443,2011,5.5519,201,36204
73443,2012,6.2581,228,36433
73443,2013,5.5428,203,36624
73443,2014,5.7568,212,36826
73443,2015,6.6748,247,37005
73449,1998,6.4245,176,27395
73449,1999,5.2607,147,27943
73449,2000,4.1675,119,28554
73449,2001,4.6363,135,29118
73449,2002,4.3502,129,29654
73449,2003,4.9675,150,30196
73449,2004,5.576,171,30667
73449,2005,4.6299,144,31102
73449,2006,4.0251,127,31552
73449,2007,4.0348,129,31972
73449,2008,4.7853,155,32391
73449,2009,4.7234,155,32815
73449,2010,4.5424,151,33242
73449,2011,4.4261,149,33664
73449,2012,4.4631,152,34057
73449,2013,4.5848,158,34462
73449,2014,5.5114,192,34837
73449,2015,4.8706,172,35314
73461,1998,5.0111,18,3592
73461,1999,6.8833,25,3632
73461,2000,5.7582,21,3647
73461,2001,5.719,21,3672
73461,2002,4.809,18,3743
73461,2003,5.5851,21,3760
73461,2004,4.7356,18,3801
73461,2005,3.6803,14,3804
73461,2006,6.0273,23,3816
73461,2007,3.3749,13,3852
73461,2008,3.3514,13,3879
73461,2009,4.873,19,3899
73461,2010,4.3634,17,3896
73461,2011,3.5733,14,3918
73461,2012,3.0288,12,3962
73461,2013,3.5123,14,3986
73461,2014,3.4869,14,4015
73461,2015,3.2146,13,4044
73483,1998,6.766,129,19066
73483,1999,7.9479,150,18873
73483,2000,7.2394,135,18648
73483,2001,8.8385,163,18442
73483,2002,8.0601,147,18238
73483,2003,9.5962,173,18028
73483,2004,7.9852,142,17783
73483,2005,7.4184,130,17524
73483,2006,8.7551,151,17247
73483,2007,10.5752,180,17021
73483,2008,9.6302,162,16822
73483,2009,8.865,147,16582
73483,2010,9.5221,156,16383
73483,2011,10.331,167,16165
73483,2012,8.6347,138,15982
73483,2013,9.0776,143,15753
73483,2014,10.367,161,15530
73483,2015,10.9155,168,15391
73504,1998,4.6623,162,34747
73504,1999,4.3769,152,34728
73504,2000,4.3298,150,34644
73504,2001,4.3872,152,34646
73504,2002,4.6307,160,34552
73504,2003,4.8131,166,34489
73504,2004,4.7304,163,34458
73504,2005,5.5801,192,34408
73504,2006,5.2429,180,34332
73504,2007,4.517,155,34315
73504,2008,5.4018,185,34248
73504,2009,4.4953,154,34258
73504,2010,4.4067,151,34266
73504,2011,4.8182,165,34245
73504,2012,3.7681,129,34235
73504,2013,4.1442,142,34265
73504,2014,3.4428,118,34274
73504,2015,4.1898,144,34369
73520,1998,4.0999,56,13659
73520,1999,3.9449,53,13435
73520,2000,4.9928,66,13219
73520,2001,4.0772,53,12999
73520,2002,5.1462,66,12825
73520,2003,4.4409,56,12610
73520,2004,4.5139,56,12406
73520,2005,5.0164,61,12160
73520,2006,4.0211,48,11937
73520,2007,5.2883,62,11724
73520,2008,4.1717,48,11506
73520,2009,4.8484,55,11344
73520,2010,3.1441,35,11132
73520,2011,5.2131,57,10934
73520,2012,4.3619,47,10775
73520,2013,6.0572,64,10566
73520,2014,6.5272,68,10418
73520,2015,5.5882,57,10200
73547,1998,2.762,17,6155
73547,1999,4.1841,26,6214
73547,2000,4.158,26,6253
73547,2001,4.1382,26,6283
73547,2002,3.9501,25,6329
73547,2003,4.1081,26,6329
73547,2004,5.033,32,6358
73547,2005,6.7146,43,6404
73547,2006,4.373,28,6403
73547,2007,4.6591,30,6439
73547,2008,4.5171,29,6420
73547,2009,5.5487,36,6488
73547,2010,4.8915,32,6542
73547,2011,5.8175,38,6532
73547,2012,5.1735,34,6572
73547,2013,5.1743,34,6571
73547,2014,3.789,25,6598
73547,2015,5.2862,35,6621
73555,1998,3.3016,84,25442
73555,1999,3.0675,78,25428
73555,2000,2.5131,64,25467
73555,2001,2.9057,74,25467
73555,2002,3.378,86,25459
73555,2003,2.8297,72,25444
73555,2004,3.1494,80,25402
73555,2005,3.6672,93,25360
73555,2006,4.5734,116,25364
73555,2007,5.1644,131,25366
73555,2008,4.4558,113,25360
73555,2009,4.0979,104,25379
73555,2010,4.4903,114,25388
73555,2011,4.0966,104,25387
73555,2012,3.8147,97,25428
73555,2013,4.0861,104,25452
73555,2014,4.5098,115,25500
73555,2015,4.4662,114,25525
73563,1998,5.4837,53,9665
73563,1999,6.5934,63,9555
73563,2000,6.5215,62,9507
73563,2001,5.7676,55,9536
73563,2002,6.3425,60,9460
73563,2003,5.2429,49,9346
73563,2004,6.2466,58,9285
73563,2005,5.0844,47,9244
73563,2006,6.8845,63,9151
73563,2007,4.7284,43,9094
73563,2008,7.309,66,9030
73563,2009,5.9205,53,8952
73563,2010,6.3909,57,8919
73563,2011,6.0948,54,8860
73563,2012,6.7881,60,8839
73563,2013,5.3367,47,8807
73563,2014,5.1323,45,8768
73563,2015,6.7614,59,8726
73585,1998,7.1326,178,24956
73585,1999,5.4983,137,24917
73585,2000,6.8268,170,24902
73585,2001,7.2131,179,24816
73585,2002,6.3771,158,24776
73585,2003,7.4161,183,24676
73585,2004,6.6762,164,24565
73585,2005,6.916,169,24436
73585,2006,6.853,167,24369
73585,2007,7.1643,174,24287
73585,2008,7.1077,172,24199
73585,2009,7.0087,169,24113
73585,2010,7.4354,179,24074
73585,2011,6.5957,158,23955
73585,2012,6.6549,159,23892
73585,2013,7.9008,188,23795
73585,2014,7.1682,170,23716
73585,2015,8.5,201,23647
73616,1998,0.9927,25,25184
73616,1999,1.3576,34,25044
73616,2000,1.4048,35,24915
73616,2001,1.4527,36,24782
73616,2002,1.544,38,24611
73616,2003,2.2535,55,24406
73616,2004,1.65,40,24242
73616,2005,1.995,48,24060
73616,2006,2.5886,62,23951
73616,2007,3.0244,72,23806
73616,2008,2.7046,64,23663
73616,2009,2.2532,53,23522
73616,2010,2.2637,53,23413
73616,2011,2.1879,51,23310
73616,2012,1.9414,45,23179
73616,2013,2.3357,54,23119
73616,2014,2.8234,65,23022
73616,2015,3.1803,73,22954
73622,1998,2.9112,18,6183
73622,1999,5.6791,35,6163
73622,2000,6.8672,42,6116
73622,2001,5.2528,32,6092
73622,2002,3.4901,21,6017
73622,2003,2.9885,18,6023
73622,2004,4.3493,26,5978
73622,2005,3.2073,19,5924
73622,2006,4.9278,29,5885
73622,2007,3.4153,20,5856
73622,2008,2.7548,16,5808
73622,2009,4.1681,24,5758
73622,2010,3.1408,18,5731
73622,2011,4.9461,28,5661
73622,2012,2.6572,15,5645
73622,2013,6.7748,38,5609
73622,2014,3.7865,21,5546
73622,2015,2.7218,15,5511
73624,1998,5.9951,143,23853
73624,1999,6.817,162,23764
73624,2000,7.0979,168,23669
73624,2001,5.3467,126,23566
73624,2002,6.522,153,23459
73624,2003,7.234,169,23362
73624,2004,5.8588,136,23213
73624,2005,6.087,140,23000
73624,2006,6.4581,148,22917
73624,2007,5.2255,119,22773
73624,2008,5.6024,127,22669
73624,2009,5.678,128,22543
73624,2010,7.1295,160,22442
73624,2011,6.3572,142,22337
73624,2012,6.478,144,22229
73624,2013,5.9704,132,22109
73624,2014,5.0935,112,21989
73624,2015,6.2566,137,21897
73671,1998,4.8527,71,14631
73671,1999,4.5085,66,14639
73671,2000,4.918,72,14640
73671,2001,6.8217,100,14659
73671,2002,7.0811,104,14687
73671,2003,5.8551,86,14688
73671,2004,5.9204,87,14695
73671,2005,6.145,90,14646
73671,2006,6.7054,98,14615
73671,2007,4.9403,72,14574
73671,2008,5.3671,78,14533
73671,2009,5.8556,85,14516
73671,2010,6.7017,97,14474
73671,2011,6.4725,94,14523
73671,2012,6.8384,99,14477
73671,2013,4.9806,72,14456
73671,2014,7.2901,105,14403
73671,2015,6.1754,89,14412
73675,1998,4.8412,82,16938
73675,1999,6.4072,107,16700
73675,2000,6.1852,102,16491
73675,2001,5.1005,83,16273
73675,2002,7.0287,113,16077
73675,2003,4.8544,77,15862
73675,2004,4.2151,66,15658
73675,2005,4.873,75,15391
73675,2006,4.6165,70,15163
73675,2007,4.481,67,14952
73675,2008,4.5513,67,14721
73675,2009,5.2381,76,14509
73675,2010,3.9849,57,14304
73675,2011,4.1823,59,14107
73675,2012,3.8799,54,13918
73675,2013,4.1455,57,13750
73675,2014,4.0495,55,13582
73675,2015,6.0547,81,13378
73678,1998,2.9768,44,14781
73678,1999,5.0398,74,14683
73678,2000,4.3098,63,14618
73678,2001,5.5781,81,14521
73678,2002,5.7261,83,14495
73678,2003,4.3112,62,14381
73678,2004,4.5518,65,14280
73678,2005,6.2055,88,14181
73678,2006,5.8932,83,14084
73678,2007,5.2846,74,14003
73678,2008,7.2448,101,13941
73678,2009,5.5352,77,13911
73678,2010,6.0554,84,13872
73678,2011,5.7139,79,13826
73678,2012,7.5488,104,13777
73678,2013,6.1104,84,13747
73678,2014,7.5857,104,13710
73678,2015,5.5804,76,13619
73686,1998,3.9244,27,6880
73686,1999,6.8254,47,6886
73686,2000,5.5817,38,6808
73686,2001,5.354,36,6724
73686,2002,6.0141,40,6651
73686,2003,6.4964,43,6619
73686,2004,3.9562,26,6572
73686,2005,6.271,41,6538
73686,2006,6.0278,39,6470
73686,2007,4.8506,31,6391
73686,2008,5.0465,32,6341
73686,2009,4.1653,26,6242
73686,2010,5.5276,34,6151
73686,2011,3.7576,23,6121
73686,2012,4.1261,25,6059
73686,2013,3.5047,21,5992
73686,2014,3.8681,23,5946
73686,2015,3.7562,22,5857
73770,1998,5.497,24,4366
73770,1999,6.2212,27,4340
73770,2000,3.9189,17,4338
73770,2001,3.9288,17,4327
73770,2002,3.4835,15,4306
73770,2003,7.0012,30,4285
73770,2004,4.0151,17,4234
73770,2005,4.5357,19,4189
73770,2006,5.2096,22,4223
73770,2007,5.0432,21,4164
73770,2008,6.7698,28,4136
73770,2009,8.1361,33,4056
73770,2010,4.5237,18,3979
73770,2011,7.3867,29,3926
73770,2012,8.6646,34,3924
73770,2013,7.1795,28,3900
73770,2014,7.9692,31,3890
73770,2015,6.9984,27,3858
73854,1998,4.559,26,5703
73854,1999,4.7228,27,5717
73854,2000,3.3398,19,5689
73854,2001,8.0915,46,5685
73854,2002,5.2752,30,5687
73854,2003,4.7594,27,5673
73854,2004,5.2947,30,5666
73854,2005,4.9849,28,5617
73854,2006,5.1675,29,5612
73854,2007,6.6225,37,5587
73854,2008,4.3329,24,5539
73854,2009,4.2995,24,5582
73854,2010,6.4678,36,5566
73854,2011,5.8055,32,5512
73854,2012,6.4244,35,5448
73854,2013,5.0093,27,5390
73854,2014,4.6365,25,5392
73854,2015,6.8646,37,5390
73861,1998,7.8442,116,14788
73861,1999,5.7264,84,14669
73861,2000,6.502,95,14611
73861,2001,7.2056,105,14572
73861,2002,7.1216,103,14463
73861,2003,7.5768,109,14386
73861,2004,6.5743,94,14298
73861,2005,7.1052,101,14215
73861,2006,7.2453,102,14078
73861,2007,8.0183,112,13968
73861,2008,6.9164,96,13880
73861,2009,7.0382,97,13782
73861,2010,6.6637,91,13656
73861,2011,6.0062,81,13486
73861,2012,6.4074,86,13422
73861,2013,6.6071,88,13319
73861,2014,6.2632,83,13252
73861,2015,6.5639,86,13102
73870,1998,4.5143,54,11962
73870,1999,5.7418,68,11843
73870,2000,5.6372,66,11708
73870,2001,5.1233,59,11516
73870,2002,5.79,66,11399
73870,2003,6.3835,72,11279
73870,2004,5.6609,63,11129
73870,2005,4.3824,48,10953
73870,2006,4.4498,48,10787
73870,2007,5.1614,55,10656
73870,2008,6.3889,67,10487
73870,2009,5.0446,52,10308
73870,2010,4.6083,47,10199
73870,2011,5.7534,58,10081
73870,2012,5.3191,53,9964
73870,2013,5.0643,50,9873
73870,2014,5.3366,52,9744
73870,2015,5.3342,51,9561
73873,1998,5.1881,40,7710
73873,1999,6.4721,49,7571
73873,2000,7.1438,53,7419
73873,2001,5.4975,40,7276
73873,2002,4.8706,35,7186
73873,2003,6.1201,43,7026
73873,2004,4.4954,31,6896
73873,2005,7.2346,49,6773
73873,2006,5.8779,39,6635
73873,2007,6.2951,41,6513
73873,2008,7.4895,48,6409
73873,2009,6.846,43,6281
73873,2010,5.5061,34,6175
73873,2011,4.9636,30,6044
73873,2012,6.7545,40,5922
73873,2013,5.7272,33,5762
73873,2014,5.1962,29,5581
73873,2015,6.4564,35,5421
76001,1998,5.4394,10703,1967697
76001,1999,5.7716,11474,1988016
76001,2000,5.5463,11130,2006728
76001,2001,5.7574,11651,2023671
76001,2002,5.5003,11216,2039176
76001,2003,5.5676,11436,2054026
76001,2004,5.6756,11743,2069046
76001,2005,5.6348,11748,2084896
76001,2006,5.6053,11775,2100705
76001,2007,5.5951,11831,2114530
76001,2008,5.447,11578,2125561
76001,2009,5.7131,12203,2135980
76001,2010,5.7698,12385,2146535
76001,2011,5.8097,12531,2156926
76001,2012,5.8233,12611,2165625
76001,2013,6.0344,13108,2172204
76001,2014,5.8448,12735,2178842
76001,2015,6.4352,14071,2186576
76020,1998,6.3549,95,14949
76020,1999,5.0097,75,14971
76020,2000,5.1488,77,14955
76020,2001,6.0935,91,14934
76020,2002,6.1074,91,14900
76020,2003,6.5236,97,14869
76020,2004,5.3937,80,14832
76020,2005,6.0155,89,14795
76020,2006,5.4833,81,14772
76020,2007,4.2074,62,14736
76020,2008,5.8551,86,14688
76020,2009,4.8534,71,14629
76020,2010,4.9366,72,14585
76020,2011,6.14,89,14495
76020,2012,7.7057,111,14405
76020,2013,7.5905,109,14360
76020,2014,6.8018,97,14261
76020,2015,5.6421,80,14179
76036,1998,4.1821,88,21042
76036,1999,5.6473,120,21249
76036,2000,4.9208,105,21338
76036,2001,5.1818,111,21421
76036,2002,4.6038,99,21504
76036,2003,5.3288,115,21581
76036,2004,4.7977,104,21677
76036,2005,4.733,103,21762
76036,2006,5.2114,114,21875
76036,2007,5.467,120,21950
76036,2008,5.3644,118,21997
76036,2009,4.9518,109,22012
76036,2010,4.9246,109,22134
76036,2011,3.3886,75,22133
76036,2012,4.9583,110,22185
76036,2013,5.4519,121,22194
76036,2014,4.955,110,22200
76036,2015,6.4258,143,22254
76041,1998,7.1565,142,19842
76041,1999,5.5623,110,19776
76041,2000,6.2386,123,19716
76041,2001,7.7452,152,19625
76041,2002,6.9704,136,19511
76041,2003,7.0085,136,19405
76041,2004,6.7413,130,19284
76041,2005,7.0331,135,19195
76041,2006,5.7128,109,19080
76041,2007,5.9549,113,18976
76041,2008,5.7371,108,18825
76041,2009,6.472,121,18696
76041,2010,5.6622,105,18544
76041,2011,6.9448,128,18431
76041,2012,7.2182,132,18287
76041,2013,6.6685,121,18145
76041,2014,5.684,102,17945
76041,2015,6.348,113,17801
76054,1998,5.9486,47,7901
76054,1999,8.3088,65,7823
76054,2000,6.2362,48,7697
76054,2001,5.1656,39,7550
76054,2002,6.3394,47,7414
76054,2003,5.209,38,7295
76054,2004,5.4272,39,7186
76054,2005,6.6384,47,7080
76054,2006,3.9057,27,6913
76054,2007,5.9163,40,6761
76054,2008,3.7639,25,6642
76054,2009,4.1322,27,6534
76054,2010,5.4373,35,6437
76054,2011,6.7995,43,6324
76054,2012,6.6613,41,6155
76054,2013,6.3344,38,5999
76054,2014,6.9918,41,5864
76054,2015,6.1533,35,5688
76100,1998,4.328,78,18022
76100,1999,4.405,79,17934
76100,2000,3.7495,67,17869
76100,2001,4.3801,78,17808
76100,2002,4.1721,74,17737
76100,2003,3.9656,70,17652
76100,2004,5.5825,98,17555
76100,2005,5.2042,91,17486
76100,2006,5.4014,94,17403
76100,2007,4.9671,86,17314
76100,2008,4.5294,78,17221
76100,2009,4.8083,82,17054
76100,2010,5.3129,90,16940
76100,2011,4.8174,81,16814
76100,2012,5.9303,99,16694
76100,2013,5.1961,86,16551
76100,2014,4.4401,73,16441
76100,2015,5.8,94,16207
76109,1998,4.4166,1199,271473
76109,1999,5.0703,1390,274145
76109,2000,5.6029,1550,276643
76109,2001,5.9587,1662,278922
76109,2002,5.2061,1463,281018
76109,2003,5.1051,1445,283050
76109,2004,5.1067,1456,285118
76109,2005,5.0282,1445,287378
76109,2006,5.6119,1625,289561
76109,2007,5.3071,1547,291494
76109,2008,4.6065,1350,293067
76109,2009,4.3999,1296,294554
76109,2010,4.0023,1185,296080
76109,2011,3.9013,1161,297593
76109,2012,3.8909,1163,298906
76109,2013,4.3581,1307,299904
76109,2014,4.3969,1323,300895
76109,2015,4.3429,1312,302099
76111,1998,5.3922,662,122770
76111,1999,6.2757,774,123333
76111,2000,5.9197,733,123824
76111,2001,6.2536,777,124249
76111,2002,5.9951,747,124601
76111,2003,6.2352,779,124936
76111,2004,6.5226,817,125256
76111,2005,6.2638,787,125642
76111,2006,6.3156,796,126037
76111,2007,6.0484,764,126314
76111,2008,5.8361,738,126455
76111,2009,5.8706,743,126563
76111,2010,5.6446,715,126669
76111,2011,5.6098,711,126742
76111,2012,5.97,757,126800
76111,2013,5.9205,750,126678
76111,2014,6.266,793,126557
76111,2015,7.2099,912,126493
76113,1998,5.4502,138,25320
76113,1999,4.7815,121,25306
76113,2000,3.8328,97,25308
76113,2001,4.7798,121,25315
76113,2002,4.6626,118,25308
76113,2003,4.8678,123,25268
76113,2004,5.3893,136,25235
76113,2005,4.7164,119,25231
76113,2006,5.0339,127,25229
76113,2007,4.3727,110,25156
76113,2008,4.9428,124,25087
76113,2009,5.5204,138,24998
76113,2010,4.695,117,24920
76113,2011,4.8305,120,24842
76113,2012,4.8879,121,24755
76113,2013,6.1718,152,24628
76113,2014,6.119,150,24514
76113,2015,5.6037,137,24448
76122,1998,6.8787,234,34018
76122,1999,7.3003,247,33834
76122,2000,7.5821,255,33632
76122,2001,8.1026,271,33446
76122,2002,7.4517,247,33147
76122,2003,6.9108,227,32847
76122,2004,6.815,222,32575
76122,2005,6.8199,221,32405
76122,2006,6.6322,213,32116
76122,2007,7.7702,248,31917
76122,2008,7.9383,251,31619
76122,2009,7.3727,231,31332
76122,2010,6.9252,215,31046
76122,2011,7.4758,230,30766
76122,2012,6.761,206,30469
76122,2013,6.7005,202,30147
76122,2014,7.6134,227,29816
76122,2015,7.3828,218,29528
76126,1998,5.3836,80,14860
76126,1999,4.711,71,15071
76126,2000,4.6487,71,15273
76126,2001,6.2128,96,15452
76126,2002,3.9667,62,15630
76126,2003,6.1268,97,15832
76126,2004,5.4498,87,15964
76126,2005,5.878,95,16162
76126,2006,5.2587,86,16354
76126,2007,4.4173,73,16526
76126,2008,3.7849,63,16645
76126,2009,4.9932,84,16823
76126,2010,3.2982,56,16979
76126,2011,5.6738,97,17096
76126,2012,4.1788,72,17230
76126,2013,4.2651,74,17350
76126,2014,5.1417,90,17504
76126,2015,3.8586,68,17623
76130,1998,3.7464,254,67799
76130,1999,4.6847,324,69162
76130,2000,3.8899,274,70439
76130,2001,4.1677,299,71742
76130,2002,4.2741,312,72997
76130,2003,4.1765,310,74224
76130,2004,4.0126,303,75512
76130,2005,4.2683,328,76846
76130,2006,4.1822,327,78188
76130,2007,4.1314,328,79392
76130,2008,4.2058,339,80603
76130,2009,4.5278,370,81717
76130,2010,4.3194,358,82881
76130,2011,3.6444,306,83964
76130,2012,3.9636,337,85024
76130,2013,3.8832,334,86012
76130,2014,4.2889,373,86968
76130,2015,4.6241,407,88018
76147,1998,7.0047,911,130056
76147,1999,7.7927,1019,130763
76147,2000,7.2711,955,131342
76147,2001,7.9106,1043,131849
76147,2002,7.3647,974,132252
76147,2003,6.7191,891,132608
76147,2004,6.5258,868,133011
76147,2005,7.2237,964,133450
76147,2006,6.2809,841,133899
76147,2007,6.7425,905,134223
76147,2008,7.0539,948,134394
76147,2009,6.4003,861,134524
76147,2010,6.4916,874,134635
76147,2011,6.3656,858,134788
76147,2012,6.5045,877,134829
76147,2013,6.7011,903,134754
76147,2014,6.1997,835,134684
76147,2015,6.9442,935,134645
76233,1998,4.9367,200,40513
76233,1999,5.197,213,40985
76233,2000,5.235,217,41452
76233,2001,6.1568,258,41905
76233,2002,5.3882,228,42315
76233,2003,4.7479,203,42756
76233,2004,4.2817,185,43207
76233,2005,4.3737,191,43670
76233,2006,4.5103,199,44121
76233,2007,3.8835,173,44547
76233,2008,4.499,202,44899
76233,2009,4.7088,213,45234
76233,2010,4.7819,218,45589
76233,2011,4.2885,197,45937
76233,2012,4.0808,189,46315
76233,2013,4.3327,202,46622
76233,2014,4.1851,196,46833
76233,2015,4.2538,200,47017
76243,1998,5.568,67,12033
76243,1999,6.1417,73,11886
76243,2000,4.2405,50,11791
76243,2001,5.9167,69,11662
76243,2002,5.3043,61,11500
76243,2003,5.4698,62,11335
76243,2004,5.2074,58,11138
76243,2005,5.3798,59,10967
76243,2006,5.3599,58,10821
76243,2007,6.0054,64,10657
76243,2008,4.7452,50,10537
76243,2009,4.1422,43,10381
76243,2010,4.398,45,10232
76243,2011,5.054,51,10091
76243,2012,5.052,50,9897
76243,2013,5.063,49,9678
76243,2014,3.9042,37,9477
76243,2015,4.9494,46,9294
76246,1998,5.7607,61,10589
76246,1999,5.3763,56,10416
76246,2000,7.532,77,10223
76246,2001,6.5632,66,10056
76246,2002,8.0041,79,9870
76246,2003,5.5785,54,9680
76246,2004,4.415,42,9513
76246,2005,4.9324,46,9326
76246,2006,4.1498,38,9157
76246,2007,3.3508,30,8953
76246,2008,4.5548,40,8782
76246,2009,4.5476,39,8576
76246,2010,4.6489,39,8389
76246,2011,5.7513,47,8172
76246,2012,4.0045,32,7991
76246,2013,5.3702,42,7821
76246,2014,4.6028,35,7604
76246,2015,3.9232,29,7392
76248,1998,4.2518,223,52448
76248,1999,4.8499,256,52785
76248,2000,4.9912,265,53093
76248,2001,5.6209,300,53372
76248,2002,4.9049,263,53620
76248,2003,5.0446,272,53919
76248,2004,5.2621,285,54161
76248,2005,4.8704,265,54410
76248,2006,5.1557,282,54697
76248,2007,5.7908,318,54915
76248,2008,5.5561,306,55075
76248,2009,5.1278,283,55189
76248,2010,5.0593,280,55344
76248,2011,5.6235,312,55481
76248,2012,5.794,322,55575
76248,2013,5.7164,318,55629
76248,2014,5.8754,327,55656
76248,2015,5.904,329,55725
76250,1998,6.52,80,12270
76250,1999,6.3542,77,12118
76250,2000,6.7601,81,11982
76250,2001,7.7788,92,11827
76250,2002,8.7554,102,11650
76250,2003,6.3506,73,11495
76250,2004,7.1542,81,11322
76250,2005,6.5371,73,11167
76250,2006,6.7078,74,11032
76250,2007,5.9858,65,10859
76250,2008,7.4088,79,10663
76250,2009,5.6362,59,10468
76250,2010,6.5802,68,10334
76250,2011,7.7641,79,10175
76250,2012,5.4097,54,9982
76250,2013,4.6144,45,9752
76250,2014,7.6129,73,9589
76250,2015,6.0871,57,9364
76275,1998,5.6996,302,52986
76275,1999,5.3606,286,53352
76275,2000,5.9231,318,53688
76275,2001,6.1663,333,54003
76275,2002,7.4815,406,54267
76275,2003,6.4025,349,54510
76275,2004,5.6424,309,54764
76275,2005,6.5576,361,55051
76275,2006,5.729,317,55333
76275,2007,5.7212,318,55583
76275,2008,5.2921,295,55743
76275,2009,5.3841,301,55905
76275,2010,5.9226,332,56056
76275,2011,4.8212,271,56210
76275,2012,5.0597,285,56328
76275,2013,4.2744,241,56382
76275,2014,5.1387,290,56435
76275,2015,5.3777,304,56530
76306,1998,4.2553,82,19270
76306,1999,4.9823,97,19469
76306,2000,4.9194,97,19718
76306,2001,4.7655,95,19935
76306,2002,4.8739,98,20107
76306,2003,3.7429,76,20305
76306,2004,4.3459,89,20479
76306,2005,5.461,113,20692
76306,2006,6.56,137,20884
76306,2007,4.6481,98,21084
76306,2008,4.9391,105,21259
76306,2009,4.4314,95,21438
76306,2010,5.4277,117,21556
76306,2011,4.0536,88,21709
76306,2012,4.0291,88,21841
76306,2013,4.462,98,21963
76306,2014,4.3925,97,22083
76306,2015,5.4081,120,22189
76318,1998,5.2692,164,31124
76318,1999,4.217,132,31302
76318,2000,4.9875,157,31479
76318,2001,5.2751,167,31658
76318,2002,5.7849,184,31807
76318,2003,5.2594,168,31943
76318,2004,5.7079,183,32061
76318,2005,6.2098,200,32207
76318,2006,5.2536,170,32359
76318,2007,5.4191,176,32478
76318,2008,5.192,169,32550
76318,2009,5.365,175,32619
76318,2010,5.2899,173,32704
76318,2011,4.9766,163,32753
76318,2012,5.5886,183,32745
76318,2013,4.8519,159,32771
76318,2014,6.2811,206,32797
76318,2015,5.6084,184,32808
76364,1998,3.9208,380,96919
76364,1999,4.114,414,100632
76364,2000,4.5555,475,104270
76364,2001,4.3982,474,107772
76364,2002,3.6774,409,111219
76364,2003,3.9172,449,114622
76364,2004,4.1861,494,118010
76364,2005,3.9776,483,121430
76364,2006,3.9017,487,124817
76364,2007,4.0133,514,128074
76364,2008,3.8813,509,131142
76364,2009,3.5713,479,134125
76364,2010,4.0112,550,137115
76364,2011,4.1123,576,140066
76364,2012,3.9826,569,142873
76364,2013,3.7107,540,145527
76364,2014,3.7402,554,148122
76364,2015,3.8335,578,150777
76377,1998,3.7629,52,13819
76377,1999,4.4432,62,13954
76377,2000,4.8794,69,14141
76377,2001,4.5521,65,14279
76377,2002,3.6762,53,14417
76377,2003,4.7387,69,14561
76377,2004,3.9464,58,14697
76377,2005,4.7097,70,14863
76377,2006,5.2779,79,14968
76377,2007,5.1632,78,15107
76377,2008,6.4342,98,15231
76377,2009,4.1953,64,15255
76377,2010,4.6068,71,15412
76377,2011,4.1873,65,15523
76377,2012,3.7692,59,15653
76377,2013,4.7074,74,15720
76377,2014,4.5799,72,15721
76377,2015,4.7989,76,15837
76400,1998,6.3027,184,29194
76400,1999,4.9702,147,29576
76400,2000,6.3914,191,29884
76400,2001,5.7675,174,30169
76400,2002,6.1716,188,30462
76400,2003,6.7057,206,30720
76400,2004,6.8732,213,30990
76400,2005,5.8558,183,31251
76400,2006,5.767,182,31559
76400,2007,6.5409,208,31800
76400,2008,5.9332,190,32023
76400,2009,6.8585,221,32223
76400,2010,6.2887,204,32439
76400,2011,6.2176,203,32649
76400,2012,6.3434,208,32790
76400,2013,6.3387,209,32972
76400,2014,6.3431,210,33107
76400,2015,6.3769,212,33245
76403,1998,7.2492,112,15450
76403,1999,6.6541,102,15329
76403,2000,6.9852,106,15175
76403,2001,8.1885,123,15021
76403,2002,7.1904,107,14881
76403,2003,6.1254,90,14693
76403,2004,7.6934,112,14558
76403,2005,6.9416,100,14406
76403,2006,7.5167,107,14235
76403,2007,6.599,93,14093
76403,2008,5.6006,78,13927
76403,2009,6.1989,85,13712
76403,2010,5.8819,80,13601
76403,2011,8.2922,111,13386
76403,2012,7.4276,98,13194
76403,2013,6.4835,84,12956
76403,2014,8.2185,105,12776
76403,2015,9.222,117,12687
76497,1998,5.7618,88,15273
76497,1999,5.9971,91,15174
76497,2000,5.2408,79,15074
76497,2001,6.7042,100,14916
76497,2002,5.827,86,14759
76497,2003,6.1509,90,14632
76497,2004,6.3488,92,14491
76497,2005,6.9081,99,14331
76497,2006,6.3238,90,14232
76497,2007,4.9811,70,14053
76497,2008,5.8955,82,13909
76497,2009,5.1614,71,13756
76497,2010,4.6324,63,13600
76497,2011,7.2976,98,13429
76497,2012,5.8096,77,13254
76497,2013,5.049,66,13072
76497,2014,6.6563,86,12920
76497,2015,5.8662,75,12785
76520,1998,5.407,1648,304790
76520,1999,5.4418,1676,307984
76520,2000,5.554,1727,310949
76520,2001,5.4734,1717,313701
76520,2002,5.7169,1808,316254
76520,2003,5.4912,1750,318691
76520,2004,5.398,1734,321229
76520,2005,5.6257,1822,323868
76520,2006,5.6926,1859,326564
76520,2007,5.5206,1816,328949
76520,2008,5.4579,1806,330898
76520,2009,5.659,1883,332743
76520,2010,5.4173,1813,334667
76520,2011,5.2894,1780,336520
76520,2012,5.1106,1728,338121
76520,2013,5.1857,1760,339398
76520,2014,5.4334,1851,340670
76520,2015,5.8992,2018,342079
76563,1998,5.6008,249,44458
76563,1999,5.8739,263,44774
76563,2000,5.5927,252,45059
76563,2001,5.9646,270,45267
76563,2002,6.7499,307,45482
76563,2003,5.6266,257,45676
76563,2004,6.2133,285,45869
76563,2005,6.3161,291,46073
76563,2006,5.4435,252,46294
76563,2007,5.876,273,46460
76563,2008,6.5482,305,46578
76563,2009,6.1476,287,46685
76563,2010,5.9395,278,46805
76563,2011,6.6292,311,46914
76563,2012,5.556,261,46976
76563,2013,5.2501,247,47047
76563,2014,4.8872,230,47062
76563,2015,5.8805,277,47105
76606,1998,6.9803,104,14899
76606,1999,6.8127,102,14972
76606,2000,6.4576,97,15021
76606,2001,8.6859,131,15082
76606,2002,6.2876,95,15109
76606,2003,5.631,85,15095
76606,2004,5.343,81,15160
76606,2005,4.4743,68,15198
76606,2006,5.0691,77,15190
76606,2007,4.3857,67,15277
76606,2008,5.1627,79,15302
76606,2009,7.3736,113,15325
76606,2010,6.5539,100,15258
76606,2011,4.7622,73,15329
76606,2012,5.2332,80,15287
76606,2013,6.4858,99,15264
76606,2014,6.4195,98,15266
76606,2015,5.4433,83,15248
76616,1998,4.9338,82,16620
76616,1999,4.6948,78,16614
76616,2000,5.4122,90,16629
76616,2001,4.9427,82,16590
76616,2002,5.5442,92,16594
76616,2003,4.7905,79,16491
76616,2004,5.5229,91,16477
76616,2005,5.9625,98,16436
76616,2006,5.0638,83,16391
76616,2007,4.2811,70,16351
76616,2008,6.0097,98,16307
76616,2009,5.2527,85,16182
76616,2010,5.6829,92,16189
76616,2011,4.5392,73,16082
76616,2012,5.6222,90,16008
76616,2013,4.8336,77,15930
76616,2014,6.0073,95,15814
76616,2015,7.2455,114,15734
76622,1998,4.8873,180,36830
76622,1999,5.6332,208,36924
76622,2000,5.4577,202,37012
76622,2001,5.8191,216,37119
76622,2002,5.5958,208,37171
76622,2003,5.135,191,37196
76622,2004,7.9506,296,37230
76622,2005,5.9806,223,37287
76622,2006,5.7322,214,37333
76622,2007,5.3257,199,37366
76622,2008,5.8688,219,37316
76622,2009,5.4747,204,37262
76622,2010,5.6954,212,37223
76622,2011,6.4558,240,37176
76622,2012,5.3098,197,37101
76622,2013,6.0296,223,36984
76622,2014,5.3402,197,36890
76622,2015,6.2247,229,36789
76670,1998,3.9776,59,14833
76670,1999,6.8082,102,14982
76670,2000,5.1512,78,15142
76670,2001,5.2377,80,15274
76670,2002,5.7176,88,15391
76670,2003,4.9745,77,15479
76670,2004,5.7519,90,15647
76670,2005,4.5799,72,15721
76670,2006,5.4907,87,15845
76670,2007,4.2524,68,15991
76670,2008,4.3581,70,16062
76670,2009,3.8988,63,16159
76670,2010,4.4302,72,16252
76670,2011,3.7965,62,16331
76670,2012,3.4703,57,16425
76670,2013,3.9911,66,16537
76670,2014,5.1391,85,16540
76670,2015,6.106,102,16705
76736,1998,5.5341,299,54029
76736,1999,6.5566,351,53534
76736,2000,7.2852,386,52984
76736,2001,6.597,346,52448
76736,2002,6.7654,351,51882
76736,2003,6.1005,313,51307
76736,2004,5.7327,291,50761
76736,2005,6.0337,303,50218
76736,2006,6.3435,315,49657
76736,2007,6.418,315,49081
76736,2008,5.6967,276,48449
76736,2009,4.8761,233,47784
76736,2010,7.069,333,47107
76736,2011,5.8765,273,46456
76736,2012,5.5239,253,45801
76736,2013,6.8972,311,45091
76736,2014,6.5078,289,44408
76736,2015,6.1939,271,43753
76823,1998,6.1684,102,16536
76823,1999,6.3387,105,16565
76823,2000,6.6808,110,16465
76823,2001,6.1668,101,16378
76823,2002,7.7991,127,16284
76823,2003,5.6804,92,16196
76823,2004,7.2059,116,16098
76823,2005,6.2559,100,15985
76823,2006,5.7745,92,15932
76823,2007,6.9396,110,15851
76823,2008,6.7945,107,15748
76823,2009,6.6348,104,15675
76823,2010,7.0029,109,15565
76823,2011,6.7581,104,15389
76823,2012,6.6593,102,15317
76823,2013,6.7982,103,15151
76823,2014,6.137,92,14991
76823,2015,5.4468,81,14871
76828,1998,5.1328,108,21041
76828,1999,5.6244,118,20980
76828,2000,5.5871,117,20941
76828,2001,5.0744,106,20889
76828,2002,5.5742,116,20810
76828,2003,4.5334,94,20735
76828,2004,4.1646,86,20650
76828,2005,4.0785,84,20596
76828,2006,5.0643,104,20536
76828,2007,5.8202,119,20446
76828,2008,4.4706,91,20355
76828,2009,4.6008,93,20214
76828,2010,5.2213,105,20110
76828,2011,4.7094,94,19960
76828,2012,4.4902,89,19821
76828,2013,4.6769,92,19671
76828,2014,4.6593,91,19531
76828,2015,4.6835,91,19430
76834,1998,5.667,1017,179460
76834,1999,6.2666,1139,181757
76834,2000,6.4595,1188,183915
76834,2001,6.8092,1266,185925
76834,2002,6.5222,1225,187820
76834,2003,6.3628,1207,189695
76834,2004,6.7765,1298,191544
76834,2005,6.8119,1318,193485
76834,2006,6.233,1218,195411
76834,2007,6.2329,1229,197178
76834,2008,6.4325,1278,198680
76834,2009,6.037,1208,200099
76834,2010,6.0346,1216,201504
76834,2011,6.1481,1248,202988
76834,2012,6.5009,1328,204279
76834,2013,6.1068,1254,205344
76834,2014,5.8444,1206,206352
76834,2015,6.6993,1390,207485
76845,1998,5.542,34,6135
76845,1999,5.5357,34,6142
76845,2000,6.865,42,6118
76845,2001,6.3186,38,6014
76845,2002,5.5055,33,5994
76845,2003,5.9821,36,6018
76845,2004,4.5294,27,5961
76845,2005,4.5416,27,5945
76845,2006,6.3,37,5873
76845,2007,4.656,27,5799
76845,2008,4.4704,26,5816
76845,2009,5.5325,32,5784
76845,2010,4.6826,27,5766
76845,2011,4.6989,27,5746
76845,2012,6.4844,37,5706
76845,2013,6.9358,39,5623
76845,2014,5.5806,31,5555
76845,2015,4.5061,25,5548
76863,1998,6.1125,65,10634
76863,1999,5.6308,59,10478
76863,2000,4.352,45,10340
76863,2001,5.0177,51,10164
76863,2002,6.2918,63,10013
76863,2003,5.2009,51,9806
76863,2004,5.3948,52,9639
76863,2005,4.7493,45,9475
76863,2006,5.2547,49,9325
76863,2007,5.4555,50,9165
76863,2008,6.4444,58,9000
76863,2009,4.529,40,8832
76863,2010,4.9677,43,8656
76863,2011,6.3574,54,8494
76863,2012,5.5428,46,8299
76863,2013,5.64,46,8156
76863,2014,7.28,58,7967
76863,2015,4.9293,38,7709
76869,1998,4.2607,47,11031
76869,1999,4.6541,52,11173
76869,2000,4.2493,48,11296
76869,2001,4.2216,48,11370
76869,2002,5.161,59,11432
76869,2003,3.8951,45,11553
76869,2004,4.1078,48,11685
76869,2005,4.755,56,11777
76869,2006,3.9746,47,11825
76869,2007,3.5995,43,11946
76869,2008,3.482,42,12062
76869,2009,4.2989,52,12096
76869,2010,5.0119,61,12171
76869,2011,3.588,44,12263
76869,2012,4.6319,57,12306
76869,2013,4.7735,59,12360
76869,2014,3.4594,43,12430
76869,2015,4.7128,59,12519
76890,1998,6.0501,91,15041
76890,1999,7.6522,116,15159
76890,2000,4.7238,72,15242
76890,2001,6.2671,96,15318
76890,2002,6.4332,99,15389
76890,2003,5.3167,82,15423
76890,2004,4.3936,68,15477
76890,2005,6.8846,107,15542
76890,2006,5.8884,92,15624
76890,2007,5.2283,82,15684
76890,2008,6.0367,95,15737
76890,2009,5.014,79,15756
76890,2010,5.3842,85,15787
76890,2011,5.0445,80,15859
76890,2012,5.0543,80,15828
76890,2013,4.6112,73,15831
76890,2014,4.4181,70,15844
76890,2015,4.7031,75,15947
76892,1998,4.24,352,83018
76892,1999,4.3634,369,84568
76892,2000,4.8783,420,86096
76892,2001,4.7984,420,87530
76892,2002,4.8612,432,88867
76892,2003,4.2573,384,90199
76892,2004,5.1996,476,91546
76892,2005,4.9508,460,92914
76892,2006,5.081,479,94272
76892,2007,4.7718,456,95561
76892,2008,4.7062,455,96682
76892,2009,4.7546,465,97800
76892,2010,4.9052,485,98874
76892,2011,4.7517,475,99964
76892,2012,4.328,437,100971
76892,2013,4.812,490,101828
76892,2014,4.1955,431,102729
76892,2015,4.8522,503,103665
76895,1998,6.0739,236,38855
76895,1999,6.5405,256,39141
76895,2000,6.422,253,39396
76895,2001,6.8178,270,39602
76895,2002,6.6863,266,39783
76895,2003,5.6825,227,39947
76895,2004,7.054,283,40119
76895,2005,6.5457,264,40332
76895,2006,6.3133,256,40549
76895,2007,6.629,270,40730
76895,2008,6.0237,246,40839
76895,2009,6.5208,267,40946
76895,2010,6.5269,268,41061
76895,2011,5.1257,211,41165
76895,2012,4.7527,196,41240
76895,2013,5.2303,216,41298
76895,2014,5.6579,234,41358
76895,2015,5.4109,224,41398
81001,1998,3.7603,260,69143
81001,1999,3.4587,242,69969
81001,2000,3.7386,264,70615
81001,2001,3.7624,268,71231
81001,2002,4.1279,296,71708
81001,2003,3.7567,271,72137
81001,2004,4.0676,295,72525
81001,2005,3.6305,264,72717
81001,2006,3.3674,246,73053
81001,2007,3.212,236,73475
81001,2008,3.6387,269,73928
81001,2009,3.5733,266,74441
81001,2010,3.6268,272,74997
81001,2011,3.2423,245,75564
81001,2012,3.7574,286,76116
81001,2013,4.0235,309,76798
81001,2014,4.6287,359,77560
81001,2015,4.4495,349,78436
81065,1998,2.2729,82,36077
81065,1999,2.7813,102,36673
81065,2000,2.9775,111,37280
81065,2001,2.8551,108,37827
81065,2002,3.0773,118,38345
81065,2003,2.6527,103,38829
81065,2004,3.1588,124,39256
81065,2005,2.928,116,39617
81065,2006,3.4956,140,40050
81065,2007,2.6906,109,40511
81065,2008,4.0243,165,41001
81065,2009,3.5898,149,41507
81065,2010,3.2598,137,42027
81065,2011,2.4915,106,42544
81065,2012,3.6435,157,43090
81065,2013,2.9973,131,43706
81065,2014,2.7283,121,44350
81065,2015,3.0189,136,45049
81220,1998,3.7615,20,5317
81220,1999,2.8648,15,5236
81220,2000,2.148,11,5121
81220,2001,0.7949,4,5032
81220,2002,3.2402,16,4938
81220,2003,2.4865,12,4826
81220,2004,4.4577,21,4711
81220,2005,1.9604,9,4591
81220,2006,1.9916,9,4519
81220,2007,3.8488,17,4417
81220,2008,3.4762,15,4315
81220,2009,1.8957,8,4220
81220,2010,2.8825,12,4163
81220,2011,3.9129,16,4089
81220,2012,3.6946,15,4060
81220,2013,1.997,8,4006
81220,2014,5.119,20,3907
81220,2015,3.8911,15,3855
81300,1998,3.0228,33,10917
81300,1999,3.9777,45,11313
81300,2000,3.9942,47,11767
81300,2001,3.8779,47,12120
81300,2002,5.6637,71,12536
81300,2003,5.1262,66,12875
81300,2004,4.8544,64,13184
81300,2005,5.7919,78,13467
81300,2006,5.7367,79,13771
81300,2007,5.889,83,14094
81300,2008,5.8913,85,14428
81300,2009,3.9992,59,14753
81300,2010,5.1813,78,15054
81300,2011,3.5754,55,15383
81300,2012,4.5755,72,15736
81300,2013,6.4079,103,16074
81300,2014,4.686,77,16432
81300,2015,3.8054,64,16818
81591,1998,2.9858,12,4019
81591,1999,1.2494,5,4002
81591,2000,2.7431,11,4010
81591,2001,3.2371,13,4016
81591,2002,3.2403,13,4012
81591,2003,3.4645,14,4041
81591,2004,4.5215,18,3981
81591,2005,2.0171,8,3966
81591,2006,3.2672,13,3979
81591,2007,4.5226,18,3980
81591,2008,2.997,12,4004
81591,2009,4.4543,18,4041
81591,2010,5.4808,22,4014
81591,2011,4.1975,17,4050
81591,2012,3.4272,14,4085
81591,2013,2.4486,10,4084
81591,2014,3.7101,15,4043
81591,2015,4.428,18,4065
81736,1998,2.7705,139,50171
81736,1999,3.6756,185,50332
81736,2000,3.9272,198,50418
81736,2001,4.3976,222,50482
81736,2002,5.0719,256,50474
81736,2003,3.9266,198,50425
81736,2004,4.3848,221,50401
81736,2005,4.7372,238,50241
81736,2006,4.2841,215,50185
81736,2007,4.8016,241,50192
81736,2008,4.7206,237,50206
81736,2009,4.3746,220,50290
81736,2010,4.3833,221,50419
81736,2011,4.3339,219,50532
81736,2012,4.3813,222,50670
81736,2013,4.7756,243,50884
81736,2014,5.2177,267,51172
81736,2015,4.4627,230,51538
81794,1998,5.9688,203,34010
81794,1999,5.7204,197,34438
81794,2000,6.0281,210,34837
81794,2001,7.4451,262,35191
81794,2002,8.2263,292,35496
81794,2003,7.7439,277,35770
81794,2004,8.0983,292,36057
81794,2005,6.9511,252,36253
81794,2006,5.4512,199,36506
81794,2007,6.6061,243,36784
81794,2008,5.6582,210,37114
81794,2009,6.8085,255,37453
81794,2010,6.3691,241,37839
81794,2011,5.8659,224,38187
81794,2012,5.5499,214,38559
81794,2013,5.7726,225,38977
81794,2014,5.4983,217,39467
81794,2015,5.0736,203,40011
85001,1998,3.5245,347,98455
85001,1999,2.5633,263,102602
85001,2000,2.8536,304,106533
85001,2001,2.9378,324,110288
85001,2002,2.8608,326,113953
85001,2003,3.9746,467,117496
85001,2004,3.4698,420,121043
85001,2005,2.8509,355,124523
85001,2006,2.9672,380,128065
85001,2007,2.9048,382,131507
85001,2008,2.7652,373,134889
85001,2009,2.8862,399,138244
85001,2010,3.2498,460,141548
85001,2011,3.2666,473,144801
85001,2012,3.2026,474,148007
85001,2013,3.2339,489,151210
85001,2014,3.3701,520,154298
85001,2015,3.3351,525,157417
85010,1998,4.4369,113,25468
85010,1999,4.3396,113,26039
85010,2000,4.0919,109,26638
85010,2001,4.4525,121,27176
85010,2002,2.92,81,27740
85010,2003,2.7206,77,28303
85010,2004,2.1113,61,28892
85010,2005,2.646,78,29479
85010,2006,2.7609,83,30063
85010,2007,4.043,124,30670
85010,2008,3.3641,105,31212
85010,2009,3.0821,98,31796
85010,2010,2.9998,97,32335
85010,2011,3.6169,119,32901
85010,2012,3.4994,117,33434
85010,2013,3.5335,120,33961
85010,2014,3.0451,105,34482
85010,2015,2.7721,97,34991
85015,1998,2.2553,5,2217
85015,1999,2.6966,6,2225
85015,2000,1.829,4,2187
85015,2001,1.7913,4,2233
85015,2002,1.3146,3,2282
85015,2003,3.0864,7,2268
85015,2004,1.7452,4,2292
85015,2005,1.7346,4,2306
85015,2006,4.7434,11,2319
85015,2007,3.7831,9,2379
85015,2008,0.8351,2,2395
85015,2009,2.901,7,2413
85015,2010,2.8818,7,2429
85015,2011,2.9264,7,2392
85015,2012,5.317,13,2445
85015,2013,2.0227,5,2472
85015,2014,4.0552,10,2466
85015,2015,2.863,7,2445
85125,1998,2.027,20,9867
85125,1999,1.8206,18,9887
85125,2000,2.3065,23,9972
85125,2001,2.5873,26,10049
85125,2002,2.1668,22,10153
85125,2003,3.4027,35,10286
85125,2004,2.1101,22,10426
85125,2005,1.7075,18,10542
85125,2006,2.6193,28,10690
85125,2007,2.0301,22,10837
85125,2008,1.8235,20,10968
85125,2009,3.5104,39,11110
85125,2010,3.0249,34,11240
85125,2011,3.6019,41,11383
85125,2012,3.3029,38,11505
85125,2013,4.1294,48,11624
85125,2014,3.0659,36,11742
85125,2015,2.2754,27,11866
85136,1998,0.7968,1,1255
85136,1999,0.7794,1,1283
85136,2000,1.5662,2,1277
85136,2001,2.3383,3,1283
85136,2002,3.8941,5,1284
85136,2003,4.5697,6,1313
85136,2004,4.6404,6,1293
85136,2005,3.0511,4,1311
85136,2006,4.5593,6,1316
85136,2007,5.4264,7,1290
85136,2008,3.663,5,1365
85136,2009,1.497,2,1336
85136,2010,1.5232,2,1313
85136,2011,8.9352,12,1343
85136,2013,3.5997,5,1389
85136,2014,2.8129,4,1422
85136,2015,2.8369,4,1410
85139,1998,3.6211,45,12427
85139,1999,3.0898,39,12622
85139,2000,2.8064,36,12828
85139,2001,4.2055,55,13078
85139,2002,2.255,30,13304
85139,2003,2.2919,31,13526
85139,2004,3.3314,46,13808
85139,2005,2.7085,38,14030
85139,2006,3.2141,46,14312
85139,2007,2.547,37,14527
85139,2008,3.1134,46,14775
85139,2009,3.4593,52,15032
85139,2010,3.278,50,15253
85139,2011,2.2592,35,15492
85139,2012,3.049,48,15743
85139,2013,2.7598,44,15943
85139,2014,2.4688,40,16202
85139,2015,2.6253,43,16379
85162,1998,3.893,46,11816
85162,1999,3.2239,39,12097
85162,2000,4.0388,50,12380
85162,2001,3.8695,49,12663
85162,2002,4.0235,52,12924
85162,2003,4.0844,54,13221
85162,2004,5.2596,71,13499
85162,2005,3.6185,50,13818
85162,2006,3.4767,49,14094
85162,2007,3.7539,54,14385
85162,2008,2.4552,36,14663
85162,2009,3.6811,55,14941
85162,2010,3.8125,58,15213
85162,2011,2.771,43,15518
85162,2012,3.6154,57,15766
85162,2013,2.8055,45,16040
85162,2014,3.8011,62,16311
85162,2015,3.0715,51,16604
85225,1998,1.7552,12,6837
85225,1999,1.4658,10,6822
85225,2000,2.637,18,6826
85225,2001,2.4613,17,6907
85225,2002,2.4331,17,6987
85225,2003,3.2445,23,7089
85225,2004,3.3375,24,7191
85225,2005,3.7032,27,7291
85225,2006,3.5045,26,7419
85225,2007,2.2682,17,7495
85225,2008,2.612,20,7657
85225,2009,2.9555,23,7782
85225,2010,3.5425,28,7904
85225,2011,3.3666,27,8020
85225,2012,2.4612,20,8126
85225,2013,4.6016,38,8258
85225,2014,2.6471,22,8311
85225,2015,2.9783,25,8394
85230,1998,1.6497,12,7274
85230,1999,2.5479,19,7457
85230,2000,3.9124,30,7668
85230,2001,2.4139,19,7871
85230,2002,3.9462,32,8109
85230,2003,2.5219,21,8327
85230,2004,2.2173,19,8569
85230,2005,3.4056,30,8809
85230,2006,2.0925,19,9080
85230,2007,2.4552,23,9368
85230,2008,3.636,35,9626
85230,2009,1.8197,18,9892
85230,2010,2.6651,27,10131
85230,2011,3.7529,39,10392
85230,2012,3.2799,35,10671
85230,2013,2.7495,30,10911
85230,2014,2.8612,32,11184
85230,2015,3.1416,36,11459
85250,1998,4.2222,103,24395
85250,1999,3.0041,75,24966
85250,2000,3.4463,88,25535
85250,2001,5.3287,139,26085
85250,2002,4.6131,123,26663
85250,2003,3.5628,97,27226
85250,2004,3.5617,99,27796
85250,2005,3.5575,101,28391
85250,2006,3.6566,106,28989
85250,2007,3.516,104,29579
85250,2008,3.7454,113,30170
85250,2009,2.9902,92,30767
85250,2010,4.1137,129,31359
85250,2011,3.2874,105,31940
85250,2012,3.3219,108,32512
85250,2013,3.295,109,33080
85250,2014,3.4437,116,33685
85250,2015,3.6242,124,34214
85263,1998,1.7277,15,8682
85263,1999,1.1356,10,8806
85263,2000,2.5673,23,8959
85263,2001,3.2044,29,9050
85263,2002,2.7121,25,9218
85263,2003,2.1268,20,9404
85263,2004,2.8225,27,9566
85263,2005,1.7441,17,9747
85263,2006,2.82,28,9929
85263,2007,3.0714,31,10093
85263,2008,2.7309,28,10253
85263,2009,2.2058,23,10427
85263,2010,2.6423,28,10597
85263,2011,2.6017,28,10762
85263,2012,2.5653,28,10915
85263,2013,2.6117,29,11104
85263,2014,2.8432,32,11255
85263,2015,2.5394,29,11420
85279,1998,2.0523,4,1949
85279,1999,1.5798,3,1899
85279,2000,3.861,7,1813
85279,2001,1.1173,2,1790
85279,2002,0.5583,1,1791
85279,2003,2.8074,5,1781
85279,2004,2.8074,5,1781
85279,2005,2.2624,4,1768
85279,2006,3.4169,6,1756
85279,2007,6.1798,11,1780
85279,2008,1.7251,3,1739
85279,2010,1.137,2,1759
85279,2011,2.8868,5,1732
85279,2012,3.4702,6,1729
85279,2013,3.663,6,1638
85279,2014,5.9773,10,1673
85279,2015,2.331,4,1716
85300,1998,5.0585,16,3163
85300,1999,5.0473,16,3170
85300,2000,3.7879,12,3168
85300,2001,4.065,13,3198
85300,2002,4.9969,16,3202
85300,2003,2.4714,8,3237
85300,2004,4.3384,14,3227
85300,2005,3.6298,12,3306
85300,2006,5.508,18,3268
85300,2007,2.9815,10,3354
85300,2008,3.8484,13,3378
85300,2009,2.6682,9,3373
85300,2010,4.6811,16,3418
85300,2011,5.4961,19,3457
85300,2012,3.4612,12,3467
85300,2013,1.7321,6,3464
85300,2014,5.1546,18,3492
85300,2015,4.2796,15,3505
85315,1998,3.4746,5,1439
85315,1999,2.0761,3,1445
85315,2001,5.2493,8,1524
85315,2002,1.9455,3,1542
85315,2003,5.7508,9,1565
85315,2004,1.2658,2,1580
85315,2005,2.4783,4,1614
85315,2006,3.0285,5,1651
85315,2007,4.1592,7,1683
85315,2008,4.0509,7,1728
85315,2009,1.1255,2,1777
85315,2010,4.4297,8,1806
85315,2011,3.245,6,1849
85315,2012,2.1563,4,1855
85315,2013,2.1413,4,1868
85315,2014,3.7057,7,1889
85315,2015,1.004,2,1992
85325,1998,2.1015,14,6662
85325,1999,1.4979,10,6676
85325,2000,1.7841,12,6726
85325,2001,1.4678,10,6813
85325,2002,1.172,8,6826
85325,2003,3.0264,21,6939
85325,2004,3.839,27,7033
85325,2005,2.1008,15,7140
85325,2006,1.517,11,7251
85325,2007,2.4647,18,7303
85325,2008,3.2275,24,7436
85325,2009,3.1742,24,7561
85325,2010,2.0866,16,7668
85325,2011,3.0876,24,7773
85325,2012,2.0312,16,7877
85325,2013,2.6365,21,7965
85325,2014,1.859,15,8069
85325,2015,1.7203,14,8138
85400,1998,3.0942,21,6787
85400,1999,2.6938,18,6682
85400,2000,1.3612,9,6612
85400,2001,3.0381,20,6583
85400,2002,1.5191,10,6583
85400,2003,3.0239,20,6614
85400,2004,3.4791,23,6611
85400,2005,5.136,34,6620
85400,2006,3.9086,26,6652
85400,2007,3.8986,26,6669
85400,2008,4.3329,29,6693
85400,2009,4.3142,29,6722
85400,2010,1.9296,13,6737
85400,2011,4.1481,28,6750
85400,2012,4.5763,31,6774
85400,2013,1.6186,11,6796
85400,2014,1.4791,10,6761
85400,2015,3.2263,22,6819
85410,1998,4.0299,56,13896
85410,1999,3.0724,44,14321
85410,2000,2.6357,39,14797
85410,2001,3.7978,58,15272
85410,2002,3.1074,49,15769
85410,2003,2.5905,42,16213
85410,2004,3.8268,64,16724
85410,2005,2.1507,37,17204
85410,2006,3.1068,55,17703
85410,2007,2.6378,48,18197
85410,2008,2.6237,49,18676
85410,2009,2.6077,50,19174
85410,2010,3.1557,62,19647
85410,2011,3.3325,67,20105
85410,2012,2.4785,51,20577
85410,2013,2.7066,57,21060
85410,2014,2.3263,50,21493
85410,2015,2.5528,56,21937
85430,1998,1.4192,13,9160
85430,1999,1.5075,14,9287
85430,2000,2.2171,21,9472
85430,2001,3.5288,34,9635
85430,2002,3.2547,32,9832
85430,2003,3.7883,38,10031
85430,2004,3.4216,35,10229
85430,2005,3.8347,40,10431
85430,2006,3.5694,38,10646
85430,2007,3.2178,35,10877
85430,2008,3.4315,38,11074
85430,2009,3.9876,45,11285
85430,2010,3.4728,40,11518
85430,2011,3.5818,42,11726
85430,2012,2.6015,31,11916
85430,2013,4.1247,50,12122
85430,2014,3.4886,43,12326
85430,2015,2.796,35,12518
85440,1998,3.375,75,22222
85440,1999,3.274,75,22908
85440,2000,2.6727,63,23572
85440,2001,3.097,75,24217
85440,2002,3.462,86,24841
85440,2003,3.2187,82,25476
85440,2004,5.3234,139,26111
85440,2005,2.8806,77,26731
85440,2006,3.3604,92,27378
85440,2007,2.9606,83,28035
85440,2008,2.756,79,28665
85440,2009,2.2873,67,29292
85440,2010,3.6729,110,29949
85440,2011,2.8781,88,30576
85440,2012,3.1721,99,31210
85440,2013,3.0789,98,31830
85440,2014,3.1125,101,32450
85440,2015,2.8402,94,33096
86001,1998,4.6223,122,26394
86001,1999,4.614,131,28392
86001,2000,3.4537,105,30402
86001,2001,4.1806,135,32292
86001,2002,4.5815,156,34050
86001,2003,4.1477,148,35682
86001,2004,4.3301,161,37182
86001,2005,4.2684,165,38656
86001,2006,4.1179,165,40069
86001,2007,3.4518,143,41428
86001,2008,3.6215,155,42800
86001,2009,3.487,154,44164
86001,2010,4.0845,186,45538
86001,2011,2.7724,130,46891
86001,2012,3.4652,167,48194
86001,2013,4.1213,204,49499
86001,2014,3.4869,177,50761
86001,2015,3.8404,200,52078
86219,1998,3.9829,14,3515
86219,1999,5.3821,20,3716
86219,2000,5.7531,22,3824
86219,2001,3.8032,15,3944
86219,2002,3.9331,16,4068
86219,2003,6.6874,28,4187
86219,2004,3.5071,15,4277
86219,2005,5.901,26,4406
86219,2006,5.1408,23,4474
86219,2007,4.8352,22,4550
86219,2008,4.3956,20,4550
86219,2009,3.8536,18,4671
86219,2010,6.1363,29,4726
86219,2011,7.0292,34,4837
86219,2012,3.8736,19,4905
86219,2013,5.4381,27,4965
86219,2014,3.5728,18,5038
86219,2015,2.9206,15,5136
86320,1998,2.9794,69,23159
86320,1999,3.1594,76,24055
86320,2000,3.5729,89,24910
86320,2001,4.8178,124,25738
86320,2002,4.4523,118,26503
86320,2003,4.7659,130,27277
86320,2004,3.9289,110,27998
86320,2005,3.8637,111,28729
86320,2006,3.3355,98,29381
86320,2007,3.3584,101,30074
86320,2008,2.3724,73,30770
86320,2009,2.7641,87,31475
86320,2010,2.4879,80,32155
86320,2011,2.9538,97,32839
86320,2012,3.0711,103,33538
86320,2013,3.3037,113,34204
86320,2014,3.3575,117,34847
86320,2015,3.4061,121,35524
86568,1998,8.1457,322,39530
86568,1999,6.755,278,41155
86568,2000,6.6498,284,42708
86568,2001,4.8143,213,44243
86568,2002,5.9754,273,45687
86568,2003,5.5239,260,47068
86568,2004,5.2757,255,48335
86568,2005,3.5299,175,49577
86568,2006,4.097,208,50769
86568,2007,5.0826,264,51942
86568,2008,3.7839,201,53120
86568,2009,3.3529,182,54281
86568,2010,4.2909,238,55466
86568,2011,4.0613,230,56632
86568,2012,3.7912,219,57765
86568,2013,4.2467,250,58869
86568,2014,4.4869,269,59952
86568,2015,3.929,240,61084
86569,1998,3.4286,42,12250
86569,1999,2.1095,26,12325
86569,2000,1.5265,19,12447
86569,2001,1.8371,23,12520
86569,2002,4.1133,52,12642
86569,2003,2.2619,29,12821
86569,2004,1.9212,25,13013
86569,2005,1.3604,18,13231
86569,2006,1.6361,22,13447
86569,2007,3.295,45,13657
86569,2008,2.3801,33,13865
86569,2009,2.6977,38,14086
86569,2010,2.6579,38,14297
86569,2011,3.0892,45,14567
86569,2012,3.4411,51,14821
86569,2013,4.2599,64,15024
86569,2014,3.2826,50,15232
86569,2015,2.3998,37,15418
86571,1998,2.197,50,22758
86571,1999,2.9043,67,23069
86571,2000,3.4758,81,23304
86571,2001,2.7498,65,23638
86571,2002,3.8222,92,24070
86571,2003,2.2798,56,24564
86571,2004,1.6298,41,25156
86571,2005,1.1246,29,25786
86571,2006,1.4365,38,26454
86571,2007,1.8038,49,27165
86571,2008,1.6139,45,27882
86571,2009,1.4332,41,28607
86571,2010,1.3302,39,29320
86571,2011,1.4622,44,30091
86571,2012,1.5912,49,30795
86571,2013,1.2057,38,31517
86571,2014,1.4292,46,32186
86571,2015,1.0937,36,32915
86573,1998,3.77,64,16976
86573,1999,3.3039,58,17555
86573,2000,3.5238,64,18162
86573,2001,2.08,39,18750
86573,2002,3.3656,65,19313
86573,2003,2.5688,51,19854
86573,2004,2.2018,45,20438
86573,2005,2.569,54,21020
86573,2006,2.6869,58,21586
86573,2007,1.761,39,22146
86573,2008,2.203,50,22696
86573,2009,2.2765,53,23281
86573,2010,2.5982,62,23863
86573,2011,3.5646,87,24407
86573,2012,3.4454,86,24961
86573,2013,2.0765,53,25524
86573,2014,2.1508,56,26037
86573,2015,2.1051,56,26602
86749,1998,7.7137,72,9334
86749,1999,5.9652,58,9723
86749,2000,3.6314,37,10189
86749,2001,4.4394,47,10587
86749,2002,3.667,40,10908
86749,2003,4.4579,50,11216
86749,2004,4.0848,47,11506
86749,2005,3.5648,42,11782
86749,2006,6.4033,77,12025
86749,2007,5.2893,65,12289
86749,2008,4.7121,59,12521
86749,2009,3.7612,48,12762
86749,2010,4.9942,65,13015
86749,2011,4.9793,66,13255
86749,2012,4.5912,62,13504
86749,2013,4.7424,65,13706
86749,2014,3.7276,52,13950
86749,2015,4.2819,61,14246
86755,1998,2.0843,9,4318
86755,1999,3.8435,17,4423
86755,2000,4.6083,21,4557
86755,2001,3.0049,14,4659
86755,2002,3.3459,16,4782
86755,2003,6.4249,31,4825
86755,2004,7.7472,38,4905
86755,2005,5.0566,25,4944
86755,2006,3.973,20,5034
86755,2007,5.923,30,5065
86755,2008,4.0912,21,5133
86755,2009,4.0666,21,5164
86755,2010,6.426,34,5291
86755,2011,6.0377,32,5300
86755,2012,4.1253,22,5333
86755,2013,5.0505,27,5346
86755,2014,3.514,19,5407
86755,2015,3.6664,20,5455
86757,1998,2.6389,34,12884
86757,1999,2.1466,28,13044
86757,2000,4.7418,63,13286
86757,2001,2.4535,33,13450
86757,2002,1.6828,23,13668
86757,2003,2.8054,39,13902
86757,2004,2.4665,35,14190
86757,2005,3.4547,50,14473
86757,2006,2.2967,34,14804
86757,2007,2.2481,34,15124
86757,2008,2.1354,33,15454
86757,2009,1.206,19,15754
86757,2010,1.7395,28,16097
86757,2011,2.0095,33,16422
86757,2012,2.3933,40,16713
86757,2013,3.0481,52,17060
86757,2014,2.4087,42,17437
86757,2015,2.2034,39,17700
86760,1998,6.6862,32,4786
86760,1999,7.6861,38,4944
86760,2000,6.1728,31,5022
86760,2001,6.5599,34,5183
86760,2002,5.4583,29,5313
86760,2003,4.9632,27,5440
86760,2004,6.0943,34,5579
86760,2005,3.681,21,5705
86760,2006,5.4917,32,5827
86760,2007,4.5662,27,5913
86760,2008,2.4884,15,6028
86760,2009,3.0794,19,6170
86760,2010,4.9089,31,6315
86760,2011,5.1242,33,6440
86760,2012,2.5938,17,6554
86760,2013,4.048,27,6670
86760,2014,5.6072,38,6777
86760,2015,6.4047,44,6870
86865,1998,5.7319,156,27216
86865,1999,6.0602,166,27392
86865,2000,6.0666,167,27528
86865,2001,4.3633,121,27731
86865,2002,3.6429,102,28000
86865,2003,3.4256,97,28316
86865,2004,3.4914,100,28642
86865,2005,4.1812,121,28939
86865,2006,3.7905,111,29284
86865,2007,3.7487,111,29610
86865,2008,2.401,72,29987
86865,2009,2.6067,79,30307
86865,2010,1.5331,47,30657
86865,2011,2.6086,81,31051
86865,2012,2.616,82,31345
86865,2013,2.6527,84,31666
86865,2014,2.503,80,31962
86865,2015,2.4174,78,32266
86885,1998,2.4617,40,16249
86885,1999,2.2269,37,16615
86885,2000,2.4088,41,17021
86885,2001,2.9233,51,17446
86885,2002,3.3051,59,17851
86885,2003,4.1098,75,18249
86885,2004,3.3802,63,18638
86885,2005,2.4177,46,19026
86885,2006,3.7171,72,19370
86885,2007,3.3883,67,19774
86885,2008,2.6851,54,20111
86885,2009,3.4673,71,20477
86885,2010,2.9243,61,20860
86885,2011,3.8685,82,21197
86885,2012,3.8891,84,21599
86885,2013,4.2483,93,21891
86885,2014,3.9526,88,22264
86885,2015,3.4571,78,22562
88001,1998,3.212,174,54172
88001,1999,2.9232,160,54734
88001,2000,3.3167,183,55176
88001,2001,3.0955,172,55564
88001,2002,2.6344,147,55800
88001,2003,3.0546,171,55982
88001,2004,3.297,185,56112
88001,2005,3.6016,202,56086
88001,2006,3.6412,204,56026
88001,2007,3.6779,206,56010
88001,2008,3.343,187,55937
88001,2009,3.0423,170,55878
88001,2010,4.0351,225,55761
88001,2011,3.6649,204,55663
88001,2012,3.8313,213,55595
88001,2013,4.0331,224,55541
88001,2014,4.0355,224,55508
88001,2015,4.1331,229,55407
88564,1998,1.8939,11,5808
88564,1999,3.2351,19,5873
88564,2000,4.5332,27,5956
88564,2001,3.8442,23,5983
88564,2002,3.9715,24,6043
88564,2003,2.6411,16,6058
88564,2004,3.9669,24,6050
88564,2005,3.3146,20,6034
88564,2006,2.6403,16,6060
88564,2007,3.3167,20,6030
88564,2008,3.4803,21,6034
88564,2009,2.5013,15,5997
88564,2010,2.8211,17,6026
88564,2011,4.2989,26,6048
88564,2012,2.8155,17,6038
88564,2013,4.4985,27,6002
88564,2014,5.2057,31,5955
88564,2015,4.3341,26,5999
91001,1998,3.2509,102,31376
91001,1999,3.1673,102,32204
91001,2000,3.1488,104,33028
91001,2001,4.0293,136,33753
91001,2002,2.8061,97,34568
91001,2003,3.8982,138,35401
91001,2004,3.595,130,36161
91001,2005,4.0158,148,36854
91001,2006,2.8992,109,37597
91001,2007,4.2184,162,38403
91001,2008,3.5676,140,39242
91001,2009,3.9402,158,40099
91001,2010,3.3651,138,41009
91001,2011,3.1013,130,41918
91001,2012,3.7144,159,42806
91001,2013,3.7314,163,43683
91001,2014,3.6133,161,44557
91001,2015,3.9415,179,45414
91263,1998,1.1969,4,3342
91263,1999,0.3068,1,3259
91263,2000,1.5649,5,3195
91263,2001,0.9557,3,3139
91263,2004,1.7106,5,2923
91263,2005,1.7367,5,2879
91263,2006,0.7105,2,2815
91263,2007,1.8109,5,2761
91263,2008,2.2363,6,2683
91263,2009,1.1377,3,2637
91263,2010,2.7111,7,2582
91263,2011,1.5854,4,2523
91263,2012,2.4351,6,2464
91263,2013,1.2521,3,2396
91263,2014,0.8666,2,2308
91263,2015,2.2134,5,2259
91405,1998,3.8103,9,2362
91405,1999,0.4218,1,2371
91405,2000,1.6828,4,2377
91405,2003,0.8032,2,2490
91405,2004,0.7971,2,2509
91405,2005,0.3949,1,2532
91405,2006,0.7779,2,2571
91405,2007,1.1481,3,2613
91405,2008,1.1316,3,2651
91405,2009,2.2355,6,2684
91405,2010,1.8477,5,2706
91405,2011,4.019,11,2737
91405,2012,2.1684,6,2767
91405,2013,1.0703,3,2803
91405,2014,3.1757,9,2834
91405,2015,1.4099,4,2837
91407,1998,4.8026,9,1874
91407,1999,3.5158,7,1991
91407,2000,1.9222,4,2081
91407,2001,1.851,4,2161
91407,2002,0.8865,2,2256
91407,2003,2.5543,6,2349
91407,2004,0.4075,1,2454
91407,2005,0.399,1,2506
91407,2006,1.5198,4,2632
91407,2007,2.939,8,2722
91407,2008,0.7035,2,2843
91407,2009,1.7042,5,2934
91407,2010,3.622,11,3037
91407,2011,2.5413,8,3148
91407,2012,1.8605,6,3225
91407,2013,1.5042,5,3324
91407,2014,2.637,9,3413
91407,2015,2.5597,9,3516
91430,2011,1.4045,1,712
91430,2013,1.4859,1,673
91460,2000,0.609,1,1642
91460,2001,0.6046,1,1654
91460,2002,1.8215,3,1647
91460,2004,1.8083,3,1659
91460,2006,0.59,1,1695
91460,2008,0.5875,1,1702
91460,2010,0.5817,1,1719
91460,2012,1.1364,2,1760
91460,2013,1.694,3,1771
91530,2006,2.2989,2,870
91530,2007,1.1494,1,870
91530,2008,1.1723,1,853
91530,2009,1.1919,1,839
91530,2010,2.3838,2,839
91530,2013,1.2516,1,799
91530,2015,2.6385,2,758
91536,2001,0.9372,1,1067
91536,2005,2.8169,3,1065
91536,2006,3.7736,4,1060
91536,2007,0.9515,1,1051
91536,2008,2.8517,3,1052
91536,2009,0.9588,1,1043
91536,2010,0.9597,1,1042
91536,2012,0.9662,1,1035
91536,2013,3.9101,4,1023
91536,2015,0.998,1,1002
91540,1998,1.8557,9,4850
91540,1999,1.7703,9,5084
91540,2000,2.0712,11,5311
91540,2001,1.0674,6,5621
91540,2002,1.0315,6,5817
91540,2003,0.9903,6,6059
91540,2004,1.2739,8,6280
91540,2005,1.2257,8,6527
91540,2006,0.8856,6,6775
91540,2007,2.9897,21,7024
91540,2008,0.9674,7,7236
91540,2009,1.735,13,7493
91540,2010,1.2885,10,7761
91540,2011,1.4974,12,8014
91540,2012,1.4467,12,8295
91540,2013,1.8707,16,8553
91540,2014,1.5841,14,8838
91540,2015,2.0904,19,9089
91669,1998,1.9646,2,1018
91669,1999,6.6477,7,1053
91669,2000,2.6978,3,1112
91669,2001,2.6339,3,1139
91669,2002,4.2882,5,1166
91669,2003,1.6935,2,1181
91669,2004,2.445,3,1227
91669,2006,4.5489,6,1319
91669,2007,1.4903,2,1342
91669,2008,2.1723,3,1381
91669,2009,0.7003,1,1428
91669,2010,2.7529,4,1453
91669,2011,2.6774,4,1494
91669,2012,1.9557,3,1534
91669,2013,0.6382,1,1567
91669,2014,2.5173,4,1589
91669,2015,1.2285,2,1628
91798,1998,4.0609,8,1970
91798,1999,2.9211,6,2054
91798,2000,0.9246,2,2163
91798,2001,1.328,3,2259
91798,2002,1.7241,4,2320
91798,2003,2.0764,5,2408
91798,2004,0.7978,2,2507
91798,2005,2.2927,6,2617
91798,2006,1.8505,5,2702
91798,2007,1.0741,3,2793
91798,2008,0.6901,2,2898
91798,2009,2.6534,8,3015
91798,2010,2.5773,8,3104
91798,2011,3.445,11,3193
91798,2012,1.5193,5,3291
91798,2013,2.9753,10,3361
91798,2014,2.3148,8,3456
91798,2015,3.6775,13,3535
94001,1998,3.5608,54,15165
94001,1999,4.5552,72,15806
94001,2000,3.9435,65,16483
94001,2001,1.5665,27,17236
94001,2002,2.8913,52,17985
94001,2003,4.0047,75,18728
94001,2004,3.3436,65,19440
94001,2005,3.7143,75,20192
94001,2006,2.9621,62,20931
94001,2007,3.501,76,21708
94001,2008,2.845,64,22496
94001,2009,2.9175,68,23308
94001,2010,3.4811,84,24130
94001,2011,3.2452,81,24960
94001,2012,2.8313,73,25783
94001,2013,3.6046,96,26633
94001,2014,3.2371,89,27494
94001,2015,3.3141,94,28364
94343,1998,1.3732,4,2913
94343,1999,2.8986,9,3105
94343,2000,4.9216,16,3251
94343,2001,0.8557,3,3506
94343,2002,1.075,4,3721
94343,2003,2.0361,8,3929
94343,2004,2.6519,11,4148
94343,2005,2.4803,11,4435
94343,2006,1.7215,8,4647
94343,2007,4.6767,23,4918
94343,2008,1.9384,10,5159
94343,2009,2.5745,14,5438
94343,2010,1.5732,9,5721
94343,2011,1.1686,7,5990
94343,2012,1.4375,9,6261
94343,2013,2.7515,18,6542
94343,2014,1.3224,9,6806
94343,2015,0.2824,2,7082
94663,2002,1.8433,2,1085
94663,2003,0.9251,1,1081
94663,2008,0.9479,1,1055
94663,2012,0.9597,1,1042
94663,2014,0.9823,1,1018
94883,1998,1.224,1,817
94883,1999,1.1976,1,835
94883,2000,1.0977,1,911
94883,2002,1.0428,1,959
94883,2003,3.0211,3,993
94883,2004,0.9775,1,1023
94883,2009,1.6407,2,1219
94883,2011,0.774,1,1292
94883,2012,0.7491,1,1335
94883,2014,1.386,2,1443
94884,2000,6.867,8,1165
94884,2002,2.5189,3,1191
94884,2003,0.8157,1,1226
94884,2009,1.385,2,1444
94884,2010,1.3414,2,1491
94884,2011,1.3228,2,1512
94884,2012,1.2887,2,1552
94884,2014,0.6072,1,1647
94885,2006,4.7619,1,210
94886,2010,2.8612,2,699
94886,2011,2.7174,2,736
94886,2014,1.2887,1,776
94887,2001,0.878,1,1139
94887,2006,2.2607,3,1327
94887,2009,0.6969,1,1435
94887,2013,0.6158,1,1624
94887,2014,1.1983,2,1669
94888,2010,1.3928,1,718
94888,2011,1.3351,1,749
95001,1998,3.215,152,47278
95001,1999,3.5777,172,48076
95001,2000,4.6762,228,48758
95001,2001,5.5453,273,49231
95001,2002,3.7577,186,49499
95001,2003,3.9703,197,49618
95001,2004,4.1337,205,49592
95001,2005,4.3301,213,49191
95001,2006,4.8176,235,48779
95001,2007,4.3319,210,48478
95001,2008,4.1463,200,48236
95001,2009,5.198,250,48095
95001,2010,4.5336,218,48085
95001,2011,3.2773,158,48211
95001,2012,3.9234,190,48428
95001,2013,4.4087,215,48767
95001,2014,3.3287,164,49268
95001,2015,3.7524,187,49835
95015,1998,1.3369,9,6732
95015,1999,1.0117,7,6919
95015,2000,3.5221,25,7098
95015,2001,3.4345,25,7279
95015,2002,7.1246,53,7439
95015,2003,2.6575,20,7526
95015,2004,3.3996,26,7648
95015,2005,5.2009,40,7691
95015,2006,2.7259,21,7704
95015,2007,3.863,30,7766
95015,2008,3.45,27,7826
95015,2009,3.6723,29,7897
95015,2010,2.88,23,7986
95015,2011,3.4466,28,8124
95015,2012,4.2476,35,8240
95015,2013,2.375,20,8421
95015,2014,2.4476,21,8580
95015,2015,2.4008,21,8747
95025,1998,4.4988,39,8669
95025,1999,4.0076,36,8983
95025,2000,4.3375,40,9222
95025,2001,5.0869,48,9436
95025,2002,6.2073,60,9666
95025,2003,5.1546,51,9894
95025,2004,3.7834,38,10044
95025,2005,4.7235,48,10162
95025,2006,3.6847,38,10313
95025,2007,3.9265,41,10442
95025,2008,3.3038,35,10594
95025,2009,3.3417,36,10773
95025,2010,3.4558,38,10996
95025,2011,2.6812,30,11189
95025,2012,3.5767,41,11463
95025,2013,2.9894,35,11708
95025,2014,3.3395,40,11978
95025,2015,2.3421,29,12382
95200,1998,8.2097,52,6334
95200,1999,7.4004,47,6351
95200,2000,4.3963,28,6369
95200,2001,9.692,62,6397
95200,2002,7.1853,46,6402
95200,2003,5.9338,38,6404
95200,2004,6.6131,42,6351
95200,2005,5.2783,33,6252
95200,2006,5.4795,34,6205
95200,2007,3.9069,24,6143
95200,2008,4.2414,26,6130
95200,2009,3.749,23,6135
95200,2010,3.7539,23,6127
95200,2011,4.2428,26,6128
95200,2012,4.5528,28,6150
95200,2013,2.2595,14,6196
95200,2014,3.0279,19,6275
95200,2015,3.1427,20,6364
97001,1998,3.6207,48,13257
97001,1999,5.341,74,13855
97001,2000,6.1384,89,14499
97001,2001,4.615,70,15168
97001,2002,4.0734,65,15957
97001,2003,4.3385,73,16826
97001,2004,3.0011,53,17660
97001,2005,2.694,50,18560
97001,2006,4.585,89,19411
97001,2007,3.2062,65,20273
97001,2008,3.5849,76,21200
97001,2009,4.103,91,22179
97001,2010,3.8493,89,23121
97001,2011,3.2453,78,24035
97001,2012,2.727,68,24936
97001,2013,3.4158,88,25763
97001,2014,2.5148,67,26642
97001,2015,2.6217,72,27463
97161,1998,4.158,6,1443
97161,1999,4.7202,7,1483
97161,2000,1.9881,3,1509
97161,2001,1.9206,3,1562
97161,2002,3.0321,5,1649
97161,2003,1.7222,3,1742
97161,2004,2.7518,5,1817
97161,2005,3.096,6,1938
97161,2006,2.9762,6,2016
97161,2007,2.9226,6,2053
97161,2008,3.2787,7,2135
97161,2009,1.3417,3,2236
97161,2010,3.0316,7,2309
97161,2011,5.4032,13,2406
97161,2012,1.2161,3,2467
97161,2013,2.7069,7,2586
97161,2014,1.5083,4,2652
97161,2015,4.059,11,2710
97511,2002,0.9407,2,2126
97511,2004,1.2717,3,2359
97511,2005,0.3995,1,2503
97511,2006,0.759,2,2635
97511,2007,2.9186,8,2741
97511,2008,4.8985,14,2858
97511,2009,2.6729,8,2993
97511,2010,4.8046,15,3122
97511,2011,5.5573,18,3239
97511,2012,2.6842,9,3353
97511,2013,3.1673,11,3473
97511,2014,1.9396,7,3609
97511,2015,1.3426,5,3724
97666,1998,2.2472,2,890
97666,1999,1.1198,1,893
97666,2000,1.0225,1,978
97666,2004,1.6313,2,1226
97666,2005,1.514,2,1321
97666,2006,4.2857,6,1400
97666,2007,3.9709,6,1511
97666,2008,1.2788,2,1564
97666,2009,1.8599,3,1613
97666,2010,2.936,5,1703
97666,2011,3.9194,7,1786
97666,2012,3.7453,7,1869
97666,2013,4.1732,8,1917
97666,2014,0.5097,1,1962
97666,2015,3.4163,7,2049
97777,2000,2.4155,1,414
97777,2010,1.6978,1,589
97777,2013,2.9806,2,671
97777,2014,1.4993,1,667
97889,1998,1.8484,1,541
97889,2000,6.9324,4,577
97889,2002,7.6687,5,652
97889,2003,7.3314,5,682
97889,2004,2.7701,2,722
97889,2005,9.0226,6,665
97889,2006,1.355,1,738
97889,2007,1.3263,1,754
97889,2008,9.9751,8,802
97889,2009,6.2189,5,804
97889,2010,13.2053,11,833
97889,2011,3.386,3,886
97889,2012,3.304,3,908
97889,2013,4.2418,4,943
97889,2014,4.0942,4,977
97889,2015,3.0211,3,993
99001,1998,3.869,65,16800
99001,1999,2.0495,35,17077
99001,2000,3.2937,57,17306
99001,2001,3.133,55,17555
99001,2002,3.3717,60,17795
99001,2003,1.052,19,18060
99001,2004,3.3869,62,18306
99001,2005,2.8485,53,18606
99001,2006,2.4938,47,18847
99001,2007,3.7714,72,19091
99001,2008,4.04,78,19307
99001,2009,3.2772,64,19529
99001,2010,3.3964,67,19727
99001,2011,3.2138,64,19914
99001,2012,2.8433,57,20047
99001,2013,3.377,68,20136
99001,2014,3.4505,70,20287
99001,2015,4.7061,96,20399
99524,1998,2.4547,18,7333
99524,1999,2.8139,21,7463
99524,2000,2.6254,20,7618
99524,2001,1.8032,14,7764
99524,2002,2.3957,19,7931
99524,2003,1.2326,10,8113
99524,2004,2.1737,18,8281
99524,2005,0.8299,7,8435
99524,2006,3.3788,29,8583
99524,2007,5.0372,44,8735
99524,2008,4.044,36,8902
99524,2009,3.5457,32,9025
99524,2010,2.8403,26,9154
99524,2011,3.6547,34,9303
99524,2012,3.501,33,9426
99524,2013,4.0693,39,9584
99524,2014,2.9999,29,9667
99524,2015,3.9979,39,9755
99624,1998,3.7341,10,2678
99624,1999,3.639,10,2748
99624,2000,2.9304,8,2730
99624,2001,3.1746,9,2835
99624,2002,2.7257,8,2935
99624,2003,0.3319,1,3013
99624,2004,0.9634,3,3114
99624,2006,2.3938,8,3342
99624,2007,1.4697,5,3402
99624,2008,2.8744,10,3479
99624,2009,1.6959,6,3538
99624,2010,2.2148,8,3612
99624,2011,1.3672,5,3657
99624,2012,2.4239,9,3713
99624,2013,3.1864,12,3766
99624,2014,2.3462,9,3836
99624,2015,2.0429,8,3916
99773,1998,2.8055,99,35288
99773,1999,1.7341,64,36907
99773,2000,2.0942,81,38678
99773,2001,1.6845,68,40369
99773,2002,0.8788,37,42102
99773,2003,0.4789,21,43848
99773,2004,1.0739,49,45627
99773,2005,0.5695,27,47411
99773,2006,1.3007,64,49206
99773,2007,1.2723,65,51087
99773,2008,1.1139,59,52965
99773,2009,1.0747,59,54899
99773,2010,0.7568,43,56821
99773,2011,0.5449,32,58728
99773,2012,0.5605,34,60663
99773,2013,0.8151,51,62571
99773,2014,0.7915,51,64438
99773,2015,0.965,64,66322
