cod_divipola,anio,valor,numerador,denominador
05001,2011,100,,
05001,2012,100,,
05001,2013,100,,
05001,2014,100,,
05001,2015,100,,
05002,2011,100,,
05002,2012,96.4499,,
05002,2013,97.9642,,
05002,2014,98.4672,,
05002,2015,100,,
05004,2011,99.0847,,
05004,2012,83.8521,,
05004,2013,94.8529,,
05004,2014,94.8339,,
05004,2015,100,,
05021,2011,100,,
05021,2012,97.1731,,
05021,2013,96.6161,,
05021,2014,97.3269,,
05021,2015,100,,
05030,2011,100,,
05030,2012,98.9717,,
05030,2013,98.6088,,
05030,2014,99.1648,,
05030,2015,100,,
05031,2011,100,,
05031,2012,70.161,,
05031,2013,69.8078,,
05031,2014,87.6805,,
05031,2015,96.5672,,
05034,2011,99.9471,,
05034,2012,97.7294,,
05034,2013,97.8854,,
05034,2014,97.6471,,
05034,2015,100,,
05036,2011,100,,
05036,2012,98.0676,,
05036,2013,97.7432,,
05036,2014,98.3155,,
05036,2015,100,,
05038,2011,100,,
05038,2012,97.9388,,
05038,2013,98.021,,
05038,2014,97.7743,,
05038,2015,100,,
05040,2011,58.3959,,
05040,2012,46.3205,,
05040,2013,46.776,,
05040,2014,53.6846,,
05040,2015,68.0115,,
05042,2011,100,,
05042,2012,82.4246,,
05042,2013,86.4249,,
05042,2014,98.654,,
05042,2015,100,,
05044,2011,90.7225,,
05044,2012,73.4356,,
05044,2013,95.3553,,
05044,2014,97.2571,,
05044,2015,100,,
05045,2011,38.374,,
05045,2012,85.7988,,
05045,2013,83.4044,,
05045,2014,91.4098,,
05045,2015,100,,
05051,2011,100,,
05051,2012,98.4741,,
05051,2013,97.2381,,
05051,2014,98.2619,,
05051,2015,100,,
05055,2011,97.1698,,
05055,2012,84.3458,,
05055,2013,88.5015,,
05055,2014,89.9851,,
05055,2015,97.8326,,
05059,2011,100,,
05059,2012,99.2754,,
05059,2013,99.0942,,
05059,2014,99.6416,,
05059,2015,100,,
05079,2011,99.9626,,
05079,2012,100,,
05079,2013,100,,
05079,2014,100,,
05079,2015,100,,
05086,2011,100,,
05086,2012,92.6731,,
05086,2013,93.0048,,
05086,2014,94.3962,,
05086,2015,98.1058,,
05088,2011,99.9954,,
05088,2012,100,,
05088,2013,100,,
05088,2014,100,,
05088,2015,100,,
05091,2011,100,,
05091,2012,97.3668,,
05091,2013,96.7398,,
05091,2014,97.4502,,
05091,2015,98.8806,,
05093,2011,100,,
05093,2012,90.8385,,
05093,2013,96.3011,,
05093,2014,98.4147,,
05093,2015,95.2186,,
05101,2011,99.9924,,
05101,2012,98.7314,,
05101,2013,98.7196,,
05101,2014,98.7704,,
05101,2015,100,,
05107,2011,99.511,,
05107,2012,77.8328,,
05107,2013,75.9952,,
05107,2014,93.5945,,
05107,2015,94.7139,,
05113,2011,100,,
05113,2012,79.2857,,
05113,2013,76.5886,,
05113,2014,94.0299,,
05113,2015,98.2409,,
05120,2011,55.5136,,
05120,2012,43.4654,,
05120,2013,61.7542,,
05120,2014,69.6266,,
05120,2015,68.7552,,
05125,2011,100,,
05125,2012,98.9336,,
05125,2013,98.418,,
05125,2014,98.4722,,
05125,2015,100,,
05129,2011,98.2424,,
05129,2012,99.9773,,
05129,2013,99.9781,,
05129,2014,99.9365,,
05129,2015,100,,
05134,2011,90.157,,
05134,2012,75.1951,,
05134,2013,75.3074,,
05134,2014,84.6112,,
05134,2015,93.8445,,
05138,2011,100,,
05138,2012,95.3683,,
05138,2013,97.7614,,
05138,2014,98.3267,,
05138,2015,100,,
05142,2011,100,,
05142,2012,91.2234,,
05142,2013,88.9323,,
05142,2014,90.4021,,
05142,2015,92.0882,,
05145,2011,100,,
05145,2012,99.375,,
05145,2013,98.1347,,
05145,2014,98.8718,,
05145,2015,100,,
05147,2011,100,,
05147,2012,85.3716,,
05147,2013,87.095,,
05147,2014,96.1869,,
05147,2015,100,,
05148,2011,100,,
05148,2012,98.7145,,
05148,2013,97.933,,
05148,2014,98.0408,,
05148,2015,100,,
05150,2011,100,,
05150,2012,98.2323,,
05150,2013,94.1452,,
05150,2014,98.8235,,
05150,2015,100,,
05154,2011,69.5725,,
05154,2012,86.4037,,
05154,2013,93.9743,,
05154,2014,94.3476,,
05154,2015,100,,
05172,2011,82.3019,,
05172,2012,83.3852,,
05172,2013,79.0852,,
05172,2014,93.6561,,
05172,2015,100,,
05190,2011,100,,
05190,2012,96.6981,,
05190,2013,97.0359,,
05190,2014,96.7692,,
05190,2015,100,,
05197,2011,100,,
05197,2012,96.3434,,
05197,2013,95.3988,,
05197,2014,96.1207,,
05197,2015,100,,
05206,2011,100,,
05206,2012,97.3884,,
05206,2013,97.8096,,
05206,2014,96.5927,,
05206,2015,98.4152,,
05209,2011,100,,
05209,2012,99.0904,,
05209,2013,98.233,,
05209,2014,97.9514,,
05209,2015,100,,
05212,2011,100,,
05212,2012,100,,
05212,2013,100,,
05212,2014,100,,
05212,2015,100,,
05234,2011,60.9908,,
05234,2012,60.7923,,
05234,2013,81.7731,,
05234,2014,88.6076,,
05234,2015,92.8366,,
05237,2011,100,,
05237,2012,97.6014,,
05237,2013,98.1661,,
05237,2014,99.4352,,
05237,2015,100,,
05240,2011,100,,
05240,2012,98.6044,,
05240,2013,98.6182,,
05240,2014,99.2343,,
05240,2015,100,,
05250,2011,91.6617,,
05250,2012,56.0759,,
05250,2013,67.2555,,
05250,2014,76.5578,,
05250,2015,78.8087,,
05264,2011,100,,
05264,2012,98.841,,
05264,2013,99.1683,,
05264,2014,99.1184,,
05264,2015,99.8111,,
05266,2011,100,,
05266,2012,100,,
05266,2013,99.9007,,
05266,2014,100,,
05266,2015,100,,
05282,2011,100,,
05282,2012,98.2335,,
05282,2013,97.7731,,
05282,2014,99.2833,,
05282,2015,100,,
05284,2011,89.841,,
05284,2012,92.9993,,
05284,2013,91.1315,,
05284,2014,94.759,,
05284,2015,100,,
05306,2011,100,,
05306,2012,98.1779,,
05306,2013,95.8071,,
05306,2014,96.3147,,
05306,2015,100,,
05308,2011,100,,
05308,2012,100,,
05308,2013,100,,
05308,2014,100,,
05308,2015,100,,
05310,2011,100,,
05310,2012,96.8105,,
05310,2013,94.3508,,
05310,2014,95.8744,,
05310,2015,96.9058,,
05313,2011,47.1027,,
05313,2012,96.8722,,
05313,2013,97.5,,
05313,2014,98.454,,
05313,2015,100,,
05315,2011,100,,
05315,2012,98.6667,,
05315,2013,97.7573,,
05315,2014,97.6501,,
05315,2015,98.564,,
05318,2011,100,,
05318,2012,99.2959,,
05318,2013,99.1103,,
05318,2014,99.0503,,
05318,2015,100,,
05321,2011,100,,
05321,2012,98.9314,,
05321,2013,98.6219,,
05321,2014,98.3236,,
05321,2015,100,,
05347,2011,100,,
05347,2012,98.1818,,
05347,2013,98.0683,,
05347,2014,98.0916,,
05347,2015,100,,
05353,2011,100,,
05353,2012,97.9592,,
05353,2013,98.1788,,
05353,2014,98.2055,,
05353,2015,100,,
05360,2011,99.1748,,
05360,2012,100,,
05360,2013,100,,
05360,2014,100,,
05360,2015,100,,
05361,2011,100,,
05361,2012,71.0618,,
05361,2013,73.6151,,
05361,2014,77.6201,,
05361,2015,79.8856,,
05364,2011,100,,
05364,2012,97.9643,,
05364,2013,97.9802,,
05364,2014,98.449,,
05364,2015,100,,
05368,2011,100,,
05368,2012,99.7808,,
05368,2013,99.6187,,
05368,2014,99.6744,,
05368,2015,100,,
05376,2011,100,,
05376,2012,98.9253,,
05376,2013,98.7677,,
05376,2014,98.7194,,
05376,2015,100,,
05380,2011,100,,
05380,2012,100,,
05380,2013,100,,
05380,2014,100,,
05380,2015,100,,
05390,2011,100,,
05390,2012,99.7669,,
05390,2013,98.6014,,
05390,2014,99.7732,,
05390,2015,100,,
05400,2011,100,,
05400,2012,97.8912,,
05400,2013,97.6162,,
05400,2014,98.9188,,
05400,2015,100,,
05411,2011,100,,
05411,2012,93.6694,,
05411,2013,91.4661,,
05411,2014,98.3256,,
05411,2015,100,,
05425,2011,100,,
05425,2012,89.4315,,
05425,2013,84.8608,,
05425,2014,91.4286,,
05425,2015,100,,
05440,2011,100,,
05440,2012,99.2543,,
05440,2013,99.1882,,
05440,2014,99.1517,,
05440,2015,100,,
05467,2011,100,,
05467,2012,96.4467,,
05467,2013,95.6423,,
05467,2014,98.6295,,
05467,2015,100,,
05475,2011,38.352,,
05475,2012,61.4786,,
05475,2013,78.4695,,
05475,2014,100,,
05475,2015,100,,
05480,2011,92.9187,,
05480,2012,67.8166,,
05480,2013,75.2527,,
05480,2014,84.5753,,
05480,2015,92.0673,,
05483,2011,53.4921,,
05483,2012,97.9036,,
05483,2013,96.3608,,
05483,2014,97.8593,,
05483,2015,100,,
05490,2011,90.2984,,
05490,2012,91.674,,
05490,2013,95.6376,,
05490,2014,97.5922,,
05490,2015,100,,
05495,2011,16.3384,,
05495,2012,46.4147,,
05495,2013,63.7336,,
05495,2014,76.702,,
05495,2015,99.2042,,
05501,2011,100,,
05501,2012,92.8173,,
05501,2013,89.2595,,
05501,2014,97.4709,,
05501,2015,98.9747,,
05541,2011,100,,
05541,2012,98.9681,,
05541,2013,99.2668,,
05541,2014,99.0076,,
05541,2015,100,,
05543,2011,75.406,,
05543,2012,86.4835,,
05543,2013,94.2281,,
05543,2014,99.2308,,
05543,2015,100,,
05576,2011,100,,
05576,2012,98.4183,,
05576,2013,98.0069,,
05576,2014,98.8065,,
05576,2015,100,,
05579,2011,100,,
05579,2012,92.8419,,
05579,2013,91.4916,,
05579,2014,92.7971,,
05579,2015,95.0053,,
05585,2011,78.664,,
05585,2012,87.2604,,
05585,2013,82.3085,,
05585,2014,93.2462,,
05585,2015,100,,
05591,2011,100,,
05591,2012,97.4936,,
05591,2013,97.2897,,
05591,2014,97.8643,,
05591,2015,100,,
05604,2011,78.1252,,
05604,2012,62.9982,,
05604,2013,48.6163,,
05604,2014,67.5184,,
05604,2015,90.3846,,
05607,2011,100,,
05607,2012,98.5205,,
05607,2013,96.5717,,
05607,2014,98.71,,
05607,2015,100,,
05615,2011,100,,
05615,2012,98.3854,,
05615,2013,97.8915,,
05615,2014,97.9865,,
05615,2015,100,,
05628,2011,100,,
05628,2012,94.3346,,
05628,2013,97.191,,
05628,2014,99.2977,,
05628,2015,100,,
05631,2011,100,,
05631,2012,100,,
05631,2013,100,,
05631,2014,100,,
05631,2015,100,,
05642,2011,100,,
05642,2012,98.1242,,
05642,2013,97.3975,,
05642,2014,99.1135,,
05642,2015,100,,
05647,2011,100,,
05647,2012,83.4802,,
05647,2013,86.1233,,
05647,2014,90,,
05647,2015,96.259,,
05649,2011,61.9173,,
05649,2012,94.4977,,
05649,2013,91.2113,,
05649,2014,93.5042,,
05649,2015,100,,
05652,2011,86.5693,,
05652,2012,70.7317,,
05652,2013,63.8219,,
05652,2014,84.241,,
05652,2015,95.9444,,
05656,2011,100,,
05656,2012,94.0858,,
05656,2013,96.8225,,
05656,2014,98.7539,,
05656,2015,100,,
05658,2011,100,,
05658,2012,97.1963,,
05658,2013,96.0902,,
05658,2014,96.8134,,
05658,2015,99.0895,,
05659,2011,98.2412,,
05659,2012,91.4988,,
05659,2013,95.2063,,
05659,2014,95.7675,,
05659,2015,100,,
05660,2011,100,,
05660,2012,92.6964,,
05660,2013,95.216,,
05660,2014,95.2791,,
05660,2015,98.346,,
05664,2011,100,,
05664,2012,97.6888,,
05664,2013,98.9096,,
05664,2014,99.3891,,
05664,2015,100,,
05665,2011,98.4368,,
05665,2012,63.8067,,
05665,2013,96.2853,,
05665,2014,93.3946,,
05665,2015,100,,
05667,2011,100,,
05667,2012,98.4209,,
05667,2013,97.8541,,
05667,2014,97.7485,,
05667,2015,100,,
05670,2011,100,,
05670,2012,93.8105,,
05670,2013,93.5939,,
05670,2014,96.0374,,
05670,2015,100,,
05674,2011,100,,
05674,2012,95.8848,,
05674,2013,98.589,,
05674,2014,98.244,,
05674,2015,100,,
05679,2011,100,,
05679,2012,97.8256,,
05679,2013,97.5074,,
05679,2014,98.5533,,
05679,2015,100,,
05686,2011,100,,
05686,2012,92.5932,,
05686,2013,93.3641,,
05686,2014,98.2105,,
05686,2015,98.7587,,
05690,2011,100,,
05690,2012,96.22,,
05690,2013,95.1783,,
05690,2014,95.6284,,
05690,2015,100,,
05697,2011,100,,
05697,2012,98.9717,,
05697,2013,98.9637,,
05697,2014,99.0557,,
05697,2015,100,,
05736,2011,42.1227,,
05736,2012,63.1264,,
05736,2013,53.2949,,
05736,2014,68.4837,,
05736,2015,83.0827,,
05756,2011,99.1869,,
05756,2012,96.5293,,
05756,2013,92.0766,,
05756,2014,96.91,,
05756,2015,98.9958,,
05761,2011,100,,
05761,2012,86.3271,,
05761,2013,97.2567,,
05761,2014,99.4703,,
05761,2015,100,,
05789,2011,100,,
05789,2012,97.3593,,
05789,2013,97.288,,
05789,2014,97.5023,,
05789,2015,99.1983,,
05790,2011,46.9441,,
05790,2012,53.2002,,
05790,2013,62.5573,,
05790,2014,68.1207,,
05790,2015,78.9168,,
05792,2011,100,,
05792,2012,97.6787,,
05792,2013,97.4217,,
05792,2014,98.1949,,
05792,2015,97.9242,,
05809,2011,100,,
05809,2012,98.6965,,
05809,2013,98.2983,,
05809,2014,99.0143,,
05809,2015,99.8208,,
05819,2011,100,,
05819,2012,92.7878,,
05819,2013,88.3033,,
05819,2014,94.9756,,
05819,2015,97.418,,
05837,2011,73.1512,,
05837,2012,71.7833,,
05837,2013,89.4978,,
05837,2014,94.3157,,
05837,2015,100,,
05842,2011,100,,
05842,2012,92.3222,,
05842,2013,98.9673,,
05842,2014,99.2005,,
05842,2015,100,,
05847,2011,96.8094,,
05847,2012,80.8084,,
05847,2013,90.3822,,
05847,2014,91.1352,,
05847,2015,100,,
05854,2011,74.2164,,
05854,2012,77.956,,
05854,2013,75.2,,
05854,2014,79.4725,,
05854,2015,86.6222,,
05856,2011,100,,
05856,2012,97.1944,,
05856,2013,96.0239,,
05856,2014,94.9136,,
05856,2015,99.5202,,
05858,2011,100,,
05858,2012,96.5495,,
05858,2013,93.4334,,
05858,2014,94.9749,,
05858,2015,100,,
05861,2011,100,,
05861,2012,98.1027,,
05861,2013,98.0577,,
05861,2014,98.4083,,
05861,2015,99.1218,,
05873,2011,70.8831,,
05873,2012,100,,
05873,2013,100,,
05873,2014,100,,
05873,2015,100,,
05885,2011,85.9862,,
05885,2012,96.3061,,
05885,2013,95.0748,,
05885,2014,97.7702,,
05885,2015,100,,
05887,2011,100,,
05887,2012,92.5818,,
05887,2013,93.2574,,
05887,2014,96.6403,,
05887,2015,100,,
05890,2011,97.4759,,
05890,2012,86.0944,,
05890,2013,88.3262,,
05890,2014,94.8982,,
05890,2015,98.6495,,
05893,2011,56.6078,,
05893,2012,37.2042,,
05893,2013,47.1545,,
05893,2014,70.7207,,
05893,2015,92.9054,,
05895,2011,48.6425,,
05895,2012,68.9699,,
05895,2013,73.2001,,
05895,2014,76.7385,,
05895,2015,100,,
08001,2011,36.2915,,
08001,2012,95.3269,,
08001,2013,95.3269,,
08001,2014,95.3196,,
08001,2015,95.3196,,
08078,2011,100,,
08078,2012,97.1415,,
08078,2013,97.1415,,
08078,2014,97.1342,,
08078,2015,97.1342,,
08137,2011,100,,
08137,2012,100,,
08137,2013,100,,
08137,2014,100,,
08137,2015,100,,
08141,2011,100,,
08141,2012,100,,
08141,2013,100,,
08141,2014,100,,
08141,2015,100,,
08296,2011,100,,
08296,2012,75.8599,,
08296,2013,75.8599,,
08296,2014,75.8465,,
08296,2015,75.8465,,
08372,2011,100,,
08372,2012,78.6007,,
08372,2013,78.6007,,
08372,2014,78.6026,,
08372,2015,78.6026,,
08421,2011,100,,
08421,2012,80.8997,,
08421,2013,80.8997,,
08421,2014,80.8901,,
08421,2015,80.8901,,
08433,2011,100,,
08433,2012,67.1502,,
08433,2013,67.1502,,
08433,2014,67.1662,,
08433,2015,67.1662,,
08436,2011,100,,
08436,2012,79.5623,,
08436,2013,79.5623,,
08436,2014,79.4805,,
08436,2015,79.4805,,
08520,2011,100,,
08520,2012,91.1697,,
08520,2013,91.1697,,
08520,2014,90.9091,,
08520,2015,90.9091,,
08549,2011,100,,
08549,2012,98.0371,,
08549,2013,98.0371,,
08549,2014,98.0469,,
08549,2015,98.0469,,
08558,2011,100,,
08558,2012,100,,
08558,2013,100,,
08558,2014,100,,
08558,2015,100,,
08560,2011,100,,
08560,2012,92.1215,,
08560,2013,92.1215,,
08560,2014,92.1092,,
08560,2015,92.1092,,
08573,2011,100,,
08573,2012,100,,
08573,2013,100,,
08573,2014,100,,
08573,2015,100,,
08606,2011,100,,
08606,2012,79.976,,
08606,2013,79.976,,
08606,2014,80,,
08606,2015,80,,
08634,2011,100,,
08634,2012,83.8463,,
08634,2013,83.8463,,
08634,2014,84.0136,,
08634,2015,84.0136,,
08638,2011,100,,
08638,2012,83.7465,,
08638,2013,83.7465,,
08638,2014,83.7513,,
08638,2015,83.7513,,
08675,2011,91.3679,,
08675,2012,76.5388,,
08675,2013,76.5388,,
08675,2014,76.6497,,
08675,2015,76.6497,,
08685,2011,100,,
08685,2012,64.0669,,
08685,2013,64.0669,,
08685,2014,64.0704,,
08685,2015,64.0704,,
08758,2011,100,,
08758,2012,81.6692,,
08758,2013,81.6692,,
08758,2014,81.6216,,
08758,2015,81.6216,,
08770,2011,100,,
08770,2012,100,,
08770,2013,100,,
08770,2014,100,,
08770,2015,100,,
08832,2011,100,,
08832,2012,96.3837,,
08832,2013,96.3837,,
08832,2014,96.3685,,
08832,2015,96.3685,,
08849,2011,100,,
08849,2012,84.126,,
08849,2013,84.126,,
08849,2014,83.9357,,
08849,2015,83.9357,,
11001,2011,0,,
11001,2012,99.0255,,
11001,2013,99.0255,,
11001,2014,99.7818,,
11001,2015,100,,
13001,2011,79.6458,,
13001,2012,100,,
13001,2013,100,,
13001,2014,100,,
13001,2015,100,,
13006,2011,44.797,,
13006,2012,43.4279,,
13006,2013,43.4279,,
13006,2014,43.4368,,
13006,2015,43.4368,,
13030,2011,69.1162,,
13030,2012,54.9482,,
13030,2013,54.9482,,
13030,2014,54.943,,
13030,2015,54.943,,
13042,2011,75.5346,,
13042,2012,25.2652,,
13042,2013,25.2652,,
13042,2014,25.2587,,
13042,2015,25.2587,,
13052,2011,92.1173,,
13052,2012,97.7574,,
13052,2013,97.7574,,
13052,2014,97.7513,,
13052,2015,97.7513,,
13062,2011,84.887,,
13062,2012,81.7865,,
13062,2013,81.7865,,
13062,2014,81.8323,,
13062,2015,81.8323,,
13074,2011,75.4012,,
13074,2012,62.8014,,
13074,2013,52.0088,,
13074,2014,52.0088,,
13074,2015,52.0088,,
13140,2011,98.7711,,
13140,2012,97.4345,,
13140,2013,97.4345,,
13140,2014,97.4194,,
13140,2015,97.4194,,
13160,2011,41.9324,,
13160,2012,1.1327,,
13160,2013,1.3754,,
13160,2014,100,,
13160,2015,100,,
13188,2011,99.7194,,
13188,2012,80.0389,,
13188,2013,75.1111,,
13188,2014,75.1111,,
13188,2015,75.1111,,
13212,2011,100,,
13212,2012,100,,
13212,2013,81.5795,,
13212,2014,81.5964,,
13212,2015,81.5964,,
13222,2011,96.3231,,
13222,2012,94.7056,,
13222,2013,94.7056,,
13222,2014,94.7137,,
13222,2015,94.7137,,
13244,2011,95.0381,,
13244,2012,83.1177,,
13244,2013,83.1177,,
13244,2014,83.1073,,
13244,2015,83.1073,,
13248,2011,99.7121,,
13248,2012,100,,
13248,2013,100,,
13248,2014,100,,
13248,2015,100,,
13268,2011,79.025,,
13268,2012,75.3141,,
13268,2013,60.8205,,
13268,2014,60.8205,,
13268,2015,60.8205,,
13300,2011,99.4017,,
13300,2012,90.5435,,
13300,2013,76.9641,,
13300,2014,76.9641,,
13300,2015,76.9641,,
13430,2011,99.4666,,
13430,2012,94.1374,,
13430,2013,99.3043,,
13430,2014,99.3043,,
13430,2015,99.3043,,
13433,2011,98.1093,,
13433,2012,92.2184,,
13433,2013,92.2184,,
13433,2014,92.2172,,
13433,2015,92.2172,,
13440,2011,87.0068,,
13440,2012,93.3159,,
13440,2013,78.9916,,
13440,2014,78.9916,,
13440,2015,78.9916,,
13442,2011,98.8923,,
13442,2012,81.6013,,
13442,2013,81.6013,,
13442,2014,81.6028,,
13442,2015,81.6028,,
13458,2011,34.1815,,
13458,2012,34.6531,,
13458,2013,34.6531,,
13458,2014,34.6797,,
13458,2015,34.6797,,
13468,2011,98.5011,,
13468,2012,98.2962,,
13468,2013,98.2962,,
13468,2014,98.2992,,
13468,2015,98.2992,,
13473,2011,98.6462,,
13473,2012,27.6138,,
13473,2013,41.959,,
13473,2014,41.959,,
13473,2015,41.959,,
13490,2011,0,,
13490,2012,93.4231,,
13490,2013,93.4231,,
13490,2014,93.3649,,
13490,2015,93.3649,,
13549,2011,78.9914,,
13549,2012,82.7496,,
13549,2013,73.8408,,
13549,2014,73.8408,,
13549,2015,73.8408,,
13580,2011,89.6821,,
13580,2012,100,,
13580,2013,100,,
13580,2014,99.9574,,
13580,2015,99.9574,,
13600,2011,97.0816,,
13600,2012,60.4001,,
13600,2013,60.4001,,
13600,2014,60.411,,
13600,2015,60.411,,
13620,2011,96.9527,,
13620,2012,92.9376,,
13620,2013,92.9376,,
13620,2014,92.8302,,
13620,2015,92.8302,,
13647,2011,97.7583,,
13647,2012,100,,
13647,2013,100,,
13647,2014,100,,
13647,2015,100,,
13650,2011,86.688,,
13650,2012,73.2727,,
13650,2013,65.0513,,
13650,2014,65.0513,,
13650,2015,65.0513,,
13654,2011,100,,
13654,2012,92.5853,,
13654,2013,93.6908,,
13654,2014,45.6923,,
13654,2015,45.6923,,
13655,2011,45.3981,,
13655,2012,18.5397,,
13655,2013,18.5397,,
13655,2014,18.5345,,
13655,2015,18.5345,,
13657,2011,92.6403,,
13657,2012,92.501,,
13657,2013,85.7066,,
13657,2014,85.7066,,
13657,2015,85.7066,,
13667,2011,85.9303,,
13667,2012,81.429,,
13667,2013,81.429,,
13667,2014,81.4164,,
13667,2015,81.4164,,
13670,2011,84.0133,,
13670,2012,32.6837,,
13670,2013,39.4139,,
13670,2014,25.8017,,
13670,2015,95.8066,,
13673,2011,98.5046,,
13673,2012,100,,
13673,2013,100,,
13673,2014,100,,
13673,2015,100,,
13683,2011,75.4179,,
13683,2012,63.1191,,
13683,2013,63.1191,,
13683,2014,63.1197,,
13683,2015,63.1197,,
13688,2011,48.2687,,
13688,2012,44.1529,,
13688,2013,44.1529,,
13688,2014,44.1445,,
13688,2015,44.1445,,
13744,2011,98.2038,,
13744,2012,45.6296,,
13744,2013,45.6296,,
13744,2014,45.6373,,
13744,2015,45.6373,,
13760,2011,92.3679,,
13760,2012,93.6885,,
13760,2013,93.6885,,
13760,2014,92.8571,,
13760,2015,92.8571,,
13780,2011,99.489,,
13780,2012,91.4286,,
13780,2013,90.5485,,
13780,2014,90.5485,,
13780,2015,90.5485,,
13810,2011,43.5108,,
13810,2012,59.6685,,
13810,2013,59.6685,,
13810,2014,59.6736,,
13810,2015,59.6736,,
13836,2011,84.9705,,
13836,2012,100,,
13836,2013,100,,
13836,2014,100,,
13836,2015,100,,
13838,2011,89.1958,,
13838,2012,100,,
13838,2013,100,,
13838,2014,100,,
13838,2015,100,,
13873,2011,98.8955,,
13873,2012,100,,
13873,2013,100,,
13873,2014,100,,
13873,2015,100,,
13894,2011,83.7495,,
13894,2012,82.3462,,
13894,2013,82.3462,,
13894,2014,82.2811,,
13894,2015,82.2811,,
15001,2011,100,,
15001,2012,100,,
15001,2013,100,,
15001,2014,100,,
15001,2015,100,,
15022,2011,93.864,,
15022,2012,100,,
15022,2013,100,,
15022,2014,100,,
15022,2015,100,,
15047,2011,99.583,,
15047,2012,100,,
15047,2013,100,,
15047,2014,100,,
15047,2015,100,,
15051,2011,97.7215,,
15051,2012,100,,
15051,2013,100,,
15051,2014,100,,
15051,2015,100,,
15087,2011,89.237,,
15087,2012,89.9949,,
15087,2013,90.8034,,
15087,2014,90.7529,,
15087,2015,96.0081,,
15090,2011,97.4359,,
15090,2012,100,,
15090,2013,100,,
15090,2014,100,,
15090,2015,100,,
15092,2011,83.9945,,
15092,2012,92.3393,,
15092,2013,93.4337,,
15092,2014,93.9809,,
15092,2015,98.3584,,
15097,2011,100,,
15097,2012,100,,
15097,2013,100,,
15097,2014,100,,
15097,2015,100,,
15104,2011,100,,
15104,2012,100,,
15104,2013,100,,
15104,2014,100,,
15104,2015,100,,
15106,2011,100,,
15106,2012,100,,
15106,2013,98.9521,,
15106,2014,99.8503,,
15106,2015,100,,
15109,2011,100,,
15109,2012,100,,
15109,2013,100,,
15109,2014,100,,
15109,2015,100,,
15114,2011,96.6102,,
15114,2012,93.4959,,
15114,2013,93.4959,,
15114,2014,92.6829,,
15114,2015,100,,
15131,2011,100,,
15131,2012,100,,
15131,2013,100,,
15131,2014,99.6143,,
15131,2015,97.4928,,
15135,2011,86.3057,,
15135,2012,87.155,,
15135,2013,93.8429,,
15135,2014,95.1168,,
15135,2015,97.6645,,
15162,2011,89.3723,,
15162,2012,90.5849,,
15162,2013,90.8702,,
15162,2014,91.1555,,
15162,2015,95.5777,,
15172,2011,95.8163,,
15172,2012,96.1225,,
15172,2013,100,,
15172,2014,100,,
15172,2015,100,,
15176,2011,100,,
15176,2012,93.019,,
15176,2013,95.3216,,
15176,2014,76.1782,,
15176,2015,79.463,,
15180,2011,99.2098,,
15180,2012,100,,
15180,2013,100,,
15180,2014,99.3421,,
15180,2015,100,,
15183,2011,92.033,,
15183,2012,76.5336,,
15183,2013,77.8098,,
15183,2014,78.7567,,
15183,2015,82.9559,,
15185,2011,86.5782,,
15185,2012,90.2655,,
15185,2013,92.9204,,
15185,2014,95.059,,
15185,2015,100,,
15187,2011,69.6138,,
15187,2012,100,,
15187,2013,100,,
15187,2014,100,,
15187,2015,100,,
15189,2011,100,,
15189,2012,100,,
15189,2013,100,,
15189,2014,100,,
15189,2015,100,,
15204,2011,92.7752,,
15204,2012,100,,
15204,2013,100,,
15204,2014,100,,
15204,2015,100,,
15212,2011,100,,
15212,2012,88.3074,,
15212,2013,89.2069,,
15212,2014,69.4958,,
15212,2015,71.2827,,
15215,2011,88.7821,,
15215,2012,89.1026,,
15215,2013,89.7436,,
15215,2014,90.7051,,
15215,2015,100,,
15218,2011,98.5577,,
15218,2012,76.3255,,
15218,2013,78.4217,,
15218,2014,78.9149,,
15218,2015,93.3416,,
15223,2011,33.7634,,
15223,2012,41.2829,,
15223,2013,46.875,,
15223,2014,48.3553,,
15223,2015,51.9737,,
15224,2011,100,,
15224,2012,100,,
15224,2013,100,,
15224,2014,100,,
15224,2015,100,,
15226,2011,86.5815,,
15226,2012,90.0958,,
15226,2013,91.853,,
15226,2014,95.2077,,
15226,2015,100,,
15232,2011,97.7742,,
15232,2012,100,,
15232,2013,100,,
15232,2014,100,,
15232,2015,100,,
15236,2011,93.0337,,
15236,2012,82.9213,,
15236,2013,85.618,,
15236,2014,84.7191,,
15236,2015,90.5618,,
15238,2011,100,,
15238,2012,100,,
15238,2013,100,,
15238,2014,100,,
15238,2015,100,,
15244,2011,89.0578,,
15244,2012,89.6657,,
15244,2013,89.2604,,
15244,2014,89.9696,,
15244,2015,93.8197,,
15248,2011,100,,
15248,2012,100,,
15248,2013,100,,
15248,2014,99.6992,,
15248,2015,100,,
15272,2011,98.8958,,
15272,2012,100,,
15272,2013,100,,
15272,2014,92.5704,,
15272,2015,100,,
15276,2011,93.246,,
15276,2012,97.2782,,
15276,2013,98.4879,,
15276,2014,98.6895,,
15276,2015,100,,
15293,2011,100,,
15293,2012,100,,
15293,2013,100,,
15293,2014,100,,
15293,2015,100,,
15296,2011,90.1625,,
15296,2012,92.7288,,
15296,2013,100,,
15296,2014,100,,
15296,2015,100,,
15299,2011,91.3613,,
15299,2012,91.6754,,
15299,2013,92.8796,,
15299,2014,94.5026,,
15299,2015,99.3717,,
15317,2011,95.6672,,
15317,2012,95.8406,,
15317,2013,96.8804,,
15317,2014,99.4801,,
15317,2015,100,,
15322,2011,90.6925,,
15322,2012,86.7461,,
15322,2013,88.6076,,
15322,2014,90.6925,,
15322,2015,95.9047,,
15325,2011,73.1348,,
15325,2012,82.8552,,
15325,2013,84.7678,,
15325,2014,85.8607,,
15325,2015,88.7295,,
15332,2011,72.2323,,
15332,2012,66.6667,,
15332,2013,66.9148,,
15332,2014,67.0802,,
15332,2015,69.8925,,
15362,2011,93.2258,,
15362,2012,99.0323,,
15362,2013,100,,
15362,2014,100,,
15362,2015,100,,
15367,2011,83.0221,,
15367,2012,84.0832,,
15367,2013,86.2903,,
15367,2014,88.2003,,
15367,2015,91.6808,,
15368,2011,95.2074,,
15368,2012,95.4839,,
15368,2013,94.0092,,
15368,2014,91.3364,,
15368,2015,100,,
15377,2011,47.7058,,
15377,2012,19.9194,,
15377,2013,19.3386,,
15377,2014,19.7699,,
15377,2015,29.619,,
15380,2011,91.0047,,
15380,2012,91.8224,,
15380,2013,92.4065,,
15380,2014,92.1857,,
15380,2015,95.2435,,
15401,2011,92.8287,,
15401,2012,100,,
15401,2013,100,,
15401,2014,26.2458,,
15401,2015,25.8029,,
15403,2011,87.4752,,
15403,2012,22.7634,,
15403,2013,91.8489,,
15403,2014,91.7495,,
15403,2015,95.2286,,
15407,2011,100,,
15407,2012,100,,
15407,2013,100,,
15407,2014,100,,
15407,2015,100,,
15425,2011,100,,
15425,2012,100,,
15425,2013,100,,
15425,2014,100,,
15425,2015,100,,
15442,2011,87.7416,,
15442,2012,94.5334,,
15442,2013,93.4843,,
15442,2014,85.0359,,
15442,2015,86.6924,,
15455,2011,91.4214,,
15455,2012,92.6738,,
15455,2013,100,,
15455,2014,100,,
15455,2015,100,,
15464,2011,72.1099,,
15464,2012,79.5473,,
15464,2013,80.7599,,
15464,2014,80.5174,,
15464,2015,84.0744,,
15466,2011,82.4176,,
15466,2012,84.4156,,
15466,2013,86.8132,,
15466,2014,88.1119,,
15466,2015,92.7073,,
15469,2011,100,,
15469,2012,100,,
15469,2013,100,,
15469,2014,100,,
15469,2015,100,,
15476,2011,95.9609,,
15476,2012,100,,
15476,2013,100,,
15476,2014,100,,
15476,2015,100,,
15480,2011,86.4629,,
15480,2012,86.1848,,
15480,2013,82.8911,,
15480,2014,75.8463,,
15480,2015,77.3102,,
15491,2011,93.3404,,
15491,2012,96.0043,,
15491,2013,98.8812,,
15491,2014,98.9005,,
15491,2015,100,,
15494,2011,99.6016,,
15494,2012,100,,
15494,2013,100,,
15494,2014,100,,
15494,2015,100,,
15500,2011,97.9508,,
15500,2012,100,,
15500,2013,100,,
15500,2014,100,,
15500,2015,100,,
15507,2011,66.8418,,
15507,2012,100,,
15507,2013,100,,
15507,2014,100,,
15507,2015,100,,
15511,2011,90.868,,
15511,2012,90.2351,,
15511,2013,91.8626,,
15511,2014,93.2188,,
15511,2015,96.5642,,
15514,2011,96.729,,
15514,2012,97.6636,,
15514,2013,100,,
15514,2014,99.7072,,
15514,2015,100,,
15516,2011,100,,
15516,2012,100,,
15516,2013,100,,
15516,2014,99.858,,
15516,2015,100,,
15518,2011,83.0084,,
15518,2012,87.4652,,
15518,2013,89.9721,,
15518,2014,89.6936,,
15518,2015,100,,
15522,2011,95.5752,,
15522,2012,96.6814,,
15522,2013,99.7788,,
15522,2014,99.5624,,
15522,2015,100,,
15531,2011,79.6474,,
15531,2012,80.8272,,
15531,2013,80.6326,,
15531,2014,81.1192,,
15531,2015,83.601,,
15533,2011,6.2987,,
15533,2012,7.7307,,
15533,2013,8.4788,,
15533,2014,8.7282,,
15533,2015,10.2244,,
15537,2011,93.9394,,
15537,2012,95.2978,,
15537,2013,96.0293,,
15537,2014,95.8203,,
15537,2015,100,,
15542,2011,81.6765,,
15542,2012,83.572,,
15542,2013,83.6154,,
15542,2014,84.0281,,
15542,2015,87.7837,,
15550,2011,0.4651,,
15550,2012,0.3436,,
15550,2013,0.3436,,
15550,2014,0,,
15550,2015,0,,
15572,2011,0,,
15572,2012,0,,
15572,2013,0,,
15572,2014,87.3282,,
15572,2015,95.2779,,
15580,2011,75.3484,,
15580,2012,69.3979,,
15580,2013,69.8324,,
15580,2014,57.6152,,
15580,2015,64.0108,,
15599,2011,95.8262,,
15599,2012,89.4378,,
15599,2013,89.5977,,
15599,2014,89.6539,,
15599,2015,92.9718,,
15600,2011,87.7374,,
15600,2012,82.1517,,
15600,2013,90.0347,,
15600,2014,64.5578,,
15600,2015,67.0744,,
15621,2011,98.4263,,
15621,2012,100,,
15621,2013,100,,
15621,2014,100,,
15621,2015,100,,
15632,2011,97.0918,,
15632,2012,100,,
15632,2013,100,,
15632,2014,100,,
15632,2015,100,,
15638,2011,100,,
15638,2012,100,,
15638,2013,100,,
15638,2014,100,,
15638,2015,100,,
15646,2011,94.3931,,
15646,2012,100,,
15646,2013,100,,
15646,2014,100,,
15646,2015,100,,
15660,2011,78.8831,,
15660,2012,100,,
15660,2013,100,,
15660,2014,100,,
15660,2015,100,,
15664,2011,96.9121,,
15664,2012,100,,
15664,2013,100,,
15664,2014,100,,
15664,2015,100,,
15667,2011,44.6637,,
15667,2012,51.2821,,
15667,2013,100,,
15667,2014,100,,
15667,2015,100,,
15673,2011,86.4099,,
15673,2012,87.4273,,
15673,2013,88.9535,,
15673,2014,89.1715,,
15673,2015,94.186,,
15676,2011,93.9345,,
15676,2012,96.929,,
15676,2013,100,,
15676,2014,97.9869,,
15676,2015,50.9831,,
15681,2011,56.8567,,
15681,2012,89.5257,,
15681,2013,100,,
15681,2014,93.4673,,
15681,2015,98.4207,,
15686,2011,95.91,,
15686,2012,100,,
15686,2013,100,,
15686,2014,100,,
15686,2015,100,,
15690,2011,85.2006,,
15690,2012,84.2324,,
15690,2013,85.6155,,
15690,2014,86.4454,,
15690,2015,91.148,,
15693,2011,90.2981,,
15693,2012,91.5254,,
15693,2013,93.2203,,
15693,2014,93.1034,,
15693,2015,100,,
15696,2011,95.1219,,
15696,2012,99.5483,,
15696,2013,100,,
15696,2014,100,,
15696,2015,100,,
15720,2011,85.6993,,
15720,2012,85.489,,
15720,2013,87.0662,,
15720,2014,87.4869,,
15720,2015,92.7445,,
15723,2011,98.5916,,
15723,2012,100,,
15723,2013,100,,
15723,2014,100,,
15723,2015,100,,
15740,2011,95.9459,,
15740,2012,99.4054,,
15740,2013,88.8252,,
15740,2014,87.7176,,
15740,2015,90.3529,,
15753,2011,97.2897,,
15753,2012,100,,
15753,2013,100,,
15753,2014,100,,
15753,2015,100,,
15755,2011,95.2108,,
15755,2012,84.3314,,
15755,2013,87.4381,,
15755,2014,87.0329,,
15755,2015,96.5781,,
15757,2011,90.9639,,
15757,2012,95.256,,
15757,2013,99.5482,,
15757,2014,100,,
15757,2015,100,,
15759,2011,88.0582,,
15759,2012,84.9628,,
15759,2013,86.5697,,
15759,2014,86.9756,,
15759,2015,95.5683,,
15761,2011,93.4783,,
15761,2012,92.3913,,
15761,2013,93.1159,,
15761,2014,94.0217,,
15761,2015,97.4638,,
15762,2011,100,,
15762,2012,100,,
15762,2013,100,,
15762,2014,100,,
15762,2015,100,,
15763,2011,90.0965,,
15763,2012,92.8242,,
15763,2013,96.0134,,
15763,2014,97.0625,,
15763,2015,100,,
15764,2011,85.9147,,
15764,2012,88.72,,
15764,2013,89.8305,,
15764,2014,90.3565,,
15764,2015,94.5061,,
15774,2011,97.0488,,
15774,2012,100,,
15774,2013,100,,
15774,2014,100,,
15774,2015,100,,
15776,2011,92.3028,,
15776,2012,95.5741,,
15776,2013,100,,
15776,2014,100,,
15776,2015,100,,
15778,2011,90.4241,,
15778,2012,90.4925,,
15778,2013,90.3557,,
15778,2014,91.1765,,
15778,2015,94.3912,,
15790,2011,93.0061,,
15790,2012,100,,
15790,2013,100,,
15790,2014,100,,
15790,2015,100,,
15798,2011,100,,
15798,2012,100,,
15798,2013,100,,
15798,2014,100,,
15798,2015,100,,
15804,2011,94.7812,,
15804,2012,96.7188,,
15804,2013,98.9375,,
15804,2014,100,,
15804,2015,100,,
15806,2011,99.9589,,
15806,2012,100,,
15806,2013,100,,
15806,2014,100,,
15806,2015,100,,
15808,2011,99.2268,,
15808,2012,100,,
15808,2013,99.5429,,
15808,2014,100,,
15808,2015,100,,
15810,2011,97.0819,,
15810,2012,98.9899,,
15810,2013,100,,
15810,2014,100,,
15810,2015,100,,
15814,2011,99.419,,
15814,2012,100,,
15814,2013,100,,
15814,2014,100,,
15814,2015,100,,
15816,2011,96.1409,,
15816,2012,100,,
15816,2013,100,,
15816,2014,100,,
15816,2015,100,,
15820,2011,96.0432,,
15820,2012,100,,
15820,2013,100,,
15820,2014,100,,
15820,2015,100,,
15822,2011,98.1754,,
15822,2012,100,,
15822,2013,100,,
15822,2014,100,,
15822,2015,100,,
15832,2011,75.2674,,
15832,2012,100,,
15832,2013,100,,
15832,2014,99.4805,,
15832,2015,100,,
15835,2011,98.5014,,
15835,2012,100,,
15835,2013,100,,
15835,2014,100,,
15835,2015,100,,
15837,2011,96.2038,,
15837,2012,100,,
15837,2013,100,,
15837,2014,100,,
15837,2015,100,,
15839,2011,95.1444,,
15839,2012,96.3255,,
15839,2013,98.0315,,
15839,2014,98.0315,,
15839,2015,100,,
15842,2011,100,,
15842,2012,100,,
15842,2013,100,,
15842,2014,100,,
15842,2015,100,,
15861,2011,100,,
15861,2012,100,,
15861,2013,100,,
15861,2014,100,,
15861,2015,100,,
15879,2011,76.6885,,
15879,2012,79.7386,,
15879,2013,80.9005,,
15879,2014,81.0458,,
15879,2015,83.5875,,
15897,2011,88.1381,,
15897,2012,90.991,,
15897,2013,92.9429,,
15897,2014,93.7688,,
15897,2015,97.6727,,
17001,2011,99.6609,,
17001,2012,99.6553,,
17001,2013,99.7003,,
17001,2014,99.8541,,
17001,2015,100,,
17013,2011,88.5072,,
17013,2012,95.0719,,
17013,2013,95.7906,,
17013,2014,97.8067,,
17013,2015,99.3879,,
17042,2011,93.7199,,
17042,2012,97.3587,,
17042,2013,97.5556,,
17042,2014,99.8912,,
17042,2015,100,,
17050,2011,97.4541,,
17050,2012,99.6193,,
17050,2013,99.6616,,
17050,2014,99.8713,,
17050,2015,98.9275,,
17088,2011,96.7971,,
17088,2012,97.7901,,
17088,2013,98.7293,,
17088,2014,99.9452,,
17088,2015,100,,
17174,2011,99.6243,,
17174,2012,99.7163,,
17174,2013,99.7163,,
17174,2014,100,,
17174,2015,100,,
17272,2011,92.3398,,
17272,2012,98.3698,,
17272,2013,99.1616,,
17272,2014,99.8592,,
17272,2015,100,,
17380,2011,97.1232,,
17380,2012,95.0935,,
17380,2013,94.9271,,
17380,2014,97.7873,,
17380,2015,98.7707,,
17388,2011,88.3446,,
17388,2012,96.0217,,
17388,2013,97.0163,,
17388,2014,98.913,,
17388,2015,100,,
17433,2011,95.6099,,
17433,2012,98.9218,,
17433,2013,99.434,,
17433,2014,99.2271,,
17433,2015,99.9733,,
17442,2011,96.4345,,
17442,2012,98.6771,,
17442,2013,99.4016,,
17442,2014,99.946,,
17442,2015,100,,
17444,2011,88.708,,
17444,2012,98.1744,,
17444,2013,98.6592,,
17444,2014,99.5536,,
17444,2015,100,,
17446,2011,98.8998,,
17446,2012,92.7752,,
17446,2013,98.1651,,
17446,2014,99.4253,,
17446,2015,100,,
17486,2011,96.5743,,
17486,2012,97.9943,,
17486,2013,98.3763,,
17486,2014,99.4591,,
17486,2015,100,,
17495,2011,52.0576,,
17495,2012,83.7956,,
17495,2013,82.9726,,
17495,2014,93.6937,,
17495,2015,98.0695,,
17513,2011,95.9834,,
17513,2012,99.3289,,
17513,2013,99.6114,,
17513,2014,100,,
17513,2015,100,,
17524,2011,99.6418,,
17524,2012,99.7171,,
17524,2013,99.7943,,
17524,2014,99.972,,
17524,2015,100,,
17541,2011,95.9091,,
17541,2012,98.3273,,
17541,2013,98.4727,,
17541,2014,98.8761,,
17541,2015,100,,
17614,2011,98.3258,,
17614,2012,98.3005,,
17614,2013,98.9299,,
17614,2014,99.4137,,
17614,2015,100,,
17616,2011,92.8412,,
17616,2012,98.6807,,
17616,2013,98.6807,,
17616,2014,99.553,,
17616,2015,93.6522,,
17653,2011,92.9905,,
17653,2012,97.3377,,
17653,2013,97.3377,,
17653,2014,98.206,,
17653,2015,99.2106,,
17662,2011,82.7865,,
17662,2012,91.8776,,
17662,2013,94.015,,
17662,2014,97.4811,,
17662,2015,100,,
17665,2011,96.4671,,
17665,2012,99.0283,,
17665,2013,99.0283,,
17665,2014,99.9144,,
17665,2015,100,,
17777,2011,95.0677,,
17777,2012,98.4483,,
17777,2013,99.0512,,
17777,2014,99.9551,,
17777,2015,100,,
17867,2011,93.0567,,
17867,2012,95.4959,,
17867,2013,96.3636,,
17867,2014,98.7431,,
17867,2015,100,,
17873,2011,96.2177,,
17873,2012,96.9976,,
17873,2013,97.4877,,
17873,2014,97.6581,,
17873,2015,99.1803,,
17877,2011,100,,
17877,2012,100,,
17877,2013,99.8885,,
17877,2014,100,,
17877,2015,100,,
18001,2011,76.6071,,
18001,2012,100,,
18001,2013,100,,
18001,2014,100,,
18001,2015,100,,
18029,2011,53.0504,,
18029,2012,34.7235,,
18029,2013,40.1664,,
18029,2014,50.4986,,
18029,2015,56.301,,
18094,2011,98.7655,,
18094,2012,100,,
18094,2013,100,,
18094,2014,50.3484,,
18094,2015,55.2265,,
18150,2011,59.4065,,
18150,2012,73.7716,,
18150,2013,73.822,,
18150,2014,60.9482,,
18150,2015,74.6543,,
18205,2011,82.0704,,
18205,2012,100,,
18205,2013,84.6483,,
18205,2014,25.6773,,
18205,2015,26.5018,,
18247,2011,75.6695,,
18247,2012,43.2711,,
18247,2013,43.8555,,
18247,2014,45.2849,,
18247,2015,46.5619,,
18256,2011,69.4219,,
18256,2012,70.349,,
18256,2013,97.1459,,
18256,2014,98.1735,,
18256,2015,95.9556,,
18410,2011,67.923,,
18410,2012,69.6367,,
18410,2013,75.2804,,
18410,2014,64.6248,,
18410,2015,66.6156,,
18460,2011,75.1755,,
18460,2012,85.5902,,
18460,2013,88.7243,,
18460,2014,77.8049,,
18460,2015,81.7073,,
18479,2011,94.2771,,
18479,2012,79.9043,,
18479,2013,85.29,,
18479,2014,83.0144,,
18479,2015,87.5598,,
18592,2011,90.8918,,
18592,2012,100,,
18592,2013,77.3512,,
18592,2014,40.3662,,
18592,2015,40.9948,,
18610,2011,57.4025,,
18610,2012,45.8126,,
18610,2013,46.5952,,
18610,2014,42.2363,,
18610,2015,46.1747,,
18753,2011,68.1001,,
18753,2012,89.4072,,
18753,2013,100,,
18753,2014,41.3196,,
18753,2015,57.2562,,
18756,2011,58.0411,,
18756,2012,38.0033,,
18756,2013,38.0033,,
18756,2014,100,,
18756,2015,100,,
18785,2011,64.7469,,
18785,2012,100,,
18785,2013,61.6718,,
18785,2014,13.3412,,
18785,2015,14.0496,,
18860,2011,79.1527,,
18860,2012,100,,
18860,2013,73.7947,,
18860,2014,8.0542,,
18860,2015,55.809,,
19001,2011,89.0795,,
19001,2012,98.7336,,
19001,2013,98.9465,,
19001,2014,99.2354,,
19001,2015,98.9634,,
19022,2011,77.825,,
19022,2012,78.6209,,
19022,2013,78.6047,,
19022,2014,79.1988,,
19022,2015,74.0011,,
19050,2011,71.782,,
19050,2012,62.7649,,
19050,2013,63.9226,,
19050,2014,65.3,,
19050,2015,65.3283,,
19075,2011,86.0761,,
19075,2012,83.3093,,
19075,2013,83.9298,,
19075,2014,85.7561,,
19075,2015,90.138,,
19100,2011,88.9593,,
19100,2012,72.8274,,
19100,2013,72.977,,
19100,2014,76.6693,,
19100,2015,82.7964,,
19110,2011,83.7428,,
19110,2012,80.5979,,
19110,2013,82.429,,
19110,2014,84.9939,,
19110,2015,83.1424,,
19130,2011,87.611,,
19130,2012,74.1054,,
19130,2013,74.4006,,
19130,2014,77.8333,,
19130,2015,81.3949,,
19137,2011,72.6034,,
19137,2012,50.9943,,
19137,2013,52.529,,
19137,2014,56.1639,,
19137,2015,72.1767,,
19142,2011,81.726,,
19142,2012,74.9069,,
19142,2013,76.5935,,
19142,2014,79.2124,,
19142,2015,86.6084,,
19212,2011,82.2363,,
19212,2012,77.373,,
19212,2013,76.3098,,
19212,2014,79.58,,
19212,2015,81.1135,,
19256,2011,93.8188,,
19256,2012,66.2697,,
19256,2013,72.4403,,
19256,2014,76.7651,,
19256,2015,80.158,,
19290,2011,76.9566,,
19290,2012,93.1772,,
19290,2013,93.412,,
19290,2014,93.5391,,
19290,2015,93.5391,,
19300,2011,96.5906,,
19300,2012,96.4818,,
19300,2013,96.5698,,
19300,2014,96.4985,,
19300,2015,96.3737,,
19318,2011,78.4187,,
19318,2012,100,,
19318,2013,94.8896,,
19318,2014,94.8896,,
19318,2015,94.8896,,
19355,2011,81.5335,,
19355,2012,71.3123,,
19355,2013,72.2175,,
19355,2014,72.6336,,
19355,2015,72.9736,,
19364,2011,58.9171,,
19364,2012,59.247,,
19364,2013,61.5935,,
19364,2014,64.1279,,
19364,2015,64.6924,,
19392,2011,80.2201,,
19392,2012,83.8332,,
19392,2013,84.8023,,
19392,2014,85.0016,,
19392,2015,85.2516,,
19397,2011,71.7556,,
19397,2012,82.8337,,
19397,2013,83.4694,,
19397,2014,83.7039,,
19397,2015,88.2872,,
19418,2011,66.7575,,
19418,2012,85.0562,,
19418,2013,85.8179,,
19418,2014,85.8179,,
19418,2015,85.8179,,
19450,2011,90.4372,,
19450,2012,71.275,,
19450,2013,71.7864,,
19450,2014,72.4514,,
19450,2015,72.8277,,
19455,2011,88.3073,,
19455,2012,87.8574,,
19455,2013,88.4737,,
19455,2014,88.7164,,
19455,2015,88.9303,,
19473,2011,96.9015,,
19473,2012,77.794,,
19473,2013,79.0456,,
19473,2014,80.8965,,
19473,2015,87.5633,,
19513,2011,99.7649,,
19513,2012,85.1852,,
19513,2013,85.6079,,
19513,2014,85.6524,,
19513,2015,83.7762,,
19517,2011,61.5563,,
19517,2012,58.4555,,
19517,2013,55.3985,,
19517,2014,58.2824,,
19517,2015,57.7471,,
19532,2011,78.4876,,
19532,2012,76.2527,,
19532,2013,76.2191,,
19532,2014,80.7084,,
19532,2015,79.7268,,
19533,2011,63.4188,,
19533,2012,33.1405,,
19533,2013,35.8678,,
19533,2014,37.5207,,
19533,2015,21.405,,
19548,2011,83.2713,,
19548,2012,89.9409,,
19548,2013,90.2634,,
19548,2014,90.5437,,
19548,2015,90.63,,
19573,2011,85.0045,,
19573,2012,97.3707,,
19573,2013,100,,
19573,2014,100,,
19573,2015,100,,
19585,2011,73.3653,,
19585,2012,92.4393,,
19585,2013,78.0155,,
19585,2014,79.3973,,
19585,2015,83.1136,,
19622,2011,89.1161,,
19622,2012,87.9265,,
19622,2013,88.5491,,
19622,2014,88.7961,,
19622,2015,88.9915,,
19693,2011,92.6312,,
19693,2012,81.6557,,
19693,2013,81.8941,,
19693,2014,82.121,,
19693,2015,82.4272,,
19698,2011,72.0937,,
19698,2012,90.0649,,
19698,2013,85.4589,,
19698,2014,86.0272,,
19698,2015,85.2178,,
19701,2011,100,,
19701,2012,75.344,,
19701,2013,75.4005,,
19701,2014,66.9652,,
19701,2015,75.5959,,
19743,2011,98.8735,,
19743,2012,64.1049,,
19743,2013,64.9994,,
19743,2014,68.0636,,
19743,2015,71.0746,,
19760,2011,62.9767,,
19760,2012,82.5658,,
19760,2013,83.2492,,
19760,2014,83.5553,,
19760,2015,84.8364,,
19780,2011,74.285,,
19780,2012,65.3036,,
19780,2013,74.3553,,
19780,2014,84.7621,,
19780,2015,81.4449,,
19785,2011,70.214,,
19785,2012,71.3881,,
19785,2013,71.7719,,
19785,2014,72.4044,,
19785,2015,72.6287,,
19807,2011,83.6389,,
19807,2012,95.7949,,
19807,2013,96.0179,,
19807,2014,96.1504,,
19807,2015,95.9285,,
19809,2011,64.2992,,
19809,2012,100,,
19809,2013,99.246,,
19809,2014,99.246,,
19809,2015,99.246,,
19821,2011,80.5943,,
19821,2012,80.9969,,
19821,2013,79.6532,,
19821,2014,83.2675,,
19821,2015,83.7633,,
19824,2011,97.0213,,
19824,2012,74.9044,,
19824,2013,75.7549,,
19824,2014,76.4358,,
19824,2015,77.9664,,
19845,2011,100,,
19845,2012,95.1692,,
19845,2013,100,,
19845,2014,100,,
19845,2015,100,,
20001,2011,100,,
20001,2012,92.6277,,
20001,2013,92.6277,,
20001,2014,92.6296,,
20001,2015,92.6296,,
20011,2011,75.2668,,
20011,2012,98.7619,,
20011,2013,100,,
20011,2014,98.7605,,
20011,2015,100,,
20013,2011,100,,
20013,2012,62.5827,,
20013,2013,62.5827,,
20013,2014,62.5926,,
20013,2015,62.5926,,
20032,2011,99.0872,,
20032,2012,100,,
20032,2013,100,,
20032,2014,97.4865,,
20032,2015,97.4865,,
20045,2011,56.203,,
20045,2012,68.0357,,
20045,2013,68.0357,,
20045,2014,68.0328,,
20045,2015,68.0328,,
20060,2011,83.456,,
20060,2012,86.7519,,
20060,2013,86.7519,,
20060,2014,77.5758,,
20060,2015,77.5758,,
20175,2011,100,,
20175,2012,84.9458,,
20175,2013,84.9458,,
20175,2014,84.9495,,
20175,2015,84.9495,,
20178,2011,100,,
20178,2012,100,,
20178,2013,100,,
20178,2014,100,,
20178,2015,100,,
20228,2011,100,,
20228,2012,90.0071,,
20228,2013,90.0071,,
20228,2014,88.7176,,
20228,2015,88.7176,,
20238,2011,97.7711,,
20238,2012,79.4686,,
20238,2013,87.4233,,
20238,2014,87.4233,,
20238,2015,87.4233,,
20250,2011,84.5741,,
20250,2012,74.0804,,
20250,2013,74.0804,,
20250,2014,74.0866,,
20250,2015,74.0866,,
20295,2011,47.8667,,
20295,2012,87.8049,,
20295,2013,100,,
20295,2014,100,,
20295,2015,100,,
20310,2011,84.606,,
20310,2012,70.2247,,
20310,2013,100,,
20310,2014,100,,
20310,2015,100,,
20383,2011,23.5375,,
20383,2012,71.1376,,
20383,2013,71.1376,,
20383,2014,71.1527,,
20383,2015,71.1527,,
20400,2011,99.5102,,
20400,2012,76.0654,,
20400,2013,97.467,,
20400,2014,97.467,,
20400,2015,97.467,,
20443,2011,44.0625,,
20443,2012,23.8525,,
20443,2013,23.8525,,
20443,2014,23.8786,,
20443,2015,23.8786,,
20517,2011,82.1357,,
20517,2012,91.7164,,
20517,2013,91.7164,,
20517,2014,91.684,,
20517,2015,91.684,,
20550,2011,89.8992,,
20550,2012,35.5934,,
20550,2013,89.9031,,
20550,2014,89.9031,,
20550,2015,89.9031,,
20570,2011,45.1482,,
20570,2012,37.9627,,
20570,2013,37.9627,,
20570,2014,37.9718,,
20570,2015,37.9718,,
20614,2011,82.109,,
20614,2012,52.7278,,
20614,2013,51.2141,,
20614,2014,51.2141,,
20614,2015,74.3299,,
20621,2011,76.5103,,
20621,2012,82.3911,,
20621,2013,82.3911,,
20621,2014,82.3817,,
20621,2015,82.3816,,
20710,2011,87.1645,,
20710,2012,54.9365,,
20710,2013,61.7066,,
20710,2014,61.7066,,
20710,2015,100,,
20750,2011,100,,
20750,2012,100,,
20750,2013,100,,
20750,2014,100,,
20750,2015,100,,
20770,2011,98.8857,,
20770,2012,80.5366,,
20770,2013,89.8049,,
20770,2014,94.8421,,
20770,2015,100,,
20787,2011,80.251,,
20787,2012,71.6786,,
20787,2013,59.9879,,
20787,2014,59.9879,,
20787,2015,59.9879,,
23001,2011,100,,
23001,2012,100,,
23001,2013,100,,
23001,2014,96.6479,,
23001,2015,96.6479,,
23068,2011,78.03,,
23068,2012,85.3625,,
23068,2013,100,,
23068,2014,100,,
23068,2015,100,,
23079,2011,79.4638,,
23079,2012,71.1381,,
23079,2013,63.3257,,
23079,2014,63.3257,,
23079,2015,63.3257,,
23090,2011,81.5973,,
23090,2012,80.9059,,
23090,2013,80.9059,,
23090,2014,80.8961,,
23090,2015,80.8961,,
23162,2011,100,,
23162,2012,100,,
23162,2013,100,,
23162,2014,99.9889,,
23162,2015,99.9889,,
23168,2011,100,,
23168,2012,91.3496,,
23168,2013,91.3496,,
23168,2014,91.3314,,
23168,2015,91.3314,,
23182,2011,88.3107,,
23182,2012,87.1468,,
23182,2013,87.1468,,
23182,2014,87.1484,,
23182,2015,87.1484,,
23189,2011,85.9555,,
23189,2012,85.8871,,
23189,2013,85.8871,,
23189,2014,85.885,,
23189,2015,85.885,,
23300,2011,74.3232,,
23300,2012,93.0848,,
23300,2013,100,,
23300,2014,100,,
23300,2015,100,,
23350,2011,100,,
23350,2012,87.1572,,
23350,2013,100,,
23350,2014,100,,
23350,2015,100,,
23417,2011,100,,
23417,2012,100,,
23417,2013,100,,
23417,2014,99.9947,,
23417,2015,99.9947,,
23419,2011,77.6938,,
23419,2012,54.3311,,
23419,2013,100,,
23419,2014,100,,
23419,2015,100,,
23464,2011,100,,
23464,2012,100,,
23464,2013,100,,
23464,2014,100,,
23464,2015,100,,
23466,2011,100,,
23466,2012,100,,
23466,2013,100,,
23466,2014,100,,
23466,2015,100,,
23500,2011,58.0944,,
23500,2012,55.2865,,
23500,2013,55.2865,,
23500,2014,55.2749,,
23500,2015,55.2749,,
23555,2011,100,,
23555,2012,99.8551,,
23555,2013,100,,
23555,2014,100,,
23555,2015,100,,
23570,2011,54.8375,,
23570,2012,64.4275,,
23570,2013,64.4275,,
23570,2014,64.4302,,
23570,2015,64.4302,,
23574,2011,81.5665,,
23574,2012,61.8902,,
23574,2013,57.8936,,
23574,2014,57.8936,,
23574,2015,57.8936,,
23580,2011,100,,
23580,2012,82.3837,,
23580,2013,79.8529,,
23580,2014,79.8529,,
23580,2015,79.8529,,
23586,2011,100,,
23586,2012,100,,
23586,2013,87.2972,,
23586,2014,87.2642,,
23586,2015,87.2642,,
23660,2011,100,,
23660,2012,99.4485,,
23660,2013,86.1415,,
23660,2014,86.1355,,
23660,2015,86.1355,,
23670,2011,87.6996,,
23670,2012,52.8496,,
23670,2013,52.8496,,
23670,2014,52.8483,,
23670,2015,52.8483,,
23672,2011,100,,
23672,2012,100,,
23672,2013,100,,
23672,2014,100,,
23672,2015,100,,
23675,2011,86.3904,,
23675,2012,73.2068,,
23675,2013,73.2068,,
23675,2014,73.2084,,
23675,2015,73.2084,,
23678,2011,80.1787,,
23678,2012,87.1985,,
23678,2013,70.5615,,
23678,2014,70.5615,,
23678,2015,70.5615,,
23682,2011,63.9483,,
23682,2012,71.3943,,
23682,2013,66.7183,,
23682,2014,66.7183,,
23682,2015,66.7183,,
23686,2011,54.8089,,
23686,2012,62.1744,,
23686,2013,62.1744,,
23686,2014,62.1722,,
23686,2015,62.1722,,
23807,2011,9.9393,,
23807,2012,14.9049,,
23807,2013,14.9049,,
23807,2014,14.9004,,
23807,2015,14.9004,,
23815,2014,56.8975,,
23815,2015,56.8975,,
23855,2011,52.395,,
23855,2012,59.0964,,
23855,2013,59.0964,,
23855,2014,59.1039,,
23855,2015,59.1039,,
25001,2011,100,,
25001,2012,97.8362,,
25001,2013,100,,
25001,2014,98.7593,,
25001,2015,98.0149,,
25019,2011,100,,
25019,2012,98.9086,,
25019,2013,94.4065,,
25019,2014,98.5981,,
25019,2015,100,,
25035,2011,96.6611,,
25035,2012,97.9406,,
25035,2013,100,,
25035,2014,97.6434,,
25035,2015,100,,
25040,2011,100,,
25040,2012,98.5483,,
25040,2013,98.7675,,
25040,2014,98.1934,,
25040,2015,100,,
25053,2011,100,,
25053,2012,96.9709,,
25053,2013,100,,
25053,2014,97.4525,,
25053,2015,100,,
25086,2011,100,,
25086,2012,100,,
25086,2013,94.6512,,
25086,2014,99.5699,,
25086,2015,99.3548,,
25095,2011,100,,
25095,2012,99.3998,,
25095,2013,95.5582,,
25095,2014,88.0522,,
25095,2015,84.4378,,
25099,2011,100,,
25099,2012,97.956,,
25099,2013,100,,
25099,2014,97.422,,
25099,2015,100,,
25120,2011,100,,
25120,2012,96.875,,
25120,2013,99.8106,,
25120,2014,96.461,,
25120,2015,97.0054,,
25123,2011,100,,
25123,2012,98.4544,,
25123,2013,99.1757,,
25123,2014,97.7581,,
25123,2015,98.5988,,
25126,2011,100,,
25126,2012,100,,
25126,2013,100,,
25126,2014,100,,
25126,2015,100,,
25148,2011,64.0651,,
25148,2012,97.8723,,
25148,2013,94.4444,,
25148,2014,96.7762,,
25148,2015,96.4006,,
25151,2011,100,,
25151,2012,98.0505,,
25151,2013,100,,
25151,2014,98.2496,,
25151,2015,100,,
25154,2011,100,,
25154,2012,96.7767,,
25154,2013,100,,
25154,2014,99.4323,,
25154,2015,100,,
25168,2011,100,,
25168,2012,98.3355,,
25168,2013,99.0476,,
25168,2014,99.2231,,
25168,2015,99.889,,
25175,2011,87.4777,,
25175,2012,100,,
25175,2013,100,,
25175,2014,100,,
25175,2015,100,,
25178,2011,100,,
25178,2012,99.5431,,
25178,2013,92.1458,,
25178,2014,94.0137,,
25178,2015,97.2522,,
25181,2011,100,,
25181,2012,98.9073,,
25181,2013,89.4629,,
25181,2014,98.765,,
25181,2015,100,,
25183,2011,100,,
25183,2012,98.1084,,
25183,2013,98.974,,
25183,2014,98.6759,,
25183,2015,100,,
25200,2011,100,,
25200,2012,98.3578,,
25200,2013,100,,
25200,2014,99.4183,,
25200,2015,100,,
25214,2011,100,,
25214,2012,100,,
25214,2013,100,,
25214,2014,100,,
25214,2015,100,,
25224,2011,100,,
25224,2012,95.983,,
25224,2013,100,,
25224,2014,98.6437,,
25224,2015,100,,
25245,2011,100,,
25245,2012,97.9285,,
25245,2013,100,,
25245,2014,97.7466,,
25245,2015,100,,
25258,2011,95.6989,,
25258,2012,98.2906,,
25258,2013,93.7452,,
25258,2014,96.779,,
25258,2015,100,,
25260,2011,99.0025,,
25260,2012,98.6553,,
25260,2013,85.2263,,
25260,2014,96.929,,
25260,2015,99.7121,,
25269,2011,61.8386,,
25269,2012,98.5404,,
25269,2013,99.6667,,
25269,2014,98.3937,,
25269,2015,100,,
25279,2011,95.3865,,
25279,2012,97.8504,,
25279,2013,92.6108,,
25279,2014,97.8827,,
25279,2015,91.2459,,
25281,2011,100,,
25281,2012,98.1767,,
25281,2013,100,,
25281,2014,99.0272,,
25281,2015,99.0921,,
25286,2011,77.1429,,
25286,2012,100,,
25286,2013,100,,
25286,2014,100,,
25286,2015,100,,
25288,2011,100,,
25288,2012,97.5692,,
25288,2013,100,,
25288,2014,98.7751,,
25288,2015,100,,
25290,2011,84.2366,,
25290,2012,96.6163,,
25290,2013,100,,
25290,2014,97.1081,,
25290,2015,97.1196,,
25293,2011,50.9375,,
25293,2012,100,,
25293,2013,99.5893,,
25293,2014,97.996,,
25293,2015,99.3988,,
25295,2011,100,,
25295,2012,98.0249,,
25295,2013,100,,
25295,2014,99.5283,,
25295,2015,100,,
25297,2011,100,,
25297,2012,97.905,,
25297,2013,99.6633,,
25297,2014,97.7462,,
25297,2015,100,,
25299,2011,100,,
25299,2012,98.6532,,
25299,2013,98.6722,,
25299,2014,98.3987,,
25299,2015,98.9592,,
25307,2011,28.0201,,
25307,2012,97.9567,,
25307,2013,92.9087,,
25307,2014,97.0968,,
25307,2015,95.914,,
25312,2011,84.5396,,
25312,2012,98.9031,,
25312,2013,100,,
25312,2014,98.749,,
25312,2015,100,,
25317,2011,100,,
25317,2012,98.0731,,
25317,2013,100,,
25317,2014,99.1706,,
25317,2015,100,,
25320,2011,81.9978,,
25320,2012,95.9042,,
25320,2013,59.1002,,
25320,2014,97.5745,,
25320,2015,100,,
25322,2011,100,,
25322,2012,97.9013,,
25322,2013,100,,
25322,2014,99.2632,,
25322,2015,100,,
25324,2011,100,,
25324,2012,96.9283,,
25324,2013,97.8462,,
25324,2014,97.093,,
25324,2015,100,,
25326,2011,100,,
25326,2012,96.947,,
25326,2013,100,,
25326,2014,98.3735,,
25326,2015,100,,
25328,2011,100,,
25328,2012,98.1802,,
25328,2013,53.5869,,
25328,2014,98.4464,,
25328,2015,99.1823,,
25335,2011,100,,
25335,2012,97.766,,
25335,2013,99.6809,,
25335,2014,96.9473,,
25335,2015,100,,
25339,2011,100,,
25339,2012,99.2105,,
25339,2013,48.5294,,
25339,2014,99.6231,,
25339,2015,100,,
25368,2011,100,,
25368,2012,96.4602,,
25368,2013,96.587,,
25368,2014,98.0424,,
25368,2015,100,,
25372,2011,100,,
25372,2012,98.1109,,
25372,2013,100,,
25372,2014,98.6591,,
25372,2015,88.0322,,
25377,2011,100,,
25377,2012,100,,
25377,2013,100,,
25377,2014,100,,
25377,2015,100,,
25386,2011,100,,
25386,2012,97.5763,,
25386,2013,100,,
25386,2014,98.0009,,
25386,2015,99.3336,,
25394,2011,99.3558,,
25394,2012,98.2963,,
25394,2013,96.0277,,
25394,2014,96.5111,,
25394,2015,97.5986,,
25398,2011,77.4984,,
25398,2012,98.7361,,
25398,2013,87.7131,,
25398,2014,95.6848,,
25398,2015,84.9281,,
25402,2011,100,,
25402,2012,99.025,,
25402,2013,97.9201,,
25402,2014,97.9648,,
25402,2015,100,,
25407,2011,100,,
25407,2012,96.5617,,
25407,2013,100,,
25407,2014,99.0566,,
25407,2015,100,,
25426,2011,100,,
25426,2012,98.2317,,
25426,2013,99.0228,,
25426,2014,98.5641,,
25426,2015,100,,
25430,2011,80.197,,
25430,2012,100,,
25430,2013,100,,
25430,2014,100,,
25430,2015,100,,
25436,2011,100,,
25436,2012,98.1481,,
25436,2013,98.8757,,
25436,2014,98.1781,,
25436,2015,100,,
25438,2011,89.2772,,
25438,2012,97.5236,,
25438,2013,100,,
25438,2014,98.7179,,
25438,2015,99.2308,,
25473,2011,74.0113,,
25473,2012,100,,
25473,2013,100,,
25473,2014,100,,
25473,2015,100,,
25483,2011,100,,
25483,2012,93.1034,,
25483,2013,95.641,,
25483,2014,98.6111,,
25483,2015,100,,
25486,2011,100,,
25486,2012,98.1191,,
25486,2013,100,,
25486,2014,99.1968,,
25486,2015,100,,
25488,2011,97.2101,,
25488,2012,98.5923,,
25488,2013,100,,
25488,2014,98.5798,,
25488,2015,100,,
25489,2011,80.5439,,
25489,2012,98.762,,
25489,2013,98.6245,,
25489,2014,97.2277,,
25489,2015,86.1386,,
25491,2011,70.9759,,
25491,2012,99.4697,,
25491,2013,97.3485,,
25491,2014,97.9336,,
25491,2015,100,,
25506,2011,100,,
25506,2012,95.7055,,
25506,2013,98.6854,,
25506,2014,98.0752,,
25506,2015,95.8005,,
25513,2011,100,,
25513,2012,98.0379,,
25513,2013,99.3536,,
25513,2014,95.9983,,
25513,2015,98.0095,,
25518,2011,78.9426,,
25518,2012,99.4026,,
25518,2013,73.0367,,
25518,2014,95.8506,,
25518,2015,97.7178,,
25524,2011,99.2672,,
25524,2012,93.559,,
25524,2013,96.9447,,
25524,2014,96.8168,,
25524,2015,95.5745,,
25530,2011,99.3914,,
25530,2012,98.441,,
25530,2013,98.441,,
25530,2014,72.2547,,
25530,2015,76.0884,,
25535,2011,98.8724,,
25535,2012,98.4438,,
25535,2013,100,,
25535,2014,98.2257,,
25535,2015,100,,
25572,2011,100,,
25572,2012,99.3342,,
25572,2013,57.4633,,
25572,2014,98.9865,,
25572,2015,100,,
25580,2011,96.8351,,
25580,2012,98.5632,,
25580,2013,98.5896,,
25580,2014,99.1354,,
25580,2015,100,,
25592,2011,95.8444,,
25592,2012,98.5324,,
25592,2013,98.5324,,
25592,2014,97.5465,,
25592,2015,87.7323,,
25594,2011,100,,
25594,2012,98.5127,,
25594,2013,68.4429,,
25594,2014,96.9123,,
25594,2015,96.6316,,
25596,2011,100,,
25596,2012,97.2287,,
25596,2013,99.8121,,
25596,2014,98.1148,,
25596,2015,100,,
25599,2011,100,,
25599,2012,98.443,,
25599,2013,100,,
25599,2014,96.729,,
25599,2015,100,,
25612,2011,79.0906,,
25612,2012,97.7061,,
25612,2013,93.6764,,
25612,2014,98.5566,,
25612,2015,99.7113,,
25645,2011,99.2325,,
25645,2012,98.1205,,
25645,2013,100,,
25645,2014,98.599,,
25645,2015,100,,
25649,2011,100,,
25649,2012,97.0639,,
25649,2013,97.9275,,
25649,2014,98.9714,,
25649,2015,100,,
25653,2011,99.8788,,
25653,2012,97.0556,,
25653,2013,99.7819,,
25653,2014,99.9279,,
25653,2015,100,,
25658,2011,97.8689,,
25658,2012,98.0341,,
25658,2013,100,,
25658,2014,97.2661,,
25658,2015,100,,
25662,2011,100,,
25662,2012,99.5673,,
25662,2013,86.7225,,
25662,2014,98.0751,,
25662,2015,99.2019,,
25718,2011,99.2532,,
25718,2012,99.4021,,
25718,2013,83.656,,
25718,2014,98.0775,,
25718,2015,100,,
25736,2011,97.4777,,
25736,2012,97.6814,,
25736,2013,91.6267,,
25736,2014,99.0415,,
25736,2015,100,,
25740,2011,95.407,,
25740,2012,96.5396,,
25740,2013,100,,
25740,2014,97.8616,,
25740,2015,98.5226,,
25743,2011,100,,
25743,2012,96.864,,
25743,2013,93.895,,
25743,2014,97.2552,,
25743,2015,100,,
25745,2011,100,,
25745,2012,98.1169,,
25745,2013,100,,
25745,2014,99.0707,,
25745,2015,100,,
25754,2011,77.2978,,
25754,2012,96.6934,,
25754,2013,97.0404,,
25754,2014,98.0224,,
25754,2015,80.3955,,
25758,2011,94.9997,,
25758,2012,100,,
25758,2013,100,,
25758,2014,100,,
25758,2015,100,,
25769,2011,99.3846,,
25769,2012,99.4693,,
25769,2013,100,,
25769,2014,97.8781,,
25769,2015,99.6414,,
25772,2011,100,,
25772,2012,97.8003,,
25772,2013,100,,
25772,2014,99.3837,,
25772,2015,100,,
25777,2011,100,,
25777,2012,99.1512,,
25777,2013,93.8022,,
25777,2014,98.4697,,
25777,2015,100,,
25779,2011,100,,
25779,2012,98.0827,,
25779,2013,100,,
25779,2014,98.8499,,
25779,2015,100,,
25781,2011,100,,
25781,2012,97.6256,,
25781,2013,100,,
25781,2014,99.0819,,
25781,2015,100,,
25785,2011,100,,
25785,2012,100,,
25785,2013,97.4093,,
25785,2014,100,,
25785,2015,100,,
25793,2011,100,,
25793,2012,98.227,,
25793,2013,100,,
25793,2014,98.894,,
25793,2015,100,,
25797,2011,100,,
25797,2012,98.249,,
25797,2013,100,,
25797,2014,98.2847,,
25797,2015,100,,
25799,2011,100,,
25799,2012,100,,
25799,2013,100,,
25799,2014,100,,
25799,2015,100,,
25805,2011,100,,
25805,2012,100,,
25805,2013,95.1447,,
25805,2014,96.5022,,
25805,2015,100,,
25807,2011,100,,
25807,2012,97.4619,,
25807,2013,92.132,,
25807,2014,98.0032,,
25807,2015,90.7348,,
25815,2011,100,,
25815,2012,98.5096,,
25815,2013,96.1058,,
25815,2014,97.5732,,
25815,2015,94.0586,,
25817,2011,95.1417,,
25817,2012,100,,
25817,2013,100,,
25817,2014,100,,
25817,2015,100,,
25823,2011,89.3175,,
25823,2012,98.073,,
25823,2013,87.3511,,
25823,2014,96.5453,,
25823,2015,100,,
25839,2011,67.666,,
25839,2012,98.1283,,
25839,2013,97.9679,,
25839,2014,97.427,,
25839,2015,99.1094,,
25841,2011,100,,
25841,2012,98.2194,,
25841,2013,98.4119,,
25841,2014,98.4375,,
25841,2015,95.3125,,
25843,2011,100,,
25843,2012,100,,
25843,2013,100,,
25843,2014,99.1942,,
25843,2015,100,,
25845,2011,100,,
25845,2012,98.4085,,
25845,2013,97.1706,,
25845,2014,98.5726,,
25845,2015,97.2292,,
25851,2011,100,,
25851,2012,99.4638,,
25851,2013,99.0909,,
25851,2014,98.3655,,
25851,2015,100,,
25862,2011,100,,
25862,2012,98.2406,,
25862,2013,100,,
25862,2014,97.7396,,
25862,2015,100,,
25867,2011,100,,
25867,2012,98.5248,,
25867,2013,100,,
25867,2014,97.8453,,
25867,2015,100,,
25871,2011,66.9421,,
25871,2012,100,,
25871,2013,57.6112,,
25871,2014,93.4328,,
25871,2015,100,,
25873,2011,100,,
25873,2012,97.4909,,
25873,2013,100,,
25873,2014,98.2744,,
25873,2015,100,,
25875,2011,100,,
25875,2012,98.5039,,
25875,2013,100,,
25875,2014,95.4407,,
25875,2015,100,,
25878,2011,100,,
25878,2012,98.5202,,
25878,2013,99.6585,,
25878,2014,98.0957,,
25878,2015,100,,
25885,2011,58.8834,,
25885,2012,98.1013,,
25885,2013,83.1487,,
25885,2014,96.3316,,
25885,2015,82.1164,,
25898,2011,100,,
25898,2012,99.4527,,
25898,2013,95.9343,,
25898,2014,98.7078,,
25898,2015,100,,
25899,2011,33.3444,,
25899,2012,100,,
25899,2013,100,,
25899,2014,100,,
25899,2015,100,,
27001,2011,99.7839,,
27001,2012,100,,
27001,2013,100,,
27001,2014,91.1202,,
27001,2015,100,,
27006,2011,75.9116,,
27006,2012,97.4922,,
27006,2013,100,,
27006,2014,93.3819,,
27006,2015,100,,
27025,2011,59.83,,
27025,2012,19.1365,,
27025,2013,19.1365,,
27025,2014,19.6355,,
27025,2015,39.271,,
27050,2011,55.9078,,
27050,2012,42.396,,
27050,2013,44.8493,,
27050,2014,45.305,,
27050,2015,45.305,,
27073,2011,82.8091,,
27073,2012,24.25,,
27073,2013,34.6667,,
27073,2014,28.7095,,
27073,2015,47.55,,
27075,2011,75.0784,,
27075,2012,89.1197,,
27075,2013,100,,
27075,2014,94.0741,,
27075,2015,100,,
27077,2011,80.7101,,
27077,2012,100,,
27077,2013,91.0309,,
27077,2014,91.0309,,
27077,2015,91.0309,,
27099,2011,74.8369,,
27099,2012,64.4221,,
27099,2013,100,,
27099,2014,98.2778,,
27099,2015,100,,
27135,2011,90.1416,,
27135,2012,51.6684,,
27135,2013,74.8266,,
27135,2014,72.9975,,
27135,2015,88.687,,
27150,2011,38.0096,,
27150,2012,26.4026,,
27150,2013,26.4026,,
27150,2014,26.4026,,
27150,2015,52.8053,,
27160,2011,45.8313,,
27160,2012,7.362,,
27160,2013,7.7301,,
27160,2014,7.8014,,
27160,2015,7.8014,,
27205,2011,98.859,,
27205,2012,89.6848,,
27205,2013,92.8977,,
27205,2014,85.3261,,
27205,2015,92.9348,,
27245,2011,40.2136,,
27245,2012,49.6226,,
27245,2013,78.3864,,
27245,2014,81.8516,,
27245,2015,100,,
27250,2011,60.9075,,
27250,2012,75.9308,,
27250,2013,75.9308,,
27250,2014,75.9308,,
27250,2015,100,,
27361,2011,99.2525,,
27361,2012,88.0363,,
27361,2013,89.8515,,
27361,2014,86.8248,,
27361,2015,86.8248,,
27372,2011,60.2561,,
27372,2012,100,,
27372,2013,100,,
27372,2014,96.822,,
27372,2015,100,,
27413,2011,88.3411,,
27413,2012,55.7771,,
27413,2013,58.7719,,
27413,2014,41.7018,,
27413,2015,69.0817,,
27425,2011,59.2681,,
27425,2012,39.3685,,
27425,2013,39.3685,,
27425,2014,39.3685,,
27425,2015,39.3685,,
27430,2011,80.6736,,
27430,2012,94.9564,,
27430,2013,100,,
27430,2014,57.6156,,
27430,2015,100,,
27450,2011,67.9023,,
27450,2012,59.2835,,
27450,2013,62.1642,,
27450,2014,71.7992,,
27450,2015,71.7992,,
27491,2011,91.9822,,
27491,2012,38.4512,,
27491,2013,38.7205,,
27491,2014,34.1653,,
27491,2015,46.3117,,
27495,2011,72.6251,,
27495,2012,100,,
27495,2013,100,,
27495,2014,87.5841,,
27495,2015,100,,
27580,2011,84.4005,,
27580,2012,65.9103,,
27580,2013,68.3524,,
27580,2014,76.4039,,
27580,2015,76.4039,,
27600,2011,78.017,,
27600,2012,100,,
27600,2013,100,,
27600,2014,58.7893,,
27600,2015,100,,
27615,2011,52.6976,,
27615,2012,55.6046,,
27615,2013,55.6046,,
27615,2014,55.6046,,
27615,2015,64.122,,
27660,2011,39.6606,,
27660,2012,98.0424,,
27660,2013,98.0424,,
27660,2014,0,,
27660,2015,0,,
27745,2011,60.8654,,
27745,2012,100,,
27745,2013,100,,
27745,2014,74.9102,,
27745,2015,100,,
27787,2011,99.5764,,
27787,2012,81.7937,,
27787,2013,90.0877,,
27787,2014,88.1597,,
27787,2015,88.1597,,
27800,2011,60.081,,
27800,2012,59.2666,,
27800,2013,61.8972,,
27800,2014,61.8972,,
27800,2015,61.8972,,
27810,2011,91.5639,,
27810,2012,83.4696,,
27810,2013,94.229,,
27810,2014,88.5219,,
27810,2015,96.7795,,
41001,2011,99.2762,,
41001,2012,75,,
41001,2013,75,,
41001,2014,75.0028,,
41001,2015,75.0028,,
41006,2011,98.2282,,
41006,2012,91.8403,,
41006,2013,91.8403,,
41006,2014,91.843,,
41006,2015,91.843,,
41013,2011,100,,
41013,2012,100,,
41013,2013,100,,
41013,2014,97.9592,,
41013,2015,97.9592,,
41016,2011,93.612,,
41016,2012,91.0076,,
41016,2013,91.0076,,
41016,2014,90.9977,,
41016,2015,90.9977,,
41020,2011,100,,
41020,2012,100,,
41020,2013,100,,
41020,2014,97.3886,,
41020,2015,97.3886,,
41026,2011,100,,
41026,2012,87.5306,,
41026,2013,87.5306,,
41026,2014,87.4715,,
41026,2015,87.4715,,
41078,2011,93.1586,,
41078,2012,100,,
41078,2013,100,,
41078,2014,98.0052,,
41078,2015,98.0052,,
41132,2011,100,,
41132,2012,100,,
41132,2013,100,,
41132,2014,98.0164,,
41132,2015,98.0164,,
41206,2011,77.2025,,
41206,2012,65.4209,,
41206,2013,65.4209,,
41206,2014,65.4167,,
41206,2015,65.4167,,
41244,2011,100,,
41244,2012,94.5293,,
41244,2013,94.5293,,
41244,2014,85.7488,,
41244,2015,85.7488,,
41298,2011,96.6396,,
41298,2012,85.0042,,
41298,2013,85.0042,,
41298,2014,85.001,,
41298,2015,85.001,,
41306,2011,96.5515,,
41306,2012,92.0057,,
41306,2013,92.0057,,
41306,2014,92,,
41306,2015,92,,
41319,2011,100,,
41319,2012,88.5537,,
41319,2013,88.5537,,
41319,2014,88.5447,,
41319,2015,88.5447,,
41349,2011,100,,
41349,2012,97.6266,,
41349,2013,97.6266,,
41349,2014,97.6672,,
41349,2015,97.6672,,
41357,2011,100,,
41357,2012,90.0139,,
41357,2013,90.0139,,
41357,2014,90.0312,,
41357,2015,90.0312,,
41359,2011,100,,
41359,2012,92.9397,,
41359,2013,92.9397,,
41359,2014,92.9306,,
41359,2015,92.9306,,
41378,2011,98.7031,,
41378,2012,70.7409,,
41378,2013,70.7409,,
41378,2014,70.7327,,
41378,2015,70.7327,,
41396,2011,100,,
41396,2012,85,,
41396,2013,85,,
41396,2014,85.0032,,
41396,2015,85.0032,,
41483,2011,100,,
41483,2012,84.2908,,
41483,2013,84.2908,,
41483,2014,84.3069,,
41483,2015,84.3069,,
41503,2011,100,,
41503,2012,100,,
41503,2013,100,,
41503,2014,97.9812,,
41503,2015,97.9812,,
41518,2011,100,,
41518,2012,100,,
41518,2013,100,,
41518,2014,97.986,,
41518,2015,97.986,,
41524,2011,100,,
41524,2012,85.0205,,
41524,2013,85.0205,,
41524,2014,85.0168,,
41524,2015,85.0168,,
41530,2011,100,,
41530,2012,100,,
41530,2013,100,,
41530,2014,97.9832,,
41530,2015,97.9832,,
41548,2011,100,,
41548,2012,100,,
41548,2013,100,,
41548,2014,97.9955,,
41548,2015,97.9955,,
41551,2011,100,,
41551,2012,94.8743,,
41551,2013,94.8743,,
41551,2014,94.8732,,
41551,2015,94.8732,,
41615,2011,100,,
41615,2012,100,,
41615,2013,100,,
41615,2014,97.9975,,
41615,2015,97.9975,,
41660,2011,100,,
41660,2012,100,,
41660,2013,100,,
41660,2014,98,,
41660,2015,98,,
41668,2011,98.4925,,
41668,2012,100,,
41668,2013,100,,
41668,2014,98.0021,,
41668,2015,98.0021,,
41676,2011,100,,
41676,2012,94.7443,,
41676,2013,94.7443,,
41676,2014,94.7442,,
41676,2015,94.7442,,
41770,2011,96.503,,
41770,2012,94.8529,,
41770,2013,94.8529,,
41770,2014,84.2795,,
41770,2015,84.2795,,
41791,2011,100,,
41791,2012,100,,
41791,2013,100,,
41791,2014,98.0131,,
41791,2015,98.0131,,
41797,2011,100,,
41797,2012,85.0181,,
41797,2013,85.0181,,
41797,2014,85.0044,,
41797,2015,85.0044,,
41799,2011,100,,
41799,2012,98.0409,,
41799,2013,98.0409,,
41799,2014,98.0612,,
41799,2015,98.0612,,
41801,2011,100,,
41801,2012,100,,
41801,2013,100,,
41801,2014,98.0344,,
41801,2015,98.0344,,
41807,2011,99.7723,,
41807,2012,100,,
41807,2013,100,,
41807,2014,98.0082,,
41807,2015,98.0082,,
41872,2011,100,,
41872,2012,99.1947,,
41872,2013,99.1947,,
41872,2014,97.9725,,
41872,2015,97.9725,,
41885,2011,100,,
41885,2012,84.7188,,
41885,2013,84.7188,,
41885,2014,84.7319,,
41885,2015,84.7319,,
44001,2011,88.6857,,
44001,2012,71.4217,,
44001,2013,71.4217,,
44001,2014,71.4266,,
44001,2015,71.4266,,
44035,2011,43.4117,,
44035,2012,66.7745,,
44035,2013,66.7745,,
44035,2014,66.7454,,
44035,2015,66.7454,,
44078,2011,95.0282,,
44078,2012,72.3378,,
44078,2013,72.3378,,
44078,2014,72.3504,,
44078,2015,72.3504,,
44090,2011,95.403,,
44090,2012,66.777,,
44090,2013,58.0581,,
44090,2014,58.0581,,
44090,2015,58.0581,,
44098,2011,67.1152,,
44098,2012,67.9431,,
44098,2013,67.9431,,
44098,2014,67.92,,
44098,2015,67.92,,
44110,2011,63.7863,,
44110,2012,75.8328,,
44110,2013,75.8328,,
44110,2014,75.827,,
44110,2015,75.827,,
44279,2011,94.3907,,
44279,2012,99.0958,,
44279,2013,99.0958,,
44279,2014,99.1133,,
44279,2015,99.1133,,
44378,2011,91.6105,,
44378,2012,64.2483,,
44378,2013,64.2483,,
44378,2014,64.2241,,
44378,2015,64.2241,,
44420,2011,61.0988,,
44420,2012,73.7395,,
44420,2013,73.7395,,
44420,2014,73.6434,,
44420,2015,60.1266,,
44430,2011,93.2316,,
44430,2012,90.2779,,
44430,2013,90.2779,,
44430,2014,90.2747,,
44430,2015,90.2747,,
44560,2011,13.5289,,
44560,2012,15.8824,,
44560,2013,15.8824,,
44560,2014,15.8874,,
44560,2015,13.8202,,
44650,2011,97.067,,
44650,2012,96.3711,,
44650,2013,96.3711,,
44650,2014,96.3832,,
44650,2015,72.6508,,
44847,2011,13.0957,,
44847,2012,8.8461,,
44847,2013,8.8461,,
44847,2014,9.3923,,
44847,2015,5.2426,,
44855,2011,42.4603,,
44855,2012,57.7883,,
44855,2013,57.7883,,
44855,2014,57.8272,,
44855,2015,57.8272,,
44874,2011,71.8068,,
44874,2012,81.7138,,
44874,2013,81.7138,,
44874,2014,81.737,,
44874,2015,81.737,,
47001,2011,90.2268,,
47001,2012,90.6917,,
47001,2013,90.6917,,
47001,2014,90.7002,,
47001,2015,90.7002,,
47030,2011,100,,
47030,2012,100,,
47030,2013,100,,
47030,2014,100,,
47030,2015,100,,
47053,2011,99.6988,,
47053,2012,60.9776,,
47053,2013,60.9776,,
47053,2014,60.9608,,
47053,2015,60.9608,,
47058,2011,99.0598,,
47058,2012,55.722,,
47058,2013,55.722,,
47058,2014,55.7229,,
47058,2015,55.7229,,
47161,2011,100,,
47161,2012,70.6967,,
47161,2013,61.9549,,
47161,2014,61.9549,,
47161,2015,61.9549,,
47170,2011,100,,
47170,2012,63.4267,,
47170,2013,63.4267,,
47170,2014,63.4409,,
47170,2015,63.4409,,
47189,2011,92.8051,,
47189,2012,68.9078,,
47189,2013,68.9078,,
47189,2014,68.9027,,
47189,2015,68.9027,,
47205,2011,100,,
47205,2012,0.149,,
47205,2013,0.149,,
47205,2014,0.1729,,
47205,2015,0.1729,,
47245,2011,90.6919,,
47245,2012,58.7014,,
47245,2013,58.7014,,
47245,2014,58.7113,,
47245,2015,58.7113,,
47258,2011,100,,
47258,2012,100,,
47258,2013,100,,
47258,2014,100,,
47258,2015,100,,
47268,2011,100,,
47268,2012,65.8313,,
47268,2013,65.8313,,
47268,2014,65.8269,,
47268,2015,65.8269,,
47288,2011,100,,
47288,2012,74.3745,,
47288,2013,86.4353,,
47288,2014,86.4353,,
47288,2015,86.4353,,
47318,2011,99.037,,
47318,2012,68.8312,,
47318,2013,68.8312,,
47318,2014,68.8385,,
47318,2015,68.8385,,
47460,2011,91.2654,,
47460,2012,57.3006,,
47460,2013,57.3006,,
47460,2014,57.2997,,
47460,2015,57.2997,,
47541,2011,99.8126,,
47541,2012,8.0868,,
47541,2013,8.0868,,
47541,2014,8.0897,,
47541,2015,8.0897,,
47545,2011,46.3028,,
47545,2012,44.392,,
47545,2013,44.392,,
47545,2014,44.4152,,
47545,2015,44.4152,,
47551,2011,81.357,,
47551,2012,89.7504,,
47551,2013,89.7504,,
47551,2014,89.7633,,
47551,2015,89.7633,,
47555,2011,95.887,,
47555,2012,59.753,,
47555,2013,59.753,,
47555,2014,59.7496,,
47555,2015,59.7496,,
47570,2011,98.806,,
47570,2012,0.5688,,
47570,2013,39.7265,,
47570,2014,39.7265,,
47570,2015,39.7265,,
47605,2011,100,,
47605,2012,43.8282,,
47605,2013,43.8282,,
47605,2014,43.7788,,
47605,2015,43.7788,,
47660,2011,62.1056,,
47660,2012,59.5593,,
47660,2013,59.5593,,
47660,2014,59.5737,,
47660,2015,59.5737,,
47675,2011,100,,
47675,2012,96.9222,,
47675,2013,96.9222,,
47675,2014,96.9231,,
47675,2015,96.9231,,
47692,2011,99.177,,
47692,2012,57.8047,,
47692,2013,55.734,,
47692,2014,55.734,,
47692,2015,55.734,,
47703,2011,92.4327,,
47703,2012,86.3187,,
47703,2013,83.5719,,
47703,2014,83.5719,,
47703,2015,83.5719,,
47707,2011,90.7253,,
47707,2012,54.1867,,
47707,2013,54.1867,,
47707,2014,54.1794,,
47707,2015,54.1794,,
47720,2011,80.5101,,
47720,2012,66.1874,,
47720,2013,66.1874,,
47720,2014,66.147,,
47720,2015,66.147,,
47745,2011,97.1727,,
47745,2012,9.8462,,
47745,2013,9.8462,,
47745,2014,9.8543,,
47745,2015,9.8543,,
47798,2011,100,,
47798,2012,46.5249,,
47798,2013,46.5249,,
47798,2014,46.5283,,
47798,2015,46.5283,,
47960,2011,99.6949,,
47960,2012,0.426,,
47960,2013,2.1297,,
47960,2014,2.1297,,
47960,2015,2.1297,,
47980,2011,99.3747,,
47980,2012,60.8162,,
47980,2013,60.8162,,
47980,2014,60.8195,,
47980,2015,60.8195,,
50001,2011,69.1567,,
50001,2012,97.0756,,
50001,2013,97.4648,,
50001,2014,85.38,,
50001,2015,90.9534,,
50006,2011,87.1882,,
50006,2012,86.6732,,
50006,2013,94.9973,,
50006,2014,95.3962,,
50006,2015,100,,
50110,2011,94.8817,,
50110,2012,88.8525,,
50110,2013,95.4545,,
50110,2014,100,,
50110,2015,100,,
50124,2011,83.6209,,
50124,2012,60.4905,,
50124,2013,100,,
50124,2014,79.8092,,
50124,2015,80.2862,,
50150,2011,94.4597,,
50150,2012,97.4188,,
50150,2013,98.6698,,
50150,2014,98.8428,,
50150,2015,100,,
50223,2011,88.1339,,
50223,2012,79.2857,,
50223,2013,79.4643,,
50223,2014,86.4286,,
50223,2015,89.4643,,
50226,2011,97.5786,,
50226,2012,87.4595,,
50226,2013,93.1351,,
50226,2014,94.1568,,
50226,2015,99.1924,,
50245,2011,100,,
50245,2012,100,,
50245,2013,100,,
50245,2014,99.5215,,
50245,2015,100,,
50251,2011,66.1901,,
50251,2012,86.7832,,
50251,2013,80.303,,
50251,2014,94.1919,,
50251,2015,100,,
50270,2011,85.1038,,
50270,2012,79.8942,,
50270,2013,84.6561,,
50270,2014,88.6179,,
50270,2015,91.0569,,
50287,2011,90.4588,,
50287,2012,86.634,,
50287,2013,91.5823,,
50287,2014,91.8704,,
50287,2015,96.5159,,
50313,2011,89.8215,,
50313,2012,88.6895,,
50313,2013,88.9113,,
50313,2014,94.8549,,
50313,2015,99.7679,,
50318,2011,98.3426,,
50318,2012,83.075,,
50318,2013,87.2405,,
50318,2014,89.1348,,
50318,2015,97.4514,,
50325,2011,58.8092,,
50325,2012,19.5576,,
50325,2013,19.5576,,
50325,2014,19.5576,,
50325,2015,19.5576,,
50330,2011,55.6142,,
50330,2012,76.9955,,
50330,2013,76.0538,,
50330,2014,79.1833,,
50330,2015,85.6685,,
50350,2011,62.8101,,
50350,2012,43.8989,,
50350,2013,48.7003,,
50350,2014,48.7136,,
50350,2015,48.7136,,
50370,2011,57.8358,,
50370,2012,62.781,,
50370,2013,64.7794,,
50370,2014,81.3489,,
50370,2015,81.3489,,
50400,2011,100,,
50400,2012,76.9211,,
50400,2013,84.1159,,
50400,2014,85.2436,,
50400,2015,86.8677,,
50450,2011,32.889,,
50450,2012,7.3883,,
50450,2013,7.3883,,
50450,2014,10.7045,,
50450,2015,4.6423,,
50568,2011,98.901,,
50568,2012,100,,
50568,2013,99.8898,,
50568,2014,81.9753,,
50568,2015,100,,
50573,2011,54.1137,,
50573,2012,84.0566,,
50573,2013,89.5484,,
50573,2014,91.4243,,
50573,2015,77.3676,,
50577,2011,59.0558,,
50577,2012,35.9709,,
50577,2013,45.802,,
50577,2014,52.7569,,
50577,2015,55.3258,,
50590,2011,59.902,,
50590,2012,10.3634,,
50590,2013,10.5275,,
50590,2014,11.2093,,
50590,2015,11.2345,,
50606,2011,98.7908,,
50606,2012,85.226,,
50606,2013,90.073,,
50606,2014,91.2343,,
50606,2015,100,,
50680,2011,93.2607,,
50680,2012,84.0353,,
50680,2013,81.5669,,
50680,2014,91.9676,,
50680,2015,100,,
50683,2011,56.9077,,
50683,2012,81.2353,,
50683,2013,88.5562,,
50683,2014,93.5829,,
50683,2015,100,,
50686,2011,78.0374,,
50686,2012,94.5607,,
50686,2013,88.2845,,
50686,2014,99.5556,,
50686,2015,100,,
50689,2011,74.4282,,
50689,2012,79.918,,
50689,2013,90.241,,
50689,2014,83.2558,,
50689,2015,89.8605,,
50711,2011,65.3281,,
50711,2012,100,,
50711,2013,39.7272,,
50711,2014,41.6439,,
50711,2015,50.2387,,
52001,2011,83.7133,,
52001,2012,99.9043,,
52001,2013,100,,
52001,2014,100,,
52001,2015,100,,
52019,2011,54.1567,,
52019,2012,84.1111,,
52019,2013,86.3485,,
52019,2014,87.6923,,
52019,2015,90.4945,,
52022,2011,100,,
52022,2012,93.9695,,
52022,2013,94.8198,,
52022,2014,92.4925,,
52022,2015,94.6697,,
52036,2011,100,,
52036,2012,99.5639,,
52036,2013,99.1369,,
52036,2014,99.756,,
52036,2015,100,,
52051,2011,99.8782,,
52051,2012,69.7143,,
52051,2013,70.1905,,
52051,2014,79.8425,,
52051,2015,81.9423,,
52079,2011,52.1484,,
52079,2012,90.3348,,
52079,2013,89.8317,,
52079,2014,88.8344,,
52079,2015,100,,
52083,2011,92.2723,,
52083,2012,100,,
52083,2013,100,,
52083,2014,100,,
52083,2015,100,,
52110,2011,97.9271,,
52110,2012,98.7048,,
52110,2013,95.5465,,
52110,2014,98.5724,,
52110,2015,100,,
52203,2011,88.9149,,
52203,2012,94.7678,,
52203,2013,94.1053,,
52203,2014,94.4411,,
52203,2015,100,,
52207,2011,100,,
52207,2012,100,,
52207,2013,93.75,,
52207,2014,100,,
52207,2015,100,,
52210,2011,99.6249,,
52210,2012,97.5556,,
52210,2013,98.7943,,
52210,2014,98.6014,,
52210,2015,100,,
52215,2011,99.6639,,
52215,2012,84.4878,,
52215,2013,85.0488,,
52215,2014,89.082,,
52215,2015,91.2852,,
52224,2011,99.4159,,
52224,2012,91.9481,,
52224,2013,92.8255,,
52224,2014,93.1354,,
52224,2015,94.4341,,
52227,2011,66.1314,,
52227,2012,86.2155,,
52227,2013,92.0833,,
52227,2014,93.5889,,
52227,2015,100,,
52233,2011,46.6103,,
52233,2012,85.8012,,
52233,2013,89.5588,,
52233,2014,90.7355,,
52233,2015,95.1909,,
52240,2011,99.2564,,
52240,2012,98.3986,,
52240,2013,94.4123,,
52240,2014,99.1552,,
52240,2015,100,,
52250,2011,59.9169,,
52250,2012,100,,
52250,2013,92.4294,,
52250,2014,92.4294,,
52250,2015,92.4294,,
52254,2011,100,,
52254,2012,99.2208,,
52254,2013,99.2962,,
52254,2014,100,,
52254,2015,100,,
52256,2011,86.543,,
52256,2012,96.6526,,
52256,2013,94.6722,,
52256,2014,96.218,,
52256,2015,95.1613,,
52258,2011,100,,
52258,2012,75.5063,,
52258,2013,76.7839,,
52258,2014,77.6267,,
52258,2015,80.618,,
52260,2011,100,,
52260,2012,100,,
52260,2013,99.7053,,
52260,2014,100,,
52260,2015,100,,
52287,2011,73.7849,,
52287,2012,86.8696,,
52287,2013,88.8985,,
52287,2014,90.4844,,
52287,2015,92.2145,,
52317,2011,96.4457,,
52317,2012,100,,
52317,2013,100,,
52317,2014,100,,
52317,2015,100,,
52320,2011,100,,
52320,2012,99.2544,,
52320,2013,98.1466,,
52320,2014,98.2942,,
52320,2015,99.6588,,
52323,2011,99.8598,,
52323,2012,98.8288,,
52323,2013,98.0803,,
52323,2014,98.4615,,
52323,2015,99.7436,,
52352,2011,99.7904,,
52352,2012,98.2192,,
52352,2013,98.4237,,
52352,2014,98.4653,,
52352,2015,100,,
52354,2011,100,,
52354,2012,99.1573,,
52354,2013,96.6292,,
52354,2014,99.4347,,
52354,2015,100,,
52356,2011,83.2165,,
52356,2012,90.3629,,
52356,2013,92.5234,,
52356,2014,97.1401,,
52356,2015,100,,
52378,2011,92.8012,,
52378,2012,100,,
52378,2013,100,,
52378,2014,100,,
52378,2015,100,,
52381,2011,100,,
52381,2012,100,,
52381,2013,99.4483,,
52381,2014,100,,
52381,2015,100,,
52385,2011,59.6052,,
52385,2012,100,,
52385,2013,100,,
52385,2014,100,,
52385,2015,100,,
52390,2011,56.7408,,
52390,2012,100,,
52390,2013,60.2265,,
52390,2014,60.2265,,
52390,2015,60.2265,,
52399,2011,100,,
52399,2012,99.3898,,
52399,2013,99.3898,,
52399,2014,97.4896,,
52399,2015,100,,
52405,2011,52.48,,
52405,2012,54.899,,
52405,2013,55.1692,,
52405,2014,64.5179,,
52405,2015,76.2534,,
52411,2011,100,,
52411,2012,98.8843,,
52411,2013,98.7469,,
52411,2014,99.4099,,
52411,2015,100,,
52418,2011,99.3439,,
52418,2012,100,,
52418,2013,100,,
52418,2014,100,,
52418,2015,100,,
52427,2011,73.8902,,
52427,2012,100,,
52427,2013,90.7118,,
52427,2014,6.2097,,
52427,2015,89.8152,,
52435,2011,100,,
52435,2012,100,,
52435,2013,100,,
52435,2014,100,,
52435,2015,100,,
52473,2011,60.0674,,
52473,2012,95.0116,,
52473,2013,64.6919,,
52473,2014,64.6919,,
52473,2015,64.6919,,
52480,2011,98.5199,,
52480,2012,100,,
52480,2013,100,,
52480,2014,72.4735,,
52480,2015,74.7149,,
52490,2011,60.0121,,
52490,2012,85.0195,,
52490,2013,67.1881,,
52490,2014,67.1881,,
52490,2015,67.1881,,
52506,2011,98.6991,,
52506,2012,100,,
52506,2013,100,,
52506,2014,100,,
52506,2015,100,,
52520,2011,60.1201,,
52520,2012,9.0346,,
52520,2013,29.9595,,
52520,2014,29.9595,,
52520,2015,29.9595,,
52540,2011,97.2439,,
52540,2012,95.8545,,
52540,2013,96.8818,,
52540,2014,97.5322,,
52540,2015,100,,
52560,2011,94.1343,,
52560,2012,98.937,,
52560,2013,98.2691,,
52560,2014,98.3459,,
52560,2015,99.6617,,
52565,2011,60.5964,,
52565,2012,100,,
52565,2013,100,,
52565,2014,100,,
52565,2015,100,,
52573,2011,100,,
52573,2012,94.5539,,
52573,2013,96.1182,,
52573,2014,98.2406,,
52573,2015,99.6027,,
52585,2011,99.5173,,
52585,2012,99.3335,,
52585,2013,99.8796,,
52585,2014,100,,
52585,2015,100,,
52612,2011,40.4512,,
52612,2012,32.8873,,
52612,2013,35.944,,
52612,2014,38.5135,,
52612,2015,42.7732,,
52621,2011,81.2039,,
52621,2012,98.9694,,
52621,2013,87.3418,,
52621,2014,99.9436,,
52621,2015,100,,
52678,2011,58.4428,,
52678,2012,95.2941,,
52678,2013,95.7009,,
52678,2014,98.0682,,
52678,2015,100,,
52683,2011,99.8291,,
52683,2012,100,,
52683,2013,100,,
52683,2014,100,,
52683,2015,100,,
52685,2011,96.4085,,
52685,2012,100,,
52685,2013,98.3349,,
52685,2014,100,,
52685,2015,100,,
52687,2011,99.1047,,
52687,2012,100,,
52687,2013,97.0458,,
52687,2014,100,,
52687,2015,100,,
52693,2011,95.2247,,
52693,2012,99.5597,,
52693,2013,82.8931,,
52693,2014,99.6981,,
52693,2015,100,,
52694,2011,83.9973,,
52694,2012,92.2483,,
52694,2013,93.252,,
52694,2014,96.9321,,
52694,2015,99.927,,
52696,2011,59.4544,,
52696,2012,100,,
52696,2013,93.9288,,
52696,2014,93.9288,,
52696,2015,93.9288,,
52699,2011,36.1716,,
52699,2012,57.2593,,
52699,2013,58.9675,,
52699,2014,59.2483,,
52699,2015,60.9298,,
52720,2011,100,,
52720,2012,100,,
52720,2013,96.3377,,
52720,2014,100,,
52720,2015,100,,
52786,2011,98.2513,,
52786,2012,99.5,,
52786,2013,88.5263,,
52786,2014,100,,
52786,2015,100,,
52788,2011,100,,
52788,2012,100,,
52788,2013,96.3945,,
52788,2014,100,,
52788,2015,100,,
52835,2011,58.8096,,
52835,2012,99.1695,,
52835,2013,92.5724,,
52835,2014,94.1674,,
52835,2015,100,,
52838,2011,100,,
52838,2012,100,,
52838,2013,99.4306,,
52838,2014,100,,
52838,2015,100,,
52885,2011,99.0231,,
52885,2012,100,,
52885,2013,98.2403,,
52885,2014,100,,
52885,2015,100,,
54001,2011,66.4264,,
54001,2012,78.964,,
54001,2013,41.4407,,
54001,2014,68.4291,,
54001,2015,69.0132,,
54003,2011,100,,
54003,2012,74.9818,,
54003,2013,65.8489,,
54003,2014,71.104,,
54003,2015,84.3892,,
54051,2011,92.7611,,
54051,2012,94.6184,,
54051,2013,96.1964,,
54051,2014,96.1964,,
54051,2015,95.0207,,
54099,2011,96.8889,,
54099,2012,89.8333,,
54099,2013,91.003,,
54099,2014,97.1976,,
54099,2015,98.0826,,
54109,2011,43.5533,,
54109,2012,77.46,,
54109,2013,84.5154,,
54109,2014,83.4087,,
54109,2015,83.5596,,
54125,2011,100,,
54125,2012,95.9375,,
54125,2013,96.102,,
54125,2014,96.2519,,
54125,2015,96.8516,,
54128,2011,93.0366,,
54128,2012,82.6933,,
54128,2013,84.5783,,
54128,2014,87.4699,,
54128,2015,100,,
54172,2011,96.002,,
54172,2012,95.2993,,
54172,2013,96.2882,,
54172,2014,96.2336,,
54172,2015,98.5262,,
54174,2011,100,,
54174,2012,100,,
54174,2013,99.102,,
54174,2014,90.8676,,
54174,2015,99.9239,,
54206,2011,100,,
54206,2012,72.4398,,
54206,2013,65.1807,,
54206,2014,77.2004,,
54206,2015,97.8564,,
54223,2011,100,,
54223,2012,89.9597,,
54223,2013,90.3157,,
54223,2014,89.6201,,
54223,2015,89.6201,,
54239,2011,100,,
54239,2012,95.716,,
54239,2013,98.5312,,
54239,2014,96.6952,,
54239,2015,96.6952,,
54245,2011,98.5329,,
54245,2012,64.7153,,
54245,2013,64.734,,
54245,2014,64.8404,,
54245,2015,92.1277,,
54250,2011,100,,
54250,2012,62.7243,,
54250,2013,55.5913,,
54250,2014,67.3439,,
54250,2015,77.6511,,
54261,2011,100,,
54261,2012,97.6282,,
54261,2013,97.9181,,
54261,2014,97.6159,,
54261,2015,97.7502,,
54313,2011,100,,
54313,2012,100,,
54313,2013,100,,
54313,2014,100,,
54313,2015,100,,
54344,2011,100,,
54344,2012,57.6623,,
54344,2013,57.6623,,
54344,2014,69.1651,,
54344,2015,87.7922,,
54347,2011,68.3718,,
54347,2012,55.3912,,
54347,2013,62.215,,
54347,2014,62.215,,
54347,2015,63.0293,,
54377,2011,100,,
54377,2012,95.6522,,
54377,2013,95.7132,,
54377,2014,95.7871,,
54377,2015,96.8958,,
54385,2011,35.995,,
54385,2012,100,,
54385,2013,100,,
54385,2014,97.0859,,
54385,2015,100,,
54398,2011,100,,
54398,2012,86.1502,,
54398,2013,84.1784,,
54398,2014,89.3199,,
54398,2015,89.5115,,
54405,2011,79.6565,,
54405,2012,87.226,,
54405,2013,55.48,,
54405,2014,82.835,,
54405,2015,84.9391,,
54418,2011,100,,
54418,2012,93.5413,,
54418,2013,93.8697,,
54418,2014,91.1877,,
54418,2015,88.3142,,
54480,2011,100,,
54480,2012,89.9853,,
54480,2013,90,,
54480,2014,89.7059,,
54480,2015,94.1176,,
54498,2011,95.9012,,
54498,2012,90.24,,
54498,2013,51.008,,
54498,2014,80.2001,,
54498,2015,85.4924,,
54518,2011,100,,
54518,2012,97.8032,,
54518,2013,100,,
54518,2014,100,,
54518,2015,100,,
54520,2011,99.4974,,
54520,2012,79.9826,,
54520,2013,40.9984,,
54520,2014,84.0426,,
54520,2015,90.18,,
54553,2011,100,,
54553,2012,90.9596,,
54553,2013,69.5455,,
54553,2014,88.4961,,
54553,2015,84.7686,,
54599,2011,100,,
54599,2012,96.6013,,
54599,2013,96.9158,,
54599,2014,96.9158,,
54599,2015,100,,
54660,2011,100,,
54660,2012,76.4581,,
54660,2013,78.9573,,
54660,2014,80,,
54660,2015,85.782,,
54670,2011,51.2984,,
54670,2012,81.3326,,
54670,2013,81.3326,,
54670,2014,85.6404,,
54670,2015,100,,
54673,2011,96.5409,,
54673,2012,98.1818,,
54673,2013,79.697,,
54673,2014,100,,
54673,2015,100,,
54680,2011,96.5675,,
54680,2012,77.6923,,
54680,2013,77.8626,,
54680,2014,78.2443,,
54680,2015,79.3893,,
54720,2011,28.0902,,
54720,2012,52.9412,,
54720,2013,54.3805,,
54720,2014,62.6231,,
54720,2015,62.8305,,
54743,2011,100,,
54743,2012,87.0046,,
54743,2013,87.5468,,
54743,2014,87.6404,,
54743,2015,100,,
54800,2011,62.4611,,
54800,2012,95.539,,
54800,2013,96.0694,,
54800,2014,96.9211,,
54800,2015,100,,
54810,2011,100,,
54810,2012,81.9298,,
54810,2013,82.1241,,
54810,2014,79.6605,,
54810,2015,85.1885,,
54820,2011,93.1656,,
54820,2012,99.2535,,
54820,2013,99.3362,,
54820,2014,94.9652,,
54820,2015,95.7251,,
54871,2011,100,,
54871,2012,89.6472,,
54871,2013,91.8264,,
54871,2014,92.0283,,
54871,2015,99.5964,,
54874,2011,60.7607,,
54874,2012,89.104,,
54874,2013,89.8455,,
54874,2014,90.287,,
54874,2015,90.287,,
63001,2011,100,,
63001,2012,100,,
63001,2013,100,,
63001,2014,100,,
63001,2015,100,,
63111,2011,94.3117,,
63111,2012,98.2507,,
63111,2013,98.2759,,
63111,2014,98.2659,,
63111,2015,100,,
63130,2011,71.8557,,
63130,2012,98.98,,
63130,2013,99.0196,,
63130,2014,99.0258,,
63130,2015,100,,
63190,2011,93.2216,,
63190,2012,100,,
63190,2013,100,,
63190,2014,100,,
63190,2015,100,,
63212,2011,97.5997,,
63212,2012,93.086,,
63212,2013,93.4673,,
63212,2014,93.5108,,
63212,2015,100,,
63272,2011,99.2048,,
63272,2012,98.7172,,
63272,2013,99.0226,,
63272,2014,95.6471,,
63272,2015,100,,
63302,2011,94.1548,,
63302,2012,94.8454,,
63302,2013,95.7617,,
63302,2014,96.0182,,
63302,2015,100,,
63401,2011,24.5255,,
63401,2012,100,,
63401,2013,100,,
63401,2014,100,,
63401,2015,100,,
63470,2011,59.652,,
63470,2012,100,,
63470,2013,100,,
63470,2014,100,,
63470,2015,100,,
63548,2011,76.369,,
63548,2012,90,,
63548,2013,89.1026,,
63548,2014,89.0851,,
63548,2015,93.5795,,
63594,2011,54.538,,
63594,2012,100,,
63594,2013,99.9346,,
63594,2014,100,,
63594,2015,100,,
63690,2011,100,,
63690,2012,94.3942,,
63690,2013,94.9955,,
63690,2014,95.0486,,
63690,2015,90.9814,,
66001,2011,100,,
66001,2012,100,,
66001,2013,83.8195,,
66001,2014,88.3837,,
66001,2015,100,,
66045,2011,63.9464,,
66045,2012,98.4982,,
66045,2013,77.3096,,
66045,2014,100,,
66045,2015,100,,
66075,2011,93.1385,,
66075,2012,97.4379,,
66075,2013,97.2826,,
66075,2014,99.3333,,
66075,2015,100,,
66088,2011,95.2827,,
66088,2012,98.8176,,
66088,2013,98.8176,,
66088,2014,99.6667,,
66088,2015,100,,
66170,2011,100,,
66170,2012,97.545,,
66170,2013,96.8188,,
66170,2014,100,,
66170,2015,100,,
66318,2011,84.0456,,
66318,2012,96.4794,,
66318,2013,84.9485,,
66318,2014,99.9609,,
66318,2015,100,,
66383,2011,82.9276,,
66383,2012,93.6258,,
66383,2013,93.6258,,
66383,2014,99.5257,,
66383,2015,100,,
66400,2011,100,,
66400,2012,99.3464,,
66400,2013,99.085,,
66400,2014,98.9247,,
66400,2015,100,,
66440,2011,100,,
66440,2012,99.643,,
66440,2013,99.048,,
66440,2014,99.8791,,
66440,2015,100,,
66456,2011,75.6838,,
66456,2012,79.9836,,
66456,2013,76.8127,,
66456,2014,99.5699,,
66456,2015,100,,
66572,2011,89.3214,,
66572,2012,78.013,,
66572,2013,86.2203,,
66572,2014,99.1143,,
66572,2015,100,,
66594,2011,91.3026,,
66594,2012,92.7269,,
66594,2013,80.5502,,
66594,2014,99.2113,,
66594,2015,100,,
66682,2011,100,,
66682,2012,98.608,,
66682,2013,98.4091,,
66682,2014,99.972,,
66682,2015,100,,
66687,2011,86.7593,,
66687,2012,97.7661,,
66687,2013,77.91,,
66687,2014,99.9483,,
66687,2015,99.5868,,
68001,2011,100,,
68001,2012,96.9145,,
68001,2013,96.9145,,
68001,2014,97.4469,,
68001,2015,100,,
68013,2011,100,,
68013,2012,82.9868,,
68013,2013,82.8302,,
68013,2014,86.1963,,
68013,2015,87.7301,,
68020,2011,91.8257,,
68020,2012,92.0126,,
68020,2013,89.9201,,
68020,2014,87.3959,,
68020,2015,96.4464,,
68051,2011,90.3092,,
68051,2012,85.1915,,
68051,2013,85.1915,,
68051,2014,97.0292,,
68051,2015,90.8359,,
68077,2011,100,,
68077,2012,93.5236,,
68077,2013,93.5236,,
68077,2014,93.6956,,
68077,2015,100,,
68079,2011,100,,
68079,2012,92.4128,,
68079,2013,92.4128,,
68079,2014,95.0638,,
68079,2015,100,,
68081,2011,100,,
68081,2012,97.1977,,
68081,2013,97.1977,,
68081,2014,84.2488,,
68081,2015,100,,
68092,2011,100,,
68092,2012,92.5439,,
68092,2013,92.5439,,
68092,2014,94.0722,,
68092,2015,95.8763,,
68101,2011,90.2585,,
68101,2012,64.0927,,
68101,2013,64.0927,,
68101,2014,76.3401,,
68101,2015,100,,
68121,2011,97.2173,,
68121,2012,80.9422,,
68121,2013,80.9422,,
68121,2014,88.3197,,
68121,2015,100,,
68132,2011,100,,
68132,2012,75.641,,
68132,2013,75.641,,
68132,2014,80.9524,,
68132,2015,83.4586,,
68147,2011,99.4497,,
68147,2012,84.5298,,
68147,2013,84.5298,,
68147,2014,85.4424,,
68147,2015,74.215,,
68152,2011,90.7966,,
68152,2012,90.3483,,
68152,2013,88.0261,,
68152,2014,91.0074,,
68152,2015,96.146,,
68160,2011,100,,
68160,2012,90.5433,,
68160,2013,90.5433,,
68160,2014,91.2639,,
68160,2015,94.9814,,
68162,2011,100,,
68162,2012,95.4092,,
68162,2013,95.4092,,
68162,2014,95.5078,,
68162,2015,100,,
68167,2011,100,,
68167,2012,89.7178,,
68167,2013,89.7178,,
68167,2014,76.9404,,
68167,2015,93.8508,,
68169,2011,98.6437,,
68169,2012,78.9409,,
68169,2013,78.9409,,
68169,2014,91.202,,
68169,2015,100,,
68176,2011,100,,
68176,2012,93.5564,,
68176,2013,93.5564,,
68176,2014,51.4212,,
68176,2015,49.354,,
68179,2011,86.9674,,
68179,2012,71.7377,,
68179,2013,71.7377,,
68179,2014,73.9726,,
68179,2015,100,,
68190,2011,92.0828,,
68190,2012,94.3919,,
68190,2013,94.3919,,
68190,2014,95.5252,,
68190,2015,100,,
68207,2011,97.0312,,
68207,2012,91.7423,,
68207,2013,91.7423,,
68207,2014,92.1821,,
68207,2015,96.7354,,
68209,2011,94.7612,,
68209,2012,95.9459,,
68209,2013,95.9459,,
68209,2014,96.8421,,
68209,2015,100,,
68211,2011,100,,
68211,2012,84.3813,,
68211,2013,84.3813,,
68211,2014,85.1351,,
68211,2015,84.749,,
68217,2011,95.6183,,
68217,2012,91.0676,,
68217,2013,91.0676,,
68217,2014,94.889,,
68217,2015,99.8451,,
68229,2011,93.0542,,
68229,2012,77.5551,,
68229,2013,77.5551,,
68229,2014,89.478,,
68229,2015,100,,
68235,2011,100,,
68235,2012,84.1008,,
68235,2013,84.1008,,
68235,2014,90.1693,,
68235,2015,96.8956,,
68245,2011,81.7734,,
68245,2012,84.6271,,
68245,2013,84.6271,,
68245,2014,86.8831,,
68245,2015,82.987,,
68250,2011,86.61,,
68250,2012,78.9803,,
68250,2013,78.9803,,
68250,2014,72.9855,,
68250,2015,77.8071,,
68255,2011,77.4898,,
68255,2012,72.3063,,
68255,2013,72.3063,,
68255,2014,82.0359,,
68255,2015,94.7029,,
68264,2011,72.4296,,
68264,2012,82.1769,,
68264,2013,82.1769,,
68264,2014,83.522,,
68264,2015,86.5409,,
68266,2011,90.799,,
68266,2012,86.3771,,
68266,2013,86.3771,,
68266,2014,87.0665,,
68266,2015,94.9391,,
68271,2011,100,,
68271,2012,87.8904,,
68271,2013,87.8904,,
68271,2014,93.2061,,
68271,2015,99.8877,,
68276,2011,100,,
68276,2012,95.3297,,
68276,2013,95.3297,,
68276,2014,97.0301,,
68276,2015,100,,
68296,2011,83.526,,
68296,2012,20.9302,,
68296,2013,16.6667,,
68296,2014,90.0131,,
68296,2015,100,,
68298,2011,91.2562,,
68298,2012,94.062,,
68298,2013,94.062,,
68298,2014,81.5461,,
68298,2015,100,,
68307,2011,100,,
68307,2012,85.3341,,
68307,2013,85.3341,,
68307,2014,92.0192,,
68307,2015,100,,
68318,2011,100,,
68318,2012,89.197,,
68318,2013,89.197,,
68318,2014,96.1383,,
68318,2015,97.5793,,
68320,2011,91.5756,,
68320,2012,92.6941,,
68320,2013,92.6941,,
68320,2014,89.6085,,
68320,2015,95.8007,,
68322,2011,89.0922,,
68322,2012,94.4444,,
68322,2013,94.4444,,
68322,2014,94.9568,,
68322,2015,88.7608,,
68324,2011,100,,
68324,2012,88.4247,,
68324,2013,88.4247,,
68324,2014,95.3846,,
68324,2015,90.4348,,
68327,2011,100,,
68327,2012,89.3048,,
68327,2013,89.3048,,
68327,2014,90.1186,,
68327,2015,74.2095,,
68344,2011,100,,
68344,2012,79.4376,,
68344,2013,79.4376,,
68344,2014,89.1586,,
68344,2015,90.9385,,
68368,2011,100,,
68368,2012,90.6191,,
68368,2013,90.6191,,
68368,2014,91.4821,,
68368,2015,88.4157,,
68370,2011,88.7255,,
68370,2012,69.8842,,
68370,2013,57.2785,,
68370,2014,73.5593,,
68370,2015,100,,
68377,2011,94.3723,,
68377,2012,88.2826,,
68377,2013,88.2826,,
68377,2014,80.2058,,
68377,2015,74.0813,,
68385,2011,82.2587,,
68385,2012,89.3385,,
68385,2013,89.3385,,
68385,2014,90.7837,,
68385,2015,98.8564,,
68397,2011,91.5918,,
68397,2012,93.3591,,
68397,2013,90.2161,,
68397,2014,95.2903,,
68397,2015,100,,
68406,2011,98.9558,,
68406,2012,97.176,,
68406,2013,95.8661,,
68406,2014,97.8034,,
68406,2015,100,,
68418,2011,100,,
68418,2012,86.9363,,
68418,2013,86.9363,,
68418,2014,97.028,,
68418,2015,100,,
68425,2011,74.1697,,
68425,2012,78.8666,,
68425,2013,71.3105,,
68425,2014,79.0398,,
68425,2015,99.6487,,
68432,2011,100,,
68432,2012,96.2799,,
68432,2013,96.2799,,
68432,2014,96.5658,,
68432,2015,100,,
68444,2011,91.4373,,
68444,2012,88.4418,,
68444,2013,88.4418,,
68444,2014,89.0354,,
68444,2015,100,,
68464,2011,86.3807,,
68464,2012,80.251,,
68464,2013,80.251,,
68464,2014,82.2823,,
68464,2015,86.3363,,
68468,2011,86.1941,,
68468,2012,86.1406,,
68468,2013,86.1406,,
68468,2014,90.0438,,
68468,2015,93.8635,,
68498,2011,100,,
68498,2012,96.2162,,
68498,2013,96.2162,,
68498,2014,97.764,,
68498,2015,96.0248,,
68500,2011,100,,
68500,2012,83.9246,,
68500,2013,83.9246,,
68500,2014,95.5405,,
68500,2015,100,,
68502,2011,83.0297,,
68502,2012,65.6573,,
68502,2013,65.6573,,
68502,2014,95.2933,,
68502,2015,94.8588,,
68522,2011,100,,
68522,2012,56.5702,,
68522,2013,48.381,,
68522,2014,75.3247,,
68522,2015,78.1818,,
68524,2011,100,,
68524,2012,88.7287,,
68524,2013,88.7287,,
68524,2014,89.9061,,
68524,2015,89.7887,,
68533,2011,100,,
68533,2012,93.9394,,
68533,2013,93.9394,,
68533,2014,93.0754,,
68533,2015,87.6782,,
68547,2011,100,,
68547,2012,95.9447,,
68547,2013,95.9447,,
68547,2014,85.9998,,
68547,2015,100,,
68549,2011,72.6194,,
68549,2012,91.2859,,
68549,2013,91.2859,,
68549,2014,98.9352,,
68549,2015,100,,
68572,2011,100,,
68572,2012,96.631,,
68572,2013,96.2673,,
68572,2014,97.1565,,
68572,2015,100,,
68573,2011,100,,
68573,2012,74.606,,
68573,2013,74.606,,
68573,2014,75.6711,,
68573,2015,100,,
68575,2011,100,,
68575,2012,96.7767,,
68575,2013,96.7767,,
68575,2014,95.6373,,
68575,2015,100,,
68615,2011,91.6534,,
68615,2012,79.9964,,
68615,2013,79.9964,,
68615,2014,88.8949,,
68615,2015,100,,
68655,2011,100,,
68655,2012,78.6823,,
68655,2013,78.6823,,
68655,2014,92.4879,,
68655,2015,100,,
68669,2011,86.863,,
68669,2012,88.1617,,
68669,2013,88.1617,,
68669,2014,97.4853,,
68669,2015,100,,
68673,2011,100,,
68673,2012,79.7665,,
68673,2013,79.7665,,
68673,2014,85.4512,,
68673,2015,91.3444,,
68679,2011,100,,
68679,2012,89.2488,,
68679,2013,89.2488,,
68679,2014,90.8457,,
68679,2015,92.7554,,
68682,2011,90.0439,,
68682,2012,88.1089,,
68682,2013,88.1089,,
68682,2014,88.5517,,
68682,2015,90.2069,,
68684,2011,90.8332,,
68684,2012,84.5535,,
68684,2013,84.5535,,
68684,2014,86.1272,,
68684,2015,88.4393,,
68686,2011,98.1429,,
68686,2012,72.9673,,
68686,2013,72.9673,,
68686,2014,83.8676,,
68686,2015,87.9007,,
68689,2011,98.7828,,
68689,2012,94.6076,,
68689,2013,94.6076,,
68689,2014,95.1175,,
68689,2015,100,,
68705,2011,87.3347,,
68705,2012,77.4716,,
68705,2013,77.4716,,
68705,2014,88.8889,,
68705,2015,100,,
68720,2011,82.6877,,
68720,2012,81.0755,,
68720,2013,72.9981,,
68720,2014,60.5644,,
68720,2015,81.8995,,
68745,2011,96.3028,,
68745,2012,70.8123,,
68745,2013,70.8123,,
68745,2014,88.7243,,
68745,2015,100,,
68755,2011,100,,
68755,2012,87.1063,,
68755,2013,87.1063,,
68755,2014,92.7387,,
68755,2015,100,,
68770,2011,100,,
68770,2012,95.4117,,
68770,2013,95.4117,,
68770,2014,95.8037,,
68770,2015,100,,
68773,2011,89.8532,,
68773,2012,83.9605,,
68773,2013,83.9605,,
68773,2014,87.3973,,
68773,2015,100,,
68780,2011,84.0512,,
68780,2012,91.8347,,
68780,2013,91.8347,,
68780,2014,92.5139,,
68780,2015,98.9834,,
68820,2011,93.9172,,
68820,2012,92.6067,,
68820,2013,92.6067,,
68820,2014,96.9338,,
68820,2015,100,,
68855,2011,94.4602,,
68855,2012,90.868,,
68855,2013,90.868,,
68855,2014,95.3846,,
68855,2015,94.4939,,
68861,2011,100,,
68861,2012,92.5208,,
68861,2013,92.3417,,
68861,2014,93.3068,,
68861,2015,100,,
68867,2011,100,,
68867,2012,85.2495,,
68867,2013,85.2495,,
68867,2014,93.9394,,
68867,2015,90.4762,,
68872,2011,91.7745,,
68872,2012,85.2014,,
68872,2013,85.2014,,
68872,2014,94.187,,
68872,2015,98.9048,,
68895,2011,84.081,,
68895,2012,58.7885,,
68895,2013,58.7885,,
68895,2014,80.2632,,
68895,2015,100,,
70001,2011,100,,
70001,2012,100,,
70001,2013,100,,
70001,2014,100,,
70001,2015,100,,
70110,2011,69.5888,,
70110,2012,95.276,,
70110,2013,95.276,,
70110,2014,95.1482,,
70110,2015,95.1482,,
70124,2011,100,,
70124,2012,100,,
70124,2013,93.5626,,
70124,2014,93.5544,,
70124,2015,93.5544,,
70204,2011,100,,
70204,2012,95.6515,,
70204,2013,84.8459,,
70204,2014,84.8332,,
70204,2015,84.8332,,
70215,2011,100,,
70215,2012,100,,
70215,2013,100,,
70215,2014,100,,
70215,2015,100,,
70221,2011,100,,
70221,2012,100,,
70221,2013,100,,
70221,2014,100,,
70221,2015,100,,
70230,2011,100,,
70230,2012,100,,
70230,2013,100,,
70230,2014,100,,
70230,2015,100,,
70233,2011,81.1593,,
70233,2012,88.8792,,
70233,2013,88.8792,,
70233,2014,88.8492,,
70233,2015,88.8492,,
70235,2011,96.0693,,
70235,2012,97.6537,,
70235,2013,85.7572,,
70235,2014,85.7572,,
70235,2015,85.7572,,
70265,2011,88.0317,,
70265,2012,78.1289,,
70265,2013,78.1289,,
70265,2014,78.1234,,
70265,2015,78.1234,,
70400,2011,100,,
70400,2012,100,,
70400,2013,100,,
70400,2014,100,,
70400,2015,100,,
70418,2011,100,,
70418,2012,100,,
70418,2013,95.0329,,
70418,2014,95.0345,,
70418,2015,95.0345,,
70429,2011,93.5893,,
70429,2012,86.9515,,
70429,2013,79.4992,,
70429,2014,79.4992,,
70429,2015,79.4992,,
70473,2011,100,,
70473,2012,83.1878,,
70473,2013,83.1878,,
70473,2014,83.16,,
70473,2015,83.1599,,
70508,2011,100,,
70508,2012,100,,
70508,2013,100,,
70508,2014,89.1766,,
70508,2015,89.1766,,
70523,2011,90.3185,,
70523,2012,97.3294,,
70523,2013,97.3294,,
70523,2014,97.3233,,
70523,2015,97.3233,,
70670,2011,99.1372,,
70670,2012,100,,
70670,2013,100,,
70670,2014,92.5432,,
70670,2015,92.5432,,
70678,2011,68.8448,,
70678,2012,78.0075,,
70678,2013,78.0075,,
70678,2014,78.0082,,
70678,2015,78.0082,,
70702,2011,100,,
70702,2012,100,,
70702,2013,92.626,,
70702,2014,92.616,,
70702,2015,92.616,,
70708,2011,97.1922,,
70708,2012,100,,
70708,2013,92.0385,,
70708,2014,92.038,,
70708,2015,92.038,,
70713,2011,100,,
70713,2012,84.448,,
70713,2013,71.7607,,
70713,2014,71.7607,,
70713,2015,71.7607,,
70717,2011,100,,
70717,2012,100,,
70717,2013,100,,
70717,2014,100,,
70717,2015,100,,
70742,2011,99.418,,
70742,2012,91.581,,
70742,2013,91.581,,
70742,2014,91.5535,,
70742,2015,91.5535,,
70771,2011,77.961,,
70771,2012,86.1139,,
70771,2013,77.3665,,
70771,2014,77.3665,,
70771,2015,77.3665,,
70820,2011,100,,
70820,2012,99.5476,,
70820,2013,99.5476,,
70820,2014,99.5327,,
70820,2015,99.5327,,
70823,2011,100,,
70823,2012,100,,
70823,2013,98.1621,,
70823,2014,98.1758,,
70823,2015,98.1758,,
73001,2011,93.5452,,
73001,2012,93.543,,
73001,2013,94.5153,,
73001,2014,93.7861,,
73001,2015,96.07,,
73024,2011,83.1182,,
73024,2012,83.0846,,
73024,2013,85.8706,,
73024,2014,83.7786,,
73024,2015,83.874,,
73026,2011,44.6809,,
73026,2012,65.2862,,
73026,2013,76.6139,,
73026,2014,69.0554,,
73026,2015,70.3583,,
73030,2011,72.314,,
73030,2012,75.8099,,
73030,2013,76.2419,,
73030,2014,75.9657,,
73030,2015,76.1803,,
73043,2011,57.83,,
73043,2012,92,,
73043,2013,92.7473,,
73043,2014,92.3977,,
73043,2015,92.0635,,
73055,2011,100,,
73055,2012,94.3787,,
73055,2013,95.858,,
73055,2014,94.4888,,
73055,2015,94.7063,,
73067,2011,57.3201,,
73067,2012,54.1043,,
73067,2013,56.084,,
73067,2014,66.3128,,
73067,2015,72.8638,,
73124,2011,92.7137,,
73124,2012,85.4873,,
73124,2013,85.6161,,
73124,2014,85.684,,
73124,2015,87.9288,,
73148,2011,98.5544,,
73148,2012,98.6499,,
73148,2013,100,,
73148,2014,98.8166,,
73148,2015,100,,
73152,2011,88.4407,,
73152,2012,88.0833,,
73152,2013,88.8729,,
73152,2014,88.2603,,
73152,2015,88.1895,,
73168,2011,70.6818,,
73168,2012,67.792,,
73168,2013,69.3305,,
73168,2014,70.9801,,
73168,2015,72.366,,
73200,2011,97.1133,,
73200,2012,92,,
73200,2013,88.2469,,
73200,2014,92.8483,,
73200,2015,88.1841,,
73217,2011,80.9034,,
73217,2012,75.0154,,
73217,2013,75.1647,,
73217,2014,93.6343,,
73217,2015,96.2139,,
73226,2011,81.1442,,
73226,2012,83.0888,,
73226,2013,84.1699,,
73226,2014,83.509,,
73226,2015,83.0572,,
73236,2011,77.6162,,
73236,2012,76.6839,,
73236,2013,77.5475,,
73236,2014,77.3617,,
73236,2015,78.6473,,
73268,2011,99.9003,,
73268,2012,100,,
73268,2013,100,,
73268,2014,100,,
73268,2015,100,,
73270,2011,86.2778,,
73270,2012,86.0633,,
73270,2013,79.6073,,
73270,2014,86.6133,,
73270,2015,87.9467,,
73275,2011,80.6303,,
73275,2012,100,,
73275,2013,100,,
73275,2014,99.569,,
73275,2015,100,,
73283,2011,83.8329,,
73283,2012,92.037,,
73283,2013,77.4994,,
73283,2014,92.2289,,
73283,2015,93.9157,,
73319,2011,95.7973,,
73319,2012,90.4278,,
73319,2013,92.3227,,
73319,2014,90.8616,,
73319,2015,92.3349,,
73347,2011,94.2599,,
73347,2012,94.2224,,
73347,2013,94.2951,,
73347,2014,94.3816,,
73347,2015,93.8516,,
73349,2011,100,,
73349,2012,93.9052,,
73349,2013,94.3567,,
73349,2014,94,,
73349,2015,94.2222,,
73352,2011,100,,
73352,2012,96.3729,,
73352,2013,100,,
73352,2014,97.6119,,
73352,2015,97.0813,,
73408,2011,93.255,,
73408,2012,93.1973,,
73408,2013,94.0476,,
73408,2014,90.2973,,
73408,2015,92.3318,,
73411,2011,97.5162,,
73411,2012,97.4972,,
73411,2013,98.5118,,
73411,2014,97.5801,,
73411,2015,99.2806,,
73443,2011,91.9826,,
73443,2012,92.1376,,
73443,2013,78.1915,,
73443,2014,92.6063,,
73443,2015,95.1941,,
73449,2011,100,,
73449,2012,92.9416,,
73449,2013,98.6027,,
73449,2014,93.6636,,
73449,2015,96.1402,,
73461,2011,40.5616,,
73461,2012,66.3636,,
73461,2013,68.4091,,
73461,2014,78.4404,,
73461,2015,80.9633,,
73483,2011,100,,
73483,2012,88.7751,,
73483,2013,89.4577,,
73483,2014,89.2831,,
73483,2015,89.4642,,
73504,2011,82.9111,,
73504,2012,82.5419,,
73504,2013,84.5412,,
73504,2014,83.4965,,
73504,2015,87.9683,,
73520,2011,94.8584,,
73520,2012,87.8945,,
73520,2013,89.0326,,
73520,2014,88.2707,,
73520,2015,90.1754,,
73547,2011,98.861,,
73547,2012,83.2178,,
73547,2013,84.466,,
73547,2014,84,,
73547,2015,86.7097,,
73555,2011,92.0354,,
73555,2012,92.2033,,
73555,2013,81.0476,,
73555,2014,92.2955,,
73555,2015,92.1818,,
73563,2011,92.8927,,
73563,2012,95.0145,,
73563,2013,96.1705,,
73563,2014,95.3284,,
73563,2015,96.2762,,
73585,2011,100,,
73585,2012,87.2606,,
73585,2013,88.5665,,
73585,2014,87.6512,,
73585,2015,87.8762,,
73616,2011,68.6024,,
73616,2012,57.9917,,
73616,2013,59.7593,,
73616,2014,61.2656,,
73616,2015,61.7258,,
73622,2011,42.0519,,
73622,2012,61.406,,
73622,2013,61.9799,,
73622,2014,61.7898,,
73622,2015,65.0568,,
73624,2011,94.3225,,
73624,2012,90.8368,,
73624,2013,93.0315,,
73624,2014,91.1005,,
73624,2015,92.8324,,
73671,2011,94.2337,,
73671,2012,81.1321,,
73671,2013,82.5835,,
73671,2014,81.7672,,
73671,2015,82.8892,,
73675,2011,78.1462,,
73675,2012,77.8041,,
73675,2013,78.2785,,
73675,2014,75.9445,,
73675,2015,76.3642,,
73678,2011,43.4529,,
73678,2012,98.0608,,
73678,2013,99.5527,,
73678,2014,98.1651,,
73678,2015,100,,
73686,2011,100,,
73686,2012,87.9526,,
73686,2013,89.1376,,
73686,2014,88.3142,,
73686,2015,89.1443,,
73770,2011,93.9116,,
73770,2012,87.699,,
73770,2013,89.8698,,
73770,2014,88.2108,,
73770,2015,90.1526,,
73854,2011,86.4241,,
73854,2012,82.6781,,
73854,2013,83.4152,,
73854,2014,83.0732,,
73854,2015,84.2737,,
73861,2011,86.6934,,
73861,2012,97.1042,,
73861,2013,97.6834,,
73861,2014,97.2041,,
73861,2015,98.7884,,
73870,2011,66.1473,,
73870,2012,91.0816,,
73870,2013,89.5636,,
73870,2014,90.2738,,
73870,2015,90.3683,,
73873,2011,91.998,,
73873,2012,92.9515,,
73873,2013,83.7255,,
73873,2014,93.0736,,
73873,2015,92.6407,,
76001,2011,95.4315,,
76001,2012,95.1815,,
76001,2013,95.1815,,
76001,2014,93.6097,,
76001,2015,96.4047,,
76020,2011,67.1955,,
76020,2012,100,,
76020,2013,100,,
76020,2014,100,,
76020,2015,100,,
76036,2011,98.8263,,
76036,2012,98.8444,,
76036,2013,98.8654,,
76036,2014,98.8654,,
76036,2015,98.8654,,
76041,2011,95.7745,,
76041,2012,99.6889,,
76041,2013,99.6914,,
76041,2014,99.6914,,
76041,2015,99.6914,,
76054,2011,88.3661,,
76054,2012,100,,
76054,2013,100,,
76054,2014,100,,
76054,2015,100,,
76100,2011,93.0154,,
76100,2012,88.5918,,
76100,2013,88.7138,,
76100,2014,88.7138,,
76100,2015,88.7138,,
76109,2011,76.5527,,
76109,2012,95.8964,,
76109,2013,100,,
76109,2014,95.1277,,
76109,2015,95.1277,,
76111,2011,95.665,,
76111,2012,87.6838,,
76111,2013,88.1842,,
76111,2014,88.1842,,
76111,2015,88.3486,,
76113,2011,99.1093,,
76113,2012,98.6306,,
76113,2013,98.6684,,
76113,2014,98.6684,,
76113,2015,98.6684,,
76122,2011,90.2042,,
76122,2012,99.4949,,
76122,2013,99.511,,
76122,2014,99.511,,
76122,2015,99.511,,
76126,2011,90.0141,,
76126,2012,86.3979,,
76126,2013,86.8938,,
76126,2014,86.8938,,
76126,2015,86.9812,,
76130,2011,98.5177,,
76130,2012,98.9084,,
76130,2013,99.0052,,
76130,2014,99.0052,,
76130,2015,99.0411,,
76147,2011,99.4172,,
76147,2012,100,,
76147,2013,100,,
76147,2014,100,,
76147,2015,100,,
76233,2011,96.3885,,
76233,2012,95.7855,,
76233,2013,96.2256,,
76233,2014,96.2256,,
76233,2015,96.3613,,
76243,2011,97.9663,,
76243,2012,99.2669,,
76243,2013,99.2715,,
76243,2014,99.2715,,
76243,2015,99.2715,,
76246,2011,95.6965,,
76246,2012,94.4748,,
76246,2013,94.4566,,
76246,2014,94.4566,,
76246,2015,94.4566,,
76248,2011,96.2516,,
76248,2012,96.0238,,
76248,2013,96.8043,,
76248,2014,96.8043,,
76248,2015,96.8043,,
76250,2011,86.5204,,
76250,2012,76.5096,,
76250,2013,76.6952,,
76250,2014,76.6952,,
76250,2015,76.6952,,
76275,2011,95.0522,,
76275,2012,90.8324,,
76275,2013,92.3752,,
76275,2014,92.3752,,
76275,2015,93.1706,,
76306,2011,95.8333,,
76306,2012,93.5945,,
76306,2013,93.4806,,
76306,2014,88.7014,,
76306,2015,88.8037,,
76318,2011,96.8324,,
76318,2012,98.8523,,
76318,2013,98.9026,,
76318,2014,98.9026,,
76318,2015,98.9871,,
76364,2011,94.382,,
76364,2012,93.1971,,
76364,2013,94.346,,
76364,2014,94.346,,
76364,2015,94.5794,,
76377,2011,93.3857,,
76377,2012,94.5069,,
76377,2013,95.5235,,
76377,2014,95.5235,,
76377,2015,95.5479,,
76400,2011,96.8144,,
76400,2012,99.8353,,
76400,2013,99.8372,,
76400,2014,99.8372,,
76400,2015,99.8372,,
76403,2011,96.3726,,
76403,2012,96.4228,,
76403,2013,96.4545,,
76403,2014,96.4545,,
76403,2015,96.4545,,
76497,2011,92.8786,,
76497,2012,98.4238,,
76497,2013,98.3225,,
76497,2014,98.3225,,
76497,2015,100,,
76520,2011,98.0857,,
76520,2012,98.2849,,
76520,2013,98.5149,,
76520,2014,98.5149,,
76520,2015,99.3209,,
76563,2011,87.0072,,
76563,2012,90.4856,,
76563,2013,91.0438,,
76563,2014,91.0438,,
76563,2015,91.0438,,
76606,2011,98.8674,,
76606,2012,98.6752,,
76606,2013,99.0045,,
76606,2014,99.0045,,
76606,2015,99.276,,
76616,2011,100,,
76616,2012,98.5572,,
76616,2013,98.5787,,
76616,2014,98.5787,,
76616,2015,98.6464,,
76622,2011,97.2919,,
76622,2012,97.2842,,
76622,2013,97.3154,,
76622,2014,97.3154,,
76622,2015,97.3154,,
76670,2011,73.7733,,
76670,2012,93.1941,,
76670,2013,97.0758,,
76670,2014,97.0758,,
76670,2015,97.0758,,
76736,2011,87.2514,,
76736,2012,94.0476,,
76736,2013,94.4957,,
76736,2014,94.4957,,
76736,2015,94.4957,,
76823,2011,93.5273,,
76823,2012,100,,
76823,2013,100,,
76823,2014,100,,
76823,2015,100,,
76828,2011,93.7712,,
76828,2012,89.4145,,
76828,2013,89.6119,,
76828,2014,89.6119,,
76828,2015,89.6119,,
76834,2011,95.2979,,
76834,2012,93.6553,,
76834,2013,96.5789,,
76834,2014,96.5789,,
76834,2015,100,,
76845,2011,97.9461,,
76845,2012,98.0099,,
76845,2013,98.0296,,
76845,2014,98.0296,,
76845,2015,98.0296,,
76863,2011,99.8481,,
76863,2012,98.8261,,
76863,2013,98.8287,,
76863,2014,98.8287,,
76863,2015,98.8287,,
76869,2011,95.1254,,
76869,2012,96.1434,,
76869,2013,96.3672,,
76869,2014,96.3672,,
76869,2015,96.4333,,
76890,2011,95.8228,,
76890,2012,96.3907,,
76890,2013,97.3311,,
76890,2014,97.3311,,
76890,2015,97.3728,,
76892,2011,73.8005,,
76892,2012,65.7321,,
76892,2013,65.7321,,
76892,2014,64.438,,
76892,2015,64.5839,,
76895,2011,94.747,,
76895,2012,99.3076,,
76895,2013,99.3269,,
76895,2014,99.3269,,
76895,2015,99.3269,,
81001,2011,55.2785,,
81001,2012,72.9188,,
81001,2013,72.2495,,
81001,2014,66.398,,
81001,2015,74.562,,
81065,2011,98.8577,,
81065,2012,85.379,,
81065,2013,100,,
81065,2014,100,,
81065,2015,100,,
81220,2011,86.8132,,
81220,2012,8.7719,,
81220,2013,22.179,,
81220,2014,8.5603,,
81220,2015,10.8949,,
81300,2011,82.8078,,
81300,2012,84.0313,,
81300,2013,84.3623,,
81300,2014,79.0018,,
81300,2015,79.9261,,
81591,2011,95.8998,,
81591,2012,57.2614,,
81591,2013,77.8125,,
81591,2014,49.375,,
81591,2015,55.3125,,
81736,2011,97.0872,,
81736,2012,77.2247,,
81736,2013,99.5595,,
81736,2014,84.4053,,
81736,2015,83.9207,,
81794,2011,60.5489,,
81794,2012,73.3226,,
81794,2013,84.1456,,
81794,2014,66.0617,,
81794,2015,71.5652,,
85001,2011,97.4574,,
85001,2012,38.9639,,
85001,2013,43.5205,,
85001,2014,100,,
85001,2015,48.7593,,
85010,2011,89.7008,,
85010,2012,79.9882,,
85010,2013,54.956,,
85010,2014,57.1554,,
85010,2015,61.2317,,
85015,2011,60.9504,,
85015,2012,27.7056,,
85015,2013,30.303,,
85015,2014,32.9004,,
85015,2015,32.9004,,
85125,2011,61.1294,,
85125,2012,44.1895,,
85125,2013,52.7757,,
85125,2014,58.2531,,
85125,2015,72.7609,,
85136,2011,67.6923,,
85136,2012,55.2239,,
85136,2013,59.7015,,
85136,2014,60.199,,
85136,2015,60.6965,,
85139,2011,98.027,,
85139,2012,52.8431,,
85139,2013,60.3922,,
85139,2014,64.1176,,
85139,2015,68.8235,,
85162,2011,98.5939,,
85162,2012,74.9522,,
85162,2013,84.3212,,
85162,2014,91.9694,,
85162,2015,95.9847,,
85225,2011,60.3793,,
85225,2012,42.0216,,
85225,2013,44.8188,,
85225,2014,47.8703,,
85225,2015,51.4304,,
85230,2011,78.5867,,
85230,2012,17.4125,,
85230,2013,13.8546,,
85230,2014,28.1893,,
85230,2015,30.3155,,
85250,2011,100,,
85250,2012,40.3166,,
85250,2013,44.3247,,
85250,2014,45.3854,,
85250,2015,51.2405,,
85263,2011,86.1581,,
85263,2012,49.6922,,
85263,2013,54.7933,,
85263,2014,58.927,,
85263,2015,61.1258,,
85279,2011,19.8154,,
85279,2012,39.5833,,
85279,2013,43.4896,,
85279,2014,44.7917,,
85279,2015,46.3542,,
85300,2011,100,,
85300,2012,52.8651,,
85300,2013,50.571,,
85300,2014,52.8548,,
85300,2015,54.1599,,
85315,2011,67.1805,,
85315,2012,76.6871,,
85315,2013,84.6626,,
85315,2014,85.2761,,
85315,2015,93.865,,
85325,2011,50.7644,,
85325,2012,39.9715,,
85325,2013,45.753,,
85325,2014,48.394,,
85325,2015,53.1049,,
85400,2011,33.136,,
85400,2012,22.1821,,
85400,2013,25.1445,,
85400,2014,26.0838,,
85400,2015,32.659,,
85410,2011,76.8884,,
85410,2012,65.5133,,
85410,2013,73.2987,,
85410,2014,77.6817,,
85410,2015,82.1223,,
85430,2011,100,,
85430,2012,100,,
85430,2013,100,,
85430,2014,56.0101,,
85430,2015,56.2998,,
85440,2011,89.4528,,
85440,2012,72.5643,,
85440,2013,81.6836,,
85440,2014,89.5557,,
85440,2015,91.5822,,
86001,2011,91.7593,,
86001,2012,74.7236,,
86001,2013,100,,
86001,2014,73.0202,,
86001,2015,75.7023,,
86219,2011,80.0809,,
86219,2012,97.6132,,
86219,2013,97.6132,,
86219,2014,98.3333,,
86219,2015,0,,
86320,2011,67.5541,,
86320,2012,15.8141,,
86320,2013,17.2282,,
86320,2014,29.5583,,
86320,2015,36.2126,,
86568,2011,86.2748,,
86568,2012,26.6815,,
86568,2013,26.6815,,
86568,2014,58.9718,,
86568,2015,38.4907,,
86569,2011,39.3261,,
86569,2012,37.8698,,
86569,2013,37.8698,,
86569,2014,21.8168,,
86569,2015,30.9382,,
86571,2011,68.0482,,
86571,2012,12.3318,,
86571,2013,12.3999,,
86571,2014,36.0245,,
86571,2015,19.8263,,
86573,2011,57.9739,,
86573,2012,77.6,,
86573,2013,77.6,,
86573,2014,100,,
86573,2015,100,,
86749,2011,97.7754,,
86749,2012,98.611,,
86749,2013,98.611,,
86749,2014,98.722,,
86749,2015,0,,
86755,2011,74.9337,,
86755,2012,93.8422,,
86755,2013,93.8422,,
86755,2014,95.6667,,
86755,2015,0,,
86757,2011,22.0836,,
86757,2012,16.3682,,
86757,2013,16.3682,,
86757,2014,13.7734,,
86757,2015,26.5689,,
86760,2011,55.1217,,
86760,2012,99.2208,,
86760,2013,99.2208,,
86760,2014,99.216,,
86760,2015,0,,
86865,2011,64.3968,,
86865,2012,78.257,,
86865,2013,100,,
86865,2014,26.6528,,
86865,2015,40.2757,,
86885,2011,54.8293,,
86885,2012,31.4128,,
86885,2013,45.6941,,
86885,2014,24.298,,
86885,2015,53.355,,
88001,2011,100,,
88001,2012,100,,
88001,2013,99.9825,,
88564,2011,100,,
88564,2012,100,,
88564,2013,0,,
91001,2011,72.5446,,
91001,2012,21.0455,,
91001,2013,20.5024,,
91001,2014,20.5024,,
91001,2015,20.5024,,
91263,2011,70.0844,,
91263,2012,7.4074,,
91263,2013,8.9606,,
91263,2014,8.9606,,
91263,2015,8.9606,,
91405,2011,70,,
91405,2012,99.8571,,
91405,2013,11.1429,,
91405,2014,11.1429,,
91405,2015,11.1429,,
91407,2011,69.9482,,
91407,2012,6.4232,,
91407,2013,20.7809,,
91407,2014,20.7809,,
91407,2015,20.7809,,
91430,2011,69.9387,,
91430,2012,21.9512,,
91430,2013,21.9512,,
91430,2014,21.9512,,
91430,2015,21.9512,,
91460,2011,70.1245,,
91460,2012,17.1548,,
91460,2013,4.6025,,
91460,2014,4.6025,,
91460,2015,4.6025,,
91530,2011,70.073,,
91530,2012,3.271,,
91530,2013,8.4112,,
91530,2014,8.4112,,
91530,2015,8.4112,,
91536,2011,69.9074,,
91536,2012,41.8605,,
91536,2013,29.7674,,
91536,2014,29.7674,,
91536,2015,29.7674,,
91540,2011,71.6138,,
91540,2012,69.6448,,
91540,2013,68.3531,,
91540,2014,68.3531,,
91540,2015,68.3531,,
91669,2011,70,,
91669,2012,12.5461,,
91669,2013,12.5461,,
91669,2014,12.5461,,
91669,2015,12.5461,,
91798,2011,70,,
91798,2012,6.2038,,
91798,2013,38.9956,,
91798,2014,38.9956,,
91798,2015,38.9956,,
94001,2011,79.3893,,
94001,2012,100,,
94001,2013,100,,
94001,2014,100,,
94001,2015,100,,
94343,2011,58.0198,,
94343,2012,10.1961,,
94343,2013,10.1961,,
94343,2014,46.0784,,
94343,2015,46.0784,,
94663,2011,58.1102,,
94663,2012,100,,
94663,2013,100,,
94663,2014,100,,
94663,2015,100,,
94883,2011,57.9462,,
94883,2012,100,,
94883,2013,100,,
94883,2014,100,,
94883,2015,100,,
94884,2011,58.0571,,
94884,2012,2.2371,,
94884,2013,66.6667,,
94884,2014,66.6667,,
94884,2015,66.6667,,
94885,2011,58.4615,,
94885,2012,98.5294,,
94885,2013,98.5294,,
94885,2014,98.5294,,
94885,2015,0,,
94886,2011,57.9381,,
94886,2012,78.2609,,
94886,2013,78.2609,,
94886,2014,78.2609,,
94886,2015,78.2609,,
94887,2011,58.018,,
94887,2012,5.5749,,
94887,2013,5.5749,,
94887,2014,5.5749,,
94887,2015,5.5749,,
94888,2011,57.9439,,
94888,2012,22.3214,,
94888,2013,22.3214,,
94888,2014,22.3214,,
94888,2015,22.3214,,
95001,2011,52.843,,
95001,2012,50.5514,,
95001,2013,50.5514,,
95001,2014,61.2386,,
95001,2015,83.0072,,
95015,2011,56.9811,,
95015,2012,26.443,,
95015,2013,26.443,,
95015,2014,26.443,,
95015,2015,26.443,,
95025,2011,68.7236,,
95025,2012,5.2977,,
95025,2013,6.1885,,
95025,2014,9.9338,,
95025,2015,15.7616,,
95200,2011,66.0642,,
95200,2012,100,,
95200,2013,100,,
95200,2014,100,,
95200,2015,100,,
97001,2011,74.7535,,
97001,2012,40.516,,
97001,2013,43.0391,,
97001,2014,43.0391,,
97001,2015,43.0391,,
97161,2011,65.1391,,
97161,2012,42.1371,,
97161,2013,42.1371,,
97161,2014,41.5507,,
97161,2015,41.5507,,
97511,2011,57.9755,,
97511,2012,10.989,,
97511,2013,10.989,,
97511,2014,9.9819,,
97511,2015,9.9819,,
97666,2011,63.3929,,
97666,2012,72.8395,,
97666,2013,72.8395,,
97666,2014,72.8395,,
97666,2015,72.8395,,
97777,2011,57.8947,,
97777,2012,97.3451,,
97777,2013,97.3451,,
97777,2014,100,,
97777,2015,100,,
97889,2011,57.8704,,
97889,2012,99.5349,,
97889,2013,99.5349,,
97889,2014,95.5357,,
97889,2015,95.5357,,
99001,2011,85.7733,,
99001,2012,37.3512,,
99001,2013,37.3512,,
99001,2014,37.3512,,
99001,2015,37.3512,,
99524,2011,75.7599,,
99524,2012,17.1367,,
99524,2013,17.1367,,
99524,2014,17.1367,,
99524,2015,17.1367,,
99624,2011,79.3846,,
99624,2012,25.3521,,
99624,2013,25.3521,,
99624,2014,25.3521,,
99624,2015,25.3521,,
99773,2011,63.8588,,
99773,2012,25.0635,,
99773,2013,25.0635,,
99773,2014,25.5431,,
99773,2015,24.8836,,
