cod_divipola,anio,valor,numerador,denominador
05001,1993,0,0,1696362
05001,1994,0,0,1726016
05001,1995,0,0,1756761
05001,1996,0,0,1787831
05001,1997,0,0,1816301
05001,1998,0,0,1847391
05001,1999,0,0,1877865
05001,2000,0.0524,1,1907859
05001,2001,0.3098,6,1936860
05001,2002,0.6616,13,1965015
05001,2003,0.552,11,1992640
05001,2004,0.2475,5,2019930
05001,2005,0.1466,3,2046341
05001,2006,0,0,2074195
05001,2007,0,0,2101771
05001,2008,0,0,2129336
05002,1993,0,0,25865
05002,1994,0,0,25596
05002,1995,0,0,25331
05002,1996,0,0,25094
05002,1997,0,0,24929
05002,1998,0,0,24684
05002,1999,0,0,24454
05002,2000,4.1295,1,24216
05002,2001,0,0,23978
05002,2002,0,0,23732
05002,2003,0,0,23468
05002,2004,0,0,23229
05002,2005,0,0,22942
05002,2006,0,0,22705
05002,2007,0,0,22492
05002,2008,0,0,22237
05004,1993,0,0,2804
05004,1994,0,0,2822
05004,1995,0,0,2784
05004,1996,0,0,2771
05004,1997,0,0,2775
05004,1998,0,0,2776
05004,1999,0,0,2737
05004,2000,0,0,2758
05004,2001,0,0,2725
05004,2002,0,0,2732
05004,2003,0,0,2730
05004,2004,0,0,2732
05004,2005,0,0,2719
05004,2006,0,0,2652
05004,2007,0,0,2649
05004,2008,0,0,2656
05021,1993,0,0,4881
05021,1994,0,0,4887
05021,1995,0,0,4815
05021,1996,0,0,4833
05021,1997,0,0,4814
05021,1998,0,0,4814
05021,1999,0,0,4833
05021,2000,0,0,4793
05021,2001,62.6959,3,4785
05021,2002,0,0,4761
05021,2003,0,0,4746
05021,2004,0,0,4755
05021,2005,0,0,4724
05021,2006,0,0,4725
05021,2007,0,0,4697
05021,2008,0,0,4679
05030,1993,0,0,24561
05030,1994,0,0,24770
05030,1995,0,0,24995
05030,1996,0,0,25201
05030,1997,0,0,25472
05030,1998,0,0,25699
05030,1999,0,0,25937
05030,2000,0,0,26174
05030,2001,0,0,26347
05030,2002,0,0,26573
05030,2003,0,0,26733
05030,2004,0,0,26939
05030,2005,0,0,27121
05030,2006,0,0,27308
05030,2007,0,0,27482
05030,2008,0,0,27725
05031,1993,0,0,20326
05031,1994,0,0,20519
05031,1995,0,0,20734
05031,1996,0,0,20966
05031,1997,0,0,21205
05031,1998,0,0,21443
05031,1999,0,0,21695
05031,2000,0,0,21905
05031,2001,0,0,22125
05031,2002,4.4789,1,22327
05031,2003,0,0,22521
05031,2004,4.4008,1,22723
05031,2005,0,0,22933
05031,2006,0,0,23133
05031,2007,0,0,23330
05031,2008,0,0,23535
05034,1993,0,0,41204
05034,1994,0,0,41216
05034,1995,0,0,41267
05034,1996,0,0,41359
05034,1997,0,0,41427
05034,1998,0,0,41560
05034,1999,0,0,41634
05034,2000,0,0,41731
05034,2001,0,0,41780
05034,2002,0,0,41814
05034,2003,0,0,41827
05034,2004,0,0,41901
05034,2005,0,0,41876
05034,2006,0,0,41913
05034,2007,0,0,41952
05034,2008,0,0,41965
05036,1993,0,0,6086
05036,1994,0,0,6072
05036,1995,0,0,6040
05036,1996,0,0,6026
05036,1997,0,0,6003
05036,1998,0,0,6008
05036,1999,0,0,5944
05036,2000,0,0,5973
05036,2001,0,0,5922
05036,2002,0,0,5923
05036,2003,0,0,5903
05036,2004,0,0,5874
05036,2005,0,0,5865
05036,2006,0,0,5868
05036,2007,0,0,5832
05036,2008,0,0,5813
05038,1993,0,0,13128
05038,1994,0,0,13027
05038,1995,0,0,12923
05038,1996,0,0,12845
05038,1997,0,0,12810
05038,1998,0,0,12742
05038,1999,0,0,12640
05038,2000,0,0,12585
05038,2001,0,0,12514
05038,2002,0,0,12419
05038,2003,0,0,12323
05038,2004,0,0,12276
05038,2005,0,0,12193
05038,2006,0,0,12102
05038,2007,0,0,12040
05038,2008,0,0,11968
05040,1993,0,0,13713
05040,1994,0,0,13875
05040,1995,0,0,14059
05040,1996,0,0,14244
05040,1997,0,0,14439
05040,1998,0,0,14604
05040,1999,0,0,14810
05040,2000,6.6649,1,15004
05040,2001,6.5876,1,15180
05040,2002,13.0174,2,15364
05040,2003,6.4429,1,15521
05040,2004,0,0,15675
05040,2005,6.308,1,15853
05040,2006,0,0,16046
05040,2007,0,0,16173
05040,2008,0,0,16384
05042,1993,0,0,21243
05042,1994,0,0,21401
05042,1995,0,0,21609
05042,1996,0,0,21787
05042,1997,4.5415,1,22019
05042,1998,0,0,22245
05042,1999,4.4579,1,22432
05042,2000,0,0,22605
05042,2001,0,0,22775
05042,2002,0,0,22961
05042,2003,0,0,23119
05042,2004,0,0,23296
05042,2005,0,0,23457
05042,2006,0,0,23655
05042,2007,0,0,23793
05042,2008,0,0,23989
05044,1993,0,0,6801
05044,1994,0,0,6787
05044,1995,0,0,6789
05044,1996,0,0,6756
05044,1997,0,0,6799
05044,1998,0,0,6784
05044,1999,0,0,6800
05044,2000,0,0,6797
05044,2001,0,0,6813
05044,2002,0,0,6818
05044,2003,0,0,6806
05044,2004,14.6972,1,6804
05044,2005,0,0,6830
05044,2006,0,0,6812
05044,2007,0,0,6840
05044,2008,0,0,6865
05045,1993,0,0,64625
05045,1994,0,0,66872
05045,1995,0,0,69149
05045,1996,0,0,71480
05045,1997,0,0,73747
05045,1998,0,0,76108
05045,1999,0,0,78396
05045,2000,0,0,80693
05045,2001,0,0,82962
05045,2002,0,0,85163
05045,2003,1.1448,1,87353
05045,2004,1.117,1,89523
05045,2005,0,0,91677
05045,2006,0,0,93851
05045,2007,0,0,95990
05045,2008,0,0,98124
05051,1993,0,0,29564
05051,1994,0,0,29508
05051,1995,0,0,29465
05051,1996,0,0,29434
05051,1997,0,0,29464
05051,1998,0,0,29472
05051,1999,0,0,29466
05051,2000,0,0,29449
05051,2001,0,0,29415
05051,2002,0,0,29358
05051,2003,0,0,29365
05051,2004,0,0,29292
05051,2005,0,0,29229
05051,2006,0,0,29189
05051,2007,0,0,29128
05051,2008,0,0,29070
05055,1993,0,0,11570
05055,1994,0,0,11406
05055,1995,0,0,11169
05055,1996,0,0,11004
05055,1997,0,0,10886
05055,1998,0,0,10707
05055,1999,0,0,10584
05055,2000,0,0,10409
05055,2001,0,0,10247
05055,2002,9.9177,1,10083
05055,2003,10.0827,1,9918
05055,2004,0,0,9752
05055,2005,0,0,9589
05055,2006,0,0,9422
05055,2007,0,0,9261
05055,2008,0,0,9113
05059,1993,0,0,6929
05059,1994,0,0,6818
05059,1995,0,0,6772
05059,1996,0,0,6628
05059,1997,0,0,6589
05059,1998,0,0,6530
05059,1999,0,0,6462
05059,2000,0,0,6395
05059,2001,0,0,6320
05059,2002,0,0,6247
05059,2003,0,0,6178
05059,2004,0,0,6074
05059,2005,0,0,5964
05059,2006,0,0,5911
05059,2007,0,0,5865
05059,2008,0,0,5756
05079,1993,0,0,36255
05079,1994,0,0,36861
05079,1995,0,0,37479
05079,1996,0,0,38135
05079,1997,0,0,38819
05079,1998,0,0,39451
05079,1999,0,0,40099
05079,2000,0,0,40699
05079,2001,2.4208,1,41308
05079,2002,0,0,41893
05079,2003,0,0,42463
05079,2004,0,0,43034
05079,2005,0,0,43604
05079,2006,0,0,44125
05079,2007,0,0,44721
05079,2008,0,0,45292
05086,1993,0,0,5886
05086,1994,0,0,5851
05086,1995,0,0,5838
05086,1996,0,0,5855
05086,1997,0,0,5850
05086,1998,0,0,5854
05086,1999,0,0,5877
05086,2000,0,0,5857
05086,2001,0,0,5889
05086,2002,0,0,5911
05086,2003,0,0,5919
05086,2004,0,0,5949
05086,2005,0,0,5915
05086,2006,0,0,5915
05086,2007,0,0,5889
05086,2008,0,0,5859
05088,1993,0,0,286370
05088,1994,0,0,295918
05088,1995,0,0,305658
05088,1996,0,0,315434
05088,1997,0,0,324786
05088,1998,0,0,334603
05088,1999,0,0,344281
05088,2000,0,0,353884
05088,2001,0.5505,2,363286
05088,2002,0,0,372537
05088,2003,1.0479,4,381700
05088,2004,0,0,390777
05088,2005,0,0,399798
05088,2006,0,0,408940
05088,2007,0,0,417978
05088,2008,0,0,427040
05091,1993,0,0,12826
05091,1994,0,0,12714
05091,1995,0,0,12590
05091,1996,0,0,12492
05091,1997,0,0,12393
05091,1998,0,0,12304
05091,1999,0,0,12213
05091,2000,0,0,12091
05091,2001,0,0,11968
05091,2002,0,0,11854
05091,2003,0,0,11758
05091,2004,0,0,11632
05091,2005,0,0,11514
05091,2006,0,0,11386
05091,2007,0,0,11315
05091,2008,0,0,11216
05093,1993,0,0,15882
05093,1994,0,0,15839
05093,1995,0,0,15824
05093,1996,0,0,15796
05093,1997,0,0,15804
05093,1998,0,0,15807
05093,1999,6.3323,1,15792
05093,2000,6.3399,1,15773
05093,2001,0,0,15741
05093,2002,0,0,15721
05093,2003,0,0,15692
05093,2004,6.3837,1,15665
05093,2005,0,0,15629
05093,2006,0,0,15624
05093,2007,0,0,15585
05093,2008,0,0,15563
05101,1993,0,0,28826
05101,1994,0,0,28677
05101,1995,0,0,28572
05101,1996,0,0,28435
05101,1997,0,0,28368
05101,1998,0,0,28277
05101,1999,0,0,28160
05101,2000,7.1383,2,28018
05101,2001,0,0,27913
05101,2002,0,0,27738
05101,2003,3.6169,1,27648
05101,2004,0,0,27472
05101,2005,0,0,27346
05101,2006,0,0,27165
05101,2007,0,0,27061
05101,2008,0,0,26927
05107,1993,0,0,8976
05107,1994,0,0,8930
05107,1995,0,0,8890
05107,1996,0,0,8827
05107,1997,0,0,8803
05107,1998,0,0,8759
05107,1999,0,0,8763
05107,2000,0,0,8713
05107,2001,23.0947,2,8660
05107,2002,11.6009,1,8620
05107,2003,0,0,8570
05107,2004,0,0,8552
05107,2005,0,0,8475
05107,2006,0,0,8407
05107,2007,0,0,8379
05107,2008,0,0,8328
05113,1993,0,0,7787
05113,1994,0,0,7880
05113,1995,0,0,7892
05113,1996,0,0,7953
05113,1997,0,0,8048
05113,1998,0,0,8073
05113,1999,0,0,8148
05113,2000,12.2011,1,8196
05113,2001,24.1196,2,8292
05113,2002,0,0,8354
05113,2003,0,0,8388
05113,2004,0,0,8423
05113,2005,0,0,8476
05113,2006,0,0,8541
05113,2007,0,0,8611
05113,2008,0,0,8679
05120,1993,0,0,21521
05120,1994,0,0,21825
05120,1995,0,0,22091
05120,1996,0,0,22373
05120,1997,0,0,22748
05120,1998,0,0,23050
05120,1999,0,0,23355
05120,2000,4.2271,1,23657
05120,2001,0,0,23935
05120,2002,0,0,24212
05120,2003,0,0,24468
05120,2004,0,0,24748
05120,2005,0,0,24999
05120,2006,0,0,25275
05120,2007,0,0,25522
05120,2008,0,0,25805
05125,1993,0,0,7435
05125,1994,0,0,7467
05125,1995,0,0,7476
05125,1996,0,0,7491
05125,1997,0,0,7548
05125,1998,0,0,7575
05125,1999,0,0,7599
05125,2000,0,0,7644
05125,2001,0,0,7682
05125,2002,0,0,7722
05125,2003,0,0,7730
05125,2004,0,0,7754
05125,2005,0,0,7758
05125,2006,0,0,7786
05125,2007,0,0,7816
05125,2008,0,0,7872
05129,1993,0,0,51871
05129,1994,0,0,52983
05129,1995,0,0,54126
05129,1996,0,0,55288
05129,1997,0,0,56396
05129,1998,0,0,57565
05129,1999,0,0,58694
05129,2000,0,0,59811
05129,2001,0,0,60901
05129,2002,0,0,61971
05129,2003,1.5864,1,63036
05129,2004,0,0,64086
05129,2005,0,0,65095
05129,2006,0,0,66186
05129,2007,0,0,67238
05129,2008,0,0,68288
05134,1993,0,0,10526
05134,1994,0,0,10422
05134,1995,0,0,10314
05134,1996,0,0,10266
05134,1997,0,0,10240
05134,1998,0,0,10199
05134,1999,0,0,10170
05134,2000,9.9542,1,10046
05134,2001,10.011,1,9989
05134,2002,30.2358,3,9922
05134,2003,0,0,9883
05134,2004,0,0,9829
05134,2005,0,0,9758
05134,2006,0,0,9709
05134,2007,0,0,9655
05134,2008,0,0,9603
05138,1993,0,0,19233
05138,1994,0,0,19056
05138,1995,0,0,18897
05138,1996,0,0,18736
05138,1997,0,0,18607
05138,1998,5.4157,1,18465
05138,1999,0,0,18306
05138,2000,0,0,18118
05138,2001,5.5664,1,17965
05138,2002,0,0,17815
05138,2003,11.3359,2,17643
05138,2004,5.73,1,17452
05138,2005,0,0,17308
05138,2006,0,0,17183
05138,2007,0,0,16978
05138,2008,0,0,16784
05142,1993,0,0,6086
05142,1994,0,0,6037
05142,1995,0,0,5968
05142,1996,0,0,5904
05142,1997,0,0,5833
05142,1998,0,0,5786
05142,1999,0,0,5705
05142,2000,0,0,5641
05142,2001,0,0,5589
05142,2002,0,0,5514
05142,2003,18.3486,1,5450
05142,2004,0,0,5387
05142,2005,0,0,5324
05142,2006,0,0,5237
05142,2007,0,0,5191
05142,2008,0,0,5118
05145,1993,0,0,7352
05145,1994,0,0,7239
05145,1995,0,0,7110
05145,1996,0,0,7004
05145,1997,0,0,6902
05145,1998,0,0,6766
05145,1999,0,0,6685
05145,2000,0,0,6586
05145,2001,0,0,6498
05145,2002,0,0,6368
05145,2003,0,0,6251
05145,2004,0,0,6116
05145,2005,0,0,6040
05145,2006,0,0,5903
05145,2007,0,0,5787
05145,2008,0,0,5686
05147,1993,0,0,21996
05147,1994,0,0,23029
05147,1995,0,0,24082
05147,1996,0,0,25129
05147,1997,0,0,26193
05147,1998,0,0,27247
05147,1999,0,0,28296
05147,2000,0,0,29363
05147,2001,0,0,30400
05147,2002,0,0,31416
05147,2003,3.0848,1,32417
05147,2004,2.9928,1,33413
05147,2005,0,0,34439
05147,2006,0,0,35430
05147,2007,0,0,36425
05147,2008,0,0,37438
05148,1993,0,0,38280
05148,1994,0,0,39092
05148,1995,0,0,39943
05148,1996,0,0,40787
05148,1997,0,0,41676
05148,1998,0,0,42561
05148,1999,0,0,43436
05148,2000,0,0,44258
05148,2001,2.2175,1,45095
05148,2002,4.3584,2,45888
05148,2003,0,0,46693
05148,2004,0,0,47489
05148,2005,0,0,48245
05148,2006,0,0,49038
05148,2007,0,0,49825
05148,2008,0,0,50612
05150,1993,0,0,3869
05150,1994,0,0,3870
05150,1995,0,0,3873
05150,1996,0,0,3866
05150,1997,0,0,3860
05150,1998,0,0,3873
05150,1999,0,0,3870
05150,2000,0,0,3906
05150,2001,0,0,3873
05150,2002,0,0,3842
05150,2003,0,0,3843
05150,2004,0,0,3838
05150,2005,0,0,3855
05150,2006,0,0,3910
05150,2007,0,0,3888
05150,2008,0,0,3882
05154,1993,0,0,52703
05154,1994,0,0,54196
05154,1995,0,0,55703
05154,1996,0,0,57229
05154,1997,0,0,58753
05154,1998,0,0,60309
05154,1999,0,0,61838
05154,2000,0,0,63372
05154,2001,0,0,64851
05154,2002,0,0,66324
05154,2003,1.4756,1,67770
05154,2004,1.4449,1,69208
05154,2005,0,0,70630
05154,2006,0,0,72063
05154,2007,0,0,73515
05154,2008,0,0,74919
05172,1993,0,0,31855
05172,1994,0,0,32872
05172,1995,0,0,33912
05172,1996,0,0,34966
05172,1997,2.7782,1,35994
05172,1998,0,0,37043
05172,1999,0,0,38111
05172,2000,0,0,39147
05172,2001,0,0,40168
05172,2002,0,0,41158
05172,2003,2.373,1,42140
05172,2004,0,0,43138
05172,2005,0,0,44126
05172,2006,0,0,45106
05172,2007,0,0,46062
05172,2008,0,0,47048
05190,1993,0,0,9384
05190,1994,0,0,9395
05190,1995,0,0,9383
05190,1996,0,0,9418
05190,1997,0,0,9452
05190,1998,0,0,9454
05190,1999,0,0,9491
05190,2000,0,0,9516
05190,2001,0,0,9513
05190,2002,0,0,9529
05190,2003,10.4998,1,9524
05190,2004,10.5075,1,9517
05190,2005,0,0,9518
05190,2006,0,0,9541
05190,2007,0,0,9548
05190,2008,0,0,9584
05197,1993,0,0,22966
05197,1994,0,0,22644
05197,1995,0,0,22297
05197,1996,0,0,21982
05197,1997,0,0,21691
05197,1998,0,0,21386
05197,1999,0,0,21075
05197,2000,0,0,20745
05197,2001,4.8952,1,20428
05197,2002,4.9764,1,20095
05197,2003,0,0,19756
05197,2004,0,0,19429
05197,2005,0,0,19094
05197,2006,0,0,18773
05197,2007,0,0,18454
05197,2008,0,0,18144
05206,1993,0,0,6169
05206,1994,0,0,6103
05206,1995,0,0,6010
05206,1996,0,0,5937
05206,1997,0,0,5909
05206,1998,0,0,5862
05206,1999,0,0,5803
05206,2000,0,0,5751
05206,2001,0,0,5697
05206,2002,17.7809,1,5624
05206,2003,0,0,5553
05206,2004,0,0,5491
05206,2005,0,0,5448
05206,2006,0,0,5365
05206,2007,0,0,5316
05206,2008,0,0,5249
05209,1993,0,0,22003
05209,1994,0,0,21975
05209,1995,0,0,21929
05209,1996,0,0,21896
05209,1997,0,0,21884
05209,1998,0,0,21875
05209,1999,0,0,21841
05209,2000,0,0,21796
05209,2001,0,0,21751
05209,2002,0,0,21716
05209,2003,0,0,21668
05209,2004,0,0,21606
05209,2005,0,0,21547
05209,2006,0,0,21522
05209,2007,0,0,21489
05209,2008,0,0,21448
05212,1993,0,0,50321
05212,1994,0,0,51403
05212,1995,0,0,52520
05212,1996,0,0,53650
05212,1997,0,0,54788
05212,1998,0,0,55922
05212,1999,0,0,57042
05212,2000,0,0,58140
05212,2001,0,0,59228
05212,2002,0,0,60283
05212,2003,0,0,61326
05212,2004,0,0,62370
05212,2005,0,0,63378
05212,2006,0,0,64441
05212,2007,0,0,65487
05212,2008,0,0,66521
05234,1993,0,0,21767
05234,1994,0,0,21800
05234,1995,0,0,21855
05234,1996,0,0,21864
05234,1997,0,0,21946
05234,1998,0,0,22001
05234,1999,4.5317,1,22067
05234,2000,0,0,22119
05234,2001,13.5391,3,22158
05234,2002,9.0228,2,22166
05234,2003,4.5017,1,22214
05234,2004,13.4759,3,22262
05234,2005,0,0,22271
05234,2006,0,0,22299
05234,2007,0,0,22350
05234,2008,0,0,22339
05237,1993,0,0,13513
05237,1994,0,0,13718
05237,1995,0,0,13927
05237,1996,0,0,14162
05237,1997,0,0,14375
05237,1998,0,0,14626
05237,1999,0,0,14829
05237,2000,0,0,15071
05237,2001,0,0,15263
05237,2002,0,0,15470
05237,2003,0,0,15660
05237,2004,0,0,15863
05237,2005,0,0,16062
05237,2006,0,0,16254
05237,2007,0,0,16457
05237,2008,0,0,16681
05240,1993,0,0,15376
05240,1994,0,0,15221
05240,1995,0,0,15074
05240,1996,0,0,14911
05240,1997,0,0,14806
05240,1998,0,0,14683
05240,1999,0,0,14491
05240,2000,0,0,14390
05240,2001,0,0,14245
05240,2002,0,0,14109
05240,2003,0,0,13956
05240,2004,0,0,13759
05240,2005,0,0,13648
05240,2006,0,0,13511
05240,2007,0,0,13385
05240,2008,0,0,13241
05250,1993,0,0,27657
05250,1994,0,0,28641
05250,1995,0,0,29654
05250,1996,0,0,30620
05250,1997,0,0,31627
05250,1998,0,0,32646
05250,1999,0,0,33620
05250,2000,2.8893,1,34610
05250,2001,2.8113,1,35571
05250,2002,0,0,36530
05250,2003,0,0,37443
05250,2004,0,0,38371
05250,2005,0,0,39272
05250,2006,0,0,40234
05250,2007,0,0,41162
05250,2008,0,0,42061
05264,1993,0,0,6978
05264,1994,0,0,7140
05264,1995,0,0,7288
05264,1996,0,0,7454
05264,1997,0,0,7623
05264,1998,0,0,7801
05264,1999,0,0,7973
05264,2000,0,0,8149
05264,2001,0,0,8331
05264,2002,0,0,8494
05264,2003,0,0,8651
05264,2004,0,0,8824
05264,2005,0,0,8983
05264,2006,0,0,9149
05264,2007,0,0,9294
05264,2008,0,0,9423
05266,1993,0,0,124695
05266,1994,0,0,128900
05266,1995,0,0,133149
05266,1996,0,0,137458
05266,1997,0,0,141566
05266,1998,0,0,145868
05266,1999,0,0,150121
05266,2000,0,0,154330
05266,2001,0,0,158450
05266,2002,0,0,162531
05266,2003,0,0,166523
05266,2004,0,0,170513
05266,2005,0,0,174501
05266,2006,0,0,178564
05266,2007,0,0,182627
05266,2008,0,0,186625
05282,1993,0,0,24661
05282,1994,0,0,24653
05282,1995,0,0,24579
05282,1996,0,0,24554
05282,1997,0,0,24576
05282,1998,0,0,24576
05282,1999,0,0,24594
05282,2000,0,0,24517
05282,2001,0,0,24476
05282,2002,0,0,24437
05282,2003,0,0,24415
05282,2004,0,0,24365
05282,2005,0,0,24304
05282,2006,0,0,24291
05282,2007,0,0,24240
05282,2008,0,0,24185
05284,1993,0,0,25233
05284,1994,0,0,25020
05284,1995,0,0,24785
05284,1996,0,0,24595
05284,1997,0,0,24445
05284,1998,0,0,24253
05284,1999,0,0,24080
05284,2000,4.1848,1,23896
05284,2001,0,0,23698
05284,2002,0,0,23498
05284,2003,0,0,23279
05284,2004,0,0,23066
05284,2005,0,0,22850
05284,2006,0,0,22663
05284,2007,0,0,22463
05284,2008,0,0,22291
05306,1993,0,0,4359
05306,1994,0,0,4413
05306,1995,0,0,4444
05306,1996,0,0,4511
05306,1997,0,0,4539
05306,1998,0,0,4617
05306,1999,0,0,4658
05306,2000,0,0,4685
05306,2001,0,0,4723
05306,2002,0,0,4805
05306,2003,0,0,4839
05306,2004,0,0,4891
05306,2005,0,0,4892
05306,2006,0,0,4952
05306,2007,0,0,4976
05306,2008,0,0,5031
05308,1993,0,0,31750
05308,1994,0,0,32524
05308,1995,0,0,33310
05308,1996,0,0,34153
05308,1997,0,0,34971
05308,1998,0,0,35790
05308,1999,0,0,36601
05308,2000,0,0,37409
05308,2001,2.6197,1,38173
05308,2002,0,0,38933
05308,2003,0,0,39686
05308,2004,0,0,40434
05308,2005,0,0,41170
05308,2006,0,0,41924
05308,2007,0,0,42654
05308,2008,0,0,43406
05310,1993,0,0,9626
05310,1994,0,0,9621
05310,1995,0,0,9616
05310,1996,0,0,9631
05310,1997,0,0,9650
05310,1998,0,0,9668
05310,1999,0,0,9666
05310,2000,0,0,9657
05310,2001,0,0,9667
05310,2002,10.3263,1,9684
05310,2003,0,0,9678
05310,2004,0,0,9648
05310,2005,0,0,9642
05310,2006,0,0,9626
05310,2007,0,0,9640
05310,2008,0,0,9623
05313,1993,0,0,17671
05313,1994,0,0,17348
05313,1995,0,0,17015
05313,1996,0,0,16695
05313,1997,0,0,16406
05313,1998,0,0,16109
05313,1999,0,0,15770
05313,2000,0,0,15470
05313,2001,6.6024,1,15146
05313,2002,0,0,14812
05313,2003,13.7998,2,14493
05313,2004,0,0,14165
05313,2005,0,0,13882
05313,2006,0,0,13575
05313,2007,0,0,13260
05313,2008,0,0,12957
05315,1993,0,0,6703
05315,1994,0,0,6639
05315,1995,0,0,6631
05315,1996,0,0,6624
05315,1997,0,0,6648
05315,1998,0,0,6642
05315,1999,0,0,6628
05315,2000,0,0,6622
05315,2001,0,0,6619
05315,2002,0,0,6593
05315,2003,0,0,6593
05315,2004,0,0,6580
05315,2005,0,0,6568
05315,2006,0,0,6557
05315,2007,0,0,6565
05315,2008,0,0,6526
05318,1993,0,0,33049
05318,1994,0,0,33919
05318,1995,0,0,34797
05318,1996,0,0,35687
05318,1997,0,0,36645
05318,1998,0,0,37560
05318,1999,0,0,38442
05318,2000,0,0,39318
05318,2001,2.4908,1,40147
05318,2002,2.4361,1,41049
05318,2003,2.3921,1,41805
05318,2004,0,0,42641
05318,2005,0,0,43419
05318,2006,0,0,44247
05318,2007,0,0,45098
05318,2008,0,0,45940
05321,1993,0,0,5295
05321,1994,0,0,5426
05321,1995,0,0,5528
05321,1996,0,0,5670
05321,1997,0,0,5801
05321,1998,0,0,5946
05321,1999,0,0,6102
05321,2000,0,0,6146
05321,2001,15.8353,1,6315
05321,2002,0,0,6387
05321,2003,0,0,6525
05321,2004,0,0,6646
05321,2005,0,0,6759
05321,2006,0,0,6852
05321,2007,0,0,6965
05321,2008,0,0,7096
05347,1993,0,0,7615
05347,1994,0,0,7518
05347,1995,0,0,7363
05347,1996,0,0,7282
05347,1997,0,0,7232
05347,1998,0,0,7140
05347,1999,0,0,7045
05347,2000,0,0,6950
05347,2001,0,0,6866
05347,2002,0,0,6768
05347,2003,0,0,6676
05347,2004,0,0,6586
05347,2005,0,0,6547
05347,2006,0,0,6411
05347,2007,0,0,6323
05347,2008,0,0,6216
05353,1993,0,0,5323
05353,1994,0,0,5323
05353,1995,0,0,5338
05353,1996,0,0,5332
05353,1997,0,0,5349
05353,1998,0,0,5346
05353,1999,0,0,5354
05353,2000,0,0,5352
05353,2001,0,0,5377
05353,2002,0,0,5347
05353,2003,0,0,5362
05353,2004,0,0,5328
05353,2005,0,0,5315
05353,2006,0,0,5328
05353,2007,0,0,5316
05353,2008,0,0,5327
05360,1993,0,0,171206
05360,1994,0,0,175524
05360,1995,0,0,179930
05360,1996,0,0,184376
05360,1997,0,0,188551
05360,1998,0,0,192965
05360,1999,0,0,197308
05360,2000,0,0,201572
05360,2001,0,0,205766
05360,2002,0,0,209868
05360,2003,0,0,213921
05360,2004,0,0,217935
05360,2005,0,0,221921
05360,2006,0,0,225978
05360,2007,0,0,230020
05360,2008,0,0,234011
05361,1993,0,0,25368
05361,1994,0,0,25414
05361,1995,0,0,25456
05361,1996,0,0,25517
05361,1997,0,0,25642
05361,1998,0,0,25702
05361,1999,0,0,25774
05361,2000,19.3798,5,25800
05361,2001,23.2234,6,25836
05361,2002,7.7205,2,25905
05361,2003,7.7113,2,25936
05361,2004,11.5576,3,25957
05361,2005,7.6843,2,26027
05361,2006,0,0,26043
05361,2007,0,0,26073
05361,2008,0,0,26114
05364,1993,0,0,13174
05364,1994,0,0,13209
05364,1995,0,0,13268
05364,1996,0,0,13308
05364,1997,0,0,13369
05364,1998,0,0,13431
05364,1999,0,0,13497
05364,2000,0,0,13554
05364,2001,0,0,13578
05364,2002,0,0,13634
05364,2003,0,0,13659
05364,2004,0,0,13699
05364,2005,0,0,13726
05364,2006,0,0,13783
05364,2007,0,0,13826
05364,2008,0,0,13888
05368,1993,0,0,15253
05368,1994,0,0,15188
05368,1995,0,0,15102
05368,1996,0,0,15032
05368,1997,0,0,14990
05368,1998,0,0,14910
05368,1999,0,0,14855
05368,2000,0,0,14769
05368,2001,0,0,14690
05368,2002,0,0,14608
05368,2003,0,0,14538
05368,2004,0,0,14408
05368,2005,0,0,14363
05368,2006,0,0,14278
05368,2007,0,0,14246
05368,2008,0,0,14165
05376,1993,0,0,37758
05376,1994,0,0,38826
05376,1995,0,0,39926
05376,1996,0,0,41044
05376,1997,0,0,42133
05376,1998,0,0,43245
05376,1999,0,0,44384
05376,2000,0,0,45454
05376,2001,0,0,46519
05376,2002,0,0,47576
05376,2003,0,0,48600
05376,2004,0,0,49648
05376,2005,0,0,50697
05376,2006,0,0,51714
05376,2007,0,0,52779
05376,2008,0,0,53831
05380,1993,0,0,40892
05380,1994,0,0,42093
05380,1995,0,0,43309
05380,1996,0,0,44561
05380,1997,0,0,45784
05380,1998,0,0,47044
05380,1999,0,0,48291
05380,2000,0,0,49501
05380,2001,0,0,50712
05380,2002,0,0,51875
05380,2003,0,0,53060
05380,2004,0,0,54251
05380,2005,0,0,55384
05380,2006,0,0,56603
05380,2007,0,0,57798
05380,2008,0,0,58962
05390,1997,0,0,11207
05390,1998,0,0,11068
05390,1999,0,0,10914
05390,2000,0,0,10758
05390,2001,0,0,10586
05390,2002,0,0,10432
05390,2003,0,0,10275
05390,2004,0,0,10125
05390,2005,0,0,9962
05390,2006,0,0,9845
05390,2007,0,0,9655
05390,2008,0,0,9493
05400,1993,0,0,16145
05400,1994,0,0,16346
05400,1995,0,0,16533
05400,1996,0,0,16799
05400,1997,0,0,17026
05400,1998,0,0,17237
05400,1999,0,0,17437
05400,2000,5.6654,1,17651
05400,2001,5.6004,1,17856
05400,2002,0,0,18059
05400,2003,0,0,18233
05400,2004,5.4289,1,18420
05400,2005,0,0,18610
05400,2006,0,0,18805
05400,2007,0,0,19012
05400,2008,0,0,19216
05411,1993,0,0,11128
05411,1994,0,0,11071
05411,1995,0,0,11017
05411,1996,0,0,10956
05411,1997,0,0,10947
05411,1998,0,0,10868
05411,1999,0,0,10849
05411,2000,0,0,10771
05411,2001,0,0,10717
05411,2002,0,0,10664
05411,2003,0,0,10620
05411,2004,0,0,10550
05411,2005,9.5157,1,10509
05411,2006,0,0,10451
05411,2007,0,0,10416
05411,2008,0,0,10411
05425,1993,0,0,9285
05425,1994,0,0,9242
05425,1995,0,0,9166
05425,1996,0,0,9127
05425,1997,0,0,9092
05425,1998,0,0,9043
05425,1999,0,0,8981
05425,2000,0,0,8944
05425,2001,0,0,8896
05425,2002,0,0,8842
05425,2003,11.3585,1,8804
05425,2004,0,0,8753
05425,2005,11.5101,1,8688
05425,2006,0,0,8632
05425,2007,0,0,8597
05425,2008,0,0,8552
05440,1993,0,0,41229
05440,1994,0,0,42131
05440,1995,0,0,43058
05440,1996,0,0,43997
05440,1997,0,0,44987
05440,1998,0,0,45936
05440,1999,0,0,46903
05440,2000,0,0,47829
05440,2001,0,0,48729
05440,2002,2.0149,1,49630
05440,2003,0,0,50518
05440,2004,0,0,51391
05440,2005,0,0,52242
05440,2006,0,0,53126
05440,2007,0,0,54048
05440,2008,0,0,54917
05467,1993,0,0,9063
05467,1994,0,0,8935
05467,1995,0,0,8847
05467,1996,0,0,8744
05467,1997,0,0,8649
05467,1998,0,0,8563
05467,1999,0,0,8466
05467,2000,0,0,8282
05467,2001,0,0,8182
05467,2002,37.0828,3,8090
05467,2003,12.5141,1,7991
05467,2004,0,0,7941
05467,2005,0,0,7845
05467,2006,0,0,7709
05467,2007,0,0,7599
05467,2008,0,0,7557
05475,1993,0,0,2447
05475,1994,0,0,2502
05475,1995,0,0,2615
05475,1996,0,0,2740
05475,1997,0,0,2855
05475,1998,0,0,2921
05475,1999,0,0,3023
05475,2000,0,0,3123
05475,2001,0,0,3202
05475,2002,0,0,3350
05475,2003,0,0,3420
05475,2004,28.4576,1,3514
05475,2005,0,0,3611
05475,2006,0,0,3692
05475,2007,0,0,3786
05475,2008,0,0,3896
05480,1993,0,0,10567
05480,1994,0,0,10723
05480,1995,0,0,10846
05480,1996,0,0,10977
05480,1997,8.9783,1,11138
05480,1998,8.8708,1,11273
05480,1999,0,0,11406
05480,2000,8.6655,1,11540
05480,2001,17.1424,2,11667
05480,2002,0,0,11795
05480,2003,8.3843,1,11927
05480,2004,0,0,12062
05480,2005,24.6407,3,12175
05480,2006,0,0,12305
05480,2007,0,0,12415
05480,2008,0,0,12548
05483,1993,0,0,15255
05483,1994,0,0,15032
05483,1995,0,0,14794
05483,1996,0,0,14576
05483,1997,0,0,14401
05483,1998,0,0,14186
05483,1999,0,0,13954
05483,2000,0,0,13734
05483,2001,0,0,13533
05483,2002,7.5064,1,13322
05483,2003,0,0,13082
05483,2004,0,0,12861
05483,2005,0,0,12632
05483,2006,0,0,12443
05483,2007,0,0,12234
05483,2008,0,0,12033
05490,1993,0,0,31379
05490,1994,0,0,31787
05490,1995,0,0,32219
05490,1996,0,0,32627
05490,1997,0,0,33147
05490,1998,0,0,33584
05490,1999,0,0,34036
05490,2000,0,0,34483
05490,2001,0,0,34900
05490,2002,0,0,35310
05490,2003,0,0,35705
05490,2004,0,0,36095
05490,2005,0,0,36466
05490,2006,0,0,36835
05490,2007,0,0,37227
05490,2008,0,0,37618
05495,1993,0,0,14981
05495,1994,0,0,15404
05495,1995,0,0,15857
05495,1996,0,0,16297
05495,1997,0,0,16748
05495,1998,0,0,17179
05495,1999,0,0,17631
05495,2000,0,0,18096
05495,2001,0,0,18522
05495,2002,0,0,18931
05495,2003,5.168,1,19350
05495,2004,0,0,19762
05495,2005,0,0,20179
05495,2006,0,0,20578
05495,2007,0,0,20988
05495,2008,0,0,21396
05501,1993,0,0,3236
05501,1994,0,0,3228
05501,1995,0,0,3273
05501,1996,0,0,3248
05501,1997,0,0,3236
05501,1998,0,0,3255
05501,1999,0,0,3233
05501,2000,0,0,3191
05501,2001,0,0,3214
05501,2002,0,0,3201
05501,2003,0,0,3219
05501,2004,0,0,3214
05501,2005,0,0,3224
05501,2006,0,0,3170
05501,2007,0,0,3146
05501,2008,0,0,3147
05541,1993,0,0,16407
05541,1994,0,0,16568
05541,1995,0,0,16764
05541,1996,0,0,16907
05541,1997,0,0,17119
05541,1998,0,0,17313
05541,1999,0,0,17500
05541,2000,0,0,17662
05541,2001,0,0,17843
05541,2002,0,0,18015
05541,2003,0,0,18187
05541,2004,0,0,18328
05541,2005,0,0,18498
05541,2006,0,0,18685
05541,2007,0,0,18850
05541,2008,0,0,19042
05543,1993,0,0,7688
05543,1994,0,0,7704
05543,1995,0,0,7699
05543,1996,0,0,7661
05543,1997,0,0,7708
05543,1998,0,0,7750
05543,1999,12.8966,1,7754
05543,2000,0,0,7762
05543,2001,25.7334,2,7772
05543,2002,0,0,7768
05543,2003,0,0,7824
05543,2004,12.7992,1,7813
05543,2005,0,0,7822
05543,2006,0,0,7831
05543,2007,0,0,7851
05543,2008,0,0,7841
05576,1993,0,0,9424
05576,1994,0,0,9382
05576,1995,0,0,9335
05576,1996,0,0,9315
05576,1997,0,0,9264
05576,1998,0,0,9221
05576,1999,0,0,9216
05576,2000,10.8838,1,9188
05576,2001,0,0,9162
05576,2002,0,0,9127
05576,2003,0,0,9077
05576,2004,0,0,9021
05576,2005,0,0,8969
05576,2006,0,0,8955
05576,2007,0,0,8917
05576,2008,0,0,8886
05579,1993,0,0,30591
05579,1994,0,0,30930
05579,1995,0,0,31306
05579,1996,0,0,31635
05579,1997,0,0,32005
05579,1998,0,0,32389
05579,1999,0,0,32766
05579,2000,3.0181,1,33133
05579,2001,0,0,33464
05579,2002,0,0,33788
05579,2003,2.932,1,34106
05579,2004,14.5269,5,34419
05579,2005,0,0,34728
05579,2006,0,0,35049
05579,2007,0,0,35358
05579,2008,0,0,35674
05585,1993,0,0,16175
05585,1994,0,0,16081
05585,1995,0,0,15994
05585,1996,0,0,15916
05585,1997,0,0,15856
05585,1998,0,0,15783
05585,1999,0,0,15710
05585,2000,0,0,15634
05585,2001,6.421,1,15574
05585,2002,0,0,15458
05585,2003,6.5134,1,15353
05585,2004,19.6657,3,15255
05585,2005,6.5915,1,15171
05585,2006,0,0,15095
05585,2007,0,0,15015
05585,2008,0,0,14887
05591,1993,0,0,10586
05591,1994,0,0,10893
05591,1995,0,0,11189
05591,1996,0,0,11485
05591,1997,0,0,11791
05591,1998,0,0,12114
05591,1999,0,0,12402
05591,2000,0,0,12716
05591,2001,0,0,13007
05591,2002,0,0,13302
05591,2003,7.3627,1,13582
05591,2004,14.4363,2,13854
05591,2005,7.0741,1,14136
05591,2006,0,0,14439
05591,2007,0,0,14707
05591,2008,0,0,14998
05604,1993,0,0,21662
05604,1994,0,0,21926
05604,1995,0,0,22191
05604,1996,0,0,22449
05604,1997,0,0,22762
05604,1998,0,0,23026
05604,1999,0,0,23309
05604,2000,4.2389,1,23591
05604,2001,4.1994,1,23813
05604,2002,0,0,24066
05604,2003,4.1144,1,24305
05604,2004,0,0,24555
05604,2005,0,0,24785
05604,2006,0,0,25033
05604,2007,0,0,25279
05604,2008,0,0,25513
05607,1993,0,0,14633
05607,1994,0,0,14984
05607,1995,0,0,15333
05607,1996,0,0,15691
05607,1997,0,0,16071
05607,1998,0,0,16443
05607,1999,0,0,16809
05607,2000,0,0,17160
05607,2001,0,0,17503
05607,2002,0,0,17839
05607,2003,0,0,18160
05607,2004,0,0,18503
05607,2005,0,0,18801
05607,2006,0,0,19160
05607,2007,0,0,19514
05607,2008,0,0,19857
05615,1993,0,0,79033
05615,1994,0,0,81216
05615,1995,0,0,83491
05615,1996,0,0,85755
05615,1997,0,0,88120
05615,1998,0,0,90417
05615,1999,0,0,92704
05615,2000,0,0,94958
05615,2001,1.0292,1,97161
05615,2002,0,0,99324
05615,2003,0,0,101457
05615,2004,0,0,103608
05615,2005,0,0,105684
05615,2006,0,0,107855
05615,2007,0,0,110027
05615,2008,0,0,112193
05628,1993,0,0,8131
05628,1994,0,0,8158
05628,1995,0,0,8199
05628,1996,0,0,8208
05628,1997,0,0,8254
05628,1998,0,0,8262
05628,1999,24.0558,2,8314
05628,2000,0,0,8377
05628,2001,0,0,8420
05628,2002,0,0,8475
05628,2003,0,0,8475
05628,2004,0,0,8511
05628,2005,0,0,8541
05628,2006,0,0,8565
05628,2007,0,0,8597
05628,2008,0,0,8638
05631,1993,0,0,35859
05631,1994,0,0,37715
05631,1995,0,0,39617
05631,1996,0,0,41517
05631,1997,0,0,43371
05631,1998,0,0,45277
05631,1999,0,0,47165
05631,2000,0,0,49015
05631,2001,0,0,50850
05631,2002,0,0,52699
05631,2003,0,0,54502
05631,2004,0,0,56312
05631,2005,0,0,58117
05631,2006,0,0,59931
05631,2007,0,0,61730
05631,2008,0,0,63563
05642,1993,0,0,21721
05642,1994,0,0,21521
05642,1995,0,0,21388
05642,1996,0,0,21211
05642,1997,4.7432,1,21083
05642,1998,4.7724,1,20954
05642,1999,0,0,20834
05642,2000,0,0,20675
05642,2001,4.8738,1,20518
05642,2002,0,0,20355
05642,2003,0,0,20205
05642,2004,0,0,20043
05642,2005,0,0,19884
05642,2006,0,0,19726
05642,2007,0,0,19569
05642,2008,0,0,19420
05647,1993,0,0,8326
05647,1994,0,0,8289
05647,1995,0,0,8225
05647,1996,0,0,8184
05647,1997,0,0,8114
05647,1998,0,0,8051
05647,1999,0,0,8012
05647,2000,0,0,7964
05647,2001,0,0,7913
05647,2002,0,0,7866
05647,2003,0,0,7831
05647,2004,0,0,7763
05647,2005,0,0,7699
05647,2006,0,0,7670
05647,2007,0,0,7629
05647,2008,0,0,7597
05649,1993,0,0,24680
05649,1994,0,0,24272
05649,1995,0,0,23930
05649,1996,0,0,23566
05649,1997,0,0,23256
05649,1998,0,0,22902
05649,1999,4.4334,1,22556
05649,2000,0,0,22232
05649,2001,0,0,21862
05649,2002,0,0,21496
05649,2003,14.1978,3,21130
05649,2004,4.8188,1,20752
05649,2005,0,0,20403
05649,2006,0,0,20050
05649,2007,0,0,19706
05649,2008,0,0,19345
05652,1993,0,0,6376
05652,1994,0,0,6325
05652,1995,0,0,6307
05652,1996,0,0,6269
05652,1997,0,0,6253
05652,1998,0,0,6217
05652,1999,0,0,6179
05652,2000,0,0,6179
05652,2001,16.3132,1,6130
05652,2002,0,0,6096
05652,2003,0,0,6027
05652,2004,33.2281,2,6019
05652,2005,0,0,5990
05652,2006,0,0,5962
05652,2007,0,0,5939
05652,2008,0,0,5880
05656,1993,0,0,11869
05656,1994,0,0,12036
05656,1995,0,0,12152
05656,1996,0,0,12298
05656,1997,0,0,12445
05656,1998,0,0,12585
05656,1999,0,0,12729
05656,2000,0,0,12855
05656,2001,0,0,12972
05656,2002,0,0,13095
05656,2003,0,0,13232
05656,2004,0,0,13321
05656,2005,0,0,13470
05656,2006,0,0,13616
05656,2007,0,0,13725
05656,2008,0,0,13873
05658,1993,0,0,2838
05658,1994,0,0,2893
05658,1995,0,0,2912
05658,1996,0,0,2968
05658,1997,0,0,2998
05658,1998,32.9815,1,3032
05658,1999,0,0,3068
05658,2000,0,0,3080
05658,2001,0,0,3127
05658,2002,0,0,3155
05658,2003,0,0,3186
05658,2004,0,0,3205
05658,2005,0,0,3234
05658,2006,0,0,3271
05658,2007,0,0,3292
05658,2008,0,0,3318
05659,1993,0,0,12881
05659,1994,0,0,13144
05659,1995,0,0,13447
05659,1996,0,0,13737
05659,1997,0,0,14061
05659,1998,0,0,14346
05659,1999,0,0,14646
05659,2000,0,0,14950
05659,2001,0,0,15241
05659,2002,6.4421,1,15523
05659,2003,0,0,15783
05659,2004,0,0,16046
05659,2005,0,0,16333
05659,2006,0,0,16609
05659,2007,0,0,16889
05659,2008,0,0,17155
05660,1993,0,0,14199
05660,1994,0,0,14165
05660,1995,0,0,14051
05660,1996,0,0,13988
05660,1997,0,0,13957
05660,1998,0,0,13915
05660,1999,0,0,13856
05660,2000,0,0,13805
05660,2001,14.5592,2,13737
05660,2002,29.274,4,13664
05660,2003,7.3405,1,13623
05660,2004,0,0,13556
05660,2005,0,0,13498
05660,2006,0,0,13448
05660,2007,0,0,13398
05660,2008,0,0,13348
05664,1993,0,0,16237
05664,1994,0,0,16455
05664,1995,0,0,16684
05664,1996,0,0,16934
05664,1997,0,0,17127
05664,1998,0,0,17409
05664,1999,0,0,17654
05664,2000,0,0,17866
05664,2001,0,0,18072
05664,2002,5.4669,1,18292
05664,2003,0,0,18511
05664,2004,5.3453,1,18708
05664,2005,0,0,18921
05664,2006,0,0,19115
05664,2007,0,0,19330
05664,2008,0,0,19565
05665,1993,0,0,24814
05665,1994,0,0,25051
05665,1995,0,0,25267
05665,1996,0,0,25496
05665,1997,0,0,25782
05665,1998,0,0,26030
05665,1999,3.8046,1,26284
05665,2000,0,0,26518
05665,2001,0,0,26749
05665,2002,0,0,26985
05665,2003,0,0,27207
05665,2004,3.6478,1,27414
05665,2005,0,0,27625
05665,2006,0,0,27833
05665,2007,0,0,28042
05665,2008,0,0,28244
05667,1993,0,0,17885
05667,1994,0,0,17772
05667,1995,0,0,17684
05667,1996,0,0,17579
05667,1997,0,0,17519
05667,1998,0,0,17412
05667,1999,0,0,17337
05667,2000,0,0,17241
05667,2001,0,0,17131
05667,2002,0,0,17003
05667,2003,5.9151,1,16906
05667,2004,0,0,16810
05667,2005,0,0,16716
05667,2006,0,0,16600
05667,2007,0,0,16508
05667,2008,0,0,16425
05670,1993,0,0,20730
05670,1994,0,0,20735
05670,1995,0,0,20720
05670,1996,0,0,20732
05670,1997,0,0,20784
05670,1998,0,0,20844
05670,1999,0,0,20849
05670,2000,0,0,20886
05670,2001,0,0,20908
05670,2002,0,0,20910
05670,2003,47.8446,10,20901
05670,2004,0,0,20907
05670,2005,4.7792,1,20924
05670,2006,0,0,20903
05670,2007,0,0,20921
05670,2008,0,0,20932
05674,1993,0,0,21857
05674,1994,0,0,21858
05674,1995,0,0,21824
05674,1996,0,0,21834
05674,1997,0,0,21869
05674,1998,0,0,21867
05674,1999,0,0,21837
05674,2000,0,0,21870
05674,2001,0,0,21860
05674,2002,0,0,21837
05674,2003,0,0,21821
05674,2004,0,0,21792
05674,2005,0,0,21761
05674,2006,0,0,21729
05674,2007,0,0,21722
05674,2008,0,0,21725
05679,1993,0,0,35370
05679,1994,0,0,36200
05679,1995,0,0,37032
05679,1996,0,0,37874
05679,1997,0,0,29681
05679,1998,0,0,29518
05679,1999,0,0,29352
05679,2000,0,0,29218
05679,2001,0,0,29036
05679,2002,0,0,28847
05679,2003,6.9733,2,28681
05679,2004,3.5082,1,28505
05679,2005,0,0,28269
05679,2006,0,0,28103
05679,2007,0,0,27934
05679,2008,0,0,27790
05686,1993,0,0,27784
05686,1994,0,0,28092
05686,1995,0,0,28415
05686,1996,0,0,28743
05686,1997,0,0,29127
05686,1998,0,0,29476
05686,1999,0,0,29826
05686,2000,0,0,30157
05686,2001,0,0,30495
05686,2002,0,0,30798
05686,2003,0,0,31110
05686,2004,0,0,31407
05686,2005,0,0,31712
05686,2006,0,0,32006
05686,2007,0,0,32321
05686,2008,0,0,32633
05690,1993,0,0,15731
05690,1994,0,0,15564
05690,1995,0,0,15415
05690,1996,0,0,15260
05690,1997,0,0,15139
05690,1998,0,0,14995
05690,1999,0,0,14871
05690,2000,0,0,14710
05690,2001,6.8762,1,14543
05690,2002,13.8976,2,14391
05690,2003,21.032,3,14264
05690,2004,7.0922,1,14100
05690,2005,0,0,13959
05690,2006,0,0,13810
05690,2007,0,0,13690
05690,2008,0,0,13513
05697,1993,0,0,26897
05697,1994,0,0,27192
05697,1995,0,0,27538
05697,1996,0,0,27875
05697,1997,0,0,28210
05697,1998,0,0,28575
05697,1999,0,0,28933
05697,2000,0,0,29266
05697,2001,3.3783,1,29601
05697,2002,0,0,29925
05697,2003,0,0,30228
05697,2004,0,0,30512
05697,2005,0,0,30825
05697,2006,0,0,31141
05697,2007,0,0,31460
05697,2008,0,0,31769
05736,1993,0,0,25535
05736,1994,0,0,26035
05736,1995,0,0,26544
05736,1996,0,0,27051
05736,1997,0,0,27554
05736,1998,0,0,28073
05736,1999,0,0,28586
05736,2000,3.4367,1,29098
05736,2001,0,0,29575
05736,2002,0,0,30041
05736,2003,3.2775,1,30511
05736,2004,0,0,30958
05736,2005,3.1783,1,31463
05736,2006,0,0,31926
05736,2007,0,0,32395
05736,2008,0,0,32848
05756,1993,0,0,40441
05756,1994,0,0,40222
05756,1995,0,0,40050
05756,1996,0,0,39855
05756,1997,0,0,39725
05756,1998,0,0,39563
05756,1999,0,0,39402
05756,2000,0,0,39229
05756,2001,2.5611,1,39046
05756,2002,2.5737,1,38854
05756,2003,0,0,38634
05756,2004,7.8101,3,38412
05756,2005,0,0,38145
05756,2006,2.6352,1,37948
05756,2007,0,0,37762
05756,2008,0,0,37557
05761,1993,0,0,13691
05761,1994,0,0,13726
05761,1995,0,0,13767
05761,1996,0,0,13817
05761,1997,0,0,13874
05761,1998,0,0,13940
05761,1999,0,0,13992
05761,2000,0,0,14031
05761,2001,0,0,14108
05761,2002,0,0,14152
05761,2003,0,0,14194
05761,2004,0,0,14229
05761,2005,0,0,14286
05761,2006,0,0,14351
05761,2007,0,0,14387
05761,2008,0,0,14429
05789,1993,0,0,20477
05789,1994,0,0,20268
05789,1995,0,0,20073
05789,1996,0,0,19893
05789,1997,0,0,19750
05789,1998,0,0,19571
05789,1999,0,0,19398
05789,2000,5.1999,1,19231
05789,2001,0,0,19023
05789,2002,0,0,18835
05789,2003,0,0,18660
05789,2004,0,0,18432
05789,2005,0,0,18259
05789,2006,0,0,18082
05789,2007,0,0,17917
05789,2008,0,0,17731
05790,1993,0,0,17701
05790,1994,0,0,18047
05790,1995,0,0,18434
05790,1996,0,0,18810
05790,1997,0,0,19204
05790,1998,0,0,19608
05790,1999,0,0,19980
05790,2000,0,0,20364
05790,2001,9.6441,2,20738
05790,2002,18.9555,4,21102
05790,2003,18.6506,4,21447
05790,2004,4.5884,1,21794
05790,2005,0,0,22141
05790,2006,8.9027,2,22465
05790,2007,0,0,22826
05790,2008,0,0,23166
05792,1993,0,0,6948
05792,1994,0,0,6890
05792,1995,0,0,6853
05792,1996,0,0,6827
05792,1997,0,0,6805
05792,1998,0,0,6767
05792,1999,0,0,6727
05792,2000,0,0,6708
05792,2001,0,0,6679
05792,2002,0,0,6644
05792,2003,0,0,6571
05792,2004,0,0,6531
05792,2005,0,0,6526
05792,2006,0,0,6456
05792,2007,0,0,6430
05792,2008,0,0,6399
05809,1993,0,0,13642
05809,1994,0,0,13543
05809,1995,0,0,13380
05809,1996,0,0,13245
05809,1997,0,0,13136
05809,1998,0,0,13023
05809,1999,0,0,12931
05809,2000,0,0,12788
05809,2001,0,0,12654
05809,2002,0,0,12503
05809,2003,8.0671,1,12396
05809,2004,0,0,12258
05809,2005,0,0,12154
05809,2006,0,0,12006
05809,2007,0,0,11903
05809,2008,0,0,11794
05819,1993,0,0,6290
05819,1994,0,0,6206
05819,1995,0,0,6130
05819,1996,0,0,6099
05819,1997,16.5235,1,6052
05819,1998,16.6583,1,6003
05819,1999,0,0,5958
05819,2000,0,0,5922
05819,2001,0,0,5865
05819,2002,34.4531,2,5805
05819,2003,17.5316,1,5704
05819,2004,17.6585,1,5663
05819,2005,0,0,5596
05819,2006,0,0,5573
05819,2007,0,0,5478
05819,2008,0,0,5435
05837,1993,0,0,84719
05837,1994,0,0,86273
05837,1995,0,0,87875
05837,1996,0,0,89473
05837,1997,0,0,91229
05837,1998,0,0,92897
05837,1999,0,0,94540
05837,2000,0,0,96168
05837,2001,0,0,97704
05837,2002,0,0,99213
05837,2003,0,0,100689
05837,2004,0,0,102178
05837,2005,0,0,103592
05837,2006,0,0,105057
05837,2007,0,0,106537
05837,2008,0,0,108017
05842,1993,0,0,8615
05842,1994,0,0,8530
05842,1995,0,0,8445
05842,1996,0,0,8383
05842,1997,0,0,8325
05842,1998,0,0,8233
05842,1999,0,0,8167
05842,2000,0,0,8088
05842,2001,0,0,8026
05842,2002,0,0,7943
05842,2003,0,0,7880
05842,2004,0,0,7765
05842,2005,0,0,7690
05842,2006,0,0,7601
05842,2007,0,0,7547
05842,2008,0,0,7458
05847,1993,0,0,28446
05847,1994,0,0,28479
05847,1995,0,0,28547
05847,1996,0,0,28599
05847,1997,0,0,28697
05847,1998,0,0,28780
05847,1999,0,0,28860
05847,2000,0,0,28908
05847,2001,3.4526,1,28964
05847,2002,0,0,29004
05847,2003,0,0,29028
05847,2004,0,0,29047
05847,2005,0,0,29075
05847,2006,0,0,29125
05847,2007,0,0,29208
05847,2008,0,0,29161
05854,1993,0,0,13585
05854,1994,0,0,13565
05854,1995,0,0,13556
05854,1996,0,0,13552
05854,1997,0,0,13608
05854,1998,0,0,13617
05854,1999,0,0,13625
05854,2000,0,0,13622
05854,2001,0,0,13605
05854,2002,0,0,13613
05854,2003,0,0,13608
05854,2004,0,0,13604
05854,2005,14.7102,2,13596
05854,2006,0,0,13617
05854,2007,0,0,13573
05854,2008,0,0,13578
05856,1993,0,0,9778
05856,1994,0,0,9878
05856,1995,0,0,10027
05856,1996,0,0,10117
05856,1997,0,0,8979
05856,1998,0,0,8878
05856,1999,0,0,8739
05856,2000,0,0,8620
05856,2001,0,0,8507
05856,2002,0,0,8363
05856,2003,0,0,8239
05856,2004,0,0,8109
05856,2005,0,0,7963
05856,2006,0,0,7849
05856,2007,0,0,7728
05856,2008,0,0,7583
05858,1993,0,0,12419
05858,1994,0,0,12368
05858,1995,0,0,12340
05858,1996,0,0,12320
05858,1997,0,0,12297
05858,1998,0,0,12251
05858,1999,0,0,12234
05858,2000,0,0,12206
05858,2001,0,0,12179
05858,2002,0,0,12143
05858,2003,0,0,12114
05858,2004,0,0,12069
05858,2005,0,0,12033
05858,2006,0,0,11975
05858,2007,0,0,11957
05858,2008,0,0,11964
05861,1993,0,0,12819
05861,1994,0,0,12783
05861,1995,0,0,12690
05861,1996,0,0,12633
05861,1997,0,0,12606
05861,1998,0,0,12545
05861,1999,0,0,12487
05861,2000,0,0,12448
05861,2001,8.0717,1,12389
05861,2002,0,0,12330
05861,2003,0,0,12253
05861,2004,0,0,12198
05861,2005,0,0,12141
05861,2006,0,0,12088
05861,2007,0,0,12042
05861,2008,0,0,11977
05873,1993,0,0,7254
05873,1994,0,0,7315
05873,1995,0,0,7405
05873,1996,0,0,7461
05873,1997,0,0,7566
05873,1998,0,0,7595
05873,1999,0,0,7704
05873,2000,12.8684,1,7771
05873,2001,0,0,7863
05873,2002,0,0,7902
05873,2003,0,0,8029
05873,2004,0,0,8057
05873,2005,0,0,8118
05873,2006,0,0,8169
05873,2007,0,0,8246
05873,2008,0,0,8313
05885,1993,0,0,7859
05885,1994,0,0,7864
05885,1995,0,0,7793
05885,1996,0,0,7751
05885,1997,0,0,7770
05885,1998,0,0,7780
05885,1999,0,0,7759
05885,2000,0,0,7763
05885,2001,0,0,7759
05885,2002,0,0,7729
05885,2003,0,0,7714
05885,2004,0,0,7675
05885,2005,0,0,7669
05885,2006,0,0,7648
05885,2007,0,0,7642
05885,2008,0,0,7633
05887,1993,0,0,36045
05887,1994,0,0,36249
05887,1995,0,0,36444
05887,1996,0,0,36665
05887,1997,0,0,36933
05887,1998,0,0,37140
05887,1999,0,0,37390
05887,2000,0,0,37616
05887,2001,5.285,2,37843
05887,2002,0,0,38007
05887,2003,0,0,38173
05887,2004,0,0,38362
05887,2005,0,0,38536
05887,2006,0,0,38731
05887,2007,0,0,38923
05887,2008,0,0,39083
05890,1993,0,0,22380
05890,1994,0,0,22343
05890,1995,0,0,22320
05890,1996,0,0,22324
05890,1997,0,0,22362
05890,1998,4.4717,1,22363
05890,1999,0,0,22378
05890,2000,0,0,22356
05890,2001,0,0,22354
05890,2002,0,0,22354
05890,2003,13.4451,3,22313
05890,2004,4.4851,1,22296
05890,2005,0,0,22260
05890,2006,0,0,22241
05890,2007,0,0,22212
05890,2008,0,0,22188
05893,1993,0,0,10272
05893,1994,0,0,10632
05893,1995,0,0,11000
05893,1996,0,0,11315
05893,1997,0,0,11728
05893,1998,0,0,12041
05893,1999,0,0,12413
05893,2000,7.826,1,12778
05893,2001,0,0,13115
05893,2002,7.4294,1,13460
05893,2003,21.7328,3,13804
05893,2004,21.1954,3,14154
05893,2005,0,0,14459
05893,2006,0,0,14810
05893,2007,0,0,15116
05893,2008,0,0,15496
05895,1993,0,0,22897
05895,1994,0,0,22966
05895,1995,0,0,23038
05895,1996,0,0,23103
05895,1997,0,0,23210
05895,1998,0,0,23288
05895,1999,0,0,23354
05895,2000,0,0,23444
05895,2001,0,0,23480
05895,2002,4.2465,1,23549
05895,2003,0,0,23609
05895,2004,0,0,23642
05895,2005,4.2215,1,23688
05895,2006,0,0,23728
05895,2007,0,0,23761
05895,2008,0,0,23822
08001,1993,0,0,956524
08001,1994,0,0,970263
08001,1995,0,0,983505
08001,1996,0,0,996262
08001,1997,0,0,1008573
08001,1998,0,0,1020549
08001,1999,0,0,1032205
08001,2000,0,0,1043327
08001,2001,0,0,1053899
08001,2002,0,0,1063877
08001,2003,0,0,1073146
08001,2004,0,0,1082061
08001,2005,0,0,1090935
08001,2006,0,0,1098936
08001,2007,0,0,1106754
08001,2008,0,0,1114090
08078,1993,0,0,41153
08078,1994,0,0,42173
08078,1995,0,0,43183
08078,1996,0,0,44129
08078,1997,0,0,45071
08078,1998,0,0,45941
08078,1999,0,0,46797
08078,2000,0,0,47639
08078,2001,0,0,48442
08078,2002,0,0,49220
08078,2003,0,0,49981
08078,2004,0,0,50763
08078,2005,0,0,51548
08078,2006,0,0,52286
08078,2007,0,0,52993
08078,2008,0,0,53767
08137,1993,0,0,24336
08137,1994,0,0,24344
08137,1995,0,0,24359
08137,1996,0,0,24343
08137,1997,0,0,24355
08137,1998,0,0,24320
08137,1999,0,0,24246
08137,2000,4.1327,1,24197
08137,2001,0,0,24143
08137,2002,0,0,24082
08137,2003,0,0,23985
08137,2004,0,0,23856
08137,2005,0,0,23772
08137,2006,0,0,23682
08137,2007,0,0,23606
08137,2008,0,0,23514
08141,1993,0,0,10864
08141,1994,0,0,11111
08141,1995,0,0,11339
08141,1996,0,0,11566
08141,1997,0,0,11793
08141,1998,0,0,11982
08141,1999,0,0,12181
08141,2000,0,0,12362
08141,2001,0,0,12519
08141,2002,0,0,12704
08141,2003,0,0,12924
08141,2004,0,0,13063
08141,2005,0,0,13242
08141,2006,0,0,13460
08141,2007,0,0,13621
08141,2008,0,0,13842
08296,1993,0,0,25380
08296,1994,0,0,26872
08296,1995,0,0,28421
08296,1996,0,0,29944
08296,1997,0,0,31426
08296,1998,0,0,32910
08296,1999,0,0,34366
08296,2000,0,0,35841
08296,2001,0,0,37276
08296,2002,0,0,38697
08296,2003,0,0,40118
08296,2004,0,0,41441
08296,2005,0,0,42807
08296,2006,0,0,44168
08296,2007,0,0,45548
08296,2008,0,0,46853
08372,1993,0,0,12718
08372,1994,0,0,13132
08372,1995,0,0,13502
08372,1996,0,0,13846
08372,1997,0,0,14188
08372,1998,0,0,14501
08372,1999,0,0,14835
08372,2000,0,0,15121
08372,2001,0,0,15385
08372,2002,0,0,15663
08372,2003,0,0,15956
08372,2004,0,0,16263
08372,2005,0,0,16557
08372,2006,0,0,16873
08372,2007,0,0,17174
08372,2008,0,0,17463
08421,1993,0,0,21035
08421,1994,0,0,21410
08421,1995,0,0,21785
08421,1996,0,0,22090
08421,1997,0,0,22368
08421,1998,0,0,22609
08421,1999,0,0,22790
08421,2000,0,0,23000
08421,2001,0,0,23203
08421,2002,0,0,23382
08421,2003,0,0,23615
08421,2004,0,0,23819
08421,2005,0,0,24066
08421,2006,0,0,24280
08421,2007,0,0,24500
08421,2008,0,0,24779
08433,1993,0,0,70664
08433,1994,0,0,73302
08433,1995,0,0,75869
08433,1996,0,0,78412
08433,1997,0,0,80892
08433,1998,0,0,83350
08433,1999,0,0,85767
08433,2000,0,0,88096
08433,2001,0,0,90429
08433,2002,0,0,92702
08433,2003,0,0,94941
08433,2004,0,0,97159
08433,2005,0,0,99343
08433,2006,0,0,101521
08433,2007,0,0,103612
08433,2008,0,0,105711
08436,1993,0,0,16318
08436,1994,0,0,16553
08436,1995,0,0,16742
08436,1996,0,0,16925
08436,1997,0,0,17147
08436,1998,0,0,17251
08436,1999,0,0,17423
08436,2000,0,0,17567
08436,2001,0,0,17696
08436,2002,0,0,17802
08436,2003,0,0,17900
08436,2004,0,0,18037
08436,2005,0,0,18156
08436,2006,0,0,18271
08436,2007,0,0,18376
08436,2008,0,0,18511
08520,1993,0,0,17660
08520,1994,0,0,18190
08520,1995,0,0,18700
08520,1996,0,0,19198
08520,1997,0,0,19716
08520,1998,0,0,20207
08520,1999,0,0,20702
08520,2000,0,0,21121
08520,2001,0,0,21556
08520,2002,0,0,22004
08520,2003,0,0,22449
08520,2004,0,0,22901
08520,2005,0,0,23350
08520,2006,0,0,23715
08520,2007,0,0,24145
08520,2008,0,0,24542
08549,1993,0,0,4555
08549,1994,0,0,4638
08549,1995,0,0,4749
08549,1996,0,0,4830
08549,1997,0,0,4878
08549,1998,0,0,4959
08549,1999,0,0,5036
08549,2000,0,0,5113
08549,2001,0,0,5158
08549,2002,0,0,5234
08549,2003,0,0,5304
08549,2004,0,0,5323
08549,2005,0,0,5401
08549,2006,0,0,5478
08549,2007,0,0,5563
08549,2008,0,0,5647
08558,1993,0,0,11953
08558,1994,0,0,12229
08558,1995,0,0,12524
08558,1996,0,0,12864
08558,1997,0,0,13115
08558,1998,0,0,13371
08558,1999,0,0,13585
08558,2000,0,0,13858
08558,2001,0,0,14100
08558,2002,0,0,14330
08558,2003,0,0,14539
08558,2004,0,0,14756
08558,2005,0,0,14997
08558,2006,0,0,15256
08558,2007,0,0,15513
08558,2008,0,0,15712
08560,1993,0,0,16478
08560,1994,0,0,16856
08560,1995,0,0,17202
08560,1996,0,0,17548
08560,1997,0,0,17845
08560,1998,0,0,18108
08560,1999,0,0,18361
08560,2000,0,0,18590
08560,2001,0,0,18803
08560,2002,0,0,19035
08560,2003,0,0,19299
08560,2004,0,0,19546
08560,2005,0,0,19787
08560,2006,0,0,20070
08560,2007,0,0,20299
08560,2008,0,0,20570
08573,1993,0,0,26906
08573,1994,0,0,27936
08573,1995,0,0,28925
08573,1996,0,0,29870
08573,1997,0,0,30778
08573,1998,0,0,31705
08573,1999,0,0,32571
08573,2000,0,0,33459
08573,2001,0,0,34333
08573,2002,0,0,35191
08573,2003,0,0,36022
08573,2004,0,0,36906
08573,2005,0,0,37735
08573,2006,0,0,38587
08573,2007,0,0,39457
08573,2008,0,0,40231
08606,1993,0,0,19476
08606,1994,0,0,19837
08606,1995,0,0,20197
08606,1996,0,0,20473
08606,1997,0,0,20775
08606,1998,0,0,21036
08606,1999,0,0,21252
08606,2000,0,0,21464
08606,2001,0,0,21657
08606,2002,0,0,21857
08606,2003,0,0,22081
08606,2004,0,0,22349
08606,2005,0,0,22576
08606,2006,0,0,22791
08606,2007,0,0,23032
08606,2008,0,0,23243
08634,1993,0,0,18024
08634,1994,0,0,18707
08634,1995,0,0,19378
08634,1996,0,0,19998
08634,1997,0,0,20627
08634,1998,0,0,21226
08634,1999,0,0,21832
08634,2000,0,0,22429
08634,2001,0,0,22977
08634,2002,0,0,23505
08634,2003,0,0,24066
08634,2004,0,0,24642
08634,2005,0,0,25200
08634,2006,0,0,25726
08634,2007,0,0,26222
08634,2008,0,0,26771
08638,1993,0,0,62968
08638,1994,0,0,64459
08638,1995,0,0,65926
08638,1996,0,0,67259
08638,1997,0,0,68509
08638,1998,1.4341,1,69728
08638,1999,0,0,70838
08638,2000,0,0,71977
08638,2001,0,0,73027
08638,2002,0,0,74095
08638,2003,0,0,75226
08638,2004,0,0,76254
08638,2005,0,0,77347
08638,2006,0,0,78391
08638,2007,0,0,79476
08638,2008,0,0,80573
08675,1993,0,0,9441
08675,1994,0,0,9735
08675,1995,0,0,10022
08675,1996,0,0,10324
08675,1997,0,0,10620
08675,1998,0,0,10887
08675,1999,0,0,11166
08675,2000,0,0,11414
08675,2001,0,0,11669
08675,2002,0,0,11904
08675,2003,0,0,12165
08675,2004,0,0,12412
08675,2005,0,0,12647
08675,2006,0,0,12921
08675,2007,0,0,13157
08675,2008,0,0,13399
08685,1993,0,0,19291
08685,1994,0,0,19792
08685,1995,0,0,20300
08685,1996,0,0,20793
08685,1997,0,0,21254
08685,1998,0,0,21718
08685,1999,0,0,22176
08685,2000,0,0,22622
08685,2001,0,0,23037
08685,2002,0,0,23450
08685,2003,0,0,23772
08685,2004,0,0,24219
08685,2005,0,0,24620
08685,2006,0,0,24997
08685,2007,0,0,25394
08685,2008,0,0,25729
08758,1993,0,0,269078
08758,1994,0,0,283664
08758,1995,0,0,298177
08758,1996,0,0,312631
08758,1997,0,0,326903
08758,1998,0,0,341170
08758,1999,0,0,355316
08758,2000,0,0,369257
08758,2001,0,0,383086
08758,2002,0,0,396604
08758,2003,0,0,409938
08758,2004,0,0,423016
08758,2005,0,0,436131
08758,2006,0,0,448906
08758,2007,0,0,461506
08758,2008,0,0,473860
08770,1993,0,0,9972
08770,1994,0,0,10096
08770,1995,0,0,10196
08770,1996,0,0,10313
08770,1997,0,0,10393
08770,1998,0,0,10500
08770,1999,0,0,10540
08770,2000,0,0,10612
08770,2001,0,0,10704
08770,2002,0,0,10795
08770,2003,0,0,10852
08770,2004,0,0,10944
08770,2005,0,0,11005
08770,2006,0,0,11083
08770,2007,0,0,11114
08770,2008,0,0,11172
08832,1993,0,0,9431
08832,1994,0,0,9875
08832,1995,0,0,10208
08832,1996,0,0,10549
08832,1997,0,0,10876
08832,1998,0,0,11136
08832,1999,0,0,11444
08832,2000,0,0,11714
08832,2001,0,0,12002
08832,2002,0,0,12271
08832,2003,0,0,12560
08832,2004,0,0,12844
08832,2005,0,0,13125
08832,2006,0,0,13442
08832,2007,0,0,13759
08832,2008,0,0,14029
08849,1993,0,0,7345
08849,1994,0,0,7597
08849,1995,0,0,7819
08849,1996,0,0,7994
08849,1997,0,0,8220
08849,1998,0,0,8442
08849,1999,0,0,8639
08849,2000,0,0,8837
08849,2001,0,0,9045
08849,2002,0,0,9244
08849,2003,0,0,9427
08849,2004,0,0,9624
08849,2005,0,0,9789
08849,2006,0,0,9959
08849,2007,0,0,10167
08849,2008,0,0,10356
11001,1993,0,0,5138233
11001,1994,0,0,5296708
11001,1995,0,0,5455819
11001,1996,0,0,5614203
11001,1997,0,0,5768738
11001,1998,0,0,5916230
11001,1999,0,0,6055303
11001,2000,0,0,6184880
11001,2001,0,0,6304362
11001,2002,0,0,6414904
11001,2003,0.0153,1,6518528
11001,2004,0,0,6616513
11001,2005,0,0,6710910
11001,2006,0,0,6801343
11001,2007,0,0,6884569
11001,2008,0,0,6960512
13001,1993,0,0,656836
13001,1994,0,0,676334
13001,1995,0,0,687500
13001,1996,0,0,702148
13001,1997,0,0,721430
13001,1998,0,0,739998
13001,1999,0,0,759052
13001,2000,0,0,773653
13001,2001,0,0,787731
13001,2002,0,0,801358
13001,2003,0,0,814309
13001,2004,0.1209,1,826818
13001,2005,0,0,838757
13001,2006,0,0,850452
13001,2007,0,0,861563
13001,2008,0,0,871497
13006,1993,0,0,27426
13006,1994,0,0,27298
13006,1995,0,0,22079
13006,1996,0,0,21616
13006,1997,0,0,17041
13006,1998,0,0,17143
13006,1999,0,0,17221
13006,2000,5.6935,1,17564
13006,2001,5.5748,1,17938
13006,2002,0,0,18310
13006,2003,0,0,18721
13006,2004,0,0,19106
13006,2005,0,0,19475
13006,2006,0,0,19890
13006,2007,0,0,20283
13006,2008,0,0,20664
13030,1995,0,0,8065
13030,1996,0,0,7913
13030,1997,0,0,8025
13030,1998,0,0,8065
13030,1999,0,0,8152
13030,2000,0,0,8312
13030,2001,0,0,8463
13030,2002,0,0,8615
13030,2003,0,0,8751
13030,2004,0,0,8912
13030,2005,0,0,9040
13030,2006,0,0,9206
13030,2007,0,0,9375
13030,2008,0,0,9523
13042,1996,0,0,7858
13042,1997,0,0,7749
13042,1998,26.1404,2,7651
13042,1999,13.1839,1,7585
13042,2000,0,0,7636
13042,2001,0,0,7649
13042,2002,0,0,7672
13042,2003,0,0,7678
13042,2004,12.9803,1,7704
13042,2005,0,0,7711
13042,2006,0,0,7706
13042,2007,0,0,7691
13042,2008,0,0,7689
13052,1993,0,0,46324
13052,1994,0,0,47577
13052,1995,0,0,48330
13052,1996,0,0,49064
13052,1997,0,0,50280
13052,1998,0,0,51446
13052,1999,0,0,52675
13052,2000,0,0,53739
13052,2001,0,0,54801
13052,2002,0,0,55828
13052,2003,0,0,56819
13052,2004,0,0,57778
13052,2005,0,0,58729
13052,2006,0,0,59637
13052,2007,0,0,60549
13052,2008,0,0,61351
13062,1998,0,0,8661
13062,1999,0,0,8645
13062,2000,0,0,8636
13062,2001,0,0,8627
13062,2002,0,0,8620
13062,2003,0,0,8583
13062,2004,0,0,8580
13062,2005,0,0,8576
13062,2006,0,0,8537
13062,2007,0,0,8546
13062,2008,0,0,8589
13074,1993,0,0,19570
13074,1994,0,0,19708
13074,1995,0,0,13354
13074,1996,0,0,12907
13074,1997,0,0,12833
13074,1998,0,0,12799
13074,1999,0,0,12795
13074,2000,0,0,12898
13074,2001,0,0,13027
13074,2002,0,0,13146
13074,2003,0,0,13285
13074,2004,0,0,13415
13074,2005,0,0,13537
13074,2006,0,0,13654
13074,2007,0,0,13771
13074,2008,0,0,13921
13140,1993,0,0,23890
13140,1994,0,0,23935
13140,1995,0,0,23906
13140,1996,0,0,23294
13140,1997,0,0,23334
13140,1998,0,0,17771
13140,1999,0,0,17938
13140,2000,5.4834,1,18237
13140,2001,0,0,18508
13140,2002,5.3197,1,18798
13140,2003,0,0,19050
13140,2004,5.1803,1,19304
13140,2005,5.1172,1,19542
13140,2006,0,0,19812
13140,2007,0,0,20049
13140,2008,0,0,20314
13160,1995,0,0,4498
13160,1996,0,0,4448
13160,1997,0,0,4601
13160,1998,0,0,4766
13160,1999,0,0,4892
13160,2000,19.5886,1,5105
13160,2001,0,0,5310
13160,2002,0,0,5498
13160,2003,0,0,5680
13160,2004,17.0707,1,5858
13160,2005,0,0,6048
13160,2006,0,0,6207
13160,2007,0,0,6392
13160,2008,0,0,6592
13188,1995,0,0,6928
13188,1996,0,0,7019
13188,1997,0,0,7272
13188,1998,0,0,7530
13188,1999,0,0,7829
13188,2000,0,0,8187
13188,2001,0,0,8512
13188,2002,0,0,8811
13188,2003,0,0,9122
13188,2004,0,0,9441
13188,2005,0,0,9753
13188,2006,0,0,10070
13188,2007,0,0,10377
13188,2008,0,0,10671
13212,1993,0,0,15202
13212,1994,0,0,15091
13212,1995,0,0,14969
13212,1996,0,0,14417
13212,1997,0,0,14336
13212,1998,0,0,14264
13212,1999,0,0,14150
13212,2000,14.04,2,14245
13212,2001,6.9638,1,14360
13212,2002,6.9266,1,14437
13212,2003,6.8771,1,14541
13212,2004,0,0,14654
13212,2005,0,0,14773
13212,2006,0,0,14894
13212,2007,0,0,14998
13212,2008,0,0,15073
13222,1996,0,0,10504
13222,1997,0,0,10646
13222,1998,0,0,10836
13222,1999,0,0,11000
13222,2000,0,0,11244
13222,2001,0,0,11498
13222,2002,0,0,11777
13222,2003,0,0,12019
13222,2004,0,0,12263
13222,2005,0,0,12459
13222,2006,0,0,12674
13222,2007,0,0,12886
13222,2008,0,0,13049
13244,1993,0,0,66395
13244,1994,0,0,66516
13244,1995,0,0,66294
13244,1996,0,0,65221
13244,1997,1.5282,1,65435
13244,1998,0,0,65686
13244,1999,0,0,65928
13244,2000,3.0132,2,66375
13244,2001,4.4916,3,66792
13244,2002,1.4877,1,67218
13244,2003,1.4794,1,67596
13244,2004,1.472,1,67933
13244,2005,0,0,68268
13244,2006,0,0,68564
13244,2007,0,0,68815
13244,2008,0,0,69012
13248,1993,0,0,7427
13248,1994,0,0,7470
13248,1995,0,0,7455
13248,1996,0,0,7328
13248,1997,0,0,7362
13248,1998,0,0,7397
13248,1999,0,0,7436
13248,2000,0,0,7509
13248,2001,0,0,7582
13248,2002,0,0,7622
13248,2003,0,0,7709
13248,2004,0,0,7809
13248,2005,0,0,7877
13248,2006,0,0,8027
13248,2007,0,0,8017
13248,2008,0,0,8064
13268,1996,0,0,12652
13268,1997,0,0,12337
13268,1998,0,0,11989
13268,1999,0,0,11654
13268,2000,0,0,11481
13268,2001,0,0,11287
13268,2002,0,0,11126
13268,2003,0,0,10931
13268,2004,0,0,10762
13268,2005,0,0,10535
13268,2006,0,0,10338
13268,2007,0,0,10128
13268,2008,0,0,9926
13300,1995,0,0,15545
13300,1996,0,0,14707
13300,1997,0,0,14423
13300,1998,0,0,14174
13300,1999,0,0,13878
13300,2000,0,0,13811
13300,2001,0,0,13766
13300,2002,0,0,13713
13300,2003,0,0,13649
13300,2004,0,0,13599
13300,2005,0,0,13454
13300,2006,0,0,13421
13300,2007,0,0,13387
13300,2008,0,0,13323
13430,1993,0,0,102447
13430,1994,0,0,103781
13430,1995,0,0,104445
13430,1996,0,0,103994
13430,1997,0,0,105392
13430,1998,0,0,106803
13430,1999,0,0,108268
13430,2000,0.91,1,109886
13430,2001,0,0,111507
13430,2002,0,0,113108
13430,2003,0,0,114637
13430,2004,0,0,116144
13430,2005,0,0,117593
13430,2006,0,0,119009
13430,2007,0.8306,1,120388
13430,2008,0,0,121616
13433,1993,0,0,23637
13433,1994,0,0,23902
13433,1995,0,0,24150
13433,1996,0,0,23733
13433,1997,0,0,24000
13433,1998,0,0,22226
13433,1999,0,0,22299
13433,2000,0,0,22591
13433,2001,0,0,22867
13433,2002,0,0,23170
13433,2003,0,0,23494
13433,2004,0,0,23819
13433,2005,0,0,24097
13433,2006,0,0,24395
13433,2007,0,0,24695
13433,2008,0,0,24982
13440,1993,0,0,9478
13440,1994,0,0,9401
13440,1995,0,0,9406
13440,1996,0,0,8989
13440,1997,0,0,9001
13440,1998,0,0,8925
13440,1999,0,0,8891
13440,2000,0,0,8960
13440,2001,0,0,9076
13440,2002,0,0,9167
13440,2003,0,0,9242
13440,2004,0,0,9372
13440,2005,0,0,9456
13440,2006,0,0,9518
13440,2007,0,0,9607
13440,2008,0,0,9734
13442,1993,0,0,36054
13442,1994,0,0,36229
13442,1995,0,0,36364
13442,1996,0,0,35641
13442,1997,0,0,35858
13442,1998,0,0,36109
13442,1999,0,0,36356
13442,2000,0,0,36893
13442,2001,0,0,37440
13442,2002,0,0,37993
13442,2003,0,0,38558
13442,2004,0,0,39109
13442,2005,0,0,39675
13442,2006,0,0,40217
13442,2007,0,0,40775
13442,2008,0,0,41299
13458,1995,0,0,8236
13458,1996,0,0,8146
13458,1997,0,0,8430
13458,1998,11.5141,1,8685
13458,1999,0,0,8896
13458,2000,0,0,9267
13458,2001,0,0,9672
13458,2002,0,0,10071
13458,2003,0,0,10450
13458,2004,9.2174,1,10849
13458,2005,0,0,11212
13458,2006,0,0,11623
13458,2007,0,0,12061
13458,2008,0,0,12443
13468,1993,0,0,36727
13468,1994,0,0,36957
13468,1995,0,0,37025
13468,1996,0,0,36462
13468,1997,0,0,36706
13468,1998,0,0,36963
13468,1999,0,0,37202
13468,2000,0,0,37627
13468,2001,0,0,38058
13468,2002,0,0,38492
13468,2003,0,0,38919
13468,2004,0,0,39369
13468,2005,0,0,39736
13468,2006,0,0,40150
13468,2007,0,0,40573
13468,2008,0,0,40937
13473,1993,0,0,22234
13473,1994,0,0,22681
13473,1995,0,0,23138
13473,1996,0,0,13663
13473,1997,0,0,13880
13473,1998,0,0,14150
13473,1999,6.9546,1,14379
13473,2000,0,0,14783
13473,2001,0,0,15180
13473,2002,12.8156,2,15606
13473,2003,0,0,16012
13473,2004,6.0861,1,16431
13473,2005,0,0,16839
13473,2006,0,0,17286
13473,2007,0,0,17713
13473,2008,0,0,18130
13490,2008,0,0,4101
13549,1993,0,0,34318
13549,1994,0,0,34534
13549,1995,0,0,22049
13549,1996,0,0,21038
13549,1997,4.8093,1,20793
13549,1998,0,0,20620
13549,1999,0,0,20489
13549,2000,0,0,20668
13549,2001,4.7962,1,20850
13549,2002,0,0,21071
13549,2003,0,0,21296
13549,2004,0,0,21502
13549,2005,0,0,21713
13549,2006,0,0,21921
13549,2007,0,0,22158
13549,2008,0,0,22405
13580,1996,0,0,4439
13580,1997,0,0,4453
13580,1998,0,0,4540
13580,1999,0,0,4635
13580,2000,0,0,4756
13580,2001,0,0,4923
13580,2002,0,0,5028
13580,2003,0,0,5145
13580,2004,0,0,5293
13580,2005,0,0,5405
13580,2006,0,0,5517
13580,2007,0,0,5658
13580,2008,0,0,5751
13600,1993,0,0,22530
13600,1994,0,0,22684
13600,1995,0,0,22906
13600,1996,0,0,15732
13600,1997,0,0,15454
13600,1998,0,0,15235
13600,1999,0,0,14974
13600,2000,0,0,14932
13600,2001,0,0,14912
13600,2002,13.4418,2,14879
13600,2003,0,0,14848
13600,2004,0,0,14801
13600,2005,0,0,14735
13600,2006,0,0,14704
13600,2007,0,0,14663
13600,2008,0,0,11384
13620,1996,0,0,6478
13620,1997,0,0,6566
13620,1998,0,0,6651
13620,1999,0,0,6720
13620,2000,0,0,6795
13620,2001,0,0,6934
13620,2002,0,0,7001
13620,2003,0,0,7123
13620,2004,0,0,7204
13620,2005,0,0,7263
13620,2006,0,0,7329
13620,2007,0,0,7448
13620,2008,0,0,7515
13647,1993,0,0,14234
13647,1994,0,0,14417
13647,1995,0,0,14499
13647,1996,0,0,14506
13647,1997,0,0,14685
13647,1998,0,0,14866
13647,1999,0,0,15080
13647,2000,0,0,15277
13647,2001,0,0,15496
13647,2002,0,0,15672
13647,2003,0,0,15867
13647,2004,0,0,16043
13647,2005,0,0,16225
13647,2006,0,0,16408
13647,2007,0,0,16567
13647,2008,0,0,16712
13650,1993,0,0,10699
13650,1994,0,0,10789
13650,1995,0,0,10319
13650,1996,0,0,10001
13650,1997,0,0,9922
13650,1998,0,0,9935
13650,1999,0,0,9921
13650,2000,0,0,10031
13650,2001,0,0,10176
13650,2002,0,0,10279
13650,2003,0,0,10430
13650,2004,0,0,10611
13650,2005,0,0,10696
13650,2006,0,0,10861
13650,2007,0,0,11014
13650,2008,0,0,11178
13654,1993,0,0,24237
13654,1994,0,0,24323
13654,1995,0,0,24230
13654,1996,0,0,24004
13654,1997,0,0,24134
13654,1998,0,0,24234
13654,1999,0,0,24313
13654,2000,0,0,24427
13654,2001,0,0,24485
13654,2002,4.0813,1,24502
13654,2003,0,0,24573
13654,2004,0,0,24558
13654,2005,0,0,24567
13654,2006,0,0,24563
13654,2007,0,0,24515
13654,2008,0,0,24481
13655,1997,0,0,5623
13655,1998,0,0,5699
13655,1999,0,0,5838
13655,2000,0,0,6051
13655,2001,0,0,6264
13655,2002,0,0,6458
13655,2003,0,0,6691
13655,2004,0,0,6913
13655,2005,0,0,7110
13655,2006,0,0,7343
13655,2007,0,0,7568
13655,2008,0,0,7795
13657,1993,0,0,30650
13657,1994,0,0,30928
13657,1995,0,0,31009
13657,1996,0,0,30816
13657,1997,0,0,31147
13657,1998,0,0,31490
13657,1999,0,0,31833
13657,2000,3.1066,1,32190
13657,2001,3.0704,1,32569
13657,2002,0,0,32924
13657,2003,0,0,33267
13657,2004,0,0,33506
13657,2005,2.9499,1,33899
13657,2006,0,0,34188
13657,2007,0,0,34462
13657,2008,0,0,34704
13667,1993,0,0,28683
13667,1994,0,0,28895
13667,1995,0,0,16848
13667,1996,0,0,28714
13667,1997,0,0,27751
13667,1998,0,0,26859
13667,1999,0,0,25977
13667,2000,0,0,25501
13667,2001,0,0,25021
13667,2002,0,0,24528
13667,2003,0,0,24068
13667,2004,0,0,23561
13667,2005,4.3405,1,23039
13667,2006,0,0,22485
13667,2007,0,0,21978
13667,2008,0,0,21428
13670,1993,0,0,22167
13670,1994,0,0,22780
13670,1995,0,0,19559
13670,1996,0,0,19523
13670,1997,0,0,19884
13670,1998,0,0,20250
13670,1999,4.849,1,20623
13670,2000,9.4976,2,21058
13670,2001,55.8451,12,21488
13670,2002,22.8196,5,21911
13670,2003,13.4348,3,22330
13670,2004,4.4012,1,22721
13670,2005,12.9797,3,23113
13670,2006,0,0,23480
13670,2007,0,0,23853
13670,2008,0,0,24193
13673,1993,0,0,20994
13673,1994,0,0,21366
13673,1995,0,0,21776
13673,1996,0,0,11145
13673,1997,0,0,11222
13673,1998,0,0,11299
13673,1999,0,0,11348
13673,2000,0,0,11517
13673,2001,0,0,11686
13673,2002,0,0,11869
13673,2003,0,0,12054
13673,2004,0,0,12240
13673,2005,0,0,12429
13673,2006,0,0,12581
13673,2007,0,0,12770
13673,2008,0,0,12950
13683,1993,0,0,12359
13683,1994,0,0,12804
13683,1995,0,0,13141
13683,1996,0,0,13493
13683,1997,0,0,13972
13683,1998,0,0,14429
13683,1999,0,0,14926
13683,2000,0,0,15297
13683,2001,0,0,15703
13683,2002,0,0,16062
13683,2003,6.0912,1,16417
13683,2004,5.9581,1,16784
13683,2005,0,0,17126
13683,2006,0,0,17488
13683,2007,0,0,17777
13683,2008,0,0,18080
13688,1993,0,0,16649
13688,1994,0,0,17235
13688,1995,0,0,17752
13688,1996,0,0,17943
13688,1997,0,0,18498
13688,1998,0,0,19099
13688,1999,0,0,19722
13688,2000,4.8957,1,20426
13688,2001,4.727,1,21155
13688,2002,0,0,21890
13688,2003,0,0,22608
13688,2004,4.2872,1,23325
13688,2005,0,0,24050
13688,2006,0,0,24770
13688,2007,0,0,25478
13688,2008,0,0,26162
13744,1993,0,0,10598
13744,1994,0,0,10844
13744,1995,0,0,11088
13744,1996,0,0,10994
13744,1997,0,0,11203
13744,1998,17.5039,2,11426
13744,1999,8.5866,1,11646
13744,2000,16.7112,2,11968
13744,2001,16.284,2,12282
13744,2002,0,0,12632
13744,2003,0,0,12965
13744,2004,15.0308,2,13306
13744,2005,0,0,13654
13744,2006,0,0,13987
13744,2007,6.9677,1,14352
13744,2008,0,0,14699
13760,1993,0,0,13941
13760,1994,0,0,14151
13760,1995,0,0,14328
13760,1996,0,0,8456
13760,1997,0,0,8673
13760,1998,0,0,8868
13760,1999,0,0,9041
13760,2000,0,0,9168
13760,2001,0,0,9293
13760,2002,0,0,9402
13760,2003,0,0,9510
13760,2004,0,0,9599
13760,2005,0,0,9701
13760,2006,0,0,9791
13760,2007,0,0,9863
13760,2008,0,0,9927
13780,1993,0,0,23253
13780,1994,0,0,23384
13780,1995,0,0,17362
13780,1996,0,0,16578
13780,1997,0,0,16316
13780,1998,0,0,16000
13780,1999,0,0,15787
13780,2000,0,0,15693
13780,2001,0,0,15572
13780,2002,0,0,15487
13780,2003,0,0,15385
13780,2004,0,0,15267
13780,2005,0,0,15155
13780,2006,0,0,15035
13780,2007,0,0,14907
13780,2008,0,0,14771
13810,1995,0,0,14821
13810,1996,0,0,14234
13810,1997,0,0,14217
13810,1998,14.0578,2,14227
13810,1999,0,0,14190
13810,2000,0,0,14455
13810,2001,6.8227,1,14657
13810,2002,0,0,14888
13810,2003,0,0,15122
13810,2004,0,0,15363
13810,2005,0,0,15575
13810,2006,0,0,15812
13810,2007,0,0,16039
13810,2008,0,0,16261
13836,1993,0,0,53229
13836,1994,0,0,55883
13836,1995,0,0,57893
13836,1996,0,0,60095
13836,1997,0,0,62774
13836,1998,0,0,65418
13836,1999,0,0,68146
13836,2000,0,0,70509
13836,2001,0,0,72783
13836,2002,0,0,75060
13836,2003,0,0,77238
13836,2004,0,0,79363
13836,2005,0,0,81435
13836,2006,0,0,83448
13836,2007,0,0,85401
13836,2008,1.146,1,87257
13838,1993,0,0,11411
13838,1994,0,0,11672
13838,1995,0,0,11833
13838,1996,0,0,11963
13838,1997,0,0,12252
13838,1998,0,0,12476
13838,1999,0,0,12758
13838,2000,0,0,12973
13838,2001,0,0,13202
13838,2002,0,0,13408
13838,2003,0,0,13677
13838,2004,0,0,13866
13838,2005,0,0,14065
13838,2006,0,0,14256
13838,2007,0,0,14456
13838,2008,0,0,14634
13873,1993,0,0,15721
13873,1994,0,0,16150
13873,1995,0,0,16454
13873,1996,0,0,16707
13873,1997,0,0,17178
13873,1998,0,0,17627
13873,1999,0,0,18075
13873,2000,0,0,18440
13873,2001,0,0,18809
13873,2002,0,0,19215
13873,2003,0,0,19539
13873,2004,0,0,19866
13873,2005,0,0,20188
13873,2006,0,0,20520
13873,2007,0,0,20817
13873,2008,0,0,21116
13894,1993,0,0,10545
13894,1994,0,0,10688
13894,1995,0,0,10693
13894,1996,0,0,10783
13894,1997,0,0,10892
13894,1998,0,0,11003
13894,1999,0,0,11159
13894,2000,0,0,11217
13894,2001,17.7762,2,11251
13894,2002,0,0,11325
13894,2003,0,0,11405
13894,2004,0,0,11456
13894,2005,0,0,11509
13894,2006,0,0,11564
13894,2007,0,0,11580
13894,2008,0,0,11600
15001,1993,0,0,103112
15001,1994,0,0,105995
15001,1995,0,0,108993
15001,1996,0,0,111985
15001,1997,0,0,114943
15001,1998,0,0,117976
15001,1999,0,0,121007
15001,2000,0,0,123975
15001,2001,0.7881,1,126886
15001,2002,0,0,129744
15001,2003,0,0,132661
15001,2004,0,0,135482
15001,2005,0,0,138131
15001,2006,0,0,140936
15001,2007,0,0,143677
15001,2008,0,0,146463
15022,1993,0,0,7360
15022,1994,0,0,7091
15022,1995,0,0,6916
15022,1996,0,0,6687
15022,1997,0,0,6457
15022,1998,0,0,6203
15022,1999,0,0,5976
15022,2000,0,0,5773
15022,2001,0,0,5522
15022,2002,0,0,5288
15022,2003,0,0,5066
15022,2004,0,0,4854
15022,2005,0,0,4672
15022,2006,0,0,4415
15022,2007,0,0,4197
15022,2008,0,0,3962
15047,1993,0,0,16456
15047,1994,0,0,16403
15047,1995,0,0,16325
15047,1996,0,0,16243
15047,1997,0,0,16258
15047,1998,0,0,16191
15047,1999,0,0,16135
15047,2000,0,0,16027
15047,2001,0,0,15989
15047,2002,0,0,15985
15047,2003,6.2842,1,15913
15047,2004,0,0,15851
15047,2005,0,0,15758
15047,2006,0,0,15694
15047,2007,0,0,15646
15047,2008,0,0,15563
15051,1993,0,0,4752
15051,1994,0,0,4806
15051,1995,0,0,4865
15051,1996,0,0,4919
15051,1997,0,0,4967
15051,1998,0,0,5025
15051,1999,0,0,5063
15051,2000,0,0,5061
15051,2001,0,0,5084
15051,2002,0,0,5105
15051,2003,0,0,5165
15051,2004,0,0,5197
15051,2005,0,0,5199
15051,2006,0,0,5230
15051,2007,0,0,5240
15051,2008,0,0,5292
15087,1993,0,0,8587
15087,1994,0,0,8512
15087,1995,0,0,8477
15087,1996,0,0,8440
15087,1997,0,0,8370
15087,1998,0,0,8325
15087,1999,0,0,8256
15087,2000,0,0,8219
15087,2001,0,0,8217
15087,2002,12.2534,1,8161
15087,2003,0,0,8131
15087,2004,0,0,8095
15087,2005,0,0,8038
15087,2006,0,0,7963
15087,2007,0,0,7918
15087,2008,0,0,7852
15090,1993,0,0,2021
15090,1994,0,0,1939
15090,1995,0,0,1954
15090,1996,0,0,1921
15090,1997,0,0,1946
15090,1998,0,0,1930
15090,1999,0,0,1941
15090,2000,0,0,1868
15090,2001,0,0,1840
15090,2002,0,0,1834
15090,2003,0,0,1854
15090,2004,0,0,1872
15090,2005,0,0,1785
15090,2006,0,0,1823
15090,2007,0,0,1815
15090,2008,0,0,1774
15092,1993,0,0,2727
15092,1994,0,0,2735
15092,1995,0,0,2713
15092,1996,0,0,2674
15092,1997,0,0,2663
15092,1998,0,0,2632
15092,1999,0,0,2580
15092,2000,0,0,2560
15092,2001,0,0,2475
15092,2002,0,0,2439
15092,2003,0,0,2404
15092,2004,0,0,2365
15092,2005,0,0,2327
15092,2006,0,0,2287
15092,2007,0,0,2302
15092,2008,0,0,2252
15097,1993,0,0,11871
15097,1994,0,0,11575
15097,1995,0,0,11280
15097,1996,0,0,10991
15097,1997,0,0,10735
15097,1998,0,0,10444
15097,1999,0,0,10162
15097,2000,0,0,9876
15097,2001,0,0,9604
15097,2002,0,0,9324
15097,2003,0,0,9033
15097,2004,0,0,8744
15097,2005,0,0,8472
15097,2006,0,0,8185
15097,2007,0,0,7889
15097,2008,0,0,7610
15104,1993,0,0,5581
15104,1994,0,0,5535
15104,1995,0,0,5511
15104,1996,0,0,5485
15104,1997,0,0,5421
15104,1998,0,0,5390
15104,1999,0,0,5385
15104,2000,0,0,5336
15104,2001,0,0,5380
15104,2002,0,0,5342
15104,2003,0,0,5303
15104,2004,0,0,5270
15104,2005,19.1828,1,5213
15104,2006,0,0,5179
15104,2007,0,0,5179
15104,2008,0,0,5130
15106,1993,0,0,3084
15106,1994,0,0,3041
15106,1995,0,0,3033
15106,1996,0,0,2981
15106,1997,0,0,2970
15106,1998,0,0,2953
15106,1999,0,0,2885
15106,2000,0,0,2805
15106,2001,0,0,2795
15106,2002,0,0,2765
15106,2003,0,0,2697
15106,2004,0,0,2686
15106,2005,0,0,2620
15106,2006,0,0,2579
15106,2007,0,0,2561
15106,2008,0,0,2543
15109,1993,0,0,5622
15109,1994,0,0,5569
15109,1995,0,0,5500
15109,1996,0,0,5473
15109,1997,0,0,5362
15109,1998,0,0,5333
15109,1999,0,0,5247
15109,2000,0,0,5225
15109,2001,0,0,5183
15109,2002,0,0,5132
15109,2003,0,0,5065
15109,2004,0,0,5000
15109,2005,0,0,4941
15109,2006,0,0,4885
15109,2007,0,0,4818
15109,2008,0,0,4795
15114,1993,0,0,788
15114,1994,0,0,872
15114,1995,0,0,744
15114,1996,0,0,779
15114,1997,0,0,807
15114,1998,0,0,837
15114,1999,0,0,887
15114,2000,0,0,841
15114,2001,0,0,864
15114,2002,0,0,873
15114,2003,0,0,884
15114,2004,0,0,933
15114,2005,0,0,884
15114,2006,0,0,921
15114,2007,0,0,962
15114,2008,0,0,999
15131,1993,0,0,4378
15131,1994,0,0,4350
15131,1995,0,0,4225
15131,1996,0,0,4166
15131,1997,0,0,4114
15131,1998,0,0,4090
15131,1999,0,0,4044
15131,2000,0,0,3946
15131,2001,0,0,3885
15131,2002,0,0,3861
15131,2003,0,0,3790
15131,2004,0,0,3739
15131,2005,0,0,3689
15131,2006,0,0,3617
15131,2007,0,0,3558
15131,2008,0,0,3503
15135,1993,0,0,4585
15135,1994,0,0,4544
15135,1995,0,0,4511
15135,1996,0,0,4458
15135,1997,0,0,4395
15135,1998,0,0,4328
15135,1999,0,0,4221
15135,2000,0,0,4172
15135,2001,0,0,4117
15135,2002,0,0,4049
15135,2003,0,0,3955
15135,2004,25.9269,1,3857
15135,2005,26.4131,1,3786
15135,2006,0,0,3753
15135,2007,0,0,3697
15135,2008,0,0,3643
15162,1993,0,0,4750
15162,1994,0,0,4721
15162,1995,0,0,4669
15162,1996,0,0,4644
15162,1997,0,0,4613
15162,1998,0,0,4556
15162,1999,0,0,4500
15162,2000,0,0,4460
15162,2001,0,0,4398
15162,2002,0,0,4359
15162,2003,0,0,4303
15162,2004,0,0,4243
15162,2005,0,0,4175
15162,2006,0,0,4154
15162,2007,0,0,4088
15162,2008,0,0,4040
15172,1993,0,0,3930
15172,1994,0,0,3930
15172,1995,0,0,3911
15172,1996,0,0,3888
15172,1997,0,0,3847
15172,1998,0,0,3796
15172,1999,0,0,3782
15172,2000,0,0,3745
15172,2001,0,0,3698
15172,2002,0,0,3652
15172,2003,0,0,3627
15172,2004,0,0,3569
15172,2005,0,0,3492
15172,2006,0,0,3511
15172,2007,0,0,3472
15172,2008,0,0,3438
15176,1993,0,0,37702
15176,1994,0,0,38450
15176,1995,0,0,39269
15176,1996,0,0,40032
15176,1997,0,0,40810
15176,1998,0,0,41622
15176,1999,0,0,42410
15176,2000,0,0,43222
15176,2001,0,0,43987
15176,2002,0,0,44735
15176,2003,0,0,45487
15176,2004,0,0,46182
15176,2005,0,0,46905
15176,2006,0,0,47662
15176,2007,0,0,48379
15176,2008,0,0,49095
15180,1993,0,0,6426
15180,1994,0,0,6304
15180,1995,0,0,6196
15180,1996,0,0,6089
15180,1997,0,0,5985
15180,1998,0,0,5889
15180,1999,0,0,5774
15180,2000,0,0,5665
15180,2001,0,0,5586
15180,2002,0,0,5435
15180,2003,0,0,5325
15180,2004,0,0,5254
15180,2005,0,0,5170
15180,2006,0,0,5047
15180,2007,0,0,4925
15180,2008,0,0,4811
15183,1993,0,0,14192
15183,1994,0,0,13958
15183,1995,0,0,13694
15183,1996,0,0,13439
15183,1997,0,0,13187
15183,1998,0,0,12929
15183,1999,0,0,12661
15183,2000,0,0,12393
15183,2001,0,0,12138
15183,2002,0,0,11868
15183,2003,0,0,11575
15183,2004,0,0,11329
15183,2005,0,0,11046
15183,2006,0,0,10795
15183,2007,0,0,10514
15183,2008,0,0,10272
15185,1993,0,0,6328
15185,1994,0,0,6311
15185,1995,0,0,6282
15185,1996,0,0,6261
15185,1997,0,0,6256
15185,1998,0,0,6230
15185,1999,0,0,6190
15185,2000,0,0,6145
15185,2001,0,0,6085
15185,2002,0,0,6038
15185,2003,0,0,6023
15185,2004,0,0,6002
15185,2005,0,0,5971
15185,2006,0,0,5918
15185,2007,0,0,5890
15185,2008,0,0,5887
15187,1993,0,0,2890
15187,1994,0,0,2864
15187,1995,0,0,2838
15187,1996,0,0,2873
15187,1997,0,0,2862
15187,1998,0,0,2838
15187,1999,0,0,2856
15187,2000,0,0,2849
15187,2001,0,0,2807
15187,2002,0,0,2815
15187,2003,0,0,2804
15187,2004,0,0,2783
15187,2005,0,0,2788
15187,2006,0,0,2774
15187,2007,0,0,2774
15187,2008,0,0,2782
15189,1993,0,0,5415
15189,1994,0,0,5388
15189,1995,0,0,5398
15189,1996,0,0,5330
15189,1997,0,0,5299
15189,1998,0,0,5212
15189,1999,0,0,5152
15189,2000,0,0,5130
15189,2001,0,0,5076
15189,2002,0,0,5045
15189,2003,0,0,4983
15189,2004,0,0,4949
15189,2005,0,0,4905
15189,2006,0,0,4870
15189,2007,0,0,4842
15189,2008,0,0,4847
15204,1993,0,0,10512
15204,1994,0,0,10594
15204,1995,0,0,10657
15204,1996,0,0,10751
15204,1997,0,0,10792
15204,1998,0,0,10894
15204,1999,0,0,10998
15204,2000,0,0,11112
15204,2001,0,0,11160
15204,2002,0,0,11233
15204,2003,0,0,11286
15204,2004,0,0,11365
15204,2005,0,0,11430
15204,2006,0,0,11489
15204,2007,0,0,11578
15204,2008,0,0,11682
15212,1993,0,0,5023
15212,1994,0,0,4944
15212,1995,0,0,4890
15212,1996,0,0,4815
15212,1997,0,0,4781
15212,1998,0,0,4725
15212,1999,0,0,4667
15212,2000,0,0,4582
15212,2001,0,0,4496
15212,2002,0,0,4434
15212,2003,0,0,4361
15212,2004,0,0,4288
15212,2005,0,0,4206
15212,2006,0,0,4172
15212,2007,0,0,4105
15212,2008,0,0,4051
15215,1993,0,0,2430
15215,1994,0,0,2448
15215,1995,0,0,2467
15215,1996,0,0,2483
15215,1997,0,0,2507
15215,1998,0,0,2512
15215,1999,0,0,2510
15215,2000,0,0,2518
15215,2001,0,0,2479
15215,2002,0,0,2481
15215,2003,0,0,2524
15215,2004,0,0,2519
15215,2005,0,0,2495
15215,2006,0,0,2491
15215,2007,0,0,2475
15215,2008,0,0,2459
15218,1993,0,0,4816
15218,1994,0,0,4698
15218,1995,0,0,4624
15218,1996,0,0,4548
15218,1997,0,0,4435
15218,1998,0,0,4330
15218,1999,0,0,4254
15218,2000,0,0,4162
15218,2001,0,0,4104
15218,2002,0,0,3991
15218,2003,0,0,3915
15218,2004,0,0,3840
15218,2005,0,0,3751
15218,2006,0,0,3649
15218,2007,0,0,3569
15218,2008,0,0,3470
15223,1993,0,0,5505
15223,1994,0,0,5699
15223,1995,0,0,5890
15223,1996,0,0,6049
15223,1997,0,0,6241
15223,1998,0,0,6449
15223,1999,0,0,6628
15223,2000,0,0,6818
15223,2001,0,0,6970
15223,2002,0,0,7128
15223,2003,0,0,7280
15223,2004,0,0,7469
15223,2005,0,0,7677
15223,2006,0,0,7810
15223,2007,0,0,8000
15223,2008,0,0,8200
15224,1993,0,0,3317
15224,1994,0,0,3377
15224,1995,0,0,3414
15224,1996,0,0,3469
15224,1997,0,0,3446
15224,1998,0,0,3445
15224,1999,0,0,3446
15224,2000,0,0,3463
15224,2001,0,0,3485
15224,2002,0,0,3499
15224,2003,0,0,3470
15224,2004,0,0,3508
15224,2005,0,0,3501
15224,2006,0,0,3515
15224,2007,0,0,3516
15224,2008,0,0,3541
15226,1993,0,0,2131
15226,1994,0,0,2166
15226,1995,0,0,2112
15226,1996,0,0,2083
15226,1997,0,0,2115
15226,1998,0,0,2081
15226,1999,0,0,2083
15226,2000,0,0,2044
15226,2001,0,0,2039
15226,2002,0,0,2036
15226,2003,0,0,2012
15226,2004,0,0,1993
15226,2005,0,0,1951
15226,2006,0,0,1930
15226,2007,0,0,1927
15226,2008,0,0,1906
15232,1993,0,0,5145
15232,1994,0,0,5134
15232,1995,0,0,5099
15232,1996,0,0,5081
15232,1997,0,0,5050
15232,1998,0,0,4998
15232,1999,0,0,4968
15232,2000,0,0,4892
15232,2001,0,0,4846
15232,2002,0,0,4807
15232,2003,0,0,4769
15232,2004,0,0,4720
15232,2005,0,0,4718
15232,2006,0,0,4694
15232,2007,0,0,4702
15232,2008,0,0,4691
15236,1993,0,0,3578
15236,1994,0,0,3557
15236,1995,0,0,3549
15236,1996,0,0,3487
15236,1997,0,0,3452
15236,1998,0,0,3445
15236,1999,0,0,3367
15236,2000,0,0,3355
15236,2001,0,0,3266
15236,2002,0,0,3201
15236,2003,31.9489,1,3130
15236,2004,0,0,3074
15236,2005,0,0,3057
15236,2006,0,0,2998
15236,2007,0,0,2926
15236,2008,0,0,2903
15238,1993,0,0,77243
15238,1994,0,0,79087
15238,1995,0,0,80994
15238,1996,0,0,82925
15238,1997,0,0,84862
15238,1998,0,0,86834
15238,1999,0,0,88745
15238,2000,0,0,90634
15238,2001,0,0,92541
15238,2002,0,0,94380
15238,2003,0,0,96255
15238,2004,0,0,98033
15238,2005,2.0054,2,99730
15238,2006,0,0,101546
15238,2007,0,0,103325
15238,2008,0,0,105162
15244,1993,0,0,6402
15244,1994,0,0,6322
15244,1995,0,0,6232
15244,1996,0,0,6145
15244,1997,0,0,6074
15244,1998,0,0,6002
15244,1999,0,0,5937
15244,2000,0,0,5848
15244,2001,0,0,5753
15244,2002,0,0,5645
15244,2003,0,0,5543
15244,2004,0,0,5480
15244,2005,0,0,5327
15244,2006,0,0,5282
15244,2007,0,0,5128
15244,2008,0,0,5006
15248,1993,0,0,3799
15248,1994,0,0,3808
15248,1995,0,0,3802
15248,1996,0,0,3782
15248,1997,0,0,3703
15248,1998,0,0,3691
15248,1999,0,0,3702
15248,2000,0,0,3622
15248,2001,0,0,3605
15248,2002,0,0,3568
15248,2003,0,0,3550
15248,2004,0,0,3520
15248,2005,0,0,3466
15248,2006,0,0,3458
15248,2007,0,0,3386
15248,2008,0,0,3391
15272,1993,0,0,6013
15272,1994,0,0,6029
15272,1995,0,0,6034
15272,1996,0,0,6079
15272,1997,0,0,6105
15272,1998,0,0,6160
15272,1999,0,0,6179
15272,2000,0,0,6223
15272,2001,0,0,6230
15272,2002,0,0,6238
15272,2003,0,0,6248
15272,2004,0,0,6261
15272,2005,0,0,6248
15272,2006,0,0,6290
15272,2007,0,0,6311
15272,2008,0,0,6302
15276,1993,0,0,4479
15276,1994,0,0,4412
15276,1995,0,0,4364
15276,1996,0,0,4328
15276,1997,0,0,4273
15276,1998,0,0,4240
15276,1999,0,0,4137
15276,2000,0,0,4023
15276,2001,0,0,3977
15276,2002,0,0,3968
15276,2003,0,0,3910
15276,2004,0,0,3858
15276,2005,0,0,3801
15276,2006,0,0,3728
15276,2007,0,0,3660
15276,2008,0,0,3609
15293,1993,0,0,3471
15293,1994,0,0,3472
15293,1995,0,0,3432
15293,1996,0,0,3375
15293,1997,0,0,3353
15293,1998,0,0,3335
15293,1999,0,0,3265
15293,2000,0,0,3237
15293,2001,0,0,3185
15293,2002,0,0,3198
15293,2003,0,0,3162
15293,2004,0,0,3125
15293,2005,0,0,3110
15293,2006,0,0,3041
15293,2007,0,0,3022
15293,2008,0,0,2945
15296,1993,0,0,5703
15296,1994,0,0,5659
15296,1995,0,0,5645
15296,1996,0,0,5622
15296,1997,0,0,5593
15296,1998,0,0,5533
15296,1999,0,0,5485
15296,2000,0,0,5432
15296,2001,0,0,5390
15296,2002,0,0,5368
15296,2003,0,0,5282
15296,2004,0,0,5240
15296,2005,0,0,5170
15296,2006,0,0,5153
15296,2007,0,0,5124
15296,2008,0,0,5075
15299,1993,0,0,14182
15299,1994,0,0,14324
15299,1995,0,0,14484
15299,1996,0,0,14649
15299,1997,0,0,14799
15299,1998,0,0,14969
15299,1999,0,0,15118
15299,2000,0,0,15263
15299,2001,0,0,15367
15299,2002,0,0,15477
15299,2003,0,0,15670
15299,2004,0,0,15826
15299,2005,6.2723,1,15943
15299,2006,0,0,16077
15299,2007,0,0,16262
15299,2008,0,0,16447
15317,1993,0,0,2793
15317,1994,0,0,2682
15317,1995,0,0,2641
15317,1996,0,0,2628
15317,1997,0,0,2592
15317,1998,0,0,2580
15317,1999,0,0,2557
15317,2000,0,0,2487
15317,2001,0,0,2443
15317,2002,0,0,2402
15317,2003,0,0,2371
15317,2004,0,0,2349
15317,2005,0,0,2237
15317,2006,0,0,2208
15317,2007,0,0,2168
15317,2008,0,0,2150
15322,1993,0,0,9786
15322,1994,0,0,9844
15322,1995,0,0,9890
15322,1996,0,0,9921
15322,1997,0,0,9978
15322,1998,0,0,10007
15322,1999,0,0,10037
15322,2000,0,0,10039
15322,2001,0,0,10064
15322,2002,0,0,10119
15322,2003,9.8328,1,10170
15322,2004,0,0,10203
15322,2005,0,0,10222
15322,2006,0,0,10260
15322,2007,0,0,10281
15322,2008,0,0,10360
15325,1993,0,0,6286
15325,1994,0,0,6176
15325,1995,0,0,6078
15325,1996,0,0,5945
15325,1997,0,0,5814
15325,1998,0,0,5702
15325,1999,0,0,5564
15325,2000,0,0,5452
15325,2001,0,0,5340
15325,2002,0,0,5232
15325,2003,0,0,5063
15325,2004,0,0,4929
15325,2005,0,0,4802
15325,2006,0,0,4713
15325,2007,0,0,4599
15325,2008,0,0,4461
15332,1993,0,0,5694
15332,1994,0,0,5628
15332,1995,0,0,5599
15332,1996,0,0,5557
15332,1997,0,0,5505
15332,1998,0,0,5447
15332,1999,0,0,5390
15332,2000,0,0,5308
15332,2001,0,0,5239
15332,2002,0,0,5174
15332,2003,0,0,5104
15332,2004,0,0,5030
15332,2005,0,0,4960
15332,2006,0,0,4879
15332,2007,0,0,4815
15332,2008,0,0,4738
15362,1993,0,0,1601
15362,1994,0,0,1639
15362,1995,0,0,1640
15362,1996,0,0,1646
15362,1997,0,0,1654
15362,1998,0,0,1685
15362,1999,0,0,1673
15362,2000,0,0,1704
15362,2001,0,0,1679
15362,2002,0,0,1692
15362,2003,0,0,1745
15362,2004,0,0,1739
15362,2005,0,0,1785
15362,2006,0,0,1794
15362,2007,0,0,1799
15362,2008,0,0,1789
15367,1993,0,0,6784
15367,1994,0,0,6796
15367,1995,0,0,6823
15367,1996,0,0,6832
15367,1997,0,0,6771
15367,1998,0,0,6828
15367,1999,0,0,6844
15367,2000,0,0,6850
15367,2001,0,0,6897
15367,2002,0,0,6860
15367,2003,0,0,6854
15367,2004,0,0,6866
15367,2005,0,0,6858
15367,2006,0,0,6876
15367,2007,0,0,6894
15367,2008,0,0,6855
15368,1993,0,0,5309
15368,1994,0,0,5308
15368,1995,0,0,5160
15368,1996,0,0,5068
15368,1997,0,0,5087
15368,1998,0,0,4922
15368,1999,0,0,4890
15368,2000,0,0,4862
15368,2001,0,0,4761
15368,2002,0,0,4777
15368,2003,0,0,4711
15368,2004,0,0,4649
15368,2005,0,0,4564
15368,2006,0,0,4429
15368,2007,0,0,4438
15368,2008,0,0,4382
15377,1993,0,0,4867
15377,1994,0,0,4830
15377,1995,0,0,4813
15377,1996,0,0,4756
15377,1997,0,0,4715
15377,1998,0,0,4650
15377,1999,0,0,4587
15377,2000,0,0,4483
15377,2001,0,0,4426
15377,2002,0,0,4367
15377,2003,0,0,4301
15377,2004,0,0,4245
15377,2005,0,0,4166
15377,2006,0,0,4107
15377,2007,0,0,4046
15377,2008,0,0,3994
15380,1993,0,0,3344
15380,1994,0,0,3380
15380,1995,0,0,3358
15380,1996,0,0,3322
15380,1997,0,0,3247
15380,1998,0,0,3197
15380,1999,0,0,3190
15380,2000,0,0,3185
15380,2001,0,0,3103
15380,2002,0,0,3069
15380,2003,0,0,3023
15380,2004,0,0,3000
15380,2005,0,0,3015
15380,2006,0,0,2968
15380,2007,0,0,2923
15380,2008,0,0,2880
15401,1993,0,0,2091
15401,1994,0,0,2082
15401,1995,0,0,2086
15401,1996,0,0,2015
15401,1997,0,0,1971
15401,1998,0,0,1903
15401,1999,0,0,1850
15401,2000,0,0,1864
15401,2001,0,0,1768
15401,2002,0,0,1774
15401,2003,0,0,1759
15401,2004,0,0,1721
15401,2005,0,0,1669
15401,2006,0,0,1607
15401,2007,0,0,1551
15401,2008,0,0,1521
15403,1993,0,0,9045
15403,1994,0,0,8790
15403,1995,0,0,8559
15403,1996,0,0,8345
15403,1997,0,0,8085
15403,1998,0,0,7830
15403,1999,0,0,7582
15403,2000,0,0,7372
15403,2001,0,0,7070
15403,2002,0,0,6824
15403,2003,0,0,6578
15403,2004,0,0,6328
15403,2005,0,0,6081
15403,2006,0,0,5847
15403,2007,0,0,5556
15403,2008,0,0,5345
15407,1993,0,0,7954
15407,1994,0,0,8253
15407,1995,0,0,8560
15407,1996,0,0,8881
15407,1997,0,0,9180
15407,1998,0,0,9472
15407,1999,0,0,9784
15407,2000,0,0,10098
15407,2001,0,0,10460
15407,2002,0,0,10795
15407,2003,0,0,11139
15407,2004,0,0,11455
15407,2005,0,0,11754
15407,2006,0,0,12066
15407,2007,0,0,12390
15407,2008,0,0,12753
15425,1993,0,0,4978
15425,1994,0,0,4999
15425,1995,0,0,4907
15425,1996,0,0,4936
15425,1997,0,0,4936
15425,1998,0,0,4895
15425,1999,0,0,4885
15425,2000,0,0,4904
15425,2001,0,0,4896
15425,2002,0,0,4899
15425,2003,0,0,4892
15425,2004,0,0,4888
15425,2005,0,0,4866
15425,2006,0,0,4893
15425,2007,0,0,4860
15425,2008,0,0,4881
15442,1993,0,0,7874
15442,1994,0,0,7809
15442,1995,0,0,7720
15442,1996,0,0,7613
15442,1997,0,0,7518
15442,1998,0,0,7406
15442,1999,0,0,7299
15442,2000,0,0,7220
15442,2001,0,0,7120
15442,2002,0,0,7014
15442,2003,0,0,6910
15442,2004,0,0,6816
15442,2005,0,0,6693
15442,2006,0,0,6621
15442,2007,0,0,6491
15442,2008,0,0,6437
15455,1993,0,0,9033
15455,1994,0,0,9030
15455,1995,0,0,8991
15455,1996,0,0,8978
15455,1997,0,0,8962
15455,1998,0,0,8967
15455,1999,0,0,8962
15455,2000,0,0,8948
15455,2001,0,0,8967
15455,2002,0,0,8962
15455,2003,0,0,8964
15455,2004,0,0,8936
15455,2005,0,0,8932
15455,2006,0,0,8871
15455,2007,0,0,8876
15455,2008,0,0,8844
15464,1993,0,0,5597
15464,1994,0,0,5527
15464,1995,0,0,5535
15464,1996,0,0,5501
15464,1997,0,0,5486
15464,1998,0,0,5440
15464,1999,0,0,5409
15464,2000,0,0,5324
15464,2001,0,0,5284
15464,2002,0,0,5206
15464,2003,0,0,5168
15464,2004,0,0,5119
15464,2005,0,0,5052
15464,2006,0,0,5028
15464,2007,0,0,4977
15464,2008,0,0,4947
15466,1993,0,0,5297
15466,1994,0,0,5280
15466,1995,0,0,5227
15466,1996,0,0,5213
15466,1997,0,0,5139
15466,1998,0,0,5134
15466,1999,0,0,5104
15466,2000,0,0,5093
15466,2001,0,0,5043
15466,2002,0,0,4998
15466,2003,0,0,4937
15466,2004,0,0,4900
15466,2005,0,0,4844
15466,2006,0,0,4769
15466,2007,0,0,4721
15466,2008,0,0,4666
15469,1993,0,0,20411
15469,1994,0,0,20482
15469,1995,0,0,20581
15469,1996,0,0,20670
15469,1997,0,0,20749
15469,1998,0,0,20820
15469,1999,0,0,20876
15469,2000,0,0,20949
15469,2001,0,0,21012
15469,2002,0,0,21069
15469,2003,0,0,21125
15469,2004,0,0,21213
15469,2005,4.7077,1,21242
15469,2006,0,0,21327
15469,2007,0,0,21440
15469,2008,0,0,21513
15476,1993,0,0,4945
15476,1994,0,0,4867
15476,1995,0,0,4889
15476,1996,0,0,4989
15476,1997,0,0,5003
15476,1998,0,0,4974
15476,1999,0,0,4987
15476,2000,0,0,5025
15476,2001,0,0,5033
15476,2002,0,0,5054
15476,2003,0,0,5040
15476,2004,0,0,5082
15476,2005,0,0,5106
15476,2006,0,0,5137
15476,2007,0,0,5138
15476,2008,0,0,5160
15480,1993,0,0,11665
15480,1994,0,0,11510
15480,1995,0,0,11386
15480,1996,0,0,11257
15480,1997,0,0,11131
15480,1998,0,0,11008
15480,1999,0,0,10858
15480,2000,0,0,10722
15480,2001,0,0,10608
15480,2002,0,0,10544
15480,2003,0,0,10423
15480,2004,0,0,10291
15480,2005,0,0,10155
15480,2006,0,0,9992
15480,2007,0,0,9890
15480,2008,0,0,9731
15491,1993,0,0,11911
15491,1994,0,0,12037
15491,1995,0,0,12206
15491,1996,0,0,12318
15491,1997,0,0,12487
15491,1998,0,0,12611
15491,1999,0,0,12796
15491,2000,0,0,12933
15491,2001,7.6307,1,13105
15491,2002,0,0,13331
15491,2003,0,0,13428
15491,2004,0,0,13573
15491,2005,0,0,13697
15491,2006,0,0,13816
15491,2007,0,0,14016
15491,2008,0,0,14104
15494,1993,0,0,5423
15494,1994,0,0,5425
15494,1995,0,0,5402
15494,1996,0,0,5359
15494,1997,0,0,5365
15494,1998,0,0,5369
15494,1999,0,0,5326
15494,2000,0,0,5261
15494,2001,0,0,5230
15494,2002,0,0,5209
15494,2003,0,0,5201
15494,2004,0,0,5196
15494,2005,0,0,5161
15494,2006,0,0,5158
15494,2007,0,0,5127
15494,2008,0,0,5097
15500,1993,0,0,2401
15500,1994,0,0,2385
15500,1995,0,0,2370
15500,1996,0,0,2413
15500,1997,0,0,2500
15500,1998,0,0,2496
15500,1999,0,0,2502
15500,2000,0,0,2487
15500,2001,0,0,2503
15500,2002,0,0,2510
15500,2003,0,0,2520
15500,2004,0,0,2534
15500,2005,0,0,2539
15500,2006,0,0,2562
15500,2007,0,0,2589
15500,2008,0,0,2611
15507,1993,0,0,8044
15507,1994,0,0,8044
15507,1995,0,0,7994
15507,1996,0,0,8031
15507,1997,0,0,8002
15507,1998,0,0,7980
15507,1999,0,0,7988
15507,2000,0,0,7991
15507,2001,0,0,7999
15507,2002,0,0,7976
15507,2003,0,0,7958
15507,2004,37.7406,3,7949
15507,2005,12.6279,1,7919
15507,2006,0,0,7919
15507,2007,0,0,7914
15507,2008,0,0,7912
15511,1993,0,0,3585
15511,1994,0,0,3636
15511,1995,0,0,3526
15511,1996,0,0,3452
15511,1997,0,0,3480
15511,1998,0,0,3356
15511,1999,0,0,3277
15511,2000,0,0,3207
15511,2001,0,0,3187
15511,2002,0,0,3125
15511,2003,0,0,3053
15511,2004,0,0,3023
15511,2005,0,0,2910
15511,2006,0,0,2842
15511,2007,0,0,2811
15511,2008,0,0,2766
15514,1993,0,0,4504
15514,1994,0,0,4430
15514,1995,0,0,4370
15514,1996,0,0,4337
15514,1997,0,0,4270
15514,1998,0,0,4256
15514,1999,0,0,4189
15514,2000,0,0,4132
15514,2001,0,0,4051
15514,2002,0,0,3994
15514,2003,0,0,3971
15514,2004,51.2426,2,3903
15514,2005,0,0,3842
15514,2006,0,0,3794
15514,2007,0,0,3704
15514,2008,0,0,3648
15516,1993,0,0,22876
15516,1994,0,0,23264
15516,1995,0,0,23701
15516,1996,0,0,24108
15516,1997,0,0,24536
15516,1998,0,0,24933
15516,1999,0,0,25359
15516,2000,0,0,25767
15516,2001,0,0,26193
15516,2002,0,0,26573
15516,2003,0,0,26956
15516,2004,0,0,27379
15516,2005,0,0,27772
15516,2006,0,0,28215
15516,2007,0,0,28648
15516,2008,0,0,29053
15518,1993,0,0,2889
15518,1994,0,0,2846
15518,1995,0,0,2846
15518,1996,0,0,2836
15518,1997,0,0,2805
15518,1998,0,0,2753
15518,1999,0,0,2768
15518,2000,0,0,2765
15518,2001,0,0,2762
15518,2002,0,0,2706
15518,2003,37.0645,1,2698
15518,2004,0,0,2648
15518,2005,0,0,2641
15518,2006,0,0,2619
15518,2007,0,0,2615
15518,2008,0,0,2576
15522,1993,0,0,2328
15522,1994,0,0,2359
15522,1995,0,0,2312
15522,1996,0,0,2279
15522,1997,0,0,2239
15522,1998,0,0,2194
15522,1999,0,0,2230
15522,2000,0,0,2202
15522,2001,0,0,2162
15522,2002,0,0,2147
15522,2003,0,0,2121
15522,2004,0,0,2024
15522,2005,0,0,2057
15522,2006,0,0,2004
15522,2007,0,0,1968
15522,2008,0,0,1946
15531,1993,0,0,9519
15531,1994,0,0,9409
15531,1995,0,0,9338
15531,1996,0,0,9235
15531,1997,0,0,9132
15531,1998,0,0,9040
15531,1999,0,0,8936
15531,2000,0,0,8866
15531,2001,0,0,8727
15531,2002,0,0,8614
15531,2003,0,0,8502
15531,2004,0,0,8408
15531,2005,0,0,8311
15531,2006,0,0,8197
15531,2007,0,0,8090
15531,2008,0,0,8037
15533,1993,0,0,2420
15533,1994,0,0,2384
15533,1995,0,0,2409
15533,1996,0,0,2423
15533,1997,0,0,2449
15533,1998,0,0,2481
15533,1999,0,0,2486
15533,2000,0,0,2466
15533,2001,0,0,2468
15533,2002,0,0,2476
15533,2003,0,0,2495
15533,2004,0,0,2485
15533,2005,0,0,2483
15533,2006,0,0,2491
15533,2007,0,0,2457
15533,2008,0,0,2497
15537,1993,0,0,6130
15537,1994,0,0,6071
15537,1995,0,0,5999
15537,1996,0,0,5931
15537,1997,0,0,5858
15537,1998,0,0,5780
15537,1999,0,0,5720
15537,2000,0,0,5667
15537,2001,0,0,5609
15537,2002,0,0,5525
15537,2003,0,0,5450
15537,2004,0,0,5359
15537,2005,0,0,5261
15537,2006,0,0,5173
15537,2007,0,0,5092
15537,2008,0,0,5004
15542,1993,0,0,10976
15542,1994,0,0,10797
15542,1995,0,0,10630
15542,1996,0,0,10463
15542,1997,0,0,10249
15542,1998,0,0,10116
15542,1999,0,0,9976
15542,2000,0,0,9805
15542,2001,0,0,9640
15542,2002,0,0,9473
15542,2003,0,0,9299
15542,2004,0,0,9108
15542,2005,0,0,8927
15542,2006,0,0,8730
15542,2007,0,0,8574
15542,2008,0,0,8386
15550,1993,0,0,1632
15550,1994,0,0,1660
15550,1995,0,0,1614
15550,1996,0,0,1615
15550,1997,0,0,1659
15550,1998,0,0,1671
15550,1999,0,0,1686
15550,2000,0,0,1676
15550,2001,0,0,1671
15550,2002,0,0,1701
15550,2003,0,0,1697
15550,2004,0,0,1691
15550,2005,0,0,1704
15550,2006,0,0,1698
15550,2007,0,0,1712
15550,2008,0,0,1752
15572,1993,0,0,32950
15572,1994,0,0,33480
15572,1995,0,0,34061
15572,1996,0,0,34622
15572,1997,0,0,35220
15572,1998,0,0,35838
15572,1999,0,0,36411
15572,2000,0,0,36973
15572,2001,0,0,37524
15572,2002,0,0,38071
15572,2003,10.3568,4,38622
15572,2004,7.6658,3,39135
15572,2005,15.142,6,39625
15572,2006,2.489,1,40176
15572,2007,0,0,40727
15572,2008,0,0,41251
15580,1993,0,0,5054
15580,1994,0,0,5042
15580,1995,0,0,5082
15580,1996,0,0,5112
15580,1997,0,0,5059
15580,1998,0,0,5039
15580,1999,0,0,5013
15580,2000,0,0,4991
15580,2001,0,0,4971
15580,2002,0,0,4941
15580,2003,0,0,4923
15580,2004,20.4332,1,4894
15580,2005,0,0,4849
15580,2006,0,0,4864
15580,2007,0,0,4862
15580,2008,0,0,4861
15599,1993,0,0,9192
15599,1994,0,0,9198
15599,1995,0,0,9206
15599,1996,0,0,9232
15599,1997,0,0,9234
15599,1998,0,0,9278
15599,1999,0,0,9271
15599,2000,0,0,9345
15599,2001,0,0,9379
15599,2002,0,0,9408
15599,2003,0,0,9419
15599,2004,0,0,9414
15599,2005,0,0,9432
15599,2006,0,0,9432
15599,2007,0,0,9468
15599,2008,0,0,9483
15600,1993,0,0,6608
15600,1994,0,0,6658
15600,1995,0,0,6707
15600,1996,0,0,6743
15600,1997,0,0,6790
15600,1998,0,0,6829
15600,1999,0,0,6866
15600,2000,0,0,6922
15600,2001,0,0,6957
15600,2002,0,0,7009
15600,2003,0,0,7020
15600,2004,0,0,7063
15600,2005,0,0,7084
15600,2006,0,0,7152
15600,2007,0,0,7179
15600,2008,0,0,7211
15621,1993,0,0,3316
15621,1994,0,0,3319
15621,1995,0,0,3302
15621,1996,0,0,3246
15621,1997,0,0,3226
15621,1998,0,0,3177
15621,1999,0,0,3144
15621,2000,0,0,3109
15621,2001,0,0,3047
15621,2002,0,0,2957
15621,2003,0,0,2908
15621,2004,0,0,2819
15621,2005,0,0,2788
15621,2006,0,0,2730
15621,2007,0,0,2727
15621,2008,0,0,2704
15632,1993,0,0,13550
15632,1994,0,0,13547
15632,1995,0,0,13498
15632,1996,0,0,13494
15632,1997,0,0,13484
15632,1998,0,0,13420
15632,1999,0,0,13382
15632,2000,0,0,13365
15632,2001,0,0,13360
15632,2002,0,0,13329
15632,2003,0,0,13283
15632,2004,0,0,13241
15632,2005,0,0,13225
15632,2006,0,0,13200
15632,2007,0,0,13198
15632,2008,0,0,13170
15638,1993,0,0,3075
15638,1994,0,0,3172
15638,1995,0,0,3264
15638,1996,0,0,3373
15638,1997,0,0,3472
15638,1998,0,0,3601
15638,1999,0,0,3698
15638,2000,0,0,3775
15638,2001,0,0,3831
15638,2002,0,0,3935
15638,2003,0,0,4021
15638,2004,0,0,4103
15638,2005,0,0,4223
15638,2006,0,0,4277
15638,2007,0,0,4349
15638,2008,0,0,4502
15646,1993,0,0,13872
15646,1994,0,0,14014
15646,1995,0,0,14184
15646,1996,0,0,14331
15646,1997,0,0,14509
15646,1998,0,0,14674
15646,1999,0,0,14840
15646,2000,0,0,14999
15646,2001,0,0,15174
15646,2002,0,0,15366
15646,2003,0,0,15554
15646,2004,0,0,15695
15646,2005,0,0,15820
15646,2006,0,0,15987
15646,2007,0,0,16142
15646,2008,0,0,16313
15660,1993,0,0,2768
15660,1994,0,0,2753
15660,1995,0,0,2733
15660,1996,0,0,2677
15660,1997,0,0,2655
15660,1998,0,0,2620
15660,1999,0,0,2543
15660,2000,0,0,2532
15660,2001,0,0,2417
15660,2002,41.9463,1,2384
15660,2003,0,0,2365
15660,2004,0,0,2266
15660,2005,0,0,2232
15660,2006,45.4959,1,2198
15660,2007,0,0,2158
15660,2008,0,0,2131
15664,1993,0,0,5865
15664,1994,0,0,5807
15664,1995,0,0,5739
15664,1996,0,0,5710
15664,1997,0,0,5675
15664,1998,0,0,5632
15664,1999,0,0,5619
15664,2000,0,0,5581
15664,2001,0,0,5524
15664,2002,0,0,5458
15664,2003,0,0,5389
15664,2004,0,0,5347
15664,2005,0,0,5292
15664,2006,0,0,5283
15664,2007,0,0,5270
15664,2008,0,0,5233
15667,1993,0,0,6556
15667,1994,0,0,6509
15667,1995,0,0,6451
15667,1996,0,0,6362
15667,1997,0,0,6340
15667,1998,0,0,6321
15667,1999,0,0,6271
15667,2000,0,0,6233
15667,2001,0,0,6230
15667,2002,16.2338,1,6160
15667,2003,16.4231,1,6089
15667,2004,0,0,6054
15667,2005,0,0,5974
15667,2006,0,0,5892
15667,2007,0,0,5881
15667,2008,0,0,5822
15673,1993,0,0,7711
15673,1994,0,0,7537
15673,1995,0,0,7384
15673,1996,0,0,7185
15673,1997,0,0,6988
15673,1998,0,0,6790
15673,1999,0,0,6625
15673,2000,0,0,6446
15673,2001,15.9439,1,6272
15673,2002,0,0,6108
15673,2003,0,0,5950
15673,2004,0,0,5753
15673,2005,0,0,5547
15673,2006,0,0,5350
15673,2007,0,0,5234
15673,2008,0,0,4954
15676,1993,0,0,3738
15676,1994,0,0,3699
15676,1995,0,0,3645
15676,1996,0,0,3644
15676,1997,0,0,3608
15676,1998,0,0,3600
15676,1999,0,0,3550
15676,2000,0,0,3518
15676,2001,0,0,3477
15676,2002,0,0,3444
15676,2003,0,0,3421
15676,2004,0,0,3383
15676,2005,0,0,3254
15676,2006,0,0,3249
15676,2007,0,0,3232
15676,2008,0,0,3197
15681,1993,0,0,6872
15681,1994,0,0,6868
15681,1995,0,0,6840
15681,1996,0,0,6805
15681,1997,0,0,6785
15681,1998,0,0,6765
15681,1999,0,0,6736
15681,2000,0,0,6716
15681,2001,0,0,6734
15681,2002,0,0,6669
15681,2003,0,0,6643
15681,2004,45.3721,3,6612
15681,2005,0,0,6609
15681,2006,0,0,6604
15681,2007,0,0,6595
15681,2008,0,0,6579
15686,1993,0,0,6865
15686,1994,0,0,6885
15686,1995,0,0,6875
15686,1996,0,0,6931
15686,1997,0,0,6947
15686,1998,0,0,6954
15686,1999,0,0,6985
15686,2000,0,0,6986
15686,2001,0,0,6992
15686,2002,0,0,7011
15686,2003,0,0,7013
15686,2004,0,0,7031
15686,2005,0,0,7092
15686,2006,0,0,7109
15686,2007,0,0,7146
15686,2008,0,0,7185
15690,1993,0,0,5239
15690,1994,0,0,5189
15690,1995,0,0,5123
15690,1996,0,0,5052
15690,1997,0,0,4989
15690,1998,0,0,4957
15690,1999,0,0,4897
15690,2000,0,0,4866
15690,2001,0,0,4812
15690,2002,0,0,4742
15690,2003,0,0,4643
15690,2004,0,0,4569
15690,2005,0,0,4479
15690,2006,0,0,4390
15690,2007,0,0,4288
15690,2008,0,0,4224
15693,1993,0,0,10826
15693,1994,0,0,10929
15693,1995,0,0,11009
15693,1996,0,0,11088
15693,1997,0,0,11177
15693,1998,0,0,11286
15693,1999,0,0,11355
15693,2000,0,0,11432
15693,2001,0,0,11548
15693,2002,0,0,11633
15693,2003,0,0,11759
15693,2004,0,0,11814
15693,2005,0,0,11898
15693,2006,0,0,11983
15693,2007,0,0,12050
15693,2008,0,0,12185
15696,1993,0,0,3331
15696,1994,0,0,3296
15696,1995,0,0,3293
15696,1996,0,0,3304
15696,1997,0,0,3296
15696,1998,0,0,3246
15696,1999,0,0,3212
15696,2000,0,0,3188
15696,2001,0,0,3195
15696,2002,0,0,3191
15696,2003,0,0,3181
15696,2004,0,0,3196
15696,2005,0,0,3133
15696,2006,0,0,3140
15696,2007,0,0,3151
15696,2008,0,0,3101
15720,1993,0,0,3734
15720,1994,0,0,3643
15720,1995,0,0,3575
15720,1996,0,0,3521
15720,1997,0,0,3456
15720,1998,0,0,3382
15720,1999,0,0,3344
15720,2000,0,0,3244
15720,2001,0,0,3185
15720,2002,0,0,3114
15720,2003,0,0,3020
15720,2004,0,0,2959
15720,2005,0,0,2914
15720,2006,0,0,2851
15720,2007,0,0,2794
15720,2008,0,0,2758
15723,1993,0,0,1236
15723,1994,0,0,1272
15723,1995,0,0,1261
15723,1996,0,0,1256
15723,1997,0,0,1218
15723,1998,0,0,1231
15723,1999,0,0,1204
15723,2000,0,0,1236
15723,2001,0,0,1232
15723,2002,0,0,1248
15723,2003,0,0,1221
15723,2004,0,0,1233
15723,2005,0,0,1199
15723,2006,0,0,1238
15723,2007,0,0,1210
15723,2008,0,0,1185
15740,1993,0,0,7259
15740,1994,0,0,7239
15740,1995,0,0,7216
15740,1996,0,0,7202
15740,1997,0,0,7135
15740,1998,0,0,7114
15740,1999,0,0,7065
15740,2000,0,0,7032
15740,2001,0,0,7019
15740,2002,0,0,6984
15740,2003,0,0,6955
15740,2004,0,0,6948
15740,2005,0,0,6879
15740,2006,0,0,6847
15740,2007,0,0,6816
15740,2008,0,0,6773
15753,1993,0,0,14590
15753,1994,0,0,14375
15753,1995,0,0,14101
15753,1996,0,0,13877
15753,1997,0,0,13668
15753,1998,0,0,13450
15753,1999,0,0,13230
15753,2000,0,0,12966
15753,2001,0,0,12754
15753,2002,0,0,12525
15753,2003,8.1011,1,12344
15753,2004,0,0,12131
15753,2005,0,0,11888
15753,2006,0,0,11679
15753,2007,0,0,11452
15753,2008,0,0,11234
15755,1993,0,0,10924
15755,1994,0,0,10754
15755,1995,0,0,10625
15755,1996,0,0,10467
15755,1997,0,0,10274
15755,1998,0,0,10153
15755,1999,0,0,9984
15755,2000,0,0,9823
15755,2001,0,0,9672
15755,2002,0,0,9501
15755,2003,0,0,9322
15755,2004,0,0,9164
15755,2005,0,0,8979
15755,2006,0,0,8887
15755,2007,0,0,8677
15755,2008,0,0,8531
15757,1993,0,0,8269
15757,1994,0,0,8248
15757,1995,0,0,8227
15757,1996,0,0,8186
15757,1997,0,0,8171
15757,1998,0,0,8193
15757,1999,0,0,8162
15757,2000,0,0,8161
15757,2001,0,0,8176
15757,2002,0,0,8166
15757,2003,0,0,8125
15757,2004,0,0,8112
15757,2005,0,0,8066
15757,2006,0,0,8053
15757,2007,0,0,8011
15757,2008,0,0,8000
15759,1993,0,0,88074
15759,1994,0,0,89667
15759,1995,0,0,91369
15759,1996,0,0,93074
15759,1997,0,0,94769
15759,1998,0,0,96501
15759,1999,0,0,98177
15759,2000,0,0,99856
15759,2001,0.9853,1,101489
15759,2002,0,0,103132
15759,2003,1.9098,2,104724
15759,2004,0,0,106252
15759,2005,0,0,107724
15759,2006,0,0,109302
15759,2007,0,0,110838
15759,2008,0,0,112382
15761,1993,0,0,4154
15761,1994,0,0,4129
15761,1995,0,0,4037
15761,1996,0,0,3985
15761,1997,0,0,3905
15761,1998,0,0,3831
15761,1999,0,0,3758
15761,2000,0,0,3733
15761,2001,0,0,3676
15761,2002,0,0,3620
15761,2003,0,0,3581
15761,2004,0,0,3510
15761,2005,0,0,3494
15761,2006,0,0,3426
15761,2007,0,0,3365
15761,2008,0,0,3310
15762,1993,0,0,2891
15762,1994,0,0,2940
15762,1995,0,0,2927
15762,1996,0,0,2944
15762,1997,0,0,2946
15762,1998,0,0,2951
15762,1999,0,0,2940
15762,2000,0,0,2941
15762,2001,0,0,2926
15762,2002,0,0,2916
15762,2003,0,0,2901
15762,2004,0,0,2903
15762,2005,0,0,2920
15762,2006,0,0,2909
15762,2007,0,0,2914
15762,2008,0,0,2894
15763,1993,0,0,7733
15763,1994,0,0,7735
15763,1995,0,0,7769
15763,1996,0,0,7766
15763,1997,0,0,7767
15763,1998,0,0,7757
15763,1999,0,0,7769
15763,2000,0,0,7784
15763,2001,0,0,7801
15763,2002,0,0,7781
15763,2003,0,0,7772
15763,2004,0,0,7786
15763,2005,0,0,7806
15763,2006,0,0,7763
15763,2007,0,0,7811
15763,2008,0,0,7776
15764,1993,0,0,5467
15764,1994,0,0,5521
15764,1995,0,0,5551
15764,1996,0,0,5533
15764,1997,0,0,5561
15764,1998,0,0,5527
15764,1999,0,0,5515
15764,2000,0,0,5537
15764,2001,0,0,5535
15764,2002,0,0,5533
15764,2003,0,0,5553
15764,2004,0,0,5572
15764,2005,0,0,5547
15764,2006,0,0,5571
15764,2007,0,0,5593
15764,2008,0,0,5580
15774,1993,0,0,3694
15774,1994,0,0,3617
15774,1995,0,0,3588
15774,1996,0,0,3570
15774,1997,0,0,3519
15774,1998,0,0,3472
15774,1999,0,0,3439
15774,2000,0,0,3344
15774,2001,0,0,3328
15774,2002,0,0,3285
15774,2003,0,0,3233
15774,2004,0,0,3192
15774,2005,0,0,3061
15774,2006,0,0,3080
15774,2007,0,0,3057
15774,2008,0,0,3011
15776,1993,0,0,5009
15776,1994,0,0,5052
15776,1995,0,0,5115
15776,1996,0,0,5140
15776,1997,0,0,5182
15776,1998,0,0,5203
15776,1999,0,0,5244
15776,2000,0,0,5258
15776,2001,0,0,5278
15776,2002,0,0,5317
15776,2003,0,0,5360
15776,2004,0,0,5372
15776,2005,0,0,5422
15776,2006,0,0,5451
15776,2007,0,0,5460
15776,2008,0,0,5495
15778,1993,0,0,4996
15778,1994,0,0,4983
15778,1995,0,0,4911
15778,1996,0,0,4892
15778,1997,0,0,4839
15778,1998,0,0,4806
15778,1999,0,0,4763
15778,2000,0,0,4770
15778,2001,0,0,4726
15778,2002,0,0,4697
15778,2003,0,0,4634
15778,2004,0,0,4623
15778,2005,0,0,4545
15778,2006,0,0,4491
15778,2007,0,0,4464
15778,2008,0,0,4426
15790,1993,0,0,8016
15790,1994,0,0,7911
15790,1995,0,0,7842
15790,1996,0,0,7772
15790,1997,0,0,7663
15790,1998,0,0,7575
15790,1999,0,0,7504
15790,2000,0,0,7401
15790,2001,0,0,7290
15790,2002,0,0,7194
15790,2003,0,0,7109
15790,2004,0,0,7006
15790,2005,0,0,6941
15790,2006,0,0,6823
15790,2007,0,0,6704
15790,2008,0,0,6606
15798,1993,0,0,4901
15798,1994,0,0,4864
15798,1995,0,0,4818
15798,1996,0,0,4787
15798,1997,0,0,4757
15798,1998,0,0,4694
15798,1999,0,0,4633
15798,2000,0,0,4585
15798,2001,0,0,4547
15798,2002,0,0,4432
15798,2003,0,0,4397
15798,2004,0,0,4385
15798,2005,0,0,4261
15798,2006,0,0,4233
15798,2007,0,0,4203
15798,2008,0,0,4176
15804,1993,0,0,10187
15804,1994,0,0,10145
15804,1995,0,0,10111
15804,1996,0,0,10032
15804,1997,0,0,9982
15804,1998,0,0,9928
15804,1999,0,0,9831
15804,2000,0,0,9759
15804,2001,0,0,9686
15804,2002,0,0,9626
15804,2003,0,0,9556
15804,2004,0,0,9496
15804,2005,0,0,9447
15804,2006,0,0,9401
15804,2007,0,0,9347
15804,2008,0,0,9267
15806,1993,0,0,8603
15806,1994,0,0,8761
15806,1995,0,0,8928
15806,1996,0,0,9057
15806,1997,0,0,9215
15806,1998,0,0,9401
15806,1999,0,0,9582
15806,2000,0,0,9791
15806,2001,0,0,9986
15806,2002,0,0,10141
15806,2003,0,0,10277
15806,2004,0,0,10430
15806,2005,0,0,10575
15806,2006,0,0,10747
15806,2007,0,0,10887
15806,2008,0,0,11029
15808,1993,0,0,2586
15808,1994,0,0,2626
15808,1995,0,0,2717
15808,1996,0,0,2699
15808,1997,0,0,2758
15808,1998,0,0,2769
15808,1999,0,0,2841
15808,2000,0,0,2831
15808,2001,0,0,2851
15808,2002,0,0,2853
15808,2003,0,0,2859
15808,2004,0,0,2821
15808,2005,0,0,2854
15808,2006,0,0,2935
15808,2007,0,0,2952
15808,2008,0,0,2886
15810,1993,0,0,4619
15810,1994,0,0,4572
15810,1995,0,0,4513
15810,1996,0,0,4472
15810,1997,0,0,4407
15810,1998,0,0,4351
15810,1999,0,0,4299
15810,2000,0,0,4209
15810,2001,0,0,4137
15810,2002,0,0,4064
15810,2003,0,0,4016
15810,2004,0,0,3951
15810,2005,0,0,3865
15810,2006,0,0,3801
15810,2007,0,0,3741
15810,2008,0,0,3685
15814,1993,0,0,8454
15814,1994,0,0,8432
15814,1995,0,0,8431
15814,1996,0,0,8472
15814,1997,0,0,8451
15814,1998,0,0,8450
15814,1999,0,0,8511
15814,2000,0,0,8515
15814,2001,0,0,8545
15814,2002,0,0,8534
15814,2003,0,0,8554
15814,2004,0,0,8531
15814,2005,0,0,8537
15814,2006,0,0,8531
15814,2007,0,0,8527
15814,2008,0,0,8515
15816,1993,0,0,5249
15816,1994,0,0,5149
15816,1995,0,0,5113
15816,1996,0,0,5091
15816,1997,0,0,5078
15816,1998,0,0,4991
15816,1999,0,0,4958
15816,2000,0,0,4923
15816,2001,0,0,4918
15816,2002,0,0,4863
15816,2003,0,0,4841
15816,2004,0,0,4754
15816,2005,0,0,4672
15816,2006,0,0,4630
15816,2007,0,0,4583
15816,2008,0,0,4552
15820,1993,0,0,3587
15820,1994,0,0,3594
15820,1995,0,0,3616
15820,1996,0,0,3620
15820,1997,0,0,3590
15820,1998,0,0,3589
15820,1999,0,0,3627
15820,2000,0,0,3614
15820,2001,0,0,3638
15820,2002,0,0,3609
15820,2003,0,0,3588
15820,2004,0,0,3576
15820,2005,0,0,3558
15820,2006,0,0,3543
15820,2007,0,0,3596
15820,2008,0,0,3558
15822,1993,0,0,5368
15822,1994,0,0,5437
15822,1995,0,0,5365
15822,1996,0,0,5360
15822,1997,0,0,5357
15822,1998,0,0,5317
15822,1999,0,0,5324
15822,2000,0,0,5318
15822,2001,0,0,5299
15822,2002,0,0,5198
15822,2003,0,0,5174
15822,2004,0,0,5154
15822,2005,0,0,5206
15822,2006,0,0,5132
15822,2007,0,0,5108
15822,2008,0,0,5133
15832,1993,0,0,1641
15832,1994,0,0,1602
15832,1995,0,0,1656
15832,1996,0,0,1667
15832,1997,0,0,1648
15832,1998,0,0,1647
15832,1999,0,0,1609
15832,2000,0,0,1627
15832,2001,0,0,1660
15832,2002,0,0,1650
15832,2003,0,0,1643
15832,2004,0,0,1640
15832,2005,0,0,1588
15832,2006,0,0,1585
15832,2007,0,0,1565
15832,2008,0,0,1580
15835,1993,0,0,7051
15835,1994,0,0,6996
15835,1995,0,0,6930
15835,1996,0,0,6936
15835,1997,0,0,6923
15835,1998,0,0,6912
15835,1999,0,0,6882
15835,2000,0,0,6832
15835,2001,0,0,6762
15835,2002,0,0,6695
15835,2003,0,0,6635
15835,2004,0,0,6634
15835,2005,0,0,6570
15835,2006,0,0,6481
15835,2007,0,0,6408
15835,2008,0,0,6398
15837,1993,0,0,7306
15837,1994,0,0,7349
15837,1995,0,0,7390
15837,1996,0,0,7409
15837,1997,0,0,7425
15837,1998,0,0,7454
15837,1999,0,0,7550
15837,2000,0,0,7571
15837,2001,0,0,7607
15837,2002,0,0,7599
15837,2003,0,0,7594
15837,2004,0,0,7616
15837,2005,0,0,7683
15837,2006,0,0,7699
15837,2007,0,0,7707
15837,2008,0,0,7738
15839,1993,0,0,2324
15839,1994,0,0,2308
15839,1995,0,0,2329
15839,1996,0,0,2312
15839,1997,0,0,2296
15839,1998,0,0,2281
15839,1999,0,0,2293
15839,2000,0,0,2280
15839,2001,0,0,2251
15839,2002,0,0,2251
15839,2003,0,0,2226
15839,2004,0,0,2205
15839,2005,0,0,2180
15839,2006,0,0,2150
15839,2007,0,0,2133
15839,2008,0,0,2173
15842,1993,0,0,8642
15842,1994,0,0,8656
15842,1995,0,0,8595
15842,1996,0,0,8490
15842,1997,0,0,8430
15842,1998,0,0,8375
15842,1999,0,0,8300
15842,2000,0,0,8266
15842,2001,0,0,8186
15842,2002,0,0,8153
15842,2003,0,0,8082
15842,2004,0,0,7997
15842,2005,0,0,7936
15842,2006,0,0,7881
15842,2007,0,0,7838
15842,2008,0,0,7779
15861,1993,0,0,12655
15861,1994,0,0,12752
15861,1995,0,0,12862
15861,1996,0,0,12925
15861,1997,0,0,13050
15861,1998,0,0,13168
15861,1999,0,0,13266
15861,2000,0,0,13411
15861,2001,0,0,13516
15861,2002,0,0,13568
15861,2003,0,0,13653
15861,2004,0,0,13723
15861,2005,7.226,1,13839
15861,2006,0,0,13903
15861,2007,0,0,13993
15861,2008,0,0,14118
15879,1993,0,0,3805
15879,1994,0,0,3678
15879,1995,0,0,3728
15879,1996,0,0,3623
15879,1997,0,0,3606
15879,1998,0,0,3598
15879,1999,0,0,3475
15879,2000,0,0,3503
15879,2001,0,0,3429
15879,2002,0,0,3407
15879,2003,0,0,3377
15879,2004,0,0,3326
15879,2005,0,0,3240
15879,2006,0,0,3151
15879,2007,0,0,3101
15879,2008,0,0,3071
15897,1993,0,0,5473
15897,1994,0,0,5428
15897,1995,0,0,5386
15897,1996,0,0,5344
15897,1997,0,0,5293
15897,1998,0,0,5243
15897,1999,0,0,5198
15897,2000,0,0,5171
15897,2001,0,0,5124
15897,2002,0,0,5086
15897,2003,0,0,5048
15897,2004,0,0,4992
15897,2005,0,0,4938
15897,2006,0,0,4904
15897,2007,0,0,4868
15897,2008,0,0,4833
17001,1993,0,0,371264
17001,1994,0,0,374606
17001,1995,0,0,377931
17001,1996,0,0,381040
17001,1997,0,0,384083
17001,1998,0,0,386286
17001,1999,0,0,389158
17001,2000,0,0,391712
17001,2001,0,0,393881
17001,2002,0,0,395829
17001,2003,0.503,2,397597
17001,2004,0,0,399117
17001,2005,0,0,400148
17001,2006,0.249,1,401526
17001,2007,0,0,403186
17001,2008,0,0,404836
17013,1993,0,0,30349
17013,1994,0,0,30120
17013,1995,0,0,29889
17013,1996,0,0,29618
17013,1997,0,0,29356
17013,1998,0,0,29079
17013,1999,0,0,28781
17013,2000,0,0,28485
17013,2001,0,0,28156
17013,2002,3.5957,1,27811
17013,2003,3.6442,1,27441
17013,2004,7.3932,2,27052
17013,2005,0,0,26625
17013,2006,0,0,26210
17013,2007,0,0,25848
17013,2008,0,0,25479
17042,1993,0,0,40378
17042,1994,0,0,40326
17042,1995,0,0,40278
17042,1996,0,0,40186
17042,1997,0,0,40050
17042,1998,0,0,39950
17042,1999,0,0,39800
17042,2000,0,0,39654
17042,2001,0,0,39462
17042,2002,0,0,39237
17042,2003,2.5662,1,38968
17042,2004,0,0,38677
17042,2005,0,0,38357
17042,2006,0,0,38044
17042,2007,0,0,37771
17042,2008,0,0,37481
17050,1993,0,0,14987
17050,1994,0,0,14835
17050,1995,0,0,14694
17050,1996,0,0,14509
17050,1997,0,0,14357
17050,1998,0,0,14188
17050,1999,0,0,14009
17050,2000,0,0,13825
17050,2001,0,0,13635
17050,2002,0,0,13424
17050,2003,0,0,13207
17050,2004,7.6947,1,12996
17050,2005,0,0,12742
17050,2006,0,0,12559
17050,2007,0,0,12334
17050,2008,0,0,12112
17088,1993,0,0,15045
17088,1994,0,0,14924
17088,1995,0,0,14788
17088,1996,0,0,14619
17088,1997,0,0,14469
17088,1998,0,0,14333
17088,1999,0,0,14154
17088,2000,0,0,13975
17088,2001,0,0,13774
17088,2002,0,0,13572
17088,2003,0,0,13372
17088,2004,0,0,13110
17088,2005,0,0,12892
17088,2006,0,0,12692
17088,2007,0,0,12441
17088,2008,0,0,12230
17174,1993,0,0,51936
17174,1994,0,0,51961
17174,1995,0,0,52011
17174,1996,0,0,52046
17174,1997,0,0,52043
17174,1998,0,0,52005
17174,1999,0,0,51993
17174,2000,0,0,51986
17174,2001,1.9267,1,51902
17174,2002,0,0,51813
17174,2003,0,0,51676
17174,2004,0,0,51505
17174,2005,0,0,51286
17174,2006,0,0,51120
17174,2007,0,0,50972
17174,2008,0,0,50845
17272,1993,0,0,16893
17272,1994,0,0,16732
17272,1995,0,0,16527
17272,1996,0,0,16373
17272,1997,0,0,16150
17272,1998,0,0,15975
17272,1999,0,0,15775
17272,2000,0,0,15518
17272,2001,0,0,15345
17272,2002,0,0,15108
17272,2003,6.7508,1,14813
17272,2004,6.8875,1,14519
17272,2005,0,0,14276
17272,2006,0,0,14006
17272,2007,0,0,13660
17272,2008,0,0,13394
17380,1993,0,0,65939
17380,1994,0,0,66322
17380,1995,0,0,66708
17380,1996,0,0,67077
17380,1997,0,0,67392
17380,1998,0,0,67585
17380,1999,0,0,67897
17380,2000,0,0,68140
17380,2001,0,0,68314
17380,2002,0,0,68463
17380,2003,0,0,68571
17380,2004,0,0,68652
17380,2005,1.4572,1,68623
17380,2006,0,0,68658
17380,2007,0,0,68756
17380,2008,0,0,68843
17388,1993,0,0,11038
17388,1994,0,0,10874
17388,1995,0,0,10669
17388,1996,0,0,10492
17388,1997,0,0,10311
17388,1998,0,0,10145
17388,1999,0,0,9917
17388,2000,0,0,9732
17388,2001,0,0,9529
17388,2002,0,0,9290
17388,2003,0,0,9037
17388,2004,0,0,8761
17388,2005,0,0,8494
17388,2006,0,0,8325
17388,2007,0,0,8072
17388,2008,0,0,7823
17433,1993,0,0,27941
17433,1994,0,0,27598
17433,1995,0,0,27218
17433,1996,0,0,26838
17433,1997,0,0,26453
17433,1998,0,0,26060
17433,1999,0,0,25645
17433,2000,0,0,25219
17433,2001,0,0,24798
17433,2002,0,0,24364
17433,2003,0,0,23887
17433,2004,0,0,23424
17433,2005,0,0,22888
17433,2006,0,0,22421
17433,2007,0,0,21930
17433,2008,0,0,21500
17442,1993,0,0,7892
17442,1994,0,0,7954
17442,1995,0,0,8034
17442,1996,0,0,8107
17442,1997,0,0,8197
17442,1998,0,0,8248
17442,1999,0,0,8303
17442,2000,0,0,8369
17442,2001,0,0,8417
17442,2002,0,0,8418
17442,2003,0,0,8446
17442,2004,0,0,8467
17442,2005,0,0,8485
17442,2006,0,0,8510
17442,2007,0,0,8503
17442,2008,0,0,8470
17444,1993,0,0,16544
17444,1994,0,0,16449
17444,1995,0,0,16389
17444,1996,0,0,16291
17444,1997,0,0,16177
17444,1998,0,0,16071
17444,1999,0,0,15942
17444,2000,0,0,15818
17444,2001,0,0,15670
17444,2002,6.4579,1,15485
17444,2003,0,0,15324
17444,2004,0,0,15130
17444,2005,0,0,14921
17444,2006,0,0,14772
17444,2007,0,0,14569
17444,2008,0,0,14372
17446,1993,0,0,4454
17446,1994,0,0,4432
17446,1995,0,0,4306
17446,1996,0,0,4290
17446,1997,0,0,4202
17446,1998,0,0,4061
17446,1999,0,0,4025
17446,2000,0,0,3949
17446,2001,0,0,3842
17446,2002,26.462,1,3779
17446,2003,0,0,3692
17446,2004,0,0,3599
17446,2005,0,0,3452
17446,2006,0,0,3428
17446,2007,0,0,3354
17446,2008,0,0,3283
17486,1993,0,0,28508
17486,1994,0,0,28289
17486,1995,0,0,28070
17486,1996,0,0,27807
17486,1997,0,0,27527
17486,1998,0,0,27241
17486,1999,0,0,26956
17486,2000,0,0,26668
17486,2001,0,0,26320
17486,2002,0,0,25986
17486,2003,0,0,25617
17486,2004,0,0,25242
17486,2005,0,0,24817
17486,2006,0,0,24423
17486,2007,0,0,24023
17486,2008,0,0,23697
17495,1999,0,0,8165
17495,2000,0,0,8072
17495,2001,0,0,7942
17495,2002,0,0,7796
17495,2003,0,0,7682
17495,2004,0,0,7534
17495,2005,0,0,7382
17495,2006,0,0,7239
17495,2007,0,0,7077
17495,2008,0,0,6947
17513,1993,0,0,20833
17513,1994,0,0,20670
17513,1995,0,0,20495
17513,1996,0,0,20356
17513,1997,0,0,20101
17513,1998,0,0,19908
17513,1999,0,0,19691
17513,2000,0,0,19440
17513,2001,0,0,19236
17513,2002,5.2715,1,18970
17513,2003,0,0,18682
17513,2004,5.4321,1,18409
17513,2005,0,0,18079
17513,2006,0,0,17832
17513,2007,0,0,17576
17513,2008,0,0,17299
17524,1993,0,0,19687
17524,1994,0,0,19582
17524,1995,0,0,19463
17524,1996,0,0,19330
17524,1997,0,0,19165
17524,1998,0,0,19035
17524,1999,0,0,18880
17524,2000,0,0,18739
17524,2001,0,0,18576
17524,2002,0,0,18383
17524,2003,0,0,18182
17524,2004,0,0,17924
17524,2005,0,0,17716
17524,2006,0,0,17476
17524,2007,0,0,17268
17524,2008,0,0,16992
17541,1993,0,0,31060
17541,1994,0,0,30713
17541,1995,0,0,30339
17541,1996,0,0,29943
17541,1997,0,0,29487
17541,1998,0,0,29116
17541,1999,0,0,28653
17541,2000,0,0,28183
17541,2001,0,0,27741
17541,2002,7.3421,2,27240
17541,2003,7.4892,2,26705
17541,2004,0,0,26144
17541,2005,7.8125,2,25600
17541,2006,0,0,25037
17541,2007,0,0,24499
17541,2008,0,0,23968
17614,1993,0,0,32837
17614,1994,0,0,33760
17614,1995,0,0,34675
17614,1996,0,0,35558
17614,1997,0,0,36417
17614,1998,0,0,37274
17614,1999,0,0,38120
17614,2000,0,0,38904
17614,2001,7.558,3,39693
17614,2002,0,0,40379
17614,2003,2.4358,1,41054
17614,2004,0,0,41683
17614,2005,0,0,42238
17614,2006,0,0,42796
17614,2007,0,0,43391
17614,2008,0,0,43930
17616,1993,0,0,24569
17616,1994,0,0,24822
17616,1995,0,0,25011
17616,1996,0,0,25155
17616,1997,0,0,25316
17616,1998,0,0,15106
17616,1999,0,0,14887
17616,2000,0,0,14700
17616,2001,0,0,14446
17616,2002,0,0,14222
17616,2003,0,0,13986
17616,2004,0,0,13736
17616,2005,0,0,13466
17616,2006,0,0,13193
17616,2007,0,0,12912
17616,2008,0,0,12662
17653,1993,0,0,26289
17653,1994,0,0,26080
17653,1995,0,0,25859
17653,1996,0,0,25634
17653,1997,0,0,25379
17653,1998,0,0,25120
17653,1999,0,0,24857
17653,2000,0,0,24584
17653,2001,4.1149,1,24302
17653,2002,0,0,24002
17653,2003,0,0,23574
17653,2004,4.2965,1,23275
17653,2005,0,0,22926
17653,2006,0,0,22537
17653,2007,0,0,22217
17653,2008,0,0,21896
17662,1993,0,0,40383
17662,1994,0,0,40340
17662,1995,0,0,40243
17662,1996,0,0,40108
17662,1997,0,0,39963
17662,1998,0,0,39873
17662,1999,3.2036,1,31215
17662,2000,3.2617,1,30659
17662,2001,0,0,30034
17662,2002,34.0344,10,29382
17662,2003,6.9495,2,28779
17662,2004,0,0,28104
17662,2005,10.9429,3,27415
17662,2006,0,0,26771
17662,2007,0,0,26076
17662,2008,0,0,25405
17665,1998,0,0,10578
17665,1999,0,0,10314
17665,2000,0,0,9979
17665,2001,0,0,9674
17665,2002,0,0,9350
17665,2003,0,0,9038
17665,2004,0,0,8709
17665,2005,0,0,8364
17665,2006,0,0,8059
17665,2007,0,0,7753
17665,2008,0,0,7421
17777,1993,0,0,25432
17777,1994,0,0,25674
17777,1995,0,0,25911
17777,1996,0,0,26096
17777,1997,0,0,26290
17777,1998,0,0,26466
17777,1999,0,0,26631
17777,2000,0,0,26796
17777,2001,0,0,26922
17777,2002,0,0,27053
17777,2003,0,0,27108
17777,2004,0,0,27172
17777,2005,0,0,27201
17777,2006,0,0,27222
17777,2007,0,0,27237
17777,2008,0,0,27296
17867,1993,0,0,12129
17867,1994,0,0,12077
17867,1995,0,0,12054
17867,1996,0,0,12010
17867,1997,0,0,11926
17867,1998,0,0,11877
17867,1999,0,0,11802
17867,2000,0,0,11721
17867,2001,0,0,11673
17867,2002,0,0,11566
17867,2003,0,0,11418
17867,2004,8.8582,1,11289
17867,2005,0,0,11155
17867,2006,9.0794,1,11014
17867,2007,0,0,10906
17867,2008,0,0,10778
17873,1993,0,0,41913
17873,1994,0,0,42995
17873,1995,0,0,44041
17873,1996,0,0,45059
17873,1997,0,0,46091
17873,1998,0,0,47008
17873,1999,0,0,47992
17873,2000,0,0,48929
17873,2001,0,0,49807
17873,2002,0,0,50661
17873,2003,0,0,51463
17873,2004,0,0,52255
17873,2005,0,0,52977
17873,2006,0,0,53693
17873,2007,0,0,54478
17873,2008,0,0,55249
17877,1993,0,0,15236
17877,1994,0,0,15174
17877,1995,0,0,15074
17877,1996,0,0,14993
17877,1997,0,0,14889
17877,1998,0,0,14794
17877,1999,0,0,14715
17877,2000,0,0,14601
17877,2001,0,0,14469
17877,2002,0,0,14336
17877,2003,0,0,14237
17877,2004,0,0,14096
17877,2005,0,0,13909
17877,2006,0,0,13774
17877,2007,0,0,13636
17877,2008,0,0,13551
18001,1993,0,0,122000
18001,1994,0,0,124545
18001,1995,0,0,127088
18001,1996,0,0,129766
18001,1997,0,0,131487
18001,1998,0,0,134479
18001,1999,0,0,137740
18001,2000,0,0,141115
18001,2001,0,0,144547
18001,2002,0.6764,1,147833
18001,2003,0,0,150744
18001,2004,0,0,153247
18001,2005,0,0,155026
18001,2006,0,0,156723
18001,2007,0,0,158167
18001,2008,0,0,159503
18029,1993,0,0,9348
18029,1994,0,0,9159
18029,1995,0,0,8992
18029,1996,0,0,8763
18029,1997,0,0,8608
18029,1998,0,0,8455
18029,1999,0,0,8248
18029,2000,0,0,8046
18029,2001,12.7649,1,7834
18029,2002,0,0,7585
18029,2003,0,0,7347
18029,2004,0,0,7138
18029,2005,0,0,6978
18029,2006,0,0,6789
18029,2007,0,0,6573
18029,2008,0,0,6399
18094,1993,0,0,14029
18094,1994,0,0,13959
18094,1995,0,0,13867
18094,1996,0,0,13742
18094,1997,0,0,13706
18094,1998,0,0,13652
18094,1999,0,0,13549
18094,2000,0,0,13418
18094,2001,0,0,13289
18094,2002,7.6017,1,13155
18094,2003,7.6894,1,13005
18094,2004,0,0,12875
18094,2005,0,0,12734
18094,2006,0,0,12613
18094,2007,0,0,12469
18094,2008,0,0,12354
18150,1993,0,0,12995
18150,1994,0,0,13840
18150,1995,0,0,14689
18150,1996,0,0,15498
18150,1997,0,0,16332
18150,1998,0,0,17237
18150,1999,0,0,18075
18150,2000,0,0,18866
18150,2001,0,0,19651
18150,2002,0,0,20366
18150,2003,0,0,21081
18150,2004,0,0,21820
18150,2005,0,0,22489
18150,2006,0,0,23151
18150,2007,0,0,23840
18150,2008,0,0,24489
18205,1993,0,0,5318
18205,1994,0,0,5416
18205,1995,0,0,5549
18205,1996,0,0,5656
18205,1997,0,0,5766
18205,1998,0,0,5940
18205,1999,0,0,6069
18205,2000,0,0,6195
18205,2001,0,0,6305
18205,2002,15.4871,1,6457
18205,2003,0,0,6555
18205,2004,0,0,6649
18205,2005,14.7973,1,6758
18205,2006,0,0,6823
18205,2007,0,0,6892
18205,2008,0,0,6990
18247,1993,0,0,21533
18247,1994,0,0,21506
18247,1995,0,0,21471
18247,1996,0,0,21444
18247,1997,0,0,21367
18247,1998,0,0,21411
18247,1999,0,0,21439
18247,2000,0,0,21440
18247,2001,0,0,21437
18247,2002,0,0,21414
18247,2003,0,0,21351
18247,2004,0,0,21291
18247,2005,0,0,21140
18247,2006,0,0,21026
18247,2007,0,0,20931
18247,2008,0,0,20794
18256,1993,0,0,14336
18256,1994,0,0,14547
18256,1995,0,0,14764
18256,1996,0,0,14966
18256,1997,0,0,15183
18256,1998,0,0,15425
18256,1999,0,0,15667
18256,2000,0,0,15854
18256,2001,0,0,16037
18256,2002,6.1812,1,16178
18256,2003,0,0,16329
18256,2004,0,0,16440
18256,2005,0,0,16567
18256,2006,0,0,16685
18256,2007,0,0,16825
18256,2008,0,0,16950
18410,1993,0,0,14770
18410,1994,0,0,14846
18410,1995,0,0,14892
18410,1996,0,0,14891
18410,1997,0,0,15031
18410,1998,0,0,15084
18410,1999,0,0,15055
18410,2000,0,0,15018
18410,2001,13.4336,2,14888
18410,2002,0,0,14759
18410,2003,0,0,14643
18410,2004,0,0,14565
18410,2005,0,0,14491
18410,2006,0,0,14477
18410,2007,0,0,14495
18410,2008,0,0,14503
18460,1993,0,0,9129
18460,1994,0,0,9217
18460,1995,0,0,9246
18460,1996,0,0,9246
18460,1997,0,0,9369
18460,1998,0,0,9446
18460,1999,0,0,9442
18460,2000,0,0,9417
18460,2001,0,0,9366
18460,2002,0,0,9298
18460,2003,0,0,9296
18460,2004,0,0,9237
18460,2005,0,0,9226
18460,2006,0,0,9224
18460,2007,0,0,9264
18460,2008,0,0,9341
18479,1993,0,0,3340
18479,1994,0,0,3392
18479,1995,0,0,3404
18479,1996,0,0,3387
18479,1997,0,0,3448
18479,1998,0,0,3483
18479,1999,0,0,3497
18479,2000,28.2965,1,3534
18479,2001,0,0,3575
18479,2002,0,0,3574
18479,2003,27.8629,1,3589
18479,2004,0,0,3591
18479,2005,27.571,1,3627
18479,2006,0,0,3609
18479,2007,0,0,3610
18479,2008,0,0,3641
18592,1993,0,0,31965
18592,1994,0,0,31828
18592,1995,0,0,31685
18592,1996,0,0,31515
18592,1997,0,0,31439
18592,1998,0,0,31315
18592,1999,0,0,31197
18592,2000,0,0,30988
18592,2001,0,0,30725
18592,2002,0,0,30456
18592,2003,0,0,30186
18592,2004,0,0,29940
18592,2005,0,0,29652
18592,2006,0,0,29407
18592,2007,0,0,29196
18592,2008,0,0,28984
18610,1993,0,0,6002
18610,1994,0,0,6348
18610,1995,0,0,6648
18610,1996,0,0,6966
18610,1997,0,0,7278
18610,1998,0,0,7626
18610,1999,0,0,7937
18610,2000,0,0,8294
18610,2001,0,0,8626
18610,2002,0,0,8958
18610,2003,0,0,9256
18610,2004,10.5097,1,9515
18610,2005,0,0,9734
18610,2006,0,0,10003
18610,2007,0,0,10242
18610,2008,0,0,10509
18753,1993,0,0,33636
18753,1994,0,0,34559
18753,1995,0,0,35400
18753,1996,0,0,36206
18753,1997,0,0,37181
18753,1998,0,0,38105
18753,1999,0,0,39008
18753,2000,0,0,39733
18753,2001,0,0,40428
18753,2002,0,0,41117
18753,2003,0,0,41743
18753,2004,0,0,42401
18753,2005,0,0,42968
18753,2006,2.2933,1,43606
18753,2007,0,0,44259
18753,2008,0,0,44926
18756,1993,0,0,6997
18756,1994,0,0,7189
18756,1995,0,0,7398
18756,1996,0,0,7588
18756,1997,0,0,7856
18756,1998,0,0,8068
18756,1999,0,0,8276
18756,2000,0,0,8437
18756,2001,0,0,8570
18756,2002,0,0,8670
18756,2003,0,0,8802
18756,2004,0,0,8934
18756,2005,0,0,9080
18756,2006,0,0,9250
18756,2007,0,0,9428
18756,2008,0,0,9591
18785,1997,0,0,8714
18785,1998,0,0,8623
18785,1999,0,0,8490
18785,2000,0,0,8378
18785,2001,0,0,8204
18785,2002,0,0,8064
18785,2003,0,0,7942
18785,2004,0,0,7811
18785,2005,0,0,7670
18785,2006,0,0,7579
18785,2007,0,0,7478
18785,2008,0,0,7299
18860,1993,0,0,18265
18860,1994,0,0,19562
18860,1995,0,0,20825
18860,1996,0,0,22049
18860,1997,0,0,14443
18860,1998,0,0,14112
18860,1999,7.2828,1,13731
18860,2000,0,0,13314
18860,2001,0,0,12846
18860,2002,0,0,12359
18860,2003,16.7827,2,11917
18860,2004,0,0,11513
18860,2005,0,0,11133
18860,2006,0,0,10787
18860,2007,0,0,10468
18860,2008,0,0,10119
19001,1993,0,0,218157
19001,1994,0,0,223008
19001,1995,0,0,227455
19001,1996,0,0,231963
19001,1997,0,0,236320
19001,1998,0,0,243034
19001,1999,0,0,243219
19001,2000,0,0,249792
19001,2001,0,0,256541
19001,2002,1.1508,3,260679
19001,2003,0,0,264657
19001,2004,0.7447,2,268568
19001,2005,0,0,272261
19001,2006,0,0,276137
19001,2007,0,0,276645
19001,2008,0,0,282115
19022,1993,0,0,19833
19022,1994,0,0,19735
19022,1995,0,0,19618
19022,1996,0,0,19554
19022,1997,0,0,19555
19022,1998,0,0,19379
19022,1999,0,0,19474
19022,2000,0,0,19331
19022,2001,0,0,19188
19022,2002,0,0,19158
19022,2003,0,0,19107
19022,2004,0,0,19055
19022,2005,0,0,18996
19022,2006,0,0,18964
19022,2007,0,0,19049
19022,2008,0,0,18932
19050,1993,0,0,19685
19050,1994,0,0,19923
19050,1995,0,0,20184
19050,1996,0,0,20419
19050,1997,0,0,20720
19050,1998,0,0,20875
19050,1999,0,0,21333
19050,2000,0,0,21500
19050,2001,0,0,21709
19050,2002,0,0,22006
19050,2003,0,0,22326
19050,2004,0,0,22618
19050,2005,0,0,22832
19050,2006,0,0,23079
19050,2007,0,0,23479
19050,2008,0,0,23633
19075,1993,0,0,18654
19075,1994,0,0,18719
19075,1995,0,0,18802
19075,1996,0,0,18903
19075,1997,0,0,19011
19075,1998,0,0,19052
19075,1999,0,0,19264
19075,2000,0,0,19306
19075,2001,0,0,19366
19075,2002,0,0,19493
19075,2003,10.1984,2,19611
19075,2004,5.0723,1,19715
19075,2005,0,0,19812
19075,2006,10.0366,2,19927
19075,2007,0,0,20099
19075,2008,0,0,20125
19100,1993,0,0,61516
19100,1994,0,0,61025
19100,1995,0,0,60598
19100,1996,0,0,60209
19100,1997,0,0,59955
19100,1998,0,0,59335
19100,1999,0,0,59522
19100,2000,0,0,49393
19100,2001,0,0,48525
19100,2002,0,0,47902
19100,2003,8.4608,4,47277
19100,2004,2.1441,1,46639
19100,2005,0,0,45960
19100,2006,0,0,45332
19100,2007,0,0,44982
19100,2008,0,0,44143
19110,1993,0,0,19449
19110,1994,0,0,19921
19110,1995,0,0,20432
19110,1996,0,0,20927
19110,1997,0,0,21464
19110,1998,0,0,21847
19110,1999,0,0,22598
19110,2000,8.718,2,22941
19110,2001,4.2909,1,23305
19110,2002,0,0,23839
19110,2003,0,0,24350
19110,2004,8.0499,2,24845
19110,2005,0,0,25315
19110,2006,0,0,25820
19110,2007,0,0,26545
19110,2008,0,0,26861
19130,1993,0,0,38647
19130,1994,0,0,38655
19130,1995,0,0,38724
19130,1996,0,0,38867
19130,1997,0,0,39075
19130,1998,0,0,39015
19130,1999,0,0,39518
19130,2000,2.5356,1,39439
19130,2001,7.6167,3,39387
19130,2002,0,0,39563
19130,2003,0,0,39720
19130,2004,2.5053,1,39915
19130,2005,0,0,40055
19130,2006,0,0,40206
19130,2007,0,0,40675
19130,2008,0,0,40569
19137,1993,0,0,20352
19137,1994,0,0,21199
19137,1995,0,0,22025
19137,1996,0,0,22861
19137,1997,0,0,23737
19137,1998,0,0,24456
19137,1999,0,0,25509
19137,2000,0,0,26155
19137,2001,0,0,26861
19137,2002,0,0,27722
19137,2003,0,0,28508
19137,2004,0,0,29316
19137,2005,0,0,30104
19137,2006,0,0,30913
19137,2007,0,0,31908
19137,2008,0,0,32531
19142,1993,0,0,36642
19142,1994,0,0,37122
19142,1995,0,0,37688
19142,1996,0,0,38268
19142,1997,0,0,38889
19142,1998,0,0,39281
19142,1999,0,0,40208
19142,2000,0,0,40558
19142,2001,2.4408,1,40971
19142,2002,2.4056,1,41569
19142,2003,0,0,42117
19142,2004,0,0,42690
19142,2005,0,0,43242
19142,2006,0,0,43837
19142,2007,0,0,21151
19142,2008,0,0,21907
19212,1993,0,0,22410
19212,1994,0,0,22537
19212,1995,0,0,22665
19212,1996,0,0,22794
19212,1997,0,0,22949
19212,1998,0,0,23132
19212,1999,0,0,23158
19212,2000,0,0,23329
19212,2001,4.2512,1,23523
19212,2002,0,0,23660
19212,2003,0,0,23785
19212,2004,0,0,23904
19212,2005,0,0,24021
19212,2006,0,0,24128
19212,2007,0,0,24151
19212,2008,0,0,24316
19256,1993,0,0,49394
19256,1994,0,0,49461
19256,1995,0,0,49580
19256,1996,0,0,49728
19256,1997,0,0,49983
19256,1998,0,0,49889
19256,1999,0,0,50533
19256,2000,0,0,50487
19256,2001,3.9663,2,50425
19256,2002,0,0,50631
19256,2003,0,0,50867
19256,2004,1.9572,1,51093
19256,2005,0,0,51288
19256,2006,0,0,51509
19256,2007,0,0,52057
19256,2008,0,0,52006
19290,1993,0,0,6101
19290,1994,0,0,6038
19290,1995,0,0,6004
19290,1996,0,0,5963
19290,1997,0,0,5935
19290,1998,0,0,5898
19290,1999,0,0,5886
19290,2000,0,0,5784
19290,2001,0,0,5740
19290,2002,0,0,5716
19290,2003,0,0,5670
19290,2004,0,0,5640
19290,2005,0,0,5617
19290,2006,0,0,5543
19290,2007,0,0,5586
19290,2008,0,0,5541
19300,2007,0,0,23637
19300,2008,0,0,23254
19318,1993,0,0,27032
19318,1994,0,0,27008
19318,1995,0,0,27004
19318,1996,0,0,27026
19318,1997,0,0,27073
19318,1998,0,0,27126
19318,1999,0,0,27155
19318,2000,0,0,27178
19318,2001,0,0,27273
19318,2002,0,0,27321
19318,2003,0,0,27366
19318,2004,0,0,27393
19318,2005,0,0,27396
19318,2006,0,0,27430
19318,2007,0,0,27395
19318,2008,0,0,27423
19355,1993,0,0,19523
19355,1994,0,0,19903
19355,1995,0,0,20299
19355,1996,0,0,20671
19355,1997,0,0,21082
19355,1998,0,0,21404
19355,1999,0,0,21978
19355,2000,0,0,22221
19355,2001,0,0,22523
19355,2002,0,0,22916
19355,2003,0,0,23314
19355,2004,0,0,23734
19355,2005,0,0,24098
19355,2006,0,0,24474
19355,2007,0,0,25075
19355,2008,0,0,25315
19364,1993,0,0,8597
19364,1994,0,0,8986
19364,1995,0,0,9371
19364,1996,0,0,9766
19364,1997,0,0,10183
19364,1998,0,0,10520
19364,1999,0,0,10998
19364,2000,0,0,11369
19364,2001,0,0,11697
19364,2002,0,0,12085
19364,2003,0,0,12477
19364,2004,0,0,12865
19364,2005,0,0,13246
19364,2006,0,0,13626
19364,2007,0,0,14008
19364,2008,0,0,14349
19392,1993,0,0,12951
19392,1994,0,0,12832
19392,1995,0,0,12718
19392,1996,0,0,12595
19392,1997,0,0,12513
19392,1998,0,0,12384
19392,1999,0,0,12359
19392,2000,0,0,12233
19392,2001,0,0,12123
19392,2002,0,0,12023
19392,2003,0,0,11960
19392,2004,0,0,11873
19392,2005,0,0,11752
19392,2006,0,0,11688
19392,2007,0,0,11621
19392,2008,0,0,11525
19397,1993,0,0,21088
19397,1994,0,0,21165
19397,1995,0,0,21302
19397,1996,0,0,21431
19397,1997,0,0,21616
19397,1998,0,0,21694
19397,1999,0,0,21974
19397,2000,0,0,22013
19397,2001,0,0,22065
19397,2002,0,0,22215
19397,2003,0,0,22378
19397,2004,0,0,22507
19397,2005,0,0,22678
19397,2006,0,0,22805
19397,2007,0,0,23126
19397,2008,0,0,23139
19418,1993,0,0,15565
19418,1994,0,0,15640
19418,1995,0,0,15769
19418,1996,0,0,15851
19418,1997,0,0,15993
19418,1998,0,0,16016
19418,1999,0,0,16296
19418,2000,0,0,16343
19418,2001,0,0,16374
19418,2002,0,0,16523
19418,2003,0,0,16680
19418,2004,0,0,16806
19418,2005,0,0,16940
19418,2006,0,0,17064
19418,2007,0,0,17308
19418,2008,0,0,17390
19450,1993,0,0,17137
19450,1994,0,0,17364
19450,1995,0,0,17611
19450,1996,0,0,17843
19450,1997,0,0,18095
19450,1998,0,0,18339
19450,1999,0,0,18623
19450,2000,0,0,18817
19450,2001,0,0,19071
19450,2002,0,0,19305
19450,2003,10.2333,2,19544
19450,2004,5.0597,1,19764
19450,2005,0,0,19998
19450,2006,0,0,20183
19450,2007,0,0,20484
19450,2008,0,0,20658
19455,1993,0,0,24198
19455,1994,0,0,24527
19455,1995,0,0,24835
19455,1996,0,0,25131
19455,1997,0,0,25467
19455,1998,0,0,25839
19455,1999,0,0,26002
19455,2000,0,0,26402
19455,2001,0,0,26825
19455,2002,0,0,27134
19455,2003,0,0,27434
19455,2004,0,0,27724
19455,2005,0,0,27992
19455,2006,0,0,28280
19455,2007,0,0,28422
19455,2008,0,0,28758
19473,1993,0,0,20624
19473,1994,0,0,21376
19473,1995,0,0,22161
19473,1996,0,0,22918
19473,1997,0,0,23749
19473,1998,0,0,24418
19473,1999,0,0,25381
19473,2000,0,0,26034
19473,2001,3.7508,1,26661
19473,2002,0,0,27441
19473,2003,0,0,28227
19473,2004,0,0,28949
19473,2005,0,0,29691
19473,2006,0,0,30447
19473,2007,0,0,31375
19473,2008,0,0,31926
19513,1993,0,0,9608
19513,1994,0,0,9630
19513,1995,0,0,9646
19513,1996,0,0,9625
19513,1997,0,0,9684
19513,1998,0,0,9667
19513,1999,0,0,9643
19513,2000,0,0,9703
19513,2001,0,0,9755
19513,2002,0,0,9782
19513,2003,0,0,9793
19513,2004,0,0,9803
19513,2005,0,0,9836
19513,2006,0,0,9850
19513,2007,0,0,9784
19513,2008,0,0,9848
19517,1993,0,0,19380
19517,1994,0,0,20485
19517,1995,0,0,21634
19517,1996,0,0,22782
19517,1997,0,0,23938
19517,1998,0,0,24962
19517,1999,0,0,26285
19517,2000,0,0,27274
19517,2001,0,0,28271
19517,2002,0,0,29371
19517,2003,0,0,30474
19517,2004,0,0,31555
19517,2005,0,0,32617
19517,2006,0,0,33715
19517,2007,0,0,34958
19517,2008,0,0,35871
19532,1993,0,0,35859
19532,1994,0,0,35837
19532,1995,0,0,35845
19532,1996,0,0,35884
19532,1997,0,0,35961
19532,1998,0,0,35988
19532,1999,0,0,36074
19532,2000,0,0,36057
19532,2001,0,0,36112
19532,2002,2.7648,1,36169
19532,2003,2.7617,1,36209
19532,2004,0,0,36281
19532,2005,0,0,36320
19532,2006,0,0,36359
19532,2007,0,0,36431
19532,2008,0,0,36439
19533,1997,0,0,3749
19533,1998,0,0,3956
19533,1999,0,0,4245
19533,2000,0,0,4526
19533,2001,0,0,4758
19533,2002,0,0,4962
19533,2003,0,0,5229
19533,2004,0,0,5475
19533,2005,0,0,5769
19533,2006,0,0,5966
19533,2007,0,0,6239
19533,2008,0,0,6481
19548,1993,0,0,29215
19548,1994,0,0,29696
19548,1995,0,0,30197
19548,1996,0,0,30675
19548,1997,0,0,31212
19548,1998,0,0,31700
19548,1999,0,0,32219
19548,2000,0,0,32694
19548,2001,0,0,33181
19548,2002,0,0,33686
19548,2003,0,0,34178
19548,2004,0,0,34664
19548,2005,0,0,35114
19548,2006,0,0,35591
19548,2007,0,0,36065
19548,2008,0,0,36505
19573,1993,0,0,37636
19573,1994,0,0,37891
19573,1995,0,0,38097
19573,1996,0,0,38342
19573,1997,0,0,38547
19573,1998,0,0,39103
19573,1999,0,0,38641
19573,2000,0,0,39226
19573,2001,0,0,39761
19573,2002,0,0,39950
19573,2003,0,0,40102
19573,2004,2.4851,1,40240
19573,2005,0,0,40354
19573,2006,0,0,40465
19573,2007,0,0,40097
19573,2008,0,0,40499
19585,1993,0,0,10631
19585,1994,0,0,10889
19585,1995,0,0,11177
19585,1996,0,0,11461
19585,1997,0,0,11754
19585,1998,0,0,11986
19585,1999,0,0,12362
19585,2000,0,0,12591
19585,2001,0,0,12811
19585,2002,0,0,13084
19585,2003,0,0,13387
19585,2004,0,0,13640
19585,2005,0,0,13914
19585,2006,0,0,14196
19585,2007,0,0,14544
19585,2008,0,0,14746
19622,1993,0,0,11226
19622,1994,0,0,11224
19622,1995,0,0,11169
19622,1996,0,0,11205
19622,1997,0,0,11243
19622,1998,0,0,11175
19622,1999,0,0,11303
19622,2000,0,0,11243
19622,2001,0,0,11221
19622,2002,0,0,11244
19622,2003,0,0,11243
19622,2004,0,0,11241
19622,2005,0,0,11256
19622,2006,0,0,11266
19622,2007,0,0,11387
19622,2008,0,0,11337
19693,1993,0,0,9538
19693,1994,0,0,9540
19693,1995,0,0,9575
19693,1996,0,0,9658
19693,1997,0,0,9722
19693,1998,0,0,9718
19693,1999,0,0,9906
19693,2000,0,0,9914
19693,2001,0,0,9879
19693,2002,0,0,9977
19693,2003,0,0,10060
19693,2004,0,0,10112
19693,2005,0,0,10183
19693,2006,0,0,10226
19693,2007,0,0,10384
19693,2008,0,0,10389
19698,1993,0,0,87425
19698,1994,0,0,89649
19698,1995,0,0,91893
19698,1996,0,0,94176
19698,1997,0,0,96560
19698,1998,0,0,98881
19698,1999,0,0,86425
19698,2000,0,0,87904
19698,2001,1.1179,1,89455
19698,2002,0,0,90837
19698,2003,0,0,92169
19698,2004,0,0,93500
19698,2005,0,0,94742
19698,2006,0,0,96065
19698,2007,0,0,97115
19698,2008,0,0,98428
19701,1993,0,0,10006
19701,1994,0,0,10393
19701,1995,0,0,10736
19701,1996,0,0,11102
19701,1997,0,0,6536
19701,1998,0,0,6394
19701,1999,0,0,6423
19701,2000,0,0,6359
19701,2001,0,0,6220
19701,2002,0,0,6166
19701,2003,0,0,6116
19701,2004,0,0,6072
19701,2005,0,0,6004
19701,2006,0,0,5978
19701,2007,0,0,5940
19701,2008,0,0,5850
19743,1993,0,0,19815
19743,1994,0,0,20574
19743,1995,0,0,21352
19743,1996,0,0,22015
19743,1997,0,0,22836
19743,1998,0,0,23527
19743,1999,0,0,24405
19743,2000,0,0,25065
19743,2001,0,0,25686
19743,2002,0,0,26443
19743,2003,0,0,27169
19743,2004,0,0,27887
19743,2005,0,0,28621
19743,2006,0,0,29326
19743,2007,0,0,30210
19743,2008,0,0,30779
19760,1993,0,0,9996
19760,1994,0,0,10131
19760,1995,0,0,10284
19760,1996,0,0,10458
19760,1997,0,0,10633
19760,1998,0,0,10749
19760,1999,0,0,11036
19760,2000,0,0,11148
19760,2001,0,0,11226
19760,2002,0,0,11405
19760,2003,0,0,11553
19760,2004,0,0,11757
19760,2005,0,0,11908
19760,2006,0,0,12078
19760,2007,0,0,12312
19760,2008,0,0,12406
19780,1993,0,0,23022
19780,1994,0,0,23376
19780,1995,0,0,23764
19780,1996,0,0,24139
19780,1997,0,0,24552
19780,1998,0,0,24888
19780,1999,0,0,25352
19780,2000,0,0,25688
19780,2001,0,0,26022
19780,2002,0,0,26401
19780,2003,0,0,26784
19780,2004,0,0,27131
19780,2005,0,0,27515
19780,2006,0,0,27874
19780,2007,0,0,28325
19780,2008,0,0,28597
19785,2000,0,0,10087
19785,2001,0,0,10062
19785,2002,0,0,9998
19785,2003,0,0,9971
19785,2004,0,0,9926
19785,2005,0,0,9858
19785,2006,0,0,9817
19785,2007,0,0,9848
19785,2008,0,0,9780
19807,1993,0,0,30296
19807,1994,0,0,30492
19807,1995,0,0,30746
19807,1996,0,0,30934
19807,1997,0,0,31184
19807,1998,0,0,31415
19807,1999,0,0,31629
19807,2000,0,0,31843
19807,2001,0,0,32086
19807,2002,0,0,32332
19807,2003,0,0,32554
19807,2004,0,0,32774
19807,2005,0,0,32946
19807,2006,0,0,33171
19807,2007,0,0,33370
19807,2008,0,0,33558
19809,1993,0,0,18694
19809,1994,0,0,18983
19809,1995,0,0,19280
19809,1996,0,0,19578
19809,1997,0,0,19918
19809,1998,0,0,20175
19809,1999,0,0,20607
19809,2000,0,0,20875
19809,2001,0,0,21127
19809,2002,0,0,21461
19809,2003,0,0,21779
19809,2004,0,0,22069
19809,2005,0,0,22379
19809,2006,0,0,22692
19809,2007,0,0,23019
19809,2008,0,0,23311
19821,1993,0,0,10919
19821,1994,0,0,11958
19821,1995,0,0,13017
19821,1996,0,0,14096
19821,1997,0,0,15142
19821,1998,0,0,16121
19821,1999,0,0,17274
19821,2000,0,0,18207
19821,2001,0,0,19120
19821,2002,0,0,20147
19821,2003,0,0,21145
19821,2004,0,0,22135
19821,2005,0,0,23093
19821,2006,0,0,24096
19821,2007,0,0,25212
19821,2008,0,0,26113
19824,1993,0,0,11989
19824,1994,0,0,12505
19824,1995,0,0,13057
19824,1996,0,0,13619
19824,1997,0,0,14142
19824,1998,0,0,14618
19824,1999,0,0,15325
19824,2000,0,0,15749
19824,2001,0,0,16180
19824,2002,0,0,16714
19824,2003,0,0,17232
19824,2004,0,0,17763
19824,2005,0,0,18249
19824,2006,0,0,18753
19824,2007,0,0,19396
19824,2008,0,0,19802
19845,1999,0,0,15060
19845,2000,0,0,15484
19845,2001,0,0,15869
19845,2002,0,0,16158
19845,2003,0,0,16479
19845,2004,0,0,16809
19845,2005,0,0,17080
19845,2006,0,0,17367
19845,2007,0,0,17526
19845,2008,0,0,17928
20001,1993,0,0,285613
20001,1994,0,0,296128
20001,1995,0,0,306469
20001,1996,0,0,316711
20001,1997,0,0,326919
20001,1998,0,0,318020
20001,1999,1.2242,4,326742
20001,2000,1.1972,4,334100
20001,2001,1.17,4,341894
20001,2002,0.2855,1,350235
20001,2003,0.8353,3,359142
20001,2004,0.543,2,368337
20001,2005,0,0,377260
20001,2006,0,0,386014
20001,2007,0.5071,2,394429
20001,2008,0,0,402539
20011,1993,0,0,63712
20011,1994,0,0,65109
20011,1995,0,0,66460
20011,1996,0,0,67810
20011,1997,0,0,69167
20011,1998,0,0,70214
20011,1999,0,0,72321
20011,2000,1.3509,1,74023
20011,2001,1.3187,1,75831
20011,2002,1.2851,1,77816
20011,2003,0,0,79942
20011,2004,2.4352,2,82129
20011,2005,1.1865,1,84279
20011,2006,0,0,86302
20011,2007,0,0,88205
20011,2008,0,0,89990
20013,1993,0,0,45138
20013,1994,0,0,45525
20013,1995,0,0,45909
20013,1996,0,0,46285
20013,1997,0,0,46653
20013,1998,0,0,46887
20013,1999,0,0,47619
20013,2000,2.0761,1,48168
20013,2001,2.0499,1,48782
20013,2002,0,0,49437
20013,2003,1.9958,1,50106
20013,2004,0,0,50794
20013,2005,0,0,51429
20013,2006,0,0,52006
20013,2007,0,0,52579
20013,2008,0,0,53154
20032,1993,0,0,17821
20032,1994,0,0,17920
20032,1995,0,0,18010
20032,1996,0,0,18099
20032,1997,0,0,18170
20032,1998,0,0,18247
20032,1999,0,0,18237
20032,2000,0,0,18324
20032,2001,0,0,18382
20032,2002,0,0,18361
20032,2003,0,0,18259
20032,2004,0,0,18126
20032,2005,0,0,17985
20032,2006,0,0,17915
20032,2007,0,0,17897
20032,2008,0,0,17918
20045,1993,0,0,14414
20045,1994,0,0,14663
20045,1995,0,0,14911
20045,1996,0,0,15141
20045,1997,0,0,15374
20045,1998,0,0,15553
20045,1999,0,0,15818
20045,2000,0,0,16095
20045,2001,0,0,16339
20045,2002,0,0,16600
20045,2003,5.9488,1,16810
20045,2004,0,0,17073
20045,2005,0,0,17261
20045,2006,0,0,17509
20045,2007,0,0,17758
20045,2008,0,0,18016
20060,1993,0,0,25569
20060,1994,0,0,25936
20060,1995,0,0,26337
20060,1996,0,0,26702
20060,1997,0,0,27077
20060,1998,0,0,27326
20060,1999,0,0,27994
20060,2000,3.5058,1,28524
20060,2001,0,0,29101
20060,2002,0,0,29714
20060,2003,0,0,30446
20060,2004,3.201,1,31240
20060,2005,0,0,31969
20060,2006,0,0,32651
20060,2007,0,0,33320
20060,2008,0,0,33910
20175,1993,0,0,26289
20175,1994,0,0,26695
20175,1995,0,0,27066
20175,1996,0,0,27411
20175,1997,0,0,27720
20175,1998,3.5629,1,28067
20175,1999,0,0,28164
20175,2000,0,0,28512
20175,2001,0,0,28730
20175,2002,0,0,28856
20175,2003,0,0,28789
20175,2004,0,0,28593
20175,2005,0,0,28414
20175,2006,0,0,28332
20175,2007,0,0,28369
20175,2008,0,0,28533
20178,1993,0,0,19317
20178,1994,0,0,19650
20178,1995,0,0,19956
20178,1996,0,0,20240
20178,1997,0,0,20515
20178,1998,0,0,20785
20178,1999,0,0,21056
20178,2000,0,0,21386
20178,2001,13.8332,3,21687
20178,2002,0,0,21949
20178,2003,0,0,22125
20178,2004,0,0,22296
20178,2005,0,0,22418
20178,2006,0,0,22605
20178,2007,0,0,22787
20178,2008,0,0,23101
20228,1993,0,0,28215
20228,1994,0,0,28515
20228,1995,0,0,28802
20228,1996,0,0,29069
20228,1997,0,0,29319
20228,1998,0,0,29534
20228,1999,0,0,29860
20228,2000,0,0,30215
20228,2001,3.2776,1,30510
20228,2002,0,0,30812
20228,2003,0,0,31080
20228,2004,0,0,31279
20228,2005,3.175,1,31496
20228,2006,0,0,31737
20228,2007,0,0,32015
20228,2008,0,0,32341
20238,1993,0,0,25927
20238,1994,0,0,26020
20238,1995,0,0,26144
20238,1996,0,0,26215
20238,1997,0,0,26255
20238,1998,0,0,26284
20238,1999,0,0,26390
20238,2000,3.7661,1,26553
20238,2001,0,0,26692
20238,2002,0,0,26806
20238,2003,0,0,26853
20238,2004,7.4272,2,26928
20238,2005,3.7073,1,26974
20238,2006,0,0,27061
20238,2007,0,0,27160
20238,2008,0,0,27330
20250,1993,0,0,20971
20250,1994,0,0,21767
20250,1995,0,0,22565
20250,1996,0,0,23346
20250,1997,0,0,24099
20250,1998,0,0,24917
20250,1999,0,0,25311
20250,2000,0,0,26057
20250,2001,0,0,26624
20250,2002,0,0,26981
20250,2003,0,0,27139
20250,2004,0,0,27086
20250,2005,0,0,27029
20250,2006,0,0,27071
20250,2007,0,0,27296
20250,2008,0,0,27703
20295,1993,0,0,11319
20295,1994,0,0,11439
20295,1995,0,0,11584
20295,1996,0,0,11704
20295,1997,0,0,11809
20295,1998,0,0,11897
20295,1999,0,0,12015
20295,2000,0,0,12164
20295,2001,0,0,12271
20295,2002,0,0,12377
20295,2003,0,0,12488
20295,2004,7.9422,1,12591
20295,2005,0,0,12649
20295,2006,0,0,12701
20295,2007,0,0,12832
20295,2008,0,0,12928
20310,1993,0,0,7905
20310,1994,0,0,7782
20310,1995,0,0,7670
20310,1996,0,0,7506
20310,1997,0,0,7347
20310,1998,0,0,7236
20310,1999,0,0,7045
20310,2000,0,0,6897
20310,2001,0,0,6738
20310,2002,0,0,6497
20310,2003,0,0,6317
20310,2004,0,0,6078
20310,2005,0,0,5844
20310,2006,0,0,5596
20310,2007,0,0,5370
20310,2008,19.2345,1,5199
20383,1993,0,0,11575
20383,1994,0,0,11825
20383,1995,0,0,12058
20383,1996,0,0,12322
20383,1997,0,0,12550
20383,1998,0,0,12820
20383,1999,0,0,12932
20383,2000,7.5792,1,13194
20383,2001,0,0,13373
20383,2002,0,0,13474
20383,2003,0,0,13502
20383,2004,14.8489,2,13469
20383,2005,7.4499,1,13423
20383,2006,0,0,13467
20383,2007,0,0,13538
20383,2008,0,0,13665
20400,1993,0,0,23024
20400,1994,0,0,23926
20400,1995,0,0,24782
20400,1996,0,0,25651
20400,1997,0,0,26480
20400,1998,0,0,27266
20400,1999,0,0,28138
20400,2000,0,0,29047
20400,2001,0,0,29920
20400,2002,0,0,30784
20400,2003,0,0,31617
20400,2004,0,0,32414
20400,2005,0,0,33215
20400,2006,0,0,34052
20400,2007,0,0,34918
20400,2008,0,0,35848
20443,1993,0,0,6053
20443,1994,0,0,6223
20443,1995,0,0,6311
20443,1996,0,0,6417
20443,1997,0,0,6537
20443,1998,0,0,6611
20443,1999,0,0,6795
20443,2000,0,0,6936
20443,2001,0,0,7125
20443,2002,0,0,7284
20443,2003,0,0,7454
20443,2004,0,0,7681
20443,2005,0,0,7844
20443,2006,0,0,8020
20443,2007,0,0,8146
20443,2008,0,0,8295
20517,1993,0,0,13917
20517,1994,0,0,14062
20517,1995,0,0,14192
20517,1996,0,0,14304
20517,1997,0,0,14438
20517,1998,0,0,14551
20517,1999,0,0,14743
20517,2000,0,0,14912
20517,2001,0,0,15068
20517,2002,13.1492,2,15210
20517,2003,0,0,15382
20517,2004,19.2753,3,15564
20517,2005,12.7559,2,15679
20517,2006,0,0,15809
20517,2007,0,0,16015
20517,2008,0,0,16165
20550,1993,0,0,12965
20550,1994,0,0,13237
20550,1995,0,0,13510
20550,1996,0,0,13771
20550,1997,0,0,14007
20550,1998,0,0,14213
20550,1999,0,0,14539
20550,2000,0,0,14827
20550,2001,6.6085,1,15132
20550,2002,0,0,15413
20550,2003,0,0,15670
20550,2004,0,0,15917
20550,2005,0,0,16158
20550,2006,6.1028,1,16386
20550,2007,0,0,16655
20550,2008,0,0,16904
20570,1998,0,0,19500
20570,1999,0,0,19698
20570,2000,0,0,20112
20570,2001,0,0,20445
20570,2002,0,0,20606
20570,2003,0,0,20657
20570,2004,9.7229,2,20570
20570,2005,0,0,20504
20570,2006,4.8792,1,20495
20570,2007,0,0,20648
20570,2008,0,0,20885
20614,1993,0,0,12885
20614,1994,0,0,13053
20614,1995,0,0,13228
20614,1996,0,0,13375
20614,1997,0,0,13523
20614,1998,0,0,13706
20614,1999,7.269,1,13757
20614,2000,0,0,13939
20614,2001,0,0,14052
20614,2002,0,0,14126
20614,2003,0,0,14091
20614,2004,0,0,14089
20614,2005,0,0,14024
20614,2006,0,0,14040
20614,2007,0,0,14104
20614,2008,0,0,14133
20621,1993,0,0,19752
20621,1994,0,0,20026
20621,1995,0,0,20309
20621,1996,0,0,20563
20621,1997,0,0,20801
20621,1998,0,0,21000
20621,1999,0,0,21284
20621,2000,0,0,21588
20621,2001,0,0,21863
20621,2002,0,0,22129
20621,2003,0,0,22348
20621,2004,0,0,22566
20621,2005,0,0,22774
20621,2006,0,0,22982
20621,2007,0,0,23225
20621,2008,0,0,23545
20710,1993,0,0,16610
20710,1994,0,0,16928
20710,1995,0,0,17252
20710,1996,0,0,17576
20710,1997,0,0,17865
20710,1998,0,0,18117
20710,1999,0,0,18492
20710,2000,0,0,18867
20710,2001,0,0,19194
20710,2002,0,0,19563
20710,2003,0,0,19920
20710,2004,0,0,20227
20710,2005,0,0,20574
20710,2006,0,0,20950
20710,2007,0,0,21279
20710,2008,0,0,21699
20750,1993,0,0,15525
20750,1994,0,0,15694
20750,1995,0,0,15835
20750,1996,0,0,15965
20750,1997,0,0,16082
20750,1998,0,0,16193
20750,1999,0,0,16238
20750,2000,0,0,16379
20750,2001,0,0,16477
20750,2002,6.0514,1,16525
20750,2003,0,0,16495
20750,2004,6.0739,1,16464
20750,2005,0,0,16399
20750,2006,0,0,16370
20750,2007,0,0,16437
20750,2008,0,0,16506
20770,1993,0,0,16125
20770,1994,0,0,16560
20770,1995,0,0,16977
20770,1996,0,0,17431
20770,1997,0,0,17836
20770,1998,0,0,18245
20770,1999,0,0,18544
20770,2000,5.2701,1,18975
20770,2001,0,0,19354
20770,2002,0,0,19600
20770,2003,0,0,19819
20770,2004,0,0,20034
20770,2005,0,0,20170
20770,2006,0,0,20359
20770,2007,0,0,20662
20770,2008,0,0,20983
20787,1993,0,0,12240
20787,1994,0,0,12412
20787,1995,0,0,12561
20787,1996,0,0,12686
20787,1997,0,0,12820
20787,1998,0,0,12978
20787,1999,0,0,12977
20787,2000,0,0,13141
20787,2001,0,0,13246
20787,2002,0,0,13237
20787,2003,0,0,13185
20787,2004,0,0,13044
20787,2005,0,0,12976
20787,2006,0,0,12906
20787,2007,0,0,12879
20787,2008,0,0,12966
23001,1993,0,0,335167
23001,1994,0,0,343287
23001,1995,0,0,351432
23001,1996,0,0,359344
23001,1997,0,0,361433
23001,1998,0,0,369646
23001,1999,0,0,377495
23001,2000,0.5194,2,385065
23001,2001,0,0,392259
23001,2002,0.2504,1,399292
23001,2003,0,0,406055
23001,2004,0,0,412751
23001,2005,0,0,419219
23001,2006,0,0,425734
23001,2007,0,0,432186
23001,2008,0,0,434989
23068,1993,0,0,54854
23068,1994,0,0,56032
23068,1995,0,0,57181
23068,1996,0,0,58326
23068,1997,0,0,47218
23068,1998,0,0,47302
23068,1999,0,0,47393
23068,2000,0,0,47469
23068,2001,0,0,47546
23068,2002,0,0,47642
23068,2003,0,0,47694
23068,2004,0,0,47761
23068,2005,0,0,47809
23068,2006,0,0,47869
23068,2007,0,0,47882
23068,2008,0,0,47737
23079,1993,0,0,16149
23079,1994,0,0,16200
23079,1995,0,0,16252
23079,1996,0,0,16313
23079,1997,0,0,16364
23079,1998,0,0,16583
23079,1999,0,0,16827
23079,2000,0,0,17058
23079,2001,0,0,17299
23079,2002,0,0,17536
23079,2003,0,0,17773
23079,2004,0,0,18050
23079,2005,0,0,18275
23079,2006,0,0,18540
23079,2007,0,0,18752
23079,2008,0,0,19013
23090,1993,0,0,13405
23090,1994,0,0,13348
23090,1995,0,0,13269
23090,1996,0,0,13203
23090,1997,0,0,13171
23090,1998,0,0,13264
23090,1999,0,0,13338
23090,2000,0,0,13452
23090,2001,0,0,13575
23090,2002,0,0,13697
23090,2003,0,0,13823
23090,2004,0,0,13930
23090,2005,0,0,14028
23090,2006,0,0,14178
23090,2007,0,0,14298
23090,2008,0,0,14423
23162,1993,0,0,75428
23162,1994,0,0,76479
23162,1995,0,0,77558
23162,1996,0,0,78610
23162,1997,0,0,79016
23162,1998,0,0,80479
23162,1999,0,0,81925
23162,2000,0,0,83373
23162,2001,0,0,84767
23162,2002,0,0,86164
23162,2003,0,0,87547
23162,2004,0,0,88919
23162,2005,0,0,90252
23162,2006,0,0,91622
23162,2007,0,0,92980
23162,2008,0,0,93929
23168,1993,0,0,12716
23168,1994,0,0,12760
23168,1995,0,0,12800
23168,1996,0,0,12828
23168,1997,0,0,12915
23168,1998,0,0,13061
23168,1999,0,0,13268
23168,2000,0,0,13464
23168,2001,0,0,13728
23168,2002,0,0,13969
23168,2003,0,0,14157
23168,2004,0,0,14412
23168,2005,0,0,14650
23168,2006,0,0,14887
23168,2007,0,0,15091
23168,2008,0,0,15364
23182,1993,0,0,38165
23182,1994,0,0,38365
23182,1995,0,0,38573
23182,1996,0,0,38761
23182,1997,0,0,38757
23182,1998,0,0,39223
23182,1999,0,0,39681
23182,2000,0,0,40129
23182,2001,0,0,40601
23182,2002,0,0,41049
23182,2003,0,0,41512
23182,2004,0,0,41997
23182,2005,0,0,42438
23182,2006,0,0,42928
23182,2007,0,0,43402
23182,2008,0,0,43764
23189,1993,0,0,48657
23189,1994,0,0,48721
23189,1995,0,0,48817
23189,1996,0,0,48924
23189,1997,0,0,48849
23189,1998,0,0,49351
23189,1999,0,0,49836
23189,2000,0,0,50327
23189,2001,0,0,50866
23189,2002,0,0,51376
23189,2003,0,0,51919
23189,2004,0,0,52438
23189,2005,0,0,52976
23189,2006,0,0,53529
23189,2007,0,0,54025
23189,2008,0,0,54540
23300,1997,0,0,19353
23300,1998,0,0,19308
23300,1999,0,0,19326
23300,2000,0,0,19304
23300,2001,0,0,19308
23300,2002,0,0,19311
23300,2003,0,0,19320
23300,2004,0,0,19364
23300,2005,0,0,19363
23300,2006,0,0,19358
23300,2007,0,0,19392
23300,2008,0,0,19413
23350,1997,0,0,16737
23350,1998,0,0,16719
23350,1999,0,0,16674
23350,2000,0,0,16632
23350,2001,0,0,16557
23350,2002,0,0,16515
23350,2003,0,0,16442
23350,2004,0,0,16343
23350,2005,0,0,16276
23350,2006,0,0,16187
23350,2007,0,0,16128
23350,2008,0,0,15883
23417,1993,0,0,123079
23417,1994,0,0,126094
23417,1995,0,0,129034
23417,1996,0,0,131965
23417,1997,0,0,122011
23417,1998,0,0,121697
23417,1999,0,0,121437
23417,2000,0,0,121234
23417,2001,0,0,121062
23417,2002,0,0,120889
23417,2003,0,0,120701
23417,2004,0,0,120531
23417,2005,0,0,120257
23417,2006,0,0,120060
23417,2007,0,0,119822
23417,2008,0,0,119389
23419,1993,0,0,12517
23419,1994,0,0,12605
23419,1995,0,0,12668
23419,1996,0,0,12752
23419,1997,0,0,12897
23419,1998,0,0,13143
23419,1999,0,0,13399
23419,2000,0,0,13660
23419,2001,0,0,13937
23419,2002,0,0,14207
23419,2003,0,0,14543
23419,2004,0,0,14822
23419,2005,0,0,15093
23419,2006,0,0,15386
23419,2007,0,0,15694
23419,2008,0,0,16026
23464,1993,0,0,14188
23464,1994,0,0,14340
23464,1995,0,0,14588
23464,1996,0,0,14846
23464,1997,0,0,14863
23464,1998,0,0,15160
23464,1999,0,0,15403
23464,2000,0,0,15651
23464,2001,0,0,15901
23464,2002,0,0,16160
23464,2003,0,0,16405
23464,2004,0,0,16609
23464,2005,0,0,16862
23464,2006,0,0,17073
23464,2007,0,0,17297
23464,2008,0,0,17478
23466,1993,0,0,58602
23466,1994,0,0,60653
23466,1995,0,0,62688
23466,1996,0,0,64692
23466,1997,0,0,64546
23466,1998,0,0,65658
23466,1999,4.495,3,66741
23466,2000,0,0,67812
23466,2001,1.4534,1,68802
23466,2002,2.8651,2,69805
23466,2003,0,0,70747
23466,2004,0,0,71688
23466,2005,0,0,72587
23466,2006,0,0,73501
23466,2007,0,0,74387
23466,2008,0,0,67469
23500,1993,0,0,19440
23500,1994,0,0,19584
23500,1995,0,0,19722
23500,1996,0,0,19918
23500,1997,0,0,20186
23500,1998,0,0,20585
23500,1999,0,0,21010
23500,2000,0,0,21448
23500,2001,0,0,21909
23500,2002,0,0,22373
23500,2003,0,0,22822
23500,2004,0,0,23320
23500,2005,0,0,23813
23500,2006,0,0,24297
23500,2007,0,0,24811
23500,2008,0,0,25320
23555,1993,0,0,56659
23555,1994,0,0,56933
23555,1995,0,0,57232
23555,1996,0,0,57517
23555,1997,0,0,57177
23555,1998,0,0,57687
23555,1999,0,0,58167
23555,2000,0,0,58639
23555,2001,0,0,59061
23555,2002,0,0,59475
23555,2003,0,0,59891
23555,2004,0,0,60282
23555,2005,0,0,60654
23555,2006,0,0,61040
23555,2007,0,0,61388
23555,2008,0,0,61429
23570,1993,0,0,23981
23570,1994,0,0,24213
23570,1995,0,0,24423
23570,1996,0,0,24675
23570,1997,0,0,24912
23570,1998,0,0,25403
23570,1999,0,0,25874
23570,2000,0,0,26382
23570,2001,0,0,26891
23570,2002,0,0,27420
23570,2003,0,0,27951
23570,2004,0,0,28485
23570,2005,0,0,28992
23570,2006,0,0,29614
23570,2007,0,0,30128
23570,2008,0,0,30685
23574,1993,0,0,15583
23574,1994,0,0,15724
23574,1995,0,0,15799
23574,1996,0,0,15904
23574,1997,0,0,16086
23574,1998,0,0,16394
23574,1999,0,0,16711
23574,2000,0,0,17076
23574,2001,0,0,17437
23574,2002,0,0,17797
23574,2003,0,0,18153
23574,2004,0,0,18533
23574,2005,0,0,18927
23574,2006,0,0,19306
23574,2007,0,0,19724
23574,2008,0,0,20129
23580,1993,0,0,23043
23580,1994,0,0,23551
23580,1995,0,0,24094
23580,1996,0,0,24638
23580,1997,0,0,25165
23580,1998,0,0,25936
23580,1999,0,0,26727
23580,2000,0,0,27511
23580,2001,0,0,28321
23580,2002,13.7471,4,29097
23580,2003,3.3408,1,29933
23580,2004,0,0,30756
23580,2005,3.1643,1,31603
23580,2006,0,0,32439
23580,2007,0,0,33278
23580,2008,0,0,34084
23586,1993,0,0,12697
23586,1994,0,0,12814
23586,1995,0,0,12934
23586,1996,0,0,13068
23586,1997,0,0,13092
23586,1998,0,0,13284
23586,1999,0,0,13500
23586,2000,0,0,13690
23586,2001,0,0,13922
23586,2002,0,0,14115
23586,2003,0,0,14312
23586,2004,0,0,14498
23586,2005,0,0,14743
23586,2006,0,0,14943
23586,2007,0,0,15149
23586,2008,0,0,15331
23660,1993,0,0,79562
23660,1994,0,0,80453
23660,1995,0,0,81353
23660,1996,0,0,82225
23660,1997,0,0,82493
23660,1998,0,0,83810
23660,1999,0,0,85107
23660,2000,0,0,86418
23660,2001,0,0,87716
23660,2002,0,0,89003
23660,2003,0,0,90296
23660,2004,0,0,91560
23660,2005,0,0,92816
23660,2006,0,0,94104
23660,2007,0,0,95383
23660,2008,0,0,96314
23670,1993,0,0,47061
23670,1994,0,0,48116
23670,1995,0,0,49148
23670,1996,0,0,50216
23670,1997,0,0,51605
23670,1998,0,0,53298
23670,1999,0,0,55105
23670,2000,0,0,56912
23670,2001,0,0,58798
23670,2002,0,0,60737
23670,2003,0,0,62717
23670,2004,0,0,64717
23670,2005,0,0,66760
23670,2006,0,0,68821
23670,2007,0,0,70909
23670,2008,0,0,39092
23672,1993,0,0,21530
23672,1994,0,0,22000
23672,1995,0,0,22470
23672,1996,0,0,22918
23672,1997,0,0,23155
23672,1998,0,0,23687
23672,1999,0,0,24242
23672,2000,0,0,24777
23672,2001,0,0,25301
23672,2002,0,0,25803
23672,2003,0,0,26346
23672,2004,0,0,26874
23672,2005,0,0,27396
23672,2006,0,0,27937
23672,2007,0,0,28478
23672,2008,0,0,28888
23675,1993,0,0,28122
23675,1994,0,0,28165
23675,1995,0,0,28190
23675,1996,0,0,28245
23675,1997,0,0,28374
23675,1998,0,0,28723
23675,1999,0,0,29100
23675,2000,0,0,29493
23675,2001,0,0,29913
23675,2002,0,0,30347
23675,2003,0,0,30776
23675,2004,0,0,31206
23675,2005,0,0,31639
23675,2006,0,0,32097
23675,2007,0,0,32559
23675,2008,0,0,33027
23678,1993,0,0,21213
23678,1994,0,0,21135
23678,1995,0,0,21070
23678,1996,0,0,21025
23678,1997,0,0,21091
23678,1998,0,0,21305
23678,1999,0,0,21536
23678,2000,0,0,21824
23678,2001,0,0,22099
23678,2002,0,0,22365
23678,2003,0,0,22686
23678,2004,0,0,22971
23678,2005,0,0,23270
23678,2006,0,0,23588
23678,2007,0,0,23908
23678,2008,0,0,24288
23682,2008,0,0,9501
23686,1993,0,0,43465
23686,1994,0,0,44109
23686,1995,0,0,44728
23686,1996,0,0,45370
23686,1997,0,0,45239
23686,1998,0,0,45436
23686,1999,0,0,45695
23686,2000,0,0,45977
23686,2001,0,0,46305
23686,2002,0,0,46667
23686,2003,0,0,47043
23686,2004,0,0,47416
23686,2005,0,0,47736
23686,2006,0,0,48129
23686,2007,0,0,48528
23686,2008,0,0,49031
23807,1993,0,0,69141
23807,1994,0,0,69510
23807,1995,0,0,69942
23807,1996,0,0,70399
23807,1997,0,0,70765
23807,1998,1.3919,1,71843
23807,1999,1.3707,1,72955
23807,2000,1.3498,1,74087
23807,2001,0,0,75226
23807,2002,1.3093,1,76375
23807,2003,2.5799,2,77522
23807,2004,1.2718,1,78628
23807,2005,0,0,79799
23807,2006,0,0,80944
23807,2007,0,0,82076
23807,2008,0,0,83010
23815,2008,0,0,37337
23855,1993,0,0,27158
23855,1994,0,0,27314
23855,1995,0,0,27468
23855,1996,0,0,27656
23855,1997,0,0,27775
23855,1998,0,0,28172
23855,1999,3.4982,1,28586
23855,2000,0,0,29004
23855,2001,3.3994,1,29417
23855,2002,3.3532,1,29822
23855,2003,3.3062,1,30246
23855,2004,0,0,30667
23855,2005,0,0,31080
23855,2006,0,0,31492
23855,2007,0,0,31902
23855,2008,0,0,32246
25001,1993,0,0,12409
25001,1994,0,0,12016
25001,1995,0,0,11655
25001,1996,0,0,11391
25001,1997,0,0,11109
25001,1998,0,0,10832
25001,1999,0,0,10608
25001,2000,0,0,10456
25001,2001,0,0,10289
25001,2002,0,0,10190
25001,2003,0,0,10118
25001,2004,0,0,10037
25001,2005,0,0,9817
25001,2006,0,0,9771
25001,2007,0,0,9746
25001,2008,0,0,9796
25019,1993,0,0,6269
25019,1994,0,0,6116
25019,1995,0,0,5967
25019,1996,0,0,5847
25019,1997,0,0,5719
25019,1998,0,0,5662
25019,1999,0,0,5572
25019,2000,0,0,5534
25019,2001,0,0,5473
25019,2002,0,0,5385
25019,2003,0,0,5341
25019,2004,0,0,5317
25019,2005,0,0,5302
25019,2006,0,0,5297
25019,2007,0,0,5309
25019,2008,0,0,5316
25035,1993,0,0,9897
25035,1994,0,0,9827
25035,1995,0,0,9730
25035,1996,0,0,9673
25035,1997,0,0,9602
25035,1998,0,0,9626
25035,1999,0,0,9624
25035,2000,0,0,9657
25035,2001,0,0,9700
25035,2002,0,0,9741
25035,2003,0,0,9826
25035,2004,0,0,9895
25035,2005,0,0,9993
25035,2006,0,0,10133
25035,2007,0,0,10278
25035,2008,0,0,10476
25040,1993,0,0,14547
25040,1994,0,0,14172
25040,1995,0,0,13748
25040,1996,0,0,13439
25040,1997,0,0,13100
25040,1998,0,0,12914
25040,1999,0,0,12678
25040,2000,0,0,12485
25040,2001,0,0,12330
25040,2002,0,0,12185
25040,2003,0,0,12058
25040,2004,0,0,11941
25040,2005,0,0,11876
25040,2006,0,0,11814
25040,2007,0,0,11791
25040,2008,0,0,11821
25053,1993,0,0,20065
25053,1994,0,0,19207
25053,1995,0,0,18441
25053,1996,0,0,17686
25053,1997,0,0,17006
25053,1998,0,0,16491
25053,1999,0,0,15918
25053,2000,0,0,15378
25053,2001,0,0,14905
25053,2002,0,0,14432
25053,2003,0,0,13967
25053,2004,0,0,13565
25053,2005,0,0,13247
25053,2006,0,0,12877
25053,2007,0,0,12547
25053,2008,0,0,12300
25086,1993,0,0,2027
25086,1994,0,0,1936
25086,1995,0,0,1895
25086,1996,0,0,1852
25086,1997,0,0,1781
25086,1998,0,0,1778
25086,1999,0,0,1767
25086,2000,0,0,1711
25086,2001,0,0,1691
25086,2002,0,0,1681
25086,2003,0,0,1672
25086,2004,0,0,1666
25086,2005,0,0,1598
25086,2006,0,0,1545
25086,2007,0,0,1557
25086,2008,0,0,1595
25095,1993,0,0,3201
25095,1994,0,0,3072
25095,1995,0,0,2973
25095,1996,0,0,2844
25095,1997,0,0,2833
25095,1998,0,0,2731
25095,1999,0,0,2698
25095,2000,0,0,2651
25095,2001,0,0,2603
25095,2002,0,0,2483
25095,2003,0,0,2440
25095,2004,0,0,2426
25095,2005,0,0,2393
25095,2006,0,0,2335
25095,2007,0,0,2297
25095,2008,0,0,2328
25099,1993,0,0,5336
25099,1994,0,0,5315
25099,1995,0,0,5320
25099,1996,0,0,5359
25099,1997,0,0,5365
25099,1998,0,0,5437
25099,1999,0,0,5465
25099,2000,0,0,5541
25099,2001,0,0,5598
25099,2002,0,0,5710
25099,2003,0,0,5812
25099,2004,0,0,5937
25099,2005,0,0,6039
25099,2006,0,0,6200
25099,2007,0,0,6356
25099,2008,0,0,6529
25120,1993,0,0,4564
25120,1994,0,0,4462
25120,1995,0,0,4367
25120,1996,0,0,4251
25120,1997,0,0,4204
25120,1998,0,0,4140
25120,1999,0,0,4103
25120,2000,0,0,4044
25120,2001,0,0,3999
25120,2002,0,0,3953
25120,2003,0,0,3948
25120,2004,0,0,3904
25120,2005,0,0,3888
25120,2006,0,0,3880
25120,2007,0,0,3917
25120,2008,0,0,3921
25123,1993,0,0,9566
25123,1994,0,0,9315
25123,1995,0,0,9124
25123,1996,0,0,8910
25123,1997,0,0,8701
25123,1998,0,0,8621
25123,1999,0,0,8507
25123,2000,0,0,8391
25123,2001,0,0,8328
25123,2002,0,0,8238
25123,2003,0,0,8183
25123,2004,0,0,8155
25123,2005,0,0,8127
25123,2006,0,0,8115
25123,2007,0,0,8126
25123,2008,0,0,8175
25126,1993,0,0,35658
25126,1994,0,0,36261
25126,1995,0,0,36912
25126,1996,0,0,37539
25126,1997,0,0,38335
25126,1998,0,0,39123
25126,1999,0,0,40033
25126,2000,0,0,40975
25126,2001,0,0,41953
25126,2002,0,0,43046
25126,2003,0,0,44182
25126,2004,0,0,45394
25126,2005,0,0,46651
25126,2006,0,0,48115
25126,2007,0,0,49747
25126,2008,0,0,51553
25148,1993,0,0,18367
25148,1994,0,0,17667
25148,1995,0,0,17046
25148,1996,0,0,16462
25148,1997,0,0,15924
25148,1998,0,0,15537
25148,1999,0,0,15089
25148,2000,6.7981,1,14710
25148,2001,6.9774,1,14332
25148,2002,7.1505,1,13985
25148,2003,0,0,13669
25148,2004,7.4655,1,13395
25148,2005,0,0,13124
25148,2006,0,0,12907
25148,2007,0,0,12714
25148,2008,0,0,12550
25151,1993,0,0,18333
25151,1994,0,0,17781
25151,1995,0,0,17315
25151,1996,0,0,16864
25151,1997,0,0,16464
25151,1998,0,0,16185
25151,1999,0,0,15900
25151,2000,0,0,15638
25151,2001,0,0,15411
25151,2002,0,0,15211
25151,2003,0,0,15040
25151,2004,0,0,14890
25151,2005,0,0,14776
25151,2006,0,0,14697
25151,2007,0,0,14657
25151,2008,0,0,14662
25154,1993,0,0,9679
25154,1994,0,0,9345
25154,1995,0,0,9059
25154,1996,0,0,8767
25154,1997,0,0,8509
25154,1998,0,0,8336
25154,1999,0,0,8139
25154,2000,0,0,7976
25154,2001,0,0,7791
25154,2002,0,0,7658
25154,2003,0,0,7557
25154,2004,0,0,7406
25154,2005,0,0,7295
25154,2006,0,0,7211
25154,2007,0,0,7131
25154,2008,0,0,7086
25168,1993,0,0,5318
25168,1994,0,0,5157
25168,1995,0,0,4965
25168,1996,0,0,4821
25168,1997,0,0,4691
25168,1998,0,0,4613
25168,1999,0,0,4505
25168,2000,0,0,4360
25168,2001,0,0,4262
25168,2002,23.7192,1,4216
25168,2003,0,0,4122
25168,2004,24.6245,1,4061
25168,2005,0,0,4011
25168,2006,0,0,3956
25168,2007,0,0,3953
25168,2008,0,0,3872
25175,1993,0,0,59322
25175,1994,0,0,60062
25175,1995,0,0,60919
25175,1996,0,0,61814
25175,1997,0,0,62848
25175,1998,0,0,63835
25175,1999,0,0,65125
25175,2000,0,0,66510
25175,2001,0,0,68030
25175,2002,0,0,69646
25175,2003,0,0,71385
25175,2004,0,0,73252
25175,2005,0,0,75239
25175,2006,0,0,77548
25175,2007,0,0,80104
25175,2008,0,0,82951
25178,1993,0,0,9759
25178,1994,0,0,9464
25178,1995,0,0,9260
25178,1996,0,0,9015
25178,1997,0,0,8829
25178,1998,0,0,8721
25178,1999,0,0,8591
25178,2000,0,0,8466
25178,2001,0,0,8352
25178,2002,0,0,8257
25178,2003,0,0,8159
25178,2004,0,0,8105
25178,2005,0,0,8031
25178,2006,0,0,7999
25178,2007,0,0,8012
25178,2008,0,0,8026
25181,1993,0,0,12380
25181,1994,0,0,11984
25181,1995,0,0,11640
25181,1996,0,0,11326
25181,1997,0,0,11057
25181,1998,0,0,10853
25181,1999,0,0,10667
25181,2000,0,0,10445
25181,2001,0,0,10280
25181,2002,0,0,10118
25181,2003,0,0,9991
25181,2004,0,0,9856
25181,2005,0,0,9761
25181,2006,0,0,9687
25181,2007,0,0,9643
25181,2008,0,0,9638
25183,1993,0,0,17643
25183,1994,0,0,17262
25183,1995,0,0,16962
25183,1996,0,0,16644
25183,1997,0,0,16400
25183,1998,0,0,16246
25183,1999,0,0,16076
25183,2000,0,0,15951
25183,2001,0,0,15854
25183,2002,0,0,15782
25183,2003,0,0,15741
25183,2004,0,0,15721
25183,2005,0,0,15720
25183,2006,0,0,15788
25183,2007,0,0,15898
25183,2008,0,0,16068
25200,1993,0,0,15147
25200,1994,0,0,15001
25200,1995,0,0,14859
25200,1996,0,0,14784
25200,1997,0,0,14722
25200,1998,0,0,14746
25200,1999,0,0,14762
25200,2000,0,0,14781
25200,2001,0,0,14854
25200,2002,0,0,14929
25200,2003,0,0,15036
25200,2004,0,0,15157
25200,2005,0,0,15283
25200,2006,0,0,15498
25200,2007,0,0,15722
25200,2008,0,0,16009
25214,1993,0,0,14156
25214,1994,0,0,14384
25214,1995,0,0,14669
25214,1996,0,0,14960
25214,1997,0,0,15281
25214,1998,0,0,15590
25214,1999,0,0,15956
25214,2000,0,0,16332
25214,2001,0,0,16717
25214,2002,0,0,17155
25214,2003,0,0,17617
25214,2004,0,0,18083
25214,2005,0,0,18586
25214,2006,0,0,19170
25214,2007,0,0,19806
25214,2008,0,0,20529
25224,1993,0,0,6753
25224,1994,0,0,6613
25224,1995,0,0,6489
25224,1996,0,0,6386
25224,1997,0,0,6268
25224,1998,0,0,6213
25224,1999,0,0,6196
25224,2000,0,0,6151
25224,2001,0,0,6089
25224,2002,0,0,6060
25224,2003,0,0,6038
25224,2004,0,0,6006
25224,2005,0,0,6034
25224,2006,0,0,6029
25224,2007,0,0,6087
25224,2008,0,0,6131
25245,1993,0,0,17674
25245,1994,0,0,17403
25245,1995,0,0,17184
25245,1996,0,0,17026
25245,1997,0,0,16851
25245,1998,0,0,16801
25245,1999,0,0,16748
25245,2000,0,0,16719
25245,2001,0,0,16717
25245,2002,0,0,16769
25245,2003,0,0,16820
25245,2004,0,0,16916
25245,2005,0,0,17039
25245,2006,0,0,17202
25245,2007,0,0,17423
25245,2008,0,0,17702
25258,1993,0,0,6945
25258,1994,0,0,6609
25258,1995,0,0,6416
25258,1996,0,0,6186
25258,1997,0,0,6006
25258,1998,0,0,5829
25258,1999,0,0,5734
25258,2000,0,0,5539
25258,2001,0,0,5362
25258,2002,0,0,5204
25258,2003,19.6078,1,5100
25258,2004,0,0,4998
25258,2005,0,0,4913
25258,2006,0,0,4807
25258,2007,0,0,4742
25258,2008,0,0,4670
25260,1998,0,0,12967
25260,1999,0,0,13026
25260,2000,0,0,13135
25260,2001,0,0,13245
25260,2002,0,0,13391
25260,2003,0,0,13566
25260,2004,0,0,13753
25260,2005,0,0,13909
25260,2006,0,0,14201
25260,2007,0,0,14526
25260,2008,0,0,14911
25269,1993,0,0,72451
25269,1994,0,0,72516
25269,1995,0,0,72759
25269,1996,0,0,73085
25269,1997,0,0,73649
25269,1998,0,0,73994
25269,1999,0,0,74885
25269,2000,0,0,75925
25269,2001,0,0,77116
25269,2002,0,0,78462
25269,2003,0,0,79931
25269,2004,0,0,81563
25269,2005,0,0,83290
25269,2006,0,0,85417
25269,2007,0,0,87849
25269,2008,0,0,90568
25279,1993,0,0,12494
25279,1994,0,0,12145
25279,1995,0,0,11830
25279,1996,0,0,11531
25279,1997,0,0,11264
25279,1998,0,0,11106
25279,1999,0,0,10892
25279,2000,0,0,10751
25279,2001,0,0,10594
25279,2002,0,0,10472
25279,2003,0,0,10343
25279,2004,0,0,10267
25279,2005,0,0,10175
25279,2006,9.8687,1,10133
25279,2007,0,0,10136
25279,2008,0,0,10141
25281,1993,0,0,7267
25281,1994,0,0,7001
25281,1995,0,0,6774
25281,1996,0,0,6582
25281,1997,0,0,6432
25281,1998,0,0,6286
25281,1999,0,0,6140
25281,2000,0,0,6024
25281,2001,0,0,5882
25281,2002,0,0,5812
25281,2003,0,0,5669
25281,2004,0,0,5588
25281,2005,0,0,5518
25281,2006,0,0,5468
25281,2007,0,0,5411
25281,2008,0,0,5360
25286,1993,0,0,42174
25286,1994,0,0,42601
25286,1995,0,0,43097
25286,1996,0,0,43657
25286,1997,0,0,44291
25286,1998,0,0,44776
25286,1999,0,0,45621
25286,2000,0,0,46561
25286,2001,0,0,47587
25286,2002,0,0,48698
25286,2003,0,0,49916
25286,2004,0,0,51217
25286,2005,0,0,52598
25286,2006,0,0,54222
25286,2007,0,0,56050
25286,2008,0,0,58069
25288,1993,0,0,5432
25288,1994,0,0,5211
25288,1995,0,0,5099
25288,1996,0,0,4967
25288,1997,0,0,4843
25288,1998,0,0,4806
25288,1999,0,0,4757
25288,2000,0,0,4665
25288,2001,0,0,4587
25288,2002,0,0,4554
25288,2003,0,0,4508
25288,2004,0,0,4461
25288,2005,0,0,4411
25288,2006,0,0,4351
25288,2007,0,0,4358
25288,2008,0,0,4358
25290,1993,0,0,77307
25290,1994,0,0,77085
25290,1995,0,0,77061
25290,1996,0,0,77123
25290,1997,0,0,77451
25290,1998,0,0,77672
25290,1999,0,0,78337
25290,2000,0,0,79179
25290,2001,0,0,80150
25290,2002,0,0,81278
25290,2003,1.2114,1,82552
25290,2004,0,0,83989
25290,2005,0,0,85634
25290,2006,0,0,87516
25290,2007,0,0,89689
25290,2008,0,0,92180
25293,1993,0,0,8370
25293,1994,0,0,8027
25293,1995,0,0,7682
25293,1996,0,0,7337
25293,1997,0,0,7050
25293,1998,0,0,6821
25293,1999,0,0,6573
25293,2000,0,0,6359
25293,2001,0,0,6157
25293,2002,0,0,5981
25293,2003,0,0,5789
25293,2004,0,0,5635
25293,2005,0,0,5466
25293,2006,0,0,5329
25293,2007,0,0,5171
25293,2008,0,0,5121
25295,1993,0,0,6794
25295,1994,0,0,6910
25295,1995,0,0,7093
25295,1996,0,0,7257
25295,1997,0,0,7459
25295,1998,0,0,7640
25295,1999,0,0,7842
25295,2000,0,0,8043
25295,2001,0,0,8328
25295,2002,0,0,8512
25295,2003,0,0,8840
25295,2004,0,0,9084
25295,2005,0,0,9339
25295,2006,0,0,9674
25295,2007,0,0,10036
25295,2008,0,0,10432
25297,1993,0,0,13394
25297,1994,0,0,12850
25297,1995,0,0,12363
25297,1996,0,0,11879
25297,1997,0,0,11469
25297,1998,0,0,11158
25297,1999,0,0,10815
25297,2000,0,0,10489
25297,2001,0,0,10200
25297,2002,0,0,9938
25297,2003,0,0,9692
25297,2004,0,0,9459
25297,2005,0,0,9234
25297,2006,0,0,9066
25297,2007,0,0,8876
25297,2008,0,0,8757
25299,1993,0,0,4547
25299,1994,0,0,4336
25299,1995,0,0,4172
25299,1996,0,0,4043
25299,1997,0,0,3912
25299,1998,0,0,3839
25299,1999,0,0,3723
25299,2000,0,0,3636
25299,2001,0,0,3560
25299,2002,0,0,3486
25299,2003,0,0,3395
25299,2004,0,0,3295
25299,2005,0,0,3215
25299,2006,0,0,3193
25299,2007,0,0,3184
25299,2008,0,0,3128
25307,1993,0,0,79725
25307,1994,0,0,77955
25307,1995,0,0,76510
25307,1996,0,0,75216
25307,1997,0,0,74265
25307,1998,0,0,73003
25307,1999,0,0,72436
25307,2000,0,0,72073
25307,2001,0,0,71861
25307,2002,0,0,71823
25307,2003,0,0,71893
25307,2004,0,0,72138
25307,2005,0,0,72565
25307,2006,0,0,73193
25307,2007,0,0,74056
25307,2008,0,0,75181
25312,1996,0,0,4415
25312,1997,0,0,4421
25312,1998,0,0,4466
25312,1999,0,0,4502
25312,2000,0,0,4546
25312,2001,0,0,4577
25312,2002,0,0,4586
25312,2003,0,0,4651
25312,2004,0,0,4706
25312,2005,0,0,4774
25312,2006,0,0,4841
25312,2007,0,0,4961
25312,2008,0,0,5046
25317,1993,0,0,12727
25317,1994,0,0,12401
25317,1995,0,0,12101
25317,1996,0,0,11841
25317,1997,0,0,11608
25317,1998,0,0,11490
25317,1999,0,0,11317
25317,2000,0,0,11170
25317,2001,0,0,11065
25317,2002,0,0,10958
25317,2003,0,0,10888
25317,2004,0,0,10829
25317,2005,0,0,10786
25317,2006,0,0,10778
25317,2007,0,0,10802
25317,2008,0,0,10869
25320,1993,0,0,24719
25320,1994,0,0,24250
25320,1995,0,0,23844
25320,1996,0,0,23475
25320,1997,0,0,23234
25320,1998,0,0,23038
25320,1999,0,0,22905
25320,2000,0,0,22752
25320,2001,0,0,22681
25320,2002,0,0,22626
25320,2003,4.4195,1,22627
25320,2004,4.4142,1,22654
25320,2005,0,0,22729
25320,2006,0,0,22874
25320,2007,0,0,23071
25320,2008,0,0,23371
25322,1993,0,0,13846
25322,1994,0,0,13527
25322,1995,0,0,13252
25322,1996,0,0,13003
25322,1997,0,0,12803
25322,1998,0,0,12676
25322,1999,0,0,12519
25322,2000,0,0,12383
25322,2001,0,0,12299
25322,2002,0,0,12214
25322,2003,0,0,12157
25322,2004,0,0,12132
25322,2005,0,0,12089
25322,2006,0,0,12114
25322,2007,0,0,12149
25322,2008,0,0,12261
25324,1993,0,0,2844
25324,1994,0,0,2769
25324,1995,0,0,2686
25324,1996,0,0,2645
25324,1997,0,0,2574
25324,1998,0,0,2580
25324,1999,0,0,2490
25324,2000,0,0,2454
25324,2001,0,0,2451
25324,2002,0,0,2399
25324,2003,0,0,2372
25324,2004,0,0,2359
25324,2005,0,0,2422
25324,2006,0,0,2360
25324,2007,0,0,2382
25324,2008,0,0,2394
25326,1993,0,0,5946
25326,1994,0,0,5850
25326,1995,0,0,5663
25326,1996,0,0,5538
25326,1997,0,0,5460
25326,1998,0,0,5407
25326,1999,0,0,5339
25326,2000,0,0,5275
25326,2001,0,0,5206
25326,2002,0,0,5178
25326,2003,0,0,5156
25326,2004,0,0,5112
25326,2005,0,0,5099
25326,2006,0,0,5111
25326,2007,0,0,5125
25326,2008,0,0,5141
25328,1993,0,0,4393
25328,1994,0,0,4269
25328,1995,0,0,4155
25328,1996,0,0,4095
25328,1997,0,0,3978
25328,1998,0,0,3909
25328,1999,0,0,3866
25328,2000,0,0,3841
25328,2001,0,0,3779
25328,2002,0,0,3734
25328,2003,53.8213,2,3716
25328,2004,0,0,3706
25328,2005,0,0,3708
25328,2006,0,0,3701
25328,2007,0,0,3710
25328,2008,0,0,3733
25335,1993,0,0,5002
25335,1994,0,0,4904
25335,1995,0,0,4819
25335,1996,0,0,4749
25335,1997,0,0,4679
25335,1998,0,0,4704
25335,1999,0,0,4655
25335,2000,0,0,4636
25335,2001,0,0,4622
25335,2002,0,0,4609
25335,2003,0,0,4615
25335,2004,0,0,4612
25335,2005,0,0,4658
25335,2006,0,0,4654
25335,2007,0,0,4730
25335,2008,0,0,4742
25339,1993,0,0,4188
25339,1994,0,0,4023
25339,1995,0,0,3978
25339,1996,0,0,3851
25339,1997,0,0,3747
25339,1998,0,0,3676
25339,1999,0,0,3557
25339,2000,0,0,3495
25339,2001,0,0,3415
25339,2002,0,0,3349
25339,2003,0,0,3273
25339,2004,0,0,3229
25339,2005,0,0,3209
25339,2006,0,0,3160
25339,2007,0,0,3151
25339,2008,0,0,3117
25368,1993,0,0,3718
25368,1994,0,0,3592
25368,1995,0,0,3418
25368,1996,0,0,3337
25368,1997,0,0,3215
25368,1998,0,0,3135
25368,1999,0,0,2997
25368,2000,0,0,2938
25368,2001,0,0,2848
25368,2002,0,0,2755
25368,2003,0,0,2679
25368,2004,0,0,2617
25368,2005,0,0,2565
25368,2006,0,0,2483
25368,2007,0,0,2432
25368,2008,0,0,2416
25372,1993,0,0,8872
25372,1994,0,0,8544
25372,1995,0,0,8250
25372,1996,0,0,7938
25372,1997,0,0,7680
25372,1998,0,0,7479
25372,1999,0,0,7276
25372,2000,0,0,7080
25372,2001,0,0,6882
25372,2002,0,0,6732
25372,2003,0,0,6579
25372,2004,0,0,6418
25372,2005,0,0,6273
25372,2006,0,0,6139
25372,2007,0,0,6091
25372,2008,0,0,5985
25377,1993,0,0,20194
25377,1994,0,0,19994
25377,1995,0,0,19841
25377,1996,0,0,19715
25377,1997,0,0,19632
25377,1998,0,0,19671
25377,1999,0,0,19666
25377,2000,0,0,19725
25377,2001,0,0,19790
25377,2002,0,0,19900
25377,2003,0,0,20062
25377,2004,0,0,20215
25377,2005,0,0,20443
25377,2006,0,0,20730
25377,2007,0,0,21049
25377,2008,0,0,21473
25386,1993,0,0,21325
25386,1994,0,0,21119
25386,1995,0,0,20993
25386,1996,0,0,20858
25386,1997,0,0,20792
25386,1998,0,0,20850
25386,1999,0,0,20901
25386,2000,0,0,20986
25386,2001,0,0,21080
25386,2002,0,0,21235
25386,2003,0,0,21431
25386,2004,0,0,21646
25386,2005,0,0,21930
25386,2006,0,0,22262
25386,2007,0,0,22661
25386,2008,0,0,23142
25394,1993,0,0,13875
25394,1994,0,0,13362
25394,1995,0,0,12872
25394,1996,0,0,12419
25394,1997,0,0,12006
25394,1998,0,0,11679
25394,1999,0,0,11314
25394,2000,0,0,11014
25394,2001,0,0,10720
25394,2002,47.7099,5,10480
25394,2003,0,0,10249
25394,2004,0,0,10047
25394,2005,0,0,9881
25394,2006,0,0,9707
25394,2007,0,0,9543
25394,2008,0,0,9455
25398,1993,0,0,8575
25398,1994,0,0,8263
25398,1995,0,0,7992
25398,1996,0,0,7685
25398,1997,0,0,7453
25398,1998,0,0,7258
25398,1999,0,0,7058
25398,2000,0,0,6879
25398,2001,0,0,6699
25398,2002,0,0,6532
25398,2003,0,0,6402
25398,2004,0,0,6280
25398,2005,0,0,6155
25398,2006,0,0,6064
25398,2007,0,0,5968
25398,2008,0,0,5893
25402,1993,0,0,11945
25402,1994,0,0,11797
25402,1995,0,0,11684
25402,1996,0,0,11611
25402,1997,0,0,11541
25402,1998,0,0,11573
25402,1999,0,0,11548
25402,2000,0,0,11567
25402,2001,0,0,11591
25402,2002,0,0,11624
25402,2003,0,0,11684
25402,2004,0,0,11775
25402,2005,0,0,11878
25402,2006,0,0,12020
25402,2007,0,0,12207
25402,2008,0,0,12431
25407,1993,0,0,9915
25407,1994,0,0,9651
25407,1995,0,0,9435
25407,1996,0,0,9225
25407,1997,0,0,9108
25407,1998,0,0,8979
25407,1999,0,0,8831
25407,2000,0,0,8716
25407,2001,0,0,8643
25407,2002,0,0,8539
25407,2003,0,0,8484
25407,2004,0,0,8418
25407,2005,0,0,8385
25407,2006,0,0,8311
25407,2007,0,0,8367
25407,2008,0,0,8406
25426,1993,0,0,9260
25426,1994,0,0,8922
25426,1995,0,0,8604
25426,1996,0,0,8295
25426,1997,0,0,8025
25426,1998,0,0,7820
25426,1999,0,0,7652
25426,2000,0,0,7344
25426,2001,0,0,7228
25426,2002,0,0,6989
25426,2003,0,0,6833
25426,2004,0,0,6673
25426,2005,0,0,6557
25426,2006,0,0,6407
25426,2007,0,0,6342
25426,2008,0,0,6237
25430,1993,0,0,45557
25430,1994,0,0,46401
25430,1995,0,0,47347
25430,1996,0,0,48334
25430,1997,0,0,49397
25430,1998,0,0,50329
25430,1999,0,0,51565
25430,2000,0,0,52937
25430,2001,0,0,54390
25430,2002,0,0,55953
25430,2003,0,0,57594
25430,2004,0,0,59337
25430,2005,0,0,61175
25430,2006,0,0,63309
25430,2007,0,0,65687
25430,2008,0,0,68277
25436,1993,0,0,5996
25436,1994,0,0,5793
25436,1995,0,0,5538
25436,1996,0,0,5363
25436,1997,0,0,5173
25436,1998,0,0,5028
25436,1999,0,0,4883
25436,2000,0,0,4720
25436,2001,0,0,4586
25436,2002,0,0,4460
25436,2003,0,0,4336
25436,2004,0,0,4257
25436,2005,0,0,4125
25436,2006,0,0,4057
25436,2007,0,0,4001
25436,2008,0,0,3947
25438,1993,0,0,12917
25438,1994,0,0,12387
25438,1995,0,0,11892
25438,1996,0,0,11466
25438,1997,0,0,11073
25438,1998,0,0,10771
25438,1999,0,0,10432
25438,2000,0,0,10121
25438,2001,0,0,9829
25438,2002,10.4646,1,9556
25438,2003,0,0,9309
25438,2004,0,0,9082
25438,2005,0,0,8868
25438,2006,0,0,8682
25438,2007,0,0,8504
25438,2008,0,0,8419
25473,1993,0,0,37543
25473,1994,0,0,39531
25473,1995,0,0,41487
25473,1996,0,0,43403
25473,1997,0,0,45400
25473,1998,0,0,47160
25473,1999,0,0,49278
25473,2000,0,0,51457
25473,2001,0,0,53737
25473,2002,0,0,56112
25473,2003,0,0,58547
25473,2004,0,0,61122
25473,2005,0,0,63784
25473,2006,0,0,66765
25473,2007,0,0,69971
25473,2008,0,0,73451
25483,1993,0,0,2336
25483,1994,0,0,2272
25483,1995,0,0,2210
25483,1996,0,0,2147
25483,1997,0,0,2073
25483,1998,0,0,2063
25483,1999,0,0,1985
25483,2000,0,0,1972
25483,2001,0,0,1944
25483,2002,0,0,1941
25483,2003,0,0,1902
25483,2004,0,0,1920
25483,2005,0,0,1943
25483,2006,0,0,1924
25483,2007,0,0,1938
25483,2008,0,0,1911
25486,1993,0,0,8750
25486,1994,0,0,8668
25486,1995,0,0,8613
25486,1996,0,0,8542
25486,1997,0,0,8534
25486,1998,0,0,8531
25486,1999,0,0,8565
25486,2000,0,0,8585
25486,2001,0,0,8658
25486,2002,0,0,8681
25486,2003,0,0,8755
25486,2004,0,0,8835
25486,2005,0,0,8914
25486,2006,0,0,9064
25486,2007,0,0,9203
25486,2008,0,0,9404
25488,1993,0,0,5351
25488,1994,0,0,5419
25488,1995,0,0,5468
25488,1996,0,0,5568
25488,1997,0,0,5639
25488,1998,0,0,5703
25488,1999,0,0,5881
25488,2000,0,0,6048
25488,2001,0,0,6226
25488,2002,0,0,6360
25488,2003,0,0,6507
25488,2004,0,0,6650
25488,2005,0,0,6787
25488,2006,0,0,6931
25488,2007,0,0,7091
25488,2008,0,0,7314
25489,1993,0,0,4521
25489,1994,0,0,4404
25489,1995,0,0,4194
25489,1996,0,0,4076
25489,1997,0,0,4011
25489,1998,0,0,3883
25489,1999,0,0,3816
25489,2000,0,0,3724
25489,2001,0,0,3634
25489,2002,0,0,3564
25489,2003,0,0,3510
25489,2004,0,0,3454
25489,2005,0,0,3396
25489,2006,0,0,3370
25489,2007,0,0,3344
25489,2008,0,0,3338
25491,1993,0,0,6548
25491,1994,0,0,6375
25491,1995,0,0,6202
25491,1996,0,0,6020
25491,1997,0,0,5884
25491,1998,0,0,5791
25491,1999,0,0,5691
25491,2000,0,0,5605
25491,2001,0,0,5501
25491,2002,0,0,5422
25491,2003,0,0,5352
25491,2004,0,0,5305
25491,2005,0,0,5286
25491,2006,0,0,5272
25491,2007,0,0,5246
25491,2008,0,0,5234
25506,1993,0,0,4856
25506,1994,0,0,4700
25506,1995,0,0,4550
25506,1996,0,0,4413
25506,1997,0,0,4327
25506,1998,0,0,4284
25506,1999,0,0,4179
25506,2000,0,0,4087
25506,2001,0,0,4004
25506,2002,0,0,3960
25506,2003,0,0,3899
25506,2004,0,0,3858
25506,2005,0,0,3835
25506,2006,0,0,3807
25506,2007,0,0,3792
25506,2008,0,0,3729
25513,1993,0,0,26445
25513,1994,0,0,25652
25513,1995,0,0,24937
25513,1996,0,0,24253
25513,1997,0,0,23671
25513,1998,0,0,23243
25513,1999,0,0,22785
25513,2000,0,0,22387
25513,2001,0,0,22035
25513,2002,0,0,21768
25513,2003,0,0,21502
25513,2004,0,0,21280
25513,2005,0,0,21138
25513,2006,0,0,21008
25513,2007,0,0,20958
25513,2008,0,0,20963
25518,1993,0,0,6921
25518,1994,0,0,6644
25518,1995,0,0,6376
25518,1996,0,0,6135
25518,1997,0,0,5931
25518,1998,0,0,5771
25518,1999,0,0,5607
25518,2000,0,0,5426
25518,2001,0,0,5258
25518,2002,0,0,5119
25518,2003,0,0,4986
25518,2004,0,0,4876
25518,2005,0,0,4733
25518,2006,0,0,4621
25518,2007,0,0,4536
25518,2008,0,0,4448
25524,1993,0,0,4894
25524,1994,0,0,4818
25524,1995,0,0,4643
25524,1996,0,0,4500
25524,1997,0,0,4438
25524,1998,0,0,4417
25524,1999,0,0,4326
25524,2000,0,0,4297
25524,2001,0,0,4238
25524,2002,0,0,4206
25524,2003,0,0,4144
25524,2004,0,0,4131
25524,2005,0,0,4114
25524,2006,0,0,4119
25524,2007,0,0,4104
25524,2008,0,0,4111
25530,1993,0,0,5397
25530,1994,0,0,5331
25530,1995,0,0,5309
25530,1996,0,0,5271
25530,1997,0,0,5279
25530,1998,0,0,5315
25530,1999,0,0,5329
25530,2000,0,0,5340
25530,2001,18.5839,1,5381
25530,2002,0,0,5406
25530,2003,18.3587,1,5447
25530,2004,18.1851,1,5499
25530,2005,0,0,5553
25530,2006,0,0,5684
25530,2007,0,0,5752
25530,2008,0,0,5914
25535,1993,0,0,10476
25535,1994,0,0,10122
25535,1995,0,0,9852
25535,1996,0,0,9566
25535,1997,0,0,9337
25535,1998,0,0,9184
25535,1999,0,0,8992
25535,2000,0,0,8842
25535,2001,0,0,8702
25535,2002,0,0,8548
25535,2003,0,0,8431
25535,2004,0,0,8302
25535,2005,0,0,8217
25535,2006,0,0,8170
25535,2007,0,0,8133
25535,2008,0,0,8084
25572,1993,0,0,13165
25572,1994,0,0,12854
25572,1995,0,0,12596
25572,1996,0,0,12352
25572,1997,0,0,12157
25572,1998,0,0,12004
25572,1999,0,0,11869
25572,2000,0,0,11779
25572,2001,0,0,11695
25572,2002,0,0,11659
25572,2003,8.6051,1,11621
25572,2004,0,0,11623
25572,2005,0,0,11636
25572,2006,0,0,11705
25572,2007,0,0,11794
25572,2008,0,0,11924
25580,1993,0,0,4462
25580,1994,0,0,4254
25580,1995,0,0,4089
25580,1996,0,0,3982
25580,1997,0,0,3852
25580,1998,0,0,3802
25580,1999,0,0,3713
25580,2000,0,0,3671
25580,2001,0,0,3568
25580,2002,0,0,3491
25580,2003,0,0,3418
25580,2004,0,0,3313
25580,2005,0,0,3286
25580,2006,0,0,3222
25580,2007,0,0,3198
25580,2008,0,0,3157
25592,1993,0,0,6152
25592,1994,0,0,5982
25592,1995,0,0,5744
25592,1996,0,0,5647
25592,1997,0,0,5503
25592,1998,0,0,5370
25592,1999,0,0,5187
25592,2000,0,0,5054
25592,2001,0,0,4972
25592,2002,20.5086,1,4876
25592,2003,0,0,4736
25592,2004,0,0,4672
25592,2005,0,0,4626
25592,2006,0,0,4554
25592,2007,0,0,4509
25592,2008,0,0,4476
25594,1993,0,0,6225
25594,1994,0,0,6037
25594,1995,0,0,5850
25594,1996,0,0,5667
25594,1997,0,0,5511
25594,1998,0,0,5410
25594,1999,0,0,5301
25594,2000,0,0,5181
25594,2001,0,0,5094
25594,2002,0,0,5020
25594,2003,0,0,4919
25594,2004,0,0,4843
25594,2005,0,0,4789
25594,2006,0,0,4748
25594,2007,0,0,4704
25594,2008,0,0,4666
25596,1993,0,0,9788
25596,1994,0,0,9376
25596,1995,0,0,9048
25596,1996,0,0,8716
25596,1997,0,0,8462
25596,1998,0,0,8214
25596,1999,0,0,8009
25596,2000,0,0,7751
25596,2001,0,0,7519
25596,2002,0,0,7337
25596,2003,0,0,7157
25596,2004,0,0,7010
25596,2005,0,0,6865
25596,2006,0,0,6704
25596,2007,0,0,6615
25596,2008,0,0,6517
25599,1993,0,0,8016
25599,1994,0,0,7822
25599,1995,0,0,7641
25599,1996,0,0,7447
25599,1997,0,0,7322
25599,1998,0,0,7205
25599,1999,0,0,7122
25599,2000,0,0,6996
25599,2001,0,0,6947
25599,2002,0,0,6857
25599,2003,0,0,6791
25599,2004,0,0,6744
25599,2005,0,0,6726
25599,2006,0,0,6738
25599,2007,0,0,6712
25599,2008,0,0,6753
25612,1993,0,0,6995
25612,1994,0,0,6925
25612,1995,0,0,7009
25612,1996,0,0,7030
25612,1997,0,0,7097
25612,1998,0,0,7181
25612,1999,0,0,7266
25612,2000,0,0,7345
25612,2001,0,0,7437
25612,2002,0,0,7549
25612,2003,0,0,7697
25612,2004,0,0,7811
25612,2005,0,0,7965
25612,2006,0,0,8169
25612,2007,0,0,8353
25612,2008,0,0,8586
25645,1993,0,0,10715
25645,1994,0,0,10495
25645,1995,0,0,10283
25645,1996,0,0,10116
25645,1997,0,0,9960
25645,1998,0,0,9914
25645,1999,0,0,9784
25645,2000,0,0,9675
25645,2001,0,0,9591
25645,2002,0,0,9525
25645,2003,0,0,9484
25645,2004,0,0,9461
25645,2005,0,0,9463
25645,2006,0,0,9489
25645,2007,0,0,9530
25645,2008,0,0,9616
25649,1993,0,0,12319
25649,1994,0,0,11855
25649,1995,0,0,11438
25649,1996,0,0,11062
25649,1997,0,0,10674
25649,1998,0,0,10426
25649,1999,0,0,10121
25649,2000,0,0,9855
25649,2001,0,0,9613
25649,2002,0,0,9380
25649,2003,0,0,9155
25649,2004,0,0,8975
25649,2005,0,0,8795
25649,2006,0,0,8638
25649,2007,0,0,8514
25649,2008,0,0,8424
25653,1993,0,0,6694
25653,1994,0,0,6489
25653,1995,0,0,6228
25653,1996,0,0,6017
25653,1997,0,0,5854
25653,1998,0,0,5733
25653,1999,0,0,5599
25653,2000,0,0,5448
25653,2001,0,0,5313
25653,2002,0,0,5193
25653,2003,0,0,5098
25653,2004,20.008,1,4998
25653,2005,0,0,4899
25653,2006,0,0,4832
25653,2007,0,0,4760
25653,2008,0,0,4706
25658,1993,0,0,7722
25658,1994,0,0,7616
25658,1995,0,0,7540
25658,1996,0,0,7468
25658,1997,0,0,7408
25658,1998,0,0,7389
25658,1999,0,0,7387
25658,2000,0,0,7410
25658,2001,0,0,7411
25658,2002,0,0,7439
25658,2003,0,0,7482
25658,2004,0,0,7536
25658,2005,0,0,7579
25658,2006,0,0,7646
25658,2007,0,0,7756
25658,2008,0,0,7888
25662,1993,0,0,11114
25662,1994,0,0,10697
25662,1995,0,0,10303
25662,1996,0,0,9990
25662,1997,0,0,9667
25662,1998,0,0,9440
25662,1999,0,0,9211
25662,2000,0,0,8955
25662,2001,0,0,8782
25662,2002,0,0,8580
25662,2003,0,0,8382
25662,2004,0,0,8242
25662,2005,0,0,8118
25662,2006,0,0,8019
25662,2007,0,0,7918
25662,2008,0,0,7848
25718,1993,0,0,9926
25718,1994,0,0,9700
25718,1995,0,0,9515
25718,1996,0,0,9305
25718,1997,0,0,9162
25718,1998,0,0,9091
25718,1999,0,0,8970
25718,2000,0,0,8835
25718,2001,0,0,8800
25718,2002,0,0,8730
25718,2003,23.0734,2,8668
25718,2004,0,0,8632
25718,2005,0,0,8613
25718,2006,0,0,8638
25718,2007,0,0,8665
25718,2008,0,0,8702
25736,1993,0,0,7556
25736,1994,0,0,7492
25736,1995,0,0,7443
25736,1996,0,0,7400
25736,1997,0,0,7398
25736,1998,0,0,7441
25736,1999,0,0,7445
25736,2000,0,0,7507
25736,2001,0,0,7532
25736,2002,0,0,7557
25736,2003,0,0,7633
25736,2004,0,0,7726
25736,2005,0,0,7807
25736,2006,0,0,7914
25736,2007,0,0,8054
25736,2008,0,0,8199
25740,1993,0,0,21509
25740,1994,0,0,21296
25740,1995,0,0,21143
25740,1996,0,0,21037
25740,1997,0,0,20972
25740,1998,0,0,20925
25740,1999,0,0,20979
25740,2000,0,0,21065
25740,2001,0,0,21189
25740,2002,0,0,21367
25740,2003,0,0,21577
25740,2004,0,0,21821
25740,2005,0,0,22101
25740,2006,0,0,22466
25740,2007,0,0,22909
25740,2008,0,0,23437
25743,1993,0,0,18402
25743,1994,0,0,18040
25743,1995,0,0,17712
25743,1996,0,0,17447
25743,1997,0,0,17191
25743,1998,0,0,17083
25743,1999,0,0,16935
25743,2000,0,0,16818
25743,2001,0,0,16716
25743,2002,0,0,16659
25743,2003,0,0,16600
25743,2004,0,0,16604
25743,2005,0,0,16601
25743,2006,0,0,16687
25743,2007,0,0,16808
25743,2008,0,0,16964
25745,1993,0,0,9616
25745,1994,0,0,9472
25745,1995,0,0,9323
25745,1996,0,0,9223
25745,1997,0,0,9124
25745,1998,0,0,9086
25745,1999,0,0,9048
25745,2000,0,0,9024
25745,2001,0,0,9017
25745,2002,0,0,9046
25745,2003,0,0,9071
25745,2004,0,0,9105
25745,2005,0,0,9164
25745,2006,0,0,9249
25745,2007,0,0,9373
25745,2008,0,0,9527
25754,1993,0,0,232411
25754,1994,0,0,239856
25754,1995,0,0,247522
25754,1996,0,0,251935
25754,1997,0,0,260123
25754,1998,0,0,266871
25754,1999,0,0,275880
25754,2000,0,0,285320
25754,2001,0,0,295286
25754,2002,0,0,305809
25754,2003,0,0,316859
25754,2004,0,0,328536
25754,2005,0,0,340626
25754,2006,0,0,354472
25754,2007,0,0,369592
25754,2008,0,0,386131
25758,1993,0,0,12801
25758,1994,0,0,12889
25758,1995,0,0,12989
25758,1996,0,0,13121
25758,1997,0,0,13266
25758,1998,0,0,13466
25758,1999,0,0,13651
25758,2000,0,0,13883
25758,2001,0,0,14128
25758,2002,0,0,14395
25758,2003,0,0,14687
25758,2004,0,0,15001
25758,2005,0,0,15329
25758,2006,0,0,15746
25758,2007,0,0,16183
25758,2008,0,0,16684
25769,1993,0,0,25352
25769,1994,0,0,25862
25769,1995,0,0,26389
25769,1996,0,0,26922
25769,1997,0,0,27501
25769,1998,0,0,15176
25769,1999,0,0,14904
25769,2000,0,0,14647
25769,2001,0,0,14438
25769,2002,0,0,14209
25769,2003,0,0,14025
25769,2004,0,0,13877
25769,2005,0,0,13724
25769,2006,0,0,13631
25769,2007,0,0,13586
25769,2008,0,0,13590
25772,1993,0,0,11795
25772,1994,0,0,11688
25772,1995,0,0,11570
25772,1996,0,0,11479
25772,1997,0,0,11407
25772,1998,0,0,11429
25772,1999,0,0,11420
25772,2000,0,0,11445
25772,2001,0,0,11463
25772,2002,0,0,11518
25772,2003,0,0,11577
25772,2004,0,0,11676
25772,2005,0,0,11790
25772,2006,0,0,11931
25772,2007,0,0,12105
25772,2008,0,0,12331
25777,1993,0,0,5538
25777,1994,0,0,5392
25777,1995,0,0,5235
25777,1996,0,0,5077
25777,1997,0,0,4977
25777,1998,0,0,4899
25777,1999,0,0,4799
25777,2000,0,0,4761
25777,2001,0,0,4681
25777,2002,0,0,4636
25777,2003,0,0,4566
25777,2004,0,0,4519
25777,2005,0,0,4493
25777,2006,0,0,4476
25777,2007,0,0,4471
25777,2008,0,0,4459
25779,1993,0,0,6580
25779,1994,0,0,6396
25779,1995,0,0,6231
25779,1996,0,0,6097
25779,1997,0,0,5938
25779,1998,0,0,5859
25779,1999,0,0,5775
25779,2000,0,0,5695
25779,2001,0,0,5630
25779,2002,0,0,5591
25779,2003,0,0,5519
25779,2004,0,0,5511
25779,2005,0,0,5429
25779,2006,0,0,5447
25779,2007,0,0,5437
25779,2008,0,0,5441
25781,1993,0,0,4304
25781,1994,0,0,4228
25781,1995,0,0,4195
25781,1996,0,0,4142
25781,1997,0,0,4137
25781,1998,0,0,4144
25781,1999,0,0,4129
25781,2000,0,0,4139
25781,2001,0,0,4128
25781,2002,0,0,4139
25781,2003,0,0,4157
25781,2004,0,0,4169
25781,2005,0,0,4186
25781,2006,0,0,4260
25781,2007,0,0,4327
25781,2008,0,0,4414
25785,1993,0,0,12167
25785,1994,0,0,12191
25785,1995,0,0,12237
25785,1996,0,0,12289
25785,1997,0,0,12379
25785,1998,0,0,12545
25785,1999,0,0,12675
25785,2000,0,0,12823
25785,2001,0,0,13010
25785,2002,0,0,13179
25785,2003,0,0,13393
25785,2004,0,0,13598
25785,2005,0,0,13827
25785,2006,0,0,14118
25785,2007,0,0,14452
25785,2008,0,0,14846
25793,1993,0,0,7101
25793,1994,0,0,6971
25793,1995,0,0,6825
25793,1996,0,0,6726
25793,1997,0,0,6618
25793,1998,0,0,6572
25793,1999,0,0,6545
25793,2000,0,0,6491
25793,2001,0,0,6445
25793,2002,0,0,6423
25793,2003,0,0,6376
25793,2004,0,0,6369
25793,2005,0,0,6384
25793,2006,0,0,6349
25793,2007,0,0,6416
25793,2008,0,0,6452
25797,1993,0,0,7564
25797,1994,0,0,7419
25797,1995,0,0,7320
25797,1996,0,0,7212
25797,1997,0,0,7143
25797,1998,0,0,7106
25797,1999,0,0,7108
25797,2000,0,0,7065
25797,2001,0,0,7035
25797,2002,0,0,7052
25797,2003,0,0,7068
25797,2004,0,0,7088
25797,2005,0,0,7149
25797,2006,0,0,7168
25797,2007,0,0,7219
25797,2008,0,0,7340
25799,1993,0,0,12826
25799,1994,0,0,12817
25799,1995,0,0,12819
25799,1996,0,0,12854
25799,1997,0,0,12887
25799,1998,0,0,13032
25799,1999,0,0,13106
25799,2000,0,0,13231
25799,2001,0,0,13379
25799,2002,0,0,13532
25799,2003,0,0,13742
25799,2004,0,0,13941
25799,2005,0,0,14155
25799,2006,0,0,14405
25799,2007,0,0,14734
25799,2008,0,0,15102
25805,1993,0,0,4857
25805,1994,0,0,4706
25805,1995,0,0,4591
25805,1996,0,0,4445
25805,1997,0,0,4347
25805,1998,0,0,4347
25805,1999,0,0,4191
25805,2000,0,0,4205
25805,2001,0,0,4095
25805,2002,0,0,3979
25805,2003,0,0,3929
25805,2004,0,0,3899
25805,2005,0,0,3883
25805,2006,0,0,3846
25805,2007,0,0,3817
25805,2008,0,0,3801
25807,1993,0,0,4038
25807,1994,0,0,3914
25807,1995,0,0,3759
25807,1996,0,0,3719
25807,1997,0,0,3607
25807,1998,0,0,3509
25807,1999,0,0,3407
25807,2000,0,0,3411
25807,2001,0,0,3264
25807,2002,0,0,3192
25807,2003,0,0,3202
25807,2004,0,0,3074
25807,2005,0,0,3016
25807,2006,0,0,2977
25807,2007,0,0,2944
25807,2008,0,0,2999
25815,1993,0,0,17346
25815,1994,0,0,16805
25815,1995,0,0,16288
25815,1996,0,0,15863
25815,1997,0,0,15459
25815,1998,0,0,15138
25815,1999,0,0,14844
25815,2000,0,0,14557
25815,2001,0,0,14347
25815,2002,0,0,14145
25815,2003,0,0,13968
25815,2004,0,0,13808
25815,2005,0,0,13713
25815,2006,0,0,13638
25815,2007,0,0,13592
25815,2008,0,0,13604
25817,1993,0,0,14642
25817,1994,0,0,15139
25817,1995,0,0,15665
25817,1996,0,0,16181
25817,1997,0,0,16725
25817,1998,0,0,17346
25817,1999,0,0,17933
25817,2000,0,0,18546
25817,2001,0,0,19178
25817,2002,0,0,19821
25817,2003,0,0,20492
25817,2004,0,0,21185
25817,2005,0,0,21863
25817,2006,0,0,22662
25817,2007,0,0,23543
25817,2008,0,0,24507
25823,1993,0,0,6306
25823,1994,0,0,6083
25823,1995,0,0,5851
25823,1996,0,0,5621
25823,1997,0,0,5448
25823,1998,0,0,5330
25823,1999,0,0,5202
25823,2000,0,0,5048
25823,2001,0,0,4883
25823,2002,0,0,4770
25823,2003,0,0,4670
25823,2004,0,0,4575
25823,2005,0,0,4495
25823,2006,0,0,4361
25823,2007,0,0,4291
25823,2008,0,0,4238
25839,1993,0,0,13180
25839,1994,0,0,12650
25839,1995,0,0,12164
25839,1996,0,0,11697
25839,1997,0,0,11309
25839,1998,0,0,10964
25839,1999,0,0,10630
25839,2000,0,0,10259
25839,2001,0,0,9971
25839,2002,0,0,9712
25839,2003,0,0,9462
25839,2004,0,0,9178
25839,2005,11.1769,1,8947
25839,2006,0,0,8734
25839,2007,0,0,8552
25839,2008,0,0,8406
25841,1993,0,0,8300
25841,1994,0,0,8034
25841,1995,0,0,7766
25841,1996,0,0,7535
25841,1997,0,0,7298
25841,1998,0,0,7217
25841,1999,0,0,7039
25841,2000,0,0,6933
25841,2001,0,0,6780
25841,2002,0,0,6692
25841,2003,0,0,6513
25841,2004,0,0,6429
25841,2005,0,0,6333
25841,2006,0,0,6296
25841,2007,0,0,6209
25841,2008,0,0,6184
25843,1993,0,0,26244
25843,1994,0,0,26050
25843,1995,0,0,25904
25843,1996,0,0,25803
25843,1997,0,0,25802
25843,1998,0,0,25830
25843,1999,0,0,25926
25843,2000,0,0,26088
25843,2001,0,0,26275
25843,2002,0,0,26526
25843,2003,0,0,26824
25843,2004,0,0,27163
25843,2005,0,0,27553
25843,2006,0,0,28048
25843,2007,0,0,28640
25843,2008,0,0,29330
25845,1993,0,0,7495
25845,1994,0,0,7287
25845,1995,0,0,7076
25845,1996,0,0,6900
25845,1997,0,0,6746
25845,1998,0,0,6605
25845,1999,0,0,6480
25845,2000,0,0,6371
25845,2001,0,0,6279
25845,2002,0,0,6210
25845,2003,0,0,6127
25845,2004,0,0,6060
25845,2005,0,0,5996
25845,2006,0,0,5977
25845,2007,0,0,5970
25845,2008,0,0,5987
25851,1993,0,0,5304
25851,1994,0,0,5112
25851,1995,0,0,4954
25851,1996,0,0,4788
25851,1997,0,0,4670
25851,1998,0,0,4541
25851,1999,0,0,4438
25851,2000,0,0,4346
25851,2001,0,0,4266
25851,2002,0,0,4193
25851,2003,0,0,4099
25851,2004,0,0,4007
25851,2005,0,0,3986
25851,2006,0,0,3946
25851,2007,0,0,3896
25851,2008,0,0,3888
25862,1993,0,0,9944
25862,1994,0,0,9617
25862,1995,0,0,9236
25862,1996,0,0,8960
25862,1997,0,0,8647
25862,1998,0,0,8455
25862,1999,0,0,8215
25862,2000,0,0,7969
25862,2001,0,0,7830
25862,2002,0,0,7591
25862,2003,26.8962,2,7436
25862,2004,0,0,7286
25862,2005,0,0,7149
25862,2006,0,0,7019
25862,2007,0,0,6927
25862,2008,0,0,6835
25867,1993,0,0,4088
25867,1994,0,0,3987
25867,1995,0,0,3862
25867,1996,0,0,3823
25867,1997,0,0,3713
25867,1998,0,0,3701
25867,1999,0,0,3656
25867,2000,0,0,3603
25867,2001,0,0,3561
25867,2002,0,0,3540
25867,2003,0,0,3511
25867,2004,0,0,3498
25867,2005,0,0,3496
25867,2006,0,0,3515
25867,2007,0,0,3504
25867,2008,0,0,3534
25871,1993,0,0,2569
25871,1994,0,0,2461
25871,1995,0,0,2406
25871,1996,0,0,2306
25871,1997,0,0,2225
25871,1998,0,0,2164
25871,1999,0,0,2113
25871,2000,0,0,2035
25871,2001,0,0,1959
25871,2002,0,0,1921
25871,2003,0,0,1872
25871,2004,0,0,1819
25871,2005,0,0,1857
25871,2006,0,0,1813
25871,2007,0,0,1757
25871,2008,0,0,1721
25873,1993,0,0,16331
25873,1994,0,0,15935
25873,1995,0,0,15582
25873,1996,0,0,15246
25873,1997,0,0,14977
25873,1998,0,0,14798
25873,1999,0,0,14603
25873,2000,0,0,14427
25873,2001,0,0,14279
25873,2002,0,0,14151
25873,2003,0,0,14061
25873,2004,0,0,14009
25873,2005,0,0,13934
25873,2006,0,0,13930
25873,2007,0,0,13977
25873,2008,0,0,14058
25875,1993,0,0,22616
25875,1994,0,0,22121
25875,1995,0,0,21719
25875,1996,0,0,21303
25875,1997,0,0,20975
25875,1998,0,0,20722
25875,1999,0,0,20529
25875,2000,0,0,20373
25875,2001,0,0,20238
25875,2002,0,0,20169
25875,2003,0,0,20137
25875,2004,0,0,20150
25875,2005,0,0,20177
25875,2006,0,0,20282
25875,2007,0,0,20449
25875,2008,0,0,20685
25878,1993,0,0,16710
25878,1994,0,0,16141
25878,1995,0,0,15633
25878,1996,0,0,15154
25878,1997,0,0,14725
25878,1998,0,0,14411
25878,1999,0,0,14068
25878,2000,0,0,13746
25878,2001,0,0,13476
25878,2002,0,0,13213
25878,2003,0,0,12975
25878,2004,0,0,12766
25878,2005,0,0,12603
25878,2006,0,0,12452
25878,2007,0,0,12347
25878,2008,0,0,12275
25885,1993,0,0,19597
25885,1994,0,0,18831
25885,1995,0,0,18158
25885,1996,0,0,17485
25885,1997,0,0,16880
25885,1998,0,0,16462
25885,1999,0,0,15938
25885,2000,6.4562,1,15489
25885,2001,0,0,15072
25885,2002,0,0,14660
25885,2003,0,0,14289
25885,2004,121.9425,17,13941
25885,2005,0,0,13642
25885,2006,0,0,13347
25885,2007,0,0,13105
25885,2008,0,0,12923
25898,1993,0,0,4308
25898,1994,0,0,4204
25898,1995,0,0,4076
25898,1996,0,0,4030
25898,1997,0,0,3944
25898,1998,0,0,3923
25898,1999,0,0,3873
25898,2000,0,0,3834
25898,2001,0,0,3815
25898,2002,0,0,3775
25898,2003,0,0,3739
25898,2004,26.6454,1,3753
25898,2005,0,0,3750
25898,2006,0,0,3738
25898,2007,0,0,3762
25898,2008,0,0,3758
25899,1993,0,0,74602
25899,1994,0,0,74266
25899,1995,0,0,74146
25899,1996,0,0,74124
25899,1997,0,0,74331
25899,1998,0,0,74396
25899,1999,0,0,74984
25899,2000,0,0,75699
25899,2001,0,0,76575
25899,2002,0,0,77579
25899,2003,0,0,78736
25899,2004,0,0,80045
25899,2005,0,0,81471
25899,2006,0,0,83211
25899,2007,0,0,85242
25899,2008,0,0,87563
27001,1993,0,0,80259
27001,1994,0,0,84288
27001,1995,0,0,87009
27001,1996,0,0,89651
27001,1997,0,0,85217
27001,1998,1.1337,1,88207
27001,1999,0,0,89751
27001,2000,0,0,93911
27001,2001,0,0,98200
27001,2002,0,0,101997
27001,2003,1.9229,2,104009
27001,2004,0,0,106192
27001,2005,0,0,108343
27001,2006,0,0,110490
27001,2007,0,0,112573
27001,2008,0,0,114540
27006,1993,0,0,8766
27006,1994,0,0,8979
27006,1995,0,0,9160
27006,1996,0,0,9315
27006,1997,0,0,9514
27006,1998,0,0,9679
27006,1999,0,0,9693
27006,2000,10.1657,1,9837
27006,2001,0,0,10035
27006,2002,0,0,10304
27006,2003,0,0,10555
27006,2004,0,0,10787
27006,2005,0,0,11095
27006,2006,0,0,11373
27006,2007,0,0,11628
27006,2008,0,0,11879
27025,1993,0,0,13466
27025,1994,0,0,13844
27025,1995,0,0,14374
27025,1996,0,0,14904
27025,1997,0,0,15710
27025,1998,0,0,15602
27025,1999,0,0,15801
27025,2000,0,0,15756
27025,2001,6.365,1,15711
27025,2002,6.2077,1,16109
27025,2003,5.9556,1,16791
27025,2004,0,0,17512
27025,2005,0,0,18300
27025,2006,0,0,19061
27025,2007,0,0,19836
27025,2008,0,0,20578
27050,1997,0,0,4195
27050,1998,0,0,4193
27050,1999,0,0,4164
27050,2000,0,0,4188
27050,2001,0,0,4226
27050,2002,0,0,4338
27050,2003,0,0,4462
27050,2004,0,0,4565
27050,2005,0,0,4707
27050,2006,0,0,4825
27050,2007,0,0,4950
27050,2008,0,0,5048
27073,1993,0,0,10103
27073,1994,0,0,10642
27073,1995,0,0,11237
27073,1996,0,0,11896
27073,1997,0,0,12705
27073,1998,0,0,12815
27073,1999,0,0,13157
27073,2000,0,0,8094
27073,2001,0,0,8006
27073,2002,0,0,8096
27073,2003,0,0,8282
27073,2004,0,0,8463
27073,2005,0,0,8674
27073,2006,0,0,8895
27073,2007,0,0,9103
27073,2008,0,0,9304
27075,1993,0,0,6128
27075,1994,0,0,6243
27075,1995,0,0,6379
27075,1996,0,0,6484
27075,1997,0,0,6640
27075,1998,0,0,6781
27075,1999,0,0,6839
27075,2000,0,0,6975
27075,2001,0,0,7121
27075,2002,27.2146,2,7349
27075,2003,13.224,1,7562
27075,2004,0,0,7767
27075,2005,0,0,7967
27075,2006,0,0,8163
27075,2007,0,0,8335
27075,2008,0,0,8527
27077,1993,0,0,26233
27077,1994,0,0,26689
27077,1995,0,0,27525
27077,1996,0,0,28361
27077,1997,0,0,29756
27077,1998,0,0,29249
27077,1999,0,0,16600
27077,2000,0,0,16770
27077,2001,0,0,16866
27077,2002,0,0,17403
27077,2003,0,0,18205
27077,2004,0,0,18966
27077,2005,0,0,19814
27077,2006,0,0,20661
27077,2007,0,0,21465
27077,2008,0,0,22336
27099,1993,0,0,7556
27099,1994,0,0,7621
27099,1995,0,0,7756
27099,1996,0,0,7923
27099,1997,0,0,8253
27099,1998,0,0,8066
27099,1999,12.387,1,8073
27099,2000,0,0,7974
27099,2001,0,0,7807
27099,2002,38.0132,3,7892
27099,2003,12.2669,1,8152
27099,2004,11.8694,1,8425
27099,2005,0,0,8723
27099,2006,0,0,9020
27099,2007,0,0,9299
27099,2008,0,0,9581
27135,1997,0,0,5513
27135,1998,0,0,5476
27135,1999,0,0,5370
27135,2000,0,0,5310
27135,2001,0,0,5264
27135,2002,74.8503,4,5344
27135,2003,0,0,5389
27135,2004,0,0,5448
27135,2005,0,0,5510
27135,2006,0,0,5597
27135,2007,0,0,5650
27135,2008,0,0,5714
27150,2001,0,0,2813
27150,2002,0,0,3575
27150,2003,0,0,4404
27150,2004,0,0,5259
27150,2005,0,0,6153
27150,2006,0,0,7073
27150,2007,0,0,7999
27150,2008,0,0,8926
27160,2000,0,0,7571
27160,2001,0,0,7458
27160,2002,0,0,7400
27160,2003,0,0,7293
27160,2004,0,0,7236
27160,2005,0,0,7147
27160,2006,0,0,7099
27160,2007,0,0,6989
27160,2008,0,0,6882
27205,1993,0,0,15895
27205,1994,0,0,16222
27205,1995,0,0,16605
27205,1996,0,0,16999
27205,1997,0,0,17534
27205,1998,0,0,17601
27205,1999,0,0,17689
27205,2000,0,0,17848
27205,2001,10.6689,1,9373
27205,2002,20.536,2,9739
27205,2003,0,0,9919
27205,2004,0,0,10185
27205,2005,0,0,10382
27205,2006,0,0,10608
27205,2007,0,0,10833
27205,2008,0,0,11056
27245,1993,0,0,5644
27245,1994,0,0,5691
27245,1995,0,0,5789
27245,1996,0,0,5878
27245,1997,16.6113,1,6020
27245,1998,0,0,6031
27245,1999,0,0,6003
27245,2000,0,0,5974
27245,2001,16.6973,1,5989
27245,2002,49.1884,3,6099
27245,2003,0,0,6242
27245,2004,0,0,6377
27245,2005,15.2788,1,6545
27245,2006,0,0,6691
27245,2007,0,0,6844
27245,2008,0,0,6973
27250,1993,0,0,3637
27250,1994,0,0,4285
27250,1995,0,0,5000
27250,1996,0,0,5738
27250,1997,0,0,6579
27250,1998,0,0,6978
27250,1999,0,0,7467
27250,2000,0,0,7916
27250,2001,0,0,8223
27250,2002,0,0,8756
27250,2003,0,0,9496
27250,2004,0,0,10251
27250,2005,0,0,11046
27250,2006,0,0,11857
27250,2007,0,0,12713
27250,2008,0,0,13529
27361,1993,0,0,23033
27361,1994,0,0,23459
27361,1995,0,0,23925
27361,1996,0,0,24427
27361,1997,0,0,19988
27361,1998,0,0,26615
27361,1999,0,0,32641
27361,2000,0,0,33464
27361,2001,3.0273,1,33033
27361,2002,0,0,32982
27361,2003,3.0233,1,33076
27361,2004,9.052,3,33142
27361,2005,0,0,33211
27361,2006,0,0,33274
27361,2007,0,0,33297
27361,2008,0,0,33256
27372,1993,0,0,2850
27372,1994,0,0,3000
27372,1995,0,0,3140
27372,1996,0,0,3317
27372,1997,0,0,3420
27372,1998,0,0,3603
27372,1999,0,0,3657
27372,2000,26.3574,1,3794
27372,2001,25.641,1,3900
27372,2002,24.7158,1,4046
27372,2003,0,0,4199
27372,2004,0,0,4345
27372,2005,0,0,4551
27372,2006,0,0,4765
27372,2007,0,0,4896
27372,2008,0,0,5085
27413,1993,0,0,9077
27413,1994,0,0,9402
27413,1995,0,0,9784
27413,1996,0,0,10178
27413,1997,0,0,10704
27413,1998,0,0,10730
27413,1999,0,0,10870
27413,2000,0,0,9205
27413,2001,0,0,8941
27413,2002,0,0,8957
27413,2003,0,0,9002
27413,2004,0,0,9122
27413,2005,0,0,9205
27413,2006,0,0,9301
27413,2007,0,0,9403
27413,2008,0,0,9474
27425,1999,0,0,1366
27425,2000,0,0,1753
27425,2001,0,0,2102
27425,2002,0,0,2525
27425,2003,0,0,2937
27425,2004,0,0,3419
27425,2005,0,0,3894
27425,2006,0,0,4437
27425,2007,0,0,4915
27425,2008,0,0,5441
27430,1999,0,0,11155
27430,2000,0,0,10856
27430,2001,0,0,10570
27430,2002,0,0,10596
27430,2003,0,0,10905
27430,2004,0,0,11173
27430,2005,0,0,11530
27430,2006,8.4168,1,11881
27430,2007,0,0,12189
27430,2008,0,0,12496
27450,2001,0,0,8532
27450,2002,0,0,8626
27450,2003,0,0,8782
27450,2004,0,0,8934
27450,2005,0,0,9080
27450,2006,0,0,9212
27450,2007,0,0,9365
27450,2008,0,0,9500
27491,1993,0,0,7902
27491,1994,0,0,7812
27491,1995,0,0,7821
27491,1996,0,0,7816
27491,1997,0,0,7963
27491,1998,0,0,7734
27491,1999,13.1234,1,7620
27491,2000,0,0,7487
27491,2001,0,0,6989
27491,2002,0,0,7062
27491,2003,0,0,7223
27491,2004,13.5483,1,7381
27491,2005,0,0,7518
27491,2006,0,0,7673
27491,2007,0,0,7851
27491,2008,0,0,8006
27495,1993,0,0,6783
27495,1994,0,0,7082
27495,1995,0,0,7431
27495,1996,0,0,7802
27495,1997,0,0,8285
27495,1998,0,0,8342
27495,1999,0,0,8512
27495,2000,0,0,8649
27495,2001,11.4718,1,8717
27495,2002,11.1321,1,8983
27495,2003,0,0,9419
27495,2004,0,0,9863
27495,2005,0,0,10296
27495,2006,0,0,10782
27495,2007,0,0,11260
27495,2008,0,0,11724
27580,2001,0,0,9096
27580,2002,0,0,8774
27580,2003,0,0,8657
27580,2004,0,0,8483
27580,2005,0,0,8305
27580,2006,0,0,8157
27580,2007,0,0,7990
27580,2008,0,0,7822
27600,1999,0,0,944
27600,2000,0,0,1277
27600,2001,0,0,1591
27600,2002,0,0,1849
27600,2003,0,0,2234
27600,2004,0,0,2627
27600,2005,0,0,3055
27600,2006,0,0,3405
27600,2007,0,0,3825
27600,2008,0,0,4215
27615,1993,0,0,23281
27615,1994,0,0,23420
27615,1995,0,0,23703
27615,1996,0,0,24007
27615,1997,0,0,24556
27615,1998,0,0,24306
27615,1999,0,0,24224
27615,2000,0,0,24215
27615,2001,9.696,2,20627
27615,2002,44.7527,10,22345
27615,2003,4.1396,1,24157
27615,2004,0,0,26016
27615,2005,7.1515,2,27966
27615,2006,0,0,29939
27615,2007,0,0,31919
27615,2008,0,0,33924
27660,1993,0,0,5659
27660,1994,0,0,5553
27660,1995,0,0,5504
27660,1996,0,0,5478
27660,1997,0,0,5517
27660,1998,0,0,5298
27660,1999,0,0,5190
27660,2000,0,0,5015
27660,2001,0,0,4891
27660,2002,0,0,4865
27660,2003,0,0,4893
27660,2004,40.6339,2,4922
27660,2005,141.186,7,4958
27660,2006,0,0,4982
27660,2007,0,0,5004
27660,2008,0,0,5041
27745,1993,0,0,2357
27745,1994,0,0,2339
27745,1995,0,0,2371
27745,1996,0,0,2408
27745,1997,0,0,2458
27745,1998,0,0,2426
27745,1999,0,0,2400
27745,2000,0,0,2351
27745,2001,0,0,2245
27745,2002,0,0,2240
27745,2003,0,0,2348
27745,2004,41.1862,1,2428
27745,2005,0,0,2474
27745,2006,0,0,2497
27745,2007,38.5654,1,2593
27745,2008,0,0,2656
27787,1993,0,0,17616
27787,1994,0,0,17957
27787,1995,0,0,18312
27787,1996,0,0,18690
27787,1997,0,0,19225
27787,1998,0,0,19262
27787,1999,0,0,19332
27787,2000,0,0,14396
27787,2001,7.9403,1,12594
27787,2002,7.6846,1,13013
27787,2003,0,0,13361
27787,2004,0,0,13723
27787,2005,0,0,14081
27787,2006,0,0,14447
27787,2007,0,0,14798
27787,2008,0,0,15181
27800,1993,0,0,9753
27800,1994,0,0,9804
27800,1995,0,0,9895
27800,1996,0,0,9953
27800,1997,0,0,10208
27800,1998,0,0,10050
27800,1999,0,0,9975
27800,2000,0,0,9913
27800,2001,10.1174,1,9884
27800,2002,0,0,10009
27800,2003,0,0,10211
27800,2004,0,0,10430
27800,2005,0,0,10659
27800,2006,0,0,10849
27800,2007,0,0,11094
27800,2008,0,0,11296
27810,2000,0,0,7771
27810,2001,0,0,7569
27810,2002,0,0,7545
27810,2003,0,0,7486
27810,2004,0,0,7491
27810,2005,0,0,7520
27810,2006,0,0,7469
27810,2007,0,0,7461
27810,2008,0,0,7444
41001,1993,0,0,255376
41001,1994,0,0,260567
41001,1995,0,0,265441
41001,1996,0,0,270199
41001,1997,0,0,274891
41001,1998,0,0,279359
41001,1999,0,0,283683
41001,2000,0,0,287912
41001,2001,0,0,292050
41001,2002,0,0,296036
41001,2003,0.3335,1,299865
41001,2004,0.3293,1,303633
41001,2005,0,0,307365
41001,2006,0,0,311129
41001,2007,0,0,314910
41001,2008,0,0,318661
41006,1993,0,0,16724
41006,1994,0,0,17013
41006,1995,0,0,17344
41006,1996,0,0,17647
41006,1997,0,0,17992
41006,1998,0,0,18310
41006,1999,0,0,18659
41006,2000,0,0,18972
41006,2001,0,0,19277
41006,2002,0,0,19623
41006,2003,0,0,19909
41006,2004,0,0,20229
41006,2005,0,0,20548
41006,2006,0,0,20856
41006,2007,0,0,21177
41006,2008,0,0,21497
41013,1993,0,0,6905
41013,1994,0,0,7008
41013,1995,0,0,7092
41013,1996,0,0,7196
41013,1997,0,0,7257
41013,1998,0,0,7334
41013,1999,0,0,7408
41013,2000,0,0,7488
41013,2001,0,0,7593
41013,2002,0,0,7648
41013,2003,0,0,7709
41013,2004,0,0,7803
41013,2005,0,0,7868
41013,2006,0,0,7907
41013,2007,0,0,7978
41013,2008,0,0,8066
41016,1993,0,0,11154
41016,1994,0,0,11406
41016,1995,0,0,11618
41016,1996,0,0,11841
41016,1997,0,0,12050
41016,1998,0,0,12248
41016,1999,0,0,12482
41016,2000,0,0,12695
41016,2001,0,0,12913
41016,2002,0,0,13088
41016,2003,0,0,13297
41016,2004,0,0,13493
41016,2005,0,0,13670
41016,2006,0,0,13862
41016,2007,0,0,14042
41016,2008,0,0,14230
41020,1993,0,0,19540
41020,1994,0,0,19678
41020,1995,0,0,19815
41020,1996,0,0,19940
41020,1997,0,0,20088
41020,1998,0,0,20241
41020,1999,0,0,20362
41020,2000,0,0,20480
41020,2001,0,0,20587
41020,2002,0,0,20697
41020,2003,0,0,20831
41020,2004,0,0,20925
41020,2005,0,0,21028
41020,2006,0,0,21132
41020,2007,0,0,21271
41020,2008,0,0,21365
41026,1993,0,0,3063
41026,1994,0,0,3131
41026,1995,0,0,3167
41026,1996,0,0,3202
41026,1997,0,0,3266
41026,1998,0,0,3310
41026,1999,0,0,3371
41026,2000,0,0,3445
41026,2001,0,0,3494
41026,2002,0,0,3534
41026,2003,0,0,3575
41026,2004,0,0,3634
41026,2005,0,0,3663
41026,2006,0,0,3726
41026,2007,0,0,3788
41026,2008,0,0,3793
41078,1993,0,0,8159
41078,1994,0,0,8148
41078,1995,0,0,8175
41078,1996,0,0,8211
41078,1997,0,0,8173
41078,1998,0,0,8171
41078,1999,0,0,8204
41078,2000,0,0,8219
41078,2001,0,0,8174
41078,2002,0,0,8211
41078,2003,12.222,1,8182
41078,2004,0,0,8170
41078,2005,0,0,8237
41078,2006,0,0,8244
41078,2007,0,0,8265
41078,2008,0,0,8244
41132,1993,0,0,27183
41132,1994,0,0,27406
41132,1995,0,0,27611
41132,1996,0,0,27810
41132,1997,0,0,27994
41132,1998,0,0,28201
41132,1999,0,0,28363
41132,2000,0,0,28495
41132,2001,0,0,28664
41132,2002,0,0,28822
41132,2003,0,0,28971
41132,2004,0,0,29076
41132,2005,0,0,29210
41132,2006,0,0,29370
41132,2007,0,0,29484
41132,2008,0,0,29612
41206,1993,0,0,9182
41206,1994,0,0,9093
41206,1995,0,0,9060
41206,1996,0,0,8982
41206,1997,0,0,8930
41206,1998,0,0,8877
41206,1999,0,0,8818
41206,2000,0,0,8711
41206,2001,0,0,8618
41206,2002,0,0,8526
41206,2003,11.812,1,8466
41206,2004,11.8878,1,8412
41206,2005,0,0,8351
41206,2006,0,0,8263
41206,2007,0,0,8140
41206,2008,0,0,8039
41244,1993,0,0,3172
41244,1994,0,0,3180
41244,1995,0,0,3209
41244,1996,0,0,3252
41244,1997,0,0,3291
41244,1998,0,0,3357
41244,1999,0,0,3424
41244,2000,0,0,3470
41244,2001,0,0,3495
41244,2002,0,0,3531
41244,2003,0,0,3566
41244,2004,0,0,3597
41244,2005,0,0,3647
41244,2006,0,0,3673
41244,2007,0,0,3743
41244,2008,0,0,3737
41298,1993,0,0,49389
41298,1994,0,0,50365
41298,1995,0,0,51346
41298,1996,0,0,52332
41298,1997,0,0,53321
41298,1998,0,0,54291
41298,1999,0,0,55260
41298,2000,0,0,56205
41298,2001,0,0,57142
41298,2002,0,0,58053
41298,2003,0,0,58940
41298,2004,0,0,59819
41298,2005,0,0,60676
41298,2006,0,0,61572
41298,2007,0,0,62437
41298,2008,0,0,63330
41306,1993,0,0,21451
41306,1994,0,0,21570
41306,1995,0,0,21719
41306,1996,0,0,21846
41306,1997,0,0,21987
41306,1998,0,0,22149
41306,1999,0,0,22269
41306,2000,0,0,22395
41306,2001,0,0,22540
41306,2002,0,0,22675
41306,2003,0,0,22767
41306,2004,0,0,22903
41306,2005,0,0,23011
41306,2006,0,0,23113
41306,2007,0,0,23234
41306,2008,0,0,23339
41319,1993,0,0,12742
41319,1994,0,0,12938
41319,1995,0,0,13160
41319,1996,0,0,13384
41319,1997,0,0,13585
41319,1998,0,0,13816
41319,1999,0,0,14027
41319,2000,0,0,14255
41319,2001,0,0,14423
41319,2002,0,0,14617
41319,2003,0,0,14818
41319,2004,0,0,15039
41319,2005,0,0,15193
41319,2006,0,0,15397
41319,2007,0,0,15626
41319,2008,0,0,15831
41349,1993,0,0,5965
41349,1994,0,0,6044
41349,1995,0,0,6101
41349,1996,0,0,6186
41349,1997,0,0,6217
41349,1998,0,0,6248
41349,1999,0,0,6311
41349,2000,0,0,6358
41349,2001,0,0,6412
41349,2002,0,0,6488
41349,2003,0,0,6546
41349,2004,0,0,6605
41349,2005,0,0,6648
41349,2006,0,0,6668
41349,2007,0,0,6735
41349,2008,0,0,6794
41357,1993,0,0,7384
41357,1994,0,0,7436
41357,1995,0,0,7515
41357,1996,0,0,7593
41357,1997,0,0,7706
41357,1998,0,0,7729
41357,1999,0,0,7837
41357,2000,0,0,7923
41357,2001,0,0,7993
41357,2002,0,0,8030
41357,2003,0,0,8109
41357,2004,0,0,8215
41357,2005,0,0,8271
41357,2006,0,0,8346
41357,2007,0,0,8416
41357,2008,0,0,8499
41359,1993,0,0,17353
41359,1994,0,0,17651
41359,1995,0,0,17970
41359,1996,0,0,18274
41359,1997,0,0,18611
41359,1998,0,0,18928
41359,1999,5.1994,1,19233
41359,2000,0,0,19581
41359,2001,0,0,19881
41359,2002,0,0,20228
41359,2003,0,0,20521
41359,2004,0,0,20842
41359,2005,0,0,21115
41359,2006,0,0,21442
41359,2007,0,0,21759
41359,2008,0,0,22064
41378,1993,0,0,8247
41378,1994,0,0,8463
41378,1995,0,0,8675
41378,1996,0,0,8859
41378,1997,0,0,9065
41378,1998,0,0,9263
41378,1999,0,0,9441
41378,2000,0,0,9632
41378,2001,0,0,9803
41378,2002,0,0,9972
41378,2003,0,0,10182
41378,2004,0,0,10333
41378,2005,0,0,10519
41378,2006,0,0,10725
41378,2007,0,0,10908
41378,2008,0,0,11082
41396,1993,0,0,41497
41396,1994,0,0,42290
41396,1995,0,0,43124
41396,1996,0,0,43914
41396,1997,0,0,44738
41396,1998,0,0,45558
41396,1999,0,0,46358
41396,2000,0,0,47189
41396,2001,0,0,47929
41396,2002,0,0,48711
41396,2003,0,0,49490
41396,2004,0,0,50255
41396,2005,0,0,50997
41396,2006,0,0,51720
41396,2007,0,0,52483
41396,2008,0,0,53242
41483,1993,0,0,4925
41483,1994,0,0,4995
41483,1995,0,0,5066
41483,1996,0,0,5152
41483,1997,0,0,5213
41483,1998,0,0,5270
41483,1999,0,0,5321
41483,2000,0,0,5381
41483,2001,0,0,5447
41483,2002,0,0,5515
41483,2003,0,0,5574
41483,2004,0,0,5629
41483,2005,0,0,5675
41483,2006,0,0,5728
41483,2007,0,0,5804
41483,2008,0,0,5835
41503,1993,0,0,7981
41503,1994,0,0,8141
41503,1995,0,0,8270
41503,1996,0,0,8400
41503,1997,0,0,8544
41503,1998,0,0,8713
41503,1999,0,0,8877
41503,2000,0,0,9003
41503,2001,0,0,9140
41503,2002,0,0,9282
41503,2003,0,0,9430
41503,2004,0,0,9583
41503,2005,0,0,9671
41503,2006,0,0,9854
41503,2007,0,0,9984
41503,2008,0,0,10149
41518,1993,0,0,4786
41518,1994,0,0,4931
41518,1995,0,0,4952
41518,1996,0,0,5018
41518,1997,0,0,5105
41518,1998,0,0,5177
41518,1999,0,0,5227
41518,2000,0,0,5300
41518,2001,0,0,5377
41518,2002,0,0,5463
41518,2003,0,0,5527
41518,2004,0,0,5623
41518,2005,0,0,5667
41518,2006,0,0,5715
41518,2007,0,0,5785
41518,2008,0,0,5853
41524,1993,0,0,18499
41524,1994,0,0,18836
41524,1995,0,0,19156
41524,1996,0,0,19517
41524,1997,0,0,19822
41524,1998,0,0,20152
41524,1999,0,0,20475
41524,2000,0,0,20799
41524,2001,0,0,21100
41524,2002,0,0,21407
41524,2003,0,0,21733
41524,2004,0,0,22014
41524,2005,0,0,22320
41524,2006,0,0,22626
41524,2007,0,0,22893
41524,2008,0,0,23199
41530,1993,0,0,7254
41530,1994,0,0,7386
41530,1995,0,0,7543
41530,1996,0,0,7707
41530,1997,0,0,7872
41530,1998,0,0,8009
41530,1999,0,0,8160
41530,2000,0,0,8311
41530,2001,0,0,8470
41530,2002,0,0,8635
41530,2003,0,0,8795
41530,2004,0,0,8952
41530,2005,0,0,9042
41530,2006,0,0,9236
41530,2007,0,0,9405
41530,2008,0,0,9564
41548,1993,0,0,11102
41548,1994,0,0,11200
41548,1995,0,0,11285
41548,1996,0,0,11408
41548,1997,0,0,11533
41548,1998,0,0,11633
41548,1999,0,0,11741
41548,2000,0,0,11877
41548,2001,0,0,11985
41548,2002,0,0,12071
41548,2003,0,0,12191
41548,2004,0,0,12289
41548,2005,0,0,12362
41548,2006,0,0,12468
41548,2007,0,0,12576
41548,2008,0,0,12691
41551,1993,0,0,70826
41551,1994,0,0,73092
41551,1995,0,0,75376
41551,1996,0,0,77645
41551,1997,0,0,79896
41551,1998,0,0,82126
41551,1999,0,0,84339
41551,2000,0,0,86530
41551,2001,0,0,88708
41551,2002,0,0,90851
41551,2003,0,0,92938
41551,2004,0,0,95021
41551,2005,0,0,97084
41551,2006,0,0,99157
41551,2007,0,0,101217
41551,2008,0,0,103301
41615,1993,0,0,14679
41615,1994,0,0,15071
41615,1995,0,0,15465
41615,1996,0,0,15889
41615,1997,0,0,16255
41615,1998,0,0,16610
41615,1999,0,0,17032
41615,2000,0,0,17429
41615,2001,5.6151,1,17809
41615,2002,0,0,18208
41615,2003,0,0,18601
41615,2004,0,0,18982
41615,2005,0,0,19341
41615,2006,0,0,19718
41615,2007,0,0,20092
41615,2008,0,0,20465
41660,1993,0,0,8068
41660,1994,0,0,8120
41660,1995,0,0,8236
41660,1996,0,0,8326
41660,1997,0,0,8419
41660,1998,0,0,8534
41660,1999,0,0,8614
41660,2000,0,0,8711
41660,2001,0,0,8821
41660,2002,0,0,8910
41660,2003,0,0,9013
41660,2004,0,0,9097
41660,2005,0,0,9185
41660,2006,0,0,9254
41660,2007,0,0,9366
41660,2008,0,0,9480
41668,1993,0,0,23938
41668,1994,0,0,24292
41668,1995,0,0,24677
41668,1996,0,0,25041
41668,1997,0,0,25418
41668,1998,0,0,25809
41668,1999,0,0,26183
41668,2000,0,0,26556
41668,2001,0,0,26911
41668,2002,0,0,27274
41668,2003,0,0,27635
41668,2004,0,0,27984
41668,2005,0,0,28335
41668,2006,0,0,28686
41668,2007,0,0,29018
41668,2008,0,0,29371
41676,1993,0,0,8935
41676,1994,0,0,8960
41676,1995,0,0,9018
41676,1996,0,0,9064
41676,1997,0,0,9122
41676,1998,0,0,9194
41676,1999,0,0,9288
41676,2000,0,0,9358
41676,2001,0,0,9443
41676,2002,0,0,9488
41676,2003,0,0,9523
41676,2004,0,0,9573
41676,2005,0,0,9625
41676,2006,0,0,9697
41676,2007,0,0,9790
41676,2008,0,0,9834
41770,1993,0,0,11600
41770,1994,0,0,11968
41770,1995,0,0,12376
41770,1996,0,0,12762
41770,1997,0,0,13185
41770,1998,0,0,13606
41770,1999,0,0,14021
41770,2000,0,0,14434
41770,2001,0,0,14836
41770,2002,0,0,15240
41770,2003,0,0,15645
41770,2004,0,0,16033
41770,2005,0,0,16457
41770,2006,0,0,16834
41770,2007,0,0,17239
41770,2008,0,0,17650
41791,1993,0,0,13102
41791,1994,0,0,13272
41791,1995,0,0,13462
41791,1996,0,0,13643
41791,1997,0,0,13819
41791,1998,0,0,13991
41791,1999,0,0,14165
41791,2000,0,0,14359
41791,2001,0,0,14547
41791,2002,0,0,14701
41791,2003,0,0,14877
41791,2004,0,0,15052
41791,2005,0,0,15225
41791,2006,0,0,15382
41791,2007,0,0,15521
41791,2008,0,0,15685
41797,1993,0,0,8005
41797,1994,0,0,8073
41797,1995,0,0,8171
41797,1996,0,0,8304
41797,1997,0,0,8402
41797,1998,0,0,8566
41797,1999,0,0,8702
41797,2000,0,0,8794
41797,2001,0,0,8894
41797,2002,0,0,8979
41797,2003,0,0,9106
41797,2004,0,0,9201
41797,2005,0,0,9304
41797,2006,0,0,9426
41797,2007,0,0,9529
41797,2008,0,0,9602
41799,1993,0,0,11121
41799,1994,0,0,11163
41799,1995,0,0,11222
41799,1996,0,0,11251
41799,1997,0,0,11283
41799,1998,0,0,11309
41799,1999,0,0,11341
41799,2000,0,0,11392
41799,2001,0,0,11419
41799,2002,0,0,11448
41799,2003,0,0,11462
41799,2004,0,0,11492
41799,2005,0,0,11497
41799,2006,0,0,11542
41799,2007,0,0,11562
41799,2008,0,0,11582
41801,1993,0,0,6957
41801,1994,0,0,7026
41801,1995,0,0,7084
41801,1996,0,0,7137
41801,1997,0,0,7188
41801,1998,0,0,7249
41801,1999,0,0,7327
41801,2000,0,0,7345
41801,2001,0,0,7407
41801,2002,0,0,7445
41801,2003,0,0,7473
41801,2004,0,0,7493
41801,2005,0,0,7489
41801,2006,0,0,7612
41801,2007,0,0,7582
41801,2008,0,0,7622
41807,1993,0,0,17170
41807,1994,0,0,17346
41807,1995,0,0,17551
41807,1996,0,0,17733
41807,1997,0,0,17909
41807,1998,0,0,18112
41807,1999,0,0,18296
41807,2000,0,0,18471
41807,2001,0,0,18673
41807,2002,0,0,18855
41807,2003,0,0,19026
41807,2004,0,0,19231
41807,2005,0,0,19396
41807,2006,0,0,19564
41807,2007,0,0,19751
41807,2008,0,0,19957
41872,1993,0,0,7055
41872,1994,0,0,7054
41872,1995,0,0,7044
41872,1996,0,0,7065
41872,1997,0,0,7088
41872,1998,0,0,7119
41872,1999,0,0,7105
41872,2000,0,0,7090
41872,2001,0,0,7106
41872,2002,0,0,7112
41872,2003,0,0,7145
41872,2004,0,0,7115
41872,2005,0,0,7157
41872,2006,0,0,7170
41872,2007,0,0,7188
41872,2008,0,0,7175
41885,1993,0,0,5978
41885,1994,0,0,6056
41885,1995,0,0,6130
41885,1996,0,0,6235
41885,1997,0,0,6329
41885,1998,0,0,6423
41885,1999,0,0,6477
41885,2000,0,0,6560
41885,2001,0,0,6654
41885,2002,0,0,6698
41885,2003,0,0,6760
41885,2004,0,0,6851
41885,2005,0,0,6914
41885,2006,0,0,6962
41885,2007,0,0,7027
41885,2008,0,0,7088
44001,1993,0,0,125484
44001,1994,0,0,128543
44001,1995,0,0,129832
44001,1996,0,0,123743
44001,1997,0,0,127654
44001,1998,0,0,131326
44001,1999,0,0,133973
44001,2000,0,0,134226
44001,2001,0,0,135869
44001,2002,0.7321,1,136588
44001,2003,0.7316,1,136682
44001,2004,0.7315,1,136704
44001,2005,0,0,137204
44001,2006,0,0,138725
44001,2007,0,0,140977
44001,2008,0,0,143929
44035,2000,0,0,15685
44035,2001,0,0,16488
44035,2002,0,0,17302
44035,2003,0,0,18152
44035,2004,0,0,18868
44035,2005,0,0,19517
44035,2006,0,0,20172
44035,2007,0,0,20815
44035,2008,0,0,21432
44078,1993,0,0,24823
44078,1994,0,0,25372
44078,1995,0,0,18540
44078,1996,0,0,19071
44078,1997,0,0,19743
44078,1998,0,0,20408
44078,1999,0,0,21034
44078,2000,0,0,21560
44078,2001,0,0,22281
44078,2002,0,0,23011
44078,2003,0,0,23755
44078,2004,0,0,24492
44078,2005,0,0,25203
44078,2006,0,0,25920
44078,2007,0,0,26619
44078,2008,0,0,27346
44090,1996,0,0,9537
44090,1997,0,0,10315
44090,1998,0,0,11157
44090,1999,0,0,12238
44090,2000,7.3073,1,13685
44090,2001,0,0,15226
44090,2002,0,0,17113
44090,2003,10.4335,2,19169
44090,2004,4.719,1,21191
44090,2005,0,0,23028
44090,2006,0,0,24611
44090,2007,0,0,26007
44090,2008,0,0,27155
44098,1996,0,0,9608
44098,1997,0,0,9664
44098,1998,0,0,9758
44098,1999,0,0,9904
44098,2000,0,0,10078
44098,2001,0,0,10349
44098,2002,0,0,10635
44098,2003,9.15,1,10929
44098,2004,0,0,11219
44098,2005,0,0,11397
44098,2006,0,0,11530
44098,2007,0,0,11633
44098,2008,0,0,11702
44110,1993,0,0,8099
44110,1994,0,0,8144
44110,1995,0,0,8079
44110,1996,0,0,7996
44110,1997,0,0,8063
44110,1998,0,0,8071
44110,1999,0,0,8038
44110,2000,0,0,7799
44110,2001,0,0,7712
44110,2002,0,0,7497
44110,2003,0,0,7205
44110,2004,0,0,6939
44110,2005,0,0,6697
44110,2006,0,0,6533
44110,2007,0,0,6488
44110,2008,0,0,6444
44279,1993,0,0,40938
44279,1994,0,0,41736
44279,1995,0,0,42020
44279,1996,0,0,35399
44279,1997,0,0,36166
44279,1998,0,0,36894
44279,1999,0,0,37220
44279,2000,0,0,36695
44279,2001,0,0,36537
44279,2002,0,0,36050
44279,2003,0,0,35233
44279,2004,0,0,34462
44279,2005,0,0,33838
44279,2006,0,0,33618
44279,2007,0,0,33753
44279,2008,0,0,34116
44378,1999,0,0,13234
44378,2000,0,0,13554
44378,2001,0,0,13910
44378,2002,0,0,14270
44378,2003,0,0,14589
44378,2004,0,0,14869
44378,2005,0,0,15105
44378,2006,0,0,15353
44378,2007,0,0,15616
44378,2008,0,0,15892
44420,1999,0,0,2764
44420,2000,0,0,2773
44420,2001,0,0,2811
44420,2002,0,0,2754
44420,2003,0,0,2744
44420,2004,0,0,2703
44420,2005,0,0,2728
44420,2006,0,0,2745
44420,2007,0,0,2761
44420,2008,0,0,2825
44430,1993,0,0,121128
44430,1994,0,0,124277
44430,1995,0,0,125654
44430,1996,0,0,127175
44430,1997,0,0,129724
44430,1998,0,0,132213
44430,1999,0,0,133993
44430,2000,0,0,123578
44430,2001,0,0,124686
44430,2002,0,0,125155
44430,2003,0.7984,1,125250
44430,2004,1.5947,2,125417
44430,2005,0,0,125992
44430,2006,0,0,127518
44430,2007,0,0,129655
44430,2008,0,0,132319
44560,1993,0,0,26853
44560,1994,0,0,28109
44560,1995,0,0,29656
44560,1996,0,0,30989
44560,1997,0,0,32124
44560,1998,0,0,33486
44560,1999,0,0,35290
44560,2000,0,0,37988
44560,2001,0,0,40930
44560,2002,0,0,44578
44560,2003,0,0,48691
44560,2004,0,0,52816
44560,2005,0,0,56484
44560,2006,0,0,59582
44560,2007,0,0,62094
44560,2008,0,0,64267
44650,1993,0,0,41467
44650,1994,0,0,41867
44650,1995,0,0,41821
44650,1996,0,0,41813
44650,1997,0,0,42128
44650,1998,0,0,42459
44650,1999,0,0,42666
44650,2000,0,0,42297
44650,2001,0,0,42314
44650,2002,7.1169,3,42153
44650,2003,4.7839,2,41807
44650,2004,12.0592,5,41462
44650,2005,0,0,41147
44650,2006,0,0,41043
44650,2007,0,0,41075
44650,2008,0,0,41295
44847,1993,0,0,49532
44847,1994,0,0,51664
44847,1995,0,0,54756
44847,1996,0,0,57355
44847,1997,0,0,59392
44847,1998,0,0,61933
44847,1999,0,0,65575
44847,2000,0,0,71395
44847,2001,0,0,77612
44847,2002,0,0,85570
44847,2003,0,0,94606
44847,2004,1.9295,2,103653
44847,2005,0,0,111677
44847,2006,0,0,118214
44847,2007,0,0,123425
44847,2008,0,0,127751
44855,1993,0,0,13742
44855,1994,0,0,13903
44855,1995,0,0,13946
44855,1996,0,0,13976
44855,1997,0,0,14078
44855,1998,0,0,14219
44855,1999,0,0,12811
44855,2000,0,0,12527
44855,2001,0,0,12383
44855,2002,8.2699,1,12092
44855,2003,8.4976,1,11768
44855,2004,0,0,11409
44855,2005,0,0,11065
44855,2006,0,0,10808
44855,2007,0,0,10696
44855,2008,0,0,10559
44874,1993,0,0,28102
44874,1994,0,0,28627
44874,1995,0,0,28484
44874,1996,0,0,28515
44874,1997,0,0,28886
44874,1998,0,0,29183
44874,1999,0,0,29253
44874,2000,0,0,28582
44874,2001,0,0,28145
44874,2002,0,0,27414
44874,2003,0,0,26430
44874,2004,0,0,25489
44874,2005,0,0,24636
44874,2006,0,0,24198
44874,2007,0,0,24024
44874,2008,0,0,24061
47001,1993,0,0,306021
47001,1994,0,0,317402
47001,1995,0,0,328119
47001,1996,0,0,331323
47001,1997,0,0,341575
47001,1998,0,0,350402
47001,1999,0,0,353165
47001,2000,0.8546,3,351041
47001,2001,0,0,363433
47001,2002,1.0774,4,371261
47001,2003,0,0,379029
47001,2004,0.2585,1,386883
47001,2005,0.2534,1,394687
47001,2006,0.4966,2,402708
47001,2007,0,0,410646
47001,2008,0,0,418511
47030,1999,0,0,10861
47030,2000,0,0,10844
47030,2001,0,0,11048
47030,2002,0,0,11294
47030,2003,0,0,11538
47030,2004,0,0,11796
47030,2005,0,0,12052
47030,2006,0,0,12308
47030,2007,0,0,12560
47030,2008,0,0,12803
47053,1993,0,0,38906
47053,1994,0,0,39173
47053,1995,0,0,39490
47053,1996,0,0,29513
47053,1997,0,0,29811
47053,1998,0,0,30224
47053,1999,0,0,30523
47053,2000,0,0,30379
47053,2001,0,0,30649
47053,2002,0,0,31131
47053,2003,0,0,31612
47053,2004,0,0,32122
47053,2005,0,0,32619
47053,2006,0,0,33157
47053,2007,0,0,33691
47053,2008,0,0,34235
47058,1993,0,0,25490
47058,1994,0,0,25534
47058,1995,0,0,25594
47058,1996,0,0,25672
47058,1997,0,0,25773
47058,1998,0,0,25959
47058,1999,0,0,26794
47058,2000,3.774,1,26497
47058,2001,3.7766,1,26479
47058,2002,0,0,26685
47058,2003,0,0,26898
47058,2004,0,0,27119
47058,2005,0,0,27337
47058,2006,0,0,27569
47058,2007,0,0,27798
47058,2008,0,0,28049
47161,1993,0,0,14430
47161,1994,0,0,14088
47161,1995,0,0,13800
47161,1996,0,0,13659
47161,1997,0,0,13381
47161,1998,0,0,13200
47161,1999,0,0,8078
47161,2000,0,0,7999
47161,2001,0,0,8033
47161,2002,0,0,8096
47161,2003,0,0,8203
47161,2004,0,0,8293
47161,2005,0,0,8405
47161,2006,0,0,8513
47161,2007,0,0,8579
47161,2008,0,0,8701
47170,1993,0,0,13992
47170,1994,0,0,14325
47170,1995,0,0,14670
47170,1996,0,0,14957
47170,1997,0,0,15301
47170,1998,0,0,15699
47170,1999,0,0,13544
47170,2000,0,0,13645
47170,2001,0,0,14038
47170,2002,0,0,14438
47170,2003,0,0,14898
47170,2004,0,0,15297
47170,2005,0,0,15720
47170,2006,0,0,16168
47170,2007,0,0,16631
47170,2008,0,0,17078
47189,1993,0,0,137194
47189,1994,0,0,138613
47189,1995,0,0,140096
47189,1996,0,0,141221
47189,1997,0,0,142777
47189,1998,0,0,144648
47189,1999,0,0,146370
47189,2000,1.8568,2,107712
47189,2001,0.9181,1,108917
47189,2002,0,0,109595
47189,2003,0,0,110274
47189,2004,0,0,110976
47189,2005,0,0,111663
47189,2006,0.8898,1,112382
47189,2007,0,0,113116
47189,2008,0,0,113785
47205,1999,0,0,9028
47205,2000,0,0,8923
47205,2001,0,0,8894
47205,2002,0,0,8947
47205,2003,0,0,9026
47205,2004,0,0,9074
47205,2005,0,0,9202
47205,2006,0,0,9296
47205,2007,0,0,9428
47205,2008,0,0,9490
47245,1993,0,0,48379
47245,1994,0,0,48941
47245,1995,0,0,49499
47245,1996,0,0,49687
47245,1997,0,0,50239
47245,1998,0,0,50870
47245,1999,0,0,51212
47245,2000,1.9691,1,50784
47245,2001,0,0,51398
47245,2002,0,0,52120
47245,2003,0,0,52849
47245,2004,0,0,53597
47245,2005,0,0,54393
47245,2006,0,0,55209
47245,2007,0,0,56008
47245,2008,0,0,56817
47258,1993,0,0,15397
47258,1994,0,0,15546
47258,1995,0,0,15752
47258,1996,0,0,16130
47258,1997,0,0,16353
47258,1998,0,0,16654
47258,1999,0,0,17213
47258,2000,0,0,15359
47258,2001,0,0,15376
47258,2002,0,0,15726
47258,2003,0,0,16079
47258,2004,0,0,16463
47258,2005,0,0,16864
47258,2006,0,0,17237
47258,2007,0,0,17633
47258,2008,0,0,18069
47268,1996,0,0,14850
47268,1997,0,0,15079
47268,1998,0,0,15293
47268,1999,0,0,15405
47268,2000,0,0,15275
47268,2001,0,0,15557
47268,2002,0,0,15783
47268,2003,0,0,16025
47268,2004,0,0,16272
47268,2005,0,0,16503
47268,2006,0,0,16735
47268,2007,0,0,16994
47268,2008,0,0,17239
47288,1993,0,0,50236
47288,1994,0,0,51179
47288,1995,0,0,52062
47288,1996,0,0,52032
47288,1997,1.891,1,52882
47288,1998,0,0,53592
47288,1999,0,0,50996
47288,2000,7.9332,4,50421
47288,2001,1.9318,1,51764
47288,2002,5.7078,3,52560
47288,2003,5.6207,3,53374
47288,2004,0,0,54211
47288,2005,3.637,2,54990
47288,2006,0,0,55839
47288,2007,0,0,56697
47288,2008,1.738,1,57537
47318,1993,0,0,22200
47318,1994,0,0,21935
47318,1995,0,0,21758
47318,1996,0,0,21856
47318,1997,0,0,21741
47318,1998,0,0,21785
47318,1999,0,0,22057
47318,2000,0,0,22006
47318,2001,0,0,21710
47318,2002,0,0,21942
47318,2003,0,0,22199
47318,2004,0,0,22451
47318,2005,0,0,22736
47318,2006,0,0,23045
47318,2007,0,0,23314
47318,2008,0,0,23568
47460,2000,0,0,11482
47460,2001,0,0,11678
47460,2002,0,0,12101
47460,2003,0,0,12519
47460,2004,0,0,12967
47460,2005,0,0,13402
47460,2006,0,0,13845
47460,2007,0,0,14301
47460,2008,0,0,14748
47541,1993,0,0,11358
47541,1994,0,0,11098
47541,1995,0,0,10882
47541,1996,0,0,10841
47541,1997,0,0,10706
47541,1998,0,0,10628
47541,1999,0,0,8103
47541,2000,0,0,6937
47541,2001,0,0,6892
47541,2002,14.3184,1,6984
47541,2003,0,0,7099
47541,2004,0,0,7227
47541,2005,0,0,7351
47541,2006,0,0,7484
47541,2007,0,0,7624
47541,2008,0,0,7780
47545,1996,0,0,11743
47545,1997,0,0,11664
47545,1998,0,0,11618
47545,1999,0,0,11629
47545,2000,0,0,11444
47545,2001,0,0,11328
47545,2002,0,0,11352
47545,2003,0,0,11338
47545,2004,0,0,11394
47545,2005,0,0,11447
47545,2006,0,0,11475
47545,2007,0,0,11535
47545,2008,0,0,11611
47551,1993,0,0,39579
47551,1994,0,0,39773
47551,1995,0,0,40052
47551,1996,0,0,40587
47551,1997,0,0,40920
47551,1998,0,0,41446
47551,1999,0,0,29443
47551,2000,3.4179,1,29258
47551,2001,0,0,29479
47551,2002,3.3483,1,29866
47551,2003,0,0,30281
47551,2004,0,0,30682
47551,2005,0,0,31127
47551,2006,0,0,31575
47551,2007,0,0,32038
47551,2008,0,0,32520
47555,1993,0,0,61786
47555,1994,0,0,61516
47555,1995,0,0,61355
47555,1996,0,0,60994
47555,1997,0,0,60870
47555,1998,0,0,60905
47555,1999,0,0,60744
47555,2000,0,0,45108
47555,2001,0,0,46235
47555,2002,0,0,47061
47555,2003,0,0,47880
47555,2004,0,0,48715
47555,2005,2.0166,1,49588
47555,2006,0,0,50468
47555,2007,0,0,51377
47555,2008,0,0,52259
47570,1993,0,0,16902
47570,1994,0,0,17103
47570,1995,0,0,17376
47570,1996,0,0,17751
47570,1997,0,0,18019
47570,1998,0,0,18419
47570,1999,0,0,18949
47570,2000,0,0,19166
47570,2001,0,0,19320
47570,2002,0,0,19814
47570,2003,0,0,20349
47570,2004,0,0,20890
47570,2005,0,0,21464
47570,2006,0,0,22045
47570,2007,0,0,22630
47570,2008,0,0,23220
47605,1993,0,0,10300
47605,1994,0,0,10257
47605,1995,0,0,10218
47605,1996,0,0,10223
47605,1997,0,0,10250
47605,1998,0,0,10264
47605,1999,0,0,10270
47605,2000,0,0,10158
47605,2001,0,0,10132
47605,2002,0,0,10225
47605,2003,0,0,10301
47605,2004,0,0,10403
47605,2005,0,0,10438
47605,2006,0,0,10569
47605,2007,0,0,10641
47605,2008,0,0,10712
47660,1999,0,0,11267
47660,2000,0,0,11324
47660,2001,0,0,11256
47660,2002,0,0,11493
47660,2003,0,0,11692
47660,2004,0,0,11943
47660,2005,0,0,12148
47660,2006,0,0,12392
47660,2007,0,0,12634
47660,2008,0,0,12899
47675,1993,0,0,8208
47675,1994,0,0,8296
47675,1995,0,0,8399
47675,1996,0,0,8400
47675,1997,0,0,8503
47675,1998,0,0,8587
47675,1999,0,0,8645
47675,2000,0,0,8540
47675,2001,0,0,8634
47675,2002,0,0,8750
47675,2003,0,0,8844
47675,2004,0,0,8950
47675,2005,0,0,9097
47675,2006,0,0,9235
47675,2007,0,0,9350
47675,2008,0,0,9450
47692,1993,0,0,13977
47692,1994,0,0,13882
47692,1995,0,0,13874
47692,1996,0,0,14054
47692,1997,0,0,14065
47692,1998,0,0,14192
47692,1999,0,0,14505
47692,2000,0,0,14536
47692,2001,0,0,14473
47692,2002,0,0,14700
47692,2003,0,0,14940
47692,2004,0,0,15230
47692,2005,0,0,15494
47692,2006,0,0,15786
47692,2007,0,0,16082
47692,2008,0,0,16369
47703,1993,0,0,7719
47703,1994,0,0,7647
47703,1995,0,0,7649
47703,1996,0,0,7810
47703,1997,0,0,7780
47703,1998,0,0,7854
47703,1999,0,0,8070
47703,2000,0,0,8145
47703,2001,0,0,8084
47703,2002,0,0,8234
47703,2003,0,0,8432
47703,2004,0,0,8577
47703,2005,0,0,8770
47703,2006,0,0,8966
47703,2007,0,0,9138
47703,2008,0,0,9322
47707,1993,0,0,29188
47707,1994,0,0,29152
47707,1995,0,0,29189
47707,1996,0,0,21046
47707,1997,0,0,21583
47707,1998,0,0,22197
47707,1999,0,0,22974
47707,2000,0,0,35379
47707,2001,0,0,34115
47707,2002,0,0,33707
47707,2003,0,0,33288
47707,2004,0,0,32900
47707,2005,0,0,32503
47707,2006,0,0,32083
47707,2007,0,0,31667
47707,2008,0,0,31190
47720,2000,0,0,11227
47720,2001,0,0,11147
47720,2002,0,0,11106
47720,2003,0,0,11060
47720,2004,0,0,11038
47720,2005,0,0,10973
47720,2006,0,0,10930
47720,2007,0,0,10895
47720,2008,0,0,10861
47745,1993,0,0,18884
47745,1994,0,0,19087
47745,1995,0,0,19285
47745,1996,0,0,19461
47745,1997,0,0,19660
47745,1998,0,0,19917
47745,1999,0,0,20164
47745,2000,0,0,20125
47745,2001,0,0,20303
47745,2002,0,0,20631
47745,2003,0,0,21016
47745,2004,0,0,21323
47745,2005,0,0,21720
47745,2006,0,0,22095
47745,2007,0,0,22493
47745,2008,0,0,22897
47798,1993,0,0,16633
47798,1994,0,0,16435
47798,1995,0,0,16280
47798,1996,0,0,16266
47798,1997,0,0,16143
47798,1998,0,0,16093
47798,1999,0,0,16201
47798,2000,0,0,11828
47798,2001,0,0,11746
47798,2002,0,0,11788
47798,2003,0,0,11864
47798,2004,0,0,11944
47798,2005,0,0,12025
47798,2006,0,0,12105
47798,2007,0,0,12185
47798,2008,0,0,12293
47960,2000,0,0,7930
47960,2001,0,0,7850
47960,2002,0,0,7950
47960,2003,0,0,8095
47960,2004,0,0,8157
47960,2005,0,0,8317
47960,2006,0,0,8440
47960,2007,0,0,8571
47960,2008,0,0,8675
47980,2000,0,0,38874
47980,2001,0,0,38843
47980,2002,0,0,40232
47980,2003,0,0,41647
47980,2004,0,0,43182
47980,2005,0,0,44716
47980,2006,0,0,46378
47980,2007,0,0,48041
47980,2008,0,0,49734
50001,1993,0,0,244620
50001,1994,0,0,257399
50001,1995,0,0,268020
50001,1996,0,0,279195
50001,1997,0,0,291228
50001,1998,0,0,304027
50001,1999,0,0,317617
50001,2000,0,0,331663
50001,2001,0,0,345880
50001,2002,0,0,359715
50001,2003,0,0,372957
50001,2004,1.037,4,385719
50001,2005,0.5021,2,398309
50001,2006,0.2437,1,410314
50001,2007,0,0,421747
50001,2008,0,0,432864
50006,1993,0,0,38396
50006,1994,0,0,40386
50006,1995,0,0,42355
50006,1996,0,0,44355
50006,1997,0,0,46394
50006,1998,0,0,48466
50006,1999,0,0,50521
50006,2000,0,0,52622
50006,2001,0,0,54765
50006,2002,1.7586,1,56865
50006,2003,3.3919,2,58964
50006,2004,0,0,61101
50006,2005,0,0,63217
50006,2006,0,0,65336
50006,2007,0,0,67387
50006,2008,0,0,69419
50110,1993,0,0,2316
50110,1994,0,0,2388
50110,1995,0,0,2544
50110,1996,0,0,2758
50110,1997,0,0,2864
50110,1998,0,0,3021
50110,1999,0,0,3246
50110,2000,0,0,3426
50110,2001,0,0,3551
50110,2002,0,0,3695
50110,2003,0,0,3837
50110,2004,0,0,4027
50110,2005,0,0,4203
50110,2006,0,0,4392
50110,2007,0,0,4616
50110,2008,0,0,4766
50124,1993,0,0,2982
50124,1994,0,0,3105
50124,1995,0,0,3289
50124,1996,0,0,3409
50124,1997,0,0,3470
50124,1998,0,0,3587
50124,1999,0,0,3700
50124,2000,26.3574,1,3794
50124,2001,0,0,3840
50124,2002,0,0,3936
50124,2003,0,0,4058
50124,2004,0,0,4181
50124,2005,0,0,4307
50124,2006,0,0,4448
50124,2007,0,0,4567
50124,2008,0,0,4729
50150,1993,0,0,5903
50150,1994,0,0,6182
50150,1995,0,0,6580
50150,1996,0,0,6892
50150,1997,0,0,7233
50150,1998,0,0,7557
50150,1999,0,0,7797
50150,2000,0,0,8079
50150,2001,0,0,8351
50150,2002,0,0,8578
50150,2003,0,0,8917
50150,2004,0,0,9217
50150,2005,10.4668,1,9554
50150,2006,0,0,9904
50150,2007,0,0,10267
50150,2008,0,0,10634
50223,1993,0,0,4177
50223,1994,0,0,4276
50223,1995,0,0,4395
50223,1996,0,0,4501
50223,1997,0,0,4643
50223,1998,0,0,4714
50223,1999,0,0,4861
50223,2000,0,0,4942
50223,2001,0,0,5054
50223,2002,0,0,5100
50223,2003,0,0,5236
50223,2004,0,0,5361
50223,2005,0,0,5453
50223,2006,0,0,5601
50223,2007,0,0,5736
50223,2008,0,0,5824
50226,1993,0,0,12718
50226,1994,0,0,13126
50226,1995,0,0,13525
50226,1996,0,0,13947
50226,1997,0,0,14354
50226,1998,0,0,14758
50226,1999,0,0,15156
50226,2000,0,0,15483
50226,2001,0,0,15878
50226,2002,0,0,16301
50226,2003,0,0,16712
50226,2004,5.8497,1,17095
50226,2005,0,0,17570
50226,2006,0,0,18001
50226,2007,0,0,18444
50226,2008,0,0,18872
50245,1993,0,0,2533
50245,1994,0,0,2503
50245,1995,0,0,2483
50245,1996,0,0,2472
50245,1997,0,0,2365
50245,1998,0,0,2322
50245,1999,0,0,2254
50245,2000,0,0,2230
50245,2001,0,0,2173
50245,2002,0,0,2102
50245,2003,0,0,2040
50245,2004,0,0,1999
50245,2005,0,0,2001
50245,2006,0,0,1995
50245,2007,0,0,1956
50245,2008,0,0,1959
50251,1993,0,0,9000
50251,1994,0,0,8846
50251,1995,0,0,8900
50251,1996,0,0,8884
50251,1997,0,0,8860
50251,1998,0,0,8761
50251,1999,0,0,8628
50251,2000,0,0,8453
50251,2001,0,0,8306
50251,2002,36.7692,3,8159
50251,2003,0,0,8056
50251,2004,49.7698,4,8037
50251,2005,0,0,8027
50251,2006,12.5219,1,7986
50251,2007,0,0,8039
50251,2008,0,0,8037
50270,1993,0,0,2734
50270,1994,0,0,2735
50270,1995,0,0,2878
50270,1996,0,0,2909
50270,1997,0,0,2964
50270,1998,0,0,2983
50270,1999,0,0,2988
50270,2000,0,0,3032
50270,2001,0,0,3007
50270,2002,0,0,3007
50270,2003,66.2032,2,3021
50270,2004,0,0,3065
50270,2005,0,0,3106
50270,2006,0,0,3171
50270,2007,0,0,3231
50270,2008,0,0,3271
50287,1993,0,0,5675
50287,1994,0,0,5918
50287,1995,0,0,6134
50287,1996,0,0,6440
50287,1997,0,0,6694
50287,1998,0,0,6970
50287,1999,0,0,7192
50287,2000,0,0,7454
50287,2001,0,0,7666
50287,2002,0,0,7951
50287,2003,24.3813,2,8203
50287,2004,0,0,8426
50287,2005,0,0,8676
50287,2006,0,0,8973
50287,2007,0,0,9259
50287,2008,0,0,9523
50313,1993,0,0,37228
50313,1994,0,0,38531
50313,1995,0,0,39783
50313,1996,0,0,41058
50313,1997,0,0,42392
50313,1998,0,0,43751
50313,1999,2.2143,1,45160
50313,2000,2.147,1,46577
50313,2001,0,0,48053
50313,2002,2.0191,1,49528
50313,2003,0,0,50925
50313,2004,1.9104,1,52344
50313,2005,1.86,1,53762
50313,2006,0,0,55118
50313,2007,0,0,56420
50313,2008,0,0,57695
50318,1993,0,0,9039
50318,1994,0,0,9242
50318,1995,0,0,9464
50318,1996,0,0,9692
50318,1997,0,0,9911
50318,1998,0,0,10100
50318,1999,0,0,10284
50318,2000,0,0,10495
50318,2001,0,0,10665
50318,2002,0,0,10896
50318,2003,0,0,11075
50318,2004,0,0,11272
50318,2005,8.6889,1,11509
50318,2006,0,0,11729
50318,2007,0,0,11944
50318,2008,0,0,12173
50325,1993,0,0,7336
50325,1994,0,0,7197
50325,1995,0,0,7250
50325,1996,0,0,7258
50325,1997,0,0,7211
50325,1998,0,0,7164
50325,1999,14.0825,1,7101
50325,2000,14.3451,1,6971
50325,2001,14.5836,1,6857
50325,2002,14.8104,1,6752
50325,2003,0,0,6683
50325,2004,0,0,6645
50325,2005,14.9477,1,6690
50325,2006,0,0,6695
50325,2007,0,0,6745
50325,2008,0,0,6784
50330,1993,0,0,10806
50330,1994,0,0,10705
50330,1995,0,0,10780
50330,1996,0,0,10829
50330,1997,0,0,10855
50330,1998,0,0,10802
50330,1999,0,0,10700
50330,2000,0,0,10605
50330,2001,0,0,10527
50330,2002,0,0,10423
50330,2003,0,0,10438
50330,2004,0,0,10446
50330,2005,0,0,10470
50330,2006,0,0,10533
50330,2007,0,0,10601
50330,2008,0,0,10678
50350,1993,0,0,10499
50350,1994,0,0,11036
50350,1995,0,0,11798
50350,1996,0,0,12519
50350,1997,0,0,13193
50350,1998,0,0,13733
50350,1999,0,0,14235
50350,2000,0,0,14635
50350,2001,0,0,15015
50350,2002,0,0,15430
50350,2003,0,0,15894
50350,2004,0,0,16504
50350,2005,0,0,17134
50350,2006,5.6032,1,17847
50350,2007,0,0,18579
50350,2008,0,0,19311
50370,1993,0,0,7649
50370,1994,0,0,7618
50370,1995,0,0,7724
50370,1996,0,0,7815
50370,1997,0,0,7892
50370,1998,0,0,7888
50370,1999,0,0,7876
50370,2000,0,0,7806
50370,2001,0,0,7765
50370,2002,0,0,7692
50370,2003,0,0,7680
50370,2004,0,0,7718
50370,2005,0,0,7840
50370,2006,0,0,7946
50370,2007,0,0,8043
50370,2008,0,0,8174
50400,1993,0,0,10099
50400,1994,0,0,10078
50400,1995,0,0,10147
50400,1996,0,0,10251
50400,1997,0,0,10292
50400,1998,9.7012,1,10308
50400,1999,0,0,10303
50400,2000,0,0,10226
50400,2001,0,0,10186
50400,2002,0,0,10143
50400,2003,0,0,10214
50400,2004,0,0,10249
50400,2005,0,0,10316
50400,2006,0,0,10365
50400,2007,0,0,10480
50400,2008,0,0,10603
50450,1993,0,0,7589
50450,1994,0,0,7555
50450,1995,0,0,7618
50450,1996,0,0,7654
50450,1997,0,0,7695
50450,1998,0,0,7709
50450,1999,0,0,7662
50450,2000,13.0548,1,7660
50450,2001,0,0,7579
50450,2002,13.2802,1,7530
50450,2003,26.6028,2,7518
50450,2004,0,0,7590
50450,2005,0,0,7669
50450,2006,0,0,7703
50450,2007,0,0,7775
50450,2008,0,0,7847
50568,1993,0,0,14262
50568,1994,0,0,15277
50568,1995,0,0,16405
50568,1996,0,0,17556
50568,1997,0,0,18644
50568,1998,0,0,19664
50568,1999,4.841,1,20657
50568,2000,4.6395,1,21554
50568,2001,4.4478,1,22483
50568,2002,0,0,23482
50568,2003,0,0,24468
50568,2004,15.6752,4,25518
50568,2005,3.7557,1,26626
50568,2006,0,0,27795
50568,2007,0,0,28972
50568,2008,0,0,30134
50573,1993,0,0,19940
50573,1994,0,0,20351
50573,1995,0,0,20812
50573,1996,0,0,21257
50573,1997,0,0,21704
50573,1998,0,0,22114
50573,1999,0,0,22496
50573,2000,0,0,22838
50573,2001,4.3113,1,23195
50573,2002,0,0,23614
50573,2003,8.3264,2,24020
50573,2004,8.1903,2,24419
50573,2005,0,0,24883
50573,2006,0,0,25347
50573,2007,0,0,25797
50573,2008,0,0,26270
50577,1993,0,0,8121
50577,1994,0,0,8148
50577,1995,0,0,8265
50577,1996,0,0,8392
50577,1997,0,0,8481
50577,1998,0,0,8564
50577,1999,11.6945,1,8551
50577,2000,23.3263,2,8574
50577,2001,0,0,8565
50577,2002,0,0,8542
50577,2003,0,0,8645
50577,2004,11.4364,1,8744
50577,2005,0,0,8838
50577,2006,22.3414,2,8952
50577,2007,0,0,9086
50577,2008,0,0,9224
50590,1993,0,0,12935
50590,1994,0,0,12827
50590,1995,0,0,12877
50590,1996,0,0,12925
50590,1997,0,0,12915
50590,1998,0,0,12898
50590,1999,7.845,1,12747
50590,2000,0,0,12610
50590,2001,7.9949,1,12508
50590,2002,0,0,12423
50590,2003,0,0,12420
50590,2004,0,0,12400
50590,2005,0,0,12482
50590,2006,0,0,12542
50590,2007,0,0,12597
50590,2008,0,0,12684
50606,1993,0,0,10093
50606,1994,0,0,10401
50606,1995,0,0,10767
50606,1996,0,0,11109
50606,1997,0,0,11423
50606,1998,0,0,11717
50606,1999,0,0,12038
50606,2000,0,0,12377
50606,2001,0,0,12678
50606,2002,0,0,13037
50606,2003,0,0,13327
50606,2004,0,0,13686
50606,2005,0,0,14034
50606,2006,0,0,14397
50606,2007,0,0,14757
50606,2008,0,0,15094
50680,1993,0,0,5456
50680,1994,0,0,5722
50680,1995,0,0,6016
50680,1996,0,0,6287
50680,1997,0,0,6554
50680,1998,0,0,6814
50680,1999,0,0,7042
50680,2000,0,0,7276
50680,2001,0,0,7512
50680,2002,0,0,7713
50680,2003,0,0,7989
50680,2004,12.1168,1,8253
50680,2005,0,0,8516
50680,2006,11.3263,1,8829
50680,2007,0,0,9133
50680,2008,0,0,9420
50683,1993,0,0,8097
50683,1994,0,0,8079
50683,1995,0,0,8174
50683,1996,0,0,8266
50683,1997,0,0,8251
50683,1998,0,0,8269
50683,1999,0,0,8216
50683,2000,0,0,8210
50683,2001,0,0,8144
50683,2002,0,0,8108
50683,2003,24.7249,2,8089
50683,2004,24.5369,2,8151
50683,2005,24.2866,2,8235
50683,2006,24.0848,2,8304
50683,2007,0,0,8394
50683,2008,0,0,8474
50686,1993,0,0,1421
50686,1994,0,0,1429
50686,1995,0,0,1450
50686,1996,0,0,1429
50686,1997,0,0,1420
50686,1998,0,0,1430
50686,1999,0,0,1446
50686,2000,0,0,1424
50686,2001,0,0,1370
50686,2002,0,0,1358
50686,2003,0,0,1349
50686,2004,0,0,1353
50686,2005,0,0,1356
50686,2006,0,0,1342
50686,2007,0,0,1345
50686,2008,0,0,1332
50689,1993,0,0,16584
50689,1994,0,0,17045
50689,1995,0,0,17449
50689,1996,0,0,17851
50689,1997,0,0,18331
50689,1998,0,0,18750
50689,1999,5.1997,1,19232
50689,2000,0,0,19681
50689,2001,0,0,20151
50689,2002,0,0,20633
50689,2003,23.753,5,21050
50689,2004,4.6538,1,21488
50689,2005,4.5654,1,21904
50689,2006,8.9477,2,22352
50689,2007,0,0,22770
50689,2008,8.6367,2,23157
50711,1993,0,0,18478
50711,1994,0,0,18197
50711,1995,0,0,18290
50711,1996,0,0,18344
50711,1997,0,0,18308
50711,1998,0,0,18189
50711,1999,0,0,17978
50711,2000,0,0,17722
50711,2001,0,0,17488
50711,2002,0,0,17356
50711,2003,0,0,17251
50711,2004,5.8194,1,17184
50711,2005,5.8025,1,17234
50711,2006,0,0,17274
50711,2007,5.763,1,17352
50711,2008,0,0,17433
52001,1993,0,0,287316
52001,1994,0,0,297209
52001,1995,0,0,306438
52001,1996,0,0,315523
52001,1997,0,0,324274
52001,1998,0,0,332970
52001,1999,0,0,341050
52001,2000,0,0,344512
52001,2001,0.286,1,349707
52001,2002,0,0,353375
52001,2003,0.8404,3,356963
52001,2004,0,0,360469
52001,2005,0,0,363816
52001,2006,0,0,367356
52001,2007,0,0,370582
52001,2008,0,0,373304
52019,1993,0,0,12278
52019,1994,0,0,12122
52019,1995,0,0,12016
52019,1996,0,0,11881
52019,1997,0,0,11776
52019,1998,0,0,11625
52019,1999,0,0,11531
52019,2000,0,0,11423
52019,2001,0,0,11302
52019,2002,0,0,11224
52019,2003,0,0,11157
52019,2004,0,0,11092
52019,2005,0,0,11016
52019,2006,0,0,10921
52019,2007,0,0,10842
52019,2008,0,0,10746
52022,1993,0,0,5878
52022,1994,0,0,5914
52022,1995,0,0,5973
52022,1996,0,0,6054
52022,1997,0,0,6122
52022,1998,0,0,6177
52022,1999,0,0,6246
52022,2000,0,0,6331
52022,2001,0,0,6361
52022,2002,0,0,6445
52022,2003,0,0,6519
52022,2004,0,0,6600
52022,2005,0,0,6678
52022,2006,0,0,6760
52022,2007,0,0,6845
52022,2008,0,0,6912
52036,1993,0,0,10592
52036,1994,0,0,10491
52036,1995,0,0,10411
52036,1996,0,0,10306
52036,1997,0,0,10225
52036,1998,0,0,10167
52036,1999,0,0,10114
52036,2000,0,0,10060
52036,2001,0,0,9983
52036,2002,0,0,9930
52036,2003,0,0,9884
52036,2004,0,0,9829
52036,2005,0,0,9763
52036,2006,0,0,9782
52036,2007,0,0,9686
52036,2008,0,0,9587
52051,1993,0,0,7603
52051,1994,0,0,7611
52051,1995,0,0,7660
52051,1996,0,0,7673
52051,1997,0,0,7698
52051,1998,0,0,7752
52051,1999,0,0,7756
52051,2000,0,0,7781
52051,2001,0,0,7838
52051,2002,0,0,7864
52051,2003,0,0,7894
52051,2004,0,0,7966
52051,2005,0,0,8013
52051,2006,0,0,8096
52051,2007,0,0,8156
52051,2008,0,0,8217
52079,1993,0,0,30438
52079,1994,0,0,31434
52079,1995,0,0,32517
52079,1996,0,0,33558
52079,1997,0,0,34608
52079,1998,0,0,35644
52079,1999,0,0,36695
52079,2000,0,0,37687
52079,2001,0,0,38778
52079,2002,7.5158,3,39916
52079,2003,7.3105,3,41037
52079,2004,4.7432,2,42166
52079,2005,2.3126,1,43241
52079,2006,0,0,44401
52079,2007,0,0,45508
52079,2008,0,0,46546
52083,1993,0,0,3736
52083,1994,0,0,3860
52083,1995,0,0,3977
52083,1996,0,0,4103
52083,1997,0,0,4201
52083,1998,0,0,4324
52083,1999,0,0,4431
52083,2000,0,0,4540
52083,2001,0,0,4669
52083,2002,0,0,4803
52083,2003,40.992,2,4879
52083,2004,0,0,5041
52083,2005,0,0,5080
52083,2006,0,0,5238
52083,2007,0,0,5321
52083,2008,0,0,5423
52110,1993,0,0,21488
52110,1994,0,0,21518
52110,1995,0,0,21613
52110,1996,0,0,21720
52110,1997,0,0,21813
52110,1998,0,0,21881
52110,1999,0,0,22037
52110,2000,0,0,22102
52110,2001,0,0,22246
52110,2002,0,0,22421
52110,2003,0,0,22579
52110,2004,0,0,22753
52110,2005,0,0,22882
52110,2006,0,0,23047
52110,2007,0,0,23156
52110,2008,0,0,23235
52203,1993,0,0,9078
52203,1994,0,0,8999
52203,1995,0,0,8976
52203,1996,0,0,8973
52203,1997,0,0,8935
52203,1998,0,0,8900
52203,1999,0,0,8844
52203,2000,0,0,8830
52203,2001,0,0,8829
52203,2002,0,0,8806
52203,2003,0,0,8831
52203,2004,0,0,8798
52203,2005,0,0,8807
52203,2006,0,0,8823
52203,2007,0,0,8799
52203,2008,0,0,8771
52207,1993,0,0,11753
52207,1994,0,0,11779
52207,1995,0,0,11846
52207,1996,0,0,11920
52207,1997,0,0,11994
52207,1998,0,0,12067
52207,1999,0,0,12139
52207,2000,0,0,12228
52207,2001,0,0,12363
52207,2002,0,0,12468
52207,2003,0,0,12583
52207,2004,0,0,12707
52207,2005,0,0,12817
52207,2006,0,0,12918
52207,2007,0,0,13020
52207,2008,0,0,13129
52210,1993,0,0,6633
52210,1994,0,0,6722
52210,1995,0,0,6679
52210,1996,0,0,6682
52210,1997,0,0,6716
52210,1998,0,0,6724
52210,1999,0,0,6737
52210,2000,0,0,6762
52210,2001,0,0,6796
52210,2002,0,0,6841
52210,2003,0,0,6896
52210,2004,0,0,6947
52210,2005,0,0,6998
52210,2006,0,0,7012
52210,2007,0,0,7060
52210,2008,0,0,7082
52215,1993,0,0,12551
52215,1994,0,0,12642
52215,1995,0,0,12763
52215,1996,0,0,12868
52215,1997,0,0,12981
52215,1998,0,0,13089
52215,1999,0,0,13214
52215,2000,0,0,13367
52215,2001,0,0,13456
52215,2002,0,0,13684
52215,2003,0,0,13809
52215,2004,0,0,13950
52215,2005,7.0892,1,14106
52215,2006,0,0,14278
52215,2007,0,0,14411
52215,2008,0,0,14560
52224,1993,0,0,6640
52224,1994,0,0,6757
52224,1995,0,0,6849
52224,1996,0,0,6976
52224,1997,0,0,7072
52224,1998,0,0,7169
52224,1999,0,0,7290
52224,2000,0,0,7404
52224,2001,0,0,7526
52224,2002,0,0,7659
52224,2003,0,0,7740
52224,2004,0,0,7837
52224,2005,0,0,7986
52224,2006,0,0,8106
52224,2007,0,0,8236
52224,2008,0,0,8286
52227,1993,0,0,19781
52227,1994,0,0,20470
52227,1995,0,0,21151
52227,1996,0,0,21878
52227,1997,0,0,22603
52227,1998,0,0,23289
52227,1999,0,0,24021
52227,2000,0,0,24713
52227,2001,0,0,25448
52227,2002,0,0,26228
52227,2003,0,0,26965
52227,2004,0,0,27749
52227,2005,0,0,28496
52227,2006,0,0,29241
52227,2007,0,0,29986
52227,2008,0,0,30724
52233,1993,0,0,6544
52233,1994,0,0,6547
52233,1995,0,0,6488
52233,1996,0,0,6459
52233,1997,0,0,6404
52233,1998,0,0,6375
52233,1999,0,0,6387
52233,2000,0,0,6422
52233,2001,0,0,6353
52233,2002,0,0,6342
52233,2003,0,0,6337
52233,2004,0,0,6345
52233,2005,0,0,6312
52233,2006,0,0,6292
52233,2007,31.741,2,6301
52233,2008,0,0,6292
52240,1993,0,0,11752
52240,1994,0,0,11887
52240,1995,0,0,12052
52240,1996,0,0,12177
52240,1997,0,0,12321
52240,1998,0,0,12469
52240,1999,0,0,12632
52240,2000,0,0,12785
52240,2001,0,0,12950
52240,2002,0,0,13140
52240,2003,0,0,13360
52240,2004,0,0,13510
52240,2005,0,0,13691
52240,2006,0,0,13857
52240,2007,0,0,14029
52240,2008,0,0,14153
52250,1993,0,0,23079
52250,1994,0,0,23004
52250,1995,0,0,22957
52250,1996,0,0,22914
52250,1997,0,0,22875
52250,1998,0,0,22853
52250,1999,0,0,22846
52250,2000,0,0,22788
52250,2001,4.3837,1,22812
52250,2002,4.3779,1,22842
52250,2003,0,0,22900
52250,2004,0,0,22933
52250,2005,0,0,22940
52250,2006,0,0,22996
52250,2007,0,0,23033
52250,2008,0,0,23044
52254,1999,0,0,9790
52254,2000,0,0,9643
52254,2001,0,0,9512
52254,2002,0,0,9476
52254,2003,0,0,9329
52254,2004,0,0,9227
52254,2005,0,0,9110
52254,2006,0,0,9022
52254,2007,0,0,8873
52254,2008,0,0,8738
52256,1993,0,0,9343
52256,1994,0,0,9446
52256,1995,0,0,9540
52256,1996,0,0,9666
52256,1997,0,0,9780
52256,1998,0,0,9884
52256,1999,0,0,10011
52256,2000,0,0,10122
52256,2001,0,0,10274
52256,2002,0,0,10364
52256,2003,0,0,10528
52256,2004,9.3686,1,10674
52256,2005,0,0,10830
52256,2006,0,0,10984
52256,2007,0,0,11119
52256,2008,0,0,11243
52258,1993,0,0,11590
52258,1994,0,0,11617
52258,1995,0,0,11715
52258,1996,0,0,11846
52258,1997,0,0,11967
52258,1998,0,0,12040
52258,1999,0,0,12168
52258,2000,0,0,12263
52258,2001,0,0,12398
52258,2002,0,0,12542
52258,2003,0,0,12695
52258,2004,0,0,12832
52258,2005,0,0,12984
52258,2006,0,0,13158
52258,2007,0,0,13299
52258,2008,0,0,13390
52260,1993,0,0,28568
52260,1994,0,0,28723
52260,1995,0,0,28928
52260,1996,0,0,29138
52260,1997,0,0,29350
52260,1998,0,0,29573
52260,1999,0,0,19374
52260,2000,0,0,19094
52260,2001,0,0,18838
52260,2002,5.3671,1,18632
52260,2003,0,0,18424
52260,2004,0,0,18156
52260,2005,0,0,17940
52260,2006,0,0,17669
52260,2007,0,0,17394
52260,2008,0,0,17165
52287,1993,0,0,7425
52287,1994,0,0,7396
52287,1995,0,0,7383
52287,1996,0,0,7355
52287,1997,0,0,7377
52287,1998,0,0,7364
52287,1999,0,0,7369
52287,2000,0,0,7362
52287,2001,0,0,7347
52287,2002,0,0,7381
52287,2003,0,0,7399
52287,2004,0,0,7389
52287,2005,0,0,7421
52287,2006,0,0,7416
52287,2007,0,0,7417
52287,2008,0,0,7445
52317,1993,0,0,14373
52317,1994,0,0,14578
52317,1995,0,0,14783
52317,1996,0,0,14974
52317,1997,0,0,15178
52317,1998,0,0,15420
52317,1999,0,0,15605
52317,2000,0,0,15798
52317,2001,0,0,16024
52317,2002,0,0,16275
52317,2003,0,0,16536
52317,2004,0,0,16777
52317,2005,0,0,17020
52317,2006,0,0,17256
52317,2007,0,0,17505
52317,2008,0,0,17693
52320,1993,0,0,14054
52320,1994,0,0,13932
52320,1995,0,0,13806
52320,1996,0,0,13686
52320,1997,0,0,13608
52320,1998,0,0,13485
52320,1999,0,0,13396
52320,2000,0,0,13285
52320,2001,0,0,13223
52320,2002,0,0,13178
52320,2003,0,0,13112
52320,2004,0,0,13047
52320,2005,0,0,12958
52320,2006,0,0,12894
52320,2007,0,0,12795
52320,2008,0,0,12704
52323,1993,0,0,6020
52323,1994,0,0,6028
52323,1995,0,0,6094
52323,1996,0,0,6119
52323,1997,0,0,6192
52323,1998,0,0,6244
52323,1999,0,0,6301
52323,2000,0,0,6335
52323,2001,0,0,6397
52323,2002,0,0,6459
52323,2003,0,0,6485
52323,2004,0,0,6534
52323,2005,0,0,6608
52323,2006,0,0,6717
52323,2007,0,0,6757
52323,2008,0,0,6800
52352,1993,0,0,7577
52352,1994,0,0,7573
52352,1995,0,0,7545
52352,1996,0,0,7573
52352,1997,0,0,7553
52352,1998,0,0,7565
52352,1999,0,0,7581
52352,2000,0,0,7586
52352,2001,0,0,7613
52352,2002,0,0,7639
52352,2003,0,0,7650
52352,2004,0,0,7670
52352,2005,0,0,7690
52352,2006,0,0,7721
52352,2007,0,0,7724
52352,2008,0,0,7699
52354,1993,0,0,8204
52354,1994,0,0,8194
52354,1995,0,0,8086
52354,1996,0,0,8029
52354,1997,0,0,8007
52354,1998,0,0,7995
52354,1999,0,0,7986
52354,2000,0,0,7925
52354,2001,0,0,7956
52354,2002,0,0,7955
52354,2003,0,0,7935
52354,2004,0,0,7923
52354,2005,0,0,7951
52354,2006,0,0,7941
52354,2007,0,0,7963
52354,2008,0,0,7926
52356,1993,0,0,88423
52356,1994,0,0,89920
52356,1995,0,0,91369
52356,1996,0,0,92773
52356,1997,0,0,94103
52356,1998,0,0,95460
52356,1999,0,0,96712
52356,2000,0,0,97982
52356,2001,0,0,99595
52356,2002,0,0,100910
52356,2003,0.9785,1,102196
52356,2004,0,0,103465
52356,2005,0,0,104686
52356,2006,0,0,105928
52356,2007,0,0,107099
52356,2008,0,0,108147
52378,1993,0,0,19716
52378,1994,0,0,19659
52378,1995,0,0,19621
52378,1996,0,0,19586
52378,1997,0,0,19575
52378,1998,0,0,19517
52378,1999,0,0,19494
52378,2000,0,0,19454
52378,2001,0,0,19481
52378,2002,0,0,19479
52378,2003,0,0,19507
52378,2004,0,0,19497
52378,2005,0,0,19509
52378,2006,0,0,19502
52378,2007,0,0,19475
52378,2008,0,0,19473
52381,1993,0,0,10955
52381,1994,0,0,10895
52381,1995,0,0,10819
52381,1996,0,0,10735
52381,1997,0,0,10743
52381,1998,0,0,10707
52381,1999,0,0,10669
52381,2000,0,0,10628
52381,2001,0,0,10592
52381,2002,0,0,10601
52381,2003,0,0,10600
52381,2004,0,0,10569
52381,2005,0,0,10589
52381,2006,0,0,10585
52381,2007,0,0,10558
52381,2008,0,0,10534
52385,1993,0,0,7230
52385,1994,0,0,7191
52385,1995,0,0,7126
52385,1996,0,0,7105
52385,1997,0,0,7085
52385,1998,0,0,7017
52385,1999,0,0,7030
52385,2000,0,0,6966
52385,2001,0,0,6978
52385,2002,0,0,6992
52385,2003,0,0,6933
52385,2004,0,0,6952
52385,2005,0,0,6929
52385,2006,0,0,6931
52385,2007,0,0,6871
52385,2008,0,0,6852
52390,1993,0,0,8203
52390,1994,0,0,8114
52390,1995,0,0,8070
52390,1996,0,0,8029
52390,1997,0,0,8033
52390,1998,0,0,7975
52390,1999,0,0,7957
52390,2000,0,0,7938
52390,2001,0,0,7877
52390,2002,0,0,7883
52390,2003,0,0,7886
52390,2004,0,0,7859
52390,2005,0,0,7851
52390,2006,0,0,7824
52390,2007,0,0,7820
52390,2008,0,0,7794
52399,1993,0,0,25239
52399,1994,0,0,25527
52399,1995,0,0,25814
52399,1996,0,0,26096
52399,1997,0,0,26388
52399,1998,0,0,26687
52399,1999,0,0,26939
52399,2000,0,0,27244
52399,2001,0,0,27598
52399,2002,0,0,27945
52399,2003,0,0,28277
52399,2004,0,0,28602
52399,2005,0,0,28915
52399,2006,0,0,29237
52399,2007,0,0,29545
52399,2008,0,0,29814
52405,1993,0,0,9918
52405,1994,0,0,9860
52405,1995,0,0,9864
52405,1996,0,0,9852
52405,1997,0,0,9830
52405,1998,0,0,9837
52405,1999,0,0,9832
52405,2000,0,0,9823
52405,2001,0,0,9811
52405,2002,0,0,9842
52405,2003,10.1327,1,9869
52405,2004,0,0,9876
52405,2005,0,0,9900
52405,2006,0,0,9931
52405,2007,0,0,9949
52405,2008,0,0,9938
52411,1993,0,0,12953
52411,1994,0,0,12803
52411,1995,0,0,12648
52411,1996,0,0,12564
52411,1997,0,0,12442
52411,1998,0,0,12318
52411,1999,0,0,12206
52411,2000,0,0,12067
52411,2001,0,0,11981
52411,2002,0,0,11911
52411,2003,0,0,11819
52411,2004,0,0,11739
52411,2005,0,0,11676
52411,2006,0,0,11604
52411,2007,0,0,11505
52411,2008,0,0,11403
52418,1993,0,0,11884
52418,1994,0,0,11802
52418,1995,0,0,11684
52418,1996,0,0,11583
52418,1997,0,0,11483
52418,1998,0,0,11361
52418,1999,0,0,11277
52418,2000,0,0,11182
52418,2001,0,0,11107
52418,2002,0,0,11035
52418,2003,0,0,10973
52418,2004,0,0,10913
52418,2005,9.2345,1,10829
52418,2006,27.8707,3,10764
52418,2007,9.3205,1,10729
52418,2008,0,0,10623
52427,1993,0,0,9880
52427,1994,0,0,10502
52427,1995,0,0,11118
52427,1996,0,0,11751
52427,1997,0,0,12398
52427,1998,0,0,13016
52427,1999,0,0,13625
52427,2000,0,0,14222
52427,2001,0,0,14865
52427,2002,0,0,15493
52427,2003,6.2066,1,16112
52427,2004,0,0,16826
52427,2005,0,0,17422
52427,2006,0,0,18059
52427,2007,0,0,18691
52427,2008,0,0,19303
52435,1993,0,0,7080
52435,1994,0,0,7149
52435,1995,0,0,7232
52435,1996,0,0,7261
52435,1997,0,0,7360
52435,1998,0,0,7441
52435,1999,0,0,7507
52435,2000,0,0,7550
52435,2001,0,0,7688
52435,2002,12.9316,1,7733
52435,2003,0,0,7863
52435,2004,0,0,7934
52435,2005,0,0,8041
52435,2006,0,0,8159
52435,2007,0,0,8258
52435,2008,0,0,8327
52473,1993,0,0,7213
52473,1994,0,0,7415
52473,1995,0,0,7620
52473,1996,0,0,7832
52473,1997,0,0,8032
52473,1998,0,0,8249
52473,1999,0,0,8442
52473,2000,0,0,8687
52473,2001,0,0,8906
52473,2002,0,0,9137
52473,2003,0,0,9349
52473,2004,0,0,9556
52473,2005,0,0,9743
52473,2006,0,0,9976
52473,2007,0,0,10150
52473,2008,0,0,10363
52480,2000,0,0,4828
52480,2001,0,0,4861
52480,2002,0,0,4788
52480,2003,0,0,4764
52480,2004,0,0,4768
52480,2005,0,0,4725
52480,2006,0,0,4726
52480,2007,0,0,4711
52480,2008,0,0,4707
52490,1993,0,0,29009
52490,1994,0,0,28800
52490,1995,0,0,28586
52490,1996,0,0,28438
52490,1997,0,0,28271
52490,1998,0,0,28119
52490,1999,0,0,27989
52490,2000,0,0,27813
52490,2001,0,0,27720
52490,2002,0,0,27631
52490,2003,0,0,27569
52490,2004,0,0,27501
52490,2005,0,0,27396
52490,2006,0,0,27353
52490,2007,0,0,27229
52490,2008,0,0,27145
52506,1993,0,0,6879
52506,1994,0,0,6828
52506,1995,0,0,6862
52506,1996,0,0,6867
52506,1997,0,0,6880
52506,1998,0,0,6863
52506,1999,0,0,6897
52506,2000,0,0,6913
52506,2001,0,0,6916
52506,2002,0,0,6939
52506,2003,0,0,6998
52506,2004,0,0,7025
52506,2005,0,0,7058
52506,2006,0,0,7068
52506,2007,0,0,7086
52506,2008,0,0,7105
52520,1993,0,0,9280
52520,1994,0,0,9474
52520,1995,0,0,9700
52520,1996,0,0,9919
52520,1997,0,0,10120
52520,1998,0,0,10322
52520,1999,0,0,10541
52520,2000,0,0,10764
52520,2001,0,0,10981
52520,2002,0,0,11210
52520,2003,0,0,11436
52520,2004,0,0,11658
52520,2005,0,0,11881
52520,2006,0,0,12099
52520,2007,0,0,12308
52520,2008,0,0,12511
52540,1993,0,0,8917
52540,1994,0,0,8897
52540,1995,0,0,8949
52540,1996,0,0,8972
52540,1997,0,0,9023
52540,1998,0,0,9119
52540,1999,0,0,9153
52540,2000,0,0,9201
52540,2001,0,0,9205
52540,2002,0,0,9285
52540,2003,10.6655,1,9376
52540,2004,0,0,9423
52540,2005,10.5407,1,9487
52540,2006,52.4604,5,9531
52540,2007,41.6753,4,9598
52540,2008,0,0,9647
52560,1993,0,0,12680
52560,1994,0,0,12570
52560,1995,0,0,12461
52560,1996,0,0,12337
52560,1997,0,0,12244
52560,1998,0,0,12138
52560,1999,0,0,12035
52560,2000,0,0,11939
52560,2001,0,0,11872
52560,2002,0,0,11850
52560,2003,0,0,11802
52560,2004,0,0,11741
52560,2005,0,0,11676
52560,2006,0,0,11610
52560,2007,0,0,11548
52560,2008,0,0,11461
52565,1993,0,0,10477
52565,1994,0,0,10236
52565,1995,0,0,10005
52565,1996,0,0,9775
52565,1997,0,0,9588
52565,1998,0,0,9358
52565,1999,0,0,9156
52565,2000,0,0,8927
52565,2001,0,0,8756
52565,2002,0,0,8543
52565,2003,0,0,8379
52565,2004,0,0,8210
52565,2005,0,0,8038
52565,2006,0,0,7827
52565,2007,0,0,7701
52565,2008,0,0,7500
52573,1993,0,0,9544
52573,1994,0,0,9483
52573,1995,0,0,9480
52573,1996,0,0,9431
52573,1997,0,0,9389
52573,1998,0,0,9338
52573,1999,0,0,9308
52573,2000,0,0,9270
52573,2001,0,0,9251
52573,2002,0,0,9235
52573,2003,0,0,9238
52573,2004,0,0,9222
52573,2005,0,0,9193
52573,2006,0,0,9168
52573,2007,0,0,9161
52573,2008,0,0,9133
52585,1993,0,0,16877
52585,1994,0,0,16879
52585,1995,0,0,16902
52585,1996,0,0,16931
52585,1997,0,0,16953
52585,1998,0,0,16988
52585,1999,0,0,17023
52585,2000,0,0,17066
52585,2001,0,0,17127
52585,2002,0,0,17199
52585,2003,0,0,17265
52585,2004,0,0,17319
52585,2005,0,0,17358
52585,2006,0,0,17397
52585,2007,0,0,17493
52585,2008,0,0,17525
52612,1993,0,0,10370
52612,1994,0,0,10748
52612,1995,0,0,11135
52612,1996,0,0,11508
52612,1997,0,0,11873
52612,1998,0,0,12238
52612,1999,0,0,12633
52612,2000,0,0,13001
52612,2001,0,0,13398
52612,2002,7.239,1,13814
52612,2003,0,0,14201
52612,2004,0,0,14603
52612,2005,0,0,15011
52612,2006,0,0,15463
52612,2007,0,0,15856
52612,2008,0,0,16202
52621,1993,0,0,10629
52621,1994,0,0,10670
52621,1995,0,0,10762
52621,1996,0,0,10801
52621,1997,0,0,10939
52621,1998,0,0,10971
52621,1999,0,0,11075
52621,2000,0,0,11113
52621,2001,8.9222,1,11208
52621,2002,0,0,11364
52621,2003,0,0,11477
52621,2004,0,0,11610
52621,2005,0,0,11686
52621,2006,0,0,11805
52621,2007,0,0,11950
52621,2008,0,0,12003
52678,1993,0,0,45056
52678,1994,0,0,44276
52678,1995,0,0,43516
52678,1996,0,0,42849
52678,1997,0,0,42161
52678,1998,0,0,41478
52678,1999,0,0,40860
52678,2000,0,0,40212
52678,2001,0,0,39623
52678,2002,2.5565,1,39116
52678,2003,0,0,38585
52678,2004,5.2536,2,38069
52678,2005,0,0,37521
52678,2006,0,0,36988
52678,2007,0,0,36439
52678,2008,0,0,35813
52683,1993,0,0,28404
52683,1994,0,0,28021
52683,1995,0,0,27705
52683,1996,0,0,27400
52683,1997,0,0,27070
52683,1998,0,0,26757
52683,1999,0,0,26499
52683,2000,0,0,26167
52683,2001,0,0,25919
52683,2002,0,0,25707
52683,2003,0,0,25434
52683,2004,0,0,25196
52683,2005,0,0,24947
52683,2006,0,0,24664
52683,2007,0,0,24376
52683,2008,0,0,24102
52685,1993,0,0,9861
52685,1994,0,0,9861
52685,1995,0,0,9850
52685,1996,0,0,9781
52685,1997,0,0,9741
52685,1998,0,0,9718
52685,1999,0,0,9717
52685,2000,0,0,9677
52685,2001,0,0,9648
52685,2002,0,0,9651
52685,2003,0,0,9641
52685,2004,0,0,9642
52685,2005,0,0,9635
52685,2006,0,0,9625
52685,2007,0,0,9616
52685,2008,0,0,9554
52687,1993,0,0,16160
52687,1994,0,0,16206
52687,1995,0,0,16225
52687,1996,0,0,16365
52687,1997,0,0,16451
52687,1998,0,0,16493
52687,1999,0,0,16585
52687,2000,0,0,16695
52687,2001,0,0,16780
52687,2002,0,0,16931
52687,2003,0,0,17090
52687,2004,0,0,17225
52687,2005,0,0,17360
52687,2006,0,0,17506
52687,2007,0,0,17633
52687,2008,0,0,17762
52693,1993,0,0,18816
52693,1994,0,0,18623
52693,1995,0,0,18481
52693,1996,0,0,18335
52693,1997,0,0,18154
52693,1998,0,0,18005
52693,1999,0,0,17855
52693,2000,0,0,17707
52693,2001,0,0,17604
52693,2002,0,0,17517
52693,2003,0,0,17431
52693,2004,0,0,17350
52693,2005,0,0,17253
52693,2006,0,0,17149
52693,2007,0,0,17031
52693,2008,0,0,16932
52694,1993,0,0,5713
52694,1994,0,0,5752
52694,1995,0,0,5809
52694,1996,0,0,5799
52694,1997,0,0,5829
52694,1998,0,0,5912
52694,1999,0,0,5965
52694,2000,0,0,6015
52694,2001,0,0,6059
52694,2002,0,0,6141
52694,2003,0,0,6174
52694,2004,0,0,6221
52694,2005,0,0,6282
52694,2006,0,0,6361
52694,2007,0,0,6389
52694,2008,0,0,6461
52696,1993,0,0,9567
52696,1994,0,0,9706
52696,1995,0,0,9848
52696,1996,0,0,10015
52696,1997,0,0,10162
52696,1998,0,0,10330
52696,1999,0,0,10500
52696,2000,0,0,10636
52696,2001,9.2225,1,10843
52696,2002,0,0,11004
52696,2003,0,0,11201
52696,2004,0,0,11372
52696,2005,0,0,11551
52696,2006,0,0,11762
52696,2007,0,0,11933
52696,2008,0,0,12100
52699,1993,0,0,8926
52699,1994,0,0,8957
52699,1995,0,0,9027
52699,1996,0,0,9097
52699,1997,0,0,9161
52699,1998,0,0,9230
52699,1999,0,0,9322
52699,2000,0,0,9403
52699,2001,0,0,9515
52699,2002,0,0,9631
52699,2003,0,0,9703
52699,2004,0,0,9815
52699,2005,0,0,9930
52699,2006,0,0,10042
52699,2007,0,0,10126
52699,2008,0,0,10202
52720,1993,0,0,7239
52720,1994,0,0,7238
52720,1995,0,0,7224
52720,1996,0,0,7240
52720,1997,0,0,7233
52720,1998,0,0,7233
52720,1999,0,0,7236
52720,2000,0,0,7255
52720,2001,0,0,7272
52720,2002,0,0,7340
52720,2003,0,0,7334
52720,2004,0,0,7345
52720,2005,0,0,7411
52720,2006,0,0,7393
52720,2007,0,0,7402
52720,2008,0,0,7398
52786,1993,0,0,18508
52786,1994,0,0,18420
52786,1995,0,0,18345
52786,1996,0,0,18318
52786,1997,0,0,18278
52786,1998,0,0,18246
52786,1999,0,0,18249
52786,2000,0,0,18209
52786,2001,0,0,18199
52786,2002,0,0,18203
52786,2003,0,0,18270
52786,2004,5.4678,1,18289
52786,2005,0,0,18297
52786,2006,0,0,18334
52786,2007,5.4651,1,18298
52786,2008,0,0,18278
52788,1993,0,0,12181
52788,1994,0,0,12227
52788,1995,0,0,12287
52788,1996,0,0,12312
52788,1997,0,0,12366
52788,1998,0,0,12429
52788,1999,0,0,12506
52788,2000,0,0,12538
52788,2001,0,0,12586
52788,2002,0,0,12643
52788,2003,0,0,12793
52788,2004,0,0,12864
52788,2005,0,0,12929
52788,2006,0,0,13034
52788,2007,0,0,13073
52788,2008,0,0,13165
52835,1993,0,0,146531
52835,1994,0,0,151172
52835,1995,0,0,155840
52835,1996,0,0,160488
52835,1997,0,0,165044
52835,1998,0,0,169598
52835,1999,0,0,174137
52835,2000,0,0,178538
52835,2001,2.1812,4,183386
52835,2002,2.1254,4,188204
52835,2003,4.1459,8,192963
52835,2004,0,0,197689
52835,2005,0,0,202285
52835,2006,0,0,207097
52835,2007,0,0,211748
52835,2008,0,0,216073
52838,1993,0,0,38248
52838,1994,0,0,38569
52838,1995,0,0,38874
52838,1996,0,0,39167
52838,1997,0,0,39443
52838,1998,0,0,39725
52838,1999,0,0,40001
52838,2000,0,0,40287
52838,2001,0,0,40643
52838,2002,0,0,41021
52838,2003,2.4179,1,41359
52838,2004,0,0,41719
52838,2005,0,0,42058
52838,2006,0,0,42383
52838,2007,0,0,42698
52838,2008,0,0,42955
52885,1993,0,0,9329
52885,1994,0,0,9380
52885,1995,0,0,9479
52885,1996,0,0,9544
52885,1997,0,0,9600
52885,1998,0,0,9656
52885,1999,0,0,9745
52885,2000,0,0,9807
52885,2001,0,0,9863
52885,2002,0,0,9978
52885,2003,0,0,10070
52885,2004,0,0,10141
52885,2005,0,0,10242
52885,2006,0,0,10323
52885,2007,0,0,10384
52885,2008,0,0,10454
54001,1993,0,0,479718
54001,1994,0,0,493283
54001,1995,0,0,508643
54001,1996,0,0,523280
54001,1997,0,0,537017
54001,1998,0,0,549714
54001,1999,0.1781,1,561568
54001,2000,0.1747,1,572454
54001,2001,0,0,582538
54001,2002,0.3379,2,591823
54001,2003,0,0,600580
54001,2004,0.3285,2,608740
54001,2005,0.3244,2,616511
54001,2006,0,0,624184
54001,2007,0,0,631419
54001,2008,0,0,638035
54003,1993,0,0,28552
54003,1994,0,0,28618
54003,1995,0,0,28517
54003,1996,0,0,28421
54003,1997,0,0,28392
54003,1998,0,0,28373
54003,1999,0,0,28419
54003,2000,0,0,28478
54003,2001,0,0,28582
54003,2002,0,0,28695
54003,2003,0,0,28840
54003,2004,0,0,28987
54003,2005,0,0,29141
54003,2006,0,0,29314
54003,2007,0,0,29486
54003,2008,0,0,29638
54051,1993,0,0,10779
54051,1994,0,0,10640
54051,1995,0,0,10459
54051,1996,0,0,10271
54051,1997,0,0,10096
54051,1998,0,0,9939
54051,1999,0,0,9837
54051,2000,0,0,9753
54051,2001,0,0,9679
54051,2002,0,0,9614
54051,2003,0,0,9583
54051,2004,0,0,9566
54051,2005,0,0,9570
54051,2006,0,0,9519
54051,2007,0,0,9510
54051,2008,0,0,9509
54099,1993,0,0,6456
54099,1994,0,0,6558
54099,1995,0,0,6501
54099,1996,0,0,6525
54099,1997,0,0,6509
54099,1998,0,0,6539
54099,1999,0,0,6570
54099,2000,0,0,6599
54099,2001,0,0,6646
54099,2002,0,0,6682
54099,2003,0,0,6742
54099,2004,0,0,6789
54099,2005,0,0,6861
54099,2006,0,0,6946
54099,2007,0,0,7053
54099,2008,0,0,7143
54109,1993,0,0,5465
54109,1994,0,0,5461
54109,1995,0,0,5360
54109,1996,0,0,5274
54109,1997,0,0,5239
54109,1998,0,0,5205
54109,1999,0,0,5204
54109,2000,0,0,5189
54109,2001,0,0,5205
54109,2002,0,0,5227
54109,2003,0,0,5251
54109,2004,0,0,5298
54109,2005,0,0,5319
54109,2006,0,0,5376
54109,2007,0,0,5428
54109,2008,0,0,5497
54125,1993,0,0,3390
54125,1994,0,0,3377
54125,1995,0,0,3288
54125,1996,0,0,3203
54125,1997,0,0,3143
54125,1998,0,0,3105
54125,1999,0,0,3059
54125,2000,0,0,3023
54125,2001,0,0,3016
54125,2002,0,0,3002
54125,2003,0,0,2979
54125,2004,0,0,2947
54125,2005,0,0,2929
54125,2006,0,0,2910
54125,2007,0,0,2885
54125,2008,0,0,2854
54128,1993,0,0,12438
54128,1994,0,0,12240
54128,1995,0,0,11966
54128,1996,0,0,11748
54128,1997,0,0,11519
54128,1998,0,0,11354
54128,1999,0,0,11226
54128,2000,9.0058,1,11104
54128,2001,9.0604,1,11037
54128,2002,0,0,10981
54128,2003,0,0,10916
54128,2004,0,0,10884
54128,2005,18.3993,2,10870
54128,2006,0,0,10862
54128,2007,0,0,10837
54128,2008,0,0,10830
54172,1993,0,0,13243
54172,1994,0,0,13433
54172,1995,0,0,13547
54172,1996,0,0,13709
54172,1997,0,0,13859
54172,1998,0,0,14011
54172,1999,0,0,14136
54172,2000,0,0,14300
54172,2001,0,0,14462
54172,2002,0,0,14614
54172,2003,0,0,14762
54172,2004,0,0,14902
54172,2005,0,0,15064
54172,2006,0,0,15222
54172,2007,0,0,15376
54172,2008,0,0,15506
54174,1993,0,0,10962
54174,1994,0,0,10912
54174,1995,0,0,10796
54174,1996,0,0,10725
54174,1997,0,0,10682
54174,1998,0,0,10646
54174,1999,0,0,10617
54174,2000,0,0,10612
54174,2001,0,0,10618
54174,2002,0,0,10616
54174,2003,0,0,10612
54174,2004,0,0,10652
54174,2005,0,0,10691
54174,2006,0,0,10748
54174,2007,0,0,10801
54174,2008,0,0,10854
54206,1993,0,0,18687
54206,1994,0,0,18615
54206,1995,0,0,18494
54206,1996,0,0,18265
54206,1997,0,0,18164
54206,1998,0,0,18058
54206,1999,0,0,17987
54206,2000,5.5832,1,17911
54206,2001,0,0,17863
54206,2002,0,0,17846
54206,2003,0,0,17825
54206,2004,5.6142,1,17812
54206,2005,0,0,17835
54206,2006,0,0,17852
54206,2007,0,0,17855
54206,2008,0,0,17870
54223,1993,0,0,9424
54223,1994,0,0,9214
54223,1995,0,0,8991
54223,1996,0,0,8792
54223,1997,0,0,8637
54223,1998,0,0,8495
54223,1999,0,0,8400
54223,2000,0,0,8342
54223,2001,0,0,8264
54223,2002,0,0,8163
54223,2003,0,0,8171
54223,2004,0,0,8114
54223,2005,0,0,8091
54223,2006,0,0,8094
54223,2007,0,0,8078
54223,2008,0,0,8035
54239,1993,0,0,5009
54239,1994,0,0,4932
54239,1995,0,0,4854
54239,1996,0,0,4856
54239,1997,0,0,4776
54239,1998,0,0,4773
54239,1999,21.0837,1,4743
54239,2000,0,0,4717
54239,2001,0,0,4700
54239,2002,0,0,4655
54239,2003,0,0,4609
54239,2004,0,0,4607
54239,2005,0,0,4603
54239,2006,0,0,4573
54239,2007,0,0,4546
54239,2008,0,0,4527
54245,1993,0,0,14600
54245,1994,0,0,14409
54245,1995,0,0,14119
54245,1996,0,0,13854
54245,1997,0,0,13632
54245,1998,0,0,13456
54245,1999,0,0,13302
54245,2000,0,0,13187
54245,2001,0,0,13079
54245,2002,0,0,12986
54245,2003,0,0,12944
54245,2004,0,0,12917
54245,2005,0,0,12918
54245,2006,0,0,12866
54245,2007,0,0,12825
54245,2008,0,0,12835
54250,1993,0,0,10019
54250,1994,0,0,10394
54250,1995,0,0,10661
54250,1996,0,0,10953
54250,1997,0,0,11228
54250,1998,0,0,11561
54250,1999,8.3984,1,11907
54250,2000,8.144,1,12279
54250,2001,23.7117,3,12652
54250,2002,30.689,4,13034
54250,2003,7.4444,1,13433
54250,2004,7.227,1,13837
54250,2005,0,0,14249
54250,2006,0,0,14680
54250,2007,0,0,15092
54250,2008,0,0,15511
54261,1993,0,0,16462
54261,1994,0,0,16918
54261,1995,0,0,17314
54261,1996,0,0,17673
54261,1997,0,0,18078
54261,1998,0,0,18510
54261,1999,5.2865,1,18916
54261,2000,5.19,1,19268
54261,2001,0,0,19616
54261,2002,4.993,1,20028
54261,2003,0,0,20416
54261,2004,4.8017,1,20826
54261,2005,0,0,21207
54261,2006,0,0,21606
54261,2007,0,0,22011
54261,2008,0,0,22405
54313,1993,0,0,7808
54313,1994,0,0,7769
54313,1995,0,0,7644
54313,1996,0,0,7573
54313,1997,0,0,7485
54313,1998,0,0,7426
54313,1999,0,0,7371
54313,2000,0,0,7310
54313,2001,27.4952,2,7274
54313,2002,0,0,7230
54313,2003,0,0,7217
54313,2004,0,0,7208
54313,2005,0,0,7171
54313,2006,0,0,7180
54313,2007,0,0,7185
54313,2008,0,0,7197
54344,1993,0,0,10029
54344,1994,0,0,9894
54344,1995,0,0,9756
54344,1996,0,0,9584
54344,1997,0,0,9478
54344,1998,0,0,9358
54344,1999,0,0,9284
54344,2000,0,0,9218
54344,2001,0,0,9185
54344,2002,0,0,9190
54344,2003,0,0,9179
54344,2004,0,0,9203
54344,2005,0,0,9232
54344,2006,0,0,9250
54344,2007,0,0,9313
54344,2008,0,0,9372
54347,1993,0,0,5623
54347,1994,0,0,5657
54347,1995,0,0,5579
54347,1996,0,0,5508
54347,1997,0,0,5511
54347,1998,0,0,5516
54347,1999,0,0,5514
54347,2000,0,0,5542
54347,2001,0,0,5576
54347,2002,0,0,5600
54347,2003,0,0,5636
54347,2004,0,0,5688
54347,2005,0,0,5749
54347,2006,0,0,5798
54347,2007,0,0,5846
54347,2008,0,0,5895
54377,1993,0,0,7091
54377,1994,0,0,6972
54377,1995,0,0,6811
54377,1996,0,0,6683
54377,1997,0,0,6568
54377,1998,0,0,6520
54377,1999,0,0,6457
54377,2000,0,0,6390
54377,2001,0,0,6341
54377,2002,0,0,6316
54377,2003,0,0,6283
54377,2004,0,0,6273
54377,2005,0,0,6268
54377,2006,0,0,6259
54377,2007,0,0,6268
54377,2008,0,0,6256
54385,1993,0,0,4820
54385,1994,0,0,5181
54385,1995,0,0,5307
54385,1996,0,0,5442
54385,1997,0,0,5623
54385,1998,0,0,5821
54385,1999,0,0,6014
54385,2000,0,0,6210
54385,2001,0,0,6429
54385,2002,0,0,6669
54385,2003,0,0,6902
54385,2004,41.9757,3,7147
54385,2005,80.9717,6,7410
54385,2006,0,0,7666
54385,2007,0,0,7945
54385,2008,0,0,8252
54398,1993,0,0,8152
54398,1994,0,0,7997
54398,1995,0,0,7836
54398,1996,0,0,7674
54398,1997,0,0,7560
54398,1998,0,0,7496
54398,1999,0,0,7428
54398,2000,0,0,7387
54398,2001,0,0,7340
54398,2002,0,0,7314
54398,2003,0,0,7274
54398,2004,0,0,7267
54398,2005,0,0,7243
54398,2006,0,0,7243
54398,2007,0,0,7206
54398,2008,0,0,7227
54405,1993,0,0,34840
54405,1994,0,0,37482
54405,1995,0,0,40231
54405,1996,0,0,42936
54405,1997,0,0,45582
54405,1998,0,0,48176
54405,1999,0,0,50693
54405,2000,0,0,53113
54405,2001,1.804,1,55432
54405,2002,0,0,57695
54405,2003,0,0,59877
54405,2004,0,0,62012
54405,2005,0,0,64085
54405,2006,0,0,66129
54405,2007,0,0,68137
54405,2008,0,0,70052
54418,1993,0,0,4028
54418,1994,0,0,4026
54418,1995,0,0,3991
54418,1996,0,0,3931
54418,1997,0,0,3942
54418,1998,0,0,3911
54418,1999,0,0,3903
54418,2000,0,0,3878
54418,2001,0,0,3856
54418,2002,0,0,3855
54418,2003,0,0,3852
54418,2004,0,0,3896
54418,2005,0,0,3907
54418,2006,0,0,3903
54418,2007,0,0,3874
54418,2008,0,0,3889
54480,1993,0,0,3478
54480,1994,0,0,3492
54480,1995,0,0,3430
54480,1996,0,0,3445
54480,1997,0,0,3421
54480,1998,0,0,3413
54480,1999,0,0,3411
54480,2000,0,0,3413
54480,2001,0,0,3451
54480,2002,0,0,3480
54480,2003,0,0,3484
54480,2004,0,0,3488
54480,2005,0,0,3505
54480,2006,0,0,3562
54480,2007,0,0,3569
54480,2008,0,0,3640
54498,1993,0,0,83960
54498,1994,0,0,85814
54498,1995,0,0,87910
54498,1996,0,0,89886
54498,1997,0,0,91781
54498,1998,0,0,93559
54498,1999,0,0,95251
54498,2000,0,0,96849
54498,2001,0,0,98325
54498,2002,1.0029,1,99714
54498,2003,0,0,101022
54498,2004,0,0,102271
54498,2005,0,0,103443
54498,2006,0,0,104607
54498,2007,0,0,105752
54498,2008,0,0,106769
54518,1993,0,0,44352
54518,1994,0,0,44877
54518,1995,0,0,45502
54518,1996,0,0,46071
54518,1997,0,0,46581
54518,1998,0,0,47023
54518,1999,0,0,47392
54518,2000,0,0,47697
54518,2001,0,0,47962
54518,2002,0,0,48169
54518,2003,0,0,48319
54518,2004,0,0,48460
54518,2005,0,0,48582
54518,2006,0,0,48713
54518,2007,0,0,48765
54518,2008,0,0,48800
54520,1993,0,0,5254
54520,1994,0,0,5243
54520,1995,0,0,5125
54520,1996,0,0,5055
54520,1997,0,0,5016
54520,1998,0,0,4962
54520,1999,0,0,4937
54520,2000,0,0,4936
54520,2001,0,0,4923
54520,2002,0,0,4915
54520,2003,0,0,4923
54520,2004,0,0,4937
54520,2005,0,0,4936
54520,2006,0,0,4989
54520,2007,0,0,5000
54520,2008,0,0,5021
54553,1993,0,0,3795
54553,1994,0,0,3984
54553,1995,0,0,4248
54553,1996,0,0,4488
54553,1997,0,0,4726
54553,1998,0,0,4914
54553,1999,0,0,5127
54553,2000,18.5014,1,5405
54553,2001,0,0,5585
54553,2002,0,0,5759
54553,2003,0,0,5942
54553,2004,16.3908,1,6101
54553,2005,0,0,6326
54553,2006,0,0,6510
54553,2007,15.0195,1,6658
54553,2008,0,0,6842
54599,1993,0,0,5743
54599,1994,0,0,5767
54599,1995,0,0,5692
54599,1996,0,0,5677
54599,1997,0,0,5668
54599,1998,0,0,5653
54599,1999,0,0,5655
54599,2000,0,0,5628
54599,2001,0,0,5628
54599,2002,0,0,5607
54599,2003,0,0,5627
54599,2004,0,0,5629
54599,2005,0,0,5641
54599,2006,0,0,5648
54599,2007,0,0,5676
54599,2008,0,0,5657
54660,1993,0,0,11578
54660,1994,0,0,11489
54660,1995,0,0,11279
54660,1996,0,0,11106
54660,1997,0,0,10955
54660,1998,0,0,10835
54660,1999,0,0,10732
54660,2000,0,0,10642
54660,2001,0,0,10575
54660,2002,0,0,10534
54660,2003,0,0,10471
54660,2004,0,0,10435
54660,2005,0,0,10383
54660,2006,0,0,10356
54660,2007,0,0,10341
54660,2008,0,0,10285
54670,1993,0,0,10468
54670,1994,0,0,10471
54670,1995,0,0,10362
54670,1996,0,0,10268
54670,1997,0,0,10157
54670,1998,0,0,10135
54670,1999,0,0,10088
54670,2000,0,0,10088
54670,2001,0,0,10143
54670,2002,0,0,10198
54670,2003,0,0,10269
54670,2004,0,0,10335
54670,2005,0,0,10409
54670,2006,0,0,10505
54670,2007,0,0,10585
54670,2008,0,0,10659
54673,1993,0,0,3893
54673,1994,0,0,4039
54673,1995,0,0,4105
54673,1996,0,0,4217
54673,1997,0,0,4305
54673,1998,0,0,4380
54673,1999,0,0,4462
54673,2000,0,0,4579
54673,2001,0,0,4678
54673,2002,0,0,4764
54673,2003,0,0,4896
54673,2004,0,0,4988
54673,2005,0,0,5112
54673,2006,0,0,5220
54673,2007,0,0,5337
54673,2008,0,0,5550
54680,1993,0,0,2816
54680,1994,0,0,2881
54680,1995,0,0,2892
54680,1996,0,0,2857
54680,1997,0,0,2866
54680,1998,0,0,2881
54680,1999,0,0,2894
54680,2000,0,0,2891
54680,2001,0,0,2886
54680,2002,0,0,2909
54680,2003,0,0,2921
54680,2004,0,0,2933
54680,2005,0,0,2998
54680,2006,0,0,3050
54680,2007,0,0,3090
54680,2008,0,0,3107
54720,1993,0,0,23582
54720,1994,0,0,23530
54720,1995,0,0,23330
54720,1996,0,0,23123
54720,1997,0,0,22995
54720,1998,0,0,22890
54720,1999,0,0,22846
54720,2000,0,0,22822
54720,2001,8.7524,2,22851
54720,2002,0,0,22898
54720,2003,0,0,22954
54720,2004,13.0248,3,23033
54720,2005,4.3221,1,23137
54720,2006,0,0,23271
54720,2007,0,0,23370
54720,2008,0,0,23495
54743,1993,0,0,6264
54743,1994,0,0,6200
54743,1995,0,0,6088
54743,1996,0,0,5986
54743,1997,0,0,5883
54743,1998,0,0,5843
54743,1999,0,0,5779
54743,2000,0,0,5761
54743,2001,0,0,5728
54743,2002,0,0,5733
54743,2003,0,0,5713
54743,2004,0,0,5718
54743,2005,0,0,5732
54743,2006,0,0,5715
54743,2007,0,0,5731
54743,2008,0,0,5725
54800,1993,0,0,15496
54800,1994,0,0,15340
54800,1995,0,0,15120
54800,1996,0,0,14951
54800,1997,0,0,14772
54800,1998,0,0,14647
54800,1999,0,0,14556
54800,2000,0,0,14522
54800,2001,0,0,14493
54800,2002,0,0,14501
54800,2003,6.9046,1,14483
54800,2004,0,0,14586
54800,2005,6.8385,1,14623
54800,2006,0,0,14707
54800,2007,0,0,14802
54800,2008,0,0,14892
54810,1993,0,0,38980
54810,1994,0,0,39415
54810,1995,0,0,39582
54810,1996,0,0,39772
54810,1997,0,0,40032
54810,1998,0,0,40352
54810,1999,4.9097,2,40736
54810,2000,17.0126,7,41146
54810,2001,7.2041,3,41643
54810,2002,7.119,3,42141
54810,2003,11.7006,5,42733
54810,2004,13.8562,6,43302
54810,2005,4.5555,2,43903
54810,2006,0,0,44561
54810,2007,2.2116,1,45216
54810,2008,0,0,45846
54820,1993,0,0,16710
54820,1994,0,0,16544
54820,1995,0,0,16303
54820,1996,0,0,16055
54820,1997,0,0,15882
54820,1998,0,0,15679
54820,1999,0,0,15546
54820,2000,0,0,15456
54820,2001,0,0,15337
54820,2002,0,0,15311
54820,2003,0,0,15255
54820,2004,0,0,15263
54820,2005,0,0,15187
54820,2006,0,0,15188
54820,2007,0,0,15186
54820,2008,0,0,15185
54871,1993,0,0,5108
54871,1994,0,0,5112
54871,1995,0,0,5034
54871,1996,0,0,5009
54871,1997,0,0,4929
54871,1998,0,0,4903
54871,1999,0,0,4873
54871,2000,0,0,4884
54871,2001,0,0,4891
54871,2002,0,0,4864
54871,2003,0,0,4844
54871,2004,0,0,4835
54871,2005,0,0,4860
54871,2006,0,0,4861
54871,2007,0,0,4880
54871,2008,0,0,4891
54874,1993,0,0,75556
54874,1994,0,0,77282
54874,1995,0,0,79252
54874,1996,0,0,81116
54874,1997,0,0,82816
54874,1998,0,0,84392
54874,1999,0,0,85815
54874,2000,0,0,87116
54874,2001,2.2665,2,88243
54874,2002,0,0,89306
54874,2003,0,0,90265
54874,2004,0,0,91116
54874,2005,0,0,91948
54874,2006,0,0,92714
54874,2007,0,0,93500
54874,2008,0,0,94129
63001,1993,0,0,246661
63001,1994,0,0,250237
63001,1995,0,0,253869
63001,1996,0,0,257329
63001,1997,0,0,260548
63001,1998,0,0,263505
63001,1999,0,0,266130
63001,2000,0,0,268351
63001,2001,0,0,270246
63001,2002,0,0,271839
63001,2003,0,0,273101
63001,2004,0,0,274282
63001,2005,0,0,275385
63001,2006,0,0,276605
63001,2007,0,0,277645
63001,2008,0,0,278566
63111,1993,0,0,3502
63111,1994,0,0,3448
63111,1995,0,0,3456
63111,1996,0,0,3374
63111,1997,0,0,3348
63111,1998,0,0,3330
63111,1999,0,0,3303
63111,2000,0,0,3284
63111,2001,0,0,3243
63111,2002,0,0,3204
63111,2003,0,0,3175
63111,2004,0,0,3176
63111,2005,0,0,3152
63111,2006,0,0,3126
63111,2007,0,0,3099
63111,2008,0,0,3064
63130,1993,0,0,65183
63130,1994,0,0,65622
63130,1995,0,0,66060
63130,1996,0,0,66461
63130,1997,0,0,66851
63130,1998,0,0,67188
63130,1999,0,0,67493
63130,2000,0,0,67801
63130,2001,0,0,68009
63130,2002,0,0,68179
63130,2003,0,0,68341
63130,2004,0,0,68474
63130,2005,0,0,68633
63130,2006,0,0,68837
63130,2007,0,0,69001
63130,2008,0,0,69156
63190,1993,0,0,23065
63190,1994,0,0,23261
63190,1995,0,0,23473
63190,1996,0,0,23717
63190,1997,0,0,23941
63190,1998,0,0,24159
63190,1999,0,0,24355
63190,2000,0,0,24540
63190,2001,0,0,24746
63190,2002,0,0,24882
63190,2003,0,0,25045
63190,2004,0,0,25195
63190,2005,0,0,25341
63190,2006,0,0,25522
63190,2007,0,0,25710
63190,2008,0,0,25868
63212,1993,0,0,5706
63212,1994,0,0,5693
63212,1995,0,0,5679
63212,1996,0,0,5626
63212,1997,0,0,5639
63212,1998,0,0,5605
63212,1999,0,0,5636
63212,2000,0,0,5634
63212,2001,0,0,5554
63212,2002,0,0,5563
63212,2003,0,0,5553
63212,2004,0,0,5512
63212,2005,0,0,5530
63212,2006,0,0,5527
63212,2007,0,0,5465
63212,2008,0,0,5461
63272,1993,0,0,12154
63272,1994,0,0,12094
63272,1995,0,0,12010
63272,1996,0,0,11967
63272,1997,0,0,11919
63272,1998,0,0,11895
63272,1999,0,0,11860
63272,2000,0,0,11826
63272,2001,0,0,11808
63272,2002,0,0,11772
63272,2003,0,0,11756
63272,2004,0,0,11749
63272,2005,0,0,11719
63272,2006,0,0,11729
63272,2007,0,0,11736
63272,2008,0,0,11709
63302,1993,0,0,10326
63302,1994,0,0,10215
63302,1995,0,0,10052
63302,1996,0,0,9915
63302,1997,0,0,9728
63302,1998,0,0,9597
63302,1999,0,0,9462
63302,2000,0,0,9414
63302,2001,0,0,9267
63302,2002,0,0,9087
63302,2003,0,0,8967
63302,2004,0,0,8848
63302,2005,0,0,8732
63302,2006,0,0,8549
63302,2007,0,0,8465
63302,2008,0,0,8339
63401,1993,0,0,25448
63401,1994,0,0,25925
63401,1995,0,0,26358
63401,1996,0,0,26814
63401,1997,0,0,27253
63401,1998,0,0,27638
63401,1999,0,0,27993
63401,2000,0,0,28318
63401,2001,0,0,28649
63401,2002,0,0,28947
63401,2003,0,0,29186
63401,2004,0,0,29416
63401,2005,0,0,29704
63401,2006,0,0,29928
63401,2007,0,0,30173
63401,2008,0,0,30386
63470,1993,0,0,35757
63470,1994,0,0,35889
63470,1995,0,0,36025
63470,1996,0,0,36128
63470,1997,0,0,36231
63470,1998,0,0,36315
63470,1999,0,0,36376
63470,2000,0,0,36389
63470,2001,0,0,36419
63470,2002,0,0,36367
63470,2003,0,0,36329
63470,2004,0,0,36280
63470,2005,0,0,36237
63470,2006,0,0,36192
63470,2007,0,0,36156
63470,2008,0,0,36124
63548,1993,0,0,8046
63548,1994,0,0,7934
63548,1995,0,0,7757
63548,1996,0,0,7610
63548,1997,0,0,7507
63548,1998,0,0,7384
63548,1999,0,0,7223
63548,2000,0,0,7074
63548,2001,0,0,6965
63548,2002,0,0,6844
63548,2003,0,0,6743
63548,2004,0,0,6641
63548,2005,0,0,6457
63548,2006,0,0,6360
63548,2007,0,0,6257
63548,2008,0,0,6106
63594,1993,0,0,34121
63594,1994,0,0,33986
63594,1995,0,0,33868
63594,1996,0,0,33780
63594,1997,0,0,33693
63594,1998,0,0,33582
63594,1999,0,0,33452
63594,2000,0,0,33299
63594,2001,0,0,33108
63594,2002,0,0,32933
63594,2003,0,0,32733
63594,2004,0,0,32529
63594,2005,0,0,32308
63594,2006,0,0,32143
63594,2007,0,0,31962
63594,2008,0,0,31770
63690,1993,0,0,7469
63690,1994,0,0,7498
63690,1995,0,0,7519
63690,1996,0,0,7582
63690,1997,0,0,7574
63690,1998,0,0,7615
63690,1999,0,0,7706
63690,2000,0,0,7737
63690,2001,0,0,7794
63690,2002,0,0,7849
63690,2003,0,0,7879
63690,2004,0,0,7917
63690,2005,0,0,7983
63690,2006,0,0,8071
63690,2007,0,0,8133
63690,2008,0,0,8176
66001,1993,0,0,365864
66001,1994,0,0,372637
66001,1995,0,0,379266
66001,1996,0,0,385722
66001,1997,0,0,391815
66001,1998,0,0,397567
66001,1999,0,0,402917
66001,2000,0,0,407719
66001,2001,0,0,412033
66001,2002,0,0,415900
66001,2003,0.2384,1,419451
66001,2004,0,0,423023
66001,2005,0,0,426566
66001,2006,0,0,430198
66001,2007,0,0,433632
66001,2008,0,0,436494
66045,1993,0,0,15193
66045,1994,0,0,15131
66045,1995,0,0,15064
66045,1996,0,0,14945
66045,1997,0,0,14932
66045,1998,0,0,14815
66045,1999,0,0,14747
66045,2000,0,0,14622
66045,2001,0,0,14510
66045,2002,0,0,14345
66045,2003,0,0,14209
66045,2004,0,0,14051
66045,2005,0,0,13941
66045,2006,0,0,13842
66045,2007,0,0,13658
66045,2008,0,0,13551
66075,1993,0,0,8698
66075,1994,0,0,8647
66075,1995,0,0,8564
66075,1996,0,0,8489
66075,1997,0,0,8412
66075,1998,0,0,8323
66075,1999,0,0,8248
66075,2000,0,0,8109
66075,2001,0,0,8043
66075,2002,0,0,7962
66075,2003,0,0,7828
66075,2004,0,0,7688
66075,2005,0,0,7578
66075,2006,0,0,7539
66075,2007,0,0,7454
66075,2008,0,0,7319
66088,1993,0,0,25776
66088,1994,0,0,25834
66088,1995,0,0,25879
66088,1996,0,0,25930
66088,1997,0,0,25962
66088,1998,0,0,25962
66088,1999,0,0,25973
66088,2000,0,0,25943
66088,2001,0,0,25865
66088,2002,0,0,25809
66088,2003,7.78,2,25707
66088,2004,3.8997,1,25643
66088,2005,0,0,25543
66088,2006,0,0,25478
66088,2007,0,0,25423
66088,2008,0,0,25309
66170,1993,0,0,143353
66170,1994,0,0,147588
66170,1995,0,0,151788
66170,1996,0,0,155890
66170,1997,0,0,159878
66170,1998,0,0,163702
66170,1999,0,0,167314
66170,2000,0,0,170732
66170,2001,0,0,173940
66170,2002,0,0,176913
66170,2003,0,0,179747
66170,2004,0,0,182554
66170,2005,0,0,185340
66170,2006,0,0,188123
66170,2007,0,0,190824
66170,2008,0,0,193204
66318,1993,0,0,13932
66318,1994,0,0,13890
66318,1995,0,0,13854
66318,1996,0,0,13822
66318,1997,0,0,13760
66318,1998,0,0,13709
66318,1999,0,0,13629
66318,2000,0,0,13581
66318,2001,0,0,13493
66318,2002,0,0,13377
66318,2003,0,0,13297
66318,2004,0,0,13203
66318,2005,0,0,13118
66318,2006,0,0,13055
66318,2007,0,0,12912
66318,2008,0,0,12835
66383,1993,0,0,8989
66383,1994,0,0,8937
66383,1995,0,0,8917
66383,1996,0,0,8889
66383,1997,0,0,8838
66383,1998,0,0,8808
66383,1999,0,0,8747
66383,2000,0,0,8699
66383,2001,11.5915,1,8627
66383,2002,0,0,8541
66383,2003,0,0,8468
66383,2004,0,0,8377
66383,2005,0,0,8308
66383,2006,0,0,8246
66383,2007,0,0,8198
66383,2008,0,0,8132
66400,1993,0,0,28066
66400,1994,0,0,28272
66400,1995,0,0,28451
66400,1996,0,0,28664
66400,1997,0,0,28752
66400,1998,0,0,28908
66400,1999,0,0,28933
66400,2000,0,0,28989
66400,2001,0,0,28973
66400,2002,0,0,28939
66400,2003,0,0,28910
66400,2004,0,0,28866
66400,2005,0,0,28824
66400,2006,0,0,28781
66400,2007,0,0,28695
66400,2008,0,0,28602
66440,1993,0,0,21224
66440,1994,0,0,21122
66440,1995,0,0,21036
66440,1996,0,0,20918
66440,1997,0,0,20771
66440,1998,0,0,20642
66440,1999,0,0,20511
66440,2000,0,0,20304
66440,2001,0,0,20149
66440,2002,0,0,19964
66440,2003,0,0,19719
66440,2004,0,0,19556
66440,2005,0,0,19291
66440,2006,0,0,19146
66440,2007,0,0,18924
66440,2008,0,0,18710
66456,1993,0,0,12777
66456,1994,0,0,12961
66456,1995,0,0,13178
66456,1996,0,0,13400
66456,1997,0,0,13613
66456,1998,0,0,13801
66456,1999,0,0,13986
66456,2000,0,0,14160
66456,2001,0,0,14311
66456,2002,0,0,14433
66456,2003,0,0,14602
66456,2004,0,0,14741
66456,2005,0,0,14900
66456,2006,0,0,15018
66456,2007,0,0,15189
66456,2008,0,0,15320
66572,1993,0,0,12269
66572,1994,0,0,12466
66572,1995,0,0,12665
66572,1996,0,0,12818
66572,1997,0,0,13038
66572,1998,0,0,13196
66572,1999,7.4755,1,13377
66572,2000,0,0,13517
66572,2001,0,0,13660
66572,2002,0,0,13785
66572,2003,0,0,13919
66572,2004,0,0,14067
66572,2005,0,0,14179
66572,2006,0,0,14319
66572,2007,0,0,14464
66572,2008,0,0,14575
66594,1993,0,0,30483
66594,1994,0,0,30447
66594,1995,0,0,30386
66594,1996,0,0,30321
66594,1997,0,0,30261
66594,1998,0,0,30155
66594,1999,0,0,30044
66594,2000,3.3435,1,29909
66594,2001,0,0,29739
66594,2002,0,0,29575
66594,2003,0,0,29373
66594,2004,3.4268,1,29182
66594,2005,0,0,29026
66594,2006,0,0,28881
66594,2007,0,0,28714
66594,2008,0,0,28531
66682,1993,0,0,72006
66682,1994,0,0,72681
66682,1995,0,0,73331
66682,1996,0,0,73952
66682,1997,0,0,74506
66682,1998,0,0,74992
66682,1999,0,0,75439
66682,2000,0,0,75777
66682,2001,0,0,76051
66682,2002,0,0,76205
66682,2003,0,0,76354
66682,2004,0,0,76477
66682,2005,1.3051,1,76620
66682,2006,0,0,76800
66682,2007,0,0,76950
66682,2008,0,0,76950
66687,1993,0,0,16482
66687,1994,0,0,16390
66687,1995,0,0,16283
66687,1996,0,0,16149
66687,1997,0,0,16056
66687,1998,0,0,15932
66687,1999,0,0,15747
66687,2000,0,0,15686
66687,2001,0,0,15452
66687,2002,0,0,15290
66687,2003,0,0,15144
66687,2004,0,0,14912
66687,2005,0,0,14740
66687,2006,0,0,14595
66687,2007,0,0,14363
66687,2008,0,0,14265
68001,1993,0,0,387236
68001,1994,0,0,395712
68001,1995,0,0,404395
68001,1996,0,0,413058
68001,1997,0,0,421729
68001,1998,0,0,430229
68001,1999,0,0,438388
68001,2000,0,0,446629
68001,2001,0.22,1,454518
68001,2002,0.2163,1,462341
68001,2003,0.2128,1,469905
68001,2004,0,0,477547
68001,2005,0,0,484962
68001,2006,0.4059,2,492693
68001,2007,0,0,500260
68001,2008,0,0,507605
68013,1993,0,0,2153
68013,1994,0,0,2146
68013,1995,0,0,2129
68013,1996,0,0,2123
68013,1997,0,0,2082
68013,1998,0,0,2097
68013,1999,0,0,2074
68013,2000,0,0,2098
68013,2001,0,0,2087
68013,2002,0,0,2075
68013,2003,0,0,2055
68013,2004,0,0,2043
68013,2005,0,0,2060
68013,2006,0,0,2037
68013,2007,0,0,2003
68013,2008,0,0,2003
68020,1993,0,0,5483
68020,1994,0,0,5460
68020,1995,0,0,5346
68020,1996,0,0,5337
68020,1997,0,0,5278
68020,1998,0,0,5210
68020,1999,0,0,5138
68020,2000,0,0,5115
68020,2001,0,0,5050
68020,2002,0,0,4980
68020,2003,0,0,4938
68020,2004,0,0,4822
68020,2005,0,0,4789
68020,2006,0,0,4719
68020,2007,0,0,4639
68020,2008,0,0,4604
68051,1993,0,0,7396
68051,1994,0,0,7428
68051,1995,0,0,7445
68051,1996,0,0,7466
68051,1997,0,0,7528
68051,1998,0,0,7563
68051,1999,0,0,7613
68051,2000,0,0,7654
68051,2001,0,0,7698
68051,2002,0,0,7703
68051,2003,0,0,7747
68051,2004,0,0,7731
68051,2005,0,0,7727
68051,2006,0,0,7784
68051,2007,0,0,7806
68051,2008,0,0,7852
68077,1993,0,0,19625
68077,1994,0,0,20133
68077,1995,0,0,20613
68077,1996,0,0,21119
68077,1997,0,0,21608
68077,1998,0,0,22083
68077,1999,0,0,22554
68077,2000,0,0,23041
68077,2001,0,0,23512
68077,2002,0,0,24047
68077,2003,0,0,24426
68077,2004,0,0,24879
68077,2005,0,0,25317
68077,2006,0,0,25746
68077,2007,0,0,26220
68077,2008,0,0,26672
68079,1993,0,0,7803
68079,1994,0,0,7952
68079,1995,0,0,8084
68079,1996,0,0,8149
68079,1997,0,0,8301
68079,1998,0,0,8393
68079,1999,0,0,8536
68079,2000,0,0,8652
68079,2001,0,0,8746
68079,2002,0,0,8816
68079,2003,0,0,8906
68079,2004,0,0,8999
68079,2005,0,0,9074
68079,2006,0,0,9176
68079,2007,0,0,9285
68079,2008,0,0,9395
68081,1993,0,0,157432
68081,1994,0,0,159591
68081,1995,0,0,161811
68081,1996,0,0,164013
68081,1997,0,0,166205
68081,1998,0,0,168342
68081,1999,0,0,170366
68081,2000,2.3212,4,172323
68081,2001,4.018,7,174217
68081,2002,1.7041,3,176044
68081,2003,18.0003,32,177775
68081,2004,26.7386,48,179516
68081,2005,5.5168,10,181263
68081,2006,1.0927,2,183041
68081,2007,0.5412,1,184791
68081,2008,0,0,186460
68092,1993,0,0,5883
68092,1994,0,0,5878
68092,1995,0,0,5906
68092,1996,0,0,5936
68092,1997,0,0,5956
68092,1998,0,0,5919
68092,1999,0,0,5897
68092,2000,0,0,5913
68092,2001,0,0,5933
68092,2002,0,0,5931
68092,2003,67.7851,4,5901
68092,2004,135.9157,8,5886
68092,2005,34.2877,2,5833
68092,2006,0,0,5843
68092,2007,0,0,5830
68092,2008,0,0,5841
68101,1993,0,0,19899
68101,1994,0,0,19609
68101,1995,0,0,19272
68101,1996,0,0,18945
68101,1997,0,0,18538
68101,1998,0,0,18207
68101,1999,0,0,17890
68101,2000,0,0,17504
68101,2001,0,0,17150
68101,2002,0,0,16744
68101,2003,0,0,16414
68101,2004,0,0,16050
68101,2005,0,0,15679
68101,2006,0,0,15291
68101,2007,0,0,14951
68101,2008,0,0,14584
68121,1993,0,0,2323
68121,1994,0,0,2263
68121,1995,0,0,2236
68121,1996,0,0,2268
68121,1997,0,0,2262
68121,1998,0,0,2173
68121,1999,0,0,2232
68121,2000,0,0,2221
68121,2001,0,0,2188
68121,2002,0,0,2170
68121,2003,0,0,2146
68121,2004,0,0,2158
68121,2005,0,0,2164
68121,2006,0,0,2125
68121,2007,0,0,2072
68121,2008,0,0,2076
68132,1993,0,0,1411
68132,1994,0,0,1441
68132,1995,0,0,1472
68132,1996,0,0,1454
68132,1997,0,0,1509
68132,1998,0,0,1591
68132,1999,0,0,1611
68132,2000,0,0,1584
68132,2001,0,0,1606
68132,2002,0,0,1647
68132,2003,0,0,1702
68132,2004,0,0,1736
68132,2005,0,0,1752
68132,2006,0,0,1765
68132,2007,0,0,1799
68132,2008,0,0,1847
68147,1993,0,0,7080
68147,1994,0,0,7032
68147,1995,0,0,7011
68147,1996,0,0,6946
68147,1997,0,0,6909
68147,1998,0,0,6864
68147,1999,0,0,6811
68147,2000,0,0,6681
68147,2001,0,0,6614
68147,2002,0,0,6560
68147,2003,0,0,6490
68147,2004,0,0,6413
68147,2005,0,0,6314
68147,2006,0,0,6284
68147,2007,0,0,6211
68147,2008,0,0,6158
68152,1993,0,0,5836
68152,1994,0,0,5802
68152,1995,0,0,5773
68152,1996,0,0,5689
68152,1997,0,0,5648
68152,1998,0,0,5590
68152,1999,0,0,5524
68152,2000,0,0,5448
68152,2001,18.5598,1,5388
68152,2002,0,0,5290
68152,2003,0,0,5192
68152,2004,0,0,5121
68152,2005,0,0,5093
68152,2006,0,0,5027
68152,2007,0,0,4985
68152,2008,0,0,4880
68160,1993,0,0,2365
68160,1994,0,0,2289
68160,1995,0,0,2298
68160,1996,0,0,2284
68160,1997,0,0,2232
68160,1998,0,0,2204
68160,1999,0,0,2213
68160,2000,0,0,2178
68160,2001,0,0,2188
68160,2002,0,0,2177
68160,2003,0,0,2191
68160,2004,0,0,2180
68160,2005,0,0,2182
68160,2006,0,0,2160
68160,2007,0,0,2140
68160,2008,0,0,2123
68162,1993,0,0,6129
68162,1994,0,0,6159
68162,1995,0,0,6199
68162,1996,0,0,6248
68162,1997,0,0,6269
68162,1998,0,0,6287
68162,1999,0,0,6323
68162,2000,0,0,6342
68162,2001,15.7332,1,6356
68162,2002,0,0,6380
68162,2003,0,0,6393
68162,2004,0,0,6399
68162,2005,0,0,6412
68162,2006,0,0,6450
68162,2007,0,0,6455
68162,2008,0,0,6498
68167,1993,0,0,15187
68167,1994,0,0,15077
68167,1995,0,0,14950
68167,1996,0,0,14840
68167,1997,0,0,14784
68167,1998,0,0,14699
68167,1999,0,0,14577
68167,2000,0,0,14472
68167,2001,0,0,14356
68167,2002,0,0,14234
68167,2003,7.0998,1,14085
68167,2004,0,0,13965
68167,2005,0,0,13813
68167,2006,0,0,13683
68167,2007,0,0,13552
68167,2008,0,0,13430
68169,1993,0,0,3564
68169,1994,0,0,3533
68169,1995,0,0,3512
68169,1996,0,0,3457
68169,1997,0,0,3426
68169,1998,0,0,3430
68169,1999,0,0,3347
68169,2000,0,0,3360
68169,2001,0,0,3343
68169,2002,0,0,3259
68169,2003,0,0,3234
68169,2004,0,0,3214
68169,2005,0,0,3170
68169,2006,0,0,3159
68169,2007,0,0,3115
68169,2008,0,0,3054
68176,1993,0,0,3641
68176,1994,0,0,3612
68176,1995,0,0,3585
68176,1996,0,0,3541
68176,1997,0,0,3499
68176,1998,0,0,3424
68176,1999,0,0,3397
68176,2000,0,0,3438
68176,2001,0,0,3375
68176,2002,0,0,3369
68176,2003,0,0,3300
68176,2004,0,0,3293
68176,2005,0,0,3219
68176,2006,0,0,3252
68176,2007,0,0,3177
68176,2008,0,0,3170
68179,1993,0,0,6375
68179,1994,0,0,6290
68179,1995,0,0,6246
68179,1996,0,0,6202
68179,1997,0,0,6142
68179,1998,0,0,6112
68179,1999,0,0,6087
68179,2000,0,0,6025
68179,2001,0,0,5934
68179,2002,0,0,5834
68179,2003,0,0,5801
68179,2004,0,0,5757
68179,2005,0,0,5712
68179,2006,0,0,5612
68179,2007,0,0,5564
68179,2008,0,0,5527
68190,1993,0,0,20700
68190,1994,0,0,21206
68190,1995,0,0,21706
68190,1996,0,0,22223
68190,1997,0,0,22756
68190,1998,0,0,23295
68190,1999,0,0,23779
68190,2000,0,0,24293
68190,2001,0,0,24777
68190,2002,0,0,25234
68190,2003,15.5642,4,25700
68190,2004,19.1058,5,26170
68190,2005,7.5016,2,26661
68190,2006,0,0,27110
68190,2007,0,0,27576
68190,2008,0,0,28021
68207,1993,0,0,6776
68207,1994,0,0,6758
68207,1995,0,0,6691
68207,1996,0,0,6704
68207,1997,0,0,6652
68207,1998,0,0,6629
68207,1999,0,0,6575
68207,2000,0,0,6525
68207,2001,15.4703,1,6464
68207,2002,0,0,6400
68207,2003,0,0,6350
68207,2004,0,0,6297
68207,2005,0,0,6295
68207,2006,0,0,6221
68207,2007,0,0,6178
68207,2008,0,0,6163
68209,1993,0,0,2429
68209,1994,0,0,2443
68209,1995,0,0,2454
68209,1996,0,0,2467
68209,1997,0,0,2521
68209,1998,0,0,2584
68209,1999,0,0,2601
68209,2000,0,0,2622
68209,2001,0,0,2663
68209,2002,0,0,2684
68209,2003,0,0,2706
68209,2004,0,0,2733
68209,2005,0,0,2752
68209,2006,0,0,2817
68209,2007,0,0,2829
68209,2008,0,0,2840
68211,1993,0,0,3972
68211,1994,0,0,3982
68211,1995,0,0,4025
68211,1996,0,0,4034
68211,1997,0,0,3974
68211,1998,0,0,3920
68211,1999,0,0,3899
68211,2000,0,0,3895
68211,2001,0,0,3903
68211,2002,0,0,3866
68211,2003,0,0,3860
68211,2004,0,0,3836
68211,2005,0,0,3875
68211,2006,0,0,3863
68211,2007,0,0,3826
68211,2008,0,0,3788
68217,1993,0,0,6481
68217,1994,0,0,6425
68217,1995,0,0,6373
68217,1996,0,0,6311
68217,1997,0,0,6248
68217,1998,0,0,6190
68217,1999,0,0,6187
68217,2000,0,0,6137
68217,2001,0,0,6082
68217,2002,0,0,5994
68217,2003,0,0,5920
68217,2004,0,0,5844
68217,2005,0,0,5775
68217,2006,0,0,5733
68217,2007,0,0,5676
68217,2008,0,0,5612
68229,1993,0,0,9792
68229,1994,0,0,9933
68229,1995,0,0,10093
68229,1996,0,0,10219
68229,1997,0,0,10345
68229,1998,0,0,10480
68229,1999,0,0,10582
68229,2000,0,0,10689
68229,2001,0,0,10815
68229,2002,0,0,10918
68229,2003,0,0,11038
68229,2004,0,0,11136
68229,2005,0,0,11211
68229,2006,0,0,11320
68229,2007,0,0,11442
68229,2008,0,0,11537
68235,1993,0,0,15125
68235,1994,0,0,15387
68235,1995,0,0,15635
68235,1996,0,0,15870
68235,1997,0,0,16154
68235,1998,0,0,16383
68235,1999,0,0,16611
68235,2000,0,0,16836
68235,2001,0,0,17065
68235,2002,0,0,17255
68235,2003,5.7192,1,17485
68235,2004,0,0,17713
68235,2005,0,0,17938
68235,2006,0,0,18136
68235,2007,0,0,18351
68235,2008,0,0,18548
68245,1993,0,0,2638
68245,1994,0,0,2625
68245,1995,0,0,2567
68245,1996,0,0,2514
68245,1997,0,0,2510
68245,1998,0,0,2504
68245,1999,0,0,2554
68245,2000,0,0,2471
68245,2001,0,0,2441
68245,2002,0,0,2455
68245,2003,0,0,2430
68245,2004,0,0,2422
68245,2005,0,0,2395
68245,2006,0,0,2432
68245,2007,0,0,2378
68245,2008,0,0,2290
68250,1993,0,0,6039
68250,1994,0,0,6040
68250,1995,0,0,6031
68250,1996,0,0,6048
68250,1997,0,0,6019
68250,1998,0,0,5902
68250,1999,0,0,5897
68250,2000,0,0,5881
68250,2001,0,0,5848
68250,2002,0,0,5768
68250,2003,0,0,5718
68250,2004,0,0,5684
68250,2005,0,0,5668
68250,2006,0,0,5595
68250,2007,0,0,5621
68250,2008,0,0,5577
68255,1993,0,0,13017
68255,1994,0,0,13078
68255,1995,0,0,13069
68255,1996,0,0,13170
68255,1997,0,0,13228
68255,1998,0,0,13236
68255,1999,7.529,1,13282
68255,2000,7.5036,1,13327
68255,2001,0,0,13316
68255,2002,0,0,13359
68255,2003,0,0,13410
68255,2004,7.4505,1,13422
68255,2005,0,0,13390
68255,2006,0,0,13409
68255,2007,0,0,13426
68255,2008,0,0,13436
68264,1993,0,0,2762
68264,1994,0,0,2769
68264,1995,0,0,2765
68264,1996,0,0,2762
68264,1997,0,0,2739
68264,1998,0,0,2764
68264,1999,0,0,2792
68264,2000,0,0,2762
68264,2001,0,0,2759
68264,2002,0,0,2747
68264,2003,0,0,2746
68264,2004,0,0,2684
68264,2005,0,0,2677
68264,2006,0,0,2693
68264,2007,0,0,2729
68264,2008,0,0,2722
68266,1993,0,0,4561
68266,1994,0,0,4554
68266,1995,0,0,4496
68266,1996,0,0,4450
68266,1997,0,0,4385
68266,1998,0,0,4386
68266,1999,0,0,4314
68266,2000,0,0,4249
68266,2001,0,0,4204
68266,2002,0,0,4149
68266,2003,0,0,4093
68266,2004,0,0,4047
68266,2005,0,0,4001
68266,2006,0,0,3929
68266,2007,0,0,3892
68266,2008,0,0,3829
68271,1993,0,0,6479
68271,1994,0,0,6436
68271,1995,0,0,6456
68271,1996,0,0,6422
68271,1997,0,0,6358
68271,1998,0,0,6347
68271,1999,0,0,6350
68271,2000,0,0,6266
68271,2001,0,0,6227
68271,2002,0,0,6153
68271,2003,0,0,6117
68271,2004,82.5764,5,6055
68271,2005,49.9085,3,6011
68271,2006,0,0,5978
68271,2007,0,0,5989
68271,2008,0,0,5921
68276,1993,0,0,172503
68276,1994,0,0,177592
68276,1995,0,0,182774
68276,1996,0,0,187941
68276,1997,0,0,193120
68276,1998,0,0,198230
68276,1999,0,0,203236
68276,2000,0,0,208190
68276,2001,0,0,213031
68276,2002,0,0,217851
68276,2003,0,0,222548
68276,2004,0,0,227283
68276,2005,0,0,231908
68276,2006,0,0,236668
68276,2007,0,0,241392
68276,2008,0,0,245996
68296,1993,0,0,3450
68296,1994,0,0,3473
68296,1995,0,0,3429
68296,1996,0,0,3402
68296,1997,0,0,3367
68296,1998,0,0,3401
68296,1999,0,0,3355
68296,2000,0,0,3289
68296,2001,0,0,3315
68296,2002,0,0,3274
68296,2003,0,0,3231
68296,2004,0,0,3163
68296,2005,0,0,3175
68296,2006,0,0,3138
68296,2007,0,0,3113
68296,2008,0,0,3090
68298,1993,0,0,5046
68298,1994,0,0,4999
68298,1995,0,0,4919
68298,1996,0,0,4901
68298,1997,0,0,4847
68298,1998,0,0,4828
68298,1999,0,0,4793
68298,2000,0,0,4758
68298,2001,0,0,4680
68298,2002,0,0,4648
68298,2003,0,0,4614
68298,2004,0,0,4564
68298,2005,0,0,4502
68298,2006,0,0,4491
68298,2007,0,0,4443
68298,2008,0,0,4427
68307,1993,0,0,75169
68307,1994,0,0,78674
68307,1995,0,0,82203
68307,1996,0,0,85768
68307,1997,0,0,89344
68307,1998,0,0,92894
68307,1999,0,0,96382
68307,2000,0,0,99888
68307,2001,0,0,103324
68307,2002,0,0,106736
68307,2003,0.9082,1,110105
68307,2004,0,0,113496
68307,2005,0,0,116868
68307,2006,0,0,120256
68307,2007,0,0,123604
68307,2008,0,0,126935
68318,1993,0,0,7395
68318,1994,0,0,7359
68318,1995,0,0,7297
68318,1996,0,0,7249
68318,1997,0,0,7245
68318,1998,0,0,7143
68318,1999,0,0,7058
68318,2000,0,0,7000
68318,2001,0,0,6942
68318,2002,0,0,6868
68318,2003,0,0,6793
68318,2004,0,0,6761
68318,2005,0,0,6700
68318,2006,0,0,6581
68318,2007,0,0,6549
68318,2008,0,0,6477
68320,1993,0,0,6422
68320,1994,0,0,6362
68320,1995,0,0,6291
68320,1996,0,0,6183
68320,1997,0,0,6076
68320,1998,0,0,6044
68320,1999,0,0,5955
68320,2000,0,0,5913
68320,2001,0,0,5780
68320,2002,0,0,5693
68320,2003,0,0,5614
68320,2004,0,0,5543
68320,2005,0,0,5440
68320,2006,0,0,5381
68320,2007,0,0,5286
68320,2008,0,0,5196
68322,1993,0,0,2311
68322,1994,0,0,2325
68322,1995,0,0,2282
68322,1996,0,0,2284
68322,1997,0,0,2293
68322,1998,0,0,2354
68322,1999,0,0,2352
68322,2000,0,0,2352
68322,2001,0,0,2353
68322,2002,0,0,2310
68322,2003,0,0,2329
68322,2004,0,0,2323
68322,2005,0,0,2319
68322,2006,0,0,2347
68322,2007,0,0,2386
68322,2008,0,0,2370
68324,1993,0,0,5735
68324,1994,0,0,5683
68324,1995,0,0,5596
68324,1996,0,0,5565
68324,1997,0,0,5498
68324,1998,0,0,5416
68324,1999,0,0,5388
68324,2000,0,0,5292
68324,2001,0,0,5234
68324,2002,0,0,5134
68324,2003,0,0,5079
68324,2004,0,0,5028
68324,2005,0,0,4937
68324,2006,0,0,4914
68324,2007,0,0,4861
68324,2008,0,0,4822
68327,1993,0,0,3926
68327,1994,0,0,3973
68327,1995,0,0,4028
68327,1996,0,0,4079
68327,1997,0,0,4141
68327,1998,0,0,4169
68327,1999,0,0,4230
68327,2000,0,0,4257
68327,2001,0,0,4319
68327,2002,22.8676,1,4373
68327,2003,0,0,4392
68327,2004,0,0,4472
68327,2005,0,0,4500
68327,2006,0,0,4547
68327,2007,0,0,4587
68327,2008,0,0,4628
68344,1993,0,0,2322
68344,1994,0,0,2358
68344,1995,0,0,2311
68344,1996,0,0,2318
68344,1997,0,0,2342
68344,1998,0,0,2347
68344,1999,0,0,2316
68344,2000,0,0,2336
68344,2001,0,0,2295
68344,2002,0,0,2320
68344,2003,0,0,2322
68344,2004,0,0,2257
68344,2005,0,0,2301
68344,2006,0,0,2282
68344,2007,0,0,2305
68344,2008,0,0,2288
68368,1993,0,0,3856
68368,1994,0,0,3820
68368,1995,0,0,3783
68368,1996,0,0,3790
68368,1997,0,0,3782
68368,1998,0,0,3755
68368,1999,0,0,3692
68368,2000,0,0,3682
68368,2001,0,0,3654
68368,2002,0,0,3651
68368,2003,0,0,3668
68368,2004,0,0,3670
68368,2005,0,0,3634
68368,2006,0,0,3616
68368,2007,0,0,3595
68368,2008,0,0,3564
68370,1993,0,0,1344
68370,1994,0,0,1333
68370,1995,0,0,1327
68370,1996,0,0,1319
68370,1997,0,0,1303
68370,1998,0,0,1289
68370,1999,0,0,1293
68370,2000,0,0,1292
68370,2001,0,0,1285
68370,2002,0,0,1280
68370,2003,0,0,1276
68370,2004,0,0,1303
68370,2005,0,0,1282
68370,2006,0,0,1276
68370,2007,0,0,1273
68370,2008,0,0,1268
68377,1993,0,0,8051
68377,1994,0,0,7962
68377,1995,0,0,7890
68377,1996,0,0,7804
68377,1997,0,0,7759
68377,1998,0,0,7685
68377,1999,0,0,7585
68377,2000,0,0,7545
68377,2001,13.3138,1,7511
68377,2002,13.4971,1,7409
68377,2003,0,0,7286
68377,2004,0,0,7206
68377,2005,0,0,7113
68377,2006,0,0,7051
68377,2007,0,0,6988
68377,2008,0,0,6929
68385,1993,0,0,10635
68385,1994,0,0,10660
68385,1995,0,0,10684
68385,1996,0,0,10683
68385,1997,0,0,10657
68385,1998,0,0,10638
68385,1999,0,0,10649
68385,2000,0,0,10619
68385,2001,9.4277,1,10607
68385,2002,0,0,10586
68385,2003,9.4464,1,10586
68385,2004,0,0,10553
68385,2005,9.5211,1,10503
68385,2006,0,0,10482
68385,2007,0,0,10490
68385,2008,0,0,10465
68397,1993,0,0,6721
68397,1994,0,0,6679
68397,1995,0,0,6607
68397,1996,0,0,6561
68397,1997,0,0,6494
68397,1998,0,0,6352
68397,1999,0,0,6318
68397,2000,0,0,6233
68397,2001,0,0,6146
68397,2002,0,0,6045
68397,2003,0,0,5959
68397,2004,0,0,5902
68397,2005,0,0,5825
68397,2006,0,0,5764
68397,2007,0,0,5674
68397,2008,0,0,5601
68406,1993,0,0,26295
68406,1994,0,0,26935
68406,1995,0,0,27590
68406,1996,0,0,28210
68406,1997,0,0,28864
68406,1998,0,0,29531
68406,1999,0,0,30183
68406,2000,0,0,30810
68406,2001,0,0,31459
68406,2002,0,0,32065
68406,2003,24.5015,8,32651
68406,2004,6.0149,2,33251
68406,2005,0,0,33858
68406,2006,0,0,34445
68406,2007,0,0,35046
68406,2008,0,0,35615
68418,1993,0,0,9961
68418,1994,0,0,10128
68418,1995,0,0,10314
68418,1996,0,0,10481
68418,1997,0,0,10636
68418,1998,0,0,10764
68418,1999,0,0,10948
68418,2000,0,0,11141
68418,2001,0,0,11322
68418,2002,0,0,11451
68418,2003,0,0,11629
68418,2004,0,0,11804
68418,2005,0,0,11957
68418,2006,0,0,12101
68418,2007,0,0,12235
68418,2008,0,0,12410
68425,1993,0,0,4028
68425,1994,0,0,3935
68425,1995,0,0,3870
68425,1996,0,0,3819
68425,1997,0,0,3728
68425,1998,0,0,3648
68425,1999,0,0,3612
68425,2000,0,0,3491
68425,2001,0,0,3423
68425,2002,0,0,3306
68425,2003,0,0,3254
68425,2004,0,0,3178
68425,2005,0,0,3103
68425,2006,0,0,3061
68425,2007,0,0,2971
68425,2008,0,0,2901
68432,1993,0,0,16675
68432,1994,0,0,16857
68432,1995,0,0,17080
68432,1996,0,0,17275
68432,1997,0,0,17454
68432,1998,0,0,17644
68432,1999,0,0,17811
68432,2000,0,0,18020
68432,2001,0,0,18188
68432,2002,0,0,18373
68432,2003,0,0,18540
68432,2004,0,0,18707
68432,2005,0,0,18876
68432,2006,0,0,19033
68432,2007,0,0,19195
68432,2008,0,0,19359
68444,1993,0,0,5652
68444,1994,0,0,5606
68444,1995,0,0,5580
68444,1996,0,0,5560
68444,1997,0,0,5549
68444,1998,0,0,5508
68444,1999,0,0,5498
68444,2000,0,0,5453
68444,2001,0,0,5417
68444,2002,0,0,5384
68444,2003,0,0,5336
68444,2004,0,0,5312
68444,2005,0,0,5282
68444,2006,0,0,5239
68444,2007,0,0,5243
68444,2008,0,0,5211
68464,1993,0,0,11614
68464,1994,0,0,11587
68464,1995,0,0,11580
68464,1996,0,0,11542
68464,1997,0,0,11513
68464,1998,0,0,11497
68464,1999,0,0,11430
68464,2000,0,0,11400
68464,2001,0,0,11347
68464,2002,8.8472,1,11303
68464,2003,0,0,11249
68464,2004,0,0,11186
68464,2005,0,0,11124
68464,2006,0,0,11080
68464,2007,0,0,10968
68464,2008,0,0,10944
68468,1993,0,0,6633
68468,1994,0,0,6542
68468,1995,0,0,6467
68468,1996,0,0,6326
68468,1997,0,0,6244
68468,1998,0,0,6158
68468,1999,0,0,6116
68468,2000,0,0,6005
68468,2001,0,0,5864
68468,2002,0,0,5765
68468,2003,0,0,5658
68468,2004,0,0,5532
68468,2005,0,0,5432
68468,2006,0,0,5350
68468,2007,0,0,5234
68468,2008,0,0,5139
68498,1993,0,0,5112
68498,1994,0,0,5137
68498,1995,0,0,5163
68498,1996,0,0,5183
68498,1997,0,0,5233
68498,1998,0,0,5246
68498,1999,0,0,5288
68498,2000,0,0,5305
68498,2001,0,0,5334
68498,2002,0,0,5330
68498,2003,0,0,5311
68498,2004,0,0,5276
68498,2005,0,0,5333
68498,2006,0,0,5377
68498,2007,0,0,5366
68498,2008,0,0,5401
68500,1993,0,0,9047
68500,1994,0,0,9125
68500,1995,0,0,9233
68500,1996,0,0,9317
68500,1997,0,0,9398
68500,1998,0,0,9525
68500,1999,0,0,9596
68500,2000,0,0,9662
68500,2001,0,0,9713
68500,2002,0,0,9795
68500,2003,0,0,9825
68500,2004,0,0,9870
68500,2005,0,0,9912
68500,2006,0,0,9976
68500,2007,0,0,10053
68500,2008,0,0,10125
68502,1993,0,0,7068
68502,1994,0,0,6967
68502,1995,0,0,6860
68502,1996,0,0,6721
68502,1997,0,0,6677
68502,1998,0,0,6546
68502,1999,0,0,6360
68502,2000,0,0,6217
68502,2001,0,0,6090
68502,2002,0,0,5993
68502,2003,0,0,5920
68502,2004,0,0,5763
68502,2005,0,0,5621
68502,2006,0,0,5502
68502,2007,0,0,5381
68502,2008,0,0,5263
68522,1993,0,0,1082
68522,1994,0,0,1209
68522,1995,0,0,1146
68522,1996,0,0,1241
68522,1997,0,0,1220
68522,1998,0,0,1164
68522,1999,0,0,1207
68522,2000,0,0,1230
68522,2001,0,0,1200
68522,2002,0,0,1216
68522,2003,0,0,1223
68522,2004,0,0,1240
68522,2005,0,0,1261
68522,2006,0,0,1264
68522,2007,0,0,1261
68522,2008,0,0,1253
68524,1993,0,0,2106
68524,1994,0,0,2105
68524,1995,0,0,2170
68524,1996,0,0,2132
68524,1997,0,0,2192
68524,1998,0,0,2201
68524,1999,0,0,2187
68524,2000,0,0,2186
68524,2001,0,0,2209
68524,2002,0,0,2244
68524,2003,0,0,2267
68524,2004,0,0,2270
68524,2005,0,0,2327
68524,2006,0,0,2365
68524,2007,0,0,2377
68524,2008,0,0,2381
68533,1993,0,0,3292
68533,1994,0,0,3353
68533,1995,0,0,3413
68533,1996,0,0,3471
68533,1997,0,0,3503
68533,1998,0,0,3554
68533,1999,0,0,3592
68533,2000,0,0,3662
68533,2001,0,0,3727
68533,2002,0,0,3765
68533,2003,0,0,3830
68533,2004,0,0,3881
68533,2005,0,0,3943
68533,2006,0,0,3994
68533,2007,0,0,4060
68533,2008,0,0,4062
68547,1993,0,0,75791
68547,1994,0,0,79676
68547,1995,0,0,83584
68547,1996,0,0,87532
68547,1997,0,0,91494
68547,1998,0,0,95422
68547,1999,0,0,99317
68547,2000,0,0,103180
68547,2001,0,0,107007
68547,2002,0,0,110792
68547,2003,0,0,114513
68547,2004,0.8456,1,118261
68547,2005,0,0,122004
68547,2006,0,0,125784
68547,2007,0,0,129531
68547,2008,0,0,133245
68549,1993,0,0,3926
68549,1994,0,0,3931
68549,1995,0,0,3987
68549,1996,0,0,4085
68549,1997,0,0,4148
68549,1998,0,0,4213
68549,1999,0,0,4202
68549,2000,0,0,4275
68549,2001,0,0,4318
68549,2002,0,0,4360
68549,2003,0,0,4413
68549,2004,0,0,4464
68549,2005,0,0,4494
68549,2006,0,0,4552
68549,2007,0,0,4612
68549,2008,0,0,4657
68572,1993,0,0,15003
68572,1994,0,0,15012
68572,1995,0,0,15009
68572,1996,0,0,15039
68572,1997,0,0,15032
68572,1998,0,0,15002
68572,1999,0,0,15063
68572,2000,0,0,15055
68572,2001,0,0,14990
68572,2002,0,0,14969
68572,2003,0,0,14917
68572,2004,0,0,14875
68572,2005,0,0,14860
68572,2006,0,0,14784
68572,2007,0,0,14744
68572,2008,0,0,14749
68573,1993,0,0,6167
68573,1994,0,0,6204
68573,1995,0,0,6289
68573,1996,0,0,6316
68573,1997,0,0,6451
68573,1998,0,0,6509
68573,1999,15.2114,1,6574
68573,2000,0,0,6626
68573,2001,0,0,6667
68573,2002,0,0,6711
68573,2003,0,0,6776
68573,2004,87.8606,6,6829
68573,2005,29.0824,2,6877
68573,2006,0,0,6952
68573,2007,0,0,7011
68573,2008,0,0,7056
68575,1993,0,0,23865
68575,1994,0,0,24238
68575,1995,0,0,24636
68575,1996,0,0,24995
68575,1997,0,0,25391
68575,1998,0,0,25815
68575,1999,0,0,26202
68575,2000,0,0,26559
68575,2001,0,0,26917
68575,2002,0,0,27244
68575,2003,0,0,27586
68575,2004,7.1585,2,27939
68575,2005,0,0,28280
68575,2006,0,0,28619
68575,2007,0,0,28941
68575,2008,0,0,29222
68615,1993,0,0,27688
68615,1994,0,0,27653
68615,1995,0,0,27615
68615,1996,0,0,27626
68615,1997,0,0,27613
68615,1998,0,0,27560
68615,1999,0,0,27540
68615,2000,0,0,27474
68615,2001,0,0,27384
68615,2002,0,0,27304
68615,2003,0,0,27194
68615,2004,7.3795,2,27102
68615,2005,3.6933,1,27076
68615,2006,0,0,26955
68615,2007,0,0,26903
68615,2008,0,0,26855
68655,1993,0,0,22767
68655,1994,0,0,23198
68655,1995,0,0,23662
68655,1996,0,0,24083
68655,1997,0,0,24517
68655,1998,0,0,24950
68655,1999,0,0,25383
68655,2000,0,0,25848
68655,2001,0,0,26256
68655,2002,0,0,26687
68655,2003,3.6892,1,27106
68655,2004,18.166,5,27524
68655,2005,0,0,27894
68655,2006,0,0,28297
68655,2007,0,0,28707
68655,2008,0,0,29076
68669,1993,0,0,11935
68669,1994,0,0,11754
68669,1995,0,0,11679
68669,1996,0,0,11561
68669,1997,0,0,11417
68669,1998,0,0,11319
68669,1999,0,0,11176
68669,2000,0,0,11039
68669,2001,0,0,10915
68669,2002,0,0,10776
68669,2003,0,0,10658
68669,2004,0,0,10475
68669,2005,0,0,10340
68669,2006,0,0,10193
68669,2007,0,0,10074
68669,2008,0,0,9954
68673,1993,0,0,3503
68673,1994,0,0,3435
68673,1995,0,0,3425
68673,1996,0,0,3413
68673,1997,0,0,3427
68673,1998,0,0,3377
68673,1999,0,0,3343
68673,2000,0,0,3335
68673,2001,0,0,3302
68673,2002,0,0,3283
68673,2003,0,0,3265
68673,2004,0,0,3238
68673,2005,0,0,3214
68673,2006,0,0,3197
68673,2007,0,0,3171
68673,2008,0,0,3139
68679,1993,0,0,36271
68679,1994,0,0,37098
68679,1995,0,0,37970
68679,1996,0,0,38824
68679,1997,0,0,39688
68679,1998,0,0,40536
68679,1999,0,0,41379
68679,2000,0,0,42171
68679,2001,0,0,42983
68679,2002,2.2838,1,43787
68679,2003,0,0,44585
68679,2004,0,0,45365
68679,2005,0,0,46085
68679,2006,0,0,46875
68679,2007,0,0,47657
68679,2008,0,0,48428
68682,1993,0,0,3450
68682,1994,0,0,3402
68682,1995,0,0,3325
68682,1996,0,0,3268
68682,1997,0,0,3210
68682,1998,0,0,3188
68682,1999,0,0,3169
68682,2000,0,0,3080
68682,2001,0,0,3055
68682,2002,0,0,3024
68682,2003,0,0,2978
68682,2004,0,0,2876
68682,2005,0,0,2845
68682,2006,0,0,2798
68682,2007,0,0,2726
68682,2008,0,0,2637
68684,1993,0,0,6336
68684,1994,0,0,6263
68684,1995,0,0,6154
68684,1996,0,0,6097
68684,1997,0,0,6029
68684,1998,0,0,5944
68684,1999,0,0,5871
68684,2000,0,0,5787
68684,2001,0,0,5720
68684,2002,0,0,5631
68684,2003,0,0,5537
68684,2004,0,0,5442
68684,2005,0,0,5401
68684,2006,0,0,5319
68684,2007,0,0,5232
68684,2008,0,0,5138
68686,1993,0,0,3826
68686,1994,0,0,3788
68686,1995,0,0,3736
68686,1996,0,0,3688
68686,1997,0,0,3645
68686,1998,0,0,3631
68686,1999,0,0,3536
68686,2000,0,0,3446
68686,2001,0,0,3399
68686,2002,59.988,2,3334
68686,2003,0,0,3287
68686,2004,0,0,3241
68686,2005,0,0,3173
68686,2006,0,0,3135
68686,2007,0,0,3098
68686,2008,0,0,3051
68689,1993,0,0,37324
68689,1994,0,0,37195
68689,1995,0,0,37062
68689,1996,0,0,36920
68689,1997,0,0,36779
68689,1998,0,0,36660
68689,1999,0,0,36532
68689,2000,0,0,36374
68689,2001,0,0,36178
68689,2002,0,0,35945
68689,2003,0,0,35726
68689,2004,14.0782,5,35516
68689,2005,5.6579,2,35349
68689,2006,0,0,35137
68689,2007,0,0,34947
68689,2008,0,0,34741
68705,1993,0,0,2340
68705,1994,0,0,2372
68705,1995,0,0,2306
68705,1996,0,0,2338
68705,1997,0,0,2343
68705,1998,0,0,2368
68705,1999,0,0,2387
68705,2000,0,0,2351
68705,2001,0,0,2343
68705,2002,0,0,2328
68705,2003,0,0,2332
68705,2004,0,0,2331
68705,2005,0,0,2341
68705,2006,0,0,2345
68705,2007,0,0,2351
68705,2008,0,0,2406
68720,1993,0,0,4417
68720,1994,0,0,4397
68720,1995,0,0,4361
68720,1996,0,0,4329
68720,1997,0,0,4311
68720,1998,0,0,4240
68720,1999,0,0,4223
68720,2000,0,0,4134
68720,2001,0,0,4068
68720,2002,0,0,4071
68720,2003,0,0,4016
68720,2004,101.3942,4,3945
68720,2005,51.5198,2,3882
68720,2006,0,0,3844
68720,2007,0,0,3818
68720,2008,0,0,3801
68745,1993,0,0,9982
68745,1994,0,0,10019
68745,1995,0,0,10033
68745,1996,0,0,10043
68745,1997,0,0,10011
68745,1998,0,0,10009
68745,1999,0,0,10025
68745,2000,0,0,10082
68745,2001,9.9305,1,10070
68745,2002,0,0,10070
68745,2003,9.9433,1,10057
68745,2004,39.805,4,10049
68745,2005,0,0,10007
68745,2006,0,0,9989
68745,2007,0,0,9993
68745,2008,0,0,10025
68755,1993,0,0,23546
68755,1994,0,0,23923
68755,1995,0,0,24311
68755,1996,0,0,24732
68755,1997,0,0,25120
68755,1998,0,0,25481
68755,1999,0,0,25831
68755,2000,0,0,26208
68755,2001,0,0,26559
68755,2002,0,0,26918
68755,2003,0,0,27247
68755,2004,0,0,27582
68755,2005,0,0,27901
68755,2006,0,0,28250
68755,2007,0,0,28587
68755,2008,0,0,28925
68770,1993,0,0,10817
68770,1994,0,0,10761
68770,1995,0,0,10754
68770,1996,0,0,10750
68770,1997,0,0,10701
68770,1998,0,0,10687
68770,1999,0,0,10655
68770,2000,0,0,10617
68770,2001,0,0,10588
68770,2002,0,0,10535
68770,2003,0,0,10505
68770,2004,0,0,10465
68770,2005,0,0,10394
68770,2006,0,0,10357
68770,2007,0,0,10292
68770,2008,0,0,10296
68773,1993,0,0,10832
68773,1994,0,0,10691
68773,1995,0,0,10546
68773,1996,0,0,10374
68773,1997,0,0,10231
68773,1998,0,0,10108
68773,1999,0,0,9950
68773,2000,0,0,9810
68773,2001,0,0,9664
68773,2002,0,0,9518
68773,2003,0,0,9378
68773,2004,0,0,9237
68773,2005,0,0,9039
68773,2006,0,0,8900
68773,2007,0,0,8708
68773,2008,0,0,8523
68780,1993,0,0,4572
68780,1994,0,0,4542
68780,1995,0,0,4516
68780,1996,0,0,4502
68780,1997,0,0,4472
68780,1998,0,0,4440
68780,1999,0,0,4426
68780,2000,0,0,4384
68780,2001,0,0,4369
68780,2002,0,0,4354
68780,2003,23.1965,1,4311
68780,2004,0,0,4283
68780,2005,0,0,4253
68780,2006,0,0,4247
68780,2007,0,0,4239
68780,2008,0,0,4226
68820,1993,0,0,6099
68820,1994,0,0,6121
68820,1995,0,0,6166
68820,1996,0,0,6319
68820,1997,0,0,6284
68820,1998,0,0,6402
68820,1999,0,0,6400
68820,2000,0,0,6476
68820,2001,0,0,6540
68820,2002,15.1676,1,6593
68820,2003,0,0,6629
68820,2004,0,0,6686
68820,2005,0,0,6714
68820,2006,0,0,6742
68820,2007,0,0,6780
68820,2008,0,0,6825
68855,1993,0,0,4936
68855,1994,0,0,5023
68855,1995,0,0,5064
68855,1996,0,0,5081
68855,1997,0,0,5142
68855,1998,0,0,5196
68855,1999,0,0,5227
68855,2000,0,0,5246
68855,2001,0,0,5302
68855,2002,0,0,5348
68855,2003,0,0,5383
68855,2004,0,0,5425
68855,2005,0,0,5486
68855,2006,0,0,5543
68855,2007,0,0,5611
68855,2008,0,0,5678
68861,1993,0,0,17910
68861,1994,0,0,18184
68861,1995,0,0,18467
68861,1996,0,0,18742
68861,1997,0,0,19035
68861,1998,0,0,19318
68861,1999,0,0,19610
68861,2000,0,0,19890
68861,2001,0,0,20148
68861,2002,0,0,20371
68861,2003,0,0,20627
68861,2004,0,0,20878
68861,2005,0,0,21104
68861,2006,0,0,21313
68861,2007,0,0,21550
68861,2008,0,0,21764
68867,1993,0,0,1890
68867,1994,0,0,1896
68867,1995,0,0,1963
68867,1996,0,0,1964
68867,1997,0,0,1913
68867,1998,0,0,1890
68867,1999,0,0,1932
68867,2000,0,0,1876
68867,2001,0,0,1912
68867,2002,0,0,1943
68867,2003,0,0,1982
68867,2004,0,0,1981
68867,2005,0,0,2020
68867,2006,0,0,1969
68867,2007,0,0,1967
68867,2008,0,0,2003
68872,1996,0,0,7093
68872,1997,0,0,7143
68872,1998,0,0,7193
68872,1999,0,0,7226
68872,2000,0,0,7254
68872,2001,0,0,7245
68872,2002,0,0,7262
68872,2003,0,0,7299
68872,2004,0,0,7345
68872,2005,0,0,7379
68872,2006,0,0,7432
68872,2007,0,0,7448
68872,2008,0,0,7508
68895,1993,0,0,9873
68895,1994,0,0,9862
68895,1995,0,0,9872
68895,1996,0,0,9847
68895,1997,0,0,9877
68895,1998,0,0,9901
68895,1999,0,0,9894
68895,2000,0,0,9886
68895,2001,0,0,9847
68895,2002,0,0,9813
68895,2003,0,0,9788
68895,2004,0,0,9765
68895,2005,0,0,9743
68895,2006,0,0,9738
68895,2007,0,0,9718
68895,2008,0,0,9686
70001,1993,0,0,196547
70001,1994,0,0,200500
70001,1995,0,0,204388
70001,1996,0,0,207962
70001,1997,0,0,211505
70001,1998,0,0,213009
70001,1999,0,0,216170
70001,2000,0,0,219691
70001,2001,0,0,223225
70001,2002,0,0,225038
70001,2003,0.8732,2,229035
70001,2004,1.2917,3,232250
70001,2005,0,0,235222
70001,2006,0,0,238311
70001,2007,0,0,241380
70001,2008,0,0,244436
70110,1993,0,0,7966
70110,1994,0,0,8099
70110,1995,0,0,8203
70110,1996,0,0,8301
70110,1997,0,0,8451
70110,1998,0,0,8469
70110,1999,0,0,8528
70110,2000,0,0,8634
70110,2001,0,0,8748
70110,2002,11.3934,1,8777
70110,2003,0,0,8904
70110,2004,0,0,9000
70110,2005,0,0,9130
70110,2006,0,0,9197
70110,2007,0,0,9258
70110,2008,0,0,9356
70124,1993,0,0,9835
70124,1994,0,0,9962
70124,1995,0,0,10115
70124,1996,0,0,10266
70124,1997,0,0,10438
70124,1998,0,0,10548
70124,1999,0,0,10748
70124,2000,0,0,10939
70124,2001,0,0,11157
70124,2002,0,0,11412
70124,2003,0,0,11603
70124,2004,0,0,11791
70124,2005,0,0,12039
70124,2006,0,0,12281
70124,2007,0,0,12517
70124,2008,0,0,12734
70204,1993,0,0,9111
70204,1994,0,0,9055
70204,1995,0,0,8981
70204,1996,0,0,8927
70204,1997,0,0,8871
70204,1998,0,0,8813
70204,1999,0,0,8789
70204,2000,0,0,8781
70204,2001,0,0,8753
70204,2002,0,0,8754
70204,2003,0,0,8735
70204,2004,0,0,8689
70204,2005,0,0,8706
70204,2006,0,0,8683
70204,2007,0,0,8683
70204,2008,0,0,8688
70215,1993,0,0,60323
70215,1994,0,0,61190
70215,1995,0,0,62069
70215,1996,0,0,62873
70215,1997,0,0,63688
70215,1998,0,0,57498
70215,1999,0,0,57947
70215,2000,0,0,58470
70215,2001,0,0,58980
70215,2002,0,0,59262
70215,2003,0,0,59839
70215,2004,0,0,60348
70215,2005,0,0,60750
70215,2006,0,0,61211
70215,2007,0,0,61663
70215,2008,0,0,62115
70221,2002,0,0,14788
70221,2003,0,0,14998
70221,2004,0,0,15270
70221,2005,0,0,15503
70221,2006,0,0,15739
70221,2007,0,0,15957
70221,2008,0,0,16163
70230,1993,0,0,4154
70230,1994,0,0,4178
70230,1995,0,0,4140
70230,1996,0,0,4181
70230,1997,0,0,4159
70230,1998,0,0,4190
70230,1999,0,0,4169
70230,2000,0,0,4200
70230,2001,0,0,4193
70230,2002,0,0,4201
70230,2003,0,0,4206
70230,2004,0,0,4216
70230,2005,0,0,4265
70230,2006,0,0,4285
70230,2007,0,0,4300
70230,2008,0,0,4267
70233,1998,0,0,10800
70233,1999,0,0,10790
70233,2000,0,0,10698
70233,2001,0,0,10638
70233,2002,0,0,10610
70233,2003,0,0,10549
70233,2004,0,0,10520
70233,2005,0,0,10463
70233,2006,0,0,10404
70233,2007,0,0,10346
70233,2008,0,0,10321
70235,1993,0,0,14829
70235,1994,0,0,15087
70235,1995,0,0,15314
70235,1996,0,0,15597
70235,1997,0,0,15815
70235,1998,0,0,15980
70235,1999,0,0,16262
70235,2000,0,0,16549
70235,2001,0,0,16820
70235,2002,0,0,17103
70235,2003,0,0,17382
70235,2004,0,0,17678
70235,2005,0,0,17953
70235,2006,0,0,18251
70235,2007,0,0,18533
70235,2008,0,0,18832
70265,1993,0,0,12211
70265,1994,0,0,12385
70265,1995,0,0,12536
70265,1996,0,0,12720
70265,1997,0,0,12857
70265,1998,0,0,12972
70265,1999,0,0,13194
70265,2000,0,0,13426
70265,2001,7.3368,1,13630
70265,2002,0,0,13905
70265,2003,0,0,14092
70265,2004,0,0,14341
70265,2005,6.8658,1,14565
70265,2006,0,0,14794
70265,2007,0,0,15016
70265,2008,0,0,15254
70400,1993,0,0,8557
70400,1994,0,0,8679
70400,1995,0,0,8758
70400,1996,0,0,8931
70400,1997,0,0,9057
70400,1998,0,0,9117
70400,1999,0,0,9258
70400,2000,0,0,9422
70400,2001,0,0,9569
70400,2002,0,0,9735
70400,2003,0,0,9884
70400,2004,0,0,10018
70400,2005,0,0,10184
70400,2006,0,0,10349
70400,2007,0,0,10489
70400,2008,0,0,10631
70418,1993,0,0,17566
70418,1994,0,0,17704
70418,1995,0,0,17851
70418,1996,0,0,18002
70418,1997,0,0,18152
70418,1998,0,0,18239
70418,1999,0,0,18474
70418,2000,0,0,18661
70418,2001,0,0,18863
70418,2002,0,0,19148
70418,2003,0,0,19347
70418,2004,0,0,19534
70418,2005,0,0,19781
70418,2006,0,0,19985
70418,2007,0,0,20273
70418,2008,0,0,20464
70429,1993,0,0,25346
70429,1994,0,0,25630
70429,1995,0,0,25897
70429,1996,0,0,26174
70429,1997,0,0,26471
70429,1998,0,0,26722
70429,1999,0,0,27247
70429,2000,0,0,27668
70429,2001,0,0,28095
70429,2002,0,0,28726
70429,2003,0,0,29095
70429,2004,0,0,29596
70429,2005,0,0,30042
70429,2006,0,0,30527
70429,2007,0,0,31011
70429,2008,0,0,31483
70473,1993,0,0,10844
70473,1994,0,0,11009
70473,1995,0,0,11123
70473,1996,0,0,11248
70473,1997,0,0,11393
70473,1998,0,0,11502
70473,1999,0,0,11678
70473,2000,0,0,11872
70473,2001,0,0,12045
70473,2002,0,0,12210
70473,2003,0,0,12409
70473,2004,0,0,12570
70473,2005,0,0,12758
70473,2006,0,0,12924
70473,2007,0,0,13093
70473,2008,0,0,13270
70508,1993,0,0,22066
70508,1994,0,0,22033
70508,1995,0,0,21992
70508,1996,0,0,21925
70508,1997,0,0,21905
70508,1998,0,0,21783
70508,1999,0,0,21825
70508,2000,4.5769,1,21849
70508,2001,0,0,21899
70508,2002,9.105,2,21966
70508,2003,0,0,21991
70508,2004,0,0,22052
70508,2005,0,0,22068
70508,2006,0,0,22116
70508,2007,0,0,22175
70508,2008,0,0,22204
70523,1993,0,0,7029
70523,1994,0,0,7314
70523,1995,0,0,7588
70523,1996,0,0,7783
70523,1997,0,0,8016
70523,1998,0,0,8223
70523,1999,0,0,8514
70523,2000,0,0,8768
70523,2001,0,0,9026
70523,2002,0,0,9345
70523,2003,0,0,9614
70523,2004,0,0,9877
70523,2005,0,0,10166
70523,2006,0,0,10427
70523,2007,0,0,10703
70523,2008,0,0,10985
70670,1993,0,0,27709
70670,1994,0,0,28375
70670,1995,0,0,29045
70670,1996,0,0,29723
70670,1997,0,0,30360
70670,1998,0,0,30853
70670,1999,0,0,31615
70670,2000,0,0,32300
70670,2001,0,0,33058
70670,2002,0,0,33823
70670,2003,0,0,34542
70670,2004,0,0,35315
70670,2005,0,0,36050
70670,2006,0,0,36776
70670,2007,0,0,37540
70670,2008,0,0,38307
70678,1993,0,0,21737
70678,1994,0,0,22062
70678,1995,0,0,22392
70678,1996,0,0,22743
70678,1997,0,0,23099
70678,1998,0,0,25149
70678,1999,0,0,25316
70678,2000,0,0,25431
70678,2001,0,0,25550
70678,2002,3.86,1,25907
70678,2003,0,0,25948
70678,2004,0,0,26142
70678,2005,0,0,26278
70678,2006,0,0,26461
70678,2007,0,0,26628
70678,2008,0,0,26771
70702,1993,0,0,10236
70702,1994,0,0,10336
70702,1995,0,0,10456
70702,1996,0,0,10544
70702,1997,0,0,10633
70702,1998,0,0,10650
70702,1999,0,0,10808
70702,2000,0,0,10934
70702,2001,0,0,11045
70702,2002,0,0,11203
70702,2003,0,0,11330
70702,2004,0,0,11471
70702,2005,0,0,11607
70702,2006,0,0,11740
70702,2007,0,0,11891
70702,2008,0,0,12031
70708,1993,0,0,40536
70708,1994,0,0,41131
70708,1995,0,0,41721
70708,1996,0,0,42304
70708,1997,0,0,42878
70708,1998,0,0,43193
70708,1999,0,0,43857
70708,2000,0,0,44544
70708,2001,0,0,45213
70708,2002,0,0,45865
70708,2003,0,0,46561
70708,2004,0,0,47261
70708,2005,0,0,47924
70708,2006,0,0,48614
70708,2007,0,0,49308
70708,2008,0,0,49999
70713,1993,0,0,43974
70713,1994,0,0,43952
70713,1995,0,0,43967
70713,1996,0,0,43990
70713,1997,0,0,44015
70713,1998,0,0,43971
70713,1999,0,0,44257
70713,2000,6.7454,3,44475
70713,2001,0,0,44712
70713,2002,0,0,45145
70713,2003,0,0,45310
70713,2004,0,0,45605
70713,2005,0,0,45856
70713,2006,0,0,46130
70713,2007,0,0,46393
70713,2008,0,0,46649
70717,1993,0,0,17186
70717,1994,0,0,17230
70717,1995,0,0,17251
70717,1996,0,0,17275
70717,1997,0,0,17318
70717,1998,0,0,17239
70717,1999,0,0,17278
70717,2000,0,0,17338
70717,2001,0,0,17371
70717,2002,0,0,17403
70717,2003,0,0,17476
70717,2004,0,0,17542
70717,2005,0,0,17592
70717,2006,0,0,17637
70717,2007,0,0,17699
70717,2008,0,0,17751
70742,1993,0,0,31397
70742,1994,0,0,31915
70742,1995,0,0,32442
70742,1996,0,0,32953
70742,1997,0,0,33449
70742,1998,0,0,31911
70742,1999,0,0,31851
70742,2000,0,0,31798
70742,2001,0,0,31745
70742,2002,0,0,31637
70742,2003,0,0,31606
70742,2004,0,0,31560
70742,2005,0,0,31458
70742,2006,0,0,31395
70742,2007,0,0,31306
70742,2008,0,0,31259
70771,1993,0,0,21587
70771,1994,0,0,21755
70771,1995,0,0,21928
70771,1996,0,0,22100
70771,1997,0,0,22252
70771,1998,0,0,22428
70771,1999,0,0,22768
70771,2000,0,0,23066
70771,2001,4.2819,1,23354
70771,2002,8.3914,2,23834
70771,2003,0,0,24091
70771,2004,0,0,24456
70771,2005,0,0,24757
70771,2006,0,0,25084
70771,2007,0,0,25455
70771,2008,0,0,25761
70820,1993,0,0,34510
70820,1994,0,0,35536
70820,1995,0,0,36558
70820,1996,0,0,37563
70820,1997,0,0,38562
70820,1998,0,0,39397
70820,1999,0,0,40544
70820,2000,0,0,41651
70820,2001,0,0,42777
70820,2002,0,0,29769
70820,2003,0,0,30015
70820,2004,0,0,30218
70820,2005,0,0,30383
70820,2006,0,0,30580
70820,2007,0,0,30751
70820,2008,0,0,30950
70823,1993,0,0,15900
70823,1994,0,0,16013
70823,1995,0,0,16136
70823,1996,0,0,16257
70823,1997,0,0,16377
70823,1998,0,0,16465
70823,1999,0,0,16692
70823,2000,0,0,16904
70823,2001,0,0,17090
70823,2002,0,0,17390
70823,2003,0,0,17598
70823,2004,0,0,17804
70823,2005,0,0,18035
70823,2006,0,0,18299
70823,2007,0,0,18480
70823,2008,0,0,18733
73001,1993,0,0,393072
73001,1994,0,0,401236
73001,1995,0,0,409158
73001,1996,0,0,416903
73001,1997,0,0,422812
73001,1998,0,0,430158
73001,1999,0,0,437245
73001,2000,0,0,444266
73001,2001,0,0,450923
73001,2002,0.2188,1,457111
73001,2003,0.2159,1,463139
73001,2004,0,0,468632
73001,2005,0.2113,1,473220
73001,2006,0,0,478255
73001,2007,0,0,482895
73001,2008,0.2051,1,487511
73024,1993,0,0,5889
73024,1994,0,0,5837
73024,1995,0,0,5751
73024,1996,0,0,5655
73024,1997,0,0,5661
73024,1998,0,0,5592
73024,1999,0,0,5540
73024,2000,0,0,5476
73024,2001,0,0,5449
73024,2002,0,0,5403
73024,2003,0,0,5337
73024,2004,0,0,5290
73024,2005,0,0,5263
73024,2006,0,0,5177
73024,2007,0,0,5121
73024,2008,0,0,5056
73026,1993,0,0,9239
73026,1994,0,0,9227
73026,1995,0,0,9182
73026,1996,0,0,9155
73026,1997,0,0,9141
73026,1998,0,0,9101
73026,1999,0,0,9086
73026,2000,0,0,9035
73026,2001,0,0,9047
73026,2002,11.0583,1,9043
73026,2003,0,0,9053
73026,2004,0,0,9034
73026,2005,0,0,8948
73026,2006,0,0,8918
73026,2007,0,0,8930
73026,2008,0,0,8877
73030,1993,0,0,8346
73030,1994,0,0,8290
73030,1995,0,0,8204
73030,1996,0,0,8194
73030,1997,0,0,8137
73030,1998,0,0,8072
73030,1999,0,0,7993
73030,2000,0,0,7974
73030,2001,0,0,7925
73030,2002,0,0,7884
73030,2003,0,0,7788
73030,2004,0,0,7701
73030,2005,0,0,7668
73030,2006,0,0,7606
73030,2007,0,0,7422
73030,2008,0,0,7451
73043,1993,0,0,10865
73043,1994,0,0,10815
73043,1995,0,0,10745
73043,1996,0,0,10709
73043,1997,0,0,10642
73043,1998,0,0,10623
73043,1999,0,0,10636
73043,2000,0,0,10566
73043,2001,0,0,10532
73043,2002,0,0,10520
73043,2003,0,0,10497
73043,2004,0,0,10446
73043,2005,0,0,10416
73043,2006,0,0,10320
73043,2007,0,0,10327
73043,2008,0,0,10299
73055,1993,0,0,15163
73055,1994,0,0,15073
73055,1995,0,0,15018
73055,1996,0,0,14949
73055,1997,0,0,14795
73055,1998,0,0,14713
73055,1999,0,0,14646
73055,2000,0,0,14577
73055,2001,0,0,14500
73055,2002,0,0,14416
73055,2003,6.9769,1,14333
73055,2004,7.0279,1,14229
73055,2005,0,0,14117
73055,2006,0,0,13978
73055,2007,0,0,13860
73055,2008,0,0,13743
73067,1993,0,0,22369
73067,1994,0,0,22194
73067,1995,0,0,22000
73067,1996,0,0,21819
73067,1997,0,0,21708
73067,1998,0,0,21574
73067,1999,4.6594,1,21462
73067,2000,4.6845,1,21347
73067,2001,0,0,21234
73067,2002,0,0,21070
73067,2003,4.7735,1,20949
73067,2004,4.8179,1,20756
73067,2005,0,0,20594
73067,2006,0,0,20486
73067,2007,0,0,20353
73067,2008,0,0,20230
73124,1993,0,0,19754
73124,1994,0,0,19691
73124,1995,0,0,19626
73124,1996,0,0,19596
73124,1997,0,0,19539
73124,1998,0,0,19524
73124,1999,0,0,19517
73124,2000,0,0,19460
73124,2001,0,0,19420
73124,2002,0,0,19395
73124,2003,5.1685,1,19348
73124,2004,0,0,19277
73124,2005,0,0,19138
73124,2006,0,0,19072
73124,2007,0,0,19023
73124,2008,0,0,18946
73148,1993,0,0,7045
73148,1994,0,0,7204
73148,1995,0,0,7325
73148,1996,0,0,7484
73148,1997,0,0,7626
73148,1998,0,0,7772
73148,1999,0,0,7928
73148,2000,0,0,8065
73148,2001,0,0,8211
73148,2002,0,0,8353
73148,2003,0,0,8492
73148,2004,0,0,8634
73148,2005,0,0,8776
73148,2006,0,0,8834
73148,2007,0,0,8965
73148,2008,0,0,9106
73152,1993,0,0,7490
73152,1994,0,0,7465
73152,1995,0,0,7396
73152,1996,0,0,7383
73152,1997,0,0,7337
73152,1998,0,0,7272
73152,1999,0,0,7195
73152,2000,0,0,7170
73152,2001,0,0,7135
73152,2002,0,0,7091
73152,2003,0,0,7040
73152,2004,0,0,6999
73152,2005,0,0,6923
73152,2006,0,0,6872
73152,2007,0,0,6815
73152,2008,0,0,6803
73168,1993,0,0,48764
73168,1994,0,0,48875
73168,1995,0,0,48985
73168,1996,0,0,49069
73168,1997,0,0,49131
73168,1998,0,0,49265
73168,1999,0,0,49426
73168,2000,0,0,49552
73168,2001,0,0,49644
73168,2002,0,0,49716
73168,2003,0,0,49735
73168,2004,0,0,49791
73168,2005,0,0,49789
73168,2006,2.0072,1,49820
73168,2007,0,0,49874
73168,2008,0,0,49858
73200,1993,0,0,9557
73200,1994,0,0,9501
73200,1995,0,0,9391
73200,1996,0,0,9331
73200,1997,0,0,9252
73200,1998,0,0,9222
73200,1999,0,0,9186
73200,2000,0,0,9072
73200,2001,0,0,9051
73200,2002,0,0,9013
73200,2003,0,0,8975
73200,2004,0,0,8915
73200,2005,0,0,8799
73200,2006,0,0,8704
73200,2007,0,0,8634
73200,2008,0,0,8544
73217,1993,0,0,26720
73217,1994,0,0,26476
73217,1995,0,0,26244
73217,1996,0,0,26022
73217,1997,0,0,25848
73217,1998,0,0,25668
73217,1999,0,0,25483
73217,2000,0,0,25315
73217,2001,0,0,25119
73217,2002,0,0,24930
73217,2003,0,0,24750
73217,2004,0,0,24578
73217,2005,0,0,24393
73217,2006,0,0,24240
73217,2007,0,0,24076
73217,2008,0,0,23911
73226,1993,0,0,14660
73226,1994,0,0,14392
73226,1995,0,0,14121
73226,1996,0,0,13840
73226,1997,0,0,13605
73226,1998,0,0,13384
73226,1999,0,0,13167
73226,2000,0,0,12875
73226,2001,0,0,12621
73226,2002,0,0,12399
73226,2003,0,0,12138
73226,2004,0,0,11889
73226,2005,0,0,11591
73226,2006,0,0,11343
73226,2007,0,0,11132
73226,2008,0,0,10880
73236,1993,0,0,10768
73236,1994,0,0,10672
73236,1995,0,0,10582
73236,1996,0,0,10455
73236,1997,0,0,10371
73236,1998,0,0,10255
73236,1999,0,0,10146
73236,2000,0,0,10082
73236,2001,9.996,1,10004
73236,2002,0,0,9922
73236,2003,0,0,9797
73236,2004,0,0,9710
73236,2005,0,0,9626
73236,2006,0,0,9487
73236,2007,0,0,9396
73236,2008,0,0,9259
73268,1993,0,0,66901
73268,1994,0,0,67235
73268,1995,0,0,67591
73268,1996,0,0,67873
73268,1997,0,0,68029
73268,1998,0,0,68343
73268,1999,0,0,68637
73268,2000,0,0,68928
73268,2001,0,0,69159
73268,2002,1.4429,1,69303
73268,2003,1.4396,1,69466
73268,2004,0,0,69565
73268,2005,0,0,69597
73268,2006,0,0,69698
73268,2007,0,0,69737
73268,2008,0,0,69773
73270,1993,0,0,22452
73270,1994,0,0,22830
73270,1995,0,0,23198
73270,1996,0,0,23575
73270,1997,0,0,11667
73270,1998,0,0,11480
73270,1999,0,0,11265
73270,2000,0,0,11056
73270,2001,0,0,10866
73270,2002,0,0,10690
73270,2003,0,0,10525
73270,2004,0,0,10261
73270,2005,9.9582,1,10042
73270,2006,0,0,9823
73270,2007,0,0,9626
73270,2008,0,0,9429
73275,1993,0,0,26042
73275,1994,0,0,26287
73275,1995,0,0,26521
73275,1996,0,0,26646
73275,1997,0,0,26755
73275,1998,0,0,26942
73275,1999,0,0,27091
73275,2000,0,0,27360
73275,2001,0,0,27468
73275,2002,0,0,27599
73275,2003,0,0,27722
73275,2004,0,0,27802
73275,2005,0,0,27846
73275,2006,0,0,27936
73275,2007,0,0,27964
73275,2008,0,0,28021
73283,1993,0,0,31815
73283,1994,0,0,31793
73283,1995,0,0,31754
73283,1996,0,0,31730
73283,1997,0,0,31720
73283,1998,0,0,31739
73283,1999,0,0,31700
73283,2000,0,0,31726
73283,2001,0,0,31735
73283,2002,0,0,31715
73283,2003,3.1663,1,31583
73283,2004,0,0,31554
73283,2005,0,0,31457
73283,2006,0,0,31450
73283,2007,0,0,31429
73283,2008,0,0,31347
73319,1993,0,0,36471
73319,1994,0,0,36342
73319,1995,0,0,36244
73319,1996,0,0,36063
73319,1997,0,0,35935
73319,1998,0,0,35807
73319,1999,0,0,35720
73319,2000,0,0,35593
73319,2001,0,0,35407
73319,2002,2.8348,1,35276
73319,2003,8.5455,3,35106
73319,2004,2.8612,1,34950
73319,2005,0,0,34780
73319,2006,0,0,34661
73319,2007,2.9008,1,34473
73319,2008,0,0,34284
73347,1993,0,0,10501
73347,1994,0,0,10344
73347,1995,0,0,10206
73347,1996,0,0,10056
73347,1997,0,0,9954
73347,1998,0,0,9844
73347,1999,0,0,9732
73347,2000,0,0,9548
73347,2001,0,0,9419
73347,2002,0,0,9268
73347,2003,0,0,9144
73347,2004,0,0,9047
73347,2005,0,0,8883
73347,2006,0,0,8756
73347,2007,0,0,8619
73347,2008,0,0,8489
73349,1993,0,0,28554
73349,1994,0,0,28592
73349,1995,0,0,28575
73349,1996,0,0,28518
73349,1997,0,0,28362
73349,1998,0,0,28280
73349,1999,0,0,28225
73349,2000,0,0,28121
73349,2001,0,0,28003
73349,2002,0,0,27876
73349,2003,0,0,27751
73349,2004,0,0,27568
73349,2005,0,0,27356
73349,2006,0,0,27152
73349,2007,0,0,26990
73349,2008,0,0,26732
73352,1993,0,0,11880
73352,1994,0,0,11871
73352,1995,0,0,11857
73352,1996,0,0,11843
73352,1997,0,0,11869
73352,1998,0,0,11803
73352,1999,0,0,11819
73352,2000,8.4488,1,11836
73352,2001,0,0,11862
73352,2002,0,0,11846
73352,2003,0,0,11854
73352,2004,0,0,11813
73352,2005,0,0,11797
73352,2006,0,0,11741
73352,2007,0,0,11748
73352,2008,0,0,11722
73408,1993,0,0,16067
73408,1994,0,0,16214
73408,1995,0,0,16383
73408,1996,0,0,16529
73408,1997,0,0,16648
73408,1998,0,0,16773
73408,1999,0,0,16862
73408,2000,0,0,17039
73408,2001,0,0,17163
73408,2002,0,0,17313
73408,2003,17.2078,3,17434
73408,2004,0,0,17541
73408,2005,17.0319,3,17614
73408,2006,0,0,17684
73408,2007,0,0,17751
73408,2008,0,0,17864
73411,1993,0,0,44191
73411,1994,0,0,43951
73411,1995,0,0,43709
73411,1996,0,0,43436
73411,1997,0,0,43146
73411,1998,0,0,42905
73411,1999,0,0,42676
73411,2000,0,0,42438
73411,2001,0,0,42154
73411,2002,0,0,41868
73411,2003,2.406,1,41563
73411,2004,0,0,41241
73411,2005,0,0,40825
73411,2006,2.4694,1,40496
73411,2007,0,0,40159
73411,2008,0,0,39830
73443,1993,0,0,30978
73443,1994,0,0,31345
73443,1995,0,0,31718
73443,1996,0,0,32101
73443,1997,0,0,32385
73443,1998,0,0,32775
73443,1999,0,0,33199
73443,2000,0,0,33442
73443,2001,0,0,33792
73443,2002,0,0,34123
73443,2003,0,0,34419
73443,2004,2.8828,1,34689
73443,2005,0,0,34829
73443,2006,0,0,35085
73443,2007,0,0,35318
73443,2008,0,0,35566
73449,1993,0,0,24418
73449,1994,0,0,25032
73449,1995,0,0,25657
73449,1996,0,0,26263
73449,1997,0,0,26812
73449,1998,0,0,27395
73449,1999,0,0,27943
73449,2000,0,0,28554
73449,2001,0,0,29118
73449,2002,0,0,29654
73449,2003,0,0,30196
73449,2004,0,0,30667
73449,2005,0,0,31102
73449,2006,0,0,31552
73449,2007,0,0,31972
73449,2008,0,0,32391
73461,1993,0,0,3479
73461,1994,0,0,3480
73461,1995,0,0,3503
73461,1996,0,0,3493
73461,1997,0,0,3556
73461,1998,0,0,3592
73461,1999,0,0,3632
73461,2000,0,0,3647
73461,2001,0,0,3672
73461,2002,0,0,3743
73461,2003,0,0,3760
73461,2004,0,0,3801
73461,2005,0,0,3804
73461,2006,0,0,3816
73461,2007,0,0,3852
73461,2008,0,0,3879
73483,1993,0,0,20126
73483,1994,0,0,19904
73483,1995,0,0,19670
73483,1996,0,0,19458
73483,1997,0,0,19234
73483,1998,0,0,19066
73483,1999,0,0,18873
73483,2000,0,0,18648
73483,2001,16.2672,3,18442
73483,2002,0,0,18238
73483,2003,11.0939,2,18028
73483,2004,0,0,17783
73483,2005,0,0,17524
73483,2006,0,0,17247
73483,2007,0,0,17021
73483,2008,0,0,16822
73504,1993,0,0,35139
73504,1994,0,0,35025
73504,1995,0,0,34923
73504,1996,0,0,34821
73504,1997,0,0,34800
73504,1998,0,0,34747
73504,1999,0,0,34728
73504,2000,0,0,34644
73504,2001,0,0,34646
73504,2002,0,0,34552
73504,2003,5.799,2,34489
73504,2004,0,0,34458
73504,2005,2.9063,1,34408
73504,2006,2.9127,1,34332
73504,2007,0,0,34315
73504,2008,0,0,34248
73520,1997,0,0,13818
73520,1998,0,0,13659
73520,1999,0,0,13435
73520,2000,0,0,13219
73520,2001,0,0,12999
73520,2002,0,0,12825
73520,2003,0,0,12610
73520,2004,0,0,12406
73520,2005,0,0,12160
73520,2006,0,0,11937
73520,2007,0,0,11724
73520,2008,0,0,11506
73547,1993,0,0,6066
73547,1994,0,0,6069
73547,1995,0,0,6109
73547,1996,0,0,6116
73547,1997,0,0,6134
73547,1998,0,0,6155
73547,1999,0,0,6214
73547,2000,0,0,6253
73547,2001,0,0,6283
73547,2002,0,0,6329
73547,2003,0,0,6329
73547,2004,0,0,6358
73547,2005,0,0,6404
73547,2006,0,0,6403
73547,2007,0,0,6439
73547,2008,0,0,6420
73555,1993,0,0,25531
73555,1994,0,0,25490
73555,1995,0,0,25448
73555,1996,0,0,25424
73555,1997,0,0,25424
73555,1998,0,0,25442
73555,1999,0,0,25428
73555,2000,0,0,25467
73555,2001,0,0,25467
73555,2002,0,0,25459
73555,2003,0,0,25444
73555,2004,0,0,25402
73555,2005,0,0,25360
73555,2006,0,0,25364
73555,2007,0,0,25366
73555,2008,0,0,25360
73563,1993,0,0,9966
73563,1994,0,0,9908
73563,1995,0,0,9833
73563,1996,0,0,9796
73563,1997,0,0,9749
73563,1998,0,0,9665
73563,1999,0,0,9555
73563,2000,0,0,9507
73563,2001,31.4597,3,9536
73563,2002,0,0,9460
73563,2003,0,0,9346
73563,2004,0,0,9285
73563,2005,0,0,9244
73563,2006,0,0,9151
73563,2007,0,0,9094
73563,2008,0,0,9030
73585,1993,0,0,25234
73585,1994,0,0,25169
73585,1995,0,0,25109
73585,1996,0,0,25027
73585,1997,0,0,24980
73585,1998,0,0,24956
73585,1999,0,0,24917
73585,2000,0,0,24902
73585,2001,0,0,24816
73585,2002,0,0,24776
73585,2003,0,0,24676
73585,2004,0,0,24565
73585,2005,0,0,24436
73585,2006,0,0,24369
73585,2007,0,0,24287
73585,2008,0,0,24199
73616,1993,0,0,26115
73616,1994,0,0,25878
73616,1995,0,0,25680
73616,1996,0,0,25466
73616,1997,0,0,25348
73616,1998,11.9123,3,25184
73616,1999,3.993,1,25044
73616,2000,0,0,24915
73616,2001,0,0,24782
73616,2002,4.0632,1,24611
73616,2003,0,0,24406
73616,2004,0,0,24242
73616,2005,0,0,24060
73616,2006,0,0,23951
73616,2007,0,0,23806
73616,2008,0,0,23663
73622,1993,0,0,6416
73622,1994,0,0,6366
73622,1995,0,0,6324
73622,1996,0,0,6290
73622,1997,0,0,6236
73622,1998,0,0,6183
73622,1999,0,0,6163
73622,2000,0,0,6116
73622,2001,0,0,6092
73622,2002,0,0,6017
73622,2003,0,0,6023
73622,2004,0,0,5978
73622,2005,0,0,5924
73622,2006,0,0,5885
73622,2007,0,0,5856
73622,2008,0,0,5808
73624,1993,0,0,24423
73624,1994,0,0,24304
73624,1995,0,0,24168
73624,1996,0,0,24024
73624,1997,0,0,23917
73624,1998,0,0,23853
73624,1999,0,0,23764
73624,2000,0,0,23669
73624,2001,0,0,23566
73624,2002,0,0,23459
73624,2003,4.2805,1,23362
73624,2004,0,0,23213
73624,2005,0,0,23000
73624,2006,0,0,22917
73624,2007,0,0,22773
73624,2008,4.4113,1,22669
73671,1993,0,0,14556
73671,1994,0,0,14579
73671,1995,0,0,14583
73671,1996,0,0,14611
73671,1997,0,0,14632
73671,1998,0,0,14631
73671,1999,0,0,14639
73671,2000,0,0,14640
73671,2001,0,0,14659
73671,2002,6.8087,1,14687
73671,2003,0,0,14688
73671,2004,6.805,1,14695
73671,2005,0,0,14646
73671,2006,0,0,14615
73671,2007,0,0,14574
73671,2008,0,0,14533
73675,1993,0,0,18082
73675,1994,0,0,17766
73675,1995,0,0,17548
73675,1996,0,0,17308
73675,1997,0,0,17144
73675,1998,0,0,16938
73675,1999,0,0,16700
73675,2000,0,0,16491
73675,2001,0,0,16273
73675,2002,0,0,16077
73675,2003,0,0,15862
73675,2004,0,0,15658
73675,2005,0,0,15391
73675,2006,0,0,15163
73675,2007,0,0,14952
73675,2008,0,0,14721
73678,1993,0,0,15167
73678,1994,0,0,15080
73678,1995,0,0,14963
73678,1996,0,0,14857
73678,1997,0,0,14785
73678,1998,0,0,14781
73678,1999,0,0,14683
73678,2000,0,0,14618
73678,2001,6.8866,1,14521
73678,2002,0,0,14495
73678,2003,27.8145,4,14381
73678,2004,7.0028,1,14280
73678,2005,7.0517,1,14181
73678,2006,0,0,14084
73678,2007,0,0,14003
73678,2008,0,0,13941
73686,1993,0,0,7215
73686,1994,0,0,7147
73686,1995,0,0,7084
73686,1996,0,0,7044
73686,1997,0,0,6948
73686,1998,0,0,6880
73686,1999,0,0,6886
73686,2000,0,0,6808
73686,2001,0,0,6724
73686,2002,0,0,6651
73686,2003,0,0,6619
73686,2004,0,0,6572
73686,2005,0,0,6538
73686,2006,0,0,6470
73686,2007,0,0,6391
73686,2008,0,0,6341
73770,1993,0,0,4522
73770,1994,0,0,4499
73770,1995,0,0,4478
73770,1996,0,0,4449
73770,1997,0,0,4404
73770,1998,0,0,4366
73770,1999,0,0,4340
73770,2000,0,0,4338
73770,2001,0,0,4327
73770,2002,0,0,4306
73770,2003,0,0,4285
73770,2004,0,0,4234
73770,2005,0,0,4189
73770,2006,0,0,4223
73770,2007,0,0,4164
73770,2008,0,0,4136
73854,1993,0,0,5859
73854,1994,0,0,5810
73854,1995,0,0,5815
73854,1996,0,0,5785
73854,1997,0,0,5741
73854,1998,0,0,5703
73854,1999,0,0,5717
73854,2000,0,0,5689
73854,2001,17.5901,1,5685
73854,2002,0,0,5687
73854,2003,0,0,5673
73854,2004,0,0,5666
73854,2005,0,0,5617
73854,2006,0,0,5612
73854,2007,0,0,5587
73854,2008,0,0,5539
73861,1993,0,0,15195
73861,1994,0,0,15101
73861,1995,0,0,15028
73861,1996,0,0,14945
73861,1997,0,0,14846
73861,1998,0,0,14788
73861,1999,0,0,14669
73861,2000,0,0,14611
73861,2001,0,0,14572
73861,2002,0,0,14463
73861,2003,6.9512,1,14386
73861,2004,0,0,14298
73861,2005,0,0,14215
73861,2006,0,0,14078
73861,2007,0,0,13968
73861,2008,0,0,13880
73870,1993,0,0,12747
73870,1994,0,0,12605
73870,1995,0,0,12457
73870,1996,0,0,12257
73870,1997,0,0,12101
73870,1998,0,0,11962
73870,1999,0,0,11843
73870,2000,0,0,11708
73870,2001,0,0,11516
73870,2002,0,0,11399
73870,2003,0,0,11279
73870,2004,0,0,11129
73870,2005,0,0,10953
73870,2006,0,0,10787
73870,2007,0,0,10656
73870,2008,0,0,10487
73873,1993,0,0,8409
73873,1994,0,0,8262
73873,1995,0,0,8080
73873,1996,0,0,7982
73873,1997,0,0,7848
73873,1998,0,0,7710
73873,1999,0,0,7571
73873,2000,0,0,7419
73873,2001,0,0,7276
73873,2002,0,0,7186
73873,2003,0,0,7026
73873,2004,0,0,6896
73873,2005,0,0,6773
73873,2006,0,0,6635
73873,2007,0,0,6513
73873,2008,0,0,6409
76001,1993,0,0,1847224
76001,1994,0,0,1873393
76001,1995,0,0,1898665
76001,1996,0,0,1922911
76001,1997,0,0,1945976
76001,1998,0,0,1967697
76001,1999,0,0,1988016
76001,2000,0,0,2006728
76001,2001,0.0494,1,2023671
76001,2002,0,0,2039176
76001,2003,0,0,2054026
76001,2004,0.0483,1,2069046
76001,2005,0,0,2084896
76001,2006,0,0,2100705
76001,2007,0,0,2114530
76001,2008,0,0,2125561
76020,1993,0,0,14909
76020,1994,0,0,14891
76020,1995,0,0,14936
76020,1996,0,0,14931
76020,1997,0,0,14954
76020,1998,0,0,14949
76020,1999,0,0,14971
76020,2000,0,0,14955
76020,2001,0,0,14934
76020,2002,0,0,14900
76020,2003,0,0,14869
76020,2004,0,0,14832
76020,2005,0,0,14795
76020,2006,0,0,14772
76020,2007,0,0,14736
76020,2008,0,0,14688
76036,1993,0,0,20255
76036,1994,0,0,20421
76036,1995,0,0,20600
76036,1996,0,0,20750
76036,1997,0,0,20902
76036,1998,0,0,21042
76036,1999,0,0,21249
76036,2000,0,0,21338
76036,2001,0,0,21421
76036,2002,0,0,21504
76036,2003,0,0,21581
76036,2004,0,0,21677
76036,2005,0,0,21762
76036,2006,0,0,21875
76036,2007,0,0,21950
76036,2008,0,0,21997
76041,1993,0,0,20127
76041,1994,0,0,20058
76041,1995,0,0,20014
76041,1996,0,0,19954
76041,1997,0,0,19913
76041,1998,0,0,19842
76041,1999,0,0,19776
76041,2000,0,0,19716
76041,2001,0,0,19625
76041,2002,0,0,19511
76041,2003,0,0,19405
76041,2004,0,0,19284
76041,2005,0,0,19195
76041,2006,0,0,19080
76041,2007,0,0,18976
76041,2008,0,0,18825
76054,1993,0,0,8442
76054,1994,0,0,8315
76054,1995,0,0,8210
76054,1996,0,0,8087
76054,1997,0,0,7988
76054,1998,0,0,7901
76054,1999,0,0,7823
76054,2000,0,0,7697
76054,2001,0,0,7550
76054,2002,0,0,7414
76054,2003,0,0,7295
76054,2004,0,0,7186
76054,2005,0,0,7080
76054,2006,0,0,6913
76054,2007,0,0,6761
76054,2008,0,0,6642
76100,1993,0,0,18390
76100,1994,0,0,18288
76100,1995,0,0,18209
76100,1996,0,0,18134
76100,1997,0,0,18077
76100,1998,0,0,18022
76100,1999,0,0,17934
76100,2000,0,0,17869
76100,2001,0,0,17808
76100,2002,0,0,17737
76100,2003,0,0,17652
76100,2004,0,0,17555
76100,2005,0,0,17486
76100,2006,0,0,17403
76100,2007,0,0,17314
76100,2008,0,0,17221
76109,1993,0,0,256171
76109,1994,0,0,259395
76109,1995,0,0,262562
76109,1996,0,0,265650
76109,1997,0,0,268631
76109,1998,0,0,271473
76109,1999,0,0,274145
76109,2000,0,0,276643
76109,2001,0,0,278922
76109,2002,0.3558,1,281018
76109,2003,1.4132,4,283050
76109,2004,0,0,285118
76109,2005,0.348,1,287378
76109,2006,0.3454,1,289561
76109,2007,0,0,291494
76109,2008,0,0,293067
76111,1993,0,0,118812
76111,1994,0,0,119673
76111,1995,0,0,120531
76111,1996,0,0,121356
76111,1997,0,0,122091
76111,1998,0,0,122770
76111,1999,0.8108,1,123333
76111,2000,0.8076,1,123824
76111,2001,0,0,124249
76111,2002,0,0,124601
76111,2003,0,0,124936
76111,2004,0,0,125256
76111,2005,0,0,125642
76111,2006,0,0,126037
76111,2007,0,0,126314
76111,2008,0,0,126455
76113,1993,0,0,25219
76113,1994,0,0,25210
76113,1995,0,0,25235
76113,1996,0,0,25267
76113,1997,0,0,25293
76113,1998,0,0,25320
76113,1999,0,0,25306
76113,2000,0,0,25308
76113,2001,0,0,25315
76113,2002,0,0,25308
76113,2003,0,0,25268
76113,2004,0,0,25235
76113,2005,0,0,25231
76113,2006,0,0,25229
76113,2007,0,0,25156
76113,2008,0,0,25087
76122,1993,0,0,34756
76122,1994,0,0,34619
76122,1995,0,0,34493
76122,1996,0,0,34349
76122,1997,0,0,34183
76122,1998,0,0,34018
76122,1999,0,0,33834
76122,2000,0,0,33632
76122,2001,0,0,33446
76122,2002,0,0,33147
76122,2003,0,0,32847
76122,2004,0,0,32575
76122,2005,0,0,32405
76122,2006,0,0,32116
76122,2007,0,0,31917
76122,2008,0,0,31619
76126,1993,0,0,13769
76126,1994,0,0,13974
76126,1995,0,0,14192
76126,1996,0,0,14415
76126,1997,0,0,14625
76126,1998,0,0,14860
76126,1999,0,0,15071
76126,2000,0,0,15273
76126,2001,0,0,15452
76126,2002,0,0,15630
76126,2003,0,0,15832
76126,2004,0,0,15964
76126,2005,0,0,16162
76126,2006,0,0,16354
76126,2007,0,0,16526
76126,2008,0,0,16645
76130,1993,0,0,61153
76130,1994,0,0,62426
76130,1995,0,0,63735
76130,1996,0,0,65083
76130,1997,0,0,66444
76130,1998,0,0,67799
76130,1999,0,0,69162
76130,2000,0,0,70439
76130,2001,0,0,71742
76130,2002,0,0,72997
76130,2003,0,0,74224
76130,2004,0,0,75512
76130,2005,0,0,76846
76130,2006,0,0,78188
76130,2007,0,0,79392
76130,2008,0,0,80603
76147,1993,0,0,125300
76147,1994,0,0,126382
76147,1995,0,0,127410
76147,1996,0,0,128364
76147,1997,0,0,129259
76147,1998,0,0,130056
76147,1999,0,0,130763
76147,2000,0,0,131342
76147,2001,0,0,131849
76147,2002,0,0,132252
76147,2003,0,0,132608
76147,2004,0,0,133011
76147,2005,0,0,133450
76147,2006,0,0,133899
76147,2007,0,0,134223
76147,2008,0,0,134394
76233,1993,0,0,38213
76233,1994,0,0,38639
76233,1995,0,0,39091
76233,1996,0,0,39577
76233,1997,0,0,40048
76233,1998,0,0,40513
76233,1999,0,0,40985
76233,2000,0,0,41452
76233,2001,4.7727,2,41905
76233,2002,2.3632,1,42315
76233,2003,0,0,42756
76233,2004,4.6289,2,43207
76233,2005,2.2899,1,43670
76233,2006,0,0,44121
76233,2007,0,0,44547
76233,2008,0,0,44899
76243,1993,0,0,12717
76243,1994,0,0,12583
76243,1995,0,0,12429
76243,1996,0,0,12297
76243,1997,0,0,12170
76243,1998,0,0,12033
76243,1999,0,0,11886
76243,2000,0,0,11791
76243,2001,0,0,11662
76243,2002,0,0,11500
76243,2003,0,0,11335
76243,2004,0,0,11138
76243,2005,0,0,10967
76243,2006,0,0,10821
76243,2007,0,0,10657
76243,2008,0,0,10537
76246,1993,0,0,11331
76246,1994,0,0,11185
76246,1995,0,0,11021
76246,1996,0,0,10858
76246,1997,0,0,10694
76246,1998,0,0,10589
76246,1999,0,0,10416
76246,2000,0,0,10223
76246,2001,0,0,10056
76246,2002,0,0,9870
76246,2003,0,0,9680
76246,2004,0,0,9513
76246,2005,0,0,9326
76246,2006,0,0,9157
76246,2007,0,0,8953
76246,2008,0,0,8782
76248,1993,0,0,50475
76248,1994,0,0,50869
76248,1995,0,0,51269
76248,1996,0,0,51672
76248,1997,0,0,52061
76248,1998,0,0,52448
76248,1999,0,0,52785
76248,2000,0,0,53093
76248,2001,0,0,53372
76248,2002,0,0,53620
76248,2003,0,0,53919
76248,2004,0,0,54161
76248,2005,0,0,54410
76248,2006,0,0,54697
76248,2007,0,0,54915
76248,2008,0,0,55075
76250,1993,0,0,12935
76250,1994,0,0,12791
76250,1995,0,0,12656
76250,1996,0,0,12532
76250,1997,0,0,12392
76250,1998,0,0,12270
76250,1999,0,0,12118
76250,2000,0,0,11982
76250,2001,0,0,11827
76250,2002,0,0,11650
76250,2003,0,0,11495
76250,2004,0,0,11322
76250,2005,0,0,11167
76250,2006,0,0,11032
76250,2007,0,0,10859
76250,2008,0,0,10663
76275,1993,0,0,50864
76275,1994,0,0,51300
76275,1995,0,0,51739
76275,1996,0,0,52180
76275,1997,0,0,52601
76275,1998,0,0,52986
76275,1999,0,0,53352
76275,2000,0,0,53688
76275,2001,0,0,54003
76275,2002,0,0,54267
76275,2003,0,0,54510
76275,2004,0,0,54764
76275,2005,0,0,55051
76275,2006,0,0,55333
76275,2007,0,0,55583
76275,2008,0,0,55743
76306,1993,0,0,18040
76306,1994,0,0,18313
76306,1995,0,0,18544
76306,1996,0,0,18778
76306,1997,0,0,19022
76306,1998,0,0,19270
76306,1999,0,0,19469
76306,2000,0,0,19718
76306,2001,0,0,19935
76306,2002,4.9734,1,20107
76306,2003,0,0,20305
76306,2004,0,0,20479
76306,2005,0,0,20692
76306,2006,0,0,20884
76306,2007,0,0,21084
76306,2008,0,0,21259
76318,1993,0,0,30046
76318,1994,0,0,30251
76318,1995,0,0,30477
76318,1996,0,0,30703
76318,1997,0,0,30898
76318,1998,0,0,31124
76318,1999,0,0,31302
76318,2000,0,0,31479
76318,2001,0,0,31658
76318,2002,0,0,31807
76318,2003,0,0,31943
76318,2004,0,0,32061
76318,2005,0,0,32207
76318,2006,0,0,32359
76318,2007,0,0,32478
76318,2008,0,0,32550
76364,1993,0,0,77795
76364,1994,0,0,81661
76364,1995,0,0,85507
76364,1996,0,0,89341
76364,1997,0,0,93158
76364,1998,0,0,96919
76364,1999,0,0,100632
76364,2000,0,0,104270
76364,2001,0,0,107772
76364,2002,0.8991,1,111219
76364,2003,0,0,114622
76364,2004,0,0,118010
76364,2005,0,0,121430
76364,2006,0,0,124817
76364,2007,0,0,128074
76364,2008,0,0,131142
76377,1993,0,0,13143
76377,1994,0,0,13254
76377,1995,0,0,13383
76377,1996,0,0,13512
76377,1997,0,0,13688
76377,1998,0,0,13819
76377,1999,0,0,13954
76377,2000,0,0,14141
76377,2001,0,0,14279
76377,2002,0,0,14417
76377,2003,0,0,14561
76377,2004,0,0,14697
76377,2005,0,0,14863
76377,2006,0,0,14968
76377,2007,0,0,15107
76377,2008,0,0,15231
76400,1993,0,0,27296
76400,1994,0,0,27686
76400,1995,0,0,28084
76400,1996,0,0,28477
76400,1997,0,0,28843
76400,1998,0,0,29194
76400,1999,0,0,29576
76400,2000,0,0,29884
76400,2001,0,0,30169
76400,2002,0,0,30462
76400,2003,0,0,30720
76400,2004,0,0,30990
76400,2005,0,0,31251
76400,2006,0,0,31559
76400,2007,0,0,31800
76400,2008,0,0,32023
76403,1993,0,0,15977
76403,1994,0,0,15859
76403,1995,0,0,15744
76403,1996,0,0,15638
76403,1997,0,0,15566
76403,1998,0,0,15450
76403,1999,0,0,15329
76403,2000,0,0,15175
76403,2001,0,0,15021
76403,2002,0,0,14881
76403,2003,0,0,14693
76403,2004,0,0,14558
76403,2005,0,0,14406
76403,2006,0,0,14235
76403,2007,0,0,14093
76403,2008,0,0,13927
76497,1993,0,0,15754
76497,1994,0,0,15631
76497,1995,0,0,15545
76497,1996,0,0,15446
76497,1997,0,0,15319
76497,1998,0,0,15273
76497,1999,0,0,15174
76497,2000,0,0,15074
76497,2001,0,0,14916
76497,2002,0,0,14759
76497,2003,0,0,14632
76497,2004,0,0,14491
76497,2005,0,0,14331
76497,2006,0,0,14232
76497,2007,0,0,14053
76497,2008,0,0,13909
76520,1993,0,0,286647
76520,1994,0,0,290454
76520,1995,0,0,294206
76520,1996,0,0,297879
76520,1997,0,0,301421
76520,1998,0,0,304790
76520,1999,0,0,307984
76520,2000,0,0,310949
76520,2001,0.3188,1,313701
76520,2002,0,0,316254
76520,2003,0,0,318691
76520,2004,0,0,321229
76520,2005,0,0,323868
76520,2006,0,0,326564
76520,2007,0,0,328949
76520,2008,0,0,330898
76563,1993,0,0,42620
76563,1994,0,0,42997
76563,1995,0,0,43375
76563,1996,0,0,43770
76563,1997,0,0,44132
76563,1998,0,0,44458
76563,1999,0,0,44774
76563,2000,0,0,45059
76563,2001,0,0,45267
76563,2002,0,0,45482
76563,2003,2.1893,1,45676
76563,2004,0,0,45869
76563,2005,2.1705,1,46073
76563,2006,0,0,46294
76563,2007,0,0,46460
76563,2008,0,0,46578
76606,1993,0,0,14505
76606,1994,0,0,14574
76606,1995,0,0,14668
76606,1996,0,0,14752
76606,1997,0,0,14815
76606,1998,0,0,14899
76606,1999,0,0,14972
76606,2000,0,0,15021
76606,2001,0,0,15082
76606,2002,0,0,15109
76606,2003,0,0,15095
76606,2004,0,0,15160
76606,2005,0,0,15198
76606,2006,0,0,15190
76606,2007,0,0,15277
76606,2008,0,0,15302
76616,1993,0,0,16658
76616,1994,0,0,16632
76616,1995,0,0,16620
76616,1996,0,0,16618
76616,1997,0,0,16641
76616,1998,0,0,16620
76616,1999,0,0,16614
76616,2000,0,0,16629
76616,2001,0,0,16590
76616,2002,0,0,16594
76616,2003,0,0,16491
76616,2004,0,0,16477
76616,2005,0,0,16436
76616,2006,0,0,16391
76616,2007,0,0,16351
76616,2008,0,0,16307
76622,1993,0,0,36099
76622,1994,0,0,36258
76622,1995,0,0,36402
76622,1996,0,0,36548
76622,1997,0,0,36702
76622,1998,0,0,36830
76622,1999,0,0,36924
76622,2000,0,0,37012
76622,2001,0,0,37119
76622,2002,0,0,37171
76622,2003,0,0,37196
76622,2004,0,0,37230
76622,2005,0,0,37287
76622,2006,0,0,37333
76622,2007,0,0,37366
76622,2008,0,0,37316
76670,1993,0,0,14018
76670,1994,0,0,14233
76670,1995,0,0,14345
76670,1996,0,0,14532
76670,1997,0,0,14669
76670,1998,0,0,14833
76670,1999,0,0,14982
76670,2000,0,0,15142
76670,2001,0,0,15274
76670,2002,0,0,15391
76670,2003,0,0,15479
76670,2004,0,0,15647
76670,2005,0,0,15721
76670,2006,0,0,15845
76670,2007,0,0,15991
76670,2008,0,0,16062
76736,1993,0,0,56227
76736,1994,0,0,55805
76736,1995,0,0,55380
76736,1996,0,0,54948
76736,1997,0,0,54499
76736,1998,0,0,54029
76736,1999,0,0,53534
76736,2000,0,0,52984
76736,2001,0,0,52448
76736,2002,0,0,51882
76736,2003,0,0,51307
76736,2004,0,0,50761
76736,2005,0,0,50218
76736,2006,0,0,49657
76736,2007,0,0,49081
76736,2008,0,0,48449
76823,1993,0,0,16785
76823,1994,0,0,16740
76823,1995,0,0,16705
76823,1996,0,0,16663
76823,1997,0,0,16626
76823,1998,0,0,16536
76823,1999,0,0,16565
76823,2000,0,0,16465
76823,2001,0,0,16378
76823,2002,0,0,16284
76823,2003,0,0,16196
76823,2004,0,0,16098
76823,2005,0,0,15985
76823,2006,0,0,15932
76823,2007,0,0,15851
76823,2008,0,0,15748
76828,1993,0,0,21216
76828,1994,0,0,21164
76828,1995,0,0,21135
76828,1996,0,0,21082
76828,1997,0,0,21045
76828,1998,0,0,21041
76828,1999,0,0,20980
76828,2000,0,0,20941
76828,2001,0,0,20889
76828,2002,0,0,20810
76828,2003,0,0,20735
76828,2004,4.8426,1,20650
76828,2005,0,0,20596
76828,2006,0,0,20536
76828,2007,0,0,20446
76828,2008,0,0,20355
76834,1993,0,0,166634
76834,1994,0,0,169308
76834,1995,0,0,171960
76834,1996,0,0,174549
76834,1997,0,0,177063
76834,1998,0,0,179460
76834,1999,0.5502,1,181757
76834,2000,1.6312,3,183915
76834,2001,1.6136,3,185925
76834,2002,0,0,187820
76834,2003,0,0,189695
76834,2004,2.0883,4,191544
76834,2005,0,0,193485
76834,2006,0,0,195411
76834,2007,0,0,197178
76834,2008,0,0,198680
76845,1993,0,0,6188
76845,1994,0,0,6173
76845,1995,0,0,6166
76845,1996,0,0,6133
76845,1997,0,0,6155
76845,1998,0,0,6135
76845,1999,0,0,6142
76845,2000,0,0,6118
76845,2001,0,0,6014
76845,2002,0,0,5994
76845,2003,0,0,6018
76845,2004,0,0,5961
76845,2005,0,0,5945
76845,2006,0,0,5873
76845,2007,0,0,5799
76845,2008,0,0,5816
76863,1993,0,0,11339
76863,1994,0,0,11186
76863,1995,0,0,11036
76863,1996,0,0,10904
76863,1997,0,0,10793
76863,1998,0,0,10634
76863,1999,0,0,10478
76863,2000,0,0,10340
76863,2001,0,0,10164
76863,2002,0,0,10013
76863,2003,0,0,9806
76863,2004,0,0,9639
76863,2005,0,0,9475
76863,2006,0,0,9325
76863,2007,0,0,9165
76863,2008,0,0,9000
76869,1993,0,0,10377
76869,1994,0,0,10463
76869,1995,0,0,10589
76869,1996,0,0,10732
76869,1997,0,0,10875
76869,1998,0,0,11031
76869,1999,0,0,11173
76869,2000,0,0,11296
76869,2001,0,0,11370
76869,2002,0,0,11432
76869,2003,0,0,11553
76869,2004,0,0,11685
76869,2005,0,0,11777
76869,2006,0,0,11825
76869,2007,0,0,11946
76869,2008,0,0,12062
76890,1993,0,0,14568
76890,1994,0,0,14672
76890,1995,0,0,14776
76890,1996,0,0,14867
76890,1997,0,0,14960
76890,1998,0,0,15041
76890,1999,0,0,15159
76890,2000,0,0,15242
76890,2001,0,0,15318
76890,2002,0,0,15389
76890,2003,0,0,15423
76890,2004,0,0,15477
76890,2005,0,0,15542
76890,2006,0,0,15624
76890,2007,0,0,15684
76890,2008,0,0,15737
76892,1993,0,0,74488
76892,1994,0,0,76260
76892,1995,0,0,77986
76892,1996,0,0,79718
76892,1997,0,0,81404
76892,1998,0,0,83018
76892,1999,0,0,84568
76892,2000,0,0,86096
76892,2001,0,0,87530
76892,2002,0,0,88867
76892,2003,1.1087,1,90199
76892,2004,0,0,91546
76892,2005,0,0,92914
76892,2006,0,0,94272
76892,2007,0,0,95561
76892,2008,0,0,96682
76895,1993,0,0,37275
76895,1994,0,0,37618
76895,1995,0,0,37926
76895,1996,0,0,38262
76895,1997,0,0,38574
76895,1998,0,0,38855
76895,1999,0,0,39141
76895,2000,0,0,39396
76895,2001,0,0,39602
76895,2002,0,0,39783
76895,2003,0,0,39947
76895,2004,0,0,40119
76895,2005,0,0,40332
76895,2006,0,0,40549
76895,2007,0,0,40730
76895,2008,0,0,40839
81001,1993,0,0,64010
81001,1994,0,0,65276
81001,1995,0,0,66312
81001,1996,0,0,67347
81001,1997,0,0,68315
81001,1998,0,0,69143
81001,1999,0,0,69969
81001,2000,0,0,70615
81001,2001,1.4039,1,71231
81001,2002,2.7891,2,71708
81001,2003,1.3863,1,72137
81001,2004,1.3788,1,72525
81001,2005,11.0016,8,72717
81001,2006,0,0,73053
81001,2007,0,0,73475
81001,2008,0,0,73928
81065,1993,0,0,32783
81065,1994,0,0,33432
81065,1995,0,0,34111
81065,1996,0,0,34776
81065,1997,0,0,35430
81065,1998,0,0,36077
81065,1999,0,0,36673
81065,2000,0,0,37280
81065,2001,0,0,37827
81065,2002,0,0,38345
81065,2003,0,0,38829
81065,2004,0,0,39256
81065,2005,0,0,39617
81065,2006,0,0,40050
81065,2007,0,0,40511
81065,2008,0,0,41001
81220,1993,0,0,5852
81220,1994,0,0,5756
81220,1995,0,0,5638
81220,1996,0,0,5527
81220,1997,0,0,5399
81220,1998,0,0,5317
81220,1999,0,0,5236
81220,2000,0,0,5121
81220,2001,0,0,5032
81220,2002,60.7533,3,4938
81220,2003,0,0,4826
81220,2004,42.4538,2,4711
81220,2005,21.7817,1,4591
81220,2006,0,0,4519
81220,2007,0,0,4417
81220,2008,0,0,4315
81300,1993,0,0,8611
81300,1994,0,0,9074
81300,1995,0,0,9602
81300,1996,0,0,10057
81300,1997,0,0,10478
81300,1998,0,0,10917
81300,1999,0,0,11313
81300,2000,0,0,11767
81300,2001,0,0,12120
81300,2002,0,0,12536
81300,2003,0,0,12875
81300,2004,7.585,1,13184
81300,2005,0,0,13467
81300,2006,0,0,13771
81300,2007,0,0,14094
81300,2008,0,0,14428
81591,1993,0,0,3969
81591,1994,0,0,3965
81591,1995,0,0,3968
81591,1996,0,0,3987
81591,1997,0,0,4008
81591,1998,0,0,4019
81591,1999,0,0,4002
81591,2000,0,0,4010
81591,2001,0,0,4016
81591,2002,24.9252,1,4012
81591,2003,24.7463,1,4041
81591,2004,50.2386,2,3981
81591,2005,25.2143,1,3966
81591,2006,0,0,3979
81591,2007,0,0,3980
81591,2008,0,0,4004
81736,1993,0,0,48915
81736,1994,0,0,49205
81736,1995,0,0,49498
81736,1996,0,0,49753
81736,1997,0,0,49996
81736,1998,0,0,50171
81736,1999,0,0,50332
81736,2000,0,0,50418
81736,2001,0,0,50482
81736,2002,0,0,50474
81736,2003,1.9831,1,50425
81736,2004,0,0,50401
81736,2005,0,0,50241
81736,2006,0,0,50185
81736,2007,0,0,50192
81736,2008,0,0,50206
81794,1993,0,0,31305
81794,1994,0,0,31885
81794,1995,0,0,32478
81794,1996,0,0,33015
81794,1997,0,0,33523
81794,1998,0,0,34010
81794,1999,0,0,34438
81794,2000,0,0,34837
81794,2001,8.5249,3,35191
81794,2002,8.4517,3,35496
81794,2003,13.9782,5,35770
81794,2004,33.2806,12,36057
81794,2005,8.2752,3,36253
81794,2006,0,0,36506
81794,2007,0,0,36784
81794,2008,0,0,37114
85001,1993,0,0,73483
85001,1994,0,0,78941
85001,1995,0,0,84344
85001,1996,0,0,89417
85001,1997,1.0628,1,94088
85001,1998,0,0,98455
85001,1999,0.9746,1,102602
85001,2000,0,0,106533
85001,2001,0.9067,1,110288
85001,2002,0.8776,1,113953
85001,2003,1.7022,2,117496
85001,2004,5.7831,7,121043
85001,2005,0,0,124523
85001,2006,0,0,128065
85001,2007,0,0,131507
85001,2008,0,0,134889
85010,1993,0,0,22773
85010,1994,0,0,23267
85010,1995,0,0,23831
85010,1996,0,0,24335
85010,1997,0,0,24912
85010,1998,0,0,25468
85010,1999,0,0,26039
85010,2000,3.754,1,26638
85010,2001,3.6797,1,27176
85010,2002,0,0,27740
85010,2003,3.5332,1,28303
85010,2004,6.9223,2,28892
85010,2005,6.7845,2,29479
85010,2006,0,0,30063
85010,2007,0,0,30670
85010,2008,0,0,31212
85015,1993,0,0,2479
85015,1994,0,0,2393
85015,1995,0,0,2324
85015,1996,0,0,2238
85015,1997,0,0,2233
85015,1998,0,0,2217
85015,1999,0,0,2225
85015,2000,0,0,2187
85015,2001,89.5656,2,2233
85015,2002,0,0,2282
85015,2003,0,0,2268
85015,2004,0,0,2292
85015,2005,0,0,2306
85015,2006,0,0,2319
85015,2007,0,0,2379
85015,2008,0,0,2395
85125,1993,0,0,10725
85125,1994,0,0,10432
85125,1995,0,0,10182
85125,1996,0,0,9999
85125,1997,0,0,9889
85125,1998,0,0,9867
85125,1999,0,0,9887
85125,2000,0,0,9972
85125,2001,19.9025,2,10049
85125,2002,0,0,10153
85125,2003,0,0,10286
85125,2004,0,0,10426
85125,2005,18.9717,2,10542
85125,2006,0,0,10690
85125,2007,0,0,10837
85125,2008,0,0,10968
85136,1993,0,0,1452
85136,1994,0,0,1382
85136,1995,0,0,1357
85136,1996,0,0,1348
85136,1997,0,0,1260
85136,1998,0,0,1255
85136,1999,0,0,1283
85136,2000,0,0,1277
85136,2001,0,0,1283
85136,2002,0,0,1284
85136,2003,0,0,1313
85136,2004,0,0,1293
85136,2005,0,0,1311
85136,2006,0,0,1316
85136,2007,0,0,1290
85136,2008,0,0,1365
85139,1993,0,0,11824
85139,1994,0,0,11886
85139,1995,0,0,11963
85139,1996,0,0,12106
85139,1997,0,0,12241
85139,1998,8.047,1,12427
85139,1999,0,0,12622
85139,2000,0,0,12828
85139,2001,7.6464,1,13078
85139,2002,7.5165,1,13304
85139,2003,0,0,13526
85139,2004,36.2109,5,13808
85139,2005,7.1276,1,14030
85139,2006,0,0,14312
85139,2007,0,0,14527
85139,2008,0,0,14775
85162,1993,0,0,10476
85162,1994,0,0,10766
85162,1995,0,0,11025
85162,1996,0,0,11287
85162,1997,0,0,11579
85162,1998,0,0,11816
85162,1999,0,0,12097
85162,2000,0,0,12380
85162,2001,15.794,2,12663
85162,2002,30.9502,4,12924
85162,2003,0,0,13221
85162,2004,88.8955,12,13499
85162,2005,21.7108,3,13818
85162,2006,7.0952,1,14094
85162,2007,6.9517,1,14385
85162,2008,0,0,14663
85225,1993,0,0,7868
85225,1994,0,0,7507
85225,1995,0,0,7248
85225,1996,0,0,7033
85225,1997,0,0,6898
85225,1998,0,0,6837
85225,1999,0,0,6822
85225,2000,14.6499,1,6826
85225,2001,0,0,6907
85225,2002,0,0,6987
85225,2003,0,0,7089
85225,2004,0,0,7191
85225,2005,0,0,7291
85225,2006,0,0,7419
85225,2007,0,0,7495
85225,2008,0,0,7657
85230,1993,0,0,6659
85230,1994,0,0,6797
85230,1995,0,0,6855
85230,1996,0,0,6972
85230,1997,0,0,7111
85230,1998,0,0,7274
85230,1999,0,0,7457
85230,2000,0,0,7668
85230,2001,0,0,7871
85230,2002,0,0,8109
85230,2003,0,0,8327
85230,2004,11.67,1,8569
85230,2005,0,0,8809
85230,2006,0,0,9080
85230,2007,0,0,9368
85230,2008,0,0,9626
85250,1993,0,0,21257
85250,1994,0,0,21896
85250,1995,0,0,22592
85250,1996,0,0,23212
85250,1997,0,0,23798
85250,1998,0,0,24395
85250,1999,0,0,24966
85250,2000,11.7486,3,25535
85250,2001,0,0,26085
85250,2002,7.501,2,26663
85250,2003,7.3459,2,27226
85250,2004,7.1953,2,27796
85250,2005,7.0445,2,28391
85250,2006,0,0,28989
85250,2007,0,0,29579
85250,2008,0,0,30170
85263,1993,0,0,8563
85263,1994,0,0,8546
85263,1995,0,0,8516
85263,1996,0,0,8530
85263,1997,0,0,8588
85263,1998,0,0,8682
85263,1999,11.3559,1,8806
85263,2000,0,0,8959
85263,2001,0,0,9050
85263,2002,0,0,9218
85263,2003,0,0,9404
85263,2004,0,0,9566
85263,2005,0,0,9747
85263,2006,0,0,9929
85263,2007,0,0,10093
85263,2008,0,0,10253
85279,1993,0,0,2540
85279,1994,0,0,2381
85279,1995,0,0,2143
85279,1996,0,0,2031
85279,1997,0,0,1939
85279,1998,0,0,1949
85279,1999,0,0,1899
85279,2000,0,0,1813
85279,2001,55.8659,1,1790
85279,2002,0,0,1791
85279,2003,56.1482,1,1781
85279,2004,0,0,1781
85279,2005,0,0,1768
85279,2006,0,0,1756
85279,2007,0,0,1780
85279,2008,0,0,1739
85300,1993,0,0,3393
85300,1994,0,0,3366
85300,1995,0,0,3277
85300,1996,0,0,3223
85300,1997,0,0,3217
85300,1998,0,0,3163
85300,1999,0,0,3170
85300,2000,63.1313,2,3168
85300,2001,31.2695,1,3198
85300,2002,0,0,3202
85300,2003,0,0,3237
85300,2004,0,0,3227
85300,2005,0,0,3306
85300,2006,0,0,3268
85300,2007,0,0,3354
85300,2008,0,0,3378
85315,1993,0,0,1372
85315,1994,0,0,1392
85315,1995,0,0,1371
85315,1996,0,0,1402
85315,1997,0,0,1434
85315,1998,0,0,1439
85315,1999,0,0,1445
85315,2000,0,0,1484
85315,2001,0,0,1524
85315,2002,0,0,1542
85315,2003,0,0,1565
85315,2004,0,0,1580
85315,2005,0,0,1614
85315,2006,0,0,1651
85315,2007,0,0,1683
85315,2008,0,0,1728
85325,1993,0,0,7353
85325,1994,0,0,7145
85325,1995,0,0,6951
85325,1996,0,0,6789
85325,1997,0,0,6714
85325,1998,0,0,6662
85325,1999,0,0,6676
85325,2000,0,0,6726
85325,2001,0,0,6813
85325,2002,0,0,6826
85325,2003,0,0,6939
85325,2004,14.2187,1,7033
85325,2005,0,0,7140
85325,2006,0,0,7251
85325,2007,0,0,7303
85325,2008,0,0,7436
85400,1993,0,0,8190
85400,1994,0,0,7742
85400,1995,0,0,7417
85400,1996,0,0,7121
85400,1997,0,0,6923
85400,1998,0,0,6787
85400,1999,0,0,6682
85400,2000,0,0,6612
85400,2001,0,0,6583
85400,2002,0,0,6583
85400,2003,15.1194,1,6614
85400,2004,0,0,6611
85400,2005,0,0,6620
85400,2006,0,0,6652
85400,2007,0,0,6669
85400,2008,0,0,6693
85410,1993,0,0,12059
85410,1994,0,0,12369
85410,1995,0,0,12692
85410,1996,0,0,13070
85410,1997,0,0,13477
85410,1998,0,0,13896
85410,1999,0,0,14321
85410,2000,6.7581,1,14797
85410,2001,32.7397,5,15272
85410,2002,19.0247,3,15769
85410,2003,0,0,16213
85410,2004,101.6503,17,16724
85410,2005,23.2504,4,17204
85410,2006,11.2975,2,17703
85410,2007,0,0,18197
85410,2008,0,0,18676
85430,1993,0,0,8913
85430,1994,0,0,8906
85430,1995,0,0,8921
85430,1996,0,0,8973
85430,1997,22.1386,2,9034
85430,1998,0,0,9160
85430,1999,0,0,9287
85430,2000,0,0,9472
85430,2001,10.3788,1,9635
85430,2002,10.1709,1,9832
85430,2003,0,0,10031
85430,2004,0,0,10229
85430,2005,0,0,10431
85430,2006,0,0,10646
85430,2007,0,0,10877
85430,2008,0,0,11074
85440,1993,0,0,17793
85440,1994,0,0,18824
85440,1995,0,0,19782
85440,1996,0,0,20663
85440,1997,0,0,21480
85440,1998,4.5,1,22222
85440,1999,0,0,22908
85440,2000,0,0,23572
85440,2001,0,0,24217
85440,2002,8.0512,2,24841
85440,2003,11.7758,3,25476
85440,2004,30.6384,8,26111
85440,2005,3.741,1,26731
85440,2006,7.3051,2,27378
85440,2007,0,0,28035
85440,2008,0,0,28665
86001,1993,0,0,17740
86001,1994,0,0,19368
86001,1995,0,0,21003
86001,1996,0,0,22650
86001,1997,0,0,24457
86001,1998,0,0,26394
86001,1999,0,0,28392
86001,2000,0,0,30402
86001,2001,0,0,32292
86001,2002,0,0,34050
86001,2003,0,0,35682
86001,2004,0,0,37182
86001,2005,0,0,38656
86001,2006,0,0,40069
86001,2007,0,0,41428
86001,2008,0,0,42800
86219,1993,0,0,2968
86219,1994,0,0,3079
86219,1995,0,0,3172
86219,1996,0,0,3271
86219,1997,0,0,3401
86219,1998,0,0,3515
86219,1999,0,0,3716
86219,2000,0,0,3824
86219,2001,0,0,3944
86219,2002,0,0,4068
86219,2003,0,0,4187
86219,2004,0,0,4277
86219,2005,0,0,4406
86219,2006,0,0,4474
86219,2007,0,0,4550
86219,2008,0,0,4550
86320,1993,0,0,19017
86320,1994,0,0,19809
86320,1995,0,0,20617
86320,1996,0,0,21426
86320,1997,0,0,22276
86320,1998,0,0,23159
86320,1999,0,0,24055
86320,2000,4.0145,1,24910
86320,2001,0,0,25738
86320,2002,7.5463,2,26503
86320,2003,3.6661,1,27277
86320,2004,0,0,27998
86320,2005,0,0,28729
86320,2006,0,0,29381
86320,2007,0,0,30074
86320,2008,0,0,30770
86568,1993,0,0,32325
86568,1994,0,0,33710
86568,1995,0,0,35058
86568,1996,0,0,36489
86568,1997,0,0,37958
86568,1998,0,0,39530
86568,1999,0,0,41155
86568,2000,2.3415,1,42708
86568,2001,2.2602,1,44243
86568,2002,0,0,45687
86568,2003,0,0,47068
86568,2004,2.0689,1,48335
86568,2005,0,0,49577
86568,2006,0,0,50769
86568,2007,0,0,51942
86568,2008,0,0,53120
86569,1993,0,0,11562
86569,1994,0,0,11714
86569,1995,0,0,11867
86569,1996,0,0,12020
86569,1997,0,0,12152
86569,1998,0,0,12250
86569,1999,0,0,12325
86569,2000,0,0,12447
86569,2001,0,0,12520
86569,2002,0,0,12642
86569,2003,0,0,12821
86569,2004,7.6846,1,13013
86569,2005,7.558,1,13231
86569,2006,0,0,13447
86569,2007,0,0,13657
86569,2008,0,0,13865
86571,1993,0,0,19999
86571,1994,0,0,20626
86571,1995,0,0,21253
86571,1996,0,0,21859
86571,1997,0,0,22368
86571,1998,0,0,22758
86571,1999,0,0,23069
86571,2000,0,0,23304
86571,2001,0,0,23638
86571,2002,4.1545,1,24070
86571,2003,0,0,24564
86571,2004,0,0,25156
86571,2005,0,0,25786
86571,2006,0,0,26454
86571,2007,0,0,27165
86571,2008,0,0,27882
86573,1993,0,0,13860
86573,1994,0,0,14478
86573,1995,0,0,15089
86573,1996,0,0,15732
86573,1997,0,0,16357
86573,1998,0,0,16976
86573,1999,0,0,17555
86573,2000,0,0,18162
86573,2001,0,0,18750
86573,2002,0,0,19313
86573,2003,0,0,19854
86573,2004,0,0,20438
86573,2005,0,0,21020
86573,2006,0,0,21586
86573,2007,0,0,22146
86573,2008,0,0,22696
86749,1993,0,0,7487
86749,1994,0,0,7821
86749,1995,0,0,8136
86749,1996,0,0,8515
86749,1997,0,0,8906
86749,1998,0,0,9334
86749,1999,0,0,9723
86749,2000,0,0,10189
86749,2001,0,0,10587
86749,2002,0,0,10908
86749,2003,0,0,11216
86749,2004,0,0,11506
86749,2005,0,0,11782
86749,2006,0,0,12025
86749,2007,0,0,12289
86749,2008,0,0,12521
86755,1993,0,0,3822
86755,1994,0,0,3959
86755,1995,0,0,4042
86755,1996,0,0,4103
86755,1997,0,0,4216
86755,1998,0,0,4318
86755,1999,0,0,4423
86755,2000,0,0,4557
86755,2001,0,0,4659
86755,2002,0,0,4782
86755,2003,0,0,4825
86755,2004,0,0,4905
86755,2005,0,0,4944
86755,2006,0,0,5034
86755,2007,0,0,5065
86755,2008,0,0,5133
86757,1994,0,0,11817
86757,1995,0,0,12127
86757,1996,0,0,12436
86757,1997,0,0,12694
86757,1998,0,0,12884
86757,1999,0,0,13044
86757,2000,15.0534,2,13286
86757,2001,0,0,13450
86757,2002,0,0,13668
86757,2003,7.1932,1,13902
86757,2004,0,0,14190
86757,2005,0,0,14473
86757,2006,0,0,14804
86757,2007,0,0,15124
86757,2008,0,0,15454
86760,1993,0,0,3997
86760,1994,0,0,4160
86760,1995,0,0,4301
86760,1996,0,0,4467
86760,1997,0,0,4626
86760,1998,0,0,4786
86760,1999,0,0,4944
86760,2000,0,0,5022
86760,2001,0,0,5183
86760,2002,0,0,5313
86760,2003,0,0,5440
86760,2004,0,0,5579
86760,2005,0,0,5705
86760,2006,0,0,5827
86760,2007,0,0,5913
86760,2008,0,0,6028
86865,1993,0,0,37809
86865,1994,0,0,26262
86865,1995,0,0,26583
86865,1996,0,0,26844
86865,1997,0,0,27063
86865,1998,0,0,27216
86865,1999,0,0,27392
86865,2000,14.5307,4,27528
86865,2001,0,0,27731
86865,2002,3.5714,1,28000
86865,2003,14.1263,4,28316
86865,2004,0,0,28642
86865,2005,6.9111,2,28939
86865,2006,0,0,29284
86865,2007,0,0,29610
86865,2008,0,0,29987
86885,1993,0,0,14279
86885,1994,0,0,14681
86885,1995,0,0,15047
86885,1996,0,0,15440
86885,1997,0,0,15823
86885,1998,0,0,16249
86885,1999,0,0,16615
86885,2000,0,0,17021
86885,2001,0,0,17446
86885,2002,0,0,17851
86885,2003,0,0,18249
86885,2004,0,0,18638
86885,2005,0,0,19026
86885,2006,0,0,19370
86885,2007,0,0,19774
86885,2008,0,0,20111
88001,1993,0,0,49801
88001,1994,0,0,50956
88001,1995,0,0,51917
88001,1996,0,0,52796
88001,1997,0,0,53519
88001,1998,0,0,54172
88001,1999,0,0,54734
88001,2000,0,0,55176
88001,2001,0,0,55564
88001,2002,0,0,55800
88001,2003,0,0,55982
88001,2004,0,0,56112
88001,2005,0,0,56086
88001,2006,0,0,56026
88001,2007,0,0,56010
88001,2008,0,0,55937
88564,1993,0,0,5337
88564,1994,0,0,5425
88564,1995,0,0,5561
88564,1996,0,0,5641
88564,1997,0,0,5744
88564,1998,0,0,5808
88564,1999,0,0,5873
88564,2000,0,0,5956
88564,2001,0,0,5983
88564,2002,0,0,6043
88564,2003,0,0,6058
88564,2004,0,0,6050
88564,2005,0,0,6034
88564,2006,0,0,6060
88564,2007,0,0,6030
88564,2008,0,0,6034
91001,1993,0,0,27571
91001,1994,0,0,28343
91001,1995,0,0,29123
91001,1996,0,0,29858
91001,1997,0,0,30617
91001,1998,0,0,31376
91001,1999,0,0,32204
91001,2000,0,0,33028
91001,2001,0,0,33753
91001,2002,0,0,34568
91001,2003,0,0,35401
91001,2004,0,0,36161
91001,2005,2.7134,1,36854
91001,2006,0,0,37597
91001,2007,0,0,38403
91001,2008,0,0,39242
91263,1993,0,0,3502
91263,1994,0,0,3659
91263,1995,0,0,3796
91263,1996,0,0,3946
91263,1997,0,0,4124
91263,1998,0,0,3342
91263,1999,0,0,3259
91263,2000,0,0,3195
91263,2001,0,0,3139
91263,2002,0,0,3056
91263,2003,0,0,3007
91263,2004,0,0,2923
91263,2005,0,0,2879
91263,2006,0,0,2815
91263,2007,0,0,2761
91263,2008,0,0,2683
91405,1993,0,0,3205
91405,1994,0,0,3273
91405,1995,0,0,3353
91405,1996,0,0,3422
91405,1997,0,0,3521
91405,1998,0,0,2362
91405,1999,0,0,2371
91405,2000,0,0,2377
91405,2001,0,0,2405
91405,2002,0,0,2455
91405,2003,0,0,2490
91405,2004,0,0,2509
91405,2005,0,0,2532
91405,2006,0,0,2571
91405,2007,0,0,2613
91405,2008,0,0,2651
91407,1993,0,0,1588
91407,1994,0,0,1644
91407,1995,0,0,1687
91407,1996,0,0,1767
91407,1997,0,0,1809
91407,1998,0,0,1874
91407,1999,0,0,1991
91407,2000,0,0,2081
91407,2001,0,0,2161
91407,2002,0,0,2256
91407,2003,0,0,2349
91407,2004,0,0,2454
91407,2005,0,0,2506
91407,2006,0,0,2632
91407,2007,0,0,2722
91407,2008,0,0,2843
91430,1997,0,0,851
91430,1998,0,0,836
91430,1999,0,0,817
91430,2000,0,0,814
91430,2001,0,0,797
91430,2002,0,0,806
91430,2003,0,0,771
91430,2004,0,0,770
91430,2005,0,0,772
91430,2006,0,0,748
91430,2007,0,0,748
91430,2008,0,0,750
91460,1993,0,0,2328
91460,1994,0,0,2379
91460,1995,0,0,2465
91460,1996,0,0,2506
91460,1997,0,0,1620
91460,1998,0,0,1631
91460,1999,0,0,1641
91460,2000,0,0,1642
91460,2001,0,0,1654
91460,2002,0,0,1647
91460,2003,0,0,1651
91460,2004,0,0,1659
91460,2005,0,0,1693
91460,2006,0,0,1695
91460,2007,0,0,1701
91460,2008,0,0,1702
91530,1998,0,0,960
91530,1999,0,0,955
91530,2000,0,0,923
91530,2001,0,0,916
91530,2002,0,0,915
91530,2003,0,0,877
91530,2004,0,0,877
91530,2005,0,0,885
91530,2006,0,0,870
91530,2007,0,0,870
91530,2008,0,0,853
91536,1998,0,0,1078
91536,1999,0,0,1089
91536,2000,0,0,1079
91536,2001,0,0,1067
91536,2002,0,0,1076
91536,2003,0,0,1050
91536,2004,0,0,1047
91536,2005,0,0,1065
91536,2006,0,0,1060
91536,2007,0,0,1051
91536,2008,0,0,1052
91540,1993,0,0,3849
91540,1994,0,0,4031
91540,1995,0,0,4233
91540,1996,0,0,4401
91540,1997,0,0,4620
91540,1998,0,0,4850
91540,1999,0,0,5084
91540,2000,0,0,5311
91540,2001,0,0,5621
91540,2002,0,0,5817
91540,2003,0,0,6059
91540,2004,0,0,6280
91540,2005,0,0,6527
91540,2006,0,0,6775
91540,2007,0,0,7024
91540,2008,0,0,7236
91669,1993,0,0,971
91669,1994,0,0,1003
91669,1995,0,0,980
91669,1996,0,0,993
91669,1997,0,0,988
91669,1998,0,0,1018
91669,1999,0,0,1053
91669,2000,0,0,1112
91669,2001,0,0,1139
91669,2002,0,0,1166
91669,2003,0,0,1181
91669,2004,0,0,1227
91669,2005,0,0,1250
91669,2006,0,0,1319
91669,2007,0,0,1342
91669,2008,0,0,1381
91798,1993,0,0,1714
91798,1994,0,0,1778
91798,1995,0,0,1818
91798,1996,0,0,1873
91798,1997,0,0,1902
91798,1998,0,0,1970
91798,1999,0,0,2054
91798,2000,0,0,2163
91798,2001,0,0,2259
91798,2002,0,0,2320
91798,2003,0,0,2408
91798,2004,0,0,2507
91798,2005,0,0,2617
91798,2006,0,0,2702
91798,2007,0,0,2793
91798,2008,0,0,2898
94001,1993,0,0,12180
94001,1994,0,0,12664
94001,1995,0,0,13214
94001,1996,0,0,13777
94001,1997,0,0,14464
94001,1998,0,0,15165
94001,1999,0,0,15806
94001,2000,0,0,16483
94001,2001,0,0,17236
94001,2002,0,0,17985
94001,2003,0,0,18728
94001,2004,0,0,19440
94001,2005,0,0,20192
94001,2006,0,0,20931
94001,2007,0,0,21708
94001,2008,0,0,22496
94343,1993,0,0,1919
94343,1994,0,0,2171
94343,1995,0,0,2339
94343,1996,0,0,2561
94343,1997,0,0,2737
94343,1998,0,0,2913
94343,1999,0,0,3105
94343,2000,0,0,3251
94343,2001,0,0,3506
94343,2002,0,0,3721
94343,2003,0,0,3929
94343,2004,0,0,4148
94343,2005,0,0,4435
94343,2006,0,0,4647
94343,2007,0,0,4918
94343,2008,0,0,5159
94663,1999,0,0,1145
94663,2000,0,0,1114
94663,2001,0,0,1093
94663,2002,0,0,1085
94663,2003,0,0,1081
94663,2004,0,0,1074
94663,2005,0,0,1063
94663,2006,0,0,1074
94663,2007,0,0,1073
94663,2008,0,0,1055
94883,1993,0,0,795
94883,1994,0,0,778
94883,1995,0,0,797
94883,1996,0,0,792
94883,1997,0,0,812
94883,1998,0,0,817
94883,1999,0,0,835
94883,2000,0,0,911
94883,2001,0,0,931
94883,2002,0,0,959
94883,2003,0,0,993
94883,2004,0,0,1023
94883,2005,0,0,1078
94883,2006,0,0,1120
94883,2007,0,0,1129
94883,2008,0,0,1169
94884,1993,0,0,1136
94884,1994,0,0,1122
94884,1995,0,0,1116
94884,1996,0,0,1117
94884,1997,0,0,1144
94884,1998,0,0,1129
94884,1999,0,0,1155
94884,2000,0,0,1165
94884,2001,0,0,1164
94884,2002,0,0,1191
94884,2003,0,0,1226
94884,2004,0,0,1255
94884,2005,0,0,1282
94884,2006,0,0,1311
94884,2007,0,0,1354
94884,2008,0,0,1396
94885,1993,0,0,123
94885,1994,0,0,139
94885,1995,0,0,146
94885,1996,0,0,153
94885,1997,0,0,176
94885,1998,0,0,171
94885,1999,0,0,175
94885,2000,0,0,194
94885,2001,0,0,199
94885,2002,0,0,205
94885,2003,0,0,209
94885,2004,0,0,211
94885,2005,0,0,209
94885,2006,0,0,210
94885,2007,0,0,213
94885,2008,0,0,241
94886,1993,0,0,602
94886,1994,0,0,573
94886,1995,0,0,572
94886,1996,0,0,583
94886,1997,0,0,554
94886,1998,0,0,551
94886,1999,0,0,586
94886,2000,0,0,607
94886,2001,0,0,550
94886,2002,0,0,596
94886,2003,0,0,583
94886,2004,0,0,660
94886,2005,0,0,613
94886,2006,0,0,634
94886,2007,0,0,662
94886,2008,0,0,706
94887,1993,0,0,965
94887,1994,0,0,953
94887,1995,0,0,980
94887,1996,0,0,989
94887,1997,0,0,1009
94887,1998,0,0,1029
94887,1999,0,0,1057
94887,2000,0,0,1090
94887,2001,0,0,1139
94887,2002,0,0,1114
94887,2003,0,0,1174
94887,2004,0,0,1200
94887,2005,0,0,1243
94887,2006,0,0,1327
94887,2007,0,0,1354
94887,2008,0,0,1396
94888,1993,0,0,442
94888,1994,0,0,484
94888,1995,0,0,472
94888,1996,0,0,470
94888,1997,0,0,458
94888,1998,0,0,472
94888,1999,0,0,495
94888,2000,0,0,520
94888,2001,0,0,547
94888,2002,0,0,570
94888,2003,0,0,586
94888,2004,0,0,602
94888,2005,0,0,616
94888,2006,0,0,627
94888,2007,0,0,662
94888,2008,0,0,676
95001,1993,0,0,41556
95001,1994,0,0,42929
95001,1995,0,0,44177
95001,1996,0,0,45345
95001,1997,0,0,46409
95001,1998,2.1151,1,47278
95001,1999,0,0,48076
95001,2000,0,0,48758
95001,2001,2.0312,1,49231
95001,2002,2.0202,1,49499
95001,2003,0,0,49618
95001,2004,0,0,49592
95001,2005,4.0658,2,49191
95001,2006,0,0,48779
95001,2007,0,0,48478
95001,2008,0,0,48236
95015,1993,0,0,5432
95015,1994,0,0,5700
95015,1995,0,0,5980
95015,1996,0,0,6220
95015,1997,0,0,6444
95015,1998,0,0,6732
95015,1999,0,0,6919
95015,2000,0,0,7098
95015,2001,0,0,7279
95015,2002,0,0,7439
95015,2003,0,0,7526
95015,2004,0,0,7648
95015,2005,0,0,7691
95015,2006,0,0,7704
95015,2007,0,0,7766
95015,2008,0,0,7826
95025,1993,0,0,7053
95025,1994,0,0,7414
95025,1995,0,0,7707
95025,1996,0,0,8096
95025,1997,0,0,8381
95025,1998,0,0,8669
95025,1999,0,0,8983
95025,2000,0,0,9222
95025,2001,10.5977,1,9436
95025,2002,0,0,9666
95025,2003,0,0,9894
95025,2004,0,0,10044
95025,2005,0,0,10162
95025,2006,0,0,10313
95025,2007,0,0,10442
95025,2008,0,0,10594
95200,1993,0,0,5990
95200,1994,0,0,6047
95200,1995,0,0,6181
95200,1996,0,0,6199
95200,1997,0,0,6284
95200,1998,0,0,6334
95200,1999,0,0,6351
95200,2000,0,0,6369
95200,2001,0,0,6397
95200,2002,0,0,6402
95200,2003,0,0,6404
95200,2004,0,0,6351
95200,2005,0,0,6252
95200,2006,0,0,6205
95200,2007,0,0,6143
95200,2008,0,0,6130
97001,1993,0,0,11232
97001,1994,0,0,11586
97001,1995,0,0,11978
97001,1996,0,0,12314
97001,1997,0,0,12743
97001,1998,0,0,13257
97001,1999,0,0,13855
97001,2000,0,0,14499
97001,2001,0,0,15168
97001,2002,0,0,15957
97001,2003,0,0,16826
97001,2004,0,0,17660
97001,2005,0,0,18560
97001,2006,0,0,19411
97001,2007,0,0,20273
97001,2008,0,0,21200
97161,1993,0,0,1290
97161,1994,0,0,1285
97161,1995,0,0,1307
97161,1996,0,0,1375
97161,1997,0,0,1426
97161,1998,0,0,1443
97161,1999,0,0,1483
97161,2000,0,0,1509
97161,2001,0,0,1562
97161,2002,0,0,1649
97161,2003,0,0,1742
97161,2004,0,0,1817
97161,2005,0,0,1938
97161,2006,0,0,2016
97161,2007,0,0,2053
97161,2008,0,0,2135
97511,1993,0,0,1419
97511,1994,0,0,1495
97511,1995,0,0,1534
97511,1996,0,0,1582
97511,1997,0,0,1623
97511,1998,0,0,1692
97511,1999,0,0,1789
97511,2000,0,0,1898
97511,2001,0,0,2009
97511,2002,0,0,2126
97511,2003,0,0,2200
97511,2004,0,0,2359
97511,2005,0,0,2503
97511,2006,0,0,2635
97511,2007,0,0,2741
97511,2008,0,0,2858
97666,1993,0,0,662
97666,1994,0,0,731
97666,1995,0,0,750
97666,1996,0,0,811
97666,1997,0,0,843
97666,1998,0,0,890
97666,1999,0,0,893
97666,2000,0,0,978
97666,2001,0,0,1037
97666,2002,0,0,1117
97666,2003,0,0,1172
97666,2004,0,0,1226
97666,2005,0,0,1321
97666,2006,0,0,1400
97666,2007,0,0,1511
97666,2008,0,0,1564
97777,1993,0,0,334
97777,1994,0,0,333
97777,1995,0,0,359
97777,1996,0,0,371
97777,1997,0,0,397
97777,1998,0,0,404
97777,1999,0,0,411
97777,2000,0,0,414
97777,2001,0,0,452
97777,2002,0,0,413
97777,2003,0,0,425
97777,2004,0,0,452
97777,2005,0,0,474
97777,2006,0,0,458
97777,2007,0,0,549
97777,2008,0,0,564
97889,1993,0,0,483
97889,1994,0,0,486
97889,1995,0,0,501
97889,1996,0,0,509
97889,1997,0,0,521
97889,1998,0,0,541
97889,1999,0,0,566
97889,2000,0,0,577
97889,2001,0,0,622
97889,2002,0,0,652
97889,2003,0,0,682
97889,2004,0,0,722
97889,2005,0,0,665
97889,2006,0,0,738
97889,2007,0,0,754
97889,2008,0,0,802
99001,1993,0,0,15941
99001,1994,0,0,16027
99001,1995,0,0,16159
99001,1996,0,0,16353
99001,1997,0,0,16552
99001,1998,0,0,16800
99001,1999,0,0,17077
99001,2000,0,0,17306
99001,2001,0,0,17555
99001,2002,0,0,17795
99001,2003,0,0,18060
99001,2004,0,0,18306
99001,2005,0,0,18606
99001,2006,0,0,18847
99001,2007,0,0,19091
99001,2008,0,0,19307
99524,1993,0,0,6869
99524,1994,0,0,6923
99524,1995,0,0,7009
99524,1996,0,0,7120
99524,1997,0,0,7189
99524,1998,0,0,7333
99524,1999,0,0,7463
99524,2000,0,0,7618
99524,2001,0,0,7764
99524,2002,0,0,7931
99524,2003,0,0,8113
99524,2004,0,0,8281
99524,2005,0,0,8435
99524,2006,11.6509,1,8583
99524,2007,0,0,8735
99524,2008,0,0,8902
99624,1993,0,0,2277
99624,1994,0,0,2377
99624,1995,0,0,2399
99624,1996,0,0,2543
99624,1997,0,0,2630
99624,1998,0,0,2678
99624,1999,0,0,2748
99624,2000,0,0,2730
99624,2001,0,0,2835
99624,2002,0,0,2935
99624,2003,0,0,3013
99624,2004,0,0,3114
99624,2005,0,0,3192
99624,2006,0,0,3342
99624,2007,0,0,3402
99624,2008,0,0,3479
99773,1996,0,0,32157
99773,1997,0,0,33716
99773,1998,0,0,35288
99773,1999,0,0,36907
99773,2000,0,0,38678
99773,2001,0,0,40369
99773,2002,0,0,42102
99773,2003,0,0,43848
99773,2004,4.3834,2,45627
99773,2005,0,0,47411
99773,2006,0,0,49206
99773,2007,0,0,51087
99773,2008,0,0,52965
