cod_divipola,anio,valor,numerador,denominador
05001,2005,63.8472,,
05001,2008,5.97,,
05001,2009,17.05,,
05001,2010,21.22,,
05001,2011,16.63,,
05001,2012,22.58,,
05001,2013,30.09,,
05001,2014,27.76,,
05001,2015,14.46,,
05001,2016,26.13,,
05002,2005,14.1045,,
05002,2008,0,,
05002,2009,0,,
05002,2010,0,,
05002,2011,0,,
05002,2012,0,,
05002,2013,0,,
05002,2014,0,,
05002,2015,9.86,,
05002,2016,0,,
05004,2005,7.7957,,
05004,2008,0,,
05004,2009,100,,
05004,2010,100,,
05004,2011,100,,
05004,2012,100,,
05004,2013,100,,
05004,2014,100,,
05004,2015,61.91,,
05004,2016,0,,
05021,2005,5.8315,,
05021,2008,1.59,,
05021,2009,1.59,,
05021,2010,1.59,,
05021,2011,1.59,,
05021,2012,1.32,,
05021,2013,1.21,,
05021,2014,1.21,,
05021,2015,1.21,,
05021,2016,0.93,,
05030,2005,84.8079,,
05030,2008,3.22,,
05030,2009,5.15,,
05030,2010,100,,
05030,2011,100,,
05030,2012,0,,
05030,2013,100,,
05030,2014,100,,
05030,2015,100,,
05030,2016,2.31,,
05031,2005,4.1646,,
05031,2008,0,,
05031,2009,0.03,,
05031,2010,0,,
05031,2011,0,,
05031,2012,0,,
05031,2013,17.42,,
05031,2014,11.86,,
05031,2015,11.88,,
05031,2016,1.98,,
05034,2005,33.3789,,
05034,2008,0.42,,
05034,2009,0.01,,
05034,2010,6.45,,
05034,2011,13.74,,
05034,2012,13.8,,
05034,2013,13.51,,
05034,2014,13.57,,
05034,2015,13.77,,
05034,2016,13.11,,
05036,2005,63.5392,,
05036,2008,0.25,,
05036,2009,0.13,,
05036,2010,0.13,,
05036,2011,68.51,,
05036,2012,6.04,,
05036,2013,68.6,,
05036,2014,68.57,,
05036,2015,67.62,,
05036,2016,63.74,,
05038,2005,9.4356,,
05038,2008,0,,
05038,2009,0,,
05038,2010,5.22,,
05038,2011,5.22,,
05038,2012,5.18,,
05038,2013,4.45,,
05038,2014,6.12,,
05038,2015,6.12,,
05038,2016,0,,
05040,2005,10.4506,,
05040,2008,3.29,,
05040,2009,3.29,,
05040,2010,3.29,,
05040,2011,3.29,,
05040,2012,3.29,,
05040,2013,3.29,,
05040,2014,3.29,,
05040,2015,0,,
05040,2016,0,,
05042,2005,10.5687,,
05042,2008,1.83,,
05042,2009,1.96,,
05042,2010,12.58,,
05042,2011,6.58,,
05042,2012,5.66,,
05042,2013,5.66,,
05042,2014,0.71,,
05042,2015,0.71,,
05042,2016,5.32,,
05044,2005,11.3499,,
05044,2008,0.18,,
05044,2009,2.14,,
05044,2010,0.18,,
05044,2011,0.17,,
05044,2012,0.16,,
05044,2013,0.16,,
05044,2014,0.15,,
05044,2015,0.15,,
05044,2016,1.09,,
05045,2005,47.107,,
05045,2008,0,,
05045,2009,0,,
05045,2010,0,,
05045,2011,0,,
05045,2012,39.51,,
05045,2013,100,,
05045,2014,5.3,,
05045,2015,12.32,,
05045,2016,15.29,,
05051,2005,3.5334,,
05051,2008,0,,
05051,2009,0,,
05051,2010,0,,
05051,2012,0.44,,
05051,2013,9.04,,
05051,2014,0.4,,
05051,2015,0,,
05051,2016,0,,
05055,2005,0.7559,,
05055,2008,0,,
05055,2009,0,,
05055,2010,0,,
05055,2011,0,,
05055,2012,100,,
05055,2013,100,,
05055,2014,100,,
05055,2015,98.33,,
05055,2016,0,,
05059,2005,34.87,,
05059,2008,0,,
05059,2009,0.63,,
05059,2010,10.95,,
05059,2011,11.02,,
05059,2012,12.41,,
05059,2013,12.09,,
05059,2014,8.99,,
05059,2015,9.08,,
05059,2016,9.78,,
05079,2005,45.6189,,
05079,2008,0,,
05079,2009,0,,
05079,2010,0,,
05079,2011,0,,
05079,2012,4.25,,
05079,2013,3.95,,
05079,2014,3.92,,
05079,2015,3.92,,
05079,2016,0,,
05086,2005,13.3782,,
05086,2008,0,,
05086,2009,4.65,,
05086,2010,4.19,,
05086,2011,0.7,,
05086,2012,0.33,,
05086,2013,0,,
05086,2014,0,,
05086,2015,0,,
05086,2016,0,,
05088,2005,44.7546,,
05088,2008,2.11,,
05088,2009,1.49,,
05088,2010,80.84,,
05088,2011,85.24,,
05088,2012,100,,
05088,2013,100,,
05088,2014,100,,
05088,2015,100,,
05088,2016,100,,
05091,2005,29.2502,,
05091,2008,0,,
05091,2009,0,,
05091,2010,0,,
05091,2011,0,,
05091,2012,0,,
05091,2013,0,,
05091,2014,0,,
05091,2015,0,,
05091,2016,13.11,,
05093,2005,34.2655,,
05093,2008,1.88,,
05093,2009,7.35,,
05093,2010,7.42,,
05093,2011,7.4,,
05093,2012,0.07,,
05093,2013,0.07,,
05093,2014,0.09,,
05093,2015,2.24,,
05093,2016,0.79,,
05101,2005,41.083,,
05101,2008,0,,
05101,2009,0,,
05101,2010,0,,
05101,2011,7.48,,
05101,2012,16.52,,
05101,2013,16.49,,
05101,2014,16.49,,
05101,2015,16.49,,
05101,2016,18.55,,
05107,2005,14.7882,,
05107,2008,3.82,,
05107,2009,0,,
05107,2010,3.99,,
05107,2011,3.83,,
05107,2012,100,,
05107,2013,0,,
05107,2014,0.7,,
05107,2015,0.7,,
05107,2016,0,,
05113,2005,11.6735,,
05113,2008,0,,
05113,2009,0,,
05113,2010,0,,
05113,2013,0,,
05113,2014,0,,
05113,2016,18.75,,
05120,2005,38.6343,,
05120,2008,64.42,,
05120,2009,64.42,,
05120,2010,64.28,,
05120,2011,86.64,,
05120,2012,95.03,,
05120,2013,95.02,,
05120,2014,67.91,,
05120,2015,67.91,,
05120,2016,29.99,,
05125,2005,11.623,,
05125,2008,1.1,,
05125,2009,1.1,,
05125,2010,0.51,,
05125,2011,0.5,,
05125,2012,0.5,,
05125,2013,0.5,,
05125,2014,0.5,,
05125,2015,0.51,,
05125,2016,0.46,,
05129,2005,79.1729,,
05129,2010,13.55,,
05129,2011,13.55,,
05129,2012,13.55,,
05129,2013,13.55,,
05129,2014,62.5,,
05129,2015,62.78,,
05129,2016,84.22,,
05134,2005,5.6112,,
05134,2008,23.23,,
05134,2009,0.22,,
05134,2010,0.08,,
05134,2011,77.17,,
05134,2012,72.98,,
05134,2013,86.22,,
05134,2014,89.56,,
05134,2015,59.19,,
05134,2016,5.18,,
05138,2005,6.8117,,
05138,2008,0,,
05138,2009,40.88,,
05138,2010,82.6,,
05138,2011,82.6,,
05138,2012,82.6,,
05138,2013,54.2,,
05138,2014,52.57,,
05138,2015,52.57,,
05138,2016,0,,
05142,2005,46.7043,,
05142,2008,0,,
05142,2009,0,,
05142,2010,0,,
05142,2011,0,,
05142,2012,0,,
05142,2013,0,,
05142,2014,0,,
05142,2015,0,,
05142,2016,0,,
05145,2005,55.6172,,
05145,2008,0.08,,
05145,2009,0.08,,
05145,2010,0.86,,
05145,2011,0.86,,
05145,2012,2.61,,
05145,2013,0.88,,
05145,2014,0.04,,
05145,2015,0,,
05145,2016,10.32,,
05147,2005,41.7447,,
05147,2008,0,,
05147,2009,0,,
05147,2010,0,,
05147,2011,0,,
05147,2012,0,,
05147,2013,0,,
05147,2014,0,,
05147,2015,0,,
05147,2016,0,,
05148,2005,24.9008,,
05148,2008,0,,
05148,2009,0,,
05148,2010,4.62,,
05148,2011,0,,
05148,2012,0,,
05148,2013,0,,
05148,2014,1.05,,
05148,2015,1.04,,
05148,2016,0.53,,
05150,2005,52.9183,,
05150,2008,0,,
05150,2009,0,,
05150,2010,9.42,,
05150,2011,9.42,,
05150,2012,8.93,,
05150,2013,6.09,,
05150,2014,6.41,,
05150,2015,5.79,,
05150,2016,2.79,,
05154,2005,22.5714,,
05154,2008,84.59,,
05154,2009,84.56,,
05154,2010,89.97,,
05154,2011,0,,
05154,2012,0,,
05154,2013,2.32,,
05154,2014,0.11,,
05154,2015,0,,
05154,2016,0,,
05172,2005,12.5717,,
05172,2008,0,,
05172,2009,0,,
05172,2010,0.08,,
05172,2011,0.08,,
05172,2012,3.01,,
05172,2013,2.97,,
05172,2014,2.97,,
05172,2015,3.01,,
05172,2016,1.69,,
05190,2005,41.4188,,
05190,2008,3.23,,
05190,2009,3.08,,
05190,2010,3.05,,
05190,2011,3.05,,
05190,2012,100,,
05190,2013,100,,
05190,2014,100,,
05190,2015,0.47,,
05190,2016,0.29,,
05197,2005,4.0123,,
05197,2008,0,,
05197,2009,0.13,,
05197,2010,2.72,,
05197,2011,0.13,,
05197,2012,0.13,,
05197,2013,0.13,,
05197,2014,0,,
05197,2015,0,,
05197,2016,0,,
05206,2005,3.1606,,
05206,2008,30.65,,
05206,2009,76.57,,
05206,2010,33.41,,
05206,2011,35.65,,
05206,2012,1.55,,
05206,2013,5.01,,
05206,2014,5.06,,
05206,2015,0,,
05206,2016,0,,
05209,2005,44.7658,,
05209,2008,0.11,,
05209,2009,0.81,,
05209,2010,2.78,,
05209,2011,2.51,,
05209,2012,2.52,,
05209,2013,2.55,,
05209,2014,2.6,,
05209,2015,2.13,,
05209,2016,2.06,,
05212,2005,21.8781,,
05212,2008,6.18,,
05212,2009,0.43,,
05212,2010,0.32,,
05212,2011,1.04,,
05212,2012,0.07,,
05212,2013,100,,
05212,2014,100,,
05212,2015,100,,
05212,2016,100,,
05234,2005,10.6458,,
05234,2008,0,,
05234,2009,0,,
05234,2010,0,,
05234,2011,0,,
05234,2012,0,,
05234,2013,0.73,,
05234,2014,0.73,,
05234,2015,0,,
05234,2016,0,,
05237,2005,22.1636,,
05237,2008,0,,
05237,2009,0,,
05237,2010,87.5,,
05237,2011,87.5,,
05237,2012,3.92,,
05237,2013,0,,
05237,2014,0,,
05237,2015,0,,
05237,2016,0,,
05240,2005,24.764,,
05240,2008,8.58,,
05240,2009,8.56,,
05240,2010,8.53,,
05240,2011,8.49,,
05240,2012,0.8,,
05240,2013,0.64,,
05240,2014,0.64,,
05240,2015,0.64,,
05240,2016,7.46,,
05250,2005,26.4659,,
05250,2008,74.98,,
05250,2009,67.34,,
05250,2010,34.48,,
05250,2011,34.52,,
05250,2012,43.7,,
05250,2013,0,,
05250,2014,0,,
05250,2015,0,,
05250,2016,0,,
05264,2005,15.1032,,
05264,2008,0.05,,
05264,2009,0,,
05264,2010,0,,
05264,2011,0.18,,
05264,2012,0.49,,
05264,2013,0.12,,
05264,2014,0.12,,
05264,2015,0.12,,
05264,2016,0.12,,
05266,2005,28.5261,,
05266,2009,0,,
05266,2011,62.3,,
05266,2012,62.3,,
05266,2013,59.61,,
05266,2014,37.95,,
05266,2015,57.66,,
05266,2016,0,,
05282,2005,66.3467,,
05282,2008,0,,
05282,2009,0,,
05282,2010,0,,
05282,2011,0,,
05282,2012,0,,
05282,2013,0,,
05282,2014,0,,
05282,2015,0.23,,
05282,2016,0,,
05284,2005,22.8084,,
05284,2008,50.98,,
05284,2009,50.96,,
05284,2010,0,,
05284,2011,0,,
05284,2012,48.92,,
05284,2013,48.89,,
05284,2014,0,,
05284,2015,0,,
05284,2016,0,,
05306,2005,37.1601,,
05306,2008,18.93,,
05306,2009,18.93,,
05306,2010,18.93,,
05306,2011,15,,
05306,2012,18.93,,
05306,2013,19.01,,
05306,2014,19.12,,
05306,2015,9.76,,
05306,2016,7.06,,
05308,2005,27.2685,,
05308,2008,10.28,,
05308,2009,9.68,,
05308,2010,72.18,,
05308,2011,23.83,,
05308,2012,25.34,,
05308,2013,2.97,,
05308,2014,3.73,,
05308,2015,3.74,,
05308,2016,3.32,,
05310,2005,16.5058,,
05310,2008,31.29,,
05310,2009,31.29,,
05310,2010,31.29,,
05310,2011,31.29,,
05310,2012,100,,
05310,2013,0,,
05310,2014,31.29,,
05310,2015,31.29,,
05310,2016,0,,
05313,2005,5.5802,,
05313,2008,0,,
05313,2009,0,,
05313,2010,3.91,,
05313,2011,6.18,,
05313,2012,8.28,,
05313,2013,8.37,,
05313,2014,9.5,,
05313,2015,9.3,,
05313,2016,5.22,,
05315,2005,7.0881,,
05315,2008,0,,
05315,2009,0,,
05315,2010,0,,
05315,2011,0.18,,
05315,2012,0.18,,
05315,2014,2.97,,
05315,2015,2.97,,
05315,2016,1.88,,
05318,2005,22.5213,,
05318,2008,0.17,,
05318,2009,0.45,,
05318,2010,0.48,,
05318,2011,0.59,,
05318,2012,0.53,,
05318,2013,0.52,,
05318,2014,0.5,,
05318,2015,0.54,,
05318,2016,0.07,,
05321,2005,21.6981,,
05321,2008,0,,
05321,2009,0,,
05321,2010,0.06,,
05321,2011,26.45,,
05321,2012,0,,
05321,2013,0,,
05321,2014,0,,
05321,2015,0,,
05321,2016,0,,
05347,2005,59.7927,,
05347,2008,0,,
05347,2009,0,,
05347,2010,0,,
05347,2011,100,,
05347,2012,100,,
05347,2013,100,,
05347,2014,100,,
05347,2015,100,,
05347,2016,79.77,,
05353,2005,40.048,,
05353,2008,0,,
05353,2009,0,,
05353,2010,0,,
05353,2011,0,,
05353,2012,0,,
05353,2013,0.14,,
05353,2014,0.14,,
05353,2015,0.14,,
05353,2016,0,,
05360,2005,87.7206,,
05360,2008,69.27,,
05360,2009,67.62,,
05360,2010,72.43,,
05360,2011,73.07,,
05360,2012,74.14,,
05360,2013,60.41,,
05360,2014,78.24,,
05360,2015,63.22,,
05360,2016,77.35,,
05361,2005,18.8699,,
05361,2011,21.62,,
05361,2012,21.68,,
05361,2013,22.07,,
05361,2014,22.25,,
05361,2015,40.68,,
05361,2016,42.42,,
05364,2005,5.1917,,
05364,2008,0,,
05364,2009,0,,
05364,2010,0,,
05364,2011,0,,
05364,2012,0.12,,
05364,2013,0.12,,
05364,2014,0.12,,
05364,2015,0.12,,
05364,2016,0.04,,
05368,2005,9.4771,,
05368,2008,1.79,,
05368,2009,0,,
05368,2010,100,,
05368,2011,0,,
05368,2012,0,,
05368,2013,0,,
05368,2014,0.04,,
05368,2015,0,,
05368,2016,0.04,,
05376,2005,44.81,,
05376,2008,10.56,,
05376,2009,53.25,,
05376,2010,54.24,,
05376,2011,2.95,,
05376,2012,4.42,,
05376,2013,100,,
05376,2014,59.01,,
05376,2015,0,,
05376,2016,15.4,,
05380,2005,92.4979,,
05380,2008,96.43,,
05380,2009,54.67,,
05380,2010,53.51,,
05380,2011,56.98,,
05380,2012,58.48,,
05380,2013,58.46,,
05380,2014,58.5,,
05380,2015,58.58,,
05380,2016,58.6,,
05390,2005,66.3934,,
05390,2008,0,,
05390,2009,0,,
05390,2010,0,,
05390,2011,5.17,,
05390,2012,30.05,,
05390,2013,4.91,,
05390,2014,23.86,,
05390,2015,41.67,,
05390,2016,41.19,,
05400,2005,34.9614,,
05400,2008,100,,
05400,2009,3.91,,
05400,2010,100,,
05400,2011,3.64,,
05400,2012,3.56,,
05400,2013,4.82,,
05400,2014,3.77,,
05400,2015,3.94,,
05400,2016,98.75,,
05411,2005,28.1284,,
05411,2008,52.11,,
05411,2009,35.02,,
05411,2010,35.79,,
05411,2011,1.63,,
05411,2012,1.63,,
05411,2013,0.1,,
05411,2014,0.1,,
05411,2015,0.1,,
05411,2016,0.1,,
05425,2005,20.3931,,
05425,2008,0,,
05425,2009,0,,
05425,2010,71.74,,
05425,2011,0,,
05425,2012,0,,
05425,2013,7.75,,
05425,2014,7.75,,
05425,2015,7.72,,
05425,2016,13.9,,
05440,2005,9.0824,,
05440,2008,0,,
05440,2009,0,,
05440,2010,0,,
05440,2011,0,,
05440,2012,0,,
05440,2013,0,,
05440,2014,0,,
05440,2015,0,,
05440,2016,0,,
05467,2005,26.0606,,
05467,2008,0.34,,
05467,2009,0.34,,
05467,2010,0.34,,
05467,2011,0.33,,
05467,2012,0.33,,
05467,2013,0.42,,
05467,2014,0.69,,
05467,2016,0.63,,
05475,2005,0,,
05475,2008,0,,
05475,2009,0,,
05475,2010,100,,
05475,2011,0,,
05475,2012,100,,
05475,2013,100,,
05475,2014,100,,
05475,2016,0,,
05480,2005,14.3791,,
05480,2008,100,,
05480,2009,100,,
05480,2010,100,,
05480,2011,0,,
05480,2012,100,,
05480,2013,92.97,,
05480,2014,92.97,,
05480,2015,92.97,,
05480,2016,67.04,,
05483,2005,22.5111,,
05483,2008,100,,
05483,2009,100,,
05483,2010,0,,
05483,2011,0,,
05483,2012,0,,
05483,2013,0,,
05483,2014,0,,
05483,2015,0,,
05483,2016,0,,
05490,2005,1.4819,,
05490,2008,0.9,,
05490,2009,0.52,,
05490,2010,0.56,,
05490,2011,0.9,,
05490,2012,1.29,,
05490,2013,0,,
05490,2014,0,,
05490,2015,0,,
05490,2016,0,,
05495,2005,0.1873,,
05495,2008,0,,
05495,2009,0,,
05495,2010,0,,
05495,2011,0,,
05495,2012,0,,
05495,2013,0,,
05495,2014,0,,
05495,2015,0,,
05495,2016,0,,
05501,2005,45.2482,,
05501,2008,20.36,,
05501,2009,20.72,,
05501,2010,0,,
05501,2011,0,,
05501,2012,0,,
05501,2013,0,,
05501,2014,0.51,,
05501,2015,1.44,,
05501,2016,1.39,,
05541,2005,7.0912,,
05541,2008,21.84,,
05541,2009,21.84,,
05541,2010,0,,
05541,2011,0,,
05541,2012,0,,
05541,2014,0,,
05541,2015,0,,
05541,2016,0.84,,
05543,2005,8.642,,
05543,2008,12.24,,
05543,2011,35.99,,
05543,2012,35.99,,
05543,2013,36.12,,
05543,2014,36.12,,
05543,2015,36.15,,
05543,2016,0,,
05576,2005,50.3145,,
05576,2008,0,,
05576,2009,0,,
05576,2010,0,,
05576,2011,100,,
05576,2012,100,,
05576,2013,100,,
05576,2014,99.31,,
05576,2015,99.31,,
05576,2016,0,,
05579,2005,53.2178,,
05579,2008,0,,
05579,2009,0,,
05579,2010,0,,
05579,2011,0,,
05579,2012,0,,
05579,2013,0,,
05579,2014,0,,
05579,2015,100,,
05579,2016,100,,
05585,2005,69.0416,,
05585,2008,100,,
05585,2009,100,,
05585,2010,67.95,,
05585,2011,62.72,,
05585,2012,59.26,,
05585,2013,59.08,,
05585,2014,55.75,,
05585,2015,61.84,,
05585,2016,59.82,,
05591,2005,79.0775,,
05591,2008,79.37,,
05591,2009,79.37,,
05591,2010,79.37,,
05591,2011,79.37,,
05591,2012,77.92,,
05591,2013,78.02,,
05591,2014,77.92,,
05591,2015,77.92,,
05591,2016,71.43,,
05604,2005,19.9143,,
05604,2008,0,,
05604,2009,0,,
05604,2010,0,,
05604,2011,0,,
05604,2012,0,,
05604,2013,0,,
05604,2014,0,,
05604,2015,0,,
05604,2016,0,,
05607,2005,20.7187,,
05607,2008,0,,
05607,2009,0,,
05607,2010,90.55,,
05607,2011,5.69,,
05607,2012,5,,
05607,2013,5.09,,
05607,2014,3.22,,
05607,2015,3.2,,
05607,2016,12.85,,
05615,2005,18.4896,,
05615,2008,8.57,,
05615,2009,8.31,,
05615,2010,8.96,,
05615,2011,8.75,,
05615,2012,50.66,,
05615,2013,45.23,,
05615,2014,51.41,,
05615,2015,9.77,,
05615,2016,10.14,,
05628,2005,14.1224,,
05628,2008,4,,
05628,2009,0,,
05628,2010,0,,
05628,2011,0,,
05628,2012,0,,
05628,2013,0,,
05628,2014,4.11,,
05628,2015,0,,
05628,2016,0,,
05631,2005,93.4774,,
05631,2008,94.68,,
05631,2009,98.31,,
05631,2010,98.31,,
05631,2011,98.51,,
05631,2012,95.73,,
05631,2013,95.08,,
05631,2014,96.29,,
05631,2015,96.06,,
05642,2005,51.0135,,
05642,2008,0,,
05642,2010,0.1,,
05642,2011,0.24,,
05642,2012,0.13,,
05642,2013,0.05,,
05642,2014,0.08,,
05642,2015,0.1,,
05642,2016,0.19,,
05647,2005,3.1128,,
05647,2008,42.6,,
05647,2009,42.6,,
05647,2010,42.6,,
05647,2011,42.6,,
05647,2012,42.6,,
05647,2013,42.6,,
05647,2014,0,,
05647,2015,0,,
05647,2016,0,,
05649,2005,39.4214,,
05649,2008,0,,
05649,2009,0,,
05649,2010,0,,
05649,2011,0,,
05649,2012,0,,
05649,2013,0,,
05649,2014,0,,
05649,2015,0,,
05649,2016,6.88,,
05652,2005,14.3251,,
05652,2008,0,,
05652,2009,0,,
05652,2010,0,,
05652,2011,0,,
05652,2012,0,,
05652,2013,0.55,,
05652,2014,0.55,,
05652,2015,0.41,,
05652,2016,0,,
05656,2005,26.3408,,
05656,2008,0,,
05656,2009,0,,
05656,2010,58.39,,
05656,2011,58.4,,
05656,2012,55.67,,
05656,2013,49.79,,
05656,2014,49.79,,
05656,2015,49.79,,
05656,2016,8.25,,
05658,2005,2.439,,
05658,2008,0,,
05658,2009,0,,
05658,2010,0,,
05658,2011,0,,
05658,2012,0,,
05658,2013,0,,
05658,2014,0,,
05658,2015,0,,
05658,2016,0,,
05659,2005,2.8457,,
05659,2008,0.53,,
05659,2009,0.53,,
05659,2010,0,,
05659,2012,0.53,,
05659,2013,0.53,,
05659,2014,0.5,,
05659,2015,0,,
05659,2016,0,,
05660,2005,19.4379,,
05660,2008,0,,
05660,2009,100,,
05660,2010,0.09,,
05660,2011,5.06,,
05660,2012,4.71,,
05660,2013,4.71,,
05660,2014,4.71,,
05660,2015,0,,
05660,2016,0,,
05664,2005,26.1568,,
05664,2008,37.21,,
05664,2009,37.21,,
05664,2010,0,,
05664,2011,0,,
05664,2012,0,,
05664,2013,0,,
05664,2014,0,,
05664,2015,0,,
05664,2016,11.93,,
05665,2005,1.8923,,
05665,2008,0,,
05665,2009,0,,
05665,2010,0,,
05665,2011,0,,
05665,2012,0,,
05665,2013,0,,
05665,2014,0,,
05665,2015,0,,
05665,2016,0,,
05667,2005,4,,
05667,2008,29.66,,
05667,2009,29.66,,
05667,2010,0.88,,
05667,2011,0.88,,
05667,2012,0.88,,
05667,2013,3.12,,
05667,2014,3.12,,
05667,2015,3.12,,
05667,2016,23.56,,
05670,2005,31.1315,,
05670,2008,0,,
05670,2009,0,,
05670,2010,0,,
05670,2011,0,,
05670,2012,0,,
05670,2013,0,,
05670,2014,0,,
05670,2015,0.31,,
05670,2016,0,,
05674,2005,5.9208,,
05674,2008,0.22,,
05674,2009,0.22,,
05674,2010,0.22,,
05674,2011,0.21,,
05674,2012,0,,
05674,2013,0,,
05674,2014,0,,
05674,2015,0,,
05674,2016,0,,
05679,2005,30.5164,,
05679,2008,22.47,,
05679,2009,19.36,,
05679,2010,4.02,,
05679,2011,4.29,,
05679,2012,0,,
05679,2013,0,,
05679,2014,4.02,,
05679,2015,37.28,,
05679,2016,3.73,,
05686,2005,20.2929,,
05686,2008,0,,
05686,2009,0,,
05686,2010,0,,
05686,2011,0,,
05686,2012,5.09,,
05686,2013,5.08,,
05686,2014,0.14,,
05686,2015,0.16,,
05686,2016,1.75,,
05690,2005,35.0792,,
05690,2008,0,,
05690,2009,0,,
05690,2010,0,,
05690,2011,0.02,,
05690,2012,0.16,,
05690,2013,0.15,,
05690,2014,2.31,,
05690,2015,2.31,,
05690,2016,6.18,,
05697,2005,4.2495,,
05697,2008,0,,
05697,2009,1.3,,
05697,2010,1.34,,
05697,2011,1.34,,
05697,2012,0.54,,
05697,2013,0.13,,
05697,2014,0.13,,
05697,2015,1.46,,
05697,2016,1.59,,
05736,2005,12.4335,,
05736,2011,0.99,,
05736,2012,0.98,,
05736,2013,0.98,,
05736,2014,0,,
05736,2015,0,,
05756,2005,28.1939,,
05756,2008,5.37,,
05756,2009,5.37,,
05756,2010,5.37,,
05756,2011,7.92,,
05756,2012,9.63,,
05756,2013,5.37,,
05756,2014,6.52,,
05756,2015,18.41,,
05756,2016,5.82,,
05761,2005,12.8357,,
05761,2008,0,,
05761,2009,0,,
05761,2010,8.05,,
05761,2011,6.83,,
05761,2012,8.05,,
05761,2013,11.85,,
05761,2014,6.26,,
05761,2015,11.95,,
05761,2016,2.39,,
05789,2005,45.6368,,
05789,2008,0,,
05789,2009,0,,
05789,2010,0,,
05789,2011,0,,
05789,2012,0,,
05789,2013,0,,
05789,2014,0,,
05789,2015,0,,
05789,2016,0,,
05790,2005,37.9052,,
05790,2008,19.76,,
05790,2009,19.76,,
05790,2010,96.14,,
05790,2011,96.14,,
05790,2012,96.14,,
05790,2013,1.84,,
05790,2014,7.49,,
05790,2015,3.09,,
05790,2016,3.09,,
05792,2005,46.5016,,
05792,2008,0,,
05792,2009,0,,
05792,2010,0,,
05792,2011,0,,
05792,2012,0,,
05792,2013,0,,
05792,2014,0,,
05792,2015,0,,
05792,2016,0,,
05809,2005,77.4775,,
05809,2008,27.43,,
05809,2009,28.98,,
05809,2010,27.37,,
05809,2011,27.23,,
05809,2012,33.46,,
05809,2013,33.46,,
05809,2014,33.6,,
05809,2015,33.6,,
05809,2016,32.17,,
05819,2005,8.6207,,
05819,2008,81.13,,
05819,2009,81.65,,
05819,2010,81.65,,
05819,2011,0,,
05819,2012,10.5,,
05819,2013,81.82,,
05819,2014,10.5,,
05819,2015,10.55,,
05819,2016,13.45,,
05837,2005,22.2578,,
05837,2008,9.21,,
05837,2009,2.33,,
05837,2010,1.73,,
05837,2011,1.73,,
05837,2012,1.73,,
05837,2013,29.9,,
05837,2014,1.73,,
05837,2015,1.73,,
05837,2016,0,,
05842,2005,1.5972,,
05842,2008,0,,
05842,2009,0,,
05842,2010,0,,
05842,2011,0,,
05842,2012,5.16,,
05842,2013,0,,
05842,2014,0,,
05842,2015,30.5,,
05842,2016,0,,
05847,2005,10.2916,,
05847,2008,33.33,,
05847,2009,50,,
05847,2010,0.01,,
05847,2011,0.03,,
05847,2012,0.03,,
05847,2013,0.03,,
05847,2014,0.03,,
05847,2015,0,,
05847,2016,0,,
05854,2005,13.6644,,
05854,2008,0,,
05854,2009,0,,
05854,2010,0,,
05854,2011,0,,
05854,2012,0,,
05854,2013,0,,
05854,2014,1.49,,
05854,2015,1.49,,
05854,2016,1.5,,
05856,2005,44.4302,,
05856,2008,87.68,,
05856,2009,87.94,,
05856,2011,99.55,,
05856,2013,100,,
05856,2014,3.28,,
05856,2015,3.28,,
05856,2016,0,,
05858,2005,21.3158,,
05858,2008,26.65,,
05858,2009,15.14,,
05858,2010,20.61,,
05858,2011,21.43,,
05858,2012,21.63,,
05858,2013,0,,
05858,2014,0,,
05858,2015,0,,
05858,2016,0,,
05861,2005,69.7017,,
05861,2008,0,,
05861,2009,20.85,,
05861,2010,20.82,,
05861,2011,20.82,,
05861,2012,19.14,,
05861,2013,19.14,,
05861,2014,19.91,,
05861,2015,19.91,,
05861,2016,2.56,,
05873,2005,0.4225,,
05873,2008,0,,
05873,2009,0,,
05873,2010,0,,
05873,2011,0,,
05873,2012,0,,
05873,2013,0,,
05873,2014,0,,
05873,2015,0,,
05873,2016,0,,
05885,2005,0.8717,,
05885,2008,0,,
05885,2009,0,,
05885,2010,0,,
05885,2011,0.26,,
05885,2012,0,,
05885,2013,0,,
05885,2014,0.08,,
05885,2015,0,,
05885,2016,17.7,,
05887,2005,28.7171,,
05887,2008,0,,
05887,2009,50,,
05887,2010,78.99,,
05887,2011,0.06,,
05887,2012,70,,
05887,2013,69.46,,
05887,2014,70.91,,
05887,2015,70.91,,
05887,2016,0,,
05890,2005,8.2227,,
05890,2008,0.1,,
05890,2009,0.1,,
05890,2010,0,,
05890,2011,0.02,,
05890,2012,100,,
05890,2013,0,,
05890,2014,0,,
05890,2015,0,,
05890,2016,0,,
05893,2005,7.6679,,
05893,2008,32.61,,
05893,2009,33.87,,
05893,2010,5.17,,
05893,2011,2.7,,
05893,2012,0,,
05893,2013,0,,
05893,2014,0,,
05893,2015,0,,
05893,2016,0,,
05895,2005,11.0644,,
05895,2008,0,,
05895,2009,0,,
05895,2010,0,,
05895,2011,76.11,,
05895,2012,40.74,,
05895,2013,3.32,,
05895,2014,0,,
05895,2015,0.25,,
05895,2016,0,,
08001,2005,0.25,,
08001,2008,0,,
08001,2009,2.59,,
08001,2010,32.26,,
08001,2011,0.15,,
08001,2012,0,,
08001,2013,12.54,,
08001,2014,45.14,,
08001,2015,62.7,,
08001,2016,91.55,,
08078,2005,1.5899,,
08078,2008,0,,
08078,2009,0,,
08078,2010,0,,
08078,2011,0,,
08078,2012,0,,
08078,2014,0.49,,
08078,2015,0.37,,
08078,2016,0,,
08137,2005,0.5013,,
08137,2012,0,,
08137,2013,0,,
08137,2014,0,,
08137,2015,0,,
08137,2016,100,,
08141,2005,20.1331,,
08141,2008,100,,
08141,2009,100,,
08141,2010,0,,
08141,2012,0,,
08141,2014,0,,
08141,2015,0,,
08141,2016,90.23,,
08296,2005,0.2632,,
08296,2008,0,,
08296,2009,0,,
08296,2010,0,,
08296,2011,0,,
08296,2012,0,,
08296,2013,0,,
08296,2014,0,,
08296,2015,0,,
08296,2016,0,,
08372,2005,0.0833,,
08372,2012,0,,
08372,2013,0,,
08372,2014,0,,
08372,2015,0,,
08372,2016,0,,
08421,2005,0.3299,,
08421,2008,0,,
08421,2009,0,,
08421,2010,0,,
08421,2011,0,,
08421,2012,0,,
08421,2013,0,,
08421,2014,0,,
08421,2015,0,,
08421,2016,0,,
08433,2005,5.3556,,
08433,2008,0,,
08433,2009,2.7,,
08433,2010,3.91,,
08433,2011,4.95,,
08433,2012,1.4,,
08433,2013,0.78,,
08433,2014,0.67,,
08433,2015,0.54,,
08433,2016,0.4,,
08436,2005,0.3257,,
08436,2012,0,,
08436,2013,0,,
08436,2014,0,,
08436,2015,0,,
08436,2016,0,,
08520,2005,0,,
08520,2008,0,,
08520,2009,0,,
08520,2010,0,,
08520,2013,0,,
08520,2015,0,,
08520,2016,0,,
08549,2005,0.6224,,
08549,2008,0,,
08549,2009,0,,
08549,2010,0,,
08549,2011,0,,
08549,2012,0,,
08549,2013,0,,
08549,2014,0,,
08549,2015,0,,
08549,2016,0,,
08558,2005,0,,
08558,2010,0,,
08558,2012,0,,
08558,2013,0,,
08558,2014,0,,
08558,2015,0,,
08558,2016,0,,
08560,2005,0.8393,,
08560,2008,0,,
08560,2009,0,,
08560,2010,0,,
08560,2011,0,,
08560,2012,0,,
08560,2013,0,,
08560,2014,36.8,,
08560,2015,0,,
08560,2016,0,,
08573,2005,25.0993,,
08573,2008,100,,
08573,2009,3.38,,
08573,2010,2.92,,
08573,2011,9.51,,
08573,2012,0.8,,
08573,2013,3.39,,
08573,2014,0.9,,
08573,2015,77.28,,
08573,2016,0.24,,
08606,2005,0.3829,,
08606,2008,0,,
08606,2009,0,,
08606,2010,0,,
08606,2011,0,,
08606,2012,0,,
08606,2014,0,,
08606,2015,0,,
08606,2016,0,,
08634,2005,26.259,,
08634,2008,100,,
08634,2009,0.28,,
08634,2010,81.75,,
08634,2011,0.19,,
08634,2012,0.39,,
08634,2013,0.39,,
08634,2014,0.96,,
08638,2005,1.3088,,
08638,2008,0,,
08638,2009,100,,
08638,2010,100,,
08638,2014,0.19,,
08638,2015,0.17,,
08638,2016,0.17,,
08675,2005,1.4815,,
08675,2016,100,,
08685,2005,0,,
08685,2008,0,,
08685,2009,0,,
08685,2010,0,,
08685,2011,0,,
08685,2012,0,,
08685,2013,0,,
08685,2014,0,,
08685,2015,0,,
08685,2016,0,,
08758,2005,26.4249,,
08758,2008,0,,
08758,2009,75.8,,
08758,2010,75.8,,
08758,2011,0,,
08758,2012,80.63,,
08758,2013,80.51,,
08758,2014,73.95,,
08758,2015,80.51,,
08758,2016,81.01,,
08770,2005,1.0101,,
08770,2008,0,,
08770,2009,0,,
08770,2010,0,,
08770,2011,0,,
08770,2014,0,,
08770,2015,0,,
08770,2016,0,,
08832,2005,3.1279,,
08832,2011,0,,
08832,2012,0,,
08832,2014,0,,
08832,2015,0,,
08832,2016,0,,
08849,2005,0.4587,,
08849,2011,0,,
08849,2012,0,,
08849,2014,0,,
08849,2015,0,,
08849,2016,0,,
11001,2005,15.4509,,
11001,2008,0.92,,
11001,2009,24.62,,
11001,2010,18.75,,
11001,2011,0.7,,
11001,2012,0.7,,
11001,2013,1.43,,
11001,2014,1.78,,
11001,2015,1.64,,
11001,2016,1.13,,
13001,2005,4.5903,,
13001,2008,10.54,,
13001,2009,10.55,,
13001,2010,0,,
13001,2011,0,,
13001,2012,0,,
13001,2013,0,,
13001,2014,0.01,,
13001,2015,0.01,,
13001,2016,10.39,,
13006,2005,0.1183,,
13006,2008,0,,
13006,2009,0,,
13006,2010,0,,
13006,2011,0,,
13006,2012,0,,
13006,2013,0,,
13006,2014,0,,
13006,2015,0,,
13006,2016,0,,
13030,2005,0.2205,,
13030,2008,0,,
13030,2009,0,,
13030,2010,0,,
13030,2012,0,,
13030,2013,0,,
13030,2015,0,,
13030,2016,0,,
13042,2005,0.2874,,
13042,2008,0,,
13042,2009,0,,
13042,2010,0,,
13042,2011,0,,
13042,2012,0,,
13042,2014,100,,
13042,2015,100,,
13042,2016,0,,
13052,2005,0.8462,,
13052,2008,0,,
13052,2009,0,,
13052,2011,0,,
13052,2015,0,,
13052,2016,0,,
13062,2005,0,,
13062,2008,0,,
13062,2012,0,,
13062,2013,0,,
13062,2014,0,,
13062,2015,0,,
13062,2016,0,,
13074,2005,0.2913,,
13074,2008,0,,
13074,2009,0,,
13074,2010,0,,
13074,2011,0,,
13074,2014,0,,
13074,2015,0,,
13074,2016,0,,
13140,2005,0.054,,
13140,2008,0,,
13140,2009,0,,
13140,2010,0,,
13140,2011,0,,
13140,2012,0,,
13140,2013,0,,
13140,2014,0,,
13140,2016,0,,
13160,2005,3.322,,
13160,2008,0,,
13160,2009,100,,
13160,2010,100,,
13160,2011,100,,
13160,2012,100,,
13160,2013,100,,
13160,2014,100,,
13160,2015,100,,
13160,2016,100,,
13188,2005,0.4367,,
13188,2008,0.94,,
13188,2009,0.73,,
13188,2010,0.85,,
13188,2011,0,,
13188,2012,0,,
13188,2013,0,,
13188,2014,0,,
13188,2015,0,,
13188,2016,0,,
13212,2005,0.4152,,
13212,2009,0,,
13212,2010,0,,
13212,2011,0,,
13212,2015,0,,
13212,2016,0,,
13222,2005,0,,
13222,2008,0,,
13222,2009,0,,
13222,2010,0,,
13222,2011,0,,
13222,2012,0,,
13222,2013,0,,
13222,2014,0,,
13222,2015,0,,
13222,2016,0,,
13244,2005,0.6331,,
13244,2014,0,,
13244,2015,0,,
13244,2016,0,,
13248,2005,0.1357,,
13248,2008,0,,
13248,2009,0,,
13248,2010,0,,
13248,2011,0,,
13248,2014,0,,
13248,2015,0,,
13248,2016,0,,
13268,2005,0.5488,,
13268,2008,0,,
13268,2009,0,,
13268,2010,0,,
13268,2011,0,,
13268,2012,0,,
13268,2013,0,,
13268,2014,0,,
13268,2015,0,,
13268,2016,0,,
13300,2005,0.3799,,
13300,2008,0,,
13300,2009,0,,
13300,2010,0,,
13300,2011,0,,
13300,2013,0,,
13300,2014,0.15,,
13300,2015,0.08,,
13300,2016,0,,
13430,2005,1.6189,,
13430,2008,0,,
13430,2009,0,,
13430,2010,0,,
13430,2011,0,,
13430,2012,0,,
13430,2013,0,,
13430,2014,0,,
13430,2015,0,,
13430,2016,0,,
13433,2005,0.3596,,
13433,2008,0,,
13433,2009,0,,
13433,2011,0,,
13433,2012,0,,
13433,2013,0,,
13433,2015,0,,
13433,2016,0,,
13440,2005,0.2661,,
13440,2008,0,,
13440,2009,0,,
13440,2010,0,,
13440,2016,0,,
13442,2005,0.226,,
13442,2008,100,,
13442,2009,0,,
13442,2010,100,,
13442,2011,0,,
13442,2012,0,,
13442,2013,0,,
13442,2014,0,,
13442,2015,0,,
13442,2016,2.58,,
13458,2005,0.5272,,
13458,2008,0,,
13458,2009,0,,
13458,2010,0,,
13458,2011,0,,
13458,2012,0,,
13458,2013,0,,
13458,2014,0,,
13458,2015,0,,
13458,2016,0,,
13468,2005,3.178,,
13468,2008,0,,
13468,2009,0,,
13468,2010,0,,
13468,2011,0,,
13468,2012,0,,
13468,2013,0,,
13468,2014,0,,
13468,2015,0,,
13468,2016,0,,
13473,2005,17.1521,,
13473,2008,0,,
13473,2009,0,,
13473,2010,0,,
13473,2011,0,,
13473,2012,0,,
13473,2013,0,,
13473,2014,0,,
13473,2015,0,,
13473,2016,0,,
13490,2010,0,,
13490,2011,0,,
13490,2013,0,,
13490,2014,0,,
13490,2015,0,,
13490,2016,0,,
13549,2005,0.4587,,
13549,2010,1.38,,
13549,2011,0,,
13549,2012,0,,
13549,2013,0,,
13549,2014,5.11,,
13549,2015,0,,
13549,2016,0,,
13580,2005,0.1953,,
13580,2008,0,,
13580,2010,0,,
13580,2011,0,,
13580,2012,0,,
13580,2013,0,,
13580,2014,0,,
13580,2015,0,,
13580,2016,0,,
13600,2005,0.5807,,
13600,2008,0,,
13600,2009,0,,
13600,2010,0,,
13600,2012,0,,
13600,2013,0,,
13600,2014,0,,
13600,2015,0,,
13600,2016,0,,
13620,2005,0,,
13620,2015,0,,
13620,2016,0,,
13647,2005,0.2088,,
13647,2008,0,,
13647,2009,0,,
13647,2010,0,,
13647,2011,0,,
13647,2012,0,,
13647,2013,0,,
13647,2015,0,,
13650,2005,0.3054,,
13650,2008,0,,
13650,2009,0,,
13650,2010,0,,
13650,2011,0,,
13650,2012,0,,
13654,2005,0.4246,,
13654,2008,0,,
13654,2009,0,,
13654,2010,0,,
13654,2011,0,,
13654,2012,0,,
13654,2013,0,,
13654,2014,100,,
13654,2015,100,,
13654,2016,0,,
13655,2005,0.3241,,
13655,2012,0,,
13655,2013,0,,
13655,2014,0,,
13655,2015,0,,
13655,2016,0,,
13657,2005,0.4812,,
13657,2008,0,,
13657,2009,0,,
13657,2010,0,,
13657,2011,0,,
13657,2012,0,,
13657,2013,0,,
13657,2014,0,,
13657,2015,0,,
13657,2016,0,,
13667,2005,0.7827,,
13667,2008,14.95,,
13667,2009,0,,
13667,2010,0,,
13667,2011,0,,
13667,2012,0,,
13667,2013,0,,
13667,2014,0,,
13667,2015,0,,
13667,2016,0,,
13670,2005,18.416,,
13670,2008,0,,
13670,2009,100,,
13670,2010,24.2,,
13670,2012,100,,
13670,2013,100,,
13670,2014,100,,
13670,2015,100,,
13670,2016,100,,
13673,2005,6.4803,,
13673,2008,0,,
13673,2009,0,,
13673,2010,2.62,,
13673,2011,0,,
13673,2012,0,,
13673,2014,0,,
13673,2015,0,,
13673,2016,0,,
13683,2005,5.6662,,
13683,2016,0,,
13688,2005,6.1194,,
13688,2008,0,,
13688,2009,0,,
13688,2010,0,,
13688,2011,0,,
13688,2012,0.81,,
13688,2013,0.71,,
13688,2014,0.69,,
13688,2015,0.69,,
13688,2016,96.19,,
13744,2005,0.7819,,
13744,2008,0,,
13744,2009,0,,
13744,2010,0,,
13744,2011,0,,
13744,2012,0,,
13744,2013,0,,
13744,2015,0,,
13744,2016,0,,
13760,2005,0,,
13760,2008,0,,
13760,2009,0,,
13760,2010,0,,
13760,2012,0,,
13760,2014,0,,
13760,2015,0,,
13760,2016,0,,
13780,2005,0.6114,,
13780,2008,0,,
13780,2009,0,,
13780,2010,0,,
13780,2011,0,,
13780,2012,0,,
13780,2013,0,,
13780,2014,0,,
13780,2015,0,,
13780,2016,0,,
13810,2005,6.0156,,
13810,2010,0,,
13810,2011,0,,
13810,2012,0,,
13810,2014,0,,
13810,2015,0,,
13810,2016,0,,
13836,2005,1.0619,,
13836,2008,0,,
13836,2010,0,,
13836,2011,0,,
13836,2015,0,,
13836,2016,0,,
13838,2005,1.7192,,
13838,2008,0,,
13838,2009,0,,
13838,2010,0,,
13838,2013,0,,
13838,2016,0,,
13873,2005,1.3089,,
13873,2011,0,,
13873,2015,0,,
13873,2016,0,,
13894,2005,0.6098,,
13894,2009,0,,
13894,2010,0,,
13894,2011,0,,
13894,2012,0,,
13894,2014,0,,
13894,2015,100,,
13894,2016,0,,
15001,2005,9.2148,,
15001,2008,0,,
15001,2009,100,,
15001,2010,1.77,,
15001,2011,1.77,,
15001,2012,9.3,,
15001,2013,6.4,,
15001,2014,9.3,,
15001,2015,4.1,,
15001,2016,1.25,,
15022,2005,3.1353,,
15022,2008,0,,
15022,2009,0,,
15022,2010,0,,
15022,2011,0,,
15022,2012,0,,
15022,2013,0,,
15022,2014,0,,
15022,2015,0,,
15022,2016,6.56,,
15047,2005,4.4867,,
15047,2008,0,,
15047,2009,0,,
15047,2010,0.11,,
15047,2011,0.11,,
15047,2012,0.01,,
15047,2013,0,,
15047,2014,0.12,,
15047,2015,0.11,,
15047,2016,0.12,,
15051,2005,2.6506,,
15051,2008,9.64,,
15051,2009,6.59,,
15051,2010,5.01,,
15051,2011,7.5,,
15051,2012,7.5,,
15051,2013,7.5,,
15051,2014,7.5,,
15051,2015,6.3,,
15051,2016,2.66,,
15087,2005,3.8793,,
15087,2008,0,,
15087,2009,0,,
15087,2010,0.08,,
15087,2011,0.08,,
15087,2012,0.08,,
15087,2013,0.08,,
15087,2014,0.08,,
15087,2015,0.07,,
15087,2016,0,,
15090,2005,0.4684,,
15090,2008,0,,
15090,2009,0.28,,
15090,2010,0.28,,
15090,2011,0.28,,
15090,2012,0.28,,
15090,2013,0.32,,
15090,2014,0.33,,
15090,2015,0.33,,
15090,2016,0.33,,
15092,2005,0.8421,,
15092,2008,0,,
15092,2010,0.13,,
15092,2011,0.13,,
15092,2012,0,,
15092,2013,0,,
15092,2014,0,,
15092,2015,0,,
15092,2016,1.57,,
15097,2005,0,,
15097,2008,0,,
15097,2009,0,,
15097,2010,0,,
15097,2011,0,,
15097,2012,0,,
15097,2013,0,,
15097,2014,0,,
15097,2015,0,,
15097,2016,0,,
15104,2005,1.4563,,
15104,2008,0,,
15104,2009,0,,
15104,2010,0.07,,
15104,2011,0.07,,
15104,2012,0.07,,
15104,2013,100,,
15104,2014,100,,
15104,2015,0,,
15104,2016,0.18,,
15106,2005,0.3711,,
15106,2008,0,,
15106,2009,0,,
15106,2010,0,,
15106,2011,0,,
15106,2012,0,,
15106,2013,0,,
15106,2014,0,,
15106,2015,0,,
15106,2016,0,,
15109,2005,0.7564,,
15109,2008,0,,
15109,2010,0,,
15109,2011,0,,
15109,2012,0,,
15109,2013,0,,
15109,2014,0,,
15109,2015,0,,
15109,2016,0,,
15114,2005,4.2373,,
15114,2008,11.02,,
15114,2009,100,,
15114,2010,100,,
15114,2011,100,,
15114,2012,100,,
15114,2013,90.83,,
15114,2014,0,,
15114,2015,0,,
15114,2016,0,,
15131,2005,4.2117,,
15131,2008,4.49,,
15131,2009,4.49,,
15131,2010,0,,
15131,2011,0,,
15131,2012,0,,
15131,2013,0,,
15131,2014,7.57,,
15131,2015,0,,
15131,2016,7.57,,
15135,2005,8.3233,,
15135,2008,0,,
15135,2009,3.48,,
15135,2010,0,,
15135,2011,0,,
15135,2012,11.61,,
15135,2013,20.34,,
15135,2014,48.13,,
15135,2016,0,,
15162,2005,3.4346,,
15162,2008,0,,
15162,2009,0,,
15162,2010,0,,
15162,2011,0,,
15162,2012,0.02,,
15162,2013,0,,
15162,2014,0,,
15162,2015,0,,
15162,2016,0,,
15172,2005,3.0667,,
15172,2008,0,,
15172,2009,0,,
15172,2010,0,,
15172,2011,0,,
15172,2012,0,,
15172,2013,0,,
15172,2014,0,,
15172,2015,0,,
15172,2016,0,,
15176,2005,7.7444,,
15176,2008,0,,
15176,2009,0,,
15176,2010,0,,
15176,2011,0,,
15176,2012,0,,
15176,2013,10.65,,
15176,2014,42.82,,
15176,2015,42.83,,
15176,2016,32.94,,
15180,2005,13.2094,,
15180,2008,0,,
15180,2009,0,,
15180,2010,0,,
15180,2011,0,,
15180,2012,0,,
15180,2013,0,,
15180,2014,0,,
15180,2015,0,,
15180,2016,0,,
15183,2005,0.2897,,
15183,2008,100,,
15183,2009,0,,
15183,2010,0,,
15183,2011,0,,
15183,2012,0,,
15183,2013,0,,
15183,2014,0,,
15183,2015,0,,
15183,2016,0,,
15185,2005,5.3226,,
15185,2008,0,,
15185,2009,0,,
15185,2010,4.05,,
15185,2011,0,,
15185,2012,0,,
15185,2013,0,,
15185,2014,5.09,,
15185,2015,0,,
15185,2016,0,,
15187,2005,1.2891,,
15187,2008,0.12,,
15187,2009,0.12,,
15187,2010,0,,
15187,2011,0,,
15187,2012,0,,
15187,2013,0,,
15187,2014,0,,
15187,2015,0,,
15187,2016,0,,
15189,2005,0.59,,
15189,2008,0,,
15189,2009,0,,
15189,2010,0,,
15189,2011,0,,
15189,2012,0,,
15189,2013,1.49,,
15189,2014,1.71,,
15189,2015,1.45,,
15189,2016,0,,
15204,2005,7.0887,,
15204,2008,1.72,,
15204,2009,0,,
15204,2010,0,,
15204,2011,0,,
15204,2012,0,,
15204,2013,0,,
15204,2014,0,,
15204,2015,0,,
15204,2016,0,,
15212,2005,1.1312,,
15212,2008,0,,
15212,2009,0,,
15212,2010,0,,
15212,2011,0,,
15212,2012,7.99,,
15212,2013,7.47,,
15212,2015,7.38,,
15212,2016,0,,
15215,2005,10.5882,,
15215,2010,0,,
15215,2011,0,,
15215,2013,0,,
15215,2014,0,,
15215,2015,0,,
15215,2016,0,,
15218,2005,1.0145,,
15218,2009,0,,
15218,2010,0,,
15218,2011,0,,
15218,2012,0,,
15218,2013,0,,
15218,2014,0,,
15218,2015,57.07,,
15218,2016,1.18,,
15223,2005,9.6009,,
15223,2008,0,,
15223,2009,0,,
15223,2010,0,,
15223,2011,0,,
15223,2012,0,,
15223,2013,0,,
15223,2014,0,,
15223,2015,0,,
15223,2016,0,,
15224,2005,4.0472,,
15224,2008,0,,
15224,2009,0,,
15224,2010,0,,
15224,2011,0.05,,
15224,2012,0,,
15224,2013,0,,
15224,2014,0,,
15224,2015,2.11,,
15224,2016,1.62,,
15226,2005,7.9918,,
15226,2008,0,,
15226,2009,0,,
15226,2010,0,,
15226,2011,0,,
15226,2012,0,,
15226,2013,0,,
15226,2014,0,,
15226,2015,0,,
15226,2016,0,,
15232,2005,5.0314,,
15232,2008,100,,
15232,2009,100,,
15232,2010,100,,
15232,2011,2.48,,
15232,2012,4.96,,
15232,2013,10.66,,
15232,2014,4.45,,
15232,2015,11.13,,
15232,2016,11.13,,
15236,2005,1.6627,,
15236,2008,4.2,,
15236,2009,2.14,,
15236,2010,1.02,,
15236,2011,0,,
15236,2012,0,,
15236,2013,0,,
15236,2014,0,,
15236,2015,0,,
15236,2016,0.08,,
15238,2005,23.8125,,
15238,2008,12.02,,
15238,2009,12.51,,
15238,2010,19.79,,
15238,2011,10.21,,
15238,2012,10.42,,
15238,2013,7.2,,
15238,2014,17.74,,
15238,2015,19.52,,
15238,2016,8.81,,
15244,2005,0.311,,
15244,2008,0,,
15244,2009,0,,
15244,2010,0,,
15244,2011,0,,
15244,2012,0.03,,
15244,2013,0.03,,
15244,2014,0.03,,
15244,2015,0.03,,
15244,2016,0.03,,
15248,2005,0.5941,,
15248,2008,0,,
15248,2009,0,,
15248,2010,0,,
15248,2011,0,,
15248,2012,0,,
15248,2013,0.04,,
15248,2014,0,,
15248,2015,0,,
15248,2016,0,,
15272,2005,12.958,,
15272,2008,0.12,,
15272,2009,0.11,,
15272,2010,0.11,,
15272,2011,0.11,,
15272,2012,0.11,,
15272,2013,0.11,,
15272,2014,0.11,,
15272,2015,0.11,,
15272,2016,0.12,,
15276,2005,12.0936,,
15276,2008,0,,
15276,2009,0,,
15276,2010,0,,
15276,2011,11.19,,
15276,2012,0,,
15276,2013,0,,
15276,2014,57.14,,
15276,2015,57.14,,
15276,2016,26.28,,
15293,2005,1.4006,,
15293,2008,0,,
15293,2009,0,,
15293,2010,0,,
15293,2011,0,,
15293,2012,0,,
15293,2013,0,,
15293,2014,100,,
15293,2015,100,,
15293,2016,0,,
15296,2005,0.6826,,
15296,2008,16.09,,
15296,2009,0,,
15296,2010,0,,
15296,2011,0,,
15296,2012,6.49,,
15296,2013,6.49,,
15296,2014,6.49,,
15296,2015,6.49,,
15296,2016,6.48,,
15299,2005,3.1548,,
15299,2008,0,,
15299,2009,0,,
15299,2010,0,,
15299,2011,0,,
15299,2012,0,,
15299,2013,0,,
15299,2014,0,,
15299,2015,0,,
15299,2016,0,,
15317,2005,0.4535,,
15317,2008,0,,
15317,2009,0,,
15317,2010,0,,
15317,2011,0,,
15317,2012,0,,
15317,2013,0,,
15317,2014,0,,
15317,2015,0,,
15317,2016,0,,
15322,2005,4.4743,,
15322,2008,0.44,,
15322,2009,0.44,,
15322,2010,0.44,,
15322,2011,0.44,,
15322,2012,0.84,,
15322,2013,0.7,,
15322,2014,0.7,,
15322,2015,0.7,,
15322,2016,16.13,,
15325,2005,3.0744,,
15325,2008,0,,
15325,2009,0,,
15325,2010,0,,
15325,2011,0,,
15325,2012,0,,
15325,2013,99.78,,
15325,2016,0,,
15332,2005,4.0685,,
15332,2008,0,,
15332,2009,0,,
15332,2010,0,,
15332,2011,0,,
15332,2012,0,,
15332,2013,0,,
15332,2014,0,,
15332,2015,0,,
15332,2016,0,,
15362,2005,22.2222,,
15362,2008,0.12,,
15362,2009,0.12,,
15362,2010,0.06,,
15362,2011,0,,
15362,2012,0,,
15362,2013,0,,
15362,2014,0,,
15362,2015,0,,
15362,2016,0,,
15367,2005,0.8475,,
15367,2008,0,,
15367,2009,0,,
15367,2010,0.11,,
15367,2011,6.7,,
15367,2012,6.7,,
15367,2013,6.59,,
15367,2014,38.04,,
15367,2015,39.18,,
15367,2016,5.35,,
15368,2005,2.4717,,
15368,2008,0,,
15368,2009,0,,
15368,2010,0,,
15368,2011,0,,
15368,2012,0,,
15368,2013,0,,
15368,2014,0,,
15368,2015,0,,
15368,2016,0,,
15377,2005,0.5495,,
15377,2008,100,,
15377,2009,100,,
15377,2010,0,,
15377,2011,100,,
15377,2012,0,,
15377,2013,0,,
15377,2014,0,,
15377,2015,0,,
15377,2016,0,,
15380,2005,0.8708,,
15380,2008,0.12,,
15380,2009,0,,
15380,2010,0,,
15380,2011,0,,
15380,2012,0,,
15380,2013,100,,
15380,2014,100,,
15380,2015,0,,
15380,2016,0,,
15401,2005,5.4167,,
15401,2008,0,,
15401,2009,0,,
15401,2010,0,,
15401,2011,0,,
15401,2012,0,,
15401,2013,0,,
15401,2014,0,,
15401,2015,0,,
15401,2016,0,,
15403,2005,2.4465,,
15403,2008,0,,
15403,2009,0,,
15403,2011,0,,
15403,2012,9.74,,
15403,2013,15.59,,
15403,2014,15.59,,
15403,2015,15.63,,
15403,2016,0,,
15407,2005,13.4632,,
15407,2008,0.4,,
15407,2009,3.15,,
15407,2010,3.15,,
15407,2011,3.26,,
15407,2012,3.26,,
15407,2013,5.34,,
15407,2014,2.38,,
15407,2015,6.48,,
15407,2016,26.93,,
15425,2005,5.7745,,
15425,2008,0,,
15425,2009,0,,
15425,2010,0,,
15425,2011,0,,
15425,2012,0,,
15425,2013,0,,
15425,2014,0,,
15425,2015,0,,
15425,2016,0,,
15442,2005,6.0377,,
15442,2008,1.51,,
15442,2009,3.97,,
15442,2010,7.03,,
15442,2011,7.03,,
15442,2012,12.62,,
15442,2013,12.62,,
15442,2014,12.55,,
15442,2015,12.52,,
15442,2016,7.13,,
15455,2005,1.1601,,
15455,2008,0,,
15455,2009,0,,
15455,2010,0,,
15455,2011,0,,
15455,2012,0,,
15455,2013,0,,
15455,2014,0,,
15455,2015,0,,
15455,2016,0,,
15464,2005,6.1315,,
15464,2008,0,,
15464,2009,0,,
15464,2010,0,,
15464,2011,0,,
15464,2012,0,,
15464,2013,0,,
15464,2014,0,,
15464,2015,0,,
15464,2016,0,,
15466,2005,28.5714,,
15466,2008,2.7,,
15466,2009,2.7,,
15466,2010,2.7,,
15466,2011,2.7,,
15466,2012,2.7,,
15466,2013,2.7,,
15466,2014,2.7,,
15466,2015,2.7,,
15466,2016,4.37,,
15469,2005,9.8059,,
15469,2008,0.08,,
15469,2009,1.1,,
15469,2010,0.22,,
15469,2011,0.24,,
15469,2012,0.24,,
15469,2013,0.23,,
15469,2014,0.22,,
15469,2015,0.22,,
15469,2016,1.16,,
15476,2005,2.9762,,
15476,2008,0,,
15476,2009,0,,
15476,2010,0,,
15476,2011,0,,
15476,2012,0,,
15476,2013,0,,
15476,2014,0,,
15476,2015,0,,
15476,2016,0,,
15480,2005,3.7138,,
15480,2008,0,,
15480,2009,0,,
15480,2010,0,,
15480,2011,0,,
15480,2012,0,,
15480,2013,0,,
15480,2014,0,,
15480,2015,0,,
15480,2016,0,,
15491,2005,78.9162,,
15491,2008,4.01,,
15491,2009,31.19,,
15491,2010,28.64,,
15491,2011,31,,
15491,2013,0,,
15491,2014,0,,
15491,2015,16.26,,
15491,2016,16.06,,
15494,2005,1.3037,,
15494,2008,1.04,,
15494,2009,0.12,,
15494,2010,0.4,,
15494,2011,0.19,,
15494,2012,1.07,,
15494,2013,1.18,,
15494,2014,1.18,,
15494,2015,1.09,,
15494,2016,0.71,,
15500,2005,4.2478,,
15500,2008,0.33,,
15500,2009,0.4,,
15500,2010,0.31,,
15500,2011,0.34,,
15500,2012,0.61,,
15500,2013,0.32,,
15500,2014,0.31,,
15500,2015,0.27,,
15500,2016,0.34,,
15507,2005,2.0466,,
15507,2008,5.53,,
15507,2009,6.21,,
15507,2010,6.21,,
15507,2011,6.22,,
15507,2012,15.58,,
15507,2013,15.58,,
15507,2014,15.58,,
15507,2015,15.58,,
15507,2016,15.58,,
15511,2005,0.7453,,
15511,2008,0,,
15511,2009,0,,
15511,2010,0,,
15511,2011,0,,
15511,2012,0,,
15511,2013,0,,
15511,2014,0,,
15511,2015,0.19,,
15511,2016,0.05,,
15514,2005,6.5517,,
15514,2008,0,,
15514,2009,0,,
15514,2010,0,,
15514,2011,0,,
15514,2012,0,,
15514,2013,0,,
15514,2014,0,,
15514,2015,0.05,,
15514,2016,0.09,,
15516,2005,17.0613,,
15516,2008,0.06,,
15516,2009,35.57,,
15516,2010,35.5,,
15516,2011,11.62,,
15516,2012,11.62,,
15516,2013,96.98,,
15516,2014,100,,
15516,2015,90.7,,
15516,2016,1.4,,
15518,2005,4.8571,,
15518,2008,0,,
15518,2009,0.1,,
15518,2010,0,,
15518,2011,0,,
15518,2012,0,,
15518,2013,0,,
15518,2014,0,,
15518,2015,0,,
15518,2016,0,,
15522,2005,4.2763,,
15522,2008,0,,
15522,2009,0,,
15522,2010,0,,
15522,2011,0,,
15522,2012,0,,
15522,2013,0,,
15522,2014,0,,
15522,2015,0,,
15522,2016,0,,
15531,2005,0.28,,
15531,2008,2.32,,
15531,2009,2.32,,
15531,2010,2.32,,
15531,2011,2.32,,
15531,2012,2.3,,
15531,2013,2.33,,
15531,2014,2.35,,
15531,2015,2.35,,
15531,2016,29.66,,
15533,2005,0.6329,,
15533,2008,0,,
15533,2009,0,,
15533,2010,0.39,,
15533,2011,0.39,,
15533,2012,0.39,,
15533,2013,0.39,,
15533,2014,0.39,,
15533,2015,0.39,,
15533,2016,0.4,,
15537,2005,11.1831,,
15537,2008,0,,
15537,2009,0,,
15537,2010,0.51,,
15537,2011,0,,
15537,2012,0,,
15537,2013,0.42,,
15537,2014,0,,
15537,2015,0.43,,
15537,2016,0.42,,
15542,2005,1.686,,
15542,2008,0,,
15542,2009,0,,
15542,2010,0,,
15542,2011,0,,
15542,2012,0,,
15542,2013,0,,
15542,2014,0,,
15542,2015,0,,
15542,2016,0,,
15550,2005,0,,
15550,2008,100,,
15550,2009,0,,
15550,2010,0,,
15550,2011,0,,
15550,2012,0,,
15550,2013,0,,
15550,2014,0,,
15550,2015,0,,
15550,2016,0,,
15572,2005,45.5434,,
15572,2008,96.51,,
15572,2009,100,,
15572,2010,100,,
15572,2011,63.6,,
15572,2012,63.64,,
15572,2013,63.55,,
15572,2014,63.59,,
15572,2015,63.54,,
15572,2016,0,,
15580,2005,6.12,,
15580,2008,0,,
15580,2009,0,,
15580,2010,0,,
15580,2011,0,,
15580,2012,0,,
15580,2013,0,,
15580,2014,0,,
15580,2015,5.99,,
15580,2016,0,,
15599,2005,3.155,,
15599,2009,0,,
15599,2010,0,,
15599,2011,0.06,,
15599,2012,0.06,,
15599,2013,0.02,,
15599,2014,0.02,,
15599,2015,0.02,,
15599,2016,0.02,,
15600,2005,2.72,,
15600,2008,0.55,,
15600,2009,0.59,,
15600,2010,2.03,,
15600,2011,0.31,,
15600,2012,0.31,,
15600,2013,0.31,,
15600,2014,0.31,,
15600,2015,0.31,,
15600,2016,0.3,,
15621,2005,1.1782,,
15621,2008,0,,
15621,2010,0,,
15621,2011,0,,
15621,2012,0,,
15621,2013,0,,
15621,2014,0,,
15621,2015,0,,
15621,2016,0,,
15632,2005,1.0371,,
15632,2008,1.09,,
15632,2009,1.09,,
15632,2010,0.91,,
15632,2011,1.27,,
15632,2013,1.26,,
15632,2014,0,,
15632,2015,0,,
15632,2016,0,,
15638,2005,9.5032,,
15638,2008,2.27,,
15638,2009,2.96,,
15638,2010,5.37,,
15638,2011,6.03,,
15638,2012,6.34,,
15638,2013,6.32,,
15638,2014,6.49,,
15638,2015,8.04,,
15638,2016,9.05,,
15646,2005,7.3923,,
15646,2008,0,,
15646,2009,0,,
15646,2010,0,,
15646,2011,0,,
15646,2012,0.45,,
15646,2013,0.43,,
15646,2014,0.47,,
15646,2015,0.66,,
15646,2016,1.32,,
15660,2005,0,,
15660,2008,0,,
15660,2009,0,,
15660,2010,0,,
15660,2012,0,,
15660,2013,0,,
15660,2014,0,,
15660,2015,0,,
15660,2016,22.41,,
15664,2005,11.5942,,
15664,2008,0,,
15664,2009,0,,
15664,2010,0,,
15664,2011,0,,
15664,2012,0,,
15664,2013,0,,
15664,2014,7.02,,
15664,2015,7.02,,
15664,2016,4.55,,
15667,2005,3.48,,
15667,2008,0,,
15667,2009,0,,
15667,2010,0,,
15667,2011,0,,
15667,2012,0,,
15667,2013,0.94,,
15667,2014,1.3,,
15667,2015,1.18,,
15667,2016,0,,
15673,2005,0.924,,
15673,2008,0,,
15673,2009,0,,
15673,2010,0,,
15673,2011,0,,
15673,2012,0,,
15673,2013,51.74,,
15673,2014,51.74,,
15673,2015,51.74,,
15673,2016,2.13,,
15676,2005,4.7923,,
15676,2008,41.85,,
15676,2009,41.85,,
15676,2010,13.41,,
15676,2011,17.26,,
15676,2012,17.1,,
15676,2013,99.97,,
15676,2014,99.97,,
15676,2015,99.97,,
15676,2016,100,,
15681,2005,14.0071,,
15681,2008,7.75,,
15681,2009,9.26,,
15681,2010,22.4,,
15681,2011,18.13,,
15681,2012,18.13,,
15681,2013,17.75,,
15681,2014,18.28,,
15681,2015,18.26,,
15681,2016,0,,
15686,2005,9.5163,,
15686,2008,0,,
15686,2009,0,,
15686,2010,0,,
15686,2011,0,,
15686,2012,0,,
15686,2013,13.3,,
15686,2014,13.3,,
15686,2015,13.28,,
15686,2016,4.12,,
15690,2005,5.9048,,
15690,2008,0,,
15690,2009,0,,
15690,2010,0,,
15690,2011,0,,
15690,2012,1.55,,
15690,2013,0,,
15690,2014,0,,
15690,2015,0,,
15690,2016,0,,
15693,2005,6.7633,,
15693,2009,0,,
15693,2010,0,,
15693,2011,0,,
15693,2012,0,,
15693,2013,0,,
15693,2014,0,,
15693,2015,0,,
15693,2016,0.89,,
15696,2005,1.1218,,
15696,2008,0,,
15696,2009,0,,
15696,2010,0,,
15696,2011,19.78,,
15696,2012,0,,
15696,2013,0,,
15696,2014,0,,
15696,2015,0,,
15696,2016,1.74,,
15720,2005,0.8117,,
15720,2008,0,,
15720,2009,0,,
15720,2011,0,,
15720,2012,0,,
15720,2013,0,,
15720,2014,0,,
15720,2015,2.02,,
15720,2016,0,,
15723,2005,0,,
15723,2008,0,,
15723,2009,0,,
15723,2010,0,,
15723,2011,0,,
15723,2012,0,,
15723,2013,0,,
15723,2014,0,,
15723,2016,0,,
15740,2005,1.4045,,
15740,2008,0,,
15740,2009,65.79,,
15740,2010,65.79,,
15740,2011,65.79,,
15740,2012,65.79,,
15740,2013,62.5,,
15740,2014,4.07,,
15740,2015,4.06,,
15740,2016,2.94,,
15753,2005,3.4753,,
15753,2008,0,,
15753,2009,0,,
15753,2010,0,,
15753,2011,0,,
15753,2012,0,,
15753,2013,0,,
15753,2014,0,,
15753,2015,0,,
15753,2016,0,,
15755,2005,1.0417,,
15755,2008,38.5,,
15755,2009,38.5,,
15755,2010,0,,
15755,2011,0,,
15755,2012,0,,
15755,2013,0,,
15755,2014,0,,
15755,2015,0,,
15755,2016,0,,
15757,2005,4.3945,,
15757,2010,0,,
15757,2011,0,,
15757,2012,0,,
15757,2013,0.39,,
15757,2014,0.39,,
15757,2015,0.39,,
15757,2016,0.35,,
15759,2005,25.5854,,
15759,2008,4.13,,
15759,2009,4.13,,
15759,2010,12.15,,
15759,2011,13.14,,
15759,2012,19.92,,
15759,2013,32,,
15759,2014,31.99,,
15759,2015,26.84,,
15759,2016,27.34,,
15761,2005,3.2727,,
15761,2008,0,,
15761,2009,12.14,,
15761,2010,0.11,,
15761,2011,0,,
15761,2012,0,,
15761,2013,0,,
15761,2014,0,,
15761,2015,0,,
15761,2016,0,,
15762,2005,3.0075,,
15762,2008,0,,
15762,2009,0,,
15762,2010,0,,
15762,2011,0.05,,
15762,2012,0,,
15762,2013,0.05,,
15762,2014,0.05,,
15762,2015,0.05,,
15762,2016,0,,
15763,2005,9.0343,,
15763,2008,0,,
15763,2009,0,,
15763,2010,0,,
15763,2011,0,,
15763,2012,0.03,,
15763,2014,0.03,,
15763,2015,0.13,,
15763,2016,49.14,,
15764,2005,0.6162,,
15764,2008,2.16,,
15764,2009,2.16,,
15764,2010,2.16,,
15764,2011,2.16,,
15764,2012,1.67,,
15764,2013,2.16,,
15764,2014,2.27,,
15764,2015,3.98,,
15764,2016,3.96,,
15774,2005,0.4329,,
15774,2008,0,,
15774,2009,0,,
15774,2010,0,,
15774,2011,0,,
15774,2012,0,,
15774,2013,0,,
15774,2014,0,,
15774,2015,0,,
15774,2016,0,,
15776,2005,1.2469,,
15776,2008,0,,
15776,2009,0,,
15776,2010,0,,
15776,2011,0,,
15776,2012,0,,
15776,2013,0,,
15776,2014,0,,
15776,2015,0,,
15776,2016,0,,
15778,2005,0.3549,,
15778,2008,0,,
15778,2009,0,,
15778,2010,0,,
15778,2011,0,,
15778,2012,0,,
15778,2013,0,,
15778,2014,0,,
15778,2015,0,,
15778,2016,0,,
15790,2005,5.299,,
15790,2010,0,,
15790,2011,0,,
15790,2012,0,,
15790,2013,0,,
15790,2014,0,,
15790,2015,0,,
15790,2016,0,,
15798,2005,1.5962,,
15798,2008,0.1,,
15798,2009,4.55,,
15798,2010,5.4,,
15798,2011,5.31,,
15798,2012,5.35,,
15798,2013,5.33,,
15798,2014,0.29,,
15798,2015,0.29,,
15798,2016,0.28,,
15804,2005,0.2192,,
15804,2008,0,,
15804,2009,0,,
15804,2010,0.38,,
15804,2011,0.37,,
15804,2012,0,,
15804,2013,0,,
15804,2014,0,,
15804,2015,0,,
15804,2016,0,,
15806,2005,25.5754,,
15806,2008,0.31,,
15806,2009,0.13,,
15806,2010,0.25,,
15806,2011,0.25,,
15806,2012,0.25,,
15806,2013,0.06,,
15806,2014,0.25,,
15806,2015,0.19,,
15806,2016,0.19,,
15808,2005,1.9549,,
15808,2008,0.73,,
15808,2009,0.48,,
15808,2010,0,,
15808,2011,0.23,,
15808,2012,0.23,,
15808,2013,0.23,,
15808,2014,0.23,,
15808,2015,1.14,,
15808,2016,0.52,,
15810,2005,0.7174,,
15810,2008,0,,
15810,2009,0,,
15810,2010,0,,
15810,2011,0,,
15810,2012,0,,
15810,2013,0,,
15810,2014,0,,
15810,2015,0,,
15810,2016,0,,
15814,2005,2.4517,,
15814,2008,2.11,,
15814,2009,11.99,,
15814,2010,11.99,,
15814,2011,11.99,,
15814,2012,11.99,,
15814,2013,11.86,,
15814,2014,2.98,,
15814,2015,3.18,,
15814,2016,3.23,,
15816,2005,0.9337,,
15816,2008,0.33,,
15816,2009,0.33,,
15816,2010,0.33,,
15816,2011,0.33,,
15816,2012,0.33,,
15816,2013,0.33,,
15816,2014,0.33,,
15816,2015,0.33,,
15816,2016,0.35,,
15820,2005,26.0274,,
15820,2008,0,,
15820,2009,0,,
15820,2010,0,,
15820,2011,8.29,,
15820,2012,7.89,,
15820,2013,25.32,,
15820,2014,25.32,,
15820,2015,25.32,,
15820,2016,1.61,,
15822,2005,0.0835,,
15822,2008,0,,
15822,2009,0,,
15822,2010,0,,
15822,2011,0,,
15822,2012,0,,
15822,2013,0,,
15822,2014,0,,
15822,2015,0,,
15822,2016,0,,
15832,2005,1.4451,,
15832,2008,0,,
15832,2009,0,,
15832,2010,0.36,,
15832,2011,0.36,,
15832,2012,0.36,,
15832,2013,0.31,,
15832,2014,0.31,,
15832,2015,0.36,,
15832,2016,0.36,,
15835,2005,2.847,,
15835,2008,0,,
15835,2009,0,,
15835,2010,0,,
15835,2011,91.1,,
15835,2012,91.03,,
15835,2013,91.15,,
15835,2014,0,,
15835,2015,0.04,,
15835,2016,0.04,,
15837,2005,5.7716,,
15837,2008,0,,
15837,2009,0,,
15837,2010,0,,
15837,2011,0,,
15837,2012,0,,
15837,2013,0,,
15837,2014,0,,
15837,2015,0,,
15837,2016,1.53,,
15839,2005,7.332,,
15839,2008,0,,
15839,2009,0,,
15839,2010,0,,
15839,2011,0,,
15839,2012,0,,
15839,2013,0,,
15839,2014,0,,
15839,2015,0,,
15839,2016,7.09,,
15842,2005,0.925,,
15842,2008,0,,
15842,2009,0,,
15842,2010,0,,
15842,2011,0,,
15842,2012,0,,
15842,2013,0,,
15842,2014,0,,
15842,2015,0,,
15842,2016,0,,
15861,2005,9.0876,,
15861,2008,0,,
15861,2009,0,,
15861,2010,0,,
15861,2011,0,,
15861,2012,0,,
15861,2013,0,,
15861,2014,0,,
15861,2015,0,,
15861,2016,0,,
15879,2005,0.7335,,
15879,2008,4.76,,
15879,2009,9.64,,
15879,2010,4.5,,
15879,2011,4.49,,
15879,2012,0,,
15879,2013,0,,
15879,2014,2.01,,
15879,2016,1.81,,
15897,2005,0.9982,,
15897,2008,0,,
15897,2009,0,,
15897,2010,0,,
15897,2011,0,,
15897,2012,0,,
15897,2013,0,,
15897,2014,0,,
15897,2015,0,,
15897,2016,0,,
17001,2005,55.9001,,
17001,2008,3.73,,
17001,2009,22.32,,
17001,2010,2.75,,
17001,2011,2.65,,
17001,2012,2.59,,
17001,2013,7.92,,
17001,2014,16.85,,
17001,2015,0,,
17001,2016,21.24,,
17013,2005,34.2572,,
17013,2008,6.35,,
17013,2009,6.22,,
17013,2010,100,,
17013,2011,100,,
17013,2012,6.21,,
17013,2013,55.04,,
17013,2014,12.98,,
17013,2015,13.1,,
17013,2016,13.1,,
17042,2005,29.1692,,
17042,2014,0,,
17042,2015,0,,
17042,2016,0,,
17050,2005,22.8571,,
17050,2008,1.63,,
17050,2009,0.13,,
17050,2010,0.23,,
17050,2011,0.23,,
17050,2012,0.23,,
17050,2013,0.23,,
17050,2014,0.23,,
17050,2015,0.23,,
17050,2016,0,,
17088,2005,48.2495,,
17088,2008,0,,
17088,2009,1.27,,
17088,2010,0,,
17088,2011,0,,
17088,2012,0,,
17088,2013,0,,
17088,2014,0,,
17088,2015,0,,
17088,2016,0,,
17174,2005,62.6392,,
17174,2014,0,,
17174,2015,0,,
17174,2016,0,,
17272,2005,58.593,,
17272,2008,100,,
17272,2009,100,,
17272,2010,100,,
17272,2011,100,,
17272,2012,100,,
17272,2013,0,,
17272,2014,0,,
17272,2015,0,,
17272,2016,0,,
17380,2005,52.8912,,
17380,2008,37.64,,
17380,2009,93.67,,
17380,2010,90.94,,
17380,2011,90.99,,
17380,2012,95.04,,
17380,2013,52.47,,
17380,2014,56.26,,
17380,2015,36.38,,
17380,2016,43.58,,
17388,2005,14.6497,,
17388,2008,6.47,,
17388,2009,11.43,,
17388,2010,11.43,,
17388,2011,5.46,,
17388,2012,12.29,,
17388,2013,19.05,,
17388,2014,19.58,,
17388,2015,19.59,,
17388,2016,100,,
17433,2005,18.4397,,
17433,2008,0,,
17433,2009,0,,
17433,2012,1.21,,
17433,2014,0.08,,
17433,2015,1.21,,
17433,2016,1.3,,
17442,2005,65.1753,,
17442,2008,0.34,,
17442,2009,0.38,,
17442,2010,21.17,,
17442,2011,21.17,,
17442,2012,24.89,,
17442,2013,4.42,,
17442,2014,6.13,,
17442,2015,6.13,,
17442,2016,6.88,,
17444,2005,4.07,,
17444,2014,0,,
17444,2015,0,,
17444,2016,0.23,,
17446,2005,63.4091,,
17446,2008,14.83,,
17446,2009,13.69,,
17446,2012,14.5,,
17446,2013,14.5,,
17446,2014,14.5,,
17446,2015,14.5,,
17446,2016,16.88,,
17486,2005,58.6364,,
17486,2008,0,,
17486,2009,12.85,,
17486,2010,13.76,,
17486,2011,0.41,,
17486,2012,1.04,,
17486,2013,3.25,,
17486,2014,5.92,,
17486,2015,5.92,,
17486,2016,19.93,,
17495,2005,8.5145,,
17495,2014,0,,
17495,2015,0,,
17495,2016,0,,
17513,2005,32.9887,,
17513,2008,7.81,,
17513,2009,7.74,,
17513,2010,6.98,,
17513,2011,6.98,,
17513,2012,6.98,,
17513,2013,9.13,,
17513,2014,9.13,,
17513,2015,9.13,,
17513,2016,7.12,,
17524,2005,78.9848,,
17524,2008,31.5,,
17524,2009,30.97,,
17524,2010,44.81,,
17524,2011,31.03,,
17524,2012,30.86,,
17524,2013,30.95,,
17524,2014,30.95,,
17524,2015,35.9,,
17524,2016,32.06,,
17541,2005,25.0921,,
17541,2008,10.16,,
17541,2009,100,,
17541,2010,100,,
17541,2011,0,,
17541,2012,0,,
17541,2013,0,,
17541,2014,0,,
17541,2015,0,,
17541,2016,0,,
17614,2005,60.9136,,
17614,2008,5.61,,
17614,2009,5.61,,
17614,2010,5.61,,
17614,2011,0.03,,
17614,2012,0.03,,
17614,2013,0.03,,
17614,2014,0.03,,
17614,2015,0.03,,
17614,2016,15.8,,
17616,2005,41.0309,,
17616,2012,0,,
17616,2013,14.49,,
17616,2014,14.83,,
17616,2015,4.36,,
17616,2016,42.76,,
17653,2005,44.7469,,
17653,2008,0,,
17653,2009,0.08,,
17653,2010,1.63,,
17653,2011,0.97,,
17653,2012,12.47,,
17653,2013,12.55,,
17653,2014,17.25,,
17653,2015,17.25,,
17653,2016,14.54,,
17662,2005,23.5872,,
17662,2008,100,,
17662,2009,100,,
17662,2010,100,,
17662,2011,0,,
17662,2012,0,,
17662,2013,100,,
17662,2014,100,,
17662,2015,100,,
17662,2016,7.99,,
17665,2005,32.2188,,
17665,2008,0.3,,
17665,2009,0.35,,
17665,2010,0.35,,
17665,2011,0.35,,
17665,2012,0.35,,
17665,2013,0.34,,
17665,2014,0.34,,
17665,2015,0.48,,
17665,2016,0.27,,
17777,2005,49.7561,,
17777,2008,66.56,,
17777,2009,66.56,,
17777,2010,100,,
17777,2011,100,,
17777,2012,77.81,,
17777,2013,77.81,,
17777,2014,77.81,,
17777,2015,77.81,,
17777,2016,85.17,,
17867,2005,17.8254,,
17867,2008,0,,
17867,2009,0,,
17867,2010,0,,
17867,2011,0,,
17867,2012,0,,
17867,2013,0,,
17867,2014,0,,
17867,2015,0,,
17867,2016,0.56,,
17873,2005,73.5637,,
17873,2008,0,,
17873,2009,0,,
17873,2010,0.08,,
17873,2011,0.08,,
17873,2012,0.1,,
17873,2013,0.1,,
17873,2014,0.1,,
17873,2015,0,,
17873,2016,3.31,,
17877,2005,92.6036,,
17877,2008,100,,
17877,2009,100,,
17877,2010,100,,
17877,2011,0.4,,
17877,2012,0.4,,
17877,2013,0.53,,
17877,2014,0.53,,
17877,2015,0.4,,
17877,2016,47.92,,
18001,2005,11.4504,,
18001,2008,6.32,,
18001,2009,6.32,,
18001,2010,10.44,,
18001,2011,10.44,,
18001,2012,6.32,,
18001,2013,18.11,,
18001,2014,15.86,,
18001,2015,15.38,,
18001,2016,13.08,,
18029,2005,9.1765,,
18029,2008,0,,
18029,2009,0,,
18029,2010,0,,
18029,2011,0,,
18029,2012,0,,
18029,2013,0,,
18029,2014,0,,
18029,2015,0,,
18029,2016,100,,
18094,2005,9.2294,,
18094,2008,0,,
18094,2009,0,,
18094,2010,0,,
18094,2011,0,,
18094,2012,0,,
18094,2013,0,,
18094,2014,0,,
18094,2015,0,,
18094,2016,51.1,,
18150,2005,3.5933,,
18150,2008,0,,
18150,2009,0,,
18150,2010,0,,
18150,2011,0,,
18150,2012,0,,
18150,2013,0,,
18150,2014,0,,
18150,2015,0,,
18150,2016,7.51,,
18205,2005,1.7241,,
18205,2008,0,,
18205,2009,0,,
18205,2010,0,,
18205,2011,0,,
18205,2012,5.84,,
18205,2013,0,,
18205,2014,0,,
18205,2015,0,,
18247,2005,5.4422,,
18247,2008,0,,
18247,2009,0,,
18247,2010,0,,
18247,2011,0,,
18247,2012,0,,
18247,2013,100,,
18247,2014,100,,
18247,2015,68.55,,
18247,2016,100,,
18256,2005,7.2861,,
18256,2008,99.05,,
18256,2009,79.73,,
18256,2010,100,,
18256,2011,100,,
18256,2012,0,,
18256,2013,0,,
18256,2014,0,,
18256,2015,0,,
18256,2016,0,,
18410,2005,7.5212,,
18410,2008,7.03,,
18410,2009,7.15,,
18410,2010,71.23,,
18410,2011,71.23,,
18410,2012,0,,
18410,2013,0,,
18410,2014,34.72,,
18410,2015,37.26,,
18410,2016,29.22,,
18460,2005,7.6662,,
18460,2008,7.36,,
18460,2009,89.94,,
18460,2010,89.94,,
18460,2011,89.94,,
18460,2012,51.43,,
18460,2013,19.21,,
18460,2014,19.21,,
18460,2015,19.21,,
18460,2016,0,,
18479,2005,0.9479,,
18479,2008,100,,
18479,2009,0,,
18479,2010,0,,
18479,2011,0,,
18479,2012,0,,
18479,2013,0,,
18479,2014,0,,
18479,2015,0,,
18479,2016,12.03,,
18592,2005,14.3302,,
18592,2008,0,,
18592,2009,0,,
18592,2010,0,,
18592,2011,0,,
18592,2012,0,,
18592,2013,0,,
18592,2014,0,,
18592,2015,0,,
18592,2016,0,,
18610,2005,23.4332,,
18610,2008,0,,
18610,2009,0,,
18610,2010,0,,
18610,2011,0,,
18610,2012,0,,
18610,2013,0,,
18610,2014,0,,
18610,2015,0,,
18610,2016,0,,
18753,2005,10.6139,,
18753,2008,0,,
18753,2009,0,,
18753,2010,0,,
18753,2011,0,,
18753,2012,0,,
18753,2013,0,,
18753,2014,0.27,,
18753,2015,0.17,,
18753,2016,0,,
18756,2005,6.6163,,
18756,2008,0,,
18756,2009,0,,
18756,2010,0,,
18756,2011,0,,
18756,2012,0,,
18756,2013,0,,
18756,2014,0,,
18756,2015,0,,
18756,2016,0,,
18785,2005,1.4191,,
18785,2008,0,,
18785,2009,33.09,,
18785,2010,9.97,,
18785,2011,100,,
18785,2012,9.8,,
18785,2013,9.8,,
18785,2014,100,,
18785,2015,0,,
18785,2016,0,,
18860,2005,7.5856,,
18860,2008,0,,
18860,2009,0,,
18860,2010,0,,
18860,2011,0,,
18860,2012,0,,
18860,2013,0,,
18860,2014,0,,
18860,2015,0,,
18860,2016,0,,
19001,2005,13.5119,,
19001,2010,0,,
19001,2011,0,,
19001,2012,0,,
19001,2013,100,,
19001,2014,100,,
19001,2015,100,,
19001,2016,100,,
19022,2005,6.0341,,
19022,2008,0,,
19022,2009,0,,
19022,2010,0,,
19022,2013,0,,
19022,2014,0,,
19022,2015,0,,
19022,2016,0,,
19050,2005,0,,
19050,2008,0,,
19050,2010,82.8,,
19050,2011,83.21,,
19050,2012,4.02,,
19050,2013,3.75,,
19050,2014,7.22,,
19050,2015,7.17,,
19050,2016,6.99,,
19075,2005,10.504,,
19075,2008,33.85,,
19075,2010,0,,
19075,2011,0.26,,
19075,2012,0.84,,
19075,2013,0,,
19075,2014,0,,
19075,2015,0,,
19075,2016,0,,
19100,2005,12.2888,,
19100,2008,0,,
19100,2009,0,,
19100,2010,0,,
19100,2011,0,,
19100,2012,0,,
19100,2013,0,,
19100,2014,0,,
19100,2015,0,,
19100,2016,0,,
19110,2005,10.6961,,
19110,2008,0.81,,
19110,2009,0.81,,
19110,2010,0.81,,
19110,2011,0.54,,
19110,2012,0.54,,
19110,2016,0,,
19130,2005,2.8473,,
19130,2008,0.14,,
19130,2009,0,,
19130,2010,0,,
19130,2011,0,,
19130,2012,0,,
19130,2013,0,,
19130,2014,0,,
19130,2015,0,,
19130,2016,0,,
19137,2005,7.5559,,
19137,2008,0,,
19137,2009,0,,
19137,2010,0,,
19137,2011,0,,
19137,2012,0,,
19137,2013,0,,
19137,2014,0,,
19137,2015,0,,
19137,2016,0,,
19142,2005,18.388,,
19142,2008,0,,
19142,2009,4.6,,
19142,2010,4.62,,
19142,2011,4.51,,
19142,2012,4.51,,
19142,2014,3.07,,
19142,2015,2.93,,
19142,2016,3.8,,
19212,2005,2.9654,,
19212,2008,0,,
19212,2009,0.16,,
19212,2010,0,,
19212,2011,0,,
19212,2012,0,,
19212,2013,0,,
19212,2014,0.05,,
19212,2015,0.05,,
19212,2016,0,,
19256,2005,2.2418,,
19256,2008,0,,
19256,2009,0,,
19256,2010,0,,
19256,2011,0,,
19256,2012,0,,
19256,2013,0.5,,
19256,2014,0,,
19256,2015,0,,
19256,2016,0,,
19290,2005,7.0161,,
19290,2008,0,,
19290,2009,0,,
19290,2010,0,,
19290,2011,0,,
19290,2012,0,,
19290,2013,0,,
19290,2014,0,,
19290,2015,0,,
19290,2016,79.24,,
19300,2008,0,,
19300,2009,0,,
19300,2010,0,,
19300,2011,0,,
19300,2012,0,,
19300,2013,0,,
19300,2014,0,,
19300,2015,0,,
19300,2016,0,,
19318,2005,1.7004,,
19318,2008,0,,
19318,2009,0.22,,
19318,2010,0,,
19318,2011,100,,
19318,2012,0,,
19318,2013,100,,
19318,2014,100,,
19318,2016,0,,
19355,2005,6.5056,,
19355,2010,0,,
19355,2011,0,,
19355,2012,0,,
19355,2013,0,,
19355,2014,0,,
19355,2015,0,,
19355,2016,5.13,,
19364,2005,4.7067,,
19364,2008,0,,
19364,2009,0,,
19364,2010,0,,
19364,2011,0,,
19364,2012,0,,
19364,2015,0,,
19364,2016,0,,
19392,2005,1.1612,,
19392,2008,9.49,,
19392,2009,0,,
19392,2010,0,,
19392,2012,0,,
19392,2013,0,,
19392,2014,0,,
19392,2015,0,,
19392,2016,0,,
19397,2005,20.0417,,
19397,2008,0,,
19397,2009,0,,
19397,2012,6.79,,
19397,2014,0,,
19397,2016,0,,
19418,2005,11.2745,,
19418,2008,0,,
19418,2009,0,,
19418,2010,0,,
19418,2011,0,,
19418,2012,0,,
19418,2013,0,,
19418,2014,0,,
19418,2015,0,,
19418,2016,0,,
19450,2005,2.2361,,
19450,2008,0,,
19450,2009,0,,
19450,2010,0,,
19450,2011,0,,
19450,2012,0,,
19450,2013,0,,
19450,2014,0,,
19450,2016,0.06,,
19455,2005,37.2175,,
19455,2008,25.59,,
19455,2009,23.9,,
19455,2010,0,,
19455,2011,0,,
19455,2012,0,,
19455,2013,0,,
19455,2014,0.26,,
19455,2016,2.95,,
19473,2005,3.0987,,
19473,2008,0,,
19473,2009,0,,
19473,2010,0.01,,
19473,2011,0.03,,
19473,2012,20.7,,
19473,2013,0.05,,
19473,2014,0.03,,
19473,2015,0.03,,
19473,2016,0.03,,
19513,2005,31.215,,
19513,2008,2.45,,
19513,2009,2.4,,
19513,2010,100,,
19513,2011,100,,
19513,2012,100,,
19513,2013,100,,
19513,2014,17.36,,
19513,2015,11.88,,
19513,2016,12.03,,
19517,2005,33.5936,,
19517,2009,99.93,,
19517,2010,91.14,,
19517,2011,92.09,,
19517,2012,57.8,,
19517,2013,95.05,,
19517,2014,96.88,,
19517,2015,89.81,,
19517,2016,45.16,,
19532,2005,32.6975,,
19532,2008,0,,
19532,2009,0,,
19532,2010,0,,
19532,2011,0,,
19532,2012,0,,
19532,2013,0,,
19532,2014,0,,
19532,2015,14.97,,
19532,2016,0,,
19533,2005,0,,
19533,2008,0,,
19533,2009,0,,
19533,2010,0,,
19533,2011,43.47,,
19533,2012,0,,
19533,2013,17.11,,
19533,2014,17.19,,
19533,2015,100,,
19533,2016,62.61,,
19548,2005,14.1362,,
19548,2008,3.72,,
19548,2009,4.15,,
19548,2010,6.56,,
19548,2011,4.88,,
19548,2012,4.82,,
19548,2013,4.79,,
19548,2014,4.91,,
19548,2015,4.46,,
19548,2016,5.11,,
19573,2005,23.4935,,
19573,2008,14.55,,
19573,2009,14.27,,
19573,2010,0,,
19573,2011,0,,
19573,2012,0,,
19573,2013,0,,
19573,2014,0,,
19573,2015,0,,
19573,2016,34.88,,
19585,2005,18.9018,,
19585,2008,0,,
19585,2009,0,,
19585,2010,14.37,,
19585,2011,14.5,,
19585,2012,11.55,,
19585,2013,18.39,,
19585,2014,17.94,,
19585,2015,17.94,,
19585,2016,17.87,,
19622,2005,4.9194,,
19622,2008,0,,
19622,2009,0,,
19622,2010,0,,
19622,2011,0,,
19622,2012,5.86,,
19622,2013,0,,
19622,2014,0,,
19622,2015,0,,
19622,2016,0,,
19693,2005,22.0057,,
19693,2008,2.55,,
19693,2009,15.49,,
19693,2010,0,,
19693,2011,0,,
19693,2012,66.71,,
19693,2013,66.57,,
19693,2014,72.36,,
19693,2015,67.27,,
19693,2016,64.98,,
19698,2005,10.2094,,
19698,2008,0,,
19698,2009,0,,
19698,2010,0,,
19698,2011,0,,
19698,2012,2.29,,
19698,2013,2.82,,
19698,2014,2.99,,
19698,2015,2.94,,
19698,2016,2.93,,
19701,2005,2.1277,,
19701,2008,0,,
19701,2009,0,,
19701,2010,0,,
19701,2011,0,,
19701,2012,0.32,,
19701,2013,13.25,,
19701,2014,100,,
19701,2015,0,,
19701,2016,0,,
19743,2005,4.3026,,
19743,2008,0,,
19743,2009,0,,
19743,2010,0,,
19743,2011,0,,
19743,2014,0,,
19743,2015,0,,
19743,2016,0,,
19760,2005,3.0229,,
19760,2010,36.49,,
19760,2011,36.49,,
19760,2012,0,,
19760,2013,0,,
19760,2014,0,,
19760,2015,0,,
19760,2016,0,,
19780,2005,3.3608,,
19780,2008,0,,
19780,2009,0,,
19780,2010,0,,
19780,2011,5.77,,
19780,2012,0,,
19780,2013,5.59,,
19780,2014,5.62,,
19780,2015,5.81,,
19780,2016,4.07,,
19785,2005,4.6997,,
19785,2008,0,,
19785,2009,0.09,,
19785,2010,0.09,,
19785,2011,0,,
19785,2012,0,,
19785,2013,0,,
19785,2014,0,,
19785,2015,0,,
19785,2016,0,,
19807,2005,4.3409,,
19807,2008,0,,
19807,2009,0,,
19807,2010,0,,
19807,2011,0,,
19807,2012,0,,
19807,2013,0,,
19807,2014,0,,
19807,2015,1.44,,
19807,2016,1.29,,
19809,2005,8.7375,,
19809,2008,0,,
19809,2009,0.43,,
19809,2010,35.27,,
19809,2011,0,,
19809,2012,23.39,,
19809,2013,23.58,,
19809,2014,24.1,,
19809,2015,68.45,,
19809,2016,68.45,,
19821,2005,12.3955,,
19821,2008,0.07,,
19821,2009,0,,
19821,2010,0,,
19821,2011,15.21,,
19821,2014,51.22,,
19821,2015,0,,
19821,2016,0,,
19824,2005,15.5782,,
19824,2008,6.01,,
19824,2009,4.53,,
19824,2010,4.53,,
19824,2011,5.57,,
19824,2012,5.56,,
19824,2013,5.72,,
19824,2014,4.53,,
19824,2015,7.32,,
19824,2016,7.19,,
19845,2005,8.0347,,
19845,2008,0.1,,
19845,2009,0,,
19845,2013,0,,
19845,2014,0,,
19845,2015,0,,
19845,2016,0,,
20001,2005,18.6067,,
20001,2008,0,,
20001,2009,0.07,,
20001,2010,0,,
20001,2011,6.3,,
20001,2012,0,,
20001,2013,1.59,,
20001,2015,13.26,,
20001,2016,6.75,,
20011,2005,2.7193,,
20011,2008,59.52,,
20011,2009,61.9,,
20011,2010,62.54,,
20011,2011,0,,
20011,2012,0,,
20011,2013,5.49,,
20011,2014,7.32,,
20011,2015,0,,
20011,2016,0,,
20013,2005,16.4095,,
20013,2008,0,,
20013,2009,0,,
20013,2010,100,,
20013,2011,0,,
20013,2012,0,,
20013,2013,0,,
20013,2014,0,,
20013,2015,0,,
20013,2016,77.47,,
20032,2005,5.7057,,
20032,2008,0,,
20032,2009,0,,
20032,2010,75.48,,
20032,2011,75.48,,
20032,2012,73.07,,
20032,2013,46.04,,
20032,2014,12.71,,
20032,2015,12.43,,
20032,2016,38.2,,
20045,2005,5.3589,,
20045,2008,0,,
20045,2009,0,,
20045,2010,0,,
20045,2011,0,,
20045,2012,0.3,,
20045,2013,23.01,,
20045,2014,23.44,,
20045,2015,0,,
20045,2016,2.34,,
20060,2005,2.8302,,
20060,2008,100,,
20060,2009,100,,
20060,2010,100,,
20060,2011,0,,
20060,2012,59.52,,
20060,2013,100,,
20060,2014,100,,
20060,2015,15.46,,
20060,2016,0,,
20175,2005,1.4864,,
20175,2008,0,,
20175,2009,0,,
20175,2010,0,,
20175,2011,0,,
20175,2013,0,,
20175,2014,0,,
20175,2015,0,,
20175,2016,0,,
20178,2005,6.9483,,
20178,2008,100,,
20178,2009,94.14,,
20178,2011,0,,
20178,2012,1.88,,
20178,2015,0,,
20178,2016,100,,
20228,2005,15.2699,,
20228,2008,0,,
20228,2009,0.03,,
20228,2010,0.02,,
20228,2011,0,,
20228,2012,0,,
20228,2013,0,,
20228,2014,0,,
20228,2015,0,,
20228,2016,0,,
20238,2005,11.1872,,
20238,2008,100,,
20238,2009,100,,
20238,2010,18.78,,
20238,2011,0,,
20238,2012,0,,
20238,2013,100,,
20238,2014,13.24,,
20238,2015,13.23,,
20238,2016,13.27,,
20250,2005,24.0337,,
20250,2008,100,,
20250,2009,100,,
20250,2010,72.22,,
20250,2011,78.11,,
20250,2012,78.02,,
20250,2013,77.29,,
20250,2014,86.54,,
20250,2016,100,,
20295,2005,15.1491,,
20295,2008,0,,
20295,2009,0,,
20295,2010,0,,
20295,2011,0,,
20295,2012,0,,
20295,2013,0,,
20295,2014,0,,
20295,2015,58.26,,
20295,2016,0,,
20310,2005,4.6852,,
20310,2008,0,,
20310,2009,0,,
20310,2011,0,,
20310,2012,0,,
20310,2014,0,,
20310,2015,0,,
20310,2016,0,,
20383,2005,16.2815,,
20383,2008,0,,
20383,2009,38.29,,
20383,2010,0,,
20383,2011,0,,
20383,2012,0,,
20383,2013,0,,
20383,2014,16.74,,
20383,2015,0,,
20383,2016,35.66,,
20400,2005,16.4737,,
20400,2008,0,,
20400,2011,0,,
20400,2012,0,,
20400,2013,0,,
20400,2014,54.69,,
20400,2015,55.44,,
20400,2016,0,,
20443,2005,0.6834,,
20443,2008,0,,
20443,2009,0,,
20443,2010,0,,
20443,2011,0,,
20443,2014,57.61,,
20443,2015,0,,
20443,2016,0,,
20517,2005,0.3049,,
20517,2008,0,,
20517,2009,17.03,,
20517,2010,0,,
20517,2011,0,,
20517,2012,0,,
20517,2013,0,,
20517,2014,0,,
20517,2015,0.15,,
20517,2016,0,,
20550,2005,18.2342,,
20550,2008,0,,
20550,2009,0,,
20550,2010,0,,
20550,2011,0,,
20550,2012,0,,
20550,2013,0,,
20550,2014,0,,
20550,2015,0,,
20550,2016,0,,
20570,2005,0.2804,,
20570,2008,0,,
20570,2009,0,,
20570,2010,0,,
20570,2011,0,,
20570,2012,0,,
20570,2013,0,,
20570,2014,0,,
20570,2015,0,,
20570,2016,3.94,,
20614,2005,6.4443,,
20614,2008,0,,
20614,2009,0,,
20614,2010,0,,
20614,2011,0,,
20614,2012,100,,
20614,2013,0,,
20614,2014,100,,
20614,2015,0,,
20614,2016,0.25,,
20621,2005,22.2576,,
20621,2008,0,,
20621,2009,0,,
20621,2010,0,,
20621,2011,0,,
20621,2012,0,,
20621,2013,0.43,,
20621,2014,0.43,,
20621,2015,0,,
20621,2016,0,,
20710,2005,44.2824,,
20710,2008,0,,
20710,2009,0,,
20710,2010,0,,
20710,2011,0,,
20710,2012,0,,
20710,2013,0.62,,
20710,2014,0,,
20710,2015,0,,
20710,2016,0,,
20750,2005,35.5816,,
20750,2008,16.41,,
20750,2009,16.3,,
20750,2010,16.28,,
20750,2011,15.04,,
20750,2012,14.92,,
20750,2013,14.91,,
20750,2014,18.49,,
20750,2015,15.11,,
20750,2016,11.22,,
20770,2005,29.9749,,
20770,2008,0,,
20770,2009,0,,
20770,2010,100,,
20770,2011,0,,
20770,2012,0.09,,
20770,2013,0.09,,
20770,2014,0,,
20770,2015,0,,
20770,2016,0,,
20787,2005,10.0421,,
20787,2008,100,,
20787,2009,0,,
20787,2010,0,,
20787,2011,0,,
20787,2012,0,,
20787,2013,100,,
20787,2014,100,,
20787,2015,8.14,,
20787,2016,48.98,,
23001,2005,0.4887,,
23001,2008,0,,
23001,2009,0,,
23001,2010,3.61,,
23001,2011,0,,
23001,2012,3.68,,
23001,2013,2.29,,
23001,2014,1.54,,
23001,2015,2.31,,
23001,2016,1.75,,
23068,2005,2.6775,,
23068,2008,0,,
23068,2009,0,,
23068,2010,0,,
23068,2011,0,,
23068,2012,0,,
23068,2013,0,,
23068,2014,0,,
23068,2015,0,,
23068,2016,10.25,,
23079,2005,0.8554,,
23079,2008,0,,
23079,2009,0,,
23079,2010,0,,
23079,2011,22.51,,
23079,2012,38.94,,
23079,2013,21.9,,
23079,2014,0,,
23079,2015,24.81,,
23079,2016,0.06,,
23090,2005,0.1834,,
23090,2008,34.31,,
23090,2009,34.31,,
23090,2010,42.3,,
23090,2011,42.11,,
23090,2012,42.96,,
23090,2013,74.61,,
23090,2014,0,,
23090,2015,0,,
23090,2016,0,,
23162,2005,0.9331,,
23162,2008,100,,
23162,2009,100,,
23162,2010,100,,
23162,2011,0,,
23162,2012,0,,
23162,2013,0,,
23162,2014,0,,
23162,2015,0,,
23162,2016,0,,
23168,2005,0.3101,,
23168,2008,0,,
23168,2009,0,,
23168,2010,0,,
23168,2011,2.2,,
23168,2013,0.04,,
23168,2014,0.04,,
23168,2016,17.52,,
23182,2005,4.0174,,
23182,2008,0,,
23182,2009,0,,
23182,2010,100,,
23182,2011,0.16,,
23182,2012,16.02,,
23182,2013,16.02,,
23182,2014,16.02,,
23182,2015,14.89,,
23182,2016,18.29,,
23189,2005,0.6583,,
23189,2008,0,,
23189,2009,0,,
23189,2010,0,,
23189,2011,0,,
23189,2012,0,,
23189,2013,0,,
23189,2014,1.54,,
23189,2015,0,,
23189,2016,100,,
23300,2005,0.1253,,
23300,2008,0,,
23300,2009,0,,
23300,2010,0,,
23300,2011,0,,
23300,2012,0,,
23300,2013,0,,
23300,2014,0,,
23300,2015,0,,
23300,2016,0,,
23350,2005,1.6701,,
23350,2008,0,,
23350,2009,0,,
23350,2010,0,,
23350,2011,0,,
23350,2012,0,,
23350,2013,0,,
23350,2014,0,,
23350,2015,0,,
23350,2016,0,,
23417,2005,1.0098,,
23417,2008,0,,
23417,2009,0,,
23417,2010,0.01,,
23417,2011,0.01,,
23417,2012,0.01,,
23417,2013,22.09,,
23417,2014,29.74,,
23417,2015,29.74,,
23417,2016,30.29,,
23419,2005,0.7749,,
23419,2008,0,,
23419,2009,0,,
23419,2010,0,,
23419,2011,15.65,,
23419,2012,0,,
23419,2013,0,,
23419,2014,0,,
23419,2015,0,,
23419,2016,0,,
23464,2005,0.0907,,
23464,2008,12.08,,
23464,2009,12.25,,
23464,2010,12.33,,
23464,2011,12.34,,
23464,2012,12.67,,
23464,2013,12.62,,
23464,2014,0,,
23464,2015,0,,
23464,2016,0,,
23466,2005,3.5743,,
23466,2008,0,,
23466,2009,0,,
23466,2010,28.63,,
23466,2011,0,,
23466,2012,0,,
23466,2013,0,,
23466,2014,0,,
23466,2015,0,,
23466,2016,0,,
23500,2005,0.2685,,
23500,2008,0,,
23500,2009,0,,
23500,2010,0,,
23500,2011,15.9,,
23500,2012,15.9,,
23500,2013,0,,
23500,2014,0,,
23500,2015,100,,
23500,2016,100,,
23555,2005,0.9336,,
23555,2008,0,,
23555,2009,0,,
23555,2010,0,,
23555,2011,13.48,,
23555,2012,0,,
23555,2013,0,,
23555,2014,0,,
23555,2015,0,,
23555,2016,0,,
23570,2005,0.4013,,
23570,2008,0,,
23570,2009,0,,
23570,2010,3.8,,
23570,2011,61.34,,
23570,2012,60.72,,
23570,2013,4.12,,
23570,2014,3.81,,
23570,2015,0.19,,
23570,2016,0,,
23574,2005,0.1506,,
23574,2008,0,,
23574,2009,0,,
23574,2010,0,,
23574,2014,0,,
23574,2015,0,,
23574,2016,0,,
23580,2005,0.0467,,
23580,2008,0,,
23580,2009,0,,
23580,2010,0,,
23580,2011,5.58,,
23580,2012,0,,
23580,2013,0,,
23580,2014,0,,
23580,2015,0,,
23580,2016,0,,
23586,2005,0.4684,,
23586,2008,6.43,,
23586,2009,6.35,,
23586,2012,6.63,,
23586,2014,0,,
23586,2015,0,,
23586,2016,0,,
23660,2005,3.0764,,
23660,2008,0,,
23660,2009,0,,
23660,2010,0,,
23660,2011,1.29,,
23660,2012,14.23,,
23660,2013,0,,
23660,2014,0,,
23660,2015,0,,
23660,2016,0,,
23670,2005,1.2092,,
23670,2008,0,,
23670,2009,0,,
23670,2010,0,,
23670,2011,0,,
23670,2012,0,,
23670,2013,0,,
23670,2014,0,,
23670,2015,0,,
23670,2016,0,,
23672,2005,2.6667,,
23672,2008,6,,
23672,2009,33.96,,
23672,2010,28.07,,
23672,2011,22.67,,
23672,2012,22.67,,
23672,2013,9.65,,
23672,2014,9.65,,
23672,2015,9.6,,
23672,2016,9.61,,
23675,2005,0.5893,,
23675,2008,0,,
23675,2009,0,,
23675,2010,0,,
23675,2011,0,,
23675,2012,0,,
23675,2013,0,,
23675,2014,0,,
23675,2015,0,,
23675,2016,0,,
23678,2005,0.2206,,
23678,2008,0,,
23678,2012,0,,
23682,2008,0,,
23682,2009,0,,
23682,2010,0,,
23682,2011,0,,
23682,2012,0,,
23682,2013,0,,
23682,2015,0,,
23682,2016,0,,
23686,2005,0.5192,,
23686,2009,14.44,,
23686,2011,0,,
23686,2012,1.44,,
23686,2013,1.44,,
23807,2005,4.917,,
23807,2008,0.14,,
23807,2009,0.14,,
23807,2010,0,,
23807,2011,0,,
23807,2012,0,,
23807,2013,0,,
23807,2014,0,,
23807,2015,0,,
23807,2016,0.61,,
23815,2008,0,,
23815,2009,0,,
23815,2010,0,,
23815,2011,0,,
23815,2012,0,,
23815,2013,0,,
23815,2014,0,,
23815,2015,0,,
23815,2016,0,,
23855,2005,0.5289,,
23855,2008,0,,
23855,2009,4.48,,
23855,2010,0,,
23855,2011,0,,
23855,2012,0,,
23855,2013,0,,
23855,2014,0,,
23855,2015,0,,
23855,2016,0,,
25001,2005,3.5912,,
25001,2008,0.31,,
25001,2009,0,,
25001,2010,0,,
25001,2011,0,,
25001,2012,0,,
25001,2013,0,,
25001,2014,0,,
25001,2015,0,,
25001,2016,0,,
25019,2005,4.5967,,
25019,2008,0,,
25019,2009,0.04,,
25019,2010,0,,
25019,2011,0,,
25019,2012,0,,
25019,2013,0,,
25019,2014,0,,
25019,2015,0,,
25019,2016,0.08,,
25035,2005,10.6518,,
25035,2008,21.88,,
25035,2009,22.52,,
25035,2010,21.84,,
25035,2011,21.49,,
25035,2012,7,,
25035,2013,6.69,,
25035,2014,10.16,,
25035,2015,11.3,,
25035,2016,11.29,,
25040,2005,19.7344,,
25040,2008,35.6,,
25040,2009,35.79,,
25040,2010,11.44,,
25040,2011,11.44,,
25040,2012,11.44,,
25040,2013,11.44,,
25040,2014,11.4,,
25040,2015,12.85,,
25040,2016,12.88,,
25053,2005,12.9379,,
25053,2008,0,,
25053,2009,10.21,,
25053,2010,11.18,,
25053,2011,0,,
25053,2012,0,,
25053,2013,0,,
25053,2014,0,,
25053,2015,0,,
25053,2016,71.5,,
25086,2005,69.4915,,
25086,2008,0,,
25086,2009,0,,
25086,2010,30.03,,
25086,2011,32.63,,
25086,2012,32.63,,
25086,2013,32.63,,
25086,2014,51.74,,
25086,2015,26.22,,
25086,2016,0,,
25095,2005,7.6347,,
25095,2008,1.83,,
25095,2009,1.83,,
25095,2010,1.93,,
25095,2011,1.92,,
25095,2012,8.52,,
25095,2013,2.61,,
25095,2014,2.62,,
25095,2015,0,,
25095,2016,1.73,,
25099,2005,17.3489,,
25099,2008,100,,
25099,2009,6.11,,
25099,2010,20.49,,
25099,2011,20.49,,
25099,2012,20.49,,
25099,2013,18.78,,
25099,2014,5.45,,
25099,2015,5.45,,
25099,2016,5.45,,
25120,2005,3.0337,,
25120,2008,8.03,,
25120,2009,8.59,,
25120,2010,9.13,,
25120,2011,0.97,,
25120,2012,0,,
25120,2013,0.97,,
25120,2014,1.02,,
25120,2016,0,,
25123,2005,5.6297,,
25123,2008,51.76,,
25123,2009,51.76,,
25123,2010,51.76,,
25123,2011,7.29,,
25123,2012,51.76,,
25123,2013,64.54,,
25123,2014,64.54,,
25123,2015,47.97,,
25123,2016,6.95,,
25126,2005,88.9882,,
25126,2008,74.85,,
25126,2009,51.43,,
25126,2010,97.33,,
25126,2011,99.98,,
25126,2012,96.61,,
25126,2013,97.44,,
25126,2014,100,,
25126,2015,100,,
25126,2016,92.44,,
25148,2005,5.3269,,
25148,2011,0,,
25148,2012,0,,
25148,2013,0,,
25148,2014,0,,
25148,2015,0,,
25148,2016,0,,
25151,2005,3.2727,,
25151,2008,3.86,,
25151,2009,3.86,,
25151,2010,3.86,,
25151,2011,3.86,,
25151,2012,3.86,,
25151,2013,3.86,,
25151,2014,3.86,,
25151,2015,1.73,,
25151,2016,1.72,,
25154,2005,0.4785,,
25154,2008,0.58,,
25154,2009,1.21,,
25154,2010,0.49,,
25154,2011,0.48,,
25154,2012,0.05,,
25154,2013,0.05,,
25154,2014,0.05,,
25154,2015,0.05,,
25154,2016,0.04,,
25168,2005,1.5504,,
25168,2008,1.75,,
25168,2009,1.75,,
25168,2010,1.75,,
25168,2011,1.82,,
25168,2012,1.62,,
25168,2013,0.93,,
25168,2014,0.93,,
25168,2015,0.93,,
25168,2016,0.84,,
25175,2005,64.3634,,
25175,2008,22.12,,
25175,2009,42.53,,
25175,2010,34.22,,
25175,2011,40.08,,
25175,2012,39.07,,
25175,2013,46.23,,
25175,2014,62.33,,
25175,2015,0,,
25175,2016,60.72,,
25178,2005,2.4341,,
25178,2008,0,,
25178,2009,0,,
25178,2010,0,,
25178,2011,0,,
25178,2012,0,,
25178,2013,0,,
25178,2014,0,,
25178,2015,0,,
25178,2016,1.17,,
25181,2005,6.5239,,
25181,2008,0.1,,
25181,2009,0.54,,
25181,2010,0.82,,
25181,2011,1.1,,
25181,2012,0.75,,
25181,2013,0.79,,
25181,2014,3.6,,
25181,2015,100,,
25181,2016,3.45,,
25183,2005,3.2779,,
25183,2008,0.68,,
25183,2009,0.68,,
25183,2010,0.68,,
25183,2011,0.68,,
25183,2012,0.68,,
25183,2013,0.19,,
25183,2014,0.18,,
25183,2015,0.18,,
25183,2016,0.18,,
25200,2005,41.3455,,
25200,2008,17.24,,
25200,2009,28.63,,
25200,2010,15.15,,
25200,2011,15.14,,
25200,2012,14.97,,
25200,2013,14.87,,
25200,2014,15,,
25200,2015,14.99,,
25200,2016,14.78,,
25214,2005,54.2318,,
25214,2008,3.88,,
25214,2009,9.15,,
25214,2010,16.96,,
25214,2011,15.91,,
25214,2012,21.84,,
25214,2013,19.72,,
25214,2014,18.79,,
25214,2015,53.35,,
25214,2016,45.1,,
25224,2005,1.7201,,
25224,2008,0,,
25224,2009,0,,
25224,2010,0,,
25224,2011,0,,
25224,2012,0,,
25224,2013,0,,
25224,2014,0,,
25224,2015,0,,
25224,2016,0,,
25245,2005,17.5293,,
25245,2008,10.63,,
25245,2009,12.7,,
25245,2010,9.6,,
25245,2012,0.03,,
25245,2013,0.03,,
25245,2014,0.06,,
25245,2015,0.06,,
25245,2016,8.15,,
25258,2005,6.3846,,
25258,2008,3.35,,
25258,2009,0.27,,
25258,2010,0.37,,
25258,2011,0.37,,
25258,2012,5.03,,
25258,2013,1.24,,
25258,2014,0.47,,
25258,2015,0.47,,
25258,2016,0.3,,
25260,2005,24.0783,,
25260,2008,15.97,,
25260,2009,0,,
25260,2010,3.73,,
25260,2011,28.65,,
25260,2012,41.11,,
25260,2013,40.37,,
25260,2014,43.22,,
25260,2015,38.6,,
25260,2016,38.42,,
25269,2005,38.3026,,
25269,2008,1.96,,
25269,2009,1.92,,
25269,2010,1.88,,
25269,2011,1.89,,
25269,2012,12.9,,
25269,2013,0.05,,
25269,2014,82.36,,
25269,2015,92.14,,
25269,2016,78.72,,
25279,2005,8.2035,,
25279,2008,13.89,,
25279,2009,0.57,,
25279,2010,2.49,,
25279,2011,2.2,,
25279,2012,1.75,,
25279,2013,1.88,,
25279,2014,1.82,,
25279,2015,1.94,,
25279,2016,1.9,,
25281,2005,3.0508,,
25281,2008,2.46,,
25281,2009,2.46,,
25281,2010,2.46,,
25281,2011,2.46,,
25281,2012,2.46,,
25281,2013,3.3,,
25281,2014,3.31,,
25281,2015,3.32,,
25281,2016,3.74,,
25286,2005,24.8939,,
25286,2008,20.18,,
25286,2009,19.13,,
25286,2010,45.5,,
25286,2011,48.37,,
25286,2012,47.41,,
25286,2013,54.76,,
25286,2014,51.58,,
25286,2015,42.14,,
25286,2016,55.74,,
25288,2005,12.3039,,
25288,2008,24.98,,
25288,2009,3.54,,
25288,2010,3.53,,
25288,2011,0,,
25288,2012,9.61,,
25288,2013,9.49,,
25288,2014,9.46,,
25288,2015,9.46,,
25288,2016,9.03,,
25290,2005,22.556,,
25290,2014,0.79,,
25290,2015,0.02,,
25290,2016,0.31,,
25293,2005,1.9681,,
25293,2008,1.73,,
25293,2009,0.38,,
25293,2010,0.38,,
25293,2012,6.27,,
25293,2013,5.76,,
25293,2014,5.63,,
25293,2015,3.21,,
25293,2016,0,,
25295,2005,40.9867,,
25295,2008,4.4,,
25295,2009,4.59,,
25295,2010,0,,
25295,2011,0,,
25295,2012,0,,
25295,2013,0,,
25295,2014,49.15,,
25295,2015,35.46,,
25295,2016,0,,
25297,2005,0.5048,,
25297,2008,8.65,,
25297,2009,8.65,,
25297,2010,8.65,,
25297,2011,8.65,,
25297,2012,16.32,,
25297,2013,8.65,,
25297,2014,8.65,,
25297,2015,0,,
25297,2016,0,,
25299,2005,5.3348,,
25299,2008,0.4,,
25299,2009,0.4,,
25299,2010,0.4,,
25299,2011,0.4,,
25299,2012,0.29,,
25299,2013,0.2,,
25299,2014,0.19,,
25299,2015,0,,
25299,2016,0,,
25307,2005,12.561,,
25307,2008,20.72,,
25307,2009,8.9,,
25307,2010,8.82,,
25307,2011,21.03,,
25307,2012,13.87,,
25307,2013,19.16,,
25307,2014,0,,
25307,2015,0.03,,
25307,2016,0.03,,
25312,2005,20.6639,,
25312,2008,5.22,,
25312,2009,5.18,,
25312,2010,4.66,,
25312,2011,4.58,,
25312,2012,5.19,,
25312,2013,5.19,,
25312,2014,4.73,,
25312,2015,4.73,,
25312,2016,6.1,,
25317,2005,4.2231,,
25317,2008,0,,
25317,2009,0,,
25317,2010,0,,
25317,2011,0,,
25317,2012,0,,
25317,2013,0.85,,
25317,2014,0.84,,
25317,2015,0.96,,
25317,2016,2.05,,
25320,2005,37.6175,,
25320,2008,0,,
25320,2009,9.8,,
25320,2010,9.56,,
25320,2011,9.33,,
25320,2012,11.23,,
25320,2013,8.77,,
25320,2014,8.43,,
25320,2015,40.47,,
25320,2016,0,,
25322,2005,12.7486,,
25322,2008,5.24,,
25322,2009,4.43,,
25322,2010,0,,
25322,2011,0,,
25322,2012,2.01,,
25322,2013,2.01,,
25322,2014,2.63,,
25322,2015,1.12,,
25322,2016,0.6,,
25324,2005,7.6923,,
25324,2008,2.94,,
25324,2009,8.38,,
25324,2010,5.24,,
25324,2011,8.38,,
25324,2012,7.25,,
25324,2014,0,,
25324,2015,0,,
25324,2016,0,,
25326,2005,11.3963,,
25326,2008,1.06,,
25326,2009,0.75,,
25326,2010,1.14,,
25326,2011,1.98,,
25326,2012,2.01,,
25326,2013,1.89,,
25326,2014,1.9,,
25326,2015,1.27,,
25326,2016,70.64,,
25328,2005,9.2707,,
25328,2008,0.08,,
25328,2009,0,,
25328,2010,2.34,,
25328,2011,2.34,,
25328,2012,2.34,,
25328,2013,2.34,,
25328,2014,2.15,,
25328,2015,2.14,,
25328,2016,2.38,,
25335,2005,14.8418,,
25335,2008,0,,
25335,2009,0,,
25335,2010,0,,
25335,2011,0,,
25335,2012,0,,
25335,2013,5.8,,
25335,2014,5.83,,
25335,2015,1.05,,
25335,2016,5.56,,
25339,2005,2.0537,,
25339,2008,0,,
25339,2009,0,,
25339,2010,0,,
25339,2011,1.13,,
25339,2012,0.85,,
25339,2013,0.89,,
25339,2014,0.89,,
25339,2015,0,,
25339,2016,3.56,,
25368,2005,2.6978,,
25368,2008,0,,
25368,2009,0,,
25368,2010,0,,
25368,2011,0,,
25368,2012,0,,
25368,2013,0,,
25368,2014,27.75,,
25368,2015,26.77,,
25368,2016,26.36,,
25372,2005,6.015,,
25372,2008,0.47,,
25372,2009,0.47,,
25372,2010,0.47,,
25372,2011,0,,
25372,2012,0,,
25372,2013,0,,
25372,2014,0,,
25372,2015,0,,
25372,2016,0,,
25377,2005,18.1654,,
25377,2008,0.16,,
25377,2009,0,,
25377,2010,2.03,,
25377,2011,1.02,,
25377,2012,0.87,,
25377,2013,1.51,,
25377,2014,1.14,,
25377,2015,40.55,,
25377,2016,0.48,,
25386,2005,15.6017,,
25386,2008,31.24,,
25386,2009,2.41,,
25386,2010,1.34,,
25386,2011,2.26,,
25386,2012,0.2,,
25386,2013,0.89,,
25386,2014,2.31,,
25386,2015,1.83,,
25386,2016,1.36,,
25394,2005,1.0243,,
25394,2008,0,,
25394,2009,0,,
25394,2010,0,,
25394,2012,0.51,,
25394,2013,0.51,,
25394,2014,0.44,,
25394,2015,0.44,,
25394,2016,0.36,,
25398,2005,0.1324,,
25398,2008,0,,
25398,2009,21.28,,
25398,2010,0,,
25398,2011,0,,
25398,2012,0,,
25398,2013,0,,
25398,2014,0,,
25398,2015,2.62,,
25398,2016,0.03,,
25402,2005,4.4397,,
25402,2008,29.28,,
25402,2009,2,,
25402,2010,1.97,,
25402,2011,1.82,,
25402,2012,0,,
25402,2013,26.59,,
25402,2014,0.81,,
25402,2015,0.02,,
25402,2016,1.94,,
25407,2005,2.0619,,
25407,2008,0,,
25407,2009,0,,
25407,2010,0.88,,
25407,2011,0.04,,
25407,2012,0.04,,
25407,2013,0,,
25407,2014,0,,
25407,2015,0,,
25407,2016,2.15,,
25426,2005,3.3553,,
25426,2008,0,,
25426,2009,0,,
25426,2010,0,,
25426,2011,0.14,,
25426,2012,0.14,,
25426,2013,0.14,,
25426,2014,0.14,,
25426,2015,0.14,,
25426,2016,0,,
25430,2005,30.0357,,
25430,2008,23.32,,
25430,2009,40.61,,
25430,2010,0,,
25430,2011,0,,
25430,2012,7.52,,
25430,2013,7.32,,
25430,2014,6.79,,
25430,2015,13.13,,
25430,2016,12.85,,
25436,2005,0.5736,,
25436,2008,0.17,,
25436,2009,0.17,,
25436,2010,0.17,,
25436,2011,0.17,,
25436,2012,0.17,,
25436,2013,0.17,,
25436,2014,0.5,,
25436,2015,0.17,,
25436,2016,0,,
25438,2005,13.5971,,
25438,2008,0,,
25438,2009,0,,
25438,2010,0,,
25438,2011,0,,
25438,2012,0,,
25438,2013,0,,
25438,2014,0,,
25438,2015,8.46,,
25438,2016,0,,
25473,2005,20.7809,,
25473,2008,16.39,,
25473,2009,53.96,,
25473,2010,14.83,,
25473,2011,15.13,,
25473,2012,17.79,,
25473,2013,0.49,,
25473,2014,7.14,,
25473,2015,7.5,,
25473,2016,7.52,,
25483,2005,0.6536,,
25483,2008,0.75,,
25483,2009,34.12,,
25483,2010,31.87,,
25483,2011,31.87,,
25483,2012,32.98,,
25483,2013,31.87,,
25483,2014,31.87,,
25483,2015,31.52,,
25483,2016,13.62,,
25486,2005,28.1433,,
25486,2008,0,,
25486,2009,0,,
25486,2010,0,,
25486,2011,0,,
25486,2012,0,,
25486,2013,0,,
25486,2014,28.75,,
25486,2015,14.69,,
25486,2016,13.82,,
25488,2005,37.8882,,
25488,2008,5.56,,
25488,2009,5.17,,
25488,2010,3.17,,
25488,2011,3.29,,
25488,2012,3.28,,
25488,2013,3.54,,
25488,2014,10.88,,
25488,2015,3.52,,
25488,2016,12.28,,
25489,2005,24.6154,,
25489,2008,0,,
25489,2012,6.48,,
25489,2013,6.48,,
25489,2014,6.46,,
25489,2015,4.84,,
25489,2016,4.64,,
25491,2005,4.1708,,
25491,2008,5.54,,
25491,2009,10.96,,
25491,2010,13.19,,
25491,2011,13.88,,
25491,2012,12.12,,
25491,2013,11.67,,
25491,2014,11.58,,
25491,2015,11.78,,
25491,2016,2.29,,
25506,2005,8.082,,
25506,2011,0.11,,
25506,2012,0.11,,
25506,2013,0.11,,
25506,2014,10.94,,
25506,2015,10.8,,
25506,2016,1.03,,
25513,2005,3.4028,,
25513,2008,100,,
25513,2009,0,,
25513,2010,100,,
25513,2011,3.85,,
25513,2012,3.87,,
25513,2013,3.83,,
25513,2014,3.83,,
25513,2015,3.82,,
25513,2016,0,,
25518,2005,7.4558,,
25518,2008,2.05,,
25518,2009,2.05,,
25518,2010,2.05,,
25518,2011,2.05,,
25518,2012,2.05,,
25518,2013,1.02,,
25518,2014,1.02,,
25518,2015,2.24,,
25518,2016,0.51,,
25524,2005,3.2937,,
25524,2008,1.33,,
25524,2009,3.61,,
25524,2010,3.8,,
25524,2011,3.63,,
25524,2012,3.78,,
25524,2013,5.57,,
25524,2014,5.46,,
25524,2015,5.46,,
25524,2016,5.45,,
25530,2005,28.076,,
25530,2008,1,,
25530,2009,1,,
25530,2010,0,,
25530,2011,62.8,,
25530,2012,57.66,,
25530,2013,57.66,,
25530,2014,57.66,,
25530,2015,57.61,,
25530,2016,0,,
25535,2005,3.0363,,
25535,2008,0,,
25535,2009,0,,
25535,2010,0,,
25535,2011,76.27,,
25535,2012,76.22,,
25535,2013,0,,
25535,2014,0,,
25535,2015,0,,
25535,2016,0,,
25572,2005,33.1971,,
25572,2008,19.38,,
25572,2009,19.38,,
25572,2010,19.38,,
25572,2011,19.38,,
25572,2012,19.38,,
25572,2013,19.25,,
25572,2014,18.8,,
25572,2015,18.37,,
25572,2016,15.29,,
25580,2005,4.9624,,
25580,2008,100,,
25580,2009,100,,
25580,2010,0,,
25580,2011,0,,
25580,2012,0,,
25580,2013,0,,
25580,2014,0,,
25580,2015,0,,
25580,2016,2.1,,
25592,2005,18.0385,,
25592,2008,12.89,,
25592,2009,12.31,,
25592,2010,12.31,,
25592,2011,12.34,,
25592,2012,11.92,,
25592,2013,11.92,,
25592,2014,11.88,,
25592,2016,11.04,,
25594,2005,18.9748,,
25594,2008,4.79,,
25594,2009,65.66,,
25594,2010,82.35,,
25594,2011,82.35,,
25594,2012,82.35,,
25594,2013,6.04,,
25594,2014,6.04,,
25594,2015,6.05,,
25594,2016,5.79,,
25596,2005,16.0233,,
25596,2008,1.48,,
25596,2009,1.52,,
25596,2010,1.61,,
25596,2011,1.69,,
25596,2012,0,,
25596,2013,0,,
25596,2014,0,,
25596,2015,0,,
25596,2016,11.94,,
25599,2005,6.2354,,
25599,2008,0,,
25599,2009,0,,
25599,2010,0,,
25599,2011,0,,
25599,2012,19.34,,
25599,2013,8.37,,
25599,2014,8.28,,
25599,2015,4.79,,
25599,2016,4.66,,
25612,2005,6.3993,,
25612,2008,0.1,,
25612,2009,0.4,,
25612,2010,0.26,,
25612,2011,0.09,,
25612,2012,0.19,,
25612,2013,8.9,,
25612,2014,2.39,,
25612,2015,2.1,,
25612,2016,24.69,,
25645,2005,21.903,,
25645,2008,1.48,,
25645,2009,1.5,,
25645,2010,1.53,,
25645,2011,1.53,,
25645,2012,1.64,,
25645,2013,1.87,,
25645,2014,1.46,,
25645,2015,1.45,,
25645,2016,1.44,,
25649,2005,1.198,,
25649,2008,0,,
25649,2009,0.03,,
25649,2010,0.03,,
25649,2011,0,,
25649,2012,0,,
25649,2013,0.16,,
25649,2014,0.16,,
25649,2015,0.15,,
25649,2016,7.74,,
25653,2005,5.9016,,
25653,2008,0,,
25653,2009,10.79,,
25653,2010,5.55,,
25653,2011,10.6,,
25653,2012,0,,
25653,2013,0,,
25653,2015,0,,
25653,2016,0,,
25658,2005,3.6145,,
25658,2008,0,,
25658,2009,0,,
25658,2010,0,,
25658,2011,0,,
25658,2012,0,,
25658,2013,0,,
25658,2014,0,,
25658,2015,0,,
25658,2016,0,,
25662,2005,24.504,,
25662,2008,57.68,,
25662,2009,58.02,,
25662,2010,22.72,,
25662,2011,22.72,,
25662,2012,22.72,,
25662,2013,22.72,,
25662,2014,22.72,,
25662,2015,22.77,,
25662,2016,22.6,,
25718,2005,4.2202,,
25718,2008,16.9,,
25718,2009,0.04,,
25718,2010,0.31,,
25718,2011,0.31,,
25718,2012,0.31,,
25718,2013,0.31,,
25718,2014,0.3,,
25718,2015,0.3,,
25718,2016,0.3,,
25736,2005,21.2281,,
25736,2008,0.03,,
25736,2009,0.03,,
25736,2010,0.03,,
25736,2011,3.31,,
25736,2012,3.3,,
25736,2013,0.03,,
25736,2014,0.03,,
25736,2016,22.12,,
25740,2005,46.9931,,
25740,2008,20.52,,
25740,2009,19.05,,
25740,2010,0,,
25740,2011,0,,
25740,2012,0,,
25740,2013,22.19,,
25740,2014,22.11,,
25740,2015,1.54,,
25740,2016,0.07,,
25743,2005,16.6034,,
25743,2008,0,,
25743,2009,0,,
25743,2014,0,,
25743,2016,0,,
25745,2005,9.3725,,
25745,2008,5.64,,
25745,2010,2.45,,
25745,2011,2.87,,
25745,2012,0,,
25745,2013,0,,
25745,2014,0,,
25745,2015,0,,
25745,2016,0,,
25754,2005,55.0798,,
25754,2012,0,,
25754,2013,0,,
25754,2014,0,,
25754,2015,0,,
25754,2016,0,,
25758,2005,64.3564,,
25758,2008,35.43,,
25758,2009,38.67,,
25758,2010,35.55,,
25758,2011,33.72,,
25758,2012,33.03,,
25758,2013,33.03,,
25758,2014,33.03,,
25758,2015,35.56,,
25758,2016,25.39,,
25769,2005,16.998,,
25769,2008,0,,
25769,2009,0,,
25769,2010,0.89,,
25769,2011,2.66,,
25769,2012,0,,
25769,2013,0,,
25769,2014,0,,
25769,2015,0,,
25769,2016,1.05,,
25772,2005,22.2499,,
25772,2008,7.87,,
25772,2009,36.11,,
25772,2010,36.11,,
25772,2011,36.11,,
25772,2012,36.35,,
25772,2013,36.35,,
25772,2014,36.35,,
25772,2015,36.35,,
25772,2016,21.72,,
25777,2005,3.6853,,
25777,2008,3.88,,
25777,2009,3.88,,
25777,2010,3.63,,
25777,2011,3.38,,
25777,2012,0.9,,
25777,2013,0.89,,
25777,2014,0.71,,
25777,2015,0.71,,
25777,2016,0.67,,
25779,2005,0.6843,,
25779,2008,6.26,,
25779,2009,0,,
25779,2010,0.8,,
25779,2011,0,,
25779,2012,1.02,,
25779,2013,1.01,,
25779,2014,0,,
25779,2015,0,,
25779,2016,0,,
25781,2005,5.6128,,
25781,2008,2.01,,
25781,2009,1.98,,
25781,2010,2.18,,
25781,2011,2.18,,
25781,2012,2.07,,
25781,2013,2.07,,
25781,2014,2.07,,
25781,2015,2.08,,
25781,2016,1.89,,
25785,2005,45.4446,,
25785,2008,8.68,,
25785,2009,3.96,,
25785,2010,3.68,,
25785,2011,3.64,,
25785,2012,8.46,,
25785,2013,8.53,,
25785,2014,8.28,,
25785,2015,7.4,,
25785,2016,9.08,,
25793,2005,11.2836,,
25793,2008,2.94,,
25793,2009,4.03,,
25793,2010,3.88,,
25793,2011,3.89,,
25793,2012,3.84,,
25793,2013,5.32,,
25793,2014,4.59,,
25793,2015,4.59,,
25793,2016,4.13,,
25797,2005,26.1917,,
25797,2010,0,,
25797,2011,0,,
25797,2012,0,,
25797,2013,12.52,,
25797,2014,12.26,,
25797,2016,4.83,,
25799,2005,26.7182,,
25799,2008,5.11,,
25799,2009,15.21,,
25799,2010,15.14,,
25799,2011,15.14,,
25799,2012,27.21,,
25799,2013,27.21,,
25799,2014,27.16,,
25799,2015,27.16,,
25799,2016,26.76,,
25805,2005,16.1322,,
25805,2008,0.04,,
25805,2009,0.04,,
25805,2010,0.78,,
25805,2011,1.37,,
25805,2012,1.48,,
25805,2013,1.45,,
25805,2014,1.48,,
25805,2015,1.51,,
25805,2016,1.47,,
25807,2005,2.214,,
25807,2008,0,,
25807,2009,0,,
25807,2010,0,,
25807,2011,0,,
25807,2012,0,,
25807,2013,0,,
25807,2014,0,,
25807,2015,0,,
25807,2016,0.43,,
25815,2005,18.0788,,
25815,2008,14.22,,
25815,2009,3.62,,
25815,2010,50.48,,
25815,2011,50.48,,
25815,2012,0,,
25815,2013,0,,
25815,2014,0,,
25815,2015,0,,
25815,2016,0,,
25817,2005,76.1364,,
25817,2008,100,,
25817,2009,40.39,,
25817,2010,40.39,,
25817,2011,53.51,,
25817,2013,53.66,,
25817,2014,52.18,,
25817,2015,80.51,,
25817,2016,68.04,,
25823,2005,8.7344,,
25823,2008,100,,
25823,2009,0,,
25823,2010,100,,
25823,2011,100,,
25823,2012,0,,
25823,2013,0,,
25823,2014,0,,
25823,2015,0,,
25823,2016,0,,
25839,2005,16.4976,,
25839,2008,0,,
25839,2009,0,,
25839,2010,0,,
25839,2011,1.24,,
25839,2012,1.24,,
25839,2013,1.16,,
25839,2014,1.15,,
25839,2015,1.15,,
25839,2016,0.25,,
25841,2005,1.5574,,
25841,2008,0.89,,
25841,2009,0.89,,
25841,2010,0.92,,
25841,2011,0.89,,
25841,2012,0.87,,
25841,2013,0.87,,
25841,2014,0.87,,
25841,2015,0.87,,
25841,2016,2.24,,
25843,2005,10.0531,,
25843,2008,12.68,,
25843,2009,12.65,,
25843,2010,13.25,,
25843,2011,13.44,,
25843,2012,13.44,,
25843,2013,15.4,,
25843,2014,15.97,,
25843,2015,16.82,,
25843,2016,15.14,,
25845,2005,2.6062,,
25845,2008,0,,
25845,2010,0,,
25845,2011,0,,
25845,2012,0.43,,
25845,2013,0.43,,
25845,2014,0.52,,
25845,2015,0.52,,
25845,2016,0.52,,
25851,2005,1.8248,,
25851,2008,0,,
25851,2009,0,,
25851,2010,0,,
25851,2011,0,,
25851,2012,0,,
25851,2013,0,,
25851,2014,0,,
25851,2015,0,,
25851,2016,0,,
25862,2005,2.4455,,
25862,2008,0,,
25862,2009,0,,
25862,2010,0,,
25862,2011,0.08,,
25862,2012,0,,
25862,2013,0.72,,
25862,2014,0.72,,
25862,2015,0.71,,
25862,2016,0.7,,
25867,2005,4.3767,,
25867,2008,21.89,,
25867,2009,0,,
25867,2010,0,,
25867,2011,0.95,,
25867,2012,0.67,,
25867,2013,0.82,,
25867,2014,0.81,,
25867,2016,1,,
25871,2005,0.2415,,
25871,2008,0,,
25871,2009,0,,
25871,2010,0,,
25871,2011,0,,
25871,2012,0,,
25871,2013,0,,
25871,2014,0,,
25871,2015,0,,
25871,2016,0,,
25873,2005,5.2016,,
25873,2008,13.12,,
25873,2009,6.1,,
25873,2010,8.41,,
25873,2011,0,,
25873,2012,0,,
25873,2013,0.27,,
25873,2014,0.27,,
25873,2015,0.27,,
25873,2016,0.27,,
25875,2005,11.9745,,
25875,2008,0.08,,
25875,2009,0.95,,
25875,2010,3.89,,
25875,2011,8.87,,
25875,2012,8.29,,
25875,2013,10.42,,
25875,2014,6.83,,
25875,2015,10.42,,
25875,2016,11.25,,
25878,2005,8.3429,,
25878,2008,18.02,,
25878,2009,11.59,,
25878,2010,0,,
25878,2011,0,,
25878,2012,1.16,,
25878,2013,1.15,,
25878,2014,56.8,,
25878,2015,37.71,,
25878,2016,4.19,,
25885,2005,9.8744,,
25885,2009,100,,
25885,2010,2.24,,
25885,2011,0,,
25885,2012,0,,
25885,2013,0,,
25885,2014,0,,
25885,2015,0,,
25885,2016,0,,
25898,2005,19.8545,,
25898,2008,3.59,,
25898,2009,3.59,,
25898,2010,3.59,,
25898,2011,3.59,,
25898,2012,3.55,,
25898,2013,3.64,,
25898,2014,3.64,,
25898,2015,3.43,,
25898,2016,3.44,,
25899,2005,41.4423,,
25899,2008,0,,
25899,2009,67.12,,
25899,2010,68.05,,
25899,2011,65.83,,
25899,2012,66.58,,
25899,2013,66.33,,
25899,2014,67.19,,
25899,2015,68.71,,
25899,2016,68.07,,
27001,2005,1.9127,,
27001,2008,0,,
27001,2009,100,,
27001,2010,100,,
27001,2011,100,,
27001,2012,0,,
27001,2013,0,,
27001,2015,0,,
27001,2016,0,,
27006,2005,2.8685,,
27006,2008,0,,
27006,2009,0,,
27006,2010,0,,
27006,2011,17.61,,
27006,2015,15.04,,
27006,2016,0,,
27025,2005,0.05,,
27025,2008,0,,
27025,2009,0,,
27025,2010,0,,
27025,2011,0,,
27025,2012,0,,
27025,2013,0,,
27025,2014,0,,
27025,2015,0,,
27025,2016,0,,
27050,2005,0.7282,,
27050,2008,0,,
27050,2009,0,,
27050,2010,0,,
27050,2011,0,,
27050,2012,0,,
27050,2013,0,,
27050,2014,0,,
27050,2015,0,,
27050,2016,45.95,,
27073,2005,2.2481,,
27073,2008,0,,
27073,2009,0,,
27073,2010,0,,
27073,2011,0,,
27073,2012,0,,
27073,2013,0,,
27073,2014,0,,
27073,2015,0,,
27073,2016,0,,
27075,2005,18.6782,,
27075,2008,55.38,,
27075,2009,57.97,,
27075,2010,57.97,,
27075,2011,57.97,,
27075,2014,0,,
27075,2015,0,,
27075,2016,0,,
27077,2005,1.6693,,
27077,2008,0,,
27077,2009,0,,
27077,2010,0,,
27077,2011,0,,
27077,2012,0,,
27077,2013,100,,
27077,2014,100,,
27077,2015,0,,
27077,2016,0,,
27099,2005,0.2466,,
27099,2011,12.03,,
27099,2012,11.78,,
27099,2013,11.77,,
27099,2014,11.77,,
27099,2015,11.7,,
27099,2016,0,,
27135,2005,37.1048,,
27135,2008,0,,
27135,2009,0,,
27135,2010,0,,
27135,2011,0,,
27135,2012,52.92,,
27135,2013,52.92,,
27135,2014,52.92,,
27135,2015,52.92,,
27135,2016,52.92,,
27150,2005,2.2599,,
27150,2008,0,,
27150,2009,0,,
27150,2010,0,,
27150,2011,0,,
27150,2012,0,,
27150,2013,0,,
27150,2015,0,,
27160,2005,1.6367,,
27160,2011,100,,
27160,2012,87.59,,
27160,2013,87.59,,
27160,2014,87.59,,
27160,2015,96.71,,
27160,2016,0,,
27205,2005,25.4707,,
27205,2008,0,,
27205,2009,0,,
27205,2010,0,,
27205,2011,0,,
27205,2012,99.23,,
27205,2014,0,,
27205,2015,0,,
27205,2016,98.11,,
27245,2005,10.4167,,
27245,2008,6.97,,
27245,2009,5.47,,
27245,2010,3.67,,
27245,2011,4.01,,
27245,2012,13.52,,
27245,2013,13.52,,
27245,2014,61.63,,
27245,2015,61.63,,
27245,2016,100,,
27250,2005,6.0558,,
27250,2008,100,,
27250,2009,100,,
27250,2010,100,,
27250,2011,100,,
27250,2012,100,,
27250,2013,100,,
27250,2014,100,,
27250,2015,100,,
27250,2016,0,,
27361,2005,1.7327,,
27361,2008,0,,
27361,2009,0,,
27361,2010,0,,
27361,2014,0,,
27361,2015,0,,
27361,2016,0,,
27372,2005,2.2222,,
27372,2012,0,,
27372,2014,0,,
27372,2015,0,,
27372,2016,0,,
27413,2005,8.1538,,
27413,2008,100,,
27413,2009,100,,
27413,2010,100,,
27413,2011,100,,
27413,2012,9.5,,
27413,2013,9.5,,
27413,2014,9.5,,
27413,2015,9.5,,
27413,2016,0,,
27425,2005,0.6452,,
27425,2008,0,,
27425,2009,0,,
27425,2010,0,,
27425,2011,0,,
27425,2012,0,,
27425,2013,0,,
27425,2014,0,,
27425,2015,0,,
27425,2016,0,,
27430,2005,0.4541,,
27430,2008,0,,
27430,2009,0,,
27430,2010,0,,
27430,2011,0,,
27430,2012,0,,
27430,2013,0,,
27430,2014,0,,
27430,2015,0,,
27430,2016,0,,
27450,2005,16.3222,,
27450,2008,0,,
27450,2009,0,,
27450,2010,0,,
27450,2011,100,,
27450,2012,100,,
27450,2014,0,,
27450,2015,0,,
27450,2016,0,,
27491,2005,2.0372,,
27491,2011,0,,
27491,2012,0,,
27491,2013,0,,
27491,2014,0,,
27491,2015,0,,
27491,2016,0,,
27495,2005,16.5058,,
27495,2008,0,,
27495,2009,0,,
27495,2010,50,,
27495,2011,50,,
27495,2012,50,,
27495,2013,0,,
27495,2014,0,,
27495,2015,0,,
27495,2016,0,,
27580,2005,3.7563,,
27580,2008,0,,
27580,2009,0,,
27580,2010,0,,
27580,2011,0,,
27580,2012,0,,
27580,2013,0,,
27580,2014,0,,
27580,2015,0,,
27580,2016,0,,
27600,2005,0,,
27600,2008,0,,
27600,2009,0,,
27600,2010,0,,
27600,2011,0,,
27600,2012,0,,
27600,2013,99.43,,
27600,2014,99.43,,
27600,2015,99.43,,
27600,2016,83.75,,
27615,2005,0.2609,,
27615,2008,0,,
27615,2009,0,,
27615,2010,0,,
27615,2011,0,,
27615,2012,0,,
27615,2013,0,,
27615,2014,0,,
27615,2015,0,,
27615,2016,0,,
27660,2005,32.1622,,
27660,2013,76.92,,
27660,2015,55.03,,
27660,2016,0,,
27745,2005,53.7931,,
27745,2008,0,,
27745,2009,0,,
27745,2010,0,,
27745,2011,0,,
27745,2012,0,,
27745,2013,0,,
27745,2014,0,,
27745,2015,0,,
27745,2016,100,,
27787,2005,2.2293,,
27787,2008,0,,
27787,2009,0,,
27787,2010,0,,
27787,2011,0,,
27787,2012,0,,
27787,2013,0,,
27787,2014,0,,
27787,2015,0,,
27787,2016,0,,
27800,2005,2.0489,,
27800,2008,0,,
27800,2009,0,,
27800,2010,0,,
27800,2011,0,,
27800,2012,0,,
27800,2013,100,,
27800,2014,100,,
27800,2015,93.62,,
27800,2016,100,,
27810,2005,6.7215,,
27810,2008,0,,
27810,2009,0,,
27810,2010,0,,
27810,2011,0,,
27810,2012,0,,
27810,2013,0,,
27810,2014,0,,
27810,2015,0,,
27810,2016,0,,
41001,2005,39.562,,
41001,2008,23.45,,
41001,2009,90.15,,
41001,2010,22.61,,
41001,2011,26.92,,
41001,2012,15.45,,
41001,2013,26.17,,
41001,2014,24.02,,
41001,2015,22.8,,
41001,2016,24.45,,
41006,2005,6.8943,,
41006,2008,5.17,,
41006,2009,4.97,,
41006,2010,6.17,,
41006,2011,6,,
41006,2012,5.86,,
41006,2013,7.53,,
41006,2014,5.69,,
41006,2015,5.69,,
41006,2016,6.08,,
41013,2005,4.497,,
41013,2008,54.7,,
41013,2009,0,,
41013,2010,0,,
41013,2011,0,,
41013,2012,0,,
41013,2013,0,,
41013,2014,0,,
41013,2015,0,,
41013,2016,0,,
41016,2005,26.0722,,
41016,2008,3.52,,
41016,2009,3.7,,
41016,2010,3.9,,
41016,2011,1.34,,
41016,2012,9.69,,
41016,2013,1.34,,
41016,2014,1.34,,
41016,2015,1.34,,
41016,2016,2.88,,
41020,2005,22.3631,,
41020,2008,0,,
41020,2009,0,,
41020,2010,7.3,,
41020,2011,7.3,,
41020,2012,0,,
41020,2013,0,,
41020,2014,0,,
41020,2015,0,,
41020,2016,0,,
41026,2005,0.6873,,
41026,2008,0,,
41026,2009,8.33,,
41026,2010,55.52,,
41026,2011,55.52,,
41026,2012,0.77,,
41026,2013,0,,
41026,2014,0,,
41026,2016,0,,
41078,2005,3.7879,,
41078,2008,0,,
41078,2009,0,,
41078,2010,0,,
41078,2011,0,,
41078,2012,0,,
41078,2013,0,,
41078,2014,0,,
41078,2015,0,,
41078,2016,0,,
41132,2005,12.7804,,
41132,2008,0,,
41132,2009,0,,
41132,2010,0,,
41132,2011,0,,
41132,2012,0,,
41132,2013,0,,
41132,2014,0,,
41132,2015,0,,
41132,2016,100,,
41206,2005,11.3208,,
41206,2008,0,,
41206,2009,0,,
41206,2010,0,,
41206,2011,0,,
41206,2012,8.11,,
41206,2013,8.04,,
41206,2014,7.99,,
41206,2015,7.96,,
41206,2016,9.03,,
41244,2005,39.356,,
41244,2008,100,,
41244,2009,100,,
41244,2010,100,,
41244,2011,0,,
41244,2012,0,,
41244,2013,0,,
41244,2014,0,,
41244,2015,0,,
41244,2016,7.12,,
41298,2005,15.6931,,
41298,2008,6.41,,
41298,2010,38.02,,
41298,2011,2.95,,
41298,2012,5,,
41298,2014,3.69,,
41298,2015,3.05,,
41298,2016,3.45,,
41306,2005,41.9731,,
41306,2008,30.86,,
41306,2009,26.74,,
41306,2010,17.81,,
41306,2011,14.41,,
41306,2012,14.52,,
41306,2013,14.3,,
41306,2014,14.3,,
41306,2015,62.97,,
41306,2016,61.78,,
41319,2005,4.1565,,
41319,2008,46.06,,
41319,2009,46.06,,
41319,2010,46.06,,
41319,2011,0,,
41319,2012,9.86,,
41319,2013,46.06,,
41319,2014,0,,
41319,2015,0.32,,
41319,2016,0.32,,
41349,2005,29.8701,,
41349,2008,0,,
41349,2009,0,,
41349,2010,0,,
41349,2011,0,,
41349,2012,100,,
41349,2013,0.63,,
41349,2014,0.63,,
41349,2015,0,,
41349,2016,0,,
41357,2005,39.3303,,
41357,2008,42.14,,
41357,2009,0,,
41357,2010,0,,
41357,2011,24.79,,
41357,2012,24.98,,
41357,2013,24.98,,
41357,2014,24.98,,
41357,2015,23.9,,
41357,2016,23.8,,
41359,2005,2.8929,,
41359,2008,100,,
41359,2009,100,,
41359,2012,0,,
41359,2014,0,,
41359,2015,0,,
41359,2016,0,,
41378,2005,9.8262,,
41378,2008,0,,
41378,2009,0,,
41378,2010,0,,
41378,2011,0,,
41378,2012,0,,
41378,2013,0,,
41378,2014,0,,
41378,2015,0,,
41378,2016,0,,
41396,2005,16.6046,,
41396,2008,11.08,,
41396,2009,11.09,,
41396,2010,8.36,,
41396,2011,7.57,,
41396,2012,14.05,,
41396,2013,14.05,,
41396,2014,14.03,,
41396,2015,4.03,,
41396,2016,0,,
41483,2005,14.1899,,
41483,2008,0,,
41483,2009,0,,
41483,2010,0.35,,
41483,2011,0,,
41483,2012,0.17,,
41483,2013,2.25,,
41483,2014,1.6,,
41483,2015,0,,
41483,2016,0,,
41503,2005,32.6357,,
41503,2008,0,,
41503,2009,0,,
41503,2010,0,,
41503,2011,0,,
41503,2012,0,,
41503,2013,85.42,,
41503,2014,85.42,,
41503,2015,85.42,,
41503,2016,0,,
41518,2005,0.8621,,
41518,2008,0,,
41518,2009,0,,
41518,2010,0,,
41518,2011,0,,
41518,2012,0,,
41518,2013,0,,
41518,2014,0,,
41518,2015,0,,
41518,2016,0,,
41524,2005,42.2729,,
41524,2008,39.4,,
41524,2009,40.83,,
41524,2010,50.53,,
41524,2011,50.53,,
41524,2012,49.76,,
41524,2013,50.1,,
41524,2014,50.13,,
41524,2015,48.81,,
41524,2016,45.47,,
41530,2005,3.6036,,
41530,2008,0,,
41530,2009,9.76,,
41530,2010,4.16,,
41530,2011,9.7,,
41530,2012,0,,
41530,2013,9.7,,
41530,2014,9.7,,
41530,2015,9.73,,
41530,2016,6.87,,
41548,2005,7.8512,,
41548,2008,1.8,,
41548,2009,1.98,,
41548,2010,2.38,,
41548,2011,6.4,,
41548,2012,2.73,,
41548,2013,2.73,,
41548,2014,2.73,,
41548,2015,2.73,,
41548,2016,0,,
41551,2005,15.5102,,
41551,2008,21.3,,
41551,2009,4.78,,
41551,2010,7.39,,
41551,2011,6.15,,
41551,2012,5.52,,
41551,2013,6.06,,
41551,2014,3.92,,
41551,2015,6.08,,
41551,2016,6.13,,
41615,2005,40.4762,,
41615,2008,0,,
41615,2009,10.28,,
41615,2010,24.12,,
41615,2011,0,,
41615,2012,0,,
41615,2013,0,,
41615,2014,0,,
41615,2015,0,,
41615,2016,30.47,,
41660,2005,16.3507,,
41660,2011,0,,
41660,2012,0,,
41660,2013,0,,
41660,2014,0,,
41660,2015,0.28,,
41660,2016,0,,
41668,2005,11.4107,,
41668,2008,0,,
41668,2009,0,,
41668,2010,0,,
41668,2011,0,,
41668,2012,0,,
41668,2013,0,,
41668,2014,0,,
41668,2015,0,,
41668,2016,0,,
41676,2005,10.2696,,
41676,2008,3.07,,
41676,2009,2.99,,
41676,2010,22.59,,
41676,2011,90.45,,
41676,2012,14.65,,
41676,2013,15.46,,
41676,2014,18.29,,
41676,2015,40.38,,
41676,2016,40.59,,
41770,2005,21.8824,,
41770,2008,6.53,,
41770,2009,3.52,,
41770,2010,69.55,,
41770,2011,69.71,,
41770,2012,69.71,,
41770,2013,69.79,,
41770,2014,69.79,,
41770,2015,69.79,,
41770,2016,7.95,,
41791,2005,24.174,,
41791,2008,39.17,,
41791,2009,25.33,,
41791,2010,19.34,,
41791,2012,18.78,,
41791,2013,19.53,,
41791,2014,19.62,,
41791,2015,9.23,,
41791,2016,0,,
41797,2005,56.5263,,
41797,2008,0,,
41797,2009,0,,
41797,2010,0,,
41797,2011,2.24,,
41797,2012,2.24,,
41797,2013,2.05,,
41797,2014,2.05,,
41797,2015,2.05,,
41797,2016,99.36,,
41799,2005,16.063,,
41799,2008,98.98,,
41799,2009,99.02,,
41799,2010,99.02,,
41799,2011,99.02,,
41799,2012,99.02,,
41799,2013,99.02,,
41799,2014,99.02,,
41799,2015,98.25,,
41799,2016,98.2,,
41801,2005,8.7051,,
41801,2008,0,,
41801,2009,0,,
41801,2010,0,,
41801,2011,0,,
41801,2012,0,,
41801,2013,0,,
41801,2014,0,,
41801,2015,0,,
41801,2016,0,,
41807,2005,42.0929,,
41807,2008,0,,
41807,2009,0,,
41807,2010,0,,
41807,2011,0,,
41807,2012,0,,
41807,2013,0,,
41807,2014,0,,
41807,2015,0,,
41807,2016,0,,
41872,2005,39.1445,,
41872,2008,0,,
41872,2009,0,,
41872,2010,19.71,,
41872,2011,18.25,,
41872,2012,18.23,,
41872,2014,18.28,,
41872,2015,18.14,,
41872,2016,62.87,,
41885,2005,69.9387,,
41885,2008,0.53,,
41885,2009,0,,
41885,2010,0,,
41885,2011,0,,
41885,2012,0,,
41885,2013,0,,
41885,2014,0,,
41885,2015,0,,
41885,2016,0,,
44001,2005,4.4799,,
44001,2008,0,,
44001,2009,0,,
44001,2010,0,,
44001,2011,10.45,,
44001,2012,0,,
44001,2013,0.01,,
44001,2014,0.08,,
44001,2015,0.08,,
44001,2016,32.44,,
44035,2005,12.3324,,
44035,2008,0,,
44035,2009,0,,
44035,2010,0,,
44035,2011,0,,
44035,2012,0,,
44035,2013,0,,
44035,2014,0,,
44035,2015,0,,
44035,2016,64.9,,
44078,2005,24.8885,,
44078,2008,99.93,,
44078,2009,99.29,,
44078,2010,99.67,,
44078,2011,95.71,,
44078,2012,57.68,,
44078,2013,41.47,,
44078,2014,41.47,,
44078,2015,19.63,,
44078,2016,41.2,,
44090,2005,9.8791,,
44090,2008,29.74,,
44090,2009,28.62,,
44090,2010,28.32,,
44090,2011,26.25,,
44090,2012,33.22,,
44090,2013,7.65,,
44090,2014,100,,
44090,2015,45.82,,
44090,2016,13.79,,
44098,2005,27.017,,
44098,2008,42.32,,
44098,2009,41.38,,
44098,2010,7.67,,
44098,2011,40.9,,
44098,2012,51.46,,
44098,2013,8.99,,
44098,2014,5.71,,
44098,2015,5.71,,
44098,2016,0,,
44110,2005,0.7299,,
44110,2008,0,,
44110,2009,0,,
44110,2010,0,,
44110,2011,0,,
44110,2012,0,,
44110,2013,0,,
44110,2014,0,,
44110,2015,0,,
44110,2016,0,,
44279,2005,0.5087,,
44279,2011,0,,
44279,2012,0,,
44279,2013,0,,
44279,2014,0,,
44279,2015,0,,
44279,2016,0,,
44378,2005,0.4673,,
44378,2009,0,,
44378,2010,0,,
44378,2011,0,,
44378,2012,0,,
44378,2013,0,,
44378,2014,0,,
44378,2015,0,,
44378,2016,0,,
44420,2005,0.9009,,
44420,2008,0,,
44420,2009,0,,
44420,2011,19.05,,
44420,2012,60,,
44420,2013,68,,
44420,2014,27.9,,
44420,2015,15.59,,
44420,2016,15.36,,
44430,2005,3.6236,,
44430,2008,0,,
44430,2009,0,,
44430,2010,0,,
44430,2011,18.82,,
44430,2012,0,,
44430,2013,0,,
44430,2014,0,,
44430,2015,0,,
44430,2016,0,,
44560,2005,0.3669,,
44560,2008,0,,
44560,2009,100,,
44560,2010,84.33,,
44560,2011,26.2,,
44560,2012,0,,
44560,2013,0,,
44560,2014,0,,
44560,2015,0,,
44560,2016,100,,
44650,2005,9.4113,,
44650,2008,42.4,,
44650,2009,42.71,,
44650,2010,41.84,,
44650,2011,0,,
44650,2013,1.12,,
44650,2014,1.12,,
44650,2015,0,,
44650,2016,0,,
44847,2005,0.1376,,
44847,2008,0,,
44847,2009,0.21,,
44847,2010,3.25,,
44847,2011,3.69,,
44847,2012,0,,
44847,2013,0,,
44847,2014,0,,
44847,2015,0,,
44847,2016,0,,
44855,2005,0.7021,,
44855,2008,0,,
44855,2010,0.68,,
44855,2011,0,,
44855,2012,0,,
44855,2013,0,,
44855,2014,0,,
44855,2016,20,,
44874,2005,1.519,,
44874,2011,0,,
44874,2012,0,,
44874,2013,0,,
44874,2014,0.41,,
44874,2015,0,,
44874,2016,11.95,,
47001,2005,3.3901,,
47001,2008,0.01,,
47001,2009,0,,
47001,2010,0,,
47001,2011,5.5,,
47001,2012,0.1,,
47001,2013,0.05,,
47001,2014,0.07,,
47001,2015,1.71,,
47001,2016,0.47,,
47030,2005,0.6897,,
47030,2008,0,,
47030,2009,0,,
47030,2010,0,,
47030,2011,0,,
47030,2012,0,,
47030,2013,100,,
47030,2014,100,,
47030,2015,100,,
47030,2016,0,,
47053,2005,8.4245,,
47058,2005,14.094,,
47058,2008,0,,
47058,2010,0,,
47058,2013,0,,
47058,2014,0,,
47058,2015,0,,
47058,2016,0,,
47161,2005,1.1577,,
47161,2008,0,,
47161,2009,0,,
47161,2010,0,,
47161,2011,0,,
47161,2012,0,,
47161,2013,0,,
47161,2014,100,,
47161,2015,14.72,,
47161,2016,0,,
47170,2005,0.0791,,
47170,2008,0,,
47170,2009,100,,
47170,2010,100,,
47170,2011,100,,
47170,2012,0,,
47170,2013,0,,
47170,2014,0,,
47170,2015,0,,
47170,2016,0.22,,
47189,2005,4.6749,,
47189,2008,0,,
47189,2009,0.69,,
47189,2010,0,,
47189,2011,1.22,,
47189,2012,0.32,,
47189,2013,0.15,,
47189,2014,0,,
47189,2015,0,,
47189,2016,0,,
47205,2005,0.7868,,
47205,2008,0,,
47205,2009,0,,
47205,2010,0,,
47205,2011,0,,
47205,2012,0,,
47205,2013,0,,
47205,2014,100,,
47205,2015,100,,
47205,2016,0,,
47245,2005,0.4839,,
47245,2008,0,,
47245,2009,0.03,,
47245,2012,0,,
47245,2013,0,,
47245,2014,0,,
47245,2015,0,,
47245,2016,0,,
47258,2005,1.0191,,
47258,2008,0,,
47258,2009,0,,
47258,2010,0,,
47258,2011,0,,
47258,2012,0,,
47258,2013,0,,
47258,2014,0,,
47258,2015,0,,
47258,2016,0,,
47268,2005,0.6658,,
47268,2008,0,,
47268,2009,0,,
47268,2010,0,,
47268,2011,0,,
47268,2012,0,,
47268,2013,0,,
47268,2014,100,,
47268,2015,100,,
47268,2016,0,,
47288,2005,0.4594,,
47288,2008,100,,
47288,2009,100,,
47288,2010,100,,
47288,2011,100,,
47288,2012,100,,
47288,2013,0,,
47288,2014,0,,
47288,2015,0,,
47288,2016,23.8,,
47318,2005,2.9308,,
47318,2008,100,,
47318,2009,100,,
47318,2010,100,,
47318,2011,100,,
47318,2012,0,,
47318,2013,0,,
47318,2014,0,,
47318,2015,0,,
47318,2016,0,,
47460,2005,20.2232,,
47460,2008,69.2,,
47460,2009,100,,
47460,2010,100,,
47460,2011,100,,
47460,2012,100,,
47460,2013,100,,
47460,2014,55.91,,
47460,2015,55.63,,
47460,2016,55.15,,
47541,2005,0.4941,,
47541,2008,100,,
47541,2009,100,,
47541,2010,100,,
47541,2011,100,,
47541,2016,100,,
47545,2005,0.6298,,
47545,2008,0,,
47545,2009,0,,
47545,2014,0,,
47545,2015,0,,
47545,2016,0,,
47551,2005,0.7497,,
47551,2009,0,,
47551,2010,0,,
47551,2011,0,,
47551,2012,0,,
47551,2013,0,,
47551,2014,0,,
47551,2015,0,,
47551,2016,0,,
47555,2005,0.6498,,
47555,2008,0,,
47555,2009,0,,
47555,2010,0,,
47555,2011,100,,
47555,2012,100,,
47555,2013,100,,
47555,2014,100,,
47555,2015,100,,
47555,2016,2.39,,
47570,2005,0.6429,,
47570,2013,0,,
47570,2014,0,,
47570,2015,0,,
47570,2016,0,,
47605,2005,0.1931,,
47605,2008,0,,
47605,2009,0,,
47605,2010,0,,
47605,2011,0,,
47605,2012,0,,
47605,2013,0,,
47605,2016,0,,
47660,2005,0.3364,,
47660,2008,0,,
47660,2009,0,,
47660,2010,0,,
47660,2011,0,,
47660,2012,0,,
47660,2013,0,,
47660,2014,7.86,,
47660,2015,0,,
47660,2016,0,,
47675,2005,0.9063,,
47675,2008,0,,
47675,2009,1.25,,
47675,2010,2.73,,
47675,2011,1.23,,
47675,2015,0.08,,
47675,2016,0.08,,
47692,2005,0.267,,
47692,2012,0,,
47692,2013,0,,
47692,2014,0,,
47692,2015,0,,
47692,2016,0,,
47703,2005,3.4916,,
47703,2008,4.95,,
47703,2009,5.56,,
47703,2010,15.32,,
47703,2011,15.26,,
47703,2012,15.23,,
47703,2013,15.19,,
47703,2014,15.18,,
47703,2015,15.16,,
47703,2016,15.15,,
47707,2005,0.1404,,
47707,2008,0,,
47707,2009,0,,
47707,2010,0,,
47707,2012,0,,
47707,2015,0,,
47707,2016,0,,
47720,2005,0.4802,,
47720,2008,0,,
47720,2009,0,,
47720,2011,0,,
47720,2012,0,,
47720,2013,0,,
47720,2014,0,,
47720,2015,0,,
47720,2016,0,,
47745,2005,0.8074,,
47745,2016,100,,
47798,2005,0.3791,,
47798,2008,100,,
47798,2009,100,,
47798,2010,100,,
47798,2011,100,,
47798,2012,100,,
47798,2013,100,,
47798,2014,100,,
47798,2015,100,,
47798,2016,0,,
47960,2005,0.7678,,
47960,2008,0,,
47960,2009,0,,
47960,2010,0,,
47960,2011,0,,
47960,2013,0,,
47960,2014,0,,
47960,2015,0,,
47960,2016,0,,
47980,2005,1.2124,,
47980,2008,100,,
47980,2009,0,,
47980,2010,0,,
47980,2011,0,,
47980,2012,0,,
47980,2013,100,,
47980,2014,100,,
47980,2015,0,,
47980,2016,0,,
50001,2005,18.257,,
50001,2008,0,,
50001,2009,0.02,,
50001,2010,1.53,,
50001,2011,2.27,,
50001,2012,13.99,,
50001,2013,6.33,,
50001,2014,23.72,,
50001,2015,32.32,,
50001,2016,28.67,,
50006,2005,16.381,,
50006,2008,6.38,,
50006,2009,6.38,,
50006,2010,58.81,,
50006,2011,37.66,,
50006,2012,48.77,,
50006,2013,43.06,,
50006,2014,7.84,,
50006,2015,4.57,,
50006,2016,5.71,,
50110,2005,14.5522,,
50110,2008,15.51,,
50110,2009,8.52,,
50110,2010,8.16,,
50110,2011,8.03,,
50110,2012,7.83,,
50110,2013,7.75,,
50110,2015,7.5,,
50110,2016,7.47,,
50124,2005,4.6185,,
50124,2008,0.49,,
50124,2009,0.48,,
50124,2010,0.79,,
50124,2011,0.77,,
50124,2012,0.77,,
50124,2013,44.6,,
50124,2014,47.18,,
50124,2015,50.83,,
50124,2016,36.47,,
50150,2005,38.5185,,
50150,2008,38.86,,
50150,2009,38.86,,
50150,2010,17.61,,
50150,2011,32.63,,
50150,2012,35.53,,
50150,2015,24.06,,
50150,2016,50.51,,
50223,2005,12.426,,
50223,2008,0,,
50223,2010,0,,
50223,2012,0,,
50223,2013,0,,
50223,2014,0,,
50223,2015,2.93,,
50223,2016,5.55,,
50226,2005,38.4738,,
50226,2008,21.19,,
50226,2009,0.44,,
50226,2010,0.2,,
50226,2011,15.2,,
50226,2012,12.58,,
50226,2013,11.63,,
50226,2014,11.41,,
50226,2015,2.27,,
50226,2016,17.28,,
50245,2005,22.0109,,
50245,2008,0,,
50245,2009,30.64,,
50245,2011,4.55,,
50245,2012,9.02,,
50245,2013,0,,
50245,2014,0,,
50245,2015,11.21,,
50245,2016,6.19,,
50251,2005,20.3883,,
50251,2008,0.22,,
50251,2009,0,,
50251,2010,0,,
50251,2011,0,,
50251,2012,0,,
50251,2013,0.06,,
50251,2014,12.95,,
50251,2015,13.19,,
50251,2016,13.91,,
50270,2005,25.7081,,
50270,2008,0.22,,
50270,2009,0,,
50270,2010,0,,
50270,2011,25.91,,
50270,2012,25.91,,
50270,2013,0,,
50270,2014,0,,
50270,2015,0,,
50270,2016,0,,
50287,2005,24.6431,,
50287,2008,0,,
50287,2009,0.76,,
50287,2010,0.75,,
50287,2011,0.75,,
50287,2012,0.07,,
50287,2013,0.07,,
50287,2014,0.08,,
50287,2015,0.07,,
50287,2016,0.07,,
50313,2005,25.5176,,
50313,2008,0,,
50313,2009,0,,
50313,2010,0,,
50313,2011,0,,
50313,2012,0,,
50313,2013,0,,
50313,2014,0,,
50313,2015,0,,
50313,2016,44.58,,
50318,2005,14.7606,,
50318,2008,2.37,,
50318,2009,1.95,,
50318,2010,4.12,,
50318,2011,3.85,,
50318,2012,4.65,,
50318,2013,4.5,,
50318,2014,3.45,,
50318,2015,4.02,,
50318,2016,4.01,,
50325,2005,0,,
50325,2008,0,,
50325,2009,0,,
50325,2010,0,,
50325,2011,0,,
50325,2012,0,,
50325,2013,0,,
50325,2014,0,,
50325,2015,0.04,,
50325,2016,0,,
50330,2005,2.1845,,
50330,2008,0.2,,
50330,2009,0.16,,
50330,2010,0,,
50330,2011,0,,
50330,2012,0,,
50330,2013,0,,
50330,2014,0,,
50330,2015,0.28,,
50330,2016,5.11,,
50350,2005,0,,
50350,2008,0,,
50350,2009,0,,
50350,2010,36.62,,
50350,2011,98.03,,
50350,2012,95.24,,
50350,2013,95.24,,
50350,2014,95.31,,
50350,2015,95.78,,
50350,2016,0,,
50370,2005,5.4427,,
50370,2008,0,,
50370,2009,0,,
50370,2010,0,,
50370,2011,0,,
50370,2012,0,,
50370,2013,44.52,,
50370,2014,44.38,,
50370,2015,42.88,,
50370,2016,42.59,,
50400,2005,1.8576,,
50400,2008,6.2,,
50400,2009,4.99,,
50400,2010,0.1,,
50400,2011,0.38,,
50400,2012,0.33,,
50400,2013,7.72,,
50400,2014,5.36,,
50400,2015,8.51,,
50400,2016,8.51,,
50450,2005,0.3929,,
50450,2008,0.07,,
50450,2009,0,,
50450,2010,0.06,,
50450,2011,12.69,,
50450,2012,0,,
50450,2014,0,,
50450,2015,0,,
50450,2016,0.1,,
50568,2005,4.2974,,
50568,2008,0,,
50568,2009,9.37,,
50568,2010,9.34,,
50568,2011,9.34,,
50568,2012,9.34,,
50568,2013,3.61,,
50568,2014,3.61,,
50568,2015,19.22,,
50568,2016,19.14,,
50573,2005,17.7786,,
50573,2008,0,,
50573,2009,0,,
50573,2010,0,,
50573,2011,6.73,,
50573,2012,6.8,,
50573,2013,6.42,,
50573,2014,6.45,,
50573,2015,7.77,,
50573,2016,25.2,,
50577,2005,5.9146,,
50577,2008,0,,
50577,2009,0,,
50577,2010,0,,
50577,2011,3.54,,
50577,2012,3.34,,
50577,2013,14.11,,
50577,2014,14.04,,
50577,2015,14.03,,
50577,2016,13.96,,
50590,2005,2.9825,,
50590,2008,0,,
50590,2009,0,,
50590,2010,0,,
50590,2011,0,,
50590,2012,0,,
50590,2013,0,,
50590,2014,0,,
50590,2015,12.38,,
50590,2016,0,,
50606,2005,17.9256,,
50606,2008,0,,
50606,2009,100,,
50606,2010,0,,
50606,2011,0.11,,
50606,2012,0.07,,
50606,2013,1.99,,
50606,2014,0.06,,
50606,2015,0.12,,
50606,2016,0.05,,
50680,2005,72.8856,,
50680,2008,85.02,,
50680,2009,36.42,,
50680,2010,0,,
50680,2011,36.43,,
50680,2012,36.42,,
50680,2013,35.19,,
50680,2014,43.85,,
50680,2015,50.35,,
50680,2016,50.32,,
50683,2005,14.5309,,
50683,2008,0.12,,
50683,2009,0.09,,
50683,2010,15.97,,
50683,2011,20.54,,
50683,2012,0.54,,
50683,2013,0.54,,
50683,2014,0.41,,
50683,2015,0.45,,
50683,2016,0,,
50686,2005,8.3019,,
50686,2008,0,,
50686,2009,0,,
50686,2010,0,,
50686,2011,0.33,,
50686,2012,0.36,,
50686,2013,0.36,,
50686,2014,0.36,,
50686,2015,100,,
50686,2016,0,,
50689,2005,4.8316,,
50689,2008,46.32,,
50689,2009,43.84,,
50689,2010,27.1,,
50689,2011,43.33,,
50689,2012,35.83,,
50689,2013,27.1,,
50689,2014,15.59,,
50689,2015,55.09,,
50689,2016,55.09,,
50711,2005,24.2509,,
50711,2008,0,,
50711,2009,0,,
50711,2010,0,,
50711,2011,0,,
50711,2012,0,,
50711,2013,0,,
50711,2014,0,,
50711,2015,0,,
50711,2016,0,,
52001,2005,44.1115,,
52001,2008,4.09,,
52001,2009,2.96,,
52001,2010,2.04,,
52001,2011,2.9,,
52001,2012,12.71,,
52001,2013,13.46,,
52001,2014,0,,
52001,2015,7.9,,
52001,2016,6.69,,
52019,2005,1.5423,,
52019,2008,0,,
52019,2009,0.67,,
52019,2010,0,,
52019,2011,0,,
52019,2012,38.67,,
52019,2013,39.83,,
52019,2014,22.49,,
52019,2015,0,,
52019,2016,0,,
52022,2005,23.6279,,
52022,2008,14.98,,
52022,2009,14.76,,
52022,2010,40.27,,
52022,2011,40.27,,
52022,2012,40.27,,
52022,2013,0,,
52022,2014,14.62,,
52022,2015,14.6,,
52022,2016,12.19,,
52036,2005,7.0267,,
52036,2008,0,,
52036,2009,0,,
52036,2010,0,,
52036,2011,1.99,,
52036,2012,0,,
52036,2013,0,,
52036,2014,0,,
52036,2015,0,,
52036,2016,12.75,,
52051,2005,3.4207,,
52051,2008,0,,
52051,2009,0,,
52051,2010,18.37,,
52051,2011,0.13,,
52051,2012,17.99,,
52051,2013,0,,
52051,2014,0,,
52051,2015,25.85,,
52051,2016,31.26,,
52079,2005,2.065,,
52079,2008,0,,
52079,2009,0,,
52079,2010,0,,
52079,2011,0,,
52079,2012,0,,
52079,2013,0,,
52079,2014,0,,
52079,2015,0.08,,
52079,2016,3.35,,
52083,2005,19.2607,,
52083,2008,0,,
52083,2009,0,,
52083,2010,0,,
52083,2011,0,,
52083,2012,0,,
52083,2013,0,,
52083,2014,0,,
52083,2015,0,,
52083,2016,0,,
52110,2005,18.5919,,
52110,2008,0,,
52110,2009,0,,
52110,2010,0,,
52110,2011,0,,
52110,2012,0,,
52110,2013,2.71,,
52110,2014,100,,
52110,2015,100,,
52110,2016,0,,
52203,2005,8.7612,,
52203,2008,4.71,,
52203,2009,0.41,,
52203,2010,0,,
52203,2011,11.8,,
52203,2012,0,,
52203,2013,11.61,,
52203,2014,0,,
52203,2015,0,,
52203,2016,18.76,,
52207,2005,24.6951,,
52207,2008,9.04,,
52207,2009,0,,
52207,2010,0,,
52207,2011,0,,
52207,2012,0,,
52207,2013,6.04,,
52207,2014,6.02,,
52207,2015,0.32,,
52207,2016,9.36,,
52210,2005,6.6271,,
52210,2008,0,,
52210,2009,0.29,,
52210,2010,0.29,,
52210,2011,0.48,,
52210,2012,2.85,,
52210,2013,2.84,,
52210,2014,2.99,,
52210,2015,3.42,,
52210,2016,3.34,,
52215,2005,4.2433,,
52215,2008,1.19,,
52215,2009,0,,
52215,2010,1.98,,
52215,2011,0,,
52215,2012,0.91,,
52215,2013,0.9,,
52215,2014,0.89,,
52215,2015,0.89,,
52215,2016,0,,
52224,2005,2.1364,,
52224,2009,0,,
52224,2010,0,,
52224,2011,0,,
52224,2012,0,,
52224,2013,0,,
52224,2014,0,,
52224,2015,0,,
52224,2016,0,,
52227,2005,31.8529,,
52227,2008,3.9,,
52227,2009,3.9,,
52227,2010,3.9,,
52227,2011,0,,
52227,2012,0,,
52227,2013,0,,
52227,2014,0,,
52227,2015,3.9,,
52227,2016,4.17,,
52233,2005,20.4775,,
52233,2008,0,,
52233,2009,0,,
52233,2010,0,,
52233,2011,0,,
52233,2012,2.04,,
52233,2013,2.03,,
52233,2014,2.03,,
52233,2015,31.12,,
52233,2016,31.79,,
52240,2005,9.4549,,
52240,2008,19.32,,
52240,2009,7.51,,
52240,2010,7.06,,
52240,2011,6.69,,
52240,2012,6.5,,
52240,2013,6.47,,
52240,2014,6.29,,
52240,2015,6.98,,
52240,2016,0.28,,
52250,2005,0.0263,,
52250,2008,0,,
52250,2009,0,,
52250,2011,0,,
52250,2014,100,,
52250,2015,100,,
52250,2016,100,,
52254,2005,4.3073,,
52254,2008,100,,
52254,2009,0,,
52254,2010,0,,
52254,2011,0,,
52254,2012,0,,
52254,2013,0,,
52254,2014,0,,
52254,2015,0,,
52254,2016,1.67,,
52256,2005,14.9041,,
52256,2010,100,,
52256,2012,0,,
52256,2013,0,,
52256,2014,0,,
52256,2016,0,,
52258,2005,32.4352,,
52258,2008,0,,
52258,2009,27.84,,
52258,2010,16.63,,
52258,2011,30.98,,
52258,2012,31.17,,
52258,2013,29.59,,
52258,2014,23.7,,
52258,2015,33.19,,
52258,2016,15.83,,
52260,2005,2.2784,,
52260,2008,100,,
52260,2009,100,,
52260,2010,100,,
52260,2011,100,,
52260,2012,100,,
52260,2013,100,,
52260,2014,100,,
52260,2015,100,,
52260,2016,19.1,,
52287,2005,0.6938,,
52287,2008,0,,
52287,2009,0,,
52287,2010,0,,
52287,2011,0,,
52287,2012,0,,
52287,2013,0,,
52287,2014,11.02,,
52287,2015,12.28,,
52287,2016,12.22,,
52317,2005,23.5973,,
52317,2008,0,,
52317,2009,0,,
52317,2010,0,,
52317,2011,5.05,,
52317,2012,100,,
52317,2013,100,,
52317,2014,0,,
52317,2015,100,,
52317,2016,6.88,,
52320,2005,12.7749,,
52320,2008,0,,
52320,2009,0,,
52320,2010,100,,
52320,2011,0,,
52320,2012,0,,
52320,2013,0,,
52320,2014,0,,
52320,2015,0.94,,
52320,2016,0,,
52323,2005,26,,
52323,2008,35.81,,
52323,2009,35.9,,
52323,2010,35.94,,
52323,2011,35.99,,
52323,2012,0,,
52323,2013,0,,
52323,2014,0,,
52323,2015,16.05,,
52323,2016,0,,
52352,2005,3.4783,,
52352,2008,0,,
52352,2009,0,,
52352,2010,17.66,,
52352,2011,0,,
52352,2012,0,,
52352,2013,0,,
52352,2014,0,,
52352,2015,0,,
52352,2016,0.61,,
52354,2005,31.8015,,
52354,2011,12.68,,
52354,2012,4.81,,
52354,2015,4.18,,
52354,2016,5.71,,
52356,2005,18.3558,,
52356,2008,16.97,,
52356,2009,10.34,,
52356,2011,7.67,,
52356,2012,4.93,,
52356,2013,5.17,,
52356,2014,5.67,,
52356,2015,5.67,,
52356,2016,5.54,,
52378,2005,0.1943,,
52378,2008,0,,
52378,2009,0,,
52378,2010,0,,
52378,2011,100,,
52378,2012,0,,
52378,2013,0,,
52378,2014,2,,
52378,2015,1.97,,
52378,2016,1.95,,
52381,2005,18.4862,,
52381,2008,0.01,,
52381,2009,0.01,,
52381,2010,0.04,,
52381,2011,0,,
52381,2012,0,,
52381,2013,0,,
52381,2014,0,,
52381,2015,0,,
52381,2016,53.5,,
52385,2005,33.09,,
52385,2008,0,,
52385,2009,0,,
52385,2010,0,,
52385,2011,18.53,,
52385,2012,0,,
52385,2013,0,,
52385,2014,0,,
52385,2015,0.25,,
52385,2016,0,,
52390,2005,0,,
52390,2008,100,,
52390,2009,100,,
52390,2011,0,,
52390,2012,0,,
52390,2014,0,,
52390,2015,0,,
52390,2016,0,,
52399,2005,9.5351,,
52399,2008,0,,
52399,2009,0,,
52399,2010,0,,
52399,2011,4.2,,
52399,2012,0,,
52399,2013,0,,
52399,2014,0.13,,
52399,2015,2.09,,
52399,2016,0,,
52405,2005,12.5672,,
52405,2009,0,,
52405,2010,0,,
52405,2011,0,,
52405,2012,0,,
52405,2013,0,,
52405,2014,0,,
52405,2015,0,,
52405,2016,9.92,,
52411,2005,14.7017,,
52411,2008,0,,
52411,2009,0,,
52411,2010,0.13,,
52411,2011,0,,
52411,2012,0,,
52411,2013,0,,
52411,2014,0,,
52411,2015,0,,
52411,2016,7.33,,
52418,2005,9.1039,,
52418,2008,100,,
52418,2009,100,,
52418,2010,23.82,,
52418,2011,0,,
52418,2012,0,,
52418,2013,0,,
52418,2014,0,,
52418,2015,0,,
52418,2016,0,,
52427,2005,1.7099,,
52427,2008,0,,
52427,2009,0,,
52427,2011,0,,
52427,2013,0,,
52427,2014,0,,
52427,2015,0,,
52427,2016,0,,
52435,2005,3.843,,
52435,2008,100,,
52435,2009,100,,
52435,2010,100,,
52435,2011,79.09,,
52435,2012,12.1,,
52435,2013,12.03,,
52435,2014,11.87,,
52435,2015,11.76,,
52435,2016,9.58,,
52473,2005,0.071,,
52473,2008,0,,
52473,2013,0,,
52473,2014,0,,
52473,2015,0,,
52473,2016,0,,
52480,2005,65.2985,,
52480,2008,0,,
52480,2009,0,,
52480,2010,30.69,,
52480,2011,0.11,,
52480,2012,60.24,,
52480,2013,0,,
52480,2014,0,,
52480,2015,0,,
52480,2016,0,,
52490,2005,1.3217,,
52490,2009,0,,
52490,2011,0,,
52490,2012,0,,
52490,2014,0,,
52490,2015,0,,
52490,2016,0,,
52506,2005,4.3189,,
52506,2008,0,,
52506,2009,2.73,,
52506,2010,31.24,,
52506,2011,1.15,,
52506,2012,1.08,,
52506,2013,1.07,,
52506,2014,1.07,,
52506,2015,1.07,,
52506,2016,1.06,,
52520,2005,1.6055,,
52520,2008,0,,
52520,2011,0,,
52520,2012,0,,
52520,2013,0,,
52520,2014,0,,
52520,2015,0,,
52520,2016,0,,
52540,2005,32.7081,,
52540,2008,4.3,,
52540,2009,4.2,,
52540,2010,72.84,,
52540,2011,72.64,,
52540,2012,0,,
52540,2013,0,,
52540,2014,37.04,,
52540,2015,8.54,,
52540,2016,37.08,,
52560,2005,11.9426,,
52560,2008,0.35,,
52560,2009,0.23,,
52560,2010,0.23,,
52560,2011,0.11,,
52560,2012,0,,
52560,2013,0.01,,
52560,2014,0.41,,
52560,2015,0.41,,
52560,2016,0.74,,
52565,2005,4.8713,,
52565,2008,100,,
52565,2010,100,,
52565,2012,0,,
52565,2013,0,,
52565,2014,0,,
52565,2015,0,,
52565,2016,0,,
52573,2005,22.9562,,
52573,2008,0,,
52573,2009,0,,
52573,2010,0,,
52573,2011,0,,
52573,2012,0,,
52573,2013,0,,
52573,2014,0,,
52573,2015,0,,
52573,2016,0,,
52585,2005,13.5688,,
52585,2008,2.02,,
52585,2009,1.96,,
52585,2010,9.58,,
52585,2011,9.2,,
52585,2012,9.7,,
52585,2013,0,,
52585,2014,0,,
52585,2015,13,,
52585,2016,15.42,,
52612,2005,10.3435,,
52612,2008,0,,
52612,2009,0,,
52612,2012,0,,
52612,2014,0,,
52612,2015,0,,
52612,2016,2.77,,
52621,2005,4.1308,,
52621,2008,0,,
52621,2009,0,,
52621,2010,0,,
52621,2011,0,,
52621,2012,0,,
52621,2013,0,,
52621,2014,0,,
52621,2015,0,,
52621,2016,6.35,,
52678,2005,4.9178,,
52678,2008,0,,
52678,2011,0,,
52678,2012,0,,
52678,2013,0,,
52678,2014,2.55,,
52678,2015,2.54,,
52678,2016,0.67,,
52683,2005,25.9877,,
52683,2008,0,,
52683,2010,0,,
52683,2011,21.13,,
52683,2012,21.13,,
52683,2013,6.12,,
52683,2014,54.8,,
52683,2015,54.75,,
52683,2016,54.75,,
52685,2005,3.8514,,
52685,2008,0,,
52685,2009,0,,
52685,2010,0,,
52685,2011,0,,
52685,2012,0,,
52685,2014,0,,
52685,2015,0,,
52685,2016,16.63,,
52687,2005,13.1643,,
52687,2008,0,,
52687,2010,0,,
52687,2011,0,,
52687,2012,0.01,,
52687,2013,0,,
52687,2014,0,,
52687,2016,2.78,,
52693,2005,25.7228,,
52693,2008,0,,
52693,2009,0,,
52693,2010,0,,
52693,2011,0,,
52693,2012,0,,
52693,2013,6.3,,
52693,2014,6.02,,
52693,2015,6.16,,
52693,2016,6.16,,
52694,2005,2.8571,,
52694,2008,0,,
52694,2009,0,,
52694,2010,1.2,,
52694,2011,0.44,,
52694,2012,0,,
52694,2013,0.44,,
52694,2014,0,,
52694,2015,0,,
52694,2016,0,,
52696,2005,0.5531,,
52696,2008,0,,
52696,2009,0,,
52696,2011,0.14,,
52696,2012,0,,
52696,2013,0,,
52696,2014,0,,
52696,2015,0,,
52696,2016,11.55,,
52699,2005,9.5139,,
52699,2008,0,,
52699,2009,0,,
52699,2010,0,,
52699,2011,0,,
52699,2012,0,,
52699,2013,0,,
52699,2014,0,,
52699,2015,0,,
52699,2016,0,,
52720,2005,25.5598,,
52720,2008,2.23,,
52720,2009,0,,
52720,2010,2.25,,
52720,2011,2.27,,
52720,2012,12.6,,
52720,2013,24.21,,
52720,2014,41.14,,
52720,2015,41.23,,
52720,2016,49.31,,
52786,2005,29.1256,,
52786,2008,100,,
52786,2009,100,,
52786,2010,100,,
52786,2011,0,,
52786,2012,0,,
52786,2013,0,,
52786,2014,6.69,,
52786,2015,6.69,,
52786,2016,14.72,,
52788,2005,8.9852,,
52788,2008,0,,
52788,2009,0,,
52788,2010,0,,
52788,2011,0,,
52788,2012,0,,
52788,2013,0,,
52788,2014,0,,
52788,2015,0,,
52788,2016,0,,
52835,2005,1.8788,,
52835,2008,0,,
52835,2009,0,,
52835,2010,0,,
52835,2011,0,,
52835,2012,0,,
52835,2014,0,,
52835,2015,0,,
52835,2016,0,,
52838,2005,17.0904,,
52838,2008,95.98,,
52838,2009,96,,
52838,2010,94.79,,
52838,2011,95.01,,
52838,2012,3.75,,
52838,2013,9.81,,
52838,2014,10.42,,
52838,2015,10.4,,
52838,2016,6.92,,
52885,2005,8.7068,,
52885,2008,0,,
52885,2009,0,,
52885,2010,0,,
52885,2011,0,,
52885,2012,0,,
52885,2013,0,,
52885,2014,0.02,,
52885,2015,0.02,,
52885,2016,0.09,,
54001,2005,28.0761,,
54001,2008,0,,
54001,2009,0,,
54001,2010,0,,
54001,2011,0,,
54001,2012,0,,
54001,2013,0,,
54001,2014,0,,
54001,2015,0,,
54001,2016,2.04,,
54003,2005,1.7336,,
54003,2008,0.4,,
54003,2015,0,,
54003,2016,0,,
54051,2005,6.8634,,
54051,2012,19.01,,
54051,2013,4.1,,
54051,2014,0,,
54051,2015,4.09,,
54051,2016,4.06,,
54099,2005,52.017,,
54099,2008,18.26,,
54099,2009,19.08,,
54099,2010,16.93,,
54099,2011,26.75,,
54099,2012,24.61,,
54099,2013,24.42,,
54099,2014,14.39,,
54099,2015,14.37,,
54099,2016,29.27,,
54109,2005,7.0479,,
54109,2008,100,,
54109,2009,0,,
54109,2011,0,,
54109,2012,1.29,,
54109,2013,1.37,,
54109,2014,1.37,,
54109,2015,1.41,,
54109,2016,1.49,,
54125,2005,2.2883,,
54125,2008,0,,
54125,2009,0,,
54125,2010,18.3,,
54125,2011,0,,
54125,2012,0,,
54125,2013,0,,
54125,2014,0,,
54125,2015,0,,
54125,2016,0,,
54128,2005,22.3934,,
54128,2008,100,,
54128,2009,100,,
54128,2010,100,,
54128,2011,13.03,,
54128,2012,12.82,,
54128,2013,12.8,,
54128,2015,0,,
54128,2016,0,,
54172,2005,7.5145,,
54172,2008,0.06,,
54172,2009,0.04,,
54172,2010,0.07,,
54172,2011,0.04,,
54172,2012,1.68,,
54172,2013,0.69,,
54172,2014,2.32,,
54172,2015,2.96,,
54172,2016,3.15,,
54174,2005,9.6604,,
54174,2008,0,,
54174,2009,0,,
54174,2012,0,,
54174,2013,1.94,,
54174,2014,1.93,,
54174,2015,2.08,,
54174,2016,1.98,,
54206,2005,9.0217,,
54206,2008,0,,
54206,2009,0,,
54206,2010,0,,
54206,2011,0,,
54206,2012,0,,
54206,2014,0,,
54206,2015,0,,
54206,2016,4,,
54223,2005,3.3996,,
54223,2012,0,,
54223,2013,0,,
54223,2014,0,,
54223,2015,0,,
54223,2016,24.36,,
54239,2005,10.775,,
54239,2009,0,,
54239,2012,0,,
54239,2013,0,,
54239,2014,0,,
54239,2015,0,,
54239,2016,0,,
54245,2005,27.9925,,
54245,2008,23.26,,
54245,2009,23.15,,
54245,2010,4.79,,
54245,2011,12.23,,
54245,2012,15.84,,
54245,2013,15.8,,
54245,2014,15.79,,
54245,2015,15.79,,
54245,2016,15.58,,
54250,2005,8.2748,,
54250,2008,15.04,,
54250,2009,15.3,,
54250,2010,15.05,,
54250,2012,0,,
54250,2013,0,,
54250,2014,0,,
54250,2015,0,,
54250,2016,0,,
54261,2005,7.2811,,
54261,2008,0.29,,
54261,2009,2.25,,
54261,2010,2.28,,
54261,2011,2.12,,
54261,2012,2.12,,
54261,2013,2.11,,
54261,2014,2.1,,
54261,2015,2,,
54261,2016,0.24,,
54313,2005,7.5881,,
54313,2008,0,,
54313,2009,0,,
54313,2010,0,,
54313,2011,0,,
54313,2012,0,,
54313,2013,0,,
54313,2014,0,,
54313,2015,0,,
54313,2016,0,,
54344,2005,3.5568,,
54344,2008,0,,
54344,2009,0,,
54344,2010,0,,
54344,2011,0,,
54344,2012,0,,
54344,2013,0,,
54344,2014,0,,
54344,2015,0,,
54344,2016,0,,
54347,2005,0.1767,,
54347,2008,0,,
54347,2009,0,,
54347,2010,0,,
54347,2011,0.09,,
54347,2012,0,,
54347,2013,0,,
54347,2014,0,,
54347,2015,0,,
54347,2016,0,,
54377,2005,1.2573,,
54377,2008,0,,
54377,2009,0,,
54377,2010,0,,
54377,2012,0,,
54377,2013,0,,
54377,2014,0,,
54377,2015,0,,
54377,2016,0,,
54385,2005,31.8731,,
54385,2008,0,,
54385,2009,7.1,,
54385,2010,30.41,,
54385,2011,0,,
54385,2012,0,,
54385,2013,20.65,,
54385,2014,0,,
54385,2015,24.05,,
54385,2016,19.13,,
54398,2005,7.1429,,
54398,2008,0,,
54398,2009,0,,
54398,2010,0,,
54398,2011,0,,
54398,2012,0,,
54398,2013,0,,
54398,2014,0,,
54398,2015,0,,
54398,2016,1.48,,
54405,2005,22.9376,,
54405,2008,0,,
54405,2009,0,,
54405,2010,0,,
54405,2011,4.52,,
54405,2012,23.35,,
54405,2013,22.31,,
54405,2014,21.98,,
54405,2015,21.98,,
54405,2016,1.41,,
54418,2005,1.8648,,
54418,2008,0,,
54418,2010,0,,
54418,2011,0,,
54418,2012,8.3,,
54418,2013,8.3,,
54418,2014,8.3,,
54418,2015,8.3,,
54418,2016,19.82,,
54480,2005,10.101,,
54480,2008,0,,
54480,2009,0.81,,
54480,2010,53.76,,
54480,2011,53.62,,
54480,2012,0,,
54480,2013,0,,
54480,2014,0,,
54480,2015,0,,
54480,2016,0,,
54498,2005,13.1963,,
54498,2008,0,,
54498,2009,7.84,,
54498,2010,9.93,,
54498,2011,76.4,,
54498,2012,73.83,,
54498,2013,0.14,,
54498,2014,13.27,,
54498,2015,0,,
54498,2016,0,,
54518,2005,2.8,,
54518,2008,0.04,,
54518,2009,0.04,,
54518,2010,0,,
54518,2011,0,,
54518,2012,0,,
54518,2013,0,,
54518,2014,0,,
54518,2015,26.73,,
54518,2016,26.96,,
54520,2005,11.1111,,
54520,2008,0,,
54520,2009,0,,
54520,2010,0,,
54520,2012,0,,
54520,2013,0,,
54520,2014,0,,
54520,2015,0,,
54520,2016,0,,
54553,2005,0,,
54553,2008,0,,
54553,2012,0,,
54553,2013,0,,
54553,2014,0,,
54553,2015,0,,
54553,2016,0,,
54599,2005,0.1357,,
54599,2008,100,,
54599,2009,0,,
54599,2010,0,,
54599,2011,0,,
54599,2012,0,,
54599,2013,0,,
54599,2014,0,,
54599,2015,0,,
54599,2016,0,,
54660,2005,7.2115,,
54660,2008,0,,
54660,2009,7.07,,
54660,2010,7.07,,
54660,2011,0,,
54660,2012,0,,
54660,2013,6.95,,
54660,2014,7.92,,
54660,2015,6.93,,
54660,2016,6.84,,
54670,2005,2.3865,,
54670,2011,0,,
54670,2012,0,,
54670,2013,0,,
54670,2014,0,,
54670,2015,0,,
54670,2016,0,,
54673,2005,59.2068,,
54673,2008,80.09,,
54673,2009,16.18,,
54673,2010,15.59,,
54673,2011,15.04,,
54673,2012,15.04,,
54673,2013,14.92,,
54673,2014,14.38,,
54673,2015,13.35,,
54673,2016,35.56,,
54680,2005,26.8139,,
54680,2008,33.33,,
54680,2009,0,,
54680,2010,23.44,,
54680,2011,100,,
54680,2012,0,,
54680,2013,0,,
54680,2014,100,,
54680,2015,0,,
54680,2016,100,,
54720,2005,17.959,,
54720,2008,100,,
54720,2009,90.01,,
54720,2010,90.01,,
54720,2011,24.06,,
54720,2012,24.06,,
54720,2013,24.01,,
54720,2014,24.31,,
54720,2015,24.04,,
54720,2016,23.9,,
54743,2005,23.172,,
54743,2008,100,,
54743,2009,98.75,,
54743,2010,0,,
54743,2011,0,,
54743,2012,0,,
54743,2013,57.58,,
54743,2014,58.08,,
54743,2015,58.8,,
54743,2016,93.31,,
54800,2005,8.6454,,
54800,2008,0,,
54800,2009,0,,
54800,2010,0,,
54800,2011,0,,
54800,2012,0,,
54800,2013,0,,
54800,2014,0,,
54800,2015,0,,
54800,2016,0,,
54810,2005,25.9734,,
54810,2008,100,,
54810,2009,70.38,,
54810,2010,32.18,,
54810,2011,69.84,,
54810,2012,0,,
54810,2013,0,,
54810,2014,0,,
54810,2015,0,,
54810,2016,0,,
54820,2005,12.595,,
54820,2008,0,,
54820,2009,0,,
54820,2010,8.49,,
54820,2011,19.55,,
54820,2012,18.76,,
54820,2015,7.19,,
54820,2016,7.08,,
54871,2005,2.7565,,
54871,2008,100,,
54871,2009,0,,
54871,2010,0,,
54871,2011,0,,
54871,2012,0,,
54871,2013,0,,
54871,2014,0,,
54871,2015,0,,
54871,2016,0,,
54874,2005,10.3787,,
54874,2008,0,,
54874,2009,0,,
54874,2014,0.07,,
54874,2015,0,,
54874,2016,0,,
63001,2005,44.1502,,
63001,2008,100,,
63001,2009,100,,
63001,2010,100,,
63001,2011,100,,
63001,2012,4.19,,
63001,2013,5.47,,
63001,2014,6.56,,
63001,2015,84.18,,
63001,2016,11.26,,
63111,2005,32.4251,,
63111,2008,0,,
63111,2009,0.24,,
63111,2010,0.23,,
63111,2011,0,,
63111,2012,0,,
63111,2013,0.22,,
63111,2014,0.22,,
63111,2015,0,,
63111,2016,0,,
63130,2005,77.2033,,
63130,2008,97.35,,
63130,2009,56.53,,
63130,2010,56.52,,
63130,2011,56.5,,
63130,2012,55.31,,
63130,2013,55.31,,
63130,2014,87.56,,
63130,2015,84.74,,
63130,2016,47.09,,
63190,2005,18.2848,,
63190,2008,2.51,,
63190,2009,2.49,,
63190,2010,2.48,,
63190,2011,2.86,,
63190,2012,3.14,,
63190,2013,3.16,,
63190,2014,3.56,,
63190,2015,3.57,,
63212,2005,6.25,,
63212,2008,0,,
63212,2009,0,,
63212,2010,0,,
63212,2011,0,,
63212,2012,0,,
63212,2013,0,,
63212,2014,0,,
63212,2015,0,,
63212,2016,1.03,,
63272,2005,30.9224,,
63272,2008,6.49,,
63272,2009,6.34,,
63272,2010,6.99,,
63272,2011,6.75,,
63272,2012,6.35,,
63272,2013,6.24,,
63272,2014,6.23,,
63272,2015,7.23,,
63272,2016,6.29,,
63302,2005,74.6398,,
63302,2008,0,,
63302,2009,21.95,,
63302,2010,21.95,,
63302,2011,38.08,,
63302,2012,36,,
63302,2013,35.91,,
63302,2014,25.31,,
63302,2015,25.52,,
63302,2016,25.74,,
63401,2005,16.2983,,
63401,2009,90.83,,
63401,2010,100,,
63401,2011,100,,
63401,2012,22.43,,
63401,2013,22.09,,
63401,2014,21.28,,
63401,2015,21.36,,
63401,2016,0,,
63470,2005,69.9035,,
63470,2008,13.13,,
63470,2009,11.57,,
63470,2010,22.93,,
63470,2011,22.91,,
63470,2012,21.54,,
63470,2013,22.07,,
63470,2014,22.15,,
63470,2015,22.34,,
63470,2016,23.31,,
63548,2005,14.8562,,
63548,2008,2.9,,
63548,2009,2.9,,
63548,2010,3.04,,
63548,2011,3.04,,
63548,2012,3.04,,
63548,2013,100,,
63548,2014,100,,
63548,2015,100,,
63548,2016,100,,
63594,2005,60.8807,,
63594,2008,4.89,,
63594,2009,3.28,,
63594,2010,1.63,,
63594,2011,1.81,,
63594,2012,1.8,,
63594,2013,76.42,,
63594,2014,1.83,,
63594,2015,1.83,,
63594,2016,2.08,,
63690,2005,59.689,,
63690,2008,0,,
63690,2009,0,,
63690,2010,2.22,,
63690,2011,2.23,,
63690,2012,6.28,,
63690,2013,6.24,,
63690,2014,6.3,,
63690,2015,6.31,,
63690,2016,6.7,,
66001,2005,74.3642,,
66001,2008,0.2,,
66001,2009,0.2,,
66001,2010,1.08,,
66001,2011,10.51,,
66001,2012,10.51,,
66001,2013,10.51,,
66001,2014,19.22,,
66001,2015,16.07,,
66001,2016,13.86,,
66045,2005,56.5848,,
66045,2008,0,,
66045,2009,0,,
66045,2010,0,,
66045,2011,0,,
66045,2012,0,,
66045,2013,0,,
66045,2014,0,,
66045,2015,0,,
66045,2016,34.54,,
66075,2005,54.5024,,
66075,2008,2.9,,
66075,2009,2.9,,
66075,2010,1.04,,
66075,2011,1.12,,
66075,2012,0.89,,
66075,2013,0.89,,
66075,2014,1.13,,
66075,2015,0.96,,
66075,2016,1.29,,
66088,2005,62.8563,,
66088,2008,0,,
66088,2009,0.46,,
66088,2010,53.12,,
66088,2011,53.06,,
66088,2012,100,,
66088,2013,100,,
66088,2014,0.47,,
66088,2015,0.47,,
66088,2016,0.48,,
66170,2005,51.8841,,
66170,2008,19.53,,
66170,2009,19.49,,
66170,2010,19.69,,
66170,2011,12.33,,
66170,2012,12.52,,
66170,2013,16.94,,
66170,2014,14.54,,
66170,2015,9.31,,
66170,2016,3.43,,
66318,2005,63.1075,,
66318,2008,0,,
66318,2009,0,,
66318,2010,0,,
66318,2011,0,,
66318,2012,0,,
66318,2013,23.41,,
66318,2014,23.53,,
66318,2015,23.41,,
66318,2016,0,,
66383,2005,37.8947,,
66383,2008,0,,
66383,2009,0,,
66383,2010,0,,
66383,2011,0,,
66383,2012,8.91,,
66383,2013,0.37,,
66383,2014,0.38,,
66383,2015,0.38,,
66383,2016,0.37,,
66400,2005,0,,
66400,2008,6.52,,
66400,2009,1.62,,
66400,2010,1.62,,
66400,2011,1.95,,
66400,2012,1.95,,
66400,2013,2.34,,
66400,2014,2.34,,
66400,2015,1.94,,
66400,2016,2.03,,
66440,2005,33.6401,,
66440,2008,0,,
66440,2009,0,,
66440,2010,0,,
66440,2011,0,,
66440,2012,2.36,,
66440,2013,2.35,,
66440,2014,2.35,,
66440,2015,2.35,,
66440,2016,4.31,,
66456,2005,41.6918,,
66456,2008,8.07,,
66456,2009,4.95,,
66456,2010,2.59,,
66456,2011,2.56,,
66456,2012,4.63,,
66456,2013,36.24,,
66456,2014,49.81,,
66456,2015,48.94,,
66456,2016,13.13,,
66572,2005,26.8384,,
66572,2008,0.3,,
66572,2009,0.3,,
66572,2010,0.31,,
66572,2011,0.18,,
66572,2012,0.17,,
66572,2013,0.17,,
66572,2014,0.17,,
66572,2015,0.17,,
66572,2016,0.07,,
66594,2005,35.2438,,
66594,2008,0,,
66594,2009,0,,
66594,2010,47.45,,
66594,2011,42.37,,
66594,2012,1.02,,
66594,2013,1.04,,
66594,2014,1.16,,
66594,2015,1.21,,
66594,2016,0.22,,
66682,2005,41.8706,,
66682,2008,10.97,,
66682,2009,10.97,,
66682,2010,10.97,,
66682,2011,10.97,,
66682,2012,0.17,,
66682,2013,1.11,,
66682,2014,1.79,,
66682,2015,1.88,,
66682,2016,1.52,,
66687,2005,85.3098,,
66687,2008,0,,
66687,2009,0,,
66687,2010,0,,
66687,2011,0,,
66687,2012,0,,
66687,2013,0,,
66687,2014,0,,
66687,2015,0,,
66687,2016,12.16,,
68001,2005,8.2855,,
68001,2008,1.67,,
68001,2009,86.13,,
68001,2010,86.13,,
68001,2011,1.51,,
68001,2012,9.51,,
68001,2013,1.52,,
68001,2014,1.51,,
68001,2015,2,,
68001,2016,2.17,,
68013,2005,1.8735,,
68013,2008,0,,
68013,2009,0,,
68013,2010,0,,
68013,2012,0,,
68013,2013,0,,
68013,2014,4.72,,
68013,2015,4.72,,
68013,2016,0,,
68020,2005,2,,
68020,2008,0,,
68020,2009,0,,
68020,2010,0,,
68020,2011,0,,
68020,2012,0,,
68020,2013,0,,
68020,2014,0,,
68020,2015,0,,
68020,2016,0,,
68051,2005,5.1136,,
68051,2008,11.47,,
68051,2009,1.85,,
68051,2010,1.85,,
68051,2011,1.81,,
68051,2012,1.79,,
68051,2013,1.78,,
68051,2014,1.69,,
68051,2015,18.53,,
68051,2016,11.67,,
68077,2005,23.137,,
68077,2008,18.12,,
68077,2009,43.85,,
68077,2010,43.85,,
68077,2011,43.85,,
68077,2012,11.9,,
68077,2013,11.19,,
68077,2014,11.11,,
68077,2015,11.26,,
68077,2016,10.72,,
68079,2005,8.9908,,
68079,2010,0,,
68079,2011,0,,
68079,2012,0,,
68079,2013,0,,
68079,2014,0,,
68079,2015,0,,
68079,2016,7.63,,
68081,2005,12.5056,,
68081,2008,0,,
68081,2009,51.55,,
68081,2010,51.55,,
68081,2011,51.55,,
68081,2012,48.46,,
68081,2013,50.4,,
68081,2014,50.5,,
68081,2015,50.95,,
68081,2016,0,,
68092,2005,7.6503,,
68092,2008,0,,
68092,2009,0,,
68092,2010,0,,
68092,2011,0,,
68092,2012,0,,
68092,2014,24.48,,
68092,2015,26.26,,
68092,2016,26.33,,
68101,2005,3.0007,,
68101,2008,0,,
68101,2009,5.26,,
68101,2010,5.16,,
68101,2011,4.9,,
68101,2012,4.9,,
68101,2013,4.89,,
68101,2014,5.58,,
68101,2015,5.58,,
68101,2016,0,,
68121,2005,0.554,,
68121,2008,1.61,,
68121,2009,3.56,,
68121,2010,56,,
68121,2011,3.43,,
68121,2012,2.67,,
68121,2013,2.82,,
68121,2014,2.74,,
68121,2015,0.35,,
68121,2016,0.46,,
68132,2005,18.2692,,
68132,2008,55.56,,
68132,2009,0.79,,
68132,2010,1.31,,
68132,2011,1.04,,
68132,2012,1.04,,
68132,2013,6.7,,
68132,2014,5.81,,
68132,2015,5.81,,
68132,2016,0,,
68147,2005,0.4267,,
68147,2008,0,,
68147,2009,0,,
68147,2010,0,,
68147,2011,0,,
68147,2012,0,,
68147,2013,0,,
68147,2014,0.08,,
68147,2015,16.7,,
68147,2016,14.81,,
68152,2005,1.8234,,
68152,2008,0,,
68152,2009,0,,
68152,2010,0,,
68152,2011,0,,
68152,2012,1.65,,
68152,2013,1.66,,
68152,2014,0,,
68152,2015,1.65,,
68152,2016,0,,
68160,2005,1.4124,,
68160,2008,4.19,,
68160,2009,5.78,,
68160,2010,0,,
68160,2011,0,,
68160,2012,0,,
68160,2013,0,,
68160,2014,0,,
68160,2015,0,,
68160,2016,0,,
68162,2005,4.0556,,
68162,2008,2.12,,
68162,2009,2.12,,
68162,2010,0,,
68162,2011,0,,
68162,2012,0.6,,
68162,2013,0,,
68162,2014,20.21,,
68162,2016,4.95,,
68167,2005,5.6126,,
68167,2008,0,,
68167,2009,1.71,,
68167,2010,1.82,,
68167,2011,1.82,,
68167,2012,1.82,,
68167,2013,1.82,,
68167,2014,1.82,,
68167,2016,0,,
68169,2005,13.4052,,
68169,2008,0,,
68169,2009,0,,
68169,2010,0,,
68169,2011,0,,
68169,2012,0.44,,
68169,2013,0,,
68169,2014,0,,
68169,2015,0,,
68169,2016,0,,
68176,2005,2.4735,,
68176,2008,0,,
68176,2009,0,,
68176,2010,0,,
68176,2011,0,,
68176,2012,0,,
68176,2013,0.08,,
68176,2014,0,,
68176,2015,0.08,,
68176,2016,0.14,,
68179,2005,1.0897,,
68179,2011,2.57,,
68179,2012,2.57,,
68179,2013,2.88,,
68179,2014,2.88,,
68179,2015,2.88,,
68179,2016,2.53,,
68190,2005,28.6059,,
68190,2008,37.42,,
68190,2009,45.44,,
68190,2010,38.12,,
68190,2011,37.97,,
68190,2012,46.35,,
68190,2013,46.09,,
68190,2014,46.09,,
68190,2015,45.76,,
68190,2016,33.97,,
68207,2005,1.3301,,
68207,2008,0,,
68207,2010,0.34,,
68207,2011,0.38,,
68207,2012,0,,
68207,2013,0.36,,
68207,2015,0,,
68207,2016,0.29,,
68209,2005,1.7331,,
68209,2008,0,,
68209,2009,0,,
68209,2010,0,,
68209,2011,0,,
68209,2012,0,,
68209,2013,0,,
68209,2014,0,,
68209,2015,0,,
68209,2016,0,,
68211,2005,4.1812,,
68211,2008,0,,
68211,2009,0,,
68211,2010,0,,
68211,2011,0,,
68211,2012,0,,
68211,2013,0,,
68211,2014,1.74,,
68211,2015,1.74,,
68211,2016,6.86,,
68217,2005,7.0139,,
68217,2008,5.48,,
68217,2009,0,,
68217,2010,0,,
68217,2011,2.71,,
68217,2012,0,,
68217,2013,0,,
68217,2014,0,,
68217,2015,0,,
68217,2016,0,,
68229,2005,2.4929,,
68229,2008,0.25,,
68229,2009,0.1,,
68229,2011,0.72,,
68229,2012,0.12,,
68229,2013,4.42,,
68229,2014,4.43,,
68229,2015,4.61,,
68229,2016,6.31,,
68235,2005,6.3416,,
68235,2008,0,,
68235,2009,0,,
68235,2010,0,,
68235,2011,0,,
68235,2012,5.74,,
68235,2013,0,,
68235,2014,0,,
68235,2015,0,,
68235,2016,0,,
68245,2005,12.5541,,
68245,2008,100,,
68245,2009,0,,
68245,2010,0,,
68245,2011,0,,
68245,2012,0,,
68245,2013,0,,
68245,2014,0.42,,
68245,2015,0,,
68245,2016,0.42,,
68250,2005,5.4328,,
68250,2012,3.45,,
68250,2013,3.45,,
68250,2014,3.45,,
68250,2015,3.45,,
68250,2016,1.61,,
68255,2005,15.8235,,
68255,2009,0.26,,
68255,2012,0,,
68255,2013,0,,
68255,2014,0,,
68255,2015,0,,
68255,2016,0,,
68264,2005,3.1136,,
68264,2008,0.17,,
68264,2009,5.55,,
68264,2010,0,,
68264,2011,0,,
68264,2012,0,,
68264,2013,0,,
68264,2014,0,,
68264,2015,0,,
68264,2016,1.11,,
68266,2005,13.8101,,
68266,2008,0,,
68266,2009,0,,
68266,2010,0,,
68266,2011,0,,
68266,2012,0,,
68266,2013,0,,
68266,2014,0,,
68266,2015,0,,
68266,2016,0,,
68271,2005,2.0654,,
68271,2008,2.28,,
68271,2009,1.95,,
68271,2010,2.6,,
68271,2011,2.18,,
68271,2012,2.19,,
68271,2013,2.17,,
68271,2014,1.91,,
68271,2015,2.65,,
68271,2016,2.65,,
68276,2005,26.625,,
68276,2008,6.69,,
68276,2009,7.15,,
68276,2010,0.76,,
68276,2011,8.32,,
68276,2012,8.38,,
68276,2013,7.46,,
68276,2014,12.08,,
68276,2015,7.93,,
68276,2016,7.7,,
68296,2005,1.5444,,
68296,2008,1.91,,
68296,2009,0,,
68296,2010,0,,
68296,2011,0.15,,
68296,2012,16.85,,
68296,2013,0.15,,
68296,2014,0.22,,
68296,2015,0.15,,
68296,2016,0.32,,
68298,2005,5.7175,,
68298,2008,100,,
68298,2009,100,,
68298,2010,3.28,,
68298,2011,0,,
68298,2012,0,,
68298,2013,0,,
68298,2014,100,,
68298,2015,100,,
68298,2016,12.37,,
68307,2005,11.3573,,
68307,2008,1.45,,
68307,2009,1.4,,
68307,2010,1.27,,
68307,2011,2.65,,
68307,2012,0,,
68307,2013,0,,
68307,2014,0,,
68307,2016,0.54,,
68318,2005,1.2755,,
68318,2008,0,,
68318,2009,0,,
68318,2010,0,,
68318,2011,0,,
68318,2012,0,,
68318,2013,0,,
68318,2014,0,,
68318,2015,0.49,,
68318,2016,0,,
68320,2005,1.0194,,
68320,2008,0,,
68320,2009,0,,
68320,2010,0,,
68320,2011,0,,
68320,2012,0,,
68320,2013,0,,
68320,2014,0.17,,
68320,2015,0.17,,
68320,2016,2.1,,
68322,2005,1.5119,,
68322,2008,47.76,,
68322,2009,100,,
68322,2010,100,,
68322,2011,100,,
68322,2012,0,,
68322,2013,0,,
68322,2014,0,,
68322,2015,0,,
68322,2016,0,,
68324,2005,1.6362,,
68324,2008,0,,
68324,2009,0,,
68324,2010,0,,
68324,2012,0,,
68324,2013,0,,
68324,2014,0,,
68324,2016,0,,
68327,2005,21.9344,,
68327,2008,47.49,,
68327,2009,47.49,,
68327,2010,0,,
68327,2011,7.01,,
68327,2012,7.01,,
68327,2013,7.01,,
68327,2014,7.01,,
68327,2015,2.28,,
68327,2016,15.25,,
68344,2005,0,,
68344,2008,16.4,,
68344,2009,15.19,,
68344,2010,0.31,,
68344,2011,0,,
68344,2012,0,,
68344,2013,0,,
68344,2014,0,,
68344,2015,0,,
68344,2016,0.41,,
68368,2005,2.3622,,
68368,2008,0,,
68368,2009,0,,
68368,2010,0,,
68368,2011,0,,
68368,2012,0,,
68368,2013,0,,
68368,2014,0,,
68368,2015,0,,
68368,2016,0,,
68370,2005,0.939,,
68370,2010,0,,
68370,2011,0,,
68370,2012,0,,
68370,2013,0,,
68370,2014,0,,
68370,2015,0,,
68370,2016,0,,
68377,2005,4.4409,,
68377,2008,0,,
68377,2009,0,,
68377,2010,0,,
68377,2011,0,,
68377,2012,0,,
68377,2013,0,,
68377,2014,0,,
68377,2015,0,,
68377,2016,0,,
68385,2005,13.1204,,
68385,2008,23.05,,
68385,2009,23.11,,
68385,2010,0,,
68385,2011,0,,
68385,2012,0,,
68385,2013,0,,
68385,2014,0,,
68385,2015,0,,
68397,2005,2.9022,,
68397,2008,0,,
68397,2009,0,,
68397,2010,0,,
68397,2011,0,,
68397,2012,2.02,,
68397,2014,2.01,,
68397,2015,2,,
68397,2016,18.16,,
68406,2005,12.7633,,
68406,2008,100,,
68406,2009,100,,
68406,2010,0,,
68406,2011,0,,
68406,2012,0,,
68406,2013,0,,
68406,2014,0.35,,
68406,2015,0.35,,
68406,2016,0,,
68418,2005,4.9575,,
68418,2008,0,,
68418,2009,0,,
68418,2010,0,,
68418,2011,0,,
68418,2012,0,,
68418,2013,0,,
68418,2014,0,,
68418,2015,0,,
68418,2016,0,,
68425,2005,3.0928,,
68425,2008,0,,
68425,2009,0,,
68425,2010,0,,
68425,2011,0,,
68425,2012,0,,
68425,2013,0,,
68425,2014,0,,
68425,2015,0,,
68425,2016,25.08,,
68432,2005,5.4983,,
68432,2008,0,,
68432,2009,0,,
68432,2010,100,,
68432,2011,0,,
68432,2012,0,,
68432,2013,0,,
68432,2014,0,,
68432,2015,0,,
68432,2016,0,,
68444,2005,13.9276,,
68444,2008,8.95,,
68444,2009,8.95,,
68444,2010,8.95,,
68444,2011,0,,
68444,2012,0,,
68444,2013,0,,
68444,2014,0,,
68444,2015,0,,
68444,2016,0,,
68464,2005,1.1969,,
68464,2008,0,,
68464,2009,0.06,,
68464,2010,0.06,,
68464,2012,0,,
68464,2013,0,,
68464,2015,0,,
68464,2016,0,,
68468,2005,0.6034,,
68468,2008,0,,
68468,2010,0,,
68468,2011,0,,
68468,2012,0,,
68468,2013,0,,
68468,2014,0,,
68468,2015,0,,
68468,2016,0,,
68498,2005,0.541,,
68498,2008,0.1,,
68498,2009,0.1,,
68498,2010,0.1,,
68498,2011,0,,
68498,2012,0,,
68498,2013,0,,
68498,2014,0,,
68498,2015,0,,
68498,2016,0,,
68500,2005,4.0418,,
68500,2008,0,,
68500,2009,0,,
68500,2010,0,,
68500,2011,0,,
68500,2012,14.65,,
68500,2013,22.98,,
68500,2014,0,,
68500,2015,0.04,,
68500,2016,0,,
68502,2005,0.8203,,
68502,2008,0,,
68502,2009,0,,
68502,2010,0.17,,
68502,2011,0,,
68502,2012,0,,
68502,2013,4.85,,
68502,2014,2.27,,
68502,2015,0.03,,
68502,2016,0,,
68522,2005,7.7982,,
68522,2008,3.67,,
68522,2009,2.29,,
68522,2010,0.15,,
68522,2011,0.15,,
68522,2012,0.15,,
68522,2013,0.15,,
68522,2014,0.15,,
68522,2015,0.16,,
68522,2016,0,,
68524,2005,1.3245,,
68524,2008,100,,
68524,2009,0.27,,
68524,2010,35.89,,
68524,2011,0,,
68524,2012,0,,
68524,2013,0,,
68524,2014,0,,
68524,2015,0,,
68524,2016,0,,
68533,2005,6.2712,,
68533,2008,0.7,,
68533,2009,0.69,,
68533,2010,0.52,,
68533,2011,0.69,,
68533,2012,0.68,,
68533,2013,0.84,,
68533,2014,0.84,,
68533,2015,0.84,,
68533,2016,0.66,,
68547,2005,7.2027,,
68547,2008,5.22,,
68547,2009,5.25,,
68547,2010,4.76,,
68547,2011,45.38,,
68547,2012,33.88,,
68547,2013,26.98,,
68547,2014,25.61,,
68547,2015,25.61,,
68547,2016,9.03,,
68549,2005,12.8571,,
68549,2008,1.94,,
68549,2009,1.94,,
68549,2010,1.94,,
68549,2011,1.94,,
68549,2012,0,,
68549,2013,2.74,,
68549,2014,2.75,,
68549,2015,2.75,,
68549,2016,2,,
68572,2005,2.0744,,
68572,2008,0,,
68572,2009,0,,
68572,2010,0,,
68572,2011,0,,
68572,2012,0,,
68572,2013,0,,
68572,2014,0.04,,
68572,2015,0,,
68572,2016,30.43,,
68573,2005,54.9346,,
68573,2008,32.06,,
68573,2009,32.06,,
68573,2010,34.69,,
68573,2011,34.69,,
68573,2012,34.69,,
68573,2013,34.69,,
68573,2014,34.15,,
68573,2015,33.92,,
68573,2016,33.99,,
68575,2005,36.0853,,
68575,2008,0,,
68575,2009,0,,
68575,2010,0,,
68575,2011,0,,
68575,2012,0,,
68575,2013,0,,
68575,2015,0,,
68575,2016,0,,
68615,2005,25.3897,,
68615,2008,0.17,,
68615,2009,0,,
68615,2010,0,,
68615,2011,0,,
68615,2012,0,,
68615,2013,0,,
68615,2014,0,,
68615,2015,0,,
68615,2016,0,,
68655,2005,12.8609,,
68655,2008,0,,
68655,2009,0,,
68655,2010,0,,
68655,2011,0,,
68655,2012,0,,
68655,2013,0,,
68655,2014,0,,
68655,2015,6.7,,
68655,2016,6.66,,
68669,2005,7.6615,,
68669,2008,0,,
68669,2009,0,,
68669,2010,1.51,,
68669,2011,1.51,,
68669,2012,0,,
68669,2013,0,,
68669,2014,0,,
68669,2015,0,,
68669,2016,1.85,,
68673,2005,2.5678,,
68673,2010,0,,
68673,2011,5.68,,
68673,2012,5.68,,
68673,2014,0,,
68673,2015,0,,
68673,2016,0,,
68679,2005,2.665,,
68679,2008,0.38,,
68679,2009,0.36,,
68679,2010,0.36,,
68679,2011,61.28,,
68679,2012,61,,
68679,2013,57.02,,
68679,2014,1.63,,
68679,2015,1.4,,
68679,2016,1.24,,
68682,2005,2,,
68682,2008,0,,
68682,2009,0,,
68682,2010,0,,
68682,2011,0,,
68682,2012,0,,
68682,2014,0,,
68682,2015,0,,
68682,2016,0,,
68684,2005,0.9195,,
68684,2008,0,,
68684,2010,0,,
68684,2011,0,,
68684,2012,0,,
68684,2013,0,,
68684,2014,0,,
68684,2015,0,,
68684,2016,5.88,,
68686,2005,0.9124,,
68686,2008,0,,
68686,2009,0,,
68686,2010,0,,
68686,2011,0,,
68686,2012,0,,
68686,2013,0,,
68686,2014,0,,
68686,2015,0,,
68686,2016,0,,
68689,2005,14.5651,,
68689,2008,0,,
68689,2009,0,,
68689,2010,0,,
68689,2011,0.84,,
68689,2012,0.81,,
68689,2013,0.79,,
68689,2014,1.29,,
68689,2015,15.28,,
68689,2016,5,,
68705,2005,9.8947,,
68705,2008,0.29,,
68705,2009,0.29,,
68705,2010,0.29,,
68705,2011,0.58,,
68705,2012,0.43,,
68705,2013,0.43,,
68705,2014,0,,
68705,2015,0,,
68705,2016,0,,
68720,2005,18.9858,,
68720,2008,0,,
68720,2009,0,,
68720,2010,10.59,,
68720,2011,0,,
68720,2012,0,,
68720,2013,2.12,,
68720,2014,26.2,,
68720,2015,0,,
68720,2016,15.23,,
68745,2005,0.9109,,
68745,2008,48.53,,
68745,2010,0,,
68745,2011,0,,
68745,2012,0,,
68745,2013,0,,
68745,2014,0,,
68745,2015,0,,
68745,2016,0,,
68755,2005,6.5649,,
68755,2008,0,,
68755,2009,0,,
68755,2010,0,,
68755,2011,0,,
68755,2012,0,,
68755,2013,0,,
68755,2014,0,,
68755,2015,0,,
68755,2016,0.11,,
68770,2005,20.6176,,
68770,2008,16.15,,
68770,2009,16.15,,
68770,2010,24.08,,
68770,2013,7.28,,
68770,2014,8.64,,
68770,2015,8.68,,
68770,2016,6.81,,
68773,2005,16.746,,
68773,2008,42.95,,
68773,2009,0,,
68773,2010,23.51,,
68773,2011,23.51,,
68773,2012,23.51,,
68773,2013,0,,
68773,2014,0,,
68773,2015,0,,
68773,2016,7.76,,
68780,2005,15.0579,,
68780,2008,0.33,,
68780,2009,0,,
68780,2010,0,,
68780,2011,93.97,,
68780,2012,91.67,,
68780,2013,0,,
68780,2014,0,,
68780,2015,0,,
68780,2016,0,,
68820,2005,7.0361,,
68820,2008,100,,
68820,2009,7.77,,
68820,2010,7.75,,
68820,2011,0,,
68820,2013,7.76,,
68820,2014,4.11,,
68820,2015,4.03,,
68820,2016,6.76,,
68855,2005,4.6798,,
68855,2008,0,,
68855,2009,0,,
68855,2010,0.06,,
68855,2011,0.06,,
68855,2012,0.06,,
68855,2013,0.06,,
68855,2014,0.06,,
68855,2015,0.06,,
68855,2016,0.1,,
68861,2005,4.284,,
68861,2008,0,,
68861,2009,3.26,,
68861,2010,6.53,,
68861,2011,0.1,,
68861,2012,0.1,,
68861,2013,0.1,,
68861,2014,0.11,,
68861,2015,0.91,,
68861,2016,2.79,,
68867,2005,47.6038,,
68867,2008,0,,
68867,2009,0,,
68867,2010,0,,
68867,2011,2.47,,
68867,2012,2.47,,
68867,2015,0,,
68867,2016,0,,
68872,2005,1.0624,,
68872,2008,0,,
68872,2009,0,,
68872,2010,0,,
68872,2011,0,,
68872,2012,0,,
68872,2013,0,,
68872,2014,0,,
68872,2015,0,,
68872,2016,0,,
68895,2005,20.0688,,
68895,2008,18.6,,
68895,2009,32.14,,
68895,2010,18.56,,
68895,2011,18.55,,
68895,2012,18.18,,
68895,2013,18.03,,
68895,2014,18.02,,
68895,2015,17.23,,
68895,2016,0.53,,
70001,2005,18.0383,,
70001,2008,0,,
70001,2009,10.5,,
70001,2010,10.62,,
70001,2011,9.89,,
70001,2012,9.87,,
70001,2013,11.37,,
70001,2014,11.41,,
70001,2016,11.49,,
70110,2005,0.8174,,
70110,2008,0,,
70110,2009,2.16,,
70110,2010,2.19,,
70110,2011,0,,
70110,2012,0,,
70110,2013,0,,
70110,2014,0,,
70110,2015,0,,
70110,2016,14.26,,
70124,2005,0.4187,,
70124,2008,0,,
70124,2009,0,,
70124,2010,2.69,,
70124,2011,0,,
70124,2012,0,,
70124,2013,0,,
70124,2014,0,,
70124,2015,0,,
70124,2016,2.22,,
70204,2005,3.0303,,
70204,2008,0,,
70204,2009,0,,
70204,2010,0,,
70204,2011,0,,
70204,2012,0.11,,
70204,2013,0.11,,
70204,2014,0.1,,
70204,2015,0.1,,
70204,2016,0,,
70215,2005,11.3564,,
70215,2008,0,,
70215,2009,0,,
70215,2010,0,,
70215,2011,0,,
70215,2012,0,,
70215,2013,0,,
70215,2014,0,,
70215,2015,0,,
70215,2016,0,,
70221,2005,0.7421,,
70221,2008,0,,
70221,2009,0.08,,
70221,2010,38.24,,
70221,2011,37.8,,
70221,2012,24.76,,
70221,2013,16.61,,
70221,2014,17.48,,
70221,2015,17.48,,
70221,2016,19.38,,
70230,2005,14.1379,,
70230,2008,65.96,,
70230,2009,53.45,,
70230,2011,0.39,,
70230,2012,0,,
70230,2013,0,,
70230,2014,0,,
70230,2015,0,,
70230,2016,85.92,,
70233,2005,6.3734,,
70233,2008,0,,
70233,2009,0,,
70233,2010,0,,
70233,2011,0,,
70233,2012,0,,
70233,2013,0,,
70233,2014,0,,
70233,2015,0,,
70233,2016,20.11,,
70235,2005,0.3309,,
70235,2008,0,,
70235,2009,0,,
70235,2010,0,,
70235,2011,0,,
70235,2012,0,,
70235,2013,0,,
70235,2014,0,,
70235,2015,0,,
70235,2016,0,,
70265,2005,0.282,,
70265,2008,0,,
70265,2009,0,,
70265,2010,0,,
70265,2011,0,,
70265,2012,0,,
70265,2013,0,,
70265,2014,0,,
70265,2015,0,,
70265,2016,0,,
70400,2005,0,,
70400,2008,0,,
70400,2009,0,,
70400,2011,0,,
70400,2012,0,,
70400,2013,0,,
70400,2014,0.17,,
70400,2015,0.17,,
70400,2016,0.23,,
70418,2005,0.4044,,
70418,2008,0,,
70418,2009,0,,
70418,2010,0.49,,
70418,2011,0,,
70418,2012,0,,
70418,2013,0,,
70418,2014,0,,
70418,2015,0,,
70418,2016,0,,
70429,2005,0.4732,,
70429,2008,0,,
70429,2009,1.37,,
70429,2010,1.33,,
70429,2011,0,,
70429,2012,7.53,,
70429,2013,0,,
70429,2014,0,,
70429,2015,0,,
70429,2016,0,,
70473,2005,27.2416,,
70473,2008,1.33,,
70473,2011,0,,
70473,2012,6.94,,
70473,2013,7.05,,
70473,2014,7.05,,
70473,2015,7.25,,
70473,2016,14.22,,
70508,2005,2.9736,,
70508,2008,53.86,,
70508,2009,47.22,,
70508,2010,16.77,,
70508,2011,10.07,,
70508,2012,0,,
70508,2013,0,,
70508,2014,0,,
70508,2015,0,,
70523,2005,7.0652,,
70523,2008,48.3,,
70523,2009,30.35,,
70523,2010,0,,
70523,2011,0,,
70523,2012,0,,
70523,2013,0,,
70523,2014,0,,
70523,2015,0,,
70523,2016,0,,
70670,2005,9.1659,,
70670,2008,0,,
70670,2009,0,,
70670,2010,0,,
70670,2011,0,,
70670,2012,0,,
70670,2013,0,,
70670,2014,0,,
70670,2015,16.83,,
70670,2016,15.79,,
70678,2005,0.844,,
70678,2008,0,,
70678,2009,0,,
70678,2010,0,,
70678,2011,0,,
70678,2012,0,,
70678,2013,0,,
70678,2014,0,,
70678,2015,0,,
70678,2016,0,,
70702,2005,1.1372,,
70702,2008,0,,
70702,2009,0,,
70702,2010,0,,
70702,2011,0,,
70702,2012,0,,
70702,2013,0,,
70702,2014,0,,
70702,2015,0,,
70702,2016,76.06,,
70708,2005,4.2621,,
70708,2010,0,,
70708,2012,2.4,,
70708,2013,2.23,,
70708,2014,0,,
70708,2015,0,,
70708,2016,0,,
70713,2005,0.4307,,
70713,2008,0,,
70713,2009,0,,
70713,2012,0,,
70713,2015,6.06,,
70713,2016,0,,
70717,2005,3.1869,,
70717,2010,25.83,,
70717,2011,25.82,,
70717,2012,0,,
70717,2013,0,,
70717,2014,0,,
70717,2015,0,,
70717,2016,0,,
70742,2005,28.272,,
70742,2008,66.5,,
70742,2009,24.1,,
70742,2010,23.59,,
70742,2012,31.71,,
70742,2013,34.33,,
70742,2014,0,,
70742,2015,0.37,,
70742,2016,0,,
70771,2005,0.738,,
70771,2008,0,,
70771,2010,0,,
70771,2011,0,,
70771,2012,0,,
70771,2013,0,,
70771,2014,0,,
70771,2015,0,,
70771,2016,0,,
70820,2005,2.3121,,
70820,2010,0,,
70820,2011,0,,
70820,2012,0,,
70820,2013,0,,
70820,2014,0,,
70820,2015,0,,
70820,2016,0,,
70823,2005,23.0208,,
70823,2008,93.83,,
70823,2009,81.25,,
70823,2010,39.14,,
70823,2011,35.87,,
70823,2012,0,,
70823,2013,0,,
70823,2014,0,,
70823,2015,0,,
70823,2016,0,,
73001,2005,24.8993,,
73001,2008,0.85,,
73001,2009,0.29,,
73001,2010,0.32,,
73001,2011,0.34,,
73001,2012,0.05,,
73001,2013,0.98,,
73001,2014,1.56,,
73001,2015,0.48,,
73001,2016,0.92,,
73024,2005,26.4264,,
73024,2008,0,,
73024,2009,27.08,,
73024,2010,0,,
73024,2011,0,,
73024,2012,0,,
73024,2013,0,,
73024,2014,63.8,,
73024,2015,63.8,,
73024,2016,63.65,,
73026,2005,23.0557,,
73026,2008,6.95,,
73026,2009,0,,
73026,2010,0,,
73026,2011,0,,
73026,2012,0,,
73026,2013,0,,
73026,2014,0,,
73026,2015,0,,
73026,2016,62.99,,
73030,2005,26.2195,,
73030,2008,0,,
73030,2009,0,,
73030,2010,0,,
73030,2011,0,,
73030,2012,0,,
73030,2013,0,,
73030,2014,0,,
73030,2015,0,,
73030,2016,0,,
73043,2005,14.1516,,
73043,2008,0,,
73043,2009,0,,
73043,2010,0,,
73043,2011,0.04,,
73043,2012,5.71,,
73043,2013,0.3,,
73043,2014,0,,
73043,2015,19.81,,
73043,2016,81.77,,
73055,2005,25.3968,,
73055,2008,5.53,,
73055,2009,5.15,,
73055,2010,7.25,,
73055,2011,4.23,,
73055,2012,4.24,,
73055,2013,3.9,,
73055,2014,3.58,,
73055,2015,3.58,,
73055,2016,0.62,,
73067,2005,11.1677,,
73067,2008,0,,
73067,2009,0,,
73067,2010,0,,
73067,2011,0,,
73067,2012,0,,
73067,2013,0,,
73067,2014,0,,
73067,2015,9.15,,
73067,2016,9.05,,
73124,2005,36.3148,,
73124,2008,0,,
73124,2009,0,,
73124,2010,11.75,,
73124,2011,11.74,,
73124,2012,0,,
73124,2013,0,,
73124,2015,0,,
73124,2016,0,,
73148,2005,10.906,,
73148,2008,5.69,,
73148,2009,54.5,,
73148,2010,54.8,,
73148,2011,58.28,,
73148,2012,52.73,,
73148,2013,2.94,,
73148,2014,4.58,,
73148,2015,1.72,,
73148,2016,0.7,,
73152,2005,12.4613,,
73152,2008,0,,
73152,2009,0,,
73152,2010,0,,
73152,2011,0,,
73152,2012,0,,
73152,2013,0,,
73152,2014,0,,
73152,2015,0,,
73152,2016,0,,
73168,2005,4.355,,
73168,2008,0.43,,
73168,2009,0.43,,
73168,2010,0.72,,
73168,2011,26.66,,
73168,2012,26.46,,
73168,2013,0,,
73168,2014,0,,
73168,2015,0,,
73168,2016,0,,
73200,2005,20.3456,,
73200,2008,5.65,,
73200,2009,6.85,,
73200,2010,6.82,,
73200,2011,6.76,,
73200,2012,6.69,,
73200,2013,6.42,,
73200,2014,45.81,,
73200,2015,100,,
73200,2016,100,,
73217,2005,2.6042,,
73217,2008,0,,
73217,2009,4.53,,
73217,2010,0,,
73217,2011,0,,
73217,2012,0,,
73217,2013,0,,
73217,2014,0,,
73217,2015,8.43,,
73217,2016,2.49,,
73226,2005,22.5071,,
73226,2008,0,,
73226,2009,0,,
73226,2010,0,,
73226,2011,0,,
73226,2012,0,,
73226,2013,3.86,,
73226,2014,3.85,,
73226,2015,11.5,,
73226,2016,0,,
73236,2005,7.8984,,
73236,2008,5.88,,
73236,2009,0,,
73236,2010,14.29,,
73236,2011,0.09,,
73236,2012,0.34,,
73236,2013,36.84,,
73236,2014,36.84,,
73236,2015,100,,
73236,2016,100,,
73268,2005,31.3277,,
73268,2008,10.85,,
73268,2009,11.36,,
73268,2010,12.5,,
73268,2011,8.36,,
73268,2012,42.62,,
73268,2013,69.78,,
73268,2014,51.89,,
73268,2015,100,,
73268,2016,23.82,,
73270,2005,7.8851,,
73270,2008,5.84,,
73270,2009,5.41,,
73270,2010,5.88,,
73270,2011,5.88,,
73270,2012,6.88,,
73270,2013,6.61,,
73270,2014,6.46,,
73270,2015,6.43,,
73270,2016,23.57,,
73275,2005,8.4677,,
73275,2008,100,,
73275,2009,95.43,,
73275,2010,25.01,,
73275,2011,25.64,,
73275,2012,25.01,,
73275,2013,30.85,,
73275,2014,30.85,,
73275,2015,31.57,,
73275,2016,26.51,,
73283,2005,16.5935,,
73283,2014,42.17,,
73283,2016,9.79,,
73319,2005,3.9957,,
73319,2008,0.23,,
73319,2009,0.27,,
73319,2010,0.14,,
73319,2011,7.11,,
73319,2012,7.96,,
73319,2013,23.39,,
73319,2014,6.5,,
73319,2015,3.46,,
73319,2016,3.96,,
73347,2005,32.7576,,
73347,2008,17.06,,
73347,2009,17.07,,
73347,2010,17.08,,
73347,2011,16.99,,
73347,2012,16.97,,
73347,2013,16.78,,
73347,2014,16.88,,
73347,2016,15.2,,
73349,2005,10.5023,,
73349,2008,14.78,,
73349,2009,14.78,,
73349,2010,13.28,,
73349,2011,13.28,,
73349,2012,0.19,,
73349,2013,0.18,,
73349,2014,0.16,,
73349,2015,0.16,,
73349,2016,0,,
73352,2005,10.2956,,
73352,2008,100,,
73352,2009,0,,
73352,2010,0,,
73352,2011,4.04,,
73352,2012,4.02,,
73352,2013,0,,
73352,2014,0.02,,
73352,2015,0.02,,
73352,2016,4.57,,
73408,2005,58.9381,,
73408,2008,0,,
73408,2009,32.09,,
73408,2011,31.77,,
73408,2012,38.04,,
73408,2013,39.5,,
73408,2014,39.42,,
73408,2015,0,,
73408,2016,0,,
73411,2005,11.6303,,
73411,2008,18.09,,
73411,2009,18.09,,
73411,2010,0,,
73411,2011,0,,
73411,2012,10.4,,
73411,2013,10.35,,
73411,2014,10.31,,
73411,2015,10.62,,
73411,2016,11.27,,
73443,2005,7.8778,,
73443,2008,0,,
73443,2009,0,,
73443,2010,0,,
73443,2011,0,,
73443,2012,0,,
73443,2013,0,,
73443,2014,0,,
73443,2015,0,,
73443,2016,62.19,,
73449,2005,8.1606,,
73449,2008,8.35,,
73449,2009,8.09,,
73449,2010,6.3,,
73449,2011,6.77,,
73449,2012,11.67,,
73449,2013,12.22,,
73449,2014,12.18,,
73449,2015,12.22,,
73449,2016,12.2,,
73461,2005,9.8202,,
73461,2008,0,,
73461,2009,4.13,,
73461,2010,4.09,,
73461,2012,4.09,,
73461,2013,4.08,,
73461,2014,42.95,,
73461,2016,0,,
73483,2005,5.7111,,
73483,2008,0,,
73483,2009,0,,
73483,2010,0,,
73483,2011,0,,
73483,2012,0.15,,
73483,2013,0.15,,
73483,2014,0.15,,
73483,2015,0.11,,
73483,2016,0.11,,
73504,2005,5.286,,
73504,2008,0,,
73504,2009,3.94,,
73504,2010,11.81,,
73504,2011,4.43,,
73504,2012,4.43,,
73504,2013,4.42,,
73504,2014,8.96,,
73504,2015,4.63,,
73504,2016,0,,
73520,2005,8.529,,
73520,2008,0,,
73520,2009,0,,
73520,2010,0,,
73520,2011,0,,
73520,2012,0,,
73520,2013,0,,
73520,2014,100,,
73520,2015,100,,
73520,2016,0,,
73547,2005,21.0093,,
73547,2008,0,,
73547,2009,0,,
73547,2010,0.05,,
73547,2011,15.08,,
73547,2012,0,,
73547,2013,0,,
73547,2014,0,,
73547,2015,0,,
73547,2016,0,,
73555,2005,16.3605,,
73555,2008,0,,
73555,2009,0,,
73555,2010,0,,
73555,2011,0,,
73555,2012,0,,
73555,2013,0,,
73555,2014,0,,
73555,2015,0,,
73555,2016,100,,
73563,2005,5.1532,,
73563,2008,20.08,,
73563,2009,13.35,,
73563,2010,0,,
73563,2011,0,,
73563,2012,0,,
73563,2013,0,,
73563,2014,0,,
73563,2015,10.87,,
73563,2016,10.8,,
73585,2005,7.57,,
73585,2008,2.19,,
73585,2009,1.48,,
73585,2010,2.14,,
73585,2011,0,,
73585,2012,0,,
73585,2013,0,,
73585,2014,0,,
73585,2015,10.32,,
73585,2016,13.68,,
73616,2005,14.0851,,
73616,2008,0,,
73616,2009,0.1,,
73616,2010,0.1,,
73616,2011,0.22,,
73616,2012,0,,
73616,2013,0,,
73616,2014,0,,
73616,2015,0,,
73616,2016,0,,
73622,2005,12.3626,,
73622,2008,1.47,,
73622,2009,16.17,,
73622,2010,16.76,,
73622,2011,0.08,,
73622,2012,0,,
73622,2013,0.08,,
73622,2014,0.08,,
73622,2015,0.08,,
73622,2016,5.45,,
73624,2005,12.3616,,
73624,2008,0,,
73624,2009,0,,
73624,2010,0,,
73624,2011,3.12,,
73624,2012,2.57,,
73624,2013,2.57,,
73624,2014,2.63,,
73624,2015,0,,
73624,2016,0.07,,
73671,2005,12.1365,,
73671,2008,0,,
73671,2009,15.75,,
73671,2010,14.98,,
73671,2011,14.74,,
73671,2012,14.6,,
73671,2013,14.6,,
73671,2014,14.41,,
73671,2015,0,,
73671,2016,0,,
73675,2005,22.0954,,
73675,2008,0.15,,
73675,2009,0.15,,
73675,2010,0,,
73675,2011,0,,
73675,2012,0,,
73675,2013,0,,
73675,2014,0,,
73675,2015,0,,
73675,2016,0,,
73678,2005,24.6591,,
73678,2008,100,,
73678,2009,100,,
73678,2010,100,,
73678,2011,0.24,,
73678,2012,0.24,,
73678,2013,0.24,,
73678,2014,0.24,,
73678,2015,0.23,,
73678,2016,2.43,,
73686,2005,12.7617,,
73686,2008,0,,
73686,2009,0,,
73686,2010,87.76,,
73686,2011,0,,
73686,2012,0,,
73686,2013,0,,
73686,2014,0,,
73686,2015,0,,
73686,2016,0,,
73770,2005,4.0123,,
73770,2008,0,,
73770,2009,0,,
73770,2010,0.89,,
73770,2011,0,,
73770,2012,0,,
73770,2013,0,,
73770,2014,0,,
73770,2015,0,,
73770,2016,0,,
73854,2005,1.6827,,
73854,2008,0,,
73854,2009,0,,
73854,2010,0,,
73854,2011,0,,
73854,2016,0,,
73861,2005,36.7723,,
73861,2008,0,,
73861,2009,0,,
73861,2010,0,,
73861,2011,0,,
73861,2012,0,,
73861,2013,0,,
73861,2014,0,,
73861,2015,0,,
73861,2016,0,,
73870,2005,2.4,,
73870,2008,0,,
73870,2009,0,,
73870,2010,0,,
73870,2011,0,,
73870,2012,0.08,,
73870,2013,0,,
73870,2014,0,,
73870,2015,0,,
73870,2016,0,,
73873,2005,6.9333,,
73873,2008,0,,
73873,2009,0,,
73873,2010,3.15,,
73873,2011,0,,
73873,2012,3.14,,
73873,2013,0.55,,
73873,2014,3.14,,
73873,2015,3.15,,
73873,2016,0.54,,
76001,2005,35.804,,
76001,2008,11.8,,
76001,2009,11.11,,
76001,2010,0,,
76001,2011,22.99,,
76001,2012,0.17,,
76001,2013,1.02,,
76001,2014,6.1,,
76001,2015,8.02,,
76001,2016,6.43,,
76020,2005,52.5727,,
76020,2008,0,,
76020,2009,0,,
76020,2010,0,,
76020,2011,7.02,,
76020,2012,100,,
76020,2013,100,,
76020,2014,100,,
76020,2016,72.74,,
76036,2005,10.5882,,
76036,2008,4.02,,
76036,2009,3.81,,
76036,2010,22,,
76036,2011,21.28,,
76036,2012,15.3,,
76036,2013,15.33,,
76036,2014,14.75,,
76036,2015,38.1,,
76036,2016,37.15,,
76041,2005,40.8861,,
76041,2008,9.47,,
76041,2009,9.61,,
76041,2010,11.36,,
76041,2011,11.88,,
76041,2012,72.73,,
76041,2013,72.73,,
76041,2014,72.73,,
76041,2015,72.73,,
76041,2016,0,,
76054,2005,21.1172,,
76054,2008,43.41,,
76054,2009,43.16,,
76054,2010,43.21,,
76054,2011,42.94,,
76054,2012,42.94,,
76054,2013,42.94,,
76054,2014,42.94,,
76054,2015,0,,
76054,2016,9.83,,
76100,2005,44.31,,
76100,2008,2.48,,
76100,2009,2.55,,
76100,2010,2.54,,
76100,2011,2.55,,
76100,2012,69.12,,
76100,2013,69.17,,
76100,2014,69.14,,
76100,2015,69.15,,
76100,2016,61.66,,
76109,2005,8.2083,,
76109,2008,0,,
76109,2009,0,,
76109,2010,0,,
76109,2011,0,,
76109,2012,0,,
76109,2013,40,,
76109,2014,100,,
76109,2015,100,,
76109,2016,16.51,,
76111,2005,54.3502,,
76111,2008,0.26,,
76111,2009,6.02,,
76111,2010,20.27,,
76111,2011,35.84,,
76111,2012,18.42,,
76111,2013,7.1,,
76111,2014,14.59,,
76111,2015,19.23,,
76111,2016,13.63,,
76113,2005,68.2814,,
76113,2008,22.39,,
76113,2009,20.9,,
76113,2010,23.82,,
76113,2011,23.7,,
76113,2012,23.32,,
76113,2013,22.83,,
76113,2014,21.3,,
76113,2015,21.18,,
76113,2016,20.63,,
76122,2005,72.2638,,
76122,2008,0,,
76122,2009,0,,
76122,2010,0.65,,
76122,2011,1.13,,
76122,2012,1.45,,
76122,2013,1.45,,
76122,2014,8.75,,
76122,2015,8.77,,
76122,2016,12,,
76126,2005,34.9216,,
76126,2008,100,,
76126,2009,3.2,,
76126,2010,3.2,,
76126,2011,0,,
76126,2012,0.44,,
76126,2013,0.43,,
76126,2014,0.42,,
76126,2015,0.4,,
76130,2005,78.9446,,
76130,2008,76.53,,
76130,2009,77.11,,
76130,2010,69.48,,
76130,2011,67.83,,
76130,2012,67.91,,
76130,2013,71.33,,
76130,2014,74.45,,
76130,2015,74.68,,
76130,2016,77.64,,
76147,2005,33.642,,
76147,2008,30.51,,
76147,2009,0.92,,
76147,2010,0.91,,
76147,2011,25.14,,
76147,2012,0.29,,
76147,2013,0.82,,
76147,2014,0.3,,
76147,2015,0.28,,
76147,2016,6.55,,
76233,2005,40.4881,,
76233,2008,0,,
76233,2009,0,,
76233,2010,0.4,,
76233,2011,4.54,,
76233,2012,4.99,,
76233,2013,9.43,,
76233,2014,5.83,,
76233,2015,11.27,,
76243,2005,57.1775,,
76243,2008,0,,
76243,2009,0,,
76243,2010,0,,
76243,2011,0,,
76243,2012,0,,
76243,2013,0.2,,
76243,2014,0.2,,
76243,2015,0.2,,
76243,2016,16.86,,
76246,2005,59.4474,,
76246,2008,11.89,,
76246,2009,0,,
76246,2010,11.83,,
76246,2011,11.7,,
76246,2012,11.7,,
76246,2013,11.7,,
76246,2014,0,,
76246,2016,0.05,,
76248,2005,71.2887,,
76248,2008,44.14,,
76248,2009,43.48,,
76248,2010,47.05,,
76248,2011,50.58,,
76248,2012,49.76,,
76248,2013,51.13,,
76248,2014,50.7,,
76248,2015,50.21,,
76248,2016,49.34,,
76250,2005,34.4573,,
76250,2008,0,,
76250,2009,0,,
76250,2010,0,,
76250,2011,0,,
76250,2012,0,,
76250,2013,0,,
76250,2014,0,,
76250,2015,0,,
76275,2005,59.8315,,
76275,2008,98.42,,
76275,2009,51.26,,
76275,2010,100,,
76275,2011,100,,
76275,2012,0,,
76275,2013,0,,
76275,2014,0,,
76275,2015,100,,
76275,2016,91.28,,
76306,2005,59.2096,,
76306,2008,25.4,,
76306,2009,26.79,,
76306,2010,31.74,,
76306,2011,31.58,,
76306,2012,37.45,,
76306,2013,39.06,,
76306,2014,38.93,,
76306,2015,38.94,,
76306,2016,50.66,,
76318,2005,73.7082,,
76318,2008,60.02,,
76318,2009,41.98,,
76318,2010,42.93,,
76318,2011,30.35,,
76318,2012,27.59,,
76318,2013,21.57,,
76318,2014,32.87,,
76318,2015,22.08,,
76318,2016,32.93,,
76364,2005,52.1275,,
76364,2008,18.11,,
76364,2009,35.02,,
76364,2010,100,,
76364,2011,98.01,,
76364,2012,100,,
76364,2013,86.24,,
76364,2014,50.08,,
76364,2015,32.39,,
76377,2005,25.5651,,
76377,2008,1.05,,
76377,2009,3.16,,
76377,2010,0.19,,
76377,2011,0.16,,
76377,2012,0.14,,
76377,2013,0.27,,
76377,2014,0.27,,
76377,2015,0.27,,
76377,2016,1.93,,
76400,2005,33.9559,,
76400,2008,23.89,,
76400,2009,28.63,,
76400,2010,29.06,,
76400,2011,29.78,,
76400,2012,31.06,,
76400,2013,30.16,,
76400,2014,30.18,,
76400,2015,30.18,,
76400,2016,3.33,,
76403,2005,65.5026,,
76403,2008,57.6,,
76403,2009,79.66,,
76403,2010,58.14,,
76403,2011,56.18,,
76403,2012,64.55,,
76403,2013,52.87,,
76403,2014,53.01,,
76403,2015,48.62,,
76403,2016,50.59,,
76497,2005,38.6547,,
76497,2008,20.12,,
76497,2009,15.23,,
76497,2010,20.2,,
76497,2011,20.11,,
76497,2012,86.7,,
76497,2013,20.24,,
76497,2014,20.2,,
76497,2015,20.13,,
76497,2016,19.9,,
76520,2005,60.382,,
76520,2008,7.02,,
76520,2009,45.8,,
76520,2010,51.35,,
76520,2011,50.34,,
76520,2012,100,,
76520,2013,100,,
76520,2014,100,,
76520,2015,100,,
76520,2016,69.63,,
76563,2005,21.7705,,
76563,2008,0,,
76563,2009,100,,
76563,2010,0,,
76563,2011,0,,
76563,2012,15.88,,
76563,2013,16.44,,
76563,2014,21.86,,
76563,2015,21.99,,
76563,2016,21.77,,
76606,2005,31.4542,,
76606,2008,60.47,,
76606,2009,99.46,,
76606,2010,3.89,,
76606,2011,1.68,,
76606,2012,31.87,,
76606,2013,1.03,,
76606,2014,0.46,,
76606,2015,0.68,,
76606,2016,100,,
76616,2005,56.4053,,
76616,2008,1.24,,
76616,2009,0,,
76616,2010,90.69,,
76616,2011,41.75,,
76616,2012,39.93,,
76616,2013,32.02,,
76616,2014,31.57,,
76616,2015,31.3,,
76616,2016,70.17,,
76622,2005,37.9626,,
76622,2008,3.99,,
76622,2009,30.86,,
76622,2010,39.68,,
76622,2011,46.84,,
76622,2012,46.84,,
76622,2013,47.44,,
76622,2014,75.63,,
76622,2016,74.21,,
76670,2005,56.1734,,
76670,2008,19.67,,
76670,2009,28.05,,
76670,2010,28.05,,
76670,2011,28.05,,
76670,2012,26.35,,
76670,2013,54.91,,
76670,2014,29.64,,
76670,2015,45.02,,
76670,2016,43.33,,
76736,2005,43.1128,,
76736,2008,0,,
76736,2009,75.55,,
76736,2010,75.05,,
76736,2011,0.94,,
76736,2012,0.97,,
76736,2013,0.69,,
76736,2014,0.69,,
76736,2015,0.69,,
76736,2016,0.41,,
76823,2005,19.188,,
76823,2008,0,,
76823,2009,0,,
76823,2010,0,,
76823,2011,0,,
76823,2012,0,,
76823,2014,0,,
76823,2015,0,,
76823,2016,0,,
76828,2005,48.7543,,
76828,2008,41.12,,
76828,2009,41.12,,
76828,2010,41.12,,
76828,2011,50.29,,
76828,2012,52.13,,
76828,2013,50.29,,
76828,2014,33.57,,
76828,2015,33.51,,
76828,2016,31.53,,
76834,2005,73.7229,,
76834,2008,21.44,,
76834,2009,20.25,,
76834,2010,22.86,,
76834,2011,23.17,,
76834,2012,27.36,,
76834,2013,27.05,,
76834,2014,33.95,,
76834,2015,51.16,,
76834,2016,84.86,,
76845,2005,73.5127,,
76845,2008,100,,
76845,2009,23.85,,
76845,2010,23.97,,
76845,2011,23.85,,
76845,2012,23.85,,
76845,2013,23.82,,
76845,2014,23.61,,
76845,2015,23.61,,
76845,2016,11.41,,
76863,2005,18.7803,,
76863,2008,5.6,,
76863,2009,6.27,,
76863,2010,6.3,,
76863,2011,6.3,,
76863,2012,6.3,,
76863,2013,0.15,,
76863,2014,0.15,,
76863,2015,0.15,,
76863,2016,0,,
76869,2005,10.3352,,
76869,2008,0,,
76869,2009,0,,
76869,2010,0,,
76869,2011,0,,
76869,2012,22.96,,
76869,2013,0,,
76869,2014,0,,
76869,2015,0,,
76869,2016,0,,
76890,2005,45.0873,,
76890,2008,0.22,,
76890,2009,0.46,,
76890,2010,0.91,,
76890,2011,19.73,,
76890,2012,0.47,,
76890,2013,47.8,,
76890,2014,48.31,,
76890,2015,6.65,,
76890,2016,6.89,,
76892,2005,28.7356,,
76892,2008,0,,
76892,2009,0,,
76892,2010,0,,
76892,2011,0,,
76892,2012,13.46,,
76892,2013,38.54,,
76892,2014,39.9,,
76892,2015,29.31,,
76892,2016,30.33,,
76895,2005,84.8629,,
76895,2008,37.76,,
76895,2009,76.61,,
76895,2010,76.38,,
76895,2011,70.68,,
76895,2012,76.46,,
76895,2013,71.09,,
76895,2014,70.68,,
76895,2015,0,,
76895,2016,43,,
81001,2005,0.9363,,
81001,2008,0.73,,
81001,2009,1.88,,
81001,2010,2.54,,
81001,2011,2,,
81001,2012,0,,
81001,2013,0,,
81001,2014,2.79,,
81001,2015,2.97,,
81001,2016,2.82,,
81065,2005,100,,
81065,2008,0,,
81065,2009,11.99,,
81065,2010,0,,
81065,2011,0,,
81065,2012,10.08,,
81065,2014,47.55,,
81065,2015,10.08,,
81065,2016,18.78,,
81220,2005,0,,
81220,2008,0,,
81220,2009,0,,
81220,2010,0,,
81220,2011,0,,
81220,2012,0,,
81220,2013,0.15,,
81220,2014,0.14,,
81220,2015,0,,
81220,2016,0,,
81300,2005,0.6472,,
81300,2008,0,,
81300,2009,0,,
81300,2010,0,,
81300,2011,0,,
81300,2012,0,,
81300,2013,72,,
81300,2014,70.2,,
81300,2015,97.26,,
81300,2016,15.94,,
81591,2005,0,,
81591,2008,0,,
81591,2009,0,,
81591,2010,0,,
81591,2011,0,,
81591,2012,0.14,,
81591,2013,0.14,,
81591,2014,0,,
81591,2015,0,,
81591,2016,62.58,,
81736,2005,0.9327,,
81736,2010,0,,
81736,2011,8.22,,
81736,2012,0,,
81736,2013,0,,
81736,2014,2.16,,
81736,2015,1.86,,
81736,2016,0.24,,
81794,2005,0.7993,,
81794,2008,0,,
81794,2009,0,,
81794,2010,0,,
81794,2011,0,,
81794,2012,0,,
81794,2013,0,,
81794,2014,0,,
81794,2015,0.26,,
81794,2016,0,,
85001,2005,10.9997,,
85001,2008,54.36,,
85001,2009,38.35,,
85001,2010,31.48,,
85001,2011,27.91,,
85001,2012,26.56,,
85001,2013,21.53,,
85001,2014,23.24,,
85001,2015,28.71,,
85001,2016,80.87,,
85010,2005,6.7002,,
85010,2008,0,,
85010,2009,0,,
85010,2010,0.07,,
85010,2011,16.28,,
85010,2012,15.35,,
85010,2013,17.4,,
85010,2014,0.26,,
85010,2015,0,,
85010,2016,0.17,,
85015,2005,1.3245,,
85015,2008,0,,
85015,2009,0,,
85015,2010,0,,
85015,2011,0,,
85015,2012,0,,
85015,2013,0,,
85015,2014,0,,
85015,2015,0,,
85015,2016,0,,
85125,2005,0.2259,,
85125,2008,100,,
85125,2009,0,,
85125,2010,0,,
85125,2011,0,,
85125,2012,0,,
85125,2013,0,,
85125,2014,0,,
85125,2015,0,,
85125,2016,0,,
85136,2005,1.6854,,
85136,2008,0,,
85136,2009,0,,
85136,2010,0,,
85136,2011,0,,
85136,2012,19,,
85136,2013,18.97,,
85136,2014,18.97,,
85136,2015,18.97,,
85136,2016,13.14,,
85139,2005,1.3714,,
85139,2008,0,,
85139,2009,0,,
85139,2010,2.93,,
85139,2011,0,,
85139,2012,0,,
85139,2013,0,,
85139,2014,0,,
85139,2015,0,,
85139,2016,2.42,,
85162,2005,37.1191,,
85162,2008,8.21,,
85162,2009,27.74,,
85162,2010,28.16,,
85162,2011,28.2,,
85162,2012,0,,
85162,2013,25.79,,
85162,2014,25.79,,
85162,2015,26.23,,
85162,2016,21.58,,
85225,2005,0.524,,
85225,2008,0,,
85225,2009,27.47,,
85225,2010,27.21,,
85225,2011,20.34,,
85225,2012,27.26,,
85225,2013,17.01,,
85225,2014,17.05,,
85225,2015,16.11,,
85225,2016,21.76,,
85230,2005,2.8378,,
85230,2008,0,,
85230,2009,0,,
85230,2010,0,,
85230,2011,0,,
85230,2012,0,,
85230,2013,100,,
85230,2014,100,,
85230,2015,0,,
85230,2016,0,,
85250,2005,0.7292,,
85250,2008,0,,
85250,2009,0.06,,
85250,2010,0,,
85250,2011,0,,
85250,2012,0,,
85250,2013,1.78,,
85250,2014,5.23,,
85250,2015,5.23,,
85250,2016,2.78,,
85263,2005,0.237,,
85263,2008,0,,
85263,2009,0,,
85263,2010,0,,
85263,2011,0,,
85263,2012,0,,
85263,2013,0,,
85263,2014,0,,
85263,2015,0,,
85263,2016,0,,
85279,2005,1.6878,,
85279,2008,1.4,,
85279,2009,0,,
85279,2010,0,,
85279,2011,100,,
85279,2012,0,,
85279,2014,0,,
85279,2015,0,,
85279,2016,7.41,,
85300,2005,27.2727,,
85300,2008,36.6,,
85300,2009,23.39,,
85300,2010,22.94,,
85300,2011,27.45,,
85300,2012,26.79,,
85300,2013,26.58,,
85300,2014,26.53,,
85300,2015,12.31,,
85300,2016,25.08,,
85315,2005,1.3605,,
85315,2008,0,,
85315,2009,0,,
85315,2010,0.32,,
85315,2011,0,,
85315,2012,0,,
85315,2013,0,,
85315,2014,0,,
85315,2015,0,,
85315,2016,0,,
85325,2005,0.2648,,
85325,2008,0,,
85325,2009,0,,
85325,2010,0,,
85325,2011,0,,
85325,2012,0,,
85325,2013,0,,
85325,2014,9.19,,
85325,2015,0,,
85325,2016,0,,
85400,2005,0.293,,
85400,2008,0,,
85400,2009,0,,
85400,2010,0,,
85400,2011,0,,
85400,2012,0,,
85400,2013,0,,
85400,2014,0,,
85400,2015,0.19,,
85400,2016,0,,
85410,2005,14.8936,,
85410,2008,6.18,,
85410,2009,27.49,,
85410,2010,5.79,,
85410,2011,10.81,,
85410,2012,6.6,,
85410,2013,7.67,,
85410,2014,12.7,,
85410,2015,8.42,,
85410,2016,0.11,,
85430,2005,0.4315,,
85430,2008,2.31,,
85430,2009,2.28,,
85430,2010,2.25,,
85430,2011,2.32,,
85430,2012,4.28,,
85430,2013,11.55,,
85430,2014,0,,
85430,2015,0,,
85430,2016,0,,
85440,2005,4.635,,
85440,2008,0,,
85440,2009,0,,
85440,2010,0,,
85440,2011,0,,
85440,2012,0,,
85440,2013,0,,
85440,2014,0,,
85440,2015,0,,
85440,2016,0,,
86001,2005,22.1545,,
86001,2010,0,,
86001,2011,0,,
86001,2012,0,,
86001,2013,0,,
86001,2014,0,,
86001,2015,0,,
86001,2016,0.05,,
86219,2005,70.7865,,
86219,2010,52.75,,
86219,2011,100,,
86219,2012,57.72,,
86219,2013,58.64,,
86219,2014,99.92,,
86219,2015,79.23,,
86219,2016,79.79,,
86320,2005,2.7455,,
86320,2008,0,,
86320,2009,0,,
86320,2010,0,,
86320,2011,0,,
86320,2012,0.01,,
86320,2013,0,,
86320,2014,0,,
86320,2015,0,,
86320,2016,0.21,,
86568,2005,5.5842,,
86568,2008,0,,
86568,2009,0,,
86568,2010,0,,
86568,2011,0,,
86568,2012,0,,
86568,2013,0,,
86568,2014,0,,
86568,2015,0,,
86568,2016,100,,
86569,2005,12.5616,,
86569,2008,17.74,,
86569,2009,17.65,,
86569,2010,23.52,,
86569,2011,23.19,,
86569,2012,0,,
86569,2013,0,,
86569,2014,0.03,,
86569,2015,1.66,,
86569,2016,1.76,,
86571,2005,35.2734,,
86571,2008,0,,
86571,2010,0,,
86571,2011,0,,
86571,2012,0,,
86571,2013,0,,
86571,2014,0,,
86571,2015,0,,
86571,2016,0,,
86573,2005,19.3798,,
86573,2008,0,,
86573,2009,0,,
86573,2010,0,,
86573,2011,100,,
86573,2012,100,,
86573,2013,100,,
86573,2014,100,,
86573,2015,100,,
86749,2005,20.3016,,
86749,2008,100,,
86749,2009,68.16,,
86749,2010,66.57,,
86749,2011,98.56,,
86749,2012,11.63,,
86749,2013,11.59,,
86749,2014,0,,
86749,2015,0,,
86749,2016,14.09,,
86755,2005,8.2218,,
86755,2008,50,,
86755,2009,95.65,,
86755,2010,95.65,,
86755,2011,95.45,,
86755,2012,100,,
86755,2013,100,,
86755,2014,0,,
86755,2015,30.22,,
86755,2016,34.66,,
86757,2005,3.2891,,
86757,2008,0,,
86757,2009,0,,
86757,2010,0,,
86757,2012,0,,
86757,2015,0,,
86757,2016,14.17,,
86760,2005,23.9801,,
86760,2008,100,,
86760,2009,0,,
86760,2010,100,,
86760,2011,0,,
86760,2012,0,,
86760,2013,0,,
86760,2014,0,,
86760,2015,0,,
86760,2016,0,,
86865,2005,4.6892,,
86865,2008,0,,
86865,2009,0,,
86865,2010,0,,
86865,2011,0,,
86865,2012,1.85,,
86865,2013,0,,
86865,2014,1.59,,
86865,2015,1.87,,
86865,2016,1.66,,
86885,2005,12.1535,,
86885,2013,5.69,,
86885,2014,0,,
86885,2015,0.23,,
86885,2016,0.23,,
88001,2005,2.5417,,
88001,2008,100,,
88001,2009,100,,
88001,2010,100,,
88001,2011,100,,
88001,2012,0,,
88001,2013,100,,
88001,2014,100,,
88001,2015,100,,
88564,2005,7.0845,,
88564,2008,0,,
88564,2009,0,,
88564,2010,0,,
88564,2011,0,,
88564,2012,25,,
88564,2013,4.04,,
88564,2014,5.36,,
88564,2015,69.67,,
88564,2016,69.09,,
91001,2005,2.0098,,
91001,2008,0,,
91001,2009,0,,
91001,2010,0,,
91001,2011,0,,
91001,2012,0,,
91001,2013,0,,
91001,2014,0,,
91001,2015,0,,
91001,2016,0,,
91540,2005,1.1016,,
91540,2008,0,,
91540,2009,9.09,,
91540,2010,9.09,,
91540,2011,100,,
91540,2012,100,,
91540,2013,100,,
91540,2014,100,,
91540,2015,100,,
91540,2016,70,,
94001,2005,0.4545,,
94001,2008,0,,
94001,2009,0,,
94001,2010,0,,
94001,2011,0,,
94001,2012,0,,
94001,2013,0,,
94001,2014,0,,
94001,2015,0,,
94001,2016,0,,
95001,2005,1.2799,,
95001,2008,0,,
95001,2009,0,,
95001,2010,0,,
95001,2011,0,,
95001,2012,0,,
95001,2013,0,,
95001,2014,0,,
95001,2015,87.4,,
95001,2016,0.1,,
95015,2005,0.4587,,
95015,2008,0,,
95015,2009,0,,
95015,2010,0,,
95015,2011,0,,
95015,2012,0,,
95015,2013,0,,
95015,2014,0,,
95015,2015,0,,
95015,2016,0,,
95025,2005,2.8369,,
95025,2008,19.68,,
95025,2009,19.68,,
95025,2010,19.68,,
95025,2011,19.68,,
95025,2012,19.68,,
95025,2013,18.65,,
95025,2014,19.09,,
95025,2015,19.56,,
95025,2016,19.49,,
95200,2005,4.0143,,
95200,2008,0,,
95200,2009,0,,
95200,2010,0,,
95200,2011,0,,
95200,2012,0,,
95200,2013,0,,
95200,2014,100,,
95200,2015,0,,
95200,2016,0,,
97001,2005,1.4184,,
97001,2010,0,,
97001,2011,0,,
97001,2012,0,,
97001,2013,1.41,,
97001,2014,20,,
97001,2015,23.81,,
97001,2016,23.81,,
97161,2005,0,,
97161,2008,0,,
97161,2009,0,,
97161,2010,0,,
97161,2011,0,,
97161,2012,0,,
97161,2013,0,,
97161,2014,0,,
97161,2015,0,,
97161,2016,0,,
97666,2005,1.25,,
97666,2008,0,,
97666,2009,0,,
97666,2010,0,,
97666,2011,0,,
97666,2012,0,,
97666,2013,0,,
97666,2014,0,,
97666,2015,0,,
97666,2016,0,,
99001,2005,4.1429,,
99001,2008,0,,
99001,2009,0,,
99001,2010,0,,
99001,2011,0,,
99001,2012,0,,
99001,2013,0,,
99001,2014,0,,
99001,2015,0,,
99001,2016,0,,
99524,2005,0.6098,,
99524,2008,0,,
99524,2009,0,,
99524,2010,0,,
99524,2011,0,,
99524,2012,0,,
99524,2013,0,,
99524,2014,0,,
99524,2015,0,,
99524,2016,0,,
99624,2005,0,,
99624,2008,0,,
99624,2009,0,,
99624,2010,0,,
99624,2011,0,,
99624,2012,0,,
99624,2016,0,,
99773,2005,0.4531,,
99773,2008,0,,
99773,2009,0,,
99773,2010,0,,
99773,2011,0,,
99773,2012,0,,
99773,2013,0,,
99773,2014,0,,
99773,2015,0,,
99773,2016,0,,
