cod_divipola,anio,valor,numerador,denominador
05001,2010,0.3981,87,2185539
05001,2011,0.393,87,2213549
05001,2012,0.4061,91,2240690
05001,2013,0.4014,91,2266969
05001,2014,0.4229,97,2293601
05001,2015,0.4223,98,2320791
05001,2016,0.4168,98,2351077
05002,2010,1.833,4,21822
05002,2011,1.3877,3,21619
05002,2012,1.8717,4,21371
05002,2013,1.8898,4,21166
05002,2014,1.91,4,20942
05002,2015,1.9307,4,20718
05002,2016,1.948,4,20534
05004,2010,3.7665,1,2655
05004,2011,3.7425,1,2672
05004,2012,3.7481,1,2668
05004,2013,3.7147,1,2692
05004,2014,3.758,1,2661
05004,2015,3.8023,1,2630
05004,2016,3.8037,1,2629
05021,2010,2.1372,1,4679
05021,2011,2.1377,1,4678
05021,2012,2.151,1,4649
05021,2013,2.1404,1,4672
05021,2014,2.1395,1,4674
05021,2015,2.1368,1,4680
05021,2016,2.1645,1,4620
05030,2010,0.3555,1,28132
05030,2011,0.3527,1,28354
05030,2012,0.3511,1,28482
05030,2013,0.3475,1,28780
05030,2014,0.3462,1,28888
05030,2015,0.3432,1,29136
05030,2016,0.3402,1,29394
05031,2010,0.4169,1,23986
05031,2011,0.414,1,24156
05031,2012,0.411,1,24332
05031,2013,0.4074,1,24548
05031,2014,0.404,1,24753
05031,2015,0.4008,1,24951
05031,2016,0.3969,1,25194
05034,2010,1.6607,7,42152
05034,2011,1.6598,7,42173
05034,2012,1.6565,7,42257
05034,2013,1.6555,7,42284
05034,2014,1.6512,7,42393
05034,2015,1.6469,7,42505
05034,2016,1.64,7,42683
05036,2010,1.7256,1,5795
05036,2011,1.7238,1,5801
05036,2012,1.7289,1,5784
05036,2013,1.7322,1,5773
05036,2014,1.7286,1,5785
05036,2015,1.7253,1,5796
05036,2016,1.7298,1,5781
05038,2010,0.8437,1,11853
05038,2011,0.8483,1,11788
05038,2012,0.8551,1,11694
05038,2013,0.8576,1,11661
05038,2014,0.8631,1,11586
05038,2015,0.8667,1,11538
05038,2016,0.8706,1,11486
05040,2010,0.5976,1,16733
05040,2011,1.1829,2,16908
05040,2012,1.1715,2,17072
05040,2013,1.1585,2,17264
05040,2014,1.1505,2,17383
05040,2015,1.1406,2,17534
05040,2016,1.1285,2,17723
05042,2010,0.4102,1,24381
05042,2011,0.4078,1,24522
05042,2012,0.4049,1,24698
05042,2013,0.402,1,24878
05042,2014,0.3988,1,25075
05042,2015,0.396,1,25252
05042,2016,0.3927,1,25462
05044,2010,1.468,1,6812
05044,2011,1.4588,1,6855
05044,2012,1.4535,1,6880
05044,2013,1.4505,1,6894
05044,2014,1.4482,1,6905
05044,2015,1.4335,1,6976
05044,2016,1.4366,1,6961
05045,2010,0.2928,3,102469
05045,2011,0.2865,3,104703
05045,2012,0.2808,3,106833
05051,2010,0.3442,1,29052
05051,2011,0.3441,1,29059
05051,2012,0.3442,1,29049
05051,2013,0.3454,1,28949
05051,2014,0.3459,1,28913
05051,2015,0.3458,1,28917
05051,2016,0.3451,1,28981
05055,2010,1.1378,1,8789
05055,2011,1.1545,1,8662
05055,2012,1.1759,1,8504
05055,2013,1.1956,1,8364
05055,2014,1.2139,1,8238
05055,2015,1.2349,1,8098
05055,2016,1.2612,1,7929
05059,2010,1.7693,1,5652
05059,2011,1.787,1,5596
05059,2012,1.8172,1,5503
05059,2013,1.8312,1,5461
05059,2014,1.8563,1,5387
05059,2015,1.8932,1,5282
05059,2016,1.9186,1,5212
05079,2010,0.215,1,46509
05079,2011,0.2123,1,47107
05079,2012,0.2094,1,47763
05079,2013,0.2072,1,48274
05079,2014,0.2046,1,48869
05079,2015,0.2018,1,49550
05079,2016,0.1989,1,50281
05086,2010,1.7094,1,5850
05086,2011,1.6961,1,5896
05086,2012,1.6938,1,5904
05086,2013,1.6966,1,5894
05086,2014,1.6878,1,5925
05086,2015,1.6818,1,5946
05086,2016,1.6841,1,5938
05088,2010,0.2919,13,445349
05088,2011,0.286,13,454478
05088,2012,0.2589,12,463443
05088,2013,0.2541,12,472177
05088,2014,0.2703,13,481036
05088,2015,0.2449,12,490014
05088,2016,0.2402,12,499621
05091,2010,0.9097,1,10993
05091,2011,0.9173,1,10902
05091,2012,0.9246,1,10815
05091,2013,0.9336,1,10711
05091,2014,0.9406,1,10632
05091,2015,0.948,1,10549
05091,2016,0.9538,1,10484
05093,2010,1.2849,2,15566
05093,2011,1.2882,2,15526
05093,2012,1.2911,2,15491
05093,2013,1.2858,2,15554
05093,2014,1.2951,2,15443
05093,2015,1.2964,2,15427
05093,2016,1.2949,2,15445
05101,2010,0.3742,1,26722
05101,2011,0.3766,1,26554
05101,2012,0.3785,1,26421
05101,2013,0.3803,1,26297
05101,2014,0.3819,1,26185
05101,2015,1.1506,3,26073
05101,2016,1.154,3,25996
05107,2010,4.845,4,8256
05107,2012,4.8822,4,8193
05107,2013,4.8924,4,8176
05107,2014,4.917,4,8135
05107,2015,4.9456,4,8088
05107,2016,4.9536,4,8075
05113,2010,1.1408,1,8766
05113,2011,1.1349,1,8811
05113,2012,1.1242,1,8895
05113,2013,1.1171,1,8952
05113,2014,1.1069,1,9034
05113,2015,1.0987,1,9102
05113,2016,1.0921,1,9157
05120,2010,1.8966,5,26363
05120,2011,2.249,6,26678
05120,2012,2.2262,6,26952
05120,2013,2.2065,6,27193
05120,2014,2.1816,6,27503
05120,2015,2.1574,6,27811
05120,2016,2.1327,6,28134
05125,2010,1.2634,1,7915
05125,2011,1.2569,1,7956
05125,2012,1.2509,1,7994
05125,2013,1.2427,1,8047
05125,2014,1.2346,1,8100
05125,2015,1.2243,1,8168
05125,2016,1.2217,1,8185
05129,2010,0.284,2,70414
05129,2011,0.2798,2,71475
05129,2012,0.2758,2,72507
05129,2013,0.272,2,73517
05129,2014,0.2684,2,74529
05129,2015,0.2645,2,75622
05129,2016,0.2605,2,76766
05134,2010,1.0559,1,9471
05134,2011,4.2386,4,9437
05134,2012,4.2562,4,9398
05134,2013,4.2689,4,9370
05134,2014,4.2914,4,9321
05134,2015,4.3136,4,9273
05134,2016,4.3243,4,9250
05138,2010,0.6053,1,16521
05138,2011,0.6111,1,16364
05138,2012,0.6171,1,16205
05138,2013,0.6224,1,16068
05138,2014,0.6286,1,15909
05138,2015,0.6352,1,15744
05138,2016,0.6382,1,15670
05142,2010,1.994,1,5015
05142,2011,2.0263,1,4935
05142,2012,2.0404,1,4901
05142,2013,2.061,1,4852
05142,2014,2.0938,1,4776
05142,2015,2.0995,1,4763
05142,2016,2.1115,1,4736
05145,2010,1.8182,1,5500
05145,2011,1.8484,1,5410
05145,2012,1.8854,1,5304
05145,2013,1.9198,1,5209
05145,2014,1.9505,1,5127
05145,2015,1.9952,1,5012
05145,2016,2.0194,1,4952
05147,2010,0.7609,3,39427
05147,2011,0.7412,3,40473
05147,2012,0.7238,3,41450
05147,2013,0.7069,3,42441
05147,2014,0.9223,4,43369
05147,2015,0.9008,4,44404
05147,2016,0.8793,4,45489
05148,2010,0.383,2,52215
05148,2011,0.3769,2,53063
05148,2012,0.3711,2,53894
05148,2013,0.3659,2,54657
05148,2014,0.1803,1,55464
05148,2015,0.1775,1,56346
05148,2016,0.1748,1,57208
05150,2010,2.572,1,3888
05150,2011,2.5608,1,3905
05150,2012,2.5602,1,3906
05150,2013,2.5549,1,3914
05150,2014,2.5445,1,3930
05150,2015,2.5432,1,3932
05150,2016,2.5641,1,3900
05154,2010,0.1285,1,77825
05154,2011,0.1261,1,79274
05154,2012,0.1239,1,80719
05154,2013,0.1218,1,82081
05154,2014,0.1198,1,83472
05154,2015,0.1177,1,84926
05154,2016,0.1156,1,86492
05172,2010,0.204,1,49013
05172,2011,0.2001,1,49975
05172,2012,0.1963,1,50949
05172,2013,0.1926,1,51934
05172,2014,0.1891,1,52877
05172,2015,0.3713,2,53865
05172,2016,0.3642,2,54908
05190,2010,1.0425,1,9592
05190,2011,1.0377,1,9637
05190,2012,1.0342,1,9669
05190,2013,1.0341,1,9670
05190,2014,1.0397,1,9618
05190,2015,1.0431,1,9587
05190,2016,1.0398,1,9617
05197,2010,0.5686,1,17588
05197,2011,0.5787,1,17280
05197,2012,0.5886,1,16990
05197,2013,0.5981,1,16721
05197,2014,0.6085,1,16434
05197,2015,0.6193,1,16146
05197,2016,0.63,1,15873
05206,2010,1.9335,1,5172
05206,2011,1.9524,1,5122
05206,2012,1.9712,1,5073
05206,2013,2.0064,1,4984
05206,2014,2.0329,1,4919
05206,2015,2.0504,1,4877
05206,2016,2.0619,1,4850
05209,2010,0.4677,1,21381
05209,2011,0.4692,1,21315
05209,2012,0.4704,1,21260
05209,2013,0.4701,1,21270
05209,2014,0.4721,1,21184
05209,2015,0.4733,1,21129
05209,2016,0.4727,1,21153
05212,2010,0.1457,1,68646
05212,2011,0.1434,1,69716
05212,2012,0.1414,1,70742
05212,2013,0.1393,1,71772
05212,2014,0.1374,1,72801
05212,2015,0.1355,1,73796
05212,2016,0.1334,1,74957
05234,2010,0.4457,1,22435
05234,2011,0.4446,1,22494
05234,2012,0.4439,1,22527
05234,2013,0.4436,1,22542
05234,2014,0.4431,1,22570
05234,2015,0.4426,1,22593
05234,2016,0.4411,1,22673
05237,2010,0.5855,1,17080
05237,2011,0.5783,1,17292
05237,2012,0.5721,1,17479
05237,2013,0.5664,1,17656
05237,2014,0.5582,1,17916
05237,2015,0.553,1,18084
05237,2016,0.5455,1,18332
05240,2010,2.3095,3,12990
05240,2011,2.3355,3,12845
05240,2012,2.3592,3,12716
05240,2013,2.3777,3,12617
05240,2014,2.4075,3,12461
05240,2015,2.4374,3,12308
05240,2016,2.4536,3,12227
05250,2010,0.9111,4,43903
05250,2011,0.6684,3,44881
05250,2012,0.6553,3,45783
05250,2013,0.6427,3,46678
05250,2014,0.6308,3,47561
05250,2015,0.6186,3,48493
05250,2016,0.6062,3,49488
05264,2010,1.0232,1,9773
05264,2011,1.0109,1,9892
05264,2012,0.9906,1,10095
05264,2013,0.9731,1,10276
05264,2014,0.9556,1,10465
05264,2015,0.9439,1,10594
05264,2016,0.9234,1,10830
05266,2010,0.4108,8,194733
05266,2011,0.4025,8,198772
05266,2012,0.3946,8,202750
05266,2013,0.3871,8,206658
05266,2014,0.3799,8,210592
05266,2015,0.4195,9,214539
05266,2016,0.4113,9,218805
05282,2010,0.8279,2,24157
05282,2011,0.8268,2,24189
05282,2012,0.8272,2,24178
05282,2013,0.8272,2,24178
05282,2014,0.8294,2,24113
05282,2015,0.4156,1,24059
05282,2016,0.4142,1,24143
05284,2010,0.9121,2,21928
05284,2011,0.9193,2,21756
05284,2012,0.9274,2,21566
05284,2013,1.87,4,21390
05284,2014,1.8915,4,21147
05284,2015,1.9099,4,20944
05284,2016,1.9219,4,20813
05306,2010,1.9455,1,5140
05306,2011,1.9161,1,5219
05306,2012,1.8965,1,5273
05306,2013,1.885,1,5305
05306,2014,1.8776,1,5326
05306,2015,1.8695,1,5349
05306,2016,1.8532,1,5396
05308,2010,0.2225,1,44934
05308,2011,0.2187,1,45715
05308,2012,0.2151,1,46481
05308,2013,0.2117,1,47233
05308,2014,0.2084,1,47977
05308,2015,0.2051,1,48759
05308,2016,0.2016,1,49613
05310,2010,2.0728,2,9649
05310,2011,2.0799,2,9616
05310,2012,2.0766,2,9631
05310,2013,2.082,2,9606
05310,2014,2.0627,2,9696
05310,2015,2.0633,2,9693
05310,2016,2.07,2,9662
05313,2010,0.8093,1,12356
05313,2011,0.8288,1,12065
05313,2012,0.8496,1,11770
05313,2013,0.8698,1,11497
05313,2014,0.8909,1,11225
05313,2015,0.9135,1,10947
05313,2016,0.9386,1,10654
05315,2010,3.0539,2,6549
05315,2011,3.0661,2,6523
05315,2012,3.067,2,6521
05315,2013,3.0647,2,6526
05315,2014,3.0864,2,6480
05315,2015,3.0798,2,6494
05315,2016,3.0941,2,6464
05318,2010,0.2098,1,47669
05318,2011,0.2061,1,48524
05318,2012,0.2026,1,49356
05318,2013,0.1995,1,50122
05318,2014,0.1961,1,50992
05318,2015,0.3853,2,51910
05318,2016,0.1894,1,52793
05321,2010,1.3561,1,7374
05321,2011,1.3454,1,7433
05321,2012,1.328,1,7530
05321,2013,1.3034,1,7672
05321,2014,1.2809,1,7807
05321,2015,1.2617,1,7926
05321,2016,1.2395,1,8068
05347,2010,1.6391,1,6101
05347,2011,1.6692,1,5991
05347,2012,1.6949,1,5900
05347,2013,1.7221,1,5807
05347,2014,1.7513,1,5710
05347,2015,1.7825,1,5610
05347,2016,1.7979,1,5562
05353,2010,1.866,1,5359
05353,2011,1.8741,1,5336
05353,2012,1.8664,1,5358
05353,2013,1.8612,1,5373
05353,2014,1.8608,1,5374
05353,2015,1.8563,1,5387
05353,2016,1.8457,1,5418
05360,2010,0.2065,5,242150
05360,2011,0.2031,5,246219
05360,2012,0.2398,6,250184
05360,2013,0.2362,6,254022
05360,2014,0.2326,6,257978
05360,2015,0.2672,7,261957
05360,2016,0.2629,7,266257
05361,2010,1.5235,4,26255
05361,2011,1.5188,4,26337
05361,2012,1.5149,4,26405
05361,2013,0.7569,2,26423
05361,2014,0.7566,2,26433
05361,2015,0.7539,2,26529
05361,2016,0.7512,2,26625
05364,2010,2.1476,3,13969
05364,2011,1.423,2,14055
05364,2012,1.4178,2,14106
05364,2013,2.1174,3,14168
05364,2014,2.1146,3,14187
05364,2015,2.0998,3,14287
05364,2016,2.0896,3,14357
05368,2010,1.4267,2,14018
05368,2011,1.431,2,13976
05368,2012,0.7176,1,13936
05368,2013,0.7216,1,13859
05368,2014,0.7255,1,13783
05368,2015,0.7308,1,13683
05368,2016,0.7301,1,13697
05376,2010,0.3577,2,55914
05376,2011,0.3511,2,56960
05376,2012,0.3452,2,57935
05376,2013,0.339,2,58992
05376,2014,0.1666,1,60018
05376,2015,0.1638,1,61050
05376,2016,0.1608,1,62185
05380,2010,0.489,3,61352
05380,2011,0.4797,3,62544
05380,2012,0.4711,3,63683
05380,2013,0.4625,3,64870
05380,2014,0.4543,3,66035
05380,2015,0.4464,3,67208
05380,2016,0.4381,3,68483
05390,2010,1.0881,1,9190
05390,2011,1.1039,1,9059
05390,2012,1.1198,1,8930
05390,2013,1.139,1,8780
05390,2014,1.1589,1,8629
05390,2015,1.1809,1,8468
05390,2016,1.1986,1,8343
05400,2010,0.5098,1,19617
05400,2011,0.5048,1,19810
05400,2012,0.4997,1,20012
05400,2013,0.494,1,20241
05400,2014,0.4901,1,20405
05400,2015,0.4861,1,20572
05400,2016,0.4811,1,20784
05411,2010,0.9759,1,10247
05411,2011,0.9779,1,10226
05411,2012,0.9837,1,10166
05411,2013,0.9874,1,10128
05411,2014,0.9895,1,10106
05411,2015,0.9908,1,10093
05411,2016,0.9907,1,10094
05425,2010,1.1833,1,8451
05425,2011,1.1889,1,8411
05425,2012,1.191,1,8396
05425,2013,1.1945,1,8372
05425,2014,1.2011,1,8326
05425,2015,1.2024,1,8317
05425,2016,1.2082,1,8277
05440,2010,0.1764,1,56685
05440,2011,0.1735,1,57642
05440,2012,0.1709,1,58528
05440,2013,0.1684,1,59378
05440,2014,0.1659,1,60268
05440,2015,0.1634,1,61201
05440,2016,0.1608,1,62194
05467,2010,2.7244,2,7341
05467,2011,1.3801,1,7246
05467,2012,1.3986,1,7150
05467,2013,1.4152,1,7066
05467,2014,1.4325,1,6981
05467,2015,1.4499,1,6897
05467,2016,1.4736,1,6786
05475,2010,2.4474,1,4086
05475,2011,2.3923,1,4180
05475,2012,2.3294,1,4293
05475,2013,2.2774,1,4391
05475,2014,2.2321,1,4480
05475,2015,2.1791,1,4589
05475,2016,2.1295,1,4696
05480,2010,0.7797,1,12825
05480,2011,0.7728,1,12940
05480,2012,0.7639,1,13090
05480,2013,0.7558,1,13231
05480,2014,0.7471,1,13385
05480,2015,0.7401,1,13512
05480,2016,0.7339,1,13625
05483,2010,0.8613,1,11611
05483,2011,1.7509,2,11423
05483,2012,1.7814,2,11227
05483,2013,1.8119,2,11038
05483,2014,1.8484,2,10820
05483,2015,1.8779,2,10650
05483,2016,1.9046,2,10501
05490,2010,0.26,1,38457
05490,2011,0.2572,1,38885
05490,2012,0.2544,1,39305
05490,2013,0.2524,1,39617
05490,2014,1.747,7,40069
05490,2015,1.7281,7,40508
05490,2016,1.9505,8,41016
05495,2010,0.4491,1,22265
05495,2011,0.4411,1,22669
05495,2012,0.4335,1,23070
05495,2013,0.4271,1,23412
05495,2014,0.4198,1,23822
05495,2015,0.4122,1,24258
05495,2016,0.4049,1,24697
05501,2010,9.5847,3,3130
05501,2011,9.6463,3,3110
05501,2012,9.6868,3,3097
05501,2013,9.6743,3,3101
05501,2014,9.7025,3,3092
05501,2015,9.6993,3,3093
05501,2016,9.7025,3,3092
05541,2010,0.5161,1,19377
05541,2011,0.5112,1,19561
05541,2012,0.5063,1,19751
05541,2013,0.504,1,19842
05541,2014,0.5,1,20002
05541,2015,0.9941,2,20119
05541,2016,0.4914,1,20351
05543,2010,1.2767,1,7833
05543,2011,1.2652,1,7904
05543,2012,1.2593,1,7941
05543,2013,1.2594,1,7940
05543,2014,1.2599,1,7937
05543,2015,1.2538,1,7976
05543,2016,1.2514,1,7991
05576,2010,1.1358,1,8804
05576,2011,1.1369,1,8796
05576,2012,1.143,1,8749
05576,2013,1.1464,1,8723
05576,2014,1.1463,1,8724
05576,2015,1.144,1,8741
05576,2016,1.1443,1,8739
05579,2010,0.2756,1,36286
05579,2011,0.2731,1,36620
05579,2012,0.2704,1,36977
05585,2010,1.3532,2,14780
05585,2011,1.3609,2,14696
05585,2012,1.3661,2,14640
05585,2013,1.3694,2,14605
05585,2014,1.3792,2,14501
05585,2015,1.3818,2,14474
05585,2016,1.3918,2,14370
05591,2010,1.2843,2,15573
05591,2011,1.26,2,15873
05591,2012,1.8594,3,16134
05591,2013,1.2182,2,16417
05591,2014,1.7981,3,16684
05591,2015,1.1761,2,17005
05591,2016,1.1565,2,17294
05604,2010,0.384,1,26045
05604,2011,0.3799,1,26325
05604,2012,0.3767,1,26549
05604,2013,0.3748,1,26684
05604,2014,0.3715,1,26918
05604,2015,0.3675,1,27214
05604,2016,0.3632,1,27530
05607,2010,0.4869,1,20537
05607,2011,0.4792,1,20870
05607,2012,0.4724,1,21168
05607,2013,0.466,1,21460
05607,2014,0.458,1,21833
05607,2015,0.4509,1,22178
05607,2016,0.4447,1,22486
05615,2010,0.1716,2,116574
05615,2011,0.1684,2,118781
05615,2012,0.1654,2,120936
05615,2013,0.1626,2,123017
05615,2014,0.1598,2,125195
05615,2015,0.157,2,127391
05615,2016,0.1541,2,129753
05628,2010,1.151,1,8688
05628,2011,1.1446,1,8737
05628,2012,1.1431,1,8748
05628,2013,1.1409,1,8765
05628,2014,1.1362,1,8801
05628,2015,1.1316,1,8837
05628,2016,1.126,1,8881
05631,2010,0.1488,1,67197
05631,2011,0.145,1,68989
05631,2012,0.1413,1,70783
05631,2013,0.1378,1,72553
05631,2014,0.1346,1,74314
05631,2015,0.1314,1,76089
05631,2016,0.1283,1,77966
05642,2010,0.522,1,19157
05642,2011,0.5253,1,19038
05642,2012,0.5313,1,18822
05642,2013,0.5346,1,18706
05642,2014,0.5378,1,18593
05642,2015,0.5427,1,18427
05642,2016,0.5452,1,18341
05647,2010,1.3399,1,7463
05647,2011,1.347,1,7424
05647,2012,1.3541,1,7385
05647,2013,1.3624,1,7340
05647,2014,1.3663,1,7319
05647,2015,1.3736,1,7280
05647,2016,1.3755,1,7270
05649,2010,0.5344,1,18714
05649,2011,0.5448,1,18357
05649,2012,0.5546,1,18031
05649,2013,0.5645,1,17714
05649,2014,1.1498,2,17394
05649,2015,1.1754,2,17016
05649,2016,1.1948,2,16739
05652,2010,1.7153,1,5830
05652,2011,1.7173,1,5823
05652,2012,1.7316,1,5775
05652,2013,1.7498,1,5715
05652,2014,1.755,1,5698
05652,2015,1.763,1,5672
05652,2016,1.7702,1,5649
05656,2010,0.7079,1,14127
05656,2011,0.7004,1,14277
05656,2012,0.6931,1,14427
05656,2013,0.686,1,14578
05656,2014,0.6804,1,14698
05656,2015,0.6757,1,14800
05656,2016,0.6706,1,14912
05658,2010,2.9446,1,3396
05658,2011,2.9172,1,3428
05658,2012,2.9011,1,3447
05658,2013,2.8629,1,3493
05658,2014,2.8289,1,3535
05658,2015,2.7847,1,3591
05658,2016,2.7964,1,3576
05659,2010,0.5638,1,17737
05659,2011,0.5561,1,17983
05659,2012,0.5485,1,18230
05659,2013,0.5394,1,18540
05659,2014,0.5329,1,18767
05659,2015,0.5256,1,19025
05659,2016,0.5173,1,19332
05660,2010,0.7561,1,13225
05660,2011,0.7583,1,13187
05660,2012,0.7596,1,13165
05660,2013,0.761,1,13141
05660,2014,0.7655,1,13064
05660,2015,0.7679,1,13022
05660,2016,0.7696,1,12993
05664,2010,1.4985,3,20020
05664,2011,1.4838,3,20218
05664,2012,1.4707,3,20399
05664,2013,1.4569,3,20592
05664,2014,1.4434,3,20784
05664,2015,1.4306,3,20970
05664,2016,1.4134,3,21226
05665,2010,0.348,1,28732
05665,2011,0.3451,1,28981
05665,2012,0.3429,1,29166
05665,2013,0.3406,1,29359
05665,2014,0.3387,1,29525
05665,2015,0.3357,1,29792
05665,2016,0.3322,1,30106
05667,2010,1.8469,3,16243
05667,2011,1.8585,3,16142
05667,2012,1.866,3,16077
05667,2013,1.8763,3,15989
05667,2014,1.889,3,15881
05667,2015,1.904,3,15756
05667,2016,1.9083,3,15721
05670,2010,0.952,2,21008
05670,2011,0.9503,2,21045
05670,2012,0.95,2,21052
05670,2013,0.9476,2,21107
05670,2014,0.9476,2,21105
05670,2015,0.9447,2,21171
05670,2016,0.9426,2,21217
05674,2010,0.4599,1,21746
05674,2011,0.4595,1,21763
05674,2012,0.4595,1,21764
05674,2013,0.4595,1,21765
05679,2010,0.3634,1,27520
05679,2011,0.365,1,27394
05679,2012,0.3673,1,27227
05679,2013,0.3697,1,27047
05679,2014,0.3718,1,26893
05679,2015,0.3735,1,26771
05679,2016,0.3749,1,26671
05686,2010,0.3005,1,33279
05686,2011,0.298,1,33557
05686,2012,0.2952,1,33874
05690,2010,1.5048,2,13291
05690,2011,1.5236,2,13127
05690,2012,1.5373,2,13010
05690,2013,1.5532,2,12877
05690,2014,1.5685,2,12751
05690,2015,1.5868,2,12604
05690,2016,1.5955,2,12535
05697,2010,0.3082,1,32446
05697,2011,0.3055,1,32729
05697,2012,0.3028,1,33030
05697,2013,0.2995,1,33391
05697,2014,0.2967,1,33707
05697,2015,0.2942,1,33985
05697,2016,0.2911,1,34347
05736,2010,0.5923,2,33766
05736,2011,0.5841,2,34239
05736,2012,0.576,2,34725
05736,2013,0.5679,2,35217
05736,2014,0.5609,2,35659
05736,2015,0.5542,2,36088
05736,2016,0.5464,2,36605
05756,2010,0.8059,3,37224
05756,2011,0.8108,3,37002
05756,2012,0.8147,3,36825
05756,2013,0.8192,3,36621
05756,2014,0.8225,3,36474
05756,2015,0.825,3,36363
05756,2016,0.8278,3,36242
05761,2010,0.69,1,14493
05761,2011,0.6883,1,14529
05761,2012,0.6861,1,14576
05761,2013,0.6844,1,14612
05761,2014,0.6808,1,14688
05761,2015,0.6769,1,14773
05761,2016,0.672,1,14882
05789,2010,1.7248,3,17393
05789,2011,1.742,3,17222
05789,2012,1.7594,3,17051
05789,2013,1.7739,3,16912
05789,2014,1.7902,3,16758
05789,2015,1.8112,3,16564
05789,2016,1.8247,3,16441
05790,2010,0.4182,1,23910
05790,2011,0.4118,1,24285
05790,2012,0.407,1,24570
05790,2013,0.402,1,24875
05790,2014,0.397,1,25191
05790,2015,0.3911,1,25566
05790,2016,0.385,1,25973
05792,2010,1.5676,1,6379
05792,2011,1.5659,1,6386
05792,2012,1.5795,1,6331
05792,2013,1.5926,1,6279
05792,2014,1.5985,1,6256
05792,2015,1.6103,1,6210
05792,2016,1.6284,1,6141
05809,2010,0.8668,1,11537
05809,2011,0.8733,1,11451
05809,2012,0.8817,1,11342
05809,2013,0.8898,1,11239
05809,2014,0.8976,1,11141
05809,2015,0.908,1,11013
05809,2016,0.9098,1,10992
05819,2010,1.8808,1,5317
05819,2011,1.9029,1,5255
05819,2012,1.9234,1,5199
05819,2013,3.8767,2,5159
05819,2014,3.9116,2,5113
05819,2015,5.8997,3,5085
05819,2016,3.9612,2,5049
05837,2010,0.3603,4,111028
05837,2011,1.3321,15,112602
05837,2012,1.3149,15,114076
05837,2013,1.2982,15,115542
05837,2014,1.2818,15,117026
05837,2015,1.2651,15,118571
05837,2016,1.2475,15,120238
05842,2010,1.3646,1,7328
05842,2011,1.3759,1,7268
05842,2012,1.3899,1,7195
05842,2013,1.3994,1,7146
05842,2014,1.4116,1,7084
05842,2015,1.4184,1,7050
05842,2016,1.4374,1,6957
05847,2010,0.682,2,29324
05847,2011,0.3405,1,29371
05847,2012,0.3405,1,29365
05847,2013,0.3401,1,29407
05847,2014,0.3396,1,29450
05847,2015,0.3385,1,29540
05847,2016,0.3375,1,29631
05854,2010,1.4686,2,13618
05854,2011,1.4667,2,13636
05854,2012,1.4661,2,13642
05854,2013,1.4654,2,13648
05854,2014,1.4651,2,13651
05854,2015,1.4601,2,13698
05854,2016,1.4617,2,13683
05856,2010,1.3563,1,7373
05856,2011,1.3744,1,7276
05856,2012,1.3994,1,7146
05856,2013,1.4241,1,7022
05856,2014,1.4432,1,6929
05856,2015,1.4661,1,6821
05856,2016,1.4821,1,6747
05858,2010,0.8393,1,11914
05858,2011,0.8412,1,11888
05858,2012,0.8407,1,11895
05858,2013,0.8422,1,11873
05858,2014,0.846,1,11820
05858,2015,0.8511,1,11750
05858,2016,0.8506,1,11757
05861,2010,1.6842,2,11875
05861,2011,1.6968,2,11787
05861,2012,1.6896,2,11837
05861,2013,1.6988,2,11773
05861,2014,1.7109,2,11690
05861,2015,1.7203,2,11626
05861,2016,3.4382,4,11634
05873,2010,4.7405,4,8438
05873,2011,4.7081,4,8496
05873,2012,4.668,4,8569
05873,2013,4.6237,4,8651
05873,2014,4.5725,4,8748
05873,2015,4.5579,4,8776
05873,2016,4.5239,4,8842
05885,2010,1.312,1,7622
05885,2011,1.3149,1,7605
05885,2012,1.3167,1,7595
05885,2013,1.32,1,7576
05885,2014,1.3177,1,7589
05885,2015,1.3148,1,7606
05885,2016,1.3127,1,7618
05887,2010,0.2532,1,39491
05887,2011,0.252,1,39681
05887,2012,0.2508,1,39868
05887,2013,0.2496,1,40070
05887,2014,0.2487,1,40217
05887,2015,0.2474,1,40418
05887,2016,0.2458,1,40691
05890,2010,0.4497,1,22235
05890,2011,0.4498,1,22233
05890,2012,0.4501,1,22219
05890,2013,0.4502,1,22214
05890,2014,0.4507,1,22190
05890,2015,0.4503,1,22209
05890,2016,0.4489,1,22278
05893,2010,2.4756,4,16158
05893,2011,1.8173,3,16508
05893,2012,1.7783,3,16870
05893,2013,2.3283,4,17180
05893,2014,0.5716,1,17496
05893,2015,0.5614,1,17813
05893,2016,0.5493,1,18204
05895,2010,1.2522,3,23958
05895,2011,1.2492,3,24015
05895,2012,1.2483,3,24032
08001,2010,0.461,52,1128038
08001,2011,0.0617,7,1134420
08001,2012,0.0526,6,1140345
08001,2013,0.0523,6,1146186
08001,2014,0.0695,8,1151863
08001,2015,0.0432,5,1158051
08001,2016,0.0343,4,1167555
08078,2010,1.0844,6,55331
08078,2011,1.0714,6,56000
08078,2012,1.0587,6,56671
08078,2013,1.0463,6,57347
08078,2014,1.0339,6,58035
08078,2015,1.0213,6,58747
08078,2016,0.8386,5,59622
08137,2010,0.8588,2,23289
08137,2011,0.8651,2,23118
08137,2012,0.8716,2,22947
08137,2013,0.875,2,22858
08137,2014,0.8802,2,22723
08137,2015,0.885,2,22599
08137,2016,0.8867,2,22555
08141,2010,2.1169,3,14172
08141,2011,2.0891,3,14360
08141,2012,2.0638,3,14536
08141,2013,2.0422,3,14690
08141,2014,2.0176,3,14869
08141,2015,1.9953,3,15035
08141,2016,0.6556,1,15254
08296,2010,0.2023,1,49440
08296,2011,0.1972,1,50713
08296,2012,0.1928,1,51867
08296,2013,0.1883,1,53117
08296,2014,0.1841,1,54320
08296,2015,0.1801,1,55535
08296,2016,0.1756,1,56946
08372,2010,2.2167,4,18045
08372,2011,2.1732,4,18406
08372,2012,2.1336,4,18748
08372,2013,2.106,4,18993
08372,2014,1.5526,3,19323
08372,2015,1.5311,3,19594
08372,2016,2.0077,4,19923
08421,2010,1.9729,5,25344
08421,2011,1.9527,5,25606
08421,2012,1.9312,5,25890
08421,2013,1.9126,5,26143
08421,2014,1.8969,5,26359
08421,2015,1.8757,5,26657
08421,2016,2.2184,6,27047
08433,2010,0.4555,5,109771
08433,2011,0.4475,5,111734
08433,2012,0.44,5,113649
08433,2013,0.5193,6,115540
08433,2014,0.511,6,117411
08433,2015,0.419,5,119329
08433,2016,0.4935,6,121589
08436,2010,0.5336,1,18739
08436,2011,0.5322,1,18791
08436,2012,0.5293,1,18894
08436,2013,0.5278,1,18945
08436,2014,1.0518,2,19015
08436,2015,1.0482,2,19080
08436,2016,1.0412,2,19208
08520,2010,0.3948,1,25332
08520,2011,0.389,1,25705
08520,2012,0.3843,1,26023
08520,2013,0.3788,1,26400
08520,2014,0.3739,1,26747
08520,2015,0.3682,1,27158
08520,2016,0.3628,1,27561
08549,2010,3.4048,2,5874
08549,2011,3.3653,2,5943
08549,2012,3.3395,2,5989
08549,2013,3.2992,2,6062
08549,2014,3.2648,2,6126
08549,2015,3.2253,2,6201
08549,2016,3.1771,2,6295
08558,2010,1.2375,2,16162
08558,2011,1.2241,2,16338
08558,2012,1.2082,2,16554
08558,2013,1.1996,2,16672
08558,2014,1.1837,2,16896
08558,2015,1.1703,2,17090
08558,2016,0.5757,1,17371
08560,2010,2.3651,5,21141
08560,2011,2.336,5,21404
08560,2012,2.3021,5,21719
08560,2013,2.2853,5,21879
08560,2014,2.2513,5,22209
08560,2015,2.226,5,22462
08560,2016,2.1951,5,22778
08573,2010,0.4779,2,41854
08573,2011,0.4692,2,42626
08573,2012,0.4607,2,43408
08573,2013,0.4524,2,44210
08573,2014,0.4449,2,44954
08573,2015,0.4372,2,45741
08573,2016,0.4288,2,46638
08606,2010,2.5311,6,23705
08606,2011,2.0891,5,23934
08606,2012,2.0683,5,24175
08606,2013,2.051,5,24378
08606,2014,2.44,6,24590
08606,2015,2.4157,6,24838
08606,2016,2.3864,6,25143
08634,2010,0.36,1,27779
08634,2011,0.3538,1,28267
08634,2012,0.3485,1,28696
08634,2013,0.3421,1,29233
08634,2014,0.3374,1,29635
08634,2015,0.332,1,30117
08634,2016,0.3257,1,30705
08638,2010,1.4496,12,82781
08638,2011,1.4315,12,83826
08638,2012,1.4153,12,84785
08638,2013,1.3981,12,85830
08638,2014,1.3821,12,86822
08638,2015,1.3656,12,87874
08638,2016,1.3455,12,89188
08675,2010,2.1601,3,13888
08675,2011,2.1231,3,14130
08675,2012,2.0791,3,14429
08675,2013,2.0627,3,14544
08675,2014,1.3546,2,14764
08675,2015,1.3341,2,14991
08675,2016,1.3112,2,15253
08685,2010,0.3778,1,26469
08685,2011,0.3734,1,26779
08685,2012,0.3695,1,27061
08685,2013,0.3643,1,27447
08685,2014,0.3602,1,27762
08685,2015,0.3558,1,28107
08685,2016,0.3509,1,28502
08758,2010,0.2209,11,498057
08758,2011,0.2158,11,509818
08758,2012,0.2302,12,521275
08758,2013,0.2441,13,532656
08758,2014,0.2206,12,543857
08758,2015,0.1981,11,555266
08758,2016,0.1936,11,568201
08770,2010,0.8894,1,11243
08770,2011,0.8843,1,11309
08770,2012,0.8778,1,11392
08770,2013,0.8757,1,11420
08770,2014,0.8728,1,11457
08770,2015,0.8708,1,11484
08770,2016,0.8653,1,11557
08832,2010,3.431,5,14573
08832,2011,3.3627,5,14869
08832,2012,3.2843,5,15224
08832,2013,3.2136,5,15559
08832,2014,3.1642,5,15802
08832,2015,3.1118,5,16068
08832,2016,0.6082,1,16442
08849,2010,0.9408,1,10629
08849,2011,0.9216,1,10851
08849,2012,0.9022,1,11084
08849,2013,0.8908,1,11226
08849,2014,0.8803,1,11360
08849,2015,0.8671,1,11533
08849,2016,0.8538,1,11713
11001,2010,0.3311,235,7096886
11001,2011,0.3327,238,7152656
11001,2012,0.3432,247,7195980
11001,2013,0.3403,246,7228427
11001,2014,0.3309,240,7252949
11001,2015,0.341,248,7273265
11001,2016,0.3232,236,7300918
13001,2010,0.6602,59,893696
13001,2011,0.7532,68,902797
13001,2012,0.768,70,911414
13001,2013,0.6306,58,919794
13001,2014,0.6359,59,927832
13001,2015,0.6304,59,935887
13001,2016,0.6241,59,945316
13006,2010,0.4715,1,21210
13006,2011,0.4632,1,21588
13006,2012,2.7314,6,21967
13006,2013,2.6912,6,22295
13006,2014,2.6502,6,22640
13006,2015,2.613,6,22962
13006,2016,2.5659,6,23384
13030,2010,1.0264,1,9743
13030,2011,1.0116,1,9885
13030,2012,2,2,10000
13030,2013,1.9765,2,10119
13030,2014,1.9416,2,10301
13030,2015,1.9272,2,10378
13030,2016,0.9459,1,10572
13042,2010,1.3144,1,7608
13042,2011,1.3172,1,7592
13042,2012,5.277,4,7580
13042,2013,5.3086,4,7535
13042,2014,5.3555,4,7469
13042,2015,5.4083,4,7396
13042,2016,5.434,4,7361
13052,2010,1.2692,8,63032
13052,2011,1.2546,8,63765
13052,2012,1.2406,8,64485
13052,2013,1.2274,8,65181
13052,2014,1.2148,8,65855
13052,2015,1.2016,8,66578
13052,2016,1.1878,8,67351
13062,2010,1.1722,1,8531
13062,2011,1.1855,1,8435
13062,2012,1.1956,1,8364
13062,2013,1.1965,1,8358
13062,2014,1.2073,1,8283
13062,2015,1.224,1,8170
13062,2016,1.2287,1,8139
13074,2010,2.8588,4,13992
13074,2011,2.8385,4,14092
13074,2012,2.8171,4,14199
13074,2013,2.8003,4,14284
13074,2014,2.7865,4,14355
13074,2015,2.7759,4,14410
13074,2016,2.755,4,14519
13140,2010,0.4838,1,20669
13140,2011,0.4789,1,20880
13140,2012,2.3726,5,21074
13140,2013,2.3517,5,21261
13140,2014,2.3317,5,21444
13140,2015,0.4627,1,21611
13140,2016,0.9151,2,21855
13160,2010,8.6868,6,6907
13160,2011,1.4201,1,7042
13160,2012,1.3829,1,7231
13160,2013,1.3517,1,7398
13160,2014,1.3298,1,7520
13160,2015,1.3029,1,7675
13160,2016,1.2786,1,7821
13188,2010,8.0271,9,11212
13188,2011,4.3425,5,11514
13188,2012,4.2448,5,11779
13188,2013,4.1608,5,12017
13188,2014,4.0793,5,12257
13188,2015,3.9888,5,12535
13188,2016,3.9246,5,12740
13212,2010,7.9286,12,15135
13212,2011,0.6563,1,15237
13212,2012,5.8785,9,15310
13212,2013,5.8502,9,15384
13212,2014,5.8332,9,15429
13212,2015,5.8185,9,15468
13212,2016,5.7674,9,15605
13222,2010,0.7467,1,13393
13222,2011,0.7371,1,13566
13222,2012,0.7315,1,13671
13222,2013,2.1745,3,13796
13222,2014,0.7189,1,13911
13222,2015,0.7125,1,14036
13222,2016,0.7071,1,14143
13244,2010,0.4335,3,69210
13244,2011,0.8657,6,69305
13244,2012,1.0098,7,69322
13244,2013,1.0094,7,69348
13244,2014,1.0098,7,69322
13244,2015,1.0102,7,69291
13244,2016,1.0086,7,69403
13248,2010,8.5995,7,8140
13248,2011,1.2232,1,8175
13248,2012,1.2146,1,8233
13248,2013,1.2021,1,8319
13248,2014,1.1962,1,8360
13248,2015,1.2024,1,8317
13248,2016,1.1913,1,8394
13268,2010,5.2938,5,9445
13268,2011,1.085,1,9217
13268,2012,1.1116,1,8996
13268,2013,1.1423,1,8754
13268,2014,1.1806,1,8470
13268,2015,1.2096,1,8267
13268,2016,1.2458,1,8027
13300,2010,0.7646,1,13078
13300,2011,0.7704,1,12980
13300,2012,6.2126,8,12877
13300,2013,6.2755,8,12748
13300,2014,6.3391,8,12620
13300,2015,3.2041,4,12484
13300,2016,3.2232,4,12410
13430,2010,1.0497,13,123845
13430,2011,1.2006,15,124937
13430,2012,1.1911,15,125937
13430,2013,1.1819,15,126913
13430,2014,1.1734,15,127838
13430,2015,1.0871,14,128781
13430,2016,1.1549,15,129878
13433,2010,3.154,8,25365
13433,2011,3.117,8,25666
13433,2012,3.0867,8,25918
13433,2013,3.062,8,26127
13433,2014,3.0371,8,26341
13433,2015,1.5035,4,26604
13433,2016,2.6116,7,26804
13440,2010,3.064,3,9791
13440,2011,3.038,3,9875
13440,2012,3.0166,3,9945
13440,2013,0.9989,1,10011
13440,2014,0.9908,1,10093
13440,2015,0.978,1,10225
13440,2016,0.9665,1,10347
13442,2010,2.6153,11,42060
13442,2011,2.5855,11,42545
13442,2012,2.5583,11,42998
13442,2013,2.5338,11,43413
13442,2014,2.5092,11,43838
13442,2015,2.4855,11,44257
13442,2016,2.6828,12,44730
13458,2010,0.7632,1,13102
13458,2011,0.7412,1,13492
13458,2012,2.1612,3,13881
13458,2013,2.105,3,14252
13458,2014,2.0495,3,14638
13458,2015,2.0013,3,14990
13458,2016,1.9462,3,15415
13468,2010,1.9283,8,41487
13468,2011,1.9145,8,41786
13468,2012,2.8514,12,42085
13468,2013,3.0643,13,42424
13468,2014,3.0469,13,42667
13468,2015,3.0261,13,42960
13468,2016,2.9995,13,43341
13473,2010,0.5317,1,18806
13473,2011,2.6016,5,19219
13473,2012,2.5523,5,19590
13473,2013,2.4976,5,20019
13473,2014,2.9419,6,20395
13473,2015,0.9608,2,20815
13473,2016,1.4165,3,21179
13490,2011,9.0351,5,5534
13490,2013,3.067,2,6521
13490,2014,4.2535,3,7053
13490,2015,1.3212,1,7569
13490,2016,1.235,1,8097
13549,2010,2.6599,6,22557
13549,2011,2.6332,6,22786
13549,2012,2.6119,6,22972
13549,2013,2.5935,6,23135
13549,2014,2.5763,6,23289
13549,2015,2.5625,6,23415
13549,2016,2.541,6,23613
13580,2010,3.3608,2,5951
13580,2011,3.3135,2,6036
13580,2012,3.26,2,6135
13580,2013,1.6093,1,6214
13580,2014,1.5808,1,6326
13580,2015,1.5706,1,6367
13580,2016,1.5359,1,6511
13600,2010,0.8913,1,11219
13600,2011,0.8996,1,11116
13600,2012,5.4417,6,11026
13600,2013,5.474,6,10961
13600,2014,5.5397,6,10831
13600,2015,0.9305,1,10747
13600,2016,0.9392,1,10647
13620,2010,1.3113,1,7626
13620,2011,1.3019,1,7681
13620,2012,1.2979,1,7705
13620,2013,2.5836,2,7741
13620,2014,2.5575,2,7820
13620,2015,2.5474,2,7851
13620,2016,2.5129,2,7959
13647,2010,1.1751,2,17020
13647,2011,1.1684,2,17118
13647,2012,1.1588,2,17259
13647,2013,1.1504,2,17386
13647,2014,1.1407,2,17533
13647,2015,1.1316,2,17674
13647,2016,1.125,2,17777
13650,2010,1.7596,2,11366
13650,2011,1.7402,2,11493
13650,2012,2.5842,3,11609
13650,2013,2.5707,3,11670
13650,2014,2.5312,3,11852
13650,2015,2.5103,3,11951
13650,2016,1.6519,2,12107
13654,2010,0.4095,1,24423
13654,2011,0.4105,1,24358
13654,2012,0.4123,1,24257
13654,2013,0.4144,1,24132
13654,2014,0.4162,1,24028
13654,2015,0.8352,2,23947
13654,2016,0.8372,2,23888
13655,2010,2.4531,2,8153
13655,2011,2.3898,2,8369
13655,2012,4.6734,4,8559
13655,2013,4.5652,4,8762
13655,2014,2.2462,2,8904
13655,2015,2.182,2,9166
13655,2016,2.1324,2,9379
13657,2010,1.1384,4,35138
13657,2011,1.1328,4,35311
13657,2012,1.1265,4,35508
13657,2013,1.1214,4,35671
13657,2014,1.1172,4,35805
13657,2015,1.1139,4,35911
13657,2016,1.3805,5,36218
13667,2010,0.9966,2,20068
13667,2011,1.0295,2,19426
13667,2012,2.13,4,18779
13667,2013,2.2079,4,18117
13667,2014,2.2929,4,17445
13667,2015,1.194,2,16751
13667,2016,1.2441,2,16076
13670,2010,0.4031,1,24809
13670,2011,0.3982,1,25116
13670,2012,1.5749,4,25398
13670,2013,1.5595,4,25649
13670,2014,1.5451,4,25888
13670,2015,1.5299,4,26146
13670,2016,1.5131,4,26436
13673,2010,0.7601,1,13157
13673,2011,0.7492,1,13348
13673,2012,0.7411,1,13493
13673,2013,0.7338,1,13628
13673,2014,0.7268,1,13759
13673,2015,2.1692,3,13830
13673,2016,2.1336,3,14061
13683,2010,0.5343,1,18716
13683,2011,0.5266,1,18989
13683,2012,0.5186,1,19281
13683,2013,0.513,1,19493
13683,2014,0.5058,1,19769
13683,2015,0.4986,1,20057
13683,2016,0.9857,2,20291
13688,2010,0.365,1,27401
13688,2011,0.3566,1,28045
13688,2012,0.3488,1,28671
13688,2013,0.3417,1,29268
13688,2014,0.3349,1,29863
13688,2015,0.3279,1,30498
13688,2016,0.3218,1,31080
13744,2010,0.6546,1,15277
13744,2011,0.6404,1,15616
13744,2013,0.6161,1,16232
13744,2014,0.6021,1,16608
13744,2015,0.5919,1,16895
13744,2016,0.5794,1,17260
13760,2010,0.9891,1,10110
13760,2011,0.9865,1,10137
13760,2012,0.9764,1,10242
13760,2013,0.9719,1,10289
13760,2014,0.9695,1,10315
13760,2015,0.9595,1,10422
13760,2016,0.9595,1,10422
13780,2010,1.3901,2,14387
13780,2011,0.7026,1,14233
13780,2012,2.8433,4,14068
13780,2013,2.885,4,13865
13780,2014,2.9184,4,13706
13780,2015,2.956,4,13532
13780,2016,1.5007,2,13327
13810,2010,1.8151,3,16528
13810,2011,1.7964,3,16700
13810,2012,1.7806,3,16848
13810,2013,1.7596,3,17049
13810,2014,1.7441,3,17201
13810,2015,0.576,1,17361
13810,2016,0.5709,1,17515
13836,2010,0.8778,8,91136
13836,2011,0.1077,1,92862
13836,2012,0.1058,1,94515
13836,2013,0.104,1,96145
13836,2014,0.7167,7,97668
13836,2015,0.7054,7,99237
13836,2016,0.5945,6,100929
13838,2010,2,3,15000
13838,2011,0.6602,1,15148
13838,2012,0.6527,1,15322
13838,2013,0.6456,1,15489
13838,2014,0.6412,1,15596
13838,2015,0.6358,1,15728
13838,2016,0.6296,1,15883
13873,2010,1.8408,4,21730
13873,2011,0.4561,1,21926
13873,2012,0.4515,1,22147
13873,2013,0.8933,2,22388
13873,2014,0.885,2,22598
13873,2015,0.8758,2,22837
13873,2016,0.8675,2,23055
13894,2010,0.8574,1,11663
13894,2011,0.8577,1,11659
13894,2012,2.5703,3,11672
13894,2013,2.5652,3,11695
13894,2014,1.7031,2,11743
13894,2015,1.6991,2,11771
13894,2016,2.5543,3,11745
15001,2010,1.0528,16,151971
15001,2011,1.0347,16,154630
15001,2012,1.0815,17,157191
15001,2013,1.1272,18,159682
15001,2014,1.1099,18,162176
15001,2015,0.9108,15,164693
15001,2016,0.8971,15,167207
15022,2010,2.8425,1,3518
15022,2011,3.0148,1,3317
15022,2012,3.1817,1,3143
15022,2013,3.4165,1,2927
15022,2014,3.69,1,2710
15022,2015,3.9002,1,2564
15022,2016,4.2863,1,2333
15047,2010,0.6451,1,15502
15047,2011,0.6483,1,15426
15047,2012,0.6491,1,15406
15047,2013,0.6498,1,15389
15047,2014,0.6504,1,15375
15047,2015,0.6518,1,15341
15047,2016,0.653,1,15315
15051,2010,1.885,1,5305
15051,2011,1.8706,1,5346
15051,2012,1.8495,1,5407
15051,2013,1.8232,1,5485
15051,2014,1.8044,1,5542
15051,2015,1.779,1,5621
15051,2016,1.7498,1,5715
15087,2010,1.2942,1,7727
15087,2011,1.3077,1,7647
15087,2012,1.3165,1,7596
15087,2013,1.3217,1,7566
15087,2014,1.3282,1,7529
15087,2015,1.3287,1,7526
15087,2016,1.3214,1,7568
15090,2010,6.0459,1,1654
15090,2011,6.1013,1,1639
15090,2012,5.9277,1,1687
15090,2013,5.8275,1,1716
15090,2014,5.7904,1,1727
15090,2015,5.9347,1,1685
15090,2016,6.1881,1,1616
15092,2010,4.5005,1,2222
15092,2011,4.4924,1,2226
15092,2012,4.5393,1,2203
15092,2013,4.6729,1,2140
15092,2014,4.7642,1,2099
15092,2015,4.902,1,2040
15092,2016,5.0839,1,1967
15097,2010,1.4059,1,7113
15097,2011,1.4611,1,6844
15097,2012,1.5223,1,6569
15097,2013,1.5865,1,6303
15097,2014,1.6573,1,6034
15097,2015,1.7238,1,5801
15097,2016,1.7899,1,5587
15104,2010,3.9479,2,5066
15104,2011,1.992,1,5020
15104,2012,2,1,5000
15104,2013,1.9992,1,5002
15104,2014,2.0012,1,4997
15104,2015,2.0153,1,4962
15104,2016,1.9948,1,5013
15106,2010,4.0404,1,2475
15106,2012,4.1271,1,2423
15106,2013,4.1999,1,2381
15106,2014,4.2391,1,2359
15106,2015,4.3085,1,2321
15106,2016,4.4964,1,2224
15109,2010,2.1617,1,4626
15109,2011,2.173,1,4602
15109,2012,2.1825,1,4582
15109,2013,2.2065,1,4532
15109,2014,2.2247,1,4495
15109,2015,2.2487,1,4447
15109,2016,2.2676,1,4410
15114,2010,9.6061,1,1041
15114,2011,9.5147,1,1051
15114,2012,9.3197,1,1073
15114,2013,9.2421,1,1082
15114,2014,9.1241,1,1096
15114,2015,9.1241,1,1096
15114,2016,9.0498,1,1105
15131,2010,2.9464,1,3394
15131,2011,2.986,1,3349
15131,2012,3.0257,1,3305
15131,2013,3.0618,1,3266
15131,2014,3.0798,1,3247
15131,2015,3.0581,1,3270
15131,2016,3.0817,1,3245
15135,2010,2.8003,1,3571
15135,2011,2.8571,1,3500
15135,2012,2.9146,1,3431
15135,2013,2.9833,1,3352
15135,2014,3.0102,1,3322
15135,2015,3.0432,1,3286
15135,2016,3.075,1,3252
15162,2010,2.5265,1,3958
15162,2011,2.5562,1,3912
15162,2012,2.58,1,3876
15162,2013,2.5994,1,3847
15162,2014,2.6076,1,3835
15162,2015,2.5988,1,3848
15162,2016,2.6261,1,3808
15172,2010,2.9481,1,3392
15172,2011,2.994,1,3340
15172,2012,3.0066,1,3326
15172,2013,3.0184,1,3313
15172,2014,3.0423,1,3287
15172,2015,3.0525,1,3276
15172,2016,3.123,1,3202
15176,2010,0.7907,4,50585
15176,2011,0.9747,5,51297
15176,2012,0.7701,4,51941
15176,2013,0.7603,4,52614
15176,2014,0.7502,4,53322
15176,2015,0.7419,4,53918
15176,2016,0.7331,4,54562
15180,2010,2.1739,1,4600
15180,2011,2.2381,1,4468
15180,2012,2.2862,1,4374
15180,2013,2.3137,1,4322
15180,2014,2.3736,1,4213
15180,2015,2.3923,1,4180
15180,2016,2.3952,1,4175
15183,2010,1.0213,1,9791
15183,2011,1.0438,1,9580
15183,2012,1.0695,1,9350
15183,2013,1.1,1,9091
15183,2014,1.1329,1,8827
15183,2015,1.166,1,8576
15183,2016,1.1959,1,8362
15185,2010,1.7027,1,5873
15185,2011,1.7106,1,5846
15185,2012,1.7173,1,5823
15185,2013,1.7265,1,5792
15185,2014,1.7316,1,5775
15185,2015,1.744,1,5734
15185,2016,1.7434,1,5736
15187,2010,3.667,1,2727
15187,2011,3.5984,1,2779
15187,2012,3.6062,1,2773
15187,2013,3.5791,1,2794
15187,2014,3.5311,1,2832
15187,2015,3.5842,1,2790
15187,2016,3.5804,1,2793
15189,2010,2.096,1,4771
15189,2011,2.1182,1,4721
15189,2012,2.1268,1,4702
15189,2013,2.1409,1,4671
15189,2014,2.1561,1,4638
15189,2015,2.1464,1,4659
15189,2016,2.1505,1,4650
15204,2010,0.8449,1,11836
15204,2011,0.8366,1,11953
15204,2012,1.6578,2,12064
15204,2013,1.6433,2,12171
15204,2014,2.4345,3,12323
15204,2015,0.8023,1,12464
15204,2016,0.7946,1,12585
15212,2010,2.5272,1,3957
15212,2011,2.5667,1,3896
15212,2012,2.5887,1,3863
15212,2013,2.6364,1,3793
15212,2014,2.6738,1,3740
15212,2015,2.6738,1,3740
15212,2016,2.6596,1,3760
15215,2010,4.1459,1,2412
15215,2011,4.1186,1,2428
15215,2012,4.1477,1,2411
15215,2013,4.1391,1,2416
15215,2014,4.1186,1,2428
15215,2015,4.0933,1,2443
15215,2016,4.085,1,2448
15218,2010,2.9985,1,3335
15218,2011,3.0941,1,3232
15218,2012,3.1546,1,3170
15218,2013,3.1969,1,3128
15218,2014,3.251,1,3076
15218,2015,3.3102,1,3021
15218,2016,3.3715,1,2966
15223,2010,1.1587,1,8630
15223,2011,1.1352,1,8809
15223,2012,1.1098,1,9011
15223,2013,1.0838,1,9227
15223,2014,1.0616,1,9420
15223,2015,1.0403,1,9613
15223,2016,1.0176,1,9827
15224,2010,2.7949,1,3578
15224,2011,2.7933,1,3580
15224,2012,2.7601,1,3623
15224,2013,2.7042,1,3698
15224,2014,2.6882,1,3720
15224,2015,2.686,1,3723
15224,2016,2.6824,1,3728
15226,2010,5.3447,1,1871
15226,2011,5.3821,1,1858
15226,2012,5.3248,1,1878
15226,2013,5.4054,1,1850
15226,2014,5.4645,1,1830
15226,2015,5.5157,1,1813
15226,2016,5.5463,1,1803
15232,2010,2.1372,1,4679
15232,2011,2.1478,1,4656
15232,2012,2.1631,1,4623
15232,2013,2.1468,1,4658
15232,2014,2.1464,1,4659
15232,2015,2.165,1,4619
15232,2016,2.1561,1,4638
15236,2010,3.5702,1,2801
15236,2011,3.5958,1,2781
15236,2012,3.6563,1,2735
15236,2013,3.6955,1,2706
15236,2014,3.7538,1,2664
15236,2015,3.8052,1,2628
15236,2016,3.9573,1,2527
15238,2010,1.196,13,108694
15238,2011,0.905,10,110498
15238,2012,0.9805,11,112192
15238,2013,0.9664,11,113827
15238,2014,0.8658,10,115501
15238,2015,0.7682,9,117159
15238,2016,0.7572,9,118852
15244,2010,2.045,1,4890
15244,2011,2.0781,1,4812
15244,2012,2.1227,1,4711
15244,2013,2.158,1,4634
15244,2014,2.2099,1,4525
15244,2015,2.2665,1,4412
15244,2016,2.2862,1,4374
15248,2010,3.0239,1,3307
15248,2011,3.0148,1,3317
15248,2012,3.0989,1,3227
15248,2013,3.1596,1,3165
15248,2014,3.2123,1,3113
15248,2015,3.2268,1,3099
15248,2016,3.2478,1,3079
15272,2010,1.5865,1,6303
15272,2011,1.5813,1,6324
15272,2012,1.5758,1,6346
15272,2013,1.581,1,6325
15272,2014,1.5783,1,6336
15272,2015,1.5627,1,6399
15272,2016,1.533,1,6523
15276,2010,2.8425,1,3518
15276,2011,2.8736,1,3480
15276,2012,2.9087,1,3438
15276,2013,2.9129,1,3433
15276,2014,2.924,1,3420
15276,2015,2.9283,1,3415
15276,2016,2.9851,1,3350
15293,2010,3.4341,1,2912
15293,2011,3.453,1,2896
15293,2012,3.4746,1,2878
15293,2013,3.4211,1,2923
15293,2014,3.4722,1,2880
15293,2015,3.5112,1,2848
15293,2016,3.5791,1,2794
15296,2010,1.994,1,5015
15296,2011,2.021,1,4948
15296,2012,2.0387,1,4905
15296,2013,2.0446,1,4891
15296,2014,2.0708,1,4829
15296,2015,2.0597,1,4855
15296,2016,2.0657,1,4841
15299,2010,0.5968,1,16756
15299,2011,0.5915,1,16906
15299,2012,1.1738,2,17039
15299,2013,1.1635,2,17189
15299,2014,1.1574,2,17280
15299,2015,0.5747,1,17401
15299,2016,0.5713,1,17504
15317,2010,4.7574,1,2102
15317,2011,4.8333,1,2069
15317,2012,4.8146,1,2077
15317,2013,4.9407,1,2024
15317,2014,4.9677,1,2013
15317,2015,5.1626,1,1937
15317,2016,5.2659,1,1899
15322,2010,0.962,1,10395
15322,2011,0.9571,1,10448
15322,2012,1.9102,2,10470
15322,2013,1.9073,2,10486
15322,2014,1.8983,2,10536
15322,2015,0.949,1,10537
15322,2016,0.9435,1,10599
15325,2010,2.3546,1,4247
15325,2011,2.4349,1,4107
15325,2012,2.4994,1,4001
15325,2013,2.5733,1,3886
15325,2014,2.656,1,3765
15325,2015,2.7086,1,3692
15325,2016,2.748,1,3639
15332,2010,2.1372,1,4679
15332,2011,2.1716,1,4605
15332,2012,2.1882,1,4570
15332,2013,2.2222,1,4500
15332,2014,2.2599,1,4425
15332,2015,2.3116,1,4326
15332,2016,2.3186,1,4313
15362,2010,5.5897,1,1789
15362,2011,5.2854,1,1892
15362,2012,5.2966,1,1888
15362,2013,5.2466,1,1906
15362,2014,5.2687,1,1898
15362,2015,5.2356,1,1910
15362,2016,5.2083,1,1920
15367,2010,1.4474,1,6909
15367,2011,1.4403,1,6943
15367,2012,1.4355,1,6966
15367,2013,1.4351,1,6968
15367,2014,1.4327,1,6980
15367,2015,1.4329,1,6979
15367,2016,1.4259,1,7013
15368,2010,2.3702,1,4219
15368,2011,2.3981,1,4170
15368,2012,2.4301,1,4115
15368,2013,2.4685,1,4051
15368,2014,2.4679,1,4052
15368,2015,2.4661,1,4055
15368,2016,2.4643,1,4058
15377,2010,2.5853,1,3868
15377,2011,2.6192,1,3818
15377,2012,2.6392,1,3789
15377,2013,2.6582,1,3762
15377,2014,2.6954,1,3710
15377,2015,2.6991,1,3705
15377,2016,2.7586,1,3625
15380,2010,3.4977,1,2859
15380,2011,3.5075,1,2851
15380,2012,3.5039,1,2854
15380,2013,3.5336,1,2830
15380,2014,3.5676,1,2803
15380,2015,3.6483,1,2741
15380,2016,3.7397,1,2674
15401,2010,6.9686,1,1435
15401,2011,7.2569,1,1378
15401,2012,7.326,1,1365
15401,2013,7.5358,1,1327
15401,2014,7.722,1,1295
15401,2015,7.9365,1,1260
15401,2016,8.489,1,1178
15403,2010,2.073,1,4824
15403,2011,6.5402,3,4587
15403,2012,6.9093,3,4342
15403,2013,7.2394,3,4144
15403,2014,7.5719,3,3962
15403,2015,2.6947,1,3711
15403,2016,2.9028,1,3445
15407,2010,0.7455,1,13414
15407,2011,0.7302,1,13695
15407,2012,0.7106,1,14072
15407,2013,0.6929,1,14433
15407,2014,0.678,1,14750
15407,2015,0.6645,1,15050
15407,2016,0.6499,1,15386
15425,2010,2.0653,1,4842
15425,2011,2.0648,1,4843
15425,2012,2.0636,1,4846
15425,2013,2.0631,1,4847
15425,2014,2.0559,1,4864
15425,2015,2.07,1,4831
15425,2016,2.0458,1,4888
15442,2010,1.6008,1,6247
15442,2011,4.8371,3,6202
15442,2012,4.8924,3,6132
15442,2013,4.9677,3,6039
15442,2014,1.679,1,5956
15442,2015,5.1282,3,5850
15442,2016,5.168,3,5805
15455,2010,1.1357,1,8805
15455,2011,1.1371,1,8794
15455,2012,1.1374,1,8792
15455,2013,1.1396,1,8775
15455,2014,1.1435,1,8745
15455,2015,1.1417,1,8759
15455,2016,1.1343,1,8816
15464,2010,2.0619,1,4850
15464,2011,2.0713,1,4828
15464,2012,2.0934,1,4777
15464,2013,2.0978,1,4767
15464,2014,2.0991,1,4764
15464,2015,2.1044,1,4752
15464,2016,2.1377,1,4678
15466,2010,2.1858,1,4575
15466,2011,2.2036,1,4538
15466,2012,2.2331,1,4478
15466,2013,2.2543,1,4436
15466,2014,2.28,1,4386
15466,2015,2.3052,1,4338
15466,2016,2.3245,1,4302
15469,2010,0.4597,1,21754
15469,2011,0.4585,1,21811
15469,2012,0.4569,1,21887
15469,2013,0.4549,1,21983
15469,2014,0.9098,2,21982
15469,2015,0.4523,1,22108
15469,2016,0.4484,1,22302
15476,2010,3.8248,2,5229
15476,2011,3.8001,2,5263
15476,2012,1.8868,1,5300
15476,2013,1.8727,1,5340
15476,2014,1.8629,1,5368
15476,2015,1.8437,1,5424
15476,2016,1.8268,1,5474
15480,2010,1.0566,1,9464
15480,2011,1.0654,1,9386
15480,2012,1.0825,1,9238
15480,2013,1.1005,1,9087
15480,2014,1.1135,1,8981
15480,2015,1.1275,1,8869
15480,2016,1.1408,1,8766
15491,2010,2.7714,4,14433
15491,2011,2.7442,4,14576
15491,2012,2.7071,4,14776
15491,2013,2.6799,4,14926
15491,2014,2.6576,4,15051
15491,2015,2.6086,4,15334
15491,2016,2.5752,4,15533
15494,2010,1.9627,1,5095
15494,2011,1.967,1,5084
15494,2012,1.9743,1,5065
15494,2013,1.9818,1,5046
15494,2014,1.9932,1,5017
15494,2015,1.9972,1,5007
15494,2016,1.979,1,5053
15500,2010,3.7807,1,2645
15500,2011,3.758,1,2661
15500,2012,3.6941,1,2707
15500,2013,3.6311,1,2754
15500,2014,3.5651,1,2805
15500,2015,3.5511,1,2816
15500,2016,3.5474,1,2819
15507,2010,1.2593,1,7941
15507,2011,1.2661,1,7898
15507,2012,1.269,1,7880
15507,2013,1.2641,1,7911
15507,2014,1.2658,1,7900
15507,2015,1.2694,1,7878
15507,2016,1.2599,1,7937
15511,2010,3.7037,1,2700
15511,2011,3.7425,1,2672
15511,2012,3.7736,1,2650
15511,2013,3.7994,1,2632
15511,2014,3.7651,1,2656
15511,2015,3.7965,1,2634
15511,2016,3.9448,1,2535
15514,2010,2.8129,1,3555
15514,2011,2.8305,1,3533
15514,2012,2.8523,1,3506
15514,2013,2.8736,1,3480
15514,2014,2.9155,1,3430
15514,2015,2.9394,1,3402
15514,2016,2.9533,1,3386
15516,2010,1.0012,3,29964
15516,2011,0.9873,3,30386
15516,2012,0.9744,3,30789
15516,2013,0.6407,2,31214
15516,2014,0.6317,2,31660
15516,2015,0.624,2,32053
15516,2016,0.6154,2,32500
15518,2010,3.9093,1,2558
15518,2011,4.0112,1,2493
15518,2012,4.0258,1,2484
15518,2013,4.0371,1,2477
15518,2014,4.0388,1,2476
15518,2015,4.0552,1,2466
15518,2016,4.1754,1,2395
15522,2010,5.291,1,1890
15522,2011,5.3022,1,1886
15522,2012,5.339,1,1873
15522,2013,5.3821,1,1858
15522,2014,5.3821,1,1858
15522,2015,5.5127,1,1814
15522,2016,5.7571,1,1737
15531,2010,1.2793,1,7817
15531,2011,1.2999,1,7693
15531,2012,1.3153,1,7603
15531,2013,1.3226,1,7561
15531,2014,1.3454,1,7433
15531,2015,1.3641,1,7331
15531,2016,1.374,1,7278
15533,2010,7.9904,2,2503
15533,2011,7.9777,2,2507
15533,2012,7.9586,2,2513
15533,2013,7.8771,2,2539
15533,2014,7.8462,2,2549
15533,2015,7.8064,2,2562
15533,2016,7.77,2,2574
15537,2010,2.0342,1,4916
15537,2011,2.0661,1,4840
15537,2012,2.0838,1,4799
15537,2013,2.1436,1,4665
15537,2014,2.1853,1,4576
15537,2015,2.2007,1,4544
15537,2016,2.2217,1,4501
15542,2010,1.2433,1,8043
15542,2011,1.2677,1,7888
15542,2012,1.2897,1,7754
15542,2013,1.3296,1,7521
15542,2014,1.3559,1,7375
15542,2015,1.3833,1,7229
15542,2016,1.4108,1,7088
15550,2010,5.8173,1,1719
15550,2011,5.8038,1,1723
15550,2012,5.7504,1,1739
15550,2013,5.8005,1,1724
15550,2014,5.7904,1,1727
15550,2015,5.787,1,1728
15550,2016,5.7904,1,1727
15572,2010,0.472,2,42373
15572,2011,0.4663,2,42895
15572,2012,0.4606,2,43419
15572,2013,0.4551,2,43948
15572,2014,0.6745,3,44475
15572,2015,0.4451,2,44938
15572,2016,0.4395,2,45509
15580,2010,2.0799,1,4808
15580,2011,4.1451,2,4825
15580,2012,4.1589,2,4809
15580,2013,4.1867,2,4777
15580,2014,4.1297,2,4843
15580,2015,4.1195,2,4855
15580,2016,4.056,2,4931
15599,2010,1.0539,1,9489
15599,2011,1.0443,1,9576
15599,2012,2.0809,2,9611
15599,2013,2.0738,2,9644
15599,2014,2.0698,2,9663
15599,2015,1.0336,1,9675
15599,2016,1.0335,1,9676
15600,2010,1.363,1,7337
15600,2011,1.3545,1,7383
15600,2012,1.3444,1,7438
15600,2013,1.3351,1,7490
15600,2014,1.327,1,7536
15600,2015,1.3214,1,7568
15600,2016,1.3014,1,7684
15621,2010,3.7965,1,2634
15621,2011,3.7779,1,2647
15621,2012,3.8037,1,2629
15621,2013,3.8521,1,2596
15621,2014,3.8926,1,2569
15621,2015,3.9904,1,2506
15621,2016,4.1237,1,2425
15632,2010,0.7591,1,13173
15632,2011,0.7608,1,13144
15632,2012,0.7582,1,13189
15632,2013,0.7574,1,13203
15632,2014,0.7544,1,13255
15632,2015,0.75,1,13334
15632,2016,0.7493,1,13345
15638,2010,2.1459,1,4660
15638,2011,2.1177,1,4722
15638,2012,2.0803,1,4807
15638,2013,2.0333,1,4918
15638,2014,1.9944,1,5014
15638,2015,1.9467,1,5137
15638,2016,1.8911,1,5288
15646,2010,0.6,1,16667
15646,2011,0.5925,1,16877
15646,2012,0.5874,1,17025
15646,2013,1.1634,2,17191
15646,2014,1.1506,2,17382
15646,2015,0.5682,1,17598
15646,2016,0.5618,1,17800
15660,2010,4.8473,1,2063
15660,2011,4.9776,1,2009
15660,2012,5.1921,1,1926
15660,2013,5.3022,1,1886
15660,2014,5.3505,1,1869
15660,2015,5.3937,1,1854
15660,2016,5.5617,1,1798
15664,2010,1.9463,1,5138
15664,2011,1.9646,1,5090
15664,2012,1.9826,1,5044
15664,2013,1.992,1,5020
15664,2014,2.0016,1,4996
15664,2015,2.0032,1,4992
15664,2016,2.0109,1,4973
15667,2010,1.7519,1,5708
15667,2012,1.7743,1,5636
15667,2013,1.7841,1,5605
15667,2014,1.8126,1,5517
15667,2015,1.8034,1,5545
15667,2016,1.7931,1,5577
15673,2010,2.1687,1,4611
15673,2011,2.2568,1,4431
15673,2012,2.3414,1,4271
15673,2013,2.4337,1,4109
15673,2014,2.5439,1,3931
15673,2015,2.6199,1,3817
15673,2016,2.7263,1,3668
15676,2010,3.1576,1,3167
15676,2011,3.1928,1,3132
15676,2012,3.2289,1,3097
15676,2013,3.2362,1,3090
15676,2014,3.2637,1,3064
15676,2015,3.2841,1,3045
15676,2016,3.2949,1,3035
15681,2010,3.0539,2,6549
15681,2011,1.5312,1,6531
15681,2012,1.5359,1,6511
15681,2013,1.5316,1,6529
15681,2014,1.5349,1,6515
15681,2015,1.5359,1,6511
15681,2016,1.5368,1,6507
15686,2010,1.3814,1,7239
15686,2011,1.3729,1,7284
15686,2012,1.3725,1,7286
15686,2013,1.3687,1,7306
15686,2014,1.365,1,7326
15686,2015,1.3624,1,7340
15686,2016,1.3528,1,7392
15690,2010,2.4313,1,4113
15690,2013,2.5687,1,3893
15690,2014,2.6001,1,3846
15690,2015,2.6254,1,3809
15690,2016,2.6976,1,3707
15693,2010,0.8116,1,12321
15693,2011,0.8052,1,12420
15693,2012,1.6012,2,12491
15693,2013,1.592,2,12563
15693,2014,1.5898,2,12580
15693,2015,0.7908,1,12646
15693,2016,0.7845,1,12747
15696,2010,3.2031,1,3122
15696,2011,3.1949,1,3130
15696,2012,3.1407,1,3184
15696,2013,3.1696,1,3155
15696,2014,3.1797,1,3145
15696,2015,3.1746,1,3150
15696,2016,3.1716,1,3153
15720,2010,3.8402,1,2604
15720,2011,3.9185,1,2552
15720,2012,3.9494,1,2532
15720,2013,4.0128,1,2492
15720,2014,4.1237,1,2425
15720,2015,4.1806,1,2392
15720,2016,4.2553,1,2350
15723,2010,8.6881,1,1151
15723,2011,8.7108,1,1148
15723,2012,8.8028,1,1136
15723,2013,8.9366,1,1119
15723,2014,9.0744,1,1102
15723,2015,9.1743,1,1090
15723,2016,9.2336,1,1083
15740,2010,1.4896,1,6713
15740,2011,1.5006,1,6664
15740,2012,1.5081,1,6631
15740,2013,1.5078,1,6632
15740,2014,1.5085,1,6629
15740,2015,1.5126,1,6611
15740,2016,1.5129,1,6610
15753,2010,0.9259,1,10800
15753,2011,0.9479,1,10550
15753,2012,0.9728,1,10280
15753,2013,0.993,1,10071
15753,2014,1.01,1,9901
15753,2015,1.0319,1,9691
15753,2016,1.0547,1,9481
15755,2010,1.2092,1,8270
15755,2011,1.2294,1,8134
15755,2012,1.255,1,7968
15755,2013,1.2755,1,7840
15755,2014,1.3009,1,7687
15755,2015,1.3254,1,7545
15755,2016,1.3468,1,7425
15757,2010,1.2606,1,7933
15757,2011,1.2625,1,7921
15757,2012,1.2637,1,7913
15757,2013,1.2642,1,7910
15757,2014,1.2668,1,7894
15757,2015,1.2724,1,7859
15757,2016,1.2621,1,7923
15759,2010,0.9521,11,115536
15759,2011,1.0256,12,117006
15759,2012,1.0131,12,118454
15759,2013,1.0846,13,119855
15759,2014,0.742,9,121297
15759,2015,0.6523,8,122646
15759,2016,0.5642,7,124070
15761,2010,3.1201,1,3205
15761,2011,3.1596,1,3165
15761,2012,3.2216,1,3104
15761,2013,3.2884,1,3041
15761,2014,3.2982,1,3032
15761,2015,3.2798,1,3049
15761,2016,3.319,1,3013
15762,2010,3.4734,1,2879
15762,2011,3.4388,1,2908
15762,2012,3.4118,1,2931
15762,2013,3.3772,1,2961
15762,2014,3.3761,1,2962
15762,2015,3.367,1,2970
15762,2016,3.3256,1,3007
15763,2010,1.2801,1,7812
15763,2011,2.5553,2,7827
15763,2012,2.5553,2,7827
15763,2013,2.5484,2,7848
15763,2014,2.5227,2,7928
15763,2015,2.5069,2,7978
15763,2016,2.5038,2,7988
15764,2010,1.7621,1,5675
15764,2011,1.7599,1,5682
15764,2012,1.7575,1,5690
15764,2013,1.7479,1,5721
15764,2014,1.7416,1,5742
15764,2015,1.7352,1,5763
15764,2016,1.7062,1,5861
15774,2010,3.3267,1,3006
15774,2011,3.3647,1,2972
15774,2012,3.3807,1,2958
15774,2013,3.4211,1,2923
15774,2014,3.4614,1,2889
15774,2015,3.5817,1,2792
15774,2016,3.6697,1,2725
15776,2010,1.7995,1,5557
15776,2011,1.7668,1,5660
15776,2012,1.7473,1,5723
15776,2013,1.7316,1,5775
15776,2014,1.7229,1,5804
15776,2015,1.705,1,5865
15776,2016,1.6722,1,5980
15778,2010,2.3121,1,4325
15778,2011,2.3261,1,4299
15778,2012,2.343,1,4268
15778,2013,2.3585,1,4240
15778,2014,2.3607,1,4236
15778,2015,2.348,1,4259
15778,2016,2.3691,1,4221
15790,2010,1.5581,1,6418
15790,2011,1.5843,1,6312
15790,2012,1.6041,1,6234
15790,2013,1.63,1,6135
15790,2014,1.6464,1,6074
15790,2015,1.6742,1,5973
15790,2016,1.6793,1,5955
15798,2010,2.4582,1,4068
15798,2011,2.4777,1,4036
15798,2012,2.5044,1,3993
15798,2013,2.5183,1,3971
15798,2014,2.5259,1,3959
15798,2015,2.5195,1,3969
15798,2016,2.5381,1,3940
15804,2010,1.0934,1,9146
15804,2011,1.0979,1,9108
15804,2012,1.1038,1,9060
15804,2013,1.1071,1,9033
15804,2014,1.1057,1,9044
15804,2015,1.1115,1,8997
15804,2016,1.1122,1,8991
15806,2010,0.8776,1,11395
15806,2011,0.8667,1,11538
15806,2012,0.8552,1,11693
15806,2013,0.8421,1,11875
15806,2014,0.8246,1,12127
15806,2015,0.8114,1,12325
15806,2016,0.8001,1,12499
15808,2010,3.4002,1,2941
15808,2011,3.3058,1,3025
15808,2012,3.2436,1,3083
15808,2013,3.1746,1,3150
15808,2014,3.1368,1,3188
15808,2015,3.1114,1,3214
15808,2016,3.0998,1,3226
15810,2010,2.7617,1,3621
15810,2011,2.7917,1,3582
15810,2012,2.8281,1,3536
15810,2013,2.8794,1,3473
15810,2014,2.8719,1,3482
15810,2015,2.8902,1,3460
15810,2016,2.9019,1,3446
15814,2010,1.1701,1,8546
15814,2011,1.1725,1,8529
15814,2012,1.1707,1,8542
15814,2013,1.165,1,8584
15814,2014,1.1637,1,8593
15814,2015,1.1596,1,8624
15814,2016,1.1555,1,8654
15816,2010,2.2316,1,4481
15816,2011,2.2482,1,4448
15816,2012,2.2655,1,4414
15816,2013,2.2763,1,4393
15816,2014,2.3031,1,4342
15816,2015,2.3089,1,4331
15816,2016,2.3159,1,4318
15820,2010,2.8233,1,3542
15820,2011,2.8361,1,3526
15820,2012,2.8337,1,3529
15820,2013,2.8273,1,3537
15820,2014,2.8201,1,3546
15820,2015,2.8137,1,3554
15820,2016,2.7863,1,3589
15822,2010,1.9531,1,5120
15822,2011,1.9501,1,5128
15822,2012,1.9543,1,5117
15822,2013,1.9531,1,5120
15822,2014,1.9736,1,5067
15822,2015,1.9755,1,5062
15822,2016,1.9527,1,5121
15832,2010,6.4809,1,1543
15832,2011,6.3776,1,1568
15832,2012,6.4641,1,1547
15832,2013,6.4809,1,1543
15832,2014,6.4893,1,1541
15832,2015,6.4935,1,1540
15832,2016,6.4893,1,1541
15835,2010,1.583,1,6317
15835,2011,1.5974,1,6260
15835,2012,1.6119,1,6204
15835,2013,1.6255,1,6152
15835,2014,1.6313,1,6130
15835,2015,1.6335,1,6122
15835,2016,1.6343,1,6119
15837,2010,1.2801,1,7812
15837,2011,1.2721,1,7861
15837,2012,1.2607,1,7932
15837,2013,1.2489,1,8007
15837,2014,1.2463,1,8024
15837,2015,1.2416,1,8054
15837,2016,1.2376,1,8080
15839,2010,9.4473,2,2117
15839,2011,9.5374,2,2097
15839,2012,9.5238,2,2100
15839,2013,9.6805,2,2066
15839,2014,9.7371,2,2054
15839,2015,9.7752,2,2046
15839,2016,9.8135,2,2038
15842,2010,3.8911,3,7710
15842,2011,3.8996,3,7693
15842,2012,3.9432,3,7608
15842,2013,3.9625,3,7571
15842,2014,2.6448,2,7562
15842,2015,2.6606,2,7517
15842,2016,2.6874,2,7442
15861,2010,2.0893,3,14359
15861,2011,2.0685,3,14503
15861,2012,2.0462,3,14661
15861,2013,2.0276,3,14796
15861,2014,2.0057,3,14957
15861,2015,1.3241,2,15105
15861,2016,1.3098,2,15270
15879,2010,3.3156,1,3016
15879,2011,3.3411,1,2993
15879,2012,3.3829,1,2956
15879,2013,3.3852,1,2954
15879,2014,3.4106,1,2932
15879,2015,3.4566,1,2893
15879,2016,3.499,1,2858
15897,2010,2.1039,1,4753
15897,2011,2.1191,1,4719
15897,2012,2.129,1,4697
15897,2013,2.1418,1,4669
15897,2014,2.1533,1,4644
15897,2015,2.1404,1,4672
15897,2016,2.1496,1,4652
17001,2010,1.1987,49,408785
17001,2011,1.1678,48,411019
17001,2012,1.1369,47,413420
17001,2013,1.1061,46,415873
17001,2014,1.0989,46,418619
17001,2015,1.0438,44,421538
17001,2016,0.7291,31,425208
17013,2010,3.2314,8,24757
17013,2011,3.6792,9,24462
17013,2012,3.3129,8,24148
17013,2013,3.3574,8,23828
17013,2014,3.399,8,23536
17013,2015,3.4422,8,23241
17013,2016,0.8702,2,22984
17042,2010,2.1617,8,37008
17042,2011,2.176,8,36765
17042,2012,2.1897,8,36534
17042,2013,2.2002,8,36360
17042,2014,2.2058,8,36268
17042,2015,0.2772,1,36078
17042,2016,0.2776,1,36028
17050,2010,0.8562,1,11680
17050,2011,0.8671,1,11533
17050,2012,0.8749,1,11430
17050,2013,0.8942,1,11183
17050,2014,0.9041,1,11061
17050,2015,0.9137,1,10944
17050,2016,0.9233,1,10831
17088,2010,0.8457,1,11825
17088,2011,0.8569,1,11670
17088,2012,0.8709,1,11482
17088,2013,0.8854,1,11294
17088,2014,0.9011,1,11098
17088,2015,0.9119,1,10966
17088,2016,0.9204,1,10865
17174,2010,0.3947,2,50674
17174,2011,0.3954,2,50584
17174,2012,0.1981,1,50489
17174,2013,0.1979,1,50530
17174,2014,0.198,1,50495
17174,2015,0.1976,1,50617
17174,2016,0.1971,1,50745
17272,2010,1.5476,2,12923
17272,2011,1.5694,2,12744
17272,2012,1.6068,2,12447
17272,2013,1.6254,2,12305
17272,2014,1.6549,2,12085
17272,2015,1.6742,2,11946
17272,2016,1.6979,2,11779
17380,2010,1.5909,11,69145
17380,2011,1.5885,11,69249
17380,2012,1.4403,10,69430
17380,2013,1.435,10,69687
17380,2014,1.4294,10,69958
17380,2015,1.1381,8,70292
17380,2016,1.1308,8,70745
17388,2010,4.0733,3,7365
17388,2011,1.3947,1,7170
17388,2012,1.4304,1,6991
17388,2013,1.485,1,6734
17388,2014,1.5209,1,6575
17388,2015,1.5618,1,6403
17388,2016,1.5931,1,6277
17433,2010,3.4004,7,20586
17433,2011,3.4559,7,20255
17433,2012,3.5275,7,19844
17433,2013,3.5916,7,19490
17433,2014,3.6645,7,19102
17433,2015,3.7405,7,18714
17433,2016,0.5422,1,18442
17442,2010,8.1852,7,8552
17442,2011,8.1623,7,8576
17442,2012,8.1718,7,8566
17442,2013,8.1433,7,8596
17442,2014,8.115,7,8626
17442,2015,6.9452,6,8639
17442,2016,2.2917,2,8727
17444,2010,0.7113,1,14059
17444,2011,0.7183,1,13921
17444,2012,0.7231,1,13830
17444,2013,0.7338,1,13627
17444,2014,0.7406,1,13503
17444,2015,0.7403,1,13508
17444,2016,0.7465,1,13395
17446,2010,6.4914,2,3081
17446,2011,6.68,2,2994
17446,2012,6.8871,2,2904
17446,2013,7.0028,2,2856
17446,2014,7.1023,2,2816
17446,2015,7.2701,2,2751
17446,2016,7.5188,2,2660
17486,2010,5.2294,12,22947
17486,2011,5.2929,12,22672
17486,2012,5.3564,12,22403
17486,2013,5.435,12,22079
17486,2014,0.4598,1,21748
17486,2015,0.4639,1,21558
17486,2016,0.4687,1,21335
17495,2010,1.4821,1,6747
17495,2011,1.5058,1,6641
17495,2012,1.5293,1,6539
17495,2013,1.5579,1,6419
17495,2014,1.5848,1,6310
17495,2015,1.5918,1,6282
17495,2016,1.615,1,6192
17513,2010,2.3868,4,16759
17513,2011,2.4159,4,16557
17513,2012,2.4535,4,16303
17513,2013,1.8606,3,16124
17513,2014,1.8883,3,15887
17513,2015,1.9043,3,15754
17513,2016,1.9252,3,15583
17524,2010,3.6132,6,16606
17524,2011,3.6423,6,16473
17524,2012,3.6855,6,16280
17524,2013,4.9773,8,16073
17524,2014,5.0191,8,15939
17524,2015,1.2655,2,15804
17524,2016,1.2786,2,15642
17541,2010,7.8261,18,23000
17541,2011,8.4471,19,22493
17541,2012,8.1341,18,22129
17541,2013,2.7669,6,21685
17541,2014,2.8197,6,21279
17541,2015,2.8859,6,20791
17541,2016,2.9327,6,20459
17614,2010,3.1018,14,45135
17614,2011,3.2827,15,45694
17614,2012,3.0271,14,46249
17614,2013,3.2025,15,46838
17614,2014,3.1573,15,47509
17614,2015,3.1138,15,48172
17614,2016,2.6586,13,48898
17616,2010,0.8205,1,12188
17616,2011,0.8339,1,11992
17616,2012,0.8461,1,11819
17616,2013,0.8604,1,11622
17616,2014,0.8787,1,11380
17616,2015,0.8918,1,11213
17616,2016,0.9016,1,11092
17653,2010,1.4136,3,21222
17653,2011,1.9044,4,21004
17653,2012,1.4493,3,20699
17653,2013,1.4663,3,20459
17653,2014,1.4937,3,20084
17653,2015,1.5089,3,19882
17653,2016,1.5226,3,19703
17662,2010,2.0639,5,24226
17662,2011,2.1116,5,23679
17662,2012,2.1596,5,23152
17662,2013,2.2092,5,22633
17662,2014,2.2587,5,22137
17662,2015,1.8495,4,21628
17662,2016,1.4188,3,21144
17665,2010,1.452,1,6887
17665,2011,1.5193,1,6582
17665,2012,1.5863,1,6304
17665,2013,1.6686,1,5993
17665,2014,1.7428,1,5738
17665,2015,1.8155,1,5508
17665,2016,1.9004,1,5262
17777,2010,0.3646,1,27427
17777,2011,0.7279,2,27476
17777,2012,0.7258,2,27554
17777,2013,0.7251,2,27581
17777,2014,0.7208,2,27748
17777,2015,0.7167,2,27907
17777,2016,0.7135,2,28029
17867,2010,0.944,1,10593
17867,2011,0.9543,1,10479
17867,2012,0.9604,1,10412
17867,2013,0.9678,1,10333
17867,2014,0.9792,1,10212
17867,2015,0.9814,1,10190
17867,2016,0.984,1,10163
17873,2010,1.5832,9,56848
17873,2011,1.7338,10,57678
17873,2012,1.7101,10,58475
17873,2013,1.6844,10,59367
17873,2014,1.6582,10,60308
17873,2015,0.1634,1,61193
17873,2016,0.1606,1,62261
17877,2010,0.7531,1,13279
17877,2011,0.7613,1,13136
17877,2012,0.7651,1,13071
17877,2013,0.7696,1,12994
17877,2014,0.7745,1,12912
17877,2015,0.7788,1,12841
17877,2016,0.7834,1,12765
18001,2010,0.4325,7,161863
18001,2011,0.4296,7,162937
18001,2012,0.4881,8,163885
18001,2013,0.4854,8,164798
18001,2014,0.483,8,165639
18001,2015,0.4208,7,166359
18001,2016,0.4188,7,167157
18029,2010,1.6485,1,6066
18029,2011,1.6912,1,5913
18029,2012,1.7458,1,5728
18029,2013,1.8123,1,5518
18029,2014,1.8692,1,5350
18029,2015,1.932,1,5176
18029,2016,2.0206,1,4949
18094,2010,0.826,1,12107
18094,2011,0.8344,1,11985
18094,2012,0.844,1,11848
18094,2013,0.8534,1,11718
18094,2014,0.8627,1,11592
18094,2015,0.8745,1,11435
18094,2016,0.8846,1,11305
18150,2010,0.3881,1,25767
18150,2011,0.3789,1,26393
18150,2012,0.3703,1,27005
18150,2013,0.3621,1,27614
18150,2014,3.9004,11,28202
18150,2015,3.8205,11,28792
18150,2016,3.7449,11,29373
18205,2010,1.3998,1,7144
18205,2011,1.3877,1,7206
18205,2012,1.3826,1,7233
18205,2013,1.3667,1,7317
18205,2014,1.3521,1,7396
18205,2015,1.3416,1,7454
18205,2016,1.3293,1,7523
18247,2010,0.4881,1,20489
18247,2011,0.491,1,20367
18247,2012,0.4945,1,20224
18247,2013,0.4982,1,20072
18247,2014,5.5182,11,19934
18247,2015,5.5657,11,19764
18247,2016,5.6108,11,19605
18256,2010,0.5818,1,17188
18256,2011,0.5768,1,17337
18256,2012,0.573,1,17451
18256,2013,0.5692,1,17568
18256,2014,2.264,4,17668
18256,2015,2.252,4,17762
18256,2016,2.2401,4,17856
18410,2010,1.3736,2,14560
18410,2011,1.3697,2,14602
18410,2012,1.3662,2,14639
18410,2013,1.3643,2,14659
18410,2014,1.3643,2,14659
18410,2015,1.3585,2,14722
18410,2016,1.3587,2,14720
18460,2010,2.1256,2,9409
18460,2011,2.1142,2,9460
18460,2012,2.0931,2,9555
18460,2013,2.084,2,9597
18460,2014,2.0857,2,9589
18460,2015,2.0825,2,9604
18460,2016,2.0756,2,9636
18479,2010,2.736,1,3655
18479,2011,2.7382,1,3652
18479,2012,2.733,1,3659
18479,2013,2.7465,1,3641
18479,2014,2.7285,1,3665
18479,2015,2.6795,1,3732
18479,2016,2.681,1,3730
18592,2010,0.3503,1,28550
18592,2011,0.3529,1,28334
18592,2012,0.3559,1,28101
18592,2013,0.3591,1,27846
18592,2014,6.8843,19,27599
18592,2015,6.9513,19,27333
18592,2016,7.015,19,27085
18610,2010,1.8185,2,10998
18610,2011,1.7808,2,11231
18610,2012,1.7396,2,11497
18610,2013,1.7082,2,11708
18610,2014,1.6774,2,11923
18610,2015,1.6426,2,12176
18610,2016,1.6156,2,12379
18753,2010,0.2161,1,46268
18753,2011,0.2132,1,46902
18753,2012,0.2104,1,47521
18753,2013,0.2078,1,48118
18753,2014,0.2054,1,48684
18753,2015,0.2032,1,49207
18753,2016,0.2009,1,49782
18756,2010,1.0039,1,9961
18756,2011,0.988,1,10121
18756,2012,0.9727,1,10281
18756,2013,0.9563,1,10457
18756,2014,0.9426,1,10609
18756,2015,0.9287,1,10768
18756,2016,0.9147,1,10933
18785,2010,1.3996,1,7145
18785,2011,1.428,1,7003
18785,2012,1.443,1,6930
18785,2013,1.4719,1,6794
18785,2014,1.4988,1,6672
18785,2015,1.5193,1,6582
18785,2016,1.5555,1,6429
18860,2010,1.0554,1,9475
18860,2011,1.0908,1,9168
18860,2012,1.1335,1,8822
18860,2013,1.1734,1,8522
18860,2014,1.2192,1,8202
18860,2015,1.2724,1,7859
18860,2016,1.3296,1,7521
19001,2010,0.8984,26,289412
19001,2011,0.8533,25,292988
19001,2012,0.7422,22,296431
19001,2013,0.7671,23,299819
19001,2014,0.8244,25,303267
19001,2015,0.7171,22,306782
19001,2016,0.7087,22,310409
19022,2010,1.5976,3,18778
19022,2011,1.6008,3,18741
19022,2012,1.6066,3,18673
19022,2013,1.612,3,18610
19022,2014,1.6166,3,18557
19022,2015,1.6198,3,18521
19022,2016,1.6225,3,18490
19050,2010,0.8292,2,24121
19050,2011,0.8201,2,24388
19050,2012,0.8117,2,24639
19050,2013,0.8043,2,24865
19050,2014,0.797,2,25095
19050,2015,0.7897,2,25327
19050,2016,0.7818,2,25582
19075,2010,0.4919,1,20329
19075,2011,0.4893,1,20438
19075,2012,0.487,1,20532
19075,2013,0.4849,1,20621
19075,2014,0.4835,1,20682
19075,2015,0.4822,1,20740
19075,2016,0.4796,1,20851
19100,2010,1.1658,5,42888
19100,2011,1.4203,6,42244
19100,2012,1.4412,6,41631
19100,2013,1.4632,6,41005
19100,2014,1.4884,6,40312
19100,2015,1.511,6,39708
19100,2016,1.532,6,39164
19110,2010,0.72,2,27779
19110,2011,0.7081,2,28245
19110,2012,0.6967,2,28705
19110,2013,0.6854,2,29181
19110,2014,0.6766,2,29560
19110,2015,0.9993,3,30022
19110,2016,0.982,3,30550
19130,2010,0.9794,4,40840
19130,2011,0.4878,2,41002
19130,2012,0.4865,2,41109
19130,2013,0.4848,2,41258
19130,2014,0.7249,3,41384
19130,2015,0.7223,3,41535
19130,2016,1.1989,5,41704
19137,2010,1.1759,4,34016
19137,2011,1.1513,4,34742
19137,2012,1.1266,4,35504
19137,2013,1.1033,4,36254
19137,2014,1.0813,4,36992
19137,2015,1.0602,4,37730
19137,2016,1.0394,4,38483
19142,2010,1.2679,3,23661
19142,2011,1.6319,4,24512
19142,2012,1.5775,4,25356
19142,2013,1.53,4,26144
19142,2014,1.4871,4,26898
19142,2015,1.0835,3,27687
19142,2016,1.0521,3,28515
19212,2010,0.8172,2,24475
19212,2011,1.2209,3,24573
19212,2012,1.2164,3,24663
19212,2013,1.2132,3,24727
19212,2014,1.207,3,24854
19212,2015,1.2041,3,24914
19212,2016,1.1968,3,25067
19256,2010,0.3821,2,52342
19256,2011,0.5712,3,52520
19256,2012,0.5695,3,52675
19256,2013,0.9464,5,52831
19256,2014,1.3206,7,53007
19256,2015,1.3155,7,53211
19256,2016,1.3097,7,53446
19290,2010,1.8255,1,5478
19290,2011,1.8433,1,5425
19290,2012,1.8591,1,5379
19290,2013,1.8776,1,5326
19290,2014,1.9066,1,5245
19290,2015,1.9099,1,5236
19290,2016,1.9146,1,5223
19318,2010,0.7282,2,27464
19318,2011,0.7288,2,27443
19318,2012,0.7279,2,27475
19318,2013,0.7281,2,27469
19318,2014,0.7279,2,27476
19318,2015,0.7281,2,27470
19318,2016,0.7271,2,27505
19355,2010,1.1525,3,26030
19355,2011,1.1376,3,26372
19355,2012,0.7485,2,26721
19355,2013,1.1075,3,27089
19355,2014,0.7281,2,27468
19355,2015,0.7194,2,27801
19355,2016,0.7105,2,28150
19364,2010,0.6648,1,15042
19364,2011,1.9472,3,15407
19364,2012,1.2681,2,15772
19364,2013,1.2408,2,16119
19364,2014,1.2143,2,16470
19364,2015,1.1891,2,16820
19364,2016,1.1659,2,17154
19392,2010,0.883,1,11325
19392,2011,0.8929,1,11199
19392,2012,0.8978,1,11138
19392,2013,0.9049,1,11051
19392,2014,0.9107,1,10981
19392,2015,0.9144,1,10936
19392,2016,0.9232,1,10832
19397,2010,1.7097,4,23396
19397,2011,1.6998,4,23532
19397,2012,1.6893,4,23679
19397,2013,1.6804,4,23804
19397,2014,1.6725,4,23916
19397,2015,1.6582,4,24122
19397,2016,1.6517,4,24218
19418,2010,1.1369,2,17592
19418,2011,1.1296,2,17706
19418,2012,2.2442,4,17824
19418,2013,2.2304,4,17934
19418,2014,1.6621,3,18049
19418,2015,3.3018,6,18172
19418,2016,3.2819,6,18282
19450,2010,0.4748,1,21061
19450,2011,0.4695,1,21297
19450,2012,0.4651,1,21499
19450,2013,0.4612,1,21683
19450,2014,1.3722,3,21863
19450,2015,1.3646,3,21984
19450,2016,1.3498,3,22225
19455,2010,0.6829,2,29287
19455,2011,0.6771,2,29538
19455,2012,0.6717,2,29776
19455,2013,0.666,2,30029
19455,2014,0.6613,2,30244
19455,2015,0.6554,2,30514
19455,2016,0.6482,2,30855
19473,2010,0.5997,2,33350
19473,2011,0.5878,2,34027
19473,2012,0.5768,2,34677
19473,2013,0.5654,2,35374
19473,2014,0.5544,2,36074
19473,2015,1.3601,5,36761
19473,2016,1.3344,5,37470
19513,2010,1.0145,1,9857
19513,2011,1.0152,1,9850
19513,2012,1.0167,1,9836
19513,2013,1.0173,1,9830
19513,2014,1.0173,1,9830
19513,2015,1.0165,1,9838
19513,2016,1.0175,1,9828
19517,2010,0.7919,3,37885
19517,2011,0.7714,3,38890
19517,2012,0.5017,2,39861
19517,2013,0.4897,2,40838
19517,2014,0.4783,2,41818
19517,2015,0.4672,2,42806
19517,2016,0.9133,4,43795
19532,2010,0.2741,1,36477
19532,2011,0.5476,2,36525
19532,2012,0.5468,2,36579
19532,2013,0.5467,2,36581
19532,2014,0.5458,2,36646
19532,2015,0.2725,1,36694
19532,2016,0.2728,1,36653
19533,2010,2.8868,2,6928
19533,2011,2.7863,2,7178
19533,2012,2.7023,2,7401
19533,2013,3.9324,3,7629
19533,2014,2.5474,2,7851
19533,2015,2.4679,2,8104
19533,2016,2.4062,2,8312
19548,2010,0.803,3,37360
19548,2011,0.794,3,37781
19548,2012,0.7849,3,38223
19548,2013,1.0353,4,38635
19548,2014,1.0238,4,39070
19548,2015,1.0122,4,39517
19548,2016,1.0018,4,39927
19573,2010,0.4911,2,40728
19573,2011,0.4898,2,40831
19573,2012,0.4891,2,40888
19573,2013,0.4871,2,41057
19573,2014,0.4867,2,41097
19573,2015,0.2431,1,41140
19573,2016,0.2427,1,41209
19585,2010,2.6219,4,15256
19585,2011,2.579,4,15510
19585,2012,3.1704,5,15771
19585,2013,3.1273,5,15988
19585,2014,1.8484,3,16230
19585,2015,1.8184,3,16498
19585,2016,2.3872,4,16756
19622,2010,0.8832,1,11322
19622,2011,0.8814,1,11346
19622,2012,0.8765,1,11409
19622,2013,0.8732,1,11452
19622,2014,0.8758,1,11418
19622,2015,0.8761,1,11414
19622,2016,0.8777,1,11393
19693,2010,3.8023,4,10520
19693,2011,3.7818,4,10577
19693,2012,3.7651,4,10624
19693,2013,3.7499,4,10667
19693,2014,3.739,4,10698
19693,2015,3.7164,4,10763
19693,2016,3.6972,4,10819
19698,2010,0.5948,6,100867
19698,2011,0.6858,7,102064
19698,2012,0.8721,9,103205
19698,2013,1.0539,11,104375
19698,2014,1.0424,11,105525
19698,2015,0.9371,10,106712
19698,2016,0.9267,10,107906
19701,2010,3.4874,2,5735
19701,2011,3.5032,2,5709
19701,2012,3.5511,2,5632
19701,2013,3.5907,2,5570
19701,2014,3.6298,2,5510
19701,2015,3.643,2,5490
19701,2016,3.6826,2,5431
19743,2010,1.246,4,32104
19743,2011,1.2205,4,32774
19743,2012,1.1965,4,33432
19743,2013,1.1746,4,34055
19743,2014,1.1528,4,34698
19743,2015,1.1338,4,35280
19743,2016,1.1127,4,35948
19760,2010,1.5752,2,12697
19760,2011,2.3385,3,12829
19760,2012,1.5365,2,13017
19760,2013,1.5224,2,13137
19760,2014,1.5039,2,13299
19760,2015,1.4892,2,13430
19760,2016,1.4698,2,13607
19780,2010,0.3417,1,29267
19780,2011,0.3382,1,29571
19780,2012,0.3345,1,29899
19780,2013,0.331,1,30211
19780,2014,0.327,1,30581
19780,2015,0.3236,1,30900
19780,2016,0.3204,1,31209
19785,2010,1.0283,1,9725
19785,2011,1.0347,1,9665
19785,2012,1.0368,1,9645
19785,2013,1.0405,1,9611
19785,2014,1.0423,1,9594
19785,2015,1.0449,1,9570
19785,2016,1.0531,1,9496
19807,2010,0.2946,1,33942
19807,2011,0.2932,1,34108
19807,2012,0.2912,1,34335
19807,2013,0.5809,2,34430
19807,2014,0.5763,2,34704
19807,2015,0.5736,2,34868
19807,2016,0.5714,2,35004
19809,2010,0.419,1,23869
19809,2011,0.4141,1,24147
19809,2012,0.8195,2,24405
19809,2013,0.8102,2,24685
19809,2014,0.8012,2,24962
19809,2015,2.7783,7,25195
19809,2016,2.7461,7,25491
19821,2010,1.0708,3,28017
19821,2011,1.0371,3,28927
19821,2012,1.3436,4,29771
19821,2013,1.3049,4,30653
19821,2014,1.2672,4,31565
19821,2015,1.2316,4,32478
19821,2016,1.1981,4,33386
19824,2010,0.9629,2,20771
19824,2011,1.4131,3,21230
19824,2012,1.3812,3,21720
19824,2013,1.3493,3,22233
19824,2014,2.2049,5,22677
19824,2015,2.159,5,23159
19824,2016,2.1165,5,23624
19845,2010,0.5418,1,18456
19845,2011,0.5329,1,18764
19845,2012,0.526,1,19011
19845,2013,0.5196,1,19245
19845,2014,0.5114,1,19556
19845,2015,0.5041,1,19837
19845,2016,0.4965,1,20139
20001,2010,1.2443,52,417914
20001,2011,0.8936,38,425252
20001,2012,0.9711,42,432509
20001,2013,0.9094,40,439872
20001,2014,0.9391,42,447218
20001,2015,0.7914,36,454906
20001,2016,0.7329,34,463923
20011,2010,1.3914,13,93430
20011,2011,1.3675,13,95063
20011,2012,1.3445,13,96687
20011,2013,1.322,13,98333
20011,2014,1.3007,13,99950
20011,2015,1.2784,13,101688
20011,2016,1.2534,13,103714
20013,2010,1.4743,8,54264
20013,2011,1.2764,7,54842
20013,2012,1.2629,7,55429
20013,2013,1.0711,6,56018
20013,2014,1.0599,6,56611
20013,2015,1.0476,6,57273
20013,2016,0.5165,3,58086
20032,2010,1.1031,2,18131
20032,2011,1.0959,2,18250
20032,2012,1.6285,3,18422
20032,2013,1.0756,2,18595
20032,2014,1.0652,2,18776
20032,2015,1.0536,2,18983
20032,2016,1.5599,3,19232
20045,2010,2.6908,5,18582
20045,2011,2.1225,4,18846
20045,2012,2.0879,4,19158
20045,2013,2.0554,4,19461
20045,2014,2.0242,4,19761
20045,2015,1.991,4,20090
20045,2016,1.9538,4,20473
20060,2010,0.2857,1,34998
20060,2011,0.2815,1,35520
20060,2012,0.2778,1,35996
20060,2013,0.274,1,36500
20060,2014,0.2704,1,36987
20060,2015,0.2667,1,37501
20060,2016,0.2623,1,38121
20175,2010,1.3702,4,29193
20175,2011,1.3527,4,29571
20175,2012,1.9979,6,30032
20175,2013,2.95,9,30508
20175,2014,3.2185,10,31070
20175,2015,3.1647,10,31599
20175,2016,3.0979,10,32280
20178,2010,2.108,5,23719
20178,2011,2.0749,5,24097
20178,2012,2.046,5,24438
20178,2013,2.0126,5,24844
20178,2014,1.9808,5,25242
20178,2015,1.9467,5,25684
20178,2016,1.9091,5,26190
20228,2010,2.4249,8,32991
20228,2011,2.3964,8,33383
20228,2012,2.3662,8,33809
20228,2013,2.3384,8,34212
20228,2014,2.3093,8,34643
20228,2015,2.2801,8,35086
20228,2016,2.2438,8,35654
20238,2010,1.4461,4,27661
20238,2012,1.427,4,28030
20238,2013,1.4153,4,28263
20238,2014,1.4062,4,28445
20238,2015,1.3934,4,28706
20238,2016,1.3781,4,29026
20250,2010,2.0702,6,28983
20250,2011,2.0146,6,29782
20250,2012,1.9596,6,30619
20250,2013,1.9042,6,31510
20250,2014,1.8489,6,32451
20250,2015,1.7927,6,33469
20250,2016,1.7356,6,34570
20295,2010,0.7584,1,13186
20295,2011,0.7482,1,13366
20295,2012,0.7438,1,13444
20295,2013,0.7315,1,13671
20295,2014,1.4452,2,13839
20295,2015,1.4292,2,13994
20295,2016,2.809,4,14240
20310,2010,2.0012,1,4997
20310,2011,2.0408,1,4900
20310,2012,4.1459,2,4824
20310,2013,4.2176,2,4742
20310,2014,4.3262,2,4623
20310,2015,4.385,2,4561
20310,2016,4.4454,2,4499
20383,2010,1.4168,2,14116
20383,2011,1.3891,2,14398
20383,2012,2.0414,3,14696
20383,2013,2.0048,3,14964
20383,2014,1.9598,3,15308
20383,2015,1.9226,3,15604
20383,2016,2.4984,4,16010
20400,2010,1.0621,4,37662
20400,2011,1.0359,4,38613
20400,2012,1.0103,4,39592
20400,2013,0.9867,4,40541
20400,2014,0.9634,4,41521
20400,2015,0.9404,4,42534
20400,2016,0.9161,4,43661
20443,2010,1.1613,1,8611
20443,2011,1.1423,1,8754
20443,2012,1.1257,1,8883
20443,2013,2.2136,2,9035
20443,2014,2.1786,2,9180
20443,2015,2.1466,2,9317
20443,2016,1.052,1,9506
20517,2010,1.8116,3,16560
20517,2011,1.8008,3,16659
20517,2012,1.7765,3,16887
20517,2013,1.7609,3,17037
20517,2014,1.7378,3,17263
20517,2015,1.7203,3,17439
20517,2016,1.6921,3,17729
20550,2010,1.7153,3,17490
20550,2011,1.6851,3,17803
20550,2012,1.6588,3,18085
20550,2013,1.6277,3,18431
20550,2014,1.6,3,18750
20550,2015,1.5718,3,19086
20550,2016,1.5356,3,19536
20570,2010,0.922,2,21693
20570,2011,0.902,2,22172
20570,2012,0.8818,2,22681
20570,2013,0.8601,2,23252
20570,2014,0.839,2,23837
20570,2015,0.818,2,24449
20570,2016,0.7955,2,25141
20614,2010,3.4528,5,14481
20614,2011,3.3972,5,14718
20614,2012,3.3546,5,14905
20614,2013,3.3086,5,15112
20614,2014,3.2558,5,15357
20614,2015,3.1984,5,15633
20614,2016,3.1399,5,15924
20621,2010,1.6575,4,24133
20621,2011,1.2263,3,24463
20621,2012,1.21,3,24794
20621,2013,1.1918,3,25171
20621,2014,1.1753,3,25526
20621,2015,1.1581,3,25904
20621,2016,1.1379,3,26364
20710,2010,0.4463,1,22405
20710,2011,0.4386,1,22801
20710,2012,2.1551,5,23201
20710,2013,2.1214,5,23569
20710,2014,2.0876,5,23951
20710,2015,2.0521,5,24365
20710,2016,2.011,5,24863
20750,2010,4.7571,8,16817
20750,2011,4.7145,8,16969
20750,2012,4.665,8,17149
20750,2013,4.6041,8,17376
20750,2014,4.5444,8,17604
20750,2015,4.4914,8,17812
20750,2016,4.425,8,18079
20770,2010,0.4577,1,21849
20770,2011,0.4492,1,22262
20770,2012,0.4387,1,22795
20770,2013,1.2887,3,23279
20770,2014,1.2606,3,23798
20770,2015,1.2318,3,24355
20770,2016,4.8067,12,24965
20787,2010,5.2938,7,13223
20787,2011,5.2188,7,13413
20787,2012,5.1497,7,13593
20787,2013,5.0957,7,13737
20787,2014,4.9971,7,14008
20787,2015,4.9188,7,14231
20787,2016,4.8233,7,14513
23001,2010,1.1198,50,446519
23001,2011,1.0837,49,452158
23001,2012,1.202,55,457571
23001,2013,1.1448,53,462946
23001,2014,1.1961,56,468171
23001,2015,1.1407,54,473413
23001,2016,1.1696,56,478806
23068,2010,0.2099,1,47642
23068,2011,0.2102,1,47570
23068,2012,0.2106,1,47474
23068,2013,0.2111,1,47375
23068,2014,0.2115,1,47285
23068,2015,0.212,1,47165
23068,2016,0.2126,1,47045
23079,2010,0.5146,1,19431
23079,2011,0.5092,1,19638
23079,2012,0.5039,1,19847
23079,2013,0.4993,1,20029
23079,2014,0.4944,1,20227
23079,2015,0.4897,1,20422
23079,2016,0.485,1,20617
23090,2010,0.6836,1,14628
23090,2011,1.3601,2,14705
23090,2012,1.3554,2,14756
23090,2013,1.3442,2,14879
23090,2014,1.3399,2,14926
23090,2015,2.0035,3,14974
23090,2016,1.9906,3,15071
23162,2010,1.0379,10,96349
23162,2011,1.0251,10,97549
23162,2012,1.0132,10,98697
23162,2013,1.0018,10,99821
23162,2014,0.9906,10,100954
23162,2015,0.9794,10,102105
23162,2016,0.9686,10,103241
23168,2010,1.8942,3,15838
23168,2011,1.8717,3,16028
23168,2012,1.8412,3,16294
23168,2013,1.2129,2,16489
23168,2014,1.2006,2,16658
23168,2015,1.1901,2,16806
23168,2016,1.1736,2,17041
23182,2010,0.4484,2,44599
23182,2011,0.4444,2,45000
23182,2012,0.6603,3,45431
23182,2013,0.6553,3,45782
23182,2014,0.6499,3,46158
23182,2015,0.645,3,46514
23182,2016,0.639,3,46948
23189,2010,0.3606,2,55462
23189,2011,0.179,1,55858
23189,2012,0.1775,1,56326
23189,2013,0.1761,1,56776
23189,2014,0.1748,1,57198
23189,2015,0.1735,1,57627
23189,2016,0.1723,1,58047
23300,2010,0.5163,1,19367
23300,2011,0.5182,1,19298
23300,2012,0.52,1,19232
23300,2013,0.5196,1,19247
23300,2014,0.5197,1,19241
23300,2015,0.5213,1,19182
23300,2016,0.5244,1,19070
23350,2010,1.2753,2,15682
23350,2011,1.2815,2,15607
23350,2012,1.2899,2,15505
23350,2013,1.2979,2,15410
23350,2014,1.3096,2,15272
23350,2015,1.3187,2,15167
23350,2016,1.3251,2,15093
23417,2010,0.7599,9,118430
23417,2011,0.848,10,117922
23417,2012,0.8523,10,117326
23417,2013,0.771,9,116730
23417,2014,0.7752,9,116101
23417,2015,0.8661,10,115461
23417,2016,0.7835,9,114867
23419,2010,0.6039,1,16558
23419,2011,0.5944,1,16824
23419,2012,0.585,1,17093
23419,2013,0.5765,1,17347
23419,2014,0.5671,1,17634
23419,2015,0.559,1,17888
23419,2016,0.5529,1,18085
23464,2010,1.115,2,17937
23464,2011,1.103,2,18132
23464,2012,1.0911,2,18330
23464,2013,2.156,4,18553
23464,2014,4.8121,9,18703
23464,2015,4.7609,9,18904
23464,2016,4.6924,9,19180
23466,2010,0.2842,2,70365
23466,2011,0.2785,2,71803
23466,2012,0.2733,2,73175
23466,2013,0.1341,1,74553
23466,2014,0.1317,1,75933
23466,2015,0.3881,3,77296
23466,2016,0.5084,4,78682
23500,2010,0.3813,1,26225
23500,2011,0.3746,1,26693
23500,2012,0.3682,1,27159
23500,2013,0.3627,1,27574
23500,2014,0.7134,2,28034
23500,2015,0.7023,2,28477
23500,2016,0.6936,2,28837
23555,2010,0.3225,2,62009
23555,2011,0.1605,1,62288
23555,2012,0.1599,1,62556
23555,2013,0.1593,1,62778
23555,2014,0.1587,1,63003
23555,2015,0.1581,1,63261
23555,2016,0.1574,1,63538
23570,2010,0.6316,2,31668
23570,2011,0.622,2,32155
23570,2012,0.6123,2,32664
23570,2013,0.6039,2,33120
23570,2014,0.8924,3,33617
23570,2015,0.88,3,34090
23570,2016,0.8669,3,34608
23574,2010,0.4797,1,20846
23574,2011,0.4719,1,21192
23574,2012,0.4647,1,21517
23574,2013,0.4573,1,21869
23574,2014,0.4498,1,22232
23574,2015,0.4436,1,22545
23574,2016,0.4372,1,22874
23580,2010,0.2803,1,35680
23580,2011,0.2743,1,36450
23580,2012,0.2687,1,37213
23580,2013,0.2633,1,37977
23580,2014,0.2583,1,38714
23580,2015,0.2533,1,39479
23580,2016,0.2482,1,40285
23586,2010,0.6377,1,15682
23586,2011,0.629,1,15899
23586,2012,0.6194,1,16144
23586,2013,0.6135,1,16301
23586,2014,0.6086,1,16431
23586,2015,0.6027,1,16593
23586,2016,0.5953,1,16797
23660,2010,3.2453,32,98604
23660,2011,3.2087,32,99729
23660,2012,3.1749,32,100791
23660,2013,3.1413,32,101868
23660,2014,3.1086,32,102940
23660,2015,3.0755,32,104047
23660,2016,3.0439,32,105129
23670,2010,1.9516,8,40992
23670,2011,1.6696,7,41927
23670,2012,1.6325,7,42880
23670,2013,1.5984,7,43795
23670,2014,1.5652,7,44724
23670,2015,1.5333,7,45654
23670,2016,1.5026,7,46586
23672,2010,0.3343,1,29914
23672,2011,0.3288,1,30410
23672,2012,0.3237,1,30895
23672,2013,0.3184,1,31405
23672,2014,0.3138,1,31871
23672,2015,0.3091,1,32353
23672,2016,0.3047,1,32818
23675,2010,0.2954,1,33851
23675,2011,0.2921,1,34236
23675,2012,0.2891,1,34585
23675,2013,0.2857,1,34996
23675,2014,0.283,1,35331
23675,2015,0.2798,1,35739
23675,2016,0.2765,1,36162
23678,2010,0.8056,2,24826
23678,2011,1.1966,3,25071
23678,2012,0.7894,2,25337
23678,2013,0.781,2,25608
23678,2014,0.7736,2,25854
23678,2015,0.7676,2,26054
23678,2016,0.7588,2,26357
23686,2010,2.2161,11,49637
23686,2011,2.2035,11,49921
23686,2012,2.3916,12,50175
23686,2013,2.3796,12,50428
23686,2014,2.1702,11,50687
23686,2015,2.1596,11,50935
23686,2016,2.1489,11,51190
23807,2010,0.2355,2,84939
23807,2011,0.2328,2,85897
23807,2012,0.3455,3,86819
23807,2013,0.3421,3,87699
23807,2014,0.3387,3,88571
23807,2015,0.3354,3,89435
23807,2016,0.2214,2,90335
23815,2010,0.2476,1,40382
23815,2011,1.4331,6,41868
23815,2012,1.3827,6,43394
23815,2013,1.3373,6,44866
23815,2014,1.2926,6,46418
23815,2015,1.2532,6,47879
23815,2016,1.4167,7,49412
23855,2010,2.4287,8,32940
23855,2011,2.4012,8,33317
23855,2012,2.3771,8,33655
23855,2013,2.3557,8,33960
23855,2014,2.3332,8,34287
23855,2015,2.5988,9,34631
23855,2016,2.5713,9,35002
25001,2010,2.0125,2,9938
25001,2011,1.9906,2,10047
25001,2012,1.9623,2,10192
25001,2013,1.9318,2,10353
25001,2014,1.8943,2,10558
25001,2015,1.8586,2,10761
25001,2016,1.8159,2,11014
25019,2010,1.844,1,5423
25019,2011,1.8146,1,5511
25019,2012,1.7918,1,5581
25019,2013,1.7643,1,5668
25019,2014,1.7256,1,5795
25019,2015,1.6938,1,5904
25019,2016,1.6562,1,6038
25035,2010,2.7345,3,10971
25035,2011,2.6546,3,11301
25035,2012,2.5835,3,11612
25035,2013,2.5109,3,11948
25035,2014,2.4278,3,12357
25035,2015,2.339,3,12826
25035,2016,2.2538,3,13311
25040,2010,2.4981,3,12009
25040,2011,2.4797,3,12098
25040,2012,2.453,3,12230
25040,2013,2.416,3,12417
25040,2014,2.3823,3,12593
25040,2015,2.3425,3,12807
25040,2016,2.295,3,13072
25053,2010,0.844,1,11849
25053,2011,0.8579,1,11657
25053,2012,1.7438,2,11469
25053,2013,1.7673,2,11317
25053,2014,1.7859,2,11199
25053,2015,1.8085,2,11059
25053,2016,1.8275,2,10944
25086,2010,12.4922,2,1601
25086,2011,12.3686,2,1617
25086,2012,12.4611,2,1605
25086,2013,12.1729,2,1643
25086,2014,11.919,2,1678
25086,2015,11.8977,2,1681
25086,2016,11.5407,2,1733
25095,2010,4.4444,1,2250
25095,2011,4.4484,1,2248
25095,2012,4.2974,1,2327
25095,2013,4.2427,1,2357
25095,2014,4.3271,1,2311
25095,2015,4.1736,1,2396
25095,2016,4.2194,1,2370
25099,2010,1.43,1,6993
25099,2011,1.3826,1,7233
25099,2012,1.3296,1,7521
25099,2013,1.277,1,7831
25099,2014,1.2246,1,8166
25099,2015,1.1719,1,8533
25099,2016,1.1217,1,8915
25120,2010,2.4969,1,4005
25120,2011,2.4704,1,4048
25120,2012,2.4384,1,4101
25120,2013,2.3719,1,4216
25120,2014,2.359,1,4239
25120,2015,2.3127,1,4324
25120,2016,2.2589,1,4427
25123,2010,2.3966,2,8345
25123,2011,2.368,2,8446
25123,2012,2.3259,2,8599
25123,2013,2.2787,2,8777
25123,2014,2.2399,2,8929
25123,2015,2.1906,2,9130
25123,2016,2.1427,2,9334
25126,2010,0.3587,2,55760
25126,2011,0.344,2,58143
25126,2012,0.3293,2,60729
25126,2013,0.4722,3,63537
25126,2014,0.4507,3,66565
25126,2015,0.2863,2,69860
25126,2016,0.2721,2,73490
25148,2010,4.0463,5,12357
25148,2011,4.0713,5,12281
25148,2012,4.0833,5,12245
25148,2013,4.0863,5,12236
25148,2014,4.0836,5,12244
25148,2015,4.078,5,12261
25148,2016,4.0621,5,12309
25151,2010,0.6748,1,14819
25151,2011,0.6672,1,14987
25151,2012,0.6607,1,15135
25151,2013,0.652,1,15337
25151,2014,1.2821,2,15599
25151,2015,0.6306,1,15858
25151,2016,0.6166,1,16219
25154,2010,1.4225,1,7030
25154,2011,1.4162,1,7061
25154,2012,1.4158,1,7063
25154,2013,1.4088,1,7098
25154,2014,1.3966,1,7160
25154,2015,1.3837,1,7227
25154,2016,1.3678,1,7311
25168,2010,2.5667,1,3896
25168,2011,2.5608,1,3905
25168,2012,2.578,1,3879
25168,2013,2.5826,1,3872
25168,2014,2.5536,1,3916
25168,2015,2.5336,1,3947
25168,2016,2.454,1,4075
25175,2010,0.1116,1,89639
25175,2011,0.107,1,93454
25175,2012,0.1024,1,97617
25175,2013,0.0979,1,102115
25175,2014,0.0935,1,106981
25175,2015,0.0891,1,112248
25175,2016,0.0847,1,118119
25178,2010,1.2284,1,8141
25178,2011,1.2137,1,8239
25178,2012,2.4038,2,8320
25178,2013,2.3683,2,8445
25178,2014,2.3286,2,8589
25178,2015,2.286,2,8749
25178,2016,2.2311,2,8964
25181,2010,1.0308,1,9701
25181,2011,1.0238,1,9768
25181,2012,1.0143,1,9859
25181,2013,1.0055,1,9945
25181,2014,0.9912,1,10089
25181,2015,0.9775,1,10230
25181,2016,0.9588,1,10430
25183,2010,0.6038,1,16562
25183,2011,0.5929,1,16866
25183,2012,0.5811,1,17208
25183,2013,0.5672,1,17631
25183,2014,1.1067,2,18071
25183,2015,0.5393,1,18544
25183,2016,0.5236,1,19098
25200,2010,1.1927,2,16769
25200,2011,0.5802,1,17236
25200,2012,0.5643,1,17722
25200,2013,0.5476,1,18260
25200,2014,0.5314,1,18818
25200,2015,0.5131,1,19491
25200,2016,0.4944,1,20225
25214,2010,0.4506,1,22193
25214,2011,0.4323,1,23130
25214,2012,0.4141,1,24146
25214,2013,0.3955,1,25283
25214,2014,0.3777,1,26474
25214,2015,0.3599,1,27786
25214,2016,0.3422,1,29221
25224,2010,1.5883,1,6296
25224,2011,1.5674,1,6380
25224,2012,1.5401,1,6493
25224,2013,1.5083,1,6630
25224,2014,1.4791,1,6761
25224,2015,1.4428,1,6931
25224,2016,1.4027,1,7129
25245,2010,2.1707,4,18427
25245,2011,2.1182,4,18884
25245,2012,2.0671,4,19351
25245,2013,2.0081,4,19919
25245,2014,1.9464,4,20551
25245,2015,1.8857,4,21212
25245,2016,1.8208,4,21968
25258,2010,2.1673,1,4614
25258,2011,2.1791,1,4589
25258,2012,2.1867,1,4573
25258,2013,2.1954,1,4555
25258,2014,2.1939,1,4558
25258,2015,2.1925,1,4561
25258,2016,2.1786,1,4590
25260,2010,0.633,1,15799
25260,2011,0.6111,1,16363
25260,2012,0.5898,1,16954
25260,2013,0.5682,1,17600
25260,2014,0.5457,1,18325
25260,2015,0.5242,1,19076
25260,2016,0.5009,1,19963
25269,2010,0.8241,8,97080
25269,2011,0.6943,7,100825
25269,2012,0.6671,7,104924
25269,2013,0.64,7,109381
25269,2014,0.6129,7,114218
25269,2015,0.5022,6,119469
25269,2016,0.4788,6,125326
25279,2010,0.9716,1,10292
25279,2011,0.961,1,10406
25279,2012,0.9493,1,10534
25279,2013,0.9366,1,10677
25279,2014,0.9215,1,10852
25279,2015,0.9032,1,11072
25279,2016,0.883,1,11325
25281,2010,1.8598,1,5377
25281,2011,3.7286,2,5364
25281,2012,3.7237,2,5371
25281,2013,3.6934,2,5415
25281,2014,3.6765,2,5440
25281,2015,3.643,2,5490
25281,2016,3.6036,2,5550
25286,2010,0.4778,3,62788
25286,2011,0.4578,3,65524
25286,2012,0.4381,3,68485
25286,2013,0.4185,3,71685
25286,2014,0.3992,3,75153
25286,2015,0.3802,3,78910
25286,2016,0.3608,3,83139
25288,2010,4.5662,2,4380
25288,2011,4.5341,2,4411
25288,2012,4.5157,2,4429
25288,2013,4.4563,2,4488
25288,2014,4.415,2,4530
25288,2015,4.3346,2,4614
25288,2016,4.279,2,4674
25290,2010,1.2217,12,98226
25290,2011,1.1796,12,101733
25290,2012,1.2312,13,105592
25290,2013,1.1839,13,109808
25290,2014,1.1363,13,114409
25290,2015,1.0049,12,119409
25290,2016,0.9599,12,125010
25293,2010,2.0525,1,4872
25293,2011,2.0691,1,4833
25293,2012,2.1053,1,4750
25293,2013,2.1496,1,4652
25293,2014,2.1782,1,4591
25293,2015,2.1983,1,4549
25293,2016,2.2212,1,4502
25295,2010,0.8801,1,11362
25295,2011,0.8427,1,11866
25295,2012,0.8048,1,12426
25295,2013,0.7673,1,13033
25295,2014,0.731,1,13679
25295,2015,0.6948,1,14393
25295,2016,0.6602,1,15147
25297,2010,1.1707,1,8542
25297,2011,1.1777,1,8491
25297,2012,1.1879,1,8418
25297,2013,1.195,1,8368
25297,2014,2.4036,2,8321
25297,2015,1.1996,1,8336
25297,2016,1.2054,1,8296
25299,2010,3.2723,1,3056
25299,2011,3.2906,1,3039
25299,2012,3.3091,1,3022
25299,2013,3.2971,1,3033
25299,2014,3.2938,1,3036
25299,2015,3.2852,1,3044
25299,2016,3.2873,1,3042
25307,2010,1.0228,8,78215
25307,2011,0.9994,8,80052
25307,2012,0.9739,8,82148
25307,2013,0.9469,8,84490
25307,2014,0.9189,8,87063
25307,2015,0.7788,7,89887
25312,2010,1.8695,1,5349
25312,2011,1.8162,1,5506
25312,2012,1.7699,1,5650
25312,2013,1.7077,1,5856
25312,2014,1.6499,1,6061
25312,2015,1.5924,1,6280
25312,2016,1.5302,1,6535
25317,2010,0.9008,1,11101
25317,2011,0.8884,1,11256
25317,2012,0.875,1,11429
25317,2013,0.8592,1,11639
25317,2014,0.8432,1,11860
25317,2015,0.8238,1,12139
25317,2016,0.8034,1,12447
25320,2010,1.6559,4,24156
25320,2011,1.6208,4,24679
25320,2012,1.5833,4,25263
25320,2013,1.5451,4,25889
25320,2014,1.8805,5,26589
25320,2015,1.4615,4,27370
25320,2016,1.4147,4,28274
25322,2010,0.7964,1,12557
25322,2011,0.7833,1,12766
25322,2012,0.7689,1,13006
25322,2013,0.7531,1,13278
25322,2014,0.7352,1,13602
25322,2015,0.7175,1,13938
25322,2016,0.6987,1,14313
25324,2010,4.1391,1,2416
25324,2011,4.0683,1,2458
25324,2012,4.0274,1,2483
25324,2013,3.9714,1,2518
25324,2014,3.9746,1,2516
25324,2015,3.8911,1,2570
25326,2010,1.9033,1,5254
25326,2011,1.8702,1,5347
25326,2012,1.8433,1,5425
25326,2013,1.8103,1,5524
25326,2014,1.7715,1,5645
25326,2015,1.7352,1,5763
25326,2016,1.6878,1,5925
25328,2010,5.2562,2,3805
25328,2011,2.6082,1,3834
25328,2012,2.6008,1,3845
25328,2013,2.5687,1,3893
25328,2014,2.5297,1,3953
25328,2015,2.4534,1,4076
25328,2016,2.3674,1,4224
25335,2010,2.019,1,4953
25335,2011,1.9747,1,5064
25335,2012,1.9324,1,5175
25335,2013,1.8879,1,5297
25335,2014,1.8352,1,5449
25335,2015,1.7879,1,5593
25335,2016,1.7262,1,5793
25339,2010,3.1817,1,3143
25339,2011,3.1949,1,3130
25339,2012,3.1807,1,3144
25339,2013,3.1486,1,3176
25339,2014,3.1546,1,3170
25339,2015,3.0921,1,3234
25339,2016,3.0432,1,3286
25368,2010,4.3365,1,2306
25368,2011,4.3122,1,2319
25368,2012,4.3497,1,2299
25368,2013,4.4307,1,2257
25368,2014,4.4346,1,2255
25368,2015,4.4623,1,2241
25368,2016,4.3122,1,2319
25372,2010,6.8376,4,5850
25372,2011,6.9001,4,5797
25372,2012,6.9541,4,5752
25372,2013,6.9857,4,5726
25372,2014,6.9967,4,5717
25372,2015,6.9759,4,5734
25372,2016,6.9723,4,5737
25377,2010,0.444,1,22525
25377,2011,0.4322,1,23139
25377,2012,0.42,1,23812
25377,2013,0.4068,1,24582
25377,2014,0.3938,1,25396
25377,2015,0.3801,1,26308
25377,2016,0.366,1,27322
25386,2010,1.6439,4,24333
25386,2011,1.5975,4,25039
25386,2012,1.5505,4,25798
25386,2013,1.4985,4,26693
25386,2014,1.4476,4,27632
25386,2015,1.7448,5,28657
25386,2016,1.6766,5,29823
25394,2010,8.6346,8,9265
25394,2011,8.644,8,9255
25394,2012,8.6909,8,9205
25394,2013,8.7127,8,9182
25394,2014,8.7051,8,9190
25394,2015,8.6862,8,9210
25394,2016,8.6477,8,9251
25398,2010,1.7179,1,5821
25398,2011,1.725,1,5797
25398,2012,1.7367,1,5758
25398,2013,1.7394,1,5749
25398,2014,1.7467,1,5725
25398,2015,1.7532,1,5704
25398,2016,1.7203,1,5813
25402,2010,1.541,2,12979
25402,2011,0.7518,1,13301
25402,2012,0.7316,1,13668
25402,2013,1.4209,2,14076
25402,2014,1.3777,2,14517
25402,2015,0.6657,1,15022
25402,2016,0.6426,1,15561
25407,2010,1.173,1,8525
25407,2011,1.1574,1,8640
25407,2012,1.1405,1,8768
25407,2013,1.121,1,8921
25407,2014,1.1,1,9091
25407,2015,1.0785,1,9272
25407,2016,1.0559,1,9471
25426,2010,1.6324,1,6126
25426,2011,1.6534,1,6048
25426,2012,1.6595,1,6026
25426,2013,1.6603,1,6023
25426,2014,1.6728,1,5978
25426,2015,1.6658,1,6003
25426,2016,1.6642,1,6009
25430,2010,0.4036,3,74332
25430,2011,0.3857,3,77772
25430,2012,0.3682,3,81469
25430,2013,0.3509,3,85489
25430,2014,0.3339,3,89848
25430,2015,0.3172,3,94567
25430,2016,0.3007,3,99781
25436,2010,2.5981,1,3849
25436,2011,2.6337,1,3797
25436,2012,2.681,1,3730
25436,2013,2.6788,1,3733
25436,2014,2.6969,1,3708
25436,2015,2.6969,1,3708
25436,2016,2.7152,1,3683
25438,2010,1.2183,1,8208
25438,2011,1.2387,1,8073
25438,2012,1.2439,1,8039
25438,2013,1.2533,1,7979
25438,2014,1.2609,1,7931
25438,2015,1.2596,1,7939
25438,2016,1.2625,1,7921
25473,2010,0.3683,3,81462
25473,2011,0.4654,4,85939
25473,2012,0.4407,4,90773
25473,2013,0.4168,4,95973
25473,2014,0.2953,3,101605
25473,2015,0.2786,3,107674
25473,2016,0.1749,2,114348
25483,2010,5.1256,1,1951
25483,2011,5.0403,1,1984
25483,2012,4.9975,1,2001
25483,2013,4.8638,1,2056
25483,2014,4.7371,1,2111
25483,2015,4.5956,1,2176
25486,2010,1.0119,1,9882
25486,2011,0.9837,1,10166
25486,2012,0.955,1,10471
25486,2013,0.9246,1,10816
25486,2014,0.894,1,11186
25486,2015,0.8619,1,11602
25486,2016,0.8304,1,12043
25488,2010,2.578,2,7758
25488,2011,2.4786,2,8069
25488,2012,2.3981,2,8340
25488,2013,2.3071,2,8669
25488,2014,2.2161,2,9025
25488,2015,2.1324,2,9379
25489,2010,3.0003,1,3333
25489,2011,3.0349,1,3295
25489,2012,3.0093,1,3323
25489,2013,2.9789,1,3357
25489,2014,2.9377,1,3404
25489,2015,2.8744,1,3479
25489,2016,2.8313,1,3532
25491,2010,3.7821,2,5288
25491,2011,1.8598,1,5377
25491,2012,1.857,1,5385
25491,2013,1.8275,1,5472
25491,2014,1.7966,1,5566
25491,2015,1.7768,1,5628
25491,2016,1.7331,1,5770
25506,2010,2.6567,1,3764
25506,2011,2.6546,1,3767
25506,2012,2.6096,1,3832
25506,2013,2.5727,1,3887
25506,2014,2.553,1,3917
25506,2015,2.5291,1,3954
25506,2016,2.4956,1,4007
25513,2010,0.9437,2,21194
25513,2011,0.9344,2,21405
25513,2012,1.386,3,21645
25513,2013,1.3684,3,21923
25513,2014,1.3474,3,22265
25513,2015,1.3241,3,22657
25513,2016,1.2965,3,23140
25518,2010,6.9525,3,4315
25518,2011,7.0307,3,4267
25518,2012,7.1276,3,4209
25518,2013,7.131,3,4207
25518,2014,7.1157,3,4216
25518,2015,7.0888,3,4232
25518,2016,4.7767,2,4187
25524,2010,2.3579,1,4241
25524,2011,2.3507,1,4254
25524,2012,2.3223,1,4306
25524,2013,2.2826,1,4381
25524,2014,2.2437,1,4457
25524,2015,2.2065,1,4532
25524,2016,2.1209,1,4715
25530,2010,1.6179,1,6181
25530,2011,1.5625,1,6400
25530,2012,1.5165,1,6594
25530,2013,1.4631,1,6835
25530,2014,1.416,1,7062
25530,2015,1.3693,1,7303
25530,2016,1.3182,1,7586
25535,2010,1.2296,1,8133
25535,2011,1.2217,1,8185
25535,2012,1.2139,1,8238
25535,2013,1.1996,1,8336
25535,2014,1.1893,1,8408
25535,2015,1.1705,1,8543
25535,2016,1.1506,1,8691
25572,2010,2.4347,3,12322
25572,2011,2.3872,3,12567
25572,2012,2.333,3,12859
25572,2013,2.2793,3,13162
25572,2014,2.2186,3,13522
25572,2015,2.1589,3,13896
25572,2016,2.095,3,14320
25580,2010,9.6185,3,3119
25580,2011,9.6525,3,3108
25580,2012,9.5572,3,3139
25580,2013,9.6246,3,3117
25580,2014,9.428,3,3182
25580,2015,9.3662,3,3203
25580,2016,9.2966,3,3227
25592,2010,6.7781,3,4426
25592,2011,6.7889,3,4419
25592,2012,6.6328,3,4523
25592,2013,6.7507,3,4444
25592,2014,6.683,3,4489
25592,2015,4.4218,2,4523
25592,2016,4.3754,2,4571
25594,2010,4.3039,2,4647
25594,2011,4.2863,2,4666
25594,2012,4.2644,2,4690
25594,2013,4.2454,2,4711
25594,2014,4.215,2,4745
25594,2015,4.158,2,4810
25594,2016,4.0883,2,4892
25596,2010,7.8419,5,6376
25596,2011,7.9694,5,6274
25596,2012,8.0295,5,6227
25596,2013,8.0645,5,6200
25596,2014,8.0218,5,6233
25596,2015,7.9847,5,6262
25596,2016,8.0438,5,6216
25599,2010,1.4512,1,6891
25599,2011,1.4302,1,6992
25599,2012,1.4073,1,7106
25599,2013,1.3843,1,7224
25599,2014,1.3592,1,7357
25599,2015,1.3314,1,7511
25599,2016,1.3026,1,7677
25612,2010,1.0929,1,9150
25612,2011,1.054,1,9488
25612,2012,1.0135,1,9867
25612,2013,0.9782,1,10223
25612,2014,0.9373,1,10669
25612,2015,0.9006,1,11104
25612,2016,0.8605,1,11621
25645,2010,2.0338,2,9834
25645,2011,2.0048,2,9976
25645,2012,1.9693,2,10156
25645,2013,1.9314,2,10355
25645,2014,1.8916,2,10573
25645,2015,1.8471,2,10828
25645,2016,1.8003,2,11109
25649,2010,1.2069,1,8286
25649,2011,1.2109,1,8258
25649,2012,1.2118,1,8252
25649,2013,1.2143,1,8235
25649,2014,1.2157,1,8226
25649,2015,1.2101,1,8264
25649,2016,1.2034,1,8310
25653,2010,4.315,2,4635
25653,2011,2.1739,1,4600
25653,2012,2.1505,1,4650
25653,2013,2.158,1,4634
25653,2014,2.1427,1,4667
25653,2015,2.1259,1,4704
25653,2016,2.1182,1,4721
25658,2010,1.2133,1,8242
25658,2011,1.1818,1,8462
25658,2012,1.1494,1,8700
25658,2013,1.1196,1,8932
25658,2014,1.083,1,9234
25658,2015,1.0511,1,9514
25658,2016,1.0124,1,9878
25662,2010,3.87,3,7752
25662,2011,3.879,3,7734
25662,2012,3.8595,3,7773
25662,2013,3.862,3,7768
25662,2014,3.8437,3,7805
25662,2015,3.8202,3,7853
25662,2016,3.7774,3,7942
25718,2010,1.1261,1,8880
25718,2011,1.1057,1,9044
25718,2012,1.0918,1,9159
25718,2013,1.0686,1,9358
25718,2014,1.0468,1,9553
25718,2015,1.0233,1,9772
25718,2016,0.9963,1,10037
25736,2010,1.1605,1,8617
25736,2011,1.1294,1,8854
25736,2012,1.0965,1,9120
25736,2013,1.0622,1,9414
25736,2014,1.0282,1,9726
25736,2015,0.9928,1,10073
25736,2016,0.9551,1,10470
25740,2010,0.8099,2,24694
25740,2011,0.7857,2,25455
25740,2012,1.9019,5,26289
25740,2013,1.8384,5,27198
25740,2014,1.7736,5,28192
25740,2015,1.7079,5,29276
25740,2016,1.6406,5,30477
25743,2010,1.7172,3,17470
25743,2011,1.6844,3,17810
25743,2012,1.6529,3,18150
25743,2013,1.6166,3,18558
25743,2014,1.5759,3,19037
25743,2015,1.5359,3,19532
25743,2016,1.4918,3,20110
25745,2010,1.0098,1,9903
25745,2011,0.9861,1,10141
25745,2012,0.9593,1,10424
25745,2013,0.9313,1,10738
25745,2014,0.9042,1,11060
25745,2015,0.8746,1,11434
25745,2016,0.8465,1,11814
25754,2010,0.2593,11,424252
25754,2011,0.2692,12,445740
25754,2012,0.2772,13,469029
25754,2013,0.2833,14,494162
25754,2014,0.2685,14,521345
25754,2015,0.2361,13,550626
25754,2016,0.223,13,583007
25758,2010,0.5578,1,17927
25758,2011,0.5371,1,18617
25758,2012,0.5159,1,19385
25758,2013,0.4951,1,20198
25758,2014,0.4742,1,21090
25758,2015,0.4532,1,22067
25758,2016,0.432,1,23146
25769,2010,2.1882,3,13710
25769,2011,2.1678,3,13839
25769,2012,2.1473,3,13971
25769,2013,2.1209,3,14145
25769,2014,2.0904,3,14351
25769,2015,2.0555,3,14595
25769,2016,2.0149,3,14889
25772,2010,0.7738,1,12924
25772,2011,0.7531,1,13279
25772,2012,0.7324,1,13654
25772,2013,0.7104,1,14076
25772,2014,0.6883,1,14529
25772,2015,0.6649,1,15039
25772,2016,0.6413,1,15594
25777,2010,4.4346,2,4510
25777,2011,4.3966,2,4549
25777,2012,4.344,2,4604
25777,2013,4.2454,2,4711
25777,2014,4.2274,2,4731
25777,2015,4.1434,2,4827
25777,2016,2.0412,1,4899
25779,2010,1.8159,1,5507
25779,2011,1.7934,1,5576
25779,2012,1.7603,1,5681
25779,2013,1.7403,1,5746
25779,2014,1.7091,1,5851
25779,2015,1.672,1,5981
25779,2016,1.6356,1,6114
25781,2010,2.193,1,4560
25781,2011,2.139,1,4675
25781,2012,2.0868,1,4792
25781,2013,2.0247,1,4939
25781,2014,1.9739,1,5066
25781,2015,1.9073,1,5243
25781,2016,1.8443,1,5422
25785,2010,0.6349,1,15751
25785,2011,0.6133,1,16305
25785,2012,0.594,1,16835
25785,2013,0.5733,1,17442
25785,2014,0.552,1,18117
25785,2015,0.53,1,18867
25785,2016,0.5083,1,19672
25793,2010,1.5065,1,6638
25793,2011,1.4879,1,6721
25793,2012,1.4603,1,6848
25793,2013,1.4298,1,6994
25793,2014,1.3984,1,7151
25793,2015,1.3594,1,7356
25793,2016,1.3282,1,7529
25797,2010,2.6312,2,7601
25797,2011,2.5671,2,7791
25797,2012,2.516,2,7949
25797,2013,2.4519,2,8157
25797,2014,2.3955,2,8349
25797,2015,2.3302,2,8583
25797,2016,2.2604,2,8848
25799,2010,0.6252,1,15994
25799,2011,0.6054,1,16519
25799,2012,0.5849,1,17097
25799,2013,1.1291,2,17714
25799,2014,1.0884,2,18375
25799,2015,0.5233,1,19111
25799,2016,0.5017,1,19931
25805,2010,5.2247,2,3828
25805,2011,5.2151,2,3835
25805,2012,5.0671,2,3947
25805,2013,5.0113,2,3991
25805,2014,4.9938,2,4005
25805,2015,4.8508,2,4123
25805,2016,4.8473,2,4126
25807,2012,3.3807,1,2958
25807,2013,3.34,1,2994
25807,2014,3.2216,1,3104
25807,2015,3.2404,1,3086
25807,2016,3.3113,1,3020
25815,2010,0.7291,1,13715
25815,2011,0.7231,1,13830
25815,2012,0.7133,1,14020
25815,2013,0.7059,1,14167
25815,2014,0.6949,1,14390
25815,2015,0.6831,1,14639
25815,2016,0.6694,1,14939
25817,2010,0.3747,1,26690
25817,2011,0.3581,1,27929
25817,2012,0.3419,1,29250
25817,2013,0.326,1,30678
25817,2014,0.3108,1,32179
25817,2015,0.2955,1,33841
25817,2016,0.2804,1,35666
25823,2010,4.8216,2,4148
25823,2011,4.865,2,4111
25823,2012,4.8485,2,4125
25823,2013,4.8709,2,4106
25823,2014,4.8984,2,4083
25823,2015,4.9068,2,4076
25823,2016,2.4444,1,4091
25839,2010,2.4531,2,8153
25839,2011,2.4851,2,8048
25839,2012,2.5009,2,7997
25839,2013,2.524,2,7924
25839,2014,2.5611,2,7809
25839,2015,2.5893,2,7724
25839,2016,2.5917,2,7717
25841,2010,3.2383,2,6176
25841,2011,3.2196,2,6212
25841,2012,3.2036,2,6243
25841,2013,1.6005,1,6248
25841,2014,1.5853,1,6308
25841,2015,1.5711,1,6365
25841,2016,1.5408,1,6490
25843,2010,0.3224,1,31018
25843,2011,0.3122,1,32026
25843,2012,0.302,1,33109
25843,2013,0.2915,1,34300
25843,2014,0.5613,2,35634
25843,2015,0.2699,1,37051
25843,2016,0.2588,1,38638
25845,2010,1.6551,1,6042
25845,2011,1.6385,1,6103
25845,2012,1.6263,1,6149
25845,2013,1.6069,1,6223
25845,2014,1.576,1,6345
25845,2015,1.5485,1,6458
25845,2016,1.52,1,6579
25851,2010,2.574,1,3885
25851,2011,2.5575,1,3910
25851,2012,2.5484,1,3924
25851,2013,2.524,1,3962
25851,2014,2.5082,1,3987
25851,2015,2.5069,1,3989
25851,2016,2.4384,1,4101
25862,2010,1.4888,1,6717
25862,2011,1.4912,1,6706
25862,2012,1.5006,1,6664
25862,2013,1.493,1,6698
25862,2014,1.5002,1,6666
25862,2015,1.5053,1,6643
25862,2016,1.4993,1,6670
25867,2010,2.777,1,3601
25867,2011,2.7263,1,3668
25867,2012,2.6903,1,3717
25867,2013,2.6309,1,3801
25867,2014,2.576,1,3882
25867,2015,2.5387,1,3939
25867,2016,2.4667,1,4054
25871,2010,5.9242,1,1688
25871,2011,5.9032,1,1694
25871,2012,5.9488,1,1681
25871,2013,5.9773,1,1673
25871,2014,5.7241,1,1747
25871,2015,5.8106,1,1721
25871,2016,5.787,1,1728
25873,2010,0.6958,1,14372
25873,2011,0.6867,1,14563
25873,2012,0.6749,1,14816
25873,2013,0.6629,1,15086
25873,2014,0.6504,1,15376
25873,2015,0.6359,1,15725
25873,2016,0.6205,1,16115
25875,2010,0.9361,2,21366
25875,2011,0.9179,2,21790
25875,2012,1.3453,3,22300
25875,2013,1.3146,3,22820
25875,2014,1.7071,4,23432
25875,2015,1.2432,3,24132
25875,2016,1.2047,3,24903
25878,2010,4.8984,6,12249
25878,2011,4.896,6,12255
25878,2012,0.8115,1,12323
25878,2013,0.8089,1,12363
25878,2014,0.8021,1,12467
25878,2015,0.7947,1,12583
25878,2016,0.7846,1,12746
25885,2010,8.7385,11,12588
25885,2011,8.8247,11,12465
25885,2012,8.8738,11,12396
25885,2013,8.9482,11,12293
25885,2014,8.9884,11,12238
25885,2015,9.0038,11,12217
25885,2016,9.0142,11,12203
25898,2010,5.1573,2,3878
25898,2011,5.0787,2,3938
25898,2012,4.995,2,4004
25898,2013,4.9056,2,4077
25898,2014,4.8251,2,4145
25898,2015,4.7081,2,4248
25898,2016,4.583,2,4364
25899,2010,0.3219,3,93191
25899,2011,0.1036,1,96489
25899,2012,0.0999,1,100054
25899,2013,0.0962,1,103968
25899,2014,0.1848,2,108243
25899,2015,0.0886,1,112862
25899,2016,0.0847,1,118023
27001,2010,0.7605,9,118339
27001,2011,0.7501,9,119989
27001,2012,3.0413,37,121657
27001,2013,3.1662,39,123177
27001,2014,3.1308,39,124568
27001,2015,2.9386,37,125909
27001,2016,2.832,36,127119
27006,2010,0.8065,1,12400
27006,2013,0.7666,1,13044
27025,2010,1.3594,3,22069
27025,2011,1.3154,3,22806
27025,2012,0.8504,2,23519
27050,2010,5.7056,3,5258
27050,2011,5.5361,3,5419
27050,2012,3.5958,2,5562
27050,2013,1.7562,1,5694
27073,2010,2.0646,2,9687
27073,2011,2.0202,2,9900
27073,2012,1.9867,2,10067
27073,2013,0.981,1,10194
27075,2010,2.2314,2,8963
27075,2013,1.0525,1,9501
27075,2014,1.0371,1,9642
27075,2015,1.0208,1,9796
27077,2010,1.2507,3,23986
27077,2011,1.2112,3,24769
27077,2012,0.7823,2,25565
27099,2010,2.9641,3,10121
27099,2011,2.8827,3,10407
27099,2012,2.8193,3,10641
27099,2013,1.835,2,10899
27135,2010,1.7203,1,5813
27135,2011,1.6998,1,5883
27135,2012,1.6841,1,5938
27150,2010,1.8534,2,10791
27150,2011,1.7056,2,11726
27150,2012,1.5731,2,12714
27150,2013,0.732,1,13661
27160,2010,2.9833,2,6704
27160,2011,3.0326,2,6595
27160,2012,1.5427,1,6482
27205,2010,1.7437,2,11470
27205,2011,1.7178,2,11643
27205,2012,0.8453,1,11830
27205,2013,0.8304,1,12042
27205,2014,0.8209,1,12182
27205,2015,0.8098,1,12348
27205,2016,0.8034,1,12447
27245,2010,1.3744,1,7276
27245,2011,1.3479,1,7419
27245,2012,1.3282,1,7529
27245,2013,1.3125,1,7619
27245,2014,1.2888,1,7759
27245,2015,1.2767,1,7833
27245,2016,1.2544,1,7972
27250,2010,1.3175,2,15180
27250,2011,1.2476,2,16031
27250,2012,0.5934,1,16851
27361,2010,0.3022,1,33093
27361,2011,0.3037,1,32927
27361,2012,0.3056,1,32723
27361,2013,0.3076,1,32509
27361,2014,0.3102,1,32235
27372,2010,3.7003,2,5405
27372,2011,3.5746,2,5595
27372,2012,1.7382,1,5753
27413,2010,2.0855,2,9590
27413,2011,2.0685,2,9669
27413,2012,2.0604,2,9707
27413,2013,1.0281,1,9727
27425,2010,4.6418,3,6463
27425,2011,4.2931,3,6988
27425,2012,3.9841,3,7530
27425,2013,1.2387,1,8073
27430,2010,2.2894,3,13104
27430,2011,2.235,3,13423
27430,2012,1.4613,2,13686
27450,2010,1.0209,1,9795
27450,2011,1.0082,1,9919
27491,2010,2.4242,2,8250
27491,2011,2.3716,2,8433
27491,2012,1.1755,1,8507
27495,2010,1.5807,2,12653
27495,2011,1.5264,2,13103
27495,2012,0.7381,1,13548
27580,2010,4.0475,3,7412
27580,2011,4.1551,3,7220
27580,2012,2.876,2,6954
27600,2010,8.0096,4,4994
27600,2011,7.314,4,5469
27600,2012,6.8458,4,5843
27600,2013,3.1964,2,6257
27615,2010,0.7909,3,37932
27615,2011,0.7516,3,39917
27615,2012,0.716,3,41901
27615,2013,0.4559,2,43866
27660,2010,3.92,2,5102
27660,2011,3.9494,2,5064
27660,2012,3.9162,2,5107
27660,2013,1.9554,1,5114
27745,2010,7.3046,2,2738
27745,2011,7.0922,2,2820
27745,2012,3.471,1,2881
27787,2010,0.6322,1,15818
27787,2011,0.6203,1,16120
27787,2012,0.6079,1,16451
27787,2013,0.5976,1,16734
27787,2014,0.5891,1,16975
27787,2015,0.5777,1,17310
27787,2016,0.5703,1,17536
27800,2010,0.8576,1,11661
27800,2013,0.8233,1,12146
27810,2010,4.0617,3,7386
27810,2011,4.085,3,7344
27810,2012,2.7469,2,7281
27810,2013,1.3864,1,7213
41001,2010,1.0422,34,326219
41001,2011,0.9393,31,330022
41001,2012,0.899,30,333717
41001,2013,0.8594,29,337452
41001,2014,0.3517,12,341232
41001,2015,0.3478,12,345066
41001,2016,0.4011,14,349048
41006,2010,0.4519,1,22130
41006,2011,0.4453,1,22458
41006,2012,0.4388,1,22789
41006,2013,0.4331,1,23092
41006,2014,0.855,2,23393
41006,2015,0.8427,2,23733
41006,2016,0.8307,2,24076
41013,2010,6.0724,5,8234
41013,2011,1.206,1,8292
41013,2012,1.1892,1,8409
41013,2013,1.1822,1,8459
41013,2014,1.1784,1,8486
41013,2015,1.1688,1,8556
41013,2016,1.16,1,8621
41016,2010,0.6854,1,14591
41016,2011,0.6768,1,14775
41016,2012,0.6675,1,14982
41016,2013,0.658,1,15198
41016,2014,0.6494,1,15398
41016,2015,0.6399,1,15627
41016,2016,0.63,1,15872
41020,2010,2.7805,6,21579
41020,2011,0.4613,1,21677
41020,2012,0.459,1,21788
41020,2013,0.456,1,21929
41020,2014,0.4545,1,22002
41020,2015,0.4519,1,22131
41020,2016,0.4503,1,22205
41026,2010,2.5316,1,3950
41026,2011,2.5381,1,3940
41026,2012,2.5381,1,3940
41026,2014,2.4716,1,4046
41026,2015,2.4402,1,4098
41026,2016,2.4085,1,4152
41078,2010,1.208,1,8278
41078,2011,1.2096,1,8267
41078,2012,1.2082,1,8277
41078,2013,1.2079,1,8279
41078,2014,1.2088,1,8273
41078,2015,1.2089,1,8272
41078,2016,1.2096,1,8267
41132,2010,0.3345,1,29899
41132,2011,0.3329,1,30037
41132,2012,0.3316,1,30158
41132,2013,0.3305,1,30255
41132,2014,0.3288,1,30413
41132,2015,0.3271,1,30573
41132,2016,0.325,1,30772
41206,2010,1.2674,1,7890
41206,2011,1.2814,1,7804
41206,2012,1.2989,1,7699
41206,2013,1.3089,1,7640
41206,2014,1.3226,1,7561
41206,2015,1.3289,1,7525
41206,2016,1.3464,1,7427
41244,2010,2.5981,1,3849
41244,2011,2.584,1,3870
41244,2012,2.54,1,3937
41244,2013,2.5075,1,3988
41244,2014,2.4913,1,4014
41244,2015,2.4789,1,4034
41244,2016,2.4474,1,4086
41298,2010,0.9217,6,65096
41298,2011,0.9096,6,65965
41298,2012,1.1965,8,66861
41298,2013,1.1811,8,67731
41298,2014,0.7283,5,68655
41298,2015,0.7191,5,69534
41298,2016,0.7094,5,70487
41306,2010,2.969,7,23577
41306,2011,0.422,1,23696
41306,2012,0.4195,1,23839
41306,2013,0.4177,1,23938
41306,2014,0.4153,1,24078
41306,2015,0.4129,1,24221
41306,2016,0.4119,1,24276
41319,2010,0.6169,1,16209
41319,2011,0.6073,1,16465
41319,2012,0.5996,1,16679
41319,2013,0.5933,1,16855
41319,2014,0.5865,1,17049
41319,2015,0.5817,1,17191
41319,2016,0.5753,1,17381
41349,2010,1.4535,1,6880
41349,2011,1.4395,1,6947
41349,2012,1.4265,1,7010
41349,2013,1.4158,1,7063
41349,2014,1.4098,1,7093
41349,2015,1.4114,1,7085
41349,2016,1.4053,1,7116
41357,2010,2.3221,2,8613
41357,2011,2.3052,2,8676
41357,2012,3.4412,3,8718
41357,2013,3.4165,3,8781
41357,2014,3.3784,3,8880
41357,2015,2.2282,2,8976
41357,2016,2.2014,2,9085
41359,2010,0.4416,1,22643
41359,2011,0.4356,1,22956
41359,2012,0.4301,1,23251
41359,2013,0.4241,1,23582
41359,2014,0.4182,1,23910
41359,2015,0.4133,1,24194
41359,2016,0.4082,1,24496
41378,2010,0.874,1,11442
41378,2011,0.8607,1,11619
41378,2012,1.6984,2,11776
41378,2013,1.6748,2,11942
41378,2014,1.6566,2,12073
41378,2015,1.6363,2,12223
41378,2016,1.6073,2,12443
41396,2010,2.1897,12,54803
41396,2011,0.9004,5,55532
41396,2012,1.2434,7,56298
41396,2013,1.2267,7,57062
41396,2014,1.0374,6,57838
41396,2015,0.853,5,58617
41396,2016,1.0105,6,59377
41483,2010,1.69,1,5917
41483,2011,1.6611,1,6020
41483,2012,1.6523,1,6052
41483,2013,1.6377,1,6106
41483,2014,1.6205,1,6171
41483,2015,1.5997,1,6251
41483,2016,1.5828,1,6318
41503,2010,0.9591,1,10426
41503,2011,0.9472,1,10557
41503,2012,0.9356,1,10688
41503,2013,0.9245,1,10817
41503,2014,0.9096,1,10994
41503,2015,0.8966,1,11153
41503,2016,0.8842,1,11310
41518,2010,1.6762,1,5966
41518,2011,1.6485,1,6066
41518,2012,1.6303,1,6134
41518,2013,1.6129,1,6200
41518,2014,1.5881,1,6297
41518,2015,1.5708,1,6366
41518,2016,1.5559,1,6427
41524,2010,0.4198,1,23822
41524,2011,0.4143,1,24135
41524,2012,0.4099,1,24396
41524,2013,0.4036,1,24774
41524,2014,0.399,1,25062
41524,2015,0.3946,1,25345
41524,2016,0.3899,1,25645
41530,2010,2.0284,2,9860
41530,2011,1.9992,2,10004
41530,2012,1.9656,2,10175
41530,2013,1.9399,2,10310
41530,2014,1.9133,2,10453
41530,2015,2.819,3,10642
41530,2016,2.777,3,10803
41548,2010,6.9827,9,12889
41548,2011,0.7701,1,12986
41548,2012,0.7635,1,13097
41548,2013,0.7602,1,13155
41548,2014,0.7541,1,13260
41548,2015,0.7484,1,13362
41548,2016,0.7401,1,13511
41551,2010,0.5583,6,107467
41551,2011,0.5476,6,109564
41551,2012,0.5376,6,111616
41551,2013,0.5279,6,113663
41551,2014,0.4319,5,115759
41551,2015,0.4242,5,117876
41551,2016,0.4166,5,120010
41615,2010,0.9418,2,21237
41615,2011,0.9247,2,21629
41615,2012,0.9077,2,22033
41615,2013,0.8938,2,22376
41615,2014,0.4397,1,22741
41615,2015,0.4321,1,23143
41615,2016,0.4249,1,23537
41660,2010,1.037,1,9643
41660,2011,1.0288,1,9720
41660,2012,1.0175,1,9828
41660,2013,1.0084,1,9917
41660,2014,1.0004,1,9996
41660,2015,0.9866,1,10136
41660,2016,0.9738,1,10269
41668,2010,0.3323,1,30097
41668,2011,0.3285,1,30441
41668,2012,0.3245,1,30820
41668,2013,0.3212,1,31136
41668,2014,0.3173,1,31514
41668,2015,0.3133,1,31917
41668,2016,0.3093,1,32333
41676,2010,1.0083,1,9918
41676,2011,1.0023,1,9977
41676,2012,0.9985,1,10015
41676,2013,0.9925,1,10076
41676,2014,0.9883,1,10118
41676,2015,0.9828,1,10175
41676,2016,0.9725,1,10283
41770,2010,2.7065,5,18474
41770,2011,0.5292,1,18895
41770,2012,0.5175,1,19325
41770,2013,0.5068,1,19732
41770,2014,0.4968,1,20130
41770,2015,0.4878,1,20500
41770,2016,0.4773,1,20950
41791,2010,0.6257,1,15982
41791,2011,0.6171,1,16206
41791,2012,0.6099,1,16397
41791,2013,0.6042,1,16552
41791,2014,0.5984,1,16710
41791,2015,0.5926,1,16876
41791,2016,0.5877,1,17015
41797,2010,1.0183,1,9820
41797,2011,1.0065,1,9935
41797,2012,0.9896,1,10105
41797,2013,0.9803,1,10201
41797,2014,0.9713,1,10295
41797,2015,0.9649,1,10364
41797,2016,0.9563,1,10457
41799,2010,1.7209,2,11622
41799,2011,3.4403,4,11627
41799,2012,3.4394,4,11630
41799,2013,3.4329,4,11652
41799,2014,3.4214,4,11691
41799,2015,3.4247,4,11680
41799,2016,3.3956,4,11780
41801,2010,5.1746,4,7730
41801,2011,1.2845,1,7785
41801,2012,1.2744,1,7847
41801,2013,1.265,1,7905
41801,2014,1.2679,1,7887
41801,2015,1.2601,1,7936
41801,2016,1.2566,1,7958
41807,2010,0.4931,1,20279
41807,2011,0.4884,1,20474
41807,2012,0.4848,1,20628
41807,2013,0.4799,1,20838
41807,2014,0.4756,1,21026
41807,2015,0.4721,1,21180
41807,2016,0.4693,1,21307
41872,2010,1.3976,1,7155
41872,2011,1.4,1,7143
41872,2012,1.4027,1,7129
41872,2013,1.3897,1,7196
41872,2014,1.3805,1,7244
41872,2015,1.3729,1,7284
41872,2016,1.3805,1,7244
41885,2010,1.3916,1,7186
41885,2011,1.3782,1,7256
41885,2012,1.3622,1,7341
41885,2013,1.3492,1,7412
41885,2014,1.3382,1,7473
41885,2015,1.3222,1,7563
41885,2016,1.3207,1,7572
44001,2010,2.1214,32,150847
44001,2011,1.4236,22,154539
44001,2012,1.3264,21,158325
44001,2013,1.9113,31,162196
44001,2014,1.9871,33,166070
44001,2015,2.2349,38,170031
44001,2016,1.832,32,174676
44035,2010,1.7602,4,22725
44035,2011,2.1378,5,23388
44035,2012,1.6625,4,24060
44035,2013,2.0216,5,24733
44035,2014,2.3614,6,25409
44035,2015,1.9183,5,26065
44035,2016,1.8605,5,26874
44078,2010,2.7774,8,28804
44078,2011,0.3388,1,29519
44078,2012,0.3309,1,30225
44078,2013,3.2311,10,30949
44078,2014,3.1549,10,31697
44078,2015,3.0874,10,32390
44078,2016,2.7047,9,33275
44090,2010,2.7353,8,29247
44090,2011,0.6623,2,30198
44090,2012,0.6425,2,31127
44090,2013,5.309,17,32021
44090,2014,5.1606,17,32942
44090,2015,5.0253,17,33829
44090,2016,4.8772,17,34856
44098,2010,0.8427,1,11867
44098,2011,2.5157,3,11925
44098,2012,0.8338,1,11993
44098,2013,2.4878,3,12059
44098,2014,2.471,3,12141
44098,2015,2.4394,3,12298
44098,2016,2.4168,3,12413
44110,2010,1.5449,1,6473
44110,2011,1.5344,1,6517
44110,2012,1.5239,1,6562
44110,2013,1.5063,1,6639
44110,2014,1.4981,1,6675
44110,2015,1.4745,1,6782
44110,2016,1.4516,1,6889
44279,2010,1.9823,7,35313
44279,2011,1.9432,7,36023
44279,2012,1.9056,7,36734
44279,2013,1.8664,7,37505
44279,2014,1.8306,7,38238
44279,2015,1.7912,7,39079
44279,2016,1.7506,7,39987
44378,2010,1.2092,2,16540
44378,2011,0.5936,1,16845
44378,2012,0.5814,1,17200
44378,2013,0.5696,1,17555
44378,2014,0.5587,1,17898
44378,2015,1.0933,2,18294
44378,2016,1.0688,2,18713
44420,2010,3.4153,1,2928
44420,2011,3.3535,1,2982
44420,2012,3.3289,1,3004
44420,2013,6.5147,2,3070
44420,2014,6.4144,2,3118
44420,2015,6.2637,2,3193
44420,2016,6.1293,2,3263
44430,2010,1.8772,26,138504
44430,2011,1.0581,15,141759
44430,2012,1.241,18,145050
44430,2013,1.2133,18,148351
44430,2014,1.0552,16,151637
44430,2015,0.9677,15,155013
44430,2016,1.0062,16,159010
44560,2010,1.4724,10,67916
44560,2011,0.8626,6,69557
44560,2012,0.7029,5,71131
44560,2013,0.9628,7,72704
44560,2014,1.482,11,74223
44560,2015,1.5839,12,75761
44560,2016,1.5459,12,77625
44650,2010,5.9652,25,41910
44650,2011,5.9118,25,42288
44650,2012,5.8569,25,42685
44650,2013,5.5668,24,43113
44650,2014,5.5085,24,43569
44650,2015,5.2255,23,44015
44650,2016,5.1498,23,44662
44847,2010,1.1867,16,134825
44847,2011,0.6526,9,137911
44847,2012,1.2067,17,140878
44847,2013,1.3214,19,143784
44847,2014,1.2958,19,146629
44847,2015,1.2038,18,149529
44847,2016,1.1763,18,153027
44855,2010,2.8601,3,10489
44855,2011,2.8653,3,10470
44855,2012,2.8692,3,10456
44855,2013,0.9554,1,10467
44855,2014,0.951,1,10515
44855,2015,0.95,1,10526
44855,2016,0.9391,1,10648
44874,2010,0.4077,1,24525
44874,2011,0.4029,1,24822
44874,2012,0.3977,1,25144
44874,2013,0.3926,1,25470
44874,2014,0.3867,1,25857
44874,2015,0.3804,1,26287
44874,2016,0.3734,1,26782
47001,2010,0.8757,38,433916
47001,2011,0.7251,32,441291
47001,2012,0.8697,39,448452
47001,2013,0.8342,38,455526
47001,2014,0.9083,42,462394
47001,2015,0.895,42,469272
47001,2016,0.8382,40,477190
47030,2010,2.2533,3,13314
47030,2011,2.209,3,13581
47030,2012,2.1658,3,13852
47030,2013,2.1316,3,14074
47030,2014,2.1013,3,14277
47030,2015,2.0678,3,14508
47030,2016,2.0336,3,14752
47053,2010,1.417,5,35285
47053,2011,1.3978,5,35771
47053,2012,1.3787,5,36266
47053,2013,2.4496,9,36741
47053,2014,2.419,9,37205
47053,2015,2.3899,9,37659
47053,2016,2.6183,10,38193
47058,2010,1.7581,5,28439
47058,2011,1.7441,5,28668
47058,2012,1.7351,5,28816
47058,2013,1.7248,5,28989
47058,2014,1.7167,5,29126
47058,2015,1.7092,5,29254
47058,2016,1.0198,3,29417
47161,2010,5.6117,5,8910
47161,2011,5.5531,5,9004
47161,2012,5.5109,5,9073
47161,2013,5.4478,5,9178
47161,2014,1.0757,1,9296
47161,2015,1.0607,1,9428
47161,2016,1.0474,1,9547
47170,2010,1.6694,3,17971
47170,2011,1.628,3,18427
47170,2012,1.5912,3,18854
47170,2013,2.5893,5,19310
47170,2014,2.5333,5,19737
47170,2015,2.4842,5,20127
47170,2016,2.4269,5,20602
47189,2010,0.6086,7,115015
47189,2011,0.6925,8,115521
47189,2012,0.7762,9,115954
47189,2013,0.8595,10,116349
47189,2014,0.8576,10,116604
47189,2015,0.7697,9,116934
47189,2016,0.766,9,117496
47205,2010,4.1263,4,9694
47205,2011,4.1118,4,9728
47205,2012,4.0833,4,9796
47205,2013,4.051,4,9874
47205,2014,4.0157,4,9961
47205,2015,3.9821,4,10045
47205,2016,3.9339,4,10168
47245,2010,0.6848,4,58409
47245,2011,0.5069,3,59184
47245,2012,2.1695,13,59921
47245,2013,1.9785,12,60652
47245,2014,1.9554,12,61370
47245,2015,0.4833,3,62069
47245,2016,0.4769,3,62912
47258,2010,1.5904,3,18863
47258,2011,3.1125,6,19277
47258,2012,3.0499,6,19673
47258,2013,2.9949,6,20034
47258,2014,1.9539,4,20472
47258,2015,1.9133,4,20906
47258,2016,1.8763,4,21318
47268,2010,0.5645,1,17716
47268,2011,0.5579,1,17925
47268,2012,0.5515,1,18132
47268,2013,1.0881,2,18381
47268,2014,1.0783,2,18547
47268,2015,1.0677,2,18732
47268,2016,1.0552,2,18953
47288,2010,1.5201,9,59205
47288,2011,1.5001,9,59997
47288,2012,1.4813,9,60758
47288,2013,2.4383,15,61519
47288,2014,2.4107,15,62222
47288,2015,2.0652,13,62947
47288,2016,2.037,13,63819
47318,2010,0.4145,1,24126
47318,2011,0.4098,1,24401
47318,2012,0.4051,1,24686
47318,2013,0.4022,1,24861
47318,2014,0.3978,1,25140
47318,2015,0.3936,1,25404
47318,2016,0.3893,1,25689
47460,2010,1.9138,3,15676
47460,2011,1.8613,3,16118
47460,2012,1.8081,3,16592
47460,2013,1.7635,3,17012
47460,2014,1.7158,3,17485
47460,2015,1.6744,3,17917
47460,2016,1.6292,3,18414
47541,2010,6.261,5,7986
47541,2011,4.9249,4,8122
47541,2012,4.8491,4,8249
47541,2013,5.9609,5,8388
47541,2014,5.8837,5,8498
47541,2015,5.7803,5,8650
47541,2016,5.6709,5,8817
47545,2010,0.8558,1,11685
47545,2011,2.5591,3,11723
47545,2012,2.5536,3,11748
47545,2013,2.5593,3,11722
47545,2014,2.5439,3,11793
47545,2015,2.5391,3,11815
47545,2016,2.5291,3,11862
47551,2010,1.4977,5,33384
47551,2011,0.8882,3,33777
47551,2012,0.8769,3,34210
47551,2013,0.866,3,34644
47551,2014,0.8573,3,34994
47551,2015,0.848,3,35379
47551,2016,0.8361,3,35881
47555,2010,2.7774,15,54008
47555,2011,2.7342,15,54860
47555,2012,2.6927,15,55706
47555,2013,2.6542,15,56515
47555,2014,2.6162,15,57335
47555,2015,2.5817,15,58101
47555,2016,2.5402,15,59051
47570,2010,0.409,1,24449
47570,2011,1.1974,3,25054
47570,2012,1.1684,3,25677
47570,2013,1.1422,3,26265
47570,2014,1.1182,3,26828
47570,2015,1.0953,3,27391
47570,2016,1.069,3,28064
47605,2010,0.9225,1,10840
47605,2011,0.9153,1,10925
47605,2012,6.3717,7,10986
47605,2013,7.286,8,10980
47605,2014,7.2352,8,11057
47605,2015,7.1878,8,11130
47605,2016,7.1524,8,11185
47660,2010,2.974,4,13450
47660,2011,5.8505,8,13674
47660,2012,5.7537,8,13904
47660,2013,5.6549,8,14147
47660,2014,5.5556,8,14400
47660,2015,5.4608,8,14650
47660,2016,5.3662,8,14908
47675,2010,2.0672,2,9675
47675,2011,2.0394,2,9807
47675,2012,2.0171,2,9915
47675,2013,2.0062,2,9969
47675,2014,1.9794,2,10104
47675,2015,1.9516,2,10248
47675,2016,1.9273,2,10377
47692,2010,1.7698,3,16951
47692,2011,1.7382,3,17259
47692,2012,5.132,9,17537
47692,2013,5.0582,9,17793
47692,2014,4.9845,9,18056
47692,2015,4.9151,9,18311
47692,2016,4.8255,9,18651
47703,2010,4.1017,4,9752
47703,2011,4.0266,4,9934
47703,2012,3.9417,4,10148
47703,2013,3.8603,4,10362
47703,2014,3.7847,4,10569
47703,2015,3.7061,4,10793
47703,2016,3.6261,4,11031
47707,2010,1.3238,4,30216
47707,2011,1.3488,4,29657
47707,2012,1.3756,4,29079
47707,2013,1.4035,4,28500
47707,2014,1.4382,4,27813
47707,2015,1.4782,4,27060
47707,2016,1.5128,4,26441
47720,2010,4.6224,5,10817
47720,2011,5.5798,6,10753
47720,2012,5.6001,6,10714
47720,2013,5.6407,6,10637
47720,2014,5.6657,6,10590
47720,2015,5.6609,6,10599
47720,2016,5.7029,6,10521
47745,2010,2.1122,5,23672
47745,2011,2.0775,5,24067
47745,2012,2.0479,5,24415
47745,2013,2.0102,5,24873
47745,2014,1.9914,5,25108
47745,2015,1.9639,5,25460
47745,2016,1.9312,5,25891
47798,2010,3.2123,4,12452
47798,2011,3.1921,4,12531
47798,2012,3.1812,4,12574
47798,2013,3.1653,4,12637
47798,2014,3.1424,4,12729
47798,2015,3.1257,4,12797
47798,2016,3.1027,4,12892
47960,2010,4.4893,4,8910
47960,2011,4.4568,4,8975
47960,2012,5.5084,5,9077
47960,2013,5.4407,5,9190
47960,2014,5.3816,5,9291
47960,2015,5.3288,5,9383
47960,2016,5.2554,5,9514
47980,2010,2.0671,11,53214
47980,2011,1.8193,10,54966
47980,2012,1.7651,10,56655
47980,2013,2.0541,12,58421
47980,2014,1.993,12,60210
47980,2015,1.9351,12,62011
47980,2016,1.8778,12,63906
50001,2010,0.4183,19,454178
50001,2011,0.4305,20,464527
50001,2012,0.4847,23,474503
50001,2013,0.5576,27,484216
50001,2014,0.4659,23,493721
50001,2015,0.4373,22,503042
50001,2016,0.3708,19,512462
50006,2010,0.5452,4,73370
50006,2011,0.3984,3,75305
50006,2012,0.5182,4,77187
50006,2013,0.1265,1,79035
50006,2014,0.1237,1,80841
50006,2015,0.121,1,82619
50006,2016,0.1184,1,84461
50110,2010,1.9562,1,5112
50110,2011,1.8925,1,5284
50110,2012,1.8322,1,5458
50110,2013,1.7699,1,5650
50110,2014,1.7147,1,5832
50110,2015,1.6821,1,5945
50110,2016,1.6472,1,6071
50124,2010,1.992,1,5020
50124,2011,1.9467,1,5137
50124,2012,1.9198,1,5209
50124,2013,1.8713,1,5344
50124,2014,1.808,1,5531
50124,2015,1.7489,1,5718
50124,2016,1.7153,1,5830
50150,2010,4.3714,5,11438
50150,2011,4.2568,5,11746
50150,2012,4.1081,5,12171
50150,2013,4.0064,5,12480
50150,2014,3.8799,5,12887
50150,2015,3.7702,5,13262
50150,2016,3.6906,5,13548
50223,2010,1.638,1,6105
50223,2012,1.5618,1,6403
50223,2013,1.5281,1,6544
50223,2014,1.5124,1,6612
50223,2015,1.5033,1,6652
50223,2016,1.4813,1,6751
50226,2010,4.0566,8,19721
50226,2011,0.4965,1,20141
50226,2012,0.4869,1,20540
50226,2013,0.4776,1,20936
50226,2014,0.4677,1,21381
50226,2015,0.4612,1,21682
50226,2016,0.4523,1,22111
50245,2010,10.3306,2,1936
50245,2011,10.3252,2,1937
50245,2012,5.1546,1,1940
50245,2013,5.1921,1,1926
50245,2014,5.2576,1,1902
50245,2015,5.3996,1,1852
50245,2016,5.5525,1,1801
50251,2010,2.486,2,8045
50251,2011,2.482,2,8058
50251,2012,2.4879,2,8039
50251,2013,2.4956,2,8014
50251,2014,1.2533,1,7979
50251,2015,1.2534,1,7978
50251,2016,1.2509,1,7994
50270,2010,2.9197,1,3425
50270,2011,2.8902,1,3460
50270,2012,2.8466,1,3513
50270,2013,2.7871,1,3588
50270,2014,2.7115,1,3688
50270,2015,2.6589,1,3761
50270,2016,2.6295,1,3803
50287,2010,0.9911,1,10090
50287,2011,0.9678,1,10333
50287,2012,0.9438,1,10595
50287,2013,0.9211,1,10857
50287,2014,0.8981,1,11134
50287,2015,0.8756,1,11421
50287,2016,0.8564,1,11677
50313,2010,0.6653,4,60123
50313,2011,0.6522,4,61327
50313,2012,0.3201,2,62484
50313,2013,0.3147,2,63543
50313,2014,0.3095,2,64615
50313,2015,0.3044,2,65696
50313,2016,0.2998,2,66715
50318,2010,2.3817,3,12596
50318,2011,2.3414,3,12813
50318,2012,2.3043,3,13019
50318,2013,2.2835,3,13138
50318,2014,2.2447,3,13365
50318,2015,1.4665,2,13638
50318,2016,0.7239,1,13815
50325,2010,2.9338,2,6817
50325,2011,2.9074,2,6879
50325,2012,2.896,2,6906
50325,2013,2.8965,2,6905
50325,2014,2.8918,2,6916
50325,2015,2.867,2,6976
50325,2016,2.8612,2,6990
50330,2010,1.8579,2,10765
50330,2011,1.8428,2,10853
50330,2012,0.9165,1,10911
50330,2013,0.9131,1,10952
50330,2014,0.9097,1,10993
50330,2015,0.9097,1,10993
50330,2016,0.9074,1,11021
50350,2010,0.9592,2,20850
50350,2011,0.9255,2,21610
50350,2012,0.8937,2,22380
50350,2013,0.8639,2,23152
50350,2014,0.8376,2,23879
50350,2015,0.8128,2,24605
50350,2016,0.7894,2,25335
50370,2010,2.381,2,8400
50370,2011,2.3447,2,8530
50370,2012,2.3151,2,8639
50370,2013,2.2831,2,8760
50370,2014,2.2589,2,8854
50370,2015,2.2339,2,8953
50370,2016,2.2099,2,9050
50400,2010,0.9265,1,10793
50400,2011,0.9193,1,10878
50400,2012,0.9115,1,10971
50400,2013,0.9022,1,11084
50400,2014,0.8998,1,11114
50400,2015,0.8977,1,11140
50400,2016,0.8901,1,11235
50450,2010,2.5167,2,7947
50450,2011,2.4832,2,8054
50450,2012,1.2359,1,8091
50450,2013,1.2306,1,8126
50450,2014,1.2253,1,8161
50450,2015,1.2158,1,8225
50450,2016,1.2064,1,8289
50568,2010,1.5389,5,32491
50568,2011,1.4862,5,33643
50568,2012,0.5746,2,34807
50568,2013,0.5565,2,35937
50568,2014,0.5392,2,37091
50568,2015,0.2622,1,38144
50568,2016,0.2548,1,39240
50573,2010,0.368,1,27174
50573,2011,0.3621,1,27614
50573,2012,0.3568,1,28028
50573,2013,0.3515,1,28447
50573,2014,0.3468,1,28833
50573,2015,0.3419,1,29251
50573,2016,0.3376,1,29617
50577,2010,6.3045,6,9517
50577,2011,6.2344,6,9624
50577,2012,1.0275,1,9732
50577,2013,1.017,1,9833
50577,2014,1.0088,1,9913
50577,2015,0.9992,1,10008
50577,2016,0.9842,1,10161
50590,2010,0.7808,1,12808
50590,2011,0.778,1,12854
50590,2012,0.7765,1,12878
50590,2013,0.7703,1,12982
50590,2014,0.7684,1,13014
50590,2015,0.7683,1,13015
50590,2016,0.768,1,13020
50606,2010,0.6342,1,15769
50606,2011,0.6215,1,16091
50606,2012,0.6082,1,16442
50606,2013,0.5974,1,16739
50606,2014,0.5897,1,16958
50606,2015,0.577,1,17331
50606,2016,0.5666,1,17648
50680,2010,0.9978,1,10022
50680,2011,0.9719,1,10289
50680,2012,1.8806,2,10635
50680,2013,1.8195,2,10992
50680,2014,1.7753,2,11266
50680,2015,1.7333,2,11539
50680,2016,1.6946,2,11802
50683,2010,4.6318,4,8636
50683,2011,4.5798,4,8734
50683,2012,1.1384,1,8784
50683,2013,1.1343,1,8816
50683,2014,1.1284,1,8862
50683,2015,1.1142,1,8975
50683,2016,1.1051,1,9049
50686,2010,7.3046,1,1369
50686,2011,7.3206,1,1366
50686,2012,7.3638,1,1358
50686,2013,7.0771,1,1413
50686,2014,7.2569,1,1378
50686,2015,7.4184,1,1348
50686,2016,7.5529,1,1324
50689,2010,0.4179,1,23928
50689,2011,0.4114,1,24310
50689,2012,0.4054,1,24668
50689,2013,0.7998,2,25006
50689,2014,0.7888,2,25354
50689,2015,0.3896,1,25669
50689,2016,0.3839,1,26051
50711,2010,1.1371,2,17589
50711,2011,1.1348,2,17625
50711,2012,0.5658,1,17675
50711,2013,0.5654,1,17686
50711,2014,0.5639,1,17734
50711,2015,0.562,1,17794
50711,2016,0.563,1,17762
52001,2010,0.8464,32,378072
52001,2011,0.8942,34,380245
52001,2012,0.8631,33,382333
52001,2013,0.8592,33,384087
52001,2014,0.8296,32,385710
52001,2015,0.7744,30,387388
52001,2016,0.7708,30,389184
52019,2010,3.7933,4,10545
52019,2011,4.7737,5,10474
52019,2012,4.8286,5,10355
52019,2013,4.8914,5,10222
52019,2014,4.9485,5,10104
52019,2015,5.0322,5,9936
52019,2016,5.0984,5,9807
52022,2010,1.4316,1,6985
52022,2011,2.8385,2,7046
52022,2012,2.8365,2,7051
52022,2013,1.4025,1,7130
52022,2014,1.3816,1,7238
52022,2015,1.3805,1,7244
52022,2016,1.382,1,7236
52036,2010,1.0635,1,9403
52036,2011,1.0694,1,9351
52036,2012,1.0715,1,9333
52036,2013,1.0826,1,9237
52036,2014,1.1047,1,9052
52036,2015,3.3565,3,8938
52036,2016,3.3902,3,8849
52051,2010,3.6328,3,8258
52051,2011,3.6258,3,8274
52051,2012,3.6214,3,8284
52051,2013,3.6088,3,8313
52051,2014,3.5864,3,8365
52051,2015,3.5706,3,8402
52051,2016,3.5723,3,8398
52079,2010,1.0302,5,48536
52079,2011,3.6359,18,49506
52079,2012,3.568,18,50449
52079,2013,3.5057,18,51345
52079,2014,2.8724,15,52221
52079,2015,2.825,15,53098
52079,2016,2.9638,16,53984
52083,2010,3.5442,2,5643
52083,2011,3.4953,2,5722
52083,2012,3.4165,2,5854
52083,2013,3.3795,2,5918
52083,2014,3.349,2,5972
52083,2015,3.3333,2,6000
52083,2016,3.2342,2,6184
52110,2010,3.4111,8,23453
52110,2011,3.3947,8,23566
52110,2012,3.3847,8,23636
52110,2013,3.373,8,23718
52110,2014,3.3674,8,23757
52110,2015,3.3625,8,23792
52110,2016,3.354,8,23852
52203,2010,2.2912,2,8729
52203,2011,2.3007,2,8693
52203,2012,2.3057,2,8674
52203,2013,2.3167,2,8633
52203,2014,2.2949,2,8715
52203,2015,4.6088,4,8679
52203,2016,4.6566,4,8590
52207,2010,0.7541,1,13260
52207,2011,0.7522,1,13294
52207,2012,0.7481,1,13367
52207,2013,0.744,1,13441
52207,2014,0.7412,1,13492
52207,2015,2.2082,3,13586
52207,2016,2.1936,3,13676
52210,2010,1.3968,1,7159
52210,2011,1.4094,1,7095
52210,2012,1.4106,1,7089
52210,2013,1.4043,1,7121
52210,2014,1.3978,1,7154
52210,2015,1.3839,1,7226
52210,2016,1.3875,1,7207
52215,2010,4.0681,6,14749
52215,2011,4.0409,6,14848
52215,2012,3.3443,5,14951
52215,2013,3.9827,6,15065
52215,2014,3.9502,6,15189
52215,2015,3.9329,6,15256
52215,2016,3.909,6,15349
52224,2010,3.5059,3,8557
52224,2011,3.4654,3,8657
52224,2012,3.4356,3,8732
52224,2013,2.2637,2,8835
52224,2014,2.2334,2,8955
52224,2015,2.2306,2,8966
52224,2016,2.22,2,9009
52227,2010,4.0603,13,32017
52227,2011,3.9794,13,32668
52227,2012,4.2002,14,33332
52227,2013,4.1257,14,33934
52227,2014,4.0587,14,34494
52227,2015,3.9892,14,35095
52227,2016,3.9148,14,35762
52233,2010,1.6152,1,6191
52233,2011,1.6255,1,6152
52233,2012,1.6343,1,6119
52233,2013,1.6477,1,6069
52233,2014,8.274,5,6043
52233,2015,8.3098,5,6017
52233,2016,8.4019,5,5951
52240,2010,3.4628,5,14439
52240,2011,3.4334,5,14563
52240,2012,3.4053,5,14683
52240,2013,3.3731,5,14823
52240,2014,3.351,5,14921
52240,2015,3.3201,5,15060
52240,2016,3.2982,5,15160
52250,2010,3.9171,9,22976
52250,2011,3.9231,9,22941
52250,2012,3.9303,9,22899
52250,2013,3.937,9,22860
52250,2014,3.95,9,22785
52250,2015,4.3973,10,22741
52250,2016,3.9774,9,22628
52254,2010,4.6981,4,8514
52254,2011,4.7738,4,8379
52254,2012,1.217,1,8217
52254,2013,1.2343,1,8102
52254,2014,1.2523,1,7985
52254,2015,1.276,1,7837
52254,2016,1.308,1,7645
52256,2010,4.3603,5,11467
52256,2011,4.3044,5,11616
52256,2012,4.2648,5,11724
52256,2013,4.2405,5,11791
52256,2014,4.2137,5,11866
52256,2015,4.1736,5,11980
52256,2016,4.1422,5,12071
52258,2010,2.2025,3,13621
52258,2011,2.9116,4,13738
52258,2012,2.1791,3,13767
52258,2013,2.1681,3,13837
52258,2014,2.1542,3,13926
52258,2015,2.1378,3,14033
52258,2016,2.1195,3,14154
52260,2010,1.8062,3,16609
52260,2011,1.8387,3,16316
52260,2012,1.8706,3,16038
52260,2013,1.9066,3,15735
52260,2014,1.9426,3,15443
52260,2015,1.9724,3,15210
52260,2016,2.0099,3,14926
52287,2010,1.3659,1,7321
52287,2011,1.363,1,7337
52287,2012,1.3572,1,7368
52287,2013,1.3557,1,7376
52287,2014,1.3656,1,7323
52287,2015,1.3906,1,7191
52287,2016,1.3955,1,7166
52317,2010,1.6607,3,18065
52317,2011,1.6427,3,18263
52317,2012,1.6242,3,18471
52317,2013,1.6075,3,18663
52317,2014,1.5914,3,18851
52317,2015,1.5803,3,18984
52317,2016,1.5722,3,19082
52320,2010,0.7981,1,12530
52320,2011,0.8053,1,12418
52320,2012,0.8155,1,12262
52320,2013,0.8236,1,12142
52320,2014,0.8288,1,12066
52320,2015,2.5025,3,11988
52320,2016,2.5606,3,11716
52323,2010,2.8931,2,6913
52323,2011,2.8981,2,6901
52323,2012,2.8769,2,6952
52323,2013,2.8703,2,6968
52323,2014,2.8765,2,6953
52323,2015,2.8769,2,6952
52323,2016,2.8756,2,6955
52352,2010,1.2937,1,7730
52352,2011,1.2984,1,7702
52352,2012,1.2928,1,7735
52352,2013,1.2962,1,7715
52352,2014,1.2962,1,7715
52352,2015,1.2997,1,7694
52352,2016,1.3103,1,7632
52354,2010,5.0852,4,7866
52354,2011,5.1151,4,7820
52354,2012,5.1447,4,7775
52354,2013,5.1746,4,7730
52354,2014,5.1847,4,7715
52354,2015,5.2172,4,7667
52354,2016,5.2549,4,7612
52356,2010,1.909,21,110004
52356,2011,1.8938,21,110890
52356,2012,1.7899,20,111737
52356,2013,1.778,20,112485
52356,2014,1.767,20,113186
52356,2015,1.7554,20,113934
52356,2016,1.6566,19,114694
52378,2010,3.617,7,19353
52378,2011,3.632,7,19273
52378,2012,3.642,7,19220
52378,2013,3.6622,7,19114
52378,2014,3.6803,7,19020
52378,2015,3.6932,7,18954
52378,2016,3.6887,7,18977
52381,2010,6.6839,7,10473
52381,2011,6.7069,7,10437
52381,2012,6.7321,7,10398
52381,2013,6.7185,7,10419
52381,2014,6.7882,7,10312
52381,2015,6.8259,7,10255
52381,2016,6.8803,7,10174
52385,2010,2.9551,2,6768
52385,2011,1.471,1,6798
52385,2012,1.4921,1,6702
52385,2013,1.4916,1,6704
52385,2014,1.5076,1,6633
52385,2015,1.5154,1,6599
52385,2016,1.5263,1,6552
52390,2010,1.2903,1,7750
52390,2011,1.2925,1,7737
52390,2012,10.4411,8,7662
52390,2013,10.5541,8,7580
52390,2014,10.5736,8,7566
52390,2015,10.6143,8,7537
52390,2016,10.6553,8,7508
52399,2010,2.3105,7,30297
52399,2011,2.2935,7,30521
52399,2012,0.9756,3,30749
52399,2013,0.6462,2,30949
52399,2014,0.6424,2,31133
52399,2015,0.9572,3,31341
52399,2016,0.9537,3,31456
52405,2010,1.0069,1,9931
52405,2011,1.0078,1,9923
52405,2012,2.0231,2,9886
52405,2013,2.0231,2,9886
52405,2014,2.0298,2,9853
52405,2015,4.0498,4,9877
52405,2016,1.0208,1,9796
52411,2010,1.7843,2,11209
52411,2011,1.7994,2,11115
52411,2012,1.8155,2,11016
52411,2013,1.8403,2,10868
52411,2014,1.865,2,10724
52411,2015,2.8439,3,10549
52411,2016,2.867,3,10464
52418,2010,0.9591,1,10426
52418,2011,0.9696,1,10313
52418,2012,0.9822,1,10181
52418,2013,0.9918,1,10083
52418,2014,0.9948,1,10052
52418,2015,1.0122,1,9879
52418,2016,1.0269,1,9738
52427,2010,0.4879,1,20494
52427,2011,5.701,12,21049
52427,2012,5.5561,12,21598
52427,2013,5.4225,12,22130
52427,2014,5.2968,12,22655
52427,2015,5.1724,12,23200
52427,2016,5.0637,12,23698
52435,2010,1.1767,1,8498
52435,2011,1.1655,1,8580
52435,2012,1.167,1,8569
52435,2013,1.1605,1,8617
52435,2014,1.1457,1,8728
52435,2015,1.1324,1,8831
52435,2016,1.1264,1,8878
52473,2010,0.9304,1,10748
52473,2011,0.9172,1,10903
52473,2012,0.9035,1,11068
52473,2013,0.8921,1,11209
52473,2014,0.8793,1,11373
52473,2015,0.8666,1,11539
52473,2016,0.8538,1,11712
52480,2010,2.1887,1,4569
52480,2011,2.2095,1,4526
52480,2012,2.2085,1,4528
52480,2013,2.2173,1,4510
52480,2014,2.2467,1,4451
52480,2015,2.2978,1,4352
52480,2016,2.3143,1,4321
52490,2010,0.3724,1,26850
52490,2011,2.6214,7,26703
52490,2012,2.6382,7,26533
52490,2013,2.6586,7,26330
52490,2014,2.6825,7,26095
52490,2015,2.6972,7,25953
52490,2016,2.7153,7,25780
52506,2010,4.2224,3,7105
52506,2011,4.2159,3,7116
52506,2012,1.4073,1,7106
52506,2013,1.4086,1,7099
52506,2014,1.4116,1,7084
52506,2015,1.4182,1,7051
52506,2016,1.4045,1,7120
52520,2010,0.7743,1,12915
52520,2011,3.822,5,13082
52520,2012,3.7781,5,13234
52520,2013,3.7244,5,13425
52520,2014,3.6757,5,13603
52520,2015,3.634,5,13759
52520,2016,3.5995,5,13891
52540,2010,1.0295,1,9713
52540,2011,1.0259,1,9748
52540,2012,1.0226,1,9779
52540,2013,1.0205,1,9799
52540,2014,9.1855,9,9798
52540,2015,9.1398,9,9847
52540,2016,9.0909,9,9900
52560,2010,15.0709,17,11280
52560,2011,15.184,17,11196
52560,2012,15.3291,17,11090
52560,2013,15.5124,17,10959
52560,2014,16.6343,18,10821
52560,2015,16.8397,18,10689
52560,2016,15.1015,16,10595
52565,2010,1.4063,1,7111
52565,2011,1.4388,1,6950
52565,2012,1.4923,1,6701
52565,2013,1.5408,1,6490
52565,2014,1.583,1,6317
52565,2015,1.6502,1,6060
52565,2016,1.6929,1,5907
52573,2010,6.6741,6,8990
52573,2011,6.7122,6,8939
52573,2012,6.7039,6,8950
52573,2013,6.7265,6,8920
52573,2014,6.7667,6,8867
52573,2015,6.8392,6,8773
52573,2016,6.9517,6,8631
52585,2010,1.1401,2,17543
52585,2012,1.1402,2,17541
52585,2013,1.1388,2,17562
52585,2014,1.1439,2,17484
52585,2015,1.7087,3,17557
52585,2016,1.6956,3,17693
52612,2010,0.5896,1,16961
52612,2011,0.5774,1,17320
52612,2012,1.1305,2,17691
52612,2013,1.1097,2,18023
52612,2014,6.5306,12,18375
52612,2015,5.889,11,18679
52612,2016,5.7886,11,19003
52621,2010,0.822,1,12166
52621,2011,6.5365,8,12239
52621,2012,6.4967,8,12314
52621,2013,6.4762,8,12353
52621,2014,6.4257,8,12450
52621,2015,6.3816,8,12536
52621,2016,6.3417,8,12615
52678,2010,0.2894,1,34560
52678,2011,0.2944,1,33968
52678,2012,0.3002,1,33309
52678,2013,0.3064,1,32639
52678,2014,0.3127,1,31984
52678,2015,0.319,1,31352
52678,2016,0.3255,1,30725
52683,2010,0.8537,2,23427
52683,2011,2.1604,5,23144
52683,2012,2.1939,5,22790
52683,2013,2.227,5,22452
52683,2014,0.4518,1,22136
52683,2015,2.2964,5,21773
52683,2016,0.9302,2,21500
52685,2010,1.0485,1,9537
52685,2011,1.0532,1,9495
52685,2013,1.0626,1,9411
52685,2014,1.0693,1,9352
52685,2015,1.071,1,9337
52685,2016,1.0781,1,9276
52687,2010,1.6734,3,17928
52687,2011,1.6645,3,18023
52687,2012,1.6569,3,18106
52687,2013,1.654,3,18138
52687,2014,2.2053,4,18138
52687,2015,2.7367,5,18270
52687,2016,2.718,5,18396
52693,2010,1.2026,2,16631
52693,2011,1.216,2,16448
52693,2012,1.2282,2,16284
52693,2013,1.2359,2,16182
52693,2014,1.2462,2,16049
52693,2015,1.2568,2,15913
52693,2016,1.2738,2,15701
52694,2010,1.5256,1,6555
52694,2011,1.5281,1,6544
52694,2013,1.5108,1,6619
52694,2014,1.5044,1,6647
52694,2015,1.4934,1,6696
52694,2016,1.491,1,6707
52696,2010,1.612,2,12407
52696,2011,1.5916,2,12566
52696,2012,1.5762,2,12689
52696,2013,1.5638,2,12789
52696,2014,1.5469,2,12929
52696,2015,1.5287,2,13083
52696,2016,1.5131,2,13218
52699,2010,6.7744,7,10333
52699,2011,6.7418,7,10383
52699,2012,6.696,7,10454
52699,2013,6.6641,7,10504
52699,2014,6.6591,7,10512
52699,2015,6.6125,7,10586
52699,2016,6.5488,7,10689
52720,2010,4.065,3,7380
52720,2011,4.0956,3,7325
52720,2012,4.1034,3,7311
52720,2013,4.1118,3,7296
52720,2014,4.1073,3,7304
52720,2015,4.08,3,7353
52720,2016,2.736,2,7310
52786,2010,0.5472,1,18274
52786,2011,0.5466,1,18296
52786,2012,2.1982,4,18197
52786,2013,2.2076,4,18119
52786,2014,2.2067,4,18127
52786,2015,2.2172,4,18041
52786,2016,2.2278,4,17955
52788,2010,0.7537,1,13267
52788,2011,0.7535,1,13272
52788,2012,0.7497,1,13339
52788,2013,0.7504,1,13326
52788,2014,2.2484,3,13343
52788,2015,2.241,3,13387
52788,2016,2.2338,3,13430
52835,2010,0.8024,18,224316
52835,2011,1.7522,40,228287
52835,2012,1.7229,40,232172
52835,2013,1.696,40,235844
52835,2014,1.7543,42,239414
52835,2015,1.8107,44,243000
52835,2016,1.9061,47,246582
52838,2010,1.612,7,43425
52838,2011,0.6876,3,43630
52838,2012,0.6849,3,43804
52838,2013,0.6822,3,43975
52838,2014,0.2266,1,44125
52838,2015,0.2256,1,44324
52838,2016,0.2249,1,44460
52885,2010,0.9424,1,10611
52885,2011,0.9351,1,10694
52885,2012,0.9296,1,10757
52885,2013,0.9314,1,10736
52885,2014,0.9246,1,10816
52885,2015,0.9174,1,10900
52885,2016,0.9149,1,10930
54001,2010,0.8,52,649990
54001,2011,0.7326,48,655161
54001,2012,0.7426,49,659886
54001,2013,0.7525,50,664411
54001,2014,0.7031,47,668507
54001,2015,0.6689,45,672777
54001,2016,0.6323,43,680030
54003,2010,1.3369,4,29921
54003,2011,1.331,4,30053
54003,2012,1.3263,4,30160
54003,2013,1.3222,4,30253
54003,2014,1.321,4,30281
54003,2015,1.3176,4,30358
54003,2016,1.3092,4,30553
54051,2010,3.1659,3,9476
54051,2011,3.1669,3,9473
54051,2012,3.1918,3,9399
54051,2013,3.2027,3,9367
54051,2014,3.2196,3,9318
54051,2015,3.2185,3,9321
54051,2016,3.2175,3,9324
54099,2010,2.7304,2,7325
54099,2011,2.7078,2,7386
54099,2012,2.6994,2,7409
54099,2013,2.6991,2,7410
54099,2014,2.6699,2,7491
54099,2015,2.641,2,7573
54099,2016,2.6001,2,7692
54109,2010,3.5587,2,5620
54109,2011,3.5156,2,5689
54109,2012,3.4861,2,5737
54109,2013,3.4644,2,5773
54109,2014,3.4453,2,5805
54109,2015,3.4118,2,5862
54109,2016,3.3715,2,5932
54125,2010,3.5448,1,2821
54125,2011,3.5702,1,2801
54125,2012,3.5881,1,2787
54125,2013,3.6232,1,2760
54125,2014,3.6483,1,2741
54125,2015,3.6982,1,2704
54125,2016,3.6969,1,2705
54128,2010,1.8643,2,10728
54128,2011,1.8718,2,10685
54128,2012,1.8742,2,10671
54128,2013,1.8756,2,10663
54128,2014,1.8762,2,10660
54128,2015,1.8813,2,10631
54128,2016,1.8737,2,10674
54172,2010,0.6343,1,15766
54172,2011,0.6287,1,15905
54172,2012,0.6239,1,16027
54172,2013,0.6196,1,16140
54172,2014,0.6178,1,16187
54172,2015,0.6146,1,16270
54172,2016,0.6082,1,16442
54174,2010,0.9123,1,10961
54174,2011,0.9093,1,10997
54174,2012,0.9054,1,11045
54174,2013,0.9111,1,10976
54174,2014,0.9112,1,10975
54174,2015,0.9031,1,11073
54174,2016,0.9015,1,11093
54206,2010,1.6755,3,17905
54206,2011,1.6767,3,17892
54206,2012,1.6794,3,17863
54206,2013,1.6781,3,17877
54206,2014,1.6845,3,17809
54206,2015,1.6879,3,17774
54206,2016,1.6803,3,17854
54223,2010,1.255,1,7968
54223,2011,1.2609,1,7931
54223,2012,1.2633,1,7916
54223,2013,1.2674,1,7890
54223,2014,1.2689,1,7881
54223,2015,1.2677,1,7888
54223,2016,1.2702,1,7873
54239,2010,2.2207,1,4503
54239,2011,2.2346,1,4475
54239,2012,2.2553,1,4434
54239,2013,2.2594,1,4426
54239,2014,2.2553,1,4434
54239,2015,2.2578,1,4429
54239,2016,2.2619,1,4421
54245,2010,2.3303,3,12874
54245,2011,2.3341,3,12853
54245,2012,1.5679,2,12756
54245,2013,1.569,2,12747
54245,2014,1.5684,2,12752
54245,2015,1.5681,2,12754
54245,2016,1.5618,2,12806
54250,2010,1.836,3,16340
54250,2011,1.79,3,16760
54250,2012,1.75,3,17143
54250,2013,1.7134,3,17509
54250,2014,1.6783,3,17875
54250,2015,1.6442,3,18246
54250,2016,1.6106,3,18627
54261,2010,0.432,1,23149
54261,2011,0.4253,1,23515
54261,2012,0.4193,1,23849
54261,2013,0.4139,1,24160
54261,2014,0.4102,1,24378
54261,2015,0.4044,1,24725
54261,2016,0.3974,1,25164
54313,2010,2.7647,2,7234
54313,2011,2.7851,2,7181
54313,2012,2.8257,2,7078
54313,2013,2.8413,2,7039
54313,2014,2.8201,2,7092
54313,2015,2.8141,2,7107
54313,2016,2.8165,2,7101
54344,2011,1.0582,1,9450
54344,2012,1.0573,1,9458
54344,2013,1.0536,1,9491
54344,2014,1.0509,1,9516
54344,2015,1.0482,1,9540
54344,2016,1.0407,1,9609
54347,2010,1.6559,1,6039
54347,2011,1.6455,1,6077
54347,2012,1.6295,1,6137
54347,2013,1.6126,1,6201
54347,2014,1.6008,1,6247
54347,2015,1.5865,1,6303
54347,2016,1.5603,1,6409
54377,2010,1.6179,1,6181
54377,2011,1.6247,1,6155
54377,2012,1.6327,1,6125
54377,2013,1.6329,1,6124
54377,2014,1.6292,1,6138
54377,2015,1.6332,1,6123
54377,2016,1.6426,1,6088
54385,2010,2.2802,2,8771
54385,2011,2.2163,2,9024
54385,2012,2.1524,2,9292
54385,2013,2.0899,2,9570
54385,2014,2.0286,2,9859
54385,2015,1.9724,2,10140
54385,2016,1.9031,2,10509
54398,2010,4.1661,3,7201
54398,2011,4.1609,3,7210
54398,2012,4.1528,3,7224
54398,2013,4.1459,3,7236
54398,2014,4.1305,3,7263
54398,2015,4.1237,3,7275
54398,2016,4.1079,3,7303
54405,2010,0.5433,4,73628
54405,2011,0.5312,4,75308
54405,2012,0.5203,4,76886
54405,2013,0.5096,4,78495
54405,2014,0.5002,4,79969
54405,2015,0.4914,4,81407
54405,2016,0.4806,4,83222
54418,2010,2.5667,1,3896
54418,2011,2.6089,1,3833
54418,2012,2.6212,1,3815
54418,2013,2.6123,1,3828
54418,2014,2.6185,1,3819
54418,2015,2.6116,1,3829
54418,2016,2.6192,1,3818
54480,2010,2.6752,1,3738
54480,2011,2.6525,1,3770
54480,2012,2.6462,1,3779
54480,2013,2.642,1,3785
54480,2014,2.5967,1,3851
54480,2015,2.5471,1,3926
54480,2016,2.5157,1,3975
54498,2010,1.1047,12,108624
54498,2011,0.8226,9,109403
54498,2012,0.908,10,110137
54498,2013,0.9024,10,110817
54498,2014,0.8078,9,111409
54498,2015,0.8037,9,111985
54498,2016,0.7956,9,113120
54518,2010,0.6148,3,48797
54518,2011,0.8203,4,48765
54518,2012,0.4109,2,48674
54518,2013,0.4114,2,48617
54518,2014,0.4126,2,48468
54518,2015,0.4134,2,48380
54518,2016,0.4123,2,48509
54520,2010,1.9782,1,5055
54520,2011,1.9724,1,5070
54520,2012,1.9623,1,5096
54520,2013,1.9547,1,5116
54520,2014,1.952,1,5123
54520,2015,1.9478,1,5134
54520,2016,1.9264,1,5191
54553,2010,1.4011,1,7137
54553,2011,1.371,1,7294
54553,2012,1.3464,1,7427
54553,2013,1.3172,1,7592
54553,2014,2.6052,2,7677
54553,2015,1.2865,1,7773
54553,2016,1.2568,1,7957
54599,2010,1.7501,1,5714
54599,2011,1.7431,1,5737
54599,2012,1.7274,1,5789
54599,2013,1.7578,1,5689
54599,2014,1.7775,1,5626
54599,2015,1.7634,1,5671
54599,2016,1.7671,1,5659
54660,2010,2.92,3,10274
54660,2011,2.9415,3,10199
54660,2012,2.96,3,10135
54660,2013,2.9982,3,10006
54660,2014,2.9946,3,10018
54660,2015,2.9961,3,10013
54660,2016,3.0117,3,9961
54670,2011,0.911,1,10977
54670,2012,0.9023,1,11083
54670,2013,0.8978,1,11138
54670,2014,0.8913,1,11220
54670,2015,0.8852,1,11297
54670,2016,0.8743,1,11438
54673,2010,3.4831,2,5742
54673,2011,3.406,2,5872
54673,2012,3.3445,2,5980
54673,2013,3.2658,2,6124
54673,2014,3.1944,2,6261
54673,2015,3.1427,2,6364
54673,2016,3.0731,2,6508
54680,2010,3.1726,1,3152
54680,2011,3.1939,1,3131
54680,2012,3.1898,1,3135
54680,2013,3.1786,1,3146
54680,2014,3.1546,1,3170
54680,2015,3.1387,1,3186
54680,2016,3.0902,1,3236
54720,2010,1.2661,3,23695
54720,2011,1.2609,3,23792
54720,2012,1.2566,3,23873
54720,2013,1.2529,3,23944
54720,2014,1.2511,3,23979
54720,2015,1.2509,3,23982
54720,2016,1.2414,3,24166
54743,2010,1.7141,1,5834
54743,2011,1.7114,1,5843
54743,2012,1.7074,1,5857
54743,2013,1.7123,1,5840
54743,2014,1.7077,1,5856
54743,2015,1.6961,1,5896
54743,2016,1.6912,1,5913
54800,2010,1.3282,2,15058
54800,2011,1.9802,3,15150
54800,2012,1.968,3,15244
54800,2013,1.964,3,15275
54800,2014,1.9562,3,15336
54800,2015,1.9484,3,15397
54800,2016,1.9362,3,15494
54810,2010,1.0612,5,47118
54810,2011,1.048,5,47709
54810,2012,1.0356,5,48280
54810,2013,1.0242,5,48820
54810,2014,1.0133,5,49346
54810,2015,1.0024,5,49880
54810,2016,0.987,5,50659
54820,2010,2.6399,4,15152
54820,2011,3.3126,5,15094
54820,2012,3.3062,5,15123
54820,2013,2.6462,4,15116
54820,2014,2.658,4,15049
54820,2015,2.6747,4,14955
54820,2016,2.6727,4,14966
54871,2010,2.0276,1,4932
54871,2011,2.0446,1,4891
54871,2012,2.0597,1,4855
54871,2013,2.0734,1,4823
54871,2014,2.0786,1,4811
54871,2015,2.0773,1,4814
54871,2016,2.0614,1,4851
54874,2010,0.6299,6,95255
54874,2011,0.6267,6,95743
54874,2012,0.6241,6,96141
54874,2013,0.6217,6,96514
54874,2014,0.723,7,96818
54874,2015,0.7206,7,97138
54874,2016,0.8171,8,97909
63001,2010,0.8909,25,280619
63001,2011,0.7805,22,281880
63001,2012,0.7771,22,283086
63001,2013,0.739,21,284183
63001,2014,0.7356,21,285490
63001,2015,0.7316,21,287036
63001,2016,0.6571,19,289151
63111,2010,3.3167,1,3015
63111,2011,3.3289,1,3004
63111,2012,3.3591,1,2977
63111,2013,3.308,1,3023
63111,2014,3.2895,1,3040
63111,2015,3.251,1,3076
63111,2016,3.2808,1,3048
63130,2010,1.5827,11,69501
63130,2011,1.4329,10,69790
63130,2012,1.2853,9,70025
63130,2013,1.2807,9,70274
63130,2014,1.2754,9,70565
63130,2015,1.1273,8,70965
63130,2016,1.1217,8,71320
63190,2010,0.3819,1,26186
63190,2011,0.3793,1,26364
63190,2012,0.3763,1,26572
63190,2013,0.3736,1,26765
63190,2014,0.3711,1,26945
63190,2015,0.3689,1,27104
63190,2016,0.3642,1,27461
63212,2010,1.8172,1,5503
63212,2011,1.8198,1,5495
63212,2012,1.8268,1,5474
63212,2013,1.8369,1,5444
63212,2014,1.8318,1,5459
63212,2015,1.8129,1,5516
63212,2016,1.7905,1,5585
63272,2010,1.7042,2,11736
63272,2011,1.6995,2,11768
63272,2012,1.6948,2,11801
63272,2013,1.6896,2,11837
63272,2014,1.6976,2,11781
63272,2015,2.5225,3,11893
63272,2016,2.5261,3,11876
63302,2010,1.2273,1,8148
63302,2011,1.2405,1,8061
63302,2012,1.2572,1,7954
63302,2013,1.2794,1,7816
63302,2014,1.297,1,7710
63302,2015,1.3077,1,7647
63302,2016,1.3129,1,7617
63401,2010,0.3239,1,30874
63401,2011,0.6433,2,31089
63401,2012,0.6367,2,31411
63401,2013,0.6316,2,31667
63401,2014,0.6266,2,31918
63401,2015,0.6218,2,32164
63401,2016,0.6159,2,32471
63470,2010,1.1091,4,36066
63470,2011,0.8319,3,36061
63470,2012,0.8321,3,36053
63470,2013,0.8319,3,36064
63470,2014,0.8311,3,36096
63470,2015,0.8304,3,36129
63470,2016,0.5505,2,36330
63548,2010,1.6898,1,5918
63548,2011,1.7256,1,5795
63548,2012,1.7655,1,5664
63548,2013,1.8051,1,5540
63548,2014,1.8372,1,5443
63548,2015,1.8519,1,5400
63548,2016,1.8512,1,5402
63594,2010,0.3184,1,31405
63594,2011,0.3199,1,31263
63594,2012,0.3216,1,31096
63594,2013,0.3233,1,30928
63594,2014,0.3246,1,30807
63594,2015,0.3259,1,30687
63594,2016,0.3259,1,30683
63690,2010,1.1939,1,8376
63690,2011,1.1738,1,8519
63690,2012,1.165,1,8584
63690,2013,1.1606,1,8616
63690,2014,1.1473,1,8716
63690,2015,1.1278,1,8867
63690,2016,1.1177,1,8947
66001,2010,0.7458,33,442493
66001,2011,0.6959,31,445438
66001,2012,0.7586,34,448174
66001,2013,0.7993,36,450422
66001,2014,0.7953,36,452676
66001,2015,0.7244,33,455559
66001,2016,0.6318,29,459033
66045,2010,0.7523,1,13292
66045,2011,0.7617,1,13129
66045,2012,0.7686,1,13011
66045,2013,0.7735,1,12929
66045,2014,0.7786,1,12844
66045,2015,0.791,1,12643
66045,2016,0.8008,1,12488
66075,2010,1.4249,1,7018
66075,2011,1.4491,1,6901
66075,2012,1.4695,1,6805
66075,2013,1.4883,1,6719
66075,2014,1.5047,1,6646
66075,2015,1.5163,1,6595
66075,2016,1.5352,1,6514
66088,2010,0.3975,1,25157
66088,2011,0.3984,1,25099
66088,2012,0.4006,1,24962
66088,2013,0.4028,1,24828
66088,2014,0.4032,1,24803
66088,2015,0.4051,1,24684
66088,2016,0.4032,1,24803
66170,2010,0.1514,3,198093
66170,2011,0.1496,3,200541
66170,2012,0.148,3,202746
66170,2013,0.293,6,204771
66170,2014,0.2902,6,206786
66170,2015,0.2391,5,209111
66170,2016,0.2836,6,211592
66318,2010,3.1434,4,12725
66318,2011,3.1703,4,12617
66318,2012,3.2005,4,12498
66318,2013,3.218,4,12430
66318,2014,3.2295,4,12386
66318,2015,0.8161,1,12254
66318,2016,0.82,1,12195
66383,2010,1.2692,1,7879
66383,2011,1.2634,1,7915
66383,2012,1.2669,1,7893
66383,2013,1.2825,1,7797
66383,2014,1.3033,1,7673
66383,2015,1.3101,1,7633
66383,2016,1.3214,1,7568
66400,2010,0.3515,1,28451
66400,2011,0.3523,1,28381
66400,2012,0.3535,1,28289
66400,2013,0.3548,1,28183
66400,2014,0.3564,1,28056
66400,2015,0.3575,1,27974
66400,2016,0.3579,1,27939
66440,2010,0.5456,1,18329
66440,2011,0.5515,1,18132
66440,2012,0.5579,1,17924
66440,2013,0.5645,1,17716
66440,2014,0.5696,1,17556
66440,2015,0.574,1,17422
66440,2016,0.5796,1,17253
66456,2010,3.8491,6,15588
66456,2011,3.8086,6,15754
66456,2012,3.7589,6,15962
66456,2013,3.7175,6,16140
66456,2014,3.6969,6,16230
66456,2015,3.6753,6,16325
66456,2016,3.6337,6,16512
66572,2010,2.0199,3,14852
66572,2011,1.9952,3,15036
66572,2012,1.9785,3,15163
66572,2013,1.9603,3,15304
66572,2014,1.942,3,15448
66572,2015,1.9236,3,15596
66572,2016,1.9013,3,15779
66594,2010,1.0627,3,28231
66594,2011,1.0673,3,28107
66594,2012,1.0738,3,27938
66594,2013,1.0839,3,27678
66594,2014,0.7256,2,27565
66594,2015,0.7284,2,27457
66594,2016,0.7345,2,27229
66682,2010,0.1297,1,77081
66682,2011,0.1296,1,77184
66682,2012,0.1295,1,77206
66682,2013,0.1297,1,77121
66682,2014,0.1298,1,77042
66682,2015,0.1297,1,77109
66682,2016,0.1294,1,77296
66687,2010,0.7244,1,13805
66687,2011,0.732,1,13662
66687,2012,0.7399,1,13516
66687,2013,0.7477,1,13375
66687,2014,0.7545,1,13254
66687,2015,0.7645,1,13081
66687,2016,0.7785,1,12845
68001,2010,0.747,39,522105
68001,2011,0.7373,39,528984
68001,2012,0.6908,37,535617
68001,2013,0.7379,40,542098
68001,2014,0.7476,41,548447
68001,2015,0.6848,38,554885
68001,2016,0.7116,40,562123
68013,2010,5.0531,1,1979
68013,2011,5.1493,1,1942
68013,2012,5.2192,1,1916
68013,2013,5.2798,1,1894
68013,2014,5.3533,1,1868
68013,2015,5.385,1,1857
68013,2016,5.4201,1,1845
68020,2010,2.2163,1,4512
68020,2011,2.2432,1,4458
68020,2012,2.2635,1,4418
68020,2013,2.292,1,4363
68020,2014,2.317,1,4316
68020,2015,2.337,1,4279
68020,2016,2.3513,1,4253
68051,2010,1.2602,1,7935
68051,2011,1.2542,1,7973
68051,2012,1.2542,1,7973
68051,2013,1.2453,1,8030
68051,2014,1.2398,1,8066
68051,2015,1.2427,1,8047
68051,2016,1.2435,1,8042
68077,2010,0.3635,1,27508
68077,2011,0.358,1,27933
68077,2012,0.3535,1,28289
68077,2013,0.3503,1,28547
68077,2014,0.3447,1,29007
68077,2015,0.3405,1,29372
68077,2016,0.3358,1,29784
68079,2010,1.0397,1,9618
68079,2011,1.0283,1,9725
68079,2012,1.0262,1,9745
68079,2013,1.0163,1,9840
68079,2014,1.0083,1,9918
68079,2015,1.0006,1,9994
68079,2016,0.9939,1,10061
68081,2010,0.7379,14,189727
68081,2011,0.6798,13,191231
68081,2012,0.6747,13,192673
68081,2013,0.6697,13,194104
68081,2014,0.6651,13,195446
68081,2015,0.6605,13,196832
68081,2016,0.6045,12,198513
68092,2010,3.42,2,5848
68092,2011,3.4118,2,5862
68092,2012,3.4014,2,5880
68092,2013,3.3967,2,5888
68092,2014,3.391,2,5898
68092,2015,3.3979,2,5886
68092,2016,3.4083,2,5868
68101,2010,0.7218,1,13854
68101,2011,0.7419,1,13478
68101,2012,0.7613,1,13136
68101,2013,0.7818,1,12791
68101,2014,0.8024,1,12462
68101,2015,0.8249,1,12123
68101,2016,0.8497,1,11769
68121,2010,4.8356,1,2068
68121,2011,4.8473,1,2063
68121,2012,4.8544,1,2060
68121,2013,4.8924,1,2044
68121,2014,5.0176,1,1993
68121,2015,5.1467,1,1943
68121,2016,5.2549,1,1903
68132,2010,5.2002,1,1923
68132,2011,5.0226,1,1991
68132,2012,4.9652,1,2014
68132,2013,4.9285,1,2029
68132,2014,4.8733,1,2052
68132,2015,4.852,1,2061
68132,2016,4.8216,1,2074
68147,2010,1.6586,1,6029
68147,2011,1.6759,1,5967
68147,2012,1.6987,1,5887
68147,2013,1.7141,1,5834
68147,2014,1.734,1,5767
68147,2015,1.7538,1,5702
68147,2016,1.7662,1,5662
68152,2010,2.0916,1,4781
68152,2011,2.0978,1,4767
68152,2012,2.134,1,4686
68152,2013,2.1678,1,4613
68152,2014,2.2022,1,4541
68152,2015,2.2584,1,4428
68152,2016,2.28,1,4386
68160,2010,4.7687,1,2097
68160,2011,4.7755,1,2094
68160,2012,4.7847,1,2090
68160,2013,4.878,1,2050
68160,2014,4.931,1,2028
68160,2015,4.9628,1,2015
68160,2016,5.0352,1,1986
68162,2010,1.5274,1,6547
68162,2011,1.5216,1,6572
68162,2012,1.5195,1,6581
68162,2013,3.0303,2,6600
68162,2014,3.0248,2,6612
68162,2015,3.0193,2,6624
68162,2016,3.0321,2,6596
68167,2010,1.518,2,13175
68167,2011,0.7673,1,13032
68167,2012,0.7745,1,12912
68167,2013,0.7825,1,12779
68167,2014,2.3819,3,12595
68167,2015,2.4094,3,12451
68167,2016,2.4331,3,12330
68169,2010,3.2798,1,3049
68169,2011,3.3124,1,3019
68169,2012,3.3058,1,3025
68169,2013,3.3278,1,3005
68169,2014,3.3478,1,2987
68169,2015,3.4153,1,2928
68169,2016,3.4868,1,2868
68176,2010,3.1807,1,3144
68176,2011,3.2031,1,3122
68176,2012,3.2415,1,3085
68176,2013,3.2808,1,3048
68176,2014,3.3047,1,3026
68176,2015,3.3512,1,2984
68176,2016,3.4025,1,2939
68179,2010,1.8488,1,5409
68179,2011,1.8653,1,5361
68179,2012,1.8801,1,5319
68179,2013,1.8972,1,5271
68179,2014,1.9201,1,5208
68179,2015,3.879,2,5156
68179,2016,3.8707,2,5167
68190,2010,1.3835,4,28912
68190,2011,0.3402,1,29392
68190,2012,1.0053,3,29841
68190,2013,0.9909,3,30277
68190,2014,0.9772,3,30699
68190,2015,0.9628,3,31159
68190,2016,0.9476,3,31660
68207,2010,1.6529,1,6050
68207,2011,3.3162,2,6031
68207,2012,3.3406,2,5987
68207,2013,1.6784,1,5958
68207,2014,1.6935,1,5905
68207,2015,1.7129,1,5838
68207,2016,1.7232,1,5803
68209,2010,3.465,1,2886
68209,2011,3.4423,1,2905
68209,2012,3.4083,1,2934
68209,2013,3.3591,1,2977
68209,2014,3.269,1,3059
68209,2015,3.23,1,3096
68209,2016,3.2175,1,3108
68211,2010,2.6309,1,3801
68211,2011,2.6539,1,3768
68211,2012,2.6392,1,3789
68211,2013,2.6539,1,3768
68211,2014,2.6759,1,3737
68211,2015,2.7263,1,3668
68211,2016,2.7785,1,3599
68217,2010,1.8262,1,5476
68217,2011,1.8549,1,5391
68217,2012,1.8608,1,5374
68217,2013,1.89,1,5291
68217,2014,3.8358,2,5214
68217,2015,1.9376,1,5161
68217,2016,1.9512,1,5125
68229,2010,0.849,1,11779
68229,2011,0.8449,1,11836
68229,2012,0.84,1,11905
68229,2013,0.8349,1,11977
68229,2014,0.8279,1,12079
68229,2015,0.8234,1,12145
68229,2016,0.811,1,12330
68235,2010,5.8093,11,18935
68235,2011,5.7354,11,19179
68235,2012,6.1951,12,19370
68235,2013,6.1243,12,19594
68235,2014,5.5547,11,19803
68235,2015,5.4948,11,20019
68235,2016,5.4201,11,20295
68245,2010,4.4092,1,2268
68245,2011,4.4425,1,2251
68245,2012,4.3937,1,2276
68245,2013,4.4703,1,2237
68245,2014,4.5208,1,2212
68245,2015,4.5579,1,2194
68245,2016,4.649,1,2151
68250,2010,3.614,2,5534
68250,2011,1.8202,1,5494
68250,2012,1.8272,1,5473
68250,2013,1.8423,1,5428
68250,2014,1.8577,1,5383
68250,2015,1.8741,1,5336
68250,2016,1.8829,1,5311
68255,2010,5.1917,7,13483
68255,2011,5.186,7,13498
68255,2012,5.194,7,13477
68255,2013,5.1956,7,13473
68255,2014,4.4679,6,13429
68255,2015,4.4733,6,13413
68255,2016,4.4763,6,13404
68264,2010,3.7807,1,2645
68264,2011,3.8226,1,2616
68264,2012,3.8491,1,2598
68264,2013,3.87,1,2584
68264,2014,3.8835,1,2575
68264,2015,3.9108,1,2557
68264,2016,3.9448,1,2535
68266,2010,2.6497,1,3774
68266,2011,2.694,1,3712
68266,2012,2.7122,1,3687
68266,2013,2.7367,1,3654
68266,2014,2.7601,1,3623
68266,2015,2.7801,1,3597
68266,2016,2.8003,1,3571
68271,2010,1.7147,1,5832
68271,2011,1.7235,1,5802
68271,2012,1.7274,1,5789
68271,2013,1.7367,1,5758
68271,2014,1.7528,1,5705
68271,2015,1.7646,1,5667
68271,2016,1.774,1,5637
68276,2010,0.4705,12,255032
68276,2011,0.4241,11,259380
68276,2012,0.4173,11,263601
68276,2013,0.4108,11,267769
68276,2014,0.3678,10,271859
68276,2015,0.3623,10,275996
68276,2016,0.3564,10,280553
68296,2010,3.2949,1,3035
68296,2012,3.3356,1,2998
68296,2013,3.3289,1,3004
68296,2014,3.3344,1,2999
68296,2015,3.3557,1,2980
68296,2016,3.4483,1,2900
68298,2010,2.3277,1,4296
68298,2011,2.3529,1,4250
68298,2012,2.3815,1,4199
68298,2013,2.3987,1,4169
68298,2014,2.4062,1,4156
68298,2015,2.4284,1,4118
68298,2016,2.4349,1,4107
68307,2010,0.2996,4,133518
68307,2011,0.0731,1,136721
68307,2012,0.0715,1,139843
68307,2013,0.0699,1,142982
68307,2014,0.0685,1,146055
68307,2015,0.067,1,149171
68307,2016,0.4591,7,152478
68318,2010,1.5701,1,6369
68318,2011,1.5825,1,6319
68318,2012,1.5924,1,6280
68318,2013,1.6062,1,6226
68318,2014,3.2658,2,6124
68318,2015,1.6526,1,6051
68318,2016,3.3339,2,5999
68320,2010,1.979,1,5053
68320,2011,1.9996,1,5001
68320,2012,2.0305,1,4925
68320,2013,2.0674,1,4837
68320,2014,2.1008,1,4760
68320,2015,2.1386,1,4676
68320,2016,2.1626,1,4624
68322,2010,4.2481,1,2354
68322,2011,4.2753,1,2339
68322,2012,4.2772,1,2338
68322,2013,4.29,1,2331
68322,2014,4.2827,1,2335
68322,2015,4.2992,1,2326
68322,2016,4.2863,1,2333
68324,2010,2.1263,1,4703
68324,2011,2.1697,1,4609
68324,2012,2.2158,1,4513
68324,2013,2.2366,1,4471
68324,2014,2.2624,1,4420
68324,2015,2.292,1,4363
68324,2016,2.3047,1,4339
68327,2010,2.1004,1,4761
68327,2011,2.0986,1,4765
68327,2012,2.0721,1,4826
68327,2013,2.028,1,4931
68327,2014,2.0153,1,4962
68327,2015,2.0198,1,4951
68327,2016,2.0129,1,4968
68344,2010,8.6543,2,2311
68344,2011,4.3029,1,2324
68344,2012,4.3085,1,2321
68344,2013,4.3365,1,2306
68344,2014,4.3309,1,2309
68344,2015,4.3422,1,2303
68344,2016,4.329,1,2310
68368,2010,2.8506,1,3508
68368,2011,2.867,1,3488
68368,2012,2.9044,1,3443
68368,2013,2.924,1,3420
68368,2014,2.9446,1,3396
68368,2015,2.9709,1,3366
68368,2016,3.0057,1,3327
68377,2010,1.4802,1,6756
68377,2011,1.4959,1,6685
68377,2012,1.5117,1,6615
68377,2013,1.5298,1,6537
68377,2014,1.5494,1,6454
68377,2015,1.5728,1,6358
68377,2016,1.5876,1,6299
68385,2010,5.7488,6,10437
68385,2011,0.9602,1,10415
68385,2012,0.9648,1,10365
68385,2013,0.9696,1,10313
68385,2014,0.9687,1,10323
68385,2015,0.9701,1,10308
68385,2016,0.9755,1,10251
68397,2010,1.8248,1,5480
68397,2011,1.8481,1,5411
68397,2012,1.8741,1,5336
68397,2013,1.9033,1,5254
68397,2014,1.9286,1,5185
68397,2015,1.9623,1,5096
68397,2016,1.972,1,5071
68406,2010,0.5438,2,36778
68406,2011,0.2674,1,37393
68406,2012,0.2637,1,37929
68406,2013,0.26,1,38457
68406,2014,0.2562,1,39028
68406,2015,0.2525,1,39610
68406,2016,0.2489,1,40177
68418,2010,1.5844,2,12623
68418,2011,1.5608,2,12814
68418,2012,1.5471,2,12927
68418,2013,1.5279,2,13090
68418,2014,1.51,2,13245
68418,2015,1.4896,2,13426
68418,2016,1.4713,2,13593
68425,2010,3.6114,1,2769
68425,2011,3.7078,1,2697
68425,2012,3.7936,1,2636
68425,2013,3.9277,1,2546
68425,2014,4.1034,1,2437
68425,2015,4.1982,1,2382
68425,2016,8.6096,2,2323
68432,2010,0.5075,1,19703
68432,2011,0.5034,1,19866
68432,2012,0.5006,1,19978
68432,2013,0.4994,1,20026
68432,2014,0.4972,1,20113
68432,2015,0.4932,1,20275
68432,2016,0.4897,1,20422
68444,2010,1.9286,1,5185
68444,2011,1.9402,1,5154
68444,2012,1.9294,1,5183
68444,2013,1.9448,1,5142
68444,2014,1.9908,1,5023
68444,2015,2.0186,1,4954
68444,2016,2.0222,1,4945
68464,2010,0.922,1,10846
68464,2011,0.9258,1,10801
68464,2012,0.931,1,10741
68464,2013,0.9369,1,10673
68464,2014,0.9432,1,10602
68464,2015,0.9485,1,10543
68464,2016,0.9496,1,10531
68468,2010,2.0239,1,4941
68468,2011,2.073,1,4824
68468,2012,2.116,1,4726
68468,2013,2.1645,1,4620
68468,2014,2.2158,1,4513
68468,2015,2.2784,1,4389
68468,2016,2.318,1,4314
68498,2010,1.8285,1,5469
68498,2011,1.8208,1,5492
68498,2012,3.6206,2,5524
68498,2013,3.6186,2,5527
68498,2014,3.6147,2,5533
68498,2015,1.8057,1,5538
68498,2016,1.7953,1,5570
68500,2010,0.976,1,10246
68500,2011,0.9681,1,10329
68500,2012,0.9595,1,10422
68500,2013,0.9593,1,10424
68500,2014,0.9527,1,10497
68500,2015,0.9516,1,10509
68500,2016,0.9497,1,10530
68502,2010,1.9845,1,5039
68502,2011,2.0292,1,4928
68502,2012,2.0846,1,4797
68502,2013,2.1308,1,4693
68502,2014,2.1815,1,4584
68502,2015,2.2262,1,4492
68502,2016,2.2847,1,4377
68522,2010,7.6511,1,1307
68522,2011,7.5019,1,1333
68522,2012,7.5188,1,1330
68522,2013,7.4963,1,1334
68522,2014,7.3368,1,1363
68522,2015,7.2411,1,1381
68522,2016,7.3475,1,1361
68524,2010,8.3299,2,2401
68524,2011,4.1425,1,2414
68524,2012,4.0209,1,2487
68524,2013,3.9984,1,2501
68524,2014,3.9936,1,2504
68524,2015,3.9936,1,2504
68524,2016,3.9968,1,2502
68533,2010,2.3574,1,4242
68533,2011,2.3191,1,4312
68533,2012,2.2852,1,4376
68533,2013,2.2442,1,4456
68533,2014,2.2262,1,4492
68533,2015,2.2143,1,4516
68533,2016,2.1935,1,4559
68547,2010,0.2134,3,140607
68547,2011,0.1387,2,144171
68547,2012,0.1354,2,147676
68547,2013,0.1323,2,151179
68547,2014,0.0647,1,154625
68547,2015,0.1265,2,158135
68547,2016,0.0618,1,161847
68549,2010,2.1008,1,4760
68549,2011,2.0751,1,4819
68549,2012,2.0559,1,4864
68549,2013,2.0338,1,4917
68549,2014,2.0133,1,4967
68549,2015,1.9936,1,5016
68549,2016,1.9755,1,5062
68572,2010,0.6818,1,14667
68572,2011,0.684,1,14620
68572,2012,0.6866,1,14565
68572,2013,0.6878,1,14540
68572,2014,0.689,1,14513
68572,2015,0.691,1,14472
68572,2016,0.6926,1,14439
68573,2010,1.4037,1,7124
68573,2011,1.387,1,7210
68573,2012,1.3749,1,7273
68573,2013,1.3671,1,7315
68573,2014,1.3594,1,7356
68573,2015,1.3455,1,7432
68573,2016,1.3346,1,7493
68575,2010,4.6879,14,29864
68575,2011,4.6373,14,30190
68575,2012,4.5861,14,30527
68575,2013,4.5463,14,30794
68575,2014,0.3217,1,31082
68575,2015,0.3181,1,31439
68575,2016,0.3148,1,31762
68615,2010,3.3751,9,26666
68615,2011,0.376,1,26594
68615,2012,0.3775,1,26487
68615,2013,0.3788,1,26399
68615,2014,0.7611,2,26278
68615,2015,0.7627,2,26221
68615,2016,0.7625,2,26229
68655,2010,0.3356,1,29793
68655,2011,0.3316,1,30155
68655,2012,0.3278,1,30510
68655,2013,0.3246,1,30804
68655,2014,0.6418,2,31160
68655,2015,0.6348,2,31506
68655,2016,0.9401,3,31913
68669,2010,1.0349,1,9663
68669,2011,1.0517,1,9508
68669,2012,1.0683,1,9361
68669,2013,1.0842,1,9223
68669,2014,1.0989,1,9100
68669,2015,1.1125,1,8989
68669,2016,1.1255,1,8885
68673,2010,6.4041,2,3123
68673,2011,3.2373,1,3089
68673,2012,3.1898,1,3135
68673,2013,3.2563,1,3071
68673,2014,3.3014,1,3029
68673,2015,6.7092,2,2981
68673,2016,6.7935,2,2944
68679,2010,0.6012,3,49904
68679,2011,0.3954,2,50586
68679,2012,0.3905,2,51211
68679,2013,0.3851,2,51935
68679,2014,0.1902,1,52574
68679,2015,0.1879,1,53219
68679,2016,0.1852,1,54009
68682,2010,3.867,1,2586
68682,2011,3.9432,1,2536
68682,2012,4.0161,1,2490
68682,2013,4.065,1,2460
68682,2014,4.1511,1,2409
68682,2015,4.2017,1,2380
68682,2016,4.384,1,2281
68684,2010,2.0173,1,4957
68684,2011,2.0479,1,4883
68684,2012,2.0842,1,4798
68684,2013,2.1173,1,4723
68684,2014,2.1464,1,4659
68684,2015,2.1877,1,4571
68684,2016,2.2262,1,4492
68686,2010,3.453,1,2896
68686,2011,3.4807,1,2873
68686,2012,3.5958,1,2781
68686,2013,3.655,1,2736
68686,2014,3.6969,1,2705
68686,2015,3.7608,1,2659
68686,2016,3.7793,1,2646
68689,2013,0.5932,2,33716
68689,2014,0.5979,2,33451
68689,2015,0.6015,2,33248
68689,2016,0.6042,2,33104
68705,2010,4.1946,1,2384
68705,2011,4.1615,1,2403
68705,2012,4.1789,1,2393
68705,2013,4.1929,1,2385
68705,2014,4.2159,1,2372
68705,2015,4.2391,1,2359
68705,2016,4.2265,1,2366
68720,2010,2.6674,1,3749
68720,2011,8.2237,3,3648
68720,2012,8.3149,3,3608
68720,2013,8.3799,3,3580
68720,2014,5.6529,2,3538
68720,2015,5.6915,2,3514
68720,2016,5.7954,2,3451
68745,2010,0.9985,1,10015
68745,2011,3.0105,3,9965
68745,2012,3.0169,3,9944
68745,2013,3.0318,3,9895
68745,2014,3.0358,3,9882
68745,2015,3.0389,3,9872
68745,2016,3.0352,3,9884
68755,2010,1.6915,5,29559
68755,2011,0.3352,1,29836
68755,2012,0.3324,1,30087
68755,2013,0.3298,1,30322
68755,2014,0.327,1,30578
68755,2015,0.3236,1,30901
68755,2016,0.3204,1,31208
68770,2010,3.9405,4,10151
68770,2011,4.951,5,10099
68770,2012,4.9569,5,10087
68770,2013,4.9623,5,10076
68770,2014,4.9965,5,10007
68770,2015,1.0074,1,9927
68770,2016,1.0093,1,9908
68773,2010,4.8426,4,8260
68773,2011,4.9566,4,8070
68773,2012,5.0607,4,7904
68773,2013,5.1653,4,7744
68773,2014,5.2583,4,7607
68773,2015,5.3533,4,7472
68773,2016,5.4608,4,7325
68780,2010,2.4319,1,4112
68780,2011,2.448,1,4085
68780,2012,2.4643,1,4058
68780,2013,2.4845,1,4025
68780,2014,2.4857,1,4023
68780,2015,2.4851,1,4024
68780,2016,2.4752,1,4040
68820,2010,1.4388,1,6950
68820,2011,1.43,1,6993
68820,2012,1.4251,1,7017
68820,2013,1.4231,1,7027
68820,2014,1.4184,1,7050
68820,2015,1.4162,1,7061
68820,2016,1.3974,1,7156
68855,2010,1.7519,1,5708
68855,2011,1.7376,1,5755
68855,2012,1.725,1,5797
68855,2013,1.7138,1,5835
68855,2014,1.7042,1,5868
68855,2015,1.6938,1,5904
68855,2016,1.6815,1,5947
68861,2010,0.4502,1,22211
68861,2011,0.4449,1,22479
68861,2012,0.4407,1,22690
68861,2013,0.4367,1,22898
68861,2014,0.4336,1,23065
68861,2015,0.4301,1,23252
68861,2016,0.4246,1,23554
68867,2010,4.995,1,2002
68867,2011,4.9727,1,2011
68867,2012,4.9826,1,2007
68867,2013,4.9358,1,2026
68867,2014,4.8996,1,2041
68867,2015,4.89,1,2045
68867,2016,4.8473,1,2063
68872,2010,1.3215,1,7567
68872,2011,1.3252,1,7546
68872,2012,1.3175,1,7590
68872,2013,1.3103,1,7632
68872,2014,1.3024,1,7678
68872,2015,1.2947,1,7724
68872,2016,1.2872,1,7769
70001,2010,1.1182,28,250413
70001,2011,1.105,28,253394
70001,2012,1.1314,29,256326
70001,2013,1.0799,28,259277
70001,2014,1.1442,30,262199
70001,2015,1.0935,29,265212
70001,2016,1.0796,29,268622
70110,2010,1.0496,1,9527
70110,2011,1.04,1,9615
70110,2012,1.0269,1,9738
70110,2013,1.0145,1,9857
70110,2014,1.0107,1,9894
70110,2015,1.0032,1,9968
70110,2016,0.9905,1,10096
70124,2010,0.7588,1,13178
70124,2011,0.7476,1,13376
70124,2012,0.7363,1,13582
70124,2013,0.7264,1,13766
70124,2014,0.7135,1,14016
70124,2015,0.7008,1,14270
70124,2016,0.6874,1,14547
70204,2010,1.1596,1,8624
70204,2011,1.1581,1,8635
70204,2012,1.1586,1,8631
70204,2013,1.1736,1,8521
70204,2014,1.1681,1,8561
70204,2015,1.1689,1,8555
70204,2016,1.1669,1,8570
70215,2010,2.063,13,63016
70215,2011,2.0489,13,63449
70215,2012,0.6262,4,63879
70215,2013,0.6214,4,64366
70215,2014,0.6177,4,64756
70215,2015,0.6134,4,65205
70215,2016,0.6091,4,65666
70221,2010,0.6011,1,16637
70221,2011,0.5951,1,16805
70221,2012,0.5888,1,16983
70221,2013,0.5809,1,17214
70221,2014,0.5762,1,17355
70233,2010,0.977,1,10235
70233,2011,0.9834,1,10169
70233,2012,0.9894,1,10107
70233,2013,0.9951,1,10049
70233,2014,1.0009,1,9991
70233,2015,1.0034,1,9966
70233,2016,1.0051,1,9949
70235,2010,0.5158,1,19388
70235,2011,0.5083,1,19672
70235,2012,0.5019,1,19925
70235,2013,0.494,1,20244
70235,2014,0.4861,1,20574
70235,2015,0.4809,1,20796
70235,2016,0.4728,1,21150
70265,2010,0.6372,1,15694
70265,2011,0.6279,1,15926
70265,2012,0.6198,1,16135
70265,2013,0.6133,1,16305
70265,2014,0.6038,1,16561
70265,2015,0.5945,1,16822
70265,2016,0.5865,1,17050
70400,2010,0.9107,1,10980
70400,2011,0.899,1,11124
70400,2012,0.8858,1,11289
70400,2013,0.8788,1,11379
70400,2014,0.8645,1,11567
70400,2015,0.8514,1,11745
70400,2016,0.8405,1,11898
70418,2010,0.4788,1,20885
70418,2011,0.4743,1,21085
70418,2012,0.4695,1,21301
70418,2013,0.4646,1,21526
70418,2014,0.4593,1,21771
70418,2015,0.4564,1,21911
70418,2016,0.4509,1,22178
70429,2010,0.3085,1,32417
70429,2011,0.304,1,32891
70429,2012,0.2997,1,33366
70429,2013,0.2956,1,33829
70429,2014,0.2916,1,34295
70429,2015,0.2878,1,34751
70429,2016,0.2833,1,35299
70473,2010,2.9386,4,13612
70473,2011,2.9017,4,13785
70473,2012,2.8852,4,13864
70473,2013,2.8391,4,14089
70473,2014,2.8147,4,14211
70473,2015,2.7898,4,14338
70473,2016,2.7461,4,14566
70508,2010,3.137,7,22314
70508,2011,3.5762,8,22370
70508,2012,3.5788,8,22354
70508,2013,3.5788,8,22354
70508,2014,3.5606,8,22468
70508,2015,2.6736,6,22442
70508,2016,2.6603,6,22554
70523,2010,1.7291,2,11567
70523,2011,1.6835,2,11880
70523,2012,1.6457,2,12153
70523,2013,1.6058,2,12455
70523,2014,1.5727,2,12717
70523,2015,1.5286,2,13084
70523,2016,1.4915,2,13409
70670,2010,0.7538,3,39798
70670,2011,0.7396,3,40561
70670,2012,0.7263,3,41303
70670,2013,0.7134,3,42053
70670,2014,0.7007,3,42817
70670,2015,0.6888,3,43556
70670,2016,0.6763,3,44360
70678,2010,1.4759,4,27102
70678,2011,1.4667,4,27272
70678,2012,1.458,4,27434
70678,2013,1.4526,4,27537
70678,2014,1.4452,4,27678
70678,2015,1.4352,4,27870
70678,2016,1.4255,4,28061
70702,2010,1.6276,2,12288
70702,2011,1.6152,2,12382
70702,2012,1.582,2,12642
70702,2013,1.569,2,12747
70702,2014,1.5695,2,12743
70702,2015,1.5536,2,12873
70702,2016,1.5339,2,13039
70708,2010,0.9733,5,51370
70708,2011,0.9605,5,52057
70708,2012,0.7585,4,52739
70708,2013,0.7486,4,53436
70708,2014,0.7391,4,54122
70708,2015,0.7296,4,54826
70708,2016,0.7206,4,55506
70713,2010,1.0606,5,47143
70713,2011,1.0556,5,47367
70713,2012,1.0506,5,47593
70713,2013,1.0452,5,47836
70713,2014,1.4561,7,48074
70713,2015,1.4495,7,48294
70713,2016,1.44,7,48610
70717,2010,1.6798,3,17859
70717,2012,0.5566,1,17965
70717,2013,0.5538,1,18057
70717,2014,0.5513,1,18139
70717,2015,0.5516,1,18129
70717,2016,0.5473,1,18272
70742,2010,1.6072,5,31110
70742,2011,1.6122,5,31014
70742,2012,1.6163,5,30934
70742,2013,1.624,5,30789
70742,2014,1.6273,5,30725
70742,2015,1.6327,5,30624
70742,2016,1.6339,5,30602
70771,2010,0.3776,1,26484
70771,2011,0.3731,1,26805
70771,2012,0.3683,1,27153
70771,2013,0.3638,1,27489
70771,2014,0.3605,1,27737
70771,2015,0.3556,1,28119
70771,2016,0.3508,1,28505
70820,2010,0.3196,1,31291
70820,2011,0.3179,1,31452
70820,2012,0.3165,1,31600
70820,2013,0.3148,1,31768
70820,2014,0.3133,1,31920
70820,2015,0.3113,1,32119
70820,2016,0.3109,1,32165
70823,2010,0.5209,1,19196
70823,2011,0.5145,1,19438
70823,2012,0.5085,1,19664
70823,2013,0.5025,1,19900
70823,2014,0.4982,1,20072
70823,2015,0.4923,1,20311
70823,2016,0.4853,1,20604
73001,2010,0.9871,49,496428
73001,2011,0.8787,44,500754
73001,2012,0.8517,43,504843
73001,2013,0.845,43,508870
73001,2014,0.8776,45,512749
73001,2015,0.7934,41,516759
73001,2016,0.7872,41,520856
73024,2010,6.0326,3,4973
73024,2011,6.1805,3,4854
73024,2012,6.2814,3,4776
73024,2013,6.3667,3,4712
73024,2014,6.4599,3,4644
73024,2015,4.3649,2,4582
73024,2016,4.3879,2,4558
73026,2010,1.144,1,8741
73026,2011,1.1404,1,8769
73026,2012,1.1417,1,8759
73026,2013,1.1436,1,8744
73026,2014,1.1469,1,8719
73026,2015,1.1463,1,8724
73026,2016,1.1476,1,8714
73030,2010,2.7495,2,7274
73030,2011,1.3976,1,7155
73030,2012,1.412,1,7082
73030,2013,1.4304,1,6991
73030,2014,1.4399,1,6945
73030,2015,1.4514,1,6890
73030,2016,1.4865,1,6727
73043,2010,0.9839,1,10164
73043,2011,0.9846,1,10156
73043,2012,0.9877,1,10125
73043,2013,0.9886,1,10115
73043,2014,0.99,1,10101
73043,2015,0.9939,1,10061
73043,2016,0.9913,1,10088
73055,2010,1.4793,2,13520
73055,2011,0.7459,1,13406
73055,2012,0.751,1,13315
73055,2013,0.7585,1,13184
73055,2014,0.7666,1,13045
73055,2015,0.7721,1,12952
73055,2016,0.7728,1,12940
73067,2010,1.0005,2,19990
73067,2011,1.006,2,19881
73067,2012,1.0109,2,19784
73067,2013,1.0147,2,19710
73067,2014,1.0188,2,19630
73067,2015,1.0219,2,19571
73067,2016,1.0276,2,19463
73124,2010,1.5929,3,18833
73124,2011,1.0662,2,18759
73124,2012,1.0674,2,18737
73124,2013,1.0722,2,18654
73124,2014,1.0759,2,18589
73124,2015,1.0799,2,18521
73124,2016,1.0812,2,18498
73148,2010,1.0679,1,9364
73148,2011,1.0583,1,9449
73148,2012,1.0464,1,9557
73148,2013,1.0328,1,9682
73148,2014,1.0268,1,9739
73148,2015,1.0144,1,9858
73148,2016,1.0034,1,9966
73152,2010,2.9918,2,6685
73152,2011,3.0289,2,6603
73152,2012,3.0788,2,6496
73152,2013,3.1041,2,6443
73152,2014,3.1182,2,6414
73152,2015,3.1245,2,6401
73152,2016,3.1323,2,6385
73168,2010,2.6045,13,49913
73168,2011,0.8012,4,49927
73168,2012,0.8009,4,49941
73168,2013,0.8001,4,49992
73168,2014,0.7993,4,50046
73168,2015,0.7988,4,50076
73168,2016,0.5981,3,50157
73200,2010,9.4429,8,8472
73200,2011,1.1905,1,8400
73200,2012,1.197,1,8354
73200,2013,1.2058,1,8293
73200,2014,1.2109,1,8258
73200,2015,1.2089,1,8272
73200,2016,1.2073,1,8283
73217,2010,1.269,3,23641
73217,2011,1.7028,4,23491
73217,2012,1.7121,4,23363
73217,2013,1.7192,4,23266
73217,2014,1.7244,4,23196
73217,2015,1.7383,4,23011
73217,2016,1.3111,3,22882
73226,2010,2.8714,3,10448
73226,2011,2.928,3,10246
73226,2012,2.9875,3,10042
73226,2013,3.0769,3,9750
73226,2014,3.1669,3,9473
73226,2015,3.2345,3,9275
73226,2016,3.2931,3,9110
73236,2010,1.1013,1,9080
73236,2011,1.1119,1,8994
73236,2012,1.1268,1,8875
73236,2013,1.138,1,8787
73236,2014,1.1453,1,8731
73236,2015,1.1554,1,8655
73236,2016,1.1805,1,8471
73268,2010,0.4294,3,69858
73268,2011,0.286,2,69928
73268,2012,0.2858,2,69985
73268,2013,0.2855,2,70045
73268,2014,0.2854,2,70075
73268,2015,0.2851,2,70155
73268,2016,0.5697,4,70211
73270,2010,1.1085,1,9021
73270,2011,1.1355,1,8807
73270,2012,1.16,1,8621
73270,2013,1.183,1,8453
73270,2014,1.2061,1,8291
73270,2015,1.228,1,8143
73270,2016,1.2439,1,8039
73275,2010,0.3559,1,28097
73275,2011,0.3548,1,28187
73275,2012,0.3542,1,28234
73275,2013,0.3541,1,28243
73275,2014,0.3539,1,28260
73275,2015,0.3536,1,28279
73275,2016,0.3534,1,28294
73283,2010,0.9606,3,31230
73283,2011,0.3201,1,31238
73283,2012,0.3212,1,31135
73283,2013,0.3214,1,31110
73283,2014,0.3214,1,31118
73283,2015,0.3218,1,31078
73283,2016,0.3225,1,31005
73319,2010,0.5901,2,33892
73319,2011,0.2957,1,33820
73319,2012,0.2971,1,33654
73319,2013,0.2982,1,33539
73319,2014,0.2994,1,33397
73319,2015,0.3008,1,33247
73319,2016,0.3021,1,33103
73347,2010,1.2174,1,8214
73347,2011,1.2355,1,8094
73347,2012,1.2542,1,7973
73347,2013,1.2804,1,7810
73347,2014,1.3017,1,7682
73347,2015,1.313,1,7616
73347,2016,1.3224,1,7562
73349,2010,1.141,3,26292
73349,2011,0.7668,2,26081
73349,2012,0.3865,1,25870
73349,2013,0.3899,1,25649
73349,2014,0.3928,1,25456
73349,2015,0.3956,1,25281
73349,2016,0.399,1,25060
73352,2010,0.8541,1,11708
73352,2011,0.8515,1,11744
73352,2012,0.8504,1,11759
73352,2013,0.8477,1,11796
73352,2014,0.8486,1,11784
73352,2015,0.8514,1,11745
73352,2016,0.8501,1,11764
73408,2010,1.112,2,17986
73408,2011,1.1077,2,18056
73408,2012,1.1017,2,18154
73408,2013,1.0993,2,18193
73408,2014,1.0957,2,18254
73408,2015,1.0897,2,18353
73408,2016,1.0865,2,18407
73411,2010,0.5107,2,39162
73411,2011,0.2572,1,38882
73411,2012,0.2599,1,38481
73411,2013,0.262,1,38169
73411,2014,0.2637,1,37925
73411,2015,0.2659,1,37604
73411,2016,0.2681,1,37293
73443,2010,0.5559,2,35978
73443,2011,0.2762,1,36204
73443,2012,0.2745,1,36433
73443,2013,0.273,1,36624
73443,2014,0.2715,1,36826
73443,2015,0.2702,1,37005
73443,2016,0.2684,1,37257
73449,2010,0.3008,1,33242
73449,2011,0.2971,1,33664
73449,2012,0.2936,1,34057
73449,2013,0.5803,2,34462
73449,2014,0.5741,2,34837
73449,2015,0.5663,2,35314
73449,2016,0.2798,1,35741
73461,2010,2.5667,1,3896
73461,2011,2.5523,1,3918
73461,2012,2.524,1,3962
73461,2013,2.5088,1,3986
73461,2014,2.4907,1,4015
73461,2015,2.4728,1,4044
73461,2016,2.439,1,4100
73483,2010,1.2208,2,16383
73483,2011,1.2372,2,16165
73483,2012,1.2514,2,15982
73483,2013,1.2696,2,15753
73483,2014,1.2878,2,15530
73483,2015,1.2995,2,15391
73483,2016,1.3117,2,15247
73504,2010,0.5837,2,34266
73504,2011,0.876,3,34245
73504,2012,0.8763,3,34235
73504,2013,0.8755,3,34265
73504,2014,0.8753,3,34274
73504,2015,0.8729,3,34369
73504,2016,0.5805,2,34451
73520,2010,0.8983,1,11132
73520,2011,0.9146,1,10934
73520,2012,0.9281,1,10775
73520,2013,0.9464,1,10566
73520,2014,0.9599,1,10418
73520,2015,0.9804,1,10200
73520,2016,0.9983,1,10017
73547,2010,3.0572,2,6542
73547,2011,3.0618,2,6532
73547,2012,3.0432,2,6572
73547,2013,3.0437,2,6571
73547,2014,3.0312,2,6598
73547,2015,3.0207,2,6621
73547,2016,3.0089,2,6647
73555,2010,1.1817,3,25388
73555,2011,1.1817,3,25387
73555,2012,1.1798,3,25428
73555,2013,1.1787,3,25452
73555,2014,1.1765,3,25500
73555,2015,1.1753,3,25525
73555,2016,1.1708,3,25623
73563,2010,1.1212,1,8919
73563,2011,1.1287,1,8860
73563,2012,1.1313,1,8839
73563,2013,1.1355,1,8807
73563,2014,1.1405,1,8768
73563,2015,1.146,1,8726
73563,2016,1.1621,1,8605
73585,2010,0.8308,2,24074
73585,2011,0.4174,1,23955
73585,2012,0.4186,1,23892
73585,2013,0.4203,1,23795
73585,2014,0.4217,1,23716
73585,2015,0.4229,1,23647
73585,2016,0.4237,1,23601
73616,2010,0.8542,2,23413
73616,2011,0.858,2,23310
73616,2012,0.8628,2,23179
73616,2013,0.8651,2,23119
73616,2014,0.8687,2,23022
73616,2015,0.8713,2,22954
73616,2016,4.3804,10,22829
73622,2010,1.7449,1,5731
73622,2011,1.7665,1,5661
73622,2012,1.7715,1,5645
73622,2013,1.7828,1,5609
73622,2014,1.8031,1,5546
73622,2015,1.8146,1,5511
73622,2016,1.8232,1,5485
73624,2010,0.4456,1,22442
73624,2011,0.4477,1,22337
73624,2012,0.4499,1,22229
73624,2013,0.4523,1,22109
73624,2014,0.4548,1,21989
73624,2015,0.4567,1,21897
73624,2016,0.4585,1,21808
73671,2010,0.6909,1,14474
73671,2011,0.6886,1,14523
73671,2012,0.6908,1,14477
73671,2013,0.6918,1,14456
73671,2014,0.6943,1,14403
73671,2015,0.6939,1,14412
73671,2016,0.689,1,14513
73675,2010,1.3982,2,14304
73675,2011,1.4177,2,14107
73675,2012,1.437,2,13918
73675,2013,1.4545,2,13750
73675,2014,1.4725,2,13582
73675,2015,1.495,2,13378
73675,2016,1.5192,2,13165
73678,2010,1.4418,2,13872
73678,2011,1.4465,2,13826
73678,2012,1.4517,2,13777
73678,2013,1.4549,2,13747
73678,2014,1.4588,2,13710
73678,2015,1.4685,2,13619
73678,2016,1.4732,2,13576
73686,2010,1.6258,1,6151
73686,2011,1.6337,1,6121
73686,2012,1.6504,1,6059
73686,2013,1.6689,1,5992
73686,2014,1.6818,1,5946
73686,2015,1.7074,1,5857
73686,2016,1.7235,1,5802
73770,2010,2.5132,1,3979
73770,2011,2.5471,1,3926
73770,2012,2.5484,1,3924
73770,2013,2.5641,1,3900
73770,2014,2.5707,1,3890
73770,2015,2.592,1,3858
73770,2016,2.6082,1,3834
73854,2010,1.7966,1,5566
73854,2011,1.8142,1,5512
73854,2012,1.8355,1,5448
73854,2013,1.8553,1,5390
73854,2014,1.8546,1,5392
73854,2015,1.8553,1,5390
73854,2016,1.8598,1,5377
73861,2010,0.7323,1,13656
73861,2011,0.7415,1,13486
73861,2012,0.745,1,13422
73861,2013,0.7508,1,13319
73861,2014,0.7546,1,13252
73861,2015,0.7632,1,13102
73861,2016,0.768,1,13020
73870,2010,0.9805,1,10199
73870,2011,0.992,1,10081
73870,2012,1.0036,1,9964
73870,2013,1.0129,1,9873
73870,2014,1.0263,1,9744
73870,2015,1.0459,1,9561
73870,2016,1.0555,1,9474
73873,2010,1.6194,1,6175
73873,2011,1.6545,1,6044
73873,2012,1.6886,1,5922
73873,2013,1.7355,1,5762
73873,2014,1.7918,1,5581
73873,2015,1.8447,1,5421
73873,2016,1.8815,1,5315
76001,2010,0.5684,122,2146535
76001,2011,0.5749,124,2156926
76001,2012,0.5587,121,2165625
76001,2013,0.5616,122,2172204
76001,2014,0.5599,122,2178842
76001,2015,0.5259,115,2186576
76001,2016,0.51,112,2195915
76020,2010,0.6856,1,14585
76020,2011,0.6899,1,14495
76020,2012,0.6942,1,14405
76020,2013,0.6964,1,14360
76020,2014,0.7012,1,14261
76020,2015,0.7053,1,14179
76020,2016,0.7062,1,14161
76036,2010,2.259,5,22134
76036,2011,2.2591,5,22133
76036,2012,2.2538,5,22185
76036,2013,2.2529,5,22194
76036,2014,2.2523,5,22200
76036,2015,2.6961,6,22254
76036,2016,2.6913,6,22294
76041,2010,1.0785,2,18544
76041,2011,1.0851,2,18431
76041,2012,1.0937,2,18287
76041,2013,1.1022,2,18145
76041,2014,0.5573,1,17945
76041,2015,0.5618,1,17801
76041,2016,0.5662,1,17662
76054,2010,9.3211,6,6437
76054,2011,9.4877,6,6324
76054,2012,9.7482,6,6155
76054,2013,10.0017,6,5999
76054,2014,10.2319,6,5864
76054,2015,10.5485,6,5688
76054,2016,10.7836,6,5564
76100,2010,6.4935,11,16940
76100,2011,6.5422,11,16814
76100,2012,6.5892,11,16694
76100,2013,6.6461,11,16551
76100,2014,6.6906,11,16441
76100,2015,6.1702,10,16207
76100,2016,6.2046,10,16117
76109,2010,0.743,22,296080
76109,2011,0.8401,25,297593
76109,2012,0.8029,24,298906
76109,2013,0.8003,24,299904
76109,2014,0.7976,24,300895
76109,2015,0.6951,21,302099
76109,2016,0.7578,23,303516
76111,2010,0.6316,8,126669
76111,2011,0.6312,8,126742
76111,2012,0.6309,8,126800
76111,2013,0.7894,10,126678
76111,2014,0.8692,11,126557
76111,2015,0.7906,10,126493
76111,2016,0.8689,11,126591
76113,2010,6.4205,16,24920
76113,2011,6.4407,16,24842
76113,2012,6.4633,16,24755
76113,2013,6.4967,16,24628
76113,2014,6.5269,16,24514
76113,2015,6.5445,16,24448
76113,2016,6.5703,16,24352
76122,2010,3.221,10,31046
76122,2011,3.2503,10,30766
76122,2012,3.282,10,30469
76122,2013,3.6488,11,30147
76122,2014,3.6893,11,29816
76122,2015,3.7253,11,29528
76122,2016,3.7636,11,29227
76126,2010,4.1227,7,16979
76126,2011,4.0945,7,17096
76126,2012,4.0627,7,17230
76126,2013,4.0346,7,17350
76126,2014,0.5713,1,17504
76126,2015,0.5674,1,17623
76126,2016,0.5628,1,17767
76130,2010,1.4479,12,82881
76130,2011,1.4292,12,83964
76130,2012,1.4114,12,85024
76130,2013,1.3952,12,86012
76130,2014,1.3798,12,86968
76130,2015,1.3634,12,88018
76130,2016,1.3463,12,89130
76147,2010,0.817,11,134635
76147,2011,0.8161,11,134788
76147,2012,0.89,12,134829
76147,2013,0.8905,12,134754
76147,2014,0.891,12,134684
76147,2015,0.8912,12,134645
76147,2016,0.8163,11,134759
76233,2010,6.1418,28,45589
76233,2011,1.0884,5,45937
76233,2012,1.0796,5,46315
76233,2013,1.0725,5,46622
76233,2014,1.0676,5,46833
76233,2015,1.0634,5,47017
76233,2016,1.0543,5,47427
76243,2010,1.9547,2,10232
76243,2011,1.982,2,10091
76243,2012,2.0208,2,9897
76243,2013,2.0665,2,9678
76243,2014,2.1104,2,9477
76243,2015,1.076,1,9294
76243,2016,1.0897,1,9177
76246,2010,5.9602,5,8389
76246,2011,6.1185,5,8172
76246,2012,6.257,5,7991
76246,2013,6.393,5,7821
76246,2014,6.5755,5,7604
76246,2015,6.7641,5,7392
76246,2016,6.994,5,7149
76248,2010,1.9876,11,55344
76248,2011,1.9827,11,55481
76248,2012,1.9793,11,55575
76248,2013,1.9774,11,55629
76248,2014,1.9764,11,55656
76248,2015,1.974,11,55725
76248,2016,1.9686,11,55876
76250,2010,0.9677,1,10334
76250,2011,0.9828,1,10175
76250,2012,1.0018,1,9982
76250,2013,1.0254,1,9752
76250,2014,1.0429,1,9589
76250,2015,1.0679,1,9364
76250,2016,1.0924,1,9154
76275,2010,0.3568,2,56056
76275,2011,0.3558,2,56210
76275,2012,0.3551,2,56328
76275,2013,0.3547,2,56382
76275,2014,0.3544,2,56435
76275,2015,0.3538,2,56530
76275,2016,0.3527,2,56713
76306,2010,0.4639,1,21556
76306,2011,0.4606,1,21709
76306,2012,0.4579,1,21841
76306,2013,0.4553,1,21963
76306,2014,0.4528,1,22083
76306,2015,0.4507,1,22189
76306,2016,0.4468,1,22381
76318,2010,1.2231,4,32704
76318,2011,1.2213,4,32753
76318,2012,1.2216,4,32745
76318,2013,3.9669,13,32771
76318,2014,3.9638,13,32797
76318,2015,1.524,5,32808
76318,2016,1.5226,5,32838
76364,2010,0.1459,2,137115
76364,2011,0.1428,2,140066
76364,2012,0.14,2,142873
76364,2013,0.1374,2,145527
76364,2014,0.135,2,148122
76364,2015,0.1326,2,150777
76364,2016,0.1303,2,153525
76377,2010,0.6488,1,15412
76377,2011,0.6442,1,15523
76377,2012,0.6389,1,15653
76377,2013,0.6361,1,15720
76377,2014,0.6361,1,15721
76377,2015,0.6314,1,15837
76377,2016,0.6267,1,15957
76400,2010,0.3083,1,32439
76400,2011,0.3063,1,32649
76400,2012,0.305,1,32790
76400,2013,0.3033,1,32972
76400,2014,0.3021,1,33107
76400,2015,0.3008,1,33245
76400,2016,0.2993,1,33412
76403,2010,0.7352,1,13601
76403,2011,0.747,1,13386
76403,2012,1.5158,2,13194
76403,2013,1.5437,2,12956
76403,2014,1.5654,2,12776
76403,2015,1.5764,2,12687
76403,2016,1.6119,2,12408
76497,2010,1.4706,2,13600
76497,2011,2.9786,4,13429
76497,2012,3.018,4,13254
76497,2013,3.06,4,13072
76497,2014,3.096,4,12920
76497,2015,3.1287,4,12785
76497,2016,3.1847,4,12560
76520,2010,1.1952,40,334667
76520,2011,1.1292,38,336520
76520,2012,1.0943,37,338121
76520,2013,1.0607,36,339398
76520,2014,1.0274,35,340670
76520,2015,1.0232,35,342079
76520,2016,1.0179,35,343835
76563,2010,0.641,3,46805
76563,2011,0.6395,3,46914
76563,2012,0.6386,3,46976
76563,2013,0.6377,3,47047
76563,2014,0.6375,3,47062
76563,2015,0.4246,2,47105
76563,2016,0.2119,1,47181
76606,2010,0.6554,1,15258
76606,2011,0.6524,1,15329
76606,2012,0.6542,1,15287
76606,2013,0.6551,1,15264
76606,2014,0.6551,1,15266
76606,2015,0.6558,1,15248
76606,2016,0.6542,1,15286
76616,2010,0.6177,1,16189
76616,2011,0.6218,1,16082
76616,2012,0.6247,1,16008
76616,2013,0.6277,1,15930
76616,2014,0.6324,1,15814
76616,2015,0.6356,1,15734
76616,2016,1.2809,2,15614
76622,2010,6.9849,26,37223
76622,2011,6.9938,26,37176
76622,2012,7.0079,26,37101
76622,2013,7.0301,26,36984
76622,2014,7.048,26,36890
76622,2015,5.98,22,36789
76622,2016,5.987,22,36746
76670,2010,2.4612,4,16252
76670,2011,2.4493,4,16331
76670,2012,2.4353,4,16425
76670,2013,2.4188,4,16537
76670,2014,2.4184,4,16540
76670,2015,0.5986,1,16705
76670,2016,0.6011,1,16637
76736,2010,0.8491,4,47107
76736,2011,0.861,4,46456
76736,2012,0.8733,4,45801
76736,2013,0.8871,4,45091
76736,2014,0.9007,4,44408
76736,2015,0.6857,3,43753
76736,2016,0.4638,2,43119
76823,2010,0.6425,1,15565
76823,2011,0.6498,1,15389
76823,2012,0.6529,1,15317
76823,2013,0.66,1,15151
76823,2014,0.6671,1,14991
76823,2015,0.6724,1,14871
76823,2016,0.6779,1,14751
76828,2010,0.4973,1,20110
76828,2011,0.501,1,19960
76828,2012,0.5045,1,19821
76828,2013,0.5084,1,19671
76828,2014,0.512,1,19531
76828,2015,0.5147,1,19430
76828,2016,0.5191,1,19264
76834,2010,0.397,8,201504
76834,2011,0.5419,11,202988
76834,2012,0.6364,13,204279
76834,2013,0.9253,19,205344
76834,2014,1.0661,22,206352
76834,2015,0.9639,20,207485
76834,2016,0.9576,20,208855
76845,2010,1.7343,1,5766
76845,2011,1.7403,1,5746
76845,2012,1.7525,1,5706
76845,2013,1.7784,1,5623
76845,2014,1.8002,1,5555
76845,2015,1.8025,1,5548
76845,2016,1.81,1,5525
76863,2010,1.1553,1,8656
76863,2011,1.1773,1,8494
76863,2012,1.205,1,8299
76863,2013,1.2261,1,8156
76863,2014,1.2552,1,7967
76863,2015,1.2972,1,7709
76863,2016,1.3296,1,7521
76869,2010,1.6433,2,12171
76869,2011,1.6309,2,12263
76869,2012,1.6252,2,12306
76869,2013,1.6181,2,12360
76869,2014,1.609,2,12430
76869,2015,1.5976,2,12519
76869,2016,1.5967,2,12526
76890,2010,9.5015,15,15787
76890,2011,9.4584,15,15859
76890,2012,9.4769,15,15828
76890,2013,9.4751,15,15831
76890,2014,9.4673,15,15844
76890,2015,3.7625,6,15947
76890,2016,3.7805,6,15871
76892,2010,1.3148,13,98874
76892,2011,1.3005,13,99964
76892,2012,1.1885,12,100971
76892,2013,1.1785,12,101828
76892,2014,1.1681,12,102729
76892,2015,0.8682,9,103665
76892,2016,0.8598,9,104677
76895,2010,1.7048,7,41061
76895,2011,1.7005,7,41165
76895,2012,1.6974,7,41240
76895,2013,1.695,7,41298
76895,2014,1.6925,7,41358
76895,2015,1.6909,7,41398
76895,2016,1.6856,7,41529
81001,2010,1.3334,10,74997
81001,2011,1.191,9,75564
81001,2012,1.4452,11,76116
81001,2013,1.823,14,76798
81001,2014,1.8051,14,77560
81001,2015,1.4024,11,78436
81001,2016,1.3779,11,79833
81065,2010,2.6174,11,42027
81065,2011,2.5856,11,42544
81065,2012,2.7849,12,43090
81065,2013,2.5168,11,43706
81065,2014,2.4803,11,44350
81065,2015,1.9978,9,45049
81065,2016,1.9529,9,46085
81220,2010,2.4021,1,4163
81220,2011,2.4456,1,4089
81220,2012,2.4631,1,4060
81220,2013,2.4963,1,4006
81220,2014,2.5595,1,3907
81220,2015,2.594,1,3855
81220,2016,2.6021,1,3843
81300,2010,3.9857,6,15054
81300,2011,3.9004,6,15383
81300,2012,4.4484,7,15736
81300,2013,4.3549,7,16074
81300,2014,4.26,7,16432
81300,2015,3.5676,6,16818
81300,2016,3.4676,6,17303
81591,2010,2.4913,1,4014
81591,2011,2.4691,1,4050
81591,2012,2.448,1,4085
81591,2013,2.4486,1,4084
81591,2014,2.4734,1,4043
81591,2015,2.46,1,4065
81591,2016,2.4384,1,4101
81736,2010,0.595,3,50419
81736,2011,0.5937,3,50532
81736,2012,0.7894,4,50670
81736,2013,1.9653,10,50884
81736,2014,1.9542,10,51172
81736,2015,1.7463,9,51538
81736,2016,1.5312,8,52248
81794,2010,2.9071,11,37839
81794,2011,2.8806,11,38187
81794,2012,3.1121,12,38559
81794,2013,3.3353,13,38977
81794,2014,3.2939,13,39467
81794,2015,2.9992,12,40011
81794,2016,2.9417,12,40793
85001,2010,0.9184,13,141548
85001,2011,0.8978,13,144801
85001,2012,1.0135,15,148007
85001,2013,0.992,15,151210
85001,2014,0.6481,10,154298
85001,2015,0.5082,8,157417
85001,2016,0.5599,9,160747
85010,2010,0.6185,2,32335
85010,2011,0.6079,2,32901
85010,2012,0.5982,2,33434
85010,2013,0.5889,2,33961
85010,2014,0.58,2,34482
85010,2015,0.5716,2,34991
85010,2016,0.5629,2,35532
85015,2010,4.1169,1,2429
85015,2011,4.1806,1,2392
85015,2012,4.09,1,2445
85015,2013,4.0453,1,2472
85015,2014,4.0552,1,2466
85015,2015,4.09,1,2445
85015,2016,3.9479,1,2533
85125,2010,0.8897,1,11240
85125,2011,0.8785,1,11383
85125,2012,0.8692,1,11505
85125,2013,0.8603,1,11624
85125,2014,0.8516,1,11742
85125,2015,1.6855,2,11866
85125,2016,1.6632,2,12025
85136,2010,7.6161,1,1313
85136,2011,7.446,1,1343
85136,2012,7.446,1,1343
85136,2013,7.1994,1,1389
85136,2014,7.0323,1,1422
85136,2015,7.0922,1,1410
85136,2016,7.1023,1,1408
85139,2010,0.6556,1,15253
85139,2011,0.6455,1,15492
85139,2012,0.6352,1,15743
85139,2013,0.6272,1,15943
85139,2014,0.6172,1,16202
85139,2015,0.6105,1,16379
85139,2016,0.5996,1,16679
85162,2010,0.6573,1,15213
85162,2011,0.6444,1,15518
85162,2012,0.6343,1,15766
85162,2013,0.6234,1,16040
85162,2014,0.6131,1,16311
85162,2015,0.6023,1,16604
85162,2016,0.5929,1,16867
85225,2010,2.5304,2,7904
85225,2011,2.4938,2,8020
85225,2012,1.2306,1,8126
85225,2013,1.2109,1,8258
85225,2014,1.2032,1,8311
85225,2015,1.1913,1,8394
85225,2016,1.1688,1,8556
85230,2010,1.9741,2,10131
85230,2011,1.9246,2,10392
85230,2012,0.9371,1,10671
85230,2013,0.9165,1,10911
85230,2014,0.8941,1,11184
85230,2015,0.8727,1,11459
85230,2016,0.8537,1,11714
85250,2010,0.3189,1,31359
85250,2011,0.3131,1,31940
85250,2012,0.3076,1,32512
85250,2013,0.3023,1,33080
85250,2014,0.2969,1,33685
85250,2015,0.2923,1,34214
85250,2016,0.2874,1,34790
85263,2010,0.9437,1,10597
85263,2011,0.9292,1,10762
85263,2012,0.9162,1,10915
85263,2013,0.9006,1,11104
85263,2014,0.8885,1,11255
85263,2015,0.8757,1,11420
85263,2016,0.8648,1,11563
85279,2010,5.685,1,1759
85279,2011,5.7737,1,1732
85279,2012,5.7837,1,1729
85279,2013,6.105,1,1638
85279,2014,5.9773,1,1673
85279,2015,5.8275,1,1716
85279,2016,5.8377,1,1713
85300,2010,2.9257,1,3418
85300,2011,2.8927,1,3457
85300,2012,2.8843,1,3467
85300,2013,2.8868,1,3464
85300,2014,2.8637,1,3492
85300,2015,2.8531,1,3505
85300,2016,2.8337,1,3529
85315,2010,5.5371,1,1806
85315,2011,5.4083,1,1849
85315,2012,5.3908,1,1855
85315,2013,5.3533,1,1868
85315,2014,5.2938,1,1889
85315,2015,5.0201,1,1992
85315,2016,4.9505,1,2020
85325,2010,1.3041,1,7668
85325,2011,1.2865,1,7773
85325,2012,1.2695,1,7877
85325,2013,1.2555,1,7965
85325,2014,1.2393,1,8069
85325,2015,1.2288,1,8138
85325,2016,1.2201,1,8196
85400,2010,1.4843,1,6737
85400,2011,1.4815,1,6750
85400,2012,1.4762,1,6774
85400,2013,1.4715,1,6796
85400,2014,1.4791,1,6761
85400,2015,1.4665,1,6819
85400,2016,1.4728,1,6790
85410,2010,3.5629,7,19647
85410,2011,3.4817,7,20105
85410,2012,0.972,2,20577
85410,2013,0.9497,2,21060
85410,2014,0.9305,2,21493
85410,2015,0.9117,2,21937
85410,2016,0.8928,2,22402
85430,2010,0.8682,1,11518
85430,2011,0.8528,1,11726
85430,2012,0.8392,1,11916
85430,2013,0.8249,1,12122
85430,2014,0.8113,1,12326
85430,2015,0.7988,1,12518
85430,2016,1.5651,2,12779
85440,2010,0.3339,1,29949
85440,2011,0.3271,1,30576
85440,2012,0.3204,1,31210
85440,2013,0.3142,1,31830
85440,2014,0.3082,1,32450
85440,2015,0.3022,1,33096
85440,2016,0.2966,1,33711
86001,2010,3.0744,14,45538
86001,2011,2.9856,14,46891
86001,2012,2.6974,13,48194
86001,2013,2.6263,13,49499
86001,2014,2.167,11,50761
86001,2015,2.1122,11,52078
86001,2016,1.1223,6,53461
86219,2010,6.3479,3,4726
86219,2011,6.2022,3,4837
86219,2012,4.0775,2,4905
86219,2013,4.0282,2,4965
86219,2014,3.9698,2,5038
86219,2015,3.8941,2,5136
86219,2016,3.8336,2,5217
86320,2010,0.311,1,32155
86320,2011,0.3045,1,32839
86320,2012,0.2982,1,33538
86320,2013,0.2924,1,34204
86320,2014,0.287,1,34847
86320,2015,0.2815,1,35524
86320,2016,0.2761,1,36224
86568,2010,3.9664,22,55466
86568,2011,3.8847,22,56632
86568,2012,3.8085,22,57765
86568,2013,0.8493,5,58869
86568,2014,1.5012,9,59952
86568,2015,1.4734,9,61084
86568,2016,1.445,9,62285
86569,2010,4.1967,6,14297
86569,2011,4.1189,6,14567
86569,2012,4.0483,6,14821
86569,2013,3.9936,6,15024
86569,2014,3.9391,6,15232
86569,2015,3.8916,6,15418
86569,2016,1.9236,3,15596
86571,2010,0.3411,1,29320
86571,2011,0.3323,1,30091
86571,2012,0.3247,1,30795
86571,2013,0.3173,1,31517
86571,2014,0.3107,1,32186
86571,2015,0.6076,2,32915
86571,2016,0.297,1,33666
86573,2010,0.8381,2,23863
86573,2011,2.4583,6,24407
86573,2012,2.4037,6,24961
86573,2013,2.3507,6,25524
86573,2014,2.3044,6,26037
86573,2015,1.8796,5,26602
86573,2016,1.8403,5,27169
86749,2010,2.305,3,13015
86749,2011,2.2633,3,13255
86749,2012,2.2216,3,13504
86749,2013,2.1888,3,13706
86749,2014,2.1505,3,13950
86749,2015,1.4039,2,14246
86749,2016,1.3904,2,14384
86755,2010,3.78,2,5291
86755,2011,3.7736,2,5300
86755,2012,3.7502,2,5333
86755,2013,3.7411,2,5346
86755,2014,3.6989,2,5407
86755,2015,3.6664,2,5455
86755,2016,3.6344,2,5503
86757,2010,1.2425,2,16097
86757,2011,1.2179,2,16422
86757,2012,1.1967,2,16713
86757,2013,1.1723,2,17060
86757,2014,1.147,2,17437
86757,2015,1.1299,2,17700
86757,2016,1.1086,2,18041
86760,2010,3.1671,2,6315
86760,2011,4.6584,3,6440
86760,2012,4.5774,3,6554
86760,2013,4.4978,3,6670
86760,2014,4.4267,3,6777
86760,2015,2.9112,2,6870
86760,2016,2.8616,2,6989
86865,2010,1.9571,6,30657
86865,2011,1.9323,6,31051
86865,2012,1.9142,6,31345
86865,2013,1.8948,6,31666
86865,2014,1.8772,6,31962
86865,2015,2.1695,7,32266
86865,2016,2.1434,7,32658
86885,2010,1.4382,3,20860
86885,2011,1.4153,3,21197
86885,2012,1.389,3,21599
86885,2013,1.3704,3,21891
86885,2014,1.3475,3,22264
86885,2015,1.3297,3,22562
86885,2016,1.3067,3,22959
88001,2010,0.7173,4,55761
88001,2011,0.7186,4,55663
88001,2012,0.1799,1,55595
88001,2013,0.18,1,55541
88001,2014,0.1802,1,55508
88001,2015,0.1805,1,55407
88001,2016,0.1809,1,55283
88564,2010,1.6595,1,6026
88564,2011,1.6534,1,6048
88564,2014,1.6793,1,5955
88564,2015,1.6669,1,5999
91001,2010,0.9754,4,41009
91001,2011,0.9542,4,41918
91001,2012,0.7008,3,42806
91001,2013,0.6868,3,43683
91001,2014,0.4489,2,44557
91001,2015,0.4404,2,45414
91001,2016,0.432,2,46301
91263,2010,3.873,1,2582
91263,2011,3.9635,1,2523
91263,2012,4.0584,1,2464
91263,2013,4.1736,1,2396
91263,2014,4.3328,1,2308
91263,2015,4.4267,1,2259
91263,2016,4.5434,1,2201
91405,2010,3.6955,1,2706
91405,2011,3.6536,1,2737
91405,2012,3.614,1,2767
91405,2013,3.5676,1,2803
91405,2014,3.5286,1,2834
91405,2015,3.5249,1,2837
91405,2016,3.4698,1,2882
91407,2010,3.2927,1,3037
91407,2011,3.1766,1,3148
91407,2012,3.1008,1,3225
91407,2013,3.0084,1,3324
91407,2014,2.93,1,3413
91407,2015,2.8441,1,3516
91407,2016,2.7855,1,3590
91430,2011,14.0449,1,712
91430,2012,14.7059,1,680
91430,2013,14.8588,1,673
91430,2014,15.2207,1,657
91430,2015,15.456,1,647
91430,2016,15.5039,1,645
91460,2010,5.8173,1,1719
91460,2011,5.7471,1,1740
91460,2012,5.6818,1,1760
91460,2013,5.6465,1,1771
91460,2014,5.596,1,1787
91460,2015,5.5556,1,1800
91460,2016,5.571,1,1795
91530,2010,11.919,1,839
91530,2011,11.9904,1,834
91530,2012,12.1359,1,824
91530,2013,12.5156,1,799
91530,2014,13.0039,1,769
91530,2015,13.1926,1,758
91530,2016,13.369,1,748
91536,2010,9.5969,1,1042
91536,2011,9.542,1,1048
91536,2012,9.6618,1,1035
91536,2013,9.7752,1,1023
91536,2014,9.9305,1,1007
91536,2015,9.98,1,1002
91536,2016,9.9701,1,1003
91540,2010,1.2885,1,7761
91540,2011,1.2478,1,8014
91540,2012,1.2055,1,8295
91540,2013,1.1692,1,8553
91540,2014,1.1315,1,8838
91540,2015,1.1002,1,9089
91540,2016,1.0738,1,9313
91669,2010,6.8823,1,1453
91669,2011,6.6934,1,1494
91669,2012,6.5189,1,1534
91669,2013,6.3816,1,1567
91669,2014,6.2933,1,1589
91669,2015,6.1425,1,1628
91669,2016,5.9916,1,1669
91798,2010,3.2216,1,3104
91798,2011,3.1319,1,3193
91798,2012,3.0386,1,3291
91798,2013,2.9753,1,3361
91798,2014,2.8935,1,3456
91798,2015,2.8289,1,3535
91798,2016,2.745,1,3643
94001,2010,1.2433,3,24130
94001,2011,1.2019,3,24960
94001,2012,1.1636,3,25783
94001,2013,0.3755,1,26633
94001,2014,0.3637,1,27494
94001,2015,0.3526,1,28364
94343,2011,1.6694,1,5990
94343,2012,1.5972,1,6261
94343,2013,1.5286,1,6542
94343,2014,1.4693,1,6806
94343,2015,1.412,1,7082
94883,2011,7.7399,1,1292
94883,2012,7.4906,1,1335
94883,2013,7.1839,1,1392
94883,2014,6.93,1,1443
94883,2015,6.7522,1,1481
94884,2011,6.6138,1,1512
94884,2012,6.4433,1,1552
94884,2013,6.2578,1,1598
95001,2010,3.7434,18,48085
95001,2011,3.5262,17,48211
95001,2012,1.8584,9,48428
95001,2013,1.4354,7,48767
95001,2014,1.6238,8,49268
95001,2015,1.6053,8,49835
95001,2016,1.5808,8,50608
95015,2010,1.2522,1,7986
95015,2011,1.2309,1,8124
95015,2012,1.2136,1,8240
95015,2013,1.1875,1,8421
95015,2014,1.1655,1,8580
95015,2015,1.1432,1,8747
95015,2016,1.1141,1,8976
95025,2010,3.6377,4,10996
95025,2011,2.6812,3,11189
95025,2012,2.6171,3,11463
95025,2013,2.5624,3,11708
95025,2014,2.5046,3,11978
95025,2015,2.4229,3,12382
95025,2016,2.3533,3,12748
95200,2010,1.6321,1,6127
95200,2011,1.6319,1,6128
95200,2012,1.626,1,6150
95200,2013,1.6139,1,6196
95200,2014,1.5936,1,6275
95200,2015,1.5713,1,6364
95200,2016,1.547,1,6464
97001,2010,0.4325,1,23121
97001,2011,0.4161,1,24035
97001,2012,0.401,1,24936
97001,2013,0.3882,1,25763
97001,2014,0.3753,1,26642
97001,2015,0.3641,1,27463
97001,2016,0.353,1,28325
97161,2010,4.3309,1,2309
97161,2011,4.1563,1,2406
97161,2012,4.0535,1,2467
97161,2013,3.867,1,2586
97161,2014,3.7707,1,2652
97161,2015,3.69,1,2710
97161,2016,3.6127,1,2768
97666,2010,5.872,1,1703
97666,2011,5.5991,1,1786
97666,2012,5.3505,1,1869
97666,2013,5.2165,1,1917
97666,2014,5.0968,1,1962
97666,2015,4.8804,1,2049
97666,2016,4.7985,1,2084
99001,2010,3.0415,6,19727
99001,2011,3.5151,7,19914
99001,2012,3.4918,7,20047
99001,2013,3.4764,7,20136
99001,2014,3.4505,7,20287
99001,2015,2.9413,6,20399
99001,2016,2.9193,6,20553
99524,2010,4.3697,4,9154
99524,2011,5.3746,5,9303
99524,2012,5.3045,5,9426
99524,2013,4.1736,4,9584
99524,2014,5.1722,5,9667
99524,2015,4.1005,4,9755
99524,2016,2.0278,2,9863
99624,2010,8.3056,3,3612
99624,2011,10.9379,4,3657
99624,2012,8.0797,3,3713
99624,2013,5.3107,2,3766
99624,2014,5.2138,2,3836
99624,2015,5.1073,2,3916
99624,2016,2.5368,1,3942
99773,2010,2.9919,17,56821
99773,2011,3.2353,19,58728
99773,2012,2.8024,17,60663
99773,2013,1.4384,9,62571
99773,2014,1.0863,7,64438
99773,2015,1.2062,8,66322
99773,2016,0.5856,4,68305
